subject,eval_index,nsd_image_id,prior0_image_rank,prior_low_image_rank,image_rank_delta_prior_low_minus_prior0,prior0_brain_rank,prior_low_brain_rank,brain_rank_delta_prior_low_minus_prior0,image_score_delta_prior_low_minus_prior0,brain_score_delta_prior_low_minus_prior0,flat_norm_delta_prior_low_minus_prior0,mean_token_norm_delta_prior_low_minus_prior0,brain_margin_hardest_delta_prior_low_minus_prior0,image_margin_hardest_delta_prior_low_minus_prior0,brain_margin_top5_delta_prior_low_minus_prior0,image_margin_top5_delta_prior_low_minus_prior0,blurry_pixcorr_prior0,blurry_pixcorr_prior_low,blurry_pixcorr_delta_prior_low_minus_prior0,recons_pixcorr_prior0,recons_pixcorr_prior_low,recons_pixcorr_delta_prior_low_minus_prior0,enhanced_pixcorr_prior0,enhanced_pixcorr_prior_low,enhanced_pixcorr_delta_prior_low_minus_prior0,enhanced_evalmix_pixcorr_prior0,enhanced_evalmix_pixcorr_prior_low,enhanced_evalmix_pixcorr_delta_prior_low_minus_prior0
7,0,2950,22.0,281.0,259.0,27.0,65.0,38.0,0.020240102,0.020240102,11.965485,1.3666801,0.0049782023,-0.023775063,0.0041730255,-0.021942142,-0.120829135,-0.010825433,0.1100037,0.14809865,0.18767613,0.039577484,0.14239351,0.17849359,0.036100075,0.12977234,0.17651848,0.04674615
7,1,2990,125.0,182.0,57.0,98.0,70.0,-28.0,0.034201864,0.034201864,5.161194,1.0571327,0.010125902,-0.016153846,0.008856457,-0.011171591,0.15018399,0.2794002,0.12921621,-0.0064025824,-0.028768463,-0.022365881,-0.0071899556,-0.029700343,-0.022510387,0.003895617,-0.00019622703,-0.004091844
7,2,3049,4.0,53.0,49.0,20.0,22.0,2.0,0.025252245,0.025252245,-48.226654,-1.6459064,0.008877628,-0.015011981,0.0041782334,-0.013739057,-0.27775908,-0.4305191,-0.15276003,-0.051374365,-0.065892205,-0.01451784,-0.01552418,-0.052581005,-0.037056826,-0.056396045,-0.10298035,-0.04658431
7,3,3077,1.0,38.0,37.0,1.0,1.0,0.0,0.016544767,0.016544767,-54.671173,-1.349081,-0.005992513,-0.027866628,-0.006309688,-0.023047123,-0.12434707,-0.28594455,-0.16159749,-0.0029031557,-0.087856814,-0.08495366,0.0010957093,-0.09639212,-0.09748783,-0.016522862,-0.1310903,-0.11456744
7,4,3146,1.0,26.0,25.0,6.0,2.0,-4.0,0.026304167,0.026304167,-18.973358,-0.15242958,0.0059833825,-0.024742909,0.0034901164,-0.016959105,0.5997562,0.57617193,-0.023584247,0.48718655,0.48703483,-0.00015172362,0.50407934,0.5219443,0.017864943,0.5330116,0.5472862,0.014274597
7,5,3157,4.0,137.0,133.0,1.0,2.0,1.0,0.0060639344,0.0060639344,-29.327942,-1.186943,-0.0039344765,-0.027372677,-0.0073478334,-0.02669968,0.63011765,0.5678541,-0.06226355,0.35137373,0.20430207,-0.14707166,0.39418226,0.24016035,-0.15402192,0.4620917,0.30804095,-0.15405077
7,6,3164,2.0,67.0,65.0,1.0,8.0,7.0,0.013343424,0.013343424,-14.672058,0.18053436,-0.00800702,-0.020564191,-0.010995805,-0.022540852,0.47729185,0.4013087,-0.07598317,0.17157482,0.20603482,0.03446001,0.17513922,0.21477856,0.03963934,0.22203146,0.2471706,0.025139138
7,7,3171,6.0,514.0,508.0,4.0,14.0,10.0,-0.0006326847,-0.0006326847,16.587128,1.4626999,-0.0024612993,-0.037058596,-0.004194729,-0.038163852,0.50424355,0.30291483,-0.20132872,0.17581935,-0.014736194,-0.19055554,0.21903571,-0.010358816,-0.22939453,0.27461362,0.016357478,-0.25825614
7,8,3181,2.0,7.0,5.0,4.0,1.0,-3.0,0.032553308,0.032553308,-32.144714,-0.9541149,0.0025844425,-0.009988274,0.00092131644,-0.009648636,0.11154934,0.06265148,-0.048897862,0.12573127,0.018889325,-0.10684195,0.12882292,0.02812031,-0.10070261,0.13375536,0.0355568,-0.098198555
7,9,3386,2.0,52.0,50.0,1.0,12.0,11.0,0.017084207,0.017084207,-23.807678,-0.03378296,-0.007841326,-0.018923495,-0.00823734,-0.01681985,-0.044129673,-0.10121709,-0.057087418,0.039672658,-0.012263037,-0.051935695,0.0753527,0.005866877,-0.06948582,0.055843093,-0.010791467,-0.06663456
7,10,3434,7.0,212.0,205.0,1.0,1.0,0.0,0.009123627,0.009123627,-26.815521,-0.68382835,-0.0018770732,-0.027272925,-0.0020883419,-0.025262222,0.5263201,0.5446755,0.01835543,0.06821035,0.06540223,-0.0028081164,0.067115776,0.07137743,0.00426165,0.15182003,0.14293323,-0.008886799
7,11,3449,1.0,2.0,1.0,2.0,1.0,-1.0,0.03065763,0.03065763,-28.384949,-0.30717278,0.009442028,-0.006300181,0.00020258129,-0.00590118,0.5962125,0.66360414,0.067391634,-0.29723993,-0.20479065,0.09244928,-0.28160933,-0.19404988,0.08755945,-0.11771642,-0.055749383,0.061967034
7,12,3489,1.0,26.0,25.0,1.0,1.0,0.0,0.014012288,0.014012288,-22.493103,-0.08831215,-0.0021156184,-0.03147656,-0.0030061752,-0.023470584,0.060297262,0.30404326,0.243746,0.5045704,0.52924365,0.024673223,0.53322935,0.54588825,0.012658894,0.5130895,0.55586004,0.042770565
7,13,3626,1.0,4.0,3.0,1.0,1.0,0.0,0.02561991,0.02561991,-46.117065,-1.5413246,-0.007824305,-0.024254147,-0.008461051,-0.017736305,0.21048082,0.2892346,0.078753784,0.054958206,0.25075516,0.19579695,0.059917923,0.25473806,0.19482014,0.085424036,0.26644897,0.18102494
7,14,3682,2.0,352.0,350.0,1.0,1.0,0.0,0.0018672831,0.0018672831,-35.652863,-1.0717068,-0.0015767552,-0.03797771,-0.0023531802,-0.036465976,0.8455807,0.87895626,0.03337556,0.8116755,0.7857256,-0.025949895,0.8294017,0.80787605,-0.021525621,0.85074466,0.8401779,-0.010566771
7,15,3687,11.0,123.0,112.0,2.0,2.0,0.0,0.021636203,0.021636203,-15.78775,0.5178757,0.0031253658,-0.02409657,-0.0009191856,-0.01852081,0.6500615,0.6941238,0.044062316,0.50267476,0.40677652,-0.09589824,0.51219094,0.4189584,-0.09323254,0.5505922,0.47315666,-0.07743552
7,16,3729,69.0,776.0,707.0,3.0,5.0,2.0,8.928776e-05,8.928776e-05,-36.83136,-0.67780304,0.004765868,-0.037767116,-0.0017849021,-0.036893018,-0.14897327,-0.19699924,-0.048025966,0.05109603,-0.048217677,-0.099313706,0.033753943,-0.07622409,-0.109978035,0.014812375,-0.09831105,-0.113123424
7,17,3809,5.0,549.0,544.0,3.0,10.0,7.0,0.00091361254,0.00091361254,-29.840698,-0.19698715,-0.005209025,-0.033055596,-0.0045625605,-0.03545197,0.34642634,0.38300654,0.036580205,0.23686191,0.39930928,0.16244736,0.18244758,0.3809812,0.19853362,0.24086326,0.39852375,0.15766048
7,18,3842,3.0,17.0,14.0,1.0,1.0,0.0,0.0286577,0.0286577,-60.087677,-1.994503,-8.3483756e-05,-0.011880044,0.00035873428,-0.011523679,0.054048162,0.12937842,0.07533026,-0.06768116,-0.10329758,-0.035616413,-0.066158846,-0.10184568,-0.035686836,-0.058013324,-0.08163478,-0.023621459
7,19,3847,22.0,209.0,187.0,16.0,9.0,-7.0,0.020776793,0.020776793,-43.82895,-1.2979298,0.003875155,-0.01907871,0.002054099,-0.019445226,0.5203447,0.6680644,0.14771974,0.41606337,0.395449,-0.020614356,0.37710667,0.39062783,0.013521165,0.4206301,0.46091166,0.040281564
7,20,3856,116.0,348.0,232.0,62.0,2.0,-60.0,0.025046723,0.025046723,-8.45224,0.23591042,0.010453807,-0.022232907,0.0093198735,-0.017544312,0.091887295,0.06506943,-0.026817866,-0.11778442,-0.039548308,0.07823611,-0.14176369,-0.041782383,0.09998131,-0.12724155,-0.03364923,0.09359232
7,21,3913,1.0,169.0,168.0,1.0,2.0,1.0,0.0030610785,0.0030610785,-30.34262,-0.93689156,-0.014448851,-0.030812401,-0.01166781,-0.03361781,-0.14711475,-0.15840916,-0.01129441,-0.15842861,-0.14202084,0.016407773,-0.16682261,-0.15316127,0.01366134,-0.17567718,-0.16158356,0.014093623
7,22,3951,1.0,68.0,67.0,2.0,1.0,-1.0,0.009448472,0.009448472,-62.122864,-2.536436,0.00062661245,-0.025592614,0.001245603,-0.031285428,0.6029778,0.59464526,-0.0083325505,0.5707677,0.4189679,-0.1517998,0.6007867,0.45216838,-0.14861831,0.6310357,0.50059325,-0.13044244
7,23,4051,4.0,53.0,49.0,18.0,7.0,-11.0,0.025887601,0.025887601,-7.5332947,0.61672974,0.0045999587,-0.017096553,0.00445785,-0.017446082,0.28384924,0.32988504,0.046035796,0.2622511,0.19692272,-0.06532839,0.27050525,0.2125685,-0.057936743,0.2951956,0.24806279,-0.04713282
7,24,4058,1.0,62.0,61.0,1.0,1.0,0.0,0.015515942,0.015515942,-15.030334,-0.017356873,0.0032989532,-0.029139973,0.0026140176,-0.030786663,0.33092427,0.19480674,-0.13611753,0.24408986,0.25527942,0.011189565,0.22583275,0.25203472,0.026201978,0.25812027,0.25814477,2.4497509e-05
7,25,4129,313.0,109.0,-204.0,20.0,92.0,72.0,0.037566118,0.037566118,11.403107,1.3989906,-0.0013300665,-0.0008754805,-0.0025271699,0.00083274767,0.31546807,0.3655341,0.050066024,0.06382126,0.13592303,0.072101764,0.046186827,0.11806643,0.0718796,0.08947373,0.1572229,0.067749165
7,26,4156,25.0,269.0,244.0,2.0,68.0,66.0,0.011448514,0.011448514,0.47854614,0.7299175,-0.005114734,-0.018616807,-0.006363131,-0.018523224,0.27605775,0.29156145,0.015503705,0.12409051,0.16099057,0.03690006,0.12806265,0.16646916,0.038406506,0.15327421,0.18654627,0.033272058
7,27,4249,1.0,28.0,27.0,1.0,1.0,0.0,0.011735085,0.011735085,-113.66876,-5.001049,-0.0035148636,-0.02827428,-0.0048005767,-0.024617314,0.25101095,0.2737652,0.022754252,0.48633236,0.4826718,-0.0036605597,0.5005219,0.49589097,-0.0046309233,0.5186017,0.5184258,-0.0001758933
7,28,4325,1.0,45.0,44.0,2.0,4.0,2.0,0.014148969,0.014148969,-35.33609,-1.4945202,-0.0031506568,-0.024449505,-0.0046327747,-0.024732824,0.081263244,0.11371974,0.032456495,0.21555603,0.11729826,-0.098257765,0.23553205,0.16508976,-0.07044229,0.23365715,0.17908348,-0.05457367
7,29,4423,4.0,226.0,222.0,1.0,1.0,0.0,0.010358963,0.010358963,-19.12915,-0.27683067,0.0010756329,-0.02725318,-0.0013648681,-0.02707227,0.19911875,0.18880655,-0.0103122,-0.032421354,-0.031176802,0.0012445524,-0.04171064,-0.026440816,0.015269825,-0.021360852,-0.0044961297,0.016864723
7,30,4436,1.0,9.0,8.0,1.0,2.0,1.0,0.023969825,0.023969825,-35.506073,-1.5432911,-0.005852718,-0.014864489,-0.0021904185,-0.015395328,0.2784047,0.20519167,-0.07321304,0.22502059,-0.21624209,-0.44126266,0.2473429,-0.21588676,-0.46322966,0.2612854,-0.19025493,-0.45154032
7,31,4612,1.0,58.0,57.0,1.0,1.0,0.0,0.020995531,0.020995531,-0.2652588,1.1085186,-0.003992103,-0.030760739,-0.00567938,-0.025288183,0.2908263,0.26979998,-0.021026313,0.19841507,0.4109914,0.21257633,0.19280082,0.40874586,0.21594504,0.21197584,0.41006538,0.19808954
7,32,4667,26.0,121.0,95.0,113.0,184.0,71.0,0.031431757,0.031431757,-64.41705,-2.3348274,0.007722985,-0.011660963,0.0052539334,-0.010985874,0.10984473,0.19458377,0.084739044,0.14339769,0.029212909,-0.11418478,0.15989096,0.038601868,-0.1212891,0.1592843,0.06448609,-0.09479821
7,33,4690,4.0,425.0,421.0,1.0,1.0,0.0,0.0028460622,0.0028460622,-32.817352,-0.79265404,-0.008992296,-0.03992343,-0.0059895366,-0.037270054,0.4134696,0.4290046,0.015534997,0.42626452,0.42061546,-0.00564906,0.4275133,0.43142754,0.003914237,0.45030385,0.46683276,0.016528904
7,34,4768,18.0,32.0,14.0,8.0,3.0,-5.0,0.031726424,0.031726424,-8.398102,0.3469715,0.0048418157,-0.010438994,0.0037738457,-0.009744488,0.18344136,0.22364712,0.04020576,0.19259964,0.13119031,-0.061409324,0.1590473,0.11489305,-0.044154257,0.17460372,0.13824823,-0.03635548
7,35,4786,1.0,5.0,4.0,1.0,1.0,0.0,0.029168114,0.029168114,-13.050934,0.005815506,0.008160826,-0.019375637,0.007286571,-0.021563627,0.7143542,0.72810316,0.013748944,0.39556262,0.4277651,0.032202482,0.41427493,0.43729267,0.023017734,0.47769338,0.5053763,0.0276829
7,36,4835,6.0,261.0,255.0,2.0,5.0,3.0,0.0130306855,0.0130306855,-6.177765,0.6595459,-0.0031643696,-0.032778505,-0.006671287,-0.03024786,0.63260126,0.65676177,0.024160504,0.5289553,0.56305486,0.03409958,0.5381254,0.5899241,0.0517987,0.5751154,0.623862,0.048746645
7,37,4869,2.0,413.0,411.0,1.0,2.0,1.0,-0.0051144846,-0.0051144846,-2.5087585,0.5092678,-0.0055186674,-0.039385177,-0.009110503,-0.041094813,0.5855829,0.62547207,0.039889157,0.3538189,0.35617572,0.0023568273,0.3541819,0.35232818,-0.0018537045,0.39268333,0.39301777,0.00033444166
7,38,4892,17.0,121.0,104.0,1.0,4.0,3.0,0.021406144,0.021406144,28.422424,2.4106483,-0.003526017,-0.020354155,-0.0038635805,-0.017052047,-0.13751455,-0.22811496,-0.090600416,0.15633593,0.08192295,-0.07441299,0.12905268,0.05816099,-0.07089169,0.10832952,0.02737659,-0.08095293
7,39,4930,1.0,3.0,2.0,1.0,1.0,0.0,0.0072951093,0.0072951093,-117.142456,-5.2672215,0.0050060786,-0.025068227,0.0026616454,-0.030293513,-0.0819517,0.00812293,0.09007463,-0.065543786,-0.29956776,-0.23402397,-0.066633396,-0.3015202,-0.2348868,-0.07055514,-0.2785947,-0.20803955
7,40,5034,1.0,153.0,152.0,1.0,1.0,0.0,0.0032046586,0.0032046586,-39.784943,-1.1396351,-0.008178946,-0.029927604,-0.009198055,-0.031587467,0.19401686,0.30931786,0.115301,0.25273934,0.120006196,-0.13273314,0.254085,0.11512447,-0.13896054,0.27552465,0.13981894,-0.13570571
7,41,5106,6.0,90.0,84.0,6.0,7.0,1.0,0.0243745,0.0243745,-3.2693481,0.76670074,0.004010305,-0.018968284,-5.5294484e-05,-0.015313558,-0.11374463,-0.2903696,-0.17662497,-0.20572798,0.28616616,0.49189413,-0.23752248,0.26712146,0.5046439,-0.24238013,0.2322683,0.47464842
7,42,5204,73.0,192.0,119.0,3.0,14.0,11.0,0.024392646,0.024392646,-10.537903,0.65089226,0.00074407086,-0.011173826,-0.002600804,-0.01043148,0.6432809,0.6792018,0.03592086,0.5942082,0.48811626,-0.10609192,0.6053606,0.49602675,-0.10933387,0.6388053,0.5417869,-0.09701842
7,43,5285,1.0,34.0,33.0,1.0,1.0,0.0,0.017295498,0.017295498,-31.72113,-0.6321335,-0.001400236,-0.02418309,-0.005876608,-0.018924836,0.45000035,0.37037063,-0.07962972,0.16802318,0.12786365,-0.04015954,0.14840215,0.124092616,-0.024309538,0.18941997,0.15208553,-0.037334442
7,44,5301,1.0,24.0,23.0,1.0,1.0,0.0,0.011067722,0.011067722,-53.012268,-2.0075397,-0.012003288,-0.03089574,-0.011922739,-0.033504795,0.15836866,0.21815234,0.059783682,0.24424866,-0.11166857,-0.35591722,0.2532996,-0.14467147,-0.39797106,0.25807244,-0.104743704,-0.36281615
7,45,5338,13.0,316.0,303.0,1.0,1.0,0.0,0.01317063,0.01317063,-66.63806,-2.7668362,-0.0018089041,-0.023952033,0.0017996822,-0.026010409,0.47129756,0.5754182,0.10412061,0.43896866,0.41857716,-0.020391494,0.42741403,0.39510962,-0.032304406,0.46495342,0.45854998,-0.006403446
7,46,5427,120.0,238.0,118.0,20.0,10.0,-10.0,0.027200079,0.027200079,-35.077423,-1.3195915,0.007679509,-0.0075967256,0.0066394266,-0.007308321,0.070769325,0.1511045,0.08033517,0.23435834,0.23945759,0.005099252,0.2353765,0.24482404,0.00944753,0.22720282,0.25441283,0.027210012
7,47,5459,1.0,55.0,54.0,6.0,11.0,5.0,0.021914445,0.021914445,-6.8206787,0.67848206,-0.00019318983,-0.023684967,-0.00092852116,-0.02027747,0.2718614,0.32197443,0.050113022,0.279414,0.24102104,-0.03839296,0.27710757,0.23700531,-0.04010226,0.28395176,0.25575525,-0.028196514
7,48,5502,384.0,410.0,26.0,111.0,85.0,-26.0,0.029496044,0.029496044,14.212463,1.693428,0.015315469,-0.011725128,0.012996431,-0.008327361,0.16513315,0.33097413,0.16584098,-0.027961653,0.44334355,0.4713052,-0.018737152,0.45524058,0.47397774,-0.008383611,0.4632239,0.4716075
7,49,5542,1.0,19.0,18.0,2.0,1.0,-1.0,0.018561572,0.018561572,-32.431335,-0.4796276,0.005548805,-0.026682928,-0.00053061545,-0.02674295,0.23444521,0.32404873,0.08960351,0.5186782,0.53423625,0.015558064,0.5212612,0.5371941,0.015932858,0.5299004,0.54574144,0.015841067
7,50,5574,2.0,7.0,5.0,3.0,4.0,1.0,0.024509743,0.024509743,-29.867218,-0.8667011,0.003877528,-0.0109390095,0.0006322935,-0.012753028,0.106015414,0.11138272,0.005367309,-0.0234874,-0.21052453,-0.18703713,-0.02245561,-0.22602199,-0.20356637,-0.011112429,-0.21094295,-0.19983053
7,51,5583,1.0,14.0,13.0,1.0,1.0,0.0,0.022619002,0.022619002,9.505005,1.3838234,-0.009212043,-0.0165666,-0.010303695,-0.015850343,0.108156994,0.2291386,0.120981604,0.08879967,0.17093922,0.08213955,0.08840126,0.1883619,0.09996064,0.09666185,0.2034525,0.10679065
7,52,5602,2.0,486.0,484.0,1.0,2.0,1.0,-0.004736144,-0.004736144,-35.878357,-1.3598175,-0.0064915046,-0.03173737,-0.005958844,-0.03836708,0.4277138,0.4539693,0.026255488,0.37912065,0.27781102,-0.10130963,0.38887617,0.27876475,-0.110111415,0.40986398,0.3244888,-0.08537519
7,53,5714,1.0,87.0,86.0,1.0,1.0,0.0,0.004439134,0.004439134,-44.09964,-1.750082,-0.0076837763,-0.02786791,-0.0076505877,-0.029535994,0.41446182,0.37208244,-0.04237938,0.3504747,0.5500566,0.19958189,0.34294742,0.54750645,0.20455903,0.37138355,0.5501586,0.17877507
7,54,5878,1.0,2.0,1.0,1.0,1.0,0.0,0.022119887,0.022119887,-25.782318,-0.44293213,-0.003206376,-0.010080885,-0.007226452,-0.010335647,0.14457096,0.12406552,-0.020505443,0.16766226,-0.0357672,-0.20342946,0.18094406,-0.048211247,-0.2291553,0.18634506,-0.026679967,-0.21302502
7,55,5890,496.0,952.0,456.0,48.0,137.0,89.0,0.00093360804,0.00093360804,-10.106506,0.47182846,-0.0028767493,-0.034243084,0.0011067856,-0.03208243,0.3750645,0.3684376,-0.006626904,0.32734108,0.15018165,-0.17715943,0.33688748,0.17640296,-0.16048452,0.36118624,0.22682358,-0.13436265
7,56,6132,6.0,4.0,-2.0,1.0,1.0,0.0,0.045030557,0.045030557,-12.304321,0.46237373,-0.0015965365,-4.8026443e-05,-0.0030945837,0.00039166212,0.25209558,0.30319998,0.051104397,0.10199296,0.23639122,0.13439825,0.12814297,0.2626892,0.13454624,0.15779509,0.28553566,0.12774058
7,57,6199,1.0,10.0,9.0,2.0,7.0,5.0,0.024386477,0.024386477,-32.53412,-0.40437698,2.5678426e-05,-0.013229281,-0.0026430823,-0.014161054,0.79010636,0.7092825,-0.08082384,0.5244934,0.593895,0.06940162,0.5494415,0.6139509,0.06450939,0.5977817,0.64220834,0.04442662
7,58,6222,2.0,24.0,22.0,2.0,2.0,0.0,0.021535784,0.021535784,-7.32489,0.20290756,-0.0008789748,-0.014274433,-0.0028167367,-0.013762899,-0.21178336,-0.021954339,0.18982902,-0.23565069,-0.17633812,0.059312567,-0.2745074,-0.17566061,0.09884679,-0.28449708,-0.1713242,0.11317289
7,59,6431,1.0,60.0,59.0,1.0,1.0,0.0,0.0036288425,0.0036288425,-91.187836,-3.6044598,-0.005254451,-0.04110389,-0.005899191,-0.042215563,0.10181728,0.028904527,-0.07291275,0.09969323,0.14540578,0.045712553,0.11090425,0.161634,0.05072975,0.11920004,0.16161375,0.042413704
7,60,6444,3.0,331.0,328.0,1.0,3.0,2.0,0.009258129,0.009258129,-15.640381,0.0055236816,-0.0068135224,-0.034866594,-0.0055498406,-0.03208863,0.605536,0.5751035,-0.030432463,0.49834645,0.60071623,0.102369785,0.49414098,0.60356474,0.10942376,0.52825654,0.61515653,0.086899996
7,61,6489,7.0,105.0,98.0,2.0,7.0,5.0,0.023258843,0.023258843,-28.913422,-0.22562599,-0.0017037541,-0.01794219,-0.0035566837,-0.016135883,0.5003413,0.4548803,-0.045461,0.4895327,0.26847062,-0.2210621,0.5013564,0.2812744,-0.22008201,0.5148999,0.32057297,-0.19432694
7,62,6514,28.0,568.0,540.0,1.0,1.0,0.0,0.0052094944,0.0052094944,-52.487366,-1.589983,-0.00018307567,-0.031398557,-0.0002481006,-0.03318536,0.026730701,0.1894389,0.1627082,0.17081028,0.21249266,0.041682377,0.14301038,0.18894935,0.04593897,0.14056085,0.20571029,0.06514944
7,63,6521,1.0,17.0,16.0,1.0,1.0,0.0,0.006186366,0.006186366,-29.83612,-0.9579258,-0.007048711,-0.020896431,-0.008961629,-0.023256503,0.48413855,0.28138912,-0.20274943,0.37983128,0.37822115,-0.0016101301,0.37175035,0.3609581,-0.010792255,0.41826698,0.3731304,-0.04513657
7,64,6524,25.0,198.0,173.0,21.0,11.0,-10.0,0.022166576,0.022166576,-6.545044,0.5095444,0.0076006763,-0.017135344,0.0041751303,-0.016826387,-0.027331578,-0.2926217,-0.2652901,0.1293363,0.04495191,-0.08438439,0.1478361,0.053055495,-0.09478061,0.1482965,0.031384934,-0.116911575
7,65,6558,2.0,36.0,34.0,2.0,1.0,-1.0,0.024164509,0.024164509,-51.739838,-2.0649376,0.005813621,-0.019672379,0.0023902468,-0.020719375,0.43106204,0.45867342,0.027611375,0.046555243,0.051770993,0.005215749,0.010963946,0.03803176,0.027067814,0.05423058,0.08373412,0.02950354
7,66,6640,23.0,341.0,318.0,1.0,1.0,0.0,0.011332862,0.011332862,-11.976929,0.20931435,-0.006618295,-0.028617553,-0.0064612664,-0.022862017,0.33102956,0.025302133,-0.30572742,-0.036293928,0.077033855,0.11332779,-0.024315376,0.093113676,0.11742905,0.06231123,0.09268173,0.0303705
7,67,6713,1.0,75.0,74.0,1.0,1.0,0.0,0.008587472,0.008587472,-22.697144,-0.69519806,0.0015817843,-0.035872918,-0.0036391169,-0.036382206,0.1537587,0.29689118,0.14313248,0.28385082,0.109116234,-0.17473459,0.29053208,0.1069772,-0.18355489,0.28834504,0.13691854,-0.1514265
7,68,6801,12.0,416.0,404.0,1.0,1.0,0.0,0.0074593015,0.0074593015,-3.2418518,0.8303585,-0.003962327,-0.03555367,-0.0037506334,-0.031603895,0.4104526,0.38568696,-0.02476564,0.110983826,0.16384839,0.05286456,0.11676557,0.1811242,0.06435862,0.1524785,0.22120363,0.068725124
7,69,7007,25.0,123.0,98.0,1.0,1.0,0.0,0.02269245,0.02269245,-11.463013,0.62784195,0.00051613897,-0.013375189,3.419444e-05,-0.011447936,-0.007097882,0.1108715,0.11796939,0.34777343,0.42086998,0.07309654,0.32547292,0.43319145,0.10771853,0.3076323,0.44314128,0.13550898
7,70,7039,1.0,1.0,0.0,1.0,1.0,0.0,0.031936407,0.031936407,-65.44003,-2.0321865,-0.0040669627,-0.00734172,-0.005559571,-0.008061066,0.5480825,0.5635081,0.015425622,0.4548963,0.43041426,-0.024482042,0.46759918,0.4496528,-0.017946392,0.49076548,0.48009366,-0.010671824
7,71,7120,2.0,28.0,26.0,1.0,1.0,0.0,0.017655078,0.017655078,-35.97403,-0.8425045,-0.00033522025,-0.016566277,-0.0027771778,-0.017832309,0.11090121,0.12425262,0.013351411,0.06673272,0.22221458,0.15548186,0.0753342,0.22041309,0.1450789,0.083695,0.22897916,0.14528415
7,72,7207,1.0,30.0,29.0,1.0,1.0,0.0,0.008996725,0.008996725,8.488861,0.9577732,-0.013663467,-0.028662331,-0.015285306,-0.027457379,0.3449374,0.28181705,-0.063120365,0.08750253,0.08726215,-0.00024037808,0.07285581,0.07431247,0.001456663,0.11493841,0.106560245,-0.008378163
7,73,7336,3.0,198.0,195.0,2.0,4.0,2.0,0.0049995184,0.0049995184,-9.080841,0.00063323975,-0.0007077269,-0.03226386,-0.006257646,-0.028089732,0.37353912,0.3458619,-0.027677208,-0.09044915,-0.07965081,0.010798335,-0.10313883,-0.081962936,0.021175891,-0.048742983,-0.023566011,0.025176972
7,74,7366,2.0,65.0,63.0,1.0,1.0,0.0,0.01922806,0.01922806,-32.113953,-1.0836048,0.002734363,-0.016611297,0.003366083,-0.016006257,0.48668993,0.45557347,-0.031116456,0.5044328,0.53551024,0.031077445,0.55859107,0.57389843,0.015307367,0.5567377,0.5643231,0.0075854063
7,75,7409,1.0,632.0,631.0,1.0,1.0,0.0,-0.01848593,-0.01848593,-6.956024,0.6487217,-0.0051301382,-0.06475786,-0.008196764,-0.0609253,0.22407438,0.14477119,-0.07930319,0.049503252,0.26146182,0.21195857,0.056718253,0.2830738,0.22635555,0.07127183,0.28726998,0.21599814
7,76,7418,1.0,45.0,44.0,1.0,1.0,0.0,0.007439602,0.007439602,-36.75009,-1.5322247,0.00063914433,-0.033106968,-0.004106179,-0.031445805,0.28894386,0.28558958,-0.0033542812,-0.11238099,-0.12609044,-0.013709448,-0.116755836,-0.1296338,-0.0128779635,-0.07998812,-0.09930084,-0.019312717
7,77,7480,3.0,196.0,193.0,2.0,1.0,-1.0,0.010967385,0.010967385,-16.750336,-0.05534935,0.0010583177,-0.033822943,-0.0009259023,-0.027950246,-0.15233584,-0.008333637,0.1440022,-0.26273692,-0.24321884,0.019518077,-0.26688418,-0.26713496,-0.00025078654,-0.27644953,-0.26712754,0.009321988
7,78,7654,4.0,3.0,-1.0,1.0,5.0,4.0,0.039238747,0.039238747,16.067078,1.6964264,-0.005536385,-0.0025542341,-0.007979628,0.00089004263,0.13272473,0.09142025,-0.041304484,0.1349982,0.060478665,-0.07451954,0.1221205,0.032510173,-0.08961032,0.12883916,0.043988656,-0.084850505
7,79,7659,1.0,4.0,3.0,1.0,1.0,0.0,0.029087286,0.029087286,-59.53479,-2.5860062,-0.0010292679,-0.01411923,-0.00029534847,-0.013485912,0.7221163,0.71243805,-0.009678245,0.5999175,0.5187238,-0.081193686,0.6141589,0.51551455,-0.098644376,0.6553443,0.5600397,-0.09530461
7,80,7840,5.0,202.0,197.0,1.0,1.0,0.0,0.013326608,0.013326608,-48.806488,-1.8056431,-2.9925257e-05,-0.031389277,-0.004330501,-0.028966974,0.5255356,0.47417617,-0.051359415,0.4282377,0.37537724,-0.05286047,0.4155325,0.3565932,-0.058939308,0.45753828,0.3910388,-0.06649947
7,81,7859,1.0,121.0,120.0,1.0,1.0,0.0,0.015343402,0.015343402,-12.771881,0.1443634,-0.0010470636,-0.029667951,-0.004457172,-0.025792088,0.112221465,0.14018808,0.027966619,0.11629274,0.07901182,-0.037280917,0.11999497,0.088654205,-0.031340763,0.12562644,0.09852663,-0.027099818
7,82,7944,1.0,15.0,14.0,2.0,1.0,-1.0,0.014867939,0.014867939,-31.571045,-0.778965,0.0029560626,-0.028067987,-0.0012973361,-0.027936429,-0.26813382,-0.26995897,-0.0018251538,-0.18438792,-0.2505263,-0.06613839,-0.2139318,-0.25468072,-0.040748924,-0.2410201,-0.2662929,-0.025272802
7,83,7948,1.0,52.0,51.0,1.0,1.0,0.0,0.01123504,0.01123504,-20.225464,-0.15177155,-0.004110165,-0.034018397,-0.004269436,-0.030470584,0.28957894,0.29015857,0.00057962537,0.23773761,0.22174239,-0.01599522,0.24850142,0.22859737,-0.019904047,0.26178098,0.24327175,-0.018509224
7,84,7954,39.0,645.0,606.0,35.0,76.0,41.0,0.008408535,0.008408535,-5.130188,0.5419998,-0.0019099638,-0.032625645,-0.0014146194,-0.030520543,0.5002893,0.3956508,-0.10463852,-0.20420146,0.2207334,0.42493486,-0.21283154,0.2173527,0.43018425,-0.13006923,0.25811565,0.38818488
7,85,8006,1.0,15.0,14.0,1.0,1.0,0.0,0.01809796,0.01809796,-22.527496,-0.3592224,-0.0013694875,-0.020304259,-0.002143655,-0.01614742,-0.15334773,-0.06674892,0.08659881,-0.13747382,-0.08912961,0.04834421,-0.15095599,-0.08795894,0.06299705,-0.15975435,-0.09059791,0.06915644
7,86,8109,3.0,69.0,66.0,1.0,1.0,0.0,0.018050537,0.018050537,-58.93692,-2.189083,0.0005761795,-0.023786008,-0.0011069365,-0.022303939,0.54141843,0.4967082,-0.04471022,0.1516759,0.07542261,-0.07625329,0.12677968,0.015241473,-0.1115382,0.19051173,0.08158878,-0.10892295
7,87,8204,1.0,74.0,73.0,1.0,1.0,0.0,0.018192459,0.018192459,-62.127136,-2.476637,0.0042903535,-0.029814944,0.0038587525,-0.025395628,0.50537324,0.4727263,-0.032646954,-0.28700584,-0.30034202,-0.013336182,-0.27706227,-0.27059954,0.006462723,-0.20696703,-0.20043923,0.0065277964
7,88,8225,1.0,66.0,65.0,1.0,1.0,0.0,0.0007067174,0.0007067174,-42.113678,-1.1518021,-0.00853448,-0.048677668,-0.00887673,-0.040379517,0.29623914,0.33138472,0.03514558,-0.03336833,0.29044992,0.32381824,-0.07510639,0.25567198,0.33077836,-0.009043242,0.28203526,0.2910785
7,89,8262,455.0,773.0,318.0,147.0,82.0,-65.0,0.019518083,0.019518083,-11.296112,-0.019207,0.0034175236,-0.023260076,0.0073718075,-0.017943056,-0.038091917,-0.012522638,0.025569279,-0.15636271,-0.12988278,0.02647993,-0.17129964,-0.19541335,-0.024113715,-0.1674326,-0.20230928,-0.034876674
7,90,8274,3.0,11.0,8.0,1.0,1.0,0.0,0.03212402,0.03212402,-30.914398,-0.5493431,-0.0022629425,-0.009707127,-0.003579177,-0.009099551,0.77231926,0.76293004,-0.009389222,0.41974956,0.60883516,0.1890856,0.4383475,0.6434181,0.20507059,0.5510781,0.6860827,0.13500464
7,91,8318,19.0,69.0,50.0,1.0,5.0,4.0,0.029876348,0.029876348,8.211792,1.569191,-0.0049844794,-0.0133063495,-0.004751023,-0.009993538,0.40841475,0.37972164,-0.02869311,0.4051582,0.33197558,-0.07318261,0.38880697,0.33596253,-0.052844435,0.40186983,0.35295177,-0.04891807
7,92,8387,6.0,345.0,339.0,14.0,7.0,-7.0,0.012115829,0.012115829,16.630524,1.8882217,0.0038485713,-0.036436386,0.0041382685,-0.030418314,0.16716851,0.07238484,-0.09478367,0.036204506,0.17980523,0.14360073,0.050894435,0.20413251,0.15323807,0.060617715,0.20652406,0.14590634
7,93,8394,1.0,30.0,29.0,1.0,5.0,4.0,0.014853548,0.014853548,-19.34549,-0.20030594,-0.0042723753,-0.03220346,-0.006114226,-0.029058091,0.3561488,0.32889366,-0.027255148,0.2314249,0.26379392,0.032369018,0.24873023,0.2688798,0.020149574,0.2798936,0.2921426,0.012248993
7,94,8415,2.0,241.0,239.0,2.0,2.0,0.0,0.0040775687,0.0040775687,-32.443512,-0.9016304,-0.00076782703,-0.030828636,-0.003852103,-0.033049084,0.23793608,0.20968707,-0.02824901,0.54646605,0.47261596,-0.073850095,0.55304533,0.48070416,-0.072341174,0.5739345,0.4843383,-0.08959618
7,95,8435,3.0,137.0,134.0,1.0,5.0,4.0,0.014228072,0.014228072,-3.0083618,0.31549835,-0.003928438,-0.019565951,-0.004438337,-0.022546235,0.10677184,0.05646852,-0.05030332,0.2766243,0.2857743,0.009149998,0.29023877,0.30779046,0.01755169,0.29151762,0.30237296,0.010855347
7,96,8465,7.0,94.0,87.0,2.0,3.0,1.0,0.014355078,0.014355078,-23.781677,-0.24303246,-0.0020840652,-0.02267233,-0.0022376329,-0.018563282,0.05769128,-0.1566249,-0.21431617,0.2372842,0.069518216,-0.16776597,0.26376572,0.08211729,-0.18164843,0.26968974,0.06506162,-0.20462811
7,97,8509,5.0,15.0,10.0,10.0,2.0,-8.0,0.033772975,0.033772975,9.071686,1.1911697,0.003737744,-0.009387832,0.0042332523,-0.007035762,0.630122,0.63908213,0.008960128,0.012355587,0.32016975,0.30781415,0.023122896,0.3221889,0.299066,0.08734478,0.38120908,0.2938643
7,98,8631,6.0,247.0,241.0,1.0,1.0,0.0,0.004451666,0.004451666,-39.510406,-1.161974,0.0007783994,-0.027670871,-0.002479449,-0.029460419,0.5876106,0.60003287,0.012422264,0.0017582005,0.10183449,0.10007629,0.0153630655,0.09593506,0.080571994,0.08595995,0.16709557,0.08113562
7,99,8646,25.0,25.0,0.0,3.0,12.0,9.0,0.037101958,0.037101958,-20.504791,0.12280846,-0.0034337826,-0.0052283257,-0.0035417788,-0.004942719,0.19164917,0.29535812,0.10370895,0.13743941,0.07781469,-0.059624724,0.1592429,0.09265628,-0.06658662,0.17285952,0.12335491,-0.049504608
7,100,8807,1.0,4.0,3.0,1.0,1.0,0.0,0.025221094,0.025221094,-18.558441,0.051397324,-0.0065151528,-0.02064414,-0.00608439,-0.014912229,-0.2677627,-0.18226284,0.08549985,-0.05498874,0.16749795,0.22248669,-0.07397942,0.16600458,0.239984,-0.11655158,0.1429522,0.25950378
7,101,8843,4.0,65.0,61.0,6.0,3.0,-3.0,0.02747155,0.02747155,-4.639435,0.6181545,0.006672915,-0.019182216,0.003120929,-0.016411476,-0.04927331,-0.010123105,0.039150205,-0.033118706,0.038294263,0.071412966,-0.033090215,0.041157402,0.07424761,-0.03750571,0.039369844,0.07687555
7,102,8925,32.0,9.0,-23.0,9.0,5.0,-4.0,0.043363057,0.043363057,10.736511,1.3006535,0.004850924,0.0019639656,0.0031074584,0.004250385,0.22042257,0.19714832,-0.023274243,0.22621743,0.2850139,0.05879648,0.2285201,0.26485032,0.036330223,0.24329478,0.27161783,0.028323054
7,103,8933,1.0,24.0,23.0,4.0,4.0,0.0,0.030336697,0.030336697,-9.668243,0.09454727,0.0006378293,-0.014264628,-0.0009117648,-0.01295783,0.37273264,0.5162155,0.14348286,0.21560793,0.22371341,0.008105487,0.19290063,0.19864446,0.0057438314,0.21754542,0.24728654,0.029741123
7,104,9027,2.0,342.0,340.0,1.0,2.0,1.0,0.004153583,0.004153583,-10.366211,-0.027439117,-0.008823369,-0.036502644,-0.0076351017,-0.03961647,0.08659142,0.01952088,-0.067070544,-0.26218367,-0.008705179,0.2534785,-0.25847206,-0.01629942,0.24217263,-0.23415965,-0.013390274,0.22076938
7,105,9048,1.0,156.0,155.0,1.0,1.0,0.0,-0.011178575,-0.011178575,-75.11856,-3.248684,-0.012234047,-0.051006228,-0.014116485,-0.051109385,0.6994578,0.7223291,0.022871256,0.51685745,0.5497003,0.032842875,0.5222858,0.55442417,0.032138348,0.5684568,0.59532624,0.026869416
7,106,9147,1.0,75.0,74.0,1.0,1.0,0.0,0.006546542,0.006546542,-58.719574,-2.087431,-0.0065540373,-0.027352512,-0.0072506852,-0.029804453,-0.4362878,-0.39393345,0.042354345,-0.17898232,-0.21371743,-0.034735113,-0.17191458,-0.17174791,0.00016666949,-0.21070385,-0.21928355,-0.008579701
7,107,9230,1.0,4.0,3.0,1.0,1.0,0.0,0.015730008,0.015730008,-58.020996,-2.4573994,-0.0062314756,-0.018649232,-0.005602028,-0.020965815,0.8097064,0.86137635,0.051669955,0.71685123,0.7653995,0.04854828,0.7591965,0.77941906,0.020222545,0.7963992,0.8158217,0.019422531
7,108,9434,1.0,101.0,100.0,1.0,1.0,0.0,0.011567365,0.011567365,-31.290466,-0.6916981,-0.0042839237,-0.02832219,-0.0046174787,-0.026970152,0.12683044,0.14815307,0.021322623,0.28886285,0.26907444,-0.019788414,0.30736014,0.30002913,-0.0073310137,0.30847377,0.29488108,-0.01359269
7,109,9462,114.0,3.0,-111.0,113.0,109.0,-4.0,0.058103055,0.058103055,1.6929626,1.1458511,0.010760253,0.01427499,0.009996405,0.016528813,-0.1411679,-0.07648655,0.064681344,-0.1759058,-0.026219837,0.14968595,-0.1717679,-0.026457796,0.1453101,-0.17885527,-0.033162143,0.14569312
7,110,9680,17.0,531.0,514.0,1.0,4.0,3.0,0.0022316724,0.0022316724,11.486298,1.3831062,-0.0030519776,-0.032696214,-0.0055822246,-0.033033855,-0.16482101,-0.045504466,0.11931655,-0.020282254,-0.076220624,-0.05593837,-0.0001435563,-0.066579066,-0.06643551,-0.021888167,-0.06871299,-0.04682482
7,111,9722,1.0,40.0,39.0,4.0,1.0,-3.0,0.022758245,0.022758245,-17.920013,0.0727272,0.002234079,-0.02125027,0.0010181814,-0.018167395,0.27361667,0.23904176,-0.03457491,0.2599398,0.17163676,-0.08830303,0.26706195,0.16730538,-0.09975657,0.2828803,0.19940464,-0.083475664
7,112,9804,12.0,310.0,298.0,7.0,1.0,-6.0,0.013463251,0.013463251,-13.61969,0.007287979,0.004001938,-0.027010575,0.0034130178,-0.026476953,0.037756585,0.06513042,0.027373835,-0.16594961,-0.078481644,0.08746797,-0.1717702,-0.074987024,0.096783176,-0.1473014,-0.05579202,0.09150939
7,113,9847,1.0,141.0,140.0,1.0,1.0,0.0,0.0066620894,0.0066620894,-48.990784,-1.6502857,-0.0067000613,-0.027119484,-0.007573191,-0.028577212,0.48880762,0.4994037,0.010596067,0.026147509,0.040224653,0.014077144,0.01978604,0.025957188,0.0061711483,0.12536396,0.15528807,0.02992411
7,114,9865,34.0,439.0,405.0,3.0,8.0,5.0,0.015095603,0.015095603,-17.40097,-0.31830597,-0.00040930882,-0.01447827,-0.0011560619,-0.018420521,0.39757556,0.39898726,0.0014117062,0.19147636,0.21205744,0.020581082,0.18778035,0.20171712,0.013936773,0.2336099,0.2495716,0.015961707
7,115,9917,1.0,6.0,5.0,1.0,1.0,0.0,0.0136343725,0.0136343725,-96.32831,-4.537756,0.002456259,-0.015451681,0.00467531,-0.014360122,0.8142524,0.8029192,-0.011333168,0.48736292,0.51162165,0.024258733,0.512908,0.5340067,0.021098733,0.5963974,0.6039595,0.007562101
7,116,9978,376.0,265.0,-111.0,60.0,246.0,186.0,0.033142183,0.033142183,-5.940796,0.59197426,0.0068366826,-0.0067159683,0.003841158,-0.0057776906,0.32406121,0.27422088,-0.04984033,0.041159082,0.010531331,-0.03062775,0.02458852,-0.01115057,-0.03573909,0.054768555,0.020820962,-0.033947594
7,117,10006,8.0,136.0,128.0,2.0,1.0,-1.0,0.019038662,0.019038662,-17.950317,-0.22310257,0.0012110844,-0.024310306,-0.0021428578,-0.023248218,0.49825603,0.55202734,0.053771317,0.28755507,0.28643987,-0.0011152029,0.26794213,0.27469572,0.0067535937,0.31457165,0.33278215,0.0182105
7,118,10046,1.0,13.0,12.0,1.0,1.0,0.0,0.013672173,0.013672173,-22.684662,-0.31643867,-0.0063529164,-0.030656986,-0.009390853,-0.029825453,-0.06944749,-0.06780363,0.0016438589,-0.20637983,-0.14673877,0.059641063,-0.21163039,-0.15601121,0.05561918,-0.20949592,-0.15750815,0.051987767
7,119,10064,1.0,218.0,217.0,1.0,1.0,0.0,-0.004195433,-0.004195433,-51.329376,-1.9465427,-0.01009123,-0.03685082,-0.010249618,-0.039905805,0.5025825,0.5582789,0.055696428,0.352725,0.005987261,-0.34673774,0.3512313,-0.012439358,-0.36367068,0.3932657,0.074226454,-0.31903923
7,120,10105,6.0,200.0,194.0,5.0,5.0,0.0,0.0068112686,0.0068112686,-27.900055,-0.85253143,-0.0019783378,-0.024743367,-0.0007800944,-0.023421124,0.74898565,0.7279434,-0.021042228,0.5616119,0.5707335,0.009121597,0.59083766,0.604628,0.013790369,0.64479625,0.64987403,0.0050777793
7,121,10107,36.0,65.0,29.0,4.0,1.0,-3.0,0.033740852,0.033740852,11.960022,1.4096451,0.0055103563,-0.012193993,0.0029823743,-0.009040605,0.37385094,0.1870443,-0.18680665,0.31118459,0.37370956,0.062524974,0.32641748,0.38957912,0.06316164,0.34918165,0.39118502,0.042003363
7,122,10244,1.0,336.0,335.0,1.0,1.0,0.0,6.410107e-05,6.410107e-05,-35.508972,-0.6202316,-0.007666778,-0.04156789,-0.009938914,-0.043204956,0.29109412,0.2648777,-0.026216418,0.24590126,0.28096542,0.03506416,0.24267632,0.27364582,0.0309695,0.25896665,0.28590468,0.026938021
7,123,10393,21.0,435.0,414.0,20.0,14.0,-6.0,0.013334263,0.013334263,-5.789215,0.52926445,0.005445186,-0.032692112,0.005045213,-0.029179662,0.03863,0.100003056,0.061373055,0.051312782,0.046751387,-0.0045613945,0.048472516,0.042461976,-0.00601054,0.049436618,0.053336833,0.003900215
7,124,10471,1.0,413.0,412.0,1.0,1.0,0.0,-0.0039634965,-0.0039634965,-17.747925,-0.3748932,-0.008887239,-0.048887618,-0.008037556,-0.04721835,0.045560453,0.014372808,-0.031187646,0.042195108,0.17002182,0.1278267,0.044603914,0.16679248,0.12218857,0.047058444,0.16209327,0.11503482
7,125,10507,1.0,227.0,226.0,1.0,1.0,0.0,-0.0018759705,-0.0018759705,4.0732727,1.0737362,0.0032934807,-0.044700388,-0.0021718517,-0.044642758,0.15600567,0.18717743,0.031171769,0.081683464,0.10521359,0.023530126,0.08162565,0.11387394,0.032248296,0.09803771,0.13349232,0.03545461
7,126,10586,124.0,562.0,438.0,25.0,8.0,-17.0,0.017797524,0.017797524,6.6393127,1.3157196,0.0054918174,-0.030531144,0.0050889533,-0.026193662,0.462601,0.54948133,0.086880326,0.391708,0.21594678,-0.17576121,0.39237037,0.19501242,-0.19735795,0.42159075,0.26549804,-0.1560927
7,127,10600,76.0,477.0,401.0,42.0,23.0,-19.0,0.017912574,0.017912574,-10.205902,0.27317238,0.0015147366,-0.014673546,0.0035213344,-0.020242672,0.33727166,0.39686266,0.059590995,0.30655116,0.26008216,-0.046469003,0.3491406,0.30775002,-0.041390598,0.36359012,0.3473351,-0.016255021
7,128,10610,4.0,50.0,46.0,1.0,1.0,0.0,0.030341763,0.030341763,-13.544708,-0.0291996,0.0018805191,-0.015223179,-0.0012047142,-0.01539297,0.3734319,0.4081431,0.034711212,0.03898464,-0.12758064,-0.16656528,0.03415133,-0.12539108,-0.15954241,0.082582384,-0.07724812,-0.15983051
7,129,10907,1.0,236.0,235.0,1.0,2.0,1.0,0.007999614,0.007999614,-59.080048,-2.550579,-0.0037972927,-0.043500822,-0.0036299862,-0.036655094,0.67021435,0.59400624,-0.076208115,0.39306024,0.5238278,0.13076755,0.38776854,0.52142906,0.13366053,0.4647202,0.55993336,0.095213175
7,130,11159,2.0,154.0,152.0,1.0,1.0,0.0,0.013720863,0.013720863,-36.42752,-1.5642242,0.003292285,-0.023413409,0.0007156208,-0.032056663,0.06945349,0.02005542,-0.049398072,0.040981255,0.0779702,0.036988944,0.047455817,0.072134756,0.024678938,0.056101598,0.0720012,0.015899599
7,131,11333,12.0,266.0,254.0,1.0,9.0,8.0,0.012594502,0.012594502,-17.171387,-0.2324295,-0.0062352754,-0.024476957,-0.0065252893,-0.025127228,-0.12885869,-0.13845553,-0.00959684,-0.008384086,0.00086167606,0.009245763,-0.01771536,-0.018779762,-0.001064403,-0.031200005,-0.04447876,-0.013278754
7,132,11487,1.0,8.0,7.0,4.0,12.0,8.0,0.031631075,0.031631075,0.61639404,0.6581383,0.002665531,-0.01469481,-0.0005870089,-0.009539243,0.04488039,0.042187802,-0.0026925877,-0.0812565,0.0017652345,0.08302174,-0.059343137,0.0041441233,0.06348726,-0.05300332,0.0065047657,0.059508085
7,133,11521,15.0,342.0,327.0,2.0,1.0,-1.0,0.012501761,0.012501761,-52.760925,-1.6092701,0.0047737584,-0.029568493,0.0005142838,-0.029165432,-0.041045684,-0.13589929,-0.09485361,0.060091518,-0.0069908197,-0.06708234,0.05716765,-0.031349007,-0.08851665,0.04650472,-0.047894344,-0.094399065
7,134,11566,1.0,37.0,36.0,7.0,2.0,-5.0,0.0251012,0.0251012,14.236664,1.3237228,0.010471314,-0.0204527,0.0056738965,-0.02055075,0.6528902,0.5297028,-0.12318742,0.3516637,0.5226216,0.17095786,0.39113188,0.54630333,0.15517145,0.45042965,0.5646806,0.11425093
7,135,11617,6.0,503.0,497.0,3.0,3.0,0.0,-0.0007894598,-0.0007894598,-65.96652,-1.9523907,0.0070998035,-0.041845296,0.00031535327,-0.040431604,-0.13875616,-0.28400546,-0.1452493,-0.07630901,0.0028239721,0.07913298,-0.076984115,0.018402811,0.09538692,-0.09130077,-0.018231334,0.07306944
7,136,11635,1.0,7.0,6.0,1.0,1.0,0.0,0.025717001,0.025717001,-59.49756,-2.1321297,0.004622977,-0.014360014,0.00074951723,-0.013844032,0.6473119,0.6245505,-0.022761405,0.46064585,0.54603827,0.085392416,0.4766777,0.5602551,0.083577424,0.535528,0.59344006,0.05791205
7,137,11689,1.0,6.0,5.0,1.0,1.0,0.0,0.021818519,0.021818519,-17.852966,-0.15389824,-0.0049767643,-0.019441776,-0.0065408275,-0.018128324,0.084579065,0.24154025,0.15696119,0.060954288,0.22264962,0.16169533,0.09518665,0.25329942,0.15811276,0.09677233,0.26289704,0.16612472
7,138,11725,5.0,81.0,76.0,3.0,1.0,-2.0,0.029877689,0.029877689,-1.513977,0.30991554,0.010814723,-0.01739731,0.005428113,-0.01953658,0.3159921,0.37402886,0.058036774,0.16892257,0.102732725,-0.06618985,0.17755093,0.119696446,-0.05785448,0.21083924,0.18225113,-0.028588116
7,139,11796,1.0,17.0,16.0,1.0,1.0,0.0,0.01123549,0.01123549,-54.976227,-2.1542625,-0.0015471317,-0.036549475,-0.004302401,-0.03592323,0.26453036,0.3931115,0.12858114,-0.013895712,0.03286117,0.046756882,-0.02750725,0.034165364,0.061672613,0.013731063,0.08226585,0.068534784
7,140,11827,341.0,826.0,485.0,43.0,183.0,140.0,0.009696074,0.009696074,-8.215973,0.4017582,0.0039897673,-0.025766697,0.00016943365,-0.029484518,0.3434445,0.27002302,-0.07342148,-0.122580126,0.032884825,0.15546495,-0.1467451,0.021105107,0.16785021,-0.11176852,0.045558747,0.15732726
7,141,11837,1.0,2.0,1.0,1.0,4.0,3.0,0.03814552,0.03814552,-37.796936,-0.62908745,-0.0047581904,-0.014514457,-0.004264489,-0.004203614,0.41818285,0.40370923,-0.014473617,0.30068418,0.29803815,-0.002646029,0.28937507,0.29198435,0.0026092827,0.3200792,0.31684342,-0.0032357872
7,142,11844,1.0,35.0,34.0,1.0,1.0,0.0,0.008558355,0.008558355,-49.292114,-2.0870895,-0.010521285,-0.0363609,-0.009031616,-0.03887336,0.34691697,0.32683787,-0.020079106,0.42829692,0.45678964,0.028492719,0.43601036,0.46389213,0.027881771,0.45225605,0.46909478,0.01683873
7,143,11932,2.0,91.0,89.0,2.0,2.0,0.0,0.012471493,0.012471493,-17.279694,0.1870079,0.003871318,-0.021343801,-0.002481375,-0.0225573,0.20369591,0.18739705,-0.01629886,0.07164887,0.17164688,0.099998005,0.07533485,0.17444989,0.099115044,0.09662399,0.18422441,0.087600425
7,144,11942,2.0,104.0,102.0,1.0,1.0,0.0,0.014747273,0.014747273,-51.39148,-2.113922,-0.0029929876,-0.023470022,-0.002963405,-0.02702516,-0.13873379,0.0010403777,0.13977417,-0.020419937,-0.04307346,-0.022653524,-0.03381203,-0.05397262,-0.02016059,-0.048532665,-0.04829471,0.00023795292
7,145,11952,2.0,79.0,77.0,2.0,2.0,0.0,0.020713925,0.020713925,-62.76886,-2.3480072,0.006782852,-0.018838082,0.001792945,-0.02074467,-0.2043974,-0.12516594,0.079231456,0.017006874,0.2605555,0.24354863,0.013677484,0.25228468,0.2386072,-0.013808582,0.22209409,0.23590267
7,146,12065,7.0,506.0,499.0,40.0,119.0,79.0,0.007406529,0.007406529,-29.555664,-0.9145222,0.0054132044,-0.03435758,0.0033502243,-0.033354916,-0.11851034,-0.102281906,0.016228437,-0.29538092,-0.2706001,0.02478081,-0.30580842,-0.2749342,0.030874223,-0.29755583,-0.2673127,0.030243129
7,147,12075,2.0,65.0,63.0,1.0,1.0,0.0,0.014195297,0.014195297,-23.115723,-0.14999008,-0.005643945,-0.017426904,-0.006777674,-0.027396366,0.37143224,0.35339832,-0.018033922,0.15644632,0.09579093,-0.060655393,0.15761039,0.094209775,-0.06340061,0.18958385,0.13223948,-0.057344377
7,148,12214,1.0,83.0,82.0,1.0,1.0,0.0,0.0070220605,0.0070220605,-52.30667,-1.5823231,-0.0058768317,-0.036502365,-0.0052065067,-0.029000048,-0.21515577,-0.08116592,0.13398984,0.38990545,0.31767726,-0.07222819,0.34801543,0.26219046,-0.08582497,0.3084645,0.24217658,-0.06628792
7,149,12308,1.0,28.0,27.0,1.0,1.0,0.0,0.0060169473,0.0060169473,-60.434906,-2.4518433,-0.0011590533,-0.03742257,-0.0034758002,-0.03488493,0.0882767,-0.041120797,-0.1293975,0.058019012,-0.03296033,-0.09097934,0.060103565,-0.050550267,-0.11065383,0.069708236,-0.053262625,-0.122970864
7,150,12487,2.0,42.0,40.0,1.0,1.0,0.0,0.014343351,0.014343351,-66.30701,-2.5579567,-0.00093635544,-0.017473496,-0.00260669,-0.01748306,0.5085679,0.5495816,0.041013658,0.09977404,0.12937729,0.02960325,0.09678008,0.12040659,0.023626514,0.1622713,0.18480808,0.02253677
7,151,12495,37.0,176.0,139.0,48.0,47.0,-1.0,0.02591711,0.02591711,-41.739258,-1.4563465,0.00938667,-0.015913632,0.0070931986,-0.016315393,0.12006228,0.1814882,0.061425924,0.16303498,0.13037248,-0.032662496,0.17172569,0.12640919,-0.045316502,0.1777908,0.14058842,-0.037202388
7,152,12634,4.0,134.0,130.0,1.0,2.0,1.0,0.015639085,0.015639085,-33.03003,-1.2739296,-0.004432339,-0.023364138,-0.0023127235,-0.022210374,0.034107067,-0.20162256,-0.23572963,0.4324733,0.027999787,-0.4044735,0.44869068,0.056401264,-0.39228943,0.44975322,0.032399863,-0.41735336
7,153,12685,1.0,36.0,35.0,1.0,1.0,0.0,0.008731887,0.008731887,-40.487274,-1.2854195,-0.006708432,-0.031915743,-0.006675631,-0.032202717,0.057523906,0.082549356,0.02502545,0.13172933,0.19334622,0.061616883,0.14166713,0.21097998,0.069312856,0.14364184,0.21329668,0.06965484
7,154,12796,1.0,64.0,63.0,1.0,1.0,0.0,0.01745784,0.01745784,-60.08423,-2.4991455,0.00040377676,-0.028150618,-0.00067538023,-0.029219713,-0.03318567,-0.19425833,-0.16107267,-0.16751915,-0.24131227,-0.07379311,-0.19436204,-0.2504589,-0.05609685,-0.18736374,-0.25396693,-0.066603184
7,155,12798,1.0,80.0,79.0,1.0,1.0,0.0,0.010176487,0.010176487,-19.40329,-0.06720543,-0.0032993294,-0.0357606,-0.0039473884,-0.033817105,-0.178944,-0.02813497,0.15080903,-0.06550663,0.13550873,0.20101535,-0.11651723,0.123110995,0.23962823,-0.14648688,0.11228649,0.2587734
7,156,12922,1.0,53.0,52.0,1.0,1.0,0.0,0.009572666,0.009572666,-38.779114,-1.3512783,-0.005277522,-0.030699838,-0.004923757,-0.031910323,0.4577176,0.4499675,-0.007750094,0.26688176,0.21504363,-0.05183813,0.27762252,0.22678211,-0.050840408,0.31536144,0.2720007,-0.04336074
7,157,12937,4.0,137.0,133.0,1.0,24.0,23.0,0.022746641,0.022746641,11.971558,1.4681168,-0.0046035945,-0.02054125,-0.0045952797,-0.021003619,0.51242375,0.5492097,0.03678596,0.4644752,0.4092559,-0.055219322,0.48101962,0.4115706,-0.06944901,0.5040352,0.46173123,-0.04230395
7,158,13138,1.0,92.0,91.0,1.0,1.0,0.0,-0.0024459362,-0.0024459362,-99.57587,-4.385149,-0.012319386,-0.047759227,-0.010385383,-0.042443726,0.4091687,0.5639902,0.15482149,0.08869916,0.28182912,0.19312996,0.103165135,0.30424142,0.20107628,0.16762626,0.3683467,0.20072043
7,159,13230,2.0,22.0,20.0,1.0,1.0,0.0,0.018795706,0.018795706,-57.23993,-2.0876236,-0.00663485,-0.019666642,-0.008700255,-0.015153848,0.21264489,0.22645603,0.013811141,0.05726602,-0.100141935,-0.15740795,0.036744516,-0.13571246,-0.17245698,0.06890606,-0.08874035,-0.15764642
7,160,13312,1.0,3.0,2.0,1.0,1.0,0.0,0.037074495,0.037074495,-54.113068,-1.4871731,-1.6052276e-05,-0.021228675,0.00044554472,-0.011406377,0.1508678,0.1700564,0.019188598,0.18879217,0.1143593,-0.07443287,0.18311332,0.11032127,-0.07279205,0.19279507,0.12171058,-0.071084484
7,161,13314,1.0,23.0,22.0,1.0,1.0,0.0,0.0188885,0.0188885,-89.14102,-4.064703,-0.0018645488,-0.021847386,-0.0019331016,-0.024138078,0.42557403,0.4281984,0.0026243627,0.4564193,0.22199674,-0.23442255,0.48242167,0.22172792,-0.26069373,0.49813643,0.26387867,-0.23425776
7,162,13613,2.0,26.0,24.0,1.0,1.0,0.0,0.019280903,0.019280903,-35.722565,-0.9691868,-0.0013624504,-0.019575741,-0.0032185465,-0.019284502,0.40821826,0.34828117,-0.05993709,0.40780663,0.43222365,0.024417013,0.42475367,0.43870303,0.013949364,0.44956282,0.45963028,0.010067463
7,163,13653,1.0,1.0,0.0,1.0,1.0,0.0,0.03687336,0.03687336,-22.68982,-0.30290794,-0.0027583279,-0.0044282787,-0.0027938858,-0.006039884,0.40719965,0.37925357,-0.027946085,0.2442686,0.1875549,-0.0567137,0.27553597,0.20489064,-0.07064533,0.31031188,0.23375733,-0.07655455
7,164,13662,19.0,202.0,183.0,3.0,1.0,-2.0,0.019937757,0.019937757,-35.328705,-0.37142372,0.0014877468,-0.022181489,0.0018341057,-0.018647067,0.024596917,-0.092316054,-0.11691297,-0.17139333,-0.14445691,0.026936427,-0.15934542,-0.15088934,0.008456081,-0.1526164,-0.15468086,-0.0020644665
7,165,13720,16.0,78.0,62.0,31.0,72.0,41.0,0.030261055,0.030261055,-15.660797,0.14612007,0.0068005323,-0.017120123,0.0024399944,-0.016569823,0.36701116,0.34621564,-0.020795524,0.39335722,0.40095818,0.007600963,0.4190582,0.4317657,0.012707502,0.4508078,0.45347136,0.0026635528
7,166,13846,19.0,135.0,116.0,6.0,1.0,-5.0,0.023522992,0.023522992,-33.61252,-0.73692703,0.008407678,-0.0149751045,0.00702627,-0.016896863,0.82447433,0.84687513,0.022400796,0.68283546,0.7040814,0.021245956,0.6983035,0.72165704,0.023353517,0.7435457,0.77092755,0.027381837
7,167,14110,5.0,4.0,-1.0,10.0,19.0,9.0,0.04017623,0.04017623,-15.572327,0.22426414,0.0057840683,-0.00013805553,0.0011213459,0.0023430437,0.28330383,0.20106849,-0.08223534,0.134988,0.16071717,0.02572918,0.13159174,0.16799553,0.03640379,0.15569542,0.18457504,0.028879613
7,168,14121,1.0,88.0,87.0,1.0,2.0,1.0,0.017926406,0.017926406,-34.006226,-1.0356159,-0.00280362,-0.02915484,-0.0012948476,-0.025826726,0.36839858,0.30964604,-0.058752537,0.27034372,0.24946083,-0.02088289,0.2544204,0.23863555,-0.015784845,0.27437577,0.2566687,-0.01770708
7,169,14165,1.0,63.0,62.0,1.0,2.0,1.0,0.010246448,0.010246448,-37.48227,-0.6686268,-0.010664828,-0.025686603,-0.009388998,-0.029170163,-0.26952705,-0.21725258,0.052274466,-0.14678057,-0.08915919,0.057621375,-0.1414153,-0.07998982,0.061425477,-0.1677264,-0.100098714,0.06762768
7,170,14179,166.0,44.0,-122.0,143.0,58.0,-85.0,0.04658187,0.04658187,-37.78708,-1.3885498,0.014009496,0.005544612,0.009999191,0.0067526344,0.30474988,0.4067331,0.10198322,0.1880784,0.1342128,-0.053865597,0.19155973,0.1289528,-0.06260693,0.22659463,0.17577001,-0.050824612
7,171,14443,1.0,1.0,0.0,1.0,1.0,0.0,0.05069055,0.05069055,-29.278564,-0.8093147,0.0029171556,0.005676884,-0.00031717867,0.0095357,0.3026908,0.1987114,-0.10397941,0.012537836,0.10068038,0.088142544,0.022679666,0.10826185,0.08558219,0.054332584,0.12127547,0.066942886
7,172,14528,1.0,2.0,1.0,34.0,20.0,-14.0,0.03689755,0.03689755,-62.009033,-2.2481575,0.0062124506,-0.0051466376,0.0052641816,-0.0035896078,0.10098917,0.06923158,-0.031757593,-0.0036404901,0.06305338,0.066693865,-0.032030817,0.028923187,0.060954005,-0.021039981,0.036445465,0.057485446
7,173,14567,1.0,104.0,103.0,1.0,3.0,2.0,0.006667666,0.006667666,-34.868042,-0.68208694,-0.001107417,-0.040098682,-0.0011770055,-0.035915643,-0.3439396,-0.39541587,-0.05147627,0.0562358,0.0312842,-0.024951603,0.07275913,0.057598837,-0.015160292,0.03534765,-0.01563405,-0.0509817
7,174,14594,2.0,1.0,-1.0,1.0,1.0,0.0,0.030790858,0.030790858,-29.012177,-0.87875366,-0.011795439,0.009952478,-0.01250061,-0.0019872375,0.48842943,0.5485373,0.060107887,0.21682008,0.29846838,0.081648305,0.22822382,0.3105655,0.082341686,0.29561046,0.36351198,0.06790152
7,175,14610,2.0,179.0,177.0,5.0,4.0,-1.0,0.009158567,0.009158567,-48.85196,-2.2054405,0.0017068833,-0.028276648,0.00078462064,-0.027460955,0.5052333,0.53111666,0.025883377,0.2829788,0.2404787,-0.04250011,0.2742373,0.22560665,-0.048630655,0.34011337,0.2754441,-0.06466928
7,176,14644,1.0,4.0,3.0,2.0,1.0,-1.0,0.026510894,0.026510894,-34.773407,-1.1021175,0.007949762,-0.0043907873,0.0010289401,-0.009464987,0.74895805,0.66244906,-0.08650899,0.52371246,0.4003829,-0.12332955,0.5518499,0.40873396,-0.14311594,0.60440964,0.4645739,-0.13983575
7,177,14793,35.0,243.0,208.0,3.0,1.0,-2.0,0.022898994,0.022898994,-32.188324,-0.6748371,0.0018858351,-0.020651147,0.00058388524,-0.020397916,0.14036396,0.06821351,-0.072150454,0.41958094,0.25225273,-0.16732821,0.4026827,0.2541006,-0.1485821,0.4040579,0.25056574,-0.15349215
7,178,14808,1.0,1.0,0.0,1.0,1.0,0.0,0.029060625,0.029060625,-25.405762,-0.37189484,-0.0016286671,-0.01236143,-0.005137861,-0.010098133,0.07599328,0.10501056,0.029017285,0.081972025,0.056297295,-0.02567473,0.09045781,0.04276338,-0.047694433,0.09403548,0.052623555,-0.04141192
7,179,14820,344.0,387.0,43.0,296.0,169.0,-127.0,0.03519009,0.03519009,-33.621246,-1.349966,0.014482651,0.001399409,0.011451364,-0.0039938726,0.4846486,0.46965817,-0.014990419,0.1313134,0.06908251,-0.062230885,0.11407668,0.015401202,-0.09867548,0.18556584,0.08876959,-0.09679625
7,180,14898,1.0,25.0,24.0,6.0,1.0,-5.0,0.023798753,0.023798753,-7.7901917,0.3128662,0.007942285,-0.015311167,0.006377157,-0.014712509,-0.21906854,-0.106293924,0.11277462,-0.20584121,-0.118595004,0.08724621,-0.20055598,-0.12004014,0.08051584,-0.22564518,-0.1305341,0.09511109
7,181,14931,9.0,119.0,110.0,2.0,2.0,0.0,0.016428236,0.016428236,-38.719513,-0.90888786,0.0011002831,-0.02439715,-0.003205303,-0.019597996,0.79445964,0.80472714,0.010267496,0.6679448,0.54123473,-0.12671006,0.67725897,0.5512594,-0.12599957,0.70155346,0.61969125,-0.08186221
7,182,15003,1.0,24.0,23.0,1.0,1.0,0.0,0.011127196,0.011127196,-38.0766,-1.3255234,-0.006248668,-0.04148645,-0.008697953,-0.03829812,0.21000575,0.30622038,0.09621464,0.45787612,0.44710213,-0.010773987,0.4583729,0.4515631,-0.006809801,0.46238944,0.45977885,-0.002610594
7,183,15025,1.0,88.0,87.0,1.0,1.0,0.0,0.008441564,0.008441564,-25.37442,-0.32034683,-0.009067804,-0.02967145,-0.010262333,-0.028247766,0.49576998,0.3589138,-0.13685617,0.21821581,0.18684925,-0.031366557,0.28003582,0.26302478,-0.017011046,0.32956094,0.29349002,-0.036070913
7,184,15128,55.0,129.0,74.0,1.0,3.0,2.0,0.027938113,0.027938113,-13.556549,0.2559719,-0.004155539,-0.012292057,-0.005353056,-0.010451943,0.12996109,0.15687744,0.026916355,0.27283671,0.19630204,-0.07653467,0.2725047,0.21259196,-0.059912726,0.27458954,0.23105916,-0.043530375
7,185,15364,1.0,65.0,64.0,1.0,1.0,0.0,0.015351243,0.015351243,-22.582642,-0.30687523,-0.0037701689,-0.031960215,-0.005374711,-0.028294437,0.78689826,0.75717455,-0.029723704,0.70301944,0.571451,-0.13156843,0.71059287,0.58416444,-0.12642843,0.7460045,0.6387288,-0.107275724
7,186,15492,1.0,343.0,342.0,1.0,1.0,0.0,-0.0035380796,-0.0035380796,-34.490875,-0.8260708,-0.0021998622,-0.043587506,-0.0014342368,-0.043749213,0.44812518,0.4752685,0.02714333,0.342082,0.37253267,0.030450672,0.31774348,0.3655003,0.04775682,0.36005902,0.39633542,0.0362764
7,187,15506,2.0,6.0,4.0,1.0,1.0,0.0,0.034713585,0.034713585,9.082977,1.6811333,-0.0022509806,-0.010179937,-0.003609784,-0.009290237,-0.001699539,0.04008833,0.04178787,0.17929667,0.24774456,0.06844789,0.208506,0.2748063,0.06630029,0.19559161,0.26126745,0.06567584
7,188,15793,1.0,154.0,153.0,1.0,1.0,0.0,-0.002409611,-0.002409611,-46.203827,-1.8181,-0.010547437,-0.046090063,-0.0096462555,-0.044419773,0.5015307,0.42043298,-0.08109772,0.13727592,0.21610825,0.07883233,0.13216795,0.20051175,0.0683438,0.17694035,0.22960821,0.052667856
7,189,15819,1.0,13.0,12.0,1.0,2.0,1.0,0.022415042,0.022415042,-14.997101,0.070734024,-0.0042495057,-0.027882315,-0.0020866953,-0.02072325,-0.053768516,-0.0768739,-0.023105383,-0.018352775,-0.017349327,0.0010034479,-0.019521713,-0.012606138,0.006915575,-0.026253229,-0.022819985,0.0034332443
7,190,15939,1.0,4.0,3.0,1.0,1.0,0.0,0.026630174,0.026630174,-42.836853,-1.4170952,-0.004910432,-0.013964865,-0.008040849,-0.0128810555,0.0308271,0.04606316,0.015236059,0.17201225,0.055158187,-0.11685407,0.17810027,0.07871223,-0.09938804,0.18034066,0.081132084,-0.09920858
7,191,16063,2.0,280.0,278.0,3.0,2.0,-1.0,0.010088742,0.010088742,-19.854187,-0.35261345,0.00013705343,-0.036879912,0.00096599385,-0.03615684,0.2639458,0.27727896,0.013333172,0.24328163,0.34682345,0.10354182,0.2729214,0.36665326,0.09373185,0.29405564,0.3815729,0.08751726
7,192,16252,1.0,138.0,137.0,1.0,1.0,0.0,0.012923554,0.012923554,-36.4722,-1.1740265,-0.0044756904,-0.028318863,-0.004918821,-0.028654113,0.39978173,0.39755064,-0.0022310913,0.04784399,0.21954104,0.17169705,0.03185088,0.22415508,0.19230421,0.092954196,0.260505,0.1675508
7,193,16344,15.0,921.0,906.0,1.0,2.0,1.0,-0.00986026,-0.00986026,-39.3468,-1.1207962,-0.007659955,-0.04564181,-0.0060608387,-0.047191307,0.54458284,0.4799902,-0.06459263,0.5461255,0.43496183,-0.111163646,0.5689873,0.45284086,-0.116146445,0.59997684,0.4781242,-0.12185264
7,194,16421,7.0,35.0,28.0,1.0,3.0,2.0,0.026455007,0.026455007,-47.22519,-1.8289928,-0.004482057,-0.014077619,-0.004564833,-0.012334421,0.278754,0.25931886,-0.019435138,0.10170499,0.1624629,0.060757913,0.13146324,0.19409564,0.0626324,0.16201201,0.21409005,0.05207804
7,195,16466,1.0,102.0,101.0,1.0,1.0,0.0,0.011556096,0.011556096,-7.4807434,0.45607185,-0.0017188191,-0.034572892,-0.004701458,-0.03192802,0.3824207,0.29981187,-0.08260882,0.101261266,0.02614843,-0.075112835,0.093809575,0.023648493,-0.07016108,0.12334218,0.059240736,-0.06410144
7,196,16616,1.0,62.0,61.0,1.0,1.0,0.0,0.011239156,0.011239156,-39.454956,-1.091011,-0.003809996,-0.031279046,-0.0033671334,-0.029172927,0.40467224,0.46148244,0.0568102,0.2602492,0.29450232,0.03425312,0.2560237,0.29690897,0.04088527,0.2949198,0.3332431,0.038323313
7,197,16635,5.0,249.0,244.0,4.0,3.0,-1.0,0.014703628,0.014703628,1.5620728,0.9684715,0.0034794807,-0.03582091,0.0011563413,-0.028579544,0.13228875,0.20190266,0.069613904,0.11222476,0.14297783,0.030753076,0.11556267,0.14629547,0.030732803,0.12431607,0.16241302,0.03809695
7,198,16655,44.0,171.0,127.0,25.0,47.0,22.0,0.025979158,0.025979158,-19.916595,-0.38261795,0.0008289516,-0.014361028,0.00059974566,-0.01572546,-0.25211605,-0.00077646284,0.25133958,-0.41752928,-0.27800047,0.13952881,-0.45264992,-0.3104742,0.14217573,-0.4474845,-0.29799807,0.14948642
7,199,16702,1.0,202.0,201.0,1.0,1.0,0.0,0.010872416,0.010872416,3.6817932,1.1021252,0.0008896552,-0.035724457,-0.0012825802,-0.033925347,0.45720017,0.45069715,-0.0065030158,0.30425456,0.2929777,-0.011276871,0.31597272,0.29923785,-0.016734868,0.3535016,0.33475393,-0.018747658
7,200,16723,1.0,40.0,39.0,1.0,2.0,1.0,0.014045522,0.014045522,-41.054413,-1.6709785,-0.002360709,-0.03422369,-0.0037374347,-0.03053362,0.80507946,0.7904669,-0.0146125555,0.7441525,0.7031701,-0.040982366,0.7727688,0.7265906,-0.04617822,0.8061967,0.75967574,-0.04652095
7,201,16823,1.0,53.0,52.0,1.0,1.0,0.0,-0.0059716217,-0.0059716217,-101.78693,-4.472677,-0.0029144287,-0.055928748,-0.005963564,-0.049047362,0.24511366,0.15321594,-0.09189771,0.047092315,0.013592208,-0.033500105,0.054271106,0.028346062,-0.025925044,0.086934894,0.048992842,-0.037942052
7,202,16841,52.0,444.0,392.0,8.0,34.0,26.0,0.0140072405,0.0140072405,10.929901,1.4236813,-0.0016367584,-0.029565204,-0.002762854,-0.026617087,0.4013996,0.37199733,-0.029402286,-0.07510627,0.30633843,0.3814447,-0.07570502,0.2997454,0.37545043,-0.034795832,0.31436577,0.3491616
7,203,16865,1.0,155.0,154.0,1.0,1.0,0.0,0.008747168,0.008747168,-14.187927,0.07817459,-0.0013295189,-0.02818567,-0.004338108,-0.027621657,0.5750726,0.5592865,-0.015786111,0.3237386,0.55092543,0.22718683,0.31311435,0.56449085,0.2513765,0.38185135,0.5865024,0.20465103
7,204,16868,1.0,6.0,5.0,1.0,2.0,1.0,0.022709247,0.022709247,-4.421509,0.7167473,-0.004822299,-0.02422211,-0.005524397,-0.020377949,0.3668948,0.15172772,-0.21516709,-0.35313502,-0.04782715,0.30530787,-0.34308675,-0.028524796,0.31456196,-0.28855482,-0.009483531,0.27907127
7,205,16917,1.0,44.0,43.0,1.0,1.0,0.0,0.012162175,0.012162175,-92.84659,-4.1387653,-0.007764414,-0.019408956,-0.009911567,-0.02147102,0.2713293,0.18503235,-0.08629696,0.29992974,0.09717764,-0.2027521,0.2880027,0.087142594,-0.20086011,0.3056323,0.10211003,-0.20352226
7,206,17048,10.0,160.0,150.0,1.0,2.0,1.0,0.019932646,0.019932646,-0.4421997,0.88822746,-0.003116209,-0.022430506,-0.0020128712,-0.02027369,0.36959836,0.32020542,-0.04939294,0.24139354,0.24178562,0.00039207935,0.2510633,0.24897563,-0.0020876527,0.27348998,0.2653358,-0.008154184
7,207,17230,47.0,200.0,153.0,3.0,10.0,7.0,0.024325386,0.024325386,-18.678955,0.11668205,-0.0036980473,-0.011965685,-0.003270395,-0.014131285,0.15581861,0.12994689,-0.025871724,-0.021652393,0.02469536,0.046347752,-0.013284126,0.04501752,0.05830165,0.016477862,0.059840664,0.043362804
7,208,17238,1.0,14.0,13.0,2.0,2.0,0.0,0.022265796,0.022265796,-4.8193665,0.82191277,-4.1641295e-05,-0.019032158,-0.0022361912,-0.02095668,-0.021624746,0.07541759,0.09704234,0.27507496,0.172355,-0.10271996,0.27878624,0.1799473,-0.09883894,0.2695993,0.17698166,-0.09261763
7,209,17369,7.0,347.0,340.0,4.0,20.0,16.0,0.010423731,0.010423731,20.028046,1.9925995,-0.00089143217,-0.033245802,-0.0020642094,-0.027839158,0.3572161,0.28896266,-0.06825343,0.14065622,0.23055586,0.089899644,0.1433503,0.24833962,0.10498932,0.17044091,0.2614802,0.0910393
7,210,17374,2.0,57.0,55.0,1.0,1.0,0.0,0.018300816,0.018300816,-29.965546,-0.69843864,-0.004109293,-0.018048294,-0.003737431,-0.020546775,0.4216294,0.46257138,0.040941983,0.003074481,-0.23914555,-0.24222003,0.024186762,-0.24095243,-0.2651392,0.096276894,-0.1654641,-0.26174098
7,211,17450,9.0,75.0,66.0,1.0,1.0,0.0,0.015384663,0.015384663,-54.742096,-2.2810135,0.0031508207,-0.013352703,0.0017569102,-0.012930166,0.5669444,0.52596456,-0.040979862,0.3629487,0.31116095,-0.051787734,0.38061428,0.32506955,-0.055544734,0.42995372,0.3756232,-0.054330528
7,212,17463,9.0,130.0,121.0,4.0,1.0,-3.0,0.020426244,0.020426244,-38.428345,-0.75564766,0.0030248724,-0.020537477,0.0037326328,-0.0187946,0.8829702,0.8728264,-0.0101438165,0.62382066,0.69858515,0.07476449,0.6571924,0.74358183,0.08638942,0.70782703,0.7798894,0.07206237
7,213,17485,23.0,309.0,286.0,2.0,5.0,3.0,0.017925002,0.017925002,-25.045898,-0.23186684,0.0028233528,-0.029044755,-0.0025012307,-0.023642495,0.58464956,0.553101,-0.03154856,0.4540842,0.4409236,-0.013160586,0.4566981,0.44836938,-0.008328706,0.49951065,0.48574188,-0.013768762
7,214,17549,2.0,57.0,55.0,1.0,1.0,0.0,0.020908274,0.020908274,-51.66165,-1.6251774,6.464496e-05,-0.024643395,-0.0013424382,-0.019341998,0.22291404,0.26939094,0.0464769,-0.12222746,-0.07330607,0.04892139,-0.13969077,-0.08733411,0.05235666,-0.099166505,-0.04527193,0.053894576
7,215,17595,1.0,115.0,114.0,1.0,1.0,0.0,-0.0029629543,-0.0029629543,-63.097504,-2.270712,-0.0074835345,-0.04040505,-0.010930236,-0.035462074,0.3441646,0.3272407,-0.016923904,-0.08412297,0.41770858,0.50183153,-0.09058111,0.40175876,0.49233988,-0.02944658,0.42245618,0.45190275
7,216,17776,12.0,222.0,210.0,4.0,3.0,-1.0,0.015498139,0.015498139,-11.503876,0.43874168,0.0059555136,-0.030955687,0.0021544695,-0.02806566,0.14318196,0.13559638,-0.007585585,0.20409891,0.16534129,-0.038757622,0.2077322,0.17269002,-0.03504218,0.21010837,0.18329957,-0.026808798
7,217,17794,1.0,45.0,44.0,1.0,1.0,0.0,0.01002669,0.01002669,-53.48575,-2.0817623,6.457418e-05,-0.026771903,0.0003416948,-0.025294747,-0.27951646,0.07904422,0.35856068,-0.095655,0.13698849,0.23264349,-0.102272764,0.131011,0.23328376,-0.12922946,0.13763592,0.26686537
7,218,17934,111.0,652.0,541.0,1.0,1.0,0.0,0.008913897,0.008913897,-15.606903,-0.028995514,-0.0027143117,-0.028457988,-0.0038272925,-0.030656923,0.49054596,0.45824298,-0.032302976,0.07706641,0.23995769,0.16289128,0.059765644,0.22236526,0.16259962,0.10324693,0.26836285,0.16511592
7,219,17942,13.0,411.0,398.0,1.0,7.0,6.0,0.0015405566,0.0015405566,-1.3822632,0.55918694,-0.0065576844,-0.025511596,-0.007376209,-0.024534792,0.067163356,0.23996267,0.17279932,0.25971204,0.104874514,-0.15483752,0.2517678,0.101459235,-0.15030858,0.24943863,0.12773941,-0.121699214
7,220,18268,16.0,415.0,399.0,1.0,1.0,0.0,0.010086395,0.010086395,-40.16339,-1.6934624,-0.00091940165,-0.02794671,-0.0024462193,-0.029518291,0.19271488,0.2629055,0.07019062,0.15126792,0.02059721,-0.13067071,0.15399675,0.029350538,-0.12464622,0.17045188,0.07723461,-0.09321727
7,221,18434,1.0,15.0,14.0,1.0,1.0,0.0,0.008614711,0.008614711,-105.38629,-4.0938396,-0.010529831,-0.026406582,-0.009113252,-0.027981285,0.691264,0.68648565,-0.0047783256,0.5819624,0.6291989,0.047236502,0.59808415,0.6460514,0.047967255,0.6245437,0.664396,0.03985226
7,222,18483,1.0,33.0,32.0,1.0,1.0,0.0,0.017923478,0.017923478,-15.90448,-0.10673523,-0.002491612,-0.021090057,-0.003400568,-0.01858339,0.24726345,0.24930821,0.0020447671,0.12147974,0.13420223,0.012722485,0.09127444,0.13141143,0.040136993,0.12325262,0.16950288,0.04625026
7,223,18505,15.0,75.0,60.0,11.0,1.0,-10.0,0.03312912,0.03312912,-37.315216,-1.2162533,0.010005429,-0.02373252,0.007852532,-0.012426648,0.16936298,0.1699614,0.00059841573,-0.032928444,-0.13744265,-0.104514204,-0.045791984,-0.14715491,-0.10136293,-0.010571863,-0.12172523,-0.11115337
7,224,18535,1.0,237.0,236.0,3.0,3.0,0.0,0.006908763,0.006908763,-31.600159,-0.92120934,0.0034863874,-0.033015482,0.00069484115,-0.030582767,0.5601684,0.62134534,0.061176956,0.49397585,0.3307539,-0.16322196,0.49664915,0.31251284,-0.1841363,0.5320059,0.3653289,-0.166677
7,225,18543,1.0,6.0,5.0,1.0,2.0,1.0,0.02987583,0.02987583,-43.05081,-1.0485191,-0.00338557,-0.0105276145,-0.0042257532,-0.011787973,0.5247652,0.47726646,-0.047498733,0.3471009,0.40845934,0.061358422,0.34700117,0.4150931,0.06809193,0.38675508,0.43663606,0.04988098
7,226,18690,1.0,29.0,28.0,1.0,1.0,0.0,0.0050134584,0.0050134584,-86.864136,-3.0327358,-0.0054233,-0.035222147,-0.005976811,-0.038043,0.22175921,0.19132221,-0.030437008,0.0011757214,0.0016353953,0.00045967393,0.0033249403,0.015518806,0.012193866,0.026732408,0.03909527,0.012362864
7,227,18796,4.0,2.0,-2.0,6.0,10.0,4.0,0.0462387,0.0462387,-11.710999,0.30323982,0.00867125,0.0058302246,0.0019214079,0.0057325624,0.0848373,0.024720324,-0.060116976,0.027420357,-0.003324878,-0.030745234,0.01988595,-0.017991854,-0.037877806,0.028250776,-0.013901597,-0.042152375
7,228,19074,6.0,100.0,94.0,2.0,2.0,0.0,0.018329218,0.018329218,-29.979492,-0.99983406,-0.00077431276,-0.01645432,-0.0031867102,-0.01880423,0.1776857,0.16640726,-0.011278436,0.02056937,0.12531455,0.10474518,0.036325894,0.12253028,0.08620439,0.055159993,0.13869728,0.08353729
7,229,19181,26.0,344.0,318.0,8.0,1.0,-7.0,0.021318043,0.021318043,-40.576416,-1.7101307,0.0073521826,-0.021864695,0.0064123515,-0.021084296,0.30296993,0.41665164,0.113681704,0.1924185,0.26983035,0.077411845,0.18453054,0.2784458,0.09391527,0.21609877,0.317224,0.101125225
7,230,19199,1.0,8.0,7.0,1.0,1.0,0.0,0.018128328,0.018128328,-52.906647,-1.4451942,-0.0041091517,-0.019387938,-0.006047696,-0.019118559,0.6023618,0.6708219,0.06846011,0.5233954,0.42606223,-0.09733319,0.5435425,0.4477439,-0.09579861,0.5662483,0.5012008,-0.0650475
7,231,19200,1.0,2.0,1.0,1.0,1.0,0.0,0.028185494,0.028185494,-46.182983,-1.4797497,-0.0064132586,-0.0115722045,-0.009513479,-0.011426285,0.73310584,0.76438534,0.031279504,0.6511068,0.6594281,0.008321345,0.6643149,0.68047863,0.016163707,0.6966071,0.7129185,0.016311407
7,232,19292,20.0,356.0,336.0,15.0,2.0,-13.0,0.01623702,0.01623702,-28.807129,-0.68076324,0.009588417,-0.031341806,0.0071460456,-0.02970796,0.014419057,0.10652978,0.09211072,0.17009322,0.20890994,0.03881672,0.20127994,0.21798225,0.01670231,0.18997222,0.21691436,0.026942134
7,233,19436,2.0,69.0,67.0,1.0,1.0,0.0,0.009643931,0.009643931,-3.8518982,0.6615238,-0.006136745,-0.012878422,-0.011137795,-0.025895607,0.53971404,0.5350008,-0.0047132373,0.33522612,0.5025862,0.16736007,0.32224336,0.5107491,0.18850574,0.36037946,0.5317051,0.17132562
7,234,19573,341.0,765.0,424.0,179.0,572.0,393.0,0.018262867,0.018262867,-21.644135,-0.6292572,0.00024119392,-0.014068052,0.00082405657,-0.016651008,0.21569198,0.33228394,0.11659196,-0.06537334,0.37494513,0.44031847,-0.11859335,0.3567517,0.47534508,-0.07378237,0.36800772,0.4417901
7,235,19642,55.0,67.0,12.0,1.0,3.0,2.0,0.033526756,0.033526756,8.082184,1.1142883,-0.0031012557,-0.0153987855,-0.0018818416,-0.006760046,-0.041122183,-0.024814408,0.016307775,-0.056533683,-0.030801598,0.025732085,-0.039345603,-0.02751268,0.011832923,-0.04263247,-0.029235985,0.013396487
7,236,19672,249.0,985.0,736.0,22.0,45.0,23.0,-0.0033043716,-0.0033043716,-15.544769,0.284544,0.0020924788,-0.04967285,-0.001329178,-0.04734383,0.2562812,0.29945052,0.04316932,0.2799778,0.22951543,-0.050462365,0.28094265,0.22778352,-0.053159133,0.30089444,0.26251784,-0.0383766
7,237,19690,61.0,128.0,67.0,47.0,41.0,-6.0,0.030239902,0.030239902,-3.945282,0.5495205,0.009469654,-0.009812269,0.0064035393,-0.0075215697,-0.035817314,-0.0166607,0.019156614,0.110247366,0.19472143,0.084474064,0.11229398,0.22292629,0.11063231,0.10338506,0.20791702,0.10453196
7,238,19933,4.0,135.0,131.0,2.0,2.0,0.0,0.01817473,0.01817473,-25.888397,-0.79400635,-0.0007430874,-0.020564489,0.0017336011,-0.026322793,0.05363231,0.09604015,0.04240784,-0.006081905,0.02053265,0.026614556,-0.024852047,0.0022731924,0.02712524,-0.017474443,0.018177107,0.03565155
7,239,20054,1.0,71.0,70.0,1.0,1.0,0.0,0.0015133023,0.0015133023,-69.67291,-2.2425537,-0.009249322,-0.038895283,-0.0059640035,-0.036844265,0.47651076,0.35193232,-0.124578446,0.37150764,0.060967937,-0.31053972,0.4465981,0.16109431,-0.2855038,0.49316907,0.23141533,-0.26175374
7,240,20064,6.0,88.0,82.0,1.0,4.0,3.0,0.021505237,0.021505237,-42.70099,-1.4946823,-0.0038429014,-0.025838047,-0.0039309226,-0.019541554,-0.08936407,0.02794694,0.11731101,-0.06930848,-0.0647419,0.00456658,-0.08519917,-0.07304177,0.012157403,-0.093387775,-0.06484408,0.028543696
7,241,20080,9.0,148.0,139.0,6.0,6.0,0.0,0.017351415,0.017351415,-8.920837,-0.032564163,0.0019728653,-0.01176133,0.00054044276,-0.014903445,0.4031187,0.37317127,-0.02994743,0.21962725,0.24758339,0.027956143,0.2415498,0.26892424,0.027374431,0.28425056,0.3030255,0.018774956
7,242,20206,10.0,188.0,178.0,8.0,5.0,-3.0,0.019640706,0.019640706,-46.690765,-2.0571384,0.0056786016,-0.021897,0.0044635795,-0.021179598,0.08959934,0.04723694,-0.0423624,-0.02566731,-0.04684583,-0.021178521,-0.03975989,-0.05746439,-0.017704502,-0.020329446,-0.04474131,-0.024411865
7,243,20223,1.0,134.0,133.0,1.0,1.0,0.0,0.0047807693,0.0047807693,-52.68393,-2.2209015,-0.00034358725,-0.036654033,-0.0007439852,-0.036265407,0.10292966,0.14867401,0.045744352,-0.025543999,-0.041591283,-0.016047284,0.039563186,0.0027832289,-0.03677996,0.051083505,0.020072194,-0.031011311
7,244,20265,1.0,94.0,93.0,1.0,1.0,0.0,0.00816758,0.00816758,-27.284393,-0.4432125,-0.00556577,-0.03627721,-0.0057212412,-0.033254903,0.701591,0.70449746,0.0029064417,0.39594695,0.3702647,-0.02568224,0.44403356,0.4051417,-0.038891852,0.50479466,0.47256732,-0.032227337
7,245,20307,4.0,83.0,79.0,1.0,1.0,0.0,0.021189578,0.021189578,2.9793396,0.9748192,-0.0053045116,-0.012181077,-0.0072230548,-0.016170181,0.6253804,0.62441534,-0.0009650588,0.48203567,0.55137306,0.0693374,0.4838739,0.57128423,0.08741033,0.52907044,0.5998666,0.07079619
7,246,20442,1.0,25.0,24.0,1.0,1.0,0.0,0.017941177,0.017941177,-48.682434,-1.8642788,-0.011363972,-0.031759985,-0.009113152,-0.02985989,0.0503543,0.033899326,-0.016454972,0.12496344,0.016170006,-0.10879344,0.1333576,0.030950133,-0.10240747,0.12439297,0.034748264,-0.08964471
7,247,20633,2.0,70.0,68.0,1.0,1.0,0.0,0.008877058,0.008877058,-66.61673,-3.1519547,-0.0060375147,-0.021155585,-0.008351892,-0.023955446,0.5652529,0.5297195,-0.03553343,0.46243253,0.44060224,-0.02183029,0.46777236,0.4477079,-0.020064473,0.51634437,0.49234992,-0.023994446
7,248,20650,70.0,593.0,523.0,2.0,5.0,3.0,0.010194674,0.010194674,-39.874268,-0.9969444,0.0009326488,-0.024008043,-0.0022414252,-0.02530412,0.48298424,0.5682983,0.085314035,-0.055738874,0.28734368,0.34308255,-0.008366666,0.28870657,0.29707325,0.08970027,0.346869,0.2571687
7,249,20702,1.0,8.0,7.0,1.0,1.0,0.0,0.025464073,0.025464073,5.0816345,1.0614662,-0.0011404492,-0.027620532,-0.0046734437,-0.021298151,0.51799667,0.52269524,0.0046985745,0.40020993,0.40686196,0.0066520274,0.39798254,0.41173783,0.013755292,0.4299107,0.44311816,0.013207465
7,250,20738,1.0,2.0,1.0,1.0,1.0,0.0,0.016019374,0.016019374,-13.806976,0.14067078,-0.013457619,-0.017171346,-0.0144359805,-0.017888017,0.585662,0.47759348,-0.108068526,0.52031124,0.58598596,0.06567472,0.56627506,0.627906,0.061630964,0.59222263,0.6369472,0.044724584
7,251,20777,5.0,220.0,215.0,1.0,2.0,1.0,0.011099815,0.011099815,-36.11682,-1.0450249,-0.0039049163,-0.030364536,-0.0031834953,-0.02546424,-0.087416336,-0.14880985,-0.061393514,-0.2674405,0.077290416,0.3447309,-0.26735103,0.0735102,0.34086123,-0.26827174,0.046508566,0.3147803
7,252,20820,7.0,81.0,74.0,2.0,2.0,0.0,0.020949882,0.020949882,5.1835938,1.099556,0.0034859404,-0.021421045,0.0013828389,-0.017876558,0.16931544,0.071684785,-0.09763066,0.10825486,0.04812383,-0.06013103,0.11809706,0.06352464,-0.05457242,0.12861341,0.06751016,-0.061103255
7,253,21108,2.0,86.0,84.0,1.0,1.0,0.0,0.008644465,0.008644465,-88.17349,-3.81464,-0.0015546605,-0.022008907,0.0017361678,-0.029498521,0.350292,0.33532298,-0.014969021,-0.052041564,-0.07257774,-0.020536173,-0.0041873227,-0.053390037,-0.049202714,0.073514484,0.01991138,-0.053603105
7,254,21192,1.0,348.0,347.0,1.0,1.0,0.0,-0.016118187,-0.016118187,-83.473114,-3.722908,-0.008208141,-0.047985215,-0.00942564,-0.04967972,0.22854498,0.2842245,0.05567953,0.13048288,0.10149809,-0.028984793,0.14830638,0.12017397,-0.028132416,0.17955954,0.16193818,-0.017621368
7,255,21194,2.0,200.0,198.0,1.0,1.0,0.0,0.010213051,0.010213051,-34.05487,-1.2091179,-0.0034741648,-0.02270355,-0.004524138,-0.026059572,0.51325077,0.46198887,-0.0512619,0.0894252,0.31617472,0.22674951,0.08334341,0.32763183,0.24428841,0.13759896,0.38027447,0.24267551
7,256,21197,92.0,392.0,300.0,120.0,136.0,16.0,0.02046179,0.02046179,3.0754395,1.032711,0.0020943396,-0.011398595,0.0040740594,-0.016709618,-0.32720953,-0.2779699,0.049239635,-0.1423492,-0.3161486,-0.17379941,-0.14737937,-0.32253462,-0.17515525,-0.18204956,-0.33381823,-0.15176867
7,257,21218,24.0,58.0,34.0,11.0,12.0,1.0,0.03255127,0.03255127,1.3738403,0.98576736,0.005348921,-0.00982758,0.0030171983,-0.009692233,-0.0033512493,0.12886702,0.13221827,-0.13411963,-0.13560593,-0.0014863014,-0.13664685,-0.15658809,-0.01994124,-0.13375857,-0.1415262,-0.0077676326
7,258,21253,1.0,145.0,144.0,1.0,1.0,0.0,0.0074185207,0.0074185207,-70.24936,-2.3540878,-0.003140822,-0.038606085,-0.0017883331,-0.034320347,0.74950224,0.76600724,0.016505003,0.5613653,0.5659245,0.004559219,0.5772958,0.58624023,0.008944452,0.63581574,0.6534306,0.017614841
7,259,21279,1.0,62.0,61.0,1.0,1.0,0.0,0.014090974,0.014090974,-69.57181,-3.0857735,-0.0048976876,-0.028676543,-0.0059304833,-0.027244788,0.34012854,0.30505306,-0.035075486,0.3537451,-0.055892836,-0.40963793,0.38570836,-0.062320597,-0.44802895,0.3983896,-0.030210273,-0.4285999
7,260,21318,67.0,13.0,-54.0,76.0,103.0,27.0,0.045257118,0.045257118,-7.4582214,0.74318886,0.002902355,0.004539788,0.0033611394,0.005800031,-0.071868174,0.00043938588,0.07230756,-0.02230314,-0.0704406,-0.048137456,-0.03556888,-0.07947073,-0.04390185,-0.04412096,-0.073906966,-0.029786006
7,261,21508,12.0,409.0,397.0,4.0,2.0,-2.0,0.009064898,0.009064898,1.6445007,0.7799549,0.009082001,-0.030556899,0.0020745285,-0.02753717,0.6739378,0.7122436,0.03830582,0.20688255,0.10600194,-0.10088061,0.20437224,0.09099513,-0.11337711,0.28849223,0.18182416,-0.10666807
7,262,21526,108.0,390.0,282.0,39.0,12.0,-27.0,0.02360322,0.02360322,-32.13495,-1.1361446,0.0106004365,-0.01821405,0.008588433,-0.018212516,0.006782953,0.112714395,0.10593144,0.07478763,0.023695871,-0.05109176,0.07999895,0.03136733,-0.048631616,0.08119032,0.04118663,-0.040003687
7,263,21553,1.0,25.0,24.0,1.0,1.0,0.0,0.018453635,0.018453635,-51.941345,-2.1073341,-0.0041863024,-0.02710757,-0.0035316274,-0.023049086,0.8218847,0.8030685,-0.018816173,0.7100445,0.70157695,-0.008467555,0.7187923,0.7112744,-0.007517934,0.7509531,0.7400348,-0.01091826
7,264,21601,1.0,6.0,5.0,1.0,1.0,0.0,0.015381034,0.015381034,-119.20642,-5.7747,0.0022975132,-0.016589545,7.824972e-05,-0.016624011,0.18461528,0.17908758,-0.005527705,0.10365097,0.095242865,-0.008408107,0.09423816,0.07124657,-0.02299159,0.1089891,0.10865786,-0.0003312379
7,265,21703,2.0,75.0,73.0,7.0,16.0,9.0,0.02474657,0.02474657,-4.563843,0.4411831,0.0018181279,-0.022080362,0.00022589043,-0.01886683,0.051591545,0.1260864,0.07449485,0.015980376,0.11303442,0.09705404,0.06482119,0.13559088,0.07076969,0.06790902,0.14236397,0.07445495
7,266,21950,1.0,1.0,0.0,1.0,1.0,0.0,0.03841859,0.03841859,-23.723694,-0.5537472,0.0015377365,-0.006465163,-0.0032732114,-0.0038541853,0.5365535,0.5514956,0.01494211,0.14830685,0.3530286,0.20472175,0.16606554,0.39171737,0.22565183,0.20940827,0.43150005,0.22209178
7,267,21989,6.0,631.0,625.0,1.0,11.0,10.0,0.002142433,0.002142433,9.98587,1.3791695,-0.00689495,-0.047033258,-0.0054973774,-0.0419165,0.40158808,0.37960598,-0.021982104,0.054000497,0.023930723,-0.030069774,0.060610037,0.017470144,-0.043139894,0.122547366,0.080018945,-0.04252842
7,268,22138,6.0,167.0,161.0,1.0,2.0,1.0,0.011768796,0.011768796,-8.507324,0.5252495,-0.0116715245,-0.025906287,-0.005122926,-0.02630039,0.73377717,0.6812472,-0.05252999,0.32996812,0.2762918,-0.053676337,0.3298859,0.2646199,-0.06526601,0.4218497,0.33849138,-0.08335832
7,269,22143,2.0,14.0,12.0,1.0,2.0,1.0,0.027925234,0.027925234,-1.5352478,0.8656044,-0.006986972,-0.01240661,-0.008131638,-0.009925548,0.5589336,0.57001364,0.011080027,0.02170938,0.14391278,0.122203395,0.0043073623,0.13619404,0.13188668,0.06693961,0.186031,0.11909139
7,270,22155,274.0,58.0,-216.0,564.0,553.0,-11.0,0.046776958,0.046776958,-20.823303,-0.72662354,0.016700216,0.009699022,0.015189566,0.008851027,-0.26748657,-0.2678337,-0.00034713745,-0.18478383,0.0359474,0.22073123,-0.20397885,0.025138596,0.22911745,-0.22606735,-0.022361351,0.203706
7,271,22263,2.0,57.0,55.0,1.0,1.0,0.0,0.0066688284,0.0066688284,-27.770813,-0.37234497,-0.006835036,-0.022193678,-0.0069776587,-0.02758827,-0.0042429725,0.023398831,0.027641803,0.06897357,0.13983966,0.07086609,0.0954033,0.15566154,0.06025824,0.08817376,0.14829347,0.060119703
7,272,22387,1.0,51.0,50.0,1.0,1.0,0.0,0.009485722,0.009485722,-9.723938,0.37605667,-0.0037766285,-0.031390328,-0.0047699213,-0.028186858,0.006000288,0.06510004,0.05909975,0.24551149,0.18298233,-0.06252916,0.2580985,0.21277288,-0.045325637,0.23893571,0.20379633,-0.035139382
7,273,22495,1.0,235.0,234.0,1.0,6.0,5.0,0.004749745,0.004749745,-16.213135,-0.22852325,-0.004116047,-0.036762953,-0.0060832165,-0.03400763,0.29557967,0.4237678,0.12818813,0.30901566,0.3752165,0.06620085,0.31147087,0.38913488,0.07766402,0.3345943,0.4217404,0.0871461
7,274,22505,2.0,30.0,28.0,4.0,2.0,-2.0,0.02390971,0.02390971,-20.657318,-0.23277092,0.00487905,-0.019075245,0.0018343106,-0.017435327,0.13135861,-0.026130015,-0.15748863,0.21779615,0.060276475,-0.15751967,0.23117207,0.042655453,-0.18851662,0.23205411,0.037028458,-0.19502565
7,275,22515,13.0,220.0,207.0,1.0,4.0,3.0,0.015925929,0.015925929,-22.520477,-0.057720184,-0.003837917,-0.029210754,-0.0031019412,-0.025577504,0.20430478,0.29037106,0.086066276,-0.023419954,0.10480644,0.1282264,-0.024150262,0.11079404,0.1349443,0.008731987,0.14301787,0.13428588
7,276,22523,1.0,177.0,176.0,1.0,1.0,0.0,-0.005704798,-0.005704798,-25.143097,-0.7683449,-0.0072905757,-0.050699554,-0.009324446,-0.04562071,-0.017011771,0.00342436,0.02043613,0.2809794,0.18239713,-0.09858227,0.30791503,0.20174661,-0.10616842,0.29735953,0.19648674,-0.100872785
7,277,22530,23.0,15.0,-8.0,3.0,2.0,-1.0,0.04159542,0.04159542,22.609161,1.841259,0.001846496,-0.0039738305,0.00040123612,0.001363691,0.36281586,0.39383352,0.031017661,0.42248592,0.41208893,-0.010396987,0.43657997,0.42623278,-0.0103471875,0.44692802,0.43820858,-0.008719444
7,278,22585,6.0,137.0,131.0,2.0,3.0,1.0,0.021371447,0.021371447,-8.962219,0.14108276,0.0016817898,-0.021712333,-0.00073231384,-0.019843083,0.099933796,0.25323847,0.15330467,0.10992528,-0.044198222,-0.1541235,0.096023075,-0.049535744,-0.14555882,0.101302974,-0.029572854,-0.13087583
7,279,22587,1.0,4.0,3.0,1.0,1.0,0.0,0.017298996,0.017298996,-76.1821,-3.2578335,-0.012860153,-0.023965951,-0.010430783,-0.02048703,0.08139372,0.107329026,0.025935307,0.053853005,0.07248675,0.018633746,0.09639783,0.08420815,-0.012189679,0.10176772,0.10309121,0.0013234913
7,280,22772,5.0,65.0,60.0,1.0,1.0,0.0,0.023962568,0.023962568,-1.4196472,0.899086,-0.0019602478,-0.018082384,-0.002670221,-0.014772888,-0.13949254,-0.2655659,-0.12607336,-0.12928724,0.0025901177,0.13187736,-0.15859273,-0.021647064,0.13694566,-0.16291092,-0.0598542,0.10305673
7,281,22782,1.0,253.0,252.0,1.0,1.0,0.0,0.001966577,0.001966577,-44.50354,-1.6716862,-0.007358007,-0.0429086,-0.0068946406,-0.03644972,-0.29414606,-0.3039593,-0.009813249,-0.2972171,-0.23997705,0.057240054,-0.30897248,-0.23971464,0.06925784,-0.31693554,-0.25965497,0.05728057
7,282,22794,1.0,30.0,29.0,2.0,6.0,4.0,0.020201497,0.020201497,-15.90744,0.054128647,0.002855599,-0.018327333,-0.004101187,-0.019499313,0.1490356,0.16213591,0.013100311,0.052273016,0.14835554,0.09608252,0.05668256,0.15717675,0.10049419,0.073264375,0.16328627,0.09002189
7,283,22809,4.0,362.0,358.0,1.0,1.0,0.0,0.0014569871,0.0014569871,-67.41696,-2.4783573,-0.0033456236,-0.028773703,-0.004874699,-0.033728015,0.33168328,0.39567757,0.06399429,0.23697516,0.23597987,-0.0009952933,0.24132937,0.24848528,0.00715591,0.27121556,0.28336585,0.012150288
7,284,22845,57.0,194.0,137.0,74.0,49.0,-25.0,0.028886333,0.028886333,12.2552185,1.4228725,0.006787356,-0.016887464,0.0062429905,-0.013160344,0.36676887,0.391115,0.024346143,0.5031153,0.518024,0.014908731,0.51618713,0.5205875,0.0044003725,0.533753,0.5487309,0.014977932
7,285,22873,17.0,190.0,173.0,1.0,1.0,0.0,0.019969776,0.019969776,2.6251526,0.90421104,-0.0011257865,-0.025293395,-0.0014721528,-0.01961065,0.18261231,0.20713302,0.02452071,-0.07005073,-0.06121306,0.00883767,-0.06181255,-0.049606502,0.012206048,-0.044596583,-0.0302606,0.0143359825
7,286,22879,1.0,36.0,35.0,1.0,1.0,0.0,0.012203492,0.012203492,-33.45221,-1.0275326,0.0045227706,-0.035545845,0.00032816827,-0.03405149,0.14359401,0.15480661,0.011212602,0.09218144,0.15400779,0.061826356,0.109308355,0.1820235,0.07271514,0.12185808,0.1921426,0.07028452
7,287,22886,3.0,178.0,175.0,2.0,5.0,3.0,0.011269193,0.011269193,-12.152832,0.33564377,0.0006754026,-0.030858204,-0.004617214,-0.026168663,0.14974499,0.17354426,0.02379927,-0.028745832,0.07570774,0.10445357,-0.07182603,0.037387617,0.10921365,-0.04863261,0.06468924,0.113321856
7,288,22957,1.0,35.0,34.0,1.0,1.0,0.0,0.019075789,0.019075789,-22.702057,-0.15428734,-0.006719198,-0.022763561,-0.0066083595,-0.015412912,-0.013004915,-0.07627555,-0.063270636,-0.09054305,-0.08029034,0.010252707,-0.08870429,-0.07604177,0.012662515,-0.081512876,-0.07857301,0.002939865
7,289,22967,1.0,83.0,82.0,1.0,1.0,0.0,-0.005032569,-0.005032569,-72.50159,-2.770134,-0.007221371,-0.05269431,-0.010482922,-0.049834386,0.0456351,0.010984888,-0.034650214,0.21747273,0.24758019,0.030107453,0.22122441,0.25121728,0.029992864,0.20537397,0.22953084,0.024156868
7,290,22993,15.0,102.0,87.0,1.0,1.0,0.0,0.026518151,0.026518151,-9.856537,0.24085617,-0.0027153343,-0.013231367,-0.003045816,-0.01277953,0.64585084,0.6756932,0.029842377,0.5287271,0.6479586,0.11923146,0.5376942,0.6702103,0.13251609,0.56600434,0.6975834,0.13157904
7,291,23036,1.0,211.0,210.0,1.0,1.0,0.0,-0.00034166127,-0.00034166127,-19.646088,-0.44363403,-0.008432984,-0.04809843,-0.009956073,-0.045460343,0.30061057,0.40402088,0.1034103,0.4506262,0.46989092,0.019264728,0.47380066,0.46559614,-0.00820452,0.49481523,0.4876508,-0.0071644187
7,292,23241,104.0,257.0,153.0,47.0,2.0,-45.0,0.03260561,0.03260561,-21.645447,-0.3075199,0.017465321,-0.018327272,0.013842201,-0.012612155,-0.19267961,-0.14539233,0.047287285,-0.1829004,-0.08524333,0.09765707,-0.17972003,-0.07667613,0.1030439,-0.19170552,-0.087132916,0.10457261
7,293,23492,144.0,809.0,665.0,5.0,2.0,-3.0,0.008392865,0.008392865,13.472229,1.8367252,-0.0012375768,-0.03357263,0.0006126333,-0.032139227,0.21671243,0.24314113,0.0264287,0.12716356,0.171432,0.044268444,0.14925736,0.17423841,0.024981052,0.16859627,0.18799038,0.019394115
7,294,23715,1.0,61.0,60.0,1.0,1.0,0.0,0.0173609,0.0173609,10.191711,1.5426025,-0.0049415603,-0.028075166,-0.007855628,-0.023103151,0.41046238,0.38317767,-0.027284712,0.10690262,0.14837678,0.041474156,0.087589875,0.14104475,0.053454876,0.12275902,0.17687783,0.054118805
7,295,23729,1.0,387.0,386.0,1.0,1.0,0.0,-0.011339292,-0.011339292,-22.550201,-0.45069885,-0.00015567243,-0.050742004,-0.0079807155,-0.04865059,0.10486691,-0.07118617,-0.17605308,0.22385119,0.36964074,0.14578955,0.22456087,0.3639711,0.13941024,0.22475216,0.35231394,0.12756178
7,296,23871,34.0,184.0,150.0,9.0,12.0,3.0,0.024333995,0.024333995,-20.646545,-0.50159645,-0.002825845,-0.017323852,-0.0009967498,-0.016930375,0.35715863,0.311689,-0.04546964,0.30539182,0.24489968,-0.060492143,0.31895506,0.24775223,-0.07120283,0.34208658,0.2911358,-0.050950795
7,297,23876,9.0,6.0,-3.0,8.0,12.0,4.0,0.04256329,0.04256329,-1.7499084,0.6045532,0.0034792162,0.0038011372,0.00047332048,0.0017375723,-0.008005428,0.056252472,0.0642579,-0.012866955,0.022201953,0.035068907,-0.012485731,0.017844044,0.030329775,-0.012805787,0.023171967,0.035977755
7,298,23883,1.0,357.0,356.0,27.0,5.0,-22.0,0.006335348,0.006335348,-22.153656,-0.7916889,0.005861357,-0.041012757,0.0044009574,-0.040385913,0.18064213,0.1310328,-0.049609333,0.016132645,0.045555405,0.02942276,0.019699361,0.0728682,0.053168837,0.044779878,0.090329796,0.045549918
7,299,23993,1.0,2.0,1.0,1.0,4.0,3.0,0.036093425,0.036093425,-2.48526,0.821743,-0.009854384,-0.005050704,-0.008990273,-0.0046495907,0.15933953,0.18053743,0.0211979,-0.0108443685,-0.0691328,-0.05828843,-0.001061431,-0.06724642,-0.06618499,0.013919981,-0.050282475,-0.06420246
7,300,24202,1.0,2.0,1.0,2.0,1.0,-1.0,0.03521341,0.03521341,-52.89328,-2.021675,0.0053036064,-0.0024328083,-0.0012145787,-1.9595027e-06,0.22586834,0.25138357,0.025515229,-0.029161159,0.0023404055,0.031501565,-0.060623053,-0.01258866,0.048034392,-0.019098906,0.029527493,0.0486264
7,301,24214,2.0,59.0,57.0,2.0,1.0,-1.0,0.0142268725,0.0142268725,-57.21576,-1.1007233,0.0035960265,-0.026601695,0.000944335,-0.031691704,0.36026675,0.5237431,0.16347635,0.48699525,0.40509987,-0.08189538,0.5206502,0.4240424,-0.096607804,0.5285614,0.46396545,-0.06459597
7,302,24264,1.0,11.0,10.0,1.0,1.0,0.0,0.011388369,0.011388369,-42.232086,-1.4333439,-0.0025840066,-0.022772387,-0.0050698817,-0.02503223,0.71544075,0.7457038,0.030263066,0.56793135,0.62706655,0.0591352,0.5721829,0.67312574,0.10094285,0.602445,0.7130395,0.11059451
7,303,24317,1.0,98.0,97.0,1.0,1.0,0.0,0.013542455,0.013542455,-25.449554,-0.36361885,-0.0026214942,-0.027764373,-0.0032084994,-0.030248333,0.5558214,0.587276,0.031454563,0.45312113,0.3671428,-0.08597833,0.47708958,0.37460712,-0.10248247,0.519443,0.4368849,-0.082558066
7,304,24480,21.0,32.0,11.0,8.0,14.0,6.0,0.035506863,0.035506863,3.7497559,1.1271286,0.0019743256,-0.004318986,0.0031022206,-0.0028165057,0.06618633,0.048032235,-0.018154096,-0.14314318,-0.058213376,0.0849298,-0.14613926,-0.059372853,0.08676641,-0.13779247,-0.053612433,0.084180035
7,305,24517,7.0,129.0,122.0,1.0,8.0,7.0,0.019746844,0.019746844,17.313171,1.6463451,-0.0039317124,-0.02917165,-0.006362498,-0.019412268,-0.1745317,-0.17976959,-0.0052378923,-0.01703566,-0.021602249,-0.0045665894,-0.058577143,-0.065189265,-0.006612122,-0.08067732,-0.08607708,-0.005399756
7,306,24530,519.0,102.0,-417.0,347.0,620.0,273.0,0.04745549,0.04745549,-20.496826,-0.3090458,0.009273404,0.0068858117,0.010493265,0.009112099,-0.025096858,-0.043224834,-0.018127976,-0.021453302,-0.0034652012,0.0179881,-0.0029187307,0.032485537,0.03540427,-0.007015019,0.02280914,0.02982416
7,307,24560,2.0,620.0,618.0,1.0,1.0,0.0,-0.014093507,-0.014093507,-35.700653,-1.0312366,-0.0031702593,-0.043109212,-0.005178988,-0.04824879,0.6462987,0.57829386,-0.06800485,0.42988974,0.44924885,0.019359112,0.46955502,0.48245537,0.0129003525,0.5066313,0.5099356,0.0033043027
7,308,24638,3.0,43.0,40.0,5.0,2.0,-3.0,0.02060588,0.02060588,-27.602173,-0.32954407,0.006121788,-0.015125383,0.003878206,-0.0138358995,0.2550379,0.10184916,-0.15318874,-0.011600717,0.08952211,0.10112283,0.018745903,0.15439832,0.13565242,0.05189143,0.16484275,0.11295132
7,309,24640,9.0,266.0,257.0,8.0,20.0,12.0,0.018142123,0.018142123,7.28537,1.2980652,-0.0014728196,-0.033899926,-0.0011984408,-0.02718079,0.10337231,0.11045524,0.0070829242,0.22376998,-0.03884488,-0.26261485,0.24543987,-0.030735629,-0.2761755,0.24420467,-0.014449472,-0.25865415
7,310,24649,9.0,215.0,206.0,12.0,11.0,-1.0,0.015759192,0.015759192,-25.051392,-0.69241333,0.0039296,-0.029128928,0.0038515814,-0.021459263,0.37506467,0.42385313,0.048788458,-0.033280242,-0.077149525,-0.043869283,-0.04071609,-0.07548973,-0.03477364,0.0049066357,-0.021395477,-0.026302112
7,311,24739,34.0,226.0,192.0,5.0,9.0,4.0,0.020251121,0.020251121,-15.723114,-0.17770767,-0.0031717606,-0.03144228,-0.0008026771,-0.02246574,-0.078496285,-0.14333461,-0.06483833,-0.13883394,0.06709773,0.20593166,-0.13927792,0.0887336,0.22801152,-0.14205758,0.06643643,0.20849401
7,312,24740,3.0,5.0,2.0,2.0,1.0,-1.0,0.031852305,0.031852305,-30.665222,-0.78406143,0.005581282,-0.0069774576,-0.0033876188,-0.005773347,0.16695651,0.120928295,-0.04602822,0.14155528,0.24562813,0.104072854,0.15063913,0.23595184,0.08531271,0.16272922,0.23985732,0.0771281
7,313,24787,3.0,48.0,45.0,2.0,3.0,1.0,0.023143046,0.023143046,-9.530884,0.23631477,0.0033613518,-0.020278513,-0.00047811866,-0.015230242,0.1463195,0.11737832,-0.028941177,-0.12622575,-0.14939779,-0.023172036,-0.127199,-0.13192149,-0.004722491,-0.10884603,-0.10116039,0.007685639
7,314,24846,1.0,168.0,167.0,1.0,1.0,0.0,-0.000450816,-0.000450816,-52.325317,-1.8848476,0.00011587143,-0.035979096,-0.0027415939,-0.035984468,0.57993245,0.55340034,-0.026532114,0.69255626,0.6205445,-0.07201177,0.7051722,0.63766867,-0.06750351,0.7334336,0.66873944,-0.064694166
7,315,25059,4.0,100.0,96.0,1.0,1.0,0.0,0.01736378,0.01736378,-7.108795,0.6523857,-0.007986605,-0.017747276,-0.008264545,-0.017049748,0.6548913,0.6676881,0.01279676,0.47457883,0.5170401,0.042461246,0.4833907,0.53898233,0.055591643,0.53080356,0.57866716,0.047863603
7,316,25091,1.0,6.0,5.0,5.0,8.0,3.0,0.031622842,0.031622842,-35.720306,-1.0857201,0.00038502365,-0.009909604,-0.0004242435,-0.010779906,0.23849991,0.22897072,-0.009529188,0.15819237,0.23904687,0.080854505,0.15120006,0.24193579,0.09073573,0.1702744,0.25274092,0.08246651
7,317,25111,4.0,56.0,52.0,1.0,1.0,0.0,0.020124625,0.020124625,-33.002228,-0.9927883,0.0005137995,-0.021281369,-3.1825155e-05,-0.016668499,0.36068955,0.34201884,-0.018670708,0.083867684,0.2259239,0.14205621,0.069636025,0.22680253,0.15716651,0.11105567,0.2658942,0.15483853
7,318,25205,12.0,295.0,283.0,12.0,9.0,-3.0,0.009606242,0.009606242,-0.35662842,0.6376667,0.0045747645,-0.024093106,0.004056167,-0.023611367,-0.44982764,-0.19550124,0.2543264,-0.2842773,-0.30787984,-0.023602545,-0.3061453,-0.3112518,-0.005106479,-0.34610778,-0.31144458,0.0346632
7,319,25250,1.0,20.0,19.0,1.0,1.0,0.0,0.012543656,0.012543656,-48.28604,-1.5041809,0.0005967878,-0.024041403,-0.0009115562,-0.027181298,0.085938156,0.14688812,0.060949966,0.03219245,0.16132548,0.12913303,0.044854894,0.18427487,0.13941997,0.051987913,0.19653223,0.14454432
7,320,25268,1.0,11.0,10.0,1.0,1.0,0.0,0.025115136,0.025115136,-21.12326,-0.396389,-0.00206564,-0.017948415,-0.002381701,-0.016752299,0.16144735,0.11270679,-0.04874056,0.008723608,-0.020037275,-0.028760884,0.0072712046,-0.0010232388,-0.008294444,0.036153924,0.018270029,-0.017883895
7,321,25284,1.0,8.0,7.0,1.0,2.0,1.0,0.015690759,0.015690759,-33.494476,-0.6773548,-0.0021155626,-0.029203434,-0.0057766438,-0.027297303,0.29148573,0.41574937,0.124263644,-0.056433566,0.028939988,0.08537355,-0.058420967,0.028454565,0.08687553,-0.009495888,0.0975207,0.10701659
7,322,25287,1.0,28.0,27.0,3.0,2.0,-1.0,0.021350235,0.021350235,-32.748016,-0.8406601,0.0032986589,-0.025426298,0.0013182722,-0.023239218,0.2737404,0.26586267,-0.007877737,0.21375689,0.14649515,-0.06726174,0.2180289,0.14019491,-0.077833995,0.23143794,0.16706423,-0.0643737
7,323,25318,2.0,43.0,41.0,1.0,1.0,0.0,0.014905747,0.014905747,-7.0343018,0.6777611,-0.0064159855,-0.01683214,-0.0057185553,-0.02095,0.23273833,0.32223323,0.0894949,0.26409516,0.23126654,-0.032828614,0.24245283,0.24692367,0.00447084,0.26791787,0.27895543,0.011037558
7,324,25319,14.0,11.0,-3.0,1.0,1.0,0.0,0.040938817,0.040938817,-12.771149,0.59981155,-0.005040411,-0.013303328,-0.007568229,-0.0017237552,-0.12376841,-0.07110783,0.052660584,-0.23502034,-0.21035072,0.024669617,-0.22514683,-0.19893926,0.026207566,-0.22604331,-0.19779736,0.028245956
7,325,25371,3.0,200.0,197.0,1.0,1.0,0.0,0.009464551,0.009464551,-8.474396,0.4199028,-0.0020926185,-0.030751232,-0.00492654,-0.028842099,0.047948476,0.22705019,0.1791017,-0.17452702,-0.090673186,0.08385383,-0.18479183,-0.094115146,0.09067669,-0.17492679,-0.06738865,0.10753814
7,326,25454,41.0,143.0,102.0,3.0,4.0,1.0,0.026193067,0.026193067,5.657959,1.2926083,0.003232181,-0.013678893,0.0002264604,-0.010147333,0.15461293,0.1340273,-0.020585626,-0.008362389,0.039704975,0.048067365,0.002222225,0.04787482,0.045652594,0.011646332,0.05666428,0.04501795
7,327,25570,1.0,16.0,15.0,1.0,2.0,1.0,0.018892258,0.018892258,-15.702881,-0.036771774,-0.0029397942,-0.019729767,-0.0035145842,-0.02287018,0.00888873,0.122153245,0.113264516,0.023199242,0.063765824,0.040566582,0.020316508,0.0543385,0.034021992,0.019742725,0.069519155,0.049776427
7,328,25578,1.0,35.0,34.0,1.0,1.0,0.0,0.02034957,0.02034957,-42.205353,-0.9196739,-0.00141754,-0.022397224,-0.004874058,-0.01825555,-0.035884015,-0.16594039,-0.13005638,0.016601108,-0.22453031,-0.24113142,0.04659009,-0.24677342,-0.2933635,0.039851792,-0.25523672,-0.2950885
7,329,25581,2.0,309.0,307.0,1.0,1.0,0.0,-0.0062225536,-0.0062225536,-81.147125,-3.527893,-0.007325582,-0.035769224,-0.0058973543,-0.04031205,-0.029397327,-0.07933335,-0.049936023,0.21665116,-0.012771571,-0.22942273,0.26844063,0.030773344,-0.23766729,0.24182023,0.014099831,-0.2277204
7,330,25588,7.0,359.0,352.0,2.0,44.0,42.0,0.008790918,0.008790918,3.1632385,1.0441017,-0.007553149,-0.029719297,-0.008965302,-0.028566353,0.80837417,0.79235446,-0.016019702,0.51332253,0.7043503,0.19102776,0.51568115,0.7154303,0.19974917,0.5976402,0.7486637,0.1510235
7,331,25602,423.0,234.0,-189.0,292.0,236.0,-56.0,0.040552847,0.040552847,-16.985504,0.03981781,0.008874347,-0.0019039065,0.009381121,-0.00052495487,0.017106984,0.09423633,0.07712935,0.22531667,0.06785611,-0.15746057,0.23479828,0.0684942,-0.16630408,0.22920828,0.075529926,-0.15367836
7,332,25693,11.0,10.0,-1.0,32.0,39.0,7.0,0.041549746,0.041549746,-43.06378,-1.4007797,0.0046131946,-0.0050166845,0.0036091954,-0.0013694838,-0.21605708,-0.2564732,-0.040416136,0.18534073,0.33069888,0.14535815,0.1748037,0.33523044,0.16042674,0.15500003,0.31353208,0.15853205
7,333,25702,8.0,597.0,589.0,1.0,1.0,0.0,0.0017751344,0.0017751344,-45.553345,-1.4214878,-0.0028251372,-0.03805756,-0.003286261,-0.03521606,0.53023344,0.5919516,0.061718166,-0.04898598,0.20187558,0.25086156,-0.036264088,0.20371574,0.23997983,0.02728573,0.28385848,0.25657275
7,334,25711,9.0,4.0,-5.0,2.0,2.0,0.0,0.03858025,0.03858025,12.917603,1.6631565,-4.054606e-05,-0.006199293,-0.00036886707,0.0007188991,0.327467,0.22454943,-0.10291757,-0.09927774,-0.115010045,-0.015732303,-0.116662875,-0.12416072,-0.007497847,-0.07701777,-0.09440752,-0.017389752
7,335,25741,2.0,190.0,188.0,14.0,15.0,1.0,0.016513739,0.016513739,-19.024902,-0.5546341,0.006426178,-0.031581383,0.0037739016,-0.0298529,0.5555372,0.5489313,-0.006605923,0.19650465,0.11485174,-0.08165291,0.21391508,0.12223055,-0.09168453,0.26204222,0.17664492,-0.0853973
7,336,25746,18.0,205.0,187.0,1.0,1.0,0.0,0.014708761,0.014708761,-29.33966,-0.19643402,-0.0066063963,-0.018925834,-0.006440554,-0.022674702,0.5320455,0.50447625,-0.027569234,0.46355242,0.33719215,-0.12636027,0.4762146,0.33836994,-0.13784465,0.50019187,0.37738174,-0.122810125
7,337,25881,2.0,136.0,134.0,3.0,6.0,3.0,0.010122627,0.010122627,0.19830322,0.7467499,-0.0016111284,-0.024479315,-0.0023954362,-0.024891187,0.38732907,0.31154254,-0.07578653,0.53295887,0.6341235,0.10116464,0.5412311,0.65970683,0.118475735,0.5550805,0.67144483,0.11636436
7,338,25906,1.0,342.0,341.0,1.0,1.0,0.0,0.0066646,0.0066646,-26.024231,-0.2991886,-0.0046576336,-0.04318601,-0.006147202,-0.038644195,0.20863111,0.20625412,-0.0023769885,-0.03090145,-0.14392541,-0.11302397,-0.027175229,-0.14083973,-0.11366449,-0.0048306673,-0.114919044,-0.11008838
7,339,25959,1.0,44.0,43.0,1.0,1.0,0.0,0.01901494,0.01901494,-39.196503,-1.2401066,-0.00021851435,-0.022311699,-0.0010641403,-0.023596488,-0.050552543,0.0075777797,0.058130324,-0.118231684,0.021555101,0.13978678,-0.13534832,-0.018458607,0.116889715,-0.13461201,-0.01569427,0.11891774
7,340,26119,3.0,55.0,52.0,2.0,1.0,-1.0,0.02347451,0.02347451,6.4035034,1.2332115,0.0030017495,-0.017979894,0.0022060163,-0.018583529,0.330719,0.34293592,0.012216926,0.04777722,0.116822354,0.069045134,0.042479943,0.12493267,0.08245273,0.071023665,0.15203997,0.08101631
7,341,26127,2.0,130.0,128.0,1.0,1.0,0.0,0.01192705,0.01192705,-3.3192444,0.86727905,-0.0019349568,-0.027012788,-0.006304793,-0.027322426,0.24508257,0.27579162,0.030709043,0.19271578,0.2530254,0.060309634,0.1981805,0.25998327,0.061802775,0.21351703,0.27283382,0.0593168
7,342,26163,3.0,136.0,133.0,2.0,2.0,0.0,0.018104933,0.018104933,14.656128,1.8370361,-0.0026432723,-0.029776525,-0.0024331212,-0.02383656,-0.2752354,-0.3008173,-0.025581896,-0.16755699,-0.21903354,-0.051476553,-0.19669355,-0.22878478,-0.03209123,-0.21735384,-0.25045788,-0.033104047
7,343,26243,49.0,255.0,206.0,24.0,6.0,-18.0,0.018496107,0.018496107,-57.02173,-1.5428543,0.0075806566,-0.016754989,0.0075659007,-0.017425913,0.030284867,-0.067665674,-0.09795054,0.3343342,0.502289,0.1679548,0.342036,0.49807453,0.15603852,0.33145124,0.48216796,0.15071672
7,344,26292,94.0,612.0,518.0,28.0,51.0,23.0,0.012625001,0.012625001,-11.915955,0.258646,0.0036762618,-0.031509332,0.0027317144,-0.024594598,0.28421926,0.23357528,-0.05064398,0.26860824,0.22235736,-0.04625088,0.2702054,0.21407576,-0.05612965,0.28354776,0.22589456,-0.057653204
7,345,26307,1.0,98.0,97.0,1.0,1.0,0.0,0.014197193,0.014197193,-23.560852,-0.39650726,0.00020531565,-0.029910598,-0.0011719018,-0.027747437,0.5041242,0.43208015,-0.072044075,0.20164761,0.28706843,0.08542082,0.22473684,0.31693608,0.092199236,0.2735972,0.3400787,0.0664815
7,346,26351,2.0,48.0,46.0,4.0,1.0,-3.0,0.020863466,0.020863466,-11.522675,0.08409691,0.0051894262,-0.01779167,0.003328275,-0.019100405,0.23022594,0.18147564,-0.048750296,0.1573603,0.0737308,-0.083629504,0.1602306,0.11053494,-0.049695663,0.19030035,0.13612132,-0.054179028
7,347,26372,1.0,565.0,564.0,1.0,1.0,0.0,-0.0043271035,-0.0043271035,-17.530853,-0.0703392,-0.004780434,-0.05031697,-0.008193728,-0.050575353,0.13752203,0.16521043,0.027688399,0.084534734,-0.025092842,-0.109627575,0.08376702,-0.036064047,-0.11983107,0.095799804,-0.016761458,-0.11256126
7,348,26435,1.0,80.0,79.0,1.0,1.0,0.0,0.0068681426,0.0068681426,-67.633026,-3.1209755,-0.007929448,-0.035978094,-0.0051352344,-0.031975668,0.44504777,0.45319113,0.008143365,0.31115654,0.28520462,-0.025951922,0.31014153,0.28579527,-0.024346262,0.3514622,0.3229496,-0.028512597
7,349,26458,11.0,22.0,11.0,1.0,2.0,1.0,0.028961733,0.028961733,2.1107788,0.8471813,-0.002113536,-0.007915828,-0.004160296,-0.0056538917,0.27075425,0.28488734,0.014133096,0.101126276,0.3457997,0.24467343,0.11247737,0.35075396,0.2382766,0.15596722,0.37559414,0.21962692
7,350,26598,1.0,384.0,383.0,1.0,2.0,1.0,0.0054670125,0.0054670125,3.5848389,0.9815922,-0.004929956,-0.04112706,-0.0054186694,-0.039797053,0.5145412,0.5222499,0.0077086687,0.3597871,0.22622877,-0.13355833,0.38131726,0.26101413,-0.120303124,0.41898754,0.32359165,-0.09539589
7,351,26720,17.0,68.0,51.0,13.0,10.0,-3.0,0.030715525,0.030715525,-21.917847,-0.03211403,0.0016061552,-0.009799223,0.0017616339,-0.009193003,0.5014238,0.39513272,-0.106291056,0.4894212,0.53060913,0.041187942,0.5030707,0.53643435,0.03336364,0.52261394,0.5443943,0.021780372
7,352,26780,44.0,60.0,16.0,86.0,45.0,-41.0,0.03947706,0.03947706,2.6185913,1.281271,0.011915956,-0.013569094,0.010328401,-0.007914271,0.17341706,0.10987618,-0.06354088,-0.058046848,0.043425933,0.10147278,-0.053980954,0.05181988,0.10580084,-0.031150762,0.061886594,0.09303735
7,353,26895,1.0,2.0,1.0,1.0,1.0,0.0,0.02416692,0.02416692,-62.906403,-2.2438354,-0.004244726,-0.01645241,-0.0062811337,-0.009303331,0.29098114,0.24924712,-0.041734025,0.2163176,0.1971063,-0.019211292,0.2228523,0.21686144,-0.005990863,0.24499673,0.2294188,-0.015577927
7,354,26909,23.0,155.0,132.0,12.0,80.0,68.0,0.026076104,0.026076104,20.789917,1.8634777,-3.778562e-05,-0.018943883,-0.0014703088,-0.018071067,0.42921206,0.4334012,0.0041891336,0.117107876,0.13798161,0.020873733,0.116426155,0.116764806,0.00033865124,0.15820281,0.1557475,-0.002455309
7,355,26971,191.0,608.0,417.0,6.0,9.0,3.0,0.016055133,0.016055133,-30.585175,-0.72323036,0.00090820715,-0.01973148,0.0005934499,-0.02154427,0.2503385,0.064129986,-0.18620852,-0.0044127833,0.015258888,0.019671671,0.012071244,0.051954612,0.039883368,0.04423477,0.057063635,0.012828864
7,356,26990,1.0,44.0,43.0,1.0,3.0,2.0,0.019612387,0.019612387,-6.7322083,0.5533066,-0.001316119,-0.019687284,-0.0034102872,-0.016427852,0.042909306,0.11160392,0.06869462,0.0066002943,0.015819594,0.0092193,0.0019640161,0.006118003,0.0041539865,0.007899055,0.01868703,0.010787975
7,357,27242,3.0,91.0,88.0,2.0,1.0,-1.0,0.016048387,0.016048387,-38.110565,-1.3584061,0.0015919581,-0.023040734,-0.0004079938,-0.026651464,0.15139824,0.35230908,0.20091084,0.5108876,0.54955685,0.03866923,0.52943456,0.5832883,0.05385375,0.541042,0.6342615,0.09321952
7,358,27275,1.0,125.0,124.0,2.0,3.0,1.0,0.009501297,0.009501297,-36.095825,-1.5637379,-0.0040056854,-0.03808933,-0.0050515123,-0.032456733,0.040129382,0.15266109,0.11253171,0.051233027,0.06052155,0.009288523,0.060206044,0.062984,0.0027779527,0.063820176,0.08185544,0.018035263
7,359,27287,5.0,323.0,318.0,2.0,2.0,0.0,0.003521908,0.003521908,-16.81897,0.12474632,-0.0011919141,-0.034106664,-0.0074703805,-0.03144886,-0.021134093,-0.07139526,-0.05026117,0.15549338,0.21085748,0.055364102,0.14306247,0.19436708,0.05130461,0.14078243,0.1895166,0.048734173
7,360,27326,10.0,41.0,31.0,3.0,1.0,-2.0,0.03001678,0.03001678,-2.8267822,0.90063477,0.004822921,-0.014476918,0.0017346106,-0.011820078,0.14318639,0.15275191,0.009565517,0.01142584,-0.022711612,-0.03413745,0.004769519,-0.026782196,-0.031551715,0.015892942,-0.013815661,-0.029708602
7,361,27435,1.0,45.0,44.0,1.0,1.0,0.0,0.015826833,0.015826833,-41.409668,-1.6305275,0.0046294145,-0.027837519,-0.00041715428,-0.024909358,0.50747365,0.5962731,0.08879948,0.5920113,0.67396605,0.08195478,0.61643964,0.6818265,0.06538683,0.6377193,0.6938192,0.05609995
7,362,27568,16.0,105.0,89.0,6.0,11.0,5.0,0.026603568,0.026603568,-22.953613,-0.44283104,0.002655536,-0.015461702,0.00031882152,-0.01404551,0.13507901,0.15482703,0.019748017,0.122943796,0.08571988,-0.037223913,0.095111005,0.07250352,-0.022607483,0.108415306,0.09184971,-0.016565599
7,363,27580,5.0,44.0,39.0,5.0,2.0,-3.0,0.026290696,0.026290696,3.329773,1.013874,0.0032711513,-0.0154954195,0.0017327927,-0.014014151,0.41964442,0.31315798,-0.10648644,0.17704387,0.14308605,-0.033957824,0.18244322,0.1730055,-0.00943771,0.23070683,0.20534435,-0.025362477
7,364,27830,87.0,66.0,-21.0,52.0,22.0,-30.0,0.038618267,0.038618267,-18.090576,-0.23808861,0.012535259,-0.0036358647,0.008318286,0.0015425012,0.07116551,0.07121492,4.941225e-05,-0.14001203,-0.056659993,0.08335203,-0.15588863,-0.07674988,0.07913875,-0.14940777,-0.0703887,0.07901908
7,365,27878,7.0,136.0,129.0,5.0,2.0,-3.0,0.016301125,0.016301125,15.774536,1.8973007,0.00018217042,-0.014703251,0.0016025081,-0.021521106,0.23286001,0.19354813,-0.039311886,0.19238017,0.1868066,-0.0055735707,0.15629211,0.15715438,0.0008622706,0.18238862,0.17170775,-0.010680869
7,366,27972,14.0,301.0,287.0,1.0,1.0,0.0,0.01175933,0.01175933,-46.414856,-1.9352322,0.00043012947,-0.025469512,0.0009909235,-0.026618253,0.6064692,0.3627103,-0.24375892,-0.1577642,-0.07130256,0.08646163,-0.17751649,-0.11334939,0.0641671,-0.049505312,-0.04745962,0.002045691
7,367,28024,2.0,86.0,84.0,2.0,8.0,6.0,0.009617928,0.009617928,-34.607605,-1.2684574,-0.0074627474,-0.021056492,-0.0046141073,-0.022049747,0.3075288,0.33292958,0.025400788,0.38217112,0.4143025,0.032131374,0.40507048,0.4477765,0.042706013,0.4119844,0.45166025,0.03967583
7,368,28068,2.0,21.0,19.0,1.0,4.0,3.0,0.022882946,0.022882946,-27.4505,-0.41996384,-0.0014308207,-0.014801227,-0.004456304,-0.0104573,0.38739678,0.43926618,0.051869392,0.17660934,0.24020982,0.06360048,0.18267225,0.25411108,0.071438834,0.23352754,0.31214893,0.07862139
7,369,28096,15.0,252.0,237.0,1.0,3.0,2.0,0.01648477,0.01648477,-0.123413086,0.7176285,-0.0063772984,-0.026393227,-0.0086207595,-0.019083098,0.49236363,0.44516927,-0.04719436,0.41041473,0.48474997,0.07433525,0.3970112,0.4716333,0.074622095,0.43312216,0.5005841,0.06746197
7,370,28159,1.0,68.0,67.0,1.0,4.0,3.0,0.008338656,0.008338656,-20.731659,-0.5626488,-0.0066667013,-0.029239725,-0.0067526624,-0.027561773,0.27296683,0.24669333,-0.026273504,-0.11460002,0.14930409,0.2639041,-0.11768362,0.1504643,0.26814792,-0.08346345,0.17059387,0.25405732
7,371,28189,10.0,21.0,11.0,63.0,25.0,-38.0,0.041734077,0.041734077,-18.55246,-0.19680214,0.010283712,-0.0010164008,0.007976763,-0.004051443,0.445962,0.47054923,0.024587214,0.25640002,0.31214163,0.05574161,0.2610538,0.31122774,0.05017394,0.2960638,0.35462758,0.05856377
7,372,28286,2.0,15.0,13.0,1.0,6.0,5.0,0.023691803,0.023691803,3.5231934,1.0517921,-0.007125601,-0.013769131,-0.00832057,-0.011893354,0.40693805,0.42408782,0.017149776,0.38785252,0.390548,0.002695471,0.38320363,0.39207926,0.008875638,0.41898748,0.41803366,-0.0009538233
7,373,28303,2.0,88.0,86.0,1.0,1.0,0.0,0.013098612,0.013098612,10.764374,1.2986507,-0.0036748573,-0.016036749,-0.008885711,-0.026324667,-0.043814395,-0.12159071,-0.07777631,0.12964213,-0.1572119,-0.28685403,0.1119157,-0.19349934,-0.30541503,0.10318687,-0.20668513,-0.309872
7,374,28319,1.0,740.0,739.0,2.0,1.0,-1.0,-0.014914159,-0.014914159,-59.93985,-2.3563137,0.0062151626,-0.061109625,4.9360096e-05,-0.059145506,0.69195056,0.6102857,-0.08166486,0.3105533,0.20730402,-0.1032493,0.32369354,0.22732553,-0.096368015,0.4120575,0.29319853,-0.11885896
7,375,28325,12.0,15.0,3.0,2.0,16.0,14.0,0.033636376,0.033636376,-17.439117,0.27729607,-0.0027688406,-0.00077042356,-0.0051479265,-0.0018673539,0.3273335,0.27386227,-0.053471237,0.072870284,0.030671673,-0.042198613,0.06065758,0.027546551,-0.03311103,0.09633057,0.05342397,-0.042906597
7,376,28341,2.0,232.0,230.0,1.0,2.0,1.0,0.0052079074,0.0052079074,-29.77826,-0.66578484,-0.010814328,-0.024667777,-0.011862069,-0.033029355,0.012642237,0.023430571,0.010788334,-0.025318246,0.23669925,0.2620175,-0.023826035,0.23695618,0.2607822,-0.022989137,0.24033408,0.26332322
7,377,28349,1.0,4.0,3.0,1.0,1.0,0.0,0.017055236,0.017055236,-71.002686,-2.669073,-0.013501599,-0.024966866,-0.010414593,-0.026605502,0.7657833,0.7539259,-0.01185739,0.663906,0.67402345,0.010117471,0.66690487,0.68573916,0.018834293,0.7008935,0.7114372,0.010543704
7,378,28418,69.0,238.0,169.0,54.0,46.0,-8.0,0.02191868,0.02191868,-4.885376,0.5093422,0.008555863,-0.022209447,0.0057587326,-0.016979303,-0.017223796,-0.12620841,-0.10898461,0.10535644,-0.08769056,-0.193047,0.109923825,-0.07913814,-0.18906197,0.10480699,-0.09225578,-0.19706276
7,379,28487,18.0,392.0,374.0,2.0,1.0,-1.0,0.008376993,0.008376993,-13.577759,0.32523918,0.0095508285,-0.026786499,0.00026120618,-0.028889608,0.69309783,0.7619436,0.06884575,0.55517274,0.6266338,0.07146108,0.5803674,0.6488231,0.068455696,0.62832546,0.6793295,0.051004052
7,380,28524,1.0,1.0,0.0,1.0,1.0,0.0,0.028272286,0.028272286,-82.59732,-2.9442368,0.00095873326,-0.015543181,-0.0026015863,-0.013742261,0.6323969,0.6836854,0.051288545,0.3864615,0.52758396,0.14112246,0.39463443,0.53512543,0.14049101,0.4631885,0.5778323,0.11464378
7,381,28595,1.0,61.0,60.0,1.0,1.0,0.0,0.002639372,0.002639372,-142.5586,-6.109516,0.008092955,-0.029286455,0.009042751,-0.033550248,0.36140567,0.47423413,0.11282846,0.18162847,0.13788751,-0.043740958,0.18295354,0.13670824,-0.04624529,0.21216178,0.19068787,-0.021473914
7,382,28689,1.0,332.0,331.0,2.0,2.0,0.0,0.0019751228,0.0019751228,-11.495117,0.17980957,0.00088135153,-0.04421862,0.00092670694,-0.04551696,0.1327756,0.14215378,0.00937818,0.021160133,-0.07855509,-0.099715225,0.015553399,-0.087069996,-0.102623396,0.02512651,-0.074991025,-0.100117534
7,383,28745,12.0,143.0,131.0,3.0,1.0,-2.0,0.02442599,0.02442599,9.345703,0.9515991,0.0022868477,-0.012700476,0.0009848662,-0.015838504,0.2580176,0.2629556,0.0049380064,0.11776792,0.1146656,-0.003102325,0.11212,0.119887084,0.0077670813,0.13841052,0.14475186,0.006341338
7,384,28751,1.0,4.0,3.0,1.0,1.0,0.0,0.02534321,0.02534321,-36.855408,-1.4254818,-0.0029431991,-0.019760814,-0.0039010644,-0.01517342,0.07203012,-0.09358631,-0.16561642,0.044501666,0.18897548,0.14447382,0.07508979,0.20759024,0.13250044,0.08152501,0.18750283,0.10597782
7,385,28755,1.0,73.0,72.0,1.0,1.0,0.0,0.006353639,0.006353639,-36.83853,-1.0113087,-0.007195547,-0.0329349,-0.0058097653,-0.03360578,-0.29692236,-0.40739658,-0.11047423,0.2704108,-0.10905069,-0.3794615,0.2850538,-0.08260092,-0.3676547,0.24358317,-0.12636846,-0.36995164
7,386,28788,2.0,339.0,337.0,1.0,1.0,0.0,0.00096740946,0.00096740946,-16.850891,-0.049264908,-0.003856685,-0.03788902,-0.004631266,-0.037844494,0.33120272,0.31988785,-0.011314869,0.36955574,0.3307889,-0.03876683,0.37536874,0.33666804,-0.0387007,0.3839031,0.34596342,-0.037939668
7,387,28898,1.0,350.0,349.0,1.0,2.0,1.0,0.0072912015,0.0072912015,-10.633484,0.023082733,-0.0017463937,-0.039220262,-0.0061943643,-0.036609937,0.16354465,0.13372499,-0.029819667,0.0049527795,-0.04883628,-0.05378906,0.0015157172,-0.067384064,-0.06889978,0.01504137,-0.04840009,-0.063441455
7,388,28963,1.0,2.0,1.0,1.0,1.0,0.0,0.03247382,0.03247382,-87.944,-3.8015099,0.0030672215,-0.00584938,0.00088377297,-0.006096892,0.3003023,0.42991215,0.12960985,0.31809136,0.20408683,-0.11400454,0.3285713,0.22227645,-0.10629484,0.33853352,0.26272607,-0.07580745
7,389,29010,3.0,215.0,212.0,3.0,2.0,-1.0,0.012978818,0.012978818,-21.094635,-0.14653969,-0.0009609908,-0.027294133,-0.0013361089,-0.028230358,0.34623072,0.44973582,0.103505105,0.16711849,0.13739018,-0.029728308,0.13731912,0.124826394,-0.012492724,0.16905694,0.1914649,0.022407964
7,390,29021,17.0,362.0,345.0,3.0,2.0,-1.0,0.00820284,0.00820284,-37.87024,-0.66161156,0.006236665,-0.025897618,-0.0029914603,-0.026452672,-0.018110832,-0.40265554,-0.3845447,0.39815295,-0.25127956,-0.64943254,0.37883362,-0.2665864,-0.64542,0.36927745,-0.29215053,-0.661428
7,391,29381,1.0,13.0,12.0,1.0,2.0,1.0,0.025287498,0.025287498,-23.89444,-0.33231735,-0.003241077,-0.016630322,-0.0042336583,-0.01376063,0.028220477,0.18486789,0.15664741,0.24408112,0.18857473,-0.055506393,0.22874093,0.17440106,-0.05433987,0.23139429,0.19781995,-0.033574343
7,392,29568,1.0,31.0,30.0,1.0,1.0,0.0,0.021636583,0.021636583,-17.268951,0.16938782,-0.003231261,-0.01729764,-0.004502762,-0.017279305,0.3287521,0.11162625,-0.21712585,0.34694108,0.3249614,-0.02197969,0.3498135,0.31257132,-0.037242174,0.37079167,0.3103202,-0.060471475
7,393,29660,1.0,95.0,94.0,5.0,5.0,0.0,0.01554326,0.01554326,-24.622498,-0.3672104,0.0017043799,-0.028131332,0.00040288642,-0.025449883,0.48626828,0.42729974,-0.058968544,0.3218773,0.3662258,0.044348508,0.32823652,0.3732248,0.044988275,0.36691687,0.39118254,0.024265677
7,394,29663,6.0,517.0,511.0,5.0,2.0,-3.0,0.0025784262,0.0025784262,3.5421753,0.8893833,0.0038274117,-0.035859555,0.002146557,-0.03464276,0.20276532,0.15849054,-0.044274777,0.24713159,0.0046180543,-0.24251354,0.23477557,0.0012117502,-0.23356383,0.24172705,0.016958583,-0.22476847
7,395,29680,1.0,143.0,142.0,1.0,1.0,0.0,0.0021944046,0.0021944046,-31.161987,-0.7301426,-0.0027500205,-0.041486245,-0.003313806,-0.04384458,0.6348444,0.6094472,-0.025397241,0.5940289,0.45311347,-0.14091542,0.6066395,0.49330935,-0.113330156,0.6290564,0.53790134,-0.09115505
7,396,29711,1.0,6.0,5.0,1.0,1.0,0.0,0.022211317,0.022211317,-30.837158,-0.23804474,-0.004600711,-0.025010169,-0.0068564415,-0.017520491,0.576282,0.5433639,-0.032918096,0.22380918,0.40722796,0.18341878,0.22273938,0.40095174,0.17821236,0.2713121,0.4355792,0.16426712
7,397,29837,10.0,99.0,89.0,7.0,29.0,22.0,0.024605595,0.024605595,9.518433,1.3427601,-0.0027151965,-0.014377084,-0.0030324385,-0.014563337,0.23483661,0.1564683,-0.078368306,0.10564859,0.113752864,0.008104272,0.09794843,0.094756395,-0.0031920373,0.11751525,0.11258964,-0.0049256086
7,398,29886,2.0,479.0,477.0,1.0,2.0,1.0,-6.759539e-05,-6.759539e-05,-15.256836,0.17051888,-0.0034294203,-0.036512893,-0.0038963892,-0.03761105,0.6478203,0.6692804,0.021460116,0.3817651,0.45035902,0.06859392,0.39240924,0.46424603,0.0718368,0.43806174,0.5160706,0.07800886
7,399,29919,1.0,3.0,2.0,1.0,1.0,0.0,0.018957928,0.018957928,2.063263,0.9081383,-0.010581728,-0.024836954,-0.010954756,-0.01735871,0.3698576,0.47438043,0.104522824,0.30532637,0.26436165,-0.040964723,0.3170347,0.28401375,-0.033020943,0.34904477,0.34510827,-0.0039364994
7,400,29980,115.0,274.0,159.0,3.0,24.0,21.0,0.022525523,0.022525523,-1.4492798,0.86964035,-0.005464323,-0.020394787,-0.004963763,-0.016718578,0.42617595,0.3468962,-0.07927975,-0.019624427,0.079138696,0.09876312,-0.044210803,0.07291978,0.11713058,0.018053839,0.13971469,0.12166085
7,401,30081,1.0,395.0,394.0,1.0,1.0,0.0,-0.012406297,-0.012406297,-71.318146,-2.649212,-0.007842671,-0.04504087,-0.008993626,-0.04668756,0.48857707,0.54974914,0.061172068,0.48422405,0.45957708,-0.024646968,0.49897125,0.45267645,-0.04629481,0.5252345,0.4790137,-0.04622081
7,402,30373,18.0,253.0,235.0,44.0,6.0,-38.0,0.026817981,0.026817981,-15.860535,-0.14159012,0.010034874,-0.020883892,0.008047588,-0.02125562,0.24125257,0.24456307,0.0033105016,0.050406173,0.07809481,0.027688637,0.062309444,0.082037315,0.01972787,0.09285209,0.11112228,0.018270187
7,403,30395,1.0,1.0,0.0,1.0,1.0,0.0,0.029158182,0.029158182,-64.80383,-2.7519722,0.004812956,-0.0061035156,0.001049418,-0.010819599,0.40877748,0.48470443,0.07592696,0.49563748,0.4854393,-0.010198176,0.50243425,0.5033609,0.0009266734,0.5123612,0.52641517,0.014053941
7,404,30407,46.0,408.0,362.0,2.0,3.0,1.0,0.013771944,0.013771944,9.926971,1.2099743,-0.0010587685,-0.028557416,-1.4364719e-05,-0.025526285,0.051678702,0.11979429,0.068115585,-0.18735552,-0.13929826,0.048057258,-0.22144496,-0.16823879,0.053206176,-0.198304,-0.14668243,0.05162157
7,405,30430,1.0,136.0,135.0,1.0,1.0,0.0,0.0038481206,0.0038481206,-29.792755,-0.60474014,-0.009704981,-0.03469034,-0.011412062,-0.035788484,0.17806979,0.07471719,-0.1033526,0.04185744,0.03238242,-0.009475019,0.06804028,0.04575162,-0.022288661,0.08810561,0.050190274,-0.037915338
7,406,30563,2.0,294.0,292.0,1.0,1.0,0.0,0.0030619204,0.0030619204,-37.088013,-1.4075413,-0.005045753,-0.0327078,-0.007196907,-0.03468008,0.41645554,0.34202167,-0.07443386,0.09393451,-0.26639125,-0.36032575,0.0712023,-0.26632234,-0.33752465,0.12645502,-0.23236439,-0.35881943
7,407,30601,1.0,222.0,221.0,1.0,1.0,0.0,0.002739489,0.002739489,-27.943176,-0.4381485,-0.0074145496,-0.039804455,-0.008394398,-0.03591007,0.57560414,0.5352466,-0.04035753,0.63958395,0.5268422,-0.11274177,0.64973456,0.52294326,-0.1267913,0.6700681,0.56488,-0.10518807
7,408,30632,9.0,316.0,307.0,4.0,6.0,2.0,0.011106394,0.011106394,-6.13916,0.64728546,0.0006856881,-0.033006784,-0.0013890602,-0.030196443,0.23990624,0.26079533,0.020889089,0.21121883,0.14468573,-0.0665331,0.21629307,0.16415735,-0.05213572,0.23028886,0.18922226,-0.041066602
7,409,30672,1.0,51.0,50.0,1.0,1.0,0.0,0.01788485,0.01788485,-24.635132,-0.79429245,-0.004065048,-0.02300376,-0.0032742918,-0.019746762,0.2845336,0.279312,-0.0052215755,0.17665578,0.1691219,-0.007533878,0.19089048,0.17738323,-0.013507247,0.21923013,0.2040571,-0.015173033
7,410,30674,1.0,25.0,24.0,1.0,1.0,0.0,0.01826267,0.01826267,-14.800995,0.26379013,-0.010778811,-0.025688022,-0.010821246,-0.02486226,-0.059848007,-0.11006669,-0.050218683,-0.16090131,-0.13829343,0.022607878,-0.16726679,-0.13666888,0.03059791,-0.16190545,-0.13947737,0.02242808
7,411,30847,153.0,277.0,124.0,29.0,39.0,10.0,0.026623167,0.026623167,17.01825,1.6425438,0.009083796,-0.007485904,0.004542079,-0.008502282,0.33935636,0.28672263,-0.052633733,-0.017960694,-0.012751005,0.005209689,-0.0021769272,-0.041976474,-0.03979955,0.06802113,0.0038417673,-0.06417937
7,412,30856,5.0,493.0,488.0,3.0,12.0,9.0,0.004918743,0.004918743,-20.518524,-0.33679008,-0.0007818863,-0.036631238,-0.0035486445,-0.03652639,0.48995033,0.47941157,-0.010538757,0.3669717,0.35787255,-0.009099156,0.39450362,0.3993402,0.004836589,0.4257597,0.4362106,0.0104509
7,413,30887,1.0,54.0,53.0,1.0,1.0,0.0,0.013071239,0.013071239,-23.56607,-0.6223755,-0.012061495,-0.03183934,-0.010273319,-0.031166155,0.7555091,0.6499151,-0.10559398,0.30493674,0.5627871,0.25785038,0.3181805,0.59053016,0.27234966,0.43003553,0.6296608,0.19962525
7,414,30922,1.0,75.0,74.0,1.0,1.0,0.0,0.012840785,0.012840785,4.9629517,1.0236397,-0.0046301596,-0.026667204,-0.006013535,-0.029263847,0.031761717,0.011197297,-0.02056442,0.17944859,0.08036412,-0.09908447,0.17274596,0.07825397,-0.09449199,0.1750869,0.07834681,-0.09674009
7,415,30935,3.0,930.0,927.0,1.0,1.0,0.0,-0.017892515,-0.017892515,-29.977936,-0.98550797,-0.0012575723,-0.05874665,-0.0022572614,-0.056864493,0.34862855,0.43753222,0.088903666,0.11089788,-0.2077738,-0.31867167,0.1363799,-0.2080447,-0.3444246,0.18706332,-0.15073198,-0.33779532
7,416,30954,4.0,379.0,375.0,1.0,1.0,0.0,0.0052370876,0.0052370876,-7.6275024,0.2879181,0.001412604,-0.04059202,-0.0017751306,-0.039678313,0.10653674,0.24622902,0.13969228,0.30891868,0.16719194,-0.14172675,0.32584348,0.18048112,-0.14536236,0.330204,0.19586973,-0.13433428
7,417,31028,1.0,2.0,1.0,1.0,1.0,0.0,0.0466787,0.0466787,-23.472717,-0.6717911,0.0007563159,-0.012223788,-0.00076407194,-0.003520541,0.10582651,-0.015481738,-0.12130825,0.17569982,0.080127046,-0.09557277,0.17172486,0.097992636,-0.07373222,0.17456974,0.09216353,-0.08240621
7,418,31049,120.0,423.0,303.0,9.0,25.0,16.0,0.016410671,0.016410671,13.289368,1.5911446,-0.00025222078,-0.022475827,-0.0017623045,-0.021251004,0.3205103,0.3461028,0.025592506,0.1693047,0.13103057,-0.038274124,0.17652667,0.1500306,-0.026496068,0.21237002,0.19276546,-0.019604564
7,419,31064,3.0,408.0,405.0,1.0,2.0,1.0,0.00398254,0.00398254,-53.163025,-1.8594551,-0.0076630637,-0.031858943,-0.003438402,-0.03146152,0.4641734,0.5732935,0.1091201,0.44944465,0.47639507,0.026950419,0.4724995,0.49560353,0.023104042,0.49899533,0.53711313,0.038117796
7,420,31123,2.0,137.0,135.0,1.0,1.0,0.0,0.010829456,0.010829456,-23.657227,-0.09039116,-0.0101100765,-0.016691752,-0.0094777085,-0.024818804,-0.113628,-0.14736992,-0.03374192,-0.08255692,0.07871895,0.16127586,-0.07702113,0.104230106,0.18125123,-0.08379975,0.07396301,0.15776277
7,421,31233,1.0,13.0,12.0,1.0,2.0,1.0,0.025980122,0.025980122,-10.913513,0.545166,-0.008777812,-0.025128212,-0.007498089,-0.016781874,0.25544655,0.3095988,0.05415225,0.23255502,0.22671494,-0.005840078,0.23503652,0.22638713,-0.008649394,0.25210997,0.2499738,-0.0021361709
7,422,31349,3.0,18.0,15.0,24.0,11.0,-13.0,0.030453134,0.030453134,-40.796143,-1.5606155,0.0057161637,-0.0098226555,0.0047172196,-0.008649301,-0.00092805363,0.18451156,0.18543962,-0.10500985,0.019822408,0.12483226,-0.100852944,0.026546052,0.127399,-0.09305207,0.044855107,0.13790718
7,423,31446,27.0,678.0,651.0,2.0,5.0,3.0,0.0008729324,0.0008729324,-15.463715,-0.1504097,-0.00031429902,-0.040922895,-0.0028875396,-0.037813056,0.48134804,0.44252986,-0.03881818,0.25748155,0.25699407,-0.0004874766,0.2601702,0.25200176,-0.008168429,0.31656295,0.29783008,-0.018732876
7,424,31659,46.0,114.0,68.0,1.0,1.0,0.0,0.028533284,0.028533284,-12.334198,0.14007759,0.0024268143,-0.015224054,0.0004205741,-0.011083484,0.30430955,0.20951517,-0.09479438,0.37394246,0.3524902,-0.021452278,0.37464854,0.35299948,-0.021649063,0.38573766,0.35156742,-0.03417024
7,425,31747,32.0,33.0,1.0,5.0,3.0,-2.0,0.042208668,0.042208668,-13.903534,0.08748627,0.0053841285,-0.0099573545,0.0025135688,-0.0075568445,0.25393355,0.27333224,0.01939869,-0.040584635,0.065688916,0.10627355,-0.05281149,0.062293433,0.11510492,-0.025338484,0.085994236,0.11133272
7,426,31782,7.0,19.0,12.0,127.0,71.0,-56.0,0.03670663,0.03670663,-35.27359,-1.2360516,0.007215705,-0.011072658,0.007645458,-0.0059156045,-0.11657529,-0.11947003,-0.0028947368,-0.1365511,-0.051208597,0.0853425,-0.109561905,-0.040448997,0.06911291,-0.12238914,-0.055602737,0.0667864
7,427,31801,2.0,201.0,199.0,1.0,1.0,0.0,0.005795624,0.005795624,-11.126526,0.23316956,-0.008088145,-0.027825266,-0.006793171,-0.03257532,0.3560403,0.19498274,-0.16105756,0.17973447,0.099765964,-0.079968505,0.16180925,0.10163743,-0.06017182,0.20295975,0.12575781,-0.07720193
7,428,31837,1.0,241.0,240.0,1.0,1.0,0.0,-0.0012021251,-0.0012021251,-20.096619,-0.13297081,0.0010098666,-0.043275785,-0.0039986707,-0.04166951,0.34748417,0.2560433,-0.091440886,0.14133145,0.1829076,0.041576147,0.121227086,0.17677036,0.055543274,0.14540526,0.19228709,0.046881825
7,429,31936,1.0,401.0,400.0,1.0,1.0,0.0,0.0013424419,0.0013424419,-27.461823,-0.53115845,-0.0045148022,-0.044778492,-0.0071545877,-0.041760836,0.2750256,0.24581616,-0.02920945,0.15328178,0.16501828,0.011736497,0.1430636,0.15410371,0.011040106,0.1661182,0.17407407,0.007955864
7,430,31964,1.0,2.0,1.0,1.0,1.0,0.0,0.020192765,0.020192765,-77.81012,-2.9997234,-0.008552875,-0.0114760995,-0.0057879016,-0.011706136,0.5356891,0.5597545,0.024065375,0.44050682,0.471134,0.030627191,0.43403903,0.46757796,0.033538938,0.46829447,0.49827436,0.029979885
7,431,32053,50.0,98.0,48.0,2.0,10.0,8.0,0.030669387,0.030669387,7.970642,1.2596874,-0.0012967885,-0.012244184,-0.004254356,-0.008589774,0.5542183,0.49484518,-0.05937311,0.46508,0.48427683,0.019196838,0.47053102,0.49625897,0.025727957,0.5085245,0.5288225,0.020298004
7,432,32232,141.0,157.0,16.0,49.0,21.0,-28.0,0.036198527,0.036198527,-29.303864,-0.8053951,0.0073780846,-0.009132663,0.005869331,-0.010448204,-0.040210146,-0.014640453,0.025569692,-0.0400796,0.027548976,0.06762858,-0.03375965,0.045574956,0.0793346,-0.03762111,0.041493177,0.07911429
7,433,32303,1.0,265.0,264.0,1.0,1.0,0.0,0.0021201745,0.0021201745,-57.029602,-2.110983,-0.0056962147,-0.03607212,-0.00519979,-0.037949827,0.088665575,0.12871188,0.040046304,0.34899837,0.39491168,0.04591331,0.34939694,0.3997897,0.050392747,0.33953282,0.38859117,0.049058348
7,434,32307,1.0,36.0,35.0,1.0,1.0,0.0,0.018290889,0.018290889,-24.33722,-0.46561813,-0.008016162,-0.027713504,-0.0063244887,-0.024012133,0.50239414,0.4853173,-0.01707685,0.016648592,-0.16888024,-0.18552883,0.012879536,-0.17903323,-0.19191277,0.085362084,-0.11211609,-0.19747818
7,435,32625,24.0,229.0,205.0,38.0,7.0,-31.0,0.026726296,0.026726296,-26.741364,-0.7720928,0.010025369,-0.015275339,0.008702284,-0.018673522,-0.027851248,-0.10365381,-0.075802565,-0.018950516,-0.16284448,-0.14389396,0.0034248868,-0.13233554,-0.13576043,-0.0021422186,-0.1353391,-0.13319688
7,436,32643,21.0,81.0,60.0,1.0,1.0,0.0,0.02844568,0.02844568,-8.217255,0.09707832,0.0027088188,-0.011061057,0.0008290149,-0.009366486,-0.2437567,-0.27431974,-0.030563042,-0.22758259,-0.23111947,-0.00353688,-0.21795458,-0.25334722,-0.035392642,-0.2373077,-0.27717054,-0.03986284
7,437,32716,1.0,58.0,57.0,1.0,1.0,0.0,0.007253088,0.007253088,-11.054657,0.022504807,-0.00033970177,-0.03327439,-0.0052161403,-0.031617094,0.24528337,0.10069134,-0.14459202,-0.023009926,0.10198032,0.12499025,-0.013933959,0.1115213,0.12545526,0.02076907,0.117385164,0.09661609
7,438,32771,1.0,94.0,93.0,1.0,1.0,0.0,0.011716962,0.011716962,-15.081207,-0.043210983,-4.8466027e-06,-0.026676804,-0.00450493,-0.027921617,-0.0041624755,0.06921443,0.07337691,0.085913256,0.028955402,-0.056957856,0.10532613,0.033441525,-0.0718846,0.100803055,0.042922657,-0.057880398
7,439,32772,64.0,451.0,387.0,3.0,14.0,11.0,0.01748005,0.01748005,6.570923,1.0680885,0.00017890707,-0.025712814,-0.0021141656,-0.02346873,0.12427148,0.15490702,0.030635536,-0.0030652774,0.091561034,0.094626315,-0.019198231,0.0820858,0.101284035,-0.006858024,0.0957973,0.10265532
7,440,32857,3.0,109.0,106.0,1.0,1.0,0.0,0.018121287,0.018121287,-1.3316345,0.3656578,-0.0014271513,-0.019661494,-0.0014861412,-0.019767076,0.15843104,0.07601856,-0.08241248,0.28872895,0.18008043,-0.10864852,0.27781788,0.19122206,-0.08659582,0.2797441,0.19013688,-0.08960721
7,441,32891,4.0,160.0,156.0,7.0,6.0,-1.0,0.01569635,0.01569635,-40.96393,-1.467144,-0.0006064847,-0.023639612,0.00052824244,-0.025072753,0.30910593,0.33164677,0.022540838,0.25186276,0.18599698,-0.065865785,0.27038944,0.19960569,-0.07078375,0.28643194,0.22901827,-0.057413667
7,442,32910,1.0,18.0,17.0,1.0,3.0,2.0,0.030247305,0.030247305,5.8485413,0.93535614,-0.0033688545,-0.02367467,-0.0036661662,-0.017240416,0.10473257,0.098533586,-0.0061989874,0.19746897,0.20895578,0.011486813,0.19587034,0.22693035,0.03106001,0.19082522,0.21905835,0.028233126
7,443,33131,6.0,148.0,142.0,1.0,6.0,5.0,0.015835036,0.015835036,26.996002,2.2399673,-0.007594347,-0.027620267,-0.0069517307,-0.021260459,0.219901,0.12587301,-0.09402798,0.14386836,0.040257066,-0.10361129,0.15557088,0.056558505,-0.099012375,0.16906172,0.064902745,-0.104158975
7,444,33171,2.0,25.0,23.0,28.0,24.0,-4.0,0.03473029,0.03473029,-12.809021,0.21865273,0.0068861656,-0.010080446,0.0035759956,-0.013367552,0.2570195,0.080077454,-0.17694204,0.1549995,0.2804655,0.12546602,0.14486124,0.26830447,0.12344323,0.17015181,0.2702141,0.100062296
7,445,33189,25.0,20.0,-5.0,8.0,3.0,-5.0,0.041608974,0.041608974,6.6820984,1.116087,0.007285107,-0.0034741722,0.005473368,-0.0020422414,0.28667367,0.2738181,-0.01285556,0.20842622,0.26383236,0.05540614,0.1930506,0.26569474,0.072644144,0.21231043,0.2759784,0.06366795
7,446,33245,32.0,531.0,499.0,13.0,15.0,2.0,0.010161366,0.010161366,12.779541,1.500452,0.001133509,-0.039317854,-0.00019023195,-0.032375727,0.15663908,0.077905744,-0.07873334,-0.09786668,0.11902575,0.21689242,-0.119357444,0.092534766,0.21189222,-0.09006128,0.09546669,0.18552797
7,447,33289,150.0,126.0,-24.0,47.0,74.0,27.0,0.03851343,0.03851343,1.1776733,1.0233612,0.005159082,-0.0067450907,0.0049863923,-0.0055612046,0.09671504,-0.0004243053,-0.09713934,-0.069576114,-0.0237089,0.045867212,-0.0707304,-0.029710678,0.041019723,-0.06191768,-0.028676847,0.033240832
7,448,33521,8.0,47.0,39.0,1.0,1.0,0.0,0.029416066,0.029416066,-23.106873,0.2830677,-0.0012135431,-0.02030421,-0.0026624762,-0.014357064,0.04398885,0.023449803,-0.020539047,0.394661,0.3770583,-0.017602712,0.40434858,0.41140795,0.0070593655,0.3978349,0.39928806,0.0014531612
7,449,33543,1.0,39.0,38.0,1.0,1.0,0.0,0.008574732,0.008574732,-60.64612,-2.3787308,-0.0012731664,-0.027770542,-0.002927158,-0.034898303,0.47762686,0.45434192,-0.023284942,0.435542,0.21410565,-0.22143634,0.45253906,0.22328915,-0.22924991,0.48046157,0.28418195,-0.19627962
7,450,33752,5.0,68.0,63.0,4.0,2.0,-2.0,0.023462873,0.023462873,-17.528107,0.12723923,0.0020667836,-0.008831073,0.0008221455,-0.014982887,0.25752172,0.25926623,0.0017445087,0.017393468,0.05275485,0.03536138,0.004923229,0.048369084,0.043445855,0.046302114,0.08785554,0.041553427
7,451,33813,40.0,119.0,79.0,12.0,85.0,73.0,0.030821882,0.030821882,24.41623,1.9971352,-0.0011751764,-0.013802301,-0.0019207001,-0.011284322,0.23963752,0.4074737,0.16783619,0.11471729,0.044643614,-0.07007368,0.119241975,0.06265691,-0.056585066,0.13856307,0.108520985,-0.030042082
7,452,33906,28.0,298.0,270.0,32.0,38.0,6.0,0.022260487,0.022260487,-23.246857,-0.8227043,0.0024426356,-0.020102043,0.0017876774,-0.01976128,0.22743577,0.33600187,0.108566105,0.04399551,-0.021586929,-0.06558244,0.08310391,0.037369914,-0.045733996,0.103419155,0.073542066,-0.029877089
7,453,34068,100.0,454.0,354.0,14.0,12.0,-2.0,0.018082421,0.018082421,-6.3861694,0.8768616,0.008199457,-0.022943627,0.004213985,-0.02096216,0.54448074,0.5187388,-0.025741935,0.44824943,0.5301293,0.081879884,0.4685437,0.5483131,0.07976937,0.49922264,0.55659336,0.057370722
7,454,34080,8.0,20.0,12.0,16.0,85.0,69.0,0.03210612,0.03210612,-12.973358,0.24533272,0.0021761805,-0.013282217,-0.0001840666,-0.007321872,0.5413036,0.62882954,0.087525964,0.116430804,-0.13450462,-0.25093544,0.11146778,-0.14115101,-0.2526188,0.15854464,-0.075006776,-0.23355141
7,455,34089,3.0,83.0,80.0,1.0,4.0,3.0,0.016536452,0.016536452,23.072632,1.8691387,-0.011562265,-0.023193438,-0.010164335,-0.020002898,0.28817487,0.262566,-0.025608867,-0.024198523,0.05280251,0.077001035,-0.034927137,0.03514236,0.07006949,0.016542884,0.06809454,0.051551655
7,456,34126,2.0,100.0,98.0,1.0,1.0,0.0,0.008335181,0.008335181,-64.03137,-2.0744724,-0.0066463314,-0.022362702,-0.006249685,-0.028183654,0.43756846,0.35075265,-0.086815804,0.079286,0.1473348,0.0680488,0.058855522,0.13425173,0.07539621,0.14306998,0.19575685,0.05268687
7,457,34186,6.0,579.0,573.0,5.0,4.0,-1.0,0.0049246103,0.0049246103,-25.955872,-0.79748535,0.0012801737,-0.045754503,0.000826776,-0.03924521,0.5568745,0.4718456,-0.08502892,0.3068043,0.35612032,0.04931602,0.3559039,0.3671341,0.0112302005,0.43692762,0.4166118,-0.020315826
7,458,34238,6.0,49.0,43.0,1.0,1.0,0.0,0.026126467,0.026126467,-11.297577,0.26594925,0.0010030195,-0.015392438,-0.0009449944,-0.015053652,0.19349793,0.18397576,-0.00952217,-0.00037894436,-0.05411535,-0.053736407,0.003086282,-0.050751586,-0.053837866,0.03654913,-0.010861807,-0.047410935
7,459,34418,624.0,669.0,45.0,250.0,224.0,-26.0,0.029323986,0.029323986,-15.260193,0.2102108,0.008970147,-0.005213402,0.009490723,-0.007733695,-0.031910226,-0.13603517,-0.10412495,0.13022958,-0.08267329,-0.21290287,0.12057734,-0.11311049,-0.23368783,0.11603424,-0.122393146,-0.23842739
7,460,34603,2.0,18.0,16.0,1.0,1.0,0.0,0.016234167,0.016234167,-49.812347,-1.7133598,-0.0015498996,-0.012042999,-0.0015552863,-0.017476339,0.33671117,0.28503993,-0.051671237,0.04571507,0.083141565,0.037426494,0.016353609,0.05466837,0.03831476,0.056563415,0.09140404,0.03484063
7,461,34751,1.0,4.0,3.0,1.0,1.0,0.0,0.024983563,0.024983563,-83.46411,-3.3525448,-0.0051018894,-0.01880211,-0.0042002983,-0.017448109,0.08198092,0.2783202,0.19633928,0.22520997,0.0046798815,-0.22053008,0.22511464,-0.00046937892,-0.22558402,0.22158243,0.0502736,-0.17130883
7,462,34829,6.0,317.0,311.0,1.0,2.0,1.0,0.0044277124,0.0044277124,-36.222717,-1.2773952,-0.016675498,-0.03906533,-0.01137159,-0.030238956,0.4156204,0.42965236,0.014031976,0.00918874,0.21098217,0.20179343,0.0054651904,0.20406397,0.19859877,0.055958085,0.24650235,0.19054428
7,463,34845,9.0,111.0,102.0,1.0,1.0,0.0,0.015941296,0.015941296,-23.633392,-0.023151398,-0.0017930269,-0.022736415,-0.0039808787,-0.020087522,0.54429936,0.57096326,0.0266639,0.51603526,0.54636127,0.030326009,0.53038996,0.5627966,0.032406628,0.56667894,0.6060831,0.039404154
7,464,34850,1.0,95.0,94.0,1.0,2.0,1.0,0.01853092,0.01853092,-10.071808,0.61239815,-0.004784271,-0.027392205,-0.005198974,-0.025259968,0.5154537,0.39607686,-0.11937684,0.27536106,0.45714176,0.1817807,0.27177092,0.46821016,0.19643924,0.3231787,0.48476648,0.16158777
7,465,34874,1.0,352.0,351.0,1.0,1.0,0.0,-0.007742051,-0.007742051,-30.836426,-0.9707298,-0.010821424,-0.055157296,-0.012218993,-0.047854908,0.2436264,0.27849007,0.034863666,0.24009699,0.15004899,-0.090048,0.25995952,0.16341233,-0.09654719,0.2858091,0.19473588,-0.091073215
7,466,34975,69.0,829.0,760.0,17.0,53.0,36.0,0.0018563978,0.0018563978,-12.03006,0.06313324,0.004313115,-0.031709492,0.0015936196,-0.033402853,-0.19691283,-0.23234455,-0.035431728,-0.116727,0.046623155,0.16335016,-0.0804058,0.07413908,0.15454489,-0.100926064,0.04165373,0.1425798
7,467,35094,3.0,14.0,11.0,1.0,4.0,3.0,0.028437227,0.028437227,10.9470825,1.2031784,-0.006773934,-0.006436147,-0.0061138496,-0.01116455,0.0068963985,-0.082579866,-0.089476265,0.07097572,0.048437398,-0.022538323,0.075567566,0.03735323,-0.038214337,0.073888324,0.029407892,-0.04448043
7,468,35129,2.0,24.0,22.0,4.0,2.0,-2.0,0.023424894,0.023424894,-1.0796814,0.87589645,0.0033478402,-0.017529614,-0.00011704117,-0.0140122585,0.20264365,0.23290254,0.030258894,0.21474285,0.13503258,-0.079710275,0.1859843,0.12445668,-0.061527617,0.20162603,0.14918363,-0.0524424
7,469,35743,3.0,12.0,9.0,2.0,1.0,-1.0,0.030736864,0.030736864,6.634918,1.2925434,0.007890653,-0.01293939,0.0043740235,-0.01091126,0.52947176,0.49742344,-0.032048315,0.38094297,0.5503685,0.16942552,0.3728127,0.5507914,0.1779787,0.41710594,0.5627013,0.14559534
7,470,35752,5.0,358.0,353.0,2.0,2.0,0.0,0.010723885,0.010723885,-28.861572,-0.45723152,-0.0024208017,-0.03538203,-0.00047152862,-0.034610033,-0.02178633,0.16717896,0.18896529,0.2501514,0.12567793,-0.12447347,0.2536187,0.13183783,-0.12178086,0.2439372,0.14100198,-0.10293521
7,471,35790,21.0,194.0,173.0,1.0,5.0,4.0,0.01640578,0.01640578,-4.1731567,0.56471634,-0.0030935854,-0.021274514,-0.0022872016,-0.01940088,-0.30415514,-0.18141036,0.122744784,-0.13890177,-0.15531261,-0.016410843,-0.11477421,-0.16144252,-0.046668306,-0.16352737,-0.18227443,-0.018747061
7,472,35798,2.0,130.0,128.0,9.0,16.0,7.0,0.02065909,0.02065909,20.001862,1.7396717,0.0024658032,-0.0269394,0.0004989542,-0.02766601,0.16737492,0.16956864,0.0021937191,0.20987806,0.25689375,0.047015697,0.20606923,0.25359598,0.047526747,0.22350396,0.25913346,0.035629496
7,473,35986,1.0,107.0,106.0,1.0,1.0,0.0,0.013086107,0.013086107,-69.1951,-2.227251,-0.0016481429,-0.034271695,-0.001275517,-0.03121753,0.40920317,0.30134794,-0.10785523,-0.16581918,0.097076006,0.2628952,-0.15245402,0.091483355,0.24393737,-0.07296283,0.1344165,0.20737934
7,474,36067,1.0,44.0,43.0,1.0,1.0,0.0,0.023013309,0.023013309,-21.24469,-0.5587139,0.00044561177,-0.03370055,0.0013922378,-0.032974213,-0.008592467,0.08105092,0.08964338,-0.12598835,-0.08858507,0.037403278,-0.12335824,-0.08922414,0.034134105,-0.12590227,-0.080214955,0.04568731
7,475,36258,2.0,312.0,310.0,1.0,4.0,3.0,-0.0053167604,-0.0053167604,-9.251709,0.22064209,-0.009541944,-0.036447622,-0.009954885,-0.04122312,0.5079324,0.53388035,0.025947928,0.24777949,0.313517,0.065737516,0.25968677,0.32533604,0.06564927,0.30838713,0.37893486,0.07054773
7,476,36476,41.0,4.0,-37.0,1.0,7.0,6.0,0.04533456,0.04533456,10.499084,1.3771477,-0.006209191,0.0009537563,-0.007959988,0.0080311,0.049283754,0.03369068,-0.015593074,-0.09644618,-0.07021884,0.02622734,-0.05321335,-0.055581037,-0.0023676865,-0.042708304,-0.04990127,-0.0071929656
7,477,36569,32.0,173.0,141.0,2.0,4.0,2.0,0.019450355,0.019450355,8.47168,1.4453735,-0.00035769492,-0.017304074,-0.0034684688,-0.017304998,0.34780985,0.4051679,0.057358056,0.089203544,0.09758876,0.008385219,0.09158787,0.115182385,0.023594514,0.13570325,0.17080764,0.035104394
7,478,36576,6.0,211.0,205.0,1.0,1.0,0.0,0.015393123,0.015393123,-27.761963,-0.761467,0.0011207983,-0.021845289,-0.0004311502,-0.02039709,0.7543622,0.72599936,-0.02836287,0.44561902,0.59119177,0.14557275,0.4517913,0.60413563,0.15234435,0.55640674,0.6526444,0.09623766
7,479,36623,1.0,167.0,166.0,1.0,1.0,0.0,0.0036578216,0.0036578216,-39.23996,-1.1126785,-0.0020146556,-0.032044284,-0.0032702424,-0.03113132,0.5184287,0.50836736,-0.010061324,0.55822337,0.5430084,-0.01521498,0.56028235,0.56536067,0.0050783157,0.57681113,0.5796164,0.0028052926
7,480,36629,1.0,52.0,51.0,1.0,1.0,0.0,0.010646407,0.010646407,0.25750732,0.93408203,-0.0029588938,-0.031245094,-0.0060165636,-0.030717354,-0.09576292,-0.09390168,0.0018612444,-0.021061284,-0.08023628,-0.059174992,-0.017971665,-0.07097822,-0.053006552,-0.03233942,-0.08111313,-0.04877371
7,481,36682,1.0,3.0,2.0,3.0,9.0,6.0,0.035621494,0.035621494,-18.150208,0.10809708,-0.0006247349,-0.01486126,-0.0032094605,-0.00693205,0.35570142,0.41994292,0.0642415,0.42361915,0.24395968,-0.17965947,0.432154,0.22807994,-0.20407405,0.45485836,0.27766612,-0.17719224
7,482,36731,1.0,306.0,305.0,1.0,1.0,0.0,-0.007933237,-0.007933237,-44.111053,-1.0588398,-0.011259746,-0.048214316,-0.009258114,-0.051189233,0.67086107,0.691709,0.020847917,0.567557,0.531697,-0.035860002,0.56556237,0.53953063,-0.026031733,0.62380064,0.5978718,-0.025928855
7,483,36759,4.0,311.0,307.0,2.0,8.0,6.0,0.008013073,0.008013073,-2.304779,0.9374256,-0.0011655241,-0.040532716,-0.0066459477,-0.034833193,-0.1758359,-0.1206379,0.05519799,0.22618353,0.2194553,-0.006728232,0.23104967,0.2292908,-0.0017588735,0.20823722,0.21242084,0.00418362
7,484,36910,1.0,1.0,0.0,1.0,1.0,0.0,0.028469801,0.028469801,-42.521484,-1.1762123,-0.00081023574,-0.014361683,-0.004562434,-0.015235215,0.5019478,0.64304787,0.14110005,0.42688853,0.39908442,-0.027804106,0.40613744,0.38978598,-0.016351461,0.45781535,0.45175382,-0.006061524
7,485,36945,12.0,175.0,163.0,10.0,7.0,-3.0,0.02648471,0.02648471,6.8536987,0.9497585,7.7307224e-05,-0.025383372,0.0019781962,-0.020153586,-0.21074499,-0.28185472,-0.07110973,0.077695,0.06412567,-0.013569325,0.06968429,0.06924243,-0.00044185668,0.046786245,0.034878835,-0.01190741
7,486,36974,1.0,65.0,64.0,2.0,1.0,-1.0,0.021672789,0.021672789,-2.4595947,0.93286324,0.0018136613,-0.028879795,0.00025558472,-0.024780724,0.10141795,0.1540898,0.052671842,-0.07406916,-0.09057918,-0.016510025,-0.06851591,-0.09128537,-0.022769459,-0.05309157,-0.069359936,-0.016268365
7,487,36978,1.0,13.0,12.0,1.0,1.0,0.0,0.023878492,0.023878492,-3.7858276,0.49313736,-0.005166456,-0.013383646,-0.006702617,-0.01776804,0.11266323,0.19087957,0.07821634,0.1212847,0.20546858,0.08418388,0.103175245,0.18283561,0.07966036,0.10996537,0.1963381,0.08637273
7,488,37059,7.0,254.0,247.0,42.0,5.0,-37.0,0.018543344,0.018543344,-25.401459,-0.84749985,0.011386465,-0.03155983,0.008656364,-0.028511442,-0.11399481,-0.029269641,0.084725164,0.20606773,0.11087372,-0.095194004,0.20933646,0.14351816,-0.065818295,0.19678624,0.13599892,-0.06078732
7,489,37221,4.0,268.0,264.0,14.0,12.0,-2.0,0.015274052,0.015274052,2.5779114,1.0977783,0.006760303,-0.032855302,0.003593579,-0.028191026,0.19779526,0.260383,0.06258775,0.06259151,-0.012908334,-0.07549984,0.04665695,-0.0067537054,-0.053410657,0.06796431,0.025673335,-0.04229097
7,490,37224,1.0,52.0,51.0,1.0,1.0,0.0,0.00014994293,0.00014994293,-55.180664,-2.4384365,-0.007724788,-0.03753298,-0.008515701,-0.034238692,0.22969666,0.35536465,0.12566799,0.024981419,0.09562407,0.07064265,0.02862272,0.09067966,0.06205694,0.06020639,0.13292114,0.07271475
7,491,37436,20.0,683.0,663.0,39.0,31.0,-8.0,0.007393183,0.007393183,-17.906372,-0.31461906,0.0043272246,-0.039261937,0.003448287,-0.036435135,0.6954718,0.73565733,0.04018551,0.48324072,0.40172136,-0.081519365,0.5001993,0.43269706,-0.06750226,0.55239725,0.4956314,-0.056765854
7,492,37494,1.0,118.0,117.0,1.0,1.0,0.0,0.0037953705,0.0037953705,-40.507904,-1.8483715,-0.007953633,-0.03755118,-0.0072842836,-0.038922623,0.4115765,0.39986193,-0.011714578,0.19397783,-0.20504607,-0.3990239,0.22109386,-0.18763144,-0.40872532,0.27607015,-0.12493639,-0.40100652
7,493,37608,1.0,92.0,91.0,1.0,1.0,0.0,0.0018185824,0.0018185824,-20.684967,-0.03903389,-0.0023733005,-0.03703698,-0.0052386783,-0.035690397,0.40723392,0.35786837,-0.04936555,0.27784416,0.13103616,-0.146808,0.2890578,0.13530134,-0.15375645,0.3175013,0.18705639,-0.13044491
7,494,37736,4.0,88.0,84.0,1.0,1.0,0.0,0.019282252,0.019282252,0.23049927,1.4112148,0.00035675988,-0.019180447,-0.0050045103,-0.021089204,0.5555159,0.47854832,-0.07696757,0.22332513,0.37512898,0.15180385,0.23546208,0.3896064,0.1541443,0.2863809,0.42128825,0.13490736
7,495,37801,1.0,11.0,10.0,1.0,1.0,0.0,0.02707427,0.02707427,-44.180023,-1.0420761,-0.006329328,-0.016017407,-0.0064005926,-0.0142491385,0.062211942,0.10956433,0.047352385,-0.14893009,-0.1542754,-0.0053453147,-0.1563467,-0.17365493,-0.017308235,-0.1258457,-0.13577992,-0.009934217
7,496,37927,17.0,637.0,620.0,8.0,14.0,6.0,0.006410159,0.006410159,-32.27008,-1.0548077,0.0014853366,-0.03444711,0.0016116723,-0.034139547,0.36637583,0.26490867,-0.10146716,0.033371896,0.35727185,0.32389995,-0.009907521,0.3526497,0.3625572,0.044031177,0.37014043,0.32610926
7,497,38022,1.0,70.0,69.0,1.0,2.0,1.0,0.016023051,0.016023051,-30.301605,-0.8148651,-0.004494842,-0.02811049,-0.004232552,-0.026576199,0.8403521,0.81526273,-0.025089383,0.65675676,0.6206192,-0.03613758,0.6892481,0.6468435,-0.042404592,0.7507418,0.7052289,-0.045512855
7,498,38025,120.0,592.0,472.0,12.0,10.0,-2.0,0.012914352,0.012914352,-19.9841,-0.3244686,0.00340553,-0.028379269,0.001488328,-0.02749142,0.1966925,0.21997766,0.023285165,0.027824288,0.052408997,0.024584709,-0.0028668882,0.02631769,0.029184578,0.026605573,0.058473665,0.031868093
7,499,38060,1.0,28.0,27.0,1.0,2.0,1.0,0.014271878,0.014271878,-1.4400635,0.64907074,-0.00561871,-0.023142919,-0.005809728,-0.017605808,0.35720566,0.49414235,0.1369367,0.25502315,0.26457146,0.009548306,0.26426405,0.27483845,0.0105744,0.29080978,0.32388037,0.033070594
7,500,38246,2.0,29.0,27.0,1.0,1.0,0.0,0.019652124,0.019652124,-2.27594,0.5377674,0.0026339106,-0.01832278,-0.000819657,-0.022085011,0.1939226,0.17099932,-0.022923276,-0.19593264,-0.14209722,0.05383542,-0.2192174,-0.181874,0.037343398,-0.18856181,-0.13861322,0.049948588
7,501,38278,7.0,300.0,293.0,2.0,1.0,-1.0,0.010409094,0.010409094,-4.6760254,0.3950138,0.0072605014,-0.026366465,0.0034334287,-0.024663165,0.15578565,0.12446562,-0.031320028,0.16826132,0.041386023,-0.1268753,0.15575932,0.03651527,-0.119244054,0.16591519,0.047936272,-0.117978916
7,502,38297,1.0,220.0,219.0,1.0,2.0,1.0,0.012763977,0.012763977,9.171997,1.1175976,-0.009143021,-0.040699795,-0.008919831,-0.030859232,0.5419031,0.44799086,-0.093912214,0.34502414,0.4584967,0.11347255,0.35814518,0.48292962,0.12478444,0.39983332,0.49938807,0.09955475
7,503,38310,6.0,36.0,30.0,2.0,1.0,-1.0,0.027415652,0.027415652,-9.995544,0.08271217,0.00044736266,-0.0133698955,-0.00071027875,-0.01316281,-0.04064121,0.025615053,0.06625626,0.1211231,0.04460209,-0.07652101,0.14962465,0.043043178,-0.106581464,0.13332774,0.045024846,-0.088302895
7,504,38358,11.0,143.0,132.0,51.0,118.0,67.0,0.019369926,0.019369926,-28.099365,-0.27022362,0.0050578043,-0.022202656,0.0036666095,-0.019486602,0.21820867,0.31416732,0.09595865,0.06761753,-0.036879558,-0.10449709,0.05921085,-0.046924982,-0.10613583,0.084953204,-0.0026695202,-0.087622724
7,505,38483,1.0,128.0,127.0,6.0,23.0,17.0,0.013915174,0.013915174,12.662598,1.5761261,-0.0022500455,-0.029417504,-0.0048885643,-0.02622246,0.26344368,0.39722508,0.1337814,-0.14055613,0.17423764,0.31479377,-0.12314172,0.17318921,0.29633093,-0.09979329,0.2049509,0.30474418
7,506,38486,3.0,319.0,316.0,1.0,1.0,0.0,0.009156514,0.009156514,-41.89044,-1.5404625,0.0013859794,-0.039519437,0.002423279,-0.03482713,-0.046732716,0.008919085,0.055651803,0.28369185,0.025873043,-0.25781882,0.3028408,0.042632405,-0.2602084,0.2759388,0.04041386,-0.23552495
7,507,38494,1.0,420.0,419.0,1.0,1.0,0.0,-0.016179435,-0.016179435,-80.56262,-3.4159203,-0.010323349,-0.052451354,-0.012653362,-0.05346275,0.2504672,0.26378655,0.013319343,-0.17542885,0.12171747,0.29714632,-0.19674343,0.057511196,0.25425464,-0.13434915,0.09910584,0.233455
7,508,38641,1.0,24.0,23.0,1.0,1.0,0.0,0.025036078,0.025036078,-32.153046,-0.80810165,0.0021701716,-0.025786951,-0.00098579,-0.024679173,0.38353175,0.3679003,-0.015631437,0.15048735,0.1876111,0.037123755,0.19377577,0.21946996,0.025694191,0.21906745,0.24657659,0.027509138
7,509,38794,1.0,124.0,123.0,1.0,1.0,0.0,0.005416885,0.005416885,-38.557617,-1.4834213,0.00091443956,-0.022704918,-0.0019639991,-0.025337838,0.47624788,0.50702786,0.030779988,0.49284738,0.31323987,-0.17960751,0.47798294,0.2801966,-0.19778633,0.5091323,0.34771973,-0.1614126
7,510,38817,1.0,97.0,96.0,1.0,1.0,0.0,0.0029425137,0.0029425137,-55.40799,-2.2478619,-0.00439116,-0.03403894,-0.004411366,-0.03601695,0.49649534,0.49784356,0.0013482273,0.27491117,0.2808516,0.0059404373,0.2931848,0.2992601,0.0060753226,0.34511575,0.3471435,0.00202775
7,511,38829,11.0,235.0,224.0,3.0,36.0,33.0,0.00974936,0.00974936,-41.680206,-1.2519112,-0.006199889,-0.029974688,-0.0074857026,-0.027834717,0.7963484,0.6794813,-0.116867065,0.61467314,0.59571487,-0.01895827,0.6275466,0.6172903,-0.01025629,0.6734143,0.65085196,-0.022562325
7,512,38853,1.0,78.0,77.0,2.0,8.0,6.0,0.016415335,0.016415335,-17.274567,0.053897858,-0.002446361,-0.027598824,-0.0070187747,-0.025828589,0.53611594,0.34550154,-0.1906144,0.51304513,0.4931321,-0.019913018,0.5392882,0.50594556,-0.03334266,0.5603061,0.5204416,-0.03986448
7,513,38978,1.0,135.0,134.0,1.0,1.0,0.0,0.0093772635,0.0093772635,-38.236267,-1.3877335,-0.006930534,-0.040715702,-0.0072982535,-0.035141997,0.1619516,0.19243376,0.030482158,0.35371864,0.3464984,-0.0072202384,0.37969327,0.366975,-0.01271826,0.37923762,0.36482933,-0.01440829
7,514,39047,7.0,145.0,138.0,4.0,6.0,2.0,0.019410066,0.019410066,-40.963074,-0.96266365,-0.00060559064,-0.022790901,-0.0023907982,-0.019370899,0.6286666,0.66153806,0.032871485,0.3464173,0.26427588,-0.08214143,0.33481044,0.2417743,-0.09303613,0.43352446,0.37023205,-0.063292414
7,515,39058,11.0,141.0,130.0,3.0,2.0,-1.0,0.017310772,0.017310772,-24.5065,-0.49456024,0.0005651191,-0.017405063,-0.0015927516,-0.016339585,0.37890112,0.40179116,0.022890031,0.19010349,0.122416645,-0.06768684,0.1859198,0.11105564,-0.074864164,0.23355925,0.17357391,-0.05998534
7,516,39095,1.0,158.0,157.0,11.0,8.0,-3.0,0.0077373236,0.0077373236,-8.2153015,0.4345169,0.0063315406,-0.03150117,0.0026831292,-0.027848225,-0.3520315,-0.32507703,0.026954472,0.03983403,-0.069738105,-0.109572135,-0.016140513,-0.08187908,-0.065738566,-0.07799956,-0.111936286,-0.033936724
7,517,39289,1.0,27.0,26.0,1.0,1.0,0.0,0.014050934,0.014050934,-55.057526,-2.30929,-0.009836998,-0.026208349,-0.006604325,-0.02653478,0.37152925,0.3100914,-0.061437845,0.3153196,0.16246176,-0.15285784,0.3353524,0.16687119,-0.1684812,0.35815445,0.20385751,-0.15429693
7,518,39298,1.0,32.0,31.0,1.0,1.0,0.0,0.010678634,0.010678634,-24.574707,-0.5073509,-0.0053969286,-0.024757557,-0.0062449425,-0.024538338,0.7953707,0.80236727,0.006996572,0.7658673,0.8144247,0.0485574,0.77363104,0.81370836,0.04007733,0.7909706,0.82531124,0.03434062
7,519,39369,2.0,44.0,42.0,1.0,1.0,0.0,0.020533297,0.020533297,-33.149353,-1.131691,0.0014925562,-0.008133151,-0.00088715926,-0.0130048655,-0.05604718,-0.02616856,0.029878618,-0.07712064,0.08367099,0.16079164,-0.065186255,0.10505937,0.17024562,-0.06942661,0.09775365,0.16718027
7,520,39402,1.0,34.0,33.0,1.0,1.0,0.0,0.0025361106,0.0025361106,-44.131073,-1.8130188,-0.0044052154,-0.03336737,-0.012033459,-0.028080061,0.07038329,0.10239863,0.03201534,0.012354696,0.03216564,0.019810943,-0.008425419,0.02089584,0.02932126,0.001280275,0.034802213,0.03352194
7,521,39509,24.0,289.0,265.0,2.0,2.0,0.0,0.013344914,0.013344914,0.3930359,0.6410599,-7.548183e-05,-0.016042158,-0.003830038,-0.021246292,0.3069536,0.3430552,0.03610158,0.03028931,-0.0634464,-0.09373571,0.008477144,-0.08083118,-0.08930832,0.04581791,-0.026639912,-0.07245782
7,522,39547,1.0,184.0,183.0,1.0,2.0,1.0,0.006585449,0.006585449,-8.367981,0.21749687,-0.00062021613,-0.033856574,-0.0030631498,-0.033104487,0.2546665,0.32485148,0.070184976,0.16510193,0.20984273,0.044740796,0.1598934,0.20234779,0.04245439,0.19126779,0.2314765,0.040208712
7,523,39553,2.0,12.0,10.0,2.0,16.0,14.0,0.030454822,0.030454822,18.06546,1.6649551,-0.004535321,-0.0017035976,-0.002852697,-0.010314416,0.46027702,0.339846,-0.120431036,0.24434313,0.31510213,0.070759,0.28763744,0.32987764,0.042240202,0.32785106,0.3623023,0.034451246
7,524,39841,1.0,4.0,3.0,1.0,1.0,0.0,0.032795083,0.032795083,2.623413,0.88274384,-0.0048303306,-0.0042273663,-0.009108048,-0.0064793527,0.051001668,0.0025540804,-0.048447587,-0.00058355066,-0.040210284,-0.039626732,0.0016172221,-0.057482127,-0.05909935,0.007138084,-0.056799773,-0.06393786
7,525,39997,1.0,21.0,20.0,1.0,1.0,0.0,0.025154423,0.025154423,-42.843536,-1.3868504,-7.472932e-05,-0.010921445,-0.0014025308,-0.015522111,0.5209783,0.49514282,-0.025835454,0.33197427,0.36106202,0.029087752,0.35149002,0.35072368,-0.0007663369,0.40257823,0.39923757,-0.0033406615
7,526,40153,2.0,133.0,131.0,3.0,1.0,-2.0,0.013089459,0.013089459,-54.699615,-2.173853,0.0059472136,-0.024214111,0.003653407,-0.026062805,0.15237883,0.004458478,-0.14792036,0.033544667,0.016071368,-0.017473299,0.050662976,0.058435045,0.0077720694,0.06597474,0.058126383,-0.00784836
7,527,40235,19.0,16.0,-3.0,23.0,18.0,-5.0,0.03938701,0.03938701,-20.41272,-0.5929413,0.00931114,-0.0047977977,0.005647376,-0.0020015948,0.42258844,0.26795998,-0.15462846,0.4904922,0.47717175,-0.013320446,0.5055363,0.47551236,-0.030023962,0.51929003,0.4787611,-0.040528923
7,528,40423,1.0,161.0,160.0,1.0,1.0,0.0,-0.0032854117,-0.0032854117,-77.1163,-3.2802887,-0.0030464195,-0.045075424,-0.0042480566,-0.043057278,0.22155873,0.22725426,0.005695522,0.16490348,0.1768789,0.0119754225,0.18677689,0.20865437,0.021877483,0.19794323,0.22430824,0.026365012
7,529,40548,16.0,551.0,535.0,1.0,1.0,0.0,0.007883109,0.007883109,-51.710144,-1.8123856,0.00027716905,-0.02413483,-0.002962757,-0.029221088,0.48295805,0.5592513,0.07629326,-0.09778914,0.22890253,0.3266917,-0.123392284,0.20890528,0.33229756,-0.040131576,0.2943732,0.33450478
7,530,40575,1.0,33.0,32.0,1.0,1.0,0.0,0.018157016,0.018157016,-62.472534,-2.630005,0.0018446185,-0.028769784,-0.0034828298,-0.028984662,0.47813356,0.4619019,-0.016231656,0.23601553,0.2687055,0.03268996,0.25662908,0.28598174,0.029352665,0.2939629,0.32785898,0.03389609
7,531,40721,50.0,601.0,551.0,11.0,15.0,4.0,0.010544177,0.010544177,2.6333618,0.74793243,0.0051413924,-0.03533484,0.002060797,-0.028020557,-0.12648839,-0.035476714,0.09101167,0.09849295,-0.010956826,-0.109449774,0.03680125,-0.031712018,-0.06851327,0.012456811,-0.034659866,-0.04711668
7,532,40770,1.0,78.0,77.0,1.0,1.0,0.0,0.010948285,0.010948285,-77.47034,-3.0027542,0.0027064905,-0.02853207,-0.0013176613,-0.031052437,0.6743448,0.67132556,-0.0030192137,0.6031901,0.6415879,0.03839779,0.62007743,0.66430414,0.044226706,0.6712316,0.6892622,0.018030584
7,533,40840,1.0,211.0,210.0,1.0,1.0,0.0,0.0011887923,0.0011887923,-28.984894,-0.7673683,-0.012004852,-0.036353327,-0.012132384,-0.034267817,0.0845247,-0.08346179,-0.16798648,-0.01997713,0.070878804,0.090855934,-0.024417693,0.08701927,0.11143696,-0.009894412,0.06907198,0.078966394
7,534,40846,21.0,22.0,1.0,3.0,1.0,-2.0,0.036025897,0.036025897,-61.95581,-1.7410736,0.0057958886,-0.01093379,0.004578039,-0.00860092,-0.08419174,0.0080062905,0.09219803,-0.08181935,-0.039107017,0.04271233,-0.054774527,-0.005990058,0.04878447,-0.0676592,-0.0045249276,0.06313427
7,535,40909,1.0,78.0,77.0,1.0,1.0,0.0,0.012815736,0.012815736,-36.244934,-1.1473389,0.0024111494,-0.024191394,0.0012062788,-0.023058351,0.21162362,0.3102342,0.098610565,-0.15266255,0.06065625,0.2133188,-0.19274865,0.03049423,0.22324288,-0.16211894,0.058801692,0.22092064
7,536,40920,18.0,276.0,258.0,15.0,16.0,1.0,0.013958901,0.013958901,-13.881653,-0.16714478,0.006377425,-0.01725446,0.0050944164,-0.017091986,0.22672649,0.15036184,-0.07636465,0.24081922,0.11563374,-0.12518547,0.23292004,0.11327855,-0.11964148,0.24809596,0.12657277,-0.12152319
7,537,40924,1.0,2.0,1.0,1.0,1.0,0.0,0.023916334,0.023916334,-53.873047,-1.6809978,-0.010330178,-0.021897256,-0.012303121,-0.020938069,0.27476168,0.34438843,0.06962675,0.31949383,0.37011725,0.050623417,0.3270591,0.39851242,0.07145333,0.34111106,0.40675133,0.06564027
7,538,40935,3.0,149.0,146.0,5.0,7.0,2.0,0.017141327,0.017141327,-7.284851,0.14595032,0.002050154,-0.026467416,0.0007953122,-0.024751406,0.36410183,0.2928786,-0.07122323,0.15398706,0.1533724,-0.000614658,0.17710043,0.19732015,0.020219713,0.21504666,0.23978771,0.024741054
7,539,40979,2.0,651.0,649.0,12.0,17.0,5.0,-0.0026571043,-0.0026571043,-41.87796,-1.8872395,0.0019581765,-0.037652433,0.00055269524,-0.042006407,0.18669935,0.39561406,0.20891471,0.04278695,0.069594845,0.026807897,0.047628604,0.11058504,0.06295644,0.07482858,0.15687571,0.082047135
7,540,41056,1.0,12.0,11.0,1.0,1.0,0.0,0.017465122,0.017465122,-44.29077,-1.3977661,-0.002227705,-0.023496114,-0.0011726096,-0.022327594,0.46238577,0.44116622,-0.021219552,0.34714666,0.17772469,-0.16942197,0.3533101,0.17403534,-0.17927477,0.40476546,0.23981486,-0.1649506
7,541,41097,2.0,5.0,3.0,1.0,8.0,7.0,0.024364837,0.024364837,-36.359924,-0.9016571,-0.0033534095,-0.012321331,-0.0048436075,-0.010041527,0.094578676,0.11222469,0.017646015,0.2810483,0.23814131,-0.042906985,0.27417776,0.22985183,-0.044325933,0.27695358,0.23257008,-0.044383496
7,542,41116,1.0,182.0,181.0,1.0,3.0,2.0,0.006825816,0.006825816,-23.350647,-0.6192169,-0.0040186755,-0.036743205,-0.005943179,-0.037266806,0.057541605,0.028091494,-0.029450111,-0.16922858,-0.05469673,0.11453185,-0.19500987,-0.098634966,0.09637491,-0.17871678,-0.09125799,0.08745879
7,543,41137,1.0,6.0,5.0,1.0,1.0,0.0,0.018741429,0.018741429,-74.77048,-2.668064,-0.005839158,-0.022012576,-0.0059951097,-0.020778678,0.7594899,0.768123,0.008633077,0.5435995,0.5793228,0.03572333,0.55170447,0.58158416,0.02987969,0.5980697,0.6338731,0.035803378
7,544,41162,1.0,262.0,261.0,1.0,1.0,0.0,-0.0009343736,-0.0009343736,-40.4144,-1.5098896,-0.0033190846,-0.038812503,-0.005125914,-0.042619582,0.3106333,0.16952743,-0.14110588,0.30393982,0.25427392,-0.049665898,0.2891272,0.22782587,-0.061301336,0.31646612,0.24006885,-0.07639727
7,545,41482,1.0,1.0,0.0,1.0,1.0,0.0,0.027404003,0.027404003,-40.120667,-0.9135246,0.0037999004,-0.011531305,-0.0025392175,-0.010271877,0.3654802,0.38440043,0.018920213,0.3357594,0.2663743,-0.06938511,0.33092603,0.2740933,-0.05683273,0.35835078,0.31549224,-0.04285854
7,546,41566,6.0,124.0,118.0,1.0,1.0,0.0,0.019118443,0.019118443,-1.3656311,0.83670044,0.00013108924,-0.021227997,-0.002978593,-0.017796773,0.48495504,0.4517811,-0.03317395,0.3110596,0.22606982,-0.08498977,0.28659785,0.22268546,-0.06391239,0.32991347,0.27281487,-0.057098597
7,547,41574,2.0,86.0,84.0,1.0,1.0,0.0,0.010207791,0.010207791,-67.86417,-1.8098583,0.0014212653,-0.023520581,-0.0013733618,-0.027025335,0.5691306,0.5472129,-0.0219177,0.5164618,0.45141035,-0.06505144,0.51914644,0.45606205,-0.063084394,0.5431323,0.48336336,-0.059768945
7,548,41623,52.0,313.0,261.0,5.0,10.0,5.0,0.016858462,0.016858462,-25.312836,-0.37387466,3.223121e-05,-0.021475628,0.00019746274,-0.021079682,0.35271317,0.32715034,-0.025562823,0.22117418,0.103145435,-0.118028745,0.2590389,0.11890528,-0.14013362,0.2873661,0.16057812,-0.12678798
7,549,41653,1.0,3.0,2.0,1.0,1.0,0.0,0.027205456,0.027205456,-46.05667,-1.7194939,-0.001643166,-0.013495702,-0.0013230778,-0.012446005,0.81152266,0.7766294,-0.034893274,0.733459,0.7032113,-0.030247688,0.7434069,0.7276425,-0.015764415,0.7726167,0.7568665,-0.01575017
7,550,41710,4.0,148.0,144.0,2.0,4.0,2.0,0.017067503,0.017067503,-3.192749,0.75458336,0.0016822107,-0.02760451,-0.0037626736,-0.02414431,0.035517156,-0.04031627,-0.075833425,-0.0743737,-0.022980556,0.051393144,-0.072364226,-0.032753978,0.039610248,-0.06542946,-0.036024038,0.029405419
7,551,41778,6.0,244.0,238.0,1.0,1.0,0.0,0.010906685,0.010906685,-33.31009,-1.22225,0.00013979152,-0.028460935,-0.0021606013,-0.027091261,-0.09112612,-0.124892786,-0.033766665,-0.07120738,-0.0718268,-0.0006194189,-0.08645578,-0.07266768,0.013788097,-0.0922825,-0.08403828,0.008244216
7,552,41814,2.0,422.0,420.0,1.0,1.0,0.0,-0.0016787797,-0.0016787797,-37.524384,-1.3416042,-0.0072859228,-0.029879872,-0.0076018535,-0.037407562,0.1858844,0.16424252,-0.02164188,0.37351215,0.14952026,-0.22399189,0.40342087,0.1648028,-0.23861806,0.41099152,0.17746809,-0.23352343
7,553,41927,1.0,170.0,169.0,1.0,1.0,0.0,0.0032450706,0.0032450706,-26.87204,-0.25618553,-0.008026667,-0.037182968,-0.0090231225,-0.031592425,0.09936851,0.12593608,0.026567563,0.15982981,0.19749357,0.037663758,0.1314919,0.16344199,0.031950086,0.14502409,0.17222345,0.027199358
7,554,41934,1.0,96.0,95.0,1.0,1.0,0.0,0.009677216,0.009677216,-40.380432,-1.2112617,-0.0028495379,-0.034556903,-0.005564317,-0.028641544,0.57529473,0.43529257,-0.14000216,0.44069895,0.49154603,0.050847083,0.43248823,0.48575118,0.05326295,0.466663,0.49620217,0.029539168
7,555,42007,11.0,148.0,137.0,14.0,2.0,-12.0,0.025129426,0.025129426,-51.571228,-2.135088,0.0064825527,-0.023037136,0.005878173,-0.021564648,0.5252131,0.32222086,-0.20299226,0.15014422,0.20761828,0.05747406,0.15040044,0.17802073,0.027620286,0.19756067,0.20173864,0.0041779727
7,556,42126,5.0,12.0,7.0,12.0,11.0,-1.0,0.034857865,0.034857865,-33.593018,-0.99555016,-0.00097293034,-0.011342995,0.00097645074,-0.007841662,-0.46782878,-0.24282014,0.22500864,-0.36995935,-0.456352,-0.08639264,-0.326202,-0.46056905,-0.13436705,-0.3682228,-0.47441506,-0.10619226
7,557,42166,19.0,358.0,339.0,2.0,2.0,0.0,0.010544021,0.010544021,-58.198242,-2.1198502,0.0011251494,-0.02999688,-0.0032610819,-0.02818032,0.5049702,0.55098414,0.04601395,-0.037682585,0.3534757,0.39115828,-0.04569029,0.3611446,0.4068349,0.011285123,0.41607964,0.4047945
7,558,42171,1.0,79.0,78.0,1.0,1.0,0.0,0.0030814484,0.0030814484,-60.04596,-2.280775,0.0026898496,-0.04312005,-0.0006143525,-0.040966157,0.5754427,0.587193,0.01175034,0.3566286,0.49053034,0.13390175,0.3560029,0.4841001,0.1280972,0.43024313,0.5271952,0.09695208
7,559,42214,1.0,358.0,357.0,1.0,1.0,0.0,-0.015555378,-0.015555378,-51.326263,-1.7586365,-0.0076654404,-0.051455256,-0.0088350065,-0.051187232,0.29663005,0.23516952,-0.06146054,0.15987632,0.07916642,-0.0807099,0.19073962,0.05892323,-0.13181639,0.23195432,0.08670893,-0.14524539
7,560,42224,1.0,167.0,166.0,1.0,1.0,0.0,0.009481065,0.009481065,-36.16147,-0.8726349,0.0013556443,-0.04182217,-0.0036364347,-0.036951154,0.39341024,0.454754,0.06134376,0.04439015,0.24320024,0.1988101,0.03806077,0.24432354,0.20626277,0.0815873,0.29611397,0.21452667
7,561,42238,48.0,639.0,591.0,3.0,13.0,10.0,0.0063977838,0.0063977838,0.62286377,0.868309,-0.0005608089,-0.030047715,-0.0026013255,-0.029190686,0.28460035,0.1566728,-0.12792754,-0.2080021,-0.2954578,-0.087455705,-0.25765175,-0.30224428,-0.04459253,-0.18959181,-0.2681372,-0.07854538
7,562,42299,9.0,267.0,258.0,6.0,44.0,38.0,0.013220165,0.013220165,11.343628,1.4547997,0.0022148453,-0.03113072,-0.0006333329,-0.024564866,0.058746748,0.033378553,-0.025368195,-0.13014834,-0.08218585,0.047962487,-0.12170454,-0.07039746,0.051307082,-0.108960904,-0.0652913,0.043669604
7,563,42473,84.0,203.0,119.0,9.0,28.0,19.0,0.028053947,0.028053947,-16.52768,-0.098911285,0.001351364,-0.012820922,0.00043947622,-0.011589177,0.37345564,0.42830235,0.054846704,0.32356575,0.39649254,0.07292679,0.3153368,0.4049409,0.08960411,0.33870247,0.4253274,0.08662492
7,564,42563,3.0,63.0,60.0,1.0,1.0,0.0,0.01930885,0.01930885,-70.566376,-2.2918568,-0.0032418445,-0.021432418,-0.0029721186,-0.02086965,0.17047036,0.18087262,0.010402262,0.29117155,0.25517583,-0.03599572,0.29832923,0.2621182,-0.036211044,0.29019907,0.2631762,-0.027022868
7,565,42642,162.0,203.0,41.0,133.0,188.0,55.0,0.0325598,0.0325598,-3.0097656,0.6218777,0.012015767,-0.011101063,0.009286862,-0.009580709,0.30304068,0.28959867,-0.01344201,-0.08128698,0.052372396,0.13365938,-0.11778609,0.014996233,0.13278233,-0.08665803,0.04835787,0.1350159
7,566,42648,55.0,221.0,166.0,22.0,7.0,-15.0,0.025214948,0.025214948,-1.0641174,1.2157288,0.0036720857,-0.017729979,0.0021752678,-0.01664278,0.7243018,0.63837516,-0.08592665,0.600705,0.59018254,-0.010522485,0.6137944,0.57480484,-0.038989544,0.655125,0.6014239,-0.053701103
7,567,42697,1.0,2.0,1.0,1.0,1.0,0.0,0.029434845,0.029434845,-9.603973,0.43666077,-0.0014740601,-0.015060287,-0.0021457225,-0.011998966,0.2222275,0.16031522,-0.061912283,0.07378114,0.069675505,-0.004105635,0.11019514,0.081885405,-0.028309733,0.14678627,0.10778348,-0.03900279
7,568,42781,5.0,210.0,205.0,1.0,1.0,0.0,0.014133498,0.014133498,-9.945343,0.717226,-0.0068474747,-0.025476351,-0.0075706206,-0.025869332,0.30819297,0.30239102,-0.005801946,0.09585447,0.0710762,-0.02477827,0.08431452,0.059553843,-0.024760675,0.11532604,0.0876183,-0.02770774
7,569,42851,1.0,1.0,0.0,1.0,4.0,3.0,0.03937703,0.03937703,-63.67633,-2.372076,-0.008069668,-0.012527339,-0.010116551,-0.0073589757,0.09065088,0.113847144,0.023196265,0.03610344,0.051038098,0.014934659,0.035649344,0.05526242,0.019613076,0.04376436,0.06495833,0.021193966
7,570,42912,52.0,144.0,92.0,4.0,3.0,-1.0,0.027466211,0.027466211,-1.3591309,0.82559013,0.0066033043,-0.0056131072,0.0020088218,-0.0076003335,0.13575666,0.18409634,0.04833968,-0.024409987,0.21063803,0.23504803,-0.034038045,0.20948273,0.24352077,-0.012237944,0.2350922,0.24733013
7,571,42946,5.0,94.0,89.0,26.0,131.0,105.0,0.024764981,0.024764981,-18.959747,0.261446,0.0009720251,-0.016615577,6.814301e-05,-0.017105449,0.6186087,0.6396726,0.021063864,0.41685155,0.37488294,-0.041968614,0.42505735,0.3859226,-0.03913474,0.4687938,0.42629296,-0.042500854
7,572,42980,1.0,154.0,153.0,1.0,1.0,0.0,0.004085742,0.004085742,-68.34119,-2.494545,0.002006758,-0.039835915,-0.0009551309,-0.04034715,0.43890926,0.4189691,-0.019940168,0.45351988,0.46259782,0.009077936,0.46843016,0.46605718,-0.0023729801,0.4828713,0.480544,-0.0023272932
7,573,43107,22.0,169.0,147.0,1.0,13.0,12.0,0.018981308,0.018981308,20.784485,2.1901588,-0.007601049,-0.018016271,-0.008821849,-0.017441764,-0.053710368,0.016579974,0.07029034,0.10586177,0.159495,0.053633228,0.15104881,0.17254348,0.021494672,0.1415122,0.17315674,0.031644538
7,574,43156,12.0,469.0,457.0,1.0,2.0,1.0,0.0063750334,0.0063750334,-35.584045,-1.3826408,-0.004501339,-0.02733159,-0.004445847,-0.027484674,-0.19041824,-0.19963321,-0.0092149675,-0.10660077,-0.15403657,-0.047435798,-0.15641978,-0.16514932,-0.008729532,-0.1748516,-0.18455233,-0.00970073
7,575,43157,1.0,61.0,60.0,1.0,1.0,0.0,0.013360765,0.013360765,-52.102264,-1.9154854,6.299466e-06,-0.034356397,0.00097231194,-0.030541047,0.64500195,0.6235492,-0.021452725,0.41844657,0.3588343,-0.059612274,0.42299226,0.36059415,-0.062398106,0.47248185,0.4215283,-0.050953537
7,576,43159,1.0,6.0,5.0,3.0,3.0,0.0,0.030842964,0.030842964,-36.376434,-1.2433777,0.00068261474,-0.015299819,0.00084773824,-0.010535892,0.17419349,0.058823764,-0.11536972,-0.06432831,-0.027669435,0.036658876,-0.04370519,-0.013243113,0.030462079,-0.01640005,-0.004890571,0.01150948
7,577,43164,1.0,23.0,22.0,1.0,1.0,0.0,0.006981276,0.006981276,-31.204407,-0.8471527,-0.005725071,-0.036045097,-0.009621024,-0.036726538,0.28844276,0.26366743,-0.024775326,0.12129119,0.18485285,0.06356166,0.11848764,0.18561244,0.0671248,0.14259283,0.20745564,0.0648628
7,578,43224,2.0,13.0,11.0,1.0,24.0,23.0,0.02795732,0.02795732,-7.5591125,0.71993256,-0.006989058,-0.018094253,-0.00797727,-0.011984803,0.22191478,0.26351148,0.041596696,-0.10953853,-0.19828276,-0.08874423,-0.12773348,-0.21282245,-0.08508897,-0.09614956,-0.17938456,-0.083235
7,579,43250,12.0,535.0,523.0,4.0,13.0,9.0,0.0072941184,0.0072941184,13.429382,1.5302982,-0.0062973537,-0.03135072,-0.0036807582,-0.03069717,0.1617465,0.13241197,-0.02933453,0.088515885,0.23369953,0.14518365,0.12698677,0.27557093,0.14858416,0.13953233,0.28105223,0.1415199
7,580,43288,1.0,156.0,155.0,1.0,1.0,0.0,0.003031101,0.003031101,-27.519745,-0.6381531,-0.004995797,-0.038225595,-0.0074328072,-0.034820147,0.25093472,0.15040389,-0.10053083,0.032732014,0.05562022,0.022888206,0.039478328,0.06975912,0.030280795,0.069920726,0.08533064,0.015409917
7,581,43428,1.0,77.0,76.0,1.0,1.0,0.0,-0.00035887212,-0.00035887212,-61.555084,-2.7378826,-0.007678237,-0.038395,-0.010312948,-0.0395915,0.4961797,0.49257576,-0.0036039352,0.13915412,0.39305225,0.25389814,0.14810592,0.39731434,0.24920842,0.19984227,0.4393273,0.23948503
7,582,43429,12.0,624.0,612.0,9.0,16.0,7.0,0.0032764226,0.0032764226,7.222046,1.2104378,0.0036286972,-0.042798594,0.002392523,-0.036549024,0.50301933,0.57551116,0.072491825,0.038365528,0.41186985,0.37350434,0.030580297,0.40913045,0.37855017,0.09702179,0.46060774,0.36358595
7,583,43445,1.0,37.0,36.0,1.0,1.0,0.0,-0.0045462027,-0.0045462027,-55.818512,-2.4719906,-0.011089977,-0.044707995,-0.012491517,-0.0466498,-0.11259649,-0.1356848,-0.023088314,0.32695267,0.26735827,-0.059594393,0.32431588,0.26190916,-0.06240672,0.3103845,0.24702385,-0.06336066
7,584,43465,2.0,2.0,0.0,1.0,4.0,3.0,0.03844697,0.03844697,-22.33545,-0.4417343,-0.004298892,0.008747041,-0.0038771816,-0.00015863776,0.30771008,0.28751522,-0.020194858,0.17689379,0.17961475,0.002720967,0.18838903,0.18586978,-0.00251925,0.2146694,0.20660733,-0.00806208
7,585,43500,3.0,196.0,193.0,1.0,1.0,0.0,0.011614647,0.011614647,4.1029053,1.0877094,-0.0033788085,-0.029835965,-0.004279513,-0.027378637,0.27216867,0.30504662,0.03287795,0.26597068,0.28326133,0.017290652,0.23846379,0.23864947,0.00018568337,0.27161366,0.2762085,0.0045948327
7,586,43619,6.0,115.0,109.0,1.0,1.0,0.0,0.016769808,0.016769808,-26.786469,-0.8765545,-0.0023558065,-0.02373721,-0.0020683333,-0.016522791,0.38247815,0.3208614,-0.06161675,-0.13333131,-0.08036993,0.052961387,-0.09715706,-0.06560354,0.03155352,-0.021482335,-0.010121546,0.01136079
7,587,43675,1.0,342.0,341.0,1.0,2.0,1.0,-0.0032470413,-0.0032470413,-31.904694,-0.998621,-0.0031387582,-0.047783274,-0.002844181,-0.04306425,0.14530843,0.035560697,-0.10974774,0.109768696,0.026559355,-0.08320934,0.13136372,0.04110035,-0.09026337,0.14328556,0.04374159,-0.09954397
7,588,43689,1.0,2.0,1.0,1.0,1.0,0.0,0.033160787,0.033160787,-12.820679,-0.036325455,-0.013482474,-0.0027977787,-0.011366859,-0.0015316047,0.37501583,0.3263835,-0.048632324,0.2549896,0.2843778,0.02938822,0.30245313,0.33554035,0.033087224,0.33798945,0.3605606,0.022571146
7,589,43746,10.0,236.0,226.0,12.0,9.0,-3.0,0.012137849,0.012137849,3.1308594,1.1676121,0.004739918,-0.0239526,0.0021954328,-0.019349243,0.32540402,0.31645036,-0.008953661,-0.118159324,0.027605562,0.14576489,-0.12232719,0.018731626,0.14105882,-0.05387075,0.062437583,0.11630833
7,590,43818,1.0,9.0,8.0,1.0,1.0,0.0,0.006560594,0.006560594,-23.56186,-0.6623688,-0.00062677264,-0.029172398,-0.003782604,-0.029992338,0.64500135,0.5279384,-0.11706293,0.5189929,0.51790494,-0.0010879636,0.53377736,0.5221862,-0.011591136,0.5698759,0.5449558,-0.024920106
7,591,43820,2.0,50.0,48.0,3.0,2.0,-1.0,0.019883737,0.019883737,-19.494537,-0.14541626,0.0057786778,-0.015838679,0.0014069155,-0.016822036,0.38521072,0.20786932,-0.1773414,0.1014467,0.40013123,0.29868454,0.09967701,0.40719134,0.3075143,0.14933987,0.4143611,0.2650212
7,592,43852,20.0,143.0,123.0,1.0,1.0,0.0,0.027522016,0.027522016,2.173462,0.8822441,-0.001994662,-0.020972136,-0.0021771137,-0.017898515,0.5783827,0.7225356,0.14415294,0.13118295,0.3834382,0.25225526,0.12558654,0.39392987,0.26834333,0.1830048,0.45332968,0.2703249
7,593,43950,1.0,1.0,0.0,1.0,1.0,0.0,0.03857775,0.03857775,-42.922028,-1.3855839,0.006223835,-0.0062735677,0.0038006715,-0.006564524,0.37664536,0.46744114,0.090795785,0.30781832,0.5085393,0.200721,0.3274219,0.55070746,0.22328556,0.3513272,0.5683385,0.2170113
7,594,43984,1.0,16.0,15.0,1.0,1.0,0.0,0.017713007,0.017713007,-91.30344,-3.9000301,-0.0027685836,-0.016650364,-0.0034667142,-0.02281129,-0.05841894,-0.05372284,0.004696101,-0.062884755,0.006652343,0.069537096,-0.07414945,-0.031526305,0.042623147,-0.0801518,-0.03843333,0.041718468
7,595,44052,1.0,158.0,157.0,1.0,1.0,0.0,0.013088424,0.013088424,-18.72757,-0.6356621,0.0016113818,-0.03598698,0.00028000772,-0.034483504,0.5604441,0.42959198,-0.13085213,0.56259173,0.44106904,-0.121522695,0.5707088,0.45299315,-0.11771566,0.6042734,0.48099723,-0.123276144
7,596,44097,2.0,53.0,51.0,1.0,1.0,0.0,0.013298754,0.013298754,-22.619781,-0.57966805,-0.0051789545,-0.022457916,-0.007075712,-0.023444328,0.21119192,0.21501549,0.0038235635,0.018180823,0.08753959,0.069358766,0.022588845,0.068923086,0.04633424,0.054856572,0.09499532,0.040138748
7,597,44107,26.0,550.0,524.0,2.0,5.0,3.0,0.0058303215,0.0058303215,-16.572906,0.18374634,0.00045633316,-0.04367449,-0.0024284385,-0.035913203,0.05350948,-0.0053984094,-0.05890789,0.12142592,0.30487004,0.18344411,0.075627014,0.28055775,0.20493074,0.080920696,0.27997452,0.19905382
7,598,44138,2.0,10.0,8.0,1.0,1.0,0.0,0.024654362,0.024654362,-11.220612,0.095926285,-0.0077825263,-0.0021809377,-0.0068365075,-0.011917565,0.3479652,0.30719456,-0.04077065,0.25532836,0.19758289,-0.05774547,0.26324716,0.22919902,-0.03404814,0.29299724,0.25614884,-0.036848396
7,599,44144,20.0,242.0,222.0,4.0,6.0,2.0,0.015283033,0.015283033,-24.759583,-0.7144489,-0.0012915246,-0.024479154,-0.00087840855,-0.02233582,0.15223528,0.118307434,-0.03392785,-0.07663984,0.033948585,0.110588424,-0.07596607,0.023194212,0.099160284,-0.05324663,0.0379842,0.091230825
7,600,44184,3.0,48.0,45.0,1.0,1.0,0.0,0.02701784,0.02701784,-17.33319,-0.32549095,-0.0019111596,-0.020387098,-0.0009122528,-0.01920304,0.24407494,0.36160251,0.117527574,0.30639777,0.41631982,0.10992205,0.30820146,0.418504,0.11030254,0.31561977,0.44298437,0.1273646
7,601,44324,1.0,54.0,53.0,4.0,5.0,1.0,0.022307202,0.022307202,10.698029,1.4862576,0.0013780557,-0.027157173,0.0008296892,-0.023310393,0.35620394,0.24512003,-0.11108391,0.28098634,0.2505407,-0.030445635,0.28927863,0.25289115,-0.036387473,0.31089982,0.2684605,-0.04243931
7,602,44339,26.0,377.0,351.0,8.0,11.0,3.0,0.016802039,0.016802039,0.26156616,1.0811081,0.0055035725,-0.025883373,0.0018765107,-0.025818955,0.4511905,0.4661544,0.014963895,0.5177054,0.41613507,-0.10157031,0.5337469,0.43719444,-0.09655246,0.5308866,0.45688626,-0.07400033
7,603,44369,5.0,62.0,57.0,1.0,1.0,0.0,0.020467814,0.020467814,-48.744965,-1.3998184,-0.0009492785,-0.012124736,-0.0011201277,-0.013592087,0.31725356,0.38013068,0.06287712,0.058449868,0.31506836,0.2566185,0.037256222,0.31065476,0.27339855,0.07820935,0.33965805,0.2614487
7,604,44412,46.0,21.0,-25.0,3.0,17.0,14.0,0.036699947,0.036699947,1.351532,1.2840481,-0.000852406,-0.004603058,-0.0036761388,0.0011643618,0.094549894,-0.120129324,-0.21467921,0.05646826,-0.088592075,-0.14506033,0.050638285,-0.105362765,-0.15600105,0.057177085,-0.1114013,-0.16857839
7,605,44705,19.0,299.0,280.0,8.0,7.0,-1.0,0.017624166,0.017624166,-11.086884,0.57486534,0.004266165,-0.025610898,0.003078986,-0.023491163,0.27123544,0.30843356,0.037198126,0.19532341,0.22840846,0.03308505,0.18057418,0.21158142,0.031007245,0.19550446,0.23163159,0.036127135
7,606,44720,1.0,41.0,40.0,1.0,1.0,0.0,0.0145263,0.0145263,-43.40805,-1.2564487,-0.00852726,-0.036192674,-0.008060403,-0.0346543,0.04366938,0.17841886,0.13474947,0.08891855,0.047626004,-0.04129255,0.10121642,0.045324016,-0.055892404,0.104062565,0.0659202,-0.03814237
7,607,44729,9.0,170.0,161.0,10.0,20.0,10.0,0.018481422,0.018481422,-5.473755,0.3488369,0.0016985051,-0.017695673,0.0018642433,-0.020528112,0.0139541505,0.020873822,0.006919672,0.051970635,0.0384706,-0.013500035,0.04071008,0.018030832,-0.022679249,0.041864444,0.01989282,-0.021971624
7,608,44736,1.0,189.0,188.0,1.0,1.0,0.0,0.0015496984,0.0015496984,-26.187683,-0.61320305,-0.0041206777,-0.035907872,-0.011666413,-0.036134716,0.031771462,-0.19779396,-0.22956543,-0.0012802274,0.1740732,0.17535344,0.019248728,0.18014747,0.16089875,0.021923326,0.15813491,0.13621157
7,609,44844,33.0,82.0,49.0,1.0,2.0,1.0,0.031489912,0.031489912,6.0944214,1.2334595,-0.003071934,-0.020516038,-0.0027410649,-0.009871926,0.2582229,0.21436831,-0.043854594,0.11447046,-0.015113458,-0.12958393,0.12918642,-0.009341397,-0.13852783,0.16472769,0.013037838,-0.15168986
7,610,44971,3.0,4.0,1.0,6.0,1.0,-5.0,0.049606826,0.049606826,-10.703857,0.26047516,0.006463051,0.0021601282,0.005178079,0.00070745125,0.17144692,-0.0054243407,-0.17687126,0.123575084,0.124756955,0.0011818707,0.11633006,0.11779807,0.0014680102,0.12911423,0.11509142,-0.014022805
7,611,44980,1.0,8.0,7.0,1.0,1.0,0.0,0.008638304,0.008638304,-112.26578,-5.2650204,0.0028640777,-0.033048537,0.0012943633,-0.032058652,0.4693602,0.4791222,0.009761989,0.35821667,0.36023417,0.002017498,0.36414498,0.3479905,-0.016154468,0.41485122,0.39822206,-0.01662916
7,612,45129,99.0,56.0,-43.0,31.0,119.0,88.0,0.037282854,0.037282854,12.307007,1.3144646,0.0042047426,-0.009857267,0.0016393065,-0.0041434616,0.34228852,0.27778038,-0.06450814,0.39490688,0.14388484,-0.25102204,0.40323737,0.15002255,-0.25321484,0.4217544,0.1772567,-0.24449769
7,613,45213,2.0,33.0,31.0,1.0,3.0,2.0,0.017197497,0.017197497,-8.556,0.152174,-0.0067325495,-0.019589972,-0.0079773255,-0.024398446,0.22336869,0.14124633,-0.082122356,-0.006762346,-0.1357986,-0.12903626,-0.0040521296,-0.14462015,-0.14056802,0.015713753,-0.13353558,-0.14924933
7,614,45356,2.0,10.0,8.0,1.0,1.0,0.0,0.03149984,0.03149984,-55.644745,-1.443388,-0.0038663596,-0.0065038353,-0.0049273744,-0.0074782483,0.18300764,0.057836354,-0.12517129,0.04128226,0.018920792,-0.022361467,0.011429448,-0.041693754,-0.053123202,0.04267958,-0.030121993,-0.072801575
7,615,45595,22.0,162.0,140.0,41.0,5.0,-36.0,0.03381614,0.03381614,-19.27002,-0.42575455,0.005558893,-0.015634518,0.005998533,-0.019458972,0.09701156,0.08884205,-0.0081695095,-0.0017305395,0.002189234,0.0039197733,-0.004863429,-0.0269461,-0.022082672,0.00495334,-0.015681721,-0.020635061
7,616,45632,1.0,2.0,1.0,1.0,1.0,0.0,0.02571901,0.02571901,-41.60727,-1.463171,0.00072067976,-0.020928644,-0.0033300072,-0.0139302835,0.12441343,0.18582045,0.061407015,0.06410601,0.07536465,0.011258639,0.05151916,0.031374972,-0.020144187,0.071870446,0.06684219,-0.0050282553
7,617,45746,2.0,291.0,289.0,4.0,3.0,-1.0,0.0039128177,0.0039128177,-23.313751,-0.50265694,0.0034473948,-0.03130606,0.00072879344,-0.034649104,0.17203088,0.09917334,-0.072857544,0.23767117,0.034068443,-0.20360273,0.2543505,0.0717466,-0.18260391,0.25106597,0.078485824,-0.17258015
7,618,45750,150.0,642.0,492.0,3.0,11.0,8.0,0.011616141,0.011616141,4.1689453,1.2029858,-0.0011560023,-0.03253083,-0.0019737259,-0.028065316,0.058069143,-0.02518535,-0.083254494,-0.015416269,0.17336132,0.18877758,0.00050761184,0.18282805,0.18232045,0.008769465,0.16317312,0.15440366
7,619,45837,1.0,317.0,316.0,1.0,1.0,0.0,0.00076624006,0.00076624006,-39.97281,-1.3342876,-0.0043969527,-0.03872496,-0.0060562454,-0.040677372,0.28935674,0.11394069,-0.17541605,0.11762187,0.08695069,-0.03067118,0.13041605,0.09235464,-0.03806141,0.15872346,0.100721724,-0.058001734
7,620,45843,2.0,683.0,681.0,2.0,2.0,0.0,-0.0048006326,-0.0048006326,-11.661407,0.2649479,0.0011359006,-0.052278988,-0.00027275085,-0.04948098,0.7768458,0.71465594,-0.062189877,0.59818166,0.63797474,0.039793074,0.6117866,0.63952017,0.027733564,0.6756666,0.67088735,-0.0047792196
7,621,45945,3.0,78.0,75.0,3.0,3.0,0.0,0.025447533,0.025447533,-3.559906,0.8456898,0.005928181,-0.015881859,0.000851132,-0.016688328,0.18986614,0.11906251,-0.07080363,0.0952845,0.17918973,0.08390523,0.09226989,0.17511114,0.082841255,0.113557644,0.18566644,0.0721088
7,622,45981,3.0,420.0,417.0,1.0,15.0,14.0,0.0033102222,0.0033102222,-13.273712,-0.029153824,-0.0036359504,-0.036129963,-0.00647847,-0.036035333,0.3168573,0.2077047,-0.109152615,-0.15165496,-0.22065106,-0.0689961,-0.18268919,-0.2292905,-0.04660131,-0.14791042,-0.19890316,-0.050992742
7,623,45982,75.0,48.0,-27.0,1.0,1.0,0.0,0.041394845,0.041394845,2.1957092,0.852993,0.00017096847,0.008779831,0.00073957816,0.0031667836,0.5274511,0.46081796,-0.066633135,0.3052487,0.31817284,0.012924135,0.31705573,0.30944404,-0.007611692,0.3744061,0.35072303,-0.023683071
7,624,45999,3.0,55.0,52.0,1.0,2.0,1.0,0.021326322,0.021326322,-1.6639404,0.96912575,-0.006583173,-0.019924775,-0.008241482,-0.015884228,0.42444524,0.41448718,-0.009958059,0.16363478,-0.00014575465,-0.16378053,0.1708724,-0.008437167,-0.17930958,0.2269521,0.061742008,-0.1652101
7,625,46002,58.0,66.0,8.0,151.0,13.0,-138.0,0.045972455,0.045972455,7.2018127,1.04393,0.009383261,0.004343517,0.010347281,-0.00078724325,0.3253912,0.28357568,-0.04181552,0.099324234,-0.0014237121,-0.10074794,0.0833575,-0.0074827834,-0.09084028,0.14241503,0.02806647,-0.11434856
7,626,46036,4.0,110.0,106.0,7.0,3.0,-4.0,0.018242214,0.018242214,-22.44873,-0.42098236,0.0050942414,-0.018834822,0.003019277,-0.020957734,0.3282995,0.36474118,0.036441684,0.32439882,0.20785978,-0.11653903,0.30450892,0.21733804,-0.087170884,0.32580107,0.25327882,-0.07252225
7,627,46101,4.0,94.0,90.0,3.0,3.0,0.0,0.02044202,0.02044202,-35.150635,-0.60209846,0.0010153651,-0.020156752,-0.0003629066,-0.018725421,0.5392294,0.63903356,0.09980416,-0.060588095,0.29907054,0.35965863,-0.09656186,0.3161484,0.41271025,0.0023185394,0.3953925,0.39307398
7,628,46136,31.0,740.0,709.0,2.0,6.0,4.0,-0.0006751865,-0.0006751865,10.833008,1.3313026,-0.002353143,-0.038035486,-0.0037538074,-0.036648475,0.12949704,0.14569427,0.016197234,0.13322817,-0.023689227,-0.1569174,0.16408126,-0.022342026,-0.18642329,0.17105752,-0.00257693,-0.17363445
7,629,46150,1.0,75.0,74.0,1.0,1.0,0.0,0.01892053,0.01892053,-43.138824,-1.7260723,-0.0046228655,-0.029484186,-0.0046106577,-0.02632904,0.4350875,0.389781,-0.045306504,0.27332574,0.3705386,0.09721285,0.28388554,0.38163653,0.09775099,0.3275887,0.39872986,0.07114115
7,630,46160,1.0,1.0,0.0,1.0,1.0,0.0,0.037713397,0.037713397,-41.121735,-1.1406708,0.0007055849,-0.013740912,-0.0023606233,-0.006963659,0.1708539,0.088165015,-0.08268888,0.42400238,0.16671358,-0.2572888,0.44901308,0.18268372,-0.26632935,0.45037106,0.18437071,-0.26600033
7,631,46274,428.0,554.0,126.0,268.0,170.0,-98.0,0.029411435,0.029411435,19.62201,1.7523804,0.014783926,-0.011192493,0.012201827,-0.013497934,0.34379184,0.37859735,0.034805506,0.37844455,0.41916668,0.04072213,0.37994716,0.4398743,0.059927136,0.39019966,0.44591862,0.05571896
7,632,46321,1.0,8.0,7.0,1.0,1.0,0.0,0.015099466,0.015099466,-81.427704,-3.795435,0.0024471208,-0.021570046,0.00059880316,-0.023211334,0.25443283,0.33207172,0.077638894,0.28086105,0.195888,-0.08497305,0.29050085,0.19433886,-0.09616199,0.30324736,0.2261909,-0.07705647
7,633,46372,152.0,264.0,112.0,87.0,225.0,138.0,0.029572686,0.029572686,7.754364,1.1068306,0.0016211141,-0.0139979515,0.0017398018,-0.012553098,0.07828874,0.08359784,0.0053090975,0.21379964,0.1918195,-0.021980137,0.22201543,0.20165212,-0.020363301,0.22299118,0.20450489,-0.018486291
7,634,46380,1.0,132.0,131.0,1.0,1.0,0.0,0.008628171,0.008628171,-46.54236,-0.94416237,-0.00566015,-0.029022247,-0.005671516,-0.030211333,0.4208835,0.43070772,0.009824216,0.115596525,0.5093537,0.39375716,0.12161567,0.5448284,0.42321274,0.18143475,0.5640304,0.38259566
7,635,46460,1.0,71.0,70.0,1.0,1.0,0.0,0.01468556,0.01468556,-31.819489,-0.86060524,-0.0074520744,-0.037256576,-0.008794099,-0.029102761,0.4507544,0.31609523,-0.13465917,0.3940086,0.16584104,-0.22816756,0.41230243,0.17160985,-0.24069259,0.43637663,0.20016733,-0.2362093
7,636,46462,1.0,62.0,61.0,1.0,1.0,0.0,0.015909463,0.015909463,-15.603149,0.05029297,-0.007791437,-0.035086818,-0.007428441,-0.027929828,0.3480182,0.11612624,-0.23189196,-0.44808856,-0.29390988,0.15417868,-0.40855232,-0.2730782,0.13547412,-0.35212165,-0.25276488,0.09935677
7,637,46480,40.0,75.0,35.0,162.0,207.0,45.0,0.034865156,0.034865156,-12.310028,-0.061841965,0.0104025025,-0.0010599513,0.00827576,-0.0025302935,0.25150323,0.2677837,0.016280472,-0.09024982,-0.109783344,-0.019533522,-0.10024736,-0.11365335,-0.013405986,-0.06480092,-0.07524332,-0.0104423985
7,638,46523,7.0,77.0,70.0,3.0,1.0,-2.0,0.020163149,0.020163149,-40.020874,-1.5828075,0.0033497363,-0.016090158,0.002123993,-0.017979983,-0.03415756,-0.05977583,-0.02561827,0.21613659,-0.02894408,-0.24508066,0.21783906,-0.036847338,-0.25468642,0.21115315,-0.0415553,-0.25270844
7,639,46642,5.0,257.0,252.0,1.0,1.0,0.0,0.012569688,0.012569688,-0.36791992,0.9493637,-5.2295625e-05,-0.033445813,-0.0011981316,-0.034159817,0.25234026,0.24546191,-0.006878346,0.18148395,0.20949255,0.028008595,0.17703584,0.20393108,0.02689524,0.19720963,0.22190014,0.024690509
7,640,46661,4.0,8.0,4.0,3.0,9.0,6.0,0.032860957,0.032860957,3.8989868,1.2930527,-0.002988398,0.0068675205,-0.002867043,-0.0039107427,0.13775341,0.1442773,0.0065238923,0.046387397,0.07472538,0.028337985,0.040080253,0.081505455,0.041425202,0.056774676,0.09290548,0.0361308
7,641,46806,1.0,309.0,308.0,1.0,1.0,0.0,-0.003121458,-0.003121458,4.731659,0.9861908,-0.012353517,-0.050405763,-0.014197078,-0.04302717,-0.17470126,-0.15587282,0.018828437,-0.035980564,-0.15303096,-0.117050394,-0.048655327,-0.16449675,-0.11584142,-0.08128685,-0.17967926,-0.09839241
7,642,46835,1.0,136.0,135.0,2.0,1.0,-1.0,0.00536038,0.00536038,-66.46347,-3.0092869,0.0061458945,-0.029341292,0.0024767518,-0.0328151,0.6282619,0.6556565,0.027394593,0.42191067,0.58490163,0.16299096,0.4826855,0.61111724,0.12843174,0.59721255,0.636074,0.038861454
7,643,46861,1.0,14.0,13.0,3.0,2.0,-1.0,0.02559496,0.02559496,-29.26712,-0.63163376,0.0027152225,-0.01542734,-0.00046155974,-0.014049754,0.49760184,0.45770368,-0.039898157,0.2641885,0.27450645,0.010317951,0.2767295,0.27752817,0.00079867244,0.31139413,0.31358427,0.0021901429
7,644,47033,1.0,42.0,41.0,1.0,1.0,0.0,0.008709092,0.008709092,-49.670013,-1.5221615,-0.011483993,-0.03246613,-0.009058457,-0.030046552,0.64989847,0.6427629,-0.00713557,0.5066376,0.69096726,0.18432969,0.49594265,0.68697816,0.19103551,0.54057664,0.69735396,0.15677732
7,645,47070,1.0,288.0,287.0,1.0,1.0,0.0,-0.0012814067,-0.0012814067,-4.9830933,0.570755,-0.002709739,-0.041747425,-0.004821971,-0.04220121,0.5753054,0.56284356,-0.012461841,0.25773767,0.25524896,-0.0024887025,0.25006703,0.23546942,-0.01459761,0.32312158,0.29771417,-0.025407404
7,646,47099,2.0,90.0,88.0,2.0,1.0,-1.0,0.019208081,0.019208081,-55.83899,-1.9473724,0.0035913587,-0.023126118,-0.0013403483,-0.022762448,0.44316605,0.38417214,-0.058993906,0.27901226,0.31208086,0.033068597,0.32283983,0.31446615,-0.008373678,0.39325368,0.34618497,-0.047068715
7,647,47200,1.0,21.0,20.0,1.0,1.0,0.0,0.021854538,0.021854538,-57.246704,-1.543396,0.0020925142,-0.0104195215,0.002207715,-0.0163548,-0.37661415,-0.31877604,0.057838112,0.31450823,0.07354927,-0.24095896,0.29922256,0.06482393,-0.23439863,0.13124043,-0.044016372,-0.1752568
7,648,47290,1.0,55.0,54.0,13.0,32.0,19.0,0.028570142,0.028570142,20.358582,1.8631382,0.0027340278,-0.029195413,0.00057633966,-0.02284861,0.5399985,0.55161464,0.01161617,0.35898173,0.44973058,0.09074885,0.3744863,0.4704248,0.095938504,0.40849453,0.4919457,0.08345118
7,649,47293,2.0,80.0,78.0,1.0,1.0,0.0,0.008176751,0.008176751,-31.186646,-0.4564247,-0.008266151,-0.02659458,-0.009932298,-0.02627534,0.4366373,0.18595944,-0.25067788,0.27849823,0.31307548,0.03457725,0.31627676,0.3258497,0.009572953,0.36858866,0.33336562,-0.035223037
7,650,47321,9.0,405.0,396.0,1.0,1.0,0.0,0.011156864,0.011156864,-4.231476,0.19540977,-0.0041857623,-0.03452595,-0.004029289,-0.032350007,0.0947791,0.11839351,0.023614414,-0.036453415,0.27634636,0.31279978,-0.018243145,0.28976837,0.3080115,-0.004964666,0.30123058,0.30619526
7,651,47408,11.0,66.0,55.0,3.0,1.0,-2.0,0.028567519,0.028567519,-66.61093,-2.5185566,0.0019676238,-0.013398331,0.002375137,-0.013237983,0.76404643,0.76902366,0.0049772263,0.452324,0.49745354,0.045129538,0.47154856,0.52428734,0.052738786,0.57022345,0.6040262,0.033802748
7,652,47598,7.0,198.0,191.0,2.0,10.0,8.0,0.012189236,0.012189236,-8.983429,0.17621613,-0.0024473816,-0.029659588,-0.003801901,-0.023060951,0.07826299,0.08258496,0.00432197,-0.08194457,-0.039778378,0.042166192,-0.09114268,-0.050922144,0.040220533,-0.07490004,-0.037022036,0.037878003
7,653,47600,7.0,92.0,85.0,1.0,1.0,0.0,0.019060142,0.019060142,-34.96631,-0.3354187,-0.00067622587,-0.015065767,-0.0030107386,-0.019956462,0.2922928,0.3051203,0.012827486,0.13188711,0.28767568,0.15578857,0.13015836,0.32525358,0.19509521,0.15890712,0.34395534,0.18504822
7,654,47614,145.0,379.0,234.0,19.0,11.0,-8.0,0.023046242,0.023046242,-38.18582,-0.9488125,0.007239828,-0.016274532,0.004162399,-0.013686789,-0.14946733,-0.033641946,0.115825385,0.15566032,0.16501178,0.009351462,0.14813553,0.16200957,0.013874039,0.11668792,0.1467912,0.030103281
7,655,47656,1.0,102.0,101.0,1.0,10.0,9.0,0.0057188757,0.0057188757,-3.5474243,0.6376438,-0.004558999,-0.02979822,-0.0073599406,-0.028058734,0.23406379,0.4868585,0.25279468,0.41717064,0.4254039,0.008233249,0.38477823,0.39104187,0.0062636435,0.3987444,0.43557987,0.03683546
7,656,47687,1.0,115.0,114.0,1.0,1.0,0.0,0.013322007,0.013322007,-5.392334,0.6074524,0.0010133162,-0.03495897,-0.0019388683,-0.030050486,0.08926467,0.17403987,0.0847752,0.072934434,0.13516845,0.062234014,0.08026758,0.13224313,0.05197555,0.08651638,0.14760202,0.06108564
7,657,48157,3.0,175.0,172.0,1.0,1.0,0.0,0.008395102,0.008395102,-11.430054,0.31845093,-0.0026724897,-0.026781522,-0.003619086,-0.027504884,-0.06318949,0.1213285,0.184518,-0.24709709,-0.20781179,0.039285302,-0.2377412,-0.22631285,0.011428356,-0.22738498,-0.19057153,0.036813453
7,658,48260,2.0,5.0,3.0,1.0,1.0,0.0,0.033187225,0.033187225,-31.640442,-1.1685772,0.0029875934,-0.011136748,0.0035160184,-0.009131588,0.11462221,0.073664814,-0.0409574,-0.017569903,0.04704645,0.06461635,-0.032486662,0.04646052,0.07894719,-0.009879397,0.0518451,0.0617245
7,659,48374,1.0,284.0,283.0,2.0,3.0,1.0,0.0029033273,0.0029033273,-16.089142,0.12940216,-0.0020319,-0.038453326,-0.0024032444,-0.0402725,-0.13323306,-0.16724187,-0.034008816,-0.04118434,0.08853966,0.129724,-0.015498284,0.12584199,0.14134027,-0.034851268,0.101453744,0.136305
7,660,48379,4.0,165.0,161.0,1.0,2.0,1.0,0.015445672,0.015445672,2.2016602,1.0221539,-0.003841333,-0.02866222,-0.0023522153,-0.026158512,0.19507644,0.033257425,-0.16181901,0.22379676,0.043142773,-0.18065399,0.25401405,0.05337214,-0.2006419,0.27312452,0.05554996,-0.21757455
7,661,48393,15.0,490.0,475.0,10.0,3.0,-7.0,0.007121429,0.007121429,-46.656555,-1.1913795,0.0069657117,-0.037446875,0.0053002276,-0.036587745,0.13544376,0.32827523,0.19283147,0.09533558,0.2045761,0.109240524,0.07211756,0.19307171,0.12095415,0.085789815,0.23003964,0.14424983
7,662,48422,1.0,47.0,46.0,6.0,1.0,-5.0,0.026650619,0.026650619,-22.6987,-0.5467529,0.007846784,-0.02346129,0.0048508756,-0.019884799,0.59654576,0.4286425,-0.16790324,0.55247843,0.27704322,-0.2754352,0.5677786,0.2821712,-0.2856074,0.59451336,0.32597396,-0.2685394
7,663,48508,10.0,176.0,166.0,6.0,8.0,2.0,0.020009194,0.020009194,17.244385,1.4590225,0.005844068,-0.025010228,0.0018940046,-0.021756098,0.1921001,0.1783614,-0.013738692,-0.019707024,-0.037226442,-0.017519418,-0.022495598,-0.032751996,-0.0102563985,0.011482277,-0.0030075742,-0.014489851
7,664,48530,2.0,328.0,326.0,1.0,2.0,1.0,0.0057876296,0.0057876296,-0.45910645,0.7934761,-0.0018877424,-0.031518627,-0.002496224,-0.0339103,0.13730605,0.10003874,-0.037267312,0.13437474,0.13356806,-0.00080667436,0.1830726,0.17505988,-0.008012712,0.19345033,0.19293606,-0.0005142689
7,665,48617,1.0,54.0,53.0,1.0,2.0,1.0,0.017242305,0.017242305,-32.71341,-1.0189915,-0.0031865016,-0.026485536,-0.0030529797,-0.022593584,-0.01786202,-0.067913026,-0.050051004,-0.006810339,0.12800087,0.13481121,0.021366505,0.13470311,0.11333661,0.016861228,0.11785475,0.10099352
7,666,48618,47.0,183.0,136.0,56.0,25.0,-31.0,0.02988103,0.02988103,2.858551,0.99027634,0.0057502836,-0.012737803,0.0060818903,-0.011779066,0.2613454,0.19988139,-0.061463997,0.24385221,0.16524433,-0.07860789,0.24183519,0.18040344,-0.06143175,0.2584069,0.19053747,-0.06786944
7,667,48622,1.0,72.0,71.0,1.0,1.0,0.0,0.017032847,0.017032847,-4.767029,0.49271774,-0.0015245937,-0.026828706,-0.00040157884,-0.028222986,0.18231936,0.13440065,-0.047918707,0.15604748,0.12579602,-0.030251458,0.16874106,0.1262717,-0.042469367,0.18799433,0.141025,-0.046969324
7,668,48679,11.0,113.0,102.0,7.0,6.0,-1.0,0.021667924,0.021667924,-29.867615,-0.4362526,0.0018322915,-0.018968966,0.000632979,-0.01912415,-0.27248457,-0.2841414,-0.011656821,-0.12458705,0.102796726,0.22738378,-0.1371435,0.13479736,0.27194086,-0.15677556,0.088927135,0.2457027
7,669,48681,2.0,160.0,158.0,2.0,3.0,1.0,0.016564734,0.016564734,-27.704498,-0.7789192,0.0021431148,-0.028649274,-0.00043882802,-0.02608326,0.41427642,0.5148569,0.100580454,0.3074642,0.2176933,-0.08977091,0.31592062,0.22238614,-0.093534485,0.34743124,0.27673867,-0.07069257
7,670,48802,1.0,8.0,7.0,1.0,1.0,0.0,0.024966631,0.024966631,-16.490662,0.16038895,-0.009573445,-0.020564232,-0.009620275,-0.019825846,0.49541897,0.33572882,-0.15969014,0.4378345,0.34527066,-0.09256384,0.45629907,0.37163717,-0.0846619,0.47685373,0.38168624,-0.09516749
7,671,48832,6.0,264.0,258.0,1.0,4.0,3.0,0.010463908,0.010463908,4.6887817,1.2162151,-0.0052249506,-0.031026669,-0.0028957129,-0.027024738,0.43186077,0.29470834,-0.13715243,0.31358737,0.28310862,-0.030478746,0.31443357,0.2806943,-0.03373927,0.35013378,0.32667106,-0.023462713
7,672,48839,1.0,31.0,30.0,1.0,1.0,0.0,0.010555394,0.010555394,-10.686859,0.25094795,-0.004268702,-0.021569308,-0.0066761933,-0.022118751,0.25269997,0.26401356,0.011313587,0.54645103,0.5971243,0.050673246,0.53933287,0.58506197,0.0457291,0.5485983,0.6027491,0.05415082
7,673,49076,1.0,38.0,37.0,3.0,3.0,0.0,0.01888061,0.01888061,-17.985443,-0.15991402,0.0038633235,-0.02550153,0.00031128898,-0.027180508,-0.038498156,-0.091962464,-0.05346431,0.037436616,-0.06744462,-0.10488124,0.02734449,-0.10377072,-0.13111521,0.018765928,-0.11582349,-0.13458942
7,674,49152,1.0,12.0,11.0,2.0,1.0,-1.0,0.028756753,0.028756753,-36.13858,-1.0450821,0.001017388,-0.011308018,-0.004389219,-0.01091554,0.09704694,-0.052267816,-0.14931476,0.30038327,0.0865596,-0.21382368,0.30929574,0.08476868,-0.22452706,0.30975342,0.075325795,-0.23442763
7,675,49156,130.0,775.0,645.0,32.0,21.0,-11.0,0.01086254,0.01086254,-12.496185,0.17911911,0.0071797557,-0.03850318,0.0053249635,-0.036482193,0.62568724,0.61334896,-0.012338281,0.64388233,0.6044477,-0.03943461,0.62436265,0.6185296,-0.0058330297,0.6504515,0.6340638,-0.016387701
7,676,49234,2.0,123.0,121.0,3.0,4.0,1.0,0.020094033,0.020094033,-22.778076,-0.36001396,0.0005381778,-0.027759653,-3.9022416e-05,-0.022554055,0.15739338,0.11111564,-0.04627774,0.13660502,-0.00859303,-0.14519805,0.12830418,-0.015942039,-0.14424622,0.13929118,-0.00024251571,-0.1395337
7,677,49466,1.0,113.0,112.0,1.0,1.0,0.0,-0.0012978613,-0.0012978613,-36.92813,-1.1266708,-0.0034079514,-0.03302498,-0.0055802464,-0.04100155,0.094555855,0.19963832,0.10508247,0.12820756,0.11516981,-0.013037756,0.15236087,0.12235657,-0.0300043,0.15956399,0.14298636,-0.016577631
7,678,49480,4.0,167.0,163.0,3.0,1.0,-2.0,0.015013486,0.015013486,-19.881287,-0.23301125,0.0025722012,-0.02890551,0.001144208,-0.026097514,-0.009880292,-0.041779,-0.031898707,0.11076514,-0.06884153,-0.17960668,0.11323522,-0.06107185,-0.17430708,0.111380465,-0.06350784,-0.17488831
7,679,49622,3.0,213.0,210.0,2.0,3.0,1.0,0.014190074,0.014190074,-22.375122,-0.20345497,0.0017892718,-0.028341513,-0.00093529,-0.026358116,0.18676005,0.22876179,0.04200174,0.09432329,-0.010845883,-0.10516918,0.099187426,0.009104906,-0.09008252,0.11648211,0.03480259,-0.08167952
7,680,49731,228.0,124.0,-104.0,64.0,71.0,7.0,0.03585931,0.03585931,10.134094,1.4972973,0.012040785,-0.009539915,0.009133136,-0.0040312726,0.2853414,0.32556763,0.04022622,0.24681868,0.062414557,-0.18440412,0.2588744,0.061694484,-0.1971799,0.276855,0.087562315,-0.18929267
7,681,49923,3.0,230.0,227.0,30.0,6.0,-24.0,0.013666216,0.013666216,-22.422272,-0.41495705,0.012536291,-0.026276514,0.010571297,-0.025626428,-0.05199708,-0.19580524,-0.14380816,-0.13445558,-0.13254058,0.0019149929,-0.08593018,-0.080625996,0.0053041875,-0.09056172,-0.10221591,-0.011654191
7,682,49944,1.0,30.0,29.0,1.0,1.0,0.0,0.008463167,0.008463167,-69.97089,-2.8446922,-0.013373397,-0.03184543,-0.012415241,-0.028414369,0.7895593,0.75537366,-0.034185648,0.54262525,0.5944103,0.05178505,0.55814666,0.6169987,0.058852017,0.62913674,0.65690565,0.02776891
7,683,49955,1.0,181.0,180.0,1.0,1.0,0.0,0.0021059178,0.0021059178,-51.305756,-2.3221035,-0.002895888,-0.048722852,-0.0042688698,-0.046161477,0.18161775,0.14729255,-0.034325197,0.3249281,0.27752706,-0.04740104,0.31986174,0.2834579,-0.036403835,0.32854,0.29561412,-0.032925874
7,684,49957,1.0,94.0,93.0,1.0,1.0,0.0,0.0068498254,0.0068498254,-17.177734,0.093149185,-0.015000526,-0.030533366,-0.01414758,-0.028550997,0.46028295,0.32529405,-0.1349889,0.48613152,-0.3585246,-0.8446561,0.45146847,-0.36289358,-0.81436205,0.48909763,-0.3096269,-0.79872453
7,685,49969,1.0,76.0,75.0,1.0,1.0,0.0,0.001878351,0.001878351,-79.877625,-3.3501759,-0.002937246,-0.033736072,-0.0066265054,-0.034708288,0.70515347,0.69368905,-0.011464417,0.48514193,0.5149407,0.029798746,0.50964475,0.5299664,0.020321667,0.5653834,0.57535374,0.009970367
7,686,49979,1.0,127.0,126.0,1.0,1.0,0.0,0.0057306886,0.0057306886,-36.07187,-1.1295795,-0.0027742535,-0.03306552,-0.003663212,-0.033524457,0.20520796,0.13582385,-0.06938411,-0.027568761,0.10420762,0.13177638,-0.03326898,0.079370596,0.112639576,-0.005372988,0.08991434,0.09528732
7,687,50026,2.0,3.0,1.0,1.0,1.0,0.0,0.036909416,0.036909416,5.0410156,1.450058,-0.004340742,-0.006790731,-0.0064875,-0.0053250343,-0.0916699,0.007984676,0.09965458,0.3106429,0.50835526,0.19771236,0.34040296,0.53770405,0.19730109,0.33079478,0.53358245,0.20278767
7,688,50114,15.0,35.0,20.0,2.0,4.0,2.0,0.030166037,0.030166037,5.9413757,1.0580997,-0.0014949031,-0.005095862,-0.0018389225,-0.006860003,0.15703751,0.12914814,-0.02788937,0.12092615,0.17638814,0.055461995,0.12581894,0.17125176,0.04543282,0.13442214,0.1745146,0.04009247
7,689,50170,1.0,11.0,10.0,1.0,1.0,0.0,0.010122873,0.010122873,-99.867065,-4.1135635,-0.0022621825,-0.037239745,-0.004816737,-0.03402594,0.23175155,0.46755484,0.23580329,0.12436239,0.11552135,-0.008841038,0.15240522,0.122671515,-0.029733703,0.19478711,0.20961063,0.014823511
7,690,50500,33.0,61.0,28.0,16.0,65.0,49.0,0.030501846,0.030501846,-8.56369,0.545969,0.00089341775,-0.013780989,0.00012378022,-0.010297202,0.4705569,0.4756614,0.005104482,0.24283041,0.24312137,0.00029096007,0.23914364,0.25617957,0.017035931,0.2793332,0.29527375,0.015940547
7,691,50653,2.0,56.0,54.0,1.0,2.0,1.0,0.024260223,0.024260223,14.427704,1.6136799,-0.0031369962,-0.01450754,-0.0063484237,-0.016067933,0.07884354,0.05816458,-0.02067896,0.17343558,0.13585784,-0.03757775,0.16811264,0.12821476,-0.039897874,0.16953312,0.13024181,-0.039291307
7,692,50734,1.0,39.0,38.0,1.0,1.0,0.0,0.010647621,0.010647621,-45.13434,-1.2023792,-0.0052531734,-0.029643886,-0.0025936142,-0.031375464,0.6313744,0.6115564,-0.019818008,0.5141887,0.52976584,0.0155771375,0.53144103,0.56754315,0.036102116,0.56127346,0.5898907,0.028617263
7,693,50755,1.0,12.0,11.0,1.0,1.0,0.0,0.019215494,0.019215494,-23.713776,-0.6296787,-0.006780017,-0.02250572,-0.006883811,-0.02380547,-0.0754149,-0.063248135,0.012166768,-0.21907689,-0.067827314,0.15124957,-0.24816866,-0.089597255,0.1585714,-0.24385777,-0.09554413,0.14831364
7,694,50811,1.0,3.0,2.0,1.0,1.0,0.0,0.028407127,0.028407127,-69.56381,-2.0958023,-0.0040628575,-0.020692017,-0.0049583204,-0.013027143,0.47404975,0.43379095,-0.040258795,0.013438719,0.01568182,0.0022431007,0.018610537,-0.0024998803,-0.021110417,0.10840653,0.10761905,-0.00078748167
7,695,50882,5.0,141.0,136.0,2.0,1.0,-1.0,0.016298585,0.016298585,-28.32077,-0.7068939,0.003449604,-0.025233053,0.0007783398,-0.02350007,0.5398526,0.25824273,-0.2816099,0.42951694,0.25565666,-0.17386028,0.47807896,0.32072586,-0.1573531,0.50049245,0.33604583,-0.16444662
7,696,51051,1.0,33.0,32.0,1.0,1.0,0.0,0.013888434,0.013888434,-6.3445435,0.3845482,-0.0040602535,-0.031635787,-0.006681215,-0.029166643,0.3517398,0.16970234,-0.18203746,0.041176192,-0.051918294,-0.09309448,0.032956664,-0.050298616,-0.083255276,0.07496167,-0.023969302,-0.09893097
7,697,51052,10.0,119.0,109.0,3.0,3.0,0.0,0.022111047,0.022111047,-1.0171204,0.9831505,0.0020223819,-0.019495245,-0.00076762214,-0.019120235,0.1971197,0.24877821,0.05165851,0.40170053,-0.029958548,-0.43165907,0.41572154,-0.039841477,-0.455563,0.42044142,-0.015666744,-0.43610817
7,698,51062,2.0,103.0,101.0,1.0,1.0,0.0,0.0045098066,0.0045098066,-27.622253,-0.40766907,-0.00945016,-0.02440393,-0.010157347,-0.03503224,0.0054729534,0.019994766,0.014521812,-0.23602256,0.041101806,0.27712438,-0.25171572,0.02167328,0.273389,-0.24183677,0.022775961,0.26461273
7,699,51077,2.0,95.0,93.0,2.0,1.0,-1.0,0.017670386,0.017670386,-40.80597,-1.2786827,0.0060125813,-0.019071456,0.0026128702,-0.021534652,0.38156986,0.361873,-0.019696862,-0.024344964,0.22794662,0.2522916,-0.049377486,0.22379923,0.27317673,0.01886813,0.26186612,0.24299799
7,700,51148,1.0,118.0,117.0,1.0,1.0,0.0,-0.009585455,-0.009585455,-56.977386,-1.3975067,-0.01044976,-0.045695066,-0.013777271,-0.046356294,0.41155842,0.42976695,0.018208534,0.008103549,-0.14202301,-0.15012656,-0.019555077,-0.17492382,-0.15536875,0.03098437,-0.1261413,-0.15712567
7,701,51171,5.0,242.0,237.0,11.0,12.0,1.0,0.012105301,0.012105301,-22.264954,-0.44717598,0.007981777,-0.028916143,0.0030996092,-0.029418502,0.4988338,0.41774213,-0.08109167,0.021373775,0.21556892,0.19419514,0.020211428,0.2338149,0.21360347,0.119427085,0.27590507,0.15647799
7,702,51185,1.0,65.0,64.0,1.0,1.0,0.0,0.016496833,0.016496833,-47.823303,-1.6052094,-0.0014886521,-0.03244564,-0.002357632,-0.028166622,0.25553817,0.25343904,-0.0020991266,0.30865157,0.0978023,-0.21084927,0.31701028,0.0909583,-0.22605199,0.33568987,0.12749062,-0.20819925
7,703,51521,2.0,132.0,130.0,1.0,5.0,4.0,0.013038475,0.013038475,-5.2572937,0.4463215,-0.002755046,-0.023697998,-0.003326729,-0.026100677,0.46539503,0.48997384,0.02457881,0.2648691,0.18538567,-0.07948342,0.27568078,0.18589579,-0.089784995,0.31687155,0.23286612,-0.08400543
7,704,51745,3.0,102.0,99.0,18.0,37.0,19.0,0.019737296,0.019737296,1.3418274,1.048769,0.0022351071,-0.020395,0.00067893416,-0.024666984,-0.18039924,-0.11070676,0.06969248,-0.018698016,-0.12179501,-0.103097,-0.00190382,-0.111875586,-0.10997177,-0.018049467,-0.122820325,-0.104770854
7,705,51788,1.0,473.0,472.0,1.0,1.0,0.0,-0.01468749,-0.01468749,-51.2493,-2.247818,-0.007243581,-0.04759375,-0.0069978833,-0.048794705,0.7531151,0.7433477,-0.009767413,0.83328193,0.6463733,-0.18690866,0.8449133,0.6734232,-0.17149013,0.85298723,0.6979543,-0.15503293
7,706,51843,3.0,7.0,4.0,1.0,1.0,0.0,0.029071983,0.029071983,-25.953674,-0.364851,-0.002821017,-0.008058984,-0.0028049313,-0.008803576,0.22133501,0.03595275,-0.18538226,-0.008705335,0.26233774,0.2710431,-0.022141414,0.28461522,0.30675665,0.0005057005,0.27667326,0.27616757
7,707,51907,3.0,107.0,104.0,2.0,2.0,0.0,0.013002042,0.013002042,-36.955902,-1.3006649,0.0018999986,-0.020330802,-0.004198998,-0.022612486,0.42950174,0.33821014,-0.09129161,0.501239,0.49473572,-0.006503284,0.49301225,0.50161296,0.008600712,0.51399285,0.5182772,0.004284382
7,708,51928,5.0,429.0,424.0,1.0,2.0,1.0,0.0019403622,0.0019403622,-55.705536,-1.309742,-0.0011739023,-0.04519331,-0.0034316704,-0.0405992,0.16230065,0.23215963,0.06985898,-0.037343368,0.10548847,0.14283183,-0.02544529,0.077844195,0.103289485,-0.0067990674,0.10395382,0.11075289
7,709,51965,1.0,57.0,56.0,1.0,1.0,0.0,0.0010940656,0.0010940656,-49.479706,-1.4839802,-0.004875794,-0.044485852,-0.006495118,-0.03804317,0.31898215,0.25202617,-0.06695598,0.22542967,0.23424308,0.008813411,0.23004574,0.26694602,0.036900282,0.2526672,0.27250284,0.01983565
7,710,51983,1.0,240.0,239.0,1.0,2.0,1.0,-0.009281911,-0.009281911,-32.942932,-0.8775101,-0.0029871017,-0.03664721,-0.0016537048,-0.03743367,0.17218177,0.08723059,-0.08495118,0.2836207,0.4597282,0.17610753,0.2966414,0.47557536,0.17893395,0.3096113,0.46971557,0.16010427
7,711,51988,230.0,995.0,765.0,15.0,18.0,3.0,-0.0055717845,-0.0055717845,-16.189362,-0.11283684,-0.0017470047,-0.04398503,0.0004822947,-0.043215856,-0.09069762,-0.14327689,-0.05257927,-0.12824135,-0.18990766,-0.06166631,-0.083589,-0.15937704,-0.075788036,-0.08928403,-0.16792041,-0.07863638
7,712,52070,1.0,12.0,11.0,1.0,1.0,0.0,0.022575922,0.022575922,-64.730225,-2.6730938,-0.00414744,-0.022059366,-0.0064015016,-0.022794835,0.18664342,0.22666216,0.040018737,0.26358533,0.11879074,-0.14479458,0.27538246,0.12013357,-0.15524888,0.28522366,0.1343451,-0.15087856
7,713,52216,21.0,516.0,495.0,7.0,1.0,-6.0,0.0110051185,0.0110051185,-25.985321,-0.76791954,0.015281308,-0.026518095,0.008960851,-0.031253405,0.702284,0.64443684,-0.057847142,0.47126204,0.4864766,0.015214562,0.47810617,0.49108666,0.012980491,0.53199446,0.52406484,-0.007929623
7,714,52302,1.0,21.0,20.0,1.0,1.0,0.0,0.01632911,0.01632911,-12.46048,0.33833122,-0.011894148,-0.028135192,-0.013053127,-0.023764987,0.317274,0.27648467,-0.040789336,0.14793262,0.058147714,-0.089784905,0.15468645,0.059532616,-0.09515384,0.20441656,0.09074431,-0.11367225
7,715,52328,16.0,208.0,192.0,3.0,5.0,2.0,0.01345735,0.01345735,-15.155334,0.013614655,5.651638e-05,-0.013585918,-0.0015050098,-0.01842326,0.38398325,0.38051534,-0.0034679174,0.31119236,0.3377314,0.026539028,0.30591357,0.32695168,0.021038115,0.3400954,0.3588593,0.0187639
7,716,52375,4.0,393.0,389.0,1.0,1.0,0.0,0.001792375,0.001792375,-22.861664,-0.36048698,0.0043213256,-0.042328823,-0.00018485263,-0.038604267,0.035808735,0.12597995,0.09017121,-0.00290044,0.06677431,0.069674745,-0.06778005,0.006659779,0.07443982,-0.05315804,0.045152463,0.0983105
7,717,52394,1.0,6.0,5.0,1.0,1.0,0.0,0.010478191,0.010478191,-30.692108,-1.2403259,-0.0029975474,-0.017255202,-0.0046075657,-0.022900116,-0.0016835347,-0.041277595,-0.03959406,0.12581779,0.030982757,-0.094835036,0.113024816,0.010022104,-0.10300271,0.10677743,0.004308403,-0.10246903
7,718,52527,2.0,1.0,-1.0,2.0,4.0,2.0,0.0529835,0.0529835,-20.320099,0.5337372,-5.2616e-05,0.022230245,-0.0029327497,0.016698986,0.17940402,-0.0036892912,-0.18309331,0.26430488,0.022498434,-0.24180645,0.2814961,0.021385537,-0.26011056,0.28968975,0.019853972,-0.26983577
7,719,52554,1.0,125.0,124.0,1.0,1.0,0.0,0.006301008,0.006301008,-36.253906,-0.8747978,-0.00018281862,-0.029006973,-0.0015445314,-0.036169764,0.5314167,0.43860278,-0.09281394,0.3661852,0.4500274,0.08384222,0.37820873,0.4599847,0.08177596,0.40549114,0.46905613,0.063564986
7,720,52596,2.0,150.0,148.0,1.0,1.0,0.0,0.008816954,0.008816954,-16.136963,-0.15358925,0.0003222935,-0.02971787,-0.0027434565,-0.03454727,0.37294397,0.09679994,-0.27614403,0.14558414,0.36190945,0.21632531,0.16670153,0.40053678,0.23383525,0.1897488,0.40041217,0.21066338
7,721,52598,1.0,8.0,7.0,1.0,1.0,0.0,0.016940303,0.016940303,-42.66501,-1.1798801,-0.0071057975,-0.024128877,-0.008085616,-0.020971522,-0.028740892,-0.07769335,-0.04895246,0.24154462,0.14557245,-0.095972165,0.25739884,0.1370826,-0.12031624,0.2357441,0.11680706,-0.118937045
7,722,52652,159.0,285.0,126.0,4.0,1.0,-3.0,0.029488578,0.029488578,18.748322,2.0400658,0.0032712333,-0.012916949,0.0020129383,-0.011792287,0.5090912,0.47084197,-0.038249224,0.20648208,0.18446998,-0.0220121,0.20838414,0.18281655,-0.025567591,0.25248232,0.23127049,-0.021211833
7,723,52892,16.0,200.0,184.0,5.0,2.0,-3.0,0.020982418,0.020982418,-11.310242,0.3546734,0.0056686588,-0.018721953,0.0038051866,-0.018889531,0.3773632,0.3487793,-0.028583914,0.28472814,0.32337004,0.0386419,0.27734053,0.30854586,0.031205326,0.3086439,0.32614854,0.017504632
7,724,52931,5.0,182.0,177.0,1.0,1.0,0.0,0.009210464,0.009210464,-24.697052,-0.71214104,-0.0005530007,-0.024428658,0.0002796091,-0.024568003,0.5511119,0.55008286,-0.0010290146,0.23602784,0.26177245,0.025744617,0.2545683,0.2784111,0.023842782,0.30983648,0.3308008,0.020964324
7,725,52990,126.0,447.0,321.0,85.0,71.0,-14.0,0.019236444,0.019236444,11.401123,1.5303364,0.010061817,-0.023522155,0.007053418,-0.021508226,0.113663346,0.21258767,0.098924324,0.07094368,0.0092807375,-0.061662946,0.063950926,-0.000212165,-0.06416309,0.072557256,0.028762138,-0.043795116
7,726,53052,12.0,225.0,213.0,8.0,4.0,-4.0,0.020343699,0.020343699,-11.488922,0.016235352,0.0021810383,-0.024010278,0.0018278174,-0.023833029,0.2897842,0.30340964,0.013625443,0.06953237,0.16836472,0.09883235,0.07926059,0.18247184,0.103211254,0.12554209,0.21070085,0.085158765
7,727,53070,1.0,28.0,27.0,3.0,9.0,6.0,0.024780504,0.024780504,2.223175,0.994894,0.0019076243,-0.027343541,-0.0029736385,-0.024603039,-0.100247264,-0.14959618,-0.04934892,-0.12063826,-0.15778448,-0.037146218,-0.12290171,-0.18863101,-0.065729305,-0.1307329,-0.19722764,-0.06649475
7,728,53152,1.0,280.0,279.0,1.0,1.0,0.0,-0.0035132058,-0.0035132058,-42.946014,-1.1932335,-0.006622333,-0.047397345,-0.0075302906,-0.044265535,0.075117275,0.073790416,-0.001326859,-0.029109722,0.14507167,0.17418139,-0.0279989,0.1440476,0.1720465,-0.013781331,0.14054403,0.15432535
7,729,53155,2.0,126.0,124.0,3.0,10.0,7.0,0.014690079,0.014690079,7.3381042,1.1716957,-0.00024651363,-0.020841438,-0.0026237853,-0.027846366,-0.051825833,0.14850172,0.20032756,0.15384819,-0.12069199,-0.2745402,0.16373175,-0.13057092,-0.29430267,0.152384,-0.11235933,-0.26474333
7,730,53157,2.0,2.0,0.0,1.0,1.0,0.0,0.037388317,0.037388317,18.728699,1.9001904,-0.0031568445,-0.006474629,-0.0052157715,-0.0033208542,0.05737646,-0.018101824,-0.075478286,-0.047432736,0.05385792,0.10129066,-0.039230514,0.05240649,0.091637,-0.03272071,0.04872292,0.08144363
7,731,53270,31.0,97.0,66.0,16.0,2.0,-14.0,0.027083851,0.027083851,-29.511902,-0.49136734,0.0070366897,-0.013305828,0.0050719455,-0.011869982,0.015986864,-0.51692206,-0.5329089,0.38008586,0.37797236,-0.0021134913,0.3886429,0.38302296,-0.005619943,0.38230664,0.3196408,-0.06266585
7,732,53370,3.0,333.0,330.0,1.0,1.0,0.0,0.0065186247,0.0065186247,-49.12979,-1.9371872,-0.004383981,-0.03489503,-0.004076019,-0.03548508,0.55160904,0.38922778,-0.16238126,0.008156894,0.16555227,0.15739538,0.008838477,0.15364702,0.14480855,0.10515789,0.22103548,0.11587759
7,733,53489,63.0,607.0,544.0,7.0,6.0,-1.0,0.010015491,0.010015491,-10.90036,0.39253998,0.000116895884,-0.029593665,0.0014102943,-0.029940773,0.004929857,-0.065129966,-0.07005982,-0.038391538,0.11471485,0.15310639,-0.03664697,0.13867027,0.17531723,-0.03398366,0.1213976,0.15538126
7,734,53511,9.0,447.0,438.0,1.0,1.0,0.0,0.0029855892,0.0029855892,-86.42264,-3.314703,-0.0037245564,-0.036619704,-0.0028195083,-0.034593426,-0.27546242,-0.18201156,0.09345086,-0.07153497,-0.11875463,-0.047219664,-0.02359777,-0.08610423,-0.06250646,-0.08592766,-0.1256588,-0.039731137
7,735,53570,1.0,362.0,361.0,1.0,2.0,1.0,0.0038643554,0.0038643554,-31.511902,-1.21418,-0.0015317947,-0.037782446,-0.0018072948,-0.03545153,-0.6891367,-0.5992565,0.08988017,-0.76463246,0.045757137,0.8103896,-0.7943385,0.07518102,0.86951953,-0.8106461,-0.019901197,0.7907449
7,736,53727,1.0,9.0,8.0,1.0,1.0,0.0,0.018265165,0.018265165,-54.168488,-1.7568378,-0.00063299015,-0.013579931,-0.0029667392,-0.01806141,0.38991046,0.42089793,0.030987471,0.2512339,0.304259,0.053025097,0.25505722,0.309061,0.054003775,0.29388747,0.33830166,0.044414192
7,737,53728,1.0,3.0,2.0,1.0,1.0,0.0,0.01637847,0.01637847,-11.348938,0.08079147,-0.012764771,-0.02141874,-0.012486465,-0.020217214,0.115457706,0.12828122,0.012823515,0.0061637,0.031362314,0.025198614,-0.011703343,0.026125759,0.0378291,0.00440049,0.042631134,0.038230643
7,738,53773,2.0,32.0,30.0,1.0,1.0,0.0,0.02382188,0.02382188,-16.937958,0.12802696,-0.0067427345,-0.018700648,-0.0070679635,-0.015151862,0.3699117,0.352937,-0.016974688,0.23969091,0.06465867,-0.17503224,0.24444865,0.05123724,-0.1932114,0.28013408,0.08954317,-0.19059092
7,739,53858,1.0,255.0,254.0,1.0,2.0,1.0,0.0038457848,0.0038457848,-38.950897,-1.0623798,-0.005376987,-0.03725564,-0.0038927533,-0.03775717,0.6791568,0.5713976,-0.10775918,0.47173938,0.50688154,0.035142154,0.5055925,0.5150519,0.009459376,0.5569411,0.549146,-0.0077950954
7,740,53881,1.0,11.0,10.0,1.0,1.0,0.0,0.021509267,0.021509267,-52.912537,-1.6424675,-0.0032846518,-0.0135202035,-0.0047256537,-0.01486899,0.45808035,0.43501714,-0.023063213,0.13175441,0.2058016,0.07404719,0.13965635,0.20824745,0.0685911,0.19840208,0.25967443,0.061272353
7,741,53891,18.0,354.0,336.0,1.0,7.0,6.0,0.014410567,0.014410567,9.840027,1.4001656,-0.0029316694,-0.029739548,-0.003470216,-0.026554782,0.26642504,0.33560023,0.069175184,0.1251944,0.17576599,0.05057159,0.12879257,0.16421217,0.0354196,0.15481056,0.18778329,0.032972723
7,742,54078,2.0,124.0,122.0,1.0,1.0,0.0,0.006867796,0.006867796,-60.749725,-2.286026,-0.0014550351,-0.021981955,-0.0048718117,-0.0337515,0.25066262,0.24546222,-0.005200401,0.28381494,0.14962298,-0.13419196,0.27986118,0.12775344,-0.15210775,0.2920964,0.146317,-0.1457794
7,743,54147,46.0,50.0,4.0,15.0,6.0,-9.0,0.033963017,0.033963017,-51.619843,-1.7342815,0.006065812,0.0012523085,0.0049247965,-0.0006054491,0.3458449,0.36180136,0.015956461,-0.02871571,0.010697628,0.039413337,-0.011787104,0.04923089,0.061017994,0.05610784,0.14575467,0.08964682
7,744,54257,12.0,548.0,536.0,2.0,1.0,-1.0,0.0023712218,0.0023712218,-38.454407,-1.6678505,0.0019591525,-0.042622674,-0.0016463101,-0.03859962,0.3521627,0.3703796,0.018216908,0.32308042,0.30393958,-0.01914084,0.29389852,0.29536176,0.0014632344,0.32297832,0.33302602,0.010047704
7,745,54361,2.0,88.0,86.0,2.0,2.0,0.0,0.01321236,0.01321236,-39.05954,-1.5048599,-0.00048548728,-0.016883958,-0.0010649785,-0.021764424,0.7666124,0.674556,-0.09205639,0.00528666,0.060670186,0.055383526,0.037770394,0.10786034,0.07008995,0.14542077,0.19369982,0.048279047
7,746,54389,33.0,54.0,21.0,20.0,24.0,4.0,0.031383373,0.031383373,-8.502045,0.4234829,0.008425206,-0.0036245957,0.0055800714,-0.003312122,0.18170944,0.26038668,0.07867724,0.25034648,0.3060635,0.05571702,0.2364392,0.26330757,0.026868373,0.24852619,0.2869344,0.03840822
7,747,54643,39.0,262.0,223.0,2.0,2.0,0.0,0.017935224,0.017935224,4.061249,1.0823288,0.0012214854,-0.024979878,-0.0024427362,-0.020535007,-0.042451378,0.10229936,0.14475074,0.0770743,0.19554844,0.11847415,0.06945445,0.17870787,0.10925342,0.06479894,0.18236457,0.117565624
7,748,54683,1.0,110.0,109.0,1.0,1.0,0.0,0.009168442,0.009168442,-29.443054,-0.858572,-0.0032723956,-0.039476242,-0.0048335865,-0.036432203,0.51989627,0.56975627,0.04986,0.60583824,0.5482567,-0.057581544,0.6230729,0.5717934,-0.051279545,0.62644404,0.585264,-0.041180015
7,749,54698,1.0,131.0,130.0,1.0,1.0,0.0,-0.007322591,-0.007322591,-102.98993,-3.8145962,0.0007990226,-0.03935239,-0.00016018376,-0.044064093,0.6299029,0.6102965,-0.019606411,0.44409832,0.24969423,-0.1944041,0.44145313,0.23226506,-0.20918807,0.49260843,0.34844917,-0.14415926
7,750,54743,1.0,34.0,33.0,1.0,3.0,2.0,0.017416943,0.017416943,6.6240845,1.0976467,-0.0016621202,-0.021170031,-0.00392133,-0.02003311,-0.07904318,-0.050289623,0.028753556,-0.15596835,-0.19455001,-0.038581654,-0.13935536,-0.21907744,-0.07972208,-0.14196078,-0.21632977,-0.07436898
7,751,54812,4.0,80.0,76.0,18.0,3.0,-15.0,0.027933948,0.027933948,-16.205017,-0.17984009,0.005360529,-0.02022275,0.0054738745,-0.019116912,-0.023916379,0.012652072,0.03656845,-0.06421935,-0.078703694,-0.014484346,-0.04488177,-0.066389374,-0.021507606,-0.049253616,-0.06045063,-0.011197012
7,752,54824,8.0,750.0,742.0,1.0,2.0,1.0,-0.0025072806,-0.0025072806,-18.92575,-0.18632126,-0.0004996881,-0.04358802,-0.0029201247,-0.040252645,0.5429404,0.6158717,0.07293135,0.48355126,0.4848363,0.0012850463,0.5005564,0.5079704,0.0074139833,0.517856,0.54693824,0.029082239
7,753,54913,1.0,59.0,58.0,2.0,2.0,0.0,0.009675406,0.009675406,-52.659515,-2.0633793,-0.0037479475,-0.026535433,-0.0006806962,-0.025529634,0.25049156,0.2866937,0.036202133,0.2646989,0.30123952,0.036540627,0.26514423,0.2977471,0.032602876,0.268714,0.30141318,0.032699168
7,754,54959,6.0,316.0,310.0,1.0,2.0,1.0,0.006665554,0.006665554,-14.804504,-0.14936256,-0.009708133,-0.03211687,-0.010597892,-0.030935217,0.04882623,0.12282604,0.07399981,-0.32021308,0.15464194,0.474855,-0.3497672,0.19575916,0.5455264,-0.34124887,0.20832533,0.5495742
7,755,55005,2.0,308.0,306.0,1.0,3.0,2.0,0.00071677193,0.00071677193,-24.381409,-0.38500404,-0.008914411,-0.037021007,-0.0072593205,-0.037734013,0.62582624,0.6097551,-0.01607114,0.46978652,0.4737291,0.003942579,0.48697764,0.4774146,-0.009563029,0.5222607,0.5120212,-0.0102395415
7,756,55107,2.0,212.0,210.0,1.0,1.0,0.0,-0.0067828707,-0.0067828707,-85.9917,-3.090105,-0.007291205,-0.036877993,-0.010685988,-0.04258131,0.41633725,0.42746148,0.0111242235,0.023171447,0.009537899,-0.013633548,0.021881813,-0.023919336,-0.045801148,0.123067565,0.066893846,-0.05617372
7,757,55163,1.0,207.0,206.0,1.0,1.0,0.0,0.0021541268,0.0021541268,-53.3013,-1.4620838,-0.0033752061,-0.036730323,-0.00449571,-0.037062168,0.5376466,0.5660574,0.028410792,0.33458677,0.34371045,0.009123683,0.39163214,0.40152737,0.009895235,0.43243647,0.44217432,0.009737849
7,758,55405,2.0,349.0,347.0,4.0,4.0,0.0,0.0013010539,0.0013010539,-53.111694,-1.8632469,0.0029832236,-0.036295515,-0.0016816631,-0.037932802,-0.012902376,-0.11118206,-0.09827968,-0.2143,-0.105249636,0.10905037,-0.2022579,-0.11498455,0.08727335,-0.19358446,-0.12467989,0.068904564
7,759,55408,1.0,210.0,209.0,2.0,5.0,3.0,0.0060639493,0.0060639493,-8.760071,0.19604492,-0.00019070506,-0.044163033,-0.005076159,-0.04037264,0.5223078,0.48023078,-0.042077035,-0.07634439,-0.09459117,-0.018246777,-0.09826281,-0.11877511,-0.020512298,-0.052475154,-0.07718111,-0.024705954
7,760,55526,1.0,2.0,1.0,1.0,1.0,0.0,0.02870864,0.02870864,-31.637787,-0.60157776,-0.007794831,-0.02365284,-0.0062649176,-0.016240496,0.42557245,0.3663733,-0.059199154,0.29309887,0.2614147,-0.03168416,0.29509175,0.2598267,-0.03526506,0.320863,0.2868099,-0.034053117
7,761,55649,1.0,11.0,10.0,1.0,1.0,0.0,0.020976715,0.020976715,-52.071716,-1.3261013,-0.0019506142,-0.019396238,-0.003476318,-0.01494218,0.30471465,0.22624008,-0.07847457,0.06434323,0.06720898,0.002865754,0.06758102,0.06309513,-0.0044858903,0.109774366,0.09369288,-0.01608149
7,762,55669,15.0,172.0,157.0,5.0,2.0,-3.0,0.023446374,0.023446374,9.873596,1.2714787,0.004056774,-0.023051038,0.0027099103,-0.01920072,0.02730661,0.15177727,0.12447066,-0.05062674,-0.072030604,-0.021403864,-0.063193694,-0.09165086,-0.028457165,-0.058453914,-0.07152151,-0.013067599
7,763,55678,1.0,99.0,98.0,1.0,1.0,0.0,0.009740207,0.009740207,-49.5282,-1.2541676,-0.0027660131,-0.029545352,-0.0022588298,-0.027154732,0.31273034,0.3412447,0.028514355,-0.3010154,-0.2543259,0.04668951,-0.29604256,-0.26178443,0.034258127,-0.24820425,-0.1904725,0.057731748
7,764,55680,38.0,192.0,154.0,49.0,61.0,12.0,0.022878677,0.022878677,-51.475952,-1.7591839,0.0039141923,-0.01396551,0.0067651197,-0.016260043,0.36187375,0.17932355,-0.18255019,-0.12787749,0.007340889,0.13521838,-0.15772845,0.008870378,0.16659883,-0.11638816,0.022466693,0.13885485
7,765,55857,2.0,10.0,8.0,8.0,7.0,-1.0,0.037384033,0.037384033,-0.19354248,0.5486698,0.008064438,-0.013415914,0.004922226,-0.0075400025,0.5068149,0.4514345,-0.055380404,0.4171157,0.3024672,-0.11464849,0.41314942,0.29881996,-0.11432946,0.44454843,0.3368015,-0.10774693
7,766,55933,1.0,34.0,33.0,4.0,7.0,3.0,0.021378662,0.021378662,16.674225,1.5593147,-0.00042155385,-0.021991126,-0.0019945838,-0.023091227,0.11247174,0.086035416,-0.026436321,0.10164642,0.15137778,0.04973136,0.10584218,0.16590306,0.06006088,0.110426135,0.16965985,0.059233718
7,767,55968,1.0,50.0,49.0,1.0,2.0,1.0,0.017289128,0.017289128,-40.108124,-1.2930164,-0.0038224086,-0.028571378,-0.0033847466,-0.024167612,0.6827293,0.6541909,-0.028538406,0.41481662,0.45808306,0.043266445,0.42977512,0.46207294,0.03229782,0.47719234,0.50420487,0.027012527
7,768,55969,52.0,367.0,315.0,99.0,143.0,44.0,0.02119583,0.02119583,-34.216705,-1.0871563,0.00358464,-0.028592618,0.0036701914,-0.02229104,0.53925884,0.48059508,-0.058663756,0.31319353,0.1995353,-0.113658234,0.3207848,0.21602894,-0.10475586,0.38143456,0.28841728,-0.09301728
7,769,56042,2.0,94.0,92.0,8.0,2.0,-6.0,0.018309087,0.018309087,-35.07361,-1.1809616,0.0042028464,-0.025693387,0.0058017485,-0.026308395,0.28427613,0.3319393,0.047663182,0.058719777,0.2458336,0.18711382,0.06245629,0.24135362,0.17889732,0.09007058,0.26756334,0.17749277
7,770,56066,1.0,3.0,2.0,3.0,6.0,3.0,0.025009837,0.025009837,-4.1124573,0.6090374,-0.0014270879,-0.015052158,-0.002997551,-0.015934743,0.21100746,0.19035913,-0.02064833,0.006566569,0.0014285736,-0.005137996,-0.038022917,-0.06846399,-0.030441072,-0.005832379,-0.033246826,-0.027414447
7,771,56126,2.0,376.0,374.0,1.0,1.0,0.0,0.0078556575,0.0078556575,-27.306946,-0.7474842,-0.0040008426,-0.03734314,-0.0053201206,-0.036241855,0.20135848,0.10324948,-0.098109,0.10156686,0.15485488,0.05328802,0.12421009,0.14724688,0.023036793,0.13582066,0.15158671,0.015766054
7,772,56154,1.0,16.0,15.0,1.0,1.0,0.0,0.020371504,0.020371504,-42.357086,-1.2802124,-0.0073667467,-0.011477429,-0.0070119165,-0.014526419,0.07501136,0.10421552,0.02920416,0.037004992,0.0030892277,-0.033915766,0.05504712,0.01249638,-0.042550743,0.061732415,0.028617833,-0.033114582
7,773,56269,1.0,51.0,50.0,2.0,5.0,3.0,0.019018646,0.019018646,-22.627167,-0.20425606,-0.0013774671,-0.019605614,-0.0023662522,-0.019099396,-0.46147162,-0.46991244,-0.008440822,-0.029173406,-0.13535869,-0.10618529,-0.0627331,-0.15742938,-0.09469628,-0.13646361,-0.21984665,-0.08338304
7,774,56290,9.0,534.0,525.0,6.0,6.0,0.0,0.005967725,0.005967725,-24.80835,-0.31986237,0.0064559057,-0.036228243,0.0040234625,-0.032767583,0.14312722,0.12743758,-0.015689641,-0.05386852,0.02665067,0.08051919,-0.052170277,0.013200023,0.0653703,-0.029198462,0.028680313,0.057878777
7,775,56314,1.0,186.0,185.0,1.0,1.0,0.0,0.0049659275,0.0049659275,-23.676666,-0.5586586,-0.0037596636,-0.042488214,-0.006581828,-0.03410858,0.41460553,0.49379689,0.07919136,0.18245484,0.2942104,0.111755565,0.18987228,0.30718112,0.11730884,0.2287026,0.34291673,0.11421412
7,776,56418,3.0,85.0,82.0,8.0,11.0,3.0,0.021064203,0.021064203,-23.257874,-0.80869484,0.0033700801,-0.01792949,0.002072502,-0.019535288,0.046731275,0.20544289,0.15871161,0.10860868,-0.10497312,-0.2135818,0.116926156,-0.10266111,-0.21958727,0.11787825,-0.0871908,-0.20506905
7,777,56454,1.0,40.0,39.0,5.0,11.0,6.0,0.018301189,0.018301189,0.4161377,0.67847824,0.005902685,-0.032966122,0.0015893616,-0.028217122,0.101310566,0.07763433,-0.023676239,0.08010918,0.07258925,-0.0075199306,0.05993566,0.092007205,0.032071546,0.07143064,0.10068421,0.029253572
7,778,56471,142.0,559.0,417.0,120.0,52.0,-68.0,0.02071022,0.02071022,-1.6569824,0.85928345,0.022097856,-0.0097906925,0.021098088,-0.019297997,0.5294425,0.5587013,0.029258788,0.28226852,0.3214906,0.03922206,0.2844511,0.32624972,0.04179862,0.31890598,0.35350624,0.034600258
7,779,56670,1.0,2.0,1.0,1.0,1.0,0.0,0.038930856,0.038930856,-31.157196,-0.93964386,0.0022256821,-0.004378643,-0.0013120212,-0.0021422245,-0.079406716,-0.14627539,-0.06686867,-0.016002579,-0.033231817,-0.017229239,-0.019645127,-0.038918965,-0.019273838,-0.02521419,-0.050999522,-0.025785333
7,780,56681,1.0,63.0,62.0,1.0,1.0,0.0,0.012653951,0.012653951,-36.07187,-1.092659,-0.005917195,-0.021581441,-0.0043862686,-0.025617532,0.11529269,0.12825811,0.012965418,0.14087927,-0.016846893,-0.15772617,0.1658458,0.0067891805,-0.15905662,0.16873571,0.028139625,-0.14059609
7,781,56695,3.0,136.0,133.0,1.0,2.0,1.0,0.015879333,0.015879333,-17.29361,-0.24538612,-0.006891556,-0.025226548,-0.0038878173,-0.024870548,0.17090467,0.1860057,0.0151010305,0.067852736,0.043005824,-0.024846911,0.0602167,0.046453744,-0.013762955,0.07940947,0.065019496,-0.014389977
7,782,56723,1.0,90.0,89.0,1.0,1.0,0.0,0.009111453,0.009111453,-20.118286,-0.2465725,-0.009152401,-0.031279683,-0.011215527,-0.033173308,0.32892552,0.34186906,0.012943536,0.09979912,-0.051877234,-0.15167636,0.09615758,-0.062350035,-0.15850762,0.14259586,-0.007377548,-0.1499734
7,783,56751,52.0,197.0,145.0,13.0,2.0,-11.0,0.030411176,0.030411176,9.220551,1.3065643,0.00786921,-0.020686667,0.0055423155,-0.017139621,0.35731322,0.38490433,0.02759111,0.14541245,0.16839036,0.022977918,0.1498324,0.17917167,0.029339269,0.18631294,0.21590191,0.029588968
7,784,56782,22.0,29.0,7.0,6.0,9.0,3.0,0.040158324,0.040158324,13.467987,1.7406387,-0.0006338917,0.0027538873,0.00023818389,1.8522143e-05,0.2929233,0.3239339,0.031010598,-0.314573,-0.13664527,0.17792772,-0.33352858,-0.1474979,0.18603067,-0.30672544,-0.1107581,0.19596735
7,785,56784,67.0,155.0,88.0,6.0,18.0,12.0,0.027030569,0.027030569,-25.291382,-0.8470192,0.0019441731,-0.0031247586,1.2643635e-05,-0.00831062,0.007731227,0.036689553,0.028958326,-0.014776155,0.016655002,0.031431157,-0.017665265,0.0064039878,0.024069253,-0.015129989,0.009956726,0.025086716
7,786,56850,2.0,268.0,266.0,1.0,4.0,3.0,0.010874201,0.010874201,1.0180359,0.65584564,-0.0045482144,-0.035126694,-0.0048560984,-0.03657111,-0.04315354,-0.06262477,-0.019471228,0.02931952,0.00865174,-0.02066778,0.023432156,0.009579806,-0.01385235,0.018571826,0.001314823,-0.017257003
7,787,56867,3.0,148.0,145.0,4.0,2.0,-2.0,0.007933348,0.007933348,-7.76532,0.32873154,0.0005483031,-0.023902636,0.0007390827,-0.02211706,-0.26724952,-0.21793482,0.049314708,0.20836225,0.3456382,0.13727593,0.2267015,0.3496138,0.12291229,0.19191255,0.33304474,0.14113219
7,788,56911,1.0,31.0,30.0,1.0,1.0,0.0,0.01494921,0.01494921,-48.310974,-1.1209278,-0.000652276,-0.028918996,-0.0022190996,-0.025501616,-0.16029057,-0.053293373,0.10699719,-0.09360794,-0.23789819,-0.14429024,-0.1134921,-0.24686714,-0.13337503,-0.12497944,-0.23895553,-0.11397609
7,789,56948,55.0,224.0,169.0,3.0,4.0,1.0,0.02159268,0.02159268,1.5471191,0.90657806,0.004718259,-0.019864853,0.00038403273,-0.015272494,0.3795016,0.43727157,0.057769954,0.055920005,0.016449327,-0.03947068,0.061512876,-0.0029542523,-0.06446713,0.11971489,0.07982609,-0.039888807
7,790,57046,39.0,451.0,412.0,5.0,5.0,0.0,0.014621474,0.014621474,-2.4813538,0.7010193,0.0023661293,-0.031211223,0.0005716495,-0.024477001,0.18701936,0.17363971,-0.013379648,0.34052753,0.42549717,0.08496964,0.35727993,0.41910604,0.06182611,0.36776552,0.41325125,0.045485735
7,791,57060,1.0,179.0,178.0,2.0,2.0,0.0,0.005344324,0.005344324,-40.98999,-0.9631996,0.0001903288,-0.037231434,-0.00094089657,-0.0373255,0.6059827,0.5875236,-0.018459141,0.23161925,0.41931006,0.18769081,0.22677629,0.40945873,0.18268244,0.317897,0.44544572,0.12754872
7,792,57435,3.0,408.0,405.0,1.0,18.0,17.0,0.0053825267,0.0053825267,-8.370422,0.28279114,-0.007545002,-0.047026273,-0.007830389,-0.039399277,-0.12720875,-0.10385217,0.023356587,0.09389157,-0.08075515,-0.17464672,0.1072869,-0.081625745,-0.18891264,0.09364803,-0.08786495,-0.18151298
7,793,57443,1.0,56.0,55.0,1.0,1.0,0.0,0.01635268,0.01635268,-22.762909,-0.007814407,-0.00026153773,-0.029415768,0.0011329986,-0.022118807,0.7912352,0.7762326,-0.015002608,0.60930675,0.5770333,-0.03227347,0.6334534,0.5977598,-0.035693645,0.67351085,0.639818,-0.033692837
7,794,57478,37.0,106.0,69.0,26.0,37.0,11.0,0.030948792,0.030948792,-48.892365,-2.073122,0.004970927,-0.006004054,0.004104331,-0.0050025247,0.13464211,0.30312935,0.16848724,0.17720653,-0.0137552805,-0.19096181,0.13521858,-0.040864732,-0.17608331,0.14817394,0.0036368072,-0.14453714
7,795,57542,3.0,198.0,195.0,1.0,1.0,0.0,0.00326851,0.00326851,-64.134705,-2.0714436,-0.004852429,-0.030837767,-0.008033343,-0.028213724,-0.2889452,-0.33045527,-0.041510075,-0.17431132,-0.34770843,-0.17339711,-0.14919782,-0.35640764,-0.20720983,-0.21856937,-0.37767127,-0.1591019
7,796,57553,11.0,348.0,337.0,10.0,9.0,-1.0,0.011023298,0.011023298,-41.777283,-0.7544193,0.0007208176,-0.036177877,-0.00021193177,-0.033621956,0.1390937,0.14486465,0.0057709515,-0.10460073,-0.039257318,0.06534341,-0.12263288,-0.061684616,0.060948268,-0.0938287,-0.035938818,0.057889882
7,797,57648,187.0,560.0,373.0,39.0,71.0,32.0,0.018923938,0.018923938,-25.629547,-0.5768738,0.0032522827,-0.021308053,0.0035844967,-0.021986295,-0.15837643,-0.16560411,-0.007227689,0.3955631,0.4944598,0.09889671,0.41170922,0.52392244,0.112213224,0.3913214,0.49524978,0.10392839
7,798,57650,17.0,644.0,627.0,8.0,6.0,-2.0,0.0062734727,0.0062734727,-33.051575,-1.0114098,0.006411964,-0.043092847,0.0052847546,-0.039933972,0.58654207,0.56066597,-0.025876105,0.2487374,0.20976153,-0.038975865,0.26579413,0.21842432,-0.047369808,0.31506407,0.27791318,-0.03715089
7,799,57681,1.0,139.0,138.0,1.0,2.0,1.0,0.005888786,0.005888786,-23.764252,-0.6249428,-0.008998036,-0.036329772,-0.008808553,-0.03405448,0.078574315,0.18020925,0.101634935,-0.06279883,-0.0062241093,0.056574717,-0.08366073,-0.020684935,0.062975794,-0.06787522,0.0033457964,0.07122102
7,800,57822,11.0,512.0,501.0,1.0,1.0,0.0,-0.00043931603,-0.00043931603,-26.83194,-0.9197693,-0.0013070591,-0.031350028,-0.0034361407,-0.034149524,0.49958336,0.50187516,0.0022917986,0.27884087,0.32405248,0.045211613,0.28218594,0.3312948,0.049108863,0.33615938,0.37779847,0.04163909
7,801,57838,1.0,17.0,16.0,1.0,1.0,0.0,0.017529786,0.017529786,-42.66388,-1.8546715,-0.0051982105,-0.02771933,-0.0033169575,-0.02285225,0.7012624,0.69740325,-0.0038591623,0.6143616,0.62959796,0.015236378,0.6136356,0.6331466,0.019510984,0.653816,0.6704172,0.016601205
7,802,57906,3.0,134.0,131.0,1.0,1.0,0.0,0.009298179,0.009298179,-20.67157,-0.41275597,0.00090587884,-0.02689803,-0.0028534867,-0.02783285,0.07896491,-0.052171104,-0.13113602,-0.0964424,-0.075691484,0.020750917,-0.13000596,-0.0997465,0.030259453,-0.11867998,-0.10332638,0.015353598
7,803,58096,14.0,392.0,378.0,14.0,14.0,0.0,0.015734985,0.015734985,-31.713287,-0.7860222,0.0047854595,-0.026852,0.0034840629,-0.026391111,-0.15671383,-0.23879309,-0.08207926,-0.14301468,-0.14591673,-0.0029020458,-0.13411033,-0.15179944,-0.017689109,-0.15179108,-0.17661835,-0.024827272
7,804,58144,1.0,131.0,130.0,2.0,1.0,-1.0,0.021524657,0.021524657,-44.631104,-1.7510204,0.0056086443,-0.030667018,0.003722947,-0.03010336,0.47130555,0.49337742,0.022071868,0.25037515,0.11652239,-0.13385276,0.23557836,0.09424728,-0.14133108,0.27772322,0.15964065,-0.11808257
7,805,58164,1.0,6.0,5.0,1.0,1.0,0.0,0.01815252,0.01815252,-14.773132,0.3099308,-0.010636006,-0.017388504,-0.009925719,-0.016837016,0.10093445,0.2009015,0.09996704,0.016217949,-0.08497325,-0.1011912,0.021303073,-0.06579965,-0.087102726,0.032794196,-0.039619125,-0.072413325
7,806,58187,2.0,327.0,325.0,2.0,12.0,10.0,0.007149704,0.007149704,16.022339,1.4461117,-0.0028857514,-0.03271158,-0.003551349,-0.034319956,0.2853759,0.23642461,-0.048951283,-0.06082981,-0.069161445,-0.008331634,-0.07160544,-0.07029496,0.0013104752,-0.050862074,-0.052349348,-0.0014872737
7,807,58404,1.0,2.0,1.0,1.0,1.0,0.0,0.03325311,0.03325311,-33.701782,-0.648983,-0.006702844,-0.013344966,-0.0061940327,-0.0103627965,0.2879402,0.29088703,0.0029468238,0.040412027,0.09173505,0.051323023,0.042829286,0.08615061,0.043321323,0.077192485,0.11391814,0.036725655
7,808,58668,10.0,181.0,171.0,6.0,1.0,-5.0,0.016554676,0.016554676,-60.55484,-1.3919506,0.006840866,-0.019116431,0.0032526664,-0.019833308,-0.19632141,-0.21942243,-0.023101017,-0.31085452,-0.3076533,0.0032012165,-0.33161333,-0.3180113,0.013602018,-0.32973364,-0.31781724,0.011916399
7,809,58681,1.0,494.0,493.0,2.0,7.0,5.0,0.00023402646,0.00023402646,-16.319122,-0.13883781,-0.0022975504,-0.044358265,-0.006312173,-0.041553453,-0.07767329,-0.07887466,-0.0012013689,0.39435318,0.0636357,-0.33071747,0.39712796,0.07872726,-0.31840068,0.38430846,0.07573263,-0.3085758
7,810,59023,1.0,28.0,27.0,1.0,2.0,1.0,0.020594373,0.020594373,-4.257324,0.46930122,-0.00621552,-0.019255135,-0.0063001923,-0.014967479,0.2291644,0.1981632,-0.03100121,-0.10959389,-0.15799703,-0.048403136,-0.11503874,-0.16546232,-0.050423577,-0.079058036,-0.13943945,-0.060381413
7,811,59039,1.0,29.0,28.0,1.0,2.0,1.0,0.02646109,0.02646109,-16.898071,0.31112862,-0.0036602542,-0.023330614,-0.002950985,-0.017881323,0.50745,0.5487436,0.04129362,0.3257153,0.28740862,-0.038306683,0.31395915,0.26605,-0.04790914,0.3448471,0.31619942,-0.028647691
7,812,59046,2.0,22.0,20.0,3.0,4.0,1.0,0.024831407,0.024831407,-5.970581,0.5824146,0.0010857806,-0.015143707,-0.0008387789,-0.015771735,0.5090798,0.5327867,0.023706913,0.48353267,0.4296626,-0.053870082,0.5136657,0.4464038,-0.067261875,0.52455235,0.46755472,-0.056997627
7,813,59079,8.0,60.0,52.0,1.0,1.0,0.0,0.027786937,0.027786937,-9.070618,0.60679245,-0.00089163706,-0.0135839395,-0.0010521784,-0.013660811,0.4808048,0.4667586,-0.014046192,0.35060892,0.13991316,-0.21069576,0.37347957,0.14033103,-0.23314855,0.4101281,0.19145101,-0.21867707
7,814,59091,3.0,32.0,29.0,6.0,4.0,-2.0,0.03241384,0.03241384,-35.028107,-1.1799736,0.003402032,-0.009631921,0.0028636232,-0.0107577555,0.5586782,0.5915147,0.032836497,0.3531431,0.47682214,0.12367904,0.3869195,0.48908415,0.102164656,0.4429973,0.52645975,0.08346245
7,815,59194,4.0,16.0,12.0,18.0,8.0,-10.0,0.03399193,0.03399193,-46.214355,-1.4073944,0.0056074224,-0.012363993,0.004197374,-0.008054685,-0.017245479,0.084065415,0.101310894,-0.0140828155,0.05594003,0.070022844,-0.04850971,0.026999868,0.07550958,-0.047566168,0.04448369,0.09204986
7,816,59284,151.0,617.0,466.0,61.0,4.0,-57.0,0.017930666,0.017930666,-21.515411,-0.91335297,0.01503404,-0.02660895,0.011712229,-0.026412128,0.25722146,0.16517738,-0.092044085,0.028781986,0.012283259,-0.016498726,0.024880663,-0.008929553,-0.033810217,0.04851742,0.009067473,-0.03944995
7,817,59419,20.0,351.0,331.0,7.0,1.0,-6.0,0.012791123,0.012791123,-33.370728,-1.2124252,0.0064780526,-0.024256717,0.005071949,-0.022833202,0.27527443,0.078634635,-0.19663979,0.036459092,0.056678317,0.020219225,0.04254777,0.047041625,0.004493855,0.06829456,0.054193944,-0.014100619
7,818,59420,18.0,279.0,261.0,4.0,5.0,1.0,0.009890668,0.009890668,-19.106537,-0.22986412,0.007397581,-0.02099571,-6.2879175e-05,-0.022577599,0.093455635,0.008021237,-0.0854344,0.22244652,-0.04936445,-0.27181098,0.21533667,-0.03168868,-0.24702534,0.22348963,-0.029311648,-0.25280127
7,819,59585,23.0,334.0,311.0,6.0,1.0,-5.0,0.015956033,0.015956033,1.7608337,0.6772671,0.0053946897,-0.029718872,0.00382803,-0.027018778,-0.010291903,0.07441615,0.08470806,-0.08161478,0.006830745,0.08844552,-0.098316066,-0.018391151,0.07992491,-0.09570478,-0.00809352,0.08761126
7,820,59595,2.0,194.0,192.0,1.0,1.0,0.0,0.006358959,0.006358959,-59.07242,-2.0860424,0.0011116788,-0.025727015,-0.0005909912,-0.03016448,-0.061767213,-0.058443952,0.0033232607,0.09860405,0.045715958,-0.052888095,0.12095046,0.05506879,-0.06588167,0.10308489,0.045736313,-0.05734858
7,821,59631,4.0,4.0,0.0,16.0,20.0,4.0,0.038020972,0.038020972,-4.2720337,0.591341,0.0034665838,-0.0035389103,0.0004169233,-0.0014323778,0.37428954,0.52945685,0.15516731,0.17760225,-0.01534554,-0.19294779,0.18055035,-0.038732648,-0.219283,0.21336558,0.013056687,-0.2003089
7,822,59699,111.0,438.0,327.0,107.0,88.0,-19.0,0.023922345,0.023922345,-6.696228,0.66197777,0.017394809,-0.021579696,0.011893118,-0.023671204,0.027800484,-0.011638907,-0.03943939,0.30059838,0.21778844,-0.08280994,0.2971194,0.22494757,-0.07217184,0.29348266,0.21907465,-0.07440801
7,823,59817,3.0,94.0,91.0,1.0,1.0,0.0,0.011318982,0.011318982,-28.218994,-0.5261421,-0.012734622,-0.030000553,-0.01235161,-0.02336156,0.13254414,0.19123478,0.058690637,0.16469109,0.043627683,-0.12106341,0.20165029,0.041512668,-0.16013762,0.22378512,0.07267516,-0.15110996
7,824,59994,15.0,282.0,267.0,1.0,3.0,2.0,0.015091632,0.015091632,8.457275,1.8255424,-0.0025809444,-0.018004008,-0.0026057512,-0.022553366,0.01040954,0.03939563,0.02898609,0.041555207,-0.0030010773,-0.044556286,0.024884738,-0.0059680957,-0.030852834,0.02598985,-0.0010073681,-0.026997218
7,825,60094,36.0,151.0,115.0,305.0,242.0,-63.0,0.03314787,0.03314787,-17.9693,-0.34840012,0.01767438,-0.010412833,0.016360713,-0.016396342,0.36372125,0.35351557,-0.010205686,0.14622639,0.10684296,-0.039383434,0.12629622,0.092197455,-0.034098767,0.15282024,0.12822907,-0.024591178
7,826,60119,11.0,148.0,137.0,3.0,3.0,0.0,0.021577708,0.021577708,-40.62079,-1.1577377,-0.000289876,-0.015425988,-0.00032297894,-0.015921399,0.80470604,0.83261824,0.0279122,0.5412035,0.5350067,-0.006196797,0.5352813,0.5607397,0.025458395,0.60813886,0.63806057,0.02992171
7,827,60186,1.0,2.0,1.0,1.0,1.0,0.0,0.025083542,0.025083542,-14.826752,0.12947273,-0.005195964,-0.02559176,-0.0053509623,-0.018247902,0.21542145,0.15160838,-0.063813075,-0.025980804,0.006422765,0.03240357,-0.038727056,-0.037520982,0.0012060739,-0.015216457,-0.012136998,0.003079459
7,828,60251,1.0,7.0,6.0,1.0,4.0,3.0,0.02471815,0.02471815,-22.956848,-0.07886124,-0.0038105287,-0.019277427,-0.00498344,-0.015772413,0.8203707,0.7835845,-0.0367862,0.59445256,0.6427697,0.048317134,0.6186625,0.6875848,0.06892234,0.659832,0.7159617,0.056129694
7,829,60305,1.0,142.0,141.0,1.0,1.0,0.0,-0.00072715804,-0.00072715804,-47.1662,-1.8611355,-0.0116484165,-0.040151127,-0.011852901,-0.041514773,-0.19530404,-0.061689995,0.13361403,-0.08806474,0.13016509,0.21822983,-0.13272911,0.13732019,0.2700493,-0.15717214,0.13182572,0.28899786
7,830,60456,38.0,523.0,485.0,39.0,58.0,19.0,0.009691197,0.009691197,-26.326141,-0.49186707,0.013406578,-0.02315734,0.01072067,-0.022349223,0.21381482,0.26175758,0.047942758,-0.20633084,0.17773552,0.38406634,-0.24574229,0.15212655,0.39786884,-0.20695202,0.17601931,0.38297135
7,831,60505,1.0,50.0,49.0,1.0,1.0,0.0,0.006784007,0.006784007,-37.559387,-1.0738506,-0.00046478584,-0.026115444,-0.00062938035,-0.027296416,0.29544616,0.3629359,0.06748974,0.44526795,0.29949278,-0.14577517,0.46079046,0.29669657,-0.16409388,0.4638234,0.32061058,-0.14321283
7,832,60519,1.0,198.0,197.0,2.0,1.0,-1.0,0.009953305,0.009953305,-37.770844,-1.381691,0.013140451,-0.035052557,0.005165506,-0.034502257,0.79374206,0.8174636,0.023721516,0.61776435,0.7206821,0.10291773,0.61307514,0.74044186,0.12736672,0.6880017,0.77617633,0.08817464
7,833,60553,1.0,55.0,54.0,1.0,1.0,0.0,0.0008314699,0.0008314699,-105.04584,-4.364155,-0.0025341585,-0.03926362,-0.0038711503,-0.04079648,-0.0734482,0.03854046,0.11198866,0.21655472,0.13363528,-0.08291943,0.22699957,0.17618778,-0.050811782,0.20384428,0.1718117,-0.03203258
7,834,60725,31.0,20.0,-11.0,15.0,36.0,21.0,0.03681297,0.03681297,6.564789,1.2338295,0.001924634,-0.0028373152,0.000661321,-0.0013797097,0.4844672,0.47683296,-0.0076342523,0.23051137,0.42964935,0.19913799,0.21971141,0.42743316,0.20772175,0.27252188,0.44477925,0.17225736
7,835,60834,4.0,313.0,309.0,7.0,14.0,7.0,0.00800243,0.00800243,10.927216,1.3457241,-0.0017896406,-0.03303377,-0.0014610626,-0.03183402,0.082315676,0.19791669,0.11560101,-0.092025355,-0.05765695,0.034368403,-0.08215736,-0.052618288,0.029539071,-0.06873756,-0.03077943,0.03795813
7,836,60845,24.0,134.0,110.0,3.0,1.0,-2.0,0.027865935,0.027865935,-23.827576,-0.32104683,0.0038621947,-0.015789382,0.0020107254,-0.013638739,0.5406322,0.5956606,0.05502844,0.20619945,0.19901893,-0.007180527,0.21704829,0.22287907,0.0058307797,0.2746705,0.29043806,0.015767545
7,837,60867,2.0,7.0,5.0,1.0,1.0,0.0,0.02975579,0.02975579,-17.448212,-0.18718338,-0.005723778,-0.023280326,-0.008450236,-0.013032515,0.33294377,0.3384445,0.005500734,0.10727645,0.09687651,-0.010399938,0.08293725,0.06752577,-0.015411481,0.13012521,0.108932175,-0.021193035
7,838,60978,43.0,170.0,127.0,2.0,4.0,2.0,0.021789234,0.021789234,-31.412964,-0.9991131,-0.0036636852,-0.021878168,-0.0034021102,-0.0155048035,0.21319331,-0.13826025,-0.35145354,0.03355953,-0.00753806,-0.041097593,0.031423613,-0.034548506,-0.06597212,0.053217664,-0.047910832,-0.101128496
7,839,61122,12.0,104.0,92.0,1.0,1.0,0.0,0.02630712,0.02630712,-20.449738,-0.53886414,-0.0026093833,-0.012688577,-0.0036639683,-0.014681168,0.29281497,0.3589122,0.06609723,0.0064494857,0.08961908,0.083169594,0.007904572,0.09349559,0.08559102,0.05056581,0.14561671,0.0950509
7,840,61133,22.0,289.0,267.0,10.0,29.0,19.0,0.017944023,0.017944023,-58.519623,-2.235199,-0.0006556846,-0.022535376,-0.0005849749,-0.021992937,0.54110694,0.4767877,-0.06431925,0.6088591,0.48978645,-0.119072676,0.61563826,0.48638192,-0.12925634,0.625631,0.5086058,-0.1170252
7,841,61177,1.0,117.0,116.0,1.0,1.0,0.0,0.0074555427,0.0074555427,0.25222778,0.7952385,0.0006477423,-0.03248644,-0.003404826,-0.036449537,0.24796571,0.32850906,0.080543354,0.18891999,0.07341724,-0.11550275,0.18115789,0.058160678,-0.12299721,0.20429662,0.09408397,-0.11021265
7,842,61216,60.0,158.0,98.0,32.0,62.0,30.0,0.027822603,0.027822603,11.191589,1.5362053,0.0028336495,-0.018898554,0.0015271492,-0.014362007,-0.1397545,0.06892981,0.20868431,0.10827839,0.18137437,0.073095985,0.09806479,0.17579974,0.077734955,0.084134266,0.17891182,0.094777554
7,843,61510,7.0,28.0,21.0,1.0,2.0,1.0,0.028770417,0.028770417,-1.5570679,0.9085388,-0.007093031,-0.010049686,-0.005991187,-0.008006949,0.10464423,-0.32679993,-0.43144417,0.24919625,0.0072900187,-0.24190623,0.20102257,-0.03402137,-0.23504394,0.20645891,-0.089742504,-0.2962014
7,844,61513,1.0,91.0,90.0,2.0,2.0,0.0,0.018749978,0.018749978,-23.978943,-0.3401394,0.0047427528,-0.025039215,-0.0013021976,-0.024590034,-0.27252197,-0.13655703,0.13596494,-0.064127035,-0.078093134,-0.013966098,-0.082136795,-0.116591096,-0.0344543,-0.11140553,-0.12305253,-0.011647001
7,845,61677,2.0,74.0,72.0,2.0,3.0,1.0,0.018618565,0.018618565,-19.61673,0.3387699,-0.0024753846,-0.024290644,-0.0045225844,-0.021992069,0.0847239,0.28725532,0.20253143,0.18078469,0.14858511,-0.032199576,0.18552512,0.14828312,-0.037241995,0.19355537,0.17376764,-0.019787729
7,846,61738,276.0,231.0,-45.0,35.0,22.0,-13.0,0.03415994,0.03415994,-4.8730774,0.6103096,0.009280805,-0.012004029,0.0068868883,-0.0059379935,0.43076125,0.47037196,0.039610714,0.14839031,0.25293893,0.10454862,0.118204795,0.23082285,0.11261805,0.1706299,0.2843122,0.113682285
7,847,61748,1.0,106.0,105.0,1.0,1.0,0.0,0.0064378567,0.0064378567,-59.885345,-2.055048,-0.0028318353,-0.03950213,-0.00430876,-0.036829624,0.4409206,0.34723157,-0.093689024,0.6121353,0.42610148,-0.18603382,0.6051805,0.4068161,-0.1983644,0.6229131,0.422806,-0.20010713
7,848,61752,4.0,23.0,19.0,2.0,1.0,-1.0,0.028213244,0.028213244,-1.902008,0.9423485,0.0032514296,-0.014693394,-0.002506014,-0.011560436,0.20766605,0.28947592,0.08180986,0.26412502,0.17143704,-0.09268798,0.2582832,0.1772606,-0.081022605,0.26297563,0.19373867,-0.069236964
7,849,61797,1.0,17.0,16.0,1.0,2.0,1.0,0.009770595,0.009770595,-52.072906,-1.7479343,-0.008832123,-0.023837645,-0.010281041,-0.030644689,0.1394457,0.07012857,-0.06931714,-0.10273217,-0.05155806,0.051174108,-0.09555458,-0.0437437,0.051810883,-0.08374695,-0.037240323,0.046506625
7,850,61801,47.0,404.0,357.0,86.0,101.0,15.0,0.018101286,0.018101286,-1.8034668,0.8579788,0.0036447905,-0.018984161,0.0053931884,-0.018082641,0.019101333,0.046531186,0.027429853,0.28461677,0.2143145,-0.07030226,0.30431426,0.2444745,-0.059839755,0.30068424,0.24042703,-0.06025721
7,851,61809,17.0,668.0,651.0,2.0,1.0,-1.0,-0.00036888197,-0.00036888197,-10.790527,0.026748657,0.0022910982,-0.03897502,0.0007342957,-0.040796764,0.5304348,0.53494537,0.0045105815,0.2736822,0.21985854,-0.053823665,0.26516962,0.21598336,-0.04918626,0.32131088,0.28722283,-0.034088045
7,852,61873,1.0,27.0,26.0,1.0,1.0,0.0,0.00892251,0.00892251,-93.360596,-3.9448757,-0.0010781847,-0.036259554,-0.004942339,-0.034139358,-0.008089972,-0.18934536,-0.18125539,0.28458118,0.120492585,-0.1640886,0.2963852,0.12971796,-0.16666724,0.27622697,0.09823227,-0.1779947
7,853,61972,1.0,77.0,76.0,2.0,3.0,1.0,0.015228804,0.015228804,-19.113098,-0.26797104,0.0014828183,-0.022564359,-0.0033755638,-0.023417246,0.52367926,0.45906094,-0.06461832,0.30600172,0.37758964,0.07158792,0.3223657,0.39352444,0.07115874,0.36119348,0.43311495,0.07192147
7,854,62006,1.0,25.0,24.0,1.0,1.0,0.0,0.005222149,0.005222149,-42.913727,-1.6127777,-0.012103129,-0.044418003,-0.0137543455,-0.043269984,0.38414228,0.40900257,0.024860293,0.25444886,0.2998365,0.045387626,0.3077318,0.3357601,0.02802828,0.3339362,0.36030406,0.026367843
7,855,62015,10.0,362.0,352.0,4.0,5.0,1.0,0.014885381,0.014885381,-20.813812,-0.2503872,0.003859099,-0.026294887,0.0011302903,-0.02806523,0.33832142,0.40195698,0.06363556,0.20490941,0.23279484,0.027885422,0.1950336,0.22780892,0.032775328,0.23203574,0.26694697,0.03491123
7,856,62209,1.0,226.0,225.0,1.0,1.0,0.0,-0.001438167,-0.001438167,-30.308594,-1.008398,0.0015426166,-0.052096043,-0.0066878535,-0.04647773,0.5117562,0.5659285,0.054172337,0.29959536,0.3577939,0.05819854,0.29494613,0.34287167,0.047925532,0.338098,0.40156016,0.06346217
7,857,62228,1.0,324.0,323.0,1.0,1.0,0.0,-0.0024567172,-0.0024567172,-46.342438,-1.7713509,-0.004069969,-0.03628097,-0.0056463517,-0.037151434,0.71260387,0.74944556,0.03684169,0.46416718,0.56868255,0.10451537,0.52630067,0.613107,0.08680636,0.59127325,0.66069615,0.0694229
7,858,62275,61.0,770.0,709.0,75.0,112.0,37.0,0.009753717,0.009753717,-16.564117,-0.35442734,0.01151477,-0.039263666,0.0108228605,-0.036808744,0.4095432,0.42634842,0.016805232,0.06730135,0.16731595,0.1000146,0.06552693,0.17057645,0.10504952,0.10061402,0.21069916,0.11008514
7,859,62302,1.0,2.0,1.0,1.0,1.0,0.0,0.025228068,0.025228068,-73.3858,-3.096014,-0.0051669665,-0.00738924,-0.004562419,-0.013061322,0.3680962,0.5648995,0.1968033,0.5181848,0.6223121,0.10412735,0.5314265,0.6235431,0.092116594,0.5329018,0.6507545,0.11785269
7,860,62365,5.0,339.0,334.0,12.0,20.0,8.0,0.012965418,0.012965418,-5.001831,0.41005707,0.0022018813,-0.024997815,0.00095734745,-0.029560663,0.7558878,0.7576696,0.0017818213,0.5857353,0.58362204,-0.0021132827,0.5902423,0.60000956,0.009767234,0.63441527,0.6503656,0.015950322
7,861,62479,32.0,115.0,83.0,19.0,38.0,19.0,0.03257431,0.03257431,0.9382324,0.7097111,0.009592578,-0.008346334,0.0028974935,-0.0093733445,-0.0023706488,0.04469379,0.04706444,0.12914774,0.16329001,0.03414227,0.1202016,0.16738795,0.047186345,0.11543712,0.16666763,0.051230505
7,862,62544,10.0,188.0,178.0,5.0,10.0,5.0,0.013466548,0.013466548,-9.480103,0.4055767,0.001464624,-0.017571233,-0.0020317696,-0.017892346,0.32685164,0.17081696,-0.15603468,-0.103958815,-0.056768954,0.04718986,-0.08074696,0.005475945,0.08622291,-0.025872597,0.03295189,0.058824487
7,863,62561,10.0,102.0,92.0,1.0,2.0,1.0,0.022630844,0.022630844,-23.570557,0.042064667,-0.0017233863,-0.018064328,-0.004997436,-0.01593306,0.70885056,0.66382027,-0.045030296,0.6318607,0.48881316,-0.14304751,0.6543429,0.5189432,-0.1353997,0.68016344,0.5671727,-0.11299074
7,864,62683,1.0,4.0,3.0,1.0,1.0,0.0,0.0275781,0.0275781,-29.711975,-0.2126522,-0.01000784,-0.012873251,-0.012041293,-0.010955382,0.0390617,-0.04392812,-0.08298982,-0.3064029,-0.16255903,0.14384386,-0.3212073,-0.16686672,0.1543406,-0.3112905,-0.16606495,0.14522555
7,865,62748,3.0,299.0,296.0,5.0,2.0,-3.0,0.006507091,0.006507091,-45.40262,-1.4518929,0.0034703575,-0.03226673,0.0029478446,-0.03433664,-0.10035493,-0.07106961,0.02928532,-0.046850067,-0.020931706,0.02591836,-0.041653063,-0.02030988,0.021343183,-0.056444857,-0.029676763,0.026768094
7,866,62960,8.0,275.0,267.0,1.0,1.0,0.0,0.009223595,0.009223595,-22.910187,-0.76301765,-0.0020636767,-0.02621584,-0.0049285516,-0.028624605,0.22166616,0.30178937,0.080123216,0.041440044,0.04754825,0.0061082058,0.016473584,0.054454662,0.037981078,0.05489393,0.105890565,0.050996635
7,867,63081,1.0,68.0,67.0,1.0,1.0,0.0,0.014372278,0.014372278,-37.188995,-1.1122723,-0.00018452853,-0.02409735,-0.0008263774,-0.02355035,-0.41425502,-0.46744055,-0.053185523,0.008418179,-0.084929705,-0.093347885,-0.008335543,-0.08057141,-0.07223587,-0.06993028,-0.1540067,-0.08407643
7,868,63182,3.0,306.0,303.0,2.0,4.0,2.0,0.009216908,0.009216908,7.799835,1.2458057,-0.0026855096,-0.034582593,-0.004038196,-0.030897114,0.11481464,0.11160181,-0.003212832,-0.038588386,0.051439364,0.09002775,-0.034582358,0.06393507,0.09851743,-0.017667672,0.07358024,0.091247916
7,869,63345,2.0,59.0,57.0,1.0,1.0,0.0,0.018354312,0.018354312,5.733185,1.0450611,-0.0019331425,-0.023303024,-0.002301123,-0.024664234,0.45390365,0.14320229,-0.31070137,0.29648927,0.15988366,-0.1366056,0.33957422,0.16226864,-0.17730558,0.37249526,0.17432739,-0.19816788
7,870,63449,2.0,92.0,90.0,6.0,1.0,-5.0,0.019379534,0.019379534,-18.081055,-0.40470695,0.002066873,-0.016123116,0.0025116839,-0.022676092,0.29095325,0.19496973,-0.09598352,0.23058556,0.0649028,-0.16568276,0.23129597,0.07091066,-0.16038531,0.2618615,0.088992454,-0.17286906
7,871,63746,4.0,13.0,9.0,4.0,1.0,-3.0,0.03321321,0.03321321,-7.390564,0.45913124,0.008256432,-0.0058920123,0.0061868764,-0.007745728,0.07083411,0.061070397,-0.00976371,0.11161068,0.013483974,-0.09812671,0.1470253,0.054921094,-0.09210421,0.15165184,0.059508342,-0.092143506
7,872,63781,2.0,198.0,196.0,2.0,7.0,5.0,0.010719046,0.010719046,-11.002869,0.041440964,0.00041812286,-0.029579453,-0.0028808564,-0.02942859,-0.00047302793,0.022364775,0.022837803,0.090697296,0.0069954493,-0.08370185,0.103158124,0.019020386,-0.08413774,0.09800159,0.020607043,-0.077394545
7,873,63825,15.0,525.0,510.0,2.0,4.0,2.0,0.0046530887,0.0046530887,-8.1458435,0.33877945,-0.005278211,-0.041335583,-0.004047524,-0.03489942,0.67726314,0.6763742,-0.0008889437,0.67104477,0.6296524,-0.041392386,0.686721,0.646617,-0.04010403,0.69395953,0.6629394,-0.031020105
7,874,63922,37.0,48.0,11.0,9.0,17.0,8.0,0.0351557,0.0351557,21.549316,2.0247097,0.004036553,-0.011003017,0.0018758774,-0.0053865537,-0.162457,0.014811752,0.17726876,0.092169896,0.32105482,0.22888492,0.09713772,0.34437212,0.2472344,0.08370487,0.34257588,0.25887102
7,875,63931,1.0,4.0,3.0,1.0,1.0,0.0,0.017887518,0.017887518,-8.035767,0.6309147,-0.003179647,-0.032893572,-0.008042619,-0.024726197,-0.013423888,-0.017245656,-0.0038217679,-0.097613804,-0.044684593,0.05292921,-0.06719581,-0.029740648,0.037455164,-0.06660922,-0.030922523,0.035686694
7,876,63944,4.0,66.0,62.0,13.0,18.0,5.0,0.025281016,0.025281016,-22.651367,0.053735733,0.0027659535,-0.015915364,0.0022377558,-0.015601952,0.15154076,0.11386983,-0.037670925,0.20312634,0.10105734,-0.102069,0.21560481,0.09203542,-0.12356939,0.22447518,0.104280055,-0.12019512
7,877,64004,1.0,20.0,19.0,1.0,1.0,0.0,0.02185746,0.02185746,-64.08731,-2.5679436,0.00062882155,-0.024959166,-0.001438316,-0.02069265,-0.14686424,-0.08988615,0.056978084,0.0067470027,0.097444914,0.090697914,0.003003572,0.1052737,0.10227013,-0.017807929,0.09116686,0.10897479
7,878,64096,9.0,208.0,199.0,36.0,2.0,-34.0,0.024143524,0.024143524,3.1219482,1.076971,0.010358438,-0.025654104,0.010572467,-0.026327744,0.44263893,0.44189858,-0.0007403493,0.036363374,0.13513525,0.09877187,0.050915323,0.14308077,0.09216545,0.100408345,0.18228377,0.08187543
7,879,64295,2.0,23.0,21.0,1.0,1.0,0.0,0.020020239,0.020020239,-10.813324,0.3558979,-0.00027001277,-0.018032096,-0.0046784543,-0.015215937,0.24654667,0.14917757,-0.097369105,0.29088813,-0.054145887,-0.345034,0.25972193,-0.058010872,-0.3177328,0.2979728,-0.044407967,-0.34238076
7,880,64483,37.0,152.0,115.0,6.0,24.0,18.0,0.021529283,0.021529283,7.6083374,1.3706646,-0.004362721,-0.017521825,-0.0036299825,-0.017280817,0.20023333,0.1670226,-0.033210725,0.015123786,-0.14028268,-0.15540646,-0.020113703,-0.18215242,-0.16203871,0.0011600986,-0.15004471,-0.15120481
7,881,64498,1.0,77.0,76.0,26.0,11.0,-15.0,0.023592222,0.023592222,2.2837524,0.98184013,0.011771128,-0.024069082,0.007880017,-0.018049177,0.060489953,0.09700115,0.036511198,-0.07631725,-0.012040168,0.06427708,-0.07653449,-0.0014257284,0.07510876,-0.06551195,0.009306666,0.07481862
7,882,64615,25.0,61.0,36.0,3.0,8.0,5.0,0.02846203,0.02846203,-12.807983,0.06971741,0.005406756,-0.0059145615,-0.00069111586,-0.008481927,0.19156379,0.25195244,0.060388654,0.23708425,0.18736109,-0.049723163,0.24686296,0.20410135,-0.04276161,0.2642888,0.23447762,-0.029811189
7,883,64621,20.0,243.0,223.0,5.0,3.0,-2.0,0.020947725,0.020947725,-17.35907,-0.15907097,0.0031288154,-0.020541571,0.0013417713,-0.021662157,-0.21759352,-0.099679954,0.11791357,0.035785407,-0.2320448,-0.2678302,0.03233365,-0.24942897,-0.28176263,0.0031336474,-0.24952719,-0.25266084
7,884,64687,1.0,27.0,26.0,3.0,3.0,0.0,0.025580794,0.025580794,-6.0325623,0.11772537,-0.0003906153,-0.023952164,-0.0031431168,-0.01755583,0.21884644,0.08004069,-0.13880575,0.06673859,0.03308338,-0.03365521,0.029657107,-0.0024688796,-0.032125987,0.05501024,0.013344258,-0.041665982
7,885,64771,9.0,6.0,-3.0,13.0,12.0,-1.0,0.04532242,0.04532242,-3.7047424,0.5311222,0.005701106,-0.001104679,0.0044914857,0.00096649677,0.3592689,0.32837468,-0.03089422,0.29347962,0.14225885,-0.15122077,0.29746425,0.15803829,-0.13942596,0.31833217,0.1890758,-0.12925637
7,886,64867,2.0,73.0,71.0,9.0,11.0,2.0,0.021413099,0.021413099,-33.491943,-0.8886337,0.0033053607,-0.022556216,0.0029323362,-0.019114088,0.3821109,0.33352605,-0.04858485,0.089035526,0.20369296,0.11465743,0.08543322,0.19439824,0.10896502,0.13925253,0.2301889,0.09093638
7,887,64880,35.0,200.0,165.0,12.0,4.0,-8.0,0.027162004,0.027162004,-26.593018,-0.6333008,0.005424209,-0.01100374,0.0057814717,-0.011274643,-0.12021526,-0.052487444,0.06772782,-0.078691,0.11779195,0.19648296,-0.059365433,0.13456659,0.19393203,-0.0726523,0.124165125,0.19681743
7,888,64893,393.0,655.0,262.0,12.0,25.0,13.0,0.020760475,0.020760475,-8.331726,0.6641178,0.00024854578,-0.019737657,0.00044356845,-0.019163353,0.13252084,0.11846986,-0.014050983,0.13904288,-0.055535764,-0.19457865,0.12876125,-0.088569924,-0.21733117,0.1353023,-0.068009816,-0.20331213
7,889,64979,75.0,40.0,-35.0,37.0,72.0,35.0,0.03355035,0.03355035,1.6794739,0.7313061,-0.0010418594,-0.003878355,0.0023507439,-0.0016015731,0.54009324,0.5658444,0.025751173,0.14909713,0.19590162,0.046804488,0.15164763,0.20415409,0.05250646,0.21423376,0.2619536,0.047719836
7,890,65010,1.0,10.0,9.0,1.0,1.0,0.0,0.020503037,0.020503037,-7.1683044,0.48662186,-0.005404558,-0.016108252,-0.006201163,-0.023412809,0.44977936,0.5066585,0.056879133,0.2577893,0.29342294,0.035633624,0.26468456,0.29422134,0.029536784,0.29943347,0.3332399,0.033806443
7,891,65069,1.0,12.0,11.0,1.0,1.0,0.0,0.019703276,0.019703276,-33.049072,-1.0567322,-0.00085890666,-0.02354173,-0.006063316,-0.023884222,0.05065821,0.13693503,0.086276814,0.16760448,0.17354761,0.0059431344,0.1477886,0.16427828,0.016489685,0.1463432,0.17344947,0.02710627
7,892,65148,1.0,53.0,52.0,1.0,2.0,1.0,0.017694753,0.017694753,-41.698578,-1.5389309,-0.00092701986,-0.022544526,-0.0022167973,-0.019774664,0.70574826,0.6496687,-0.056079566,0.6803831,0.511035,-0.16934806,0.688558,0.5216769,-0.16688108,0.7082326,0.5520705,-0.15616208
7,893,65187,72.0,293.0,221.0,2.0,1.0,-1.0,0.02173803,0.02173803,-6.0099487,0.68714905,0.0046870783,-0.02315231,0.0005668886,-0.016810954,0.21771237,0.24972926,0.03201689,0.13479199,0.30529234,0.17050035,0.14214475,0.31210107,0.16995631,0.1617912,0.31351653,0.15172532
7,894,65232,4.0,24.0,20.0,3.0,12.0,9.0,0.028416608,0.028416608,-3.277771,0.7303543,-0.0042584576,-0.01578376,-0.005776491,-0.008937806,0.3001277,0.3232906,0.023162872,0.05664837,0.34944138,0.292793,0.0717106,0.35414088,0.2824303,0.09053783,0.36856443,0.27802658
7,895,65253,94.0,863.0,769.0,292.0,366.0,74.0,0.00422325,0.00422325,1.2281189,1.0025597,0.013688184,-0.049556643,0.008621715,-0.046987668,-0.046508655,-0.035816506,0.010692149,-0.04182936,0.007374318,0.049203675,-0.03107806,0.020968115,0.052046172,-0.034302495,0.014690084,0.04899258
7,896,65267,5.0,21.0,16.0,1.0,1.0,0.0,0.03290929,0.03290929,-43.965057,-1.5804214,4.42639e-05,-0.012351494,-0.000404723,-0.010801371,0.6361739,0.5338969,-0.10227698,0.39934286,0.26768482,-0.13165805,0.39961076,0.26741228,-0.13219848,0.44369522,0.32204694,-0.12164828
7,897,65376,1.0,3.0,2.0,3.0,7.0,4.0,0.029924214,0.029924214,-39.296204,-0.6912327,0.0031975247,-0.005705416,-0.0040123127,-0.004865397,0.21244466,0.12814625,-0.08429842,0.041983534,-0.09656072,-0.13854425,-0.009276254,-0.13474064,-0.12546438,0.007524459,-0.123164885,-0.13068934
7,898,65414,1.0,193.0,192.0,1.0,1.0,0.0,0.0049939677,0.0049939677,-37.430298,-1.3388462,0.00065555423,-0.041793033,0.00017733127,-0.039374676,0.38397127,0.45009485,0.066123575,0.23736466,0.15650304,-0.08086163,0.24902904,0.14137152,-0.10765752,0.28974703,0.19818228,-0.091564745
7,899,65445,25.0,141.0,116.0,52.0,20.0,-32.0,0.028007861,0.028007861,-51.25171,-1.4442921,0.003364116,-0.019027304,0.0031313784,-0.017101094,0.59139663,0.5800929,-0.011303723,0.54308397,0.44271877,-0.10036519,0.5467095,0.4643714,-0.082338065,0.566836,0.49607724,-0.07075876
7,900,65639,1.0,20.0,19.0,1.0,1.0,0.0,0.009695135,0.009695135,-49.045258,-1.639658,-0.010054413,-0.022857688,-0.010224644,-0.021352958,0.021473682,-0.02927269,-0.050746374,0.014265954,0.027582409,0.013316455,0.0142241325,0.025230363,0.0110062305,0.016092619,0.017929064,0.0018364452
7,901,65654,18.0,306.0,288.0,6.0,1.0,-5.0,0.012842175,0.012842175,-42.216675,-1.3801479,0.006518498,-0.02145261,0.00596565,-0.02123905,0.113433026,0.12633535,0.012902327,-0.024334373,-0.07448851,-0.050154142,-0.017758625,-0.07785069,-0.06009207,0.0066750776,-0.043580722,-0.050255798
7,902,65686,41.0,614.0,573.0,17.0,24.0,7.0,0.0081246495,0.0081246495,-2.6665955,0.4976635,0.0014490858,-0.03812745,0.001245603,-0.034849312,0.18387161,0.22751838,0.043646768,0.019883467,0.25083727,0.2309538,0.03004856,0.26452503,0.23447646,0.057985455,0.2772316,0.21924615
7,903,65769,4.0,69.0,65.0,2.0,1.0,-1.0,0.023349382,0.023349382,-20.165009,-0.44887543,0.0036115758,-0.021052826,0.001716733,-0.019292384,0.12726313,0.18843842,0.061175287,0.20890115,0.26776338,0.058862224,0.21009222,0.27062926,0.06053704,0.21405737,0.27317593,0.059118554
7,904,65799,3.0,62.0,59.0,1.0,2.0,1.0,0.020950895,0.020950895,-2.8346558,0.60622406,-0.0030108057,-0.02227734,-0.0033146553,-0.017212052,0.24879877,0.33346167,0.0846629,0.33582774,0.26952842,-0.06629932,0.35151964,0.2840433,-0.06747633,0.35866368,0.31101665,-0.04764703
7,905,65821,4.0,33.0,29.0,1.0,1.0,0.0,0.021546226,0.021546226,-24.332031,-0.17642975,-0.003225334,-0.0055954196,-0.008073043,-0.010237768,-0.06482867,-0.23641066,-0.17158198,0.009366538,0.32205212,0.31268558,-0.0050834287,0.31303826,0.3181217,-0.018045846,0.29977098,0.31781682
7,906,65872,2.0,134.0,132.0,1.0,1.0,0.0,0.015352465,0.015352465,-18.218292,-0.38463974,-0.0036195777,-0.022214245,-0.005114183,-0.021911167,0.28977558,0.31211334,0.022337765,0.20123103,0.25743163,0.056200594,0.19958596,0.25993702,0.06035106,0.23196976,0.28998545,0.05801569
7,907,65920,7.0,17.0,10.0,7.0,1.0,-6.0,0.030745972,0.030745972,-14.82608,0.34353638,0.0071384422,-0.0077172816,0.0065627545,-0.0049027577,-0.06271778,-0.13546081,-0.07274303,0.18246758,0.11452054,-0.06794704,0.24248593,0.1725423,-0.06994362,0.23032862,0.15648814,-0.073840484
7,908,65943,29.0,291.0,262.0,31.0,11.0,-20.0,0.020505663,0.020505663,-29.450226,-0.43166733,0.0066145137,-0.025195375,0.0061231516,-0.020931564,0.38728046,0.36126843,-0.026012033,0.25977564,0.2155294,-0.04424624,0.28262037,0.24543104,-0.037189335,0.32055104,0.27971444,-0.040836602
7,909,66004,1.0,190.0,189.0,1.0,1.0,0.0,0.0046227574,0.0046227574,-17.290558,-0.106407166,-0.008517586,-0.035090823,-0.010629326,-0.033330295,0.08753138,0.086691454,-0.0008399263,0.16377388,0.1804511,0.016677216,0.16027403,0.15842894,-0.0018450916,0.16443537,0.15741041,-0.0070249587
7,910,66214,8.0,405.0,397.0,2.0,8.0,6.0,0.008938119,0.008938119,-22.688843,-0.4055786,-0.0014229752,-0.030526068,-0.004668992,-0.031123377,-0.10097624,-0.05352169,0.047454555,-0.07380029,-0.090887874,-0.017087586,-0.07978688,-0.09184648,-0.012059599,-0.083872385,-0.091074444,-0.007202059
7,911,66216,5.0,66.0,61.0,1.0,2.0,1.0,0.023880724,0.023880724,-18.136871,-0.03678894,-0.0018816888,-0.01265477,-0.0034766868,-0.015211821,0.12353263,0.2530625,0.12952986,0.27931663,0.32692125,0.04760462,0.30217943,0.34587,0.043690562,0.31888312,0.3892559,0.07037279
7,912,66278,1.0,56.0,55.0,1.0,1.0,0.0,-0.009975359,-0.009975359,-107.60376,-4.2599087,-0.0073203593,-0.034799986,-0.009510003,-0.046190917,0.49622467,0.42755464,-0.068670034,0.47667757,0.14743474,-0.32924283,0.4735939,0.16747452,-0.30611938,0.50165987,0.2318781,-0.26978177
7,913,66330,6.0,741.0,735.0,1.0,1.0,0.0,-0.0024877153,-0.0024877153,-47.946106,-1.7145519,-0.003796339,-0.043994896,-0.0019949377,-0.0406763,0.22905932,0.17300226,-0.056057066,-0.26492733,0.2599917,0.52491903,-0.23071268,0.2904601,0.52117276,-0.111491054,0.2908252,0.40231624
7,914,66342,1.0,70.0,69.0,1.0,4.0,3.0,0.019871466,0.019871466,-15.048279,0.23423195,-0.004997533,-0.024795216,-0.0029269382,-0.02127359,0.32975873,0.39921764,0.0694589,0.18077934,0.142696,-0.038083345,0.18914132,0.14586544,-0.043275878,0.21746264,0.18925177,-0.028210878
7,915,66421,150.0,288.0,138.0,32.0,32.0,0.0,0.02545505,0.02545505,5.2773438,1.3669434,0.005567573,-0.014056396,0.005664438,-0.012275472,-0.09313438,-0.107148945,-0.014014564,0.013837934,0.051748678,0.037910745,0.017245565,0.036491096,0.019245531,0.00899186,0.018799609,0.009807749
7,916,66464,10.0,20.0,10.0,3.0,4.0,1.0,0.03169577,0.03169577,-26.168915,-0.09434128,0.0002332218,-0.011144653,-0.0007986799,-0.006604418,0.1823076,0.17615914,-0.0061484575,-0.11715087,-0.15857968,-0.041428804,-0.12770753,-0.16780242,-0.040094897,-0.10607133,-0.14310922,-0.037037887
7,917,66479,83.0,596.0,513.0,14.0,16.0,2.0,0.011723015,0.011723015,-41.41333,-1.0284462,-0.00067068264,-0.030775938,0.002000846,-0.026018586,0.5686191,0.60170084,0.03308177,0.17289348,0.3740136,0.20112012,0.23774703,0.4015428,0.16379578,0.346109,0.45975262,0.11364362
7,918,66489,18.0,57.0,39.0,25.0,7.0,-18.0,0.03494686,0.03494686,10.1753235,1.1688442,0.0065551884,-0.015271466,0.005552683,-0.008777555,0.120072775,0.20979518,0.0897224,0.014877366,-0.0057181534,-0.020595519,0.0123908315,-0.009461049,-0.02185188,0.027567,0.018183628,-0.009383371
7,919,66580,5.0,171.0,166.0,1.0,1.0,0.0,0.010884952,0.010884952,-62.487,-1.5020638,-0.0021059215,-0.04107807,-0.0020617023,-0.02983132,0.017146578,0.12074241,0.10359583,-0.047988605,0.012582036,0.060570642,-0.054851644,0.0048837503,0.059735395,-0.050397158,0.017787619,0.06818478
7,920,66643,2.0,504.0,502.0,2.0,2.0,0.0,-0.0019511692,-0.0019511692,-29.432892,-0.57123184,-0.0019913837,-0.04395512,-0.00073138997,-0.041923817,0.42079708,0.40370148,-0.017095596,0.4281693,0.15273263,-0.2754367,0.43605566,0.16918606,-0.2668696,0.44746938,0.20416164,-0.24330774
7,921,66773,1.0,51.0,50.0,1.0,1.0,0.0,0.010009624,0.010009624,-26.221558,-0.80016136,-0.0022020712,-0.02869334,-0.004559476,-0.026856154,0.1568098,0.047589973,-0.109219834,0.0088517,-0.2336668,-0.24251851,-0.023006583,-0.27026826,-0.24726167,-0.004803736,-0.25596464,-0.2511609
7,922,66836,1.0,101.0,100.0,1.0,1.0,0.0,0.0011609457,0.0011609457,-102.10788,-4.632555,0.002663374,-0.038174737,-0.0031884052,-0.03662789,0.5158301,0.54165465,0.025824547,0.5063794,0.58388746,0.07750803,0.52060574,0.58812004,0.0675143,0.53789043,0.59982616,0.061935723
7,923,66946,1.0,10.0,9.0,70.0,129.0,59.0,0.034901604,0.034901604,-8.838226,0.13948822,0.006937273,-0.017342348,0.0036539547,-0.009565994,0.19756138,0.05409326,-0.14346813,0.47870287,0.35436636,-0.12433651,0.48870775,0.4181214,-0.07058635,0.49557918,0.40891764,-0.08666155
7,924,66976,3.0,90.0,87.0,1.0,1.0,0.0,0.020706888,0.020706888,12.65329,1.5588837,-0.0069324337,-0.023232743,-0.008728843,-0.018342163,0.15785086,-0.042719655,-0.20057052,0.18825656,0.01692038,-0.17133617,0.22746064,0.034638368,-0.19282228,0.23459296,0.030657014,-0.20393595
7,925,67045,1.0,17.0,16.0,1.0,1.0,0.0,0.018310998,0.018310998,-56.898743,-2.196762,-0.0037617348,-0.026547555,-0.004331596,-0.024821758,0.3841357,0.42213002,0.037994325,0.26147708,0.29528943,0.033812344,0.27604407,0.2879397,0.011895627,0.31034788,0.3267551,0.016407222
7,926,67113,2.0,188.0,186.0,1.0,5.0,4.0,0.011556584,0.011556584,-5.726593,0.85770607,-0.005464811,-0.0349028,-0.005116239,-0.030778792,0.6910455,0.6079807,-0.083064795,0.48575017,0.46676162,-0.01898855,0.51068175,0.49102294,-0.019658804,0.5545931,0.5225343,-0.032058775
7,927,67168,5.0,98.0,93.0,1.0,2.0,1.0,0.018658131,0.018658131,-15.151581,0.57087326,-0.005062286,-0.018422656,-0.0056947954,-0.015840665,0.4181488,0.28581238,-0.13233641,0.0014218958,-0.009077084,-0.01049898,-0.001654625,-0.01664614,-0.014991514,0.038674362,0.010108712,-0.028565649
7,928,67204,6.0,81.0,75.0,1.0,3.0,2.0,0.023465648,0.023465648,-10.433777,0.6954994,-0.0052289516,-0.023380905,-0.0057500005,-0.018279202,0.27319145,0.19793817,-0.07525328,0.047435053,0.16174963,0.11431458,0.0342594,0.15416512,0.11990572,0.06269153,0.16642657,0.10373504
7,929,67237,1.0,153.0,152.0,2.0,6.0,4.0,0.009902965,0.009902965,-13.532227,0.21214867,-0.004455533,-0.040863022,-0.0055640005,-0.03251568,0.07600377,0.18173762,0.10573385,0.04271658,0.107713535,0.06499696,0.05804773,0.12417539,0.06612766,0.065235466,0.14223759,0.07700212
7,930,67252,3.0,88.0,85.0,10.0,4.0,-6.0,0.028069582,0.028069582,-8.4392395,0.3683529,0.0061637647,-0.016025018,0.0033699758,-0.015200272,0.28691062,0.4238006,0.13688996,-0.08484475,0.13701294,0.2218577,-0.1151966,0.12563208,0.24082868,-0.08499265,0.16368516,0.2486778
7,931,67295,23.0,162.0,139.0,6.0,18.0,12.0,0.019756515,0.019756515,-41.45584,-1.5732555,0.002316665,-0.02221584,-0.0005821921,-0.024970971,-0.16900526,-0.21058232,-0.041577056,0.013210243,0.14538012,0.13216989,0.012311984,0.15209733,0.13978535,-0.007852058,0.118303455,0.12615551
7,932,67363,2.0,77.0,75.0,1.0,1.0,0.0,0.018443715,0.018443715,-20.615479,-0.026420593,-0.006024029,-0.022723988,-0.007173553,-0.02216632,0.09884106,0.06265136,-0.036189705,0.042202216,0.03338491,-0.008817304,0.045997716,0.024984566,-0.02101315,0.05652618,0.032273762,-0.024252418
7,933,67742,6.0,363.0,357.0,1.0,2.0,1.0,0.003490124,0.003490124,-24.846893,-0.6768131,-0.004539557,-0.03950579,-0.003813669,-0.03813029,0.06785262,0.026425652,-0.041426964,0.045592774,-0.032387972,-0.07798074,0.04352887,-0.028977428,-0.07250629,0.05178242,-0.024809746,-0.07659217
7,934,67802,2.0,94.0,92.0,4.0,2.0,-2.0,0.01368551,0.01368551,-24.425201,-0.4400215,0.0007089004,-0.013914846,0.0008511543,-0.027210772,0.23729959,0.18964486,-0.047654733,0.14928462,0.25545952,0.1061749,0.17659107,0.26577026,0.08917919,0.19491294,0.2683314,0.07341847
7,935,67829,23.0,304.0,281.0,1.0,2.0,1.0,0.01297177,0.01297177,-7.749542,0.3465786,-0.002858542,-0.036603957,-0.0033505484,-0.030452158,0.22262257,0.204214,-0.018408567,0.3356306,0.13884018,-0.19679041,0.3515274,0.14665087,-0.20487653,0.3568127,0.16810033,-0.18871236
7,936,68023,209.0,720.0,511.0,37.0,90.0,53.0,0.014880821,0.014880821,12.7864685,1.690918,-0.0015566908,-0.033025,0.00040670857,-0.027637817,0.8518007,0.83615637,-0.015644312,0.5714004,0.6351314,0.063731015,0.581648,0.63806367,0.056415677,0.6344601,0.67656773,0.04210764
7,937,68168,29.0,51.0,22.0,3.0,1.0,-2.0,0.03388928,0.03388928,-14.846649,0.18237305,0.0042213127,-0.0074441247,0.002203878,-0.0067303553,0.07169674,0.19256102,0.12086427,-0.051809598,-0.18296236,-0.13115276,-0.079083875,-0.1959924,-0.11690852,-0.06606582,-0.17168541,-0.105619594
7,938,68278,4.0,105.0,101.0,1.0,1.0,0.0,0.020192303,0.020192303,-16.034882,-0.18113136,-0.0048778504,-0.020044278,-0.0059801936,-0.018326398,0.3519979,0.31642497,-0.035572946,0.10752464,0.069595315,-0.037929326,0.09752689,0.06414021,-0.033386685,0.13199063,0.09652135,-0.03546928
7,939,68311,1.0,25.0,24.0,1.0,1.0,0.0,0.016777433,0.016777433,-56.040344,-1.9652061,-0.007231228,-0.025244754,-0.006954357,-0.026835568,-0.07678303,-0.04162899,0.03515404,-0.08590751,0.029572748,0.11548026,-0.10904207,0.0108173,0.11985937,-0.1110578,0.0050557805,0.11611358
7,940,68339,14.0,190.0,176.0,8.0,39.0,31.0,0.017508205,0.017508205,-50.730774,-1.5040436,-0.0011486001,-0.026498191,-0.0016351491,-0.025049176,-0.053971063,-0.10183681,-0.047865745,-0.28265187,-0.36211336,-0.079461485,-0.28430927,-0.3719834,-0.08767414,-0.27519476,-0.3677779,-0.09258315
7,941,68418,1.0,80.0,79.0,1.0,1.0,0.0,0.00999802,0.00999802,-38.969055,-1.1771107,0.00018626824,-0.02800522,-0.00037563965,-0.031945873,0.17350246,0.14816251,-0.025339946,0.07241217,0.050391965,-0.022020206,0.073493436,0.039783146,-0.03371029,0.08802,0.05629605,-0.031723946
7,942,68471,1.0,83.0,82.0,1.0,1.0,0.0,0.011533596,0.011533596,0.73934937,0.8143444,-0.003670685,-0.026265275,-0.0068318695,-0.023845695,0.31189898,0.34826028,0.036361307,-0.012278287,-0.0016410395,0.010637247,-0.024176368,-0.022534084,0.0016422849,0.033315424,0.028057061,-0.0052583627
7,943,68741,1.0,228.0,227.0,1.0,1.0,0.0,-0.0064351186,-0.0064351186,-56.51581,-2.3421783,-0.0046142675,-0.04373912,-0.007006172,-0.042999133,0.6626305,0.6714277,0.008797228,0.49835625,0.45415664,-0.044199616,0.5024304,0.4612532,-0.041177183,0.5441989,0.50829536,-0.035903513
7,944,68814,1.0,48.0,47.0,1.0,1.0,0.0,0.005467437,0.005467437,-32.55652,-0.9263458,-0.014990788,-0.02699878,-0.014841955,-0.027685553,0.3188186,0.43776187,0.118943274,0.052843705,0.07769655,0.024852842,0.05260051,0.07593725,0.023336738,0.09191287,0.1260049,0.03409203
7,945,68842,2.0,18.0,16.0,1.0,1.0,0.0,0.020124733,0.020124733,-66.826385,-2.6897144,-0.0014878735,-0.011565741,-0.00063948706,-0.016415942,0.78679836,0.8011015,0.014303148,0.6771032,0.6951112,0.018007994,0.70508844,0.7140454,0.008956969,0.73972774,0.7442401,0.0045123696
7,946,68858,12.0,35.0,23.0,7.0,1.0,-6.0,0.032987013,0.032987013,-37.92157,-1.250351,0.008897841,-0.010900598,0.0060098134,-0.0077589042,0.35228497,0.23336928,-0.11891569,0.08308947,-0.09074715,-0.17383662,0.08203954,-0.06718669,-0.14922623,0.12714076,-0.034944918,-0.16208568
7,947,68897,1.0,1.0,0.0,1.0,1.0,0.0,0.031384222,0.031384222,-44.258514,-1.2991695,-0.0018394217,-0.0138068795,-0.0042029023,-0.011175316,-0.0018157216,0.017626416,0.019442137,0.007300637,0.16094191,0.15364128,0.0074268742,0.17521062,0.16778375,0.0069761313,0.17008765,0.16311152
7,948,69007,27.0,614.0,587.0,11.0,56.0,45.0,0.0074286275,0.0074286275,-25.430603,-0.3550415,-0.00079410523,-0.044975393,-0.0029866137,-0.038515657,0.368405,0.22159907,-0.14680594,0.16376163,0.12315284,-0.040608793,0.18990915,0.13561283,-0.054296315,0.22835867,0.15935387,-0.069004804
7,949,69025,21.0,62.0,41.0,12.0,21.0,9.0,0.029203087,0.029203087,-19.747223,0.020961761,0.00074719265,-0.011854392,-0.0011526942,-0.009687759,0.20357981,0.11181609,-0.09176372,0.29948664,0.061713766,-0.23777287,0.2739287,0.06498955,-0.20893915,0.28892905,0.07592776,-0.21300128
7,950,69030,373.0,891.0,518.0,265.0,374.0,109.0,0.016538799,0.016538799,-12.068726,0.07125473,0.00712952,-0.027775563,0.006968282,-0.024606638,-0.07624778,-0.12722924,-0.050981462,-0.192214,-0.09373849,0.09847551,-0.21582396,-0.08772673,0.12809724,-0.21366446,-0.10167443,0.11199003
7,951,69130,1.0,7.0,6.0,1.0,2.0,1.0,0.021844547,0.021844547,-29.24289,-0.46362686,-0.008677248,-0.02368227,-0.007809963,-0.018449668,0.16260073,0.10881326,-0.053787462,0.32165346,0.23467782,-0.086975634,0.3280473,0.26435408,-0.063693225,0.31886083,0.25904107,-0.059819758
7,952,69214,1.0,253.0,252.0,1.0,1.0,0.0,-0.0077383034,-0.0077383034,-62.333984,-2.7787285,-0.0014450364,-0.0453853,-0.0016516373,-0.04488979,0.69816315,0.7187668,0.020603657,0.5151431,0.33458614,-0.18055695,0.52518654,0.35305047,-0.17213607,0.60859257,0.4560791,-0.15251347
7,953,69240,10.0,408.0,398.0,1.0,4.0,3.0,0.0059602037,0.0059602037,-0.018066406,1.1045475,-0.0069909245,-0.03348044,-0.006778121,-0.030360993,0.4313469,0.53073555,0.09938866,0.6046985,0.4341459,-0.17055258,0.6545636,0.46342474,-0.19113886,0.66004604,0.49994805,-0.16009799
7,954,69442,1.0,16.0,15.0,2.0,7.0,5.0,0.019653194,0.019653194,-20.307434,-0.14549065,-0.00011809915,-0.017347705,-0.007573813,-0.01834463,-0.06694741,-0.018441489,0.048505917,0.01655967,-0.04586593,-0.0624256,-0.0026665516,-0.05927747,-0.05661092,-0.012687385,-0.056821913,-0.044134527
7,955,69502,9.0,75.0,66.0,1.0,2.0,1.0,0.020586293,0.020586293,-44.11783,-1.3628864,-0.002296146,-0.013555702,-0.0040164143,-0.014199212,0.15674143,-0.021392189,-0.1781336,0.3205709,0.24698171,-0.073589176,0.33641037,0.27132052,-0.06508985,0.34515327,0.26092222,-0.08423105
7,956,69614,8.0,249.0,241.0,2.0,2.0,0.0,0.010454144,0.010454144,-30.359375,-0.59911346,0.000467252,-0.028595414,-0.0003259629,-0.028568227,0.43353707,0.41164884,-0.021888226,0.1711518,0.20498788,0.03383608,0.16999741,0.19416805,0.024170637,0.23366928,0.25453934,0.02087006
7,957,69616,279.0,498.0,219.0,306.0,257.0,-49.0,0.029194549,0.029194549,-1.2063293,0.57066727,0.00939076,-0.0068269856,0.009421237,-0.011734564,-0.011228821,-0.031835437,-0.020606615,0.11470904,-0.024572726,-0.13928176,0.10264977,-0.030796902,-0.13344668,0.096758395,-0.032299228,-0.12905762
7,958,69785,61.0,39.0,-22.0,77.0,65.0,-12.0,0.04136027,0.04136027,15.252808,1.8099194,0.014032446,-0.0034878738,0.008136254,0.0011237897,0.0064314203,-0.03911373,-0.04554515,-0.014725937,0.075541966,0.090267904,-0.017464614,0.106882535,0.12434715,-0.015877655,0.10010922,0.115986876
7,959,69813,1.0,8.0,7.0,1.0,1.0,0.0,0.024302669,0.024302669,-48.925446,-1.7288857,-0.000489898,-0.022743456,0.0002239123,-0.018505469,0.50073004,0.37227827,-0.12845176,0.20931782,0.43711033,0.22779252,0.22946708,0.43926233,0.20979525,0.3370717,0.44432655,0.10725486
7,960,69831,47.0,573.0,526.0,15.0,29.0,14.0,0.012842661,0.012842661,-27.105774,-0.51559067,0.0059630033,-0.033139892,0.003333943,-0.034364283,-0.32513008,-0.27987677,0.045253307,-0.010525102,-0.10317694,-0.09265184,-0.026260026,-0.1590859,-0.13282588,-0.055028286,-0.18928441,-0.13425612
7,961,69839,155.0,209.0,54.0,17.0,32.0,15.0,0.033691972,0.033691972,-14.057892,-0.047079086,0.0031292047,-0.013766395,0.0026295427,-0.008939842,0.15185104,0.089232385,-0.06261866,-0.04294265,0.14117095,0.18411359,-0.0346544,0.13823944,0.17289385,-0.019571036,0.1441408,0.16371183
7,962,69854,3.0,264.0,261.0,1.0,1.0,0.0,0.010659661,0.010659661,14.505951,1.5862885,-0.004747063,-0.03574491,-0.006494466,-0.033248033,-0.22635822,-0.04460791,0.18175031,-0.30112523,0.061451532,0.36257675,-0.31737483,0.034618165,0.351993,-0.3265799,0.030923488,0.35750338
7,963,69918,4.0,178.0,174.0,8.0,5.0,-3.0,0.01818306,0.01818306,10.152771,1.1571426,0.0055530705,-0.024161868,0.0040980875,-0.027891088,-0.050664056,0.2228835,0.27354756,-0.14361532,-0.080423795,0.063191526,-0.1417471,-0.053521857,0.088225245,-0.14183004,-0.036180258,0.105649784
7,964,70038,9.0,227.0,218.0,22.0,5.0,-17.0,0.017900307,0.017900307,-21.11972,-0.57649994,0.008322578,-0.01296569,0.006512791,-0.018373203,0.23506862,0.30569136,0.07062274,0.42348668,0.4422766,0.018789917,0.41421613,0.4297065,0.015490383,0.41389793,0.4322646,0.018366665
7,965,70075,1.0,52.0,51.0,1.0,1.0,0.0,0.020664643,0.020664643,-28.808472,-0.7824192,-0.0062297173,-0.028047312,-0.007524252,-0.021833498,0.3022941,0.26316264,-0.039131463,0.19660535,0.21693614,0.020330787,0.21067706,0.25384906,0.043172,0.23813072,0.278365,0.040234268
7,966,70095,3.0,35.0,32.0,2.0,1.0,-1.0,0.022287782,0.022287782,-56.773804,-2.0274048,0.00401986,-0.015091356,0.0027722605,-0.015752044,0.53612053,0.6152607,0.07914019,0.1438182,0.22980388,0.085985675,0.13211152,0.21208684,0.07997532,0.20194554,0.3090257,0.10708016
7,967,70193,10.0,83.0,73.0,37.0,73.0,36.0,0.021880198,0.021880198,-5.576355,0.51745224,0.0055165775,-0.01807199,0.003072448,-0.016651724,0.5010387,0.5223951,0.021356404,0.119771585,0.2276802,0.10790862,0.12166266,0.22063921,0.09897655,0.20915149,0.32570198,0.11655049
7,968,70232,8.0,159.0,151.0,1.0,1.0,0.0,0.01566735,0.01566735,21.777985,1.9653587,-0.0063857175,-0.024190873,-0.006997671,-0.022960726,0.38041836,0.34385747,-0.036560893,0.03637935,0.1768259,0.14044654,-0.0010214286,0.15846074,0.15948217,0.038387336,0.18812504,0.14973772
7,969,70335,1.0,14.0,13.0,1.0,1.0,0.0,0.029788963,0.029788963,-59.091827,-2.5621166,0.005230494,-0.011647221,0.003584195,-0.01751107,-0.050257944,-0.12945056,-0.079192616,-0.0027800319,0.037262756,0.040042788,-0.014794636,-0.037756298,-0.022961661,-0.019645633,-0.05656588,-0.03692025
7,970,70360,1.0,394.0,393.0,1.0,1.0,0.0,0.0037822686,0.0037822686,-33.82733,-1.0703392,0.0014942735,-0.044513505,0.0015695579,-0.041241914,0.5816658,0.5376384,-0.044027388,0.52722436,0.4602809,-0.06694347,0.530027,0.45101357,-0.07901341,0.5545237,0.48634607,-0.06817764
7,971,70368,8.0,108.0,100.0,2.0,2.0,0.0,0.022608843,0.022608843,-4.3844604,0.5176792,0.0005710423,-0.021717243,-0.0037234314,-0.02182128,0.022367364,0.03224658,0.009879215,0.016309604,-0.046533708,-0.06284331,0.0009002957,-0.043620303,-0.044520598,0.0048718248,-0.03460847,-0.03948029
7,972,70427,1.0,83.0,82.0,2.0,1.0,-1.0,0.021133527,0.021133527,-46.937042,-1.6585827,0.0045556016,-0.027825635,-0.000429485,-0.022542544,0.5181127,0.5242026,0.006089866,0.3266381,0.3507169,0.024078786,0.333048,0.36277834,0.02973035,0.38928482,0.40814528,0.01886046
7,973,70505,10.0,605.0,595.0,4.0,9.0,5.0,0.0029509068,0.0029509068,-4.291931,0.60536575,0.0020963773,-0.04176659,0.00013989955,-0.03891365,0.40437412,0.4206432,0.016269088,0.19314045,0.20602174,0.012881294,0.18377608,0.19771814,0.013942063,0.21875164,0.23640601,0.017654374
7,974,70585,1.0,75.0,74.0,5.0,9.0,4.0,0.022473719,0.022473719,5.6059875,1.3236809,-0.0016267337,-0.032351423,-0.0022070482,-0.024940047,0.1147821,0.37908238,0.2643003,0.15694284,0.3351093,0.17816645,0.14471476,0.33271474,0.18799998,0.14819522,0.35445592,0.2062607
7,975,70589,2.0,35.0,33.0,1.0,1.0,0.0,0.024552282,0.024552282,-12.631409,0.26294708,-0.0034732483,-0.01868926,-0.005200118,-0.015402436,0.19498843,0.55416745,0.35917902,0.3730024,0.09964608,-0.27335632,0.38147897,0.08702555,-0.2944534,0.38104177,0.15081708,-0.23022468
7,976,70671,13.0,119.0,106.0,1.0,6.0,5.0,0.022951253,0.022951253,6.903137,1.3215675,-0.0024824515,-0.02273722,-0.0037491843,-0.015439242,-0.037195507,0.255846,0.2930415,0.07359466,0.18751399,0.11391933,0.059106898,0.17643948,0.11733258,0.054828953,0.19025646,0.1354275
7,977,70758,1.0,271.0,270.0,3.0,1.0,-2.0,0.012516838,0.012516838,8.315186,1.1940575,0.0028565302,-0.038245153,0.00070039555,-0.03712642,0.18377355,0.15293217,-0.03084138,0.32529807,0.16861393,-0.15668415,0.31354335,0.16313031,-0.15041304,0.32673484,0.17152396,-0.15521088
7,978,70764,1.0,131.0,130.0,1.0,2.0,1.0,0.014664985,0.014664985,-56.31189,-2.4978962,-0.006940581,-0.027911015,-0.005271297,-0.024503399,0.71983206,0.6684219,-0.05141014,0.4355114,0.34818482,-0.087326586,0.47631195,0.37517813,-0.10113382,0.55422825,0.44171718,-0.11251107
7,979,70947,23.0,123.0,100.0,2.0,3.0,1.0,0.026495755,0.026495755,8.008118,1.3023434,-0.00017669052,-0.02354255,-0.0022314675,-0.015381902,0.044764705,0.03426393,-0.010500774,-0.023356965,-0.023318738,3.8227066e-05,0.01569859,-0.0021949366,-0.017893527,0.019600375,0.0018983164,-0.017702058
7,980,71025,15.0,60.0,45.0,17.0,8.0,-9.0,0.029947791,0.029947791,8.119751,1.3146992,0.005561013,-0.018191665,0.0043380745,-0.011185404,0.5064133,0.48723283,-0.019180447,0.28895533,0.33798474,0.04902941,0.30990687,0.35150605,0.041599184,0.36031356,0.37909824,0.018784672
7,981,71186,8.0,62.0,54.0,3.0,3.0,0.0,0.025846127,0.025846127,-17.81903,-0.28030396,0.0036528632,-0.013858229,0.0003594868,-0.014258895,0.3438705,0.52101046,0.17713997,0.29921794,0.3061639,0.0069459677,0.2936835,0.29378238,9.8884106e-05,0.33664063,0.35022518,0.013584554
7,982,71229,1.0,6.0,5.0,1.0,1.0,0.0,0.012234315,0.012234315,-69.219055,-2.8939018,-0.0065009706,-0.015385423,-0.00606646,-0.022404067,0.50236285,0.5579065,0.05554366,0.25918946,0.057361588,-0.20182787,0.27814326,0.06554474,-0.21259852,0.3336182,0.17786378,-0.15575442
7,983,71232,1.0,77.0,76.0,1.0,1.0,0.0,0.013204712,0.013204712,-4.3376465,0.44779778,-0.0064875297,-0.031309277,-0.0033562891,-0.02699159,0.35851887,0.2551654,-0.10335347,-0.021110559,0.3363135,0.35742405,-0.0023516854,0.3487829,0.35113457,0.03427876,0.3595719,0.32529315
7,984,71241,1.0,22.0,21.0,3.0,3.0,0.0,0.01952492,0.01952492,-39.787964,-1.0844803,0.007717263,-0.027183644,0.0011270121,-0.025331441,0.22552669,0.17690155,-0.04862514,0.1627971,0.090142354,-0.07265474,0.15570126,0.09712777,-0.058573492,0.17660522,0.11221044,-0.06439479
7,985,71410,2.0,199.0,197.0,4.0,5.0,1.0,0.01592204,0.01592204,9.973114,1.1871414,-0.0026940815,-0.037649576,-0.0015015341,-0.029998664,0.18921201,0.15342592,-0.035786092,0.07244151,0.04517344,-0.02726807,0.08387129,0.0517116,-0.03215969,0.10217835,0.06393413,-0.038244218
7,986,71450,1.0,36.0,35.0,1.0,1.0,0.0,0.003820449,0.003820449,-68.964905,-3.1643066,-0.007633578,-0.031235043,-0.0088671185,-0.033981983,0.16087703,0.14898773,-0.011889309,0.124181196,0.23129489,0.10711369,0.15152083,0.2513592,0.09983836,0.16086105,0.24913423,0.08827318
7,987,71753,1.0,14.0,13.0,1.0,1.0,0.0,0.028244458,0.028244458,6.226837,1.2978096,-0.0057938173,-0.03462247,-0.005697217,-0.023124877,0.19607407,0.25202665,0.05595258,0.18796979,0.19850557,0.010535777,0.18397535,0.21829562,0.034320265,0.2030786,0.24278092,0.039702326
7,988,71894,6.0,97.0,91.0,4.0,1.0,-3.0,0.025055137,0.025055137,-7.5505066,0.51761055,0.004365377,-0.017150432,0.0032677539,-0.016791962,0.17533258,0.37768388,0.2023513,0.29154852,0.27665576,-0.014892757,0.30550563,0.29736874,-0.008136898,0.32761016,0.33730924,0.009699076
7,989,71928,16.0,523.0,507.0,1.0,1.0,0.0,0.0014691465,0.0014691465,-8.96228,0.36337852,-0.002696354,-0.036592174,-0.008966882,-0.034935538,0.3840928,0.08170888,-0.30238393,0.06848354,-0.029874127,-0.09835766,0.08631966,-0.013611476,-0.099931136,0.11344367,-0.006006102,-0.11944977
7,990,72015,1.0,5.0,4.0,1.0,1.0,0.0,0.025696844,0.025696844,-26.718872,-0.27438736,-0.0070661083,-0.016071763,-0.007160131,-0.014522709,0.5248789,0.47166806,-0.053210855,0.5057496,0.39180034,-0.11394924,0.52564555,0.40558884,-0.12005672,0.54528165,0.42704374,-0.11823791
7,991,72080,1.0,17.0,16.0,1.0,1.0,0.0,0.023707692,0.023707692,-10.379578,-0.04365921,-0.0021448247,-0.03238476,-0.0024990588,-0.028243452,0.3549331,0.32070917,-0.034223944,0.3050256,0.36567095,0.060645342,0.32592916,0.39088112,0.064951956,0.35061553,0.41252697,0.061911434
7,992,72170,2.0,94.0,92.0,1.0,3.0,2.0,0.015791453,0.015791453,-21.344635,-0.4114933,-0.011694871,-0.02065581,-0.008925736,-0.021614417,0.076576434,0.008944408,-0.06763203,-0.032375388,-0.015217199,0.017158188,-0.032584194,-0.029198123,0.003386071,-0.023909938,-0.028492304,-0.004582366
7,993,72209,2.0,234.0,232.0,1.0,1.0,0.0,0.009733878,0.009733878,-93.59146,-4.29039,-0.00023736432,-0.03736334,-0.0009669103,-0.03306302,0.37057936,0.35015947,-0.020419896,0.09660689,0.102839746,0.0062328577,0.069205865,0.09686782,0.027661957,0.15444945,0.18521045,0.030761003
7,994,72257,20.0,94.0,74.0,2.0,7.0,5.0,0.025858633,0.025858633,-3.2062378,0.6500969,-0.0013642088,-0.017267205,-0.005052533,-0.0135924,0.4097504,0.52050525,0.11075485,0.12734576,0.12597741,-0.0013683438,0.14271426,0.15551892,0.012804657,0.20922153,0.26220194,0.052980408
7,995,72312,1.0,543.0,542.0,1.0,1.0,0.0,-0.010080211,-0.010080211,-57.883728,-2.2615166,0.0037453026,-0.054962467,0.0030818805,-0.052334208,-0.6064549,-0.7115325,-0.105077565,-0.07645115,0.081597015,0.15804817,-0.06312609,0.10198176,0.16510785,-0.16821185,-0.07658824,0.091623604
7,996,72510,64.0,432.0,368.0,12.0,21.0,9.0,0.01741917,0.01741917,4.7368774,1.0458794,0.0012848452,-0.026079036,0.0016925931,-0.020494804,0.8522893,0.8367911,-0.015498221,0.8414571,0.7981068,-0.04335034,0.85296154,0.81060284,-0.042358696,0.86981577,0.83080333,-0.039012432
7,997,72605,1.0,22.0,21.0,1.0,1.0,0.0,0.0028830245,0.0028830245,-60.278656,-2.0522308,-0.007084701,-0.04229375,-0.008497011,-0.03720848,0.82371414,0.83201516,0.00830102,0.34014395,0.64455795,0.304414,0.37630975,0.6623116,0.28600186,0.49965885,0.717502,0.21784315
7,998,72719,1.0,2.0,1.0,1.0,1.0,0.0,0.03588482,0.03588482,-21.680054,-0.36896133,-0.0024756454,-0.0099746995,-0.00442677,-0.006799303,0.51664376,0.5010745,-0.01556927,0.5222909,0.4065539,-0.11573699,0.5252971,0.43183145,-0.093465656,0.541664,0.4591486,-0.08251542
7,999,72948,15.0,127.0,112.0,25.0,9.0,-16.0,0.030832969,0.030832969,-1.7330933,0.9727173,0.004588928,-0.029487953,0.006642066,-0.020711645,0.37931967,0.3791562,-0.00016346574,0.24979565,0.17560919,-0.07418646,0.2452665,0.18290257,-0.062363923,0.2760882,0.2199258,-0.056162402
