subject,eval_index,nsd_image_id,prior0_image_rank,prior_low_image_rank,image_rank_delta_prior_low_minus_prior0,prior0_brain_rank,prior_low_brain_rank,brain_rank_delta_prior_low_minus_prior0,image_score_delta_prior_low_minus_prior0,brain_score_delta_prior_low_minus_prior0,flat_norm_delta_prior_low_minus_prior0,mean_token_norm_delta_prior_low_minus_prior0,brain_margin_hardest_delta_prior_low_minus_prior0,image_margin_hardest_delta_prior_low_minus_prior0,brain_margin_top5_delta_prior_low_minus_prior0,image_margin_top5_delta_prior_low_minus_prior0,blurry_pixcorr_prior0,blurry_pixcorr_prior_low,blurry_pixcorr_delta_prior_low_minus_prior0,recons_pixcorr_prior0,recons_pixcorr_prior_low,recons_pixcorr_delta_prior_low_minus_prior0,enhanced_pixcorr_prior0,enhanced_pixcorr_prior_low,enhanced_pixcorr_delta_prior_low_minus_prior0,enhanced_evalmix_pixcorr_prior0,enhanced_evalmix_pixcorr_prior_low,enhanced_evalmix_pixcorr_delta_prior_low_minus_prior0
5,0,2950,2.0,79.0,77.0,2.0,5.0,3.0,0.028866649,0.028866649,-42.881012,-1.4910297,-0.0044061765,-0.017615892,-0.004762985,-0.020881485,0.1446065,0.15152964,0.006923139,0.13187002,0.12567471,-0.006195307,0.1354889,0.14042056,0.0049316585,0.15107496,0.15683395,0.005758986
5,1,2990,2.0,159.0,157.0,1.0,4.0,3.0,0.021267354,0.021267354,-38.97229,-0.6978874,-0.0039534047,-0.017016042,-0.0066478774,-0.023340095,0.14181268,0.17101534,0.029202655,0.17446136,0.1400913,-0.034370065,0.18332969,0.12655526,-0.056774423,0.19912918,0.14591976,-0.053209424
5,2,3049,4.0,2.0,-2.0,4.0,3.0,-1.0,0.0462517,0.0462517,-81.35019,-2.5188007,0.0028805248,0.0022653975,-0.00012556091,0.000729952,0.07996536,-0.010638905,-0.09060427,0.042550024,0.078799136,0.036249112,0.0862142,0.108362354,0.022148155,0.095146246,0.103148825,0.008002579
5,3,3077,19.0,102.0,83.0,24.0,3.0,-21.0,0.041889045,0.041889045,-62.793427,-1.6631851,0.011004221,-0.008091636,0.00824618,-0.009044547,0.1883783,0.16037415,-0.028004155,0.121887185,0.20273693,0.080849744,0.11584043,0.22967625,0.11383582,0.12871532,0.23979478,0.111079454
5,4,3146,9.0,95.0,86.0,33.0,23.0,-10.0,0.036318492,0.036318492,-18.071167,0.15268517,0.0051012374,-0.014888167,0.005309906,-0.016462274,0.56602496,0.4000557,-0.16596925,0.24206913,0.32180288,0.07973376,0.28050607,0.35279706,0.07229099,0.3462237,0.37852773,0.03230402
5,5,3157,2.0,22.0,20.0,9.0,2.0,-7.0,0.027631115,0.027631115,-64.70868,-3.1679325,0.0048439987,-0.012752019,0.004475396,-0.01473324,0.40396857,0.3093194,-0.094649166,-0.07117506,-0.06532518,0.005849883,-0.051119942,-0.048865482,0.00225446,0.013459563,-0.0042333123,-0.017692875
5,6,3164,92.0,263.0,171.0,26.0,100.0,74.0,0.03125684,0.03125684,-37.928253,-0.9031143,0.0015363675,-0.010918001,0.0025717784,-0.01457989,0.35140768,0.3365587,-0.014848977,0.13005346,0.13511817,0.005064711,0.12353454,0.12911664,0.0055821016,0.15391567,0.16890381,0.014988139
5,7,3171,153.0,671.0,518.0,16.0,13.0,-3.0,0.021097088,0.021097088,-87.9043,-3.2476044,0.0052225385,-0.02934757,0.0029780231,-0.029238684,0.5953363,0.52978754,-0.06554878,0.56907713,0.5479821,-0.021095037,0.5554473,0.54792404,-0.0075232387,0.5933588,0.5856848,-0.0076740384
5,8,3181,1.0,3.0,2.0,1.0,1.0,0.0,0.03504464,0.03504464,-48.003265,-1.4693146,-0.009030238,-0.015149806,-0.011828728,-0.014647987,0.010354819,0.22941819,0.21906337,-0.06748543,0.030343683,0.09782911,-0.07288644,0.03482187,0.107708305,-0.06346086,0.061248448,0.12470931
5,9,3386,43.0,60.0,17.0,43.0,81.0,38.0,0.046139013,0.046139013,-16.812622,0.17738724,0.00033158436,-0.009671569,0.0009405203,-0.007920805,0.21305084,0.34197056,0.12891972,-0.038705684,0.035775226,0.074480906,-0.020501237,0.054186743,0.07468798,-0.0036177053,0.073934466,0.07755217
5,10,3434,3.0,166.0,163.0,1.0,2.0,1.0,0.014149185,0.014149185,-77.484314,-3.2911167,-0.0032934807,-0.022989418,-0.0068856776,-0.024101373,0.48882076,0.52521974,0.036398977,0.50072396,0.23576117,-0.2649628,0.54141283,0.22521107,-0.31620175,0.5803855,0.3052049,-0.2751806
5,11,3449,1.0,1.0,0.0,1.0,1.0,0.0,0.03935262,0.03935262,-75.23364,-2.6871166,-0.00080728903,-0.011419028,-0.0015677847,-0.011469305,0.0675402,0.1478431,0.080302894,0.15162477,0.062170476,-0.08945429,0.202906,0.10166236,-0.10124364,0.2026262,0.119675875,-0.082950324
5,12,3489,7.0,52.0,45.0,14.0,8.0,-6.0,0.039083015,0.039083015,-34.015625,-0.97314453,0.009628013,-0.009676807,0.0037664883,-0.008274801,-0.290268,-0.29523012,-0.0049621165,0.46055406,0.22840177,-0.2321523,0.47006923,0.23712264,-0.23294659,0.42532763,0.19344907,-0.23187856
5,13,3626,4.0,50.0,46.0,1.0,1.0,0.0,0.034784976,0.034784976,-30.597015,-0.6596947,-0.003274124,-0.01837562,-0.0040788054,-0.016562995,0.13162033,0.21661839,0.08499806,0.17592908,0.08592212,-0.09000696,0.1862966,0.11266261,-0.073633984,0.1890277,0.13228911,-0.056738585
5,14,3682,2.0,410.0,408.0,1.0,1.0,0.0,0.00923549,0.00923549,-49.160095,-1.9582195,-0.0022765733,-0.035842195,-0.0026503392,-0.03593342,0.90163046,0.87500197,-0.026628494,0.8334724,0.8497849,0.01631254,0.8539527,0.8656743,0.011721611,0.8760467,0.88209546,0.006048739
5,15,3687,1.0,80.0,79.0,1.0,5.0,4.0,0.021730937,0.021730937,-27.454742,-0.3755417,-0.0066562556,-0.023014288,-0.0056375787,-0.028127111,0.57009065,0.6313203,0.061229646,0.47215885,0.4523432,-0.019815654,0.47400004,0.44536877,-0.02863127,0.5120378,0.493886,-0.01815182
5,16,3729,2.0,127.0,125.0,1.0,2.0,1.0,0.019740682,0.019740682,-59.500885,-2.0426292,-0.0062816925,-0.026301868,-0.0040412247,-0.025954574,-0.070755355,0.16438419,0.23513955,0.022284098,-0.0902552,-0.1125393,0.005351707,-0.118185975,-0.12353768,-0.0051236837,-0.07826012,-0.073136434
5,17,3809,17.0,170.0,153.0,27.0,11.0,-16.0,0.034861542,0.034861542,-71.10617,-2.6595325,0.011249535,-0.014492843,0.009845372,-0.0141642615,0.43936485,0.48235786,0.04299301,0.3700217,0.2637451,-0.1062766,0.3476167,0.26029995,-0.08731675,0.38820332,0.3066706,-0.08153272
5,18,3842,11.0,65.0,54.0,15.0,11.0,-4.0,0.040549774,0.040549774,-61.0011,-2.063223,0.006636787,-0.0071859285,0.0042721555,-0.009625483,-0.03532568,-0.0012010537,0.034124628,0.020956002,0.11050772,0.08955172,0.014424359,0.11288084,0.09845648,0.009547333,0.10435135,0.09480402
5,19,3847,2.0,176.0,174.0,4.0,3.0,-1.0,0.008951206,0.008951206,-82.46912,-2.9848194,0.006309226,-0.036652148,0.0028693154,-0.03552265,0.566363,0.54966444,-0.01669854,0.31359598,0.3264907,0.01289472,0.29556417,0.29635888,0.0007947087,0.3535506,0.36738458,0.01383397
5,20,3856,6.0,207.0,201.0,5.0,4.0,-1.0,0.02352053,0.02352053,-44.94159,-1.595068,0.004835874,-0.031655602,0.0012131669,-0.027533624,0.31679204,0.30228826,-0.014503777,0.08923528,0.1141603,0.024925016,0.093347885,0.109125435,0.01577755,0.12949322,0.13967471,0.010181487
5,21,3913,1.0,106.0,105.0,1.0,2.0,1.0,0.01431619,0.01431619,-58.182312,-2.6366081,-0.0026960224,-0.032624587,-0.0064210407,-0.033389512,0.17820749,0.023802102,-0.15440539,0.08739385,0.197332,0.109938145,0.08334638,0.20689021,0.12354383,0.1122864,0.20278205,0.09049565
5,22,3951,2.0,94.0,92.0,1.0,1.0,0.0,0.016082454,0.016082454,-94.25275,-3.7903137,0.00044540688,-0.023544922,-0.001540862,-0.025655534,0.6643134,0.61822397,-0.04608941,0.49869776,0.5742703,0.07557255,0.5172292,0.59465086,0.077421665,0.55829775,0.6130987,0.054800928
5,23,4051,58.0,115.0,57.0,19.0,7.0,-12.0,0.04092108,0.04092108,-28.182007,-0.38223648,0.0024671406,-0.0072065853,0.0031257123,-0.0067836307,0.18960649,0.19646569,0.006859198,0.12604652,0.15495181,0.028905287,0.12993701,0.18992542,0.05998841,0.14889744,0.20943606,0.06053862
5,24,4058,2.0,30.0,28.0,1.0,1.0,0.0,0.029683687,0.029683687,-53.314545,-1.6978912,-0.0065592676,-0.0112308785,-0.0069578663,-0.016881075,0.42670682,0.4284216,0.001714766,0.37645727,0.29619297,-0.0802643,0.3712106,0.28462824,-0.08658236,0.3996064,0.31908765,-0.08051875
5,25,4129,4.0,32.0,28.0,1.0,1.0,0.0,0.036826763,0.036826763,-14.114105,0.46561432,-0.0025655143,-0.009633508,-0.0042882413,-0.010830235,0.22759181,0.34211606,0.114524245,-0.0077956202,0.34660214,0.35439777,-0.013777185,0.3587348,0.37251198,0.011995207,0.38100153,0.36900634
5,26,4156,2.0,139.0,137.0,1.0,1.0,0.0,0.015433744,0.015433744,-67.69656,-2.3436584,-0.012303226,-0.024729565,-0.013382349,-0.023608647,0.32316983,0.2668833,-0.056286514,-0.079858616,-0.11050311,-0.030644491,-0.06597177,-0.10960406,-0.04363229,-0.023701992,-0.07168963,-0.047987636
5,27,4249,1.0,19.0,18.0,1.0,1.0,0.0,0.022433668,0.022433668,-80.40503,-3.0262547,-0.0076506585,-0.024810575,-0.012071274,-0.026013397,0.47962007,0.4764003,-0.0032197833,-0.15271208,0.0577738,0.21048588,-0.15748625,0.08789842,0.24538466,-0.0974777,0.15018384,0.24766153
5,28,4325,1.0,2.0,1.0,1.0,1.0,0.0,0.028982494,0.028982494,-50.53064,-1.7024746,-0.007317409,-0.018074479,-0.009658281,-0.015648298,0.0030546642,0.12390534,0.120850675,0.14640944,0.10573668,-0.040672757,0.18676306,0.13969038,-0.04707268,0.1665551,0.1464466,-0.020108506
5,29,4423,19.0,218.0,199.0,8.0,9.0,1.0,0.027800322,0.027800322,-40.424713,-0.71751213,0.0049608313,-0.018919319,0.0017744116,-0.018334508,-0.1737892,0.037710223,0.21149942,-0.00852348,-0.0269175,-0.01839402,-0.012195103,-0.026871407,-0.0146763045,-0.03549656,-0.022420524,0.013076035
5,30,4436,7.0,7.0,0.0,1.0,1.0,0.0,0.03864457,0.03864457,-48.03891,-1.6340332,-0.0077472255,-0.0014520101,-0.007927669,-0.0015130714,0.2857235,0.421277,0.13555348,0.019752359,-0.10934383,-0.12909618,0.030684743,-0.09350216,-0.1241869,0.057351664,-0.051378854,-0.10873052
5,31,4612,3.0,60.0,57.0,1.0,1.0,0.0,0.030480262,0.030480262,-35.177155,-0.6229019,-0.012697326,-0.019768074,-0.012307396,-0.018970218,0.34782866,0.29345304,-0.05437562,0.22269455,-0.041985985,-0.26468053,0.20988221,-0.040331304,-0.2502135,0.24358834,-0.0011124626,-0.2447008
5,32,4667,1.0,88.0,87.0,4.0,2.0,-2.0,0.030879784,0.030879784,-8.54895,0.32875824,0.0066979937,-0.024875466,0.0029596426,-0.024055395,0.27798927,0.19523469,-0.08275458,0.104725204,0.09712547,-0.007599734,0.1204263,0.11437187,-0.0060544237,0.14656007,0.13308059,-0.013479486
5,33,4690,4.0,649.0,645.0,1.0,3.0,2.0,0.004057925,0.004057925,-17.665253,0.1359272,-0.009211762,-0.04679311,-0.009640861,-0.048003327,0.37615716,0.4655049,0.08934775,0.117174946,0.16208753,0.044912584,0.12150986,0.15511538,0.033605523,0.15588841,0.2031051,0.0472167
5,34,4768,30.0,65.0,35.0,1.0,2.0,1.0,0.041979242,0.041979242,-22.142426,-0.3092804,-0.0008687787,-0.008645389,-0.00073730573,-0.007932026,0.45513013,0.43257082,-0.022559315,0.19582336,0.11394168,-0.08188168,0.17550315,0.08422765,-0.0912755,0.22851963,0.14505829,-0.083461344
5,35,4786,9.0,29.0,20.0,31.0,2.0,-29.0,0.04759036,0.04759036,-25.438934,-0.94363976,0.011829015,-0.0023985915,0.011599861,-0.00465535,0.6423219,0.63506675,-0.007255137,0.3158117,0.39884675,0.08303505,0.33719736,0.4269689,0.08977154,0.41308448,0.4964798,0.08339533
5,36,4835,3.0,152.0,149.0,7.0,13.0,6.0,0.020166848,0.020166848,-11.6588745,0.042898178,-0.0035154782,-0.022639114,-0.0005556159,-0.026632804,0.5643727,0.507576,-0.05679673,0.551132,0.51302224,-0.03810978,0.5616661,0.523401,-0.03826505,0.58237845,0.5382148,-0.044163644
5,37,4869,2.0,339.0,337.0,1.0,5.0,4.0,0.0022717603,0.0022717603,-46.172607,-1.3246498,-0.00842192,-0.031044934,-0.006122805,-0.038192842,0.6348398,0.58925796,-0.045581818,0.4479474,0.51969767,0.07175025,0.44134012,0.50668263,0.065342516,0.49099848,0.54074794,0.049749464
5,38,4892,11.0,143.0,132.0,1.0,2.0,1.0,0.030681934,0.030681934,-44.276154,-1.1819897,-0.0041887015,-0.010631982,-0.0037038997,-0.017648708,0.44190753,0.42604387,-0.015863657,0.3747549,0.4636879,0.08893299,0.39461368,0.4567564,0.06214273,0.42045406,0.4881485,0.067694455
5,39,4930,1.0,10.0,9.0,1.0,1.0,0.0,0.0076065585,0.0076065585,-79.47049,-2.964798,-0.008275256,-0.05296503,-0.009967431,-0.043116808,0.22658828,0.37797052,0.15138224,0.661084,0.6085766,-0.0525074,0.6681,0.6258814,-0.042218626,0.6523537,0.62350684,-0.02884686
5,40,5034,2.0,291.0,289.0,1.0,4.0,3.0,0.01661313,0.01661313,-62.185944,-1.841259,-0.0030816495,-0.033879492,-0.0070840865,-0.029289383,0.10929392,0.2613095,0.15201558,0.33888185,0.13018757,-0.20869428,0.308504,0.14092417,-0.16757981,0.30273435,0.17558208,-0.12715226
5,41,5106,8.0,39.0,31.0,5.0,8.0,3.0,0.042492535,0.042492535,-31.283447,-0.64502335,0.0028692149,-0.0041613206,0.0009861812,-0.007358838,-0.31009132,-0.08286717,0.22722414,0.07842314,0.27022102,0.19179788,0.050780557,0.24095643,0.19017586,0.0010999787,0.21510825,0.21400827
5,42,5204,17.0,193.0,176.0,21.0,31.0,10.0,0.03332816,0.03332816,-8.739502,0.8629494,0.0029303115,-0.017379021,0.0012609344,-0.018276455,0.6717136,0.6943573,0.022643685,0.37998796,0.5143055,0.13431752,0.38908902,0.52428573,0.13519672,0.4560331,0.5835612,0.12752807
5,43,5285,2.0,4.0,2.0,7.0,2.0,-5.0,0.03386795,0.03386795,-123.66867,-5.7357254,0.00928149,0.0015179776,0.008406628,-0.008869056,0.08156467,0.015242396,-0.066322275,-0.077555865,-0.12421634,-0.046660475,-0.08518078,-0.15259546,-0.06741468,-0.07323292,-0.14688313,-0.07365021
5,44,5301,1.0,279.0,278.0,2.0,9.0,7.0,0.01350769,0.01350769,-46.431,-1.6560287,-0.0010969155,-0.04844959,-0.0036499985,-0.04837942,0.109090276,0.03095624,-0.07813404,-0.13809168,0.07513892,0.21323061,-0.1681826,0.082533374,0.25071597,-0.14818339,0.08398998,0.23217337
5,45,5338,2.0,416.0,414.0,1.0,1.0,0.0,0.011503559,0.011503559,-63.396484,-2.4167747,-0.005144149,-0.024263203,-0.008529501,-0.03606634,0.68122256,0.729326,0.04810345,0.65406615,0.6460692,-0.007996917,0.6731243,0.67983377,0.0067094564,0.7126393,0.721443,0.008803725
5,46,5427,1.0,26.0,25.0,1.0,1.0,0.0,0.012138963,0.012138963,-47.656677,-1.7555962,-0.011306215,-0.021332711,-0.011861656,-0.023229573,0.24712183,0.23763992,-0.009481907,0.1240433,0.2179125,0.093869194,0.12917212,0.23351584,0.10434373,0.15863167,0.25176498,0.093133315
5,47,5459,1.0,30.0,29.0,1.0,1.0,0.0,0.039489314,0.039489314,-45.388428,-1.5414982,-4.0289015e-05,-0.015649106,-0.00014203787,-0.015227996,0.041226495,-0.054136194,-0.09536269,0.02331719,0.15485613,0.13153894,-0.0016423839,0.14291655,0.14455894,0.003414891,0.12267658,0.11926169
5,48,5502,1.0,13.0,12.0,1.0,1.0,0.0,0.02980382,0.02980382,-46.503876,-1.6374912,0.00223431,-0.014202945,0.0012180991,-0.01662467,0.07298605,0.109641775,0.036655724,0.10064635,0.22527014,0.12462379,0.11476828,0.23830166,0.12353338,0.114536606,0.23003608,0.115499474
5,49,5542,1.0,94.0,93.0,1.0,1.0,0.0,0.025112525,0.025112525,-63.151062,-2.0781345,-0.0033815429,-0.026696116,-0.0040462017,-0.027419526,0.49757758,0.5512588,0.053681225,0.4545208,0.4549362,0.00041541457,0.45344672,0.459579,0.006132275,0.47414795,0.50563043,0.031482488
5,50,5574,1.0,29.0,28.0,6.0,2.0,-4.0,0.040229745,0.040229745,-60.534454,-2.2101307,0.0046900474,-0.014718413,0.005477637,-0.017604858,0.3800097,0.3534462,-0.026563525,0.17050952,0.019691369,-0.15081815,0.17215559,-0.0056738015,-0.17782938,0.21499948,0.03528531,-0.17971417
5,51,5583,291.0,122.0,-169.0,149.0,321.0,172.0,0.04969335,0.04969335,-31.088623,-0.31582642,0.0077282563,0.0008913912,0.0063277744,0.0018324442,0.2603699,0.37785533,0.117485434,0.52254486,0.566045,0.043500125,0.51792896,0.57824755,0.06031859,0.5272516,0.5815148,0.054263175
5,52,5602,6.0,870.0,864.0,59.0,67.0,8.0,0.007178476,0.007178476,-45.1604,-1.6600227,0.0028659757,-0.054584444,6.172992e-05,-0.052619606,0.14184628,0.14382535,0.001979068,0.22400151,-0.019695988,-0.2436975,0.2174218,-0.034573562,-0.25199535,0.21810037,-0.015572574,-0.23367295
5,53,5714,1.0,77.0,76.0,2.0,1.0,-1.0,0.020007037,0.020007037,-84.836945,-4.215025,0.005254522,-0.020251561,-0.0003984198,-0.024649967,0.33146086,0.6337963,0.3023354,0.20837243,0.2857057,0.07733326,0.21472201,0.2911968,0.076474786,0.23994532,0.36732292,0.1273776
5,54,5878,1.0,9.0,8.0,5.0,10.0,5.0,0.04286809,0.04286809,-52.727386,-1.4912853,-0.004262943,-0.0077454224,-0.0024380125,-0.0075951405,-0.33948433,-0.19135173,0.1481326,0.14460129,-0.19939904,-0.34400034,0.14704777,-0.17632073,-0.3233685,0.09266184,-0.1868725,-0.27953434
5,55,5890,10.0,805.0,795.0,1.0,1.0,0.0,0.0053403806,0.0053403806,-29.072632,-0.5254383,-0.0015453976,-0.044246964,-0.0011815839,-0.046404593,0.21415016,0.27124593,0.057095766,0.4365318,0.27543086,-0.16110095,0.43594158,0.27385342,-0.16208816,0.42477468,0.27944696,-0.14532772
5,56,6132,3.0,12.0,9.0,3.0,1.0,-2.0,0.054139324,0.054139324,-35.65988,-0.8270664,0.0028558224,-0.0022358373,0.0016099438,-0.0048072115,0.3089681,0.3122686,0.0033005178,0.3532454,0.09985486,-0.25339055,0.37665376,0.116998784,-0.25965497,0.37977013,0.15876582,-0.2210043
5,57,6199,1.0,16.0,15.0,16.0,24.0,8.0,0.043867253,0.043867253,-46.598938,-1.5508728,0.0058340505,-0.0105672665,0.0043098778,-0.009141948,0.6290337,0.4868572,-0.14217648,0.5846145,0.6063345,0.021719992,0.60587263,0.61654234,0.010669708,0.61798996,0.6263023,0.008312345
5,58,6222,7.0,47.0,40.0,1.0,4.0,3.0,0.031672474,0.031672474,-47.300568,-1.6164341,-0.0026455373,-0.012592923,-0.0040792674,-0.014254961,0.24744855,0.22642317,-0.021025375,0.12735766,0.28345826,0.1561006,0.123612575,0.27761695,0.15400437,0.14864829,0.28865117,0.14000288
5,59,6431,9.0,166.0,157.0,1.0,2.0,1.0,0.028390203,0.028390203,-82.88321,-3.2690258,-0.0036557596,-0.018152356,-0.0033946447,-0.022658389,-0.10668918,-0.15789777,-0.051208593,0.005314729,0.1124133,0.10709857,0.015385639,0.11794891,0.10256328,0.0016096171,0.098574355,0.09696474
5,60,6444,1.0,167.0,166.0,1.0,1.0,0.0,0.009282023,0.009282023,-34.361755,-0.6850529,-0.0126725435,-0.040451217,-0.013129782,-0.042747602,0.67640525,0.66589606,-0.010509193,0.37933382,0.48366773,0.10433391,0.40785712,0.50576735,0.097910225,0.47256547,0.5510396,0.078474104
5,61,6489,1.0,69.0,68.0,1.0,2.0,1.0,0.023241311,0.023241311,-18.255646,0.1735363,-0.0028121546,-0.02577139,-0.0048299693,-0.025547259,0.19366924,0.24469805,0.051028803,0.26702216,-0.0043837596,-0.27140594,0.269934,-0.017230012,-0.287164,0.28547755,0.010140409,-0.27533713
5,62,6514,85.0,719.0,634.0,7.0,5.0,-2.0,0.01337132,0.01337132,-56.73703,-2.2953568,0.006090848,-0.033313535,0.0040802937,-0.034734227,0.08509051,0.07802123,-0.0070692822,-0.10075237,0.0023085375,0.10306091,-0.10514112,-0.013478828,0.09166229,-0.092699125,-0.0064405478,0.086258575
5,63,6521,3.0,38.0,35.0,1.0,1.0,0.0,0.01811701,0.01811701,-39.539795,-1.7156067,-0.003265895,-0.011307396,-0.004373014,-0.016354073,0.3783556,0.2918376,-0.08651799,0.09261739,-0.032704085,-0.12532148,0.08313681,-0.05327619,-0.13641301,0.12903303,-0.008062181,-0.13709521
5,64,6524,4.0,115.0,111.0,13.0,4.0,-9.0,0.028235842,0.028235842,-65.89542,-2.4756374,0.008208767,-0.02536792,0.0062153116,-0.024936788,0.30349085,0.44620997,0.14271912,0.48720375,0.41622803,-0.07097572,0.4909411,0.431487,-0.059454113,0.49542665,0.4512051,-0.04422155
5,65,6558,1.0,1.0,0.0,2.0,1.0,-1.0,0.04585204,0.04585204,-52.888336,-2.5147247,0.009824801,-0.005988151,0.0059623793,-0.011982478,0.6395651,0.64005035,0.0004852414,0.35764995,0.3083589,-0.049291044,0.3447054,0.298764,-0.045941412,0.41599396,0.36551878,-0.05047518
5,66,6640,2.0,78.0,76.0,1.0,1.0,0.0,0.021912798,0.021912798,-44.890167,-1.1043205,-0.0023803748,-0.01998302,-0.0060734935,-0.02507475,0.01049853,0.0964258,0.08592727,0.05044916,0.058343325,0.007894166,0.069750264,0.06627837,-0.003471896,0.0668792,0.07732499,0.0104457885
5,67,6713,1.0,41.0,40.0,1.0,1.0,0.0,0.03109549,0.03109549,-47.504974,-1.892149,-0.0024524443,-0.024387069,-0.0018528607,-0.025928177,0.68329805,0.6663815,-0.016916573,0.49542886,0.36837575,-0.12705311,0.49151093,0.3809487,-0.110562235,0.5386161,0.45268688,-0.085929245
5,68,6801,15.0,469.0,454.0,4.0,13.0,9.0,0.019276686,0.019276686,-64.591,-2.3898506,0.0060063787,-0.037418257,-0.0009361617,-0.039467257,0.47458926,0.40338728,-0.07120198,0.44497588,0.49394658,0.0489707,0.4572284,0.50969493,0.05246654,0.47669703,0.5162412,0.039544165
5,69,7007,3.0,123.0,120.0,1.0,1.0,0.0,0.027167004,0.027167004,-57.412567,-1.6005993,-0.011406915,-0.02191459,-0.011228392,-0.02138744,0.4710708,0.50070316,0.02963236,0.41172826,0.4074263,-0.0043019652,0.43290496,0.44583702,0.012932062,0.47615007,0.48879778,0.012647718
5,70,7039,1.0,2.0,1.0,1.0,1.0,0.0,0.039399598,0.039399598,-43.04358,-0.43603706,0.0010649487,-0.011484224,-0.004608605,-0.010523312,0.54208267,0.52959794,-0.012484729,-0.05534391,0.048577648,0.10392156,-0.08207369,0.043821115,0.1258948,-0.018032337,0.10231099,0.12034333
5,71,7120,1.0,2.0,1.0,1.0,1.0,0.0,0.04815012,0.04815012,-48.97513,-1.4724693,-0.0011582188,-0.00350561,-0.0016359203,-0.004268497,0.28049874,0.30273825,0.022239506,0.16734007,0.26148152,0.09414145,0.15711264,0.2692361,0.112123445,0.19615366,0.28576288,0.08960922
5,72,7207,5.0,61.0,56.0,2.0,2.0,0.0,0.031899452,0.031899452,-30.735168,-0.4915161,5.6169927e-05,-0.01168875,-0.0027748682,-0.011428062,0.045167975,-0.015131833,-0.060299806,-0.12701237,-0.074689455,0.052322917,-0.12488862,-0.07070184,0.054186784,-0.10453941,-0.06532858,0.039210826
5,73,7336,5.0,55.0,50.0,2.0,1.0,-1.0,0.0224277,0.0224277,-22.790192,-0.59716415,0.0047356375,-0.015457116,0.0021615922,-0.01381062,0.24310863,0.29369414,0.05058551,0.045921035,-0.032704603,-0.078625634,0.05224703,-0.03910186,-0.09134889,0.083893225,0.0060207825,-0.07787244
5,74,7366,1.0,130.0,129.0,1.0,1.0,0.0,0.018890712,0.018890712,-60.922913,-2.4799862,0.0035980009,-0.028802112,0.00094647706,-0.027113035,0.67287284,0.73960906,0.06673622,-0.011513905,-0.05818609,-0.046672188,-0.027867528,-0.07438781,-0.046520285,0.053572927,0.04930905,-0.004263878
5,75,7409,5.0,376.0,371.0,2.0,4.0,2.0,0.007999394,0.007999394,-36.731903,-1.1565819,-0.0021359585,-0.032605935,-0.004739281,-0.031409364,0.50077116,0.45834035,-0.042430818,0.11674568,0.11994787,0.0032021925,0.13925971,0.16395505,0.024695337,0.21429755,0.24686842,0.03257087
5,76,7418,1.0,84.0,83.0,1.0,1.0,0.0,0.017490156,0.017490156,-57.46869,-2.20615,0.00048011914,-0.0351129,-0.0010751821,-0.033746075,0.027336795,-0.2354865,-0.2628233,-0.15897152,-0.24590108,-0.08692956,-0.14909923,-0.23723067,-0.08813144,-0.13938755,-0.24298336,-0.10359581
5,77,7480,1.0,61.0,60.0,1.0,1.0,0.0,0.032522067,0.032522067,-46.35074,-1.2815609,-0.0036872998,-0.020381734,-0.0049323887,-0.019589275,0.23223455,0.34372744,0.11149289,0.016111532,0.3775736,0.3614621,-0.0037716732,0.3705067,0.37427837,0.031223472,0.38968015,0.35845667
5,78,7654,1.0,1.0,0.0,2.0,2.0,0.0,0.049672794,0.049672794,-24.752228,-0.36694908,0.0013702735,-0.003458809,-0.0039000511,-0.0053681806,0.31948116,0.32493547,0.005454302,0.09538783,0.11413872,0.018750891,0.0831592,0.12172771,0.03856851,0.11421302,0.1627658,0.04855278
5,79,7659,1.0,7.0,6.0,2.0,2.0,0.0,0.03723511,0.03723511,-55.707306,-2.1637,0.0051309466,-0.015673406,-0.0014019199,-0.01508709,0.68237686,0.7083612,0.025984347,0.39540067,0.30979124,-0.085609436,0.37771854,0.28662014,-0.0910984,0.44672588,0.37062046,-0.076105416
5,80,7840,3.0,202.0,199.0,3.0,5.0,2.0,0.015770439,0.015770439,-80.63846,-3.4905148,0.0019205026,-0.026038773,-0.00049215555,-0.029349104,0.497893,0.51629,0.018397003,0.31404498,0.35637358,0.042328596,0.31562254,0.35456714,0.038944602,0.3789011,0.39895168,0.020050585
5,81,7859,26.0,142.0,116.0,1.0,1.0,0.0,0.033196896,0.033196896,-44.064697,-1.2398357,0.00044844672,-0.008999921,-0.0016848035,-0.012397602,0.049624655,0.03774673,-0.011877924,0.086893775,0.08402101,-0.002872765,0.09433416,0.09220654,-0.002127625,0.09324945,0.08916817,-0.004081279
5,82,7944,1.0,34.0,33.0,1.0,2.0,1.0,0.023225501,0.023225501,-27.383026,-0.13158607,-0.012639154,-0.02154781,-0.0098226,-0.022750959,-0.26554936,-0.13359255,0.13195682,0.058291517,0.21724772,0.1589562,0.05243737,0.22379462,0.17135726,0.019652665,0.18556042,0.16590776
5,83,7948,14.0,253.0,239.0,5.0,8.0,3.0,0.025762368,0.025762368,-32.019867,-0.35850525,0.0017670728,-0.02046647,0.0011038035,-0.023539562,0.0806016,0.02107934,-0.059522264,-0.030908003,-0.02814578,0.0027622227,-0.024589948,-0.032130044,-0.0075400956,-0.013462374,-0.027843457,-0.014381083
5,84,7954,234.0,878.0,644.0,172.0,151.0,-21.0,0.018194724,0.018194724,6.036255,1.1431713,0.008153321,-0.025882248,0.0050955135,-0.03169399,0.571596,0.50307786,-0.06851816,0.34701476,0.3489515,0.0019367337,0.34955123,0.3583725,0.008821279,0.39181492,0.390455,-0.0013599098
5,85,8006,1.0,4.0,3.0,1.0,3.0,2.0,0.04557912,0.04557912,-53.540985,-1.7911377,-0.0048367754,-0.0071772523,-0.003414426,-0.0044109523,-0.2556205,-0.5455893,-0.28996882,0.053385183,-0.04874635,-0.10213153,0.052072547,-0.022995405,-0.07506795,0.017083481,-0.08328019,-0.10036367
5,86,8109,14.0,129.0,115.0,71.0,14.0,-57.0,0.03814371,0.03814371,-47.264618,-1.3891544,0.014915081,-0.017630992,0.011889795,-0.019224452,0.35399988,0.4896289,0.13562903,0.07446432,0.026648374,-0.04781595,0.030562656,0.011095166,-0.01946749,0.06887721,0.058852855,-0.010024358
5,87,8204,58.0,199.0,141.0,6.0,19.0,13.0,0.028160889,0.028160889,-81.099976,-2.71953,-0.0026985854,-0.008436363,-0.002918724,-0.009909868,-0.07723264,0.001622437,0.078855075,0.020840839,-0.0028566394,-0.023697479,0.020315053,-0.01999967,-0.040314723,0.004625634,-0.018683948,-0.023309581
5,88,8225,68.0,201.0,133.0,53.0,19.0,-34.0,0.041546952,0.041546952,-40.640137,-1.2376308,0.0066647865,-0.009981345,0.005937882,-0.012663078,0.4385826,0.47942507,0.040842474,0.49355388,0.4605189,-0.03303498,0.4895821,0.45370477,-0.035877317,0.49944338,0.46819043,-0.03125295
5,89,8262,16.0,530.0,514.0,7.0,14.0,7.0,0.017378744,0.017378744,-40.417053,-0.9550762,-0.0011737123,-0.035100803,-0.0024053752,-0.034524255,0.02835411,-0.03105845,-0.05941256,-0.016055755,0.20321253,0.21926829,-0.027854463,0.19116034,0.2190148,-0.024311835,0.18128249,0.20559433
5,90,8274,1.0,1.0,0.0,1.0,1.0,0.0,0.046929598,0.046929598,-85.087585,-4.095833,-0.00035753474,0.004035119,-0.0015595704,0.0013232306,0.76373935,0.76070577,-0.0030335784,0.70184594,0.7150001,0.013154149,0.72787184,0.7275523,-0.0003195405,0.755893,0.7505823,-0.0053107142
5,91,8318,1.0,40.0,39.0,2.0,3.0,1.0,0.025427401,0.025427401,-18.611084,-0.032556534,0.00031633675,-0.02607271,-0.003203921,-0.02343198,0.5602682,0.5813422,0.021073997,0.16340038,0.3683144,0.204914,0.15353209,0.36620447,0.21267238,0.23895532,0.43186754,0.19291222
5,92,8387,4.0,320.0,316.0,2.0,2.0,0.0,0.020348314,0.020348314,7.4028015,1.2640591,-0.00046416372,-0.027374126,-0.0029260926,-0.031111997,0.08646009,0.03082063,-0.05563946,0.18747942,0.084658295,-0.10282113,0.21500495,0.10495635,-0.1100486,0.22258043,0.10013382,-0.12244661
5,93,8394,3.0,18.0,15.0,59.0,44.0,-15.0,0.045284964,0.045284964,-44.734863,-1.5983753,0.016341658,-0.009602858,0.007837197,-0.011089241,-0.041293062,0.04405235,0.08534542,-0.061340947,-0.034797817,0.02654313,-0.04479877,-0.044139173,0.0006595962,-0.04915265,-0.036354806,0.012797844
5,94,8415,1.0,311.0,310.0,1.0,2.0,1.0,0.0042474903,0.0042474903,-63.3432,-2.3338528,-0.003763672,-0.0405763,-0.005865708,-0.041451216,0.6208653,0.6810372,0.060171902,-0.15185261,0.21387291,0.36572552,-0.15559486,0.20469177,0.36028662,-0.027117677,0.31180078,0.33891845
5,95,8435,1.0,89.0,88.0,1.0,2.0,1.0,0.024581328,0.024581328,-40.796906,-1.1889648,-0.0038263462,-0.02316365,-0.004107062,-0.024663724,0.07645771,0.0626281,-0.013829611,-0.09848645,0.15604952,0.25453597,-0.100607835,0.16849884,0.2691067,-0.086336724,0.16705543,0.25339216
5,96,8465,6.0,146.0,140.0,5.0,21.0,16.0,0.025391448,0.025391448,-20.001648,0.16682053,-4.6528876e-06,-0.020268176,-0.0027650967,-0.020496339,-0.28830257,-0.33359453,-0.04529196,-0.26045978,-0.3872386,-0.12677881,-0.27097,-0.38026446,-0.109294474,-0.28024188,-0.3873573,-0.10711542
5,97,8509,10.0,24.0,14.0,1.0,1.0,0.0,0.041122638,0.041122638,-25.006195,-0.53785896,-0.004669817,-0.0007754043,-0.0050388426,-0.0052770227,0.5610242,0.54925984,-0.011764348,0.23750542,0.244322,0.006816581,0.23753484,0.2519606,0.014425769,0.28818336,0.30514666,0.016963303
5,98,8631,1.0,124.0,123.0,1.0,2.0,1.0,0.005146764,0.005146764,-94.52695,-4.0134335,-0.016688913,-0.043896288,-0.012134202,-0.047598343,0.58195245,0.52726865,-0.054683805,0.46462098,0.47951892,0.014897943,0.4733668,0.48095012,0.00758332,0.5080864,0.5066674,-0.0014190078
5,99,8646,6.0,132.0,126.0,1.0,2.0,1.0,0.029956728,0.029956728,3.36438,1.2792377,-0.006088797,-0.022927713,-0.006585283,-0.021595545,0.23717391,0.20842588,-0.028748035,0.07644115,-0.120428324,-0.19686946,0.07086121,-0.118626535,-0.18948776,0.10158539,-0.07239024,-0.17397563
5,100,8807,4.0,27.0,23.0,19.0,4.0,-15.0,0.045103915,0.045103915,-54.83661,-2.347557,0.009785805,-0.017976638,0.007173497,-0.014991384,-0.25426072,-0.23706238,0.01719834,-0.0807175,-0.1939533,-0.11323581,-0.11186188,-0.2152224,-0.103360526,-0.13637477,-0.23076099,-0.09438622
5,101,8843,91.0,146.0,55.0,2.0,3.0,1.0,0.043069832,0.043069832,7.729126,1.2059402,0.0014935918,-0.009190364,-0.00047540665,-0.010351298,-0.06364122,-0.15325041,-0.08960919,-0.06733922,-0.05038097,0.016958248,-0.063921355,-0.043729123,0.020192232,-0.06714473,-0.058572534,0.008572195
5,102,8925,1.0,1.0,0.0,1.0,1.0,0.0,0.05533041,0.05533041,-30.947937,-0.68953514,-0.0020347796,0.00035388023,-0.004271172,-0.0003919974,0.48146692,0.4121894,-0.069277525,0.22579549,0.21893398,-0.006861508,0.231932,0.22122231,-0.010709688,0.29360878,0.26256242,-0.03104636
5,103,8933,3.0,26.0,23.0,2.0,4.0,2.0,0.040614814,0.040614814,-40.877686,-1.0469112,-0.0022062622,-0.011946823,-0.0032139383,-0.011234332,0.27250734,0.43732366,0.16481632,-0.02197247,0.211657,0.23362947,-0.07172854,0.19289047,0.264619,-0.03320695,0.24333759,0.27654454
5,104,9027,34.0,541.0,507.0,26.0,3.0,-23.0,0.02436572,0.02436572,-62.144775,-2.5568867,0.013512906,-0.034398604,0.008779729,-0.030449305,-0.08288993,-0.04534601,0.03754392,-0.14709684,0.24827538,0.3953722,-0.1729293,0.24187617,0.41480547,-0.17799988,0.23899518,0.41699505
5,105,9048,4.0,586.0,582.0,1.0,1.0,0.0,0.005136024,0.005136024,-35.0795,-0.973835,-0.0050696116,-0.040198423,-0.007684145,-0.042412374,0.3794196,0.14930904,-0.23011056,0.059911374,0.017731056,-0.04218032,0.04648034,0.01175813,-0.03472221,0.10025846,0.028332854,-0.07192561
5,106,9147,1.0,92.0,91.0,1.0,4.0,3.0,0.02258065,0.02258065,-45.324432,-1.1346092,-0.008795604,-0.03326839,-0.009069134,-0.028680276,-0.31201872,-0.34052038,-0.02850166,-0.0046182456,-0.13901836,-0.13440011,0.0097531695,-0.11628666,-0.12603983,-0.033818163,-0.1688119,-0.13499373
5,107,9230,1.0,9.0,8.0,1.0,2.0,1.0,0.030525286,0.030525286,-67.95581,-2.5137577,-0.008041859,-0.015421968,-0.006406579,-0.015950147,0.7931618,0.78712654,-0.0060352683,0.6277582,0.43261647,-0.19514173,0.6340112,0.44135424,-0.19265696,0.71230596,0.5898024,-0.12250358
5,108,9434,1.0,86.0,85.0,2.0,2.0,0.0,0.028786764,0.028786764,-49.25186,-1.3197689,0.0071483664,-0.029436272,-0.0030733868,-0.029856775,0.285972,0.35069177,0.06471977,0.28181413,0.14949201,-0.13232212,0.32506216,0.15371834,-0.17134382,0.35227206,0.19229391,-0.15997815
5,109,9462,1.0,2.0,1.0,1.0,1.0,0.0,0.043271482,0.043271482,-9.599426,0.43730354,-0.0113956,-0.008141939,-0.012675203,-0.008585274,-0.16228347,-0.21804205,-0.05575858,-0.09788773,-0.018808298,0.079079434,-0.10214558,-0.017552353,0.08459323,-0.11467009,-0.040872198,0.0737979
5,110,9680,5.0,486.0,481.0,3.0,4.0,1.0,0.011633139,0.011633139,-41.803192,-1.1729603,0.0007754825,-0.032155994,-0.0036852844,-0.033644658,-0.08370996,0.018552346,0.10226231,-0.20443092,-0.11600662,0.0884243,-0.20790444,-0.112552695,0.09535175,-0.1971641,-0.10384815,0.09331595
5,111,9722,2.0,32.0,30.0,1.0,3.0,2.0,0.033789296,0.033789296,-60.796204,-1.8422241,-0.0056208745,-0.023459684,-0.0041370764,-0.025059696,0.07990726,0.06779917,-0.012108088,0.021119125,-0.05664535,-0.077764474,0.013454136,-0.053353105,-0.06680724,0.02962987,-0.03726805,-0.06689792
5,112,9804,6.0,595.0,589.0,1.0,1.0,0.0,0.009903189,0.009903189,-9.73587,0.66877174,-0.0022965558,-0.037601396,-0.005594056,-0.038151097,-0.04143979,-0.07472441,-0.033284623,-0.0756038,-0.10080409,-0.025200292,-0.07213674,-0.09377177,-0.021635033,-0.07254098,-0.09743379,-0.024892807
5,113,9847,10.0,241.0,231.0,2.0,1.0,-1.0,0.022932485,0.022932485,-50.655823,-1.5163288,0.0016195886,-0.021758977,-0.0018726923,-0.02078946,0.26274183,0.23156773,-0.031174108,-0.29292414,-0.104527414,0.18839672,-0.27849042,-0.1009965,0.17749393,-0.239165,-0.073949344,0.16521564
5,114,9865,10.0,314.0,304.0,2.0,2.0,0.0,0.013103746,0.013103746,-31.316315,-1.1214867,-0.00019967929,-0.026609067,-0.001953259,-0.022794727,0.4053992,0.4004662,-0.0049329996,0.15207551,0.16889127,0.016815752,0.13560171,0.14927256,0.013670847,0.19563562,0.1976164,0.0019807816
5,115,9917,2.0,134.0,132.0,5.0,2.0,-3.0,0.026674412,0.026674412,-52.49298,-2.1635914,0.0020843558,-0.020191435,0.0014483258,-0.023061553,0.6217143,0.6036837,-0.018030584,0.6583675,0.76466,0.106292486,0.66314274,0.7630822,0.099939466,0.69049376,0.7776285,0.08713472
5,116,9978,187.0,215.0,28.0,136.0,22.0,-114.0,0.049051534,0.049051534,-18.93454,-0.09507561,0.012920113,-0.011138223,0.011088759,-0.005965043,0.24830198,0.3418751,0.09357312,0.18464251,0.12307458,-0.061567925,0.16897103,0.11937728,-0.049593754,0.18676028,0.14694557,-0.03981471
5,117,10006,2.0,64.0,62.0,1.0,1.0,0.0,0.032589246,0.032589246,-49.551147,-1.6872177,-0.0013833828,-0.01372068,-0.0027317666,-0.018386498,0.57711935,0.5408487,-0.036270678,0.4824184,0.44182196,-0.040596426,0.47790274,0.44911873,-0.028784007,0.50583243,0.47764876,-0.028183669
5,118,10046,1.0,22.0,21.0,1.0,1.0,0.0,0.027972497,0.027972497,-68.24826,-2.1441498,-0.0021083765,-0.022497844,-0.0018746518,-0.026738048,0.2716032,0.08366968,-0.18793352,-0.0044922563,-0.19640891,-0.19191666,0.0042908727,-0.20374566,-0.20803654,0.037136924,-0.1903183,-0.22745523
5,119,10064,8.0,218.0,210.0,2.0,2.0,0.0,0.0131819695,0.0131819695,-40.81244,-2.049181,0.004091233,-0.016150966,-0.002019886,-0.022554316,0.3262697,0.28844264,-0.037827045,-0.13112846,-0.0051953383,0.12593313,-0.14285879,-0.026345225,0.116513565,-0.094776295,0.0171382,0.11191449
5,120,10105,40.0,357.0,317.0,15.0,9.0,-6.0,0.0303628,0.0303628,-40.474365,-0.9874172,0.009000182,-0.020963516,0.005506601,-0.019933075,0.5676349,0.60889816,0.041263282,0.6142809,0.6249629,0.010682046,0.6140154,0.64419657,0.03018117,0.64300066,0.6665172,0.023516536
5,121,10107,6.0,31.0,25.0,7.0,3.0,-4.0,0.047513615,0.047513615,-38.58316,-1.405468,0.0061963648,-0.0150984,0.0035717674,-0.012632493,0.028295377,-0.0864181,-0.114713475,0.09966082,0.12051893,0.020858109,0.09987833,0.12311437,0.023236036,0.099814035,0.11028254,0.010468505
5,122,10244,3.0,589.0,586.0,3.0,2.0,-1.0,0.011107374,0.011107374,-56.77997,-2.141861,0.0020747837,-0.036984738,0.0013779532,-0.044783294,0.15966938,0.12970978,-0.029959604,0.11298967,0.17788489,0.06489522,0.102800384,0.18370847,0.08090809,0.115646526,0.1886567,0.07301018
5,123,10393,7.0,342.0,335.0,7.0,8.0,1.0,0.017961968,0.017961968,-28.311768,-0.60209656,0.0047911145,-0.030619726,0.0016020983,-0.031666987,0.07596103,0.03736348,-0.03859755,-0.078133084,-0.16640073,-0.08826765,-0.07600154,-0.18088454,-0.104883,-0.055934064,-0.15541561,-0.099481545
5,124,10471,734.0,901.0,167.0,382.0,153.0,-229.0,0.03221323,0.03221323,-85.299866,-3.2967682,0.022766883,-0.028341163,0.019993903,-0.023404859,-0.033085324,-0.01166205,0.021423273,0.0373651,0.0680269,0.030661799,0.048564866,0.079825506,0.03126064,0.044396672,0.07944898,0.03505231
5,125,10507,1.0,64.0,63.0,3.0,4.0,1.0,0.02096327,0.02096327,-60.763123,-2.439022,0.0022925362,-0.019579321,-0.00029345974,-0.024694864,0.14357926,0.15041983,0.0068405718,0.16012911,0.18850324,0.02837412,0.1609775,0.18209335,0.021115854,0.1704002,0.19227275,0.02187255
5,126,10586,40.0,505.0,465.0,3.0,23.0,20.0,0.022265159,0.022265159,-37.95642,-0.9527893,-0.003350541,-0.026991475,-0.004507225,-0.02568911,0.44545817,0.39717838,-0.048279792,0.47233257,0.3883388,-0.08399376,0.46919882,0.42691362,-0.042285204,0.5017961,0.47527444,-0.026521683
5,127,10600,1.0,297.0,296.0,2.0,1.0,-1.0,0.011002827,0.011002827,-10.169006,0.14175034,0.0019618273,-0.048797548,0.0012718812,-0.04491588,0.44889268,0.2528431,-0.19604957,0.15233937,0.1215289,-0.030810468,0.17943816,0.16049618,-0.018941984,0.23710471,0.18861023,-0.048494488
5,128,10610,3.0,25.0,22.0,1.0,1.0,0.0,0.033883996,0.033883996,-63.52649,-2.1304245,0.001547385,-0.021981258,0.0009846427,-0.020628452,0.21076506,0.12716849,-0.08359657,-0.1409555,-0.11459908,0.026356414,-0.14034976,-0.1181502,0.022199564,-0.10910246,-0.099384695,0.0097177625
5,129,10907,1.0,288.0,287.0,1.0,1.0,0.0,0.011417951,0.011417951,-49.149445,-1.5693302,-0.0012054406,-0.042299792,-0.0020226128,-0.041485753,0.5395628,0.5665589,0.026996076,0.4344616,0.33575636,-0.09870523,0.44033006,0.34230188,-0.09802818,0.4767842,0.4023806,-0.074403614
5,130,11159,2.0,41.0,39.0,2.0,1.0,-1.0,0.024982054,0.024982054,-63.021484,-2.2614918,0.008507296,-0.02165474,0.0073339157,-0.023064557,-0.051658567,-0.044679366,0.006979201,0.24795224,-0.027134418,-0.27508664,0.28101483,-0.024017334,-0.30503216,0.2584367,-0.029078841,-0.28751555
5,131,11333,1.0,69.0,68.0,1.0,1.0,0.0,0.028786082,0.028786082,-50.27133,-1.7681599,0.0014488343,-0.027863652,0.0012743194,-0.025702396,-0.11614003,-0.09190175,0.024238281,-0.03168353,-0.14620072,-0.11451718,-0.031025693,-0.15185757,-0.12083188,-0.03703765,-0.14832021,-0.111282565
5,132,11487,1.0,10.0,9.0,2.0,6.0,4.0,0.03944537,0.03944537,-19.367249,0.19207191,-0.0019524843,-0.015278012,-0.004236497,-0.015747111,0.08914837,0.15573986,0.06659149,-0.088978134,-0.16191791,-0.072939776,-0.08009421,-0.16063704,-0.080542825,-0.06910798,-0.14371274,-0.074604765
5,133,11521,20.0,222.0,202.0,14.0,6.0,-8.0,0.029022891,0.029022891,-73.75415,-3.1785011,0.0061575063,-0.025763582,0.005028747,-0.025194373,-0.13509747,-0.19383642,-0.058738947,0.013016572,-0.024187058,-0.037203632,0.003158445,-0.040964983,-0.04412343,-0.018188758,-0.0699791,-0.05179034
5,134,11566,1.0,30.0,29.0,1.0,1.0,0.0,0.031305697,0.031305697,-62.8938,-2.074131,-0.0033473372,-0.020592984,-0.0043249577,-0.01786612,0.42046037,0.28469792,-0.13576245,0.72877604,0.73584706,0.007071018,0.7394598,0.7457262,0.006266415,0.7428352,0.7372454,-0.005589843
5,135,11617,1.0,201.0,200.0,1.0,1.0,0.0,0.008306701,0.008306701,-79.9552,-3.3361511,-0.0029136352,-0.046990674,-0.0043729395,-0.046076246,0.010448863,0.027877128,0.017428264,0.25330272,0.094179206,-0.15912351,0.26811922,0.10382618,-0.16429304,0.25559133,0.10360272,-0.15198861
5,136,11635,26.0,14.0,-12.0,41.0,23.0,-18.0,0.05196187,0.05196187,-75.46799,-3.2418232,0.011230776,0.008982489,0.008424817,0.008219397,0.41543096,0.42288148,0.007450521,0.42207715,0.3909399,-0.031137258,0.43178365,0.41711295,-0.0146707,0.4584887,0.43888092,-0.019607782
5,137,11689,2.0,19.0,17.0,4.0,3.0,-1.0,0.047324203,0.047324203,-15.127838,0.16657448,-0.0004208535,-0.01257544,0.00021475554,-0.013392039,0.28560278,0.0252157,-0.26038706,0.37990203,0.16335803,-0.216544,0.40539035,0.2096224,-0.19576795,0.40864447,0.19608416,-0.21256031
5,138,11725,12.0,124.0,112.0,1.0,1.0,0.0,0.03452046,0.03452046,-42.094177,-1.2112541,0.0013969243,-0.011468973,0.0008319691,-0.011919159,0.21416688,0.20751388,-0.006652996,0.15256807,0.14773443,-0.0048336387,0.13451906,0.124319285,-0.01019977,0.16249517,0.1602716,-0.0022235662
5,139,11796,8.0,112.0,104.0,7.0,6.0,-1.0,0.02967146,0.02967146,-59.8873,-1.1107788,-0.00026128814,-0.017035473,0.0007880032,-0.018366233,0.48501888,0.52253574,0.037516862,0.07412165,0.15488152,0.080759875,0.088188216,0.13190779,0.043719575,0.15210737,0.21955474,0.067447364
5,140,11827,32.0,469.0,437.0,24.0,33.0,9.0,0.023368565,0.023368565,-32.39032,-0.84368706,0.001014227,-0.017214516,0.0015051235,-0.017606279,0.38332844,0.39820504,0.014876604,0.030042628,0.11195787,0.081915244,0.035814393,0.10444707,0.06863268,0.081700645,0.15395783,0.07225718
5,141,11837,1.0,6.0,5.0,1.0,2.0,1.0,0.03937843,0.03937843,-49.83658,-1.4026699,-0.011898771,-0.01839193,-0.010226946,-0.017438319,0.37308335,0.37317684,9.3489885e-05,0.36507842,0.413321,0.04824257,0.3523975,0.40344468,0.051047176,0.37306324,0.42236814,0.049304903
5,142,11844,1.0,34.0,33.0,1.0,2.0,1.0,0.011530366,0.011530366,-63.216217,-2.2756062,-0.007176619,-0.02870645,-0.010330975,-0.029860765,0.29024872,0.3355772,0.045328468,-0.051621675,0.14884616,0.20046784,-0.07461795,0.1328571,0.20747505,-0.011095116,0.19204208,0.2031372
5,143,11932,9.0,94.0,85.0,14.0,2.0,-12.0,0.039469644,0.039469644,-74.20993,-2.7642345,0.0068718605,-0.008889556,0.005051069,-0.011391468,0.05908204,-0.097733326,-0.15681536,0.026932694,-0.071850054,-0.09878275,0.018035682,-0.07190677,-0.08994245,0.021528836,-0.077294394,-0.098823234
5,144,11942,5.0,223.0,218.0,4.0,2.0,-2.0,0.02787855,0.02787855,-44.684967,-1.500412,0.0025921874,-0.028321324,0.0028687436,-0.029685847,-0.056288596,-0.08207851,-0.025789913,-0.11061916,-0.12021753,-0.009598374,-0.10852909,-0.14487776,-0.03634867,-0.10929242,-0.14268409,-0.03339167
5,145,11952,163.0,481.0,318.0,40.0,43.0,3.0,0.02765462,0.02765462,-32.875153,-0.13005066,0.011500364,-0.027784562,0.0105872955,-0.024363158,-0.30179703,-0.20033926,0.101457775,-0.3611294,-0.14572147,0.21540794,-0.3783664,-0.15024409,0.22812232,-0.38457626,-0.16466476,0.2199115
5,146,12065,1.0,48.0,47.0,1.0,1.0,0.0,0.022686757,0.022686757,-37.935852,-1.2408428,-0.0056613684,-0.021174952,-0.004320912,-0.03131574,0.31601655,0.32411578,0.008099228,0.31823543,0.133645,-0.18459043,0.31266457,0.13241594,-0.18024863,0.33236983,0.16153805,-0.17083178
5,147,12075,30.0,206.0,176.0,18.0,5.0,-13.0,0.035095293,0.035095293,-20.751007,-0.19947243,0.010855727,-0.018183175,0.00786496,-0.015017763,0.31064343,0.26708108,-0.043562353,0.4016269,0.27378905,-0.12783787,0.4089959,0.28103864,-0.12795725,0.42749196,0.2952276,-0.13226438
5,148,12214,1.0,37.0,36.0,1.0,1.0,0.0,0.017658036,0.017658036,-70.70035,-3.1540146,-0.0025902987,-0.033143327,-0.002729386,-0.031768996,0.23857522,0.38762426,0.14904904,0.29021466,0.23066165,-0.059553012,0.27798763,0.24005927,-0.037928358,0.29583922,0.26701528,-0.028823942
5,149,12308,1.0,27.0,26.0,1.0,1.0,0.0,0.032136854,0.032136854,-56.55783,-1.8278503,0.0005168505,-0.02073507,-0.0036385506,-0.02121419,0.18383256,0.24934372,0.06551117,0.17148294,-0.033557564,-0.2050405,0.17240699,-0.05012758,-0.22253457,0.19170965,-0.016975017,-0.20868467
5,150,12487,19.0,100.0,81.0,14.0,7.0,-7.0,0.036860257,0.036860257,-100.60217,-4.578678,0.008476201,-0.0066560246,0.006090164,-0.0031914078,0.37125236,0.43288276,0.061630398,0.19599548,0.32075602,0.12476054,0.20243317,0.32706976,0.12463659,0.23645666,0.34215924,0.10570258
5,151,12495,3.0,17.0,14.0,1.0,1.0,0.0,0.038424768,0.038424768,-68.09787,-2.5231094,-0.0009808317,-0.006480377,-0.0001312904,-0.009362295,0.26644856,0.2923309,0.025882334,0.059519872,0.085366085,0.025846213,0.023940137,0.06230948,0.038369343,0.08194948,0.112785034,0.030835554
5,152,12634,1.0,88.0,87.0,1.0,2.0,1.0,0.019862432,0.019862432,-49.95816,-1.6960392,-0.0050418004,-0.027132869,-0.0067806765,-0.025615443,0.1746934,0.1937168,0.019023389,0.25942346,0.036824528,-0.22259894,0.2836651,0.0586767,-0.22498839,0.29307973,0.08672472,-0.206355
5,153,12685,48.0,121.0,73.0,57.0,69.0,12.0,0.039785482,0.039785482,-45.023193,-1.3377972,0.003783526,-0.0011272747,0.006864967,-0.007898232,-0.12219176,-0.2225803,-0.10038854,-0.27862713,-0.12425894,0.15436819,-0.29361445,-0.114698716,0.17891574,-0.29174477,-0.13562858,0.15611619
5,154,12796,3.0,24.0,21.0,1.0,1.0,0.0,0.032312952,0.032312952,-60.830505,-2.290266,-0.0029379316,-0.010714289,-0.0052003674,-0.010578096,0.085925184,0.039154496,-0.04677069,0.045493037,0.21138892,0.16589588,0.045870014,0.20696715,0.16109714,0.056198772,0.19613163,0.13993286
5,155,12798,20.0,121.0,101.0,4.0,3.0,-1.0,0.035956427,0.035956427,-8.087402,0.59845924,-0.0029440634,-0.01250124,-7.835403e-05,-0.014033146,0.024870329,0.20429665,0.17942631,0.231943,0.16816394,-0.063779056,0.22583699,0.13559377,-0.09024322,0.2258808,0.15608855,-0.069792256
5,156,12922,1.0,71.0,70.0,1.0,1.0,0.0,0.026533954,0.026533954,-58.32077,-2.3123531,-7.848814e-05,-0.022762094,-0.0050380975,-0.024859738,0.65915215,0.6620572,0.0029050708,0.5359237,0.60884184,0.07291812,0.56903774,0.62632066,0.057282925,0.6060261,0.6528029,0.04677677
5,157,12937,1.0,71.0,70.0,1.0,1.0,0.0,0.025127195,0.025127195,-18.490234,0.19478989,-0.0028734878,-0.033474006,-0.004261069,-0.031781822,0.460518,0.2982316,-0.1622864,0.43744677,0.20294115,-0.23450562,0.43036136,0.19823931,-0.23212205,0.45111713,0.22545178,-0.22566535
5,158,13138,1.0,118.0,117.0,1.0,1.0,0.0,0.00865227,0.00865227,-76.87576,-3.2901478,4.177913e-05,-0.04333068,-0.003714867,-0.03558,0.33084255,0.2602149,-0.07062766,-0.0018130188,-0.0046671643,-0.0028541456,0.013728863,0.016819436,0.0030905735,0.05993559,0.056372847,-0.003562741
5,159,13230,1.0,3.0,2.0,1.0,1.0,0.0,0.03155814,0.03155814,-71.66217,-3.1359615,-0.0051352233,-0.028377313,-0.0062597133,-0.023930084,0.3578227,0.30901852,-0.048804164,0.27992454,0.2379138,-0.04201074,0.28619978,0.25267348,-0.0335263,0.31087092,0.28258115,-0.028289765
5,160,13312,1.0,3.0,2.0,1.0,1.0,0.0,0.03367956,0.03367956,-20.99939,-0.038887024,-0.014780667,-0.01462296,-0.011259701,-0.016029216,0.3149078,0.3488582,0.03395042,0.26523665,0.22442657,-0.04081008,0.25269324,0.22417936,-0.028513879,0.2727313,0.25161633,-0.021114975
5,161,13314,1.0,28.0,27.0,1.0,1.0,0.0,0.012148142,0.012148142,-55.904846,-2.492319,-0.011473704,-0.037430286,-0.0099321045,-0.034077883,0.2642177,0.24151911,-0.022698596,-0.23451696,0.30858767,0.54310465,-0.24081081,0.3224927,0.5633035,-0.18797159,0.34391242,0.531884
5,162,13613,1.0,5.0,4.0,1.0,1.0,0.0,0.024378605,0.024378605,-53.766876,-1.8615093,-0.009351466,-0.035362918,-0.010442123,-0.031368524,0.3615244,0.35163617,-0.009888232,0.42485473,0.39310265,-0.03175208,0.4305637,0.4232158,-0.007347882,0.44801846,0.44624326,-0.0017752051
5,163,13653,1.0,2.0,1.0,9.0,9.0,0.0,0.05264899,0.05264899,-45.08197,-1.5237541,0.0021786503,-0.0072702356,0.0010824576,-0.002629634,0.31440994,0.2882116,-0.026198328,0.11856443,-0.016898403,-0.13546284,0.13901174,-0.0030265404,-0.14203829,0.178585,0.032401,-0.146184
5,164,13662,83.0,297.0,214.0,5.0,4.0,-1.0,0.0315568,0.0315568,-11.827454,0.6042328,0.0015381929,-0.01871037,0.0004147496,-0.017863704,-0.15277325,-0.1344942,0.018279046,-0.26950297,0.025968833,0.2954718,-0.27018487,0.03337384,0.3035587,-0.27497375,0.017052656,0.2920264
5,165,13720,4.0,41.0,37.0,8.0,6.0,-2.0,0.03758789,0.03758789,-34.402405,-0.92266273,0.0035230033,-0.016197786,0.003939055,-0.016153224,0.40158474,0.3839033,-0.01768145,0.21727762,-0.02417172,-0.24144934,0.2573721,-0.018863376,-0.2762355,0.28948858,0.01943026,-0.27005833
5,166,13846,1.0,21.0,20.0,1.0,1.0,0.0,0.027112652,0.027112652,-65.26846,-3.0742989,-0.00032519177,-0.024579514,-0.00078418106,-0.025685038,0.76059246,0.70980734,-0.050785124,0.66007376,0.6234624,-0.03661138,0.6679805,0.6424283,-0.025552213,0.7069132,0.6860658,-0.02084738
5,167,14110,1.0,1.0,0.0,3.0,1.0,-2.0,0.055710293,0.055710293,-8.331665,0.27892685,0.005382266,-0.009931009,0.0045475177,-0.010569043,0.24659239,0.11593799,-0.1306544,0.1800034,0.14559992,-0.034403488,0.1876464,0.14441279,-0.04323362,0.2065141,0.14791317,-0.058600932
5,168,14121,1.0,130.0,129.0,1.0,1.0,0.0,0.023031794,0.023031794,-45.483887,-1.1910172,0.002875831,-0.026664343,-0.0011039972,-0.026388407,0.25729313,0.29539114,0.038098007,0.16429095,0.08843506,-0.07585589,0.14807421,0.07534217,-0.07273204,0.20214789,0.14314874,-0.05899915
5,169,14165,27.0,170.0,143.0,27.0,26.0,-1.0,0.035044655,0.035044655,-37.52185,-1.135992,0.0059931185,-0.020077275,0.00408653,-0.019276498,-0.34612295,-0.2560246,0.09009835,-0.24910687,-0.19198133,0.05712554,-0.24468394,-0.17971176,0.06497218,-0.2864863,-0.21046364,0.076022655
5,170,14179,7.0,19.0,12.0,13.0,27.0,14.0,0.044952765,0.044952765,-39.426575,-1.4775276,0.0007446874,-0.013695916,-9.4940886e-05,-0.008616922,0.15374409,0.1553853,0.0016412139,-0.15261269,-0.14900011,0.003612578,-0.17443153,-0.17910843,-0.0046768934,-0.15705863,-0.16277184,-0.0057132095
5,171,14443,8.0,1.0,-7.0,5.0,5.0,0.0,0.065368846,0.065368846,-22.874786,-0.093400955,0.0034843907,0.018806286,0.00095945597,0.019127414,0.14239965,0.21705204,0.07465239,-0.23091054,-0.14053132,0.09037922,-0.24574548,-0.14936186,0.09638362,-0.20729646,-0.102832064,0.1044644
5,172,14528,2.0,2.0,0.0,27.0,3.0,-24.0,0.052796297,0.052796297,-121.33798,-5.11364,0.015785508,0.00096767396,0.013131965,-0.0027696528,0.058845986,0.14258544,0.08373946,-0.18076843,-0.14582045,0.034947976,-0.19384047,-0.15358606,0.040254414,-0.18232095,-0.13516265,0.0471583
5,173,14567,1.0,23.0,22.0,1.0,1.0,0.0,0.031243626,0.031243626,-44.260162,-1.195343,-0.00480802,-0.0121825,-0.004397504,-0.010856967,-0.062403567,0.052168526,0.11457209,0.11916587,0.23787518,0.11870931,0.14146477,0.25297388,0.111509115,0.13087885,0.2491439,0.11826505
5,174,14594,1.0,1.0,0.0,1.0,1.0,0.0,0.043978192,0.043978192,-90.113525,-3.3350163,-0.007687308,-0.0034992136,-0.009404153,-0.005098395,0.40571737,0.35153213,-0.05418524,0.11396192,-0.24023747,-0.3541994,0.14630853,-0.24375151,-0.39006004,0.2172944,-0.19182818,-0.4091226
5,175,14610,1.0,42.0,41.0,5.0,5.0,0.0,0.025568962,0.025568962,-83.130035,-3.4348469,0.005922027,-0.018977731,0.0032312125,-0.021160021,0.42240107,0.46743786,0.045036793,0.5316885,0.48058608,-0.05110243,0.5400723,0.5093224,-0.030749917,0.5585116,0.5513048,-0.0072067976
5,176,14644,1.0,5.0,4.0,1.0,1.0,0.0,0.037266668,0.037266668,-53.819214,-2.2478104,-0.0006194934,-0.0036179423,-0.0031655394,-0.007892545,0.061764218,0.32192466,0.26016045,-0.09887554,-0.13065249,-0.03177695,-0.100747235,-0.13959485,-0.038847618,-0.08475675,-0.07003299,0.014723755
5,177,14793,2.0,107.0,105.0,1.0,1.0,0.0,0.026021756,0.026021756,-52.54077,-2.0266724,-0.0070464723,-0.031154126,-0.0057535022,-0.02565898,0.2399669,0.17632733,-0.06363957,0.25956193,0.33597243,0.0764105,0.25056228,0.3330378,0.08247551,0.26500455,0.33699423,0.071989685
5,178,14808,1.0,1.0,0.0,1.0,1.0,0.0,0.04603494,0.04603494,-27.232178,-0.3952713,-0.005566191,0.0011443868,-0.005873341,-0.0049984828,0.1009799,0.07349165,-0.027488254,0.089783095,0.14015295,0.05036985,0.08969471,0.12642312,0.036728412,0.10340783,0.13125023,0.027842402
5,179,14820,118.0,229.0,111.0,26.0,49.0,23.0,0.040774234,0.040774234,-78.17291,-3.0740795,0.0056416728,-0.012636386,0.002966255,-0.007989496,0.65339184,0.6829742,0.029582381,0.4492697,0.38329315,-0.06597656,0.4590092,0.37151542,-0.08749378,0.5071454,0.43893355,-0.06821185
5,180,14898,99.0,96.0,-3.0,50.0,52.0,2.0,0.04707583,0.04707583,-19.587769,0.060476303,0.006494092,0.0007313136,0.006346168,0.003030574,-0.019697769,0.096035026,0.1157328,-0.021646261,0.14085142,0.16249768,0.014508529,0.16133682,0.1468283,0.012683534,0.17285012,0.16016658
5,181,14931,2.0,85.0,83.0,1.0,11.0,10.0,0.026434384,0.026434384,-47.605804,-1.1437855,-0.005264178,-0.0184334,-0.0057344325,-0.020266894,0.7876962,0.7559496,-0.031746566,0.5597651,0.5672123,0.007447183,0.5606298,0.5689796,0.008349836,0.62299764,0.62541205,0.0024144053
5,182,15003,1.0,69.0,68.0,2.0,2.0,0.0,0.015044011,0.015044011,-37.08075,-0.9980831,-0.00029067695,-0.03510302,-0.0054398812,-0.035567563,0.27949297,0.32448047,0.0449875,0.13557667,0.12714578,-0.008430883,0.14078298,0.13775694,-0.0030260384,0.16383898,0.1716449,0.0078059137
5,183,15025,1.0,69.0,68.0,2.0,1.0,-1.0,0.018735647,0.018735647,-98.18323,-3.2794247,0.004946463,-0.028196923,-0.0032282695,-0.028621044,0.562173,0.58677155,0.024598539,0.39415818,0.33129784,-0.06286034,0.41206163,0.34587452,-0.06618711,0.46777943,0.3966908,-0.07108864
5,184,15128,3.0,23.0,20.0,1.0,1.0,0.0,0.02406156,0.02406156,-48.01068,-1.4748001,-0.0061773434,-0.00866162,-0.0075177103,-0.014689989,0.3675593,0.3078721,-0.059687227,0.14172745,0.05484434,-0.08688311,0.14438644,0.07904198,-0.06534446,0.19735987,0.12733959,-0.07002029
5,185,15364,1.0,66.0,65.0,2.0,1.0,-1.0,0.020128284,0.020128284,-53.31256,-1.7068672,0.006997388,-0.036465846,-0.00060855225,-0.036165543,0.6512999,0.6225055,-0.028794408,-0.28384343,-0.3902893,-0.10644588,-0.28015473,-0.38861978,-0.108465046,-0.21383114,-0.292296,-0.07846485
5,186,15492,16.0,787.0,771.0,2.0,22.0,20.0,0.0080960505,0.0080960505,-30.096832,-0.009586334,0.0016715899,-0.04157253,-0.003074687,-0.040928867,0.24069333,0.21051684,-0.03017649,-0.17492087,-0.025895754,0.14902511,-0.19411868,-0.014495366,0.1796233,-0.16385935,0.02214379,0.18600315
5,187,15506,1.0,2.0,1.0,2.0,1.0,-1.0,0.043078564,0.043078564,-34.08365,-0.77560616,0.0032429658,-0.016689505,-0.0009864941,-0.010289274,0.13985392,0.13117401,-0.0086799115,0.0144056985,-0.19616218,-0.21056788,0.036557827,-0.16817361,-0.20473143,0.050237656,-0.14694636,-0.19718401
5,188,15793,1.0,66.0,65.0,7.0,2.0,-5.0,0.028149381,0.028149381,-82.60004,-3.5299149,0.006939046,-0.027091008,0.008015707,-0.024166591,0.45146468,0.52892065,0.07745597,0.45187885,0.35823748,-0.09364137,0.4687764,0.37169984,-0.097076565,0.48033828,0.4006631,-0.07967517
5,189,15819,1.0,48.0,47.0,1.0,1.0,0.0,0.023554273,0.023554273,-71.98004,-2.7396526,-0.00078503415,-0.027706355,-0.0036676303,-0.029087856,0.082792,0.09129997,0.008507974,-0.010006145,-0.066628225,-0.05662208,-0.03262268,-0.085839644,-0.053216964,-0.01944891,-0.06637251,-0.046923596
5,190,15939,1.0,18.0,17.0,1.0,1.0,0.0,0.030465689,0.030465689,-38.382477,-0.7227802,-0.008092016,-0.018655725,-0.0077010803,-0.020237599,-0.1947038,-0.27491012,-0.08020632,-0.1989509,-0.17966773,0.019283175,-0.23448248,-0.19799064,0.03649184,-0.24974197,-0.22101898,0.028722987
5,191,16063,1.0,83.0,82.0,1.0,2.0,1.0,0.007560242,0.007560242,-35.696533,-1.2503548,-0.010631952,-0.04255109,-0.0050367713,-0.039114144,-0.159783,-0.12909482,0.030688182,0.06438582,0.5079172,0.4435314,0.09093378,0.5415811,0.45064732,0.05987166,0.5179749,0.45810324
5,192,16252,15.0,109.0,94.0,14.0,13.0,-1.0,0.036667228,0.036667228,-53.348236,-2.3424644,0.001236055,-0.008579802,0.0019518323,-0.013668358,0.22995847,0.24554731,0.015588835,0.035273597,-0.024377808,-0.059651405,0.040219218,-0.035580132,-0.075799346,0.06523688,-0.0016830076,-0.066919886
5,193,16344,49.0,966.0,917.0,2.0,9.0,7.0,-0.0024957098,-0.0024957098,-32.107666,-0.62760925,-0.004909776,-0.051864117,-0.0065592118,-0.050605085,0.40579447,0.32380188,-0.0819926,0.37076953,0.19675516,-0.17401437,0.3973251,0.22086467,-0.17646043,0.40937725,0.24550414,-0.1638731
5,194,16421,12.0,42.0,30.0,3.0,9.0,6.0,0.03824145,0.03824145,-24.294128,-0.16422272,-0.001551222,-0.00455397,-0.0026230551,-0.0046663396,-0.15178233,0.019250618,0.17103295,-0.21576424,-0.12512314,0.090641096,-0.15761685,-0.11359843,0.044018425,-0.17124271,-0.110878386,0.06036433
5,195,16466,1.0,105.0,104.0,1.0,1.0,0.0,0.0139067955,0.0139067955,-37.631165,-1.266222,-0.005286012,-0.03220177,-0.006530121,-0.032811645,0.15765604,0.17601155,0.018355504,-0.08543577,-0.038005948,0.047429822,-0.086360686,-0.044937104,0.04142358,-0.07095414,-0.026943991,0.044010147
5,196,16616,1.0,143.0,142.0,1.0,2.0,1.0,0.018670697,0.018670697,-21.943542,0.14562607,-0.011591006,-0.037775066,-0.009384256,-0.038694974,0.5349744,0.47319606,-0.061778337,0.16338316,0.34434882,0.18096566,0.16374722,0.343243,0.17949578,0.22254637,0.37953517,0.1569888
5,197,16635,4.0,160.0,156.0,1.0,3.0,2.0,0.020479228,0.020479228,-22.470764,-0.25117493,-0.0037440844,-0.020108648,-0.0069236495,-0.02369221,-0.012571464,-0.031826843,-0.019255377,-0.11415373,-0.042257853,0.071895875,-0.12312176,-0.03832676,0.084795,-0.11573179,-0.04033588,0.07539591
5,198,16655,6.0,9.0,3.0,2.0,1.0,-1.0,0.047398236,0.047398236,-50.97229,-1.8643284,0.010111224,0.0018886924,0.0030308738,-0.002039846,-0.23909585,-0.33024573,-0.09114988,0.0815169,0.16247486,0.08095796,0.076859705,0.15273455,0.07587484,0.023653526,0.06536287,0.041709345
5,199,16702,2.0,319.0,317.0,2.0,5.0,3.0,0.012593057,0.012593057,-18.750793,-0.08597946,-7.92332e-05,-0.03712264,-0.007830232,-0.040110953,0.52282006,0.5465688,0.023748755,0.34098107,0.47990757,0.1389265,0.35608202,0.48598227,0.12990025,0.3940334,0.51498514,0.12095174
5,200,16723,1.0,3.0,2.0,1.0,1.0,0.0,0.037932497,0.037932497,-98.30136,-4.9874496,0.0049963817,-0.01395933,0.0043538027,-0.014382577,0.76676476,0.7325372,-0.03422755,0.6460707,0.7532151,0.107144356,0.66211236,0.7759387,0.113826334,0.70331883,0.79766285,0.09434402
5,201,16823,3.0,377.0,374.0,1.0,1.0,0.0,0.015768953,0.015768953,-67.45352,-2.4567928,0.0038048737,-0.03747526,0.0026732385,-0.03427939,0.047510896,0.08551783,0.038006935,-0.03741749,0.16314279,0.20056027,-0.037523538,0.15648556,0.1940091,-0.027257252,0.1525131,0.17977035
5,202,16841,1.0,225.0,224.0,1.0,1.0,0.0,0.013652913,0.013652913,-53.8685,-2.0168095,-7.688627e-05,-0.040210783,-0.0010920279,-0.039924394,0.49187604,0.47262087,-0.019255161,0.41215476,0.45996663,0.047811866,0.41754994,0.46224004,0.044690102,0.4455849,0.47871578,0.033130884
5,203,16865,1.0,11.0,10.0,1.0,1.0,0.0,0.031581666,0.031581666,-82.21158,-3.1757812,-0.0076784454,-0.012908932,-0.0054997243,-0.015769344,0.6449227,0.665727,0.020804346,0.5665529,0.37957925,-0.18697363,0.57238674,0.35865206,-0.21373469,0.60644996,0.42485952,-0.18159044
5,204,16868,5.0,54.0,49.0,1.0,1.0,0.0,0.026596636,0.026596636,-73.48944,-2.9740105,0.0008583516,-0.0041695386,-0.0018712431,-0.010462556,-0.042457275,-0.064454556,-0.02199728,-0.015316541,0.0007929108,0.016109452,0.025258254,0.033818394,0.00856014,0.016520116,0.022044932,0.005524816
5,205,16917,31.0,289.0,258.0,1.0,3.0,2.0,0.027107963,0.027107963,-39.523315,-1.4256916,-0.004727833,-0.023401929,-0.0059329607,-0.023716157,-0.24076594,-0.026957016,0.21380892,-0.24167368,-0.36317745,-0.12150377,-0.2584989,-0.38440457,-0.12590566,-0.26837602,-0.3653454,-0.096969366
5,206,17048,6.0,122.0,116.0,1.0,1.0,0.0,0.029954195,0.029954195,-18.607971,-0.12674332,-0.0056137275,-0.014811892,-0.00540575,-0.01657825,0.42621055,0.37789342,-0.048317134,0.42516878,0.4086577,-0.016511083,0.42177877,0.4008697,-0.020909071,0.43551606,0.40945986,-0.0260562
5,207,17230,53.0,238.0,185.0,179.0,69.0,-110.0,0.038404576,0.038404576,-33.36029,-0.62905884,0.011574412,-0.02110094,0.012085939,-0.018992847,0.45132712,0.32246852,-0.1288586,-0.051502004,0.01296881,0.06447081,-0.033434242,0.026587564,0.060021807,0.033695593,0.06104568,0.027350087
5,208,17238,1.0,10.0,9.0,3.0,2.0,-1.0,0.040924285,0.040924285,-42.836243,-1.1542397,0.0010921918,-0.007916052,-0.00074071065,-0.009993188,0.010916456,0.042457625,0.03154117,-0.026083805,0.13979822,0.16588202,-0.041036982,0.15806767,0.19910465,-0.03983133,0.1622258,0.20205712
5,209,17369,4.0,109.0,105.0,7.0,7.0,0.0,0.03236924,0.03236924,-54.2742,-2.0972881,0.0043285787,-0.017562866,0.00082794577,-0.018073805,0.36828324,0.34209087,-0.026192367,0.26676905,0.2942858,0.027516752,0.2911636,0.30884033,0.01767674,0.3358125,0.33923775,0.0034252405
5,210,17374,1.0,44.0,43.0,1.0,1.0,0.0,0.022737112,0.022737112,-60.04547,-2.0365887,-0.003173329,-0.023285225,-0.008314047,-0.025039446,-0.2179569,-0.08706686,0.13089004,-0.20775108,-0.46550947,-0.25775838,-0.19965063,-0.465783,-0.26613235,-0.21236838,-0.44963965,-0.23727126
5,211,17450,14.0,229.0,215.0,10.0,6.0,-4.0,0.024688624,0.024688624,-64.41113,-2.2702465,0.007871054,-0.014909655,0.0049504302,-0.019160647,0.6209602,0.6606286,0.03966844,0.5024946,0.488772,-0.013722569,0.526864,0.5211334,-0.0057305694,0.5597047,0.5627856,0.0030809045
5,212,17463,6.0,80.0,74.0,2.0,1.0,-1.0,0.02616068,0.02616068,-44.855774,-1.7519455,0.0031288452,-0.023089036,-0.00029941648,-0.020561159,0.7781662,0.7856903,0.0075241327,0.66433054,0.6291721,-0.035158455,0.7064039,0.67023593,-0.03616798,0.7498414,0.71828824,-0.03155315
5,213,17485,2.0,138.0,136.0,1.0,1.0,0.0,0.01763548,0.01763548,-56.78058,-2.1848793,-0.0015804023,-0.026225075,-0.0039056875,-0.03163587,0.45916837,0.4332971,-0.025871277,0.36327675,0.31716648,-0.046110272,0.37170005,0.3382956,-0.03340444,0.4068718,0.38332024,-0.023551553
5,214,17549,1.0,77.0,76.0,1.0,1.0,0.0,0.024263639,0.024263639,-7.0611267,0.6141205,-0.011658933,-0.029551558,-0.010431495,-0.026409823,0.28042755,0.25624865,-0.024178892,0.18793452,0.12138232,-0.0665522,0.1795174,0.10161878,-0.07789862,0.20209368,0.12995255,-0.072141126
5,215,17595,1.0,159.0,158.0,2.0,9.0,7.0,0.01917388,0.01917388,-69.54959,-2.7722683,-0.005343966,-0.031535197,-0.006406687,-0.03364307,0.37482697,0.35059363,-0.024233341,-0.04946698,0.11761893,0.16708592,-0.060937267,0.10997132,0.17090859,0.010475528,0.15316483,0.1426893
5,216,17776,1.0,142.0,141.0,1.0,1.0,0.0,0.004851021,0.004851021,-44.5654,-1.5041752,-0.004194889,-0.04061042,-0.008064918,-0.03956452,0.32983544,0.16492331,-0.16491213,0.1976912,0.331928,0.13423681,0.1921574,0.34686732,0.15470992,0.22685212,0.35445526,0.12760314
5,217,17794,2.0,12.0,10.0,1.0,2.0,1.0,0.035544794,0.035544794,-106.7673,-4.48464,-0.002058737,-0.01540748,-0.0015648082,-0.014125075,-0.59113955,-0.51494855,0.07619101,-0.05721923,0.042717997,0.09993723,-0.05269781,0.03097186,0.08366967,-0.13577552,-0.030666055,0.10510947
5,218,17934,5.0,585.0,580.0,1.0,1.0,0.0,0.011439774,0.011439774,-64.478485,-2.4013767,-0.002720099,-0.033849396,-0.004470097,-0.037123665,0.48632964,0.46846768,-0.017861962,0.13400182,0.092365436,-0.041636385,0.12362478,0.0774006,-0.046224177,0.18667643,0.1474185,-0.03925793
5,219,17942,21.0,347.0,326.0,10.0,20.0,10.0,0.022089299,0.022089299,-30.739777,-0.8374405,0.0026342273,-0.01932156,0.0023080632,-0.021694329,0.30066264,0.3087815,0.008118868,0.36243698,0.42712083,0.064683855,0.3691914,0.4285753,0.0593839,0.38650113,0.437526,0.051024854
5,220,18268,1.0,268.0,267.0,1.0,1.0,0.0,0.0049544647,0.0049544647,-73.866974,-2.906767,-0.010005824,-0.04680625,-0.009752028,-0.046762954,0.115951076,0.32578516,0.20983408,-0.06142424,-0.04732489,0.014099352,-0.0622599,-0.052279923,0.009979978,-0.054020945,-0.02724327,0.026777675
5,221,18434,1.0,78.0,77.0,1.0,2.0,1.0,0.018231701,0.018231701,-62.391266,-1.8524284,-0.0075217113,-0.02422776,-0.010770652,-0.024219565,0.54012215,0.53836995,-0.0017521977,0.61318576,0.2214717,-0.39171407,0.6246001,0.22876778,-0.39583233,0.6300106,0.30296355,-0.32704705
5,222,18483,9.0,85.0,76.0,30.0,20.0,-10.0,0.038095288,0.038095288,-30.348053,-0.8434677,0.012296133,-0.0072254464,0.007692337,-0.01035016,0.2878228,0.32661816,0.038795352,0.17357582,0.14252296,-0.031052858,0.16358426,0.13896257,-0.024621695,0.20122346,0.19292027,-0.008303195
5,223,18505,1.0,2.0,1.0,1.0,1.0,0.0,0.027207017,0.027207017,-65.137115,-2.9528103,-0.017465707,-0.018103182,-0.010989055,-0.017190628,0.506495,0.42302507,-0.08346993,0.15104306,0.1638519,0.012808844,0.13435733,0.15619661,0.021839276,0.21950446,0.21282391,-0.006680548
5,224,18535,1.0,30.0,29.0,1.0,1.0,0.0,0.022707444,0.022707444,-64.911835,-2.7724876,-0.0019037127,-0.019237965,-0.0036667623,-0.020606216,0.20386226,0.09117255,-0.11268971,-0.08921601,-0.19245678,-0.10324077,-0.120434515,-0.2237234,-0.10328888,-0.07298379,-0.18258953,-0.109605744
5,225,18543,1.0,2.0,1.0,1.0,2.0,1.0,0.041927047,0.041927047,-39.640198,-0.73550606,-0.0073127225,-0.013295695,-0.0038150623,-0.011603873,0.39150274,0.42823404,0.036731303,-0.006351442,0.0964151,0.10276654,-0.04224096,0.08808344,0.1303244,0.011530946,0.13045539,0.11892445
5,226,18690,2.0,150.0,148.0,1.0,1.0,0.0,0.022008575,0.022008575,-44.444183,-0.8689785,-0.0054513365,-0.025766548,-0.0051003266,-0.029518891,-0.53375286,-0.49268895,0.041063905,0.48889455,0.613737,0.124842435,0.5335585,0.61618257,0.08262408,0.42683354,0.5579184,0.13108489
5,227,18796,1.0,1.0,0.0,1.0,1.0,0.0,0.052539386,0.052539386,-44.919403,-1.365839,-0.0043851025,-0.005126048,-0.004883565,-0.005334884,0.22494517,0.25889608,0.03395091,0.14048073,0.17100309,0.030522361,0.12761214,0.15346986,0.025857717,0.15819913,0.18227339,0.024074256
5,228,19074,3.0,66.0,63.0,2.0,1.0,-1.0,0.03393755,0.03393755,-18.842957,0.09376526,0.0011993647,-0.0134902485,0.00017698109,-0.01554694,-0.0172405,0.039078604,0.056319103,-0.037779726,-0.1073803,-0.069600575,-0.054786325,-0.09982233,-0.045036003,-0.05459873,-0.088275515,-0.033676784
5,229,19181,14.0,96.0,82.0,109.0,3.0,-106.0,0.042208333,0.042208333,-47.78061,-2.575966,0.017343886,-0.0127334185,0.016569607,-0.012307569,0.21200034,0.19997714,-0.012023196,-0.05538667,-0.09698977,-0.041603103,-0.08456891,-0.121332556,-0.036763646,-0.042073227,-0.07898223,-0.036909
5,230,19199,1.0,11.0,10.0,1.0,1.0,0.0,0.033569768,0.033569768,-57.549774,-2.1680298,-0.00011983141,-0.019470587,-0.0044914708,-0.0154838,0.6452758,0.6597171,0.014441311,0.4949081,0.51593274,0.021024644,0.50878567,0.52577186,0.016986191,0.5557115,0.5659241,0.0102126
5,231,19200,1.0,7.0,6.0,1.0,11.0,10.0,0.036583506,0.036583506,-68.48172,-2.0513802,-0.0103901215,-0.008948643,-0.009613428,-0.009507995,0.720958,0.6460351,-0.07492292,0.57226783,0.4428188,-0.12944904,0.5805107,0.42812553,-0.15238515,0.6143261,0.48361725,-0.13070887
5,232,19292,1.0,312.0,311.0,1.0,1.0,0.0,0.010377612,0.010377612,-27.059937,-0.35139275,0.00020867214,-0.04323389,-0.0014183,-0.041864686,0.34712914,0.10752609,-0.23960304,0.32885605,0.43195227,0.10309622,0.343186,0.46957776,0.12639177,0.36248383,0.45320696,0.09072313
5,233,19436,2.0,26.0,24.0,1.0,1.0,0.0,0.030766122,0.030766122,-23.943726,-0.1877594,0.0007525943,-0.0106335245,-0.0051595233,-0.019976243,0.48786882,0.4908167,0.0029478967,0.16141428,0.30860725,0.14719297,0.15862598,0.30232057,0.1436946,0.20490837,0.34146383,0.13655546
5,234,19573,3.0,238.0,235.0,3.0,19.0,16.0,0.024591625,0.024591625,-28.63562,-0.17946243,-0.0070921965,-0.029052444,-0.005973853,-0.028030377,0.6950206,0.74329364,0.048273027,0.552955,0.6911711,0.13821614,0.55949724,0.6899236,0.13042635,0.60383534,0.71877503,0.11493969
5,235,19642,5.0,51.0,46.0,7.0,8.0,1.0,0.036265444,0.036265444,-34.376923,-0.99915314,0.0024198294,-0.016020887,0.00023781508,-0.015414409,0.36018145,0.31818107,-0.042000383,0.075411506,0.027606359,-0.047805145,0.10255384,0.03360347,-0.06895037,0.16308874,0.08160543,-0.08148331
5,236,19672,114.0,992.0,878.0,14.0,14.0,0.0,-0.0016434174,-0.0016434174,-30.882599,-0.23963356,-0.0023042578,-0.052674003,-0.00048237853,-0.0522713,0.26442304,0.27264896,0.008225918,-0.20462045,-0.22674228,-0.022121832,-0.2079848,-0.24240501,-0.034420207,-0.19263797,-0.22180566,-0.029167697
5,237,19690,3.0,56.0,53.0,2.0,6.0,4.0,0.028824285,0.028824285,-28.571747,-0.119291306,-0.001859583,-0.009066664,-0.0054320917,-0.014293931,0.09280898,0.2068822,0.11407322,0.32077843,0.27313516,-0.047643274,0.3290386,0.27477616,-0.05426243,0.3367455,0.28863057,-0.048114926
5,238,19933,38.0,277.0,239.0,18.0,7.0,-11.0,0.029931262,0.029931262,-66.922485,-2.4092522,0.005081348,-0.021334719,0.004228197,-0.022351287,0.18949799,0.13392514,-0.055572852,0.064841,0.0767356,0.011894599,0.06219938,0.0805513,0.018351916,0.07723272,0.09555278,0.018320061
5,239,20054,1.0,122.0,121.0,2.0,1.0,-1.0,0.01661108,0.01661108,-102.35635,-3.5729904,0.0021044016,-0.027300704,0.0017723627,-0.027357545,0.07883718,-0.03535479,-0.114191964,0.07959807,0.11714997,0.037551902,0.12172111,0.1516062,0.02988509,0.122285426,0.14234604,0.020060614
5,240,20064,2.0,96.0,94.0,1.0,2.0,1.0,0.019418262,0.019418262,-35.17105,-0.7470417,-0.008999631,-0.021770112,-0.009390425,-0.025337156,0.06345191,0.027138805,-0.0363131,-0.008925239,0.1421279,0.15105315,-0.01303828,0.1596588,0.17269708,-0.0028470163,0.15681095,0.15965797
5,241,20080,1.0,352.0,351.0,5.0,10.0,5.0,0.013365049,0.013365049,-32.592346,-0.7789211,-0.0053284504,-0.033974838,-0.004013829,-0.03368918,-0.029356215,0.05573934,0.085095555,0.44473156,0.28810096,-0.1566306,0.46426454,0.32520476,-0.13905978,0.44680917,0.31714946,-0.12965971
5,242,20206,1.0,227.0,226.0,1.0,3.0,2.0,0.0105544925,0.0105544925,-45.161316,-1.1364784,-0.011231452,-0.03615608,-0.011118941,-0.03324867,0.020848315,0.08929203,0.068443716,-0.04142866,-0.057630096,-0.016201437,-0.060026128,-0.08885306,-0.028826933,-0.04870376,-0.062029716,-0.013325956
5,243,20223,1.0,128.0,127.0,3.0,5.0,2.0,0.019460768,0.019460768,-78.81778,-3.0216465,-0.0035459064,-0.039118834,-0.00211557,-0.035320867,-0.20060155,-0.06200535,0.1385962,0.7250548,0.73140454,0.0063497424,0.7429106,0.76067835,0.017767727,0.7240413,0.7491241,0.025082827
5,244,20265,167.0,460.0,293.0,17.0,4.0,-13.0,0.033126835,0.033126835,-51.256714,-1.5672588,0.0073732585,-0.016343277,0.00789463,-0.016816597,0.5472865,0.479938,-0.06734851,-0.078207105,0.031417675,0.10962478,-0.047550365,0.081405975,0.12895635,0.010982618,0.14780481,0.1368222
5,245,20307,1.0,67.0,66.0,1.0,1.0,0.0,0.029382244,0.029382244,-16.884247,-0.063611984,-0.0027029365,-0.019693196,-0.005256865,-0.020801246,0.51431555,0.56668526,0.052369714,0.7250339,0.39572915,-0.32930472,0.7456249,0.42274663,-0.32287827,0.7484269,0.5121146,-0.23631233
5,246,20442,1.0,10.0,9.0,1.0,4.0,3.0,0.0257211,0.0257211,-21.168518,-0.4049816,-0.013018329,-0.017545871,-0.013406556,-0.018757422,-0.004924284,-0.11892312,-0.11399884,0.11432481,0.0862284,-0.028096408,0.117549874,0.09112947,-0.026420407,0.10595908,0.069391735,-0.036567345
5,247,20633,34.0,422.0,388.0,8.0,6.0,-2.0,0.024164695,0.024164695,-16.49826,-0.13068962,-0.0027668178,-0.020720571,-0.00034995377,-0.023040049,0.17158848,0.23074256,0.05915408,-0.04629543,-0.03632837,0.009967059,-0.048034303,-0.025401315,0.022632988,-0.032577213,-0.004204781,0.028372433
5,248,20650,20.0,311.0,291.0,1.0,2.0,1.0,0.030111687,0.030111687,-77.890625,-2.6313171,-0.0017810632,-0.023593875,-0.0001655668,-0.024378443,0.13110249,0.059315644,-0.07178684,-0.11200512,0.06261503,0.17462015,-0.11245461,0.07075524,0.18320985,-0.08811977,0.07516792,0.16328768
5,249,20702,1.0,17.0,16.0,2.0,1.0,-1.0,0.03589341,0.03589341,-51.35608,-2.1535702,0.0027281344,-0.018601283,-2.8494745e-05,-0.020183943,-0.033391915,0.017312365,0.050704278,-0.07826967,-0.22500691,-0.14673725,-0.08426516,-0.24424304,-0.15997788,-0.08089478,-0.22371615,-0.14282137
5,250,20738,1.0,1.0,0.0,1.0,1.0,0.0,0.037799656,0.037799656,-59.586792,-2.0993214,-0.0073312856,-0.008678105,-0.0089405775,-0.010380849,0.580578,0.5839861,0.0034080744,0.53404266,0.6031412,0.06909853,0.5798961,0.61092395,0.031027853,0.6008551,0.6266902,0.025835097
5,251,20777,61.0,682.0,621.0,3.0,6.0,3.0,0.015779285,0.015779285,-72.113495,-2.5017242,-0.0018864367,-0.031071214,-0.0013775826,-0.030485814,0.17874941,0.20764104,0.028891623,0.25630018,0.05007145,-0.20622873,0.25887844,0.038274933,-0.22060351,0.2634546,0.060386445,-0.20306814
5,252,20820,11.0,148.0,137.0,25.0,31.0,6.0,0.032001823,0.032001823,-27.858582,-0.52508926,0.00612187,-0.024667736,0.0030528381,-0.024042122,-0.01703373,-0.01649243,0.0005412996,-0.055525504,0.068589,0.124114506,-0.038195018,0.0977544,0.13594942,-0.038946737,0.09786337,0.13681011
5,253,21108,2.0,388.0,386.0,3.0,3.0,0.0,0.015961308,0.015961308,-83.52136,-3.1875381,0.0055152066,-0.04021398,0.0018000789,-0.039291214,0.52392733,0.51026124,-0.013666093,0.23938616,0.25300455,0.013618395,0.24666317,0.2412427,-0.0054204613,0.33836052,0.3090448,-0.02931571
5,254,21192,1.0,373.0,372.0,1.0,1.0,0.0,-0.015659519,-0.015659519,-90.54251,-4.2907867,-0.0076042823,-0.05478887,-0.012527237,-0.057188425,0.08394543,0.026070442,-0.05787499,-0.015246263,0.07283457,0.08808084,0.0051756757,0.094770424,0.08959475,0.019372389,0.08977091,0.070398524
5,255,21194,10.0,262.0,252.0,9.0,11.0,2.0,0.01934341,0.01934341,-55.79834,-2.2614079,0.00096623227,-0.020459104,0.0016842559,-0.018573958,0.34784335,0.30717456,-0.040668786,0.094004616,0.11549694,0.021492325,0.03382969,0.07495115,0.04112146,0.1358638,0.13854058,0.002676785
5,256,21197,1.0,11.0,10.0,1.0,4.0,3.0,0.03306423,0.03306423,-21.599426,-0.043067932,-0.005030349,-0.018157005,-0.007985793,-0.017257746,0.061638534,0.1940268,0.13238826,0.27665597,0.07143103,-0.20522493,0.2892123,0.0632859,-0.22592638,0.29088035,0.08784335,-0.203037
5,257,21218,9.0,35.0,26.0,4.0,2.0,-2.0,0.04386365,0.04386365,-57.983124,-2.0748425,0.004245408,-0.0073986836,0.0019863844,-0.00943986,0.01336195,0.06521376,0.051851813,-0.016679067,-0.043423448,-0.02674438,-0.030438865,-0.06274874,-0.032309875,-0.029499715,-0.056771014,-0.027271299
5,258,21253,1.0,132.0,131.0,1.0,1.0,0.0,0.0181438,0.0181438,-84.99829,-3.5392952,-0.0039021336,-0.028135106,-0.0025977604,-0.03485838,0.78163385,0.78798646,0.0063526034,0.7041651,0.7324027,0.028237581,0.71097934,0.73621386,0.02523452,0.7451915,0.75832087,0.0131293535
5,259,21279,14.0,250.0,236.0,1.0,4.0,3.0,0.028090604,0.028090604,-37.1091,-0.7164078,-0.001522556,-0.021519694,-0.0027176794,-0.022099718,0.33757815,0.2499463,-0.08763185,0.52087253,0.32567775,-0.19519478,0.5380141,0.34205666,-0.19595745,0.5473162,0.3556745,-0.19164169
5,260,21318,2.0,3.0,1.0,1.0,1.0,0.0,0.046199437,0.046199437,-68.65384,-2.051773,0.0019010715,-0.005483646,-0.002632223,-0.002416592,-0.3973274,-0.4028944,-0.005567014,-0.21834658,-0.14556296,0.07278362,-0.23938489,-0.16392139,0.0754635,-0.28124228,-0.21716876,0.06407352
5,261,21508,15.0,332.0,317.0,3.0,2.0,-1.0,0.01517421,0.01517421,-33.189392,-1.1049328,0.0025153048,-0.027488414,0.0010130666,-0.025340129,0.7934563,0.812622,0.019165695,0.31972638,0.27729657,-0.042429805,0.3052827,0.27178633,-0.03349638,0.40681595,0.37692052,-0.029895425
5,262,21526,1.0,241.0,240.0,1.0,1.0,0.0,0.014156681,0.014156681,-48.087067,-1.3617115,-0.0041977093,-0.03696717,-0.0069691055,-0.036613934,0.29349965,0.30399343,0.010493785,0.38184568,0.33200696,-0.04983872,0.38249457,0.32677492,-0.055719644,0.3826519,0.33966938,-0.04298252
5,263,21553,4.0,101.0,97.0,1.0,1.0,0.0,0.026406601,0.026406601,-40.006958,-1.2103786,-0.0019160584,-0.010334346,-0.0020508654,-0.016218789,0.7382915,0.63454634,-0.10374516,0.6918293,0.7032122,0.011382878,0.701272,0.7118802,0.010608196,0.72507334,0.71776086,-0.0073124766
5,264,21601,1.0,21.0,20.0,1.0,1.0,0.0,0.023832284,0.023832284,-100.75702,-4.8836956,0.00403489,-0.028365076,0.0030586775,-0.0341499,0.17215694,0.232969,0.060812056,0.13844238,0.08993053,-0.048511855,0.14011043,0.08942006,-0.050690375,0.16001122,0.12092339,-0.039087825
5,265,21703,5.0,115.0,110.0,6.0,2.0,-4.0,0.03450218,0.03450218,-43.336334,-1.2477589,0.0009823442,-0.016010296,0.0015303008,-0.01614242,0.24238093,0.28539148,0.043010548,0.1157426,-0.052336313,-0.16807891,0.12304606,-0.032300524,-0.15534659,0.15077919,-0.0013506862,-0.15212987
5,266,21950,1.0,1.0,0.0,1.0,1.0,0.0,0.04596214,0.04596214,-40.885193,-1.1814575,-0.007025037,-0.0065737367,-0.0102462135,-0.008568928,0.18285103,-0.03534451,-0.21819554,0.28152192,0.15091358,-0.13060834,0.29322234,0.1671728,-0.12604953,0.3082452,0.16337939,-0.14486583
5,267,21989,3.0,227.0,224.0,1.0,1.0,0.0,0.023839429,0.023839429,-35.664276,-0.95212555,-0.0014636442,-0.02926398,-0.0010915715,-0.03131368,0.18526565,0.26905775,0.083792105,0.056685712,0.07656195,0.019876238,0.0416478,0.059767846,0.018120047,0.059857342,0.08263804,0.022780698
5,268,22138,4.0,126.0,122.0,2.0,3.0,1.0,0.024165697,0.024165697,-70.68509,-2.255579,-0.0093120895,-0.018151965,-0.008507356,-0.02045694,0.18728684,0.08237033,-0.104916506,-0.4624815,-0.30860603,0.15387547,-0.4835641,-0.32451758,0.15904653,-0.46728593,-0.30482128,0.16246465
5,269,22143,6.0,7.0,1.0,2.0,1.0,-1.0,0.050063636,0.050063636,-10.381439,0.46190262,0.0030680113,0.004602894,0.0016704686,0.0011658333,0.66955984,0.57571816,-0.09384167,0.13572767,0.17401783,0.038290158,0.111559235,0.15871166,0.047152422,0.19810216,0.22461103,0.026508868
5,270,22155,12.0,66.0,54.0,2.0,15.0,13.0,0.032280188,0.032280188,-51.63629,-0.9332886,-0.009143308,-0.01142275,-0.008455131,-0.010723002,0.46205744,0.49851218,0.036454737,0.2749799,0.45688915,0.18190926,0.27804372,0.45387745,0.17583373,0.3074633,0.46538603,0.15792274
5,271,22263,5.0,52.0,47.0,1.0,1.0,0.0,0.036648028,0.036648028,-48.28076,-1.0137043,0.00096492097,-0.0011623502,-0.0017624125,-0.0090928,-0.10108871,-0.06137847,0.03971024,0.14347523,-0.009071145,-0.15254638,0.14291653,-0.0025652929,-0.14548182,0.12856127,-0.012592355,-0.14115363
5,272,22387,1.0,12.0,11.0,1.0,1.0,0.0,0.028691437,0.028691437,-49.906555,-1.9285126,-0.0005213432,-0.019817822,-0.002774842,-0.018513288,0.18164127,0.11111885,-0.07052241,0.03634927,0.07186558,0.03551631,0.043622795,0.08785503,0.044232238,0.06159897,0.09756017,0.035961196
5,273,22495,4.0,57.0,53.0,1.0,2.0,1.0,0.02363557,0.02363557,-36.898987,-1.34025,-0.006138321,-0.016708162,-0.0061908476,-0.01613295,0.35257757,0.32568792,-0.026889652,0.27858067,0.2758893,-0.0026913583,0.28371513,0.2879138,0.0041986704,0.31597674,0.31092247,-0.0050542653
5,274,22505,5.0,27.0,22.0,4.0,1.0,-3.0,0.04190253,0.04190253,-44.006195,-1.2392845,0.0032268874,-0.016054079,0.0019412637,-0.011636373,-0.22842638,-0.15230554,0.07612084,0.09089954,-0.07062437,-0.16152391,0.10101515,-0.05631077,-0.15732592,0.07037146,-0.067167416,-0.13753888
5,275,22515,4.0,89.0,85.0,2.0,1.0,-1.0,0.028828178,0.028828178,-13.82486,0.27667427,0.004535731,-0.019491281,0.0007065125,-0.01984847,0.46520317,0.43409598,-0.031107187,-0.06269477,-0.019370284,0.04332449,-0.052689064,-0.008132514,0.04455655,0.0036435316,0.04563729,0.04199376
5,276,22523,1.0,42.0,41.0,1.0,1.0,0.0,0.013690352,0.013690352,-53.12387,-2.3198261,-0.0043229684,-0.0354663,-0.0048791766,-0.03976233,-0.020685732,0.07831677,0.0990025,0.16716284,0.21908103,0.051918194,0.18170595,0.2309739,0.049267948,0.17428699,0.23211303,0.057826042
5,277,22530,44.0,39.0,-5.0,3.0,4.0,1.0,0.04539098,0.04539098,-38.81241,-0.77145576,0.004458122,-0.0036701001,-0.000923533,-0.0022381172,0.59728503,0.5650563,-0.03222871,0.5444649,0.27688348,-0.2675814,0.54849964,0.26384246,-0.28465718,0.57352465,0.34123355,-0.2322911
5,278,22585,2.0,39.0,37.0,1.0,1.0,0.0,0.03204189,0.03204189,-52.24933,-2.130497,0.0016154237,-0.015413273,-0.0017089285,-0.016721345,0.102462456,0.115277015,0.012814559,0.028035674,-0.04728454,-0.075320214,0.01527824,-0.067777716,-0.08305596,0.028564677,-0.050811227,-0.07937591
5,279,22587,2.0,35.0,33.0,1.0,1.0,0.0,0.031441398,0.031441398,-69.44705,-2.3877811,-0.00018642843,-0.016280085,-0.0051049627,-0.015163451,-0.1590218,-0.2002159,-0.04119411,0.002117302,0.122816004,0.120698705,0.021303056,0.11910983,0.097806774,-0.018183025,0.073157996,0.09134102
5,280,22772,4.0,37.0,33.0,1.0,1.0,0.0,0.03312779,0.03312779,-54.278473,-1.2206402,-0.0028901882,-0.014082752,-0.0063337237,-0.013254095,0.36388338,0.4547985,0.09091511,0.33910298,0.3765728,0.037469804,0.3428212,0.37243974,0.029618531,0.37349036,0.39984655,0.02635619
5,281,22782,18.0,383.0,365.0,2.0,1.0,-1.0,0.020179192,0.020179192,-77.44928,-3.0755253,0.0044759195,-0.028164009,0.0012379717,-0.026180858,-0.3482217,-0.31808305,0.030138642,-0.25139883,-0.20155218,0.04984665,-0.2602518,-0.199712,0.060539797,-0.27950227,-0.22073942,0.05876285
5,282,22794,7.0,6.0,-1.0,2.0,1.0,-1.0,0.05094551,0.05094551,-30.77243,-0.70627594,0.004303079,-0.002425775,0.0030842647,-0.0005804673,0.1872051,0.14226982,-0.044935286,0.14867216,0.09923382,-0.049438342,0.1662308,0.11416301,-0.052067786,0.17969994,0.12599856,-0.053701386
5,283,22809,2.0,464.0,462.0,1.0,1.0,0.0,0.008429475,0.008429475,-80.24893,-3.3240452,-0.0010285638,-0.025938887,-0.0021584108,-0.034729935,-0.013160505,-0.005633492,0.0075270133,0.03508161,0.026606929,-0.0084746815,0.02768597,0.040693596,0.013007626,0.025096236,0.039508265,0.014412029
5,284,22845,1.0,69.0,68.0,1.0,1.0,0.0,0.029328395,0.029328395,-46.82785,-1.6001453,-0.0016646534,-0.02617364,-0.0018513277,-0.022608466,0.6127962,0.66960174,0.05680555,0.46078178,0.48666346,0.025881678,0.47554973,0.5077994,0.03224966,0.52499753,0.5623439,0.037346363
5,285,22873,5.0,164.0,159.0,9.0,4.0,-5.0,0.032840874,0.032840874,-26.556396,-0.29598618,0.0038167574,-0.026816491,0.002624929,-0.026721217,0.3549322,0.3510898,-0.0038423836,0.167687,0.30705357,0.13936657,0.17083195,0.3346968,0.16386485,0.21309185,0.36909333,0.15600148
5,286,22879,4.0,149.0,145.0,1.0,3.0,2.0,0.020311378,0.020311378,-25.725952,-0.2567501,-0.002616629,-0.023372423,-0.008215506,-0.027242284,0.12840286,0.1796595,0.05125664,0.08002491,0.15626729,0.07624237,0.08956766,0.181351,0.091783345,0.09998335,0.19366114,0.09367779
5,287,22886,1.0,189.0,188.0,2.0,5.0,3.0,0.01606505,0.01606505,-65.35101,-2.3673077,-0.00041952357,-0.042501308,-0.0041563697,-0.03926066,0.16901688,0.18798353,0.018966645,0.09908514,0.09961764,0.00053250045,0.0505849,0.10277541,0.05219051,0.08053973,0.1319998,0.051460072
5,288,22957,2.0,34.0,32.0,1.0,1.0,0.0,0.027361382,0.027361382,-41.054688,-0.9750614,-0.0051513687,-0.013049375,-0.004757192,-0.01846164,-0.11878021,-0.07467492,0.04410529,-0.050601255,-0.07475659,-0.024155337,-0.047192495,-0.08313053,-0.035938036,-0.058252323,-0.09051457,-0.032262247
5,289,22967,1.0,181.0,180.0,1.0,1.0,0.0,0.006721046,0.006721046,-27.647491,-0.38022614,-0.019094791,-0.034243796,-0.018676823,-0.037097707,0.3275757,0.35008213,0.022506416,0.0018074282,0.12862201,0.12681459,0.013788617,0.16104305,0.14725444,0.060101554,0.19837017,0.13826862
5,290,22993,2.0,11.0,9.0,4.0,2.0,-2.0,0.042464208,0.042464208,-68.75098,-3.1147842,0.009088542,-0.007054195,0.005493298,-0.011109304,0.24823979,0.08224161,-0.16599818,0.38359618,0.48130453,0.097708344,0.38810942,0.50376225,0.11565283,0.39402422,0.49548304,0.10145882
5,291,23036,1.0,265.0,264.0,1.0,1.0,0.0,0.01263658,0.01263658,-49.462677,-1.6260643,-0.0067282915,-0.035972,-0.007397916,-0.03843018,0.44987807,0.44014096,-0.009737104,0.55736625,0.48097387,-0.07639238,0.5509551,0.49600607,-0.054949045,0.5744975,0.50954974,-0.064947784
5,292,23241,28.0,336.0,308.0,8.0,11.0,3.0,0.024248973,0.024248973,-27.449585,-0.36434937,0.0009885542,-0.0238503,0.0016559474,-0.024184164,-0.09402016,-0.04361551,0.05040465,-0.0666597,-0.056394283,0.010265414,-0.07349703,-0.058115598,0.015381429,-0.08240633,-0.06222303,0.020183299
5,293,23492,212.0,711.0,499.0,6.0,8.0,2.0,0.020777576,0.020777576,-23.515045,-0.02083397,-0.0008339174,-0.032691512,-0.001608355,-0.030783128,0.4405913,0.37003082,-0.070560485,-0.2062109,-0.026539966,0.17967093,-0.22685815,-0.026063446,0.20079471,-0.18201002,0.011416516,0.19342653
5,294,23715,16.0,24.0,8.0,1.0,1.0,0.0,0.044336013,0.044336013,-41.74652,-0.8993473,-0.00025693327,0.0012894496,-0.0009754859,-0.0037550554,0.089045994,0.29139897,0.20235297,0.1453729,-0.10779969,-0.25317258,0.1002462,-0.15267457,-0.25292078,0.11009469,-0.09344461,-0.2035393
5,295,23729,1.0,441.0,440.0,1.0,1.0,0.0,0.008405015,0.008405015,-104.82071,-4.671755,-0.004103139,-0.05052074,-0.0053412,-0.043720935,-0.009845252,0.105520956,0.115366206,0.3540523,0.046703465,-0.30734885,0.35941324,0.039247226,-0.32016602,0.3503855,0.047034167,-0.3033513
5,296,23871,68.0,265.0,197.0,9.0,3.0,-6.0,0.036011893,0.036011893,-57.10327,-1.8196945,0.007194467,-0.019525547,0.0039598234,-0.01621461,0.23362535,0.15196425,-0.081661105,0.09647505,-0.16098206,-0.2574571,0.07920857,-0.21340555,-0.2926141,0.1093062,-0.18025596,-0.28956217
5,297,23876,2.0,2.0,0.0,1.0,1.0,0.0,0.047665637,0.047665637,-20.539703,-0.6831589,0.0017147027,0.003227789,0.0010697171,-0.0021686517,0.076423794,-0.00084267784,-0.07726647,-0.20094644,-0.21706755,-0.01612112,-0.19650263,-0.22680445,-0.030301824,-0.16716398,-0.20992959,-0.042765602
5,298,23883,71.0,671.0,600.0,78.0,32.0,-46.0,0.02353587,0.02353587,-16.756195,-0.266037,0.0036249766,-0.034475803,0.0059446255,-0.036220364,0.30443138,0.23151799,-0.07291339,0.12175808,0.16954242,0.047784336,0.09892458,0.15785822,0.058933645,0.13509648,0.18069136,0.045594886
5,299,23993,2.0,2.0,0.0,1.0,1.0,0.0,0.054272406,0.054272406,-55.461914,-2.4428215,-0.0033206977,-0.0010985583,-0.0027791373,-0.00043592975,0.008222919,0.13689949,0.12867656,0.15576874,0.14395922,-0.011809513,0.17299783,0.15982348,-0.013174355,0.16300006,0.16477552,0.0017754585
5,300,24202,1.0,4.0,3.0,2.0,1.0,-1.0,0.037369434,0.037369434,-28.205017,-0.95033646,0.0021132566,-0.012648322,-0.0024574995,-0.014104456,0.18575817,0.37500188,0.1892437,0.2906074,0.2835662,-0.007041186,0.29451233,0.2853473,-0.009165019,0.29886153,0.31321678,0.014355242
5,301,24214,12.0,121.0,109.0,25.0,39.0,14.0,0.034132365,0.034132365,-25.15155,-0.5383873,0.0035501234,-0.01738026,0.003953714,-0.016577393,0.463192,0.46922907,0.0060370862,0.25702873,0.5209667,0.26393798,0.3006632,0.5423697,0.24170652,0.38182595,0.56775063,0.18592468
5,302,24264,1.0,6.0,5.0,1.0,1.0,0.0,0.026707448,0.026707448,-91.970856,-3.846075,-0.0034545138,-0.014488462,-0.005904544,-0.018579818,0.29461372,0.31791356,0.023299843,0.25499323,0.111306906,-0.14368632,0.25077978,0.107133225,-0.14364655,0.26837602,0.14907898,-0.11929704
5,303,24317,7.0,497.0,490.0,2.0,3.0,1.0,0.014219198,0.014219198,8.610382,1.6875,0.0021996088,-0.035102613,-0.0018308163,-0.038257584,0.342856,0.38478038,0.041924387,0.22662301,0.3115497,0.08492668,0.23108001,0.33840764,0.107327625,0.2656436,0.3758181,0.11017451
5,304,24480,39.0,18.0,-21.0,4.0,29.0,25.0,0.04996729,0.04996729,-38.857727,-0.55402946,-0.00036006793,0.006786395,-0.002563838,0.004712146,0.05539053,-0.02569674,-0.08108727,0.018107438,-0.041762162,-0.059869602,0.018807322,-0.039475333,-0.058282655,0.023232961,-0.04016768,-0.06340064
5,305,24517,5.0,85.0,80.0,7.0,1.0,-6.0,0.036876958,0.036876958,-52.930084,-1.884203,0.006583236,-0.021331698,0.0034160577,-0.02195042,-0.009952826,0.027205588,0.037158415,0.06362772,0.15410885,0.09048113,0.04322398,0.1457541,0.10253012,0.042103983,0.14694484,0.10484085
5,306,24530,3.0,8.0,5.0,5.0,13.0,8.0,0.040290702,0.040290702,-27.707764,-0.08200264,0.0010046549,-0.0014201477,-0.0010591336,-0.0019191094,-0.3237236,-0.3239936,-0.00026997924,0.20109822,0.22685468,0.025756463,0.18417436,0.2504548,0.066280454,0.12392761,0.19725588,0.07332827
5,307,24560,1.0,398.0,397.0,1.0,1.0,0.0,0.011509519,0.011509519,-60.312958,-2.1374512,0.00044742227,-0.04060231,-0.0013733767,-0.040417876,0.43853733,0.41962925,-0.018908083,0.4745817,0.40981546,-0.06476623,0.49278313,0.42192844,-0.07085469,0.5024663,0.4430668,-0.059399515
5,308,24638,2.0,67.0,65.0,2.0,2.0,0.0,0.030461986,0.030461986,-47.252106,-1.2744446,-7.782131e-06,-0.01747264,-0.0008593984,-0.018420804,0.055226095,0.20960106,0.15437496,0.0605623,-0.23265961,-0.29322192,0.11178405,-0.20409507,-0.3158791,0.11771741,-0.1816929,-0.2994103
5,309,24640,22.0,452.0,430.0,22.0,20.0,-2.0,0.022780545,0.022780545,-26.206665,-0.38112068,0.002480492,-0.03218045,0.0032471456,-0.036313184,-0.024722327,0.10647197,0.1311943,-0.019267796,-0.06338026,-0.04411246,-0.009605916,-0.04938029,-0.039774373,-0.012593964,-0.036181167,-0.023587203
5,310,24649,9.0,174.0,165.0,4.0,2.0,-2.0,0.020266347,0.020266347,-53.677002,-2.7014866,0.004237376,-0.018530503,0.0013639331,-0.01986111,0.5646813,0.58741087,0.022729576,0.3119763,0.3720175,0.06004119,0.31249166,0.37238228,0.059890628,0.37927976,0.43081722,0.051537454
5,311,24739,6.0,109.0,103.0,2.0,4.0,2.0,0.028591849,0.028591849,-33.743164,-0.70316315,-0.00096833706,-0.023818508,-0.002656687,-0.019686975,0.13424931,0.19176774,0.057518423,0.027286915,-0.01609591,-0.043382823,0.05993776,-0.024947878,-0.08488564,0.08372859,0.006606678,-0.07712191
5,312,24740,1.0,1.0,0.0,1.0,1.0,0.0,0.04308855,0.04308855,-42.32617,-1.1273708,-0.0037872232,5.2846968e-05,-0.0080557875,-0.00048047677,0.30013305,0.2072788,-0.09285425,0.08976866,0.20512801,0.11535935,0.10003952,0.26722127,0.16718176,0.15031482,0.28901887,0.13870405
5,313,24787,1.0,17.0,16.0,2.0,1.0,-1.0,0.038760364,0.038760364,-77.33557,-3.3552227,0.0041206926,-0.016042653,0.0005973987,-0.015560888,0.11176152,0.07336041,-0.038401105,0.09796127,0.18138589,0.08342462,0.11930616,0.21260613,0.09329997,0.123150915,0.20266771,0.0795168
5,314,24846,4.0,324.0,320.0,5.0,3.0,-2.0,0.01128133,0.01128133,-68.14011,-2.243744,0.0013337657,-0.031169962,0.0014723726,-0.03423712,0.5968444,0.5146523,-0.08219206,-0.14853035,-0.1599892,-0.011458844,-0.16269724,-0.17705573,-0.014358491,-0.109577686,-0.13274391,-0.023166224
5,315,25059,87.0,324.0,237.0,42.0,12.0,-30.0,0.035045445,0.035045445,-70.8161,-2.7990608,0.011726672,-0.0112699885,0.009010525,-0.011513257,0.65029913,0.5890529,-0.061246216,0.5569854,0.529205,-0.027780354,0.5720252,0.52829254,-0.043732643,0.6010025,0.55463547,-0.04636705
5,316,25091,3.0,2.0,-1.0,16.0,30.0,14.0,0.045205563,0.045205563,-54.950745,-1.7575779,0.0051447116,0.002867218,0.0055570602,0.0011779703,-0.33093134,-0.3050636,0.02586773,-0.3920944,-0.07085459,0.32123983,-0.42987213,-0.06991644,0.35995567,-0.46118906,-0.112076186,0.34911287
5,317,25111,9.0,22.0,13.0,10.0,8.0,-2.0,0.044236075,0.044236075,-57.976044,-1.9048901,0.0072970837,-0.0023211502,0.004551068,-0.0050194673,0.5884475,0.5839214,-0.0045261383,0.09779793,0.08525963,-0.012538299,0.09261187,0.10626847,0.013656601,0.179415,0.18621159,0.0067965835
5,318,25205,1.0,58.0,57.0,1.0,1.0,0.0,0.02686287,0.02686287,-54.28012,-1.369688,-0.00091220066,-0.021444827,-0.00070184097,-0.020466473,-0.23367156,-0.14356533,0.090106234,0.23402503,0.40549096,0.17146593,0.23641822,0.3697196,0.13330138,0.20075397,0.3446768,0.14392282
5,319,25250,1.0,81.0,80.0,1.0,1.0,0.0,0.0043604,0.0043604,-37.633575,-1.0966434,-0.01597771,-0.032078017,-0.01800977,-0.03569353,0.22139356,0.30120528,0.07981172,0.0053342683,0.049160395,0.043826126,0.02559786,0.060036972,0.034439113,0.045125186,0.0932335,0.048108317
5,320,25268,1.0,22.0,21.0,2.0,1.0,-1.0,0.03669233,0.03669233,-32.664215,-1.1651001,0.002290044,-0.021919835,-0.002915252,-0.021116428,0.08577116,0.15287632,0.06710516,0.07629099,0.13270979,0.0564188,0.12980554,0.15638363,0.026578099,0.13654637,0.16757719,0.031030819
5,321,25284,2.0,20.0,18.0,1.0,1.0,0.0,0.033022452,0.033022452,-53.414093,-1.9290237,-0.005086951,-0.012971561,-0.006967474,-0.0146110095,0.22618023,0.043150235,-0.18303,0.43650517,0.29481706,-0.14168811,0.45460874,0.29353744,-0.1610713,0.46392715,0.29295078,-0.17097637
5,322,25287,1.0,8.0,7.0,5.0,1.0,-4.0,0.038265493,0.038265493,-61.828003,-2.5953178,0.0063904375,-0.012144718,0.0036979057,-0.014420953,0.035692897,-0.011963472,-0.04765637,0.07440773,0.07155,-0.0028577298,0.091675736,0.06557821,-0.026097529,0.090750284,0.06046765,-0.030282635
5,323,25318,2.0,33.0,31.0,1.0,2.0,1.0,0.03291782,0.03291782,-44.817535,-1.5796223,-0.0005044788,-0.016412929,-0.00059447065,-0.021199375,0.011050578,0.06558875,0.05453817,0.2004247,0.257944,0.057519287,0.20009477,0.24985214,0.04975736,0.20224781,0.2545732,0.052325383
5,324,25319,1.0,5.0,4.0,1.0,1.0,0.0,0.042166293,0.042166293,-60.011993,-1.972866,-0.006024141,-0.010695007,-0.008714005,-0.010831796,0.057415206,0.34794214,0.29052693,0.0019581832,-0.08425847,-0.08621665,0.0029189743,-0.072379455,-0.07529843,0.0072834687,-0.006281768,-0.013565237
5,325,25371,2.0,112.0,110.0,1.0,1.0,0.0,0.023710959,0.023710959,-46.83426,-1.4680862,-0.0066625215,-0.026187848,-0.005467981,-0.031426333,0.345965,0.25049973,-0.09546527,0.24554662,0.27153906,0.025992438,0.24010803,0.27011004,0.030002013,0.26436046,0.28733042,0.022969961
5,326,25454,1.0,18.0,17.0,1.0,1.0,0.0,0.031313423,0.031313423,-72.17212,-2.989664,0.0006721616,-0.021241352,-0.0020469986,-0.021255046,0.093859,0.14361095,0.049751952,0.07400937,0.041962218,-0.03204715,0.08959829,0.05230438,-0.03729391,0.102271706,0.070202366,-0.03206934
5,327,25570,1.0,14.0,13.0,1.0,2.0,1.0,0.028400324,0.028400324,-26.821106,-0.2974701,-0.004538741,-0.012554016,-0.004613772,-0.014958512,0.12235669,0.16020794,0.03785125,0.023027677,-0.018451931,-0.04147961,0.010505493,-0.02972259,-0.040228084,0.028709127,-0.0044820807,-0.033191208
5,328,25578,2.0,47.0,45.0,2.0,3.0,1.0,0.0316066,0.0316066,-32.491516,-0.56619644,-0.003968682,-0.011398613,-0.0046166033,-0.014191471,-0.24209693,-0.32917854,-0.08708161,0.051575772,0.12525949,0.07368372,0.065314084,0.17422141,0.10890733,0.02884146,0.11125802,0.082416564
5,329,25581,12.0,312.0,300.0,25.0,16.0,-9.0,0.02600271,0.02600271,-35.873444,-1.1081371,0.005076589,-0.028992197,0.0048363414,-0.027733395,-0.22541331,-0.4578021,-0.23238878,-0.058066744,0.23944438,0.29751113,-0.074492685,0.23759332,0.31208602,-0.10467111,0.17233692,0.27700803
5,330,25588,6.0,244.0,238.0,5.0,10.0,5.0,0.024353258,0.024353258,-15.090973,0.17197609,0.00035411865,-0.022378925,-0.00033570454,-0.026342243,0.7166692,0.7484248,0.031755626,0.68040246,0.63892496,-0.0414775,0.7131975,0.66689837,-0.04629916,0.7433116,0.7043187,-0.03899288
5,331,25602,311.0,207.0,-104.0,487.0,446.0,-41.0,0.055405915,0.055405915,-44.652832,-1.3296013,0.015944138,-0.0018741041,0.01747489,-0.0034628287,0.40964425,0.39907774,-0.010566503,0.33166692,0.29646438,-0.035202533,0.33230305,0.30110657,-0.031196475,0.35419196,0.32481542,-0.029376537
5,332,25693,3.0,5.0,2.0,10.0,12.0,2.0,0.049769524,0.049769524,-57.271057,-1.7303295,0.0017652437,0.0033044182,0.0012401193,-0.00088437647,-0.55454415,-0.47745153,0.07709262,-0.23139502,0.113498405,0.34489343,-0.2250649,0.12419355,0.34925845,-0.27271116,0.07367371,0.34638488
5,333,25702,352.0,856.0,504.0,156.0,125.0,-31.0,0.023836628,0.023836628,-42.86493,-1.5471077,0.016325403,-0.033587243,0.012265164,-0.028856829,0.5064497,0.4742535,-0.032196194,0.16551045,-0.06211462,-0.22762507,0.16462342,-0.05539114,-0.22001457,0.22430311,0.006227889,-0.21807522
5,334,25711,1.0,2.0,1.0,1.0,3.0,2.0,0.052202918,0.052202918,-26.987122,0.018894196,-0.0095249675,-0.0077901743,-0.007785853,-0.0039648823,0.39308482,0.32563913,-0.067445695,-0.15226026,-0.08349531,0.06876495,-0.19274914,-0.10943119,0.08331795,-0.12069292,-0.064522654,0.05617027
5,335,25741,7.0,171.0,164.0,3.0,6.0,3.0,0.025905669,0.025905669,-49.848846,-1.380991,0.0030052997,-0.013438683,-0.0023039095,-0.016385466,0.3551534,0.32175714,-0.033396274,0.19810843,0.13926913,-0.058839306,0.19857289,0.13862707,-0.05994582,0.22802429,0.1679434,-0.060080886
5,336,25746,3.0,129.0,126.0,1.0,3.0,2.0,0.021754127,0.021754127,-30.780914,-0.66350746,-0.008290384,-0.027486905,-0.007875577,-0.026169036,0.62667143,0.58518785,-0.04148358,0.567884,-0.12168387,-0.6895679,0.57721245,-0.12487173,-0.7020842,0.596225,-0.05662549,-0.6528505
5,337,25881,1.0,43.0,42.0,1.0,3.0,2.0,0.026064247,0.026064247,-58.618866,-2.1993656,-0.0032834075,-0.020278625,-0.008556798,-0.021953002,-0.34094083,-0.12250283,0.218438,0.32736787,0.29147956,-0.035888314,0.32891232,0.2917273,-0.037185013,0.24666156,0.26101008,0.014348522
5,338,25906,1.0,284.0,283.0,1.0,1.0,0.0,0.016712207,0.016712207,-18.34848,-0.12627792,-0.0016310252,-0.03866763,-0.0022042505,-0.036422674,0.41329366,0.40465912,-0.008634537,0.3148139,0.20603798,-0.10877593,0.33535945,0.22944139,-0.105918065,0.38123342,0.27328047,-0.10795295
5,339,25959,2.0,133.0,131.0,3.0,2.0,-1.0,0.022069804,0.022069804,-51.662537,-2.2549496,0.0018750727,-0.035289783,0.0035639517,-0.040311553,-0.07618622,0.049583565,0.12576978,0.13938615,0.12830533,-0.011080816,0.12562291,0.12210676,-0.0035161525,0.11265289,0.12044532,0.007792428
5,340,26119,15.0,88.0,73.0,8.0,1.0,-7.0,0.04018171,0.04018171,-51.81668,-2.3113232,0.009078121,-0.009943424,0.007448999,-0.010510029,0.3199303,0.29541677,-0.024513513,0.2195515,0.12115057,-0.098400936,0.23514491,0.11647034,-0.11867458,0.26279628,0.15188824,-0.11090805
5,341,26127,1.0,419.0,418.0,2.0,3.0,1.0,0.006136477,0.006136477,-29.3432,-0.26694298,0.0043562427,-0.04415418,-0.0030374527,-0.04550687,0.14413087,0.11886808,-0.025262788,-0.12700574,0.007130692,0.13413644,-0.1336127,0.008781349,0.14239405,-0.11273732,0.021027226,0.13376455
5,342,26163,2.0,91.0,89.0,1.0,1.0,0.0,0.031446937,0.031446937,-37.035797,-0.7397995,0.0022902936,-0.017461572,-0.00015843287,-0.021485668,0.1251094,-0.10474623,-0.22985563,-0.036596164,0.32809493,0.36469108,-0.03463378,0.33915383,0.3737876,-0.021580983,0.32867065,0.35025164
5,343,26243,4.0,80.0,76.0,1.0,1.0,0.0,0.027887896,0.027887896,-72.19449,-2.6077824,0.0027718917,-0.021835525,0.00433293,-0.020890798,0.31177485,0.2837885,-0.027986348,0.48859352,0.480095,-0.00849852,0.4863434,0.48463938,-0.0017040372,0.48932308,0.48318928,-0.006133795
5,344,26292,36.0,550.0,514.0,11.0,20.0,9.0,0.019412335,0.019412335,-18.901611,-0.21520805,0.0048027523,-0.03278591,0.0019308478,-0.032357644,0.33841693,0.33448946,-0.0039274693,0.14862545,0.19706888,0.048443437,0.15957056,0.199923,0.040352434,0.20452216,0.23948978,0.034967616
5,345,26307,2.0,8.0,6.0,1.0,1.0,0.0,0.036597554,0.036597554,-56.45761,-2.4183846,-3.1627715e-06,-0.0076833367,-0.0004322566,-0.008088946,-0.31051546,-0.22062573,0.089889735,-0.2606378,-0.1717598,0.08887799,-0.2390331,-0.092514195,0.14651892,-0.2657931,-0.12524977,0.14054334
5,346,26351,2.0,14.0,12.0,1.0,1.0,0.0,0.041971404,0.041971404,-34.25403,-0.40925026,-0.0041376315,-0.010068808,-0.003422035,-0.012290299,0.065929845,0.037377357,-0.028552487,-0.0034042858,0.04097442,0.044378705,-0.0065255975,0.056168806,0.0626944,0.005021178,0.06018952,0.05516834
5,347,26372,11.0,650.0,639.0,10.0,49.0,39.0,0.006706685,0.006706685,-37.977814,-0.77220726,-0.00028378144,-0.041434832,-0.00095938146,-0.04147172,0.38719398,0.2530754,-0.13411859,0.14390838,0.22465703,0.08074865,0.1416678,0.2193247,0.077656895,0.19264095,0.24480693,0.052165985
5,348,26435,1.0,388.0,387.0,1.0,1.0,0.0,0.010034077,0.010034077,-78.15262,-3.0711155,-0.004467286,-0.039009422,-0.0055975765,-0.038708597,0.31396493,0.3195106,0.0055456758,0.33967847,0.37418422,0.034505755,0.33014154,0.3606844,0.03054285,0.34011003,0.364252,0.024141967
5,349,26458,1.0,1.0,0.0,1.0,1.0,0.0,0.043138087,0.043138087,-40.266846,-1.3400307,-0.004241042,-0.005717702,-0.003792826,-0.008196395,0.19884227,0.2230214,0.02417913,0.12050242,0.23360054,0.11309812,0.13539024,0.25047326,0.115083024,0.15833327,0.27485612,0.11652285
5,350,26598,1.0,200.0,199.0,1.0,1.0,0.0,0.008278947,0.008278947,-62.40454,-2.4482822,-0.0046437904,-0.056327537,-0.0041024983,-0.048573963,0.65050066,0.6127988,-0.037701845,0.5316942,0.5406557,0.008961499,0.5724346,0.573234,0.0007994175,0.60702056,0.5990009,-0.008019686
5,351,26720,1.0,29.0,28.0,1.0,1.0,0.0,0.036973223,0.036973223,-22.230072,0.02553749,-0.00018950552,-0.018443462,-0.0042040907,-0.015334807,0.6286772,0.5628227,-0.06585449,0.26048255,0.21493262,-0.04554993,0.26919857,0.21897398,-0.050224587,0.32561684,0.2684064,-0.057210445
5,352,26780,8.0,23.0,15.0,3.0,1.0,-2.0,0.04514298,0.04514298,-10.672272,0.5664997,0.0033944324,-0.009604979,0.0004342012,-0.0063954704,0.19496913,0.21468918,0.019720048,0.0703935,0.168224,0.097830504,0.09248687,0.1917089,0.09922202,0.10770466,0.2097289,0.102024235
5,353,26895,1.0,3.0,2.0,1.0,1.0,0.0,0.03461838,0.03461838,-42.45334,-0.6262493,-0.009440046,-0.007429477,-0.009863604,-0.011081252,0.33387437,0.43417197,0.1002976,0.21013463,-0.026186418,-0.23632105,0.21051404,-0.036507647,-0.24702169,0.22571734,0.070572354,-0.15514499
5,354,26909,24.0,192.0,168.0,130.0,22.0,-108.0,0.038105693,0.038105693,-42.967102,-1.6119289,0.012070399,-0.015343692,0.012333475,-0.016129404,0.4227797,0.32512292,-0.09765679,0.084664345,0.09739067,0.012726322,0.084232695,0.08233134,-0.0019013584,0.115637705,0.113541715,-0.0020959899
5,355,26971,20.0,222.0,202.0,1.0,2.0,1.0,0.025981653,0.025981653,-64.295746,-2.540701,-0.0014356468,-0.021248616,-0.0037734192,-0.02047284,0.3096178,0.35586897,0.046251178,0.07369021,-0.05498231,-0.12867253,0.08895634,-0.04872271,-0.13767906,0.123702824,0.0090849,-0.11461792
5,356,26990,1.0,25.0,24.0,3.0,1.0,-2.0,0.031040795,0.031040795,-51.48291,-1.7718582,0.008366138,-0.015543703,0.00463856,-0.024469893,0.08807064,0.062214497,-0.025856141,-0.22305608,-0.08984228,0.13321379,-0.23401563,-0.09686622,0.13714941,-0.22336301,-0.08342665,0.13993636
5,357,27242,4.0,199.0,195.0,3.0,1.0,-2.0,0.018638153,0.018638153,-49.93225,-1.5098457,0.0032238923,-0.030319113,0.002864778,-0.025487147,0.09821242,0.320413,0.22220057,-0.09514238,-0.12525728,-0.030114904,-0.080185235,-0.111676306,-0.03149107,-0.068766214,-0.07290233,-0.0041361153
5,358,27275,1.0,11.0,10.0,1.0,1.0,0.0,0.03342929,0.03342929,-75.193115,-3.3704033,-0.0023212843,-0.017024867,-0.0016223453,-0.016238287,0.029177064,0.05155616,0.022379095,0.02196432,0.08079475,0.058830433,0.039937954,0.076753855,0.0368159,0.042871185,0.08197216,0.039100975
5,359,27287,5.0,373.0,368.0,1.0,4.0,3.0,0.018671576,0.018671576,-31.431458,-1.0767212,-0.00405436,-0.038919117,-0.002650734,-0.03776208,0.3862042,0.45304382,0.066839606,0.2644655,0.22590666,-0.038558856,0.25734997,0.22587006,-0.03147991,0.3040556,0.28126448,-0.022791117
5,360,27326,1.0,21.0,20.0,1.0,1.0,0.0,0.037286524,0.037286524,-49.23819,-1.6016903,-0.0002757609,-0.023625568,-0.0028279908,-0.019644383,-0.09173237,0.10620304,0.1979354,-0.104238145,0.020059764,0.12429791,-0.11967948,0.0077389213,0.1274184,-0.13011034,0.019989654,0.1501
5,361,27435,1.0,24.0,23.0,1.0,1.0,0.0,0.01230032,0.01230032,-75.11694,-3.2103348,-0.00690205,-0.03382007,-0.0049317516,-0.03286182,0.29283205,0.36033353,0.067501485,0.68004024,0.67408645,-0.0059537888,0.68658745,0.69077224,0.0041847825,0.67565155,0.6875415,0.011889935
5,362,27568,10.0,106.0,96.0,3.0,4.0,1.0,0.03563775,0.03563775,-56.88965,-1.9142647,-0.0014943276,-0.024880202,-0.0019058827,-0.021316005,0.12545653,0.10276823,-0.0226883,0.16295174,0.16915725,0.006205514,0.17181173,0.14023936,-0.03157237,0.17415525,0.14469941,-0.02945584
5,363,27580,43.0,113.0,70.0,64.0,18.0,-46.0,0.037511304,0.037511304,-36.887024,-1.0254803,0.011863792,-0.008972442,0.01121025,-0.007866142,0.3268739,0.25641936,-0.07045454,0.12675302,0.36625463,0.23950161,0.16200575,0.40866607,0.24666032,0.20136423,0.42103636,0.21967213
5,364,27830,2.0,69.0,67.0,1.0,1.0,0.0,0.025595516,0.025595516,-39.123016,-0.8011284,-0.0076030158,-0.0286006,-0.0066516027,-0.026905313,0.20933841,0.40059224,0.19125383,0.17333774,0.21156873,0.038230985,0.16744566,0.20615132,0.038705662,0.1884207,0.25264576,0.06422506
5,365,27878,1.0,14.0,13.0,1.0,1.0,0.0,0.03538575,0.03538575,-30.245972,-0.54945755,0.00053261966,-0.020786218,-0.0025205612,-0.01707308,0.25869754,0.1897478,-0.068949744,0.46945858,0.5086331,0.039174497,0.46523887,0.49926883,0.03402996,0.4834455,0.5153931,0.031947583
5,366,27972,11.0,265.0,254.0,7.0,7.0,0.0,0.02560857,0.02560857,-39.215393,-1.3794193,0.00023948029,-0.026040886,0.0020068958,-0.025728274,0.27427778,0.39672405,0.12244627,0.13297132,0.22482786,0.09185654,0.13695624,0.22678831,0.08983207,0.16834933,0.28605458,0.117705256
5,367,28024,1.0,90.0,89.0,2.0,1.0,-1.0,0.019343097,0.019343097,-72.82623,-2.963047,0.0035534315,-0.023031235,0.00017031655,-0.023816366,0.3016775,0.29578227,-0.005895227,0.25052568,0.4328301,0.18230441,0.28123456,0.47097582,0.18974125,0.3020874,0.4783625,0.1762751
5,368,28068,2.0,13.0,11.0,1.0,1.0,0.0,0.0316242,0.0316242,-40.875305,-1.2842579,0.00062885135,-0.002887886,-0.0040266737,-0.008609906,0.58680755,0.53009367,-0.05671388,0.17497833,-0.056006737,-0.23098508,0.18361062,-0.061441205,-0.24505183,0.26765782,0.022435617,-0.2452222
5,369,28096,15.0,206.0,191.0,1.0,2.0,1.0,0.023710966,0.023710966,-32.962006,-1.1109104,-0.0055813733,-0.013982844,-0.0044667386,-0.016466178,0.29386878,0.2906647,-0.0032040775,0.17505533,0.27404803,0.098992705,0.17304185,0.27318063,0.10013878,0.20262,0.29175153,0.089131534
5,370,28159,2.0,38.0,36.0,6.0,3.0,-3.0,0.02611496,0.02611496,-38.56534,-1.6488018,0.00030386448,-0.020271722,0.0015133135,-0.025394838,0.54947096,0.50344443,-0.046026528,0.3393787,0.312985,-0.026393712,0.33437747,0.3250765,-0.009300977,0.38253632,0.37166953,-0.010866791
5,371,28189,19.0,26.0,7.0,11.0,53.0,42.0,0.046558656,0.046558656,-44.77594,-0.82533646,0.0024331957,0.0018618032,0.0016327389,-0.0030786805,0.22532417,0.30528665,0.07996248,0.34950197,0.27909553,-0.07040644,0.3493134,0.27572408,-0.073589325,0.36294731,0.28984788,-0.073099434
5,372,28286,63.0,46.0,-17.0,296.0,107.0,-189.0,0.05994795,0.05994795,-41.862732,-1.8986416,0.02097904,0.0046608523,0.019136142,-0.0011586323,0.2616061,0.28066695,0.01906085,-0.014626632,0.042745117,0.05737175,-0.01537998,0.041067738,0.05644772,0.02419914,0.07984579,0.055646654
5,373,28303,1.0,201.0,200.0,1.0,1.0,0.0,0.01729678,0.01729678,-37.343353,-0.86743355,-0.0039166175,-0.037435118,-0.0079218205,-0.03883999,0.43205374,0.44110477,0.009051025,0.3672226,0.39974895,0.032526344,0.36748743,0.40883017,0.041342735,0.37990254,0.41875932,0.038856775
5,374,28319,3.0,728.0,725.0,1.0,1.0,0.0,0.0018348545,0.0018348545,-57.87497,-1.7333603,-0.004512891,-0.024353057,-0.0040999446,-0.04237129,0.34612116,0.3832122,0.037091047,0.24864435,0.29970905,0.0510647,0.24787591,0.31102046,0.06314455,0.2602419,0.32874122,0.06849933
5,375,28325,1.0,6.0,5.0,1.0,2.0,1.0,0.033876635,0.033876635,-51.014496,-1.5108242,-0.0024113096,-0.027067475,-0.0034703836,-0.020630449,0.3507437,0.45776656,0.10702285,0.070645526,0.16607934,0.09543382,0.057674523,0.16482064,0.107146114,0.107811585,0.22009037,0.11227879
5,376,28341,269.0,575.0,306.0,144.0,180.0,36.0,0.027983716,0.027983716,-49.24582,-1.0446682,0.010950552,-0.02107145,0.008004097,-0.021394389,0.20058809,0.2686654,0.06807731,0.15208673,0.18714896,0.035062224,0.14645682,0.18530768,0.03885086,0.16300125,0.22081865,0.0578174
5,377,28349,9.0,199.0,190.0,8.0,44.0,36.0,0.029132001,0.029132001,-17.781921,0.5216522,-0.007974029,-0.020270333,-0.0037769005,-0.020919356,0.4673404,0.20149101,-0.2658494,0.16255063,0.09072066,-0.07182997,0.17046739,0.109521225,-0.060946167,0.20847532,0.123102404,-0.08537292
5,378,28418,1.0,16.0,15.0,1.0,3.0,2.0,0.026844658,0.026844658,-54.928497,-1.5567112,-0.010306958,-0.021780215,-0.008565724,-0.018737964,0.092618965,0.08129657,-0.011322394,-0.007021868,0.06339145,0.070413314,0.016130792,0.039268687,0.023137895,0.024123669,0.04634821,0.022224542
5,379,28487,3.0,251.0,248.0,3.0,3.0,0.0,0.021426339,0.021426339,-28.725464,-0.8709965,0.003326729,-0.029121011,0.002685722,-0.032594413,0.72435725,0.7015897,-0.022767544,0.3121528,0.2762442,-0.03590861,0.33366448,0.29065585,-0.043008626,0.40662965,0.35868025,-0.047949404
5,380,28524,6.0,21.0,15.0,1.0,2.0,1.0,0.04422709,0.04422709,-11.522919,0.5710316,-0.0031412616,-0.005261421,-0.0031631477,-0.006273955,0.48147616,0.41039643,-0.07107973,0.33074263,0.18462177,-0.14612086,0.33838552,0.19799468,-0.14039084,0.36871925,0.23220767,-0.13651158
5,381,28595,10.0,336.0,326.0,4.0,1.0,-3.0,0.021119377,0.021119377,-103.803894,-4.397909,0.0066713523,-0.019845502,0.0036715884,-0.02191292,0.16506922,0.12864333,-0.03642589,0.13680042,0.20081455,0.06401412,0.15411887,0.20613939,0.05202052,0.16319868,0.19861901,0.03542033
5,382,28689,18.0,351.0,333.0,1.0,7.0,6.0,0.022779007,0.022779007,-58.404724,-1.7370872,-0.005349003,-0.017436486,-0.006116325,-0.023978058,0.08880748,0.16717099,0.07836351,0.08500864,0.21427254,0.12926391,0.070681326,0.21995285,0.14927152,0.07724733,0.22696139,0.14971405
5,383,28745,3.0,61.0,58.0,2.0,5.0,3.0,0.03131589,0.03131589,-26.785522,-0.5622883,-0.002419252,-0.017322537,-0.0028027631,-0.01627341,0.42492872,0.32584175,-0.09908697,-0.009740655,0.07872638,0.08846704,-0.0073891087,0.09736969,0.1047588,0.03774903,0.1315944,0.093845375
5,384,28751,1.0,1.0,0.0,1.0,8.0,7.0,0.039690096,0.039690096,-42.156433,-0.95116425,-0.0063310415,-0.0051578283,-0.006166525,-0.007974494,0.093389496,0.11009566,0.016706161,0.0841849,-0.09275469,-0.17693959,0.11071301,-0.05620146,-0.16691448,0.11913869,-0.042535413,-0.1616741
5,385,28755,1.0,213.0,212.0,2.0,1.0,-1.0,0.01062306,0.01062306,-39.313995,-1.3930988,0.0067958087,-0.036450684,-0.0020966753,-0.037092324,-0.4402293,-0.3798707,0.060358584,0.0060592033,-0.21741375,-0.22347295,0.069697104,-0.20407842,-0.27377552,-0.034128975,-0.26226544,-0.22813646
5,386,28788,1.0,287.0,286.0,1.0,1.0,0.0,0.0069006793,0.0069006793,-61.402405,-2.4757557,-0.0015306845,-0.044122566,-0.0047450773,-0.04422693,0.4253719,0.38587523,-0.03949666,0.16693813,0.14785516,-0.019082963,0.17298906,0.14950545,-0.023483604,0.23971081,0.20291975,-0.036791056
5,387,28898,2.0,114.0,112.0,1.0,1.0,0.0,0.019286461,0.019286461,-76.31119,-3.1473808,-0.00074907765,-0.026314143,-0.0034127533,-0.030577894,0.036146026,0.120926805,0.08478078,0.01456002,0.33330852,0.3187485,0.04525759,0.33135659,0.286099,0.048389442,0.33839536,0.29000592
5,388,28963,2.0,5.0,3.0,2.0,2.0,0.0,0.0460769,0.0460769,-47.86911,-1.4331169,0.00078429654,-0.0073935613,-0.0029799305,-0.008498825,0.3054405,0.08445917,-0.22098131,-0.023193277,0.09854235,0.121735625,0.002333938,0.12363021,0.12129627,0.038802903,0.12520978,0.08640687
5,389,29010,244.0,414.0,170.0,20.0,15.0,-5.0,0.03478664,0.03478664,-3.6237488,1.1081581,0.005355375,-0.015875699,0.003386762,-0.018080404,0.29992592,0.2992949,-0.0006310344,0.14118755,0.07238116,-0.06880639,0.126577,0.050340045,-0.07623696,0.1598895,0.0912363,-0.0686532
5,390,29021,1.0,84.0,83.0,1.0,1.0,0.0,0.027737644,0.027737644,-83.479645,-3.4302158,-0.0016419068,-0.034423023,-0.0014214963,-0.026834581,-0.008097901,-0.013607788,-0.005509887,0.14830816,-0.060656168,-0.20896432,0.12401863,-0.10565165,-0.22967029,0.1103484,-0.09831909,-0.20866749
5,391,29381,2.0,80.0,78.0,1.0,2.0,1.0,0.030340891,0.030340891,-48.980103,-1.0149384,-0.008436792,-0.018029626,-0.00809487,-0.016814474,-0.020162186,0.017519452,0.03768164,-0.08629488,0.22787416,0.31416905,-0.07820771,0.23228285,0.31049055,-0.07233775,0.21965756,0.2919953
5,392,29568,13.0,34.0,21.0,1.0,1.0,0.0,0.04378109,0.04378109,-38.77466,-0.62555313,-0.003999632,0.001529254,-0.0030326396,-0.004494738,0.5355484,0.36351264,-0.17203575,0.093537375,0.063099116,-0.03043826,0.11112704,0.08594819,-0.02517885,0.19597717,0.13447692,-0.06150025
5,393,29660,31.0,163.0,132.0,29.0,13.0,-16.0,0.037231177,0.037231177,-60.12494,-2.0426483,0.0024486799,-0.019046385,0.0032345727,-0.02083127,0.579265,0.5477603,-0.03150469,0.33883473,0.2394769,-0.09935783,0.3663211,0.26072603,-0.10559505,0.43783644,0.34241965,-0.095416784
5,394,29663,122.0,855.0,733.0,105.0,68.0,-37.0,0.014131326,0.014131326,-73.67145,-2.3899403,0.009841576,-0.036657225,0.008985471,-0.035897594,0.06385854,0.15173246,0.08787392,0.13087685,-0.011529361,-0.14240621,0.12821329,-0.0108367335,-0.13905002,0.12811461,0.0069242725,-0.12119034
5,395,29680,3.0,194.0,191.0,1.0,1.0,0.0,0.019158453,0.019158453,-38.60034,-1.2401791,-0.00020103157,-0.03160809,-0.00018974394,-0.030689538,0.43968192,0.47992343,0.04024151,0.33806652,0.42043543,0.08236891,0.36899573,0.439342,0.070346266,0.388132,0.45478237,0.06665036
5,396,29711,1.0,38.0,37.0,1.0,3.0,2.0,0.019508861,0.019508861,-1.6611938,1.2489758,-0.009919107,-0.024970926,-0.009767264,-0.026320376,0.5000554,0.53225434,0.032198966,0.26456523,0.25165042,-0.012914807,0.26579604,0.26135936,-0.0044366717,0.30707,0.30144453,-0.0056254566
5,397,29837,46.0,71.0,25.0,8.0,1.0,-7.0,0.05171327,0.05171327,-18.061523,-0.039711,0.0131364055,-0.0029856935,0.0068768486,-0.0039679185,0.2502714,0.13080569,-0.11946572,0.1584371,0.15049523,-0.007941872,0.16126817,0.14398398,-0.0172842,0.17680733,0.15103331,-0.025774017
5,398,29886,2.0,416.0,414.0,1.0,1.0,0.0,0.00794483,0.00794483,-49.431305,-2.1564102,-0.0019085258,-0.0331001,-0.001959741,-0.041772656,0.66173714,0.65664846,-0.005088687,0.65378344,0.6661274,0.012343943,0.67693025,0.6738344,-0.0030958652,0.70425516,0.6916709,-0.012584269
5,399,29919,1.0,7.0,6.0,1.0,1.0,0.0,0.03957014,0.03957014,-21.855743,-0.3998375,-0.009246118,-0.014256377,-0.008872669,-0.011925038,0.23419672,0.18767005,-0.04652667,0.26508912,0.1791445,-0.08594462,0.272384,0.16901799,-0.103366,0.28663754,0.18207651,-0.10456103
5,400,29980,2.0,58.0,56.0,7.0,17.0,10.0,0.030560393,0.030560393,-38.312042,-0.9861393,0.006131895,-0.014252808,0.0026868135,-0.020691667,0.49154383,0.51790017,0.02635634,0.38639808,0.53120476,0.14480668,0.38360614,0.53140247,0.14779633,0.417449,0.5519593,0.13451028
5,401,30081,25.0,575.0,550.0,15.0,15.0,0.0,0.02112122,0.02112122,-89.22302,-3.9904194,0.0043483954,-0.025738997,0.0018873811,-0.028381009,0.1958042,0.24910775,0.053303555,0.11750314,-0.03903244,-0.15653558,0.11472052,-0.038658194,-0.15337873,0.13306375,-0.018331498,-0.15139525
5,402,30373,4.0,252.0,248.0,4.0,2.0,-2.0,0.02734283,0.02734283,-24.05484,-0.7269821,0.00896154,-0.029887266,0.004518956,-0.030854408,0.25566608,0.23244631,-0.023219764,0.02395713,-0.06579127,-0.0897484,0.010316642,-0.05898624,-0.06930288,0.050333068,-0.0143824,-0.06471547
5,403,30395,1.0,1.0,0.0,1.0,1.0,0.0,0.040203147,0.040203147,-43.831726,-1.6551857,-0.0013416819,-0.0033127628,-0.0015379302,-0.006579183,0.4480897,0.34904784,-0.09904185,0.10451348,0.24125531,0.13674183,0.11697973,0.26438242,0.14740269,0.18536054,0.29255283,0.10719229
5,404,30407,98.0,564.0,466.0,25.0,13.0,-12.0,0.024004178,0.024004178,-67.60101,-2.105585,0.0044164564,-0.025285484,0.0028555896,-0.027145466,0.37593177,0.4334412,0.057509422,-0.07336148,-0.005287552,0.06807393,-0.06943439,0.0019796952,0.07141408,-0.0072281365,0.070097,0.077325135
5,405,30430,1.0,43.0,42.0,3.0,1.0,-2.0,0.024223674,0.024223674,-48.11487,-1.5882149,0.004512809,-0.02406926,0.0032054298,-0.026584331,0.009123207,0.03756451,0.028441302,-0.31035316,-0.2286887,0.08166446,-0.29122478,-0.2257774,0.065447375,-0.28623223,-0.19015962,0.096072614
5,406,30563,1.0,43.0,42.0,1.0,1.0,0.0,0.018617753,0.018617753,-82.2702,-3.7971706,0.0003355369,-0.03655697,-0.004480757,-0.03312253,0.24992608,0.33013535,0.08020927,0.0864974,0.12338109,0.03688369,0.08698115,0.12023844,0.03325729,0.11597374,0.15581144,0.039837703
5,407,30601,3.0,133.0,130.0,1.0,1.0,0.0,0.024230763,0.024230763,-56.085052,-2.2075882,0.0032867566,-0.01820197,-2.554804e-05,-0.023578264,0.60353714,0.6574136,0.05387646,0.53512156,0.6780003,0.14287871,0.5446534,0.68576044,0.14110702,0.57623404,0.7086326,0.13239855
5,408,30632,1.0,330.0,329.0,1.0,1.0,0.0,0.010172702,0.010172702,-74.45767,-2.6774635,-0.004366651,-0.04443885,-0.005774107,-0.043656398,0.08432104,0.046047308,-0.03827373,0.15277235,0.14407924,-0.008693114,0.12546572,0.15732466,0.031858936,0.1323388,0.1539999,0.021661088
5,409,30672,1.0,5.0,4.0,1.0,1.0,0.0,0.038897377,0.038897377,-42.566925,-1.0299759,0.00024610385,-0.012847945,-0.000454057,-0.01233786,0.37659222,0.35702473,-0.01956749,0.18120375,0.18757655,0.0063727945,0.17356737,0.18966529,0.016097918,0.2310094,0.23639026,0.005380869
5,410,30674,4.0,79.0,75.0,4.0,18.0,14.0,0.030836277,0.030836277,-44.847412,-1.0567875,-0.0013625063,-0.019516416,-0.0022900961,-0.02019317,0.20528568,0.17977022,-0.025515467,0.0046440787,0.144818,0.14017391,0.0076173823,0.14447951,0.13686213,0.02691723,0.1533231,0.12640586
5,411,30847,15.0,32.0,17.0,28.0,2.0,-26.0,0.04977758,0.04977758,-36.295807,-1.1807785,0.0073772147,-0.009467807,0.0084951855,-0.008656837,0.16100985,0.09810925,-0.062900595,-0.21281102,-0.21719426,-0.004383236,-0.22960183,-0.2405399,-0.010938063,-0.18602091,-0.21050528,-0.024484366
5,412,30856,2.0,464.0,462.0,3.0,10.0,7.0,0.012452599,0.012452599,-48.25229,-1.2884178,-0.0050179735,-0.037071113,-0.0061739013,-0.035426725,0.44825152,0.48113167,0.032880157,0.6536053,0.59635824,-0.057247043,0.69966745,0.60702264,-0.09264481,0.68799305,0.6247961,-0.06319696
5,413,30887,3.0,109.0,106.0,3.0,1.0,-2.0,0.030611303,0.030611303,-53.470245,-1.5243587,0.0028875954,-0.019866772,0.0021124035,-0.022335079,0.67207104,0.5757297,-0.09634131,0.6174056,0.36226678,-0.2551388,0.6111705,0.34934744,-0.26182303,0.65032333,0.42658925,-0.22373408
5,414,30922,1.0,182.0,181.0,8.0,10.0,2.0,0.01852154,0.01852154,-26.42978,-0.57827187,0.001871217,-0.03597948,0.0012968034,-0.036933437,0.33602744,0.30762458,-0.028402865,0.2082412,0.1362066,-0.0720346,0.21252303,0.13084567,-0.08167736,0.2405586,0.1601119,-0.08044669
5,415,30935,1.0,622.0,621.0,1.0,1.0,0.0,-0.0142634325,-0.0142634325,-82.48898,-3.0074844,-0.0063373186,-0.059780046,-0.007762857,-0.05838096,0.042202752,0.07673586,0.03453311,-0.21314293,-0.3336877,-0.12054476,-0.20267737,-0.3129855,-0.11030814,-0.19965792,-0.28606826,-0.08641034
5,416,30954,5.0,359.0,354.0,1.0,1.0,0.0,0.015755568,0.015755568,-60.923645,-2.2633915,0.0010680333,-0.03436757,0.0012338422,-0.032948397,-0.16989064,-0.046591602,0.12329904,-0.2127602,-0.0015072807,0.21125291,-0.22844842,0.012237026,0.24068545,-0.24754106,0.0041853427,0.2517264
5,417,31028,2.0,2.0,0.0,24.0,5.0,-19.0,0.059486292,0.059486292,-28.056427,-0.5921345,0.008739192,-0.0007450506,0.0070129707,0.0011120476,0.18473509,0.2487632,0.064028114,0.20822437,0.1450285,-0.06319587,0.2301588,0.14815141,-0.08200739,0.24131271,0.17378496,-0.067527756
5,418,31049,1.0,44.0,43.0,1.0,1.0,0.0,0.02931051,0.02931051,-47.851074,-2.212265,-0.0033474416,-0.021599606,-0.0047739334,-0.01854286,0.19352742,0.18814766,-0.0053797513,0.10020236,0.08017875,-0.020023607,0.09316578,0.08508569,-0.008080088,0.10705402,0.10231681,-0.004737206
5,419,31064,1.0,324.0,323.0,1.0,1.0,0.0,0.0051709525,0.0051709525,-58.90558,-2.3098927,0.0022702217,-0.04478748,-0.0010901988,-0.04213237,0.040038466,-0.17490397,-0.21494244,0.041622605,0.5340411,0.4924185,0.049611025,0.5274706,0.47785956,0.05048857,0.47018602,0.41969746
5,420,31123,1.0,163.0,162.0,1.0,1.0,0.0,0.02546803,0.02546803,-31.038727,-0.67531395,-0.0005752817,-0.03403865,-0.0024275687,-0.031229287,-0.1232476,-0.046745565,0.07650204,-0.17317356,-0.17398514,-0.00081157684,-0.19120821,-0.19139563,-0.0001874119,-0.19591193,-0.19153817,0.004373759
5,421,31233,1.0,36.0,35.0,2.0,1.0,-1.0,0.032557543,0.032557543,-33.606293,-0.68717384,0.0015369281,-0.021839257,-0.0010038055,-0.022093032,0.12258133,0.09580569,-0.026775643,0.035167105,0.070041835,0.03487473,0.043981712,0.06790357,0.023921859,0.058824442,0.07427017,0.015445724
5,422,31349,10.0,32.0,22.0,1.0,1.0,0.0,0.03938234,0.03938234,-24.102478,-0.40019417,-0.00027179718,-0.00604631,-0.0027291086,-0.0077635497,0.14782323,0.03774616,-0.11007707,0.2115209,-0.06359155,-0.27511245,0.2156357,-0.048217334,-0.26385304,0.22447486,-0.043480594,-0.26795545
5,423,31446,13.0,370.0,357.0,3.0,2.0,-1.0,0.019443009,0.019443009,-49.094727,-1.9964714,0.001039654,-0.022000104,7.0929527e-06,-0.02220285,0.38018507,0.38030794,0.00012287498,0.15645348,0.06989169,-0.086561784,0.1597452,0.08003,-0.0797152,0.20241693,0.1290065,-0.07341042
5,424,31659,22.0,107.0,85.0,1.0,1.0,0.0,0.03567223,0.03567223,-65.844604,-2.6202412,0.0022588335,-0.019584838,-0.0011959914,-0.020015351,0.25718758,0.25918567,0.0019980967,0.40306216,0.47502732,0.07196516,0.40276822,0.47982585,0.07705763,0.4113433,0.48823693,0.07689363
5,425,31747,2.0,4.0,2.0,1.0,1.0,0.0,0.04604472,0.04604472,-49.49942,-1.9937534,0.0009113103,-0.0010943972,0.0008752234,-0.008683708,0.3270985,0.31966233,-0.0074361563,0.13175774,-0.00048204086,-0.13223977,0.12666552,0.005294006,-0.121371515,0.15238826,0.046868056,-0.1055202
5,426,31782,1.0,3.0,2.0,1.0,7.0,6.0,0.038754877,0.038754877,-13.230652,0.42960358,-0.0040638335,-0.008917712,-0.0059299096,-0.010540675,-0.055971287,-0.11875513,-0.062783845,-0.07867817,0.026290897,0.10496907,-0.061268445,0.0549699,0.11623834,-0.0671276,0.040963,0.1080906
5,427,31801,8.0,114.0,106.0,1.0,3.0,2.0,0.030259605,0.030259605,-52.437775,-1.3888912,-0.0065613054,-0.016341753,-0.007294886,-0.01868293,-0.024665663,0.052922655,0.07758832,-0.16959308,-0.11354069,0.056052394,-0.16491534,-0.14766155,0.017253786,-0.16136445,-0.1244334,0.036931053
5,428,31837,2.0,327.0,325.0,1.0,1.0,0.0,-0.0021280982,-0.0021280982,-67.62042,-2.6788502,-0.00021691993,-0.038325116,-0.006721046,-0.04304353,0.37629196,0.41495734,0.038665384,0.2625524,0.26377246,0.0012200475,0.24151771,0.25865144,0.017133728,0.27463314,0.28946123,0.014828086
5,429,31936,4.0,379.0,375.0,1.0,2.0,1.0,0.008030161,0.008030161,-43.605774,-1.712019,-0.0012167357,-0.023300089,-1.2759119e-05,-0.03164444,0.21802203,0.25923508,0.04121305,0.15669937,0.09386243,-0.062836945,0.14211586,0.08200751,-0.06010835,0.15716451,0.10491709,-0.052247427
5,430,31964,1.0,12.0,11.0,1.0,1.0,0.0,0.032311466,0.032311466,-40.56015,-1.3124275,-0.0021346398,-0.014358491,-0.001266256,-0.020252861,0.6845931,0.7277392,0.043146133,0.5063445,0.54961425,0.043269753,0.5117211,0.5473716,0.03565055,0.56533396,0.6056395,0.040305555
5,431,32053,2.0,32.0,30.0,2.0,4.0,2.0,0.038518846,0.038518846,-48.203644,-1.5061913,-0.0014738813,-0.0037574023,-0.0044655353,-0.012901433,0.33059928,0.46924248,0.1386432,0.56010747,0.43092299,-0.12918448,0.58302534,0.4369921,-0.14603323,0.5883141,0.46457094,-0.12374318
5,432,32232,4.0,174.0,170.0,1.0,1.0,0.0,0.024824698,0.024824698,-44.947662,-1.5663548,0.00032433122,-0.03229597,0.0013385192,-0.028143175,-0.105480336,-0.0740051,0.03147524,0.016232075,0.077442996,0.061210923,0.045798834,0.16212922,0.116330385,0.028843068,0.14187649,0.11303342
5,433,32303,1.0,395.0,394.0,1.0,1.0,0.0,0.014263175,0.014263175,-83.52966,-3.626442,-0.0010214262,-0.036174297,0.0005125664,-0.035725385,0.2150384,0.23084873,0.015810326,0.14142025,0.18416375,0.042743504,0.14514427,0.17599556,0.03085129,0.16060244,0.19028015,0.029677719
5,434,32307,3.0,13.0,10.0,2.0,2.0,0.0,0.04050196,0.04050196,-40.76944,-1.3003807,0.0063727535,-0.009164456,-1.4953315e-05,-0.011095695,0.342026,0.545849,0.20382303,0.08469436,0.15513034,0.07043598,0.08869113,0.15618886,0.06749773,0.12203684,0.21626453,0.094227694
5,435,32625,1.0,61.0,60.0,1.0,1.0,0.0,0.02813353,0.02813353,2.8059387,0.71790886,0.0022890083,-0.03845191,0.0018048771,-0.03220112,0.0943178,0.04332187,-0.05099593,0.006184355,-0.05980474,-0.0659891,0.028942859,-0.004925423,-0.033868283,0.041323546,0.0026297357,-0.03869381
5,436,32643,37.0,92.0,55.0,3.0,1.0,-2.0,0.038804237,0.038804237,-42.887726,-0.75679207,0.0020630509,-0.009052489,0.00056545064,-0.008448768,-0.19637984,0.078306116,0.27468595,-0.19021569,0.122424655,0.31264034,-0.19647914,0.13963385,0.33611298,-0.2168671,0.14772236,0.36458945
5,437,32716,1.0,136.0,135.0,1.0,1.0,0.0,0.008415375,0.008415375,-48.109955,-1.4799938,-0.007748749,-0.035249118,-0.01234654,-0.042551033,0.31812412,0.30719,-0.010934114,0.13665155,0.41637155,0.27972,0.14247668,0.4168989,0.27442223,0.16942883,0.4237941,0.25436527
5,438,32771,39.0,210.0,171.0,7.0,2.0,-5.0,0.037847217,0.037847217,-28.409485,-0.69394493,0.0067156106,-0.011303034,0.0066183805,-0.012610599,0.07422265,0.09325479,0.019032143,0.11044404,0.07246169,-0.037982352,0.09311131,0.09705506,0.003943756,0.10248263,0.10577252,0.0032898858
5,439,32772,33.0,414.0,381.0,46.0,34.0,-12.0,0.028695015,0.028695015,-17.28833,-0.12459755,0.005540604,-0.018421045,0.005251689,-0.021379864,0.1763528,0.20910853,0.032755733,0.09732861,0.15128392,0.05395531,0.088890925,0.13944364,0.05055271,0.108748,0.1579124,0.049164407
5,440,32857,4.0,133.0,129.0,1.0,1.0,0.0,0.025116425,0.025116425,-96.3754,-3.9450207,0.0009887964,-0.02188176,-0.0021851007,-0.023854394,0.046644125,0.06750934,0.020865213,0.22287883,0.22497872,0.0020998865,0.23598284,0.22885066,-0.0071321726,0.23307933,0.22482502,-0.0082543045
5,441,32891,7.0,230.0,223.0,4.0,5.0,1.0,0.026220983,0.026220983,-56.584473,-2.1336632,0.0018991139,-0.028373605,0.00033479743,-0.027706271,0.29435426,0.2464459,-0.047908366,0.25805032,0.20063308,-0.057417244,0.27409962,0.21404186,-0.06005776,0.28313097,0.22971714,-0.05341384
5,442,32910,10.0,52.0,42.0,41.0,33.0,-8.0,0.040065262,0.040065262,-12.6223755,0.44817543,0.008592311,-0.0126368515,0.006582048,-0.011032317,0.26077446,0.20950803,-0.05126643,-0.014846468,0.10131281,0.116159275,0.0023695114,0.116539665,0.11417016,0.045396913,0.13621816,0.09082125
5,443,33131,2.0,61.0,59.0,2.0,3.0,1.0,0.026263747,0.026263747,-58.01535,-2.437317,-0.00083358213,-0.01632578,-0.0031221174,-0.023088034,0.09951517,0.13661408,0.037098914,0.04505932,-0.003034119,-0.04809344,0.06794157,0.011870493,-0.056071077,0.07785601,0.03128032,-0.04657569
5,444,33171,11.0,14.0,3.0,8.0,1.0,-7.0,0.05126994,0.05126994,-62.190186,-2.5420532,0.009545816,-0.0037574302,0.006101733,-0.003924055,0.00026708297,0.124466404,0.12419932,0.38082305,0.40424705,0.023424,0.38497248,0.39357975,0.008607268,0.38772997,0.4057275,0.017997533
5,445,33189,3.0,29.0,26.0,8.0,2.0,-6.0,0.03720443,0.03720443,-46.409637,-1.4181576,0.0070702583,-0.010373823,0.005085662,-0.012512103,0.08262195,0.18158315,0.098961204,0.1690979,0.11321463,-0.055883273,0.1671043,0.122414775,-0.04468953,0.16534083,0.13681151,-0.028529316
5,446,33245,7.0,560.0,553.0,5.0,11.0,6.0,0.008192591,0.008192591,-40.84601,-0.5451412,-0.0036335364,-0.027172502,-0.0023590475,-0.034847308,0.37281662,0.34921637,-0.02360025,0.28465825,0.22001605,-0.064642206,0.23312332,0.17879227,-0.05433105,0.26718584,0.20759562,-0.05959022
5,447,33289,4.0,13.0,9.0,8.0,8.0,0.0,0.040124252,0.040124252,-65.269135,-2.4033852,0.0026703998,-0.0073973797,3.9491802e-05,-0.0054541193,0.33025914,0.33865684,0.008397698,0.24774401,0.08051119,-0.16723281,0.25431153,0.0916994,-0.16261214,0.27179343,0.11968903,-0.1521044
5,448,33521,3.0,74.0,71.0,2.0,12.0,10.0,0.035733152,0.035733152,-13.592346,0.7692127,-0.0022500418,-0.013318144,-0.0047255903,-0.017192267,0.42606243,0.26165417,-0.16440827,0.24902342,0.23784375,-0.011179671,0.28299662,0.25665283,-0.026343793,0.31833863,0.2707739,-0.047564745
5,449,33543,5.0,400.0,395.0,1.0,1.0,0.0,0.0085948,0.0085948,-45.613068,-1.439251,-0.0036666058,-0.034483355,-0.0068659857,-0.03353384,0.33570194,0.29901,-0.036691934,0.4331977,0.2849679,-0.14822981,0.45097902,0.3075774,-0.14340162,0.4599344,0.32381284,-0.13612157
5,450,33752,12.0,104.0,92.0,63.0,68.0,5.0,0.0418353,0.0418353,-3.647522,0.7877083,0.0052615423,-0.014896849,0.005288398,-0.01727825,0.12732278,0.112837106,-0.014485672,-0.018107807,0.045191158,0.06329896,-0.02465174,0.025871215,0.050522953,-0.0030676192,0.039035894,0.042103514
5,451,33813,3.0,130.0,127.0,1.0,4.0,3.0,0.026694082,0.026694082,-34.299072,-0.8600788,-0.008697208,-0.024271902,-0.008755054,-0.024637863,0.38285986,0.37036404,-0.012495816,0.05561032,-0.045132525,-0.10074285,0.06574226,-0.044648696,-0.11039096,0.12624502,0.030996077,-0.095248945
5,452,33906,5.0,37.0,32.0,1.0,1.0,0.0,0.03721759,0.03721759,-86.86417,-3.4804726,0.0009031631,-0.016108152,0.0013233982,-0.014209155,-0.117174566,-0.15709674,-0.039922178,0.041958924,0.16806199,0.12610306,0.07169079,0.18637127,0.11468048,0.057467807,0.16319554,0.10572773
5,453,34068,5.0,415.0,410.0,2.0,5.0,3.0,0.020579778,0.020579778,-54.576965,-1.8097668,-0.0009154305,-0.031687737,-0.004155699,-0.033350155,0.3668576,0.4256766,0.058819026,0.35417843,0.38560256,0.031424135,0.37176853,0.40116528,0.029396743,0.38179,0.41548663,0.03369662
5,454,34080,1.0,53.0,52.0,1.0,11.0,10.0,0.02840913,0.02840913,-41.20816,-1.370472,-0.008539319,-0.022636697,-0.008240726,-0.021693185,0.51603246,0.532346,0.016313553,0.31689066,0.36236903,0.045478374,0.32812434,0.37783173,0.049707383,0.3544239,0.41615087,0.061726958
5,455,34089,1.0,21.0,20.0,1.0,1.0,0.0,0.02944842,0.02944842,-49.318054,-1.7220306,-0.0014669821,-0.018624365,-0.0015201345,-0.015016615,0.3505033,0.27974817,-0.070755124,-0.055698395,0.018311048,0.07400944,-0.05171705,0.027478954,0.079196006,0.012450947,0.07245519,0.06000424
5,456,34126,1.0,87.0,86.0,1.0,1.0,0.0,0.0091845505,0.0091845505,-100.47449,-3.9708614,-0.010600623,-0.04047251,-0.010486137,-0.03975888,0.5379553,0.5925786,0.054623306,0.27723482,0.4860108,0.20877597,0.2897996,0.512279,0.22247937,0.35786754,0.5571768,0.19930929
5,457,34186,5.0,705.0,700.0,8.0,8.0,0.0,0.0019576289,0.0019576289,-41.199005,-1.250845,0.0019413717,-0.04171606,0.0019814111,-0.042751696,0.4872157,0.5127048,0.025489092,0.3887236,0.4464188,0.05769518,0.3852082,0.45306724,0.06785905,0.42731282,0.49148563,0.064172804
5,458,34238,1.0,11.0,10.0,1.0,1.0,0.0,0.035296395,0.035296395,-62.542847,-2.6144276,0.0013145134,-0.018059772,-0.0025303103,-0.015498612,0.20093131,0.1573304,-0.043600917,-0.08294836,-0.13090014,-0.047951788,-0.09028127,-0.13566242,-0.04538115,-0.06040929,-0.11048261,-0.050073322
5,459,34418,178.0,329.0,151.0,7.0,17.0,10.0,0.035238266,0.035238266,-32.050903,-0.59581757,0.0055435356,-0.013489729,-0.00013812445,-0.015324039,0.16889323,0.16583422,-0.0030590147,0.2262581,0.12138886,-0.10486924,0.2121725,0.12997429,-0.0821982,0.21855688,0.14143221,-0.07712467
5,460,34603,1.0,20.0,19.0,13.0,8.0,-5.0,0.03477577,0.03477577,-37.94275,-1.1228733,0.009464417,-0.016202379,0.005933769,-0.015864775,0.5283862,0.5519169,0.023530722,0.3569558,0.38558093,0.02862513,0.35804176,0.39185917,0.03381741,0.40390605,0.41964135,0.015735298
5,461,34751,1.0,5.0,4.0,1.0,1.0,0.0,0.021732084,0.021732084,-74.95566,-2.835682,-0.011080153,-0.01776886,-0.014347486,-0.017576922,0.1512497,0.16512366,0.01387395,-0.12470805,0.012586416,0.13729447,-0.120795436,0.0306476,0.15144303,-0.07995922,0.05198577,0.13194498
5,462,34829,18.0,475.0,457.0,2.0,12.0,10.0,0.016649745,0.016649745,-55.909424,-1.7394199,-0.004579913,-0.039392073,-0.005450394,-0.037523348,0.22351424,0.30301067,0.07949643,0.16496691,0.13949928,-0.025467634,0.15551016,0.13371648,-0.021793678,0.17606884,0.15981448,-0.016254365
5,463,34845,1.0,124.0,123.0,1.0,1.0,0.0,0.01936141,0.01936141,-33.0748,-0.8706093,0.00027293712,-0.03682201,-0.0018983185,-0.03251003,0.17477451,-0.13209608,-0.30687058,0.09075011,0.20325014,0.11250003,0.09491136,0.21162015,0.11670879,0.11479331,0.18087669,0.06608338
5,464,34850,1.0,66.0,65.0,7.0,3.0,-4.0,0.0351351,0.0351351,-18.582062,-0.15187454,0.0086657815,-0.022770852,0.004309818,-0.024478653,0.5381103,0.59522265,0.057112336,0.2815887,0.25692612,-0.024662584,0.2937397,0.28945512,-0.0042845905,0.34635505,0.34799942,0.0016443729
5,465,34874,10.0,479.0,469.0,1.0,1.0,0.0,0.014432348,0.014432348,-44.804688,-1.7881184,-0.0044610463,-0.038650457,-0.004035469,-0.034900248,0.4063909,0.31609955,-0.09029135,0.36102384,0.27977836,-0.08124548,0.35452318,0.28041953,-0.07410365,0.3904716,0.3071024,-0.083369195
5,466,34975,13.0,575.0,562.0,8.0,5.0,-3.0,0.011688232,0.011688232,-81.22809,-2.7669544,0.00030184165,-0.03642666,0.0029824115,-0.034326058,0.33529043,0.2018201,-0.13347033,0.15064803,0.34077716,0.19012913,0.16281803,0.35779077,0.19497274,0.2068168,0.35442778,0.14761098
5,467,35094,18.0,12.0,-6.0,44.0,15.0,-29.0,0.05293081,0.05293081,-67.44882,-2.7532883,0.01067739,-0.0029378906,0.008825369,0.0031353794,0.39120194,0.37368324,-0.0175187,0.13665605,0.19091007,0.054254025,0.1566794,0.1841307,0.027451292,0.24908863,0.25733486,0.008246228
5,468,35129,2.0,17.0,15.0,5.0,2.0,-3.0,0.03788903,0.03788903,-69.190125,-2.5691147,0.0052615516,-0.011767849,0.0030309632,-0.010940906,0.21664742,0.13828355,-0.078363866,0.10067766,-0.03229995,-0.1329776,0.09497533,-0.04340841,-0.13838375,0.1121791,-0.021745147,-0.13392425
5,469,35743,1.0,16.0,15.0,1.0,1.0,0.0,0.036365602,0.036365602,-40.89041,-0.80844307,-0.0045242757,-0.012484454,-0.010290815,-0.012498565,0.6836745,0.79227453,0.10860002,0.48569041,0.6334414,0.14775097,0.47080073,0.65724593,0.1864452,0.5257648,0.6965091,0.1707443
5,470,35752,1.0,471.0,470.0,4.0,5.0,1.0,0.01013314,0.01013314,-33.2446,-0.55612564,-0.0010689609,-0.045478538,-0.00032352284,-0.04188835,0.5105324,0.49813494,-0.012397438,0.16623637,0.11735653,-0.04887984,0.16110674,0.13609642,-0.025010318,0.23924057,0.2090963,-0.030144274
5,471,35790,1.0,28.0,27.0,1.0,2.0,1.0,0.022215676,0.022215676,-45.26709,-1.2994556,-0.009094521,-0.023940261,-0.0067446902,-0.02297059,-0.08222052,-0.18524525,-0.10302473,0.038652733,0.078592785,0.03994005,0.02611111,0.051729694,0.025618585,0.0092397155,0.021088956,0.01184924
5,472,35798,1.0,25.0,24.0,1.0,1.0,0.0,0.03150474,0.03150474,-55.288544,-1.9316368,-0.007294949,-0.014509771,-0.0077937283,-0.017750543,0.40237027,0.40996978,0.007599503,0.5706098,0.43413404,-0.13647577,0.5663243,0.42286608,-0.14345822,0.5892552,0.45914334,-0.13011187
5,473,35986,1.0,24.0,23.0,1.0,1.0,0.0,0.020959795,0.020959795,-112.36444,-4.375725,-0.002798494,-0.038090028,-0.0046632886,-0.035851303,0.5003853,0.4634463,-0.036938995,0.5453545,0.55225396,0.006899476,0.571248,0.5721472,0.0008991957,0.6101117,0.5927722,-0.017339528
5,474,36067,3.0,70.0,67.0,1.0,1.0,0.0,0.033817995,0.033817995,-30.403168,-0.7693825,0.00080908276,-0.024194296,0.0008694548,-0.024647344,0.07220962,0.096343875,0.024134256,0.20199102,0.07937907,-0.122611955,0.22109157,0.08521608,-0.1358755,0.21900624,0.09052812,-0.12847811
5,475,36258,3.0,213.0,210.0,1.0,1.0,0.0,0.015200902,0.015200902,-53.60675,-1.662735,-0.0042892583,-0.03029086,-0.006718695,-0.029367115,0.27193645,0.35635725,0.0844208,0.13363323,0.17432803,0.040694803,0.14237745,0.21375018,0.07137273,0.1851788,0.26856366,0.08338486
5,476,36476,72.0,35.0,-37.0,16.0,19.0,3.0,0.055182647,0.055182647,-20.732666,-0.2577572,0.005619142,-0.000552278,0.0028436799,0.00040159002,0.18403089,0.24918029,0.0651494,0.15759791,-0.07389553,-0.23149344,0.17657252,-0.040195744,-0.21676826,0.18969813,-0.013878702,-0.20357683
5,477,36569,1.0,119.0,118.0,1.0,1.0,0.0,0.019189302,0.019189302,-27.52884,-0.2850685,-0.005998049,-0.028388504,-0.008682251,-0.031456307,0.14941312,0.17441697,0.02500385,0.060582217,-0.081341945,-0.14192416,0.06968866,-0.07229947,-0.14198813,0.08924397,-0.042374033,-0.13161801
5,478,36576,33.0,505.0,472.0,44.0,5.0,-39.0,0.028310852,0.028310852,-12.761108,0.3322792,0.011254219,-0.024533337,0.008683542,-0.026257506,0.6534491,0.6255752,-0.027873933,0.6567317,0.6345793,-0.022152424,0.67960805,0.65154284,-0.028065205,0.6980883,0.66825455,-0.029833734
5,479,36623,1.0,158.0,157.0,1.0,1.0,0.0,0.015750576,0.015750576,-59.24298,-1.9445152,-0.0028917193,-0.03352554,-0.004153561,-0.034772057,0.59361494,0.5922625,-0.0013524294,0.5607373,0.514657,-0.04608029,0.5361359,0.50822765,-0.027908266,0.5619627,0.5472126,-0.014750123
5,480,36629,1.0,46.0,45.0,12.0,1.0,-11.0,0.032778326,0.032778326,-37.668335,-1.3368568,0.0052096285,-0.025769945,0.0054037087,-0.02420449,-0.017041814,-0.042339556,-0.025297742,-0.04163017,0.041892882,0.08352305,-0.04251393,0.04611039,0.08862432,-0.043538585,0.0374196,0.08095819
5,481,36682,1.0,2.0,1.0,1.0,1.0,0.0,0.052155636,0.052155636,-20.33429,-0.12638283,0.00018069148,-0.0057894774,-0.0025724284,-0.00080773234,0.48086372,0.48341885,0.002555132,0.2686976,0.3206276,0.05193001,0.27264854,0.31982696,0.047178417,0.3097928,0.34690008,0.03710729
5,482,36731,2.0,507.0,505.0,1.0,1.0,0.0,0.00417817,0.00417817,-92.207886,-3.5715446,-0.0043032467,-0.043710984,-0.0030292347,-0.047071286,0.7132911,0.7343648,0.021073699,0.55710405,0.67101014,0.113906085,0.556275,0.6734313,0.11715627,0.6038742,0.69762933,0.093755126
5,483,36759,2.0,50.0,48.0,1.0,1.0,0.0,0.02815491,0.02815491,-49.21881,-1.1495152,-0.0037424155,-0.02300604,-0.004971631,-0.018256702,0.108890325,-0.05137293,-0.16026326,0.7528609,0.70415,-0.048710883,0.7577937,0.7082668,-0.04952693,0.7558485,0.7124868,-0.043361723
5,484,36910,1.0,3.0,2.0,1.0,1.0,0.0,0.040662885,0.040662885,-67.41089,-2.4385223,-0.0071208477,-0.011057276,-0.008574247,-0.011823196,0.6048471,0.591497,-0.0133500695,0.4702538,0.45168126,-0.01857254,0.4795952,0.46559787,-0.013997346,0.5184443,0.525161,0.006716728
5,485,36945,1.0,47.0,46.0,1.0,1.0,0.0,0.022807986,0.022807986,-63.98459,-2.5945396,0.00085591525,-0.036235273,-0.001127407,-0.03607683,-0.21433511,-0.28499055,-0.070655435,-0.35082132,-0.25173378,0.09908754,-0.3577402,-0.24253601,0.115204185,-0.3615906,-0.27004635,0.09154424
5,486,36974,1.0,27.0,26.0,1.0,1.0,0.0,0.023778904,0.023778904,-17.690277,-0.09040451,-0.0030976646,-0.027749524,-0.004421007,-0.033485215,0.0843446,0.1449613,0.060616694,-0.13175175,-0.005694148,0.1260576,-0.1378828,-0.002253703,0.1356291,-0.124065414,0.021785349,0.14585076
5,487,36978,6.0,22.0,16.0,5.0,1.0,-4.0,0.043150645,0.043150645,-20.554504,0.05846405,0.0025735423,-0.0058271587,0.0022268519,-0.0076967143,0.27375042,0.3276749,0.05392447,0.10301103,-0.057680644,-0.16069168,0.08271029,-0.08357674,-0.16628703,0.10637556,-0.04437551,-0.15075107
5,488,37059,3.0,87.0,84.0,4.0,1.0,-3.0,0.025351055,0.025351055,-18.853394,-0.10838699,0.002458319,-0.020163525,0.0022191368,-0.02201239,0.16205136,0.2001873,0.03813593,-0.055924058,0.13889852,0.19482258,-0.043043792,0.14620149,0.18924528,-0.017749831,0.16649374,0.18424357
5,489,37221,6.0,409.0,403.0,1.0,3.0,2.0,0.01335248,0.01335248,-4.3079224,0.66324043,-0.004204612,-0.038428824,-0.0037498027,-0.037922125,0.25625736,0.29476336,0.038506,0.01720973,0.0059057595,-0.01130397,0.015221634,0.0046556625,-0.010565972,0.048092622,0.039393846,-0.008698776
5,490,37224,1.0,217.0,216.0,4.0,3.0,-1.0,0.01690308,0.01690308,-76.96506,-3.1027527,0.0048801377,-0.030674897,0.0012877658,-0.031967405,0.5580569,0.50475043,-0.05330646,0.23715788,0.37996802,0.14281014,0.23856224,0.39202285,0.1534606,0.31493154,0.43484592,0.11991438
5,491,37436,2.0,582.0,580.0,5.0,15.0,10.0,0.0047117546,0.0047117546,-25.731934,-0.32182503,-0.0041479506,-0.03934845,-0.0036402345,-0.047046475,0.68087393,0.63118464,-0.049689293,0.35845864,0.3764737,0.018015057,0.37578088,0.42327556,0.04749468,0.44606748,0.4944049,0.04833743
5,492,37494,8.0,220.0,212.0,9.0,4.0,-5.0,0.026658697,0.026658697,-65.47974,-2.8446407,0.0103624035,-0.02666268,0.004318433,-0.023990726,0.5089541,0.45178738,-0.057166725,0.35007653,0.022116115,-0.3279604,0.37660557,0.018014273,-0.3585913,0.42493412,0.069942445,-0.35499167
5,493,37608,1.0,53.0,52.0,1.0,1.0,0.0,0.0032555833,0.0032555833,-62.329315,-2.3397903,-0.0040334538,-0.038141724,-0.008249238,-0.041510813,0.43351406,0.44093272,0.0074186623,0.4809426,0.4979404,0.016997784,0.48801377,0.48637486,-0.0016389191,0.49555495,0.49377775,-0.0017772019
5,494,37736,60.0,280.0,220.0,8.0,8.0,0.0,0.031246856,0.031246856,0.4513855,0.79468536,-0.0021897368,-0.014225192,-0.0006910339,-0.0170402,0.5593563,0.49765366,-0.06170261,0.36544305,0.32152218,-0.043920875,0.3848465,0.33604324,-0.04880327,0.42746472,0.37841904,-0.049045682
5,495,37801,1.0,5.0,4.0,1.0,1.0,0.0,0.037064515,0.037064515,-66.19116,-2.5360909,-0.0039154477,-0.014079399,-0.0048726685,-0.013183478,-0.08518369,-0.087991044,-0.0028073564,-0.12034903,-0.029065214,0.09128381,-0.12535489,-0.027589852,0.097765036,-0.123007074,-0.036823798,0.08618328
5,496,37927,2.0,453.0,451.0,2.0,4.0,2.0,0.013514139,0.013514139,-40.339294,-1.1650963,-0.0033930615,-0.03618533,-0.0029436238,-0.03845052,0.45310348,0.34812498,-0.1049785,-0.0724899,0.19751512,0.27000502,-0.12134272,0.1843226,0.3056653,-0.041222177,0.2298703,0.27109247
5,497,38022,2.0,128.0,126.0,1.0,5.0,4.0,0.028188765,0.028188765,-8.1032715,0.36175537,-0.005868919,-0.021514472,-0.005210314,-0.02527707,0.38177234,0.30336696,-0.07840538,-0.019828683,0.49712232,0.516951,-0.007727641,0.5136842,0.52141184,0.043510538,0.51902527,0.47551474
5,498,38025,30.0,542.0,512.0,2.0,7.0,5.0,0.01581607,0.01581607,-48.471283,-1.2359657,-0.002939161,-0.027206711,-0.0033446793,-0.029906012,0.06807394,0.18146037,0.11338642,-0.019323671,-0.004065235,0.015258436,-0.023511162,-0.005355926,0.018155236,-0.01183574,0.012713537,0.024549276
5,499,38060,1.0,16.0,15.0,2.0,1.0,-1.0,0.03386597,0.03386597,-60.21051,-2.1630783,0.008021865,-0.018018574,0.0041885898,-0.02011783,0.55814517,0.5811345,0.022989333,0.37622687,0.41579908,0.03957221,0.3670694,0.3960124,0.028943002,0.43578488,0.46056566,0.02478078
5,500,38246,1.0,22.0,21.0,1.0,2.0,1.0,0.03150195,0.03150195,-40.075775,-1.1565933,-0.009403259,-0.018317852,-0.008715566,-0.016493723,0.18388812,0.1808354,-0.0030527264,-0.094859645,-0.07867713,0.016182512,-0.12299895,-0.114696935,0.008302018,-0.09492067,-0.088267796,0.0066528767
5,501,38278,1.0,252.0,251.0,1.0,3.0,2.0,0.0075068735,0.0075068735,-46.07782,-1.5206451,-0.0069904923,-0.039475337,-0.007058367,-0.038539443,0.28041816,0.29486638,0.0144482255,0.21414948,0.29918578,0.08503631,0.21532518,0.2879191,0.07259393,0.23161678,0.29289693,0.061280146
5,502,38297,13.0,120.0,107.0,1.0,1.0,0.0,0.03469659,0.03469659,-16.625275,0.17354012,0.0018883459,-0.019303076,8.732267e-05,-0.015683152,0.6245282,0.5776125,-0.04691571,0.43003842,0.4171879,-0.012850523,0.44528633,0.42644784,-0.018838495,0.49175125,0.46539018,-0.026361078
5,503,38310,1.0,8.0,7.0,2.0,1.0,-1.0,0.046476815,0.046476815,-37.369415,-1.324688,0.0057621673,-0.010477874,0.0025917701,-0.010592438,-0.14954299,-0.11147727,0.038065717,0.22350502,0.18978348,-0.033721536,0.24898411,0.21927826,-0.029705852,0.21671136,0.19694355,-0.019767806
5,504,38358,1.0,14.0,13.0,1.0,1.0,0.0,0.021160964,0.021160964,-60.767212,-1.7171478,-0.012442607,-0.020997297,-0.011418097,-0.023506045,0.52639467,0.45829198,-0.06810269,0.273003,0.2070617,-0.06594132,0.27649665,0.2127064,-0.06379025,0.33715072,0.2689209,-0.068229824
5,505,38483,32.0,141.0,109.0,9.0,10.0,1.0,0.0375675,0.0375675,-34.814453,-0.74824715,0.002361402,-0.019268252,0.00080234185,-0.015123181,0.063900724,0.11766955,0.05376883,-0.027306555,0.08059653,0.107903086,-0.005139301,0.11205137,0.11719067,0.006413904,0.12456015,0.11814624
5,506,38486,1.0,171.0,170.0,1.0,1.0,0.0,0.012343038,0.012343038,-42.23999,-1.6410542,-0.0066836663,-0.045097962,-0.008983269,-0.039896205,0.09389656,0.103902146,0.010005586,-0.033070277,-0.18887682,-0.15580654,-0.023250146,-0.19005604,-0.1668059,-0.0072471574,-0.16283932,-0.15559217
5,507,38494,1.0,291.0,290.0,1.0,1.0,0.0,0.006367136,0.006367136,-61.436035,-2.643652,-0.0054530166,-0.04097711,-0.0068634376,-0.044224877,0.46919817,0.5050185,0.035820305,0.23802483,0.16317868,-0.07484615,0.22876547,0.14711873,-0.08164674,0.28298151,0.20044956,-0.08253196
5,508,38641,15.0,161.0,146.0,3.0,1.0,-2.0,0.030250862,0.030250862,-11.023193,0.39377022,0.0028081648,-0.024329469,-3.3266842e-05,-0.024011191,0.5595849,0.581943,0.02235806,0.10242655,0.041849647,-0.060576905,0.14355232,0.09213784,-0.051414475,0.21655688,0.16481689,-0.05173999
5,509,38794,1.0,11.0,10.0,2.0,1.0,-1.0,0.03215241,0.03215241,-59.286285,-2.2252464,0.0019805878,-0.009153478,-0.0027196668,-0.009930201,0.18030417,0.20075557,0.020451397,-0.025325296,-0.066984236,-0.041658938,-0.025720106,-0.07733283,-0.051612727,-0.00094408507,-0.05397823,-0.053034145
5,510,38817,1.0,46.0,45.0,1.0,1.0,0.0,0.021690976,0.021690976,-59.432587,-2.4604378,-0.0009222105,-0.034161128,-0.0053906366,-0.034856763,0.52506864,0.50491637,-0.02015227,0.36314148,0.38242126,0.019279778,0.3803732,0.3928923,0.012519091,0.41362327,0.42229784,0.008674562
5,511,38829,7.0,35.0,28.0,1.0,1.0,0.0,0.033519067,0.033519067,-52.539703,-2.0363102,-0.0029407255,-0.014446545,-0.0032807142,-0.01133113,0.8132838,0.806219,-0.0070648193,0.4927966,0.5919264,0.099129796,0.52119565,0.61137766,0.09018201,0.6001684,0.6630667,0.06289828
5,512,38853,1.0,63.0,62.0,1.0,1.0,0.0,0.016950816,0.016950816,-25.15805,-0.054985046,-0.0037159212,-0.03032701,-0.008023016,-0.02950491,0.5126795,0.56271935,0.050039828,0.5190475,0.45116812,-0.06787938,0.5371996,0.4769662,-0.060233414,0.55387104,0.50854456,-0.04532647
5,513,38978,8.0,444.0,436.0,2.0,1.0,-1.0,0.01916894,0.01916894,-5.1947327,0.5642338,0.0026649795,-0.029100314,0.0011586938,-0.03556288,0.10292292,0.173857,0.07093409,0.32284406,0.23764946,-0.0851946,0.33635524,0.26118025,-0.07517499,0.33088502,0.26858094,-0.06230408
5,514,39047,1.0,7.0,6.0,1.0,1.0,0.0,0.032777827,0.032777827,-59.358704,-1.9976254,-0.0037476756,-0.02322106,-0.0041141063,-0.019473288,0.59743214,0.6294514,0.032019258,0.556492,0.57339495,0.016902983,0.54058415,0.5829387,0.042354524,0.5764983,0.6050661,0.028567791
5,515,39058,9.0,232.0,223.0,7.0,10.0,3.0,0.023119967,0.023119967,-30.541046,-0.7307739,0.0018755496,-0.021894522,-0.0004287474,-0.022546332,0.32065883,0.27657813,-0.044080704,0.12838607,0.23394956,0.10556349,0.117578335,0.22565347,0.108075134,0.14603347,0.2429684,0.09693493
5,516,39095,1.0,72.0,71.0,1.0,1.0,0.0,0.019330189,0.019330189,-31.727478,-0.435215,-0.0045336,-0.022560526,-0.0047637783,-0.025946796,-0.07819677,-0.10149732,-0.02330055,-0.009798998,0.24601646,0.25581545,-0.016657976,0.22934353,0.24600151,-0.02986995,0.228344,0.25821394
5,517,39289,151.0,338.0,187.0,48.0,51.0,3.0,0.036277436,0.036277436,-8.456146,0.6159153,0.006579481,-0.006065339,0.003997797,-0.005836673,0.07330081,0.07709199,0.0037911832,0.14307995,0.062334947,-0.080745004,0.15349191,0.06777669,-0.08571523,0.15313464,0.074046314,-0.07908833
5,518,39298,1.0,27.0,26.0,1.0,1.0,0.0,0.019484766,0.019484766,-53.21164,-2.0028515,-0.006550655,-0.03445288,-0.009251609,-0.03210552,0.75054836,0.77651733,0.025968969,0.6031902,0.41915494,-0.18403524,0.6426451,0.45465618,-0.18798894,0.6921333,0.55331624,-0.13881707
5,519,39369,1.0,36.0,35.0,1.0,1.0,0.0,0.02766132,0.02766132,-76.99869,-3.0705643,-0.0037148856,-0.027903486,-0.0054787733,-0.02448472,-0.044801872,-0.1619203,-0.11711842,0.13241205,0.08111105,-0.051300995,0.14137422,0.08585658,-0.055517636,0.13053676,0.07114865,-0.059388116
5,520,39402,1.0,154.0,153.0,3.0,4.0,1.0,0.0169583,0.0169583,-54.08853,-1.9955902,0.002289772,-0.03208297,0.0004698448,-0.032659635,0.04272347,0.0075681405,-0.03515533,-0.05490237,-0.041396484,0.013505887,-0.07417718,-0.06337911,0.010798074,-0.063806616,-0.058328427,0.0054781884
5,521,39509,1.0,223.0,222.0,1.0,1.0,0.0,0.015968602,0.015968602,-49.25476,-1.4859123,-0.005045574,-0.031002112,-0.009284768,-0.030166686,0.5247919,0.43805143,-0.086740464,0.14156772,-0.04885401,-0.19042173,0.1300807,-0.06162532,-0.19170602,0.18501936,-0.009336222,-0.19435558
5,522,39547,1.0,251.0,250.0,6.0,5.0,-1.0,0.017293002,0.017293002,-46.27594,-1.7360287,0.0021441244,-0.040803444,0.0012864694,-0.036251884,-0.29856595,-0.23366411,0.06490184,-0.38468418,-0.34410554,0.040578634,-0.42291743,-0.3753091,0.047608316,-0.4370877,-0.37994185,0.057145864
5,523,39553,1.0,31.0,30.0,2.0,5.0,3.0,0.02501363,0.02501363,-37.3584,-0.9129219,-0.00076240674,-0.028346527,-0.003584683,-0.027224042,0.17633478,0.32154095,0.14520617,0.120874725,0.16939516,0.04852044,0.15637733,0.16412863,0.007751301,0.17220412,0.20282985,0.03062573
5,524,39841,1.0,2.0,1.0,2.0,2.0,0.0,0.048088625,0.048088625,-38.937958,-0.9024601,0.0008615926,-0.010018811,-0.001323957,-0.0054148287,0.18603575,0.18939705,0.0033612996,0.06482187,0.0021956968,-0.062626176,0.034303073,-0.009209723,-0.043512795,0.051949054,0.018484464,-0.03346459
5,525,39997,1.0,27.0,26.0,1.0,1.0,0.0,0.032486793,0.032486793,-85.849945,-3.3214111,-4.538521e-05,-0.022307098,-0.0021786839,-0.01913093,0.42429435,0.40858325,-0.015711099,0.41802678,0.39065582,-0.02737096,0.4166019,0.3896131,-0.026988804,0.43744978,0.41582423,-0.021625549
5,526,40153,1.0,106.0,105.0,1.0,1.0,0.0,0.014113683,0.014113683,-72.00864,-2.723629,-0.0039742775,-0.030680407,-0.004945144,-0.030399922,0.32731107,0.33522657,0.007915497,-0.023793831,-0.09273139,-0.068937555,0.002146299,-0.086227715,-0.08837401,0.043235272,-0.044441298,-0.08767657
5,527,40235,6.0,115.0,109.0,4.0,14.0,10.0,0.02947319,0.02947319,-63.944366,-2.2087994,0.0006266013,-0.020369206,-0.0022209026,-0.01606699,0.20152345,0.11220846,-0.08931499,0.21081398,0.20474252,-0.006071463,0.21375243,0.21408041,0.00032797456,0.23410745,0.22587621,-0.0082312375
5,528,40423,1.0,636.0,635.0,1.0,1.0,0.0,-0.0021811724,-0.0021811724,-60.351746,-2.0246983,-0.0062438175,-0.054516703,-0.0071650706,-0.053874314,0.20729809,0.1971232,-0.010174885,0.025551183,0.20755821,0.18200703,0.045659404,0.2438322,0.1981728,0.07782134,0.24618508,0.16836375
5,529,40548,2.0,201.0,199.0,1.0,1.0,0.0,0.00875634,0.00875634,-70.01535,-2.453064,-0.0035057701,-0.030646432,-0.008675121,-0.03626325,0.23964576,0.20124915,-0.03839661,0.18703808,0.30813816,0.12110008,0.1974807,0.30821443,0.11073373,0.21940947,0.31807533,0.09866586
5,530,40575,1.0,5.0,4.0,1.0,1.0,0.0,0.028716557,0.028716557,-76.70294,-3.3332138,-0.003434889,-0.028544527,-0.0048710257,-0.023811385,0.5554314,0.5736887,0.01825726,0.34412113,0.44862023,0.1044991,0.3520248,0.50075847,0.14873368,0.42179868,0.55948365,0.13768497
5,531,40721,7.0,344.0,337.0,2.0,1.0,-1.0,0.016779613,0.016779613,-67.8526,-1.9854202,0.011956267,-0.024541672,0.006422106,-0.026312988,0.21704419,0.09587976,-0.121164426,0.06631915,0.47549126,0.40917212,0.020800909,0.45671907,0.43591815,0.07257228,0.43891057,0.36633828
5,532,40770,1.0,36.0,35.0,1.0,2.0,1.0,0.027238522,0.027238522,-51.845062,-1.570797,-0.0055083334,-0.022348255,-0.007511463,-0.020909894,0.7706742,0.6508335,-0.11984074,0.5945833,0.62736297,0.032779694,0.6159668,0.6437484,0.027781606,0.6621429,0.6677728,0.0056299567
5,533,40840,4.0,321.0,317.0,1.0,2.0,1.0,0.018380962,0.018380962,-54.17804,-1.6648521,-0.0053783543,-0.031582613,-0.0056280866,-0.032427628,0.31824625,0.32006025,0.0018140078,0.22319542,0.2625208,0.03932537,0.23423518,0.29521883,0.060983643,0.25367084,0.31120405,0.057533205
5,534,40846,1.0,56.0,55.0,1.0,1.0,0.0,0.019862566,0.019862566,-52.29071,-1.4839039,-0.004868347,-0.040152837,-0.0072208866,-0.034281757,0.48662496,0.46185634,-0.02476862,0.45437536,0.055944614,-0.39843073,0.4712771,0.076176845,-0.39510024,0.4905609,0.12741739,-0.3631435
5,535,40909,1.0,95.0,94.0,1.0,1.0,0.0,0.019128185,0.019128185,-48.061676,-1.6411133,0.0037970282,-0.024721745,-0.0014393553,-0.027367808,0.1402607,0.1821923,0.0419316,0.10202652,0.2586584,0.15663189,0.08198967,0.24769709,0.16570741,0.09289895,0.2583022,0.16540326
5,536,40920,1.0,253.0,252.0,2.0,9.0,7.0,0.012179092,0.012179092,-44.94925,-1.8944225,0.0032375492,-0.034077,-0.0045028143,-0.035063684,0.13151741,0.16955195,0.038034543,-0.16435626,-0.16530466,-0.0009483993,-0.18455112,-0.17452279,0.0100283325,-0.15415472,-0.13196461,0.022190109
5,537,40924,1.0,44.0,43.0,1.0,1.0,0.0,0.03278588,0.03278588,-15.994843,0.15857315,-0.005527932,-0.018350147,-0.006651584,-0.018899351,0.45832735,0.4659411,0.0076137483,0.39920068,0.4282779,0.029077232,0.41453862,0.44411018,0.029571563,0.42854276,0.4548892,0.026346445
5,538,40935,17.0,129.0,112.0,36.0,15.0,-21.0,0.036687322,0.036687322,-57.97281,-2.1819344,0.014103301,-0.02031491,0.008469846,-0.01987249,0.32898095,0.3102061,-0.018774867,0.29537892,0.34944054,0.05406162,0.31634882,0.3788186,0.06246978,0.33545804,0.38379395,0.04833591
5,539,40979,17.0,482.0,465.0,5.0,3.0,-2.0,0.018656448,0.018656448,-44.80713,-1.2314396,0.003099002,-0.024712332,0.0026683994,-0.0288941,0.1325612,0.29345438,0.16089317,0.15562712,0.16700318,0.011376068,0.18239416,0.17942178,-0.0029723793,0.17992063,0.19944008,0.019519448
5,540,41056,1.0,34.0,33.0,3.0,1.0,-2.0,0.023920022,0.023920022,-95.58023,-3.6439362,0.0028576255,-0.020251717,-0.0008844845,-0.024126716,0.13494201,0.15551944,0.02057743,0.2876367,0.2884687,0.00083199143,0.30060142,0.28528643,-0.015314996,0.30411482,0.2908525,-0.0132623315
5,541,41097,1.0,7.0,6.0,1.0,1.0,0.0,0.03811028,0.03811028,-58.250732,-1.3950729,-0.00631506,-0.009779997,-0.006442394,-0.010933761,0.0618377,0.15470079,0.09286308,0.10488522,-0.050139535,-0.15502475,0.080960676,-0.09214435,-0.17310503,0.09085237,-0.05048333,-0.1413357
5,542,41116,19.0,326.0,307.0,18.0,5.0,-13.0,0.024097921,0.024097921,-70.881744,-2.5800457,0.013785703,-0.029377224,0.010411056,-0.029008811,0.2940643,0.19392481,-0.1001395,-0.06756177,-0.033781335,0.033780433,-0.087386526,-0.072397515,0.014989011,-0.060314383,-0.04835911,0.011955272
5,543,41137,1.0,6.0,5.0,1.0,1.0,0.0,0.03019537,0.03019537,-64.86871,-2.8249874,0.0023922026,-0.01994649,-0.0014696941,-0.022959553,0.51968503,0.62738705,0.10770202,0.4148667,0.29614317,-0.11872351,0.42973128,0.31554392,-0.11418736,0.46189845,0.37821737,-0.08368108
5,544,41162,3.0,272.0,269.0,11.0,2.0,-9.0,0.01687013,0.01687013,-47.04419,-1.90699,0.012787741,-0.028618168,0.008696251,-0.032154873,0.39021957,0.34979734,-0.04042223,0.47318268,0.43733278,-0.0358499,0.45699328,0.45316902,-0.0038242638,0.4727815,0.4672422,-0.005539298
5,545,41482,10.0,68.0,58.0,53.0,34.0,-19.0,0.04370917,0.04370917,-11.968414,0.2181282,0.012799498,-0.008993894,0.0066826865,-0.014749598,0.29727426,0.31144205,0.014167786,0.21979402,0.23531435,0.015520334,0.24378069,0.26170456,0.017923877,0.26077774,0.27997068,0.019192934
5,546,41566,40.0,278.0,238.0,25.0,5.0,-20.0,0.03175625,0.03175625,-26.900574,-0.4669342,0.0060099065,-0.031064238,0.0065239295,-0.027415428,0.5334618,0.4596906,-0.07377121,0.2976187,0.32127753,0.023658842,0.28804117,0.31163865,0.023597479,0.3302769,0.34934187,0.019064963
5,547,41574,1.0,248.0,247.0,1.0,2.0,1.0,0.007454749,0.007454749,-15.087433,0.20965958,-0.0050767437,-0.049110156,-0.0034625903,-0.049031418,0.5036124,0.58768266,0.084070265,0.3237489,0.22246194,-0.10128695,0.31091163,0.22175713,-0.0891545,0.35840487,0.28767142,-0.07073346
5,548,41623,5.0,438.0,433.0,2.0,4.0,2.0,0.017382966,0.017382966,-27.455475,-0.42827034,0.001025198,-0.03604892,-0.0019716546,-0.03571914,-0.038787503,-0.046576586,-0.007789083,0.016410444,-0.06359562,-0.08000606,0.024390787,-0.055373892,-0.07976468,0.019828338,-0.056700733,-0.07652907
5,549,41653,2.0,81.0,79.0,1.0,1.0,0.0,0.031101868,0.031101868,-58.50659,-1.8624516,0.0004755892,-0.017897986,-3.4853816e-05,-0.018700216,0.7990459,0.7643701,-0.034675837,0.6524755,0.5731303,-0.07934517,0.67695665,0.59191,-0.08504665,0.7189406,0.6393423,-0.07959831
5,550,41710,2.0,36.0,34.0,1.0,1.0,0.0,0.030645944,0.030645944,-61.12918,-2.655634,-0.00029851124,-0.020536892,-0.0009528883,-0.021532543,0.14417416,-0.04489313,-0.18906729,-0.1314638,0.078093566,0.20955735,-0.14370705,0.07861507,0.22232212,-0.13062939,0.07291389,0.20354328
5,551,41778,4.0,303.0,299.0,13.0,9.0,-4.0,0.016743056,0.016743056,-56.286316,-2.1453228,0.004242301,-0.04680298,0.003104806,-0.038379483,-0.15705301,-0.14574179,0.011311218,-0.056960568,-0.06250415,-0.005543582,-0.05583964,-0.05743205,-0.0015924126,-0.07166201,-0.0722268,-0.00056479126
5,552,41814,1.0,84.0,83.0,1.0,1.0,0.0,0.0136439465,0.0136439465,-79.38254,-3.3377075,-0.0059781447,-0.033207767,-0.006655462,-0.033279337,0.30440247,0.45617718,0.1517747,0.1372511,0.2732002,0.13594912,0.15088987,0.3080668,0.15717691,0.18261287,0.34016326,0.1575504
5,553,41927,7.0,536.0,529.0,2.0,10.0,8.0,0.009788211,0.009788211,-87.18875,-2.6627483,-0.0030535497,-0.03678132,-0.004867047,-0.036722336,0.16499506,0.07824939,-0.08674567,0.13189636,0.074878246,-0.057018116,0.08693117,0.03457152,-0.052359648,0.10397106,0.04083635,-0.06313471
5,554,41934,1.0,27.0,26.0,1.0,1.0,0.0,0.0145731345,0.0145731345,-44.018494,-1.4592781,0.0030104332,-0.038655195,-0.00075634196,-0.03878256,0.6803434,0.6722494,-0.008094013,0.33554706,0.62324166,0.2876946,0.3126462,0.6324911,0.3198449,0.4089191,0.6574371,0.24851799
5,555,42007,9.0,156.0,147.0,1.0,1.0,0.0,0.027842592,0.027842592,-61.52478,-2.3176441,-0.0016780682,-0.012773894,-0.004277857,-0.014998592,0.000538807,0.22148515,0.22094634,0.08194139,0.02513434,-0.05680705,0.06893774,0.002683606,-0.06625414,0.064531334,0.021139113,-0.04339222
5,556,42126,1.0,9.0,8.0,1.0,1.0,0.0,0.022460058,0.022460058,-48.43637,-1.8352242,-0.0058606043,-0.017336816,-0.0086810365,-0.022367835,0.15509722,0.088305116,-0.0667921,0.35999805,0.4400102,0.08001214,0.39288464,0.46216705,0.06928241,0.38750592,0.4472755,0.05976957
5,557,42166,1.0,83.0,82.0,1.0,1.0,0.0,0.018731087,0.018731087,-71.64322,-2.5255432,-0.0074084736,-0.0226557,-0.008998159,-0.023116615,0.33434072,0.47130916,0.13696843,0.41131344,0.26713315,-0.1441803,0.4121609,0.2735793,-0.1385816,0.44143108,0.311184,-0.13024709
5,558,42171,1.0,89.0,88.0,1.0,1.0,0.0,0.006759271,0.006759271,-96.3692,-4.4804707,9.33595e-05,-0.042514533,-0.0030011237,-0.043987207,-0.3100274,-0.3162947,-0.006267309,0.3131316,0.479846,0.1667144,0.29630372,0.4730008,0.17669708,0.27402157,0.4542897,0.18026814
5,559,42214,1.0,308.0,307.0,1.0,1.0,0.0,0.0034076907,0.0034076907,-45.069702,-1.5347271,-0.009343378,-0.04892036,-0.01124642,-0.04607868,0.5383091,0.540755,0.0024458766,0.5215603,0.579191,0.057630718,0.5262942,0.57560015,0.049305975,0.5542755,0.60762674,0.053351223
5,560,42224,1.0,131.0,130.0,1.0,1.0,0.0,0.020077169,0.020077169,-24.847168,-0.47929764,-0.0029702447,-0.03242769,-0.0033343062,-0.03052025,0.35565576,0.30448788,-0.051167876,0.08559674,0.27313504,0.1875383,0.08062326,0.26057574,0.17995247,0.11884606,0.28062823,0.16178218
5,561,42238,1.0,89.0,88.0,3.0,1.0,-2.0,0.02437967,0.02437967,-35.78784,-1.1035347,0.002780307,-0.022718139,-0.0015392452,-0.023563273,0.3595413,0.40169927,0.042157978,0.12523448,0.1523331,0.027098611,0.101183444,0.13245632,0.031272873,0.1382805,0.17514579,0.036865294
5,562,42299,3.0,97.0,94.0,1.0,1.0,0.0,0.02257527,0.02257527,-66.188324,-1.6661797,-0.0069009103,-0.018005244,-0.010195006,-0.022794433,0.3524421,0.30354893,-0.048893154,0.111213006,-0.019168284,-0.13038129,0.16312383,0.008552618,-0.1545712,0.20864387,0.059587892,-0.14905597
5,563,42473,1.0,37.0,36.0,1.0,1.0,0.0,0.032984346,0.032984346,-34.87726,-0.8426857,-0.007416066,-0.016171943,-0.0072731078,-0.016072497,0.43597752,0.44228148,0.006303966,0.40148184,0.43988356,0.038401723,0.40712357,0.43142706,0.024303496,0.41894484,0.44529474,0.026349902
5,564,42563,1.0,20.0,19.0,1.0,1.0,0.0,0.040930577,0.040930577,-9.60202,0.25437546,-0.001899045,-0.01675057,-0.004174132,-0.015356753,0.2750462,0.24054007,-0.034506127,0.23767377,0.352623,0.11494921,0.2410025,0.35618582,0.11518332,0.25502107,0.35938933,0.10436827
5,565,42642,17.0,140.0,123.0,18.0,15.0,-3.0,0.036152028,0.036152028,-51.627045,-1.6423893,0.005709391,-0.017596524,0.0050587766,-0.016267419,0.28297907,0.2725017,-0.010477364,-0.008048805,-0.019857137,-0.011808331,-0.044686805,-0.067154795,-0.02246799,0.0011392975,-0.0294779,-0.030617198
5,566,42648,125.0,238.0,113.0,16.0,76.0,60.0,0.03759197,0.03759197,-69.417755,-1.8167095,0.00016910024,-0.011533344,1.723878e-05,-0.007768182,0.66918063,0.6582226,-0.010958016,0.48996335,0.1811343,-0.30882907,0.50564295,0.16083378,-0.34480917,0.56343836,0.24716908,-0.31626928
5,567,42697,2.0,6.0,4.0,1.0,11.0,10.0,0.04363836,0.04363836,-41.609497,-0.92879677,-0.0026644617,-0.006721992,-0.0034416057,-0.008010913,0.09697828,0.19151747,0.094539195,0.12422819,0.002790118,-0.12143807,0.13466758,0.0010359703,-0.1336316,0.14375132,0.024509244,-0.11924208
5,568,42781,46.0,308.0,262.0,9.0,11.0,2.0,0.03374222,0.03374222,-52.156677,-1.7584743,0.0028949212,-0.022793747,0.0016585421,-0.02199116,0.33986238,0.38205224,0.042189866,-0.029297754,0.01929004,0.04858779,-0.039770633,0.0124114975,0.05218213,6.0360344e-05,0.06440749,0.06434713
5,569,42851,1.0,1.0,0.0,1.0,1.0,0.0,0.04677698,0.04677698,-10.754913,0.5059986,-0.008201234,-0.0042530783,-0.008130126,-0.010013394,0.11053899,0.19560266,0.085063666,0.024250139,0.0027628057,-0.021487333,0.014031348,-0.0007528339,-0.0147841815,0.022739507,0.015463922,-0.007275585
5,570,42912,4.0,36.0,32.0,7.0,1.0,-6.0,0.04221894,0.04221894,-22.292572,-0.5220947,0.008458022,-0.011075489,0.0042816326,-0.016055264,0.14750835,0.29801127,0.15050292,0.06838834,0.05189462,-0.016493723,0.06703271,0.05312736,-0.01390535,0.07867137,0.07929265,0.0006212741
5,571,42946,11.0,74.0,63.0,2.0,2.0,0.0,0.028594416,0.028594416,-23.922607,0.22746849,0.0045966804,-0.017797645,-0.006000351,-0.013086256,0.5903139,0.5579068,-0.032407105,0.45180443,0.16438873,-0.28741568,0.47339463,0.18456505,-0.28882957,0.5177196,0.2751844,-0.24253523
5,572,42980,1.0,225.0,224.0,1.0,1.0,0.0,0.0071437694,0.0071437694,-50.78595,-2.1033,-0.0027010106,-0.04933305,-0.004679613,-0.049199235,0.4395813,0.3995402,-0.04004112,0.15101863,-0.048946578,-0.19996521,0.13796005,-0.043536905,-0.18149695,0.17934214,0.013344713,-0.16599742
5,573,43107,6.0,41.0,35.0,5.0,2.0,-3.0,0.03873697,0.03873697,-36.336517,-1.4517612,0.0018945597,0.00039785355,0.0024482422,-0.0031252727,0.18365191,0.056123752,-0.12752816,-0.01783297,-0.22071561,-0.20288265,-0.019852644,-0.24258646,-0.22273383,0.011239643,-0.22235,-0.23358965
5,574,43156,1.0,180.0,179.0,1.0,1.0,0.0,0.020548835,0.020548835,-70.661285,-2.434578,-0.00026343763,-0.035115656,-0.002535507,-0.035292603,0.24367882,0.11870738,-0.12497144,0.2020542,0.18403672,-0.018017486,0.20685954,0.18029676,-0.02656278,0.22467764,0.18434526,-0.040332377
5,575,43157,1.0,24.0,23.0,1.0,1.0,0.0,0.032694865,0.032694865,-108.03049,-4.289568,-0.0029179864,-0.014196113,-0.0042930692,-0.01702575,0.73476464,0.765175,0.03041035,0.5253757,0.59694713,0.07157141,0.5251495,0.58130324,0.056153715,0.5733267,0.6302069,0.056880176
5,576,43159,1.0,4.0,3.0,6.0,3.0,-3.0,0.050274093,0.050274093,-87.414825,-3.3313046,0.0039498582,-0.010382935,0.0037089773,-0.007885549,0.44915697,0.39937472,-0.049782246,0.065106,0.03877233,-0.026333667,0.13091232,0.064497285,-0.066415034,0.22179945,0.13850431,-0.08329514
5,577,43164,1.0,43.0,42.0,2.0,1.0,-1.0,0.0302727,0.0302727,-23.239471,-0.4494667,0.009277217,-0.027506843,0.0031815916,-0.024416607,-0.0072896685,-0.028641036,-0.021351367,-0.1335156,0.11407067,0.24758627,-0.15007308,0.10953142,0.2596045,-0.14331378,0.107412465,0.25072625
5,578,43224,4.0,41.0,37.0,1.0,5.0,4.0,0.037600607,0.037600607,-47.312164,-1.4672356,-0.00353935,-0.020819861,-0.0048567913,-0.018570315,0.080023244,-0.064603984,-0.14462723,0.09537558,0.15092935,0.055553764,0.09352634,0.15180628,0.05827994,0.09686612,0.13754115,0.04067502
5,579,43250,10.0,320.0,310.0,4.0,9.0,5.0,0.01565973,0.01565973,-33.055115,-0.96655655,-0.0014818683,-0.022959962,-0.002191946,-0.023049261,0.12505569,0.21730599,0.0922503,0.047502685,-0.018276332,-0.065779015,0.07597405,-0.0015127572,-0.077486806,0.0885599,0.026682837,-0.061877064
5,580,43288,1.0,88.0,87.0,1.0,1.0,0.0,0.028804183,0.028804183,-65.39209,-2.6446152,-0.003148254,-0.02353751,-0.0033371523,-0.02560284,0.36800218,0.36628178,-0.0017203987,0.031775836,-0.023335181,-0.055111017,0.033207092,-0.049486984,-0.082694076,0.054158095,-0.014917174,-0.06907527
5,581,43428,5.0,220.0,215.0,1.0,1.0,0.0,0.022094298,0.022094298,-61.072296,-2.4046955,-0.0072050057,-0.023072079,-0.0062490385,-0.024693985,0.54356194,0.5535211,0.009959161,0.3154669,0.37896764,0.06350073,0.30465317,0.34966427,0.045011103,0.4132583,0.43550587,0.022247553
5,582,43429,1.0,197.0,196.0,1.0,1.0,0.0,-0.0020867214,-0.0020867214,-40.333466,-1.3371716,-0.0010109656,-0.04518691,-0.0055051744,-0.044037547,0.5999867,0.5432889,-0.056697786,0.57265943,0.45345482,-0.11920461,0.5661684,0.4435945,-0.12257394,0.59178054,0.49357772,-0.098202825
5,583,43445,2.0,115.0,113.0,1.0,1.0,0.0,0.011870112,0.011870112,-86.44125,-3.6172066,-0.0043483377,-0.027937166,-0.005737558,-0.03738457,0.038812507,0.118876345,0.080063835,-0.04783933,-0.12906475,-0.081225425,-0.03388311,-0.12947069,-0.09558758,-0.026964407,-0.109476775,-0.082512364
5,584,43465,10.0,37.0,27.0,11.0,14.0,3.0,0.043623883,0.043623883,-12.498657,0.33247566,0.0034511648,-0.0053772777,0.0032500066,-0.0064071864,0.029108007,-0.0014645848,-0.030572591,-0.008505001,-0.17885788,-0.17035288,-0.019193267,-0.16250892,-0.14331566,-0.01630196,-0.16131277,-0.14501081
5,585,43500,1.0,28.0,27.0,2.0,3.0,1.0,0.030259725,0.030259725,-53.449036,-1.7138443,0.0012926385,-0.020026766,-0.00031373277,-0.025328342,0.5568693,0.53379846,-0.023070872,0.33718008,0.36201254,0.024832457,0.33035523,0.3708375,0.040482283,0.3766712,0.404177,0.027505815
5,586,43619,1.0,44.0,43.0,1.0,5.0,4.0,0.027812634,0.027812634,-60.431732,-2.3013744,-0.0028844401,-0.0276088,-0.0029599778,-0.02416879,0.6951572,0.6575069,-0.037650287,0.023851028,0.015994973,-0.007856054,0.054376777,0.03380512,-0.020571657,0.19809696,0.14587127,-0.052225694
5,587,43675,1.0,266.0,265.0,1.0,1.0,0.0,0.010413881,0.010413881,-80.67145,-3.1213703,-0.003249526,-0.03603678,-0.0056435727,-0.0383972,0.08422561,0.095293604,0.011067994,0.0044459077,0.15475158,0.15030567,0.017033711,0.16781351,0.1507798,0.029067196,0.16562398,0.13655677
5,588,43689,1.0,4.0,3.0,6.0,2.0,-4.0,0.04739717,0.04739717,-34.38028,-0.9636059,0.0053002723,-0.013487782,0.005512096,-0.012989283,0.34961885,0.25791103,-0.091707826,0.31607872,0.23908526,-0.076993465,0.32609016,0.27233067,-0.053759485,0.35558948,0.29779947,-0.05779001
5,589,43746,6.0,45.0,39.0,2.0,3.0,1.0,0.03229961,0.03229961,-22.085999,-0.70650864,-0.0028669313,-0.009135172,-0.0034470372,-0.009408329,0.3617528,0.3398314,-0.021921396,0.157369,0.19094828,0.033579275,0.1537269,0.19986053,0.046133623,0.21384251,0.26256797,0.048725456
5,590,43818,1.0,6.0,5.0,1.0,1.0,0.0,0.018545326,0.018545326,-67.718506,-2.9990845,-0.00068881735,-0.04173882,0.0005523488,-0.037222285,0.5368919,0.53590536,-0.0009865165,0.3543418,0.064754054,-0.28958774,0.36273998,0.0673369,-0.29540306,0.43107855,0.13889283,-0.29218572
5,591,43820,1.0,18.0,17.0,1.0,1.0,0.0,0.01889985,0.01889985,-71.532166,-2.6428852,-0.0015093759,-0.020579573,-0.0075471736,-0.02874738,0.431953,0.3046068,-0.12734622,-0.19267069,-0.20449057,-0.011819884,-0.20894082,-0.23341274,-0.024471924,-0.14325003,-0.18433428,-0.041084245
5,592,43852,24.0,87.0,63.0,19.0,11.0,-8.0,0.045139905,0.045139905,-14.388123,0.40560913,0.006911371,-0.010108743,0.0066312253,-0.0072887503,0.8077989,0.818956,0.011157095,0.589825,0.46970603,-0.120118946,0.59974164,0.48420188,-0.11553976,0.65866745,0.582731,-0.07593644
5,593,43950,1.0,1.0,0.0,2.0,1.0,-1.0,0.045284413,0.045284413,-99.282135,-4.5287704,0.003659431,-0.002786234,-0.00037666038,-0.003686998,0.6548438,0.60151917,-0.05332464,0.72055054,0.45292476,-0.26762578,0.7330639,0.46312046,-0.26994342,0.74223596,0.50720817,-0.23502779
5,594,43984,1.0,49.0,48.0,1.0,4.0,3.0,0.031151958,0.031151958,-96.5394,-3.555153,-0.0028922446,-0.027661815,-0.0058304295,-0.025298797,-0.0053306506,0.110642284,0.115972936,-0.21411619,-0.025433488,0.1886827,-0.2405457,-0.05477095,0.18577476,-0.23861976,-0.031404078,0.20721568
5,595,44052,1.0,130.0,129.0,1.0,1.0,0.0,0.0021093115,0.0021093115,-44.46289,-1.2609959,-0.007291332,-0.044106156,-0.013659321,-0.04529722,0.02244038,0.108631045,0.08619066,0.3476095,0.37264076,0.025031269,0.3447457,0.3569383,0.012192607,0.3392747,0.35547265,0.01619795
5,596,44097,3.0,77.0,74.0,1.0,1.0,0.0,0.026115894,0.026115894,-55.771423,-1.8754311,-0.0014644265,-0.021193102,-0.004397001,-0.020659111,0.089753956,0.075239114,-0.014514841,0.09660282,0.03461972,-0.0619831,0.10266583,0.031499267,-0.07116656,0.10877725,0.03830816,-0.07046909
5,597,44107,7.0,258.0,251.0,15.0,10.0,-5.0,0.027935263,0.027935263,-43.825867,-1.6557331,0.002011858,-0.031827815,0.00601463,-0.031763457,0.07294108,0.10527941,0.03233833,0.030013314,-0.027602423,-0.057615735,-0.043368038,-0.084053636,-0.040685598,-0.030117748,-0.06855625,-0.0384385
5,598,44138,3.0,1.0,-2.0,2.0,1.0,-1.0,0.04481804,0.04481804,-51.466187,-2.1779842,0.0018234551,0.0054644234,0.000490278,4.1339546e-05,0.2930735,0.32373258,0.03065908,0.35247022,0.39669225,0.044222027,0.37513942,0.42242816,0.047288746,0.3846236,0.4305642,0.045940608
5,599,44144,20.0,236.0,216.0,1.0,8.0,7.0,0.02539118,0.02539118,-20.159515,-0.29193687,-0.00504788,-0.014567252,-0.005123727,-0.017635234,0.17532416,0.14162429,-0.03369987,0.04544191,0.11002167,0.06457976,0.03429206,0.115657255,0.0813652,0.056683667,0.1253203,0.06863663
5,600,44184,50.0,66.0,16.0,4.0,6.0,2.0,0.046232723,0.046232723,-82.01849,-2.811596,0.0034463406,-0.0084107295,0.00063319877,-0.007292792,-0.17450501,-0.25566852,-0.08116351,-0.3312651,-0.2552654,0.07599968,-0.32902315,-0.2794673,0.049555838,-0.34164098,-0.29389828,0.047742695
5,601,44324,1.0,1.0,0.0,1.0,1.0,0.0,0.050529208,0.050529208,-21.577118,-0.22930336,-0.0002994649,-0.006607063,0.00052109733,-0.0074635334,0.55856127,0.5228866,-0.03567469,0.32810748,0.3652275,0.037120014,0.33498862,0.37045127,0.035462648,0.37475815,0.4041509,0.02939275
5,602,44339,1.0,85.0,84.0,1.0,1.0,0.0,0.02481687,0.02481687,-41.07794,-1.2204628,-0.0033780038,-0.028370019,-0.005665764,-0.027189735,0.50543696,0.5047067,-0.0007302761,0.43428132,0.39196345,-0.042317867,0.46611962,0.40883365,-0.057285964,0.4932161,0.4420212,-0.051194906
5,603,44369,23.0,187.0,164.0,2.0,2.0,0.0,0.028536903,0.028536903,-93.10684,-3.65728,0.0010846835,-0.021278715,-0.00057468005,-0.0202369,0.42190793,0.37156117,-0.050346762,0.35592356,0.36415142,0.008227855,0.36514872,0.3665923,0.0014435649,0.40819865,0.389918,-0.018280655
5,604,44412,1.0,9.0,8.0,2.0,3.0,1.0,0.047755364,0.047755364,-13.185577,0.3496151,0.002924066,-0.010453422,0.0002834797,-0.0108159,0.26954174,0.20287862,-0.066663116,0.13514256,0.21556903,0.08042647,0.124532096,0.2228674,0.0983353,0.15817426,0.24137257,0.08319831
5,605,44705,87.0,450.0,363.0,17.0,49.0,32.0,0.02739726,0.02739726,-10.019653,0.6905575,-0.0014461726,-0.00889425,-0.0015670285,-0.016104259,0.0738045,0.10167276,0.027868263,0.0954083,0.056106105,-0.039302193,0.09272512,0.034910608,-0.057814512,0.0961771,0.044295233,-0.05188187
5,606,44720,1.0,54.0,53.0,1.0,1.0,0.0,0.019159045,0.019159045,-51.89142,-1.8492565,-0.0028356165,-0.035263307,-0.0058258325,-0.03436911,0.03218214,0.16604052,0.13385838,0.050774127,0.1913683,0.14059417,0.050988298,0.20254986,0.15156156,0.053612348,0.21559286,0.16198051
5,607,44729,11.0,46.0,35.0,1.0,1.0,0.0,0.038546287,0.038546287,-49.78134,-1.520834,-0.002365034,0.0070361346,-0.004572138,-0.0053266473,0.1602458,0.20704015,0.04679434,0.13806966,0.16322562,0.025155962,0.1325161,0.14057842,0.008062318,0.15399882,0.17039931,0.016400486
5,608,44736,8.0,376.0,368.0,1.0,1.0,0.0,0.017712213,0.017712213,-54.85144,-1.6794376,-0.005170066,-0.030719526,-0.0075209886,-0.02871437,-0.06512508,-0.10931753,-0.044192456,-0.13253392,-0.112316884,0.020217039,-0.1320404,-0.10820291,0.023837484,-0.12891369,-0.11258321,0.016330473
5,609,44844,1.0,6.0,5.0,1.0,1.0,0.0,0.035168048,0.035168048,-22.782104,-0.15787506,-0.004176963,-0.021680754,-0.0059249774,-0.018623475,0.023083022,0.09883116,0.07574814,0.16052222,0.053410646,-0.10711157,0.17095163,0.05264652,-0.11830512,0.17147979,0.060911857,-0.110567935
5,610,44971,292.0,17.0,-275.0,363.0,222.0,-141.0,0.068725914,0.068725914,-39.377167,-0.92808914,0.018003654,0.027126256,0.015498824,0.018225376,0.18865071,0.1715225,-0.017128214,0.13867928,0.23499323,0.09631395,0.12481774,0.22590446,0.10108673,0.13853884,0.22148514,0.0829463
5,611,44980,1.0,56.0,55.0,1.0,1.0,0.0,0.025204923,0.025204923,-59.783417,-2.6019878,0.005261354,-0.02913217,0.003894722,-0.031350918,0.362223,0.38262066,0.020397663,0.18267591,-0.005620086,-0.188296,0.18364373,0.0056407554,-0.17800297,0.22195454,0.073837005,-0.14811754
5,612,45129,2.0,10.0,8.0,1.0,1.0,0.0,0.046415575,0.046415575,-30.521912,-0.5607834,0.00014437735,-0.008668404,-0.0039003342,-0.0058236346,0.115682855,0.34030014,0.22461729,0.26740345,0.117463954,-0.1499395,0.27220365,0.11749799,-0.15470567,0.27820426,0.16112061,-0.117083654
5,613,45213,5.0,59.0,54.0,1.0,2.0,1.0,0.0394453,0.0394453,-63.304535,-2.661129,-0.0008415915,-0.012661468,-0.0032043979,-0.01664146,0.09559212,0.11830312,0.022711001,0.11174035,0.16885604,0.05711569,0.11335789,0.17022398,0.056866094,0.12466026,0.17520757,0.05054731
5,614,45356,1.0,2.0,1.0,1.0,1.0,0.0,0.026970811,0.026970811,-75.09592,-2.2169113,-0.0077055655,-0.031018712,-0.01135578,-0.028420635,0.5704522,0.5372398,-0.033212423,0.5319097,0.3023098,-0.2295999,0.5094886,0.27771083,-0.23177776,0.5439499,0.3196198,-0.2243301
5,615,45595,8.0,47.0,39.0,155.0,3.0,-152.0,0.051763564,0.051763564,-49.526398,-2.351677,0.01864416,-0.007515708,0.01720397,-0.010208456,0.23026387,0.28323817,0.0529743,-0.0057407687,-0.02664801,-0.02090724,-0.025766458,-0.043605387,-0.017838929,-0.0011575298,-0.012057873,-0.010900344
5,616,45632,3.0,15.0,12.0,4.0,2.0,-2.0,0.043200318,0.043200318,-56.54065,-2.3774986,0.0070176683,-0.0076845847,0.0050122514,-0.0078688525,0.062830836,0.16379333,0.10096249,0.23630008,0.19051053,-0.045789555,0.24616466,0.19732015,-0.048844516,0.25002116,0.21644336,-0.0335778
5,617,45746,42.0,658.0,616.0,15.0,16.0,1.0,0.018092142,0.018092142,-17.152283,0.2528286,0.007293036,-0.034536526,0.0015219431,-0.03438262,0.2963738,0.28126386,-0.015109956,0.037262827,-0.16378434,-0.20104717,0.07916548,-0.13871036,-0.21787584,0.13043106,-0.05538033,-0.18581139
5,618,45750,57.0,486.0,429.0,5.0,3.0,-2.0,0.024960246,0.024960246,-60.25345,-2.1020794,0.0050721318,-0.020471402,0.00207364,-0.023276828,0.4408327,0.35240328,-0.08842942,0.43782163,0.41793767,-0.01988396,0.4989459,0.4749187,-0.024027199,0.5379804,0.4964796,-0.041500777
5,619,45837,11.0,356.0,345.0,2.0,1.0,-1.0,0.021194771,0.021194771,-91.83688,-3.689087,0.005681999,-0.022676677,0.00036595576,-0.025211874,-0.05526857,0.17450021,0.22976878,-0.26838347,-0.20457058,0.0638129,-0.27194488,-0.21750624,0.054438636,-0.26736745,-0.20409843,0.06326902
5,620,45843,17.0,434.0,417.0,7.0,4.0,-3.0,0.016939903,0.016939903,-49.431488,-1.8370705,0.00059586205,-0.03482656,0.0023422558,-0.029575037,0.7418073,0.7174314,-0.024375856,0.7424542,0.68075037,-0.0617038,0.7591348,0.6998135,-0.059321344,0.7740834,0.72120404,-0.052879333
5,621,45945,34.0,109.0,75.0,27.0,18.0,-9.0,0.04126414,0.04126414,-40.615448,-0.9547882,0.007477492,-0.015197702,0.00603956,-0.014746852,-0.048233498,-0.031833827,0.01639967,0.10451936,0.29506359,0.19054422,0.10752982,0.30376753,0.19623771,0.09796751,0.2832684,0.18530089
5,622,45981,5.0,337.0,332.0,8.0,10.0,2.0,0.019835189,0.019835189,-17.773071,-0.30709648,0.003960382,-0.02784485,0.002291903,-0.030992657,0.039072778,0.14759335,0.10852057,-0.09958055,-0.063973665,0.035606883,-0.114898965,-0.082786694,0.03211227,-0.10269777,-0.058794413,0.043903355
5,623,45982,11.0,74.0,63.0,4.0,1.0,-3.0,0.0374365,0.0374365,-31.66043,-0.5060501,0.0055171736,-0.007593561,0.0015704595,-0.008149967,0.28905115,0.3988934,0.10984224,0.1806457,0.21925172,0.038606018,0.16224772,0.21305546,0.050807744,0.1923815,0.25354943,0.061167926
5,624,45999,2.0,2.0,0.0,1.0,1.0,0.0,0.047071397,0.047071397,-59.87793,-1.9045982,-0.003481239,-0.00080614164,-0.0013398603,-0.00091246516,0.28876275,0.34185803,0.05309528,0.0657212,0.124186546,0.058465347,0.05979659,0.11337134,0.053574752,0.09102908,0.14965767,0.05862859
5,625,46002,2.0,52.0,50.0,12.0,2.0,-10.0,0.03900859,0.03900859,-25.900726,-0.46595764,0.0065974966,-0.008073568,0.0055022202,-0.015108824,0.22471134,0.16773732,-0.056974024,-0.046075236,-0.017192146,0.02888309,-0.05241079,-0.027494384,0.024916405,-0.016699083,0.0002400775,0.016939161
5,626,46036,2.0,15.0,13.0,1.0,1.0,0.0,0.02383031,0.02383031,-76.48764,-3.195118,-0.005954683,-0.019540865,-0.0057520866,-0.01907222,-0.014447595,-0.11443001,-0.09998242,0.13234937,0.04858885,-0.08376052,0.117381126,0.03231453,-0.085066594,0.10656381,0.01462671,-0.091937095
5,627,46101,5.0,83.0,78.0,1.0,1.0,0.0,0.029147647,0.029147647,-79.925415,-3.1227245,-0.004439354,-0.015909534,-0.0070263743,-0.016773313,0.73429745,0.72671336,-0.007584095,0.64862245,0.59190124,-0.05672121,0.65349364,0.59691066,-0.056582987,0.6768037,0.63990086,-0.036902845
5,628,46136,36.0,545.0,509.0,53.0,45.0,-8.0,0.019302767,0.019302767,-86.11487,-3.2471638,0.0033480637,-0.027036615,0.0048191845,-0.030598484,0.1348173,0.19032969,0.055512384,-0.052187618,-0.013169008,0.03901861,-0.017231766,-0.013878259,0.0033535073,0.008568857,0.034711573,0.026142716
5,629,46150,3.0,132.0,129.0,4.0,1.0,-3.0,0.03072979,0.03072979,-70.91681,-2.9406624,0.0040903576,-0.033290364,0.004441865,-0.02727466,0.35962424,0.28287464,-0.07674959,0.3392966,0.3091154,-0.0301812,0.34667328,0.3248058,-0.021867484,0.35615993,0.33442712,-0.021732807
5,630,46160,1.0,2.0,1.0,1.0,1.0,0.0,0.035130855,0.035130855,-37.06372,-1.0717335,-0.006618943,-0.019304123,-0.005924072,-0.012386095,0.40121475,0.43695214,0.035737395,0.38493887,0.50447637,0.1195375,0.4067305,0.5294598,0.12272927,0.42939484,0.5410776,0.11168277
5,631,46274,2.0,82.0,80.0,1.0,1.0,0.0,0.026793674,0.026793674,-27.106934,-0.2837944,-0.0051827654,-0.018097527,-0.004878372,-0.020534776,0.25370032,0.26230374,0.008603424,0.16976117,0.17506039,0.0052992254,0.17079823,0.18723142,0.016433194,0.19653358,0.20837145,0.01183787
5,632,46321,1.0,49.0,48.0,1.0,1.0,0.0,0.01752939,0.01752939,-96.14627,-4.807024,-0.0005224608,-0.0301232,-0.0017504245,-0.029171135,0.08339607,0.07249216,-0.01090391,0.17264634,0.13099037,-0.041655973,0.18973309,0.08045122,-0.10928187,0.18534085,0.08556237,-0.09977848
5,633,46372,13.0,116.0,103.0,1.0,1.0,0.0,0.031052083,0.031052083,-27.077637,-0.273283,0.00031508878,-0.012767661,-0.004339164,-0.011497192,-0.067673,0.027325507,0.09499851,0.16032512,-0.037775315,-0.19810045,0.15258649,-0.03811461,-0.1907011,0.14647825,-0.034942888,-0.18142113
5,634,46380,1.0,93.0,92.0,1.0,1.0,0.0,0.021896847,0.021896847,-41.908783,-1.4730587,-0.0070351474,-0.030744392,-0.007016927,-0.032459132,0.52347696,0.51664805,-0.006828904,0.36664674,0.401118,0.034471273,0.39098325,0.42170462,0.030721366,0.43456885,0.45820376,0.02363491
5,635,46460,2.0,83.0,81.0,1.0,1.0,0.0,0.01817083,0.01817083,-41.81601,-1.3190193,-0.004457228,-0.023930278,-0.0058844723,-0.032249127,0.2563491,0.4140071,0.15765801,0.24026293,0.11388555,-0.12637737,0.25533777,0.11997446,-0.13536331,0.28303465,0.18227914,-0.10075551
5,636,46462,1.0,53.0,52.0,1.0,1.0,0.0,0.020420209,0.020420209,-50.34973,-1.5098286,-0.004623983,-0.02329402,-0.004571896,-0.024838068,-0.5744677,-0.5927576,-0.018289864,-0.23308714,-0.39069307,-0.15760593,-0.21025194,-0.39758515,-0.18733321,-0.26346284,-0.43553925,-0.1720764
5,637,46480,1.0,22.0,21.0,1.0,1.0,0.0,0.025976602,0.025976602,-78.480225,-2.7356567,-0.0038037077,-0.021788776,-0.00271843,-0.02350922,0.26440692,0.31300175,0.048594832,0.45331496,0.2577007,-0.19561425,0.4367094,0.2589092,-0.17780021,0.46077535,0.2859992,-0.17477614
5,638,46523,3.0,26.0,23.0,1.0,1.0,0.0,0.03552265,0.03552265,-38.251312,-1.1060619,-0.0023977011,-0.01039362,-0.0030398108,-0.015631296,0.3619211,0.34041607,-0.021505028,0.33056,0.35866308,0.028103083,0.34229997,0.35399464,0.01169467,0.3731834,0.3783656,0.0051822066
5,639,46642,1.0,169.0,168.0,1.0,1.0,0.0,0.0122617595,0.0122617595,-35.95511,-0.97008514,-0.0002418533,-0.02921116,-0.0058355965,-0.028524742,0.41252825,0.40788034,-0.0046479106,0.23594496,0.18459603,-0.051348925,0.21807797,0.17404398,-0.04403399,0.2574591,0.21499425,-0.042464852
5,640,46661,5.0,18.0,13.0,4.0,9.0,5.0,0.047314208,0.047314208,-48.339813,-1.6630116,0.00077289715,-0.0111055225,-0.0007447414,-0.00450195,0.103976876,0.1382071,0.034230217,-0.022261383,0.017501358,0.039762743,-0.034682937,0.027024422,0.06170736,-0.015082351,0.04532556,0.06040791
5,641,46806,27.0,440.0,413.0,1.0,2.0,1.0,0.015788354,0.015788354,-52.57138,-1.3866577,-0.01060955,-0.026975121,-0.0107115,-0.026477095,-0.22942016,-0.25291428,-0.023494124,-0.2843192,-0.17704938,0.10726981,-0.2770106,-0.17879203,0.09821856,-0.28873613,-0.20349343,0.0852427
5,642,46835,1.0,442.0,441.0,1.0,1.0,0.0,0.0076800548,0.0076800548,-64.623535,-2.3049774,0.0026493557,-0.037929844,0.001265265,-0.040217098,0.7522462,0.77825946,0.026013255,0.66927004,0.8172946,0.14802456,0.7253431,0.8266535,0.10131037,0.75058895,0.8543764,0.10378742
5,643,46861,1.0,14.0,13.0,1.0,1.0,0.0,0.028510354,0.028510354,-58.83365,-2.249937,-0.0024613254,-0.025789808,-0.0023056604,-0.0273196,0.3446535,0.41978973,0.075136244,0.32459277,0.12479694,-0.19979583,0.3493763,0.15205285,-0.19732344,0.42016366,0.19918136,-0.2209823
5,644,47033,10.0,16.0,6.0,2.0,1.0,-1.0,0.042607993,0.042607993,-99.863556,-4.2233677,0.008447275,0.0055631623,0.0061525423,0.0010356978,0.56048244,0.48185247,-0.07862997,0.53934646,0.40920883,-0.13013762,0.54490733,0.40673354,-0.13817379,0.5649765,0.43034413,-0.13463238
5,645,47070,7.0,50.0,43.0,3.0,2.0,-1.0,0.029571697,0.029571697,-48.522736,-2.091898,0.0049962588,0.00080235675,0.00020633265,-0.0032336712,0.53467023,0.5605706,0.025900364,0.41460264,0.27493897,-0.13966367,0.40377283,0.26661697,-0.13715586,0.4458267,0.3509211,-0.094905615
5,646,47099,1.0,93.0,92.0,1.0,1.0,0.0,0.025638785,0.025638785,-74.20505,-2.8903103,-0.006063953,-0.034691993,-0.007497575,-0.03133718,0.23554063,0.22221068,-0.013329953,0.19547181,0.20840193,0.012930125,0.17577294,0.20379677,0.028023839,0.18547758,0.21093628,0.025458694
5,647,47200,2.0,36.0,34.0,4.0,10.0,6.0,0.03141382,0.03141382,-45.618683,-1.0613136,-0.0037906133,-0.007387869,-0.0040287003,-0.011991855,0.2516442,0.23940562,-0.012238577,0.31594655,0.20099473,-0.11495182,0.28021878,0.19955648,-0.080662295,0.29340434,0.2144739,-0.07893044
5,648,47290,10.0,70.0,60.0,5.0,16.0,11.0,0.034572747,0.034572747,7.98703,1.6045151,0.003166765,-0.0212125,-0.0015857704,-0.018395241,0.63969284,0.5870993,-0.05259353,0.25565818,0.3477693,0.09211111,0.3458158,0.4047105,0.058894694,0.43235937,0.471564,0.039204627
5,649,47293,15.0,64.0,49.0,3.0,1.0,-2.0,0.037025962,0.037025962,-67.71735,-2.2470284,0.0041379444,-0.00915486,0.0035703182,-0.010435611,0.2886438,0.31322432,0.024580508,0.3351084,0.27879226,-0.056316137,0.33637196,0.26230153,-0.074070424,0.3472147,0.29014507,-0.05706963
5,650,47321,11.0,325.0,314.0,2.0,1.0,-1.0,0.021766406,0.021766406,-43.313416,-1.4412041,0.0021366589,-0.0358924,3.296882e-06,-0.032233994,0.07802265,0.121424146,0.043401495,0.046018157,-0.11475417,-0.16077232,0.067554,-0.107312076,-0.17486608,0.0759127,-0.0791776,-0.1550903
5,651,47408,2.0,42.0,40.0,3.0,3.0,0.0,0.03212579,0.03212579,-77.95578,-3.471798,0.0016760454,-0.02201764,0.00039137527,-0.018677805,0.5875467,0.67559326,0.08804655,0.4329599,0.4939284,0.06096849,0.4139409,0.51444,0.10049909,0.45929417,0.5535244,0.094230205
5,652,47598,1.0,128.0,127.0,7.0,11.0,4.0,0.015274707,0.015274707,-71.50748,-2.6716175,-0.00036615506,-0.032272924,0.0012638979,-0.031394314,0.16224274,0.10200612,-0.060236618,0.0742106,0.105389744,0.031179145,0.0864904,0.09572751,0.009237111,0.106783114,0.10740544,0.00062232465
5,653,47600,5.0,78.0,73.0,3.0,6.0,3.0,0.03263844,0.03263844,-75.43683,-2.4515877,-0.0038433596,-0.0174767,-0.0023672618,-0.016523551,0.13778974,0.2125577,0.07476796,0.23711096,0.20176792,-0.035343036,0.23712674,0.20346533,-0.03366141,0.23440096,0.21599703,-0.018403932
5,654,47614,41.0,449.0,408.0,14.0,7.0,-7.0,0.025847828,0.025847828,-7.626068,0.4611225,0.004823897,-0.023544272,0.0040725637,-0.026012892,0.15558034,0.09933836,-0.05624198,0.13688713,-0.08695337,-0.2238405,0.13379978,-0.098795995,-0.23259577,0.15278523,-0.08579329,-0.23857851
5,655,47656,3.0,255.0,252.0,2.0,7.0,5.0,0.013492454,0.013492454,-26.247314,-0.28217888,-1.661852e-05,-0.02371502,-0.0035437755,-0.028457928,0.00082770037,0.023634244,0.022806544,0.23357108,0.25395957,0.020388484,0.18111269,0.20609683,0.024984136,0.16623275,0.19292991,0.026697159
5,656,47687,1.0,62.0,61.0,1.0,1.0,0.0,0.030454416,0.030454416,-48.60254,-1.7520485,-0.0042774975,-0.025830097,-0.0061062463,-0.020867992,0.18337154,0.16281097,-0.020560578,0.12713546,0.18923385,0.0620984,0.12783436,0.1957084,0.06787403,0.14190224,0.20760052,0.06569828
5,657,48157,38.0,468.0,430.0,10.0,10.0,0.0,0.02149575,0.02149575,-10.88678,0.34972954,0.0005169865,-0.030681754,0.0012958683,-0.03241703,0.23114055,0.12353255,-0.107608005,0.020754516,0.05792384,0.037169322,0.023482354,0.056946654,0.033464298,0.05041886,0.071373805,0.020954944
5,658,48260,2.0,53.0,51.0,2.0,12.0,10.0,0.035199247,0.035199247,-29.242462,-0.4350624,-0.0045193173,-0.006574884,-0.0067645647,-0.010233246,0.11653551,0.16258566,0.046050154,-0.031616643,-0.06010441,-0.028487768,-0.03718986,-0.07456226,-0.0373724,-0.024541443,-0.05234232,-0.027800879
5,659,48374,11.0,214.0,203.0,8.0,12.0,4.0,0.025158975,0.025158975,-79.92224,-3.1878948,-0.0027948357,-0.017164115,-0.0015920065,-0.020378064,0.15093477,0.10979977,-0.041135,0.11394046,0.011381298,-0.102559164,0.15064782,0.05171727,-0.09893055,0.16276044,0.06878391,-0.09397653
5,660,48379,4.0,215.0,211.0,3.0,9.0,6.0,0.022595312,0.022595312,-26.334564,-0.40469933,0.0017100535,-0.030801207,-0.0009357706,-0.031686064,0.34039664,0.19303007,-0.14736657,-0.011018789,-0.04432164,-0.03330285,-0.0019941193,-0.044523112,-0.042528994,0.03669969,-0.017085163,-0.053784855
5,661,48393,1.0,25.0,24.0,1.0,1.0,0.0,0.020309858,0.020309858,-55.66153,-2.2381477,-0.0031578206,-0.022476148,-0.0036780573,-0.024313696,0.24570073,0.327531,0.08183028,0.09584019,-0.095875755,-0.19171596,0.07777718,-0.12555435,-0.20333153,0.11685431,-0.061434798,-0.17828912
5,662,48422,1.0,33.0,32.0,2.0,1.0,-1.0,0.035532504,0.035532504,-13.309174,0.04346466,0.0043683127,-0.0259084,0.0016079955,-0.025192827,0.3732723,0.3361368,-0.03713551,0.36612266,0.23547521,-0.13064745,0.36879495,0.23646541,-0.13232954,0.38665193,0.2565154,-0.13013652
5,663,48508,4.0,38.0,34.0,22.0,1.0,-21.0,0.040991325,0.040991325,-78.12698,-3.3417473,0.012105893,-0.0020215511,0.012223572,-0.0086083375,0.20306265,0.1982812,-0.004781455,0.04426392,0.09003047,0.045766547,0.07181939,0.09985263,0.028033242,0.112414785,0.13598049,0.023565702
5,664,48530,9.0,379.0,370.0,6.0,8.0,2.0,0.01750854,0.01750854,-49.391663,-1.0495853,0.003887523,-0.0308868,0.0008535236,-0.030534465,0.48814687,0.3745164,-0.11363047,0.24957487,0.043061387,-0.20651348,0.2515555,0.06682505,-0.18473046,0.29815182,0.11443132,-0.1837205
5,665,48617,8.0,140.0,132.0,7.0,17.0,10.0,0.027659155,0.027659155,-13.506622,0.6316166,0.0029328652,-0.021787003,0.0006423928,-0.01835768,0.026615474,-0.009192116,-0.03580759,0.064874426,0.021038773,-0.043835655,0.08182116,0.024995059,-0.0568261,0.07392442,0.019172283,-0.05475214
5,666,48618,2.0,113.0,111.0,1.0,2.0,1.0,0.029735487,0.029735487,-26.163757,-0.0051994324,-0.007433042,-0.0198473,-0.008127186,-0.021642562,0.22538523,0.16541708,-0.05996816,0.3111464,0.23334657,-0.07779984,0.3151942,0.23855235,-0.07664184,0.32387245,0.24256703,-0.081305414
5,667,48622,8.0,91.0,83.0,1.0,2.0,1.0,0.03452125,0.03452125,-29.901642,-0.49534607,-0.0046776496,-0.013040721,-0.0057285894,-0.016497768,0.01800605,0.04398338,0.025977332,0.010829113,-0.012015396,-0.022844508,0.005120587,-0.0073475433,-0.01246813,0.007207841,-0.0019337932,-0.009141634
5,668,48679,32.0,57.0,25.0,23.0,8.0,-15.0,0.04563147,0.04563147,-60.93808,-2.2218704,0.0049074255,-0.008246824,0.0050720647,-0.009570628,0.049221106,0.097482644,0.04826154,0.1479821,0.08891073,-0.059071377,0.15618014,0.08676654,-0.0694136,0.15871546,0.094992094,-0.06372336
5,669,48681,19.0,108.0,89.0,2.0,1.0,-1.0,0.036572583,0.036572583,-46.59314,-1.4334297,0.0038447063,-0.01240327,0.00089637376,-0.008649951,0.32380694,0.5021776,0.17837065,0.27822733,0.04333437,-0.23489296,0.28999758,0.056250554,-0.23374702,0.3092463,0.12666078,-0.18258552
5,670,48802,1.0,27.0,26.0,1.0,1.0,0.0,0.030372627,0.030372627,-29.796997,-0.38187408,-0.0017102361,-0.021881495,-0.0057700425,-0.023521837,0.38731235,0.44170594,0.05439359,0.17516129,0.34377787,0.16861658,0.20996419,0.36503166,0.15506747,0.25214145,0.38828826,0.13614681
5,671,48832,5.0,611.0,606.0,1.0,2.0,1.0,0.0050808378,0.0050808378,-50.382538,-1.051115,-0.012803491,-0.04355897,-0.0140244085,-0.03825451,0.19959305,0.29148594,0.09189288,0.37038812,0.42599493,0.055606812,0.37778723,0.4205379,0.042750657,0.39882648,0.44556725,0.04674077
5,672,48839,11.0,165.0,154.0,1.0,1.0,0.0,0.022804935,0.022804935,-50.265778,-1.5305729,-0.005971197,-0.017580088,-0.007831931,-0.019034293,0.45267925,0.65355766,0.20087841,0.5994358,0.47260472,-0.12683108,0.6124752,0.48213273,-0.13034248,0.62488896,0.5106795,-0.11420947
5,673,49076,15.0,214.0,199.0,2.0,1.0,-1.0,0.026676059,0.026676059,-36.482666,-0.86073303,0.0030116402,-0.024633717,-0.00012145378,-0.022372365,-0.006800087,-0.032167338,-0.02536725,-0.07503305,-0.040358707,0.03467434,-0.08424384,-0.038762502,0.04548134,-0.0823818,-0.042111665,0.040270135
5,674,49152,1.0,1.0,0.0,8.0,1.0,-7.0,0.04972567,0.04972567,-42.789917,-1.5023041,0.009057134,0.0018305965,0.0065864064,0.001508385,0.003494819,0.065157406,0.06166259,0.16367131,0.13496749,-0.028703824,0.16545913,0.13677436,-0.028684765,0.16697587,0.1398101,-0.02716577
5,675,49156,41.0,834.0,793.0,16.0,23.0,7.0,0.009459708,0.009459708,-55.88855,-1.6245213,-0.0013280511,-0.045683242,-0.0008320175,-0.04438729,0.46347138,0.5522185,0.088747114,0.49682584,0.49271244,-0.004113406,0.48600185,0.49537998,0.009378135,0.49439517,0.51197875,0.017583579
5,676,49234,22.0,260.0,238.0,4.0,1.0,-3.0,0.027000804,0.027000804,-50.174835,-1.4349422,0.0029376075,-0.025448654,0.0027902462,-0.022457615,0.0863033,0.09774059,0.011437289,0.13933758,0.0075548487,-0.13178274,0.1297665,-0.0043345876,-0.13410108,0.1376685,0.006698576,-0.13096993
5,677,49466,1.0,58.0,57.0,1.0,1.0,0.0,0.025751438,0.025751438,-74.11902,-2.9085865,-0.00048521534,-0.023068022,-0.0033053681,-0.022243854,0.18762234,0.17048159,-0.017140746,0.1496611,0.15547527,0.00581418,0.14490137,0.17644215,0.03154078,0.17553696,0.19032207,0.014785111
5,678,49480,4.0,58.0,54.0,12.0,14.0,2.0,0.030171584,0.030171584,-53.263916,-2.2917519,0.00023857877,-0.008871619,0.00040567666,-0.013738897,-0.2536249,-0.027662316,0.22596256,-0.032795157,-0.073991574,-0.041196417,-0.031948388,-0.078941666,-0.046993278,-0.0488727,-0.0790065,-0.030133799
5,679,49622,1.0,28.0,27.0,1.0,1.0,0.0,0.018629748,0.018629748,-38.017426,-1.2346478,-0.004085511,-0.039044797,-0.003631208,-0.03733656,0.24382955,0.21112804,-0.032701507,0.13102606,-0.044342276,-0.17536834,0.1384264,-0.023887878,-0.16231427,0.15636362,-0.004284693,-0.16064832
5,680,49731,1.0,2.0,1.0,5.0,4.0,-1.0,0.044042513,0.044042513,-21.578766,-0.2556095,0.007361587,-0.011470921,0.0033138208,-0.010123514,0.35356045,0.22155474,-0.1320057,0.018680425,-0.044872243,-0.06355267,0.024389002,-0.051341377,-0.07573038,0.066273026,-0.028719068,-0.094992094
5,681,49923,1.0,41.0,40.0,1.0,1.0,0.0,0.023617111,0.023617111,-82.97751,-3.5022106,-0.00037635863,-0.023999479,-0.0027793236,-0.023040079,0.447884,0.43171176,-0.01617223,0.4079174,0.18857265,-0.21934476,0.40313578,0.23545514,-0.16768064,0.4173387,0.3008119,-0.11652681
5,682,49944,1.0,181.0,180.0,1.0,7.0,6.0,0.016624875,0.016624875,-52.467743,-1.3072414,-0.0065581873,-0.033627808,-0.009876996,-0.03145136,0.6120451,0.5430408,-0.0690043,0.6713388,0.5346803,-0.13665849,0.67976886,0.529524,-0.15024483,0.6916005,0.5568199,-0.13478059
5,683,49955,2.0,231.0,229.0,1.0,1.0,0.0,0.024752442,0.024752442,-62.45215,-2.3283749,-0.0063652843,-0.027437873,-0.005288543,-0.025737774,0.23744418,0.19645894,-0.04098524,-0.0032531677,0.23683514,0.2400883,-0.012573239,0.20996779,0.22254103,0.018000986,0.22910964,0.21110865
5,684,49957,2.0,101.0,99.0,1.0,1.0,0.0,0.022328593,0.022328593,-112.7142,-4.338333,-0.003521178,-0.028776158,-0.0026637614,-0.026414525,-0.02311093,0.09885608,0.121967,-0.14136472,-0.09457701,0.046787716,-0.16183369,-0.106230356,0.055603333,-0.14813493,-0.085309185,0.06282575
5,685,49969,2.0,364.0,362.0,2.0,1.0,-1.0,0.0128314905,0.0128314905,-75.52594,-3.0870438,0.003935639,-0.029454112,0.0027365386,-0.03545007,0.517355,0.37216264,-0.14519238,0.35704377,0.5776425,0.22059873,0.3835518,0.6216187,0.23806688,0.45290297,0.6253019,0.17239892
5,686,49979,2.0,272.0,270.0,2.0,2.0,0.0,0.013410792,0.013410792,-67.8811,-2.7029076,-0.0012473613,-0.03643874,-0.0021717772,-0.03572464,-0.31926608,-0.298347,0.020919085,0.08006814,0.17757124,0.097503096,0.06951346,0.17230877,0.10279531,0.022671837,0.13036121,0.10768938
5,687,50026,2.0,16.0,14.0,1.0,6.0,5.0,0.0437391,0.0437391,-58.656616,-2.4403934,-0.0071179494,-0.011004005,-0.006126724,-0.010830041,0.32062948,0.34735158,0.026722103,0.2479742,0.22078125,-0.02719295,0.25473338,0.22628957,-0.028443813,0.2714211,0.2526023,-0.018818796
5,688,50114,5.0,5.0,0.0,5.0,1.0,-4.0,0.053433035,0.053433035,-53.693542,-1.844305,0.008904092,-0.002307985,0.004559178,-0.0012510382,-0.030647308,0.10111888,0.13176619,0.056264475,0.12186838,0.065603904,0.0648891,0.124170266,0.059281163,0.053015567,0.13739833,0.084382765
5,689,50170,3.0,52.0,49.0,1.0,2.0,1.0,0.030891158,0.030891158,-74.32272,-2.9906063,-0.009772591,-0.0110491365,-0.007357223,-0.013129361,0.5170814,0.5337341,0.016652703,0.14873034,0.14102705,-0.0077032894,0.12002948,0.19124451,0.07121503,0.17639443,0.24953113,0.0731367
5,690,50500,15.0,29.0,14.0,6.0,63.0,57.0,0.04250799,0.04250799,-30.389557,-0.09812546,-0.0027282275,-0.01095083,-0.004858017,-0.0074285194,0.15027158,0.16710816,0.016836584,0.17888176,0.13711318,-0.04176858,0.18380782,0.13371348,-0.050094336,0.19813402,0.15095045,-0.047183573
5,691,50653,1.0,41.0,40.0,1.0,1.0,0.0,0.025666054,0.025666054,-64.6586,-2.4799232,-0.0036729984,-0.02277837,-0.0064060353,-0.02454926,0.22838418,0.074435376,-0.15394881,0.030164301,-0.043000463,-0.07316476,0.029291335,-0.060961287,-0.09025262,0.056166887,-0.050149806,-0.10631669
5,692,50734,2.0,30.0,28.0,1.0,1.0,0.0,0.031364158,0.031364158,-32.905975,-0.795969,-0.004785873,-0.012002446,-0.004940212,-0.015539132,0.61611044,0.588623,-0.027487457,0.4951045,0.50205237,0.006947875,0.49167496,0.51761395,0.025938988,0.54111254,0.5519904,0.010877848
5,693,50755,1.0,7.0,6.0,13.0,2.0,-11.0,0.047388624,0.047388624,-39.08908,-1.3065357,0.005581178,-0.011226919,0.007152278,-0.010117032,0.14890969,0.10532622,-0.043583468,-0.06427015,-0.1135567,-0.049286544,-0.07944759,-0.14160673,-0.062159143,-0.05959228,-0.11895015,-0.05935787
5,694,50811,1.0,7.0,6.0,2.0,3.0,1.0,0.03411266,0.03411266,-57.73419,-1.4305668,-0.000846833,-0.019702371,-0.0051309206,-0.019837167,0.24439374,0.23495825,-0.00943549,-0.02225403,-0.0069109527,0.015343077,-0.031011766,0.004929207,0.03594097,0.009954851,0.053897567,0.043942716
5,695,50882,1.0,14.0,13.0,1.0,1.0,0.0,0.030094035,0.030094035,-44.661346,-1.65415,-0.0055761933,-0.009177238,-0.0057571568,-0.016990803,0.5297074,0.5709697,0.04126233,0.3169302,0.22381367,-0.09311654,0.33890584,0.28482795,-0.054077893,0.3957065,0.3514302,-0.044276297
5,696,51051,3.0,208.0,205.0,2.0,2.0,0.0,0.01811837,0.01811837,-53.844604,-1.6473484,0.00630169,-0.02541615,-0.0037269108,-0.027539026,0.08109943,0.16128722,0.08018779,0.0920879,0.13306227,0.04097437,0.08702847,0.14015721,0.053128734,0.08935504,0.15095529,0.061600253
5,697,51052,3.0,78.0,75.0,3.0,4.0,1.0,0.03194792,0.03194792,-32.40042,-0.7728901,0.0004373826,-0.016140953,-0.0012173839,-0.016797706,0.4507798,0.4123982,-0.038381606,0.23128161,-0.10992542,-0.34120703,0.24062653,-0.1257867,-0.36641324,0.2732257,-0.07004378,-0.34326947
5,698,51062,1.0,51.0,50.0,1.0,1.0,0.0,0.019226998,0.019226998,-38.972534,-1.0385132,-0.003182821,-0.035040617,-0.0062048063,-0.033790458,0.14402828,0.005394253,-0.13863403,0.005100222,-0.0025102994,-0.0076105213,0.0022346033,-0.018836156,-0.02107076,0.016250394,-0.016916364,-0.03316676
5,699,51077,1.0,63.0,62.0,1.0,1.0,0.0,0.003466539,0.003466539,-41.403564,-1.6235065,-6.327778e-05,-0.048668772,-0.003352847,-0.047785655,0.19430889,0.17149362,-0.022815272,0.14216742,0.15860379,0.016436368,0.1217857,0.1506218,0.028836101,0.13929738,0.16337554,0.02407816
5,700,51148,2.0,228.0,226.0,1.0,2.0,1.0,0.011662371,0.011662371,-65.05005,-2.2213726,-0.0031436533,-0.032053363,-0.008233406,-0.03463009,0.45246547,0.554524,0.10205853,0.10318735,0.15422584,0.05103849,0.08175777,0.12027218,0.038514413,0.15010174,0.2271882,0.07708646
5,701,51171,1.0,61.0,60.0,1.0,1.0,0.0,0.022895314,0.022895314,-56.329193,-2.7244225,0.0008910112,-0.022401858,-0.001968138,-0.024812058,0.16012092,0.024770107,-0.13535081,0.013061654,0.11687093,0.10380928,-0.0044257124,0.11527512,0.119700834,0.018592307,0.11621421,0.0976219
5,702,51185,1.0,103.0,102.0,1.0,6.0,5.0,0.022276338,0.022276338,-52.4451,-1.6258698,-0.006909184,-0.029687919,-0.0056650676,-0.026946463,0.28448477,0.3980256,0.11354083,0.0019768625,0.14963683,0.14765997,-0.0010159725,0.14786737,0.14888334,0.038318686,0.20011097,0.16179228
5,703,51521,2.0,210.0,208.0,11.0,13.0,2.0,0.020953521,0.020953521,-26.546326,-0.6288872,0.0059213936,-0.0269599,0.0051881187,-0.028664254,0.34908333,0.31138045,-0.03770289,0.063944764,0.18626744,0.12232267,0.049140383,0.17675664,0.12761626,0.08831888,0.20753723,0.11921836
5,704,51745,4.0,161.0,157.0,2.0,2.0,0.0,0.021300416,0.021300416,-10.799652,0.22929382,0.0031181723,-0.024982713,-0.004963342,-0.023632072,0.0021714543,-0.02820963,-0.030381085,-0.13983908,-0.18005913,-0.040220052,-0.1420211,-0.1805109,-0.03848979,-0.13452314,-0.17816536,-0.043642223
5,705,51788,25.0,741.0,716.0,6.0,3.0,-3.0,0.008928165,0.008928165,-78.30652,-2.6543617,0.0020037964,-0.033849116,0.0026263818,-0.03448005,0.6056593,0.12498334,-0.48067597,0.6332036,0.30917257,-0.32403105,0.62514424,0.30778915,-0.3173551,0.64465445,0.2873043,-0.35735014
5,706,51843,1.0,6.0,5.0,1.0,1.0,0.0,0.032810003,0.032810003,-71.80795,-2.7189865,-0.0017509311,-0.016394392,-0.004715964,-0.0135157555,0.23468472,0.110953495,-0.123731226,0.43885523,0.4256583,-0.013196945,0.43461168,0.4202322,-0.014379472,0.4518445,0.4293175,-0.02252701
5,707,51907,10.0,108.0,98.0,2.0,2.0,0.0,0.036416635,0.036416635,-41.365387,-1.3441448,0.003053259,-0.013701968,0.0007314235,-0.014641166,0.39667162,0.43452477,0.03785315,0.56139827,0.69069445,0.12929618,0.5625653,0.68387145,0.12130612,0.57343876,0.68500507,0.111566305
5,708,51928,6.0,547.0,541.0,3.0,11.0,8.0,0.010385796,0.010385796,-61.584167,-2.2064857,-0.00059521943,-0.046081066,-0.0025593862,-0.044536166,0.18994261,0.25128734,0.061344728,-0.028335705,-0.03535054,-0.0070148334,-0.033182077,-0.036253586,-0.0030715093,-0.004799017,-0.0035473092,0.001251708
5,709,51965,1.0,98.0,97.0,1.0,1.0,0.0,0.014540158,0.014540158,-60.538605,-1.8848267,-0.0084669255,-0.03214365,-0.009229746,-0.031897664,0.26539218,0.26697338,0.001581192,0.37090036,0.33690077,-0.033999592,0.382755,0.34287298,-0.039882034,0.38767695,0.34594947,-0.041727483
5,710,51983,32.0,297.0,265.0,2.0,3.0,1.0,0.023290947,0.023290947,-68.71402,-2.0291939,-0.0005447827,-0.018339474,-0.0010056775,-0.01896492,0.116116665,0.060903575,-0.05521309,0.09064026,0.17666717,0.08602691,0.09944865,0.19728127,0.09783262,0.106841385,0.19694707,0.09010568
5,711,51988,140.0,851.0,711.0,25.0,7.0,-18.0,0.01579889,0.01579889,-103.80853,-4.8539467,0.0072148023,-0.024040502,0.007413226,-0.028057832,-0.11742692,-0.085991606,0.03143531,0.18405358,0.319891,0.13583742,0.19008948,0.31794345,0.12785397,0.15922989,0.27902633,0.11979644
5,712,52070,1.0,55.0,54.0,7.0,3.0,-4.0,0.03221946,0.03221946,-74.51282,-2.462864,0.005501043,-0.017752938,0.004374843,-0.019519553,0.47048017,0.47804776,0.0075675845,0.48300427,0.37568027,-0.107324004,0.48728263,0.37328702,-0.11399561,0.5078632,0.3989546,-0.10890862
5,713,52216,1.0,125.0,124.0,1.0,1.0,0.0,0.009691287,0.009691287,-85.6044,-3.5195923,-0.004844621,-0.03708866,-0.005758509,-0.038787875,0.36850712,0.42048538,0.05197826,0.45806682,0.44211605,-0.01595077,0.49586138,0.47545332,-0.020408064,0.5232677,0.50831854,-0.014949143
5,714,52302,1.0,13.0,12.0,1.0,1.0,0.0,0.02942466,0.02942466,-50.511444,-1.1324806,-0.0004988611,-0.01863496,-0.0067730397,-0.019299693,0.35822225,0.31639695,-0.041825294,0.41268697,-0.0320265,-0.44471347,0.4266246,-0.0118381595,-0.43846276,0.44490704,0.040231556,-0.40467548
5,715,52328,3.0,69.0,66.0,8.0,12.0,4.0,0.022826448,0.022826448,-14.807343,-0.029651642,0.0060921386,-0.014193628,0.0014885701,-0.01812796,0.2738309,0.23214376,-0.04168713,0.124570854,0.10176085,-0.022810005,0.11268214,0.10075025,-0.011931889,0.14083166,0.124586046,-0.016245618
5,716,52375,3.0,663.0,660.0,2.0,4.0,2.0,0.0030754805,0.0030754805,-45.13266,-1.4248505,-0.0018978305,-0.052216407,-0.004772857,-0.04764346,0.20189315,0.2352551,0.033361956,-0.04012757,-0.029641453,0.0104861185,-0.076102905,-0.061889697,0.014213208,-0.050658125,-0.03413198,0.016526144
5,717,52394,1.0,5.0,4.0,1.0,1.0,0.0,0.028537784,0.028537784,-61.390198,-2.4932613,-0.0036192574,-0.00986727,-0.007012885,-0.01181813,0.10396999,0.1710171,0.067047104,0.25165227,0.11689352,-0.13475874,0.24268936,0.10968109,-0.13300827,0.23669043,0.12267392,-0.11401651
5,718,52527,1.0,1.0,0.0,2.0,1.0,-1.0,0.058928452,0.058928452,-64.16269,-1.906435,0.007255338,0.006176617,-0.00080230087,0.0071051195,-0.07019497,-0.06215098,0.008043986,-0.21850371,0.13006672,0.34857044,-0.2151178,0.1392269,0.3543447,-0.20863487,0.12031997,0.32895485
5,719,52554,1.0,115.0,114.0,1.0,1.0,0.0,0.012947667,0.012947667,-40.611725,-0.9484062,-0.0070708618,-0.029763203,-0.006740354,-0.035401247,0.43109944,0.447081,0.015981555,0.2895734,-0.013745269,-0.30331868,0.284642,-0.035299163,-0.31994116,0.33209252,0.05189431,-0.28019822
5,720,52596,1.0,126.0,125.0,1.0,1.0,0.0,0.006640371,0.006640371,-31.543488,-1.1022644,-0.0037753358,-0.03674964,-0.0077049695,-0.038313936,0.29402873,0.059073545,-0.23495519,0.13472572,0.0694139,-0.06531182,0.16561699,0.088251844,-0.077365145,0.19548295,0.09469128,-0.10079168
5,721,52598,1.0,8.0,7.0,1.0,2.0,1.0,0.035422552,0.035422552,-33.706543,-0.6406059,-0.004224144,-0.013895072,-0.004525386,-0.0171073,0.20413373,0.13531989,-0.068813846,0.22466959,0.298668,0.07399841,0.24441127,0.30779606,0.063384786,0.2529404,0.30579564,0.052855253
5,722,52652,4.0,201.0,197.0,17.0,10.0,-7.0,0.027454741,0.027454741,-6.178833,0.7381916,0.005055465,-0.026337001,0.0038718395,-0.029607616,0.58147186,0.57325155,-0.008220315,0.2121392,0.23633282,0.024193615,0.21953763,0.25721255,0.03767492,0.28091845,0.3086661,0.02774766
5,723,52892,6.0,186.0,180.0,1.0,2.0,1.0,0.028834019,0.028834019,-58.753967,-1.9715157,-0.001282949,-0.02326189,-0.0029145796,-0.021365277,0.38930696,0.42239618,0.03308922,0.2793342,0.21124655,-0.06808764,0.24985489,0.17778358,-0.072071314,0.29124826,0.23612683,-0.055121437
5,724,52931,7.0,318.0,311.0,1.0,1.0,0.0,0.022780456,0.022780456,-33.795166,-1.1655903,0.00064332597,-0.0117066465,-0.0014685895,-0.02189498,0.48122406,0.47653937,-0.0046846867,0.22442912,0.339825,0.11539589,0.22831061,0.3538106,0.1255,0.2917138,0.3925756,0.10086179
5,725,52990,25.0,201.0,176.0,5.0,10.0,5.0,0.031361535,0.031361535,-14.830536,0.18352509,0.0061110165,-0.018468669,0.0014450308,-0.016450295,0.056842886,0.09255375,0.035710864,0.079418145,0.16023283,0.08081468,0.05738008,0.14616166,0.08878158,0.06011111,0.14451335,0.08440225
5,726,53052,18.0,224.0,206.0,97.0,99.0,2.0,0.03525908,0.03525908,-60.333954,-3.0827866,0.007007256,-0.013630856,0.005795275,-0.016119525,0.31297663,0.28116596,-0.03181067,0.1274031,0.08484055,-0.042562544,0.12189925,0.084806465,-0.037092783,0.1622983,0.12374991,-0.038548395
5,727,53070,10.0,58.0,48.0,11.0,4.0,-7.0,0.037793692,0.037793692,-19.71634,-0.21670723,0.0059259236,-0.017536178,0.004007362,-0.013266984,0.0105361985,-0.10937725,-0.11991345,-0.1419698,-0.1472748,-0.005305007,-0.15442821,-0.1722438,-0.01781559,-0.14766052,-0.17450428,-0.026843756
5,728,53152,8.0,367.0,359.0,4.0,3.0,-1.0,0.014204059,0.014204059,-67.46863,-2.769827,0.003226053,-0.034258284,0.0013301708,-0.033405207,-0.03699387,0.003113202,0.04010707,0.11779357,-0.048838086,-0.16663165,0.12375027,-0.059817,-0.18356727,0.11467439,-0.05589684,-0.17057124
5,729,53155,1.0,40.0,39.0,1.0,1.0,0.0,0.01830772,0.01830772,-39.148926,-1.295044,-0.004479099,-0.029488143,-0.004403658,-0.03308071,-0.43594757,-0.4481985,-0.01225093,0.04905219,-0.17640954,-0.22546174,0.054690026,-0.19396247,-0.24865249,0.008985277,-0.23269479,-0.24168007
5,730,53157,5.0,6.0,1.0,1.0,3.0,2.0,0.05049468,0.05049468,-44.279816,-1.4156303,-0.0019846708,-0.007700801,-0.005225122,-0.0037977174,-0.062950775,-0.1243581,-0.061407328,0.030298108,0.06980449,0.039506383,0.044071604,0.07212885,0.028057244,0.038480047,0.06054909,0.022069044
5,731,53270,1.0,19.0,18.0,2.0,2.0,0.0,0.033474345,0.033474345,-55.862,-1.6296978,-0.0004833825,-0.018111594,0.001313448,-0.01722211,0.4922885,0.54979783,0.057509333,0.6106802,0.66045123,0.04977101,0.6046827,0.6492576,0.044574916,0.6100719,0.65521485,0.04514295
5,732,53370,66.0,641.0,575.0,15.0,5.0,-10.0,0.019030072,0.019030072,-59.79483,-2.5216732,0.007495042,-0.024107065,0.0040816255,-0.02717071,0.18417077,0.20496501,0.020794243,0.11925291,-0.04019047,-0.15944338,0.11547459,-0.039921485,-0.15539607,0.12883213,-0.013335559,-0.14216769
5,733,53489,230.0,707.0,477.0,97.0,38.0,-59.0,0.027800597,0.027800597,-24.12613,-0.40928268,0.014504921,-0.029602021,0.013264377,-0.027679287,0.07207798,0.019884694,-0.052193288,0.07913518,0.22430433,0.14516915,0.07762636,0.2370242,0.15939784,0.08358636,0.22930436,0.14571801
5,734,53511,11.0,304.0,293.0,2.0,1.0,-1.0,0.01940358,0.01940358,-62.44989,-2.101448,0.0036758408,-0.034735695,0.00039939024,-0.033635315,-0.09112716,-0.038541302,0.052585855,-0.10705402,-0.051039916,0.056014102,-0.088670895,-0.039772343,0.04889855,-0.10083158,-0.044312026,0.056519557
5,735,53570,2.0,545.0,543.0,1.0,2.0,1.0,0.000563208,0.000563208,-68.11868,-2.5748634,-0.0046078525,-0.04029079,-0.006819427,-0.04639995,-0.23010173,0.008967176,0.23906891,-0.33061478,-0.6116709,-0.28105614,-0.31949946,-0.6155021,-0.29600266,-0.32121766,-0.57519525,-0.2539776
5,736,53727,3.0,53.0,50.0,10.0,14.0,4.0,0.03661668,0.03661668,-59.049103,-2.1421661,0.002033621,-0.016108103,0.00030257925,-0.01840926,0.3733832,0.46737888,0.09399569,0.21105535,0.33576855,0.1247132,0.21433394,0.347308,0.13297407,0.24371374,0.36810043,0.1243867
5,737,53728,1.0,2.0,1.0,1.0,1.0,0.0,0.041122325,0.041122325,-57.323914,-2.6104012,-0.0018006116,-0.023326455,-0.0019348785,-0.019000974,0.13563953,0.15753034,0.021890804,-0.0065375604,0.07945899,0.08599655,-0.018818581,0.0810588,0.09987738,0.00488524,0.09976507,0.09487983
5,738,53773,10.0,25.0,15.0,24.0,3.0,-21.0,0.046650756,0.046650756,-20.603271,0.056425095,0.005915828,-0.0038256384,0.0062969625,-0.006542977,0.4843613,0.4977779,0.013416618,0.16695458,0.3047575,0.13780293,0.15756838,0.2994628,0.14189442,0.23185012,0.35079417,0.11894405
5,739,53858,1.0,181.0,180.0,1.0,1.0,0.0,0.01508883,0.01508883,-43.2106,-1.1892147,-0.006724909,-0.033707008,-0.008444119,-0.033128854,0.6129833,0.5519161,-0.061067164,0.48086053,0.49186474,0.0110042095,0.5097176,0.50611126,-0.0036063194,0.5618273,0.5422252,-0.01960212
5,740,53881,1.0,56.0,55.0,2.0,1.0,-1.0,0.0315582,0.0315582,-40.969757,-1.3923111,0.007028561,-0.015355438,-0.0011803508,-0.016515244,0.195103,0.18359636,-0.011506647,0.06292409,0.04194498,-0.020979106,0.04446777,0.010130722,-0.034337047,0.06578869,0.043119483,-0.022669204
5,741,53891,99.0,275.0,176.0,263.0,65.0,-198.0,0.045805216,0.045805216,-38.83899,-1.5434093,0.013890352,-0.023126693,0.012816053,-0.017379409,0.18321,0.14275411,-0.040455893,0.116372466,0.12197881,0.005606346,0.10872387,0.118918106,0.010194235,0.12391337,0.12624577,0.0023323968
5,742,54078,37.0,639.0,602.0,6.0,2.0,-4.0,0.016418573,0.016418573,-28.625885,-0.6477604,0.0058751516,-0.037091553,0.003875304,-0.035706144,0.08085851,0.15173599,0.07087748,0.1451064,0.16108406,0.01597765,0.14343189,0.17670472,0.033272833,0.14687333,0.1848632,0.03798987
5,743,54147,1.0,3.0,2.0,2.0,1.0,-1.0,0.03761736,0.03761736,-50.6102,-1.6043243,0.0070005767,-0.018271953,0.0028346963,-0.017216008,0.5295972,0.33624274,-0.19335449,0.45451292,0.24706079,-0.20745213,0.45957094,0.2721772,-0.18739375,0.49045885,0.30661663,-0.18384221
5,744,54257,17.0,395.0,378.0,11.0,6.0,-5.0,0.020895677,0.020895677,-84.23584,-3.1261044,0.005662704,-0.031000433,0.0058155116,-0.029370865,0.29753157,0.3163428,0.018811226,-0.02941168,-0.23468983,-0.20527816,-0.06233436,-0.25873464,-0.19640028,0.0074843373,-0.19963692,-0.20712125
5,745,54361,1.0,112.0,111.0,2.0,3.0,1.0,0.012387138,0.012387138,-59.799164,-2.2612114,-0.002831336,-0.037681494,-0.0016401522,-0.03935686,0.7516871,0.7497624,-0.0019246936,-0.18693538,0.18562846,0.37256384,-0.15097848,0.2442797,0.3952582,0.017084088,0.38797906,0.37089497
5,746,54389,16.0,48.0,32.0,12.0,7.0,-5.0,0.043046255,0.043046255,-65.2092,-2.373701,0.0062090866,0.00012823194,0.0033698194,-0.0019629858,-0.10379063,-0.08723602,0.016554616,0.049199093,0.17765847,0.12845938,0.006745363,0.17041814,0.16367278,-0.014601322,0.14814906,0.16275038
5,747,54643,4.0,90.0,86.0,2.0,2.0,0.0,0.027603947,0.027603947,-68.43036,-2.828804,0.004972268,-0.014403876,-0.0004979335,-0.018493809,0.032410145,0.01722013,-0.015190015,0.039315067,0.06251643,0.023201361,0.031272907,0.028730474,-0.0025424324,0.034338836,0.030590087,-0.0037487485
5,748,54683,3.0,181.0,178.0,1.0,1.0,0.0,0.020381518,0.020381518,-76.42438,-2.648531,-0.0033687502,-0.019447722,-0.0031182282,-0.022924416,0.23105504,0.20919338,-0.021861658,0.0721609,0.0047536287,-0.06740727,0.064137995,0.023316585,-0.04082141,0.09421642,0.043518834,-0.050697587
5,749,54698,1.0,104.0,103.0,1.0,1.0,0.0,0.018524844,0.018524844,-104.999054,-4.321085,0.0029677749,-0.032278903,0.0020189807,-0.028857607,0.3527344,0.44094184,0.08820745,0.27282038,0.31224972,0.039429337,0.2729713,0.28846017,0.015488863,0.30105034,0.32961524,0.0285649
5,750,54743,1.0,14.0,13.0,1.0,1.0,0.0,0.023053795,0.023053795,-40.363678,-0.7335396,-0.012089856,-0.021948822,-0.01144591,-0.018470727,0.161191,0.1772654,0.016074404,0.1607016,0.16442798,0.003726378,0.14777452,0.159061,0.011286482,0.15827969,0.16933225,0.011052564
5,751,54812,5.0,82.0,77.0,1.0,1.0,0.0,0.031135723,0.031135723,-64.41568,-2.4967976,0.0008067209,-0.020686097,-0.0016840063,-0.018536098,0.08357714,0.022304757,-0.061272383,0.039970584,-0.06813489,-0.10810547,0.050109968,-0.040339995,-0.09044996,0.056254715,-0.035215497,-0.09147021
5,752,54824,1.0,595.0,594.0,1.0,1.0,0.0,-0.004311044,-0.004311044,-101.58728,-3.881134,-0.0055841804,-0.045078404,-0.0065492652,-0.046405505,0.48851347,0.507998,0.01948452,0.3864246,0.5298421,0.14341748,0.40577736,0.5309466,0.12516925,0.43682092,0.55849653,0.12167561
5,753,54913,1.0,107.0,106.0,1.0,2.0,1.0,0.025688555,0.025688555,-79.56903,-3.166048,-0.0020903535,-0.025051646,-0.0036919527,-0.020563923,0.42838448,0.43730646,0.008921981,0.32209185,0.28039977,-0.041692078,0.3238501,0.29366368,-0.030186415,0.35314673,0.3234375,-0.02970922
5,754,54959,7.0,95.0,88.0,4.0,2.0,-2.0,0.030669961,0.030669961,-69.25113,-2.595461,0.003126569,-0.011797816,0.0014469214,-0.013883594,-0.03234665,0.13690044,0.16924709,-0.21867332,-0.30203363,-0.083360314,-0.22478524,-0.3420576,-0.11727235,-0.21806876,-0.3061678,-0.08809905
5,755,55005,7.0,204.0,197.0,1.0,1.0,0.0,0.0214083,0.0214083,-43.09494,-1.2734241,-0.0023419186,-0.024343167,-0.0026298799,-0.022719752,0.49655437,0.40680936,-0.089745015,0.4959244,0.48549423,-0.010430187,0.5117739,0.5053439,-0.0064299703,0.52298963,0.5022918,-0.020697832
5,756,55107,6.0,396.0,390.0,7.0,6.0,-1.0,0.011948377,0.011948377,-48.817383,-1.9437046,-0.0013249256,-0.028672729,0.0018357486,-0.027031578,0.0959747,0.0729902,-0.022984497,-0.037627812,-0.19419998,-0.15657216,-0.034841426,-0.22479989,-0.18995845,-0.024199808,-0.20417315,-0.17997333
5,757,55163,3.0,301.0,298.0,3.0,2.0,-1.0,0.011061497,0.011061497,-60.677185,-2.0748672,0.0018952414,-0.02806615,0.0017808899,-0.034689713,0.6500523,0.61150193,-0.038550377,0.49585256,0.4980362,0.002183646,0.524475,0.5432491,0.018774092,0.5721789,0.583386,0.011207104
5,758,55405,4.0,271.0,267.0,1.0,3.0,2.0,0.016470503,0.016470503,-86.29288,-3.7114449,-0.0057496894,-0.029606074,-0.005526431,-0.029311229,0.19225492,0.21741576,0.02516085,0.16151823,0.016822645,-0.14469558,0.16274455,0.011658312,-0.15108624,0.18311714,0.04009619,-0.14302094
5,759,55408,10.0,261.0,251.0,1.0,4.0,3.0,0.020950478,0.020950478,-10.87796,0.30768394,-0.006800715,-0.01969022,-0.0053778365,-0.023681927,0.4519099,0.36906615,-0.08284375,-0.13707814,-0.030819079,0.106259055,-0.15526073,-0.058993213,0.096267514,-0.11306375,-0.010401229,0.102662526
5,760,55526,1.0,2.0,1.0,1.0,1.0,0.0,0.045273677,0.045273677,-48.26602,-0.9442978,-0.0019985214,-0.005210303,-0.0035755448,-0.0028854422,0.3113869,0.26557833,-0.045808583,0.1828845,0.22894429,0.046059787,0.1866225,0.24323294,0.056610435,0.20759103,0.2555361,0.047945082
5,761,55649,1.0,16.0,15.0,1.0,1.0,0.0,0.020414628,0.020414628,-84.95657,-3.6510315,-0.006384924,-0.015884146,-0.0048591793,-0.020981018,0.24548231,0.17700852,-0.068473786,0.16668941,-0.041077405,-0.20776682,0.15960957,-0.021767344,-0.18137692,0.18481858,0.002946057,-0.18187252
5,762,55669,5.0,181.0,176.0,5.0,6.0,1.0,0.02908723,0.02908723,-39.164307,-1.2780533,0.002548091,-0.02450398,0.0013689473,-0.023872852,0.3100595,0.1474542,-0.16260529,0.057593923,0.19330323,0.1357093,0.040195987,0.19207923,0.15188324,0.081698276,0.20147282,0.11977454
5,763,55678,3.0,92.0,89.0,3.0,2.0,-1.0,0.02837615,0.02837615,-66.70407,-1.9334412,0.002301138,-0.022290863,0.00090959296,-0.019329458,-0.052595146,0.30108815,0.3536833,-0.20166679,-0.11418332,0.087483466,-0.24745712,-0.1382318,0.10922532,-0.23923355,-0.09483559,0.14439797
5,764,55680,2.0,76.0,74.0,1.0,1.0,0.0,0.018446434,0.018446434,-40.00995,-1.6397781,-0.00422569,-0.022304177,-0.0036564171,-0.025029637,0.5051487,0.4622068,-0.042941898,0.3227753,0.38230598,0.059530675,0.30805793,0.38109174,0.07303381,0.3661616,0.41698804,0.05082643
5,765,55857,1.0,6.0,5.0,1.0,1.0,0.0,0.024967104,0.024967104,-60.86789,-2.5305958,-0.0020261705,-0.025580883,-0.0058393665,-0.020746343,0.38988975,0.3138864,-0.07600334,0.17643073,0.26095006,0.08451933,0.19663002,0.27941802,0.082788005,0.25149852,0.30399004,0.052491516
5,766,55933,2.0,136.0,134.0,2.0,4.0,2.0,0.027980514,0.027980514,-26.662079,-0.20661163,-0.002733443,-0.029045057,-0.0017150007,-0.028456118,-0.17572427,-0.21143731,-0.035713047,-0.049965393,-0.17999043,-0.13002503,-0.046441134,-0.18930796,-0.14286682,-0.06453363,-0.20948964,-0.14495602
5,767,55968,2.0,99.0,97.0,1.0,1.0,0.0,0.019913308,0.019913308,-41.973846,-1.2923317,-0.008281257,-0.021802098,-0.008786149,-0.02706863,0.63214225,0.6123759,-0.01976633,0.5842292,0.59262574,0.008396566,0.59812385,0.6033328,0.005208969,0.6412812,0.6320269,-0.009254277
5,768,55969,8.0,168.0,160.0,11.0,5.0,-6.0,0.025358971,0.025358971,-56.85379,-2.0832062,0.0059132837,-0.015181962,0.0034960695,-0.019703884,0.27306402,0.31877548,0.045711458,0.07692523,0.22460142,0.14767618,0.081001796,0.22999611,0.14899433,0.11123688,0.25367454,0.14243767
5,769,56042,1.0,12.0,11.0,1.0,1.0,0.0,0.035380803,0.035380803,-33.82727,-0.80047417,-0.00045705214,-0.023192052,-0.0021891594,-0.022417635,0.3890456,0.36787,-0.021175593,0.28817046,0.2803427,-0.007827759,0.27047643,0.267008,-0.003468424,0.35719854,0.3244771,-0.03272143
5,770,56066,1.0,1.0,0.0,2.0,1.0,-1.0,0.045917284,0.045917284,-46.669617,-1.9283886,0.004305143,-0.0058396235,0.0003251098,-0.00308289,0.026625857,-0.04348881,-0.07011467,-0.101372965,0.13239813,0.23377109,-0.12249491,0.08644446,0.20893937,-0.10521598,0.069008656,0.17422464
5,771,56126,152.0,650.0,498.0,22.0,16.0,-6.0,0.026017355,0.026017355,-33.199036,-0.7392292,0.008483896,-0.025026591,0.003828831,-0.025204232,0.2248987,0.15959252,-0.06530617,0.17229143,0.046454042,-0.12583739,0.17180787,0.057729036,-0.114078835,0.1931111,0.06989598,-0.123215124
5,772,56154,1.0,7.0,6.0,1.0,1.0,0.0,0.037109118,0.037109118,-45.787506,-1.4486885,-0.0069487356,-0.011585258,-0.0074858963,-0.015289735,-0.029335381,-0.053609412,-0.02427403,0.00319461,0.067183495,0.06398889,-0.008370909,0.04901909,0.05739,-0.0114332335,0.039002508,0.05043574
5,773,56269,1.0,13.0,12.0,2.0,4.0,2.0,0.039597623,0.039597623,-28.220001,-0.70762634,-0.00046065822,-0.024544653,-0.0027693436,-0.014235828,0.5090693,0.48756418,-0.021505147,0.5482667,0.5198921,-0.028374612,0.5663765,0.561733,-0.0046435,0.6081541,0.58954716,-0.01860696
5,774,56290,2.0,313.0,311.0,1.0,2.0,1.0,0.0057550743,0.0057550743,-95.15378,-2.8798923,-0.007554032,-0.03192652,-0.008678485,-0.036338165,0.27297416,0.19748712,-0.07548705,0.104697816,0.08362995,-0.021067865,0.08835759,0.067169406,-0.021188185,0.11731566,0.088513054,-0.028802603
5,775,56314,95.0,523.0,428.0,99.0,80.0,-19.0,0.025763402,0.025763402,-48.240356,-1.6601105,0.008462613,-0.020062564,0.0065777916,-0.024114398,0.015203388,0.0057158186,-0.009487569,-0.08974603,0.05631076,0.14605679,-0.09182063,0.064826235,0.15664686,-0.08818516,0.06480531,0.15299046
5,776,56418,1.0,38.0,37.0,1.0,3.0,2.0,0.037579536,0.037579536,-49.80237,-1.4614487,-0.0058296956,-0.024986662,-0.00656111,-0.020990178,0.34139502,0.42225495,0.08085993,0.3326918,0.15353881,-0.17915298,0.32378712,0.1590901,-0.16469702,0.34075382,0.19852546,-0.14222836
5,777,56454,1.0,19.0,18.0,11.0,7.0,-4.0,0.03355204,0.03355204,-18.785645,-0.31864738,0.0051647834,-0.0152671635,0.0033569299,-0.017840322,0.19497627,0.2621323,0.06715602,0.041058745,0.06997735,0.028918605,0.044235837,0.06235893,0.018123094,0.069439664,0.09281891,0.023379244
5,778,56471,1.0,184.0,183.0,6.0,5.0,-1.0,0.012133695,0.012133695,-42.040955,-1.2671223,0.0071107894,-0.027763773,0.0038505532,-0.028494086,0.43462756,0.40665278,-0.027974784,-0.124895446,-0.03643607,0.08845937,-0.13955589,-0.09092995,0.04862594,-0.052304257,-0.016676331,0.035627924
5,779,56670,4.0,18.0,14.0,3.0,36.0,33.0,0.045781147,0.045781147,-29.57483,-0.40610313,-0.003528677,-0.0023897178,-0.0050740577,-0.007778939,-0.1324388,-0.12633228,0.0061065108,-0.06444719,-0.09045305,-0.026005864,-0.073078975,-0.095520705,-0.02244173,-0.082787246,-0.10593468,-0.023147434
5,780,56681,5.0,181.0,176.0,16.0,15.0,-1.0,0.026836287,0.026836287,-21.368866,-0.5611534,0.010124698,-0.025781434,0.0039902627,-0.022303317,0.12013993,0.0901333,-0.030006625,0.08404489,0.17314914,0.08910425,0.098615654,0.18990919,0.091293536,0.10608713,0.1870786,0.08099146
5,781,56695,2.0,106.0,104.0,1.0,2.0,1.0,0.021344345,0.021344345,-35.402252,-0.7912178,-0.004913509,-0.021314826,-0.006518692,-0.02198663,0.05195997,0.15141085,0.09945088,0.13723315,0.16388495,0.0266518,0.13718094,0.17055048,0.03336954,0.14066401,0.18492173,0.044257715
5,782,56723,13.0,677.0,664.0,2.0,3.0,1.0,0.00562137,0.00562137,-32.21054,-0.19968605,-0.0011264384,-0.03687572,-0.003487669,-0.04096484,0.23534478,0.49476957,0.2594248,0.026583117,-0.042648293,-0.069231406,0.01789962,-0.05554752,-0.07344714,0.04423999,0.0037201694,-0.040519822
5,783,56751,28.0,336.0,308.0,6.0,7.0,1.0,0.022152677,0.022152677,-15.765381,0.2023201,0.004156526,-0.021694943,0.0014296584,-0.024975587,0.16636087,0.093376756,-0.072984114,-0.024978427,-0.1282502,-0.10327177,-0.027197408,-0.13515788,-0.10796048,-0.009777571,-0.12181754,-0.11203997
5,784,56782,5.0,30.0,25.0,7.0,29.0,22.0,0.039642893,0.039642893,-30.750183,-0.39933777,6.420165e-05,-0.004083883,-0.0022698678,-0.0077365264,0.24222946,0.31033027,0.06810081,0.056255445,0.007352684,-0.04890276,0.04929163,0.006642405,-0.042649224,0.078911796,0.053358413,-0.025553383
5,785,56784,23.0,102.0,79.0,1.0,2.0,1.0,0.036694616,0.036694616,-70.74805,-2.2162685,-0.0020831488,-0.009904079,-0.003150802,-0.01155768,0.024393907,0.08981378,0.06541987,0.17672612,0.121343195,-0.055382922,0.17462648,0.1305183,-0.044108182,0.17378424,0.13629246,-0.037491783
5,786,56850,1.0,239.0,238.0,1.0,1.0,0.0,0.019768909,0.019768909,-49.480927,-1.6221275,0.00063287094,-0.039835855,-0.0013597496,-0.03682166,-0.06357017,0.052429102,0.115999274,-0.035412244,-0.12671156,-0.09129932,-0.021248776,-0.1228873,-0.101638526,-0.030676939,-0.11048049,-0.07980355
5,787,56867,1.0,12.0,11.0,1.0,1.0,0.0,0.035723314,0.035723314,-38.345123,-1.4402294,0.0023941807,-0.014655504,0.0013377741,-0.012746256,-0.33709273,-0.2214204,0.11567232,0.20425846,0.07778018,-0.12647828,0.22509499,0.089748465,-0.13534653,0.18160753,0.059366293,-0.122241236
5,788,56911,7.0,44.0,37.0,1.0,1.0,0.0,0.03766444,0.03766444,-21.054047,-0.028747559,-0.0017609671,-0.016925197,-0.0024918504,-0.014635216,0.30441523,0.51254064,0.20812541,0.3233553,0.38048524,0.05712995,0.3505905,0.39214653,0.04155603,0.37126118,0.43981752,0.06855634
5,789,56948,1.0,70.0,69.0,1.0,1.0,0.0,0.019676376,0.019676376,-12.507294,0.3521328,-0.009351999,-0.02819679,-0.0074327104,-0.028928552,0.45235988,0.42214113,-0.03021875,0.14194842,-0.0472056,-0.18915401,0.14114577,-0.053267725,-0.19441348,0.18900776,-0.008093952,-0.19710171
5,790,57046,1.0,407.0,406.0,1.0,1.0,0.0,0.01106897,0.01106897,-11.953674,-0.0011062622,-0.0027083792,-0.05388217,-0.0029870719,-0.043904964,0.126149,0.10099499,-0.02515401,0.40000287,0.38154233,-0.018460542,0.4474772,0.40996048,-0.037516713,0.44304565,0.40391418,-0.039131463
5,791,57060,2.0,273.0,271.0,2.0,4.0,2.0,0.0140199065,0.0140199065,-50.385223,-1.6541023,0.0021575093,-0.03075318,-0.0002373755,-0.036256764,0.6812293,0.663059,-0.018170297,0.52871937,0.4401708,-0.08854857,0.530773,0.45411363,-0.07665935,0.57825935,0.5137748,-0.06448454
5,792,57435,4.0,82.0,78.0,1.0,1.0,0.0,0.035167214,0.035167214,-66.78137,-2.4239693,-0.0025234558,-0.016360927,-0.0029762257,-0.01713802,-0.023078037,0.00951063,0.03258867,0.03283433,0.17601927,0.14318493,0.024958877,0.18944715,0.16448827,0.022009052,0.18793963,0.16593057
5,793,57443,1.0,40.0,39.0,1.0,1.0,0.0,0.01002983,0.01002983,-71.59512,-2.7012672,-0.004833307,-0.033165287,-0.0030634664,-0.033538852,0.76797795,0.8054908,0.03751284,0.8087216,0.8130788,0.0043572187,0.81849587,0.8215012,0.0030053258,0.8279518,0.82743555,-0.0005162358
5,794,57478,1.0,3.0,2.0,1.0,1.0,0.0,0.031744305,0.031744305,-30.503113,-0.7508774,-0.0026063472,-0.01741089,-0.0024505742,-0.018579997,-0.19095875,-0.04014686,0.1508119,0.16503522,0.18980443,0.024769217,0.13678269,0.15366518,0.016882494,0.11190839,0.14538321,0.033474818
5,795,57542,19.0,144.0,125.0,1.0,1.0,0.0,0.029234998,0.029234998,-65.63776,-2.3315544,-0.0007343218,-0.014474459,-0.00083578937,-0.016264457,-0.0761284,0.05023872,0.12636712,-0.2726242,-0.00020570144,0.2724185,-0.27742285,0.02823837,0.3056612,-0.2751141,0.033960976,0.30907506
5,796,57553,18.0,656.0,638.0,12.0,20.0,8.0,0.010182565,0.010182565,2.3544617,0.9737358,-0.0011716876,-0.04941024,-0.00040001608,-0.044476733,0.0025156115,-0.13753521,-0.14005083,-0.24216542,-0.22416267,0.018002748,-0.24240907,-0.23492207,0.007486999,-0.2305918,-0.23746467,-0.0068728626
5,797,57648,55.0,287.0,232.0,1.0,2.0,1.0,0.029650934,0.029650934,-70.279205,-2.4605732,-0.0016041398,-0.017750807,-0.0008236207,-0.017661206,0.24186258,0.2051012,-0.036761373,0.3809012,0.412734,0.031832814,0.3786266,0.4198433,0.04121667,0.38217813,0.41910034,0.036922216
5,798,57650,3.0,423.0,420.0,1.0,1.0,0.0,0.004252311,0.004252311,-27.08551,-0.6919651,0.0017445199,-0.03971869,-0.0042469464,-0.039781515,0.35234934,0.27764973,-0.07469961,0.34677646,0.13366896,-0.2131075,0.3603775,0.14605947,-0.21431802,0.37967244,0.1824355,-0.19723694
5,799,57681,2.0,179.0,177.0,1.0,1.0,0.0,0.019098952,0.019098952,-27.009338,-1.0133362,-0.0070053115,-0.024987131,-0.008219082,-0.032410566,0.20119146,0.20262635,0.0014348924,0.17369139,0.14986327,-0.023828119,0.17296514,0.15486258,-0.018102556,0.19307348,0.1753889,-0.017684579
5,800,57822,1.0,210.0,209.0,1.0,1.0,0.0,0.0033422075,0.0033422075,-52.87805,-2.0919743,-0.015922397,-0.044695236,-0.013868678,-0.043212585,0.38511547,0.30379778,-0.08131769,-0.03915265,0.038433447,0.0775861,-0.04965783,0.0294919,0.07914973,0.0021218206,0.06972884,0.067607015
5,801,57838,1.0,2.0,1.0,1.0,1.0,0.0,0.029939685,0.029939685,-72.06729,-3.0967388,-0.0014737472,-0.020509865,-0.004753601,-0.021140669,0.76124024,0.73673904,-0.024501204,0.59014666,0.5251227,-0.06502396,0.6009123,0.537123,-0.06378925,0.642039,0.5964767,-0.045562327
5,802,57906,3.0,207.0,204.0,1.0,1.0,0.0,0.022711266,0.022711266,-83.03378,-3.240076,-0.00459731,-0.020767476,-0.003771264,-0.024735656,0.19029449,0.19027425,-2.0235777e-05,0.13583805,0.1041176,-0.031720445,0.13320611,0.08271505,-0.050491065,0.1511396,0.10817614,-0.04296346
5,803,58096,2.0,103.0,101.0,1.0,1.0,0.0,0.020562217,0.020562217,-59.35547,-1.680584,-0.0045726597,-0.02186681,-0.0045604184,-0.029271,-0.0332426,-0.11506496,-0.081822366,0.11398663,0.16825645,0.054269813,0.12990895,0.18761402,0.057705075,0.115924776,0.16255942,0.046634644
5,804,58144,1.0,36.0,35.0,1.0,1.0,0.0,0.032805454,0.032805454,-61.203796,-2.9756336,0.0023283735,-0.020394506,0.003168866,-0.025997367,0.17827141,0.27899688,0.10072547,0.11138767,0.13607365,0.024685979,0.0905294,0.121126994,0.030597597,0.107599795,0.14598326,0.03838347
5,805,58164,1.0,8.0,7.0,2.0,1.0,-1.0,0.03776222,0.03776222,-51.599762,-1.4565907,0.0036416836,-0.012260865,-0.0018764734,-0.016649943,0.2521101,0.28533542,0.033225328,0.15778694,0.10064416,-0.05714278,0.18568149,0.11430602,-0.071375474,0.20876558,0.1439772,-0.064788386
5,806,58187,1.0,165.0,164.0,1.0,1.0,0.0,0.014528584,0.014528584,-28.408173,-0.39353943,-0.011537101,-0.03409732,-0.012168121,-0.03622708,0.23253715,0.24985234,0.017315194,0.003940937,0.009423443,0.005482506,0.012689882,0.014104922,0.0014150403,0.033044316,0.03610048,0.0030561648
5,807,58404,3.0,25.0,22.0,1.0,1.0,0.0,0.041453194,0.041453194,-20.556366,-0.18253136,-0.004503276,-0.016194612,-0.0048143864,-0.015314341,0.30266178,0.30452135,0.0018595755,0.18111719,0.17248099,-0.008636206,0.17659476,0.18504412,0.008449361,0.19934475,0.20417836,0.004833609
5,808,58668,2.0,132.0,130.0,1.0,8.0,7.0,0.020048134,0.020048134,-57.742126,-2.125351,-0.007258605,-0.024423953,-0.0074368194,-0.026495274,0.046398453,0.15059882,0.10420037,-0.02394515,0.0667064,0.09065155,-0.02511792,0.06234139,0.08745931,-0.019722933,0.07727133,0.09699426
5,809,58681,1.0,98.0,97.0,1.0,2.0,1.0,0.013872948,0.013872948,-74.51602,-2.472025,-0.008051224,-0.031371918,-0.013151471,-0.032431245,0.10531461,0.111176655,0.0058620423,0.24392872,0.16414452,-0.0797842,0.23689982,0.18764515,-0.04925467,0.2278002,0.19010316,-0.037697047
5,810,59023,5.0,136.0,131.0,4.0,7.0,3.0,0.030564483,0.030564483,-32.79831,-0.6002922,0.0008468665,-0.018388856,-0.001326669,-0.018024273,0.31761873,0.33252546,0.014906734,-0.09233606,-0.124192625,-0.031856567,-0.12042878,-0.1500355,-0.029606722,-0.0791675,-0.09610859,-0.016941093
5,811,59039,3.0,36.0,33.0,5.0,8.0,3.0,0.038349397,0.038349397,-54.159668,-1.5906754,0.0013724156,-0.003874138,-4.2304397e-05,-0.0113442615,0.27451348,0.27019274,-0.0043207407,-0.024952583,-0.1529383,-0.12798572,-0.052754022,-0.17556146,-0.122807436,-0.007846573,-0.12661874,-0.11877217
5,812,59046,19.0,180.0,161.0,25.0,33.0,8.0,0.032892052,0.032892052,-52.86264,-1.8034687,0.005657155,-0.01600166,0.004660815,-0.016197007,0.36710286,0.20241441,-0.16468845,0.20144314,0.07080907,-0.13063407,0.21318074,0.07452888,-0.13865185,0.24568361,0.09261219,-0.15307142
5,813,59079,1.0,75.0,74.0,1.0,1.0,0.0,0.024837099,0.024837099,-67.0733,-2.6826973,-0.0029725954,-0.026883718,-0.0034784563,-0.027426392,0.6986182,0.68800956,-0.0106086135,0.47653896,0.27240244,-0.20413652,0.5017915,0.2943449,-0.20744658,0.54497224,0.37021193,-0.17476031
5,814,59091,1.0,20.0,19.0,3.0,3.0,0.0,0.025525842,0.025525842,-62.048798,-2.0371685,-0.0037781,-0.020556476,-0.0031554028,-0.019284885,0.56629276,0.59466314,0.02837038,0.51093906,0.5336357,0.022696614,0.5211757,0.55569863,0.03452295,0.5391191,0.56940025,0.030281126
5,815,59194,1.0,1.0,0.0,1.0,1.0,0.0,0.049421623,0.049421623,-67.045105,-2.17066,-0.0077949837,0.00015951693,-0.0063447542,-0.00039767474,0.41790015,0.2991981,-0.118702054,0.11080113,0.06609787,-0.04470326,0.08247966,0.042677935,-0.039801728,0.13308606,0.08432048,-0.048765577
5,816,59284,14.0,322.0,308.0,3.0,1.0,-2.0,0.025361983,0.025361983,-63.134583,-2.6476479,0.0014376901,-0.009219522,0.0021699276,-0.019582374,0.088806264,0.2799197,0.19111344,0.13188589,0.1542153,0.02232942,0.106632754,0.13310578,0.02647303,0.11374919,0.15327744,0.03952825
5,817,59419,10.0,233.0,223.0,2.0,1.0,-1.0,0.025484823,0.025484823,-22.987457,-0.37034035,0.00661901,-0.017032433,0.0026101246,-0.02133488,-0.20599726,-0.17696404,0.029033214,-0.001115634,-0.04338805,-0.042272415,0.015079626,-0.040188976,-0.0552686,-0.018692221,-0.06643088,-0.04773866
5,818,59420,1.0,87.0,86.0,5.0,7.0,2.0,0.02756513,0.02756513,-37.44153,-1.0538044,0.0010215491,-0.03197615,-0.00023779273,-0.030032404,-0.15558669,-0.022911707,0.13267498,-0.10317345,-0.34018528,-0.23701183,-0.090787895,-0.35094097,-0.26015308,-0.10217477,-0.3489961,-0.24682134
5,819,59585,2.0,430.0,428.0,1.0,1.0,0.0,0.009017322,0.009017322,-22.595825,-0.037065506,0.0017961971,-0.045095444,-0.00030495226,-0.042787474,0.112333804,0.112679034,0.0003452301,0.06413639,-0.1589647,-0.22310108,0.056259345,-0.1955449,-0.25180423,0.06564927,-0.18239945,-0.24804872
5,820,59595,1.0,242.0,241.0,1.0,1.0,0.0,0.009500079,0.009500079,-83.25867,-3.679041,-0.0049935468,-0.03465818,-0.005959641,-0.035741813,0.2254897,0.23175257,0.0062628686,-0.081670746,-0.07329464,0.008376107,-0.06143397,-0.065697655,-0.004263684,-0.03404883,-0.017398845,0.016649984
5,821,59631,1.0,1.0,0.0,1.0,1.0,0.0,0.05276714,0.05276714,-48.262238,-1.6681252,0.00052978843,0.006649412,-0.00067813694,0.0064787827,0.26012167,0.35896367,0.098841995,0.014960474,0.3830192,0.36805874,-0.009077031,0.37040183,0.37947887,0.026073286,0.38564435,0.35957107
5,822,59699,4.0,235.0,231.0,6.0,5.0,-1.0,0.02451095,0.02451095,-63.963684,-2.7902966,0.0067363605,-0.028781977,0.005212363,-0.030012652,0.31482357,0.17557548,-0.13924809,0.36743194,0.243495,-0.123936936,0.365704,0.26138058,-0.10432342,0.36965767,0.26458585,-0.10507181
5,823,59817,17.0,169.0,152.0,4.0,5.0,1.0,0.032152824,0.032152824,-41.929382,-1.0137768,-0.0019158386,-0.01904025,-0.0015000813,-0.018526483,0.17958744,0.16204402,-0.01754342,-0.11664624,-0.050543692,0.06610255,-0.11565691,-0.034589674,0.081067234,-0.09151035,-0.007916694,0.08359365
5,824,59994,96.0,170.0,74.0,10.0,25.0,15.0,0.039798353,0.039798353,-10.993408,0.5866661,0.0023998283,-0.00691133,0.0011595208,-0.009019587,0.0068635447,0.05535524,0.048491694,-0.030946132,0.11225446,0.14320059,-0.017999878,0.111420415,0.1294203,-0.015746184,0.11199005,0.12773624
5,825,60094,2.0,65.0,63.0,1.0,1.0,0.0,0.031862836,0.031862836,-22.190338,-0.05256653,-0.005122181,-0.022069417,-0.0058812536,-0.026931293,0.39734197,0.38288024,-0.014461726,0.12902783,0.32120875,0.19218092,0.121956006,0.34107682,0.21912082,0.15787777,0.37232134,0.21444356
5,826,60119,11.0,100.0,89.0,5.0,7.0,2.0,0.039738167,0.039738167,-17.210266,0.21167755,-4.056841e-06,-0.014354434,-0.0007539205,-0.014619265,0.8198309,0.81905365,-0.00077724457,0.6435492,0.6290225,-0.014526725,0.6363815,0.61365354,-0.022727966,0.68167406,0.67726636,-0.004407704
5,827,60186,1.0,2.0,1.0,3.0,4.0,1.0,0.044127263,0.044127263,-38.109528,-1.2482986,-0.00013813376,-0.010531791,-0.0013847426,-0.010094363,0.31709743,0.24183713,-0.0752603,0.0029369732,0.12325148,0.12031451,-0.01391508,0.11551564,0.12943073,0.03371855,0.13854332,0.104824774
5,828,60251,1.0,1.0,0.0,1.0,2.0,1.0,0.04447954,0.04447954,-34.025024,-1.0293427,-0.002546057,-0.020025585,-0.0018572733,-0.0155407,0.86401415,0.8549632,-0.009050965,0.66643304,0.6356143,-0.03081876,0.69239694,0.6684285,-0.023968458,0.7482328,0.73552173,-0.012711048
5,829,60305,1.0,67.0,66.0,1.0,1.0,0.0,0.020046242,0.020046242,-76.74686,-3.281454,0.00026698783,-0.038486637,-0.001178246,-0.037002794,0.11308134,0.23396464,0.12088329,0.39143404,0.54463524,0.1532012,0.38890705,0.55752593,0.16861889,0.385914,0.556945,0.17103103
5,830,60456,4.0,165.0,161.0,29.0,19.0,-10.0,0.02331521,0.02331521,-42.86908,-1.7331581,0.013939586,-0.021113902,0.008196335,-0.022551034,-0.18791358,-0.14320618,0.044707403,-0.17963299,-0.17098562,0.008647367,-0.20100583,-0.18947181,0.01153402,-0.20944136,-0.19073242,0.018708944
5,831,60505,2.0,69.0,67.0,1.0,1.0,0.0,0.02943208,0.02943208,-49.986145,-1.6732979,0.005399812,-0.017472144,0.0014768355,-0.019164648,0.05558884,0.1820109,0.12642206,0.2706836,0.22725949,-0.0434241,0.28749213,0.2299319,-0.05756022,0.26194274,0.23907088,-0.022871867
5,832,60519,10.0,345.0,335.0,1.0,1.0,0.0,0.01997557,0.01997557,-67.68643,-2.549841,-0.0025062077,-0.028544314,-0.0029386822,-0.02766553,0.41990986,0.49434128,0.07443142,0.26562983,0.18262674,-0.08300309,0.23913783,0.15992163,-0.0792162,0.27881977,0.21672411,-0.062095657
5,833,60553,15.0,302.0,287.0,25.0,4.0,-21.0,0.025161482,0.025161482,-104.235535,-4.5857506,0.0064766984,-0.024612408,0.005185351,-0.025251491,0.039112505,0.15650207,0.11738956,-0.35305667,-0.034521997,0.31853467,-0.3652282,0.0043777893,0.369606,-0.35536605,0.029016005,0.38438207
5,834,60725,6.0,10.0,4.0,5.0,1.0,-4.0,0.05367107,0.05367107,-66.637054,-2.234806,0.008576499,-0.008370655,0.007393824,-0.0035083797,0.5071624,0.55041933,0.04325694,0.44536075,0.42609057,-0.019270182,0.45589155,0.43257955,-0.023312002,0.4774817,0.4655179,-0.011963785
5,835,60834,2.0,218.0,216.0,1.0,3.0,2.0,0.019475996,0.019475996,-56.71991,-2.037424,-0.00694824,-0.024073757,-0.0040304475,-0.030180242,0.059360396,0.10582963,0.04646923,0.15094097,0.118505545,-0.032435425,0.18581018,0.13207321,-0.05373697,0.18654138,0.14096558,-0.045575798
5,836,60845,4.0,119.0,115.0,1.0,2.0,1.0,0.027223218,0.027223218,-14.716644,0.60380936,-0.0047176853,-0.024310216,-0.0026989765,-0.02241895,0.53777957,0.543962,0.006182432,0.18074493,0.21674182,0.035996884,0.20771617,0.24509189,0.03737572,0.26030925,0.30195394,0.041644692
5,837,60867,4.0,18.0,14.0,1.0,1.0,0.0,0.042637885,0.042637885,-53.378326,-1.8225327,0.0045385994,-0.014226422,0.0029754937,-0.009152636,0.08293059,-0.0049645063,-0.087895095,-0.027933992,0.06507544,0.093009435,-0.04433152,0.06851546,0.11284698,-0.030169973,0.062074706,0.09224468
5,838,60978,1.0,65.0,64.0,1.0,1.0,0.0,0.032264814,0.032264814,-44.00711,-1.4270573,-0.0041529126,-0.026109032,-0.0046318434,-0.02328121,-0.16151299,-0.27797845,-0.116465464,0.013155738,0.24389413,0.23073839,-0.034246515,0.23460515,0.26885167,-0.05076467,0.20721184,0.2579765
5,839,61122,3.0,35.0,32.0,1.0,1.0,0.0,0.032398816,0.032398816,-70.60382,-2.34338,-0.007068321,-0.016840953,-0.0066353492,-0.016512722,0.16083005,0.2296405,0.06881045,0.038555034,0.033099566,-0.005455468,0.021636093,0.022541584,0.0009054914,0.040417418,0.052951917,0.012534499
5,840,61133,2.0,111.0,109.0,1.0,1.0,0.0,0.028084774,0.028084774,-40.637054,-1.0266857,-0.005759686,-0.016682927,-0.006327525,-0.020371959,0.6818338,0.61765313,-0.06418067,0.58330715,0.6287313,0.045424163,0.5866297,0.6350831,0.04845339,0.61631966,0.6530471,0.03672743
5,841,61177,33.0,384.0,351.0,15.0,51.0,36.0,0.025653519,0.025653519,-16.483612,0.24064255,-3.959611e-05,-0.029613141,0.00028143823,-0.025516015,0.064188175,0.119461596,0.05527342,0.056984127,0.086861186,0.02987706,0.0497717,0.0653934,0.015621703,0.05376852,0.0756826,0.021914084
5,842,61216,16.0,218.0,202.0,16.0,9.0,-7.0,0.03106972,0.03106972,-14.616089,0.27612114,0.006432237,-0.022838099,0.005137669,-0.02308024,-0.1516273,-0.18341409,-0.031786785,-0.051418584,-0.0698265,-0.018407915,-0.05247393,-0.058740567,-0.0062666386,-0.07073729,-0.0809204,-0.010183111
5,843,61510,1.0,3.0,2.0,2.0,1.0,-1.0,0.036916748,0.036916748,-63.340637,-2.2362843,0.0014859028,-0.015850037,0.00058878213,-0.013055295,0.24531014,0.3416885,0.09637837,0.3247086,0.270563,-0.054145604,0.3136743,0.23060429,-0.08307001,0.3288346,0.26058352,-0.06825107
5,844,61513,1.0,112.0,111.0,1.0,3.0,2.0,0.025972448,0.025972448,-44.26648,-1.1279755,-0.0017925948,-0.032748777,-0.003675662,-0.02776317,-0.16786486,-0.15178019,0.016084671,-0.024543526,-0.11191297,-0.08736945,-0.04501725,-0.12562528,-0.08060803,-0.06051798,-0.13740268,-0.0768847
5,845,61677,6.0,18.0,12.0,2.0,1.0,-1.0,0.041885916,0.041885916,-72.03421,-2.731779,0.0041884854,-0.008273065,0.0013853684,-0.011332858,0.39421713,0.6027225,0.20850539,0.2709179,0.27372265,0.0028047562,0.28388673,0.26373518,-0.020151556,0.31456548,0.31084067,-0.0037248135
5,846,61738,29.0,223.0,194.0,47.0,10.0,-37.0,0.037518315,0.037518315,-3.400055,0.4323101,0.012592422,-0.020517165,0.010405535,-0.019738121,0.45893133,0.40443856,-0.05449277,-0.028081127,0.05727744,0.08535857,-0.06366746,0.01657297,0.08024043,-0.015920281,0.056646086,0.07256637
5,847,61748,1.0,86.0,85.0,1.0,1.0,0.0,0.0036488473,0.0036488473,-83.39383,-3.0385876,-0.008005157,-0.043676432,-0.010008335,-0.048147283,0.60989386,0.66029304,0.050399184,-0.12769145,0.54826653,0.675958,-0.16005254,0.545153,0.70520556,-0.01920502,0.6009951,0.62020016
5,848,61752,1.0,5.0,4.0,1.0,1.0,0.0,0.02890046,0.02890046,-48.62094,-1.323597,-0.008747015,-0.028330695,-0.01278463,-0.027225647,0.29643226,0.30073294,0.0043006837,0.3613282,0.3070364,-0.054291815,0.36457345,0.32394475,-0.0406287,0.38152692,0.34485647,-0.036670446
5,849,61797,1.0,45.0,44.0,1.0,1.0,0.0,0.026842013,0.026842013,-47.343933,-1.9804173,-0.0026187748,-0.03158355,-0.0032237247,-0.028352045,0.075478636,-0.05682786,-0.1323065,0.12885402,0.15968055,0.030826524,0.116693646,0.17238195,0.055688307,0.12296046,0.16133685,0.03837639
5,850,61801,8.0,177.0,169.0,1.0,1.0,0.0,0.026564784,0.026564784,-36.54367,-1.0799427,0.0015231445,-0.020831045,-0.003730422,-0.019234292,0.31854036,0.31772336,-0.00081700087,0.4053049,0.23869652,-0.1666084,0.42137915,0.25060627,-0.17077288,0.44338295,0.29085717,-0.15252578
5,851,61809,21.0,436.0,415.0,10.0,3.0,-7.0,0.021553019,0.021553019,-30.633148,-0.7076397,0.0055332575,-0.016076358,0.0038429964,-0.021585794,0.45227325,0.4493624,-0.0029108524,0.3109426,0.31973973,0.008797139,0.30789986,0.32431787,0.01641801,0.3468846,0.36155486,0.014670253
5,852,61873,1.0,32.0,31.0,4.0,1.0,-3.0,0.029728193,0.029728193,-124.577576,-5.6671715,0.0068823956,-0.020147968,0.0059611537,-0.02126706,-0.07028486,-0.07205671,-0.0017718524,-0.05658285,-0.29738352,-0.24080066,-0.0860017,-0.2979817,-0.21198002,-0.09556306,-0.28549558,-0.18993253
5,853,61972,1.0,30.0,29.0,1.0,1.0,0.0,0.0150828995,0.0150828995,-60.512115,-2.419012,0.003910836,-0.024407111,-0.0033324026,-0.027352672,0.5670921,0.5173712,-0.049720943,0.53207403,0.5185086,-0.013565421,0.5489465,0.5221869,-0.026759624,0.57543164,0.54886985,-0.026561797
5,854,62006,13.0,383.0,370.0,2.0,9.0,7.0,0.022501439,0.022501439,-13.884064,0.11198807,-0.0034889542,-0.03359557,-0.004176341,-0.03149818,0.4407847,0.45568812,0.014903426,0.34915432,0.2494744,-0.09967992,0.37040994,0.26840505,-0.102004886,0.3901193,0.30743784,-0.08268148
5,855,62015,6.0,450.0,444.0,6.0,17.0,11.0,0.016230412,0.016230412,-33.071716,-0.6638737,-0.0024192035,-0.028946102,-0.0016324334,-0.030684143,0.12845147,0.1846496,0.056198135,0.08846434,0.18878028,0.100315936,0.059135098,0.15590209,0.09676699,0.07625205,0.17005591,0.09380386
5,856,62209,1.0,86.0,85.0,1.0,1.0,0.0,0.009167407,0.009167407,-34.16858,-1.1012058,-0.0009237714,-0.051527746,-0.00654855,-0.047519993,0.51337266,0.48678342,-0.026589245,0.33275768,0.27555543,-0.05720225,0.32713458,0.2745853,-0.052549273,0.37292767,0.3268902,-0.046037465
5,857,62228,1.0,518.0,517.0,2.0,2.0,0.0,0.00797949,0.00797949,-27.186798,-0.48158073,0.0017044581,-0.04316582,-0.003927592,-0.042837627,0.7412214,0.76448596,0.023264527,0.30130866,0.26532272,-0.035985947,0.33792353,0.29838094,-0.039542586,0.4199561,0.4046025,-0.01535359
5,858,62275,14.0,278.0,264.0,2.0,1.0,-1.0,0.01858792,0.01858792,-38.81073,-1.7447586,0.0017463453,-0.019121815,0.001288753,-0.01928801,0.64326984,0.6264535,-0.016816318,0.32670262,0.36562872,0.038926095,0.3709355,0.3822191,0.011283606,0.45880926,0.47441012,0.01560086
5,859,62302,1.0,8.0,7.0,2.0,9.0,7.0,0.037537314,0.037537314,-27.549286,-0.5903797,-0.0020196326,-0.018703043,-0.0052435696,-0.01228708,0.5307936,0.3663599,-0.16443372,0.092313856,0.31571782,0.22340396,0.12282495,0.3297046,0.20687966,0.19007236,0.35407507,0.16400272
5,860,62365,1.0,87.0,86.0,1.0,1.0,0.0,0.023769245,0.023769245,-51.506805,-1.7847271,-0.0006992519,-0.027912587,-0.00046643987,-0.026152715,0.71574545,0.7341417,0.018396258,0.38387108,0.53453076,0.15065968,0.40247303,0.5510329,0.14855987,0.48952648,0.61211133,0.12258485
5,861,62479,2.0,54.0,52.0,1.0,1.0,0.0,0.031642955,0.031642955,-34.64032,-0.9189358,-0.0016556345,-0.02021261,-0.002114404,-0.024526682,0.055791512,0.05623466,0.00044314936,-0.084264174,0.0037077584,0.08797193,-0.07872783,0.009404849,0.08813268,-0.06934185,0.018294187,0.08763604
5,862,62544,1.0,27.0,26.0,2.0,3.0,1.0,0.031029385,0.031029385,-57.52246,-1.503109,0.0011493638,-0.022149991,-0.002283387,-0.019259375,0.41427138,0.4262235,0.011952102,-0.35100907,-0.27658576,0.07442331,-0.33150688,-0.25867835,0.07282853,-0.28049985,-0.18964341,0.09085643
5,863,62561,27.0,120.0,93.0,2.0,3.0,1.0,0.035392564,0.035392564,-47.902832,-1.5793095,0.0005064197,-0.019659504,-0.0037367288,-0.017240252,0.7137892,0.6812076,-0.032581627,0.49440047,0.52238184,0.02798137,0.5196091,0.5398069,0.020197809,0.5762382,0.5765045,0.00026631355
5,864,62683,20.0,36.0,16.0,7.0,10.0,3.0,0.04612532,0.04612532,-66.504425,-1.8770084,0.00205902,0.004075367,-0.00035100803,-0.0053330697,0.069834575,0.07089834,0.0010637641,-0.3923168,-0.32011363,0.07220316,-0.39642823,-0.32434252,0.07208571,-0.38513288,-0.31503415,0.07009873
5,865,62748,1.0,18.0,17.0,1.0,2.0,1.0,0.024278097,0.024278097,-56.387238,-2.19911,-0.0010947958,-0.029228806,-0.0015302673,-0.029364135,0.22609898,0.2867244,0.060625404,0.48533288,0.4124823,-0.072850585,0.50494033,0.41401875,-0.09092158,0.5007613,0.42448032,-0.07628095
5,866,62960,1.0,71.0,70.0,2.0,2.0,0.0,0.02399686,0.02399686,-32.18689,-0.8383503,0.001642622,-0.028157998,-4.870817e-05,-0.025259733,0.37085932,0.38630262,0.015443295,0.17269361,0.14710647,-0.025587142,0.15699263,0.13404167,-0.022950962,0.19566591,0.17567995,-0.019985959
5,867,63081,89.0,591.0,502.0,30.0,40.0,10.0,0.021857252,0.021857252,-33.05258,-0.55480194,0.005420478,-0.029403696,0.0028193947,-0.029425683,-0.2958658,-0.33387637,-0.038010567,-0.19637033,-0.17568891,0.020681426,-0.20513135,-0.19285709,0.012274265,-0.2222834,-0.23301606,-0.010732666
5,868,63182,6.0,455.0,449.0,1.0,1.0,0.0,0.016558327,0.016558327,-3.537506,0.9616642,-0.0011719018,-0.03531708,-0.0011359528,-0.036588393,0.040627997,-0.0045193736,-0.04514737,-0.035656575,-0.049137406,-0.013480831,-0.03239679,-0.04816278,-0.015765991,-0.02495737,-0.04752739,-0.022570021
5,869,63345,11.0,85.0,74.0,2.0,2.0,0.0,0.031592686,0.031592686,-72.50171,-3.0640392,0.00017352775,-0.00906682,-0.00086735934,-0.011580557,0.5464859,0.64423007,0.09774417,0.061702814,0.17803967,0.11633685,0.08443667,0.19166476,0.107228085,0.15812464,0.27583396,0.117709324
5,870,63449,3.0,84.0,81.0,3.0,13.0,10.0,0.029531341,0.029531341,-37.350433,-0.96072006,0.0008281283,-0.018543128,-0.0020341054,-0.019637015,0.20183122,0.16903484,-0.032796383,0.0749088,0.16353112,0.088622324,0.065352194,0.16017178,0.09481958,0.0853606,0.17407307,0.08871247
5,871,63746,1.0,43.0,42.0,1.0,2.0,1.0,0.027332868,0.027332868,-58.210083,-1.8779831,-0.0036182553,-0.021907847,-0.006192103,-0.022700459,-0.13573205,-0.10391186,0.031820193,0.08624053,0.13915251,0.052911982,0.111647926,0.17106888,0.05942095,0.08436723,0.1502783,0.06591107
5,872,63781,1.0,52.0,51.0,1.0,1.0,0.0,0.0219075,0.0219075,-34.104828,-1.1924286,-0.0029052868,-0.02393112,-0.002305232,-0.02239985,0.019596897,0.10173322,0.082136326,0.029483082,0.056703858,0.027220776,0.056589413,0.05351642,-0.003072992,0.060473632,0.07191369,0.011440057
5,873,63825,6.0,396.0,390.0,8.0,9.0,1.0,0.01544065,0.01544065,-36.69165,-1.1408939,0.00034959242,-0.031951413,-0.00017336756,-0.031593658,0.6960653,0.655292,-0.040773332,0.63925064,0.6179928,-0.021257818,0.6549325,0.6401683,-0.01476419,0.6728036,0.6564614,-0.016342163
5,874,63922,13.0,75.0,62.0,41.0,7.0,-34.0,0.04222727,0.04222727,-54.57376,-2.390648,0.011976,-0.021017235,0.012188524,-0.01644665,0.06937965,0.008749122,-0.06063053,-0.22052824,-0.16851233,0.052015916,-0.21425726,-0.15782055,0.056436703,-0.18691646,-0.14422306,0.04269339
5,875,63931,1.0,6.0,5.0,1.0,1.0,0.0,0.036024217,0.036024217,-35.50833,-0.85085106,-0.008238517,-0.016379371,-0.0073426813,-0.01534608,0.12144682,0.05734803,-0.06409879,0.06783358,0.20239441,0.13456082,0.07932145,0.24124032,0.16191888,0.089893885,0.23409116,0.14419729
5,876,63944,1.0,33.0,32.0,1.0,1.0,0.0,0.019376915,0.019376915,-41.618347,-1.1072731,-0.0029094778,-0.032990392,-0.0053061508,-0.0335262,0.09584795,0.23653693,0.14068899,0.051184997,0.14866117,0.09747617,0.042197097,0.14631401,0.10411692,0.05250064,0.17425202,0.12175138
5,877,64004,122.0,147.0,25.0,6.0,11.0,5.0,0.045067728,0.045067728,-20.343475,-0.14264297,0.004911663,-0.010745859,0.0028286409,-0.0045262706,-0.068711035,-0.040893987,0.027817048,0.094054945,0.070099585,-0.02395536,0.082225196,0.09252086,0.010295667,0.06780739,0.08468638,0.016878992
5,878,64096,53.0,217.0,164.0,194.0,32.0,-162.0,0.04377489,0.04377489,-19.24179,-0.38348198,0.015802283,-0.02304171,0.015269697,-0.018343389,0.35276213,0.4616247,0.10886258,0.255008,0.29709288,0.042084873,0.2684327,0.29646415,0.028031439,0.29174805,0.32887524,0.037127197
5,879,64295,2.0,25.0,23.0,1.0,1.0,0.0,0.030480433,0.030480433,-38.401062,-1.4403152,-0.0019484386,-0.009170376,-0.0025748238,-0.015028153,0.033298705,0.0619457,0.028646994,0.048527617,0.14735498,0.09882736,0.047792304,0.1317448,0.0839525,0.050010223,0.13421988,0.084209666
5,880,64483,27.0,106.0,79.0,13.0,31.0,18.0,0.040902466,0.040902466,-22.280243,0.24222755,-0.0006526131,-0.008999107,-0.00063338317,-0.007344691,0.20317864,0.18073839,-0.022440255,-0.2659885,-0.20365243,0.062336072,-0.3049133,-0.26556912,0.03934419,-0.28088272,-0.23308381,0.0477989
5,881,64498,243.0,169.0,-74.0,181.0,123.0,-58.0,0.04714776,0.04714776,-28.53421,-0.24011803,0.010272156,-0.0030536242,0.008378096,-0.000786297,-0.12546614,-0.13223875,-0.0067726076,-0.042029783,-0.09914201,-0.057112224,-0.04805667,-0.08951017,-0.041453503,-0.060270708,-0.09925865,-0.03898794
5,882,64615,45.0,32.0,-13.0,11.0,23.0,12.0,0.04941404,0.04941404,-35.775696,-0.5709324,0.00053626485,-0.001975095,0.0008102078,-0.001989564,0.41567063,0.34754574,-0.06812489,0.06068435,0.1721095,0.11142515,0.075720616,0.19672705,0.12100644,0.15115473,0.24939525,0.098240525
5,883,64621,5.0,514.0,509.0,2.0,4.0,2.0,0.013043631,0.013043631,-9.308777,0.6346359,-0.0027117245,-0.03832156,-0.0060416255,-0.037795104,-0.025006082,0.0370845,0.062090583,-0.015664639,0.16097218,0.17663682,-0.032269917,0.163494,0.19576392,-0.033811945,0.16367292,0.19748487
5,884,64687,13.0,119.0,106.0,10.0,4.0,-6.0,0.037460312,0.037460312,-49.171173,-1.1318779,0.00056107715,-0.014215222,0.0015271176,-0.012138428,0.4927611,0.42141408,-0.07134703,0.23066616,0.2124234,-0.018242761,0.19079708,0.19583607,0.0050389916,0.24299066,0.23237543,-0.01061523
5,885,64771,2.0,4.0,2.0,9.0,4.0,-5.0,0.057345968,0.057345968,-38.33319,-1.1022472,0.0071273707,-0.0022660606,0.0042127445,-0.0039247796,0.5277127,0.45842728,-0.06928542,0.46523774,0.471503,0.006265253,0.46564665,0.4885235,0.022876859,0.497234,0.50648606,0.009252071
5,886,64867,2.0,173.0,171.0,4.0,4.0,0.0,0.021696158,0.021696158,-32.5972,-0.55722046,0.00064465404,-0.02935072,-0.00024715066,-0.028101604,0.47539136,0.43294737,-0.04244399,0.05531938,0.044695325,-0.010624055,0.05918293,0.052361537,-0.006821394,0.12010132,0.10565725,-0.014444068
5,887,64880,17.0,134.0,117.0,2.0,12.0,10.0,0.037012868,0.037012868,-56.689575,-1.1270142,-0.0018206835,-0.010584656,-0.004097741,-0.013433352,-0.26982838,-0.115614384,0.154214,-0.047983784,-0.018552618,0.029431166,-0.016585559,-0.015234047,0.001351512,-0.039289612,-0.024354383,0.014935229
5,888,64893,24.0,702.0,678.0,19.0,42.0,23.0,0.013911821,0.013911821,-11.835632,0.5057888,0.0043425933,-0.0356879,0.0025179796,-0.040528,0.111834876,0.18684378,0.07500891,-0.024345955,0.15999201,0.18433796,-0.033641353,0.16152152,0.19516288,-0.011392814,0.17447989,0.1858727
5,889,64979,1.0,1.0,0.0,1.0,5.0,4.0,0.038123604,0.038123604,-26.335052,-0.4808426,-0.0047916137,-0.008012529,-0.0037367977,-0.007690776,0.5600659,0.52052206,-0.039543867,0.15920901,0.30891684,0.14970782,0.15923898,0.30266696,0.14342798,0.21746017,0.34830695,0.13084678
5,890,65010,5.0,32.0,27.0,4.0,3.0,-1.0,0.037796393,0.037796393,-58.48181,-1.799551,0.00287636,-0.009909064,0.0016318895,-0.009889983,0.10342299,0.37636095,0.27293795,0.18092082,0.09578066,-0.08514016,0.19997251,0.09600115,-0.10397136,0.20225748,0.12742507,-0.07483241
5,891,65069,1.0,23.0,22.0,1.0,1.0,0.0,0.03077874,0.03077874,-75.02402,-3.0133362,-0.0025848038,-0.025558874,-0.0043062232,-0.025145322,0.031437885,0.19071634,0.15927845,-0.042315066,0.4837741,0.5260892,-0.047131933,0.5091505,0.55628246,-0.041587602,0.5258225,0.5674101
5,892,65148,1.0,55.0,54.0,2.0,1.0,-1.0,0.019252982,0.019252982,-39.273926,-1.2008381,0.00023804605,-0.020946816,-0.0070534274,-0.024722628,0.844983,0.83155894,-0.013424039,0.65428185,0.7474278,0.09314597,0.67438626,0.75134295,0.07695669,0.730953,0.7879684,0.05701542
5,893,65187,8.0,303.0,295.0,1.0,2.0,1.0,0.015539765,0.015539765,-29.285675,-0.39225006,-0.008147396,-0.030265588,-0.007886361,-0.027059145,0.25364757,0.25540176,0.0017541945,-0.042025104,0.24201043,0.28403553,-0.033166192,0.26039284,0.29355904,0.013377746,0.27256224,0.25918448
5,894,65232,12.0,62.0,50.0,4.0,21.0,17.0,0.040238354,0.040238354,-7.740753,0.8900757,-0.002503384,-0.0037318952,-0.0027390867,-0.0117402,0.3902204,0.4501879,0.059967488,0.16714245,-0.12462455,-0.291767,0.20679054,-0.102863386,-0.30965394,0.2633993,-0.050135974,-0.31353527
5,895,65253,2.0,590.0,588.0,1.0,1.0,0.0,0.0032123625,0.0032123625,-6.6609497,0.72587204,-0.0037322529,-0.043585815,-0.0044306554,-0.047477376,0.5744593,0.51454157,-0.059917748,0.46901962,0.6348137,0.1657941,0.49351382,0.66401213,0.17049831,0.5315631,0.6798863,0.14832318
5,896,65267,2.0,16.0,14.0,1.0,3.0,2.0,0.037411824,0.037411824,-58.72879,-2.1874962,-0.0054544657,-0.0070972256,-0.00613166,-0.013005413,0.33046687,0.38678417,0.0563173,-0.1650384,0.19274059,0.357779,-0.1687258,0.21218121,0.380907,-0.10822643,0.26941738,0.37764382
5,897,65376,1.0,1.0,0.0,1.0,1.0,0.0,0.03242285,0.03242285,-37.14563,-0.8049011,-0.011654232,-0.016201615,-0.012384839,-0.016682275,0.33164486,0.29973796,-0.031906903,0.008274647,0.019896943,0.011622296,-0.022810293,-0.044783756,-0.021973463,0.016378213,5.974354e-05,-0.016318468
5,898,65414,3.0,132.0,129.0,1.0,1.0,0.0,0.026041713,0.026041713,-36.279266,-1.0609493,0.002305545,-0.023560908,9.36985e-05,-0.024603885,0.13217597,0.13260132,0.00042535365,-0.2065516,-0.18224162,0.024309978,-0.22528856,-0.19627999,0.029008567,-0.19426687,-0.16420618,0.030060694
5,899,65445,1.0,57.0,56.0,1.0,1.0,0.0,0.034391552,0.034391552,-55.73236,-1.6686764,-5.7302415e-05,-0.019241046,0.0006334521,-0.018134609,0.49076897,0.49685317,0.0060842037,0.38381687,0.51305026,0.12923339,0.39238894,0.51785517,0.12546623,0.43362647,0.5444499,0.11082345
5,900,65639,1.0,38.0,37.0,1.0,1.0,0.0,0.0236824,0.0236824,-63.260315,-2.7293167,-0.0024782158,-0.02043879,-0.002894856,-0.02274422,0.15307456,0.17794926,0.024874702,0.18836056,-0.034078,-0.22243856,0.2108538,-0.020704431,-0.23155823,0.21765998,-0.0023455631,-0.22000554
5,901,65654,10.0,272.0,262.0,10.0,2.0,-8.0,0.025504012,0.025504012,-60.282867,-2.4545326,0.0060533807,-0.020181403,0.006027341,-0.0236263,0.10172914,0.13241315,0.03068401,-0.008175669,0.07533122,0.08350689,0.006156613,0.070570126,0.06441351,0.024155663,0.085079536,0.060923874
5,902,65686,9.0,518.0,509.0,2.0,1.0,-1.0,0.015409751,0.015409751,-53.56952,-1.8197498,0.008354975,-0.03499324,0.0032252874,-0.035617672,0.19150841,0.12865676,-0.06285165,0.11485935,0.21418701,0.09932766,0.113909975,0.23022978,0.116319805,0.13229023,0.23725432,0.10496409
5,903,65769,1.0,23.0,22.0,3.0,4.0,1.0,0.028714567,0.028714567,-43.18576,-1.3626118,-0.0009876788,-0.02103569,-0.0011326224,-0.020201378,0.08273559,0.03082235,-0.05191324,0.2836662,0.3372638,0.0535976,0.2647669,0.33481064,0.07004374,0.25205868,0.31817552,0.06611684
5,904,65799,1.0,67.0,66.0,4.0,2.0,-2.0,0.034600947,0.034600947,-25.861755,-0.37898254,0.0019115731,-0.028391324,0.001459714,-0.026854482,0.4627541,0.45881823,-0.0039358735,0.2742134,0.28862497,0.014411569,0.2939001,0.30899575,0.015095651,0.33495995,0.34618834,0.011228383
5,905,65821,3.0,5.0,2.0,2.0,6.0,4.0,0.043631565,0.043631565,-59.40036,-1.6915798,-0.00196179,-0.0005074106,-0.003146965,-0.0015015751,0.17145605,0.17394313,0.0024870783,-0.07680877,0.10958922,0.186398,-0.06987576,0.108426526,0.17830229,-0.0535068,0.12268817,0.17619497
5,906,65872,1.0,164.0,163.0,20.0,71.0,51.0,0.02203063,0.02203063,-44.290955,-1.5684547,0.0003495738,-0.027716052,0.0005879402,-0.026083775,0.2179951,0.21125604,-0.006739065,0.30461058,0.28920287,-0.015407711,0.30516243,0.2781766,-0.026985824,0.30807853,0.28393322,-0.024145305
5,907,65920,2.0,17.0,15.0,1.0,1.0,0.0,0.038061578,0.038061578,-36.546112,-0.77313423,-0.0010030381,-0.0074444674,-0.0015809797,-0.010689635,-0.10966122,-0.07808686,0.03157436,-0.169336,-0.16468586,0.004650146,-0.14969552,-0.15407695,-0.004381433,-0.16161183,-0.16197403,-0.00036220253
5,908,65943,14.0,132.0,118.0,1.0,1.0,0.0,0.033232853,0.033232853,-27.758362,-0.5135517,0.00093615614,-0.017640878,-0.0017981064,-0.015957844,0.40797895,0.38336125,-0.024617702,0.21356909,0.10354737,-0.11002172,0.2137232,0.10969727,-0.10402593,0.23779689,0.1559046,-0.08189228
5,909,66004,16.0,200.0,184.0,2.0,1.0,-1.0,0.032024853,0.032024853,-48.277283,-1.5144157,0.0008360818,-0.015272189,0.00021479279,-0.017870262,0.028849177,0.010701196,-0.01814798,0.025091307,-0.06131937,-0.08641068,0.0254115,-0.07138338,-0.09679488,0.027877832,-0.066585205,-0.094463035
5,910,66214,6.0,77.0,71.0,23.0,6.0,-17.0,0.037134904,0.037134904,-58.63974,-2.33222,0.01179646,-0.013586957,0.0081150755,-0.012982689,-0.0039959047,-0.043723196,-0.039727293,-0.044257168,0.11071398,0.15497115,-0.046261862,0.112593636,0.1588555,-0.042551987,0.09958436,0.14213635
5,911,66216,5.0,17.0,12.0,5.0,12.0,7.0,0.03934045,0.03934045,-47.656464,-0.92944145,-0.0010708682,-0.0010025166,-0.0016515777,-0.0057348013,0.093604416,0.10796943,0.014365017,0.41782993,0.5197607,0.1019308,0.4268573,0.5228177,0.09596038,0.42280903,0.51887405,0.096065015
5,912,66278,1.0,21.0,20.0,1.0,1.0,0.0,0.004350461,0.004350461,-84.276245,-3.4595165,-0.010016542,-0.037345413,-0.008082088,-0.03697981,0.23820275,0.30430007,0.06609732,0.36055613,0.27726087,-0.083295256,0.36580583,0.37005207,0.004246235,0.35749453,0.38073948,0.023244947
5,913,66330,64.0,854.0,790.0,18.0,7.0,-11.0,0.007668888,0.007668888,-67.65341,-2.517313,0.006529646,-0.048312634,0.0051846188,-0.042254858,0.29685748,0.20971204,-0.08714543,-0.12861148,-0.34434873,-0.21573725,-0.12249629,-0.34515825,-0.22266196,-0.04306293,-0.30794197,-0.26487905
5,914,66342,1.0,44.0,43.0,2.0,1.0,-1.0,0.028532669,0.028532669,-12.764008,-0.0670414,0.0042420737,-0.025878362,0.00089041144,-0.023485586,0.39507008,0.26310948,-0.1319606,0.21063611,0.30591643,0.09528032,0.23395088,0.3365912,0.10264033,0.27346137,0.3550581,0.08159673
5,915,66421,3.0,147.0,144.0,1.0,2.0,1.0,0.01823325,0.01823325,-47.116547,-1.4940414,-0.00998703,-0.027529452,-0.009924147,-0.025918953,-0.06767542,-0.07477695,-0.0071015283,-0.104870655,0.017795764,0.12266642,-0.10781644,0.014036564,0.12185301,-0.110187374,0.0078005353,0.11798791
5,916,66464,4.0,10.0,6.0,7.0,5.0,-2.0,0.04293027,0.04293027,-53.952972,-1.8358383,0.0051784925,-0.0013791695,0.002710104,-0.0034932457,-0.33736148,-0.33843914,-0.001077652,-0.1365478,-0.2680549,-0.1315071,-0.1313342,-0.2757265,-0.1443923,-0.16039191,-0.28850204,-0.12811013
5,917,66479,4.0,586.0,582.0,3.0,14.0,11.0,0.008567836,0.008567836,-47.54126,-1.2548084,-0.004665084,-0.038806725,-0.0061476715,-0.040818665,0.15226099,0.05274002,-0.09952097,0.30341268,0.2717557,-0.03165698,0.32177043,0.3136002,-0.008170217,0.31242016,0.29887006,-0.013550103
5,918,66489,19.0,96.0,77.0,94.0,1.0,-93.0,0.043372504,0.043372504,-35.185455,-1.1243572,0.013662323,-0.021312688,0.014402892,-0.020006,0.14379561,0.111635484,-0.032160126,0.058092643,0.046172146,-0.011920497,0.06627819,0.047496095,-0.018782094,0.08152937,0.06107503,-0.02045434
5,919,66580,1.0,77.0,76.0,1.0,1.0,0.0,0.019040514,0.019040514,-77.8006,-2.668581,-0.0046714023,-0.0393065,-0.006487027,-0.037363283,0.11450754,0.26220474,0.1476972,-0.06216501,0.026395928,0.08856094,-0.058217388,0.039130986,0.09734838,-0.04137419,0.072022006,0.1133962
5,920,66643,13.0,470.0,457.0,1.0,2.0,1.0,0.008780096,0.008780096,-48.02649,-1.5952663,-0.0021153763,-0.029758614,-0.0014628395,-0.030487496,0.5637388,0.5747072,0.010968387,0.26187605,0.2917822,0.029906154,0.26113358,0.29193404,0.030800462,0.3235276,0.3565685,0.03304088
5,921,66773,1.0,3.0,2.0,1.0,1.0,0.0,0.034639686,0.034639686,-47.605133,-1.1663532,-0.010428816,-0.019052368,-0.007818911,-0.016373083,-0.017291704,0.07982664,0.09711834,0.12712255,0.053837467,-0.07328509,0.07530867,0.033071287,-0.042237386,0.06583634,0.04021957,-0.025616769
5,922,66836,1.0,272.0,271.0,1.0,1.0,0.0,0.0014944263,0.0014944263,-73.12729,-2.969473,-0.012811091,-0.041089647,-0.012833551,-0.043573327,0.56727767,0.53641003,-0.030867636,0.44896463,0.4357738,-0.013190836,0.45112547,0.4423694,-0.008756071,0.49637523,0.48000184,-0.016373396
5,923,66946,3.0,4.0,1.0,1.0,1.0,0.0,0.046824455,0.046824455,-49.37079,-1.5405197,-8.578226e-05,0.0016599819,-0.0025445186,-0.0013188682,0.49695474,0.5532885,0.05633378,0.12446515,0.37701413,0.252549,0.16491736,0.4062729,0.24135552,0.21626882,0.4350147,0.21874587
5,924,66976,36.0,138.0,102.0,25.0,11.0,-14.0,0.038224667,0.038224667,-23.70163,-0.035806656,0.007350279,-0.012470366,0.007184932,-0.01611255,-0.20172319,-0.104764774,0.09695841,0.015104589,-0.051292088,-0.066396676,0.018018994,-0.052315757,-0.07033475,-0.010293952,-0.06569175,-0.055397794
5,925,67045,8.0,341.0,333.0,17.0,9.0,-8.0,0.020622842,0.020622842,-28.312378,-0.36191177,0.015097331,-0.03619773,0.008431602,-0.031988252,0.21929196,0.15684803,-0.062443927,0.050462563,0.24809413,0.19763157,0.06613519,0.27182263,0.20568743,0.09321974,0.27627075,0.183051
5,926,67113,4.0,191.0,187.0,2.0,2.0,0.0,0.022791099,0.022791099,-27.131927,-0.48718452,-0.0048285015,-0.027564134,-0.0010961667,-0.027279478,0.6908533,0.62417376,-0.06667954,0.49887112,0.507464,0.008592874,0.5169416,0.5271979,0.01025629,0.55547684,0.569938,0.01446116
5,927,67168,4.0,43.0,39.0,5.0,5.0,0.0,0.034785226,0.034785226,-43.05493,-0.8334751,0.0017109476,-0.010980997,-0.00040642172,-0.012431376,-0.055752475,-0.082635045,-0.02688257,-0.03178273,-0.0026674331,0.029115299,-0.04879266,-0.023929263,0.024863398,-0.052122783,-0.033816673,0.01830611
5,928,67204,1.0,132.0,131.0,2.0,6.0,4.0,0.021333616,0.021333616,-6.1401367,0.9070072,-0.00088923424,-0.03289831,-0.0024858937,-0.03172216,0.21061322,0.24141993,0.030806705,0.20672671,0.18571553,-0.021011189,0.20457043,0.18343794,-0.021132484,0.21361111,0.1949628,-0.018648311
5,929,67237,3.0,151.0,148.0,1.0,2.0,1.0,0.018820766,0.018820766,-53.880615,-1.7798519,-0.007578712,-0.025213841,-0.006402377,-0.025276247,0.2506909,0.1585374,-0.092153504,0.13745008,0.13552849,-0.0019215941,0.14027648,0.12813765,-0.012138829,0.16168423,0.1393738,-0.022310436
5,930,67252,8.0,101.0,93.0,1.0,1.0,0.0,0.036261205,0.036261205,-41.0968,-1.5220909,0.00058256276,-0.020471573,-0.0014611185,-0.021279838,0.34480098,0.38207856,0.03727758,0.30459827,0.3308384,0.02624014,0.30610567,0.34450093,0.038395256,0.32333606,0.3645046,0.04116854
5,931,67295,484.0,367.0,-117.0,622.0,482.0,-140.0,0.05360443,0.05360443,-56.42462,-2.2533894,0.019891031,0.002453912,0.01868936,0.0020197816,-0.10504658,-0.079829015,0.025217563,0.020911139,-0.038774792,-0.05968593,0.011844558,-0.05034838,-0.062192935,-0.0019209578,-0.057762425,-0.05584147
5,932,67363,2.0,43.0,41.0,3.0,3.0,0.0,0.034493774,0.034493774,-99.82614,-4.62397,0.004145976,-0.020987768,-0.0013370812,-0.02102417,0.17657292,0.048941575,-0.12763134,-0.03310953,0.020360267,0.0534698,-0.040271673,0.0199256,0.06019727,-0.010461692,0.026211658,0.036673352
5,933,67742,1.0,189.0,188.0,1.0,1.0,0.0,0.014275629,0.014275629,-74.79346,-3.1592808,-0.0067500025,-0.039704524,-0.006318234,-0.03479897,0.04666626,0.10556048,0.05889422,0.23176563,0.07288862,-0.15887702,0.25036103,0.06414372,-0.18621731,0.24861884,0.079492494,-0.16912635
5,934,67802,1.0,69.0,68.0,1.0,1.0,0.0,0.02177377,0.02177377,-81.67325,-2.686306,-0.0034810603,-0.027517281,-0.004910901,-0.027081735,0.41398126,0.38104475,-0.032936513,0.391222,0.5498585,0.15863651,0.4067309,0.55081785,0.14408696,0.42646092,0.5553461,0.12888515
5,935,67829,48.0,306.0,258.0,13.0,19.0,6.0,0.029882636,0.029882636,-50.918884,-1.3274841,0.00056851655,-0.024405148,0.0015329532,-0.023233853,0.100974455,0.07711535,-0.023859106,0.28031874,0.040808685,-0.23951006,0.25718793,0.033125527,-0.22406241,0.25471723,0.03788811,-0.21682912
5,936,68023,2.0,144.0,142.0,1.0,1.0,0.0,0.017146558,0.017146558,-43.106293,-1.4218788,-0.0063899644,-0.021840274,-0.008401545,-0.023357525,0.76153344,0.7110007,-0.05053276,0.7423371,0.61303467,-0.12930244,0.74735564,0.61092335,-0.13643229,0.77694744,0.6705717,-0.106375754
5,937,68168,7.0,49.0,42.0,1.0,1.0,0.0,0.038063787,0.038063787,-57.459778,-1.9923115,0.00064763054,-0.009394474,-0.00064296275,-0.012782175,0.06368177,-0.16355433,-0.22723609,-0.22215231,-0.109429516,0.11272279,-0.23280469,-0.1313493,0.10145539,-0.21879749,-0.14201565,0.07678184
5,938,68278,62.0,68.0,6.0,7.0,12.0,5.0,0.043645523,0.043645523,-31.429047,-0.046470642,-0.0010616947,0.0005239714,-0.0016561244,-0.0011038464,0.61272967,0.5999759,-0.012753785,0.048732694,0.26342,0.21468729,0.027684812,0.2646334,0.23694858,0.10878693,0.35266182,0.24387488
5,939,68311,1.0,105.0,104.0,1.0,2.0,1.0,0.026276235,0.026276235,-55.512238,-1.9278374,-0.0056861043,-0.02497333,-0.008374367,-0.026526794,0.11135714,0.06520135,-0.046155788,0.062674254,0.1257905,0.06311625,0.025701944,0.09917524,0.07347329,0.03764504,0.10308302,0.06543799
5,940,68339,1.0,24.0,23.0,1.0,1.0,0.0,0.030136377,0.030136377,-14.518097,0.19445038,0.0016736314,-0.022393543,-0.0026914738,-0.021772854,0.250048,0.4395792,0.18953118,0.21484365,0.26721895,0.0523753,0.24686636,0.3019998,0.055133447,0.2724679,0.34650084,0.07403293
5,941,68418,1.0,128.0,127.0,1.0,1.0,0.0,0.016371872,0.016371872,-66.09042,-2.5551186,3.8277358e-05,-0.025128428,-0.0035221837,-0.03146021,0.27646577,0.22505899,-0.051406786,0.21754706,0.22288606,0.0053389966,0.21499246,0.20336236,-0.011630103,0.22602877,0.21635109,-0.009677678
5,942,68471,7.0,120.0,113.0,4.0,2.0,-2.0,0.031798776,0.031798776,-27.02124,-0.16877747,-0.00039935485,-0.022507653,0.0003697835,-0.019873362,0.3541132,0.41416234,0.060049146,-0.0095562665,0.028709685,0.03826595,-0.010815227,0.007437948,0.018253176,0.025112351,0.05541584,0.030303488
5,943,68741,1.0,214.0,213.0,1.0,1.0,0.0,-0.0046539083,-0.0046539083,-74.025116,-3.1137695,-0.007609144,-0.037836522,-0.00693338,-0.04184792,0.54351175,0.52529705,-0.018214703,0.5467855,0.49022704,-0.05655843,0.54040027,0.50215584,-0.038244426,0.55137897,0.5182718,-0.03310716
5,944,68814,3.0,105.0,102.0,1.0,1.0,0.0,0.01954215,0.01954215,-67.9707,-3.0535316,-0.0067016818,-0.01956483,-0.007165864,-0.02339422,0.23054142,0.21825223,-0.012289196,0.25782555,0.24873978,-0.009085774,0.24189441,0.23854744,-0.0033469647,0.25787753,0.2457313,-0.0121462345
5,945,68842,2.0,50.0,48.0,3.0,2.0,-1.0,0.030526076,0.030526076,-49.242157,-1.9912567,1.0021031e-05,-0.014385626,0.00038982183,-0.021873042,0.69193,0.6592212,-0.032708824,0.35384685,0.31819344,-0.035653412,0.37406558,0.33166865,-0.042396933,0.44451827,0.39356312,-0.050955147
5,946,68858,11.0,41.0,30.0,14.0,13.0,-1.0,0.041402914,0.041402914,-41.342896,-0.9054699,0.0013630986,-0.0062086657,0.002879504,-0.009220637,0.116740406,0.09407799,-0.022662416,0.046615865,0.028912706,-0.017703159,0.040278383,0.026594186,-0.013684196,0.046807207,0.03519642,-0.011610787
5,947,68897,3.0,2.0,-1.0,4.0,1.0,-3.0,0.05456448,0.05456448,-41.81906,-1.2016392,0.0037519597,-0.0020477735,0.0022523515,0.0018341206,-0.25932682,-0.2696806,-0.010353774,-0.14968066,-0.07958457,0.07009609,-0.14686422,-0.08521442,0.0616498,-0.16131824,-0.107251726,0.054066516
5,948,69007,2.0,614.0,612.0,2.0,30.0,28.0,0.009654004,0.009654004,-33.585327,-0.35724068,-0.009043377,-0.044025235,-0.009660777,-0.045448627,0.3362196,0.39580184,0.059582233,0.14663391,0.06663099,-0.08000292,0.16113748,0.090703785,-0.07043369,0.1893828,0.13825321,-0.051129594
5,949,69025,5.0,3.0,-2.0,4.0,5.0,1.0,0.045353137,0.045353137,-40.07672,-1.1806221,0.001732856,6.936118e-05,0.00034358725,0.0017940067,0.30307677,0.26526868,-0.03780809,0.1311095,0.085296616,-0.04581289,0.13153818,0.06250643,-0.06903175,0.16395663,0.09412984,-0.06982679
5,950,69030,78.0,639.0,561.0,21.0,20.0,-1.0,0.02566161,0.02566161,-58.0036,-2.2234726,0.005242277,-0.027320914,0.004081333,-0.025711086,0.31331468,0.40183094,0.088516265,0.09734006,0.36169627,0.2643562,0.066539556,0.37023842,0.30369887,0.103894345,0.39442098,0.29052663
5,951,69130,1.0,16.0,15.0,1.0,1.0,0.0,0.027401134,0.027401134,-61.731964,-2.1067638,-0.008578494,-0.033589803,-0.008358039,-0.030424535,-0.25337344,-0.35239476,-0.099021316,-0.103945784,0.10721452,0.2111603,-0.114568554,0.11171857,0.22628713,-0.14419463,0.026123278,0.17031792
5,952,69214,1.0,413.0,412.0,1.0,1.0,0.0,-0.006500803,-0.006500803,-70.58359,-2.598362,-0.008860331,-0.04804868,-0.01083901,-0.04729099,0.7550201,0.7999644,0.044944346,0.5339461,0.62617505,0.09222895,0.5510426,0.63868636,0.08764374,0.607196,0.6879977,0.080801725
5,953,69240,63.0,544.0,481.0,14.0,1.0,-13.0,0.023806361,0.023806361,-16.516998,0.012134552,0.0067982674,-0.035440333,0.004350206,-0.031398267,0.6521237,0.6813039,0.029180229,0.45281312,0.387353,-0.065460116,0.4786891,0.42243567,-0.056253433,0.5246729,0.49259987,-0.03207305
5,954,69442,1.0,1.0,0.0,1.0,1.0,0.0,0.036408134,0.036408134,-76.3367,-3.0037231,-0.0019585118,-0.0038754754,-0.009737745,-0.0051992536,0.09163171,0.11609347,0.024461761,0.07140916,-0.07646262,-0.14787178,0.06282358,-0.09584698,-0.15867056,0.07144512,-0.07707226,-0.14851739
5,955,69502,1.0,29.0,28.0,1.0,1.0,0.0,0.017564528,0.017564528,-60.137848,-2.2636204,-0.002534721,-0.039105777,-0.0037120618,-0.034159545,0.56819236,0.54779464,-0.020397723,0.49647436,0.31485018,-0.18162417,0.5011072,0.3179061,-0.1832011,0.530528,0.36120144,-0.16932657
5,956,69614,4.0,207.0,203.0,1.0,2.0,1.0,0.01528671,0.01528671,-74.000305,-2.5655708,-0.0027286336,-0.030747611,-0.008817926,-0.029326327,0.3934319,0.44868982,0.055257916,0.22246686,0.20522681,-0.017240047,0.21804792,0.2103891,-0.0076588243,0.260036,0.25918263,-0.0008533597
5,957,69616,18.0,279.0,261.0,1.0,1.0,0.0,0.026250724,0.026250724,-38.134552,-1.3411484,0.0015807934,-0.02062659,-0.0019722935,-0.019657414,0.43199614,0.4098686,-0.022127539,0.16381842,0.1926437,0.028825283,0.14920901,0.1819032,0.03269419,0.18085912,0.21723786,0.03637874
5,958,69785,4.0,6.0,2.0,1.0,1.0,0.0,0.047465272,0.047465272,-39.775604,-0.97976685,0.00019421056,0.0010640547,-0.00112091,-0.0022378303,0.1877786,0.2866784,0.0988998,0.120986946,0.12938778,0.008400835,0.11511653,0.1393835,0.024266966,0.12667398,0.16669488,0.040020898
5,959,69813,1.0,1.0,0.0,1.0,1.0,0.0,0.040143892,0.040143892,-54.200134,-1.815815,0.00037611276,-0.009569507,-0.0015797913,-0.007445447,-0.06097263,-0.18442285,-0.12345022,-0.21367942,-0.36219987,-0.14852045,-0.21003987,-0.36744913,-0.15740927,-0.20801014,-0.36990047,-0.16189033
5,960,69831,154.0,355.0,201.0,44.0,46.0,2.0,0.034740537,0.034740537,-65.51575,-2.3229027,0.006054025,-0.011590552,0.001423277,-0.011127502,-0.11358634,-0.04650916,0.067077175,0.16056052,0.15544662,-0.0051138997,0.15537792,0.16011699,0.004739061,0.1362814,0.15100169,0.014720291
5,961,69839,32.0,130.0,98.0,27.0,3.0,-24.0,0.041500513,0.041500513,-48.371124,-2.2837963,0.009167708,-0.008695636,0.0064575598,-0.007611554,-0.13948496,-0.09477018,0.04471478,-0.08142592,0.023832317,0.10525824,-0.08502019,0.026736699,0.11175689,-0.09738016,0.017738739,0.1151189
5,962,69854,1.0,83.0,82.0,1.0,1.0,0.0,0.015634451,0.015634451,-63.991913,-2.818596,-0.00023694709,-0.043315858,-0.00025361776,-0.045950998,0.36389047,0.34249324,-0.021397233,0.301668,0.34765282,0.045984834,0.29511243,0.34872505,0.05361262,0.31046066,0.36901426,0.058553606
5,963,69918,2.0,281.0,279.0,5.0,10.0,5.0,0.015486531,0.015486531,-44.84088,-1.2521534,-0.0023467839,-0.038458623,-0.0030109584,-0.03941828,-0.26807427,-0.27901605,-0.010941774,-0.33884543,-0.33708882,0.0017566085,-0.33799642,-0.33426666,0.0037297606,-0.3452269,-0.34387776,0.0013491511
5,964,70038,3.0,87.0,84.0,1.0,2.0,1.0,0.016878333,0.016878333,-92.22574,-3.836628,-0.0033191144,-0.028144356,-0.0026119389,-0.026380409,0.5199352,0.56806177,0.04812658,0.47123536,0.48253152,0.011296153,0.46145448,0.48980767,0.028353184,0.48942727,0.51110995,0.02168268
5,965,70075,2.0,100.0,98.0,1.0,1.0,0.0,0.02038436,0.02038436,-43.976044,-1.561943,-0.0022895746,-0.02746525,-0.004345592,-0.026545893,0.25521863,0.17403574,-0.08118288,0.11615745,-0.05440677,-0.17056422,0.103234425,-0.04369245,-0.14692688,0.1500204,-0.009213574,-0.15923399
5,966,70095,20.0,95.0,75.0,14.0,36.0,22.0,0.034882598,0.034882598,-84.02313,-3.2687263,-0.0003983155,-0.015475869,-0.0021233968,-0.013178736,0.16160032,0.1448423,-0.016758025,0.2910429,0.4133212,0.1222783,0.27846372,0.41740957,0.13894585,0.29437345,0.41447446,0.120101005
5,967,70193,4.0,38.0,34.0,2.0,7.0,5.0,0.029211324,0.029211324,-47.254944,-1.5573063,0.0006302148,-0.008115891,-0.005827777,-0.012395453,0.25307125,0.40299657,0.14992532,0.3937944,0.39771387,0.003919482,0.40074536,0.40250805,0.0017626882,0.40364608,0.42246053,0.018814445
5,968,70232,4.0,97.0,93.0,8.0,11.0,3.0,0.03356236,0.03356236,-47.78775,-1.3938122,0.0050204135,-0.01732885,0.0010468513,-0.020210844,0.090445526,0.027165115,-0.06328041,0.021823607,-0.04684853,-0.068672135,-0.05317344,-0.10472691,-0.05155347,-0.039814126,-0.09965234,-0.059838217
5,969,70335,1.0,6.0,5.0,2.0,1.0,-1.0,0.049536705,0.049536705,-61.243988,-2.6565342,0.015486933,-0.0145764835,0.010308377,-0.013150886,-0.17503804,-0.19027871,-0.015240669,-0.21803996,-0.08831299,0.12972698,-0.24097502,-0.105443425,0.1355316,-0.24605028,-0.12806359,0.117986694
5,970,70360,25.0,582.0,557.0,3.0,1.0,-2.0,0.011786092,0.011786092,-73.582855,-2.6571693,0.0076115318,-0.01951246,0.0016580969,-0.023550536,0.47671893,0.53283644,0.056117505,0.41914213,0.42215598,0.0030138493,0.4261049,0.44048777,0.014382869,0.46479443,0.49649888,0.031704456
5,971,70368,5.0,17.0,12.0,1.0,1.0,0.0,0.044167247,0.044167247,-77.56354,-2.7880802,-0.00097385794,-0.013975877,-0.0008474849,-0.00875321,-0.016834676,0.08754261,0.104377285,0.03356187,0.10723841,0.07367654,0.02630761,0.09003011,0.0637225,0.023646124,0.09618874,0.072542615
5,972,70427,5.0,106.0,101.0,2.0,1.0,-1.0,0.036808543,0.036808543,-65.18262,-2.2345734,0.0054094642,-0.02501836,0.0013789497,-0.020714615,0.57835513,0.5873535,0.008998394,0.53557646,0.40354055,-0.13203591,0.5349729,0.40952626,-0.12544665,0.5480869,0.44430426,-0.103782624
5,973,70505,6.0,419.0,413.0,5.0,3.0,-2.0,0.010530651,0.010530651,-62.3656,-2.7656174,0.0022374503,-0.026691541,0.001573503,-0.031162176,0.5388477,0.6601247,0.121277034,0.12981585,0.017800452,-0.1120154,0.1357876,-0.0017497338,-0.13753735,0.24281955,0.14466807,-0.098151475
5,974,70585,100.0,147.0,47.0,32.0,15.0,-17.0,0.043465402,0.043465402,-7.631012,0.69223595,0.009467881,-0.011953384,0.010714319,-0.011161964,0.22219665,0.2609232,0.038726553,0.043591253,0.20125793,0.15766668,0.019552216,0.2044868,0.18493459,0.054520886,0.22409865,0.16957776
5,975,70589,48.0,34.0,-14.0,10.0,52.0,42.0,0.04641291,0.04641291,-55.137512,-1.9241257,-0.00055393204,0.0015280619,-0.0033893771,0.00043530017,-0.07140203,0.0064609046,0.07786293,0.15957512,0.09767592,-0.0618992,0.13595045,0.08144413,-0.054506317,0.109991364,0.07563522,-0.034356147
5,976,70671,1.0,16.0,15.0,1.0,2.0,1.0,0.028644,0.028644,-43.214233,-1.2287159,-0.006827943,-0.016346548,-0.007563822,-0.018025897,0.3894925,0.39368492,0.004192412,0.1475036,0.3223683,0.1748647,0.15085247,0.32573166,0.1748792,0.19044678,0.35044587,0.15999909
5,977,70758,37.0,512.0,475.0,19.0,6.0,-13.0,0.019723143,0.019723143,-33.83429,-0.4725685,0.010241307,-0.020549312,0.0078114048,-0.025863934,0.3058432,0.40157157,0.09572837,0.4114334,0.22809117,-0.18334223,0.4270773,0.23512846,-0.19194883,0.43526804,0.26570195,-0.1695661
5,978,70764,1.0,77.0,76.0,1.0,1.0,0.0,0.012989797,0.012989797,-57.185394,-2.2805996,0.0009447597,-0.027200889,-0.0018201247,-0.031439494,0.49379247,0.536798,0.043005526,0.6585107,0.704366,0.045855343,0.6704461,0.709339,0.038892925,0.6863884,0.725724,0.03933561
5,979,70947,22.0,146.0,124.0,5.0,2.0,-3.0,0.04049333,0.04049333,-21.7453,-0.15635109,0.0069107935,-0.018601406,0.005343985,-0.015903838,-0.088613406,-0.07406108,0.014552325,-0.11777678,-0.0799051,0.03787168,-0.11284434,-0.07462141,0.03822293,-0.11516533,-0.07733116,0.037834167
5,980,71025,246.0,177.0,-69.0,85.0,60.0,-25.0,0.047856092,0.047856092,1.7677307,1.4112167,0.009652007,-0.006669607,0.00800145,-0.007475324,0.40317604,0.4939697,0.09079367,0.14884128,0.12744068,-0.0214006,0.15623656,0.14225316,-0.013983399,0.19244832,0.19787972,0.0054313987
5,981,71186,1.0,48.0,47.0,1.0,1.0,0.0,0.025978375,0.025978375,-45.310974,-1.4039803,-0.002495546,-0.022777759,-0.0057949238,-0.020894948,0.39934954,0.3148534,-0.08449614,0.27186412,0.22076197,-0.051102147,0.26202798,0.19663416,-0.06539382,0.2978535,0.23462082,-0.063232675
5,982,71229,2.0,32.0,30.0,1.0,1.0,0.0,0.023932233,0.023932233,-77.02905,-3.361084,0.0012515374,-0.013516139,-0.00079767033,-0.015993856,0.64437747,0.56646216,-0.07791531,0.47100446,0.48529437,0.014289916,0.50487995,0.5058831,0.0010031462,0.5467388,0.5526868,0.005948007
5,983,71232,1.0,15.0,14.0,1.0,1.0,0.0,0.03064527,0.03064527,-45.355255,-1.384592,0.005355485,-0.020455468,0.0016987696,-0.019879896,-0.11289698,-0.114386186,-0.0014892071,-0.020565195,-0.2291936,-0.2086284,-0.008312328,-0.221442,-0.21312967,-0.028108267,-0.20887089,-0.18076262
5,984,71241,1.0,30.0,29.0,1.0,1.0,0.0,0.033832535,0.033832535,-38.61139,-1.5233021,-0.0007628724,-0.023595449,-0.0030862354,-0.021747697,0.16043027,0.228292,0.067861736,0.04908093,0.1341667,0.08508577,0.02937105,0.12113701,0.091765955,0.04753327,0.14066929,0.09313601
5,985,71410,1.0,56.0,55.0,1.0,1.0,0.0,0.02373473,0.02373473,-33.179657,-0.88879204,-0.00035021454,-0.026064392,-0.0055778623,-0.025065862,0.15457173,0.11544551,-0.039126217,0.080486625,0.04490347,-0.035583157,0.08140515,0.048982438,-0.03242271,0.097199954,0.060337976,-0.03686198
5,986,71450,1.0,192.0,191.0,1.0,1.0,0.0,0.011053406,0.011053406,-47.77472,-1.5109501,-0.012078751,-0.034432467,-0.012554351,-0.03771404,0.11760089,0.0771348,-0.040466085,0.052256823,0.11148741,0.05923059,0.075638674,0.13155228,0.055913605,0.084747985,0.130941,0.04619302
5,987,71753,2.0,2.0,0.0,3.0,1.0,-2.0,0.050455663,0.050455663,-52.33658,-2.4594822,0.010826152,-0.0014411919,0.0056089647,-0.0011738613,0.35351926,0.37517887,0.021659613,0.24671254,0.22781903,-0.01889351,0.25731182,0.24472234,-0.012589484,0.28767878,0.27982038,-0.007858396
5,988,71894,4.0,8.0,4.0,1.0,1.0,0.0,0.0397344,0.0397344,-49.37964,-0.88690186,-0.008660968,0.0010426119,-0.0070877746,-0.0029867291,0.47207817,0.43472913,-0.037349045,0.4234214,0.4436875,0.020266086,0.43713656,0.47504383,0.037907273,0.48611608,0.517076,0.030959934
5,989,71928,2.0,413.0,411.0,1.0,2.0,1.0,0.008644935,0.008644935,-47.950592,-1.3325634,-0.007362943,-0.040922932,-0.0086435005,-0.039230447,0.06874254,0.14294855,0.07420601,0.12722367,0.012814696,-0.11440898,0.13609764,-0.017924724,-0.15402237,0.1398502,-0.0061318157,-0.14598201
5,990,72015,1.0,2.0,1.0,2.0,2.0,0.0,0.045014184,0.045014184,-54.819366,-1.7316666,0.0043976977,-0.006025713,0.0019398369,-0.005644962,0.21462522,0.4077911,0.19316588,0.40179828,0.40666112,0.004862845,0.41567272,0.41345862,-0.002214104,0.42066917,0.4268322,0.006163031
5,991,72080,1.0,6.0,5.0,3.0,1.0,-2.0,0.040163055,0.040163055,-56.413574,-2.5683022,0.0057992376,-0.012592178,0.003783241,-0.01849451,0.4144947,0.44105905,0.02656436,0.36348015,0.3274992,-0.03598094,0.3701258,0.3312548,-0.03887099,0.40401047,0.36394727,-0.040063202
5,992,72170,8.0,93.0,85.0,7.0,12.0,5.0,0.032870565,0.032870565,-69.766785,-2.8274841,-0.0029430017,-0.012585513,-0.0026420169,-0.013873782,0.17136629,0.16764954,-0.003716752,0.07608572,0.060952492,-0.015133224,0.02891946,0.06519799,0.03627853,0.052861996,0.09032771,0.037465714
5,993,72209,1.0,28.0,27.0,2.0,1.0,-1.0,0.023785148,0.023785148,-91.52405,-4.280548,0.0022300482,-0.01905056,0.0010581426,-0.022678759,0.23947734,0.27637735,0.036900014,0.06618482,0.113230065,0.047045246,0.053011604,0.10009903,0.047087424,0.086578086,0.14919356,0.06261547
5,994,72257,9.0,133.0,124.0,6.0,23.0,17.0,0.02816939,0.02816939,-68.56326,-2.5972729,-0.0007136427,-0.012515068,-0.0022488758,-0.016347222,0.32571903,0.47005153,0.1443325,0.23388903,0.095896564,-0.13799247,0.2555628,0.09507014,-0.16049267,0.2908542,0.15798053,-0.13287365
5,995,72312,23.0,657.0,634.0,2.0,2.0,0.0,0.01012855,0.01012855,-75.35193,-3.138937,-0.0010265447,-0.03492137,-0.00012212619,-0.033404037,0.2149019,0.2627906,0.047888696,0.5223956,0.12920585,-0.39318976,0.53464913,0.13861126,-0.39603788,0.52930284,0.17725746,-0.35204536
5,996,72510,1.0,172.0,171.0,7.0,11.0,4.0,0.022304967,0.022304967,-19.442383,-0.033273697,-0.0037371442,-0.029524498,-0.00025185198,-0.02793961,0.8189451,0.80589473,-0.013050377,0.65645015,0.7326174,0.076167226,0.6737527,0.7420495,0.06829679,0.7240912,0.77063894,0.04654777
5,997,72605,1.0,6.0,5.0,1.0,1.0,0.0,0.022338852,0.022338852,-85.4003,-3.637106,-0.0053492226,-0.017161649,-0.005777076,-0.020644002,0.83693033,0.83038855,-0.0065417886,0.8137797,0.84814554,0.034365833,0.80927366,0.8501444,0.040870726,0.8389856,0.86831146,0.029325843
5,998,72719,2.0,10.0,8.0,8.0,4.0,-4.0,0.04534635,0.04534635,-86.560455,-3.493864,0.0040967353,-5.0079077e-05,0.002491627,-0.005159363,0.5964826,0.61875504,0.022272468,0.46419317,0.51110166,0.046908498,0.4856299,0.52558357,0.03995368,0.51894647,0.5651461,0.04619962
5,999,72948,1.0,83.0,82.0,1.0,2.0,1.0,0.01902904,0.01902904,-13.037842,0.48023987,-0.003341332,-0.031382937,-0.0048306286,-0.03296407,0.25485414,0.015977075,-0.23887707,0.3242867,0.3319318,0.0076451004,0.3449852,0.34042937,-0.0045558214,0.36023542,0.32392988,-0.036305547
