subject,model_name,eval_index,image_id,positive_similarity,hardest_impostor_similarity,hardest_impostor_index,margin,full_pool_rank,sampled_top1_success_rate,sampled_rank_mean,sampled_rank_median
5,cycle40_subj05_prior0_1sess_150ep,0,2950,0.040966935,0.04897283,195,-0.008005895,2.0,1.0,1.0,1.0
5,cycle40_subj05_prior0_1sess_150ep,1,2990,0.047021426,0.053744268,876,-0.0067228414,2.0,0.7692307692307693,1.2307692307692308,1.0
5,cycle40_subj05_prior0_1sess_150ep,2,3049,0.049355805,0.052023944,11,-0.0026681386,4.0,0.16666666666666666,2.0,2.0
5,cycle40_subj05_prior0_1sess_150ep,3,3077,0.027701605,0.041830372,872,-0.014128767,19.0,0.0,6.444444444444445,6.0
5,cycle40_subj05_prior0_1sess_150ep,4,3146,0.03236678,0.040289175,36,-0.007922396,9.0,0.0,4.0,4.0
5,cycle40_subj05_prior0_1sess_150ep,5,3157,0.0471682,0.050849427,778,-0.0036812276,2.0,0.6666666666666666,1.3333333333333333,1.0
5,cycle40_subj05_prior0_1sess_150ep,6,3164,0.026910426,0.04501256,906,-0.018102134,92.0,0.0,29.125,30.5
5,cycle40_subj05_prior0_1sess_150ep,7,3171,0.018396901,0.044630017,162,-0.026233116,153.0,0.0,44.625,46.0
5,cycle40_subj05_prior0_1sess_150ep,8,3181,0.06055402,0.052326035,674,0.008227985,1.0,1.0,1.0,1.0
5,cycle40_subj05_prior0_1sess_150ep,9,3386,0.029206548,0.043576185,331,-0.014369637,43.0,0.0,12.6,13.0
5,cycle40_subj05_prior0_1sess_150ep,10,3434,0.046897158,0.052848928,175,-0.0059517696,3.0,0.5833333333333334,1.5833333333333333,1.0
5,cycle40_subj05_prior0_1sess_150ep,11,3449,0.059088923,0.04019486,647,0.018894061,1.0,1.0,1.0,1.0
5,cycle40_subj05_prior0_1sess_150ep,12,3489,0.03705288,0.04700147,652,-0.009948589,7.0,0.4,1.8,2.0
5,cycle40_subj05_prior0_1sess_150ep,13,3626,0.04292197,0.04816227,316,-0.005240299,4.0,0.3076923076923077,2.0,2.0
5,cycle40_subj05_prior0_1sess_150ep,14,3682,0.041341495,0.044294562,996,-0.0029530674,2.0,0.8,1.2,1.0
5,cycle40_subj05_prior0_1sess_150ep,15,3687,0.049681164,0.048791353,828,0.00088981166,1.0,1.0,1.0,1.0
5,cycle40_subj05_prior0_1sess_150ep,16,3729,0.04619002,0.04879662,777,-0.0026066005,2.0,0.5,1.5,1.5
5,cycle40_subj05_prior0_1sess_150ep,17,3809,0.025921252,0.038246866,903,-0.012325615,17.0,0.0,5.5,5.5
5,cycle40_subj05_prior0_1sess_150ep,18,3842,0.032115947,0.044893343,493,-0.012777396,11.0,0.0,3.875,3.5
5,cycle40_subj05_prior0_1sess_150ep,19,3847,0.05155771,0.05515595,614,-0.003598243,2.0,0.3333333333333333,1.6666666666666667,2.0
5,cycle40_subj05_prior0_1sess_150ep,20,3856,0.037371423,0.04359092,967,-0.006219495,6.0,0.2857142857142857,2.5714285714285716,3.0
5,cycle40_subj05_prior0_1sess_150ep,21,3913,0.05437548,0.051280838,967,0.0030946434,1.0,1.0,1.0,1.0
5,cycle40_subj05_prior0_1sess_150ep,22,3951,0.04754709,0.05107793,793,-0.0035308376,2.0,0.7777777777777778,1.2222222222222223,1.0
5,cycle40_subj05_prior0_1sess_150ep,23,4051,0.03049219,0.049010806,225,-0.018518616,58.0,0.0,18.0,18.0
5,cycle40_subj05_prior0_1sess_150ep,24,4058,0.05094129,0.052982792,493,-0.0020415038,2.0,0.4,1.6,2.0
5,cycle40_subj05_prior0_1sess_150ep,25,4129,0.045254614,0.049915776,442,-0.0046611615,4.0,0.4166666666666667,2.0833333333333335,2.0
5,cycle40_subj05_prior0_1sess_150ep,26,4156,0.051531322,0.053022698,680,-0.0014913753,2.0,0.7,1.3,1.0
5,cycle40_subj05_prior0_1sess_150ep,27,4249,0.05799836,0.04750593,814,0.010492429,1.0,1.0,1.0,1.0
5,cycle40_subj05_prior0_1sess_150ep,28,4325,0.05970644,0.04963105,590,0.010075387,1.0,1.0,1.0,1.0
5,cycle40_subj05_prior0_1sess_150ep,29,4423,0.037926227,0.049692422,316,-0.011766195,19.0,0.0,6.1,6.5
5,cycle40_subj05_prior0_1sess_150ep,30,4436,0.04340451,0.051082812,853,-0.007678304,7.0,0.0,2.5714285714285716,2.0
5,cycle40_subj05_prior0_1sess_150ep,31,4612,0.044194635,0.04864389,29,-0.0044492558,3.0,0.5,1.5,1.5
5,cycle40_subj05_prior0_1sess_150ep,32,4667,0.039557736,0.03769148,738,0.001866255,1.0,1.0,1.0,1.0
5,cycle40_subj05_prior0_1sess_150ep,33,4690,0.03842682,0.044101615,172,-0.0056747943,4.0,0.36363636363636365,1.7272727272727273,2.0
5,cycle40_subj05_prior0_1sess_150ep,34,4768,0.029413577,0.04172674,954,-0.012313161,30.0,0.0,9.88888888888889,10.0
5,cycle40_subj05_prior0_1sess_150ep,35,4786,0.026687168,0.041344713,191,-0.014657546,9.0,0.1,3.1,3.0
5,cycle40_subj05_prior0_1sess_150ep,36,4835,0.043351475,0.04781571,400,-0.004464235,3.0,0.4166666666666667,1.6666666666666667,2.0
5,cycle40_subj05_prior0_1sess_150ep,37,4869,0.051193498,0.051948622,582,-0.0007551238,2.0,0.6666666666666666,1.3333333333333333,1.0
5,cycle40_subj05_prior0_1sess_150ep,38,4892,0.038682673,0.056080826,876,-0.017398153,11.0,0.125,3.375,3.5
5,cycle40_subj05_prior0_1sess_150ep,39,4930,0.072025016,0.0416004,493,0.030424617,1.0,1.0,1.0,1.0
5,cycle40_subj05_prior0_1sess_150ep,40,5034,0.039198242,0.03987872,590,-0.0006804764,2.0,0.4,1.6,2.0
5,cycle40_subj05_prior0_1sess_150ep,41,5106,0.035379943,0.045214,674,-0.009834059,8.0,0.16666666666666666,3.0,3.0
5,cycle40_subj05_prior0_1sess_150ep,42,5204,0.03098897,0.043089237,999,-0.012100266,17.0,0.0,6.0,6.0
5,cycle40_subj05_prior0_1sess_150ep,43,5285,0.04345567,0.04564806,761,-0.0021923892,2.0,0.8333333333333334,1.1666666666666667,1.0
5,cycle40_subj05_prior0_1sess_150ep,44,5301,0.036960963,0.026453895,269,0.010507068,1.0,1.0,1.0,1.0
5,cycle40_subj05_prior0_1sess_150ep,45,5338,0.0391721,0.04891729,239,-0.009745188,2.0,0.6666666666666666,1.3333333333333333,1.0
5,cycle40_subj05_prior0_1sess_150ep,46,5427,0.062679835,0.05430545,830,0.008374386,1.0,1.0,1.0,1.0
5,cycle40_subj05_prior0_1sess_150ep,47,5459,0.037726775,0.03590412,211,0.0018226542,1.0,1.0,1.0,1.0
5,cycle40_subj05_prior0_1sess_150ep,48,5502,0.05486913,0.05067859,246,0.004190542,1.0,1.0,1.0,1.0
5,cycle40_subj05_prior0_1sess_150ep,49,5542,0.043687627,0.03975579,162,0.0039318353,1.0,1.0,1.0,1.0
5,cycle40_subj05_prior0_1sess_150ep,50,5574,0.036645673,0.036079884,82,0.00056578964,1.0,1.0,1.0,1.0
5,cycle40_subj05_prior0_1sess_150ep,51,5583,0.022128772,0.046563968,225,-0.024435196,291.0,0.0,86.125,86.0
5,cycle40_subj05_prior0_1sess_150ep,52,5602,0.018893948,0.02308733,208,-0.0041933823,6.0,0.0,2.5714285714285716,3.0
5,cycle40_subj05_prior0_1sess_150ep,53,5714,0.04287506,0.0400062,632,0.0028688572,1.0,1.0,1.0,1.0
5,cycle40_subj05_prior0_1sess_150ep,54,5878,0.036106285,0.0354431,665,0.00066318363,1.0,1.0,1.0,1.0
5,cycle40_subj05_prior0_1sess_150ep,55,5890,0.030988293,0.037314944,793,-0.006326651,10.0,0.0,3.8,4.0
5,cycle40_subj05_prior0_1sess_150ep,56,6132,0.03288866,0.03961151,447,-0.0067228526,3.0,0.5,1.5833333333333333,1.5
5,cycle40_subj05_prior0_1sess_150ep,57,6199,0.03805823,0.037271116,165,0.00078711286,1.0,1.0,1.0,1.0
5,cycle40_subj05_prior0_1sess_150ep,58,6222,0.04032241,0.05196975,827,-0.01164734,7.0,0.0,2.5,2.5
5,cycle40_subj05_prior0_1sess_150ep,59,6431,0.032329407,0.046577115,637,-0.014247708,9.0,0.0,3.5714285714285716,3.0
5,cycle40_subj05_prior0_1sess_150ep,60,6444,0.055154234,0.04635882,828,0.008795414,1.0,1.0,1.0,1.0
5,cycle40_subj05_prior0_1sess_150ep,61,6489,0.05060117,0.04940797,827,0.0011931993,1.0,1.0,1.0,1.0
5,cycle40_subj05_prior0_1sess_150ep,62,6514,0.022478865,0.044619728,664,-0.022140862,85.0,0.0,26.11111111111111,26.0
5,cycle40_subj05_prior0_1sess_150ep,63,6521,0.05559826,0.0589028,715,-0.003304541,3.0,0.4666666666666667,1.5333333333333334,2.0
5,cycle40_subj05_prior0_1sess_150ep,64,6524,0.038872715,0.04386107,252,-0.0049883537,4.0,0.42857142857142855,1.5714285714285714,2.0
5,cycle40_subj05_prior0_1sess_150ep,65,6558,0.046047974,0.030741494,520,0.01530648,1.0,1.0,1.0,1.0
5,cycle40_subj05_prior0_1sess_150ep,66,6640,0.048746824,0.049127113,862,-0.0003802888,2.0,1.0,1.0,1.0
5,cycle40_subj05_prior0_1sess_150ep,67,6713,0.040605478,0.037377544,256,0.0032279342,1.0,1.0,1.0,1.0
5,cycle40_subj05_prior0_1sess_150ep,68,6801,0.02970349,0.03932945,299,-0.00962596,15.0,0.0,6.0,6.0
5,cycle40_subj05_prior0_1sess_150ep,69,7007,0.044922676,0.04572279,706,-0.0008001141,3.0,0.4,2.0,2.0
5,cycle40_subj05_prior0_1sess_150ep,70,7039,0.054852042,0.044098876,174,0.010753166,1.0,1.0,1.0,1.0
5,cycle40_subj05_prior0_1sess_150ep,71,7120,0.037835415,0.035293516,460,0.0025418997,1.0,1.0,1.0,1.0
5,cycle40_subj05_prior0_1sess_150ep,72,7207,0.04299836,0.04609925,142,-0.0031008907,5.0,0.0,2.4285714285714284,2.0
5,cycle40_subj05_prior0_1sess_150ep,73,7336,0.04757844,0.05030445,5,-0.002726011,5.0,0.125,2.5,2.0
5,cycle40_subj05_prior0_1sess_150ep,74,7366,0.039005026,0.0352969,496,0.003708128,1.0,1.0,1.0,1.0
5,cycle40_subj05_prior0_1sess_150ep,75,7409,0.0430313,0.049987406,191,-0.006956104,5.0,0.2857142857142857,2.2857142857142856,2.0
5,cycle40_subj05_prior0_1sess_150ep,76,7418,0.046403028,0.035952423,466,0.010450605,1.0,1.0,1.0,1.0
5,cycle40_subj05_prior0_1sess_150ep,77,7480,0.04206249,0.040554367,223,0.0015081242,1.0,1.0,1.0,1.0
5,cycle40_subj05_prior0_1sess_150ep,78,7654,0.052802365,0.04516583,417,0.007636536,1.0,1.0,1.0,1.0
5,cycle40_subj05_prior0_1sess_150ep,79,7659,0.04684408,0.0409464,695,0.0058976784,1.0,1.0,1.0,1.0
5,cycle40_subj05_prior0_1sess_150ep,80,7840,0.040157504,0.045009706,712,-0.004852202,3.0,0.5,1.75,1.5
5,cycle40_subj05_prior0_1sess_150ep,81,7859,0.034004807,0.05170045,57,-0.017695643,26.0,0.0,8.625,8.0
5,cycle40_subj05_prior0_1sess_150ep,82,7944,0.054432526,0.046199888,554,0.008232638,1.0,1.0,1.0,1.0
5,cycle40_subj05_prior0_1sess_150ep,83,7948,0.035127293,0.04621231,693,-0.0110850185,14.0,0.0,5.444444444444445,5.0
5,cycle40_subj05_prior0_1sess_150ep,84,7954,0.011130189,0.048269555,486,-0.037139367,234.0,0.0,66.33333333333333,65.5
5,cycle40_subj05_prior0_1sess_150ep,85,8006,0.043237947,0.042802844,243,0.00043510273,1.0,1.0,1.0,1.0
5,cycle40_subj05_prior0_1sess_150ep,86,8109,0.026662918,0.03668378,162,-0.010020861,14.0,0.0,4.5,4.5
5,cycle40_subj05_prior0_1sess_150ep,87,8204,0.03213747,0.050725542,540,-0.018588074,58.0,0.0,17.181818181818183,18.0
5,cycle40_subj05_prior0_1sess_150ep,88,8225,0.017440833,0.038106985,128,-0.020666152,68.0,0.0,21.2,22.0
5,cycle40_subj05_prior0_1sess_150ep,89,8262,0.030918434,0.04060371,818,-0.009685274,16.0,0.0,5.666666666666667,6.0
5,cycle40_subj05_prior0_1sess_150ep,90,8274,0.056686454,0.045085404,651,0.011601049,1.0,1.0,1.0,1.0
5,cycle40_subj05_prior0_1sess_150ep,91,8318,0.04920339,0.042781055,297,0.0064223334,1.0,1.0,1.0,1.0
5,cycle40_subj05_prior0_1sess_150ep,92,8387,0.03908664,0.046372246,991,-0.007285606,4.0,0.625,1.375,1.0
5,cycle40_subj05_prior0_1sess_150ep,93,8394,0.029847471,0.034294344,604,-0.0044468734,3.0,0.6428571428571429,1.3571428571428572,1.0
5,cycle40_subj05_prior0_1sess_150ep,94,8415,0.048895717,0.045138914,405,0.0037568025,1.0,1.0,1.0,1.0
5,cycle40_subj05_prior0_1sess_150ep,95,8435,0.04071933,0.037353266,699,0.0033660643,1.0,1.0,1.0,1.0
5,cycle40_subj05_prior0_1sess_150ep,96,8465,0.041664314,0.04647986,384,-0.004815545,6.0,0.25,2.1666666666666665,2.0
5,cycle40_subj05_prior0_1sess_150ep,97,8509,0.035432145,0.050828375,699,-0.01539623,10.0,0.0,3.727272727272727,4.0
5,cycle40_subj05_prior0_1sess_150ep,98,8631,0.060405858,0.048850566,403,0.011555292,1.0,1.0,1.0,1.0
5,cycle40_subj05_prior0_1sess_150ep,99,8646,0.037674904,0.044064675,61,-0.0063897707,6.0,0.06666666666666667,2.6,2.0
5,cycle40_subj05_prior0_1sess_150ep,100,8807,0.033046775,0.03600776,941,-0.0029609837,4.0,0.2727272727272727,2.090909090909091,2.0
5,cycle40_subj05_prior0_1sess_150ep,101,8843,0.022947056,0.041763365,57,-0.018816309,91.0,0.0,28.555555555555557,29.0
5,cycle40_subj05_prior0_1sess_150ep,102,8925,0.044612676,0.043758065,874,0.0008546114,1.0,1.0,1.0,1.0
5,cycle40_subj05_prior0_1sess_150ep,103,8933,0.041088924,0.051900607,227,-0.010811683,3.0,0.6,1.8,1.0
5,cycle40_subj05_prior0_1sess_150ep,104,9027,0.020151466,0.037615575,789,-0.017464109,34.0,0.0,10.166666666666666,10.5
5,cycle40_subj05_prior0_1sess_150ep,105,9048,0.03983572,0.04579437,457,-0.0059586503,4.0,0.2222222222222222,2.111111111111111,2.0
5,cycle40_subj05_prior0_1sess_150ep,106,9147,0.046238143,0.03857241,590,0.0076657347,1.0,1.0,1.0,1.0
5,cycle40_subj05_prior0_1sess_150ep,107,9230,0.048856925,0.04602369,361,0.002833236,1.0,1.0,1.0,1.0
5,cycle40_subj05_prior0_1sess_150ep,108,9434,0.04021705,0.033735197,66,0.0064818524,1.0,1.0,1.0,1.0
5,cycle40_subj05_prior0_1sess_150ep,109,9462,0.052454785,0.044513565,57,0.00794122,1.0,1.0,1.0,1.0
5,cycle40_subj05_prior0_1sess_150ep,110,9680,0.03733629,0.047746375,793,-0.010410085,5.0,0.2857142857142857,2.142857142857143,2.0
5,cycle40_subj05_prior0_1sess_150ep,111,9722,0.045798685,0.046509326,885,-0.0007106401,2.0,0.75,1.25,1.0
5,cycle40_subj05_prior0_1sess_150ep,112,9804,0.036871646,0.047171075,928,-0.010299429,6.0,0.0,2.9166666666666665,3.0
5,cycle40_subj05_prior0_1sess_150ep,113,9847,0.040530153,0.052063216,384,-0.011533063,10.0,0.0,2.8333333333333335,2.5
5,cycle40_subj05_prior0_1sess_150ep,114,9865,0.040966514,0.049480166,889,-0.008513652,10.0,0.2,4.2,4.0
5,cycle40_subj05_prior0_1sess_150ep,115,9917,0.03341016,0.03673147,367,-0.0033213086,2.0,1.0,1.0,1.0
5,cycle40_subj05_prior0_1sess_150ep,116,9978,0.013468828,0.03891303,522,-0.025444202,187.0,0.0,57.125,55.5
5,cycle40_subj05_prior0_1sess_150ep,117,10006,0.037339438,0.0386715,931,-0.0013320632,2.0,0.7,1.3,1.0
5,cycle40_subj05_prior0_1sess_150ep,118,10046,0.05580747,0.05439556,163,0.0014119111,1.0,1.0,1.0,1.0
5,cycle40_subj05_prior0_1sess_150ep,119,10064,0.04324923,0.06199722,778,-0.01874799,8.0,0.0,3.75,3.0
5,cycle40_subj05_prior0_1sess_150ep,120,10105,0.02444319,0.03624482,996,-0.01180163,40.0,0.0,12.0,12.0
5,cycle40_subj05_prior0_1sess_150ep,121,10107,0.034052934,0.039162736,523,-0.005109802,6.0,0.1,2.7,2.0
5,cycle40_subj05_prior0_1sess_150ep,122,10244,0.0279262,0.042713895,70,-0.014787696,3.0,0.5,1.6,1.5
5,cycle40_subj05_prior0_1sess_150ep,123,10393,0.032697994,0.043150093,925,-0.010452099,7.0,0.3333333333333333,2.4444444444444446,3.0
5,cycle40_subj05_prior0_1sess_150ep,124,10471,-0.0030544058,0.037139736,680,-0.040194143,734.0,0.0,221.84615384615384,222.0
5,cycle40_subj05_prior0_1sess_150ep,125,10507,0.04758085,0.04716939,778,0.0004114583,1.0,1.0,1.0,1.0
5,cycle40_subj05_prior0_1sess_150ep,126,10586,0.025501858,0.04130813,457,-0.015806273,40.0,0.0,12.5,12.0
5,cycle40_subj05_prior0_1sess_150ep,127,10600,0.042677756,0.033086825,928,0.009590931,1.0,1.0,1.0,1.0
5,cycle40_subj05_prior0_1sess_150ep,128,10610,0.044905275,0.045613114,588,-0.0007078387,3.0,0.125,2.0,2.0
5,cycle40_subj05_prior0_1sess_150ep,129,10907,0.042777184,0.042145807,999,0.0006313771,1.0,1.0,1.0,1.0
5,cycle40_subj05_prior0_1sess_150ep,130,11159,0.047590036,0.04893819,191,-0.0013481528,2.0,0.8571428571428571,1.1428571428571428,1.0
5,cycle40_subj05_prior0_1sess_150ep,131,11333,0.038293134,0.031564455,318,0.006728679,1.0,1.0,1.0,1.0
5,cycle40_subj05_prior0_1sess_150ep,132,11487,0.04405932,0.03915272,216,0.004906602,1.0,1.0,1.0,1.0
5,cycle40_subj05_prior0_1sess_150ep,133,11521,0.02349731,0.0395787,721,-0.016081389,20.0,0.0,6.857142857142857,6.0
5,cycle40_subj05_prior0_1sess_150ep,134,11566,0.048085395,0.046506457,586,0.0015789382,1.0,1.0,1.0,1.0
5,cycle40_subj05_prior0_1sess_150ep,135,11617,0.04740859,0.03168749,700,0.015721098,1.0,1.0,1.0,1.0
5,cycle40_subj05_prior0_1sess_150ep,136,11635,0.02800574,0.047167547,142,-0.019161807,26.0,0.0,7.75,7.5
5,cycle40_subj05_prior0_1sess_150ep,137,11689,0.030890718,0.032238156,665,-0.0013474375,2.0,0.7272727272727273,1.2727272727272727,1.0
5,cycle40_subj05_prior0_1sess_150ep,138,11725,0.034375418,0.04559751,504,-0.011222091,12.0,0.0,4.3,4.5
5,cycle40_subj05_prior0_1sess_150ep,139,11796,0.040506102,0.04836655,499,-0.007860448,8.0,0.0,3.3636363636363638,3.0
5,cycle40_subj05_prior0_1sess_150ep,140,11827,0.025164725,0.043300368,715,-0.018135643,32.0,0.0,10.0,10.0
5,cycle40_subj05_prior0_1sess_150ep,141,11837,0.053009924,0.044673037,227,0.008336887,1.0,1.0,1.0,1.0
5,cycle40_subj05_prior0_1sess_150ep,142,11844,0.06082588,0.04378505,361,0.01704083,1.0,1.0,1.0,1.0
5,cycle40_subj05_prior0_1sess_150ep,143,11932,0.03212899,0.047510065,876,-0.015381075,9.0,0.0,3.4,3.0
5,cycle40_subj05_prior0_1sess_150ep,144,11942,0.025783034,0.039145555,36,-0.013362521,5.0,0.0,2.6666666666666665,2.5
5,cycle40_subj05_prior0_1sess_150ep,145,11952,0.024110632,0.045014232,396,-0.0209036,163.0,0.0,46.77777777777778,47.0
5,cycle40_subj05_prior0_1sess_150ep,146,12065,0.04691439,0.0430222,65,0.0038921908,1.0,1.0,1.0,1.0
5,cycle40_subj05_prior0_1sess_150ep,147,12075,0.026689474,0.041280754,314,-0.01459128,30.0,0.0,8.5,8.5
5,cycle40_subj05_prior0_1sess_150ep,148,12214,0.05143975,0.041263785,426,0.010175966,1.0,1.0,1.0,1.0
5,cycle40_subj05_prior0_1sess_150ep,149,12308,0.04692324,0.040082347,777,0.006840892,1.0,1.0,1.0,1.0
5,cycle40_subj05_prior0_1sess_150ep,150,12487,0.024222452,0.045550276,175,-0.021327823,19.0,0.0,5.75,6.0
5,cycle40_subj05_prior0_1sess_150ep,151,12495,0.041901074,0.04658324,243,-0.0046821646,3.0,0.6666666666666666,1.3333333333333333,1.0
5,cycle40_subj05_prior0_1sess_150ep,152,12634,0.050293084,0.047390725,630,0.0029023588,1.0,1.0,1.0,1.0
5,cycle40_subj05_prior0_1sess_150ep,153,12685,0.02622022,0.047751464,712,-0.021531245,48.0,0.0,16.875,17.5
5,cycle40_subj05_prior0_1sess_150ep,154,12796,0.048225276,0.055092838,11,-0.0068675615,3.0,0.7142857142857143,1.2857142857142858,1.0
5,cycle40_subj05_prior0_1sess_150ep,155,12798,0.034045435,0.043084532,480,-0.0090390965,20.0,0.0,7.285714285714286,7.0
5,cycle40_subj05_prior0_1sess_150ep,156,12922,0.045446537,0.04313494,403,0.0023115985,1.0,1.0,1.0,1.0
5,cycle40_subj05_prior0_1sess_150ep,157,12937,0.04566495,0.033560082,676,0.012104869,1.0,1.0,1.0,1.0
5,cycle40_subj05_prior0_1sess_150ep,158,13138,0.05513294,0.0449746,276,0.010158341,1.0,1.0,1.0,1.0
5,cycle40_subj05_prior0_1sess_150ep,159,13230,0.0628015,0.041198898,616,0.021602605,1.0,1.0,1.0,1.0
5,cycle40_subj05_prior0_1sess_150ep,160,13312,0.064735666,0.056019533,78,0.0087161325,1.0,1.0,1.0,1.0
5,cycle40_subj05_prior0_1sess_150ep,161,13314,0.06639494,0.045068674,794,0.021326266,1.0,1.0,1.0,1.0
5,cycle40_subj05_prior0_1sess_150ep,162,13613,0.06614893,0.03997009,845,0.02617884,1.0,1.0,1.0,1.0
5,cycle40_subj05_prior0_1sess_150ep,163,13653,0.045035623,0.041623313,588,0.00341231,1.0,1.0,1.0,1.0
5,cycle40_subj05_prior0_1sess_150ep,164,13662,0.028386826,0.048154153,61,-0.019767327,83.0,0.0,26.11111111111111,25.0
5,cycle40_subj05_prior0_1sess_150ep,165,13720,0.038358137,0.039089523,288,-0.00073138624,4.0,0.125,1.875,2.0
5,cycle40_subj05_prior0_1sess_150ep,166,13846,0.049947772,0.041236036,361,0.008711737,1.0,1.0,1.0,1.0
5,cycle40_subj05_prior0_1sess_150ep,167,14110,0.041626886,0.03066403,918,0.010962855,1.0,1.0,1.0,1.0
5,cycle40_subj05_prior0_1sess_150ep,168,14121,0.039438438,0.03732973,493,0.002108708,1.0,1.0,1.0,1.0
5,cycle40_subj05_prior0_1sess_150ep,169,14165,0.026949877,0.039271783,216,-0.012321906,27.0,0.0,8.357142857142858,8.0
5,cycle40_subj05_prior0_1sess_150ep,170,14179,0.031012928,0.040687203,227,-0.009674275,7.0,0.2,2.2,2.0
5,cycle40_subj05_prior0_1sess_150ep,171,14443,0.038153857,0.044704065,455,-0.0065502077,8.0,0.0,3.5,3.5
5,cycle40_subj05_prior0_1sess_150ep,172,14528,0.034745812,0.036096282,208,-0.0013504699,2.0,0.5833333333333334,1.4166666666666667,1.0
5,cycle40_subj05_prior0_1sess_150ep,173,14567,0.047893334,0.04655136,763,0.0013419725,1.0,1.0,1.0,1.0
5,cycle40_subj05_prior0_1sess_150ep,174,14594,0.060334943,0.047426704,28,0.012908239,1.0,1.0,1.0,1.0
5,cycle40_subj05_prior0_1sess_150ep,175,14610,0.04362999,0.037328996,367,0.0063009933,1.0,1.0,1.0,1.0
5,cycle40_subj05_prior0_1sess_150ep,176,14644,0.050049964,0.047654595,370,0.002395369,1.0,1.0,1.0,1.0
5,cycle40_subj05_prior0_1sess_150ep,177,14793,0.041305512,0.04133644,794,-3.092736e-05,2.0,0.5454545454545454,1.4545454545454546,1.0
5,cycle40_subj05_prior0_1sess_150ep,178,14808,0.049978897,0.04604295,699,0.003935948,1.0,1.0,1.0,1.0
5,cycle40_subj05_prior0_1sess_150ep,179,14820,0.017019797,0.041225486,530,-0.024205688,118.0,0.0,37.125,38.0
5,cycle40_subj05_prior0_1sess_150ep,180,14898,0.023656258,0.047741424,794,-0.024085166,99.0,0.0,30.0,30.0
5,cycle40_subj05_prior0_1sess_150ep,181,14931,0.044480912,0.04834833,814,-0.0038674176,2.0,0.7272727272727273,1.2727272727272727,1.0
5,cycle40_subj05_prior0_1sess_150ep,182,15003,0.058935,0.046461616,699,0.012473386,1.0,1.0,1.0,1.0
5,cycle40_subj05_prior0_1sess_150ep,183,15025,0.051232547,0.0441088,774,0.007123746,1.0,1.0,1.0,1.0
5,cycle40_subj05_prior0_1sess_150ep,184,15128,0.05492039,0.059751213,699,-0.0048308223,3.0,0.4444444444444444,1.5555555555555556,2.0
5,cycle40_subj05_prior0_1sess_150ep,185,15364,0.05005626,0.033869233,395,0.016187027,1.0,1.0,1.0,1.0
5,cycle40_subj05_prior0_1sess_150ep,186,15492,0.029733382,0.0413981,714,-0.011664718,16.0,0.0,5.181818181818182,5.0
5,cycle40_subj05_prior0_1sess_150ep,187,15506,0.059350602,0.046035256,890,0.013315346,1.0,1.0,1.0,1.0
5,cycle40_subj05_prior0_1sess_150ep,188,15793,0.041272357,0.03982703,79,0.001445327,1.0,1.0,1.0,1.0
5,cycle40_subj05_prior0_1sess_150ep,189,15819,0.050677992,0.04307402,306,0.007603973,1.0,1.0,1.0,1.0
5,cycle40_subj05_prior0_1sess_150ep,190,15939,0.055650834,0.050731268,417,0.004919566,1.0,1.0,1.0,1.0
5,cycle40_subj05_prior0_1sess_150ep,191,16063,0.0600479,0.043906055,468,0.016141843,1.0,1.0,1.0,1.0
5,cycle40_subj05_prior0_1sess_150ep,192,16252,0.026069067,0.040370245,719,-0.014301177,15.0,0.0,5.3,5.0
5,cycle40_subj05_prior0_1sess_150ep,193,16344,0.023388468,0.04259769,812,-0.019209221,49.0,0.0,14.363636363636363,14.0
5,cycle40_subj05_prior0_1sess_150ep,194,16421,0.038335014,0.046075724,765,-0.00774071,12.0,0.0,4.166666666666667,3.5
5,cycle40_subj05_prior0_1sess_150ep,195,16466,0.057111595,0.050303645,276,0.0068079494,1.0,1.0,1.0,1.0
5,cycle40_subj05_prior0_1sess_150ep,196,16616,0.04654939,0.036798142,93,0.009751249,1.0,1.0,1.0,1.0
5,cycle40_subj05_prior0_1sess_150ep,197,16635,0.0459481,0.0530372,400,-0.007089101,4.0,0.4444444444444444,1.6666666666666667,2.0
5,cycle40_subj05_prior0_1sess_150ep,198,16655,0.040744063,0.05267072,403,-0.011926658,6.0,0.09090909090909091,2.6363636363636362,3.0
5,cycle40_subj05_prior0_1sess_150ep,199,16702,0.044849962,0.04539474,828,-0.000544779,2.0,0.7,1.3,1.0
5,cycle40_subj05_prior0_1sess_150ep,200,16723,0.04085769,0.02942948,705,0.011428211,1.0,1.0,1.0,1.0
5,cycle40_subj05_prior0_1sess_150ep,201,16823,0.035450418,0.039274346,495,-0.0038239285,3.0,0.8571428571428571,1.1428571428571428,1.0
5,cycle40_subj05_prior0_1sess_150ep,202,16841,0.044207893,0.03524804,625,0.008959852,1.0,1.0,1.0,1.0
5,cycle40_subj05_prior0_1sess_150ep,203,16865,0.052074004,0.049518876,526,0.0025551282,1.0,1.0,1.0,1.0
5,cycle40_subj05_prior0_1sess_150ep,204,16868,0.045287088,0.054595873,43,-0.009308785,5.0,0.2727272727272727,1.9090909090909092,2.0
5,cycle40_subj05_prior0_1sess_150ep,205,16917,0.02978965,0.03965246,784,-0.0098628085,31.0,0.0,9.916666666666666,11.0
5,cycle40_subj05_prior0_1sess_150ep,206,17048,0.0355874,0.04408751,999,-0.00850011,6.0,0.4,2.2,2.0
5,cycle40_subj05_prior0_1sess_150ep,207,17230,0.020520294,0.037631873,216,-0.017111579,53.0,0.0,18.833333333333332,19.0
5,cycle40_subj05_prior0_1sess_150ep,208,17238,0.045243118,0.042449683,297,0.002793435,1.0,1.0,1.0,1.0
5,cycle40_subj05_prior0_1sess_150ep,209,17369,0.035183653,0.041195363,29,-0.0060117096,4.0,0.4,1.8,2.0
5,cycle40_subj05_prior0_1sess_150ep,210,17374,0.04901887,0.04060373,405,0.00841514,1.0,1.0,1.0,1.0
5,cycle40_subj05_prior0_1sess_150ep,211,17450,0.036333717,0.04850795,518,-0.012174234,14.0,0.0,4.7,5.0
5,cycle40_subj05_prior0_1sess_150ep,212,17463,0.043101005,0.052994266,828,-0.009893261,6.0,0.07692307692307693,2.6153846153846154,3.0
5,cycle40_subj05_prior0_1sess_150ep,213,17485,0.041546617,0.044830546,470,-0.003283929,2.0,1.0,1.0,1.0
5,cycle40_subj05_prior0_1sess_150ep,214,17549,0.049232464,0.042817894,827,0.00641457,1.0,1.0,1.0,1.0
5,cycle40_subj05_prior0_1sess_150ep,215,17595,0.043498326,0.040185228,814,0.003313098,1.0,1.0,1.0,1.0
5,cycle40_subj05_prior0_1sess_150ep,216,17776,0.05970224,0.051178392,991,0.008523848,1.0,1.0,1.0,1.0
5,cycle40_subj05_prior0_1sess_150ep,217,17794,0.04429659,0.044470806,243,-0.00017421693,2.0,0.8,1.2,1.0
5,cycle40_subj05_prior0_1sess_150ep,218,17934,0.035187773,0.044490594,276,-0.009302821,5.0,0.2,2.0,2.0
5,cycle40_subj05_prior0_1sess_150ep,219,17942,0.032981224,0.048548114,73,-0.015566889,21.0,0.0,8.11111111111111,8.0
5,cycle40_subj05_prior0_1sess_150ep,220,18268,0.052090768,0.036873113,577,0.015217654,1.0,1.0,1.0,1.0
5,cycle40_subj05_prior0_1sess_150ep,221,18434,0.052038196,0.04772349,793,0.0043147057,1.0,1.0,1.0,1.0
5,cycle40_subj05_prior0_1sess_150ep,222,18483,0.03361973,0.047269963,403,-0.013650231,9.0,0.18181818181818182,3.272727272727273,3.0
5,cycle40_subj05_prior0_1sess_150ep,223,18505,0.06585631,0.048061743,743,0.017794564,1.0,1.0,1.0,1.0
5,cycle40_subj05_prior0_1sess_150ep,224,18535,0.054180343,0.047031652,523,0.0071486905,1.0,1.0,1.0,1.0
5,cycle40_subj05_prior0_1sess_150ep,225,18543,0.053973913,0.04087878,182,0.013095133,1.0,1.0,1.0,1.0
5,cycle40_subj05_prior0_1sess_150ep,226,18690,0.04242149,0.042666983,912,-0.0002454929,2.0,0.42857142857142855,1.5714285714285714,2.0
5,cycle40_subj05_prior0_1sess_150ep,227,18796,0.059923656,0.038521063,706,0.021402594,1.0,1.0,1.0,1.0
5,cycle40_subj05_prior0_1sess_150ep,228,19074,0.041595094,0.044767845,777,-0.0031727515,3.0,0.4,1.7,2.0
5,cycle40_subj05_prior0_1sess_150ep,229,19181,0.016557027,0.035564482,5,-0.019007456,14.0,0.0,6.0,6.0
5,cycle40_subj05_prior0_1sess_150ep,230,19199,0.048763044,0.041758224,828,0.00700482,1.0,1.0,1.0,1.0
5,cycle40_subj05_prior0_1sess_150ep,231,19200,0.05040303,0.045373935,699,0.0050290935,1.0,1.0,1.0,1.0
5,cycle40_subj05_prior0_1sess_150ep,232,19292,0.045639236,0.04348936,139,0.0021498762,1.0,1.0,1.0,1.0
5,cycle40_subj05_prior0_1sess_150ep,233,19436,0.051416077,0.054879267,876,-0.00346319,2.0,0.6666666666666666,1.3333333333333333,1.0
5,cycle40_subj05_prior0_1sess_150ep,234,19573,0.036955602,0.03958004,665,-0.0026244372,3.0,0.8888888888888888,1.1111111111111112,1.0
5,cycle40_subj05_prior0_1sess_150ep,235,19642,0.038829844,0.045181427,652,-0.0063515827,5.0,0.2,2.4,2.5
5,cycle40_subj05_prior0_1sess_150ep,236,19672,0.021183262,0.043167446,523,-0.021984184,114.0,0.0,34.55555555555556,34.0
5,cycle40_subj05_prior0_1sess_150ep,237,19690,0.049430534,0.059197165,652,-0.009766631,3.0,0.3,1.9,2.0
5,cycle40_subj05_prior0_1sess_150ep,238,19933,0.027487881,0.055589084,523,-0.028101202,38.0,0.0,11.333333333333334,12.0
5,cycle40_subj05_prior0_1sess_150ep,239,20054,0.04797485,0.043418773,865,0.0045560785,1.0,1.0,1.0,1.0
5,cycle40_subj05_prior0_1sess_150ep,240,20064,0.053538114,0.058424696,652,-0.0048865825,2.0,0.6923076923076923,1.3076923076923077,1.0
5,cycle40_subj05_prior0_1sess_150ep,241,20080,0.041419614,0.040777937,778,0.0006416775,1.0,1.0,1.0,1.0
5,cycle40_subj05_prior0_1sess_150ep,242,20206,0.04795409,0.041446194,361,0.006507896,1.0,1.0,1.0,1.0
5,cycle40_subj05_prior0_1sess_150ep,243,20223,0.046185568,0.039125055,279,0.007060513,1.0,1.0,1.0,1.0
5,cycle40_subj05_prior0_1sess_150ep,244,20265,0.018586338,0.037946604,999,-0.019360267,167.0,0.0,51.3,51.0
5,cycle40_subj05_prior0_1sess_150ep,245,20307,0.04432047,0.04431404,590,6.429851e-06,1.0,1.0,1.0,1.0
5,cycle40_subj05_prior0_1sess_150ep,246,20442,0.06050137,0.052348252,512,0.008153118,1.0,1.0,1.0,1.0
5,cycle40_subj05_prior0_1sess_150ep,247,20633,0.026410256,0.043288607,715,-0.016878352,34.0,0.0,12.181818181818182,13.0
5,cycle40_subj05_prior0_1sess_150ep,248,20650,0.023711627,0.03524519,162,-0.011533564,20.0,0.0,6.428571428571429,6.0
5,cycle40_subj05_prior0_1sess_150ep,249,20702,0.045099176,0.041510567,256,0.0035886094,1.0,1.0,1.0,1.0
5,cycle40_subj05_prior0_1sess_150ep,250,20738,0.06513463,0.04897775,403,0.016156878,1.0,1.0,1.0,1.0
5,cycle40_subj05_prior0_1sess_150ep,251,20777,0.023202384,0.038772848,643,-0.015570464,61.0,0.0,19.0,19.0
5,cycle40_subj05_prior0_1sess_150ep,252,20820,0.034726806,0.041674677,417,-0.0069478713,11.0,0.0,4.7,4.0
5,cycle40_subj05_prior0_1sess_150ep,253,21108,0.03475117,0.039079938,794,-0.0043287687,2.0,0.8333333333333334,1.1666666666666667,1.0
5,cycle40_subj05_prior0_1sess_150ep,254,21192,0.06584242,0.05233224,158,0.013510179,1.0,1.0,1.0,1.0
5,cycle40_subj05_prior0_1sess_150ep,255,21194,0.033971004,0.046588317,182,-0.012617312,10.0,0.0,3.857142857142857,4.0
5,cycle40_subj05_prior0_1sess_150ep,256,21197,0.0514829,0.044747613,471,0.0067352876,1.0,1.0,1.0,1.0
5,cycle40_subj05_prior0_1sess_150ep,257,21218,0.036275554,0.04808233,947,-0.011806775,9.0,0.0,2.6,3.0
5,cycle40_subj05_prior0_1sess_150ep,258,21253,0.044713337,0.043150928,377,0.0015624091,1.0,1.0,1.0,1.0
5,cycle40_subj05_prior0_1sess_150ep,259,21279,0.03343385,0.054199155,652,-0.020765305,14.0,0.0,4.6,4.0
5,cycle40_subj05_prior0_1sess_150ep,260,21318,0.047908988,0.050561488,499,-0.0026524998,2.0,0.6,1.4,1.0
5,cycle40_subj05_prior0_1sess_150ep,261,21508,0.037943132,0.045815866,889,-0.007872734,15.0,0.0,4.777777777777778,5.0
5,cycle40_subj05_prior0_1sess_150ep,262,21526,0.045588348,0.042812556,314,0.002775792,1.0,1.0,1.0,1.0
5,cycle40_subj05_prior0_1sess_150ep,263,21553,0.04295543,0.057486054,814,-0.014530625,4.0,0.25,2.0,2.0
5,cycle40_subj05_prior0_1sess_150ep,264,21601,0.034895796,0.021769844,89,0.013125952,1.0,1.0,1.0,1.0
5,cycle40_subj05_prior0_1sess_150ep,265,21703,0.036120802,0.04281007,523,-0.006689269,5.0,0.2222222222222222,2.111111111111111,2.0
5,cycle40_subj05_prior0_1sess_150ep,266,21950,0.059185468,0.04784561,162,0.011339858,1.0,1.0,1.0,1.0
5,cycle40_subj05_prior0_1sess_150ep,267,21989,0.036079757,0.042144515,844,-0.0060647577,3.0,0.4,1.7,2.0
5,cycle40_subj05_prior0_1sess_150ep,268,22138,0.0425397,0.050931584,704,-0.008391883,4.0,0.375,2.0,2.0
5,cycle40_subj05_prior0_1sess_150ep,269,22143,0.037189055,0.046000462,414,-0.008811407,6.0,0.2,2.8,3.0
5,cycle40_subj05_prior0_1sess_150ep,270,22155,0.04338413,0.050267063,426,-0.006882932,12.0,0.0,4.5,4.5
5,cycle40_subj05_prior0_1sess_150ep,271,22263,0.04397632,0.057702474,777,-0.0137261525,5.0,0.3333333333333333,1.8888888888888888,2.0
5,cycle40_subj05_prior0_1sess_150ep,272,22387,0.051498365,0.043848034,719,0.0076503307,1.0,1.0,1.0,1.0
5,cycle40_subj05_prior0_1sess_150ep,273,22495,0.047295835,0.049899615,889,-0.0026037805,4.0,0.5714285714285714,1.7142857142857142,1.0
5,cycle40_subj05_prior0_1sess_150ep,274,22505,0.041681323,0.04387592,637,-0.0021945983,5.0,0.125,2.25,2.0
5,cycle40_subj05_prior0_1sess_150ep,275,22515,0.04273049,0.04932507,142,-0.0065945797,4.0,0.8571428571428571,1.1428571428571428,1.0
5,cycle40_subj05_prior0_1sess_150ep,276,22523,0.06290971,0.04750482,777,0.0154048875,1.0,1.0,1.0,1.0
5,cycle40_subj05_prior0_1sess_150ep,277,22530,0.03480134,0.047944125,276,-0.013142783,44.0,0.0,16.666666666666668,16.5
5,cycle40_subj05_prior0_1sess_150ep,278,22585,0.046592843,0.05261203,403,-0.006019186,2.0,0.7142857142857143,1.2857142857142858,1.0
5,cycle40_subj05_prior0_1sess_150ep,279,22587,0.04593703,0.048941657,794,-0.0030046254,2.0,0.6,1.4,1.0
5,cycle40_subj05_prior0_1sess_150ep,280,22772,0.047120955,0.048980754,523,-0.001859799,4.0,0.3333333333333333,2.111111111111111,2.0
5,cycle40_subj05_prior0_1sess_150ep,281,22782,0.028031861,0.041138392,766,-0.0131065305,18.0,0.0,6.583333333333333,6.0
5,cycle40_subj05_prior0_1sess_150ep,282,22794,0.036111962,0.04037978,951,-0.004267819,7.0,0.5454545454545454,2.1818181818181817,1.0
5,cycle40_subj05_prior0_1sess_150ep,283,22809,0.03526188,0.047954123,745,-0.012692243,2.0,0.5,1.5,1.5
5,cycle40_subj05_prior0_1sess_150ep,284,22845,0.04570752,0.045705862,523,1.6577542e-06,1.0,1.0,1.0,1.0
5,cycle40_subj05_prior0_1sess_150ep,285,22873,0.032339234,0.03828171,577,-0.005942475,5.0,0.14285714285714285,2.142857142857143,2.0
5,cycle40_subj05_prior0_1sess_150ep,286,22879,0.045991488,0.05318321,48,-0.0071917213,4.0,0.25,1.9166666666666667,2.0
5,cycle40_subj05_prior0_1sess_150ep,287,22886,0.045543786,0.040303838,919,0.0052399486,1.0,1.0,1.0,1.0
5,cycle40_subj05_prior0_1sess_150ep,288,22957,0.051622998,0.054395743,356,-0.0027727447,2.0,0.6,1.4,1.0
5,cycle40_subj05_prior0_1sess_150ep,289,22967,0.057679232,0.052356876,172,0.005322356,1.0,1.0,1.0,1.0
5,cycle40_subj05_prior0_1sess_150ep,290,22993,0.03673054,0.037210774,39,-0.00048023462,2.0,0.5,1.5,1.5
5,cycle40_subj05_prior0_1sess_150ep,291,23036,0.0448052,0.039939344,54,0.004865855,1.0,1.0,1.0,1.0
5,cycle40_subj05_prior0_1sess_150ep,292,23241,0.03402046,0.04633806,777,-0.012317598,28.0,0.0,9.857142857142858,9.0
5,cycle40_subj05_prior0_1sess_150ep,293,23492,0.021934938,0.044258352,561,-0.022323415,212.0,0.0,64.33333333333333,62.0
5,cycle40_subj05_prior0_1sess_150ep,294,23715,0.03876295,0.053806186,524,-0.015043236,16.0,0.0,5.416666666666667,5.5
5,cycle40_subj05_prior0_1sess_150ep,295,23729,0.036780316,0.035127275,400,0.0016530417,1.0,1.0,1.0,1.0
5,cycle40_subj05_prior0_1sess_150ep,296,23871,0.022025961,0.037666745,522,-0.015640784,68.0,0.0,21.3,21.0
5,cycle40_subj05_prior0_1sess_150ep,297,23876,0.04312559,0.047157653,590,-0.004032064,2.0,0.4444444444444444,1.5555555555555556,2.0
5,cycle40_subj05_prior0_1sess_150ep,298,23883,0.012605804,0.03575404,127,-0.023148235,71.0,0.0,21.818181818181817,21.0
5,cycle40_subj05_prior0_1sess_150ep,299,23993,0.046883777,0.04776991,195,-0.0008861348,2.0,0.8461538461538461,1.1538461538461537,1.0
5,cycle40_subj05_prior0_1sess_150ep,300,24202,0.05446468,0.0453641,630,0.009100579,1.0,1.0,1.0,1.0
5,cycle40_subj05_prior0_1sess_150ep,301,24214,0.03424346,0.04708248,191,-0.012839019,12.0,0.0,4.333333333333333,4.5
5,cycle40_subj05_prior0_1sess_150ep,302,24264,0.06329777,0.053905074,493,0.009392697,1.0,1.0,1.0,1.0
5,cycle40_subj05_prior0_1sess_150ep,303,24317,0.036372975,0.04550414,999,-0.009131167,7.0,0.25,3.25,3.5
5,cycle40_subj05_prior0_1sess_150ep,304,24480,0.031732418,0.049588528,36,-0.01785611,39.0,0.0,12.416666666666666,12.0
5,cycle40_subj05_prior0_1sess_150ep,305,24517,0.035329584,0.03957544,225,-0.004245855,5.0,0.25,2.25,2.0
5,cycle40_subj05_prior0_1sess_150ep,306,24530,0.046630908,0.05032811,652,-0.0036972016,3.0,0.46153846153846156,1.6153846153846154,2.0
5,cycle40_subj05_prior0_1sess_150ep,307,24560,0.039682798,0.035071615,272,0.004611183,1.0,1.0,1.0,1.0
5,cycle40_subj05_prior0_1sess_150ep,308,24638,0.046098795,0.04983915,556,-0.0037403554,2.0,0.4,1.6,2.0
5,cycle40_subj05_prior0_1sess_150ep,309,24640,0.025463026,0.039569706,848,-0.01410668,22.0,0.0,5.5,5.0
5,cycle40_subj05_prior0_1sess_150ep,310,24649,0.037288148,0.04625658,5,-0.0089684315,9.0,0.0,3.3333333333333335,3.0
5,cycle40_subj05_prior0_1sess_150ep,311,24739,0.043721884,0.048453577,161,-0.0047316924,6.0,0.09090909090909091,2.3636363636363638,2.0
5,cycle40_subj05_prior0_1sess_150ep,312,24740,0.05001883,0.0490894,590,0.0009294301,1.0,1.0,1.0,1.0
5,cycle40_subj05_prior0_1sess_150ep,313,24787,0.039466932,0.037122894,36,0.0023440383,1.0,1.0,1.0,1.0
5,cycle40_subj05_prior0_1sess_150ep,314,24846,0.04077976,0.053487323,39,-0.012707565,4.0,0.35714285714285715,1.9285714285714286,2.0
5,cycle40_subj05_prior0_1sess_150ep,315,25059,0.019026218,0.04547042,246,-0.026444202,87.0,0.0,26.571428571428573,28.0
5,cycle40_subj05_prior0_1sess_150ep,316,25091,0.041151024,0.045970853,361,-0.004819829,3.0,0.5,1.5,1.5
5,cycle40_subj05_prior0_1sess_150ep,317,25111,0.039293077,0.052388944,680,-0.013095867,9.0,0.1,3.2,3.0
5,cycle40_subj05_prior0_1sess_150ep,318,25205,0.04411443,0.04007254,903,0.004041888,1.0,1.0,1.0,1.0
5,cycle40_subj05_prior0_1sess_150ep,319,25250,0.06262891,0.04869282,985,0.013936091,1.0,1.0,1.0,1.0
5,cycle40_subj05_prior0_1sess_150ep,320,25268,0.046284482,0.040416587,504,0.0058678947,1.0,1.0,1.0,1.0
5,cycle40_subj05_prior0_1sess_150ep,321,25284,0.050752353,0.05322019,556,-0.0024678372,2.0,0.6923076923076923,1.3076923076923077,1.0
5,cycle40_subj05_prior0_1sess_150ep,322,25287,0.043427814,0.038287602,19,0.0051402114,1.0,1.0,1.0,1.0
5,cycle40_subj05_prior0_1sess_150ep,323,25318,0.043770105,0.04493288,455,-0.0011627749,2.0,0.5,1.5,1.5
5,cycle40_subj05_prior0_1sess_150ep,324,25319,0.051303856,0.047363404,417,0.003940452,1.0,1.0,1.0,1.0
5,cycle40_subj05_prior0_1sess_150ep,325,25371,0.043733947,0.04563139,941,-0.0018974431,2.0,0.7272727272727273,1.2727272727272727,1.0
5,cycle40_subj05_prior0_1sess_150ep,326,25454,0.04881451,0.03992289,754,0.00889162,1.0,1.0,1.0,1.0
5,cycle40_subj05_prior0_1sess_150ep,327,25570,0.05078627,0.0473073,125,0.0034789704,1.0,1.0,1.0,1.0
5,cycle40_subj05_prior0_1sess_150ep,328,25578,0.045081884,0.050609834,2,-0.005527951,2.0,0.5714285714285714,1.4285714285714286,1.0
5,cycle40_subj05_prior0_1sess_150ep,329,25581,0.027308973,0.034721997,243,-0.007413024,12.0,0.0,4.090909090909091,4.0
5,cycle40_subj05_prior0_1sess_150ep,330,25588,0.035627864,0.045080055,590,-0.00945219,6.0,0.0,2.6,2.0
5,cycle40_subj05_prior0_1sess_150ep,331,25602,0.0057958933,0.03656715,591,-0.03077126,311.0,0.0,90.77777777777777,89.0
5,cycle40_subj05_prior0_1sess_150ep,332,25693,0.037919145,0.04826224,522,-0.010343093,3.0,0.375,1.75,2.0
5,cycle40_subj05_prior0_1sess_150ep,333,25702,0.008420379,0.03554127,456,-0.027120892,352.0,0.0,104.66666666666667,104.0
5,cycle40_subj05_prior0_1sess_150ep,334,25711,0.043862924,0.037108254,562,0.0067546703,1.0,1.0,1.0,1.0
5,cycle40_subj05_prior0_1sess_150ep,335,25741,0.035861127,0.04699831,703,-0.011137184,7.0,0.0,3.6,3.0
5,cycle40_subj05_prior0_1sess_150ep,336,25746,0.046362367,0.04807211,108,-0.0017097443,3.0,0.4,1.6,2.0
5,cycle40_subj05_prior0_1sess_150ep,337,25881,0.052146114,0.050303817,403,0.0018422976,1.0,1.0,1.0,1.0
5,cycle40_subj05_prior0_1sess_150ep,338,25906,0.03972042,0.037852436,793,0.0018679835,1.0,1.0,1.0,1.0
5,cycle40_subj05_prior0_1sess_150ep,339,25959,0.040146224,0.045369957,163,-0.0052237324,2.0,0.7272727272727273,1.2727272727272727,1.0
5,cycle40_subj05_prior0_1sess_150ep,340,26119,0.028703855,0.04337204,276,-0.014668183,15.0,0.0,5.0,4.5
5,cycle40_subj05_prior0_1sess_150ep,341,26127,0.04669671,0.04142004,70,0.0052766725,1.0,1.0,1.0,1.0
5,cycle40_subj05_prior0_1sess_150ep,342,26163,0.039056543,0.046645604,636,-0.007589061,2.0,0.6,1.4,1.0
5,cycle40_subj05_prior0_1sess_150ep,343,26243,0.042301327,0.051309798,964,-0.009008471,4.0,0.25,2.375,2.5
5,cycle40_subj05_prior0_1sess_150ep,344,26292,0.026415564,0.041595854,341,-0.01518029,36.0,0.0,11.125,11.5
5,cycle40_subj05_prior0_1sess_150ep,345,26307,0.04053847,0.042534266,501,-0.0019957945,2.0,0.9166666666666666,1.0833333333333333,1.0
5,cycle40_subj05_prior0_1sess_150ep,346,26351,0.04013064,0.044569783,541,-0.0044391416,2.0,0.8,1.2,1.0
5,cycle40_subj05_prior0_1sess_150ep,347,26372,0.036238484,0.04509011,252,-0.008851625,11.0,0.0,3.4,3.0
5,cycle40_subj05_prior0_1sess_150ep,348,26435,0.040122192,0.03921076,419,0.00091143325,1.0,1.0,1.0,1.0
5,cycle40_subj05_prior0_1sess_150ep,349,26458,0.0485961,0.042246588,191,0.0063495114,1.0,1.0,1.0,1.0
5,cycle40_subj05_prior0_1sess_150ep,350,26598,0.051148266,0.034755994,625,0.016392272,1.0,1.0,1.0,1.0
5,cycle40_subj05_prior0_1sess_150ep,351,26720,0.043741196,0.04351416,78,0.00022703782,1.0,1.0,1.0,1.0
5,cycle40_subj05_prior0_1sess_150ep,352,26780,0.036975004,0.045883056,720,-0.008908052,8.0,0.0,3.0,3.0
5,cycle40_subj05_prior0_1sess_150ep,353,26895,0.057053376,0.051129036,761,0.0059243403,1.0,1.0,1.0,1.0
5,cycle40_subj05_prior0_1sess_150ep,354,26909,0.021382969,0.03891027,197,-0.0175273,24.0,0.0,8.1,9.0
5,cycle40_subj05_prior0_1sess_150ep,355,26971,0.032239188,0.042992618,456,-0.01075343,20.0,0.0,5.769230769230769,6.0
5,cycle40_subj05_prior0_1sess_150ep,356,26990,0.05009102,0.046073105,153,0.0040179156,1.0,1.0,1.0,1.0
5,cycle40_subj05_prior0_1sess_150ep,357,27242,0.044579986,0.04659956,777,-0.002019573,4.0,0.1111111111111111,2.0,2.0
5,cycle40_subj05_prior0_1sess_150ep,358,27275,0.048592377,0.04169036,125,0.0069020167,1.0,1.0,1.0,1.0
5,cycle40_subj05_prior0_1sess_150ep,359,27287,0.03281715,0.03858284,437,-0.0057656877,5.0,0.16666666666666666,1.8333333333333333,2.0
5,cycle40_subj05_prior0_1sess_150ep,360,27326,0.045841258,0.037875313,968,0.007965945,1.0,1.0,1.0,1.0
5,cycle40_subj05_prior0_1sess_150ep,361,27435,0.06400093,0.044221036,630,0.01977989,1.0,1.0,1.0,1.0
5,cycle40_subj05_prior0_1sess_150ep,362,27568,0.030734489,0.03639265,691,-0.0056581628,10.0,0.0,3.8125,3.0
5,cycle40_subj05_prior0_1sess_150ep,363,27580,0.025539806,0.042161085,110,-0.016621279,43.0,0.0,12.555555555555555,13.0
5,cycle40_subj05_prior0_1sess_150ep,364,27830,0.047387555,0.047506694,227,-0.00011913851,2.0,0.625,1.375,1.0
5,cycle40_subj05_prior0_1sess_150ep,365,27878,0.049321078,0.0425338,98,0.0067872778,1.0,1.0,1.0,1.0
5,cycle40_subj05_prior0_1sess_150ep,366,27972,0.028197162,0.03759257,162,-0.009395409,11.0,0.0,3.6666666666666665,4.0
5,cycle40_subj05_prior0_1sess_150ep,367,28024,0.04579444,0.04496718,175,0.0008272603,1.0,1.0,1.0,1.0
5,cycle40_subj05_prior0_1sess_150ep,368,28068,0.054560255,0.0579506,652,-0.0033903457,2.0,0.5833333333333334,1.4166666666666667,1.0
5,cycle40_subj05_prior0_1sess_150ep,369,28096,0.034728877,0.048046086,715,-0.013317209,15.0,0.0,5.4,5.0
5,cycle40_subj05_prior0_1sess_150ep,370,28159,0.046868067,0.049305387,889,-0.0024373196,2.0,0.38461538461538464,1.6153846153846154,2.0
5,cycle40_subj05_prior0_1sess_150ep,371,28189,0.034409583,0.050321728,706,-0.015912145,19.0,0.0,7.777777777777778,7.0
5,cycle40_subj05_prior0_1sess_150ep,372,28286,0.009729865,0.03294201,778,-0.023212142,63.0,0.0,20.125,20.5
5,cycle40_subj05_prior0_1sess_150ep,373,28303,0.043069653,0.038065873,159,0.00500378,1.0,1.0,1.0,1.0
5,cycle40_subj05_prior0_1sess_150ep,374,28319,0.039240003,0.06332396,493,-0.024083957,3.0,0.8571428571428571,1.2857142857142858,1.0
5,cycle40_subj05_prior0_1sess_150ep,375,28325,0.053342395,0.042152002,227,0.011190392,1.0,1.0,1.0,1.0
5,cycle40_subj05_prior0_1sess_150ep,376,28341,0.01750776,0.039214432,871,-0.021706672,269.0,0.0,85.6,84.0
5,cycle40_subj05_prior0_1sess_150ep,377,28349,0.037151076,0.046381243,947,-0.009230167,9.0,0.0,3.875,4.0
5,cycle40_subj05_prior0_1sess_150ep,378,28418,0.05651453,0.049555212,843,0.006959319,1.0,1.0,1.0,1.0
5,cycle40_subj05_prior0_1sess_150ep,379,28487,0.035400152,0.04051603,719,-0.005115878,3.0,0.5,1.625,1.5
5,cycle40_subj05_prior0_1sess_150ep,380,28524,0.040702682,0.046191517,990,-0.0054888353,6.0,0.0,3.0,3.0
5,cycle40_subj05_prior0_1sess_150ep,381,28595,0.030101316,0.043215252,148,-0.013113936,10.0,0.1,2.9,2.5
5,cycle40_subj05_prior0_1sess_150ep,382,28689,0.034063995,0.051314943,356,-0.017250948,18.0,0.0,6.909090909090909,7.0
5,cycle40_subj05_prior0_1sess_150ep,383,28745,0.042022455,0.043612912,188,-0.0015904568,3.0,0.5,1.6428571428571428,1.5
5,cycle40_subj05_prior0_1sess_150ep,384,28751,0.053565856,0.048173,96,0.005392857,1.0,1.0,1.0,1.0
5,cycle40_subj05_prior0_1sess_150ep,385,28755,0.04866261,0.04280226,531,0.005860351,1.0,1.0,1.0,1.0
5,cycle40_subj05_prior0_1sess_150ep,386,28788,0.045254875,0.041334502,19,0.0039203726,1.0,1.0,1.0,1.0
5,cycle40_subj05_prior0_1sess_150ep,387,28898,0.045216113,0.048105683,754,-0.0028895698,2.0,0.8,1.2,1.0
5,cycle40_subj05_prior0_1sess_150ep,388,28963,0.04009659,0.04160323,794,-0.0015066415,2.0,1.0,1.0,1.0
5,cycle40_subj05_prior0_1sess_150ep,389,29010,0.019208068,0.04385143,928,-0.024643363,244.0,0.0,74.88888888888889,74.0
5,cycle40_subj05_prior0_1sess_150ep,390,29021,0.040284444,0.03717236,161,0.0031120852,1.0,1.0,1.0,1.0
5,cycle40_subj05_prior0_1sess_150ep,391,29381,0.046037894,0.046265148,375,-0.00022725388,2.0,0.6,1.4,1.0
5,cycle40_subj05_prior0_1sess_150ep,392,29568,0.036676828,0.054117825,70,-0.017440997,13.0,0.0,3.4,4.0
5,cycle40_subj05_prior0_1sess_150ep,393,29660,0.022189066,0.034296665,827,-0.0121075995,31.0,0.0,9.0,8.5
5,cycle40_subj05_prior0_1sess_150ep,394,29663,0.017421596,0.045449194,43,-0.028027598,122.0,0.0,39.0,37.0
5,cycle40_subj05_prior0_1sess_150ep,395,29680,0.04120057,0.04811453,534,-0.00691396,3.0,0.4444444444444444,1.6666666666666667,2.0
5,cycle40_subj05_prior0_1sess_150ep,396,29711,0.060483783,0.05508525,300,0.0053985342,1.0,1.0,1.0,1.0
5,cycle40_subj05_prior0_1sess_150ep,397,29837,0.023455698,0.042715568,292,-0.01925987,46.0,0.0,15.875,15.5
5,cycle40_subj05_prior0_1sess_150ep,398,29886,0.041638665,0.050170176,36,-0.008531511,2.0,0.375,1.625,2.0
5,cycle40_subj05_prior0_1sess_150ep,399,29919,0.05232064,0.049598776,954,0.0027218647,1.0,1.0,1.0,1.0
5,cycle40_subj05_prior0_1sess_150ep,400,29980,0.041764442,0.04863769,246,-0.0068732463,2.0,0.875,1.125,1.0
5,cycle40_subj05_prior0_1sess_150ep,401,30081,0.020759543,0.033740155,857,-0.012980612,25.0,0.0,7.0,7.0
5,cycle40_subj05_prior0_1sess_150ep,402,30373,0.0271528,0.03301381,890,-0.0058610104,4.0,0.42857142857142855,1.7142857142857142,2.0
5,cycle40_subj05_prior0_1sess_150ep,403,30395,0.06443764,0.05190451,250,0.012533132,1.0,1.0,1.0,1.0
5,cycle40_subj05_prior0_1sess_150ep,404,30407,0.021943802,0.04288393,721,-0.020940127,98.0,0.0,31.2,33.0
5,cycle40_subj05_prior0_1sess_150ep,405,30430,0.044416126,0.036729604,80,0.007686522,1.0,1.0,1.0,1.0
5,cycle40_subj05_prior0_1sess_150ep,406,30563,0.051525366,0.03417854,582,0.017346825,1.0,1.0,1.0,1.0
5,cycle40_subj05_prior0_1sess_150ep,407,30601,0.038775727,0.049307346,48,-0.010531619,3.0,0.5384615384615384,1.6923076923076923,1.0
5,cycle40_subj05_prior0_1sess_150ep,408,30632,0.04451681,0.037339028,712,0.0071777813,1.0,1.0,1.0,1.0
5,cycle40_subj05_prior0_1sess_150ep,409,30672,0.045454953,0.036710653,250,0.008744299,1.0,1.0,1.0,1.0
5,cycle40_subj05_prior0_1sess_150ep,410,30674,0.03787539,0.042875275,480,-0.0049998835,4.0,0.5555555555555556,1.5555555555555556,1.0
5,cycle40_subj05_prior0_1sess_150ep,411,30847,0.030150753,0.035012633,125,-0.00486188,15.0,0.0,5.166666666666667,5.0
5,cycle40_subj05_prior0_1sess_150ep,412,30856,0.038513187,0.041201822,471,-0.0026886351,2.0,0.4444444444444444,1.5555555555555556,2.0
5,cycle40_subj05_prior0_1sess_150ep,413,30887,0.042651843,0.048027437,777,-0.005375594,3.0,0.2,1.9,2.0
5,cycle40_subj05_prior0_1sess_150ep,414,30922,0.04264783,0.03740318,70,0.00524465,1.0,1.0,1.0,1.0
5,cycle40_subj05_prior0_1sess_150ep,415,30935,0.055052876,0.0443174,357,0.010735478,1.0,1.0,1.0,1.0
5,cycle40_subj05_prior0_1sess_150ep,416,30954,0.037344426,0.04407465,188,-0.006730225,5.0,0.2857142857142857,2.857142857142857,3.0
5,cycle40_subj05_prior0_1sess_150ep,417,31028,0.040702686,0.048593752,227,-0.007891066,2.0,0.7777777777777778,1.2222222222222223,1.0
5,cycle40_subj05_prior0_1sess_150ep,418,31049,0.043404154,0.041178457,778,0.002225697,1.0,1.0,1.0,1.0
5,cycle40_subj05_prior0_1sess_150ep,419,31064,0.045907043,0.037227523,590,0.00867952,1.0,1.0,1.0,1.0
5,cycle40_subj05_prior0_1sess_150ep,420,31123,0.036339182,0.036112342,984,0.00022684038,1.0,1.0,1.0,1.0
5,cycle40_subj05_prior0_1sess_150ep,421,31233,0.047125082,0.04296124,61,0.0041638426,1.0,1.0,1.0,1.0
5,cycle40_subj05_prior0_1sess_150ep,422,31349,0.03500849,0.046160378,698,-0.0111518875,10.0,0.0,3.7142857142857144,4.0
5,cycle40_subj05_prior0_1sess_150ep,423,31446,0.029074863,0.04443175,715,-0.015356887,13.0,0.2,4.4,5.0
5,cycle40_subj05_prior0_1sess_150ep,424,31659,0.033968408,0.043439776,163,-0.009471368,22.0,0.0,8.0,8.0
5,cycle40_subj05_prior0_1sess_150ep,425,31747,0.045857128,0.04936301,968,-0.0035058819,2.0,0.7272727272727273,1.2727272727272727,1.0
5,cycle40_subj05_prior0_1sess_150ep,426,31782,0.052691597,0.04435428,493,0.008337319,1.0,1.0,1.0,1.0
5,cycle40_subj05_prior0_1sess_150ep,427,31801,0.037840705,0.046336126,163,-0.00849542,8.0,0.2,3.2,3.0
5,cycle40_subj05_prior0_1sess_150ep,428,31837,0.05400906,0.055511188,19,-0.0015021265,2.0,0.8888888888888888,1.1111111111111112,1.0
5,cycle40_subj05_prior0_1sess_150ep,429,31936,0.041363735,0.061095707,182,-0.019731972,4.0,0.18181818181818182,2.090909090909091,2.0
5,cycle40_subj05_prior0_1sess_150ep,430,31964,0.050880123,0.048572626,15,0.002307497,1.0,1.0,1.0,1.0
5,cycle40_subj05_prior0_1sess_150ep,431,32053,0.0439004,0.059702747,523,-0.015802346,2.0,0.7142857142857143,1.2857142857142858,1.0
5,cycle40_subj05_prior0_1sess_150ep,432,32232,0.038151827,0.042245343,311,-0.0040935166,4.0,0.38461538461538464,1.9230769230769231,2.0
5,cycle40_subj05_prior0_1sess_150ep,433,32303,0.036156293,0.035822578,265,0.00033371523,1.0,1.0,1.0,1.0
5,cycle40_subj05_prior0_1sess_150ep,434,32307,0.043233797,0.04675178,100,-0.0035179816,3.0,0.2222222222222222,1.8888888888888888,2.0
5,cycle40_subj05_prior0_1sess_150ep,435,32625,0.04177739,0.03269602,855,0.009081371,1.0,1.0,1.0,1.0
5,cycle40_subj05_prior0_1sess_150ep,436,32643,0.034850243,0.048803583,522,-0.013953339,37.0,0.0,12.117647058823529,12.0
5,cycle40_subj05_prior0_1sess_150ep,437,32716,0.056622002,0.049589865,805,0.0070321374,1.0,1.0,1.0,1.0
5,cycle40_subj05_prior0_1sess_150ep,438,32771,0.023954596,0.040715285,910,-0.016760688,39.0,0.0,12.125,14.0
5,cycle40_subj05_prior0_1sess_150ep,439,32772,0.021038333,0.04144902,699,-0.020410689,33.0,0.0,10.2,10.0
5,cycle40_subj05_prior0_1sess_150ep,440,32857,0.038405214,0.041201983,246,-0.0027967691,4.0,0.3333333333333333,1.8333333333333333,2.0
5,cycle40_subj05_prior0_1sess_150ep,441,32891,0.029276645,0.03430741,478,-0.0050307643,7.0,0.125,2.625,3.0
5,cycle40_subj05_prior0_1sess_150ep,442,32910,0.03307556,0.042076364,127,-0.009000804,10.0,0.0,4.833333333333333,5.0
5,cycle40_subj05_prior0_1sess_150ep,443,33131,0.046247292,0.054261293,434,-0.008014001,2.0,0.7142857142857143,1.2857142857142858,1.0
5,cycle40_subj05_prior0_1sess_150ep,444,33171,0.029563105,0.03436465,319,-0.0048015434,11.0,0.0,3.5,3.5
5,cycle40_subj05_prior0_1sess_150ep,445,33189,0.043147467,0.04950224,577,-0.0063547716,3.0,0.375,2.0,2.0
5,cycle40_subj05_prior0_1sess_150ep,446,33245,0.039644442,0.056747895,182,-0.017103452,7.0,0.0,3.1666666666666665,3.0
5,cycle40_subj05_prior0_1sess_150ep,447,33289,0.04317367,0.04882938,712,-0.0056557097,4.0,0.36363636363636365,1.9090909090909092,2.0
5,cycle40_subj05_prior0_1sess_150ep,448,33521,0.03755631,0.04414538,736,-0.00658907,3.0,0.7142857142857143,1.2857142857142858,1.0
5,cycle40_subj05_prior0_1sess_150ep,449,33543,0.043690626,0.050069034,793,-0.0063784085,5.0,0.0,2.5,2.0
5,cycle40_subj05_prior0_1sess_150ep,450,33752,0.022601029,0.032617096,486,-0.010016067,12.0,0.0,4.466666666666667,5.0
5,cycle40_subj05_prior0_1sess_150ep,451,33813,0.041473337,0.046271328,414,-0.0047979914,3.0,0.6,1.5,1.0
5,cycle40_subj05_prior0_1sess_150ep,452,33906,0.037873704,0.04166621,652,-0.0037925057,5.0,0.16666666666666666,3.1666666666666665,3.5
5,cycle40_subj05_prior0_1sess_150ep,453,34068,0.032365993,0.040745065,514,-0.008379072,5.0,0.5,1.9,1.5
5,cycle40_subj05_prior0_1sess_150ep,454,34080,0.045368828,0.03995157,166,0.0054172575,1.0,1.0,1.0,1.0
5,cycle40_subj05_prior0_1sess_150ep,455,34089,0.0500928,0.046608537,872,0.003484264,1.0,1.0,1.0,1.0
5,cycle40_subj05_prior0_1sess_150ep,456,34126,0.059226956,0.041276634,577,0.017950322,1.0,1.0,1.0,1.0
5,cycle40_subj05_prior0_1sess_150ep,457,34186,0.03745202,0.04998077,19,-0.012528751,5.0,0.36363636363636365,2.090909090909091,2.0
5,cycle40_subj05_prior0_1sess_150ep,458,34238,0.0470274,0.041064326,714,0.005963076,1.0,1.0,1.0,1.0
5,cycle40_subj05_prior0_1sess_150ep,459,34418,0.023689197,0.0470918,593,-0.023402603,178.0,0.0,59.25,57.5
5,cycle40_subj05_prior0_1sess_150ep,460,34603,0.04101976,0.03779005,862,0.0032297112,1.0,1.0,1.0,1.0
5,cycle40_subj05_prior0_1sess_150ep,461,34751,0.063099496,0.0514142,765,0.011685297,1.0,1.0,1.0,1.0
5,cycle40_subj05_prior0_1sess_150ep,462,34829,0.033939444,0.043214206,163,-0.009274762,18.0,0.0,5.6,5.0
5,cycle40_subj05_prior0_1sess_150ep,463,34845,0.047270667,0.04443375,976,0.0028369166,1.0,1.0,1.0,1.0
5,cycle40_subj05_prior0_1sess_150ep,464,34850,0.034690525,0.03453062,48,0.00015990436,1.0,1.0,1.0,1.0
5,cycle40_subj05_prior0_1sess_150ep,465,34874,0.034998048,0.045517083,652,-0.010519035,10.0,0.14285714285714285,3.4285714285714284,3.0
5,cycle40_subj05_prior0_1sess_150ep,466,34975,0.031636965,0.04736248,471,-0.015725516,13.0,0.0,4.25,3.5
5,cycle40_subj05_prior0_1sess_150ep,467,35094,0.025470287,0.036514938,590,-0.011044651,18.0,0.0,5.888888888888889,5.0
5,cycle40_subj05_prior0_1sess_150ep,468,35129,0.044631775,0.0480419,523,-0.0034101233,2.0,0.6,1.4,1.0
5,cycle40_subj05_prior0_1sess_150ep,469,35743,0.046936724,0.043026138,486,0.0039105862,1.0,1.0,1.0,1.0
5,cycle40_subj05_prior0_1sess_150ep,470,35752,0.037869588,0.036148243,172,0.0017213449,1.0,1.0,1.0,1.0
5,cycle40_subj05_prior0_1sess_150ep,471,35790,0.05577841,0.047635972,794,0.008142438,1.0,1.0,1.0,1.0
5,cycle40_subj05_prior0_1sess_150ep,472,35798,0.047291633,0.04416433,680,0.003127303,1.0,1.0,1.0,1.0
5,cycle40_subj05_prior0_1sess_150ep,473,35986,0.05849932,0.03666109,12,0.021838233,1.0,1.0,1.0,1.0
5,cycle40_subj05_prior0_1sess_150ep,474,36067,0.0366078,0.03899935,941,-0.0023915507,3.0,0.5454545454545454,1.5454545454545454,1.0
5,cycle40_subj05_prior0_1sess_150ep,475,36258,0.044429988,0.047573537,674,-0.003143549,3.0,0.4,1.9,2.0
5,cycle40_subj05_prior0_1sess_150ep,476,36476,0.024327349,0.04394532,567,-0.019617971,72.0,0.0,20.083333333333332,19.5
5,cycle40_subj05_prior0_1sess_150ep,477,36569,0.05104662,0.05085635,316,0.0001902692,1.0,1.0,1.0,1.0
5,cycle40_subj05_prior0_1sess_150ep,478,36576,0.018685764,0.03626913,812,-0.017583365,33.0,0.0,12.2,12.5
5,cycle40_subj05_prior0_1sess_150ep,479,36623,0.050934177,0.04678918,426,0.0041449964,1.0,1.0,1.0,1.0
5,cycle40_subj05_prior0_1sess_150ep,480,36629,0.038057264,0.030244984,191,0.00781228,1.0,1.0,1.0,1.0
5,cycle40_subj05_prior0_1sess_150ep,481,36682,0.048025325,0.043051634,541,0.004973691,1.0,1.0,1.0,1.0
5,cycle40_subj05_prior0_1sess_150ep,482,36731,0.04231617,0.04456393,541,-0.002247762,2.0,0.8333333333333334,1.1666666666666667,1.0
5,cycle40_subj05_prior0_1sess_150ep,483,36759,0.047512956,0.047797132,636,-0.00028417632,2.0,0.7272727272727273,1.2727272727272727,1.0
5,cycle40_subj05_prior0_1sess_150ep,484,36910,0.052549377,0.048116054,250,0.0044333227,1.0,1.0,1.0,1.0
5,cycle40_subj05_prior0_1sess_150ep,485,36945,0.05330345,0.039143562,674,0.014159888,1.0,1.0,1.0,1.0
5,cycle40_subj05_prior0_1sess_150ep,486,36974,0.054234218,0.039256822,544,0.014977396,1.0,1.0,1.0,1.0
5,cycle40_subj05_prior0_1sess_150ep,487,36978,0.0376989,0.0449212,322,-0.0072223023,6.0,0.09090909090909091,2.4545454545454546,2.0
5,cycle40_subj05_prior0_1sess_150ep,488,37059,0.04157985,0.045153882,216,-0.0035740323,3.0,0.5,1.5,1.5
5,cycle40_subj05_prior0_1sess_150ep,489,37221,0.039407276,0.045172982,414,-0.0057657063,6.0,0.25,2.375,2.0
5,cycle40_subj05_prior0_1sess_150ep,490,37224,0.037969787,0.037135728,125,0.00083405897,1.0,1.0,1.0,1.0
5,cycle40_subj05_prior0_1sess_150ep,491,37436,0.03890763,0.048614856,999,-0.009707227,2.0,0.875,1.125,1.0
5,cycle40_subj05_prior0_1sess_150ep,492,37494,0.028882397,0.037513673,316,-0.008631276,8.0,0.2,3.0,3.0
5,cycle40_subj05_prior0_1sess_150ep,493,37608,0.07108198,0.051750164,64,0.019331817,1.0,1.0,1.0,1.0
5,cycle40_subj05_prior0_1sess_150ep,494,37736,0.02684401,0.0473653,48,-0.02052129,60.0,0.0,19.8,19.5
5,cycle40_subj05_prior0_1sess_150ep,495,37801,0.052398287,0.04288605,625,0.009512238,1.0,1.0,1.0,1.0
5,cycle40_subj05_prior0_1sess_150ep,496,37927,0.033898193,0.036070764,590,-0.0021725707,2.0,0.5454545454545454,1.4545454545454546,1.0
5,cycle40_subj05_prior0_1sess_150ep,497,38022,0.041417606,0.044795092,250,-0.003377486,2.0,0.2,1.8,2.0
5,cycle40_subj05_prior0_1sess_150ep,498,38025,0.032715876,0.05400166,777,-0.021285783,30.0,0.0,10.1,9.5
5,cycle40_subj05_prior0_1sess_150ep,499,38060,0.05214036,0.04733954,250,0.004800819,1.0,1.0,1.0,1.0
5,cycle40_subj05_prior0_1sess_150ep,500,38246,0.05082018,0.04679351,680,0.00402667,1.0,1.0,1.0,1.0
5,cycle40_subj05_prior0_1sess_150ep,501,38278,0.04997069,0.039776567,903,0.010194123,1.0,1.0,1.0,1.0
5,cycle40_subj05_prior0_1sess_150ep,502,38297,0.035298992,0.043601546,403,-0.0083025545,13.0,0.0,4.636363636363637,5.0
5,cycle40_subj05_prior0_1sess_150ep,503,38310,0.04172169,0.039892554,652,0.0018291362,1.0,1.0,1.0,1.0
5,cycle40_subj05_prior0_1sess_150ep,504,38358,0.062377606,0.05461604,714,0.007761564,1.0,1.0,1.0,1.0
5,cycle40_subj05_prior0_1sess_150ep,505,38483,0.029334437,0.040958766,227,-0.011624329,32.0,0.0,9.166666666666666,9.0
5,cycle40_subj05_prior0_1sess_150ep,506,38486,0.04665444,0.03531662,977,0.01133782,1.0,1.0,1.0,1.0
5,cycle40_subj05_prior0_1sess_150ep,507,38494,0.050543454,0.044987343,16,0.0055561103,1.0,1.0,1.0,1.0
5,cycle40_subj05_prior0_1sess_150ep,508,38641,0.03530401,0.047334716,78,-0.012030706,15.0,0.0,5.444444444444445,5.0
5,cycle40_subj05_prior0_1sess_150ep,509,38794,0.046287637,0.044385273,818,0.0019023642,1.0,1.0,1.0,1.0
5,cycle40_subj05_prior0_1sess_150ep,510,38817,0.05127957,0.035735745,403,0.015543826,1.0,1.0,1.0,1.0
5,cycle40_subj05_prior0_1sess_150ep,511,38829,0.043037668,0.049753714,828,-0.0067160465,7.0,0.1111111111111111,3.3333333333333335,3.0
5,cycle40_subj05_prior0_1sess_150ep,512,38853,0.057328224,0.046531495,403,0.0107967295,1.0,1.0,1.0,1.0
5,cycle40_subj05_prior0_1sess_150ep,513,38978,0.030650817,0.0431544,447,-0.012503583,8.0,0.07692307692307693,3.230769230769231,3.0
5,cycle40_subj05_prior0_1sess_150ep,514,39047,0.050938744,0.039491158,983,0.011447586,1.0,1.0,1.0,1.0
5,cycle40_subj05_prior0_1sess_150ep,515,39058,0.036611237,0.043880116,889,-0.0072688796,9.0,0.0,3.8333333333333335,4.0
5,cycle40_subj05_prior0_1sess_150ep,516,39095,0.05448129,0.048467103,191,0.006014187,1.0,1.0,1.0,1.0
5,cycle40_subj05_prior0_1sess_150ep,517,39289,0.020063676,0.050504148,715,-0.030440472,151.0,0.0,46.7,47.5
5,cycle40_subj05_prior0_1sess_150ep,518,39298,0.057929173,0.03823639,999,0.019692782,1.0,1.0,1.0,1.0
5,cycle40_subj05_prior0_1sess_150ep,519,39369,0.04789811,0.040125206,93,0.007772904,1.0,1.0,1.0,1.0
5,cycle40_subj05_prior0_1sess_150ep,520,39402,0.042837113,0.04111299,65,0.001724124,1.0,1.0,1.0,1.0
5,cycle40_subj05_prior0_1sess_150ep,521,39509,0.046047553,0.045861628,927,0.00018592551,1.0,1.0,1.0,1.0
5,cycle40_subj05_prior0_1sess_150ep,522,39547,0.04386148,0.04162194,911,0.0022395402,1.0,1.0,1.0,1.0
5,cycle40_subj05_prior0_1sess_150ep,523,39553,0.057505894,0.04598183,954,0.011524063,1.0,1.0,1.0,1.0
5,cycle40_subj05_prior0_1sess_150ep,524,39841,0.0518066,0.049611874,227,0.002194725,1.0,1.0,1.0,1.0
5,cycle40_subj05_prior0_1sess_150ep,525,39997,0.048954953,0.04452617,801,0.0044287816,1.0,1.0,1.0,1.0
5,cycle40_subj05_prior0_1sess_150ep,526,40153,0.05445603,0.053290263,11,0.0011657663,1.0,1.0,1.0,1.0
5,cycle40_subj05_prior0_1sess_150ep,527,40235,0.035756502,0.044324934,765,-0.008568432,6.0,0.0,3.25,3.0
5,cycle40_subj05_prior0_1sess_150ep,528,40423,0.046826184,0.04000605,455,0.006820135,1.0,1.0,1.0,1.0
5,cycle40_subj05_prior0_1sess_150ep,529,40548,0.05008773,0.051103327,743,-0.0010155961,2.0,0.875,1.125,1.0
5,cycle40_subj05_prior0_1sess_150ep,530,40575,0.054899074,0.035794865,794,0.019104209,1.0,1.0,1.0,1.0
5,cycle40_subj05_prior0_1sess_150ep,531,40721,0.03657312,0.047778852,614,-0.011205733,7.0,0.25,2.75,3.0
5,cycle40_subj05_prior0_1sess_150ep,532,40770,0.046807263,0.03979798,161,0.0070092827,1.0,1.0,1.0,1.0
5,cycle40_subj05_prior0_1sess_150ep,533,40840,0.039936345,0.04284173,413,-0.0029053837,4.0,0.3076923076923077,2.076923076923077,2.0
5,cycle40_subj05_prior0_1sess_150ep,534,40846,0.055517998,0.04497061,171,0.010547388,1.0,1.0,1.0,1.0
5,cycle40_subj05_prior0_1sess_150ep,535,40909,0.04872043,0.0404827,699,0.008237731,1.0,1.0,1.0,1.0
5,cycle40_subj05_prior0_1sess_150ep,536,40920,0.044555143,0.04269937,830,0.001855772,1.0,1.0,1.0,1.0
5,cycle40_subj05_prior0_1sess_150ep,537,40924,0.045973863,0.045260113,231,0.0007137507,1.0,1.0,1.0,1.0
5,cycle40_subj05_prior0_1sess_150ep,538,40935,0.028388157,0.03838349,814,-0.009995334,17.0,0.0,6.0,6.0
5,cycle40_subj05_prior0_1sess_150ep,539,40979,0.031041343,0.047761112,256,-0.01671977,17.0,0.0,5.375,5.0
5,cycle40_subj05_prior0_1sess_150ep,540,41056,0.047886103,0.046085995,94,0.0018001087,1.0,1.0,1.0,1.0
5,cycle40_subj05_prior0_1sess_150ep,541,41097,0.0513748,0.046026208,70,0.005348593,1.0,1.0,1.0,1.0
5,cycle40_subj05_prior0_1sess_150ep,542,41116,0.030868703,0.04604986,743,-0.015181156,19.0,0.0,5.857142857142857,5.0
5,cycle40_subj05_prior0_1sess_150ep,543,41137,0.05709301,0.04266071,272,0.0144323,1.0,1.0,1.0,1.0
5,cycle40_subj05_prior0_1sess_150ep,544,41162,0.034665484,0.036610216,75,-0.0019447319,3.0,0.625,1.375,1.0
5,cycle40_subj05_prior0_1sess_150ep,545,41482,0.028411988,0.04008813,648,-0.01167614,10.0,0.1,3.7,4.0
5,cycle40_subj05_prior0_1sess_150ep,546,41566,0.025427714,0.04079721,928,-0.015369497,40.0,0.0,12.666666666666666,14.5
5,cycle40_subj05_prior0_1sess_150ep,547,41574,0.051552456,0.040042207,488,0.011510249,1.0,1.0,1.0,1.0
5,cycle40_subj05_prior0_1sess_150ep,548,41623,0.030831056,0.033838637,487,-0.0030075815,5.0,0.3333333333333333,1.8888888888888888,2.0
5,cycle40_subj05_prior0_1sess_150ep,549,41653,0.0398933,0.04018794,590,-0.00029464066,2.0,0.5714285714285714,1.4285714285714286,1.0
5,cycle40_subj05_prior0_1sess_150ep,550,41710,0.042777218,0.04456138,530,-0.0017841607,2.0,0.6666666666666666,1.3333333333333333,1.0
5,cycle40_subj05_prior0_1sess_150ep,551,41778,0.03761144,0.04193647,455,-0.0043250285,4.0,0.375,2.0,2.0
5,cycle40_subj05_prior0_1sess_150ep,552,41814,0.050085757,0.04194315,590,0.008142605,1.0,1.0,1.0,1.0
5,cycle40_subj05_prior0_1sess_150ep,553,41927,0.039908845,0.046879392,777,-0.006970547,7.0,0.0,3.3333333333333335,3.0
5,cycle40_subj05_prior0_1sess_150ep,554,41934,0.05724448,0.035548303,545,0.021696176,1.0,1.0,1.0,1.0
5,cycle40_subj05_prior0_1sess_150ep,555,42007,0.03957827,0.054916654,990,-0.015338384,9.0,0.1,3.1,3.0
5,cycle40_subj05_prior0_1sess_150ep,556,42126,0.061871402,0.05488331,765,0.0069880933,1.0,1.0,1.0,1.0
5,cycle40_subj05_prior0_1sess_150ep,557,42166,0.054376967,0.050820854,12,0.0035561137,1.0,1.0,1.0,1.0
5,cycle40_subj05_prior0_1sess_150ep,558,42171,0.05433787,0.034399584,905,0.019938286,1.0,1.0,1.0,1.0
5,cycle40_subj05_prior0_1sess_150ep,559,42214,0.052275203,0.042591654,756,0.009683549,1.0,1.0,1.0,1.0
5,cycle40_subj05_prior0_1sess_150ep,560,42224,0.047257133,0.044275343,750,0.0029817894,1.0,1.0,1.0,1.0
5,cycle40_subj05_prior0_1sess_150ep,561,42238,0.041909046,0.04110913,276,0.0007999167,1.0,1.0,1.0,1.0
5,cycle40_subj05_prior0_1sess_150ep,562,42299,0.05255298,0.059710506,187,-0.007157527,3.0,0.42857142857142855,1.7142857142857142,2.0
5,cycle40_subj05_prior0_1sess_150ep,563,42473,0.043868095,0.042302836,680,0.001565259,1.0,1.0,1.0,1.0
5,cycle40_subj05_prior0_1sess_150ep,564,42563,0.04368511,0.038174745,610,0.0055103637,1.0,1.0,1.0,1.0
5,cycle40_subj05_prior0_1sess_150ep,565,42642,0.030892186,0.041977722,522,-0.011085536,17.0,0.0,6.0,5.0
5,cycle40_subj05_prior0_1sess_150ep,566,42648,0.022857333,0.047296632,911,-0.0244393,125.0,0.0,36.25,36.0
5,cycle40_subj05_prior0_1sess_150ep,567,42697,0.04538532,0.0464667,706,-0.001081381,2.0,0.5555555555555556,1.4444444444444444,1.0
5,cycle40_subj05_prior0_1sess_150ep,568,42781,0.018984016,0.03435339,827,-0.015369374,46.0,0.0,15.875,16.5
5,cycle40_subj05_prior0_1sess_150ep,569,42851,0.04989759,0.04513363,610,0.004763957,1.0,1.0,1.0,1.0
5,cycle40_subj05_prior0_1sess_150ep,570,42912,0.035206415,0.04540062,417,-0.010194205,4.0,0.4444444444444444,2.0,2.0
5,cycle40_subj05_prior0_1sess_150ep,571,42946,0.046119485,0.053961158,93,-0.007841673,11.0,0.0,4.0,4.0
5,cycle40_subj05_prior0_1sess_150ep,572,42980,0.048773695,0.036302637,547,0.0124710575,1.0,1.0,1.0,1.0
5,cycle40_subj05_prior0_1sess_150ep,573,43107,0.034346953,0.04871214,590,-0.014365189,6.0,0.0,2.8,3.0
5,cycle40_subj05_prior0_1sess_150ep,574,43156,0.041228663,0.037068795,66,0.0041598678,1.0,1.0,1.0,1.0
5,cycle40_subj05_prior0_1sess_150ep,575,43157,0.048620153,0.04577339,694,0.0028467625,1.0,1.0,1.0,1.0
5,cycle40_subj05_prior0_1sess_150ep,576,43159,0.03950646,0.035069373,591,0.004437089,1.0,1.0,1.0,1.0
5,cycle40_subj05_prior0_1sess_150ep,577,43164,0.04483266,0.03840618,522,0.0064264834,1.0,1.0,1.0,1.0
5,cycle40_subj05_prior0_1sess_150ep,578,43224,0.038918786,0.040687826,159,-0.0017690398,4.0,0.3333333333333333,1.75,2.0
5,cycle40_subj05_prior0_1sess_150ep,579,43250,0.037897445,0.049536306,703,-0.011638861,10.0,0.0,4.181818181818182,4.0
5,cycle40_subj05_prior0_1sess_150ep,580,43288,0.034413844,0.031386077,982,0.003027767,1.0,1.0,1.0,1.0
5,cycle40_subj05_prior0_1sess_150ep,581,43428,0.03787946,0.044358056,674,-0.0064785965,5.0,0.4,1.8,2.0
5,cycle40_subj05_prior0_1sess_150ep,582,43429,0.060980696,0.043636408,515,0.017344289,1.0,1.0,1.0,1.0
5,cycle40_subj05_prior0_1sess_150ep,583,43445,0.04695915,0.048748482,847,-0.0017893314,2.0,0.875,1.125,1.0
5,cycle40_subj05_prior0_1sess_150ep,584,43465,0.036104944,0.04659463,777,-0.010489687,10.0,0.0,3.6,3.5
5,cycle40_subj05_prior0_1sess_150ep,585,43500,0.045271087,0.043968078,714,0.0013030097,1.0,1.0,1.0,1.0
5,cycle40_subj05_prior0_1sess_150ep,586,43619,0.048325058,0.043950245,695,0.0043748133,1.0,1.0,1.0,1.0
5,cycle40_subj05_prior0_1sess_150ep,587,43675,0.046613045,0.044820778,652,0.001792267,1.0,1.0,1.0,1.0
5,cycle40_subj05_prior0_1sess_150ep,588,43689,0.044661168,0.039869495,163,0.0047916733,1.0,1.0,1.0,1.0
5,cycle40_subj05_prior0_1sess_150ep,589,43746,0.0446846,0.04813194,590,-0.003447339,6.0,0.0,2.3333333333333335,2.0
5,cycle40_subj05_prior0_1sess_150ep,590,43818,0.061172206,0.033191502,491,0.027980704,1.0,1.0,1.0,1.0
5,cycle40_subj05_prior0_1sess_150ep,591,43820,0.06596718,0.053137634,801,0.012829546,1.0,1.0,1.0,1.0
5,cycle40_subj05_prior0_1sess_150ep,592,43852,0.02409054,0.03874413,455,-0.01465359,24.0,0.0,7.846153846153846,8.0
5,cycle40_subj05_prior0_1sess_150ep,593,43950,0.045824356,0.041481704,651,0.004342653,1.0,1.0,1.0,1.0
5,cycle40_subj05_prior0_1sess_150ep,594,43984,0.041015267,0.03606409,460,0.004951179,1.0,1.0,1.0,1.0
5,cycle40_subj05_prior0_1sess_150ep,595,44052,0.06273596,0.04488048,80,0.01785548,1.0,1.0,1.0,1.0
5,cycle40_subj05_prior0_1sess_150ep,596,44097,0.046522975,0.048866794,680,-0.0023438185,3.0,0.25,2.0,2.0
5,cycle40_subj05_prior0_1sess_150ep,597,44107,0.023435265,0.03668673,128,-0.013251465,7.0,0.0,3.0,3.0
5,cycle40_subj05_prior0_1sess_150ep,598,44138,0.04611754,0.04985261,717,-0.0037350692,3.0,0.7,1.3,1.0
5,cycle40_subj05_prior0_1sess_150ep,599,44144,0.033475794,0.049812645,703,-0.01633685,20.0,0.0,7.625,7.0
5,cycle40_subj05_prior0_1sess_150ep,600,44184,0.02434548,0.03611487,375,-0.011769392,50.0,0.0,14.88888888888889,15.0
5,cycle40_subj05_prior0_1sess_150ep,601,44324,0.047019128,0.038243774,141,0.008775353,1.0,1.0,1.0,1.0
5,cycle40_subj05_prior0_1sess_150ep,602,44339,0.0429677,0.04000659,545,0.0029611103,1.0,1.0,1.0,1.0
5,cycle40_subj05_prior0_1sess_150ep,603,44369,0.030726517,0.045524947,934,-0.014798431,23.0,0.0,7.125,7.0
5,cycle40_subj05_prior0_1sess_150ep,604,44412,0.040982593,0.039862983,160,0.0011196099,1.0,1.0,1.0,1.0
5,cycle40_subj05_prior0_1sess_150ep,605,44705,0.02578006,0.054227963,48,-0.028447904,87.0,0.0,26.9,26.5
5,cycle40_subj05_prior0_1sess_150ep,606,44720,0.052309718,0.039726477,789,0.012583241,1.0,1.0,1.0,1.0
5,cycle40_subj05_prior0_1sess_150ep,607,44729,0.03919013,0.06272458,591,-0.023534454,11.0,0.0,4.1,3.5
5,cycle40_subj05_prior0_1sess_150ep,608,44736,0.039711103,0.04578168,876,-0.0060705766,8.0,0.1,3.0,3.0
5,cycle40_subj05_prior0_1sess_150ep,609,44844,0.05350552,0.044198997,679,0.009306524,1.0,1.0,1.0,1.0
5,cycle40_subj05_prior0_1sess_150ep,610,44971,0.014094329,0.049531158,590,-0.035436828,292.0,0.0,88.72727272727273,88.0
5,cycle40_subj05_prior0_1sess_150ep,611,44980,0.036058195,0.028313583,361,0.007744612,1.0,1.0,1.0,1.0
5,cycle40_subj05_prior0_1sess_150ep,612,45129,0.04045642,0.043340016,160,-0.0028835945,2.0,0.6153846153846154,1.3846153846153846,1.0
5,cycle40_subj05_prior0_1sess_150ep,613,45213,0.034185532,0.041853778,443,-0.0076682456,5.0,0.3333333333333333,2.3333333333333335,3.0
5,cycle40_subj05_prior0_1sess_150ep,614,45356,0.07259048,0.041865997,341,0.03072448,1.0,1.0,1.0,1.0
5,cycle40_subj05_prior0_1sess_150ep,615,45595,0.017211279,0.028950017,559,-0.011738738,8.0,0.18181818181818182,2.6363636363636362,3.0
5,cycle40_subj05_prior0_1sess_150ep,616,45632,0.04222318,0.04890766,159,-0.0066844784,3.0,0.625,1.5,1.0
5,cycle40_subj05_prior0_1sess_150ep,617,45746,0.024653351,0.038763646,341,-0.014110295,42.0,0.0,14.2,13.5
5,cycle40_subj05_prior0_1sess_150ep,618,45750,0.021545697,0.03850049,501,-0.016954795,57.0,0.0,20.142857142857142,20.0
5,cycle40_subj05_prior0_1sess_150ep,619,45837,0.033508435,0.04430213,663,-0.010793693,11.0,0.0,4.0,4.0
5,cycle40_subj05_prior0_1sess_150ep,620,45843,0.029982524,0.04178074,873,-0.011798216,17.0,0.0,3.6666666666666665,4.0
5,cycle40_subj05_prior0_1sess_150ep,621,45945,0.028049678,0.04091297,588,-0.012863293,34.0,0.0,11.875,12.5
5,cycle40_subj05_prior0_1sess_150ep,622,45981,0.03470047,0.043236736,978,-0.008536268,5.0,0.1111111111111111,2.3333333333333335,2.0
5,cycle40_subj05_prior0_1sess_150ep,623,45982,0.034953453,0.046468046,523,-0.011514593,11.0,0.0,3.8181818181818183,4.0
5,cycle40_subj05_prior0_1sess_150ep,624,45999,0.045041554,0.046417434,761,-0.0013758801,2.0,1.0,1.0,1.0
5,cycle40_subj05_prior0_1sess_150ep,625,46002,0.037879188,0.048306193,523,-0.010427006,2.0,0.5714285714285714,1.4285714285714286,1.0
5,cycle40_subj05_prior0_1sess_150ep,626,46036,0.056904055,0.05712687,2,-0.00022281334,2.0,0.625,1.375,1.0
5,cycle40_subj05_prior0_1sess_150ep,627,46101,0.042855255,0.04658601,801,-0.0037307553,5.0,0.5714285714285714,1.4285714285714286,1.0
5,cycle40_subj05_prior0_1sess_150ep,628,46136,0.021623913,0.041900437,847,-0.020276524,36.0,0.0,13.0,12.0
5,cycle40_subj05_prior0_1sess_150ep,629,46150,0.03583389,0.041793626,794,-0.0059597343,3.0,0.625,1.5,1.0
5,cycle40_subj05_prior0_1sess_150ep,630,46160,0.059397165,0.04665515,15,0.012742016,1.0,1.0,1.0,1.0
5,cycle40_subj05_prior0_1sess_150ep,631,46274,0.04621779,0.04808817,36,-0.0018703789,2.0,0.6666666666666666,1.3333333333333333,1.0
5,cycle40_subj05_prior0_1sess_150ep,632,46321,0.050217018,0.039964933,403,0.010252085,1.0,1.0,1.0,1.0
5,cycle40_subj05_prior0_1sess_150ep,633,46372,0.038401708,0.04893313,914,-0.010531422,13.0,0.0,5.222222222222222,5.0
5,cycle40_subj05_prior0_1sess_150ep,634,46380,0.04956782,0.047586907,524,0.001980912,1.0,1.0,1.0,1.0
5,cycle40_subj05_prior0_1sess_150ep,635,46460,0.052892204,0.059348658,954,-0.0064564534,2.0,0.5555555555555556,1.4444444444444444,1.0
5,cycle40_subj05_prior0_1sess_150ep,636,46462,0.052955493,0.046660867,471,0.0062946267,1.0,1.0,1.0,1.0
5,cycle40_subj05_prior0_1sess_150ep,637,46480,0.054890435,0.047576595,585,0.00731384,1.0,1.0,1.0,1.0
5,cycle40_subj05_prior0_1sess_150ep,638,46523,0.044921737,0.0506703,674,-0.0057485625,3.0,0.5,1.6,1.5
5,cycle40_subj05_prior0_1sess_150ep,639,46642,0.05101485,0.04876204,906,0.0022528134,1.0,1.0,1.0,1.0
5,cycle40_subj05_prior0_1sess_150ep,640,46661,0.03396895,0.039501417,61,-0.005532466,5.0,0.15384615384615385,2.4615384615384617,2.0
5,cycle40_subj05_prior0_1sess_150ep,641,46806,0.03908074,0.054416012,652,-0.015335273,27.0,0.0,9.428571428571429,10.0
5,cycle40_subj05_prior0_1sess_150ep,642,46835,0.040850375,0.040303126,518,0.00054724887,1.0,1.0,1.0,1.0
5,cycle40_subj05_prior0_1sess_150ep,643,46861,0.049458258,0.03352653,341,0.01593173,1.0,1.0,1.0,1.0
5,cycle40_subj05_prior0_1sess_150ep,644,47033,0.032861926,0.051082455,745,-0.018220529,10.0,0.07692307692307693,4.153846153846154,4.0
5,cycle40_subj05_prior0_1sess_150ep,645,47070,0.0370659,0.056491386,778,-0.019425485,7.0,0.0,3.5555555555555554,3.0
5,cycle40_subj05_prior0_1sess_150ep,646,47099,0.041774224,0.03856407,947,0.0032101534,1.0,1.0,1.0,1.0
5,cycle40_subj05_prior0_1sess_150ep,647,47200,0.046554882,0.049510736,794,-0.002955854,2.0,0.75,1.25,1.0
5,cycle40_subj05_prior0_1sess_150ep,648,47290,0.03757931,0.043017685,91,-0.005438376,10.0,0.0,4.25,4.0
5,cycle40_subj05_prior0_1sess_150ep,649,47293,0.036382023,0.047675498,626,-0.011293475,15.0,0.0,6.111111111111111,6.0
5,cycle40_subj05_prior0_1sess_150ep,650,47321,0.03335979,0.043861628,227,-0.010501839,11.0,0.0,4.714285714285714,4.0
5,cycle40_subj05_prior0_1sess_150ep,651,47408,0.04146025,0.042807482,876,-0.0013472326,2.0,0.6666666666666666,1.3333333333333333,1.0
5,cycle40_subj05_prior0_1sess_150ep,652,47598,0.05184305,0.04228331,306,0.009559739,1.0,1.0,1.0,1.0
5,cycle40_subj05_prior0_1sess_150ep,653,47600,0.038561802,0.046029482,316,-0.0074676797,5.0,0.2857142857142857,2.142857142857143,2.0
5,cycle40_subj05_prior0_1sess_150ep,654,47614,0.023730388,0.040564757,191,-0.016834369,41.0,0.0,12.8,12.0
5,cycle40_subj05_prior0_1sess_150ep,655,47656,0.04729846,0.053956967,403,-0.0066585056,3.0,0.6,1.4,1.0
5,cycle40_subj05_prior0_1sess_150ep,656,47687,0.042906333,0.040158387,604,0.0027479455,1.0,1.0,1.0,1.0
5,cycle40_subj05_prior0_1sess_150ep,657,48157,0.026691413,0.044460364,61,-0.017768951,38.0,0.0,13.333333333333334,13.5
5,cycle40_subj05_prior0_1sess_150ep,658,48260,0.04100216,0.049098946,630,-0.008096784,2.0,0.8571428571428571,1.1428571428571428,1.0
5,cycle40_subj05_prior0_1sess_150ep,659,48374,0.03158006,0.04437294,543,-0.012792878,11.0,0.0,4.111111111111111,4.0
5,cycle40_subj05_prior0_1sess_150ep,660,48379,0.03746437,0.041839372,48,-0.0043750033,4.0,0.16666666666666666,2.3333333333333335,2.5
5,cycle40_subj05_prior0_1sess_150ep,661,48393,0.05249966,0.045560222,993,0.0069394372,1.0,1.0,1.0,1.0
5,cycle40_subj05_prior0_1sess_150ep,662,48422,0.04150804,0.036079664,480,0.0054283775,1.0,1.0,1.0,1.0
5,cycle40_subj05_prior0_1sess_150ep,663,48508,0.03455576,0.045787927,801,-0.0112321675,4.0,0.4,2.0,2.0
5,cycle40_subj05_prior0_1sess_150ep,664,48530,0.037885338,0.050121557,588,-0.012236219,9.0,0.1,3.0,3.0
5,cycle40_subj05_prior0_1sess_150ep,665,48617,0.039454,0.044860706,996,-0.0054067075,8.0,0.0,3.6,4.0
5,cycle40_subj05_prior0_1sess_150ep,666,48618,0.040093932,0.04278464,814,-0.0026907064,2.0,1.0,1.0,1.0
5,cycle40_subj05_prior0_1sess_150ep,667,48622,0.03724805,0.04863145,414,-0.011383399,8.0,0.09090909090909091,3.1818181818181817,3.0
5,cycle40_subj05_prior0_1sess_150ep,668,48679,0.02640871,0.046161212,162,-0.019752502,32.0,0.0,11.375,11.0
5,cycle40_subj05_prior0_1sess_150ep,669,48681,0.02780039,0.042824958,857,-0.015024567,19.0,0.0,6.0,5.5
5,cycle40_subj05_prior0_1sess_150ep,670,48802,0.051167563,0.04128774,6,0.009879824,1.0,1.0,1.0,1.0
5,cycle40_subj05_prior0_1sess_150ep,671,48832,0.043859076,0.048785444,983,-0.0049263686,5.0,0.0,3.2222222222222223,3.0
5,cycle40_subj05_prior0_1sess_150ep,672,48839,0.044301767,0.058352083,187,-0.014050316,11.0,0.0,4.625,5.0
5,cycle40_subj05_prior0_1sess_150ep,673,49076,0.03155269,0.042502735,679,-0.010950044,15.0,0.0,4.375,5.0
5,cycle40_subj05_prior0_1sess_150ep,674,49152,0.043602068,0.042733453,905,0.00086861476,1.0,1.0,1.0,1.0
5,cycle40_subj05_prior0_1sess_150ep,675,49156,0.024416175,0.040491145,495,-0.01607497,41.0,0.0,13.5,14.0
5,cycle40_subj05_prior0_1sess_150ep,676,49234,0.035399772,0.049465925,32,-0.014066152,22.0,0.0,7.166666666666667,6.5
5,cycle40_subj05_prior0_1sess_150ep,677,49466,0.045365315,0.04260619,867,0.002759125,1.0,1.0,1.0,1.0
5,cycle40_subj05_prior0_1sess_150ep,678,49480,0.035886545,0.044269927,743,-0.008383382,4.0,0.38461538461538464,1.7692307692307692,2.0
5,cycle40_subj05_prior0_1sess_150ep,679,49622,0.05467261,0.035235126,789,0.019437484,1.0,1.0,1.0,1.0
5,cycle40_subj05_prior0_1sess_150ep,680,49731,0.048144497,0.037432514,714,0.010711983,1.0,1.0,1.0,1.0
5,cycle40_subj05_prior0_1sess_150ep,681,49923,0.050371535,0.04757523,731,0.0027963035,1.0,1.0,1.0,1.0
5,cycle40_subj05_prior0_1sess_150ep,682,49944,0.047633618,0.04455904,166,0.003074579,1.0,1.0,1.0,1.0
5,cycle40_subj05_prior0_1sess_150ep,683,49955,0.03238483,0.034299973,151,-0.0019151419,2.0,1.0,1.0,1.0
5,cycle40_subj05_prior0_1sess_150ep,684,49957,0.04345861,0.04375382,375,-0.00029521063,2.0,1.0,1.0,1.0
5,cycle40_subj05_prior0_1sess_150ep,685,49969,0.03634637,0.040091526,735,-0.0037451573,2.0,0.7692307692307693,1.2307692307692308,1.0
5,cycle40_subj05_prior0_1sess_150ep,686,49979,0.042764544,0.04347705,847,-0.0007125065,2.0,0.42857142857142855,1.5714285714285714,2.0
5,cycle40_subj05_prior0_1sess_150ep,687,50026,0.040839035,0.04603201,445,-0.0051929764,2.0,0.7142857142857143,1.2857142857142858,1.0
5,cycle40_subj05_prior0_1sess_150ep,688,50114,0.03649288,0.04020901,590,-0.0037161298,5.0,0.2,2.7,2.5
5,cycle40_subj05_prior0_1sess_150ep,689,50170,0.041320942,0.049051568,647,-0.0077306256,3.0,0.4166666666666667,1.6666666666666667,2.0
5,cycle40_subj05_prior0_1sess_150ep,690,50500,0.034484662,0.040007252,827,-0.00552259,15.0,0.0,5.333333333333333,5.0
5,cycle40_subj05_prior0_1sess_150ep,691,50653,0.046035286,0.03994606,361,0.0060892254,1.0,1.0,1.0,1.0
5,cycle40_subj05_prior0_1sess_150ep,692,50734,0.04569693,0.055218384,828,-0.009521455,2.0,0.8888888888888888,1.1111111111111112,1.0
5,cycle40_subj05_prior0_1sess_150ep,693,50755,0.03985103,0.0360616,695,0.0037894286,1.0,1.0,1.0,1.0
5,cycle40_subj05_prior0_1sess_150ep,694,50811,0.05275831,0.041619137,93,0.011139173,1.0,1.0,1.0,1.0
5,cycle40_subj05_prior0_1sess_150ep,695,50882,0.05467903,0.0509433,188,0.0037357286,1.0,1.0,1.0,1.0
5,cycle40_subj05_prior0_1sess_150ep,696,51051,0.0419185,0.052553322,925,-0.010634821,3.0,0.625,1.375,1.0
5,cycle40_subj05_prior0_1sess_150ep,697,51052,0.03822889,0.043352798,197,-0.005123906,3.0,0.25,1.875,2.0
5,cycle40_subj05_prior0_1sess_150ep,698,51062,0.054909788,0.042488836,954,0.012420952,1.0,1.0,1.0,1.0
5,cycle40_subj05_prior0_1sess_150ep,699,51077,0.067725144,0.042504556,750,0.025220588,1.0,1.0,1.0,1.0
5,cycle40_subj05_prior0_1sess_150ep,700,51148,0.04853238,0.050781477,316,-0.0022490956,2.0,0.5714285714285714,1.4285714285714286,1.0
5,cycle40_subj05_prior0_1sess_150ep,701,51171,0.04656662,0.044066157,778,0.0025004633,1.0,1.0,1.0,1.0
5,cycle40_subj05_prior0_1sess_150ep,702,51185,0.04381297,0.043538194,827,0.0002747774,1.0,1.0,1.0,1.0
5,cycle40_subj05_prior0_1sess_150ep,703,51521,0.038943477,0.043929774,414,-0.0049862973,2.0,0.6,1.4,1.0
5,cycle40_subj05_prior0_1sess_150ep,704,51745,0.046860386,0.05494533,777,-0.008084945,4.0,0.2222222222222222,2.0,2.0
5,cycle40_subj05_prior0_1sess_150ep,705,51788,0.029933155,0.046791013,239,-0.016857859,25.0,0.0,8.538461538461538,8.0
5,cycle40_subj05_prior0_1sess_150ep,706,51843,0.057232834,0.048040286,250,0.009192549,1.0,1.0,1.0,1.0
5,cycle40_subj05_prior0_1sess_150ep,707,51907,0.032101333,0.039984062,523,-0.007882729,10.0,0.0,3.75,3.5
5,cycle40_subj05_prior0_1sess_150ep,708,51928,0.033873525,0.04770504,227,-0.013831515,6.0,0.2222222222222222,2.4444444444444446,2.0
5,cycle40_subj05_prior0_1sess_150ep,709,51965,0.055443257,0.048195224,493,0.007248033,1.0,1.0,1.0,1.0
5,cycle40_subj05_prior0_1sess_150ep,710,51983,0.03227211,0.055585083,460,-0.023312971,32.0,0.0,9.727272727272727,10.0
5,cycle40_subj05_prior0_1sess_150ep,711,51988,0.012191462,0.03850121,763,-0.026309747,140.0,0.0,40.77777777777778,40.0
5,cycle40_subj05_prior0_1sess_150ep,712,52070,0.043903764,0.043652315,231,0.00025144964,1.0,1.0,1.0,1.0
5,cycle40_subj05_prior0_1sess_150ep,713,52216,0.052335106,0.0491466,375,0.0031885058,1.0,1.0,1.0,1.0
5,cycle40_subj05_prior0_1sess_150ep,714,52302,0.055663772,0.050232626,468,0.0054311454,1.0,1.0,1.0,1.0
5,cycle40_subj05_prior0_1sess_150ep,715,52328,0.046600275,0.052057255,778,-0.0054569803,3.0,0.5,1.5,1.5
5,cycle40_subj05_prior0_1sess_150ep,716,52375,0.037944753,0.03890233,652,-0.0009575784,3.0,0.5,1.6,1.5
5,cycle40_subj05_prior0_1sess_150ep,717,52394,0.05659421,0.05206149,655,0.004532721,1.0,1.0,1.0,1.0
5,cycle40_subj05_prior0_1sess_150ep,718,52527,0.049137913,0.04738773,417,0.0017501824,1.0,1.0,1.0,1.0
5,cycle40_subj05_prior0_1sess_150ep,719,52554,0.05133302,0.04638482,272,0.0049482025,1.0,1.0,1.0,1.0
5,cycle40_subj05_prior0_1sess_150ep,720,52596,0.055684637,0.04492015,347,0.010764487,1.0,1.0,1.0,1.0
5,cycle40_subj05_prior0_1sess_150ep,721,52598,0.046134125,0.040885825,934,0.0052483007,1.0,1.0,1.0,1.0
5,cycle40_subj05_prior0_1sess_150ep,722,52652,0.033104632,0.042651277,145,-0.009546645,4.0,0.3333333333333333,1.7777777777777777,2.0
5,cycle40_subj05_prior0_1sess_150ep,723,52892,0.03287065,0.036532734,927,-0.0036620833,6.0,0.25,2.0,2.0
5,cycle40_subj05_prior0_1sess_150ep,724,52931,0.031641975,0.0508488,699,-0.019206826,7.0,0.0,2.75,3.0
5,cycle40_subj05_prior0_1sess_150ep,725,52990,0.030826854,0.044187758,48,-0.0133609045,25.0,0.0,8.285714285714286,8.0
5,cycle40_subj05_prior0_1sess_150ep,726,53052,0.012744616,0.03257811,800,-0.019833494,18.0,0.0,5.333333333333333,5.5
5,cycle40_subj05_prior0_1sess_150ep,727,53070,0.033421133,0.042314615,48,-0.008893482,10.0,0.14285714285714285,3.142857142857143,3.0
5,cycle40_subj05_prior0_1sess_150ep,728,53152,0.035594948,0.042530026,19,-0.0069350787,8.0,0.09090909090909091,3.5454545454545454,4.0
5,cycle40_subj05_prior0_1sess_150ep,729,53155,0.055820223,0.04711821,216,0.008702014,1.0,1.0,1.0,1.0
5,cycle40_subj05_prior0_1sess_150ep,730,53157,0.04178717,0.049388252,227,-0.0076010823,5.0,0.2222222222222222,2.5555555555555554,2.0
5,cycle40_subj05_prior0_1sess_150ep,731,53270,0.04773057,0.04367776,111,0.0040528104,1.0,1.0,1.0,1.0
5,cycle40_subj05_prior0_1sess_150ep,732,53370,0.018522646,0.042398218,847,-0.023875572,66.0,0.0,20.428571428571427,20.0
5,cycle40_subj05_prior0_1sess_150ep,733,53489,0.013547952,0.03696178,176,-0.023413826,230.0,0.0,68.66666666666667,69.0
5,cycle40_subj05_prior0_1sess_150ep,734,53511,0.033799432,0.041246038,128,-0.0074466057,11.0,0.0,4.1,3.5
5,cycle40_subj05_prior0_1sess_150ep,735,53570,0.04790834,0.048839092,493,-0.0009307526,2.0,0.5,1.5,1.5
5,cycle40_subj05_prior0_1sess_150ep,736,53727,0.03699306,0.043244686,246,-0.0062516257,3.0,0.6666666666666666,1.3333333333333333,1.0
5,cycle40_subj05_prior0_1sess_150ep,737,53728,0.04599417,0.02662007,699,0.0193741,1.0,1.0,1.0,1.0
5,cycle40_subj05_prior0_1sess_150ep,738,53773,0.03307322,0.04569672,827,-0.0126235,10.0,0.125,3.8125,4.0
5,cycle40_subj05_prior0_1sess_150ep,739,53858,0.046180975,0.044088196,322,0.0020927787,1.0,1.0,1.0,1.0
5,cycle40_subj05_prior0_1sess_150ep,740,53881,0.04365988,0.04301048,308,0.00064940006,1.0,1.0,1.0,1.0
5,cycle40_subj05_prior0_1sess_150ep,741,53891,0.009539472,0.030338936,48,-0.020799464,99.0,0.0,27.571428571428573,27.0
5,cycle40_subj05_prior0_1sess_150ep,742,54078,0.022577431,0.038127754,19,-0.015550323,37.0,0.0,11.555555555555555,12.0
5,cycle40_subj05_prior0_1sess_150ep,743,54147,0.05161127,0.035950657,316,0.015660614,1.0,1.0,1.0,1.0
5,cycle40_subj05_prior0_1sess_150ep,744,54257,0.030904574,0.046452507,777,-0.015547933,17.0,0.0,5.8,5.5
5,cycle40_subj05_prior0_1sess_150ep,745,54361,0.048715167,0.03619086,682,0.012524307,1.0,1.0,1.0,1.0
5,cycle40_subj05_prior0_1sess_150ep,746,54389,0.035628866,0.047474798,499,-0.011845931,16.0,0.0,5.0,4.5
5,cycle40_subj05_prior0_1sess_150ep,747,54643,0.03970968,0.046958867,246,-0.0072491877,4.0,0.5,1.5833333333333333,1.5
5,cycle40_subj05_prior0_1sess_150ep,748,54683,0.04195417,0.04938831,903,-0.007434141,3.0,0.75,1.25,1.0
5,cycle40_subj05_prior0_1sess_150ep,749,54698,0.048733126,0.046906132,384,0.0018269941,1.0,1.0,1.0,1.0
5,cycle40_subj05_prior0_1sess_150ep,750,54743,0.058506295,0.04846117,765,0.010045126,1.0,1.0,1.0,1.0
5,cycle40_subj05_prior0_1sess_150ep,751,54812,0.03596486,0.038235843,712,-0.0022709817,5.0,0.09090909090909091,2.5454545454545454,3.0
5,cycle40_subj05_prior0_1sess_150ep,752,54824,0.046701714,0.04278631,457,0.003915403,1.0,1.0,1.0,1.0
5,cycle40_subj05_prior0_1sess_150ep,753,54913,0.039623577,0.038576182,843,0.0010473952,1.0,1.0,1.0,1.0
5,cycle40_subj05_prior0_1sess_150ep,754,54959,0.03800572,0.044846546,86,-0.006840825,7.0,0.0,2.875,3.0
5,cycle40_subj05_prior0_1sess_150ep,755,55005,0.039812915,0.046416424,812,-0.006603509,7.0,0.0,2.7777777777777777,3.0
5,cycle40_subj05_prior0_1sess_150ep,756,55107,0.038122926,0.04698709,142,-0.008864164,6.0,0.16666666666666666,2.1666666666666665,2.0
5,cycle40_subj05_prior0_1sess_150ep,757,55163,0.044764213,0.054291606,19,-0.009527393,3.0,0.6363636363636364,1.5454545454545454,1.0
5,cycle40_subj05_prior0_1sess_150ep,758,55405,0.034182698,0.040591013,583,-0.006408315,4.0,0.4444444444444444,1.8888888888888888,2.0
5,cycle40_subj05_prior0_1sess_150ep,759,55408,0.039221264,0.05071179,48,-0.011490524,10.0,0.0,4.333333333333333,5.0
5,cycle40_subj05_prior0_1sess_150ep,760,55526,0.04623825,0.04316725,761,0.0030710027,1.0,1.0,1.0,1.0
5,cycle40_subj05_prior0_1sess_150ep,761,55649,0.057957426,0.050929844,43,0.0070275813,1.0,1.0,1.0,1.0
5,cycle40_subj05_prior0_1sess_150ep,762,55669,0.033613145,0.040047046,300,-0.0064339004,5.0,0.4,2.1,2.0
5,cycle40_subj05_prior0_1sess_150ep,763,55678,0.044532593,0.050977286,375,-0.0064446926,3.0,0.5,1.6666666666666667,1.5
5,cycle40_subj05_prior0_1sess_150ep,764,55680,0.04950041,0.05253249,403,-0.0030320808,2.0,0.7142857142857143,1.2857142857142858,1.0
5,cycle40_subj05_prior0_1sess_150ep,765,55857,0.05892799,0.044962496,461,0.013965495,1.0,1.0,1.0,1.0
5,cycle40_subj05_prior0_1sess_150ep,766,55933,0.040065512,0.040342916,82,-0.00027740374,2.0,0.75,1.25,1.0
5,cycle40_subj05_prior0_1sess_150ep,767,55968,0.05054927,0.056664146,814,-0.0061148778,2.0,0.5454545454545454,1.4545454545454546,1.0
5,cycle40_subj05_prior0_1sess_150ep,768,55969,0.02989043,0.04443524,446,-0.014544811,8.0,0.2,3.2,3.0
5,cycle40_subj05_prior0_1sess_150ep,769,56042,0.046287313,0.03439105,504,0.011896264,1.0,1.0,1.0,1.0
5,cycle40_subj05_prior0_1sess_150ep,770,56066,0.04847732,0.04021522,486,0.008262098,1.0,1.0,1.0,1.0
5,cycle40_subj05_prior0_1sess_150ep,771,56126,0.016542712,0.047718454,86,-0.031175742,152.0,0.0,46.1,46.0
5,cycle40_subj05_prior0_1sess_150ep,772,56154,0.048593763,0.046173047,871,0.002420716,1.0,1.0,1.0,1.0
5,cycle40_subj05_prior0_1sess_150ep,773,56269,0.044049084,0.03627557,256,0.007773515,1.0,1.0,1.0,1.0
5,cycle40_subj05_prior0_1sess_150ep,774,56290,0.050873656,0.053813793,183,-0.002940137,2.0,0.5,1.5,1.5
5,cycle40_subj05_prior0_1sess_150ep,775,56314,0.023360016,0.047478832,403,-0.024118816,95.0,0.0,31.428571428571427,33.0
5,cycle40_subj05_prior0_1sess_150ep,776,56418,0.03689277,0.03385087,86,0.0030419007,1.0,1.0,1.0,1.0
5,cycle40_subj05_prior0_1sess_150ep,777,56454,0.04755168,0.04426265,159,0.003289029,1.0,1.0,1.0,1.0
5,cycle40_subj05_prior0_1sess_150ep,778,56471,0.049838383,0.048016723,5,0.0018216595,1.0,1.0,1.0,1.0
5,cycle40_subj05_prior0_1sess_150ep,779,56670,0.034722116,0.044424906,827,-0.0097027905,4.0,0.38461538461538464,1.6153846153846154,2.0
5,cycle40_subj05_prior0_1sess_150ep,780,56681,0.02945676,0.034138843,750,-0.0046820827,5.0,0.375,2.25,2.0
5,cycle40_subj05_prior0_1sess_150ep,781,56695,0.046265747,0.048317723,777,-0.0020519756,2.0,0.75,1.25,1.0
5,cycle40_subj05_prior0_1sess_150ep,782,56723,0.038836606,0.053134143,306,-0.0142975375,13.0,0.0,5.25,5.0
5,cycle40_subj05_prior0_1sess_150ep,783,56751,0.03375061,0.05227174,699,-0.01852113,28.0,0.0,10.363636363636363,10.0
5,cycle40_subj05_prior0_1sess_150ep,784,56782,0.03683728,0.04484729,327,-0.008010011,5.0,0.23076923076923078,2.1538461538461537,2.0
5,cycle40_subj05_prior0_1sess_150ep,785,56784,0.03419096,0.051070526,743,-0.016879566,23.0,0.0,9.545454545454545,10.0
5,cycle40_subj05_prior0_1sess_150ep,786,56850,0.0389635,0.037094317,588,0.001869183,1.0,1.0,1.0,1.0
5,cycle40_subj05_prior0_1sess_150ep,787,56867,0.04666795,0.043475877,217,0.0031920709,1.0,1.0,1.0,1.0
5,cycle40_subj05_prior0_1sess_150ep,788,56911,0.03942297,0.0431747,827,-0.0037517287,7.0,0.0,3.0,3.0
5,cycle40_subj05_prior0_1sess_150ep,789,56948,0.050673444,0.045416605,606,0.005256839,1.0,1.0,1.0,1.0
5,cycle40_subj05_prior0_1sess_150ep,790,57046,0.038178492,0.03466605,925,0.003512442,1.0,1.0,1.0,1.0
5,cycle40_subj05_prior0_1sess_150ep,791,57060,0.039727826,0.043334,36,-0.0036061741,2.0,0.8,1.2,1.0
5,cycle40_subj05_prior0_1sess_150ep,792,57435,0.0348547,0.038086317,440,-0.0032316186,4.0,0.25,2.5,2.5
5,cycle40_subj05_prior0_1sess_150ep,793,57443,0.06311758,0.04740617,221,0.015711408,1.0,1.0,1.0,1.0
5,cycle40_subj05_prior0_1sess_150ep,794,57478,0.054939363,0.040514912,471,0.014424451,1.0,1.0,1.0,1.0
5,cycle40_subj05_prior0_1sess_150ep,795,57542,0.035392925,0.048375674,763,-0.012982748,19.0,0.0,5.428571428571429,5.0
5,cycle40_subj05_prior0_1sess_150ep,796,57553,0.03106031,0.04067058,48,-0.009610271,18.0,0.0,6.111111111111111,6.0
5,cycle40_subj05_prior0_1sess_150ep,797,57648,0.027825445,0.049605675,163,-0.02178023,55.0,0.0,17.25,18.5
5,cycle40_subj05_prior0_1sess_150ep,798,57650,0.044644147,0.049162887,172,-0.00451874,3.0,0.625,1.5,1.0
5,cycle40_subj05_prior0_1sess_150ep,799,57681,0.04317978,0.052220874,954,-0.009041093,2.0,0.375,1.625,2.0
5,cycle40_subj05_prior0_1sess_150ep,800,57822,0.053986356,0.038847845,536,0.015138511,1.0,1.0,1.0,1.0
5,cycle40_subj05_prior0_1sess_150ep,801,57838,0.06143679,0.043658294,161,0.017778497,1.0,1.0,1.0,1.0
5,cycle40_subj05_prior0_1sess_150ep,802,57906,0.04066774,0.046233565,188,-0.005565826,3.0,0.4,1.8,2.0
5,cycle40_subj05_prior0_1sess_150ep,803,58096,0.047690593,0.047924448,637,-0.0002338551,2.0,0.7777777777777778,1.2222222222222223,1.0
5,cycle40_subj05_prior0_1sess_150ep,804,58144,0.033875126,0.030491086,406,0.0033840407,1.0,1.0,1.0,1.0
5,cycle40_subj05_prior0_1sess_150ep,805,58164,0.048124176,0.044827685,534,0.0032964908,1.0,1.0,1.0,1.0
5,cycle40_subj05_prior0_1sess_150ep,806,58187,0.052146,0.047510143,445,0.0046358556,1.0,1.0,1.0,1.0
5,cycle40_subj05_prior0_1sess_150ep,807,58404,0.04064655,0.041215133,560,-0.0005685836,3.0,0.6,1.4,1.0
5,cycle40_subj05_prior0_1sess_150ep,808,58668,0.04447881,0.047477853,165,-0.0029990412,2.0,0.6428571428571429,1.3571428571428572,1.0
5,cycle40_subj05_prior0_1sess_150ep,809,58681,0.051819656,0.043467827,912,0.008351829,1.0,1.0,1.0,1.0
5,cycle40_subj05_prior0_1sess_150ep,810,59023,0.038120274,0.041403428,383,-0.0032831542,5.0,0.1111111111111111,2.7777777777777777,3.0
5,cycle40_subj05_prior0_1sess_150ep,811,59039,0.04004565,0.049834333,523,-0.009788685,3.0,0.7,1.4,1.0
5,cycle40_subj05_prior0_1sess_150ep,812,59046,0.030392792,0.044521064,400,-0.0141282715,19.0,0.0,6.090909090909091,6.0
5,cycle40_subj05_prior0_1sess_150ep,813,59079,0.04508552,0.040574115,522,0.004511405,1.0,1.0,1.0,1.0
5,cycle40_subj05_prior0_1sess_150ep,814,59091,0.05539656,0.047081992,246,0.008314569,1.0,1.0,1.0,1.0
5,cycle40_subj05_prior0_1sess_150ep,815,59194,0.04746797,0.043836035,589,0.0036319345,1.0,1.0,1.0,1.0
5,cycle40_subj05_prior0_1sess_150ep,816,59284,0.02757428,0.048925884,21,-0.021351604,14.0,0.07142857142857142,4.5,5.0
5,cycle40_subj05_prior0_1sess_150ep,817,59419,0.034661457,0.049652617,191,-0.0149911605,10.0,0.0,3.142857142857143,2.0
5,cycle40_subj05_prior0_1sess_150ep,818,59420,0.040264204,0.03574553,66,0.004518673,1.0,1.0,1.0,1.0
5,cycle40_subj05_prior0_1sess_150ep,819,59585,0.04204767,0.042212125,699,-0.00016445667,2.0,0.375,1.625,2.0
5,cycle40_subj05_prior0_1sess_150ep,820,59595,0.047549035,0.04159414,522,0.005954895,1.0,1.0,1.0,1.0
5,cycle40_subj05_prior0_1sess_150ep,821,59631,0.047348347,0.04628339,586,0.0010649562,1.0,1.0,1.0,1.0
5,cycle40_subj05_prior0_1sess_150ep,822,59699,0.03286516,0.0394496,21,-0.0065844394,4.0,0.3076923076923077,2.076923076923077,2.0
5,cycle40_subj05_prior0_1sess_150ep,823,59817,0.033705622,0.044845223,204,-0.0111396015,17.0,0.0,6.0,5.0
5,cycle40_subj05_prior0_1sess_150ep,824,59994,0.025625397,0.048798125,414,-0.023172729,96.0,0.0,28.8,28.0
5,cycle40_subj05_prior0_1sess_150ep,825,60094,0.040300082,0.042188305,167,-0.001888223,2.0,0.7,1.3,1.0
5,cycle40_subj05_prior0_1sess_150ep,826,60119,0.030204613,0.037415937,590,-0.007211324,11.0,0.0,4.454545454545454,4.0
5,cycle40_subj05_prior0_1sess_150ep,827,60186,0.049501866,0.043421656,127,0.00608021,1.0,1.0,1.0,1.0
5,cycle40_subj05_prior0_1sess_150ep,828,60251,0.056865767,0.0358213,736,0.021044467,1.0,1.0,1.0,1.0
5,cycle40_subj05_prior0_1sess_150ep,829,60305,0.046785563,0.040887132,375,0.005898431,1.0,1.0,1.0,1.0
5,cycle40_subj05_prior0_1sess_150ep,830,60456,0.03224175,0.03724357,125,-0.0050018206,4.0,0.125,2.25,2.0
5,cycle40_subj05_prior0_1sess_150ep,831,60505,0.037648,0.041519146,486,-0.0038711466,2.0,0.7,1.3,1.0
5,cycle40_subj05_prior0_1sess_150ep,832,60519,0.035969093,0.047492716,523,-0.011523623,10.0,0.0,3.5833333333333335,4.0
5,cycle40_subj05_prior0_1sess_150ep,833,60553,0.02127909,0.034595598,405,-0.013316508,15.0,0.0,5.285714285714286,5.0
5,cycle40_subj05_prior0_1sess_150ep,834,60725,0.030608231,0.03693471,791,-0.00632648,6.0,0.0,2.5454545454545454,2.0
5,cycle40_subj05_prior0_1sess_150ep,835,60834,0.040180113,0.04427088,383,-0.0040907674,2.0,0.5,1.5,1.5
5,cycle40_subj05_prior0_1sess_150ep,836,60845,0.04137374,0.042348865,928,-0.00097512454,4.0,0.18181818181818182,2.3636363636363638,3.0
5,cycle40_subj05_prior0_1sess_150ep,837,60867,0.039959937,0.044193737,859,-0.0042338,4.0,0.2,2.1,2.0
5,cycle40_subj05_prior0_1sess_150ep,838,60978,0.040607706,0.039689198,765,0.0009185076,1.0,1.0,1.0,1.0
5,cycle40_subj05_prior0_1sess_150ep,839,61122,0.045800094,0.049236685,225,-0.0034365915,3.0,0.3333333333333333,2.0,2.0
5,cycle40_subj05_prior0_1sess_150ep,840,61133,0.043832313,0.046468437,590,-0.0026361234,2.0,0.3333333333333333,1.6666666666666667,2.0
5,cycle40_subj05_prior0_1sess_150ep,841,61177,0.02862893,0.03919283,554,-0.010563899,33.0,0.0,12.5,12.0
5,cycle40_subj05_prior0_1sess_150ep,842,61216,0.029056052,0.038174845,999,-0.0091187935,16.0,0.0,6.454545454545454,6.0
5,cycle40_subj05_prior0_1sess_150ep,843,61510,0.050986074,0.040838294,794,0.01014778,1.0,1.0,1.0,1.0
5,cycle40_subj05_prior0_1sess_150ep,844,61513,0.043075003,0.03886288,567,0.0042121224,1.0,1.0,1.0,1.0
5,cycle40_subj05_prior0_1sess_150ep,845,61677,0.037573565,0.04861785,162,-0.011044286,6.0,0.2,2.466666666666667,2.0
5,cycle40_subj05_prior0_1sess_150ep,846,61738,0.02335759,0.03731633,354,-0.013958739,29.0,0.0,9.272727272727273,8.0
5,cycle40_subj05_prior0_1sess_150ep,847,61748,0.06212776,0.044041816,118,0.018085945,1.0,1.0,1.0,1.0
5,cycle40_subj05_prior0_1sess_150ep,848,61752,0.06313296,0.04061773,91,0.022515226,1.0,1.0,1.0,1.0
5,cycle40_subj05_prior0_1sess_150ep,849,61797,0.052244745,0.04229406,591,0.009950686,1.0,1.0,1.0,1.0
5,cycle40_subj05_prior0_1sess_150ep,850,61801,0.037730314,0.04233576,761,-0.004605446,8.0,0.0,2.375,2.0
5,cycle40_subj05_prior0_1sess_150ep,851,61809,0.029600812,0.051940557,125,-0.022339744,21.0,0.0,8.0,8.0
5,cycle40_subj05_prior0_1sess_150ep,852,61873,0.041872125,0.0355153,867,0.006356824,1.0,1.0,1.0,1.0
5,cycle40_subj05_prior0_1sess_150ep,853,61972,0.057895612,0.048405107,37,0.009490505,1.0,1.0,1.0,1.0
5,cycle40_subj05_prior0_1sess_150ep,854,62006,0.03126682,0.040991046,57,-0.009724226,13.0,0.0,4.6875,4.5
5,cycle40_subj05_prior0_1sess_150ep,855,62015,0.031950563,0.03834246,127,-0.006391898,6.0,0.1,2.5,2.5
5,cycle40_subj05_prior0_1sess_150ep,856,62209,0.059805084,0.038843784,635,0.0209613,1.0,1.0,1.0,1.0
5,cycle40_subj05_prior0_1sess_150ep,857,62228,0.04087927,0.03636102,107,0.004518248,1.0,1.0,1.0,1.0
5,cycle40_subj05_prior0_1sess_150ep,858,62275,0.035775397,0.050449893,5,-0.014674496,14.0,0.0,5.8,6.0
5,cycle40_subj05_prior0_1sess_150ep,859,62302,0.04762116,0.04012806,403,0.007493101,1.0,1.0,1.0,1.0
5,cycle40_subj05_prior0_1sess_150ep,860,62365,0.043913484,0.04172729,60,0.002186194,1.0,1.0,1.0,1.0
5,cycle40_subj05_prior0_1sess_150ep,861,62479,0.042862576,0.047043502,132,-0.004180927,2.0,0.6666666666666666,1.3333333333333333,1.0
5,cycle40_subj05_prior0_1sess_150ep,862,62544,0.04752611,0.043661706,384,0.0038644038,1.0,1.0,1.0,1.0
5,cycle40_subj05_prior0_1sess_150ep,863,62561,0.031456467,0.040895138,361,-0.009438671,27.0,0.0,9.875,9.0
5,cycle40_subj05_prior0_1sess_150ep,864,62683,0.034059573,0.052849546,712,-0.018789973,20.0,0.0,7.571428571428571,7.0
5,cycle40_subj05_prior0_1sess_150ep,865,62748,0.05167426,0.039351203,2,0.012323059,1.0,1.0,1.0,1.0
5,cycle40_subj05_prior0_1sess_150ep,866,62960,0.042120896,0.03601448,889,0.0061064176,1.0,1.0,1.0,1.0
5,cycle40_subj05_prior0_1sess_150ep,867,63081,0.026509667,0.04388886,543,-0.017379193,89.0,0.0,28.666666666666668,28.5
5,cycle40_subj05_prior0_1sess_150ep,868,63182,0.03638341,0.043260604,356,-0.006877195,6.0,0.25,2.25,2.0
5,cycle40_subj05_prior0_1sess_150ep,869,63345,0.03867464,0.05293427,460,-0.014259629,11.0,0.0,3.8333333333333335,4.0
5,cycle40_subj05_prior0_1sess_150ep,870,63449,0.038827445,0.047463447,674,-0.0086360015,3.0,0.3333333333333333,1.6666666666666667,2.0
5,cycle40_subj05_prior0_1sess_150ep,871,63746,0.046923917,0.04002258,70,0.006901335,1.0,1.0,1.0,1.0
5,cycle40_subj05_prior0_1sess_150ep,872,63781,0.050524987,0.042872634,455,0.0076523535,1.0,1.0,1.0,1.0
5,cycle40_subj05_prior0_1sess_150ep,873,63825,0.036050554,0.046350993,36,-0.010300439,6.0,0.125,2.375,2.0
5,cycle40_subj05_prior0_1sess_150ep,874,63922,0.027527474,0.039344285,963,-0.011816811,13.0,0.0,3.8333333333333335,4.0
5,cycle40_subj05_prior0_1sess_150ep,875,63931,0.05292796,0.045625653,777,0.0073023066,1.0,1.0,1.0,1.0
5,cycle40_subj05_prior0_1sess_150ep,876,63944,0.06232852,0.04771144,652,0.014617082,1.0,1.0,1.0,1.0
5,cycle40_subj05_prior0_1sess_150ep,877,64004,0.022495998,0.041320235,93,-0.018824236,122.0,0.0,36.333333333333336,34.5
5,cycle40_subj05_prior0_1sess_150ep,878,64096,0.015522383,0.032927517,354,-0.017405134,53.0,0.0,16.4,15.5
5,cycle40_subj05_prior0_1sess_150ep,879,64295,0.043254208,0.046481173,509,-0.0032269657,2.0,0.6666666666666666,1.3333333333333333,1.0
5,cycle40_subj05_prior0_1sess_150ep,880,64483,0.0298442,0.04600279,523,-0.01615859,27.0,0.0,8.818181818181818,8.0
5,cycle40_subj05_prior0_1sess_150ep,881,64498,0.015663922,0.04210083,43,-0.026436906,243.0,0.0,76.33333333333333,77.5
5,cycle40_subj05_prior0_1sess_150ep,882,64615,0.029236449,0.041369244,801,-0.0121327955,45.0,0.0,13.777777777777779,14.0
5,cycle40_subj05_prior0_1sess_150ep,883,64621,0.03574406,0.039417326,48,-0.0036732666,5.0,0.42857142857142855,2.142857142857143,2.0
5,cycle40_subj05_prior0_1sess_150ep,884,64687,0.027960023,0.03875546,636,-0.010795439,13.0,0.0,4.6,4.0
5,cycle40_subj05_prior0_1sess_150ep,885,64771,0.035951015,0.0378574,687,-0.0019063838,2.0,0.8571428571428571,1.1428571428571428,1.0
5,cycle40_subj05_prior0_1sess_150ep,886,64867,0.040070567,0.04084968,999,-0.00077911094,2.0,0.5454545454545454,1.4545454545454546,1.0
5,cycle40_subj05_prior0_1sess_150ep,887,64880,0.030234784,0.049118992,777,-0.018884208,17.0,0.0,5.3076923076923075,6.0
5,cycle40_subj05_prior0_1sess_150ep,888,64893,0.025721446,0.045717947,400,-0.019996502,24.0,0.0,7.25,7.0
5,cycle40_subj05_prior0_1sess_150ep,889,64979,0.052096363,0.04348339,906,0.008612972,1.0,1.0,1.0,1.0
5,cycle40_subj05_prior0_1sess_150ep,890,65010,0.037977003,0.04497481,48,-0.006997809,5.0,0.125,2.375,2.5
5,cycle40_subj05_prior0_1sess_150ep,891,65069,0.04803734,0.046024267,163,0.0020130724,1.0,1.0,1.0,1.0
5,cycle40_subj05_prior0_1sess_150ep,892,65148,0.05597608,0.052947145,814,0.0030289367,1.0,1.0,1.0,1.0
5,cycle40_subj05_prior0_1sess_150ep,893,65187,0.042477153,0.045928266,468,-0.0034511127,8.0,0.0,3.6923076923076925,4.0
5,cycle40_subj05_prior0_1sess_150ep,894,65232,0.032378715,0.05072678,827,-0.018348064,12.0,0.0,4.416666666666667,4.5
5,cycle40_subj05_prior0_1sess_150ep,895,65253,0.042545952,0.046586446,486,-0.0040404946,2.0,0.6,1.4,1.0
5,cycle40_subj05_prior0_1sess_150ep,896,65267,0.0409377,0.04938249,119,-0.00844479,2.0,0.7692307692307693,1.2307692307692308,1.0
5,cycle40_subj05_prior0_1sess_150ep,897,65376,0.06090874,0.041853856,270,0.019054882,1.0,1.0,1.0,1.0
5,cycle40_subj05_prior0_1sess_150ep,898,65414,0.04124583,0.047452435,98,-0.0062066056,3.0,0.3076923076923077,1.9230769230769231,2.0
5,cycle40_subj05_prior0_1sess_150ep,899,65445,0.039249107,0.038651887,590,0.0005972199,1.0,1.0,1.0,1.0
5,cycle40_subj05_prior0_1sess_150ep,900,65639,0.049159653,0.042961158,814,0.0061984956,1.0,1.0,1.0,1.0
5,cycle40_subj05_prior0_1sess_150ep,901,65654,0.026320625,0.03644057,367,-0.010119945,10.0,0.0,3.4,3.5
5,cycle40_subj05_prior0_1sess_150ep,902,65686,0.028004045,0.037528004,127,-0.00952396,9.0,0.2222222222222222,2.888888888888889,3.0
5,cycle40_subj05_prior0_1sess_150ep,903,65769,0.047860377,0.043139223,426,0.0047211535,1.0,1.0,1.0,1.0
5,cycle40_subj05_prior0_1sess_150ep,904,65799,0.03715067,0.03477257,485,0.0023780987,1.0,1.0,1.0,1.0
5,cycle40_subj05_prior0_1sess_150ep,905,65821,0.047360685,0.052340373,460,-0.0049796887,3.0,0.42857142857142855,1.5714285714285714,2.0
5,cycle40_subj05_prior0_1sess_150ep,906,65872,0.037619963,0.037339468,630,0.00028049573,1.0,1.0,1.0,1.0
5,cycle40_subj05_prior0_1sess_150ep,907,65920,0.04436038,0.046754718,770,-0.0023943372,2.0,0.875,1.125,1.0
5,cycle40_subj05_prior0_1sess_150ep,908,65943,0.032653414,0.041184675,130,-0.008531261,14.0,0.0,5.0,5.0
5,cycle40_subj05_prior0_1sess_150ep,909,66004,0.032050945,0.043214913,910,-0.011163969,16.0,0.0,5.571428571428571,5.0
5,cycle40_subj05_prior0_1sess_150ep,910,66214,0.033431318,0.036613747,188,-0.0031824298,6.0,0.0,3.0,3.0
5,cycle40_subj05_prior0_1sess_150ep,911,66216,0.04436794,0.05650508,680,-0.012137141,5.0,0.375,2.0,2.0
5,cycle40_subj05_prior0_1sess_150ep,912,66278,0.06840376,0.048289273,809,0.020114485,1.0,1.0,1.0,1.0
5,cycle40_subj05_prior0_1sess_150ep,913,66330,0.021323724,0.037913516,714,-0.016589792,64.0,0.0,19.666666666666668,17.5
5,cycle40_subj05_prior0_1sess_150ep,914,66342,0.045778513,0.040008426,703,0.0057700872,1.0,1.0,1.0,1.0
5,cycle40_subj05_prior0_1sess_150ep,915,66421,0.049119387,0.051786326,445,-0.002666939,3.0,0.2857142857142857,1.8571428571428572,2.0
5,cycle40_subj05_prior0_1sess_150ep,916,66464,0.037883777,0.04441158,460,-0.006527804,4.0,0.3,1.9,2.0
5,cycle40_subj05_prior0_1sess_150ep,917,66479,0.039226655,0.04594227,876,-0.0067156143,4.0,0.18181818181818182,2.090909090909091,2.0
5,cycle40_subj05_prior0_1sess_150ep,918,66489,0.021550812,0.03257068,216,-0.011019867,19.0,0.0,6.416666666666667,6.5
5,cycle40_subj05_prior0_1sess_150ep,919,66580,0.052894343,0.040441584,849,0.012452759,1.0,1.0,1.0,1.0
5,cycle40_subj05_prior0_1sess_150ep,920,66643,0.04186211,0.05444991,142,-0.012587797,13.0,0.0,4.625,5.0
5,cycle40_subj05_prior0_1sess_150ep,921,66773,0.05610554,0.04439162,468,0.011713918,1.0,1.0,1.0,1.0
5,cycle40_subj05_prior0_1sess_150ep,922,66836,0.056182455,0.046490084,361,0.009692371,1.0,1.0,1.0,1.0
5,cycle40_subj05_prior0_1sess_150ep,923,66946,0.042796806,0.046202756,630,-0.003405951,3.0,0.8888888888888888,1.1111111111111112,1.0
5,cycle40_subj05_prior0_1sess_150ep,924,66976,0.029591246,0.04365262,554,-0.014061375,36.0,0.0,10.166666666666666,10.5
5,cycle40_subj05_prior0_1sess_150ep,925,67045,0.030462697,0.03761697,457,-0.007154271,8.0,0.125,3.0,2.5
5,cycle40_subj05_prior0_1sess_150ep,926,67113,0.04148591,0.048826464,57,-0.007340554,4.0,0.2222222222222222,2.0,2.0
5,cycle40_subj05_prior0_1sess_150ep,927,67168,0.04511375,0.0530996,523,-0.007985849,4.0,0.5555555555555556,1.8888888888888888,1.0
5,cycle40_subj05_prior0_1sess_150ep,928,67204,0.04745209,0.041618727,699,0.0058333613,1.0,1.0,1.0,1.0
5,cycle40_subj05_prior0_1sess_150ep,929,67237,0.045003187,0.047190353,65,-0.0021871664,3.0,0.375,1.75,2.0
5,cycle40_subj05_prior0_1sess_150ep,930,67252,0.033095475,0.038131807,967,-0.0050363317,8.0,0.25,3.0,3.5
5,cycle40_subj05_prior0_1sess_150ep,931,67295,0.0010908985,0.04295521,21,-0.04186431,484.0,0.0,148.88888888888889,148.0
5,cycle40_subj05_prior0_1sess_150ep,932,67363,0.03132928,0.0358277,246,-0.0044984184,2.0,0.8,1.2,1.0
5,cycle40_subj05_prior0_1sess_150ep,933,67742,0.047079615,0.045679513,801,0.0014001019,1.0,1.0,1.0,1.0
5,cycle40_subj05_prior0_1sess_150ep,934,67802,0.050102167,0.047913134,731,0.0021890327,1.0,1.0,1.0,1.0
5,cycle40_subj05_prior0_1sess_150ep,935,67829,0.027199041,0.04472775,163,-0.017528709,48.0,0.0,15.444444444444445,16.0
5,cycle40_subj05_prior0_1sess_150ep,936,68023,0.044839423,0.046858184,199,-0.002018761,2.0,0.5384615384615384,1.4615384615384615,1.0
5,cycle40_subj05_prior0_1sess_150ep,937,68168,0.035818912,0.04785811,468,-0.0120391995,7.0,0.25,2.25,2.0
5,cycle40_subj05_prior0_1sess_150ep,938,68278,0.029392695,0.04968486,543,-0.020292165,62.0,0.0,22.0,23.0
5,cycle40_subj05_prior0_1sess_150ep,939,68311,0.039966952,0.038313642,153,0.0016533099,1.0,1.0,1.0,1.0
5,cycle40_subj05_prior0_1sess_150ep,940,68339,0.05031649,0.039818373,480,0.010498118,1.0,1.0,1.0,1.0
5,cycle40_subj05_prior0_1sess_150ep,941,68418,0.050218713,0.04672297,445,0.0034957416,1.0,1.0,1.0,1.0
5,cycle40_subj05_prior0_1sess_150ep,942,68471,0.038258243,0.04417665,680,-0.005918406,7.0,0.1111111111111111,2.4444444444444446,2.0
5,cycle40_subj05_prior0_1sess_150ep,943,68741,0.05658985,0.047104068,491,0.009485781,1.0,1.0,1.0,1.0
5,cycle40_subj05_prior0_1sess_150ep,944,68814,0.04212514,0.0465077,582,-0.004382562,3.0,0.7272727272727273,1.3636363636363635,1.0
5,cycle40_subj05_prior0_1sess_150ep,945,68842,0.043121997,0.046254043,976,-0.0031320453,2.0,1.0,1.0,1.0
5,cycle40_subj05_prior0_1sess_150ep,946,68858,0.03465975,0.046407156,843,-0.011747405,11.0,0.0,3.8181818181818183,4.0
5,cycle40_subj05_prior0_1sess_150ep,947,68897,0.044392493,0.046098076,522,-0.0017055832,3.0,0.3,1.9,2.0
5,cycle40_subj05_prior0_1sess_150ep,948,69007,0.03458017,0.038681965,714,-0.004101794,2.0,0.8461538461538461,1.1538461538461537,1.0
5,cycle40_subj05_prior0_1sess_150ep,949,69025,0.040747464,0.04519834,222,-0.0044508763,5.0,0.3,2.0,2.0
5,cycle40_subj05_prior0_1sess_150ep,950,69030,0.017502595,0.035974957,787,-0.018472362,78.0,0.0,22.625,23.0
5,cycle40_subj05_prior0_1sess_150ep,951,69130,0.05424141,0.034665152,141,0.019576259,1.0,1.0,1.0,1.0
5,cycle40_subj05_prior0_1sess_150ep,952,69214,0.054939363,0.048152346,39,0.006787017,1.0,1.0,1.0,1.0
5,cycle40_subj05_prior0_1sess_150ep,953,69240,0.020420393,0.03890104,828,-0.018480645,63.0,0.0,20.0,19.0
5,cycle40_subj05_prior0_1sess_150ep,954,69442,0.06310481,0.054063503,385,0.009041306,1.0,1.0,1.0,1.0
5,cycle40_subj05_prior0_1sess_150ep,955,69502,0.05847878,0.036869127,384,0.021609653,1.0,1.0,1.0,1.0
5,cycle40_subj05_prior0_1sess_150ep,956,69614,0.04613709,0.052015983,163,-0.005878892,4.0,0.25,2.0833333333333335,2.0
5,cycle40_subj05_prior0_1sess_150ep,957,69616,0.0314541,0.042776156,625,-0.011322055,18.0,0.0,6.615384615384615,6.0
5,cycle40_subj05_prior0_1sess_150ep,958,69785,0.043665305,0.055653036,523,-0.011987731,4.0,0.2,2.0,2.0
5,cycle40_subj05_prior0_1sess_150ep,959,69813,0.05088857,0.04079551,714,0.010093059,1.0,1.0,1.0,1.0
5,cycle40_subj05_prior0_1sess_150ep,960,69831,0.015604328,0.05109902,524,-0.035494693,154.0,0.0,48.15384615384615,49.0
5,cycle40_subj05_prior0_1sess_150ep,961,69839,0.020143922,0.036094718,272,-0.015950795,32.0,0.0,9.583333333333334,9.0
5,cycle40_subj05_prior0_1sess_150ep,962,69854,0.051508535,0.039873306,968,0.011635229,1.0,1.0,1.0,1.0
5,cycle40_subj05_prior0_1sess_150ep,963,69918,0.04176864,0.043379396,827,-0.0016107559,2.0,0.8,1.2,1.0
5,cycle40_subj05_prior0_1sess_150ep,964,70038,0.05262981,0.05410298,493,-0.0014731698,3.0,0.6666666666666666,1.3333333333333333,1.0
5,cycle40_subj05_prior0_1sess_150ep,965,70075,0.050156068,0.052341864,79,-0.0021857955,2.0,0.5,1.5,1.5
5,cycle40_subj05_prior0_1sess_150ep,966,70095,0.02978114,0.044875167,118,-0.015094027,20.0,0.0,6.7,6.5
5,cycle40_subj05_prior0_1sess_150ep,967,70193,0.047768306,0.056903005,743,-0.009134699,4.0,0.4166666666666667,1.9166666666666667,2.0
5,cycle40_subj05_prior0_1sess_150ep,968,70232,0.036770444,0.042771276,876,-0.0060008317,4.0,0.6666666666666666,1.5,1.0
5,cycle40_subj05_prior0_1sess_150ep,969,70335,0.03724055,0.029188033,163,0.008052517,1.0,1.0,1.0,1.0
5,cycle40_subj05_prior0_1sess_150ep,970,70360,0.03191919,0.061317254,19,-0.029398065,25.0,0.0,7.333333333333333,7.0
5,cycle40_subj05_prior0_1sess_150ep,971,70368,0.03678153,0.042149283,331,-0.005367752,5.0,0.4666666666666667,1.8,2.0
5,cycle40_subj05_prior0_1sess_150ep,972,70427,0.0321533,0.03560901,493,-0.0034557097,5.0,0.0,2.3333333333333335,2.0
5,cycle40_subj05_prior0_1sess_150ep,973,70505,0.036104634,0.048431054,276,-0.012326419,6.0,0.1111111111111111,3.0,3.0
5,cycle40_subj05_prior0_1sess_150ep,974,70585,0.024589855,0.04200509,430,-0.017415233,100.0,0.0,29.555555555555557,28.0
5,cycle40_subj05_prior0_1sess_150ep,975,70589,0.03252301,0.052867677,403,-0.020344667,48.0,0.0,14.88888888888889,15.0
5,cycle40_subj05_prior0_1sess_150ep,976,70671,0.052751195,0.046492442,48,0.006258752,1.0,1.0,1.0,1.0
5,cycle40_subj05_prior0_1sess_150ep,977,70758,0.028405238,0.049243364,928,-0.020838127,37.0,0.0,13.444444444444445,13.0
5,cycle40_subj05_prior0_1sess_150ep,978,70764,0.05004715,0.042325992,419,0.0077211596,1.0,1.0,1.0,1.0
5,cycle40_subj05_prior0_1sess_150ep,979,70947,0.025533117,0.038095515,316,-0.012562398,22.0,0.0,6.125,6.0
5,cycle40_subj05_prior0_1sess_150ep,980,71025,0.018320173,0.04053917,523,-0.022218999,246.0,0.0,78.0,78.0
5,cycle40_subj05_prior0_1sess_150ep,981,71186,0.04449809,0.04039931,582,0.0040987805,1.0,1.0,1.0,1.0
5,cycle40_subj05_prior0_1sess_150ep,982,71229,0.0491141,0.05002137,175,-0.0009072684,2.0,0.8571428571428571,1.1428571428571428,1.0
5,cycle40_subj05_prior0_1sess_150ep,983,71232,0.0496178,0.038004205,979,0.011613596,1.0,1.0,1.0,1.0
5,cycle40_subj05_prior0_1sess_150ep,984,71241,0.042207308,0.033999998,814,0.00820731,1.0,1.0,1.0,1.0
5,cycle40_subj05_prior0_1sess_150ep,985,71410,0.052310627,0.041319013,37,0.010991614,1.0,1.0,1.0,1.0
5,cycle40_subj05_prior0_1sess_150ep,986,71450,0.053759634,0.052023735,21,0.0017358996,1.0,1.0,1.0,1.0
5,cycle40_subj05_prior0_1sess_150ep,987,71753,0.04365282,0.04557208,512,-0.0019192584,2.0,0.7272727272727273,1.2727272727272727,1.0
5,cycle40_subj05_prior0_1sess_150ep,988,71894,0.049364857,0.05692017,499,-0.0075553134,4.0,0.75,1.5,1.0
5,cycle40_subj05_prior0_1sess_150ep,989,71928,0.04336947,0.04435497,384,-0.0009855032,2.0,0.7272727272727273,1.2727272727272727,1.0
5,cycle40_subj05_prior0_1sess_150ep,990,72015,0.04687589,0.04086189,951,0.0060140006,1.0,1.0,1.0,1.0
5,cycle40_subj05_prior0_1sess_150ep,991,72080,0.047371715,0.040092032,523,0.007279683,1.0,1.0,1.0,1.0
5,cycle40_subj05_prior0_1sess_150ep,992,72170,0.035681043,0.047589738,499,-0.011908695,8.0,0.1111111111111111,3.3333333333333335,4.0
5,cycle40_subj05_prior0_1sess_150ep,993,72209,0.046780672,0.043196786,276,0.0035838857,1.0,1.0,1.0,1.0
5,cycle40_subj05_prior0_1sess_150ep,994,72257,0.04031596,0.05461557,403,-0.014299609,9.0,0.09090909090909091,3.5454545454545454,4.0
5,cycle40_subj05_prior0_1sess_150ep,995,72312,0.02973469,0.047274902,501,-0.017540213,23.0,0.0,7.222222222222222,7.0
5,cycle40_subj05_prior0_1sess_150ep,996,72510,0.037744775,0.036765628,999,0.0009791479,1.0,1.0,1.0,1.0
5,cycle40_subj05_prior0_1sess_150ep,997,72605,0.061331302,0.052244913,793,0.009086389,1.0,1.0,1.0,1.0
5,cycle40_subj05_prior0_1sess_150ep,998,72719,0.034929834,0.04100808,728,-0.006078247,2.0,0.6428571428571429,1.3571428571428572,1.0
5,cycle40_subj05_prior0_1sess_150ep,999,72948,0.0512223,0.043802448,828,0.0074198507,1.0,1.0,1.0,1.0
