subject,model_name,eval_index,image_id,positive_similarity,hardest_impostor_similarity,hardest_impostor_index,margin,full_pool_rank,sampled_top1_success_rate,sampled_rank_mean,sampled_rank_median,delta_positive_similarity,delta_hardest_impostor_similarity,delta_margin,delta_full_pool_rank,delta_sampled_top1_success_rate,rank1_to_not1,not1_to_rank1
7,cycle40_subj07_prior_low_1sess_150ep,0,2950,0.05486085,0.0879499,171,-0.033089053,281.0,0.0,81.33333333333333,84.5,0.020240102,0.044015165,-0.023775063,259.0,0.0,0,0
7,cycle40_subj07_prior_low_1sess_150ep,1,2990,0.06141443,0.09428251,718,-0.032868076,182.0,0.0,59.61538461538461,60.0,0.034201864,0.05035571,-0.016153846,57.0,0.0,0,0
7,cycle40_subj07_prior_low_1sess_150ep,2,3049,0.07329658,0.093372144,718,-0.020075567,53.0,0.0,16.0,18.0,0.025252245,0.040264226,-0.015011981,49.0,-0.3333333333333333,0,0
7,cycle40_subj07_prior_low_1sess_150ep,3,3077,0.07414148,0.09613325,718,-0.021991767,38.0,0.0,12.88888888888889,14.0,0.016544767,0.044411395,-0.027866628,37.0,-1.0,1,0
7,cycle40_subj07_prior_low_1sess_150ep,4,3146,0.07751281,0.09903164,718,-0.021518834,26.0,0.0,8.2,8.0,0.026304167,0.051047076,-0.024742909,25.0,-1.0,1,0
7,cycle40_subj07_prior_low_1sess_150ep,5,3157,0.061486483,0.093877785,109,-0.032391302,137.0,0.0,45.55555555555556,47.0,0.0060639344,0.03343661,-0.027372677,133.0,-0.4444444444444444,0,0
7,cycle40_subj07_prior_low_1sess_150ep,6,3164,0.070058994,0.091659226,718,-0.021600232,67.0,0.0,19.125,16.0,0.013343424,0.033907615,-0.020564191,65.0,-0.875,0,0
7,cycle40_subj07_prior_low_1sess_150ep,7,3171,0.048174575,0.093310155,718,-0.04513558,514.0,0.0,153.5,154.0,-0.0006326847,0.03642591,-0.037058596,508.0,-0.25,0,0
7,cycle40_subj07_prior_low_1sess_150ep,8,3181,0.08353424,0.093700685,718,-0.010166444,7.0,0.08333333333333333,3.3333333333333335,3.0,0.032553308,0.042541582,-0.009988274,5.0,-0.6666666666666666,0,0
7,cycle40_subj07_prior_low_1sess_150ep,9,3386,0.074685484,0.097127914,718,-0.02244243,52.0,0.0,15.6,16.0,0.017084207,0.036007702,-0.018923495,50.0,-0.6,0,0
7,cycle40_subj07_prior_low_1sess_150ep,10,3434,0.05815189,0.0897866,718,-0.031634707,212.0,0.0,66.41666666666667,68.0,0.009123627,0.036396552,-0.027272925,205.0,-0.16666666666666666,0,0
7,cycle40_subj07_prior_low_1sess_150ep,11,3449,0.09079129,0.09272996,718,-0.0019386709,2.0,0.8,1.2,1.0,0.03065763,0.03695781,-0.006300181,1.0,-0.19999999999999996,1,0
7,cycle40_subj07_prior_low_1sess_150ep,12,3489,0.076464616,0.0979152,718,-0.021450587,26.0,0.0,9.6,11.0,0.014012288,0.04548885,-0.03147656,25.0,-1.0,1,0
7,cycle40_subj07_prior_low_1sess_150ep,13,3626,0.09011668,0.101402804,718,-0.011286125,4.0,0.46153846153846156,1.8461538461538463,2.0,0.02561991,0.049874056,-0.024254147,3.0,-0.5384615384615384,1,0
7,cycle40_subj07_prior_low_1sess_150ep,14,3682,0.048984405,0.08848946,718,-0.039505053,352.0,0.0,111.3,112.5,0.0018672831,0.039844994,-0.03797771,350.0,-0.6,0,0
7,cycle40_subj07_prior_low_1sess_150ep,15,3687,0.0668788,0.09746273,718,-0.030583926,123.0,0.0,40.833333333333336,40.0,0.021636203,0.045732774,-0.02409657,112.0,0.0,0,0
7,cycle40_subj07_prior_low_1sess_150ep,16,3729,0.03966044,0.09170661,718,-0.052046172,776.0,0.0,236.25,237.0,8.928776e-05,0.037856404,-0.037767116,707.0,0.0,0,0
7,cycle40_subj07_prior_low_1sess_150ep,17,3809,0.047774322,0.0886278,718,-0.040853478,549.0,0.0,166.5,164.5,0.00091361254,0.03396921,-0.033055596,544.0,-0.5,0,0
7,cycle40_subj07_prior_low_1sess_150ep,18,3842,0.08145321,0.09384253,141,-0.012389317,17.0,0.0,6.25,7.0,0.0286577,0.040537745,-0.011880044,14.0,-0.375,0,0
7,cycle40_subj07_prior_low_1sess_150ep,19,3847,0.05560292,0.09113128,718,-0.035528358,209.0,0.0,66.0,65.0,0.020776793,0.039855503,-0.01907871,187.0,0.0,0,0
7,cycle40_subj07_prior_low_1sess_150ep,20,3856,0.056281086,0.1005858,718,-0.044304717,348.0,0.0,106.28571428571429,106.0,0.025046723,0.04727963,-0.022232907,232.0,0.0,0,0
7,cycle40_subj07_prior_low_1sess_150ep,21,3913,0.059513975,0.0896708,227,-0.030156825,169.0,0.0,50.6,49.0,0.0030610785,0.03387348,-0.030812401,168.0,-1.0,1,0
7,cycle40_subj07_prior_low_1sess_150ep,22,3951,0.067327805,0.087899365,718,-0.02057156,68.0,0.0,22.22222222222222,23.0,0.009448472,0.035041086,-0.025592614,67.0,-1.0,1,0
7,cycle40_subj07_prior_low_1sess_150ep,23,4051,0.073921494,0.094105214,171,-0.02018372,53.0,0.0,19.333333333333332,19.5,0.025887601,0.042984154,-0.017096553,49.0,-0.5,0,0
7,cycle40_subj07_prior_low_1sess_150ep,24,4058,0.072793655,0.09116744,718,-0.018373787,62.0,0.0,18.4,18.0,0.015515942,0.044655915,-0.029139973,61.0,-1.0,1,0
7,cycle40_subj07_prior_low_1sess_150ep,25,4129,0.06825426,0.09579759,718,-0.027543329,109.0,0.0,37.166666666666664,37.0,0.037566118,0.0384416,-0.0008754805,-204.0,0.0,0,0
7,cycle40_subj07_prior_low_1sess_150ep,26,4156,0.05844298,0.09407925,718,-0.03563627,269.0,0.0,82.2,83.0,0.011448514,0.03006532,-0.018616807,244.0,0.0,0,0
7,cycle40_subj07_prior_low_1sess_150ep,27,4249,0.07071535,0.08763656,718,-0.016921207,28.0,0.0,7.666666666666667,8.0,0.011735085,0.040009364,-0.02827428,27.0,-1.0,1,0
7,cycle40_subj07_prior_low_1sess_150ep,28,4325,0.07339753,0.08921735,174,-0.015819818,45.0,0.0,14.545454545454545,14.0,0.014148969,0.038598474,-0.024449505,44.0,-1.0,1,0
7,cycle40_subj07_prior_low_1sess_150ep,29,4423,0.05931376,0.098249175,718,-0.038935415,226.0,0.0,70.1,68.0,0.010358963,0.037612144,-0.02725318,222.0,-0.4,0,0
7,cycle40_subj07_prior_low_1sess_150ep,30,4436,0.0792048,0.08753454,178,-0.008329742,9.0,0.0,4.0,4.0,0.023969825,0.038834315,-0.014864489,8.0,-1.0,1,0
7,cycle40_subj07_prior_low_1sess_150ep,31,4612,0.07246593,0.09761777,718,-0.025151841,58.0,0.0,17.875,18.5,0.020995531,0.05175627,-0.030760739,57.0,-1.0,1,0
7,cycle40_subj07_prior_low_1sess_150ep,32,4667,0.059605155,0.0874423,718,-0.027837146,121.0,0.0,37.76923076923077,37.0,0.031431757,0.04309272,-0.011660963,95.0,0.0,0,0
7,cycle40_subj07_prior_low_1sess_150ep,33,4690,0.047335017,0.091382295,718,-0.044047277,425.0,0.0,130.63636363636363,132.0,0.0028460622,0.04276949,-0.03992343,421.0,-0.18181818181818182,0,0
7,cycle40_subj07_prior_low_1sess_150ep,34,4768,0.07400986,0.09030517,718,-0.016295314,32.0,0.0,12.222222222222221,13.0,0.031726424,0.042165417,-0.010438994,14.0,0.0,0,0
7,cycle40_subj07_prior_low_1sess_150ep,35,4786,0.084739655,0.088873915,109,-0.00413426,5.0,0.1,2.6,2.0,0.029168114,0.04854375,-0.019375637,4.0,-0.9,1,0
7,cycle40_subj07_prior_low_1sess_150ep,36,4835,0.05901698,0.100470215,718,-0.041453235,261.0,0.0,82.5,82.0,0.0130306855,0.04580919,-0.032778505,255.0,-0.25,0,0
7,cycle40_subj07_prior_low_1sess_150ep,37,4869,0.05103839,0.09048932,718,-0.039450932,413.0,0.0,130.77777777777777,130.0,-0.0051144846,0.034270693,-0.039385177,411.0,-0.4444444444444444,0,0
7,cycle40_subj07_prior_low_1sess_150ep,38,4892,0.069089845,0.0971692,718,-0.028079353,121.0,0.0,38.75,39.0,0.021406144,0.0417603,-0.020354155,104.0,0.0,0,0
7,cycle40_subj07_prior_low_1sess_150ep,39,4930,0.078983836,0.08360667,334,-0.004622832,3.0,0.4166666666666667,1.75,2.0,0.0072951093,0.032363337,-0.025068227,2.0,-0.5833333333333333,1,0
7,cycle40_subj07_prior_low_1sess_150ep,40,5034,0.062410515,0.08635161,718,-0.023941096,153.0,0.0,48.5,48.0,0.0032046586,0.033132263,-0.029927604,152.0,-1.0,1,0
7,cycle40_subj07_prior_low_1sess_150ep,41,5106,0.070111185,0.09481871,718,-0.024707526,90.0,0.0,30.5,30.0,0.0243745,0.043342784,-0.018968284,84.0,0.0,0,0
7,cycle40_subj07_prior_low_1sess_150ep,42,5204,0.06420981,0.09777052,718,-0.03356071,192.0,0.0,62.857142857142854,64.0,0.024392646,0.03556647,-0.011173826,119.0,0.0,0,0
7,cycle40_subj07_prior_low_1sess_150ep,43,5285,0.07278506,0.09693522,171,-0.024150163,34.0,0.0,10.666666666666666,10.0,0.017295498,0.04147859,-0.02418309,33.0,-1.0,1,0
7,cycle40_subj07_prior_low_1sess_150ep,44,5301,0.07248355,0.08938564,864,-0.016902097,24.0,0.0,8.181818181818182,7.0,0.011067722,0.04196346,-0.03089574,23.0,-1.0,1,0
7,cycle40_subj07_prior_low_1sess_150ep,45,5338,0.048798647,0.08549932,141,-0.03670067,316.0,0.0,98.66666666666667,98.0,0.01317063,0.037122663,-0.023952033,303.0,0.0,0,0
7,cycle40_subj07_prior_low_1sess_150ep,46,5427,0.056684274,0.087673515,718,-0.03098924,238.0,0.0,74.125,72.0,0.027200079,0.034796804,-0.0075967256,118.0,0.0,0,0
7,cycle40_subj07_prior_low_1sess_150ep,47,5459,0.069749154,0.09140309,718,-0.021653935,55.0,0.0,15.0,15.5,0.021914445,0.045599412,-0.023684967,54.0,-1.0,1,0
7,cycle40_subj07_prior_low_1sess_150ep,48,5502,0.053904366,0.097298786,718,-0.04339442,410.0,0.0,125.55555555555556,123.0,0.029496044,0.04122117,-0.011725128,26.0,0.0,0,0
7,cycle40_subj07_prior_low_1sess_150ep,49,5542,0.07738547,0.09079161,171,-0.013406143,19.0,0.0,6.222222222222222,7.0,0.018561572,0.0452445,-0.026682928,18.0,-1.0,1,0
7,cycle40_subj07_prior_low_1sess_150ep,50,5574,0.08355597,0.09976954,718,-0.016213574,7.0,0.125,3.125,3.0,0.024509743,0.035448752,-0.0109390095,5.0,-0.75,0,0
7,cycle40_subj07_prior_low_1sess_150ep,51,5583,0.08517429,0.09874803,718,-0.013573736,14.0,0.0,5.25,5.5,0.022619002,0.039185602,-0.0165666,13.0,-1.0,1,0
7,cycle40_subj07_prior_low_1sess_150ep,52,5602,0.04336809,0.084935345,718,-0.041567255,486.0,0.0,146.71428571428572,142.0,-0.004736144,0.027001224,-0.03173737,484.0,-0.7142857142857143,0,0
7,cycle40_subj07_prior_low_1sess_150ep,53,5714,0.06585068,0.08701754,141,-0.021166861,87.0,0.0,26.818181818181817,26.0,0.004439134,0.032307044,-0.02786791,86.0,-1.0,1,0
7,cycle40_subj07_prior_low_1sess_150ep,54,5878,0.090775736,0.09242732,718,-0.0016515851,2.0,0.7777777777777778,1.2222222222222223,1.0,0.022119887,0.032200772,-0.010080885,1.0,-0.2222222222222222,1,0
7,cycle40_subj07_prior_low_1sess_150ep,55,5890,0.029723551,0.09168482,718,-0.061961267,952.0,0.0,286.4,286.0,0.00093360804,0.03517669,-0.034243084,456.0,0.0,0,0
7,cycle40_subj07_prior_low_1sess_150ep,56,6132,0.09140043,0.100169756,718,-0.008769326,4.0,0.3333333333333333,2.1666666666666665,2.0,0.045030557,0.045078583,-4.8026443e-05,-2.0,0.25,0,0
7,cycle40_subj07_prior_low_1sess_150ep,57,6199,0.08184748,0.09053819,171,-0.008690707,10.0,0.0,3.4,3.0,0.024386477,0.037615757,-0.013229281,9.0,-1.0,1,0
7,cycle40_subj07_prior_low_1sess_150ep,58,6222,0.07364692,0.09472356,718,-0.021076642,24.0,0.0,10.0,10.5,0.021535784,0.035810217,-0.014274433,22.0,-0.75,0,0
7,cycle40_subj07_prior_low_1sess_150ep,59,6431,0.066929616,0.088958986,947,-0.02202937,60.0,0.0,20.857142857142858,21.0,0.0036288425,0.04473273,-0.04110389,59.0,-1.0,1,0
7,cycle40_subj07_prior_low_1sess_150ep,60,6444,0.05184012,0.094462566,718,-0.042622447,331.0,0.0,99.45454545454545,98.0,0.009258129,0.044124722,-0.034866594,328.0,-0.36363636363636365,0,0
7,cycle40_subj07_prior_low_1sess_150ep,61,6489,0.06659754,0.09021631,718,-0.023618765,105.0,0.0,33.4,33.5,0.023258843,0.041201033,-0.01794219,98.0,-0.2,0,0
7,cycle40_subj07_prior_low_1sess_150ep,62,6514,0.042504508,0.09147037,524,-0.04896586,568.0,0.0,171.22222222222223,173.0,0.0052094944,0.03660805,-0.031398557,540.0,0.0,0,0
7,cycle40_subj07_prior_low_1sess_150ep,63,6521,0.0717369,0.08715135,109,-0.015414447,17.0,0.0,6.4,6.0,0.006186366,0.027082797,-0.020896431,16.0,-1.0,1,0
7,cycle40_subj07_prior_low_1sess_150ep,64,6524,0.05873597,0.08926127,718,-0.0305253,198.0,0.0,57.57142857142857,61.0,0.022166576,0.03930192,-0.017135344,173.0,0.0,0,0
7,cycle40_subj07_prior_low_1sess_150ep,65,6558,0.07013291,0.09339268,718,-0.023259766,36.0,0.0,13.909090909090908,15.0,0.024164509,0.043836888,-0.019672379,34.0,-0.8181818181818182,0,0
7,cycle40_subj07_prior_low_1sess_150ep,66,6640,0.056575302,0.09805216,718,-0.041476857,341.0,0.0,105.72727272727273,109.0,0.011332862,0.039950415,-0.028617553,318.0,0.0,0,0
7,cycle40_subj07_prior_low_1sess_150ep,67,6713,0.07020382,0.09381208,718,-0.02360826,75.0,0.0,23.90909090909091,24.0,0.008587472,0.04446039,-0.035872918,74.0,-1.0,1,0
7,cycle40_subj07_prior_low_1sess_150ep,68,6801,0.052801065,0.0989136,718,-0.046112537,416.0,0.0,126.5,128.5,0.0074593015,0.043012973,-0.03555367,404.0,0.0,0,0
7,cycle40_subj07_prior_low_1sess_150ep,69,7007,0.06793151,0.095780745,718,-0.027849235,123.0,0.0,42.5,43.0,0.02269245,0.03606764,-0.013375189,98.0,0.0,0,0
7,cycle40_subj07_prior_low_1sess_150ep,70,7039,0.09499641,0.092900686,718,0.0020957217,1.0,1.0,1.0,1.0,0.031936407,0.039278127,-0.00734172,0.0,0.0,0,0
7,cycle40_subj07_prior_low_1sess_150ep,71,7120,0.076932415,0.09422771,718,-0.017295294,28.0,0.0,8.555555555555555,8.0,0.017655078,0.034221355,-0.016566277,26.0,-1.0,0,0
7,cycle40_subj07_prior_low_1sess_150ep,72,7207,0.0773584,0.0996927,718,-0.0223343,30.0,0.0,11.142857142857142,10.0,0.008996725,0.037659056,-0.028662331,29.0,-1.0,1,0
7,cycle40_subj07_prior_low_1sess_150ep,73,7336,0.059566773,0.09351245,718,-0.03394568,198.0,0.0,61.625,60.5,0.0049995184,0.03726338,-0.03226386,195.0,-0.75,0,0
7,cycle40_subj07_prior_low_1sess_150ep,74,7366,0.060162533,0.079406686,171,-0.019244153,65.0,0.0,21.0,21.0,0.01922806,0.035839356,-0.016611297,63.0,-0.4444444444444444,0,0
7,cycle40_subj07_prior_low_1sess_150ep,75,7409,0.04189453,0.09932205,718,-0.05742752,632.0,0.0,190.85714285714286,190.0,-0.01848593,0.04627193,-0.06475786,631.0,-1.0,1,0
7,cycle40_subj07_prior_low_1sess_150ep,76,7418,0.06451578,0.08490281,178,-0.020387031,45.0,0.0,15.0,14.0,0.007439602,0.04054657,-0.033106968,44.0,-1.0,1,0
7,cycle40_subj07_prior_low_1sess_150ep,77,7480,0.06322583,0.102404974,718,-0.039179146,196.0,0.0,61.4,62.0,0.010967385,0.044790328,-0.033822943,193.0,-0.4,0,0
7,cycle40_subj07_prior_low_1sess_150ep,78,7654,0.0897529,0.09940391,718,-0.009651013,3.0,0.6153846153846154,1.3846153846153846,1.0,0.039238747,0.04179298,-0.0025542341,-1.0,0.3076923076923077,0,0
7,cycle40_subj07_prior_low_1sess_150ep,79,7659,0.084063955,0.0890619,178,-0.0049979463,4.0,0.08333333333333333,2.0,2.0,0.029087286,0.043206517,-0.01411923,3.0,-0.9166666666666666,1,0
7,cycle40_subj07_prior_low_1sess_150ep,80,7840,0.05754982,0.09362904,227,-0.03607922,202.0,0.0,62.625,63.5,0.013326608,0.044715885,-0.031389277,197.0,-0.125,0,0
7,cycle40_subj07_prior_low_1sess_150ep,81,7859,0.06409105,0.091134414,718,-0.027043365,121.0,0.0,38.375,39.0,0.015343402,0.045011353,-0.029667951,120.0,-1.0,1,0
7,cycle40_subj07_prior_low_1sess_150ep,82,7944,0.07886955,0.094503425,718,-0.015633874,15.0,0.0,5.375,5.5,0.014867939,0.042935926,-0.028067987,14.0,-1.0,1,0
7,cycle40_subj07_prior_low_1sess_150ep,83,7948,0.068871595,0.09167411,718,-0.022802517,52.0,0.0,16.555555555555557,17.0,0.01123504,0.045253437,-0.034018397,51.0,-1.0,1,0
7,cycle40_subj07_prior_low_1sess_150ep,84,7954,0.041651305,0.09083054,718,-0.049179237,645.0,0.0,198.83333333333334,200.0,0.008408535,0.04103418,-0.032625645,606.0,0.0,0,0
7,cycle40_subj07_prior_low_1sess_150ep,85,8006,0.08166159,0.098000295,718,-0.016338706,15.0,0.0,5.6,5.5,0.01809796,0.03840222,-0.020304259,14.0,-1.0,1,0
7,cycle40_subj07_prior_low_1sess_150ep,86,8109,0.06891809,0.09595076,718,-0.027032673,69.0,0.0,23.0,23.0,0.018050537,0.041836545,-0.023786008,66.0,-0.5,0,0
7,cycle40_subj07_prior_low_1sess_150ep,87,8204,0.06562286,0.09301347,718,-0.027390614,74.0,0.0,22.636363636363637,22.0,0.018192459,0.048007403,-0.029814944,73.0,-1.0,1,0
7,cycle40_subj07_prior_low_1sess_150ep,88,8225,0.06866617,0.10100772,718,-0.032341555,66.0,0.0,22.4,23.0,0.0007067174,0.049384385,-0.048677668,65.0,-1.0,1,0
7,cycle40_subj07_prior_low_1sess_150ep,89,8262,0.03662366,0.09117488,718,-0.054551218,773.0,0.0,234.66666666666666,236.5,0.019518083,0.042778157,-0.023260076,318.0,0.0,0,0
7,cycle40_subj07_prior_low_1sess_150ep,90,8274,0.079840645,0.09185667,718,-0.012016028,11.0,0.08333333333333333,4.0,4.0,0.03212402,0.041831147,-0.009707127,8.0,-0.4166666666666667,0,0
7,cycle40_subj07_prior_low_1sess_150ep,91,8318,0.07240863,0.097996645,718,-0.025588013,69.0,0.0,22.875,21.0,0.029876348,0.043182697,-0.0133063495,50.0,0.0,0,0
7,cycle40_subj07_prior_low_1sess_150ep,92,8387,0.05560866,0.09419263,718,-0.03858397,345.0,0.0,106.0,107.5,0.012115829,0.048552215,-0.036436386,339.0,-0.25,0,0
7,cycle40_subj07_prior_low_1sess_150ep,93,8394,0.07388052,0.092660606,718,-0.018780082,30.0,0.0,9.857142857142858,9.0,0.014853548,0.047057007,-0.03220346,29.0,-1.0,1,0
7,cycle40_subj07_prior_low_1sess_150ep,94,8415,0.055791296,0.08760703,171,-0.031815737,241.0,0.0,76.27272727272727,77.0,0.0040775687,0.034906205,-0.030828636,239.0,-0.8181818181818182,0,0
7,cycle40_subj07_prior_low_1sess_150ep,95,8435,0.061384555,0.09033985,718,-0.028955292,137.0,0.0,46.42857142857143,44.0,0.014228072,0.033794023,-0.019565951,134.0,-0.42857142857142855,0,0
7,cycle40_subj07_prior_low_1sess_150ep,96,8465,0.070007086,0.095769726,171,-0.02576264,94.0,0.0,26.5,27.5,0.014355078,0.037027407,-0.02267233,87.0,0.0,0,0
7,cycle40_subj07_prior_low_1sess_150ep,97,8509,0.07587395,0.08914504,718,-0.013271093,15.0,0.09090909090909091,5.2727272727272725,5.0,0.033772975,0.043160807,-0.009387832,10.0,-0.09090909090909091,0,0
7,cycle40_subj07_prior_low_1sess_150ep,98,8631,0.05898241,0.09694022,266,-0.03795781,247.0,0.0,73.125,70.5,0.004451666,0.032122537,-0.027670871,241.0,0.0,0,0
7,cycle40_subj07_prior_low_1sess_150ep,99,8646,0.07562504,0.092132196,718,-0.016507156,25.0,0.0,8.733333333333333,9.0,0.037101958,0.042330284,-0.0052283257,0.0,0.0,0,0
7,cycle40_subj07_prior_low_1sess_150ep,100,8807,0.08819655,0.09606692,718,-0.007870369,4.0,0.2727272727272727,2.090909090909091,2.0,0.025221094,0.045865234,-0.02064414,3.0,-0.7272727272727273,1,0
7,cycle40_subj07_prior_low_1sess_150ep,101,8843,0.07094264,0.093832105,718,-0.022889465,65.0,0.0,21.88888888888889,22.0,0.02747155,0.046653766,-0.019182216,61.0,-0.4444444444444444,0,0
7,cycle40_subj07_prior_low_1sess_150ep,102,8925,0.084736235,0.099818245,718,-0.015082009,9.0,0.0,3.4285714285714284,4.0,0.043363057,0.04139909,0.0019639656,-23.0,0.0,0,0
7,cycle40_subj07_prior_low_1sess_150ep,103,8933,0.07837824,0.09254945,718,-0.014171213,24.0,0.0,7.2,6.0,0.030336697,0.044601325,-0.014264628,23.0,-1.0,1,0
7,cycle40_subj07_prior_low_1sess_150ep,104,9027,0.051200252,0.09068038,718,-0.03948013,342.0,0.0,106.16666666666667,105.0,0.004153583,0.040656228,-0.036502644,340.0,-0.5,0,0
7,cycle40_subj07_prior_low_1sess_150ep,105,9048,0.053929,0.08048168,718,-0.026552677,156.0,0.0,51.111111111111114,50.0,-0.011178575,0.039827652,-0.051006228,155.0,-1.0,1,0
7,cycle40_subj07_prior_low_1sess_150ep,106,9147,0.07105088,0.09546631,718,-0.024415426,75.0,0.0,22.714285714285715,20.0,0.006546542,0.033899054,-0.027352512,74.0,-1.0,1,0
7,cycle40_subj07_prior_low_1sess_150ep,107,9230,0.079969525,0.081353344,718,-0.0013838187,4.0,0.6666666666666666,1.4444444444444444,1.0,0.015730008,0.03437924,-0.018649232,3.0,-0.33333333333333337,1,0
7,cycle40_subj07_prior_low_1sess_150ep,108,9434,0.06741788,0.09537889,718,-0.027961008,101.0,0.0,32.4,33.5,0.011567365,0.039889555,-0.02832219,100.0,-1.0,1,0
7,cycle40_subj07_prior_low_1sess_150ep,109,9462,0.08801834,0.0976554,718,-0.009637058,3.0,0.5454545454545454,1.5454545454545454,1.0,0.058103055,0.043828066,0.01427499,-111.0,0.5454545454545454,0,0
7,cycle40_subj07_prior_low_1sess_150ep,110,9680,0.04901726,0.09343544,171,-0.044418175,531.0,0.0,163.42857142857142,165.0,0.0022316724,0.034927886,-0.032696214,514.0,0.0,0,0
7,cycle40_subj07_prior_low_1sess_150ep,111,9722,0.07500095,0.09246684,718,-0.01746589,40.0,0.0,14.25,14.5,0.022758245,0.044008516,-0.02125027,39.0,-1.0,1,0
7,cycle40_subj07_prior_low_1sess_150ep,112,9804,0.052594997,0.091473565,718,-0.038878568,310.0,0.0,94.5,94.0,0.013463251,0.040473826,-0.027010575,298.0,0.0,0,0
7,cycle40_subj07_prior_low_1sess_150ep,113,9847,0.06508929,0.090607435,171,-0.025518142,141.0,0.0,41.166666666666664,43.0,0.0066620894,0.033781573,-0.027119484,140.0,-1.0,1,0
7,cycle40_subj07_prior_low_1sess_150ep,114,9865,0.04832437,0.08422103,109,-0.03589666,439.0,0.0,133.8,133.0,0.015095603,0.029573873,-0.01447827,405.0,0.0,0,0
7,cycle40_subj07_prior_low_1sess_150ep,115,9917,0.0747973,0.08846807,760,-0.013670765,6.0,0.42857142857142855,2.0,2.0,0.0136343725,0.029086053,-0.015451681,5.0,-0.5714285714285714,1,0
7,cycle40_subj07_prior_low_1sess_150ep,116,9978,0.059399728,0.09655572,718,-0.03715599,265.0,0.0,82.375,82.0,0.033142183,0.03985815,-0.0067159683,-111.0,0.0,0,0
7,cycle40_subj07_prior_low_1sess_150ep,117,10006,0.06509266,0.096162476,718,-0.031069815,136.0,0.0,42.0,41.5,0.019038662,0.043348968,-0.024310306,128.0,-0.2,0,0
7,cycle40_subj07_prior_low_1sess_150ep,118,10046,0.0836816,0.09823613,718,-0.01455453,13.0,0.0,5.1,5.0,0.013672173,0.04432916,-0.030656986,12.0,-1.0,1,0
7,cycle40_subj07_prior_low_1sess_150ep,119,10064,0.05612455,0.08612493,718,-0.030000377,218.0,0.0,70.0,68.5,-0.004195433,0.032655388,-0.03685082,217.0,-1.0,1,0
7,cycle40_subj07_prior_low_1sess_150ep,120,10105,0.058064766,0.08916146,718,-0.031096697,200.0,0.0,61.46153846153846,61.0,0.0068112686,0.031554636,-0.024743367,194.0,0.0,0,0
7,cycle40_subj07_prior_low_1sess_150ep,121,10107,0.07318548,0.09733514,718,-0.024149656,65.0,0.0,20.8,21.0,0.033740852,0.045934845,-0.012193993,29.0,0.0,0,0
7,cycle40_subj07_prior_low_1sess_150ep,122,10244,0.053843886,0.09184016,718,-0.037996277,336.0,0.0,105.9,106.5,6.410107e-05,0.041631993,-0.04156789,335.0,-1.0,1,0
7,cycle40_subj07_prior_low_1sess_150ep,123,10393,0.050317496,0.09499032,718,-0.044672824,435.0,0.0,129.77777777777777,129.0,0.013334263,0.046026375,-0.032692112,414.0,0.0,0,0
7,cycle40_subj07_prior_low_1sess_150ep,124,10471,0.048738204,0.08789255,171,-0.039154343,413.0,0.0,125.3076923076923,127.0,-0.0039634965,0.04492412,-0.048887618,412.0,-1.0,1,0
7,cycle40_subj07_prior_low_1sess_150ep,125,10507,0.057280373,0.08753595,227,-0.030255575,227.0,0.0,68.27272727272727,67.0,-0.0018759705,0.042824417,-0.044700388,226.0,-1.0,1,0
7,cycle40_subj07_prior_low_1sess_150ep,126,10586,0.04663558,0.094796486,718,-0.048160907,562.0,0.0,172.7,172.5,0.017797524,0.048328668,-0.030531144,438.0,0.0,0,0
7,cycle40_subj07_prior_low_1sess_150ep,127,10600,0.046053283,0.087142326,718,-0.041089043,477.0,0.0,144.14285714285714,143.0,0.017912574,0.03258612,-0.014673546,401.0,0.0,0,0
7,cycle40_subj07_prior_low_1sess_150ep,128,10610,0.07404301,0.096164286,718,-0.022121273,50.0,0.0,16.375,16.0,0.030341763,0.045564942,-0.015223179,46.0,-0.375,0,0
7,cycle40_subj07_prior_low_1sess_150ep,129,10907,0.054329373,0.09179983,718,-0.03747046,236.0,0.0,78.125,77.5,0.007999614,0.051500436,-0.043500822,235.0,-1.0,1,0
7,cycle40_subj07_prior_low_1sess_150ep,130,11159,0.059321634,0.086672254,109,-0.02735062,154.0,0.0,52.57142857142857,53.0,0.013720863,0.03713427,-0.023413409,152.0,-0.8571428571428571,0,0
7,cycle40_subj07_prior_low_1sess_150ep,131,11333,0.056805257,0.09005689,171,-0.033251632,266.0,0.0,83.72727272727273,84.0,0.012594502,0.03707146,-0.024476957,254.0,0.0,0,0
7,cycle40_subj07_prior_low_1sess_150ep,132,11487,0.083083816,0.09477865,718,-0.011694834,8.0,0.2857142857142857,2.7142857142857144,3.0,0.031631075,0.046325885,-0.01469481,7.0,-0.7142857142857143,1,0
7,cycle40_subj07_prior_low_1sess_150ep,133,11521,0.05227594,0.08753654,718,-0.035260603,342.0,0.0,106.14285714285714,108.0,0.012501761,0.042070255,-0.029568493,327.0,0.0,0,0
7,cycle40_subj07_prior_low_1sess_150ep,134,11566,0.07473893,0.09183979,718,-0.017100863,37.0,0.0,13.125,13.0,0.0251012,0.0455539,-0.0204527,36.0,-1.0,1,0
7,cycle40_subj07_prior_low_1sess_150ep,135,11617,0.04802882,0.10086937,718,-0.052840553,503.0,0.0,155.88888888888889,159.0,-0.0007894598,0.041055836,-0.041845296,497.0,-0.1111111111111111,0,0
7,cycle40_subj07_prior_low_1sess_150ep,136,11635,0.084684394,0.092703864,718,-0.00801947,7.0,0.125,3.0,2.5,0.025717001,0.040077016,-0.014360014,6.0,-0.875,1,0
7,cycle40_subj07_prior_low_1sess_150ep,137,11689,0.079341136,0.08908552,718,-0.009744383,6.0,0.45454545454545453,1.8181818181818181,2.0,0.021818519,0.041260295,-0.019441776,5.0,-0.5454545454545454,1,0
7,cycle40_subj07_prior_low_1sess_150ep,138,11725,0.06874703,0.09299011,718,-0.02424308,81.0,0.0,25.9,26.0,0.029877689,0.047275,-0.01739731,76.0,-0.3,0,0
7,cycle40_subj07_prior_low_1sess_150ep,139,11796,0.077478245,0.08889858,569,-0.011420332,17.0,0.0,5.2727272727272725,5.0,0.01123549,0.047784965,-0.036549475,16.0,-1.0,1,0
7,cycle40_subj07_prior_low_1sess_150ep,140,11827,0.03553224,0.09139277,718,-0.05586053,826.0,0.0,247.8,250.0,0.009696074,0.03546277,-0.025766697,485.0,0.0,0,0
7,cycle40_subj07_prior_low_1sess_150ep,141,11837,0.09741114,0.104026124,718,-0.006614983,2.0,0.7058823529411765,1.2941176470588236,1.0,0.03814552,0.052659977,-0.014514457,1.0,-0.2941176470588235,1,0
7,cycle40_subj07_prior_low_1sess_150ep,142,11844,0.06888585,0.08910394,718,-0.02021809,35.0,0.0,13.0,13.0,0.008558355,0.044919256,-0.0363609,34.0,-1.0,1,0
7,cycle40_subj07_prior_low_1sess_150ep,143,11932,0.07182929,0.09749584,718,-0.02566655,91.0,0.0,32.6,33.0,0.012471493,0.033815295,-0.021343801,89.0,-0.4,0,0
7,cycle40_subj07_prior_low_1sess_150ep,144,11942,0.06360385,0.0873824,78,-0.02377855,104.0,0.0,35.166666666666664,33.5,0.014747273,0.038217295,-0.023470022,102.0,-0.8333333333333334,0,0
7,cycle40_subj07_prior_low_1sess_150ep,145,11952,0.0643071,0.08544144,718,-0.02113434,79.0,0.0,24.88888888888889,25.0,0.020713925,0.039552007,-0.018838082,77.0,-0.6666666666666666,0,0
7,cycle40_subj07_prior_low_1sess_150ep,146,12065,0.046359923,0.08570814,718,-0.03934822,506.0,0.0,155.0,153.0,0.007406529,0.04176411,-0.03435758,499.0,-0.14285714285714285,0,0
7,cycle40_subj07_prior_low_1sess_150ep,147,12075,0.07064154,0.09613744,171,-0.025495902,65.0,0.0,22.7,24.0,0.014195297,0.0316222,-0.017426904,63.0,-1.0,0,0
7,cycle40_subj07_prior_low_1sess_150ep,148,12214,0.066512786,0.09349797,171,-0.026985183,83.0,0.0,28.666666666666668,29.0,0.0070220605,0.043524425,-0.036502365,82.0,-1.0,1,0
7,cycle40_subj07_prior_low_1sess_150ep,149,12308,0.07619557,0.09562942,718,-0.019433849,28.0,0.0,9.11111111111111,9.0,0.0060169473,0.04343952,-0.03742257,27.0,-1.0,1,0
7,cycle40_subj07_prior_low_1sess_150ep,150,12487,0.071554795,0.08903392,718,-0.017479122,42.0,0.0,13.125,12.0,0.014343351,0.031816848,-0.017473496,40.0,-0.75,0,0
7,cycle40_subj07_prior_low_1sess_150ep,151,12495,0.061440933,0.09754326,171,-0.03610233,176.0,0.0,58.0,58.0,0.02591711,0.04183074,-0.015913632,139.0,0.0,0,0
7,cycle40_subj07_prior_low_1sess_150ep,152,12634,0.06350054,0.0912399,141,-0.02773936,134.0,0.0,42.1,42.0,0.015639085,0.039003223,-0.023364138,130.0,-0.6,0,0
7,cycle40_subj07_prior_low_1sess_150ep,153,12685,0.07515002,0.09109755,109,-0.015947528,36.0,0.0,12.25,13.0,0.008731887,0.04064763,-0.031915743,35.0,-1.0,1,0
7,cycle40_subj07_prior_low_1sess_150ep,154,12796,0.07023157,0.093132176,141,-0.022900604,64.0,0.0,19.714285714285715,19.0,0.01745784,0.045608457,-0.028150618,63.0,-1.0,1,0
7,cycle40_subj07_prior_low_1sess_150ep,155,12798,0.07046112,0.094749615,171,-0.024288498,80.0,0.0,27.428571428571427,27.0,0.010176487,0.045937087,-0.0357606,79.0,-1.0,1,0
7,cycle40_subj07_prior_low_1sess_150ep,156,12922,0.069454946,0.08713333,718,-0.017678387,53.0,0.0,17.23076923076923,16.0,0.009572666,0.040272504,-0.030699838,52.0,-1.0,1,0
7,cycle40_subj07_prior_low_1sess_150ep,157,12937,0.06467927,0.09178475,718,-0.02710548,137.0,0.0,43.81818181818182,44.0,0.022746641,0.043287892,-0.02054125,133.0,-0.2727272727272727,0,0
7,cycle40_subj07_prior_low_1sess_150ep,158,13138,0.06380717,0.096452884,718,-0.032645717,92.0,0.0,28.928571428571427,29.0,-0.0024459362,0.04531329,-0.047759227,91.0,-1.0,1,0
7,cycle40_subj07_prior_low_1sess_150ep,159,13230,0.07915621,0.102926455,718,-0.023770243,22.0,0.0,6.857142857142857,7.0,0.018795706,0.03846235,-0.019666642,20.0,-0.7142857142857143,0,0
7,cycle40_subj07_prior_low_1sess_150ep,160,13312,0.091541946,0.10494542,718,-0.013403475,3.0,0.625,1.375,1.0,0.037074495,0.05830317,-0.021228675,2.0,-0.375,1,0
7,cycle40_subj07_prior_low_1sess_150ep,161,13314,0.07621458,0.092221715,718,-0.016007133,23.0,0.0,8.714285714285714,8.0,0.0188885,0.040735886,-0.021847386,22.0,-1.0,1,0
7,cycle40_subj07_prior_low_1sess_150ep,162,13613,0.07640181,0.09602921,718,-0.0196274,26.0,0.0,8.833333333333334,9.0,0.019280903,0.038856644,-0.019575741,24.0,-0.8333333333333334,0,0
7,cycle40_subj07_prior_low_1sess_150ep,163,13653,0.09435352,0.093035445,947,0.0013180748,1.0,1.0,1.0,1.0,0.03687336,0.041301638,-0.0044282787,0.0,0.0,0,0
7,cycle40_subj07_prior_low_1sess_150ep,164,13662,0.062162586,0.09871111,718,-0.036548525,202.0,0.0,62.111111111111114,63.0,0.019937757,0.042119246,-0.022181489,183.0,0.0,0,0
7,cycle40_subj07_prior_low_1sess_150ep,165,13720,0.0656126,0.09146595,718,-0.02585335,78.0,0.0,26.25,27.0,0.030261055,0.047381178,-0.017120123,62.0,0.0,0,0
7,cycle40_subj07_prior_low_1sess_150ep,166,13846,0.06119305,0.09114578,947,-0.029952735,135.0,0.0,43.27272727272727,44.0,0.023522992,0.038498096,-0.0149751045,116.0,0.0,0,0
7,cycle40_subj07_prior_low_1sess_150ep,167,14110,0.084676705,0.092834845,718,-0.00815814,4.0,0.5,1.9,1.5,0.04017623,0.040314287,-0.00013805553,-1.0,0.3,0,0
7,cycle40_subj07_prior_low_1sess_150ep,168,14121,0.058423292,0.08347651,171,-0.025053222,88.0,0.0,30.555555555555557,30.0,0.017926406,0.047081247,-0.02915484,87.0,-1.0,1,0
7,cycle40_subj07_prior_low_1sess_150ep,169,14165,0.07288846,0.09371544,171,-0.02082698,63.0,0.0,19.285714285714285,19.0,0.010246448,0.03593305,-0.025686603,62.0,-1.0,1,0
7,cycle40_subj07_prior_low_1sess_150ep,170,14179,0.07058593,0.089517124,947,-0.018931195,44.0,0.0,13.2,13.0,0.04658187,0.04103726,0.005544612,-122.0,0.0,0,0
7,cycle40_subj07_prior_low_1sess_150ep,171,14443,0.1037338,0.096302345,718,0.007431455,1.0,1.0,1.0,1.0,0.05069055,0.045013666,0.005676884,0.0,0.0,0,0
7,cycle40_subj07_prior_low_1sess_150ep,172,14528,0.08064044,0.083469294,171,-0.0028288513,2.0,0.6666666666666666,1.3333333333333333,1.0,0.03689755,0.04204419,-0.0051466376,1.0,-0.33333333333333337,1,0
7,cycle40_subj07_prior_low_1sess_150ep,173,14567,0.06560108,0.09586852,718,-0.03026744,104.0,0.0,34.75,35.0,0.006667666,0.04676635,-0.040098682,103.0,-1.0,1,0
7,cycle40_subj07_prior_low_1sess_150ep,174,14594,0.0919685,0.08603574,541,0.005932756,1.0,1.0,1.0,1.0,0.030790858,0.02083838,0.009952478,-1.0,0.6666666666666667,0,1
7,cycle40_subj07_prior_low_1sess_150ep,175,14610,0.055319823,0.0842671,718,-0.028947279,179.0,0.0,56.875,57.0,0.009158567,0.037435215,-0.028276648,177.0,-0.875,0,0
7,cycle40_subj07_prior_low_1sess_150ep,176,14644,0.083079256,0.086995445,630,-0.003916189,4.0,0.375,1.875,2.0,0.026510894,0.030901682,-0.0043907873,3.0,-0.625,1,0
7,cycle40_subj07_prior_low_1sess_150ep,177,14793,0.05490407,0.09684473,718,-0.041940663,243.0,0.0,77.63636363636364,76.0,0.022898994,0.04355014,-0.020651147,208.0,0.0,0,0
7,cycle40_subj07_prior_low_1sess_150ep,178,14808,0.09666954,0.09369758,718,0.002971962,1.0,1.0,1.0,1.0,0.029060625,0.041422054,-0.01236143,0.0,0.0,0,0
7,cycle40_subj07_prior_low_1sess_150ep,179,14820,0.047637288,0.0941878,141,-0.046550516,387.0,0.0,120.875,124.0,0.03519009,0.03379068,0.001399409,43.0,0.0,0,0
7,cycle40_subj07_prior_low_1sess_150ep,180,14898,0.07864302,0.09327935,718,-0.01463633,25.0,0.0,6.909090909090909,7.0,0.023798753,0.03910992,-0.015311167,24.0,-1.0,1,0
7,cycle40_subj07_prior_low_1sess_150ep,181,14931,0.06383385,0.097269036,718,-0.03343519,119.0,0.0,37.72727272727273,39.0,0.016428236,0.040825386,-0.02439715,110.0,-0.09090909090909091,0,0
7,cycle40_subj07_prior_low_1sess_150ep,182,15003,0.07395272,0.09507339,718,-0.021120667,24.0,0.0,7.0,7.0,0.011127196,0.052613646,-0.04148645,23.0,-1.0,1,0
7,cycle40_subj07_prior_low_1sess_150ep,183,15025,0.06686005,0.09075677,171,-0.023896717,88.0,0.0,27.454545454545453,27.0,0.008441564,0.038113013,-0.02967145,87.0,-1.0,1,0
7,cycle40_subj07_prior_low_1sess_150ep,184,15128,0.06575262,0.09275247,718,-0.026999854,129.0,0.0,40.44444444444444,39.0,0.027938113,0.04023017,-0.012292057,74.0,0.0,0,0
7,cycle40_subj07_prior_low_1sess_150ep,185,15364,0.066981204,0.096086994,171,-0.02910579,65.0,0.0,22.4,21.0,0.015351243,0.04731146,-0.031960215,64.0,-1.0,1,0
7,cycle40_subj07_prior_low_1sess_150ep,186,15492,0.050593045,0.089870065,141,-0.03927702,343.0,0.0,102.27272727272727,102.0,-0.0035380796,0.040049426,-0.043587506,342.0,-1.0,1,0
7,cycle40_subj07_prior_low_1sess_150ep,187,15506,0.08756644,0.09828193,718,-0.010715485,6.0,0.07692307692307693,2.3846153846153846,2.0,0.034713585,0.04489352,-0.010179937,4.0,-0.8461538461538463,0,0
7,cycle40_subj07_prior_low_1sess_150ep,188,15793,0.060308103,0.09462887,718,-0.034320768,154.0,0.0,48.083333333333336,49.0,-0.002409611,0.04368045,-0.046090063,153.0,-1.0,1,0
7,cycle40_subj07_prior_low_1sess_150ep,189,15819,0.08093771,0.10027102,718,-0.019333303,13.0,0.07142857142857142,4.357142857142857,4.0,0.022415042,0.050297357,-0.027882315,12.0,-0.9285714285714286,1,0
7,cycle40_subj07_prior_low_1sess_150ep,190,15939,0.087243706,0.096709125,718,-0.009465419,4.0,0.16666666666666666,2.5,3.0,0.026630174,0.04059504,-0.013964865,3.0,-0.8333333333333334,1,0
7,cycle40_subj07_prior_low_1sess_150ep,191,16063,0.0544392,0.09554001,567,-0.04110081,280.0,0.0,86.5,86.0,0.010088742,0.046968654,-0.036879912,278.0,-0.875,0,0
7,cycle40_subj07_prior_low_1sess_150ep,192,16252,0.06134169,0.089626655,109,-0.028284963,138.0,0.0,45.2,44.0,0.012923554,0.041242417,-0.028318863,137.0,-1.0,1,0
7,cycle40_subj07_prior_low_1sess_150ep,193,16344,0.026062364,0.086334795,718,-0.060272433,921.0,0.0,276.0,276.0,-0.00986026,0.035781547,-0.04564181,906.0,0.0,0,0
7,cycle40_subj07_prior_low_1sess_150ep,194,16421,0.071747236,0.090382405,718,-0.018635169,35.0,0.0,13.0,13.0,0.026455007,0.040532626,-0.014077619,28.0,0.0,0,0
7,cycle40_subj07_prior_low_1sess_150ep,195,16466,0.067525744,0.09607051,109,-0.028544769,102.0,0.0,29.2,29.0,0.011556096,0.04612899,-0.034572892,101.0,-1.0,1,0
7,cycle40_subj07_prior_low_1sess_150ep,196,16616,0.0715245,0.09172304,718,-0.020198539,62.0,0.0,18.916666666666668,20.0,0.011239156,0.042518202,-0.031279046,61.0,-1.0,1,0
7,cycle40_subj07_prior_low_1sess_150ep,197,16635,0.0595536,0.097820714,718,-0.038267113,249.0,0.0,78.44444444444444,78.0,0.014703628,0.050524537,-0.03582091,244.0,-0.3333333333333333,0,0
7,cycle40_subj07_prior_low_1sess_150ep,198,16655,0.0639494,0.09602582,718,-0.03207642,171.0,0.0,55.36363636363637,55.0,0.025979158,0.040340185,-0.014361028,127.0,0.0,0,0
7,cycle40_subj07_prior_low_1sess_150ep,199,16702,0.05817845,0.08923202,718,-0.03105357,202.0,0.0,61.3,63.0,0.010872416,0.046596874,-0.035724457,201.0,-1.0,1,0
7,cycle40_subj07_prior_low_1sess_150ep,200,16723,0.06575559,0.08541998,141,-0.019664392,40.0,0.0,11.88888888888889,12.0,0.014045522,0.048269212,-0.03422369,39.0,-1.0,1,0
7,cycle40_subj07_prior_low_1sess_150ep,201,16823,0.06202336,0.09027477,171,-0.028251413,53.0,0.0,16.285714285714285,17.0,-0.0059716217,0.049957126,-0.055928748,52.0,-1.0,1,0
7,cycle40_subj07_prior_low_1sess_150ep,202,16841,0.051760055,0.094620265,718,-0.04286021,444.0,0.0,140.66666666666666,140.0,0.0140072405,0.043572444,-0.029565204,392.0,0.0,0,0
7,cycle40_subj07_prior_low_1sess_150ep,203,16865,0.063891865,0.08932401,718,-0.025432147,155.0,0.0,47.285714285714285,49.0,0.008747168,0.036932837,-0.02818567,154.0,-1.0,1,0
7,cycle40_subj07_prior_low_1sess_150ep,204,16868,0.0829246,0.095144734,171,-0.012220137,6.0,0.0,2.909090909090909,3.0,0.022709247,0.046931356,-0.02422211,5.0,-1.0,1,0
7,cycle40_subj07_prior_low_1sess_150ep,205,16917,0.069722235,0.08526091,718,-0.015538678,44.0,0.0,12.666666666666666,12.5,0.012162175,0.03157113,-0.019408956,43.0,-1.0,1,0
7,cycle40_subj07_prior_low_1sess_150ep,206,17048,0.06509576,0.094194755,718,-0.029098995,160.0,0.0,51.0,53.0,0.019932646,0.042363152,-0.022430506,150.0,-0.2,0,0
7,cycle40_subj07_prior_low_1sess_150ep,207,17230,0.061832245,0.09463692,718,-0.03280467,200.0,0.0,68.33333333333333,69.5,0.024325386,0.03629107,-0.011965685,153.0,0.0,0,0
7,cycle40_subj07_prior_low_1sess_150ep,208,17238,0.08241322,0.09477978,718,-0.012366563,14.0,0.0,4.333333333333333,4.0,0.022265796,0.041297954,-0.019032158,13.0,-1.0,1,0
7,cycle40_subj07_prior_low_1sess_150ep,209,17369,0.056154426,0.09425912,718,-0.038104694,347.0,0.0,109.4,109.5,0.010423731,0.043669533,-0.033245802,340.0,-0.1,0,0
7,cycle40_subj07_prior_low_1sess_150ep,210,17374,0.070630394,0.08947626,171,-0.018845864,57.0,0.0,19.0,18.5,0.018300816,0.03634911,-0.018048294,55.0,-0.75,0,0
7,cycle40_subj07_prior_low_1sess_150ep,211,17450,0.06301752,0.08658453,923,-0.023567013,75.0,0.0,23.6,24.0,0.015384663,0.028737366,-0.013352703,66.0,-0.1,0,0
7,cycle40_subj07_prior_low_1sess_150ep,212,17463,0.06425634,0.0913918,718,-0.027135462,130.0,0.0,40.0,41.0,0.020426244,0.04096372,-0.020537477,121.0,-0.15384615384615385,0,0
7,cycle40_subj07_prior_low_1sess_150ep,213,17485,0.052972276,0.09608435,718,-0.043112073,309.0,0.0,99.33333333333333,97.0,0.017925002,0.046969756,-0.029044755,286.0,0.0,0,0
7,cycle40_subj07_prior_low_1sess_150ep,214,17549,0.07177967,0.09737634,718,-0.02559667,57.0,0.0,18.125,18.0,0.020908274,0.04555167,-0.024643395,55.0,-0.75,0,0
7,cycle40_subj07_prior_low_1sess_150ep,215,17595,0.0629454,0.09004109,718,-0.02709569,115.0,0.0,37.375,38.5,-0.0029629543,0.037442096,-0.04040505,114.0,-1.0,1,0
7,cycle40_subj07_prior_low_1sess_150ep,216,17776,0.05697064,0.0940752,171,-0.037104562,222.0,0.0,72.5,74.0,0.015498139,0.046453826,-0.030955687,210.0,0.0,0,0
7,cycle40_subj07_prior_low_1sess_150ep,217,17794,0.072236106,0.092588656,718,-0.02035255,45.0,0.0,12.9,13.0,0.01002669,0.036798593,-0.026771903,44.0,-1.0,1,0
7,cycle40_subj07_prior_low_1sess_150ep,218,17934,0.043466173,0.09756525,718,-0.054099075,652.0,0.0,195.5,195.0,0.008913897,0.037371885,-0.028457988,541.0,0.0,0,0
7,cycle40_subj07_prior_low_1sess_150ep,219,17942,0.05114539,0.0877998,171,-0.036654413,411.0,0.0,125.55555555555556,124.0,0.0015405566,0.027052153,-0.025511596,398.0,0.0,0,0
7,cycle40_subj07_prior_low_1sess_150ep,220,18268,0.04684485,0.086906224,718,-0.040061373,415.0,0.0,129.0,130.5,0.010086395,0.038033105,-0.02794671,399.0,0.0,0,0
7,cycle40_subj07_prior_low_1sess_150ep,221,18434,0.07739295,0.09196962,70,-0.014576666,15.0,0.0,5.769230769230769,6.0,0.008614711,0.035021294,-0.026406582,14.0,-1.0,1,0
7,cycle40_subj07_prior_low_1sess_150ep,222,18483,0.07440699,0.09306466,171,-0.01865767,33.0,0.0,12.181818181818182,11.0,0.017923478,0.039013535,-0.021090057,32.0,-1.0,1,0
7,cycle40_subj07_prior_low_1sess_150ep,223,18505,0.06701329,0.102403186,718,-0.035389893,75.0,0.0,24.363636363636363,24.0,0.03312912,0.05686164,-0.02373252,60.0,0.0,0,0
7,cycle40_subj07_prior_low_1sess_150ep,224,18535,0.05966722,0.090703644,567,-0.031036425,237.0,0.0,73.66666666666667,72.5,0.006908763,0.039924245,-0.033015482,236.0,-1.0,1,0
7,cycle40_subj07_prior_low_1sess_150ep,225,18543,0.08728143,0.09464555,718,-0.007364124,6.0,0.3,2.1,2.0,0.02987583,0.040403444,-0.0105276145,5.0,-0.7,1,0
7,cycle40_subj07_prior_low_1sess_150ep,226,18690,0.0708744,0.08366772,178,-0.012793317,29.0,0.0,7.714285714285714,8.0,0.0050134584,0.040235605,-0.035222147,28.0,-1.0,1,0
7,cycle40_subj07_prior_low_1sess_150ep,227,18796,0.096534275,0.097296745,718,-0.00076247007,2.0,0.625,1.375,1.0,0.0462387,0.040408477,0.0058302246,-2.0,0.375,0,0
7,cycle40_subj07_prior_low_1sess_150ep,228,19074,0.068045154,0.09470121,141,-0.026656054,100.0,0.0,31.9,31.5,0.018329218,0.03478354,-0.01645432,94.0,0.0,0,0
7,cycle40_subj07_prior_low_1sess_150ep,229,19181,0.04886105,0.08707296,569,-0.038211912,344.0,0.0,110.81818181818181,111.0,0.021318043,0.043182738,-0.021864695,318.0,0.0,0,0
7,cycle40_subj07_prior_low_1sess_150ep,230,19199,0.08445411,0.09163735,718,-0.007183239,8.0,0.0,3.2,3.0,0.018128328,0.037516266,-0.019387938,7.0,-1.0,1,0
7,cycle40_subj07_prior_low_1sess_150ep,231,19200,0.09286096,0.0964845,109,-0.0036235377,2.0,0.6666666666666666,1.3333333333333333,1.0,0.028185494,0.0397577,-0.0115722045,1.0,-0.33333333333333337,1,0
7,cycle40_subj07_prior_low_1sess_150ep,232,19292,0.051867925,0.09178506,718,-0.039917134,356.0,0.0,109.11111111111111,108.0,0.01623702,0.047578827,-0.031341806,336.0,0.0,0,0
7,cycle40_subj07_prior_low_1sess_150ep,233,19436,0.07082493,0.089968696,718,-0.019143768,69.0,0.0,21.833333333333332,21.0,0.009643931,0.022522353,-0.012878422,67.0,-0.8333333333333334,0,0
7,cycle40_subj07_prior_low_1sess_150ep,234,19573,0.037239,0.087437294,718,-0.050198294,765.0,0.0,229.88888888888889,228.0,0.018262867,0.03233092,-0.014068052,424.0,0.0,0,0
7,cycle40_subj07_prior_low_1sess_150ep,235,19642,0.07316532,0.10111881,718,-0.02795349,67.0,0.0,22.3,21.0,0.033526756,0.04892554,-0.0153987855,12.0,0.0,0,0
7,cycle40_subj07_prior_low_1sess_150ep,236,19672,0.019956538,0.0928207,171,-0.07286416,985.0,0.0,294.0,294.0,-0.0033043716,0.046368476,-0.04967285,736.0,0.0,0,0
7,cycle40_subj07_prior_low_1sess_150ep,237,19690,0.065414354,0.09085501,718,-0.025440656,128.0,0.0,40.1,41.0,0.030239902,0.04005217,-0.009812269,67.0,0.0,0,0
7,cycle40_subj07_prior_low_1sess_150ep,238,19933,0.060088802,0.09172467,718,-0.03163587,135.0,0.0,41.5,41.0,0.01817473,0.03873922,-0.020564489,131.0,-0.5,0,0
7,cycle40_subj07_prior_low_1sess_150ep,239,20054,0.06697694,0.08866342,141,-0.02168648,71.0,0.0,23.153846153846153,23.0,0.0015133023,0.040408585,-0.038895283,70.0,-1.0,1,0
7,cycle40_subj07_prior_low_1sess_150ep,240,20064,0.06969862,0.09947252,718,-0.029773906,88.0,0.0,29.0,28.0,0.021505237,0.047343284,-0.025838047,82.0,-0.3076923076923077,0,0
7,cycle40_subj07_prior_low_1sess_150ep,241,20080,0.05910321,0.08781117,171,-0.028707962,148.0,0.0,46.0,46.5,0.017351415,0.029112745,-0.01176133,139.0,0.0,0,0
7,cycle40_subj07_prior_low_1sess_150ep,242,20206,0.05486648,0.087118015,178,-0.032251533,188.0,0.0,57.9,55.5,0.019640706,0.041537706,-0.021897,178.0,-0.1,0,0
7,cycle40_subj07_prior_low_1sess_150ep,243,20223,0.06165954,0.08948524,718,-0.027825702,134.0,0.0,45.125,46.5,0.0047807693,0.041434802,-0.036654033,133.0,-1.0,1,0
7,cycle40_subj07_prior_low_1sess_150ep,244,20265,0.06643155,0.0937033,718,-0.027271748,94.0,0.0,30.5,31.0,0.00816758,0.04444479,-0.03627721,93.0,-1.0,1,0
7,cycle40_subj07_prior_low_1sess_150ep,245,20307,0.069425955,0.092694394,109,-0.023268439,83.0,0.0,26.2,27.0,0.021189578,0.033370655,-0.012181077,79.0,-0.6,0,0
7,cycle40_subj07_prior_low_1sess_150ep,246,20442,0.078153014,0.09791424,718,-0.019761227,25.0,0.0,8.0,8.0,0.017941177,0.04970116,-0.031759985,24.0,-1.0,1,0
7,cycle40_subj07_prior_low_1sess_150ep,247,20633,0.064647846,0.09181328,718,-0.027165435,70.0,0.0,21.90909090909091,20.0,0.008877058,0.030032642,-0.021155585,68.0,-0.8181818181818182,0,0
7,cycle40_subj07_prior_low_1sess_150ep,248,20650,0.045597132,0.09419528,718,-0.048598144,593.0,0.0,183.57142857142858,186.0,0.010194674,0.034202717,-0.024008043,523.0,0.0,0,0
7,cycle40_subj07_prior_low_1sess_150ep,249,20702,0.08327216,0.09799055,171,-0.014718391,8.0,0.0,3.25,3.0,0.025464073,0.053084604,-0.027620532,7.0,-1.0,1,0
7,cycle40_subj07_prior_low_1sess_150ep,250,20738,0.09443262,0.09623853,718,-0.001805909,2.0,0.8333333333333334,1.1666666666666667,1.0,0.016019374,0.03319072,-0.017171346,1.0,-0.16666666666666663,1,0
7,cycle40_subj07_prior_low_1sess_150ep,251,20777,0.05627279,0.09061928,178,-0.03434649,220.0,0.0,67.15384615384616,67.0,0.011099815,0.04146435,-0.030364536,215.0,-0.3076923076923077,0,0
7,cycle40_subj07_prior_low_1sess_150ep,252,20820,0.06931134,0.09390513,718,-0.024593785,81.0,0.0,27.5,26.5,0.020949882,0.042370927,-0.021421045,74.0,-0.1,0,0
7,cycle40_subj07_prior_low_1sess_150ep,253,21108,0.057875685,0.080246955,718,-0.02237127,86.0,0.0,29.166666666666668,29.5,0.008644465,0.030653372,-0.022008907,84.0,-0.5,0,0
7,cycle40_subj07_prior_low_1sess_150ep,254,21192,0.04847801,0.09297474,718,-0.044496726,348.0,0.0,106.0,107.0,-0.016118187,0.031867027,-0.047985215,347.0,-1.0,1,0
7,cycle40_subj07_prior_low_1sess_150ep,255,21194,0.055889506,0.0807412,630,-0.024851691,200.0,0.0,61.42857142857143,61.0,0.010213051,0.0329166,-0.02270355,198.0,-0.5714285714285714,0,0
7,cycle40_subj07_prior_low_1sess_150ep,256,21197,0.05293965,0.0922977,171,-0.039358053,392.0,0.0,120.54545454545455,120.0,0.02046179,0.031860385,-0.011398595,300.0,0.0,0,0
7,cycle40_subj07_prior_low_1sess_150ep,257,21218,0.070736006,0.09120365,718,-0.020467646,58.0,0.0,17.2,18.0,0.03255127,0.04237885,-0.00982758,34.0,0.0,0,0
7,cycle40_subj07_prior_low_1sess_150ep,258,21253,0.058384936,0.090871625,171,-0.03248669,145.0,0.0,50.4,50.0,0.0074185207,0.046024606,-0.038606085,144.0,-1.0,1,0
7,cycle40_subj07_prior_low_1sess_150ep,259,21279,0.06633406,0.09038992,227,-0.024055861,62.0,0.0,17.8,18.5,0.014090974,0.042767517,-0.028676543,61.0,-1.0,1,0
7,cycle40_subj07_prior_low_1sess_150ep,260,21318,0.08305249,0.09826845,718,-0.015215956,13.0,0.0,5.6,6.0,0.045257118,0.04071733,0.004539788,-54.0,0.0,0,0
7,cycle40_subj07_prior_low_1sess_150ep,261,21508,0.050714128,0.089521624,109,-0.038807496,409.0,0.0,126.22222222222223,127.0,0.009064898,0.039621796,-0.030556899,397.0,0.0,0,0
7,cycle40_subj07_prior_low_1sess_150ep,262,21526,0.051244654,0.089286275,718,-0.03804162,390.0,0.0,120.9,121.0,0.02360322,0.04181727,-0.01821405,282.0,0.0,0,0
7,cycle40_subj07_prior_low_1sess_150ep,263,21553,0.07414987,0.0902577,718,-0.016107827,25.0,0.0,6.5,6.5,0.018453635,0.045561206,-0.02710757,24.0,-1.0,1,0
7,cycle40_subj07_prior_low_1sess_150ep,264,21601,0.06628269,0.074538015,637,-0.008255325,6.0,0.2,2.0,2.0,0.015381034,0.03197058,-0.016589545,5.0,-0.8,1,0
7,cycle40_subj07_prior_low_1sess_150ep,265,21703,0.07019136,0.09262069,718,-0.022429332,75.0,0.0,25.22222222222222,25.0,0.02474657,0.046826933,-0.022080362,73.0,-0.6666666666666666,0,0
7,cycle40_subj07_prior_low_1sess_150ep,266,21950,0.10248587,0.09968044,141,0.0028054342,1.0,1.0,1.0,1.0,0.03841859,0.044883754,-0.006465163,0.0,0.0,0,0
7,cycle40_subj07_prior_low_1sess_150ep,267,21989,0.04338982,0.09679959,718,-0.05340977,631.0,0.0,188.7,189.5,0.002142433,0.04917569,-0.047033258,625.0,-0.2,0,0
7,cycle40_subj07_prior_low_1sess_150ep,268,22138,0.06371381,0.09652498,718,-0.032811172,167.0,0.0,50.0,50.5,0.011768796,0.037675083,-0.025906287,161.0,0.0,0,0
7,cycle40_subj07_prior_low_1sess_150ep,269,22143,0.08007258,0.096429765,718,-0.016357183,14.0,0.0,4.2,4.0,0.027925234,0.040331844,-0.01240661,12.0,-0.4,0,0
7,cycle40_subj07_prior_low_1sess_150ep,270,22155,0.06416933,0.081476666,171,-0.017307334,58.0,0.0,17.375,17.0,0.046776958,0.037077937,0.009699022,-216.0,0.0,0,0
7,cycle40_subj07_prior_low_1sess_150ep,271,22263,0.074353084,0.09930405,718,-0.024950966,57.0,0.0,18.555555555555557,18.0,0.0066688284,0.028862506,-0.022193678,55.0,-0.8888888888888888,0,0
7,cycle40_subj07_prior_low_1sess_150ep,272,22387,0.07334303,0.09665895,171,-0.023315921,51.0,0.0,15.0,17.0,0.009485722,0.04087605,-0.031390328,50.0,-1.0,1,0
7,cycle40_subj07_prior_low_1sess_150ep,273,22495,0.056325424,0.09245991,718,-0.036134485,235.0,0.0,75.28571428571429,76.0,0.004749745,0.041512698,-0.036762953,234.0,-1.0,1,0
7,cycle40_subj07_prior_low_1sess_150ep,274,22505,0.07881716,0.105351955,718,-0.026534796,30.0,0.0,10.5,11.0,0.02390971,0.042984955,-0.019075245,28.0,-0.875,0,0
7,cycle40_subj07_prior_low_1sess_150ep,275,22515,0.060525045,0.09771227,718,-0.037187226,220.0,0.0,72.71428571428571,74.0,0.015925929,0.045136683,-0.029210754,207.0,0.0,0,0
7,cycle40_subj07_prior_low_1sess_150ep,276,22523,0.06105198,0.097468875,718,-0.036416896,177.0,0.0,52.63636363636363,54.0,-0.005704798,0.044994757,-0.050699554,176.0,-1.0,1,0
7,cycle40_subj07_prior_low_1sess_150ep,277,22530,0.082706586,0.100056596,718,-0.01735001,15.0,0.0,5.833333333333333,4.5,0.04159542,0.045569252,-0.0039738305,-8.0,0.0,0,0
7,cycle40_subj07_prior_low_1sess_150ep,278,22585,0.06583617,0.096674524,718,-0.030838355,137.0,0.0,41.0,40.0,0.021371447,0.04308378,-0.021712333,131.0,0.0,0,0
7,cycle40_subj07_prior_low_1sess_150ep,279,22587,0.08127166,0.09200442,718,-0.010732755,4.0,0.5,1.6,1.5,0.017298996,0.041264948,-0.023965951,3.0,-0.5,1,0
7,cycle40_subj07_prior_low_1sess_150ep,280,22772,0.07304362,0.09514146,718,-0.02209784,65.0,0.0,23.11111111111111,22.0,0.023962568,0.042044953,-0.018082384,60.0,-0.2222222222222222,0,0
7,cycle40_subj07_prior_low_1sess_150ep,281,22782,0.05618414,0.09176832,718,-0.035584178,253.0,0.0,77.91666666666667,78.5,0.001966577,0.04487518,-0.0429086,252.0,-1.0,1,0
7,cycle40_subj07_prior_low_1sess_150ep,282,22794,0.07753828,0.09347973,718,-0.015941449,30.0,0.0,10.181818181818182,10.0,0.020201497,0.03852883,-0.018327333,29.0,-1.0,1,0
7,cycle40_subj07_prior_low_1sess_150ep,283,22809,0.048991136,0.09031874,297,-0.041327603,362.0,0.0,107.0,109.0,0.0014569871,0.03023069,-0.028773703,358.0,0.0,0,0
7,cycle40_subj07_prior_low_1sess_150ep,284,22845,0.061943084,0.09259335,718,-0.030650266,194.0,0.0,56.9,55.0,0.028886333,0.045773797,-0.016887464,137.0,0.0,0,0
7,cycle40_subj07_prior_low_1sess_150ep,285,22873,0.063164085,0.09860221,718,-0.035438128,190.0,0.0,60.285714285714285,60.0,0.019969776,0.04526317,-0.025293395,173.0,0.0,0,0
7,cycle40_subj07_prior_low_1sess_150ep,286,22879,0.07125252,0.09392106,718,-0.02266854,36.0,0.0,11.75,11.5,0.012203492,0.047749337,-0.035545845,35.0,-1.0,1,0
7,cycle40_subj07_prior_low_1sess_150ep,287,22886,0.062266868,0.09469407,718,-0.032427203,178.0,0.0,56.86666666666667,54.0,0.011269193,0.042127397,-0.030858204,175.0,-0.26666666666666666,0,0
7,cycle40_subj07_prior_low_1sess_150ep,288,22957,0.07393452,0.09421747,718,-0.020282954,35.0,0.0,11.6,12.0,0.019075789,0.04183935,-0.022763561,34.0,-1.0,1,0
7,cycle40_subj07_prior_low_1sess_150ep,289,22967,0.067520194,0.09379865,718,-0.026278459,83.0,0.0,26.90909090909091,27.0,-0.005032569,0.04766174,-0.05269431,82.0,-1.0,1,0
7,cycle40_subj07_prior_low_1sess_150ep,290,22993,0.06874711,0.091214694,567,-0.022467583,102.0,0.0,31.6,32.0,0.026518151,0.039749518,-0.013231367,87.0,0.0,0,0
7,cycle40_subj07_prior_low_1sess_150ep,291,23036,0.053749464,0.092293285,718,-0.03854382,211.0,0.0,68.125,70.5,-0.00034166127,0.04775677,-0.04809843,210.0,-1.0,1,0
7,cycle40_subj07_prior_low_1sess_150ep,292,23241,0.057537895,0.09812886,718,-0.040590968,257.0,0.0,79.42857142857143,82.0,0.03260561,0.05093288,-0.018327272,153.0,0.0,0,0
7,cycle40_subj07_prior_low_1sess_150ep,293,23492,0.03545156,0.10134867,718,-0.06589711,809.0,0.0,245.55555555555554,247.0,0.008392865,0.041965492,-0.03357263,665.0,0.0,0,0
7,cycle40_subj07_prior_low_1sess_150ep,294,23715,0.07458194,0.098639585,718,-0.024057642,61.0,0.0,18.583333333333332,17.5,0.0173609,0.045436066,-0.028075166,60.0,-1.0,1,0
7,cycle40_subj07_prior_low_1sess_150ep,295,23729,0.04743004,0.09106391,718,-0.04363387,387.0,0.0,116.3,116.5,-0.011339292,0.039402712,-0.050742004,386.0,-1.0,1,0
7,cycle40_subj07_prior_low_1sess_150ep,296,23871,0.05913936,0.087764435,718,-0.028625075,184.0,0.0,58.4,59.0,0.024333995,0.041657846,-0.017323852,150.0,0.0,0,0
7,cycle40_subj07_prior_low_1sess_150ep,297,23876,0.085946314,0.09282491,109,-0.0068785995,6.0,0.2222222222222222,3.2222222222222223,3.0,0.04256329,0.038762152,0.0038011372,-3.0,0.2222222222222222,0,0
7,cycle40_subj07_prior_low_1sess_150ep,298,23883,0.047454007,0.083649285,718,-0.03619528,357.0,0.0,107.54545454545455,109.0,0.006335348,0.047348104,-0.041012757,356.0,-1.0,1,0
7,cycle40_subj07_prior_low_1sess_150ep,299,23993,0.088840835,0.09307014,718,-0.004229307,2.0,0.6923076923076923,1.3076923076923077,1.0,0.036093425,0.04114413,-0.005050704,1.0,-0.3076923076923077,1,0
7,cycle40_subj07_prior_low_1sess_150ep,300,24202,0.09258108,0.094170846,718,-0.0015897676,2.0,0.7777777777777778,1.2222222222222223,1.0,0.03521341,0.03764622,-0.0024328083,1.0,-0.2222222222222222,1,0
7,cycle40_subj07_prior_low_1sess_150ep,301,24214,0.07297367,0.100219615,567,-0.027245946,59.0,0.0,18.0,17.5,0.0142268725,0.040828567,-0.026601695,57.0,-1.0,0,0
7,cycle40_subj07_prior_low_1sess_150ep,302,24264,0.08055226,0.08759532,476,-0.0070430636,11.0,0.0,4.625,4.5,0.011388369,0.034160756,-0.022772387,10.0,-1.0,1,0
7,cycle40_subj07_prior_low_1sess_150ep,303,24317,0.06243486,0.08736073,718,-0.024925873,98.0,0.0,35.5,35.5,0.013542455,0.041306827,-0.027764373,97.0,-1.0,1,0
7,cycle40_subj07_prior_low_1sess_150ep,304,24480,0.07618632,0.090292424,718,-0.014106102,32.0,0.0,11.666666666666666,11.0,0.035506863,0.03982585,-0.004318986,11.0,0.0,0,0
7,cycle40_subj07_prior_low_1sess_150ep,305,24517,0.06751428,0.10008234,718,-0.03256806,129.0,0.0,42.5,45.0,0.019746844,0.048918493,-0.02917165,122.0,0.0,0,0
7,cycle40_subj07_prior_low_1sess_150ep,306,24530,0.067561135,0.09251722,718,-0.024956085,102.0,0.0,34.84615384615385,36.0,0.04745549,0.04056968,0.0068858117,-417.0,0.0,0,0
7,cycle40_subj07_prior_low_1sess_150ep,307,24560,0.039863355,0.08418459,718,-0.04432123,620.0,0.0,187.8,187.0,-0.014093507,0.029015705,-0.043109212,618.0,-0.2,0,0
7,cycle40_subj07_prior_low_1sess_150ep,308,24638,0.07496038,0.096949436,718,-0.021989055,43.0,0.0,14.1,13.5,0.02060588,0.035731263,-0.015125383,40.0,-0.5,0,0
7,cycle40_subj07_prior_low_1sess_150ep,309,24640,0.055031687,0.096074276,718,-0.04104259,266.0,0.0,85.0,86.0,0.018142123,0.05204205,-0.033899926,257.0,0.0,0,0
7,cycle40_subj07_prior_low_1sess_150ep,310,24649,0.058841698,0.09215547,718,-0.033313774,215.0,0.0,66.83333333333333,65.5,0.015759192,0.04488812,-0.029128928,206.0,-0.16666666666666666,0,0
7,cycle40_subj07_prior_low_1sess_150ep,311,24739,0.0589437,0.1013482,718,-0.0424045,226.0,0.0,68.81818181818181,67.0,0.020251121,0.051693402,-0.03144228,192.0,0.0,0,0
7,cycle40_subj07_prior_low_1sess_150ep,312,24740,0.08557286,0.09591938,718,-0.010346517,5.0,0.25,2.1666666666666665,2.0,0.031852305,0.038829762,-0.0069774576,2.0,-0.16666666666666669,0,0
7,cycle40_subj07_prior_low_1sess_150ep,313,24787,0.07172071,0.093695424,718,-0.021974713,48.0,0.0,15.222222222222221,14.0,0.023143046,0.04342156,-0.020278513,45.0,-0.4444444444444444,0,0
7,cycle40_subj07_prior_low_1sess_150ep,314,24846,0.05566555,0.08260175,171,-0.0269362,168.0,0.0,50.357142857142854,50.0,-0.000450816,0.03552828,-0.035979096,167.0,-1.0,1,0
7,cycle40_subj07_prior_low_1sess_150ep,315,25059,0.06741702,0.09078937,718,-0.023372352,100.0,0.0,34.0,33.0,0.01736378,0.035111055,-0.017747276,96.0,-0.14285714285714285,0,0
7,cycle40_subj07_prior_low_1sess_150ep,316,25091,0.0837327,0.0935197,718,-0.009787001,6.0,0.08333333333333333,3.0,3.0,0.031622842,0.041532446,-0.009909604,5.0,-0.9166666666666666,1,0
7,cycle40_subj07_prior_low_1sess_150ep,317,25111,0.07470645,0.09960981,718,-0.024903357,56.0,0.0,20.0,20.0,0.020124625,0.041405994,-0.021281369,52.0,-0.3,0,0
7,cycle40_subj07_prior_low_1sess_150ep,318,25205,0.05579776,0.089731745,171,-0.033933986,295.0,0.0,90.9,92.5,0.009606242,0.03369935,-0.024093106,283.0,0.0,0,0
7,cycle40_subj07_prior_low_1sess_150ep,319,25250,0.076342426,0.086289115,897,-0.009946689,20.0,0.0,7.3,7.5,0.012543656,0.03658506,-0.024041403,19.0,-1.0,1,0
7,cycle40_subj07_prior_low_1sess_150ep,320,25268,0.08304122,0.09242904,718,-0.009387821,11.0,0.0,4.222222222222222,4.0,0.025115136,0.04306355,-0.017948415,10.0,-1.0,1,0
7,cycle40_subj07_prior_low_1sess_150ep,321,25284,0.08573675,0.10186878,718,-0.016132027,8.0,0.07692307692307693,3.6923076923076925,3.0,0.015690759,0.044894192,-0.029203434,7.0,-0.9230769230769231,1,0
7,cycle40_subj07_prior_low_1sess_150ep,322,25287,0.07114289,0.087873094,171,-0.016730204,28.0,0.0,10.3,11.0,0.021350235,0.046776533,-0.025426298,27.0,-1.0,1,0
7,cycle40_subj07_prior_low_1sess_150ep,323,25318,0.07502475,0.095634796,567,-0.02061005,43.0,0.0,14.7,14.0,0.014905747,0.031737886,-0.01683214,41.0,-0.7,0,0
7,cycle40_subj07_prior_low_1sess_150ep,324,25319,0.08388704,0.10468218,718,-0.020795137,11.0,0.0,3.8,4.0,0.040938817,0.054242145,-0.013303328,-3.0,0.0,0,0
7,cycle40_subj07_prior_low_1sess_150ep,325,25371,0.061345916,0.09789319,718,-0.036547277,200.0,0.0,64.54545454545455,66.0,0.009464551,0.040215783,-0.030751232,197.0,-0.6363636363636364,0,0
7,cycle40_subj07_prior_low_1sess_150ep,326,25454,0.06576308,0.094235346,718,-0.028472267,143.0,0.0,41.625,42.0,0.026193067,0.03987196,-0.013678893,102.0,0.0,0,0
7,cycle40_subj07_prior_low_1sess_150ep,327,25570,0.07959748,0.09372415,718,-0.014126666,16.0,0.0,6.0,6.0,0.018892258,0.038622025,-0.019729767,15.0,-1.0,1,0
7,cycle40_subj07_prior_low_1sess_150ep,328,25578,0.07672591,0.09281686,718,-0.016090952,35.0,0.0,11.714285714285714,13.0,0.02034957,0.042746793,-0.022397224,34.0,-1.0,1,0
7,cycle40_subj07_prior_low_1sess_150ep,329,25581,0.053283945,0.089874476,174,-0.03659053,309.0,0.0,95.81818181818181,95.0,-0.0062225536,0.02954667,-0.035769224,307.0,-0.6363636363636364,0,0
7,cycle40_subj07_prior_low_1sess_150ep,330,25588,0.051709577,0.08945174,718,-0.03774216,359.0,0.0,111.6,110.0,0.008790918,0.038510215,-0.029719297,352.0,-0.1,0,0
7,cycle40_subj07_prior_low_1sess_150ep,331,25602,0.057526,0.09100169,718,-0.03347569,234.0,0.0,70.0,71.0,0.040552847,0.042456754,-0.0019039065,-189.0,0.0,0,0
7,cycle40_subj07_prior_low_1sess_150ep,332,25693,0.083114,0.101306945,718,-0.018192947,10.0,0.125,3.375,3.5,0.041549746,0.04656643,-0.0050166845,-1.0,0.125,0,0
7,cycle40_subj07_prior_low_1sess_150ep,333,25702,0.041543733,0.08850495,171,-0.046961214,597.0,0.0,182.77777777777777,183.0,0.0017751344,0.039832693,-0.03805756,589.0,0.0,0,0
7,cycle40_subj07_prior_low_1sess_150ep,334,25711,0.08777459,0.10074883,171,-0.01297424,4.0,0.4444444444444444,1.7777777777777777,2.0,0.03858025,0.044779543,-0.006199293,-5.0,0.3333333333333333,0,0
7,cycle40_subj07_prior_low_1sess_150ep,335,25741,0.05894601,0.09480721,718,-0.035861198,190.0,0.0,63.4,64.0,0.016513739,0.048095122,-0.031581383,188.0,-0.8,0,0
7,cycle40_subj07_prior_low_1sess_150ep,336,25746,0.062242415,0.09431812,171,-0.032075707,205.0,0.0,62.4,64.0,0.014708761,0.033634596,-0.018925834,187.0,0.0,0,0
7,cycle40_subj07_prior_low_1sess_150ep,337,25881,0.0634907,0.091302805,171,-0.027812101,136.0,0.0,41.0,42.0,0.010122627,0.03460194,-0.024479315,134.0,-0.6666666666666666,0,0
7,cycle40_subj07_prior_low_1sess_150ep,338,25906,0.054380443,0.09598539,718,-0.041604947,342.0,0.0,106.3,107.5,0.0066646,0.04985061,-0.04318601,341.0,-1.0,1,0
7,cycle40_subj07_prior_low_1sess_150ep,339,25959,0.072346106,0.09032918,227,-0.017983072,44.0,0.0,14.181818181818182,16.0,0.01901494,0.04132664,-0.022311699,43.0,-1.0,1,0
7,cycle40_subj07_prior_low_1sess_150ep,340,26119,0.071675085,0.09468867,718,-0.023013584,55.0,0.0,18.3,18.0,0.02347451,0.041454405,-0.017979894,52.0,-0.2,0,0
7,cycle40_subj07_prior_low_1sess_150ep,341,26127,0.06415816,0.091480285,718,-0.027322128,130.0,0.0,40.57142857142857,43.0,0.01192705,0.038939837,-0.027012788,128.0,-0.5714285714285714,0,0
7,cycle40_subj07_prior_low_1sess_150ep,342,26163,0.06518864,0.09615402,171,-0.03096538,136.0,0.0,42.4,42.0,0.018104933,0.047881458,-0.029776525,133.0,-0.6,0,0
7,cycle40_subj07_prior_low_1sess_150ep,343,26243,0.058328453,0.09296981,718,-0.03464136,255.0,0.0,75.625,76.0,0.018496107,0.035251096,-0.016754989,206.0,0.0,0,0
7,cycle40_subj07_prior_low_1sess_150ep,344,26292,0.042745892,0.095521346,718,-0.052775454,612.0,0.0,180.875,180.0,0.012625001,0.044134334,-0.031509332,518.0,0.0,0,0
7,cycle40_subj07_prior_low_1sess_150ep,345,26307,0.06722289,0.089154266,718,-0.021931373,98.0,0.0,31.416666666666668,31.0,0.014197193,0.04410779,-0.029910598,97.0,-1.0,1,0
7,cycle40_subj07_prior_low_1sess_150ep,346,26351,0.07284042,0.09321468,718,-0.02037426,48.0,0.0,14.8,14.5,0.020863466,0.038655136,-0.01779167,46.0,-0.8,0,0
7,cycle40_subj07_prior_low_1sess_150ep,347,26372,0.043493323,0.093115695,718,-0.04962237,565.0,0.0,172.13333333333333,170.0,-0.0043271035,0.045989867,-0.05031697,564.0,-1.0,1,0
7,cycle40_subj07_prior_low_1sess_150ep,348,26435,0.06114241,0.08906421,171,-0.0279218,80.0,0.0,24.333333333333332,23.0,0.0068681426,0.042846236,-0.035978094,79.0,-1.0,1,0
7,cycle40_subj07_prior_low_1sess_150ep,349,26458,0.08090181,0.0970316,718,-0.016129792,22.0,0.0,7.083333333333333,7.0,0.028961733,0.03687756,-0.007915828,11.0,0.0,0,0
7,cycle40_subj07_prior_low_1sess_150ep,350,26598,0.05123425,0.090512596,171,-0.039278347,384.0,0.0,120.8,120.0,0.0054670125,0.046594072,-0.04112706,383.0,-1.0,1,0
7,cycle40_subj07_prior_low_1sess_150ep,351,26720,0.069166414,0.09224588,718,-0.023079462,68.0,0.0,20.818181818181817,20.0,0.030715525,0.04051475,-0.009799223,51.0,0.0,0,0
7,cycle40_subj07_prior_low_1sess_150ep,352,26780,0.0708622,0.10250364,718,-0.031641446,60.0,0.0,20.285714285714285,20.0,0.03947706,0.053046156,-0.013569094,16.0,0.0,0,0
7,cycle40_subj07_prior_low_1sess_150ep,353,26895,0.086441,0.09527936,718,-0.008838356,2.0,0.8888888888888888,1.1111111111111112,1.0,0.02416692,0.04061933,-0.01645241,1.0,-0.11111111111111116,1,0
7,cycle40_subj07_prior_low_1sess_150ep,354,26909,0.061572187,0.08820062,171,-0.026628435,155.0,0.0,51.7,52.0,0.026076104,0.045019988,-0.018943883,132.0,0.0,0,0
7,cycle40_subj07_prior_low_1sess_150ep,355,26971,0.044953864,0.09194156,141,-0.046987694,608.0,0.0,186.69230769230768,185.0,0.016055133,0.035786614,-0.01973148,417.0,0.0,0,0
7,cycle40_subj07_prior_low_1sess_150ep,356,26990,0.075481325,0.09515049,718,-0.019669168,44.0,0.0,13.777777777777779,14.0,0.019612387,0.03929967,-0.019687284,43.0,-1.0,1,0
7,cycle40_subj07_prior_low_1sess_150ep,357,27242,0.06204712,0.09164917,718,-0.029602047,91.0,0.0,29.88888888888889,30.0,0.016048387,0.03908912,-0.023040734,88.0,-0.5555555555555556,0,0
7,cycle40_subj07_prior_low_1sess_150ep,358,27275,0.0626189,0.09486125,718,-0.03224235,125.0,0.0,38.90909090909091,40.0,0.009501297,0.04759063,-0.03808933,124.0,-1.0,1,0
7,cycle40_subj07_prior_low_1sess_150ep,359,27287,0.05585162,0.094013445,171,-0.038161825,323.0,0.0,104.0,103.0,0.003521908,0.037628572,-0.034106664,318.0,-0.16666666666666666,0,0
7,cycle40_subj07_prior_low_1sess_150ep,360,27326,0.07637797,0.097100444,718,-0.020722471,41.0,0.0,11.444444444444445,11.0,0.03001678,0.044493698,-0.014476918,31.0,-0.1111111111111111,0,0
7,cycle40_subj07_prior_low_1sess_150ep,361,27435,0.06861224,0.0894593,718,-0.02084706,45.0,0.0,12.88888888888889,13.0,0.015826833,0.04366435,-0.027837519,44.0,-1.0,1,0
7,cycle40_subj07_prior_low_1sess_150ep,362,27568,0.066001646,0.09388926,718,-0.027887613,105.0,0.0,33.0625,34.0,0.026603568,0.04206527,-0.015461702,89.0,0.0,0,0
7,cycle40_subj07_prior_low_1sess_150ep,363,27580,0.0724757,0.09237488,718,-0.019899182,44.0,0.0,14.88888888888889,13.0,0.026290696,0.041786116,-0.0154954195,39.0,-0.2222222222222222,0,0
7,cycle40_subj07_prior_low_1sess_150ep,364,27830,0.06859849,0.09627245,718,-0.027673967,66.0,0.0,23.625,23.5,0.038618267,0.04225413,-0.0036358647,-21.0,0.0,0,0
7,cycle40_subj07_prior_low_1sess_150ep,365,27878,0.06732735,0.10031509,171,-0.032987736,136.0,0.0,40.5,40.5,0.016301125,0.031004377,-0.014703251,129.0,-0.25,0,0
7,cycle40_subj07_prior_low_1sess_150ep,366,27972,0.051011954,0.08797965,141,-0.0369677,301.0,0.0,94.33333333333333,94.5,0.01175933,0.03722884,-0.025469512,287.0,0.0,0,0
7,cycle40_subj07_prior_low_1sess_150ep,367,28024,0.06575057,0.089097,718,-0.023346432,86.0,0.0,26.0,27.5,0.009617928,0.03067442,-0.021056492,84.0,-1.0,0,0
7,cycle40_subj07_prior_low_1sess_150ep,368,28068,0.08195005,0.09816036,718,-0.016210303,21.0,0.0,7.333333333333333,7.0,0.022882946,0.037684172,-0.014801227,19.0,-0.5833333333333334,0,0
7,cycle40_subj07_prior_low_1sess_150ep,369,28096,0.056806263,0.094136655,718,-0.037330393,252.0,0.0,76.7,79.0,0.01648477,0.042878,-0.026393227,237.0,0.0,0,0
7,cycle40_subj07_prior_low_1sess_150ep,370,28159,0.06809134,0.091328956,718,-0.023237616,68.0,0.0,20.76923076923077,20.0,0.008338656,0.03757838,-0.029239725,67.0,-1.0,1,0
7,cycle40_subj07_prior_low_1sess_150ep,371,28189,0.07914266,0.0912607,718,-0.0121180415,21.0,0.0,7.444444444444445,8.0,0.041734077,0.042750478,-0.0010164008,11.0,-0.1111111111111111,0,0
7,cycle40_subj07_prior_low_1sess_150ep,372,28286,0.07887467,0.092676215,718,-0.013801545,15.0,0.0,5.75,6.0,0.023691803,0.037460934,-0.013769131,13.0,-0.75,0,0
7,cycle40_subj07_prior_low_1sess_150ep,373,28303,0.06901093,0.09694888,567,-0.027937949,88.0,0.0,29.333333333333332,28.0,0.013098612,0.029135361,-0.016036749,86.0,-0.7777777777777778,0,0
7,cycle40_subj07_prior_low_1sess_150ep,374,28319,0.0351255,0.08338803,171,-0.04826253,740.0,0.0,222.14285714285714,223.0,-0.014914159,0.046195466,-0.061109625,739.0,-1.0,1,0
7,cycle40_subj07_prior_low_1sess_150ep,375,28325,0.080864556,0.09117752,718,-0.010312967,15.0,0.0,4.0,4.0,0.033636376,0.0344068,-0.00077042356,3.0,-0.125,0,0
7,cycle40_subj07_prior_low_1sess_150ep,376,28341,0.05545039,0.086973034,141,-0.031522643,232.0,0.0,72.6,73.0,0.0052079074,0.029875685,-0.024667777,230.0,-0.4,0,0
7,cycle40_subj07_prior_low_1sess_150ep,377,28349,0.089549996,0.09109407,231,-0.0015440732,4.0,0.25,2.375,2.5,0.017055236,0.0420221,-0.024966866,3.0,-0.75,1,0
7,cycle40_subj07_prior_low_1sess_150ep,378,28418,0.05832141,0.09554818,718,-0.037226774,238.0,0.0,70.8,68.5,0.02191868,0.044128127,-0.022209447,169.0,0.0,0,0
7,cycle40_subj07_prior_low_1sess_150ep,379,28487,0.051420145,0.09210746,109,-0.040687315,392.0,0.0,120.125,120.5,0.008376993,0.035163492,-0.026786499,374.0,0.0,0,0
7,cycle40_subj07_prior_low_1sess_150ep,380,28524,0.09745085,0.08931319,718,0.008137666,1.0,1.0,1.0,1.0,0.028272286,0.043815468,-0.015543181,0.0,0.0,0,0
7,cycle40_subj07_prior_low_1sess_150ep,381,28595,0.05903487,0.07553943,694,-0.016504563,61.0,0.0,18.1,17.0,0.002639372,0.031925827,-0.029286455,60.0,-1.0,1,0
7,cycle40_subj07_prior_low_1sess_150ep,382,28689,0.05205205,0.0899183,569,-0.03786625,332.0,0.0,102.36363636363636,103.0,0.0019751228,0.04619374,-0.04421862,331.0,-1.0,1,0
7,cycle40_subj07_prior_low_1sess_150ep,383,28745,0.06332852,0.097809635,718,-0.034481116,143.0,0.0,45.785714285714285,44.5,0.02442599,0.037126467,-0.012700476,131.0,0.0,0,0
7,cycle40_subj07_prior_low_1sess_150ep,384,28751,0.09053753,0.095679924,718,-0.0051423907,4.0,0.3333333333333333,2.3333333333333335,2.5,0.02534321,0.045104023,-0.019760814,3.0,-0.6666666666666667,1,0
7,cycle40_subj07_prior_low_1sess_150ep,385,28755,0.069439135,0.090136304,718,-0.020697169,73.0,0.0,23.714285714285715,23.0,0.006353639,0.03928854,-0.0329349,72.0,-1.0,1,0
7,cycle40_subj07_prior_low_1sess_150ep,386,28788,0.050944768,0.089582324,718,-0.038637556,339.0,0.0,106.11111111111111,105.0,0.00096740946,0.038856428,-0.03788902,337.0,-0.8888888888888888,0,0
7,cycle40_subj07_prior_low_1sess_150ep,387,28898,0.05110915,0.086990274,718,-0.035881124,350.0,0.0,107.9,107.0,0.0072912015,0.046511464,-0.039220262,349.0,-1.0,1,0
7,cycle40_subj07_prior_low_1sess_150ep,388,28963,0.09327654,0.09501008,178,-0.0017335415,2.0,1.0,1.0,1.0,0.03247382,0.0383232,-0.00584938,1.0,0.0,1,0
7,cycle40_subj07_prior_low_1sess_150ep,389,29010,0.06086036,0.093710996,109,-0.032850638,215.0,0.0,68.22222222222223,68.0,0.012978818,0.04027295,-0.027294133,212.0,-0.6666666666666666,0,0
7,cycle40_subj07_prior_low_1sess_150ep,390,29021,0.05276809,0.092676,718,-0.03990791,362.0,0.0,103.25,102.5,0.00820284,0.034100458,-0.025897618,345.0,0.0,0,0
7,cycle40_subj07_prior_low_1sess_150ep,391,29381,0.081816375,0.09605226,718,-0.014235884,13.0,0.0,3.9,4.0,0.025287498,0.04191782,-0.016630322,12.0,-1.0,1,0
7,cycle40_subj07_prior_low_1sess_150ep,392,29568,0.07784408,0.092154205,718,-0.014310122,31.0,0.0,11.0,12.0,0.021636583,0.038934223,-0.01729764,30.0,-1.0,1,0
7,cycle40_subj07_prior_low_1sess_150ep,393,29660,0.06495185,0.087336734,718,-0.022384882,95.0,0.0,31.2,30.0,0.01554326,0.043674592,-0.028131332,94.0,-1.0,1,0
7,cycle40_subj07_prior_low_1sess_150ep,394,29663,0.046170034,0.08837585,718,-0.042205818,517.0,0.0,156.5,155.5,0.0025784262,0.03843798,-0.035859555,511.0,0.0,0,0
7,cycle40_subj07_prior_low_1sess_150ep,395,29680,0.057795893,0.087961875,171,-0.030165982,143.0,0.0,46.55555555555556,48.0,0.0021944046,0.04368065,-0.041486245,142.0,-1.0,1,0
7,cycle40_subj07_prior_low_1sess_150ep,396,29711,0.08268753,0.096785516,718,-0.014097989,6.0,0.3333333333333333,2.5555555555555554,3.0,0.022211317,0.047221486,-0.025010169,5.0,-0.6666666666666667,1,0
7,cycle40_subj07_prior_low_1sess_150ep,397,29837,0.06637888,0.092735305,718,-0.026356429,99.0,0.0,35.75,35.0,0.024605595,0.03898268,-0.014377084,89.0,0.0,0,0
7,cycle40_subj07_prior_low_1sess_150ep,398,29886,0.046904836,0.090091184,718,-0.043186348,479.0,0.0,142.75,143.5,-6.759539e-05,0.036445297,-0.036512893,477.0,-0.625,0,0
7,cycle40_subj07_prior_low_1sess_150ep,399,29919,0.0899456,0.103219755,718,-0.013274156,3.0,0.3333333333333333,2.0,2.0,0.018957928,0.04379488,-0.024836954,2.0,-0.6666666666666667,1,0
7,cycle40_subj07_prior_low_1sess_150ep,400,29980,0.057975713,0.095914364,718,-0.03793865,274.0,0.0,80.625,81.0,0.022525523,0.04292031,-0.020394787,159.0,0.0,0,0
7,cycle40_subj07_prior_low_1sess_150ep,401,30081,0.042912573,0.08764404,380,-0.044731468,395.0,0.0,125.42857142857143,127.0,-0.012406297,0.03263457,-0.04504087,394.0,-1.0,1,0
7,cycle40_subj07_prior_low_1sess_150ep,402,30373,0.04996372,0.08602423,718,-0.036060512,253.0,0.0,80.57142857142857,83.0,0.026817981,0.047701873,-0.020883892,235.0,0.0,0,0
7,cycle40_subj07_prior_low_1sess_150ep,403,30395,0.09499735,0.093723774,718,0.0012735724,1.0,1.0,1.0,1.0,0.029158182,0.035261698,-0.0061035156,0.0,0.0,0,0
7,cycle40_subj07_prior_low_1sess_150ep,404,30407,0.051909387,0.09562926,718,-0.043719873,408.0,0.0,125.6,126.0,0.013771944,0.04232936,-0.028557416,362.0,0.0,0,0
7,cycle40_subj07_prior_low_1sess_150ep,405,30430,0.06334965,0.092861466,718,-0.029511817,136.0,0.0,42.0,42.0,0.0038481206,0.03853846,-0.03469034,135.0,-1.0,1,0
7,cycle40_subj07_prior_low_1sess_150ep,406,30563,0.0542081,0.08711325,718,-0.032905146,294.0,0.0,88.875,90.5,0.0030619204,0.03576972,-0.0327078,292.0,-0.5,0,0
7,cycle40_subj07_prior_low_1sess_150ep,407,30601,0.05686993,0.09234112,718,-0.035471186,222.0,0.0,67.84615384615384,66.0,0.002739489,0.042543944,-0.039804455,221.0,-1.0,1,0
7,cycle40_subj07_prior_low_1sess_150ep,408,30632,0.056198183,0.09618195,718,-0.039983768,316.0,0.0,99.0909090909091,99.0,0.011106394,0.044113178,-0.033006784,307.0,0.0,0,0
7,cycle40_subj07_prior_low_1sess_150ep,409,30672,0.07242305,0.09394978,718,-0.021526732,51.0,0.0,17.4,18.0,0.01788485,0.04088861,-0.02300376,50.0,-1.0,1,0
7,cycle40_subj07_prior_low_1sess_150ep,410,30674,0.07583149,0.096187696,718,-0.020356208,25.0,0.0,9.0,9.0,0.01826267,0.04395069,-0.025688022,24.0,-1.0,1,0
7,cycle40_subj07_prior_low_1sess_150ep,411,30847,0.059901733,0.098625496,718,-0.038723763,277.0,0.0,84.91666666666667,85.0,0.026623167,0.03410907,-0.007485904,124.0,0.0,0,0
7,cycle40_subj07_prior_low_1sess_150ep,412,30856,0.042566683,0.083578706,718,-0.041012023,493.0,0.0,154.11111111111111,155.0,0.004918743,0.04154998,-0.036631238,488.0,-0.5555555555555556,0,0
7,cycle40_subj07_prior_low_1sess_150ep,413,30887,0.07136697,0.090639785,718,-0.019272812,54.0,0.0,15.5,15.5,0.013071239,0.04491058,-0.03183934,53.0,-1.0,1,0
7,cycle40_subj07_prior_low_1sess_150ep,414,30922,0.06783216,0.08904262,569,-0.021210462,75.0,0.0,25.666666666666668,26.0,0.012840785,0.03950799,-0.026667204,74.0,-1.0,1,0
7,cycle40_subj07_prior_low_1sess_150ep,415,30935,0.027764732,0.091081575,718,-0.063316844,930.0,0.0,278.3333333333333,278.5,-0.017892515,0.040854134,-0.05874665,927.0,-0.3333333333333333,0,0
7,cycle40_subj07_prior_low_1sess_150ep,416,30954,0.05157286,0.0968165,227,-0.045243643,379.0,0.0,116.85714285714286,114.0,0.0052370876,0.045829106,-0.04059202,375.0,-0.2857142857142857,0,0
7,cycle40_subj07_prior_low_1sess_150ep,417,31028,0.09865625,0.10718018,718,-0.008523926,2.0,0.5555555555555556,1.4444444444444444,1.0,0.0466787,0.058902487,-0.012223788,1.0,-0.4444444444444444,1,0
7,cycle40_subj07_prior_low_1sess_150ep,418,31049,0.05305577,0.092856675,141,-0.039800905,423.0,0.0,127.11111111111111,127.0,0.016410671,0.0388865,-0.022475827,303.0,0.0,0,0
7,cycle40_subj07_prior_low_1sess_150ep,419,31064,0.04943198,0.08849216,178,-0.039060183,408.0,0.0,124.875,125.0,0.00398254,0.035841484,-0.031858943,405.0,-0.375,0,0
7,cycle40_subj07_prior_low_1sess_150ep,420,31123,0.064471565,0.093802,171,-0.029330432,137.0,0.0,46.0,46.5,0.010829456,0.027521208,-0.016691752,135.0,-0.8333333333333334,0,0
7,cycle40_subj07_prior_low_1sess_150ep,421,31233,0.08232789,0.10143339,718,-0.019105501,13.0,0.0,4.333333333333333,5.0,0.025980122,0.051108334,-0.025128212,12.0,-1.0,1,0
7,cycle40_subj07_prior_low_1sess_150ep,422,31349,0.07285503,0.0887441,178,-0.015889063,18.0,0.0,7.857142857142857,7.0,0.030453134,0.04027579,-0.0098226555,15.0,-0.42857142857142855,0,0
7,cycle40_subj07_prior_low_1sess_150ep,423,31446,0.039867833,0.09046369,718,-0.050595857,678.0,0.0,204.2,205.0,0.0008729324,0.041795827,-0.040922895,651.0,0.0,0,0
7,cycle40_subj07_prior_low_1sess_150ep,424,31659,0.06717272,0.0970318,718,-0.02985908,114.0,0.0,35.57142857142857,38.0,0.028533284,0.043757338,-0.015224054,68.0,0.0,0,0
7,cycle40_subj07_prior_low_1sess_150ep,425,31747,0.076058,0.09457344,718,-0.018515438,33.0,0.0,11.636363636363637,11.0,0.042208668,0.052166022,-0.0099573545,1.0,0.0,0,0
7,cycle40_subj07_prior_low_1sess_150ep,426,31782,0.07176346,0.08998113,718,-0.018217668,19.0,0.0,6.25,7.0,0.03670663,0.04777929,-0.011072658,12.0,-0.125,0,0
7,cycle40_subj07_prior_low_1sess_150ep,427,31801,0.058990043,0.08884348,718,-0.029853437,201.0,0.0,60.6,59.0,0.005795624,0.03362089,-0.027825266,199.0,-1.0,0,0
7,cycle40_subj07_prior_low_1sess_150ep,428,31837,0.054801457,0.09012676,718,-0.035325304,241.0,0.0,77.22222222222223,76.0,-0.0012021251,0.04207366,-0.043275785,240.0,-1.0,1,0
7,cycle40_subj07_prior_low_1sess_150ep,429,31936,0.048386656,0.08770795,718,-0.039321296,401.0,0.0,124.63636363636364,126.0,0.0013424419,0.046120934,-0.044778492,400.0,-1.0,1,0
7,cycle40_subj07_prior_low_1sess_150ep,430,31964,0.089107916,0.089376956,718,-0.00026904047,2.0,0.7272727272727273,1.2727272727272727,1.0,0.020192765,0.031668864,-0.0114760995,1.0,-0.2727272727272727,1,0
7,cycle40_subj07_prior_low_1sess_150ep,431,32053,0.07115623,0.10215057,718,-0.030994333,98.0,0.0,31.0,31.0,0.030669387,0.04291357,-0.012244184,48.0,0.0,0,0
7,cycle40_subj07_prior_low_1sess_150ep,432,32232,0.060823645,0.09307755,171,-0.032253902,157.0,0.0,51.92307692307692,51.0,0.036198527,0.04533119,-0.009132663,16.0,0.0,0,0
7,cycle40_subj07_prior_low_1sess_150ep,433,32303,0.053873904,0.08820384,171,-0.034329936,265.0,0.0,82.4,83.0,0.0021201745,0.038192295,-0.03607212,264.0,-1.0,1,0
7,cycle40_subj07_prior_low_1sess_150ep,434,32307,0.07583664,0.09899355,718,-0.023156904,36.0,0.0,12.555555555555555,13.0,0.018290889,0.046004392,-0.027713504,35.0,-1.0,1,0
7,cycle40_subj07_prior_low_1sess_150ep,435,32625,0.053935878,0.089876086,718,-0.035940208,229.0,0.0,71.75,70.5,0.026726296,0.042001635,-0.015275339,205.0,0.0,0,0
7,cycle40_subj07_prior_low_1sess_150ep,436,32643,0.070005946,0.09611044,718,-0.026104495,81.0,0.0,25.941176470588236,26.0,0.02844568,0.039506737,-0.011061057,60.0,0.0,0,0
7,cycle40_subj07_prior_low_1sess_150ep,437,32716,0.06806144,0.0893496,171,-0.021288157,58.0,0.0,17.375,18.5,0.007253088,0.040527478,-0.03327439,57.0,-1.0,1,0
7,cycle40_subj07_prior_low_1sess_150ep,438,32771,0.06708351,0.09283051,718,-0.025747001,94.0,0.0,29.875,28.5,0.011716962,0.038393766,-0.026676804,93.0,-1.0,1,0
7,cycle40_subj07_prior_low_1sess_150ep,439,32772,0.048120633,0.089840285,718,-0.041719653,451.0,0.0,135.9,137.0,0.01748005,0.043192863,-0.025712814,387.0,0.0,0,0
7,cycle40_subj07_prior_low_1sess_150ep,440,32857,0.06365137,0.089363076,718,-0.025711708,109.0,0.0,34.833333333333336,34.5,0.018121287,0.03778278,-0.019661494,106.0,-0.5,0,0
7,cycle40_subj07_prior_low_1sess_150ep,441,32891,0.057906225,0.08771059,178,-0.029804364,160.0,0.0,53.375,54.0,0.01569635,0.039335962,-0.023639612,156.0,-0.25,0,0
7,cycle40_subj07_prior_low_1sess_150ep,442,32910,0.077027746,0.09609068,718,-0.019062936,18.0,0.0,5.666666666666667,6.5,0.030247305,0.053921975,-0.02367467,17.0,-1.0,1,0
7,cycle40_subj07_prior_low_1sess_150ep,443,33131,0.06578478,0.100233525,718,-0.034448743,148.0,0.0,47.57142857142857,46.0,0.015835036,0.043455303,-0.027620267,142.0,-0.14285714285714285,0,0
7,cycle40_subj07_prior_low_1sess_150ep,444,33171,0.074952394,0.090440966,718,-0.015488572,25.0,0.0,8.25,8.5,0.03473029,0.044810735,-0.010080446,23.0,-1.0,0,0
7,cycle40_subj07_prior_low_1sess_150ep,445,33189,0.08166646,0.09699603,171,-0.01532957,20.0,0.0,6.25,5.5,0.041608974,0.045083147,-0.0034741722,-5.0,0.0,0,0
7,cycle40_subj07_prior_low_1sess_150ep,446,33245,0.04821616,0.098145425,718,-0.049929265,531.0,0.0,163.16666666666666,163.0,0.010161366,0.04947922,-0.039317854,499.0,0.0,0,0
7,cycle40_subj07_prior_low_1sess_150ep,447,33289,0.06646737,0.091176376,718,-0.024709009,126.0,0.0,41.90909090909091,40.0,0.03851343,0.04525852,-0.0067450907,-24.0,0.0,0,0
7,cycle40_subj07_prior_low_1sess_150ep,448,33521,0.07569028,0.099713385,718,-0.024023108,47.0,0.0,15.285714285714286,16.0,0.029416066,0.049720276,-0.02030421,39.0,0.0,0,0
7,cycle40_subj07_prior_low_1sess_150ep,449,33543,0.07258199,0.09268698,171,-0.02010499,39.0,0.0,13.333333333333334,13.5,0.008574732,0.036345273,-0.027770542,38.0,-1.0,1,0
7,cycle40_subj07_prior_low_1sess_150ep,450,33752,0.07003191,0.09234071,718,-0.022308797,68.0,0.0,21.533333333333335,21.0,0.023462873,0.032293946,-0.008831073,63.0,-0.2,0,0
7,cycle40_subj07_prior_low_1sess_150ep,451,33813,0.06393572,0.09188548,718,-0.027949758,119.0,0.0,37.3,37.5,0.030821882,0.044624183,-0.013802301,79.0,0.0,0,0
7,cycle40_subj07_prior_low_1sess_150ep,452,33906,0.05174029,0.086567976,178,-0.034827687,298.0,0.0,87.33333333333333,85.0,0.022260487,0.04236253,-0.020102043,270.0,0.0,0,0
7,cycle40_subj07_prior_low_1sess_150ep,453,34068,0.049607787,0.09482134,718,-0.045213554,454.0,0.0,138.5,139.0,0.018082421,0.04102605,-0.022943627,354.0,0.0,0,0
7,cycle40_subj07_prior_low_1sess_150ep,454,34080,0.07885972,0.099081874,718,-0.020222157,20.0,0.0,6.625,6.5,0.03210612,0.045388337,-0.013282217,12.0,-0.125,0,0
7,cycle40_subj07_prior_low_1sess_150ep,455,34089,0.06902991,0.09407835,171,-0.025048435,83.0,0.0,25.9,25.0,0.016536452,0.03972989,-0.023193438,80.0,-0.6,0,0
7,cycle40_subj07_prior_low_1sess_150ep,456,34126,0.06557979,0.09109441,141,-0.025514625,100.0,0.0,31.666666666666668,32.0,0.008335181,0.030697882,-0.022362702,98.0,-0.4444444444444444,0,0
7,cycle40_subj07_prior_low_1sess_150ep,457,34186,0.03940347,0.08900543,718,-0.049601965,579.0,0.0,173.27272727272728,173.0,0.0049246103,0.050679114,-0.045754503,573.0,-0.18181818181818182,0,0
7,cycle40_subj07_prior_low_1sess_150ep,458,34238,0.071828246,0.09214346,171,-0.020315215,49.0,0.0,14.777777777777779,15.0,0.026126467,0.041518904,-0.015392438,43.0,-0.3333333333333333,0,0
7,cycle40_subj07_prior_low_1sess_150ep,459,34418,0.042920582,0.09457062,141,-0.05165004,669.0,0.0,202.375,200.0,0.029323986,0.03453739,-0.005213402,45.0,0.0,0,0
7,cycle40_subj07_prior_low_1sess_150ep,460,34603,0.0761847,0.09106904,178,-0.014884345,18.0,0.0,6.214285714285714,6.0,0.016234167,0.028277166,-0.012042999,16.0,-0.42857142857142855,0,0
7,cycle40_subj07_prior_low_1sess_150ep,461,34751,0.08874387,0.09528197,718,-0.0065381005,4.0,0.375,1.875,2.0,0.024983563,0.043785673,-0.01880211,3.0,-0.625,1,0
7,cycle40_subj07_prior_low_1sess_150ep,462,34829,0.05398424,0.101163775,718,-0.047179535,317.0,0.0,98.8,100.0,0.0044277124,0.043493044,-0.03906533,311.0,-0.1,0,0
7,cycle40_subj07_prior_low_1sess_150ep,463,34845,0.0648661,0.0948437,171,-0.029977597,111.0,0.0,37.44444444444444,37.0,0.015941296,0.03867771,-0.022736415,102.0,0.0,0,0
7,cycle40_subj07_prior_low_1sess_150ep,464,34850,0.068392396,0.09446002,718,-0.026067622,95.0,0.0,28.444444444444443,27.0,0.01853092,0.045923125,-0.027392205,94.0,-1.0,1,0
7,cycle40_subj07_prior_low_1sess_150ep,465,34874,0.052698348,0.098516114,718,-0.045817766,352.0,0.0,107.42857142857143,110.0,-0.007742051,0.047415245,-0.055157296,351.0,-1.0,1,0
7,cycle40_subj07_prior_low_1sess_150ep,466,34975,0.031931255,0.08443668,718,-0.052505422,829.0,0.0,248.5,248.5,0.0018563978,0.03356589,-0.031709492,760.0,0.0,0,0
7,cycle40_subj07_prior_low_1sess_150ep,467,35094,0.08209051,0.09239057,178,-0.010300055,14.0,0.0,4.666666666666667,4.0,0.028437227,0.034873374,-0.006436147,11.0,-0.6666666666666666,0,0
7,cycle40_subj07_prior_low_1sess_150ep,468,35129,0.07772325,0.095362596,718,-0.017639346,24.0,0.0,9.0,9.5,0.023424894,0.040954508,-0.017529614,22.0,-0.5,0,0
7,cycle40_subj07_prior_low_1sess_150ep,469,35743,0.08284185,0.09868397,718,-0.015842117,12.0,0.0,5.0,5.5,0.030736864,0.043676253,-0.01293939,9.0,-0.4166666666666667,0,0
7,cycle40_subj07_prior_low_1sess_150ep,470,35752,0.05385262,0.093380965,718,-0.039528344,358.0,0.0,107.71428571428571,107.0,0.010723885,0.046105914,-0.03538203,353.0,-0.2857142857142857,0,0
7,cycle40_subj07_prior_low_1sess_150ep,471,35790,0.061873667,0.09430152,171,-0.032427855,194.0,0.0,62.07692307692308,63.0,0.01640578,0.037680294,-0.021274514,173.0,0.0,0,0
7,cycle40_subj07_prior_low_1sess_150ep,472,35798,0.06539324,0.0939523,718,-0.028559059,130.0,0.0,40.44444444444444,41.0,0.02065909,0.04759849,-0.0269394,128.0,-0.7777777777777778,0,0
7,cycle40_subj07_prior_low_1sess_150ep,473,35986,0.06465564,0.09402255,718,-0.02936691,107.0,0.0,32.44444444444444,32.0,0.013086107,0.0473578,-0.034271695,106.0,-1.0,1,0
7,cycle40_subj07_prior_low_1sess_150ep,474,36067,0.0722566,0.099684075,718,-0.027427472,44.0,0.0,15.272727272727273,15.0,0.023013309,0.05671386,-0.03370055,43.0,-1.0,1,0
7,cycle40_subj07_prior_low_1sess_150ep,475,36258,0.052766275,0.090106085,718,-0.03733981,312.0,0.0,94.6,95.0,-0.0053167604,0.031130861,-0.036447622,310.0,-0.7,0,0
7,cycle40_subj07_prior_low_1sess_150ep,476,36476,0.09051313,0.10314298,718,-0.012629844,4.0,0.4166666666666667,1.8333333333333333,2.0,0.04533456,0.044380803,0.0009537563,-37.0,0.4166666666666667,0,0
7,cycle40_subj07_prior_low_1sess_150ep,477,36569,0.06471533,0.100151435,718,-0.0354361,173.0,0.0,54.5,54.5,0.019450355,0.03675443,-0.017304074,141.0,0.0,0,0
7,cycle40_subj07_prior_low_1sess_150ep,478,36576,0.053954206,0.08530148,718,-0.031347275,211.0,0.0,67.5,66.0,0.015393123,0.03723841,-0.021845289,205.0,-0.2,0,0
7,cycle40_subj07_prior_low_1sess_150ep,479,36623,0.06263776,0.092280194,718,-0.029642433,167.0,0.0,51.888888888888886,54.0,0.0036578216,0.035702106,-0.032044284,166.0,-1.0,1,0
7,cycle40_subj07_prior_low_1sess_150ep,480,36629,0.072225645,0.095948964,718,-0.02372332,52.0,0.0,16.8,18.5,0.010646407,0.0418915,-0.031245094,51.0,-1.0,1,0
7,cycle40_subj07_prior_low_1sess_150ep,481,36682,0.09139183,0.10305453,718,-0.011662699,3.0,0.625,1.375,1.0,0.035621494,0.050482754,-0.01486126,2.0,-0.375,1,0
7,cycle40_subj07_prior_low_1sess_150ep,482,36731,0.052170094,0.09020649,541,-0.038036395,306.0,0.0,89.5,90.5,-0.007933237,0.04028108,-0.048214316,305.0,-1.0,1,0
7,cycle40_subj07_prior_low_1sess_150ep,483,36759,0.05576913,0.097040065,718,-0.041270934,311.0,0.0,95.27272727272727,94.0,0.008013073,0.04854579,-0.040532716,307.0,-0.5454545454545454,0,0
7,cycle40_subj07_prior_low_1sess_150ep,484,36910,0.095165,0.09363521,141,0.0015297905,1.0,1.0,1.0,1.0,0.028469801,0.042831484,-0.014361683,0.0,0.0,0,0
7,cycle40_subj07_prior_low_1sess_150ep,485,36945,0.061827093,0.09828975,718,-0.036462657,175.0,0.0,58.0,56.0,0.02648471,0.05186808,-0.025383372,163.0,0.0,0,0
7,cycle40_subj07_prior_low_1sess_150ep,486,36974,0.069565415,0.09485792,718,-0.025292508,65.0,0.0,21.90909090909091,23.0,0.021672789,0.050552584,-0.028879795,64.0,-1.0,1,0
7,cycle40_subj07_prior_low_1sess_150ep,487,36978,0.079954095,0.09320428,718,-0.013250187,13.0,0.0,5.0,5.0,0.023878492,0.037262138,-0.013383646,12.0,-1.0,1,0
7,cycle40_subj07_prior_low_1sess_150ep,488,37059,0.05223173,0.08670992,171,-0.034478188,254.0,0.0,78.625,78.5,0.018543344,0.050103173,-0.03155983,247.0,0.0,0,0
7,cycle40_subj07_prior_low_1sess_150ep,489,37221,0.05478729,0.09712114,718,-0.042333852,268.0,0.0,85.125,84.0,0.015274052,0.048129354,-0.032855302,264.0,-0.25,0,0
7,cycle40_subj07_prior_low_1sess_150ep,490,37224,0.06870447,0.09175371,141,-0.023049235,52.0,0.0,18.818181818181817,20.0,0.00014994293,0.037682924,-0.03753298,51.0,-1.0,1,0
7,cycle40_subj07_prior_low_1sess_150ep,491,37436,0.035003476,0.085085966,171,-0.05008249,683.0,0.0,207.625,207.5,0.007393183,0.04665512,-0.039261937,663.0,0.0,0,0
7,cycle40_subj07_prior_low_1sess_150ep,492,37494,0.062687285,0.08803542,141,-0.025348134,118.0,0.0,38.8,38.0,0.0037953705,0.04134655,-0.03755118,117.0,-1.0,1,0
7,cycle40_subj07_prior_low_1sess_150ep,493,37608,0.06673396,0.08955982,171,-0.022825867,92.0,0.0,29.25,29.0,0.0018185824,0.038855564,-0.03703698,91.0,-1.0,1,0
7,cycle40_subj07_prior_low_1sess_150ep,494,37736,0.06941756,0.095154874,109,-0.025737315,88.0,0.0,27.9,27.5,0.019282252,0.0384627,-0.019180447,84.0,-0.3,0,0
7,cycle40_subj07_prior_low_1sess_150ep,495,37801,0.08111274,0.09190307,718,-0.010790326,11.0,0.1,4.0,4.0,0.02707427,0.043091677,-0.016017407,10.0,-0.9,1,0
7,cycle40_subj07_prior_low_1sess_150ep,496,37927,0.03897544,0.0827388,380,-0.043763362,637.0,0.0,192.8181818181818,193.0,0.006410159,0.04085727,-0.03444711,620.0,-0.09090909090909091,0,0
7,cycle40_subj07_prior_low_1sess_150ep,497,38022,0.06980077,0.09336166,718,-0.023560889,70.0,0.0,26.6,26.0,0.016023051,0.04413354,-0.02811049,69.0,-1.0,1,0
7,cycle40_subj07_prior_low_1sess_150ep,498,38025,0.046363875,0.0966078,718,-0.05024392,592.0,0.0,182.7,181.5,0.012914352,0.04129362,-0.028379269,472.0,0.0,0,0
7,cycle40_subj07_prior_low_1sess_150ep,499,38060,0.07790352,0.098560825,718,-0.020657308,28.0,0.0,10.363636363636363,11.0,0.014271878,0.037414797,-0.023142919,27.0,-1.0,1,0
7,cycle40_subj07_prior_low_1sess_150ep,500,38246,0.07767495,0.100053355,718,-0.022378407,29.0,0.0,9.2,9.0,0.019652124,0.037974905,-0.01832278,27.0,-0.8,0,0
7,cycle40_subj07_prior_low_1sess_150ep,501,38278,0.052488327,0.08614316,171,-0.03365483,300.0,0.0,91.625,91.0,0.010409094,0.03677556,-0.026366465,293.0,0.0,0,0
7,cycle40_subj07_prior_low_1sess_150ep,502,38297,0.057081167,0.09539549,718,-0.038314324,220.0,0.0,69.9090909090909,68.0,0.012763977,0.053463772,-0.040699795,219.0,-1.0,1,0
7,cycle40_subj07_prior_low_1sess_150ep,503,38310,0.0777163,0.0999481,718,-0.022231802,36.0,0.0,12.666666666666666,13.0,0.027415652,0.040785547,-0.0133698955,30.0,-0.1111111111111111,0,0
7,cycle40_subj07_prior_low_1sess_150ep,504,38358,0.06171692,0.090269156,718,-0.028552234,143.0,0.0,45.2,47.0,0.019369926,0.041572582,-0.022202656,132.0,0.0,0,0
7,cycle40_subj07_prior_low_1sess_150ep,505,38483,0.06551958,0.09359615,171,-0.028076574,128.0,0.0,43.333333333333336,41.0,0.013915174,0.043332677,-0.029417504,127.0,-1.0,1,0
7,cycle40_subj07_prior_low_1sess_150ep,506,38486,0.052496646,0.09812464,718,-0.045627993,319.0,0.0,98.9,97.0,0.009156514,0.04867595,-0.039519437,316.0,-0.6,0,0
7,cycle40_subj07_prior_low_1sess_150ep,507,38494,0.04831299,0.09010617,718,-0.041793175,420.0,0.0,128.66666666666666,128.0,-0.016179435,0.03627192,-0.052451354,419.0,-1.0,1,0
7,cycle40_subj07_prior_low_1sess_150ep,508,38641,0.07499341,0.09260046,718,-0.017607048,24.0,0.0,7.444444444444445,8.0,0.025036078,0.05082303,-0.025786951,23.0,-1.0,1,0
7,cycle40_subj07_prior_low_1sess_150ep,509,38794,0.061939582,0.08311579,174,-0.021176204,124.0,0.0,38.09090909090909,39.0,0.005416885,0.028121803,-0.022704918,123.0,-1.0,1,0
7,cycle40_subj07_prior_low_1sess_150ep,510,38817,0.063316636,0.08930125,718,-0.025984615,97.0,0.0,28.857142857142858,30.0,0.0029425137,0.036981452,-0.03403894,96.0,-1.0,1,0
7,cycle40_subj07_prior_low_1sess_150ep,511,38829,0.05705932,0.093787275,718,-0.036727954,235.0,0.0,73.33333333333333,74.0,0.00974936,0.03972405,-0.029974688,224.0,0.0,0,0
7,cycle40_subj07_prior_low_1sess_150ep,512,38853,0.067336604,0.09354736,718,-0.026210755,78.0,0.0,23.571428571428573,25.0,0.016415335,0.04401416,-0.027598824,77.0,-1.0,1,0
7,cycle40_subj07_prior_low_1sess_150ep,513,38978,0.061187048,0.09466157,718,-0.033474524,135.0,0.0,44.0,42.0,0.0093772635,0.050092965,-0.040715702,134.0,-1.0,1,0
7,cycle40_subj07_prior_low_1sess_150ep,514,39047,0.06689772,0.09768738,718,-0.030789658,145.0,0.0,45.5,47.0,0.019410066,0.042200968,-0.022790901,138.0,-0.16666666666666666,0,0
7,cycle40_subj07_prior_low_1sess_150ep,515,39058,0.061683033,0.09155844,178,-0.029875409,141.0,0.0,46.833333333333336,46.5,0.017310772,0.034715835,-0.017405063,130.0,0.0,0,0
7,cycle40_subj07_prior_low_1sess_150ep,516,39095,0.061794553,0.090806335,718,-0.029011782,158.0,0.0,48.4,49.0,0.0077373236,0.039238494,-0.03150117,157.0,-1.0,1,0
7,cycle40_subj07_prior_low_1sess_150ep,517,39289,0.07268677,0.09035919,718,-0.01767242,27.0,0.0,8.8,9.5,0.014050934,0.040259283,-0.026208349,26.0,-1.0,1,0
7,cycle40_subj07_prior_low_1sess_150ep,518,39298,0.06858387,0.08149455,718,-0.012910679,32.0,0.0,10.5,11.0,0.010678634,0.03543619,-0.024757557,31.0,-1.0,1,0
7,cycle40_subj07_prior_low_1sess_150ep,519,39369,0.067774706,0.08659807,718,-0.018823363,44.0,0.0,12.857142857142858,12.0,0.020533297,0.028666448,-0.008133151,42.0,-0.8571428571428571,0,0
7,cycle40_subj07_prior_low_1sess_150ep,520,39402,0.07109384,0.09011964,718,-0.019025795,34.0,0.0,12.0,11.0,0.0025361106,0.03590348,-0.03336737,33.0,-1.0,1,0
7,cycle40_subj07_prior_low_1sess_150ep,521,39509,0.056509055,0.09240458,718,-0.035895526,289.0,0.0,88.11111111111111,88.0,0.013344914,0.029387072,-0.016042158,265.0,0.0,0,0
7,cycle40_subj07_prior_low_1sess_150ep,522,39547,0.06407797,0.09641285,718,-0.03233488,184.0,0.0,56.22222222222222,57.0,0.006585449,0.040442023,-0.033856574,183.0,-1.0,1,0
7,cycle40_subj07_prior_low_1sess_150ep,523,39553,0.08226345,0.09810519,567,-0.015841745,12.0,0.1,4.0,4.0,0.030454822,0.03215842,-0.0017035976,10.0,-0.6,0,0
7,cycle40_subj07_prior_low_1sess_150ep,524,39841,0.093693845,0.095856555,718,-0.0021627098,4.0,0.25,1.75,2.0,0.032795083,0.03702245,-0.0042273663,3.0,-0.75,1,0
7,cycle40_subj07_prior_low_1sess_150ep,525,39997,0.08059864,0.09096708,718,-0.010368444,21.0,0.1,5.8,6.5,0.025154423,0.036075868,-0.010921445,20.0,-0.9,1,0
7,cycle40_subj07_prior_low_1sess_150ep,526,40153,0.06251686,0.08874092,11,-0.026224062,133.0,0.0,40.09090909090909,40.0,0.013089459,0.03730357,-0.024214111,131.0,-0.45454545454545453,0,0
7,cycle40_subj07_prior_low_1sess_150ep,527,40235,0.07403907,0.09132675,718,-0.017287679,16.0,0.0,6.0,6.0,0.03938701,0.044184808,-0.0047977977,-3.0,0.0,0,0
7,cycle40_subj07_prior_low_1sess_150ep,528,40423,0.05303931,0.083211474,718,-0.030172165,161.0,0.0,49.1,48.5,-0.0032854117,0.041790012,-0.045075424,160.0,-1.0,1,0
7,cycle40_subj07_prior_low_1sess_150ep,529,40548,0.0434729,0.08854911,947,-0.045076206,551.0,0.0,167.125,166.5,0.007883109,0.03201794,-0.02413483,535.0,0.0,0,0
7,cycle40_subj07_prior_low_1sess_150ep,530,40575,0.074881315,0.08967751,141,-0.014796197,33.0,0.0,11.0,12.0,0.018157016,0.0469268,-0.028769784,32.0,-1.0,1,0
7,cycle40_subj07_prior_low_1sess_150ep,531,40721,0.04570337,0.09685046,718,-0.051147092,601.0,0.0,183.75,183.5,0.010544177,0.045879018,-0.03533484,551.0,0.0,0,0
7,cycle40_subj07_prior_low_1sess_150ep,532,40770,0.06960496,0.093765914,718,-0.024160951,78.0,0.0,24.916666666666668,24.5,0.010948285,0.039480355,-0.02853207,77.0,-1.0,1,0
7,cycle40_subj07_prior_low_1sess_150ep,533,40840,0.061073627,0.09401857,718,-0.032944944,211.0,0.0,65.0,67.0,0.0011887923,0.03754212,-0.036353327,210.0,-1.0,1,0
7,cycle40_subj07_prior_low_1sess_150ep,534,40846,0.075907566,0.09814104,718,-0.022233471,22.0,0.0,7.625,8.0,0.036025897,0.046959687,-0.01093379,1.0,0.0,0,0
7,cycle40_subj07_prior_low_1sess_150ep,535,40909,0.06810732,0.0872011,718,-0.019093782,78.0,0.0,24.46153846153846,24.0,0.012815736,0.03700713,-0.024191394,77.0,-1.0,1,0
7,cycle40_subj07_prior_low_1sess_150ep,536,40920,0.05457667,0.085534826,718,-0.030958157,276.0,0.0,85.8,87.0,0.013958901,0.031213362,-0.01725446,258.0,0.0,0,0
7,cycle40_subj07_prior_low_1sess_150ep,537,40924,0.09964609,0.10016535,171,-0.00051926076,2.0,0.7142857142857143,1.2857142857142858,1.0,0.023916334,0.04581359,-0.021897256,1.0,-0.2857142857142857,1,0
7,cycle40_subj07_prior_low_1sess_150ep,538,40935,0.063502155,0.094839424,718,-0.03133727,149.0,0.0,49.09090909090909,47.0,0.017141327,0.043608744,-0.026467416,146.0,-0.2727272727272727,0,0
7,cycle40_subj07_prior_low_1sess_150ep,539,40979,0.037024274,0.0806628,178,-0.043638527,651.0,0.0,198.875,198.0,-0.0026571043,0.03499533,-0.037652433,649.0,-0.625,0,0
7,cycle40_subj07_prior_low_1sess_150ep,540,41056,0.075836286,0.08957058,718,-0.013734296,12.0,0.0,4.0,4.5,0.017465122,0.040961236,-0.023496114,11.0,-1.0,1,0
7,cycle40_subj07_prior_low_1sess_150ep,541,41097,0.08921801,0.10192,718,-0.012701988,5.0,0.0,2.3333333333333335,2.0,0.024364837,0.036686167,-0.012321331,3.0,-1.0,0,0
7,cycle40_subj07_prior_low_1sess_150ep,542,41116,0.057236284,0.0912543,718,-0.034018017,182.0,0.0,57.42857142857143,57.0,0.006825816,0.04356902,-0.036743205,181.0,-1.0,1,0
7,cycle40_subj07_prior_low_1sess_150ep,543,41137,0.08693507,0.09425492,171,-0.0073198453,6.0,0.3,2.4,2.0,0.018741429,0.040754005,-0.022012576,5.0,-0.7,1,0
7,cycle40_subj07_prior_low_1sess_150ep,544,41162,0.05258036,0.09078479,718,-0.038204428,262.0,0.0,79.125,82.5,-0.0009343736,0.03787813,-0.038812503,261.0,-1.0,1,0
7,cycle40_subj07_prior_low_1sess_150ep,545,41482,0.09173371,0.08976446,718,0.001969248,1.0,1.0,1.0,1.0,0.027404003,0.038935307,-0.011531305,0.0,0.0,0,0
7,cycle40_subj07_prior_low_1sess_150ep,546,41566,0.06555596,0.09327483,718,-0.027718872,124.0,0.0,37.333333333333336,36.0,0.019118443,0.04034644,-0.021227997,118.0,0.0,0,0
7,cycle40_subj07_prior_low_1sess_150ep,547,41574,0.066872284,0.09177966,718,-0.024907373,86.0,0.0,27.375,26.0,0.010207791,0.033728372,-0.023520581,84.0,-0.875,0,0
7,cycle40_subj07_prior_low_1sess_150ep,548,41623,0.053752277,0.09166665,178,-0.03791437,313.0,0.0,100.0,98.0,0.016858462,0.03833409,-0.021475628,261.0,0.0,0,0
7,cycle40_subj07_prior_low_1sess_150ep,549,41653,0.084089465,0.08818506,923,-0.0040955916,3.0,0.42857142857142855,1.5714285714285714,2.0,0.027205456,0.04070116,-0.013495702,2.0,-0.5714285714285714,1,0
7,cycle40_subj07_prior_low_1sess_150ep,550,41710,0.06324982,0.09668577,718,-0.03343595,148.0,0.0,45.5,46.5,0.017067503,0.044672012,-0.02760451,144.0,-0.5,0,0
7,cycle40_subj07_prior_low_1sess_150ep,551,41778,0.054113474,0.09401901,718,-0.039905537,244.0,0.0,74.375,73.5,0.010906685,0.03936762,-0.028460935,238.0,-0.125,0,0
7,cycle40_subj07_prior_low_1sess_150ep,552,41814,0.050529286,0.08644606,380,-0.035916775,422.0,0.0,128.8,128.0,-0.0016787797,0.028201092,-0.029879872,420.0,-0.8,0,0
7,cycle40_subj07_prior_low_1sess_150ep,553,41927,0.065118246,0.10091782,718,-0.035799578,170.0,0.0,56.111111111111114,56.0,0.0032450706,0.04042804,-0.037182968,169.0,-1.0,1,0
7,cycle40_subj07_prior_low_1sess_150ep,554,41934,0.06591016,0.09522232,718,-0.029312156,96.0,0.0,32.2,31.0,0.009677216,0.04423412,-0.034556903,95.0,-1.0,1,0
7,cycle40_subj07_prior_low_1sess_150ep,555,42007,0.057467327,0.08747139,171,-0.030004062,148.0,0.0,46.2,45.5,0.025129426,0.048166562,-0.023037136,137.0,0.0,0,0
7,cycle40_subj07_prior_low_1sess_150ep,556,42126,0.07540867,0.0924005,718,-0.016991831,12.0,0.0,3.9285714285714284,3.5,0.034857865,0.04620086,-0.011342995,7.0,-0.2857142857142857,0,0
7,cycle40_subj07_prior_low_1sess_150ep,557,42166,0.05298539,0.092532605,141,-0.039547216,358.0,0.0,106.42857142857143,107.0,0.010544021,0.0405409,-0.02999688,339.0,0.0,0,0
7,cycle40_subj07_prior_low_1sess_150ep,558,42171,0.06146503,0.087412626,141,-0.025947597,79.0,0.0,23.636363636363637,23.0,0.0030814484,0.046201497,-0.04312005,78.0,-1.0,1,0
7,cycle40_subj07_prior_low_1sess_150ep,559,42214,0.053240817,0.09489164,567,-0.04165082,358.0,0.0,108.6923076923077,110.0,-0.015555378,0.035899878,-0.051455256,357.0,-1.0,1,0
7,cycle40_subj07_prior_low_1sess_150ep,560,42224,0.06273118,0.09817127,718,-0.035440095,167.0,0.0,51.5,52.5,0.009481065,0.051303234,-0.04182217,166.0,-1.0,1,0
7,cycle40_subj07_prior_low_1sess_150ep,561,42238,0.04660017,0.0910572,718,-0.044457033,639.0,0.0,193.71428571428572,194.0,0.0063977838,0.0364455,-0.030047715,591.0,0.0,0,0
7,cycle40_subj07_prior_low_1sess_150ep,562,42299,0.05901667,0.099201806,718,-0.040185135,267.0,0.0,82.0,84.0,0.013220165,0.044350885,-0.03113072,258.0,-0.2857142857142857,0,0
7,cycle40_subj07_prior_low_1sess_150ep,563,42473,0.060168512,0.09116568,718,-0.030997165,203.0,0.0,64.0,64.5,0.028053947,0.04087487,-0.012820922,119.0,0.0,0,0
7,cycle40_subj07_prior_low_1sess_150ep,564,42563,0.07196879,0.09555101,109,-0.02358222,63.0,0.0,20.8,21.5,0.01930885,0.04074127,-0.021432418,60.0,-0.4,0,0
7,cycle40_subj07_prior_low_1sess_150ep,565,42642,0.059970647,0.09478307,718,-0.03481242,203.0,0.0,63.4,65.0,0.0325598,0.043660864,-0.011101063,41.0,0.0,0,0
7,cycle40_subj07_prior_low_1sess_150ep,566,42648,0.06327229,0.09695424,171,-0.03368195,221.0,0.0,69.5,71.5,0.025214948,0.042944927,-0.017729979,166.0,0.0,0,0
7,cycle40_subj07_prior_low_1sess_150ep,567,42697,0.10195806,0.10234755,718,-0.000389494,2.0,0.5555555555555556,1.4444444444444444,1.0,0.029434845,0.04449513,-0.015060287,1.0,-0.4444444444444444,1,0
7,cycle40_subj07_prior_low_1sess_150ep,568,42781,0.05864327,0.094709955,718,-0.036066685,210.0,0.0,65.75,66.5,0.014133498,0.03960985,-0.025476351,205.0,-0.25,0,0
7,cycle40_subj07_prior_low_1sess_150ep,569,42851,0.092101045,0.09021265,718,0.0018883944,1.0,1.0,1.0,1.0,0.03937703,0.05190437,-0.012527339,0.0,0.0,0,0
7,cycle40_subj07_prior_low_1sess_150ep,570,42912,0.06562486,0.09531791,718,-0.029693045,144.0,0.0,46.0,46.0,0.027466211,0.03307932,-0.0056131072,92.0,0.0,0,0
7,cycle40_subj07_prior_low_1sess_150ep,571,42946,0.06721425,0.091570616,171,-0.024356365,94.0,0.0,26.666666666666668,27.0,0.024764981,0.04138056,-0.016615577,89.0,-0.3333333333333333,0,0
7,cycle40_subj07_prior_low_1sess_150ep,572,42980,0.05726963,0.089999706,718,-0.032730076,154.0,0.0,47.714285714285715,48.0,0.004085742,0.043921657,-0.039835915,153.0,-1.0,1,0
7,cycle40_subj07_prior_low_1sess_150ep,573,43107,0.06502656,0.09532922,171,-0.030302659,169.0,0.0,53.6,54.0,0.018981308,0.03699758,-0.018016271,147.0,0.0,0,0
7,cycle40_subj07_prior_low_1sess_150ep,574,43156,0.049245246,0.087296896,171,-0.03805165,469.0,0.0,139.85714285714286,139.0,0.0063750334,0.033706624,-0.02733159,457.0,0.0,0,0
7,cycle40_subj07_prior_low_1sess_150ep,575,43157,0.06751291,0.092727974,481,-0.025215067,61.0,0.0,18.3,18.0,0.013360765,0.04771716,-0.034356397,60.0,-1.0,1,0
7,cycle40_subj07_prior_low_1sess_150ep,576,43159,0.085997775,0.09739929,227,-0.011401512,6.0,0.2,2.8,2.0,0.030842964,0.046142783,-0.015299819,5.0,-0.8,1,0
7,cycle40_subj07_prior_low_1sess_150ep,577,43164,0.079879075,0.09592088,718,-0.016041808,23.0,0.0,7.1,7.0,0.006981276,0.043026373,-0.036045097,22.0,-1.0,1,0
7,cycle40_subj07_prior_low_1sess_150ep,578,43224,0.08179548,0.10137369,718,-0.019578211,13.0,0.0,5.0,5.0,0.02795732,0.046051573,-0.018094253,11.0,-0.8333333333333334,0,0
7,cycle40_subj07_prior_low_1sess_150ep,579,43250,0.04583671,0.090115406,178,-0.044278696,535.0,0.0,167.54545454545453,170.0,0.0072941184,0.03864484,-0.03135072,523.0,0.0,0,0
7,cycle40_subj07_prior_low_1sess_150ep,580,43288,0.063241675,0.09440712,718,-0.031165443,156.0,0.0,48.90909090909091,50.0,0.003031101,0.041256696,-0.038225595,155.0,-1.0,1,0
7,cycle40_subj07_prior_low_1sess_150ep,581,43428,0.06655881,0.090051346,718,-0.023492537,77.0,0.0,21.6,19.0,-0.00035887212,0.038036127,-0.038395,76.0,-1.0,1,0
7,cycle40_subj07_prior_low_1sess_150ep,582,43429,0.045040466,0.093852445,718,-0.04881198,624.0,0.0,189.16666666666666,189.5,0.0032764226,0.046075016,-0.042798594,612.0,0.0,0,0
7,cycle40_subj07_prior_low_1sess_150ep,583,43445,0.06843509,0.09176514,227,-0.023330055,37.0,0.0,11.0,9.5,-0.0045462027,0.040161792,-0.044707995,36.0,-1.0,1,0
7,cycle40_subj07_prior_low_1sess_150ep,584,43465,0.088849895,0.0934971,718,-0.004647203,2.0,0.6,1.4,1.0,0.03844697,0.029699929,0.008747041,0.0,-0.09999999999999998,0,0
7,cycle40_subj07_prior_low_1sess_150ep,585,43500,0.062146336,0.0998973,718,-0.037750967,196.0,0.0,61.333333333333336,62.0,0.011614647,0.041450612,-0.029835965,193.0,-0.5833333333333334,0,0
7,cycle40_subj07_prior_low_1sess_150ep,586,43619,0.06776301,0.09785748,718,-0.030094475,115.0,0.0,34.25,35.5,0.016769808,0.04050702,-0.02373721,109.0,-0.08333333333333333,0,0
7,cycle40_subj07_prior_low_1sess_150ep,587,43675,0.05188084,0.09947279,718,-0.04759195,342.0,0.0,104.28571428571429,105.0,-0.0032470413,0.044536233,-0.047783274,341.0,-1.0,1,0
7,cycle40_subj07_prior_low_1sess_150ep,588,43689,0.09524236,0.09667494,227,-0.0014325827,2.0,0.9166666666666666,1.0833333333333333,1.0,0.033160787,0.035958566,-0.0027977787,1.0,-0.08333333333333337,1,0
7,cycle40_subj07_prior_low_1sess_150ep,589,43746,0.061511386,0.09528397,718,-0.033772584,236.0,0.0,73.66666666666667,75.0,0.012137849,0.03609045,-0.0239526,226.0,0.0,0,0
7,cycle40_subj07_prior_low_1sess_150ep,590,43818,0.07536507,0.08377391,174,-0.0084088445,9.0,0.06666666666666667,3.2,3.0,0.006560594,0.035732992,-0.029172398,8.0,-0.9333333333333333,1,0
7,cycle40_subj07_prior_low_1sess_150ep,591,43820,0.075945765,0.095800854,718,-0.01985509,50.0,0.0,15.875,16.0,0.019883737,0.035722416,-0.015838679,48.0,-0.75,0,0
7,cycle40_subj07_prior_low_1sess_150ep,592,43852,0.06441706,0.095875494,171,-0.031458437,143.0,0.0,43.84615384615385,44.0,0.027522016,0.048494153,-0.020972136,123.0,0.0,0,0
7,cycle40_subj07_prior_low_1sess_150ep,593,43950,0.095634036,0.0894213,141,0.0062127337,1.0,1.0,1.0,1.0,0.03857775,0.044851318,-0.0062735677,0.0,0.0,0,0
7,cycle40_subj07_prior_low_1sess_150ep,594,43984,0.072386764,0.08693662,718,-0.014549859,16.0,0.0,5.428571428571429,6.0,0.017713007,0.03436337,-0.016650364,15.0,-1.0,1,0
7,cycle40_subj07_prior_low_1sess_150ep,595,44052,0.060514268,0.091364086,178,-0.030849818,158.0,0.0,50.42857142857143,51.0,0.013088424,0.049075402,-0.03598698,157.0,-1.0,1,0
7,cycle40_subj07_prior_low_1sess_150ep,596,44097,0.07385828,0.099883534,718,-0.02602525,53.0,0.0,17.875,17.5,0.013298754,0.03575667,-0.022457916,51.0,-0.5,0,0
7,cycle40_subj07_prior_low_1sess_150ep,597,44107,0.044610392,0.1000385,718,-0.055428106,550.0,0.0,167.25,167.0,0.0058303215,0.049504813,-0.04367449,524.0,0.0,0,0
7,cycle40_subj07_prior_low_1sess_150ep,598,44138,0.08202403,0.092511,109,-0.010486968,10.0,0.0,4.3,4.0,0.024654362,0.0268353,-0.0021809377,8.0,-1.0,0,0
7,cycle40_subj07_prior_low_1sess_150ep,599,44144,0.05535395,0.09105308,718,-0.035699133,242.0,0.0,76.5,78.5,0.015283033,0.039762188,-0.024479154,222.0,0.0,0,0
7,cycle40_subj07_prior_low_1sess_150ep,600,44184,0.06808441,0.09160363,718,-0.023519218,48.0,0.0,14.0,14.0,0.02701784,0.047404937,-0.020387098,45.0,-0.2222222222222222,0,0
7,cycle40_subj07_prior_low_1sess_150ep,601,44324,0.07425038,0.09788712,718,-0.023636743,54.0,0.0,17.714285714285715,16.0,0.022307202,0.049464375,-0.027157173,53.0,-1.0,1,0
7,cycle40_subj07_prior_low_1sess_150ep,602,44339,0.052105892,0.09008106,718,-0.037975166,377.0,0.0,116.9,118.0,0.016802039,0.042685412,-0.025883373,351.0,0.0,0,0
7,cycle40_subj07_prior_low_1sess_150ep,603,44369,0.06765441,0.08679317,718,-0.01913876,62.0,0.0,20.375,20.0,0.020467814,0.03259255,-0.012124736,57.0,-0.25,0,0
7,cycle40_subj07_prior_low_1sess_150ep,604,44412,0.08024272,0.099378996,718,-0.019136272,21.0,0.0,7.857142857142857,8.0,0.036699947,0.041303005,-0.004603058,-25.0,0.0,0,0
7,cycle40_subj07_prior_low_1sess_150ep,605,44705,0.056229685,0.0961059,718,-0.03987622,299.0,0.0,93.8,93.5,0.017624166,0.043235064,-0.025610898,280.0,0.0,0,0
7,cycle40_subj07_prior_low_1sess_150ep,606,44720,0.07269444,0.10157125,718,-0.028876804,41.0,0.0,13.375,13.5,0.0145263,0.050718974,-0.036192674,40.0,-1.0,1,0
7,cycle40_subj07_prior_low_1sess_150ep,607,44729,0.061419025,0.094168834,718,-0.03274981,170.0,0.0,53.9,55.5,0.018481422,0.036177095,-0.017695673,161.0,-0.1,0,0
7,cycle40_subj07_prior_low_1sess_150ep,608,44736,0.05867388,0.08771405,718,-0.029040173,189.0,0.0,59.5,59.0,0.0015496984,0.03745757,-0.035907872,188.0,-1.0,1,0
7,cycle40_subj07_prior_low_1sess_150ep,609,44844,0.07160261,0.103626974,718,-0.03202436,82.0,0.0,26.875,27.0,0.031489912,0.05200595,-0.020516038,49.0,0.0,0,0
7,cycle40_subj07_prior_low_1sess_150ep,610,44971,0.09126664,0.09614235,569,-0.004875712,4.0,0.2727272727272727,2.090909090909091,2.0,0.049606826,0.047446698,0.0021601282,1.0,-0.18181818181818182,0,0
7,cycle40_subj07_prior_low_1sess_150ep,611,44980,0.067920834,0.080009624,541,-0.012088791,8.0,0.14285714285714285,2.857142857142857,3.0,0.008638304,0.04168684,-0.033048537,7.0,-0.8571428571428572,1,0
7,cycle40_subj07_prior_low_1sess_150ep,612,45129,0.070279434,0.09302389,718,-0.022744454,56.0,0.0,18.153846153846153,18.0,0.037282854,0.04714012,-0.009857267,-43.0,0.0,0,0
7,cycle40_subj07_prior_low_1sess_150ep,613,45213,0.06894595,0.09053867,718,-0.021592721,33.0,0.0,12.777777777777779,13.0,0.017197497,0.03678747,-0.019589972,31.0,-0.5555555555555556,0,0
7,cycle40_subj07_prior_low_1sess_150ep,614,45356,0.08654436,0.100871384,718,-0.014327027,10.0,0.15384615384615385,3.3076923076923075,3.0,0.03149984,0.038003676,-0.0065038353,8.0,-0.3846153846153846,0,0
7,cycle40_subj07_prior_low_1sess_150ep,615,45595,0.058218736,0.08901889,266,-0.030800153,162.0,0.0,50.81818181818182,50.0,0.03381614,0.04945066,-0.015634518,140.0,0.0,0,0
7,cycle40_subj07_prior_low_1sess_150ep,616,45632,0.09745369,0.09982716,718,-0.0023734719,2.0,0.75,1.25,1.0,0.02571901,0.046647653,-0.020928644,1.0,-0.25,1,0
7,cycle40_subj07_prior_low_1sess_150ep,617,45746,0.04990575,0.082102,178,-0.03219625,291.0,0.0,89.5,88.5,0.0039128177,0.035218876,-0.03130606,289.0,-0.6,0,0
7,cycle40_subj07_prior_low_1sess_150ep,618,45750,0.04247103,0.0936396,171,-0.05116857,642.0,0.0,192.71428571428572,190.0,0.011616141,0.04414697,-0.03253083,492.0,0.0,0,0
7,cycle40_subj07_prior_low_1sess_150ep,619,45837,0.05011492,0.084356755,718,-0.034241837,317.0,0.0,96.0,95.0,0.00076624006,0.0394912,-0.03872496,316.0,-1.0,1,0
7,cycle40_subj07_prior_low_1sess_150ep,620,45843,0.03741104,0.094350435,718,-0.056939393,683.0,0.0,205.33333333333334,205.0,-0.0048006326,0.047478355,-0.052278988,681.0,-1.0,0,0
7,cycle40_subj07_prior_low_1sess_150ep,621,45945,0.07249842,0.09794488,718,-0.02544646,78.0,0.0,26.625,27.0,0.025447533,0.04132939,-0.015881859,75.0,-0.625,0,0
7,cycle40_subj07_prior_low_1sess_150ep,622,45981,0.04957908,0.09053857,718,-0.04095949,420.0,0.0,127.66666666666667,124.0,0.0033102222,0.039440185,-0.036129963,417.0,-0.3333333333333333,0,0
7,cycle40_subj07_prior_low_1sess_150ep,623,45982,0.07545237,0.09563685,567,-0.02018448,48.0,0.0,15.454545454545455,14.0,0.041394845,0.032615013,0.008779831,-27.0,0.0,0,0
7,cycle40_subj07_prior_low_1sess_150ep,624,45999,0.07557125,0.097621724,718,-0.022050478,55.0,0.0,17.666666666666668,18.0,0.021326322,0.041251097,-0.019924775,52.0,-0.3333333333333333,0,0
7,cycle40_subj07_prior_low_1sess_150ep,625,46002,0.0694883,0.09757365,567,-0.028085351,66.0,0.0,19.571428571428573,19.0,0.045972455,0.04162894,0.004343517,8.0,0.0,0,0
7,cycle40_subj07_prior_low_1sess_150ep,626,46036,0.06412958,0.08869942,171,-0.02456984,110.0,0.0,34.5,34.0,0.018242214,0.037077036,-0.018834822,106.0,-0.1875,0,0
7,cycle40_subj07_prior_low_1sess_150ep,627,46101,0.06830282,0.09500863,718,-0.026705809,94.0,0.0,29.0,31.0,0.02044202,0.040598772,-0.020156752,90.0,-0.42857142857142855,0,0
7,cycle40_subj07_prior_low_1sess_150ep,628,46136,0.04233957,0.091567695,171,-0.049228124,740.0,0.0,221.14285714285714,222.0,-0.0006751865,0.0373603,-0.038035486,709.0,0.0,0,0
7,cycle40_subj07_prior_low_1sess_150ep,629,46150,0.06762107,0.09560158,227,-0.027980514,75.0,0.0,22.875,23.0,0.01892053,0.048404716,-0.029484186,74.0,-1.0,1,0
7,cycle40_subj07_prior_low_1sess_150ep,630,46160,0.09934843,0.09699159,718,0.0023568422,1.0,1.0,1.0,1.0,0.037713397,0.05145431,-0.013740912,0.0,0.0,0,0
7,cycle40_subj07_prior_low_1sess_150ep,631,46274,0.045950823,0.08962536,178,-0.043674536,554.0,0.0,171.44444444444446,174.0,0.029411435,0.04060393,-0.011192493,126.0,0.0,0,0
7,cycle40_subj07_prior_low_1sess_150ep,632,46321,0.07929552,0.08370935,388,-0.0044138283,8.0,0.0,3.25,3.0,0.015099466,0.03666951,-0.021570046,7.0,-1.0,1,0
7,cycle40_subj07_prior_low_1sess_150ep,633,46372,0.05494219,0.08891702,718,-0.033974826,264.0,0.0,85.55555555555556,85.0,0.029572686,0.043570638,-0.0139979515,112.0,0.0,0,0
7,cycle40_subj07_prior_low_1sess_150ep,634,46380,0.06573594,0.09325319,718,-0.027517244,132.0,0.0,44.333333333333336,46.0,0.008628171,0.037650418,-0.029022247,131.0,-1.0,1,0
7,cycle40_subj07_prior_low_1sess_150ep,635,46460,0.070253275,0.09766941,718,-0.027416132,71.0,0.0,24.555555555555557,24.0,0.01468556,0.051942136,-0.037256576,70.0,-1.0,1,0
7,cycle40_subj07_prior_low_1sess_150ep,636,46462,0.0704556,0.09737629,171,-0.026920684,62.0,0.0,19.666666666666668,20.0,0.015909463,0.05099628,-0.035086818,61.0,-1.0,1,0
7,cycle40_subj07_prior_low_1sess_150ep,637,46480,0.064410746,0.08507532,171,-0.020664573,75.0,0.0,26.0,26.5,0.034865156,0.035925105,-0.0010599513,35.0,0.0,0,0
7,cycle40_subj07_prior_low_1sess_150ep,638,46523,0.07147764,0.09498241,141,-0.023504771,77.0,0.0,25.4,24.5,0.020163149,0.036253307,-0.016090158,70.0,-0.3,0,0
7,cycle40_subj07_prior_low_1sess_150ep,639,46642,0.05628329,0.09331925,141,-0.03703596,257.0,0.0,78.5,78.0,0.012569688,0.0460155,-0.033445813,252.0,-0.25,0,0
7,cycle40_subj07_prior_low_1sess_150ep,640,46661,0.08141013,0.09152259,718,-0.010112457,8.0,0.15384615384615385,3.1538461538461537,3.0,0.032860957,0.025993437,0.0068675205,4.0,-0.3076923076923077,0,0
7,cycle40_subj07_prior_low_1sess_150ep,641,46806,0.058031175,0.10177892,718,-0.04374774,309.0,0.0,94.71428571428571,97.0,-0.003121458,0.047284305,-0.050405763,308.0,-1.0,1,0
7,cycle40_subj07_prior_low_1sess_150ep,642,46835,0.053772766,0.07807524,694,-0.024302471,136.0,0.0,40.111111111111114,39.0,0.00536038,0.03470167,-0.029341292,135.0,-1.0,1,0
7,cycle40_subj07_prior_low_1sess_150ep,643,46861,0.07677075,0.08812437,718,-0.011353619,14.0,0.16666666666666666,4.5,5.0,0.02559496,0.0410223,-0.01542734,13.0,-0.8333333333333334,1,0
7,cycle40_subj07_prior_low_1sess_150ep,644,47033,0.07028436,0.09046229,178,-0.02017793,42.0,0.0,13.846153846153847,14.0,0.008709092,0.04117522,-0.03246613,41.0,-1.0,1,0
7,cycle40_subj07_prior_low_1sess_150ep,645,47070,0.054541904,0.09199619,718,-0.03745429,288.0,0.0,91.55555555555556,93.0,-0.0012814067,0.040466018,-0.041747425,287.0,-1.0,1,0
7,cycle40_subj07_prior_low_1sess_150ep,646,47099,0.06447568,0.08927611,947,-0.024800435,90.0,0.0,29.7,31.0,0.019208081,0.0423342,-0.023126118,88.0,-0.7,0,0
7,cycle40_subj07_prior_low_1sess_150ep,647,47200,0.080295585,0.08817591,947,-0.007880323,21.0,0.0,6.125,6.0,0.021854538,0.03227406,-0.0104195215,20.0,-1.0,1,0
7,cycle40_subj07_prior_low_1sess_150ep,648,47290,0.07028728,0.09392622,718,-0.023638941,55.0,0.0,17.0,16.0,0.028570142,0.057765555,-0.029195413,54.0,-1.0,1,0
7,cycle40_subj07_prior_low_1sess_150ep,649,47293,0.070438355,0.09809902,718,-0.027660668,80.0,0.0,23.333333333333332,25.0,0.008176751,0.03477133,-0.02659458,78.0,-0.4444444444444444,0,0
7,cycle40_subj07_prior_low_1sess_150ep,650,47321,0.04654114,0.09349195,718,-0.04695081,405.0,0.0,127.14285714285714,127.0,0.011156864,0.045682814,-0.03452595,396.0,0.0,0,0
7,cycle40_subj07_prior_low_1sess_150ep,651,47408,0.06840395,0.09279056,947,-0.024386607,66.0,0.0,22.555555555555557,23.0,0.028567519,0.04196585,-0.013398331,55.0,0.0,0,0
7,cycle40_subj07_prior_low_1sess_150ep,652,47598,0.061152108,0.097323045,718,-0.036170937,198.0,0.0,59.90909090909091,62.0,0.012189236,0.041848823,-0.029659588,191.0,0.0,0,0
7,cycle40_subj07_prior_low_1sess_150ep,653,47600,0.07093578,0.098772205,718,-0.027836427,92.0,0.0,31.285714285714285,32.0,0.019060142,0.03412591,-0.015065767,85.0,0.0,0,0
7,cycle40_subj07_prior_low_1sess_150ep,654,47614,0.05102852,0.09241811,718,-0.041389592,379.0,0.0,121.0,121.0,0.023046242,0.039320774,-0.016274532,234.0,0.0,0,0
7,cycle40_subj07_prior_low_1sess_150ep,655,47656,0.067642055,0.09165199,109,-0.024009936,102.0,0.0,37.0,36.5,0.0057188757,0.035517097,-0.02979822,101.0,-1.0,1,0
7,cycle40_subj07_prior_low_1sess_150ep,656,47687,0.066769004,0.09446158,718,-0.027692579,115.0,0.0,38.7,36.5,0.013322007,0.048280977,-0.03495897,114.0,-1.0,1,0
7,cycle40_subj07_prior_low_1sess_150ep,657,48157,0.06119652,0.09327282,718,-0.0320763,175.0,0.0,54.833333333333336,56.5,0.008395102,0.035176624,-0.026781522,172.0,-0.3333333333333333,0,0
7,cycle40_subj07_prior_low_1sess_150ep,658,48260,0.08371489,0.09499778,718,-0.011282891,5.0,0.14285714285714285,2.142857142857143,2.0,0.033187225,0.044323973,-0.011136748,3.0,-0.42857142857142855,0,0
7,cycle40_subj07_prior_low_1sess_150ep,659,48374,0.056456085,0.089305714,171,-0.03284963,284.0,0.0,86.22222222222223,89.0,0.0029033273,0.041356653,-0.038453326,283.0,-1.0,1,0
7,cycle40_subj07_prior_low_1sess_150ep,660,48379,0.062789604,0.09671676,718,-0.033927158,165.0,0.0,53.333333333333336,54.0,0.015445672,0.04410789,-0.02866222,161.0,-0.3333333333333333,0,0
7,cycle40_subj07_prior_low_1sess_150ep,661,48393,0.046836514,0.09440187,266,-0.04756536,490.0,0.0,149.6,151.0,0.007121429,0.044568304,-0.037446875,475.0,0.0,0,0
7,cycle40_subj07_prior_low_1sess_150ep,662,48422,0.07328999,0.095725805,718,-0.022435814,47.0,0.0,16.384615384615383,16.0,0.026650619,0.05011191,-0.02346129,46.0,-1.0,1,0
7,cycle40_subj07_prior_low_1sess_150ep,663,48508,0.06239235,0.09689905,718,-0.034506697,176.0,0.0,52.7,55.0,0.020009194,0.04501942,-0.025010228,166.0,-0.1,0,0
7,cycle40_subj07_prior_low_1sess_150ep,664,48530,0.05319497,0.086054385,718,-0.032859415,328.0,0.0,97.0,95.0,0.0057876296,0.037306257,-0.031518627,326.0,-0.7,0,0
7,cycle40_subj07_prior_low_1sess_150ep,665,48617,0.0692557,0.09395295,718,-0.024697244,54.0,0.0,14.6,15.0,0.017242305,0.04372784,-0.026485536,53.0,-1.0,1,0
7,cycle40_subj07_prior_low_1sess_150ep,666,48618,0.060007274,0.08676613,718,-0.026758857,183.0,0.0,55.333333333333336,55.0,0.02988103,0.042618833,-0.012737803,136.0,0.0,0,0
7,cycle40_subj07_prior_low_1sess_150ep,667,48622,0.06827215,0.091391,718,-0.023118846,72.0,0.0,22.363636363636363,22.0,0.017032847,0.043861553,-0.026828706,71.0,-1.0,1,0
7,cycle40_subj07_prior_low_1sess_150ep,668,48679,0.06603254,0.09083886,718,-0.02480632,113.0,0.0,34.875,35.0,0.021667924,0.04063689,-0.018968966,102.0,0.0,0,0
7,cycle40_subj07_prior_low_1sess_150ep,669,48681,0.058150567,0.09014737,718,-0.0319968,160.0,0.0,54.333333333333336,55.0,0.016564734,0.04521401,-0.028649274,158.0,-0.8333333333333334,0,0
7,cycle40_subj07_prior_low_1sess_150ep,670,48802,0.085363425,0.095969796,718,-0.010606371,8.0,0.0,3.111111111111111,3.0,0.024966631,0.045530863,-0.020564232,7.0,-1.0,1,0
7,cycle40_subj07_prior_low_1sess_150ep,671,48832,0.058261935,0.09176121,171,-0.033499274,264.0,0.0,80.0,79.0,0.010463908,0.041490577,-0.031026669,258.0,-0.2222222222222222,0,0
7,cycle40_subj07_prior_low_1sess_150ep,672,48839,0.07395711,0.089207105,171,-0.015249997,31.0,0.0,11.25,11.5,0.010555394,0.032124702,-0.021569308,30.0,-1.0,1,0
7,cycle40_subj07_prior_low_1sess_150ep,673,49076,0.07120972,0.09244101,567,-0.021231286,38.0,0.0,13.5,13.0,0.01888061,0.04438214,-0.02550153,37.0,-1.0,1,0
7,cycle40_subj07_prior_low_1sess_150ep,674,49152,0.08175229,0.09236071,141,-0.01060842,12.0,0.0,4.111111111111111,4.0,0.028756753,0.04006477,-0.011308018,11.0,-1.0,1,0
7,cycle40_subj07_prior_low_1sess_150ep,675,49156,0.035431482,0.08985663,718,-0.05442515,775.0,0.0,233.3,235.0,0.01086254,0.04936572,-0.03850318,645.0,0.0,0,0
7,cycle40_subj07_prior_low_1sess_150ep,676,49234,0.06459906,0.09313145,718,-0.028532393,123.0,0.0,41.0,40.5,0.020094033,0.047853686,-0.027759653,121.0,-0.4166666666666667,0,0
7,cycle40_subj07_prior_low_1sess_150ep,677,49466,0.06653405,0.09240694,718,-0.025872894,113.0,0.0,37.875,37.5,-0.0012978613,0.03172712,-0.03302498,112.0,-1.0,1,0
7,cycle40_subj07_prior_low_1sess_150ep,678,49480,0.062073864,0.093827225,266,-0.03175336,167.0,0.0,49.30769230769231,49.0,0.015013486,0.043918997,-0.02890551,163.0,-0.38461538461538464,0,0
7,cycle40_subj07_prior_low_1sess_150ep,679,49622,0.059045635,0.096868254,718,-0.03782262,213.0,0.0,68.85714285714286,70.0,0.014190074,0.042531587,-0.028341513,210.0,-0.42857142857142855,0,0
7,cycle40_subj07_prior_low_1sess_150ep,680,49731,0.06692601,0.101190366,718,-0.034264356,124.0,0.0,38.888888888888886,39.0,0.03585931,0.045399223,-0.009539915,-104.0,0.0,0,0
7,cycle40_subj07_prior_low_1sess_150ep,681,49923,0.05733265,0.09097748,171,-0.033644833,230.0,0.0,70.625,71.0,0.013666216,0.03994273,-0.026276514,227.0,-0.5,0,0
7,cycle40_subj07_prior_low_1sess_150ep,682,49944,0.07585933,0.09708533,141,-0.021225996,30.0,0.0,10.181818181818182,11.0,0.008463167,0.0403086,-0.03184543,29.0,-1.0,1,0
7,cycle40_subj07_prior_low_1sess_150ep,683,49955,0.053699154,0.08796661,227,-0.03426746,181.0,0.0,56.0,57.5,0.0021059178,0.05082877,-0.048722852,180.0,-1.0,1,0
7,cycle40_subj07_prior_low_1sess_150ep,684,49957,0.06636208,0.0922066,171,-0.025844514,94.0,0.0,29.5,31.0,0.0068498254,0.03738319,-0.030533366,93.0,-1.0,1,0
7,cycle40_subj07_prior_low_1sess_150ep,685,49969,0.06405847,0.086646356,718,-0.022587888,76.0,0.0,23.23076923076923,22.0,0.001878351,0.035614423,-0.033736072,75.0,-1.0,1,0
7,cycle40_subj07_prior_low_1sess_150ep,686,49979,0.06425355,0.09138286,718,-0.027129315,127.0,0.0,38.42857142857143,36.0,0.0057306886,0.03879621,-0.03306552,126.0,-1.0,1,0
7,cycle40_subj07_prior_low_1sess_150ep,687,50026,0.089428395,0.09678815,718,-0.007359758,3.0,0.7142857142857143,1.4285714285714286,1.0,0.036909416,0.043700147,-0.006790731,1.0,0.0,0,0
7,cycle40_subj07_prior_low_1sess_150ep,688,50114,0.078276075,0.102814786,718,-0.02453871,35.0,0.0,11.4,11.5,0.030166037,0.0352619,-0.005095862,20.0,0.0,0,0
7,cycle40_subj07_prior_low_1sess_150ep,689,50170,0.079283506,0.09077818,171,-0.011494674,11.0,0.0,5.166666666666667,5.5,0.010122873,0.04736262,-0.037239745,10.0,-1.0,1,0
7,cycle40_subj07_prior_low_1sess_150ep,690,50500,0.07017176,0.092859015,718,-0.022687256,61.0,0.0,17.666666666666668,18.0,0.030501846,0.044282835,-0.013780989,28.0,0.0,0,0
7,cycle40_subj07_prior_low_1sess_150ep,691,50653,0.070602864,0.087425366,718,-0.016822502,56.0,0.0,19.75,21.0,0.024260223,0.038767762,-0.01450754,54.0,-0.75,0,0
7,cycle40_subj07_prior_low_1sess_150ep,692,50734,0.07068756,0.09275779,718,-0.022070229,39.0,0.0,11.777777777777779,12.0,0.010647621,0.040291507,-0.029643886,38.0,-1.0,1,0
7,cycle40_subj07_prior_low_1sess_150ep,693,50755,0.08366924,0.09894568,718,-0.0152764395,12.0,0.125,5.125,5.0,0.019215494,0.041721214,-0.02250572,11.0,-0.875,1,0
7,cycle40_subj07_prior_low_1sess_150ep,694,50811,0.08933723,0.10017503,718,-0.010837801,3.0,0.6666666666666666,1.4444444444444444,1.0,0.028407127,0.049099144,-0.020692017,2.0,-0.33333333333333337,1,0
7,cycle40_subj07_prior_low_1sess_150ep,695,50882,0.06523233,0.09541524,718,-0.030182913,141.0,0.0,44.0,46.0,0.016298585,0.041531637,-0.025233053,136.0,-0.4,0,0
7,cycle40_subj07_prior_low_1sess_150ep,696,51051,0.073756404,0.09443461,171,-0.020678207,33.0,0.0,12.125,12.0,0.013888434,0.04552422,-0.031635787,32.0,-1.0,1,0
7,cycle40_subj07_prior_low_1sess_150ep,697,51052,0.06745007,0.0946095,171,-0.02715943,119.0,0.0,37.0,36.5,0.022111047,0.041606292,-0.019495245,109.0,0.0,0,0
7,cycle40_subj07_prior_low_1sess_150ep,698,51062,0.068682306,0.0996069,718,-0.030924596,103.0,0.0,31.285714285714285,33.0,0.0045098066,0.028913736,-0.02440393,101.0,-0.5714285714285714,0,0
7,cycle40_subj07_prior_low_1sess_150ep,699,51077,0.06511205,0.08630086,178,-0.02118881,95.0,0.0,28.76923076923077,29.0,0.017670386,0.03674184,-0.019071456,93.0,-0.6153846153846154,0,0
7,cycle40_subj07_prior_low_1sess_150ep,700,51148,0.06453659,0.09330422,718,-0.02876763,118.0,0.0,38.0,38.0,-0.009585455,0.03610961,-0.045695066,117.0,-1.0,1,0
7,cycle40_subj07_prior_low_1sess_150ep,701,51171,0.057012927,0.09106674,171,-0.034053814,242.0,0.0,73.25,73.0,0.012105301,0.041021444,-0.028916143,237.0,0.0,0,0
7,cycle40_subj07_prior_low_1sess_150ep,702,51185,0.06822403,0.09148848,718,-0.023264453,65.0,0.0,21.857142857142858,20.0,0.016496833,0.048942473,-0.03244564,64.0,-1.0,1,0
7,cycle40_subj07_prior_low_1sess_150ep,703,51521,0.06250579,0.08661835,718,-0.02411256,132.0,0.0,42.6,43.5,0.013038475,0.036736473,-0.023697998,130.0,-0.6,0,0
7,cycle40_subj07_prior_low_1sess_150ep,704,51745,0.06703879,0.09557716,171,-0.028538369,102.0,0.0,32.55555555555556,33.0,0.019737296,0.040132295,-0.020395,99.0,-0.3333333333333333,0,0
7,cycle40_subj07_prior_low_1sess_150ep,705,51788,0.042241666,0.082461394,171,-0.040219728,473.0,0.0,143.92307692307693,144.0,-0.01468749,0.03290626,-0.04759375,472.0,-1.0,1,0
7,cycle40_subj07_prior_low_1sess_150ep,706,51843,0.08342272,0.09508118,567,-0.01165846,7.0,0.0,3.4444444444444446,3.0,0.029071983,0.037130967,-0.008058984,4.0,-0.2222222222222222,0,0
7,cycle40_subj07_prior_low_1sess_150ep,707,51907,0.06509014,0.08999958,567,-0.024909437,107.0,0.0,32.25,33.5,0.013002042,0.033332843,-0.020330802,104.0,-0.75,0,0
7,cycle40_subj07_prior_low_1sess_150ep,708,51928,0.04968119,0.09955375,718,-0.04987256,429.0,0.0,127.0,129.0,0.0019403622,0.047133673,-0.04519331,424.0,-0.2222222222222222,0,0
7,cycle40_subj07_prior_low_1sess_150ep,709,51965,0.072299086,0.09935284,718,-0.027053751,57.0,0.0,20.5,20.5,0.0010940656,0.045579918,-0.044485852,56.0,-1.0,1,0
7,cycle40_subj07_prior_low_1sess_150ep,710,51983,0.055324353,0.08456551,567,-0.02924116,240.0,0.0,73.36363636363636,74.0,-0.009281911,0.0273653,-0.03664721,239.0,-1.0,1,0
7,cycle40_subj07_prior_low_1sess_150ep,711,51988,0.017183695,0.08791164,567,-0.070727944,995.0,0.0,298.6666666666667,298.0,-0.0055717845,0.03841325,-0.04398503,765.0,0.0,0,0
7,cycle40_subj07_prior_low_1sess_150ep,712,52070,0.088858634,0.095989905,718,-0.007131271,12.0,0.0,4.9,5.0,0.022575922,0.04463529,-0.022059366,11.0,-1.0,1,0
7,cycle40_subj07_prior_low_1sess_150ep,713,52216,0.04317669,0.08683139,567,-0.043654703,516.0,0.0,155.72727272727272,157.0,0.0110051185,0.037523214,-0.026518095,495.0,0.0,0,0
7,cycle40_subj07_prior_low_1sess_150ep,714,52302,0.080507174,0.098810606,718,-0.018303432,21.0,0.0,8.666666666666666,9.0,0.01632911,0.0444643,-0.028135192,20.0,-1.0,1,0
7,cycle40_subj07_prior_low_1sess_150ep,715,52328,0.06064976,0.09058791,718,-0.029938146,208.0,0.0,68.375,69.0,0.01345735,0.027043268,-0.013585918,192.0,0.0,0,0
7,cycle40_subj07_prior_low_1sess_150ep,716,52375,0.054134898,0.10032542,718,-0.046190523,393.0,0.0,120.9,121.0,0.001792375,0.0441212,-0.042328823,389.0,-0.3,0,0
7,cycle40_subj07_prior_low_1sess_150ep,717,52394,0.08214452,0.08960288,718,-0.007458359,6.0,0.0,3.25,3.5,0.010478191,0.027733393,-0.017255202,5.0,-1.0,1,0
7,cycle40_subj07_prior_low_1sess_150ep,718,52527,0.105904,0.0919539,171,0.013950095,1.0,1.0,1.0,1.0,0.0529835,0.030753255,0.022230245,-1.0,0.2857142857142857,0,1
7,cycle40_subj07_prior_low_1sess_150ep,719,52554,0.061670903,0.088566996,171,-0.026896093,125.0,0.0,39.75,40.0,0.006301008,0.03530798,-0.029006973,124.0,-1.0,1,0
7,cycle40_subj07_prior_low_1sess_150ep,720,52596,0.060752045,0.091606565,569,-0.03085452,150.0,0.0,47.4,50.0,0.008816954,0.038534824,-0.02971787,148.0,-0.6,0,0
7,cycle40_subj07_prior_low_1sess_150ep,721,52598,0.08108948,0.092618994,718,-0.011529513,8.0,0.16666666666666666,3.0,3.0,0.016940303,0.04106918,-0.024128877,7.0,-0.8333333333333334,1,0
7,cycle40_subj07_prior_low_1sess_150ep,722,52652,0.05887952,0.1010842,718,-0.04220468,285.0,0.0,88.88888888888889,88.0,0.029488578,0.042405527,-0.012916949,126.0,0.0,0,0
7,cycle40_subj07_prior_low_1sess_150ep,723,52892,0.058016814,0.08654025,141,-0.028523438,200.0,0.0,61.75,60.0,0.020982418,0.03970437,-0.018721953,184.0,0.0,0,0
7,cycle40_subj07_prior_low_1sess_150ep,724,52931,0.06012731,0.08889099,109,-0.028763682,182.0,0.0,56.5,57.0,0.009210464,0.03363912,-0.024428658,177.0,-0.125,0,0
7,cycle40_subj07_prior_low_1sess_150ep,725,52990,0.0504388,0.09119305,171,-0.04075425,447.0,0.0,134.85714285714286,136.0,0.019236444,0.0427586,-0.023522155,321.0,0.0,0,0
7,cycle40_subj07_prior_low_1sess_150ep,726,53052,0.054634757,0.088011846,171,-0.03337709,225.0,0.0,69.83333333333333,69.5,0.020343699,0.044353977,-0.024010278,213.0,0.0,0,0
7,cycle40_subj07_prior_low_1sess_150ep,727,53070,0.076350145,0.09823143,718,-0.021881282,28.0,0.0,8.857142857142858,8.0,0.024780504,0.052124046,-0.027343541,27.0,-1.0,1,0
7,cycle40_subj07_prior_low_1sess_150ep,728,53152,0.053307652,0.092469305,718,-0.039161652,280.0,0.0,87.54545454545455,88.0,-0.0035132058,0.04388414,-0.047397345,279.0,-1.0,1,0
7,cycle40_subj07_prior_low_1sess_150ep,729,53155,0.066050075,0.09729763,567,-0.031247556,126.0,0.0,42.0,42.0,0.014690079,0.035531517,-0.020841438,124.0,-0.5,0,0
7,cycle40_subj07_prior_low_1sess_150ep,730,53157,0.09350799,0.10083321,718,-0.007325217,2.0,0.6666666666666666,1.3333333333333333,1.0,0.037388317,0.043862946,-0.006474629,0.0,0.2222222222222222,0,0
7,cycle40_subj07_prior_low_1sess_150ep,731,53270,0.06565072,0.09156591,171,-0.02591519,97.0,0.0,28.272727272727273,28.0,0.027083851,0.04038968,-0.013305828,66.0,0.0,0,0
7,cycle40_subj07_prior_low_1sess_150ep,732,53370,0.047446188,0.0851122,171,-0.03766601,333.0,0.0,102.0,106.0,0.0065186247,0.041413654,-0.03489503,330.0,-0.42857142857142855,0,0
7,cycle40_subj07_prior_low_1sess_150ep,733,53489,0.045103937,0.090781525,171,-0.045677587,607.0,0.0,184.5,183.5,0.010015491,0.039609157,-0.029593665,544.0,0.0,0,0
7,cycle40_subj07_prior_low_1sess_150ep,734,53511,0.049039137,0.0916369,541,-0.042597767,447.0,0.0,138.9,139.0,0.0029855892,0.039605293,-0.036619704,438.0,-0.1,0,0
7,cycle40_subj07_prior_low_1sess_150ep,735,53570,0.04731911,0.08089311,171,-0.033573996,362.0,0.0,107.16666666666667,107.0,0.0038643554,0.0416468,-0.037782446,361.0,-1.0,1,0
7,cycle40_subj07_prior_low_1sess_150ep,736,53727,0.08290724,0.088645406,231,-0.005738169,9.0,0.16666666666666666,3.0,2.5,0.018265165,0.031845096,-0.013579931,8.0,-0.8333333333333334,1,0
7,cycle40_subj07_prior_low_1sess_150ep,737,53728,0.08710677,0.09287492,178,-0.00576815,3.0,0.7777777777777778,1.2222222222222223,1.0,0.01637847,0.03779721,-0.02141874,2.0,-0.2222222222222222,1,0
7,cycle40_subj07_prior_low_1sess_150ep,738,53773,0.07745973,0.0972915,718,-0.01983177,32.0,0.0,11.0,11.5,0.02382188,0.042522527,-0.018700648,30.0,-0.75,0,0
7,cycle40_subj07_prior_low_1sess_150ep,739,53858,0.05208636,0.086561255,569,-0.034474894,255.0,0.0,77.8,78.0,0.0038457848,0.041101426,-0.03725564,254.0,-1.0,1,0
7,cycle40_subj07_prior_low_1sess_150ep,740,53881,0.08358245,0.093615465,171,-0.010033011,11.0,0.0,4.181818181818182,4.0,0.021509267,0.03502947,-0.0135202035,10.0,-1.0,1,0
7,cycle40_subj07_prior_low_1sess_150ep,741,53891,0.055838004,0.09668927,718,-0.040851265,354.0,0.0,109.85714285714286,110.0,0.014410567,0.044150114,-0.029739548,336.0,0.0,0,0
7,cycle40_subj07_prior_low_1sess_150ep,742,54078,0.060882363,0.0860525,56,-0.025170136,124.0,0.0,37.333333333333336,37.0,0.006867796,0.02884975,-0.021981955,122.0,-0.8888888888888888,0,0
7,cycle40_subj07_prior_low_1sess_150ep,743,54147,0.072329275,0.09076283,718,-0.018433556,50.0,0.0,16.0,16.0,0.033963017,0.03271071,0.0012523085,4.0,0.0,0,0
7,cycle40_subj07_prior_low_1sess_150ep,744,54257,0.041925304,0.09645859,718,-0.054533288,548.0,0.0,167.1,167.5,0.0023712218,0.044993896,-0.042622674,536.0,0.0,0,0
7,cycle40_subj07_prior_low_1sess_150ep,745,54361,0.063192636,0.08389389,174,-0.020701252,88.0,0.0,27.454545454545453,25.0,0.01321236,0.030096319,-0.016883958,86.0,-0.8181818181818182,0,0
7,cycle40_subj07_prior_low_1sess_150ep,746,54389,0.07618463,0.097070426,718,-0.020885795,54.0,0.0,17.5,18.0,0.031383373,0.03500797,-0.0036245957,21.0,0.0,0,0
7,cycle40_subj07_prior_low_1sess_150ep,747,54643,0.05723809,0.09590103,718,-0.038662937,262.0,0.0,82.83333333333333,83.5,0.017935224,0.042915102,-0.024979878,223.0,0.0,0,0
7,cycle40_subj07_prior_low_1sess_150ep,748,54683,0.063926384,0.09312749,718,-0.029201105,110.0,0.0,34.75,34.5,0.009168442,0.048644684,-0.039476242,109.0,-1.0,1,0
7,cycle40_subj07_prior_low_1sess_150ep,749,54698,0.059349317,0.08376561,171,-0.024416294,131.0,0.0,39.44444444444444,38.0,-0.007322591,0.0320298,-0.03935239,130.0,-1.0,1,0
7,cycle40_subj07_prior_low_1sess_150ep,750,54743,0.0727448,0.09000686,718,-0.017262056,34.0,0.0,9.714285714285714,9.0,0.017416943,0.038586974,-0.021170031,33.0,-1.0,1,0
7,cycle40_subj07_prior_low_1sess_150ep,751,54812,0.06674098,0.093020245,141,-0.026279263,80.0,0.0,25.181818181818183,25.0,0.027933948,0.048156697,-0.02022275,76.0,-0.45454545454545453,0,0
7,cycle40_subj07_prior_low_1sess_150ep,752,54824,0.03854991,0.090029374,718,-0.051479463,750.0,0.0,225.75,226.5,-0.0025072806,0.04108074,-0.04358802,742.0,0.0,0,0
7,cycle40_subj07_prior_low_1sess_150ep,753,54913,0.06818158,0.08915536,718,-0.02097378,59.0,0.0,17.545454545454547,17.0,0.009675406,0.03621084,-0.026535433,58.0,-1.0,1,0
7,cycle40_subj07_prior_low_1sess_150ep,754,54959,0.05453841,0.09120063,718,-0.036662217,316.0,0.0,95.625,97.0,0.006665554,0.038782425,-0.03211687,310.0,-0.25,0,0
7,cycle40_subj07_prior_low_1sess_150ep,755,55005,0.05359376,0.093358554,718,-0.039764795,308.0,0.0,92.22222222222223,92.0,0.00071677193,0.03773778,-0.037021007,306.0,-0.6666666666666666,0,0
7,cycle40_subj07_prior_low_1sess_150ep,756,55107,0.059107397,0.09991595,718,-0.040808555,212.0,0.0,64.83333333333333,65.5,-0.0067828707,0.030095123,-0.036877993,210.0,-0.6666666666666666,0,0
7,cycle40_subj07_prior_low_1sess_150ep,757,55163,0.057498056,0.08900815,718,-0.031510096,207.0,0.0,62.90909090909091,63.0,0.0021541268,0.03888445,-0.036730323,206.0,-1.0,1,0
7,cycle40_subj07_prior_low_1sess_150ep,758,55405,0.054127082,0.091982104,171,-0.03785502,349.0,0.0,100.88888888888889,104.0,0.0013010539,0.03759657,-0.036295515,347.0,-1.0,0,0
7,cycle40_subj07_prior_low_1sess_150ep,759,55408,0.056017924,0.09162043,718,-0.035602506,210.0,0.0,64.5,68.5,0.0060639493,0.050226983,-0.044163033,209.0,-1.0,1,0
7,cycle40_subj07_prior_low_1sess_150ep,760,55526,0.08907807,0.10067712,718,-0.011599049,2.0,1.0,1.0,1.0,0.02870864,0.05236148,-0.02365284,1.0,0.0,1,0
7,cycle40_subj07_prior_low_1sess_150ep,761,55649,0.08006196,0.09333754,171,-0.013275586,11.0,0.0,3.5,3.5,0.020976715,0.040372953,-0.019396238,10.0,-1.0,1,0
7,cycle40_subj07_prior_low_1sess_150ep,762,55669,0.06228601,0.09343111,718,-0.0311451,172.0,0.0,55.7,55.5,0.023446374,0.046497412,-0.023051038,157.0,0.0,0,0
7,cycle40_subj07_prior_low_1sess_150ep,763,55678,0.06732945,0.09468274,718,-0.027353287,99.0,0.0,31.666666666666668,32.0,0.009740207,0.03928556,-0.029545352,98.0,-1.0,1,0
7,cycle40_subj07_prior_low_1sess_150ep,764,55680,0.058484625,0.08912042,141,-0.030635793,192.0,0.0,60.57142857142857,57.0,0.022878677,0.036844186,-0.01396551,154.0,0.0,0,0
7,cycle40_subj07_prior_low_1sess_150ep,765,55857,0.08059724,0.096239135,718,-0.015641898,10.0,0.0,4.0,4.0,0.037384033,0.050799947,-0.013415914,8.0,-0.6666666666666666,0,0
7,cycle40_subj07_prior_low_1sess_150ep,766,55933,0.0755609,0.09257753,718,-0.017016634,34.0,0.0,11.75,12.0,0.021378662,0.04336979,-0.021991126,33.0,-1.0,1,0
7,cycle40_subj07_prior_low_1sess_150ep,767,55968,0.072677225,0.09989934,718,-0.027222112,50.0,0.0,16.727272727272727,16.0,0.017289128,0.045860507,-0.028571378,49.0,-1.0,1,0
7,cycle40_subj07_prior_low_1sess_150ep,768,55969,0.046566304,0.08993784,718,-0.04337154,367.0,0.0,111.3,110.5,0.02119583,0.04978845,-0.028592618,315.0,0.0,0,0
7,cycle40_subj07_prior_low_1sess_150ep,769,56042,0.06896979,0.09621501,718,-0.027245216,94.0,0.0,27.833333333333332,26.5,0.018309087,0.044002473,-0.025693387,92.0,-0.6666666666666666,0,0
7,cycle40_subj07_prior_low_1sess_150ep,770,56066,0.085062236,0.0925633,718,-0.0075010657,3.0,0.6,1.4,1.0,0.025009837,0.040061995,-0.015052158,2.0,-0.4,1,0
7,cycle40_subj07_prior_low_1sess_150ep,771,56126,0.0514683,0.089331724,141,-0.037863422,376.0,0.0,114.3,114.5,0.0078556575,0.0451988,-0.03734314,374.0,-0.8,0,0
7,cycle40_subj07_prior_low_1sess_150ep,772,56154,0.08368007,0.09348622,718,-0.009806149,16.0,0.0,4.875,5.0,0.020371504,0.031848934,-0.011477429,15.0,-1.0,1,0
7,cycle40_subj07_prior_low_1sess_150ep,773,56269,0.07409583,0.0934611,718,-0.019365266,51.0,0.0,15.875,15.5,0.019018646,0.03862426,-0.019605614,50.0,-1.0,1,0
7,cycle40_subj07_prior_low_1sess_150ep,774,56290,0.049244206,0.092051044,171,-0.042806838,534.0,0.0,161.75,162.5,0.005967725,0.04219597,-0.036228243,525.0,0.0,0,0
7,cycle40_subj07_prior_low_1sess_150ep,775,56314,0.06205216,0.10042903,718,-0.038376868,186.0,0.0,61.57142857142857,64.0,0.0049659275,0.04745414,-0.042488214,185.0,-1.0,1,0
7,cycle40_subj07_prior_low_1sess_150ep,776,56418,0.06864416,0.090699546,718,-0.022055387,85.0,0.0,26.428571428571427,27.0,0.021064203,0.038993694,-0.01792949,82.0,-0.42857142857142855,0,0
7,cycle40_subj07_prior_low_1sess_150ep,777,56454,0.075555876,0.09767941,718,-0.02212353,40.0,0.0,12.4,12.0,0.018301189,0.05126731,-0.032966122,39.0,-1.0,1,0
7,cycle40_subj07_prior_low_1sess_150ep,778,56471,0.046277914,0.08750001,171,-0.0412221,559.0,0.0,168.7,167.0,0.02071022,0.030500915,-0.0097906925,417.0,0.0,0,0
7,cycle40_subj07_prior_low_1sess_150ep,779,56670,0.093152136,0.094543695,718,-0.0013915598,2.0,0.6153846153846154,1.3846153846153846,1.0,0.038930856,0.0433095,-0.004378643,1.0,-0.3846153846153846,1,0
7,cycle40_subj07_prior_low_1sess_150ep,780,56681,0.068728596,0.08606806,171,-0.01733946,63.0,0.0,20.0,20.0,0.012653951,0.03423539,-0.021581441,62.0,-1.0,1,0
7,cycle40_subj07_prior_low_1sess_150ep,781,56695,0.064463,0.09408316,718,-0.029620163,136.0,0.0,43.25,41.5,0.015879333,0.04110588,-0.025226548,133.0,-0.625,0,0
7,cycle40_subj07_prior_low_1sess_150ep,782,56723,0.06613267,0.09023144,718,-0.024098769,90.0,0.0,27.25,27.5,0.009111453,0.040391136,-0.031279683,89.0,-1.0,1,0
7,cycle40_subj07_prior_low_1sess_150ep,783,56751,0.06110694,0.09865909,718,-0.03755215,197.0,0.0,62.63636363636363,63.0,0.030411176,0.051097844,-0.020686667,145.0,0.0,0,0
7,cycle40_subj07_prior_low_1sess_150ep,784,56782,0.07994788,0.094340384,718,-0.014392503,29.0,0.0,10.384615384615385,11.0,0.040158324,0.037404437,0.0027538873,7.0,0.0,0,0
7,cycle40_subj07_prior_low_1sess_150ep,785,56784,0.06159556,0.08780758,718,-0.026212022,155.0,0.0,48.36363636363637,47.0,0.027030569,0.030155327,-0.0031247586,88.0,0.0,0,0
7,cycle40_subj07_prior_low_1sess_150ep,786,56850,0.05373095,0.09625868,227,-0.042527728,268.0,0.0,83.0,82.0,0.010874201,0.046000894,-0.035126694,266.0,-0.8,0,0
7,cycle40_subj07_prior_low_1sess_150ep,787,56867,0.06449774,0.09316134,718,-0.028663598,148.0,0.0,47.416666666666664,47.5,0.007933348,0.031835984,-0.023902636,145.0,-0.75,0,0
7,cycle40_subj07_prior_low_1sess_150ep,788,56911,0.07960537,0.098468624,718,-0.018863253,31.0,0.0,9.76923076923077,9.0,0.01494921,0.043868206,-0.028918996,30.0,-1.0,1,0
7,cycle40_subj07_prior_low_1sess_150ep,789,56948,0.0595146,0.097511835,718,-0.037997235,224.0,0.0,70.45454545454545,71.0,0.02159268,0.041457534,-0.019864853,169.0,0.0,0,0
7,cycle40_subj07_prior_low_1sess_150ep,790,57046,0.04870834,0.094734214,718,-0.046025876,451.0,0.0,136.33333333333334,136.0,0.014621474,0.045832697,-0.031211223,412.0,0.0,0,0
7,cycle40_subj07_prior_low_1sess_150ep,791,57060,0.059571173,0.0903951,718,-0.030823927,179.0,0.0,55.2,56.5,0.005344324,0.042575758,-0.037231434,178.0,-1.0,1,0
7,cycle40_subj07_prior_low_1sess_150ep,792,57435,0.05224172,0.100386836,718,-0.048145115,408.0,0.0,119.5,116.0,0.0053825267,0.0524088,-0.047026273,405.0,-0.5,0,0
7,cycle40_subj07_prior_low_1sess_150ep,793,57443,0.072445646,0.0981887,718,-0.025743052,56.0,0.0,18.5,18.5,0.01635268,0.045768447,-0.029415768,55.0,-1.0,1,0
7,cycle40_subj07_prior_low_1sess_150ep,794,57478,0.065984786,0.09266149,567,-0.026676707,106.0,0.0,31.75,32.0,0.030948792,0.036952846,-0.006004054,69.0,0.0,0,0
7,cycle40_subj07_prior_low_1sess_150ep,795,57542,0.059465818,0.09129007,141,-0.031824253,198.0,0.0,58.857142857142854,59.0,0.00326851,0.034106277,-0.030837767,195.0,-0.7142857142857143,0,0
7,cycle40_subj07_prior_low_1sess_150ep,796,57553,0.051451508,0.09748092,718,-0.046029415,348.0,0.0,105.33333333333333,104.0,0.011023298,0.047201175,-0.036177877,337.0,0.0,0,0
7,cycle40_subj07_prior_low_1sess_150ep,797,57648,0.04683223,0.089082375,171,-0.042250145,560.0,0.0,172.625,173.0,0.018923938,0.04023199,-0.021308053,373.0,0.0,0,0
7,cycle40_subj07_prior_low_1sess_150ep,798,57650,0.03614313,0.08918997,718,-0.053046837,644.0,0.0,191.25,190.5,0.0062734727,0.04936632,-0.043092847,627.0,0.0,0,0
7,cycle40_subj07_prior_low_1sess_150ep,799,57681,0.0631005,0.09474197,718,-0.03164147,139.0,0.0,42.125,41.0,0.005888786,0.04221856,-0.036329772,138.0,-1.0,1,0
7,cycle40_subj07_prior_low_1sess_150ep,800,57822,0.046824552,0.08847648,718,-0.041651927,512.0,0.0,157.88888888888889,157.0,-0.00043931603,0.030910712,-0.031350028,501.0,0.0,0,0
7,cycle40_subj07_prior_low_1sess_150ep,801,57838,0.08181218,0.094466776,718,-0.012654595,17.0,0.14285714285714285,5.428571428571429,6.0,0.017529786,0.045249116,-0.02771933,16.0,-0.8571428571428572,1,0
7,cycle40_subj07_prior_low_1sess_150ep,802,57906,0.06851548,0.09912703,718,-0.030611552,134.0,0.0,42.4,42.0,0.009298179,0.03619621,-0.02689803,131.0,-0.4,0,0
7,cycle40_subj07_prior_low_1sess_150ep,803,58096,0.05079863,0.091111206,718,-0.040312577,392.0,0.0,121.22222222222223,122.0,0.015734985,0.042586986,-0.026852,378.0,-0.1111111111111111,0,0
7,cycle40_subj07_prior_low_1sess_150ep,804,58144,0.061071794,0.08814246,569,-0.027070668,131.0,0.0,43.30769230769231,44.0,0.021524657,0.052191675,-0.030667018,130.0,-1.0,1,0
7,cycle40_subj07_prior_low_1sess_150ep,805,58164,0.08271665,0.09158616,171,-0.008869506,6.0,0.5,2.0,1.5,0.01815252,0.035541024,-0.017388504,5.0,-0.5,1,0
7,cycle40_subj07_prior_low_1sess_150ep,806,58187,0.055093475,0.09316057,718,-0.038067095,327.0,0.0,101.0,102.0,0.007149704,0.039861284,-0.03271158,325.0,-0.6923076923076923,0,0
7,cycle40_subj07_prior_low_1sess_150ep,807,58404,0.09304955,0.09653862,718,-0.0034890696,2.0,0.6,1.4,1.0,0.03325311,0.046598077,-0.013344966,1.0,-0.4,1,0
7,cycle40_subj07_prior_low_1sess_150ep,808,58668,0.05995537,0.089582585,718,-0.029627215,181.0,0.0,57.642857142857146,58.0,0.016554676,0.035671107,-0.019116431,171.0,0.0,0,0
7,cycle40_subj07_prior_low_1sess_150ep,809,58681,0.049589667,0.092010014,718,-0.042420346,494.0,0.0,151.33333333333334,152.5,0.00023402646,0.04459229,-0.044358265,493.0,-1.0,1,0
7,cycle40_subj07_prior_low_1sess_150ep,810,59023,0.07487277,0.09272989,718,-0.01785712,28.0,0.0,10.333333333333334,11.0,0.020594373,0.03984951,-0.019255135,27.0,-1.0,1,0
7,cycle40_subj07_prior_low_1sess_150ep,811,59039,0.07731567,0.09819601,718,-0.020880334,29.0,0.0,10.0,10.0,0.02646109,0.049791705,-0.023330614,28.0,-1.0,1,0
7,cycle40_subj07_prior_low_1sess_150ep,812,59046,0.07602643,0.09647043,718,-0.020443998,22.0,0.0,7.0,7.0,0.024831407,0.039975114,-0.015143707,20.0,-0.7272727272727273,0,0
7,cycle40_subj07_prior_low_1sess_150ep,813,59079,0.0711555,0.09492185,718,-0.023766346,60.0,0.0,19.444444444444443,20.0,0.027786937,0.041370876,-0.0135839395,52.0,-0.1111111111111111,0,0
7,cycle40_subj07_prior_low_1sess_150ep,814,59091,0.075137444,0.08870975,718,-0.013572305,32.0,0.0,11.11111111111111,10.0,0.03241384,0.04204576,-0.009631921,29.0,-0.4444444444444444,0,0
7,cycle40_subj07_prior_low_1sess_150ep,815,59194,0.08307626,0.100383334,718,-0.017307073,16.0,0.0,5.714285714285714,5.0,0.03399193,0.04635592,-0.012363993,12.0,-0.2857142857142857,0,0
7,cycle40_subj07_prior_low_1sess_150ep,816,59284,0.038648482,0.09158612,718,-0.052937638,617.0,0.0,189.07142857142858,190.5,0.017930666,0.044539616,-0.02660895,466.0,0.0,0,0
7,cycle40_subj07_prior_low_1sess_150ep,817,59419,0.051148627,0.09028573,171,-0.039137106,351.0,0.0,104.57142857142857,104.0,0.012791123,0.03704784,-0.024256717,331.0,0.0,0,0
7,cycle40_subj07_prior_low_1sess_150ep,818,59420,0.055797894,0.08957146,567,-0.033773568,279.0,0.0,84.25,84.5,0.009890668,0.030886378,-0.02099571,261.0,0.0,0,0
7,cycle40_subj07_prior_low_1sess_150ep,819,59585,0.05212148,0.09221789,718,-0.040096413,334.0,0.0,104.625,102.5,0.015956033,0.045674905,-0.029718872,311.0,0.0,0,0
7,cycle40_subj07_prior_low_1sess_150ep,820,59595,0.05692495,0.087621994,718,-0.030697044,194.0,0.0,62.77777777777778,63.0,0.006358959,0.032085974,-0.025727015,192.0,-0.7777777777777778,0,0
7,cycle40_subj07_prior_low_1sess_150ep,821,59631,0.08230894,0.09267786,718,-0.010368921,4.0,0.3333333333333333,1.9166666666666667,2.0,0.038020972,0.041559882,-0.0035389103,0.0,-0.25000000000000006,0,0
7,cycle40_subj07_prior_low_1sess_150ep,822,59699,0.04863472,0.09002357,718,-0.04138885,438.0,0.0,131.92307692307693,132.0,0.023922345,0.04550204,-0.021579696,327.0,0.0,0,0
7,cycle40_subj07_prior_low_1sess_150ep,823,59817,0.06955863,0.10253777,718,-0.032979146,94.0,0.0,31.0,32.0,0.011318982,0.041319534,-0.030000553,91.0,-0.75,0,0
7,cycle40_subj07_prior_low_1sess_150ep,824,59994,0.059120137,0.095170155,171,-0.036050018,282.0,0.0,86.1,88.5,0.015091632,0.03309564,-0.018004008,267.0,0.0,0,0
7,cycle40_subj07_prior_low_1sess_150ep,825,60094,0.057729803,0.086344704,718,-0.028614901,151.0,0.0,46.5,44.5,0.03314787,0.043560706,-0.010412833,115.0,0.0,0,0
7,cycle40_subj07_prior_low_1sess_150ep,826,60119,0.06355727,0.09154979,718,-0.027992524,148.0,0.0,48.0,49.0,0.021577708,0.037003696,-0.015425988,137.0,-0.09090909090909091,0,0
7,cycle40_subj07_prior_low_1sess_150ep,827,60186,0.09184917,0.09840146,718,-0.0065522864,2.0,0.875,1.125,1.0,0.025083542,0.050675303,-0.02559176,1.0,-0.125,1,0
7,cycle40_subj07_prior_low_1sess_150ep,828,60251,0.08554657,0.09838442,718,-0.01283785,7.0,0.1111111111111111,3.4444444444444446,4.0,0.02471815,0.043995578,-0.019277427,6.0,-0.8888888888888888,1,0
7,cycle40_subj07_prior_low_1sess_150ep,829,60305,0.059107,0.089434415,947,-0.030327417,142.0,0.0,43.833333333333336,42.5,-0.00072715804,0.03942397,-0.040151127,141.0,-1.0,1,0
7,cycle40_subj07_prior_low_1sess_150ep,830,60456,0.04739429,0.086671874,171,-0.039277583,523.0,0.0,158.375,157.5,0.009691197,0.032848537,-0.02315734,485.0,0.0,0,0
7,cycle40_subj07_prior_low_1sess_150ep,831,60505,0.067863725,0.08392635,171,-0.016062625,50.0,0.0,14.2,15.0,0.006784007,0.03289945,-0.026115444,49.0,-1.0,1,0
7,cycle40_subj07_prior_low_1sess_150ep,832,60519,0.058054138,0.08824418,171,-0.03019004,198.0,0.0,62.416666666666664,61.5,0.009953305,0.04500586,-0.035052557,197.0,-1.0,1,0
7,cycle40_subj07_prior_low_1sess_150ep,833,60553,0.06440952,0.083316416,718,-0.018906899,55.0,0.0,17.285714285714285,17.0,0.0008314699,0.04009509,-0.03926362,54.0,-1.0,1,0
7,cycle40_subj07_prior_low_1sess_150ep,834,60725,0.07691008,0.089962065,718,-0.013051987,20.0,0.0,6.0,6.0,0.03681297,0.039650284,-0.0028373152,-11.0,0.0,0,0
7,cycle40_subj07_prior_low_1sess_150ep,835,60834,0.055194024,0.09764899,718,-0.04245497,313.0,0.0,98.8,98.0,0.00800243,0.0410362,-0.03303377,309.0,-0.3,0,0
7,cycle40_subj07_prior_low_1sess_150ep,836,60845,0.065068066,0.09378201,718,-0.028713942,134.0,0.0,42.36363636363637,42.0,0.027865935,0.043655317,-0.015789382,110.0,0.0,0,0
7,cycle40_subj07_prior_low_1sess_150ep,837,60867,0.08366348,0.10932579,718,-0.02566231,7.0,0.1,2.9,2.5,0.02975579,0.053036116,-0.023280326,5.0,-0.5,0,0
7,cycle40_subj07_prior_low_1sess_150ep,838,60978,0.062346216,0.09991836,718,-0.03757214,170.0,0.0,55.42857142857143,55.0,0.021789234,0.043667402,-0.021878168,127.0,0.0,0,0
7,cycle40_subj07_prior_low_1sess_150ep,839,61122,0.06673026,0.0966301,718,-0.029899836,104.0,0.0,34.666666666666664,33.0,0.02630712,0.038995698,-0.012688577,92.0,0.0,0,0
7,cycle40_subj07_prior_low_1sess_150ep,840,61133,0.05511225,0.08829372,718,-0.033181466,289.0,0.0,88.0,87.0,0.017944023,0.0404794,-0.022535376,267.0,0.0,0,0
7,cycle40_subj07_prior_low_1sess_150ep,841,61177,0.062383678,0.088413365,718,-0.026029687,117.0,0.0,36.0,38.0,0.0074555427,0.03994198,-0.03248644,116.0,-1.0,1,0
7,cycle40_subj07_prior_low_1sess_150ep,842,61216,0.062168527,0.09210579,718,-0.029937264,158.0,0.0,52.36363636363637,51.0,0.027822603,0.046721157,-0.018898554,98.0,0.0,0,0
7,cycle40_subj07_prior_low_1sess_150ep,843,61510,0.0787062,0.0973837,718,-0.018677503,28.0,0.0,10.666666666666666,11.0,0.028770417,0.038820103,-0.010049686,21.0,0.0,0,0
7,cycle40_subj07_prior_low_1sess_150ep,844,61513,0.0693743,0.092871435,718,-0.023497134,91.0,0.0,27.545454545454547,28.0,0.018749978,0.043789193,-0.025039215,90.0,-1.0,1,0
7,cycle40_subj07_prior_low_1sess_150ep,845,61677,0.070486635,0.095655486,718,-0.025168851,74.0,0.0,22.6,22.0,0.018618565,0.04290921,-0.024290644,72.0,-0.8666666666666667,0,0
7,cycle40_subj07_prior_low_1sess_150ep,846,61738,0.06068279,0.09880357,718,-0.038120784,231.0,0.0,70.54545454545455,70.0,0.03415994,0.04616397,-0.012004029,-45.0,0.0,0,0
7,cycle40_subj07_prior_low_1sess_150ep,847,61748,0.06280083,0.091152675,718,-0.028351843,106.0,0.0,32.5,34.5,0.0064378567,0.045939986,-0.03950213,105.0,-1.0,1,0
7,cycle40_subj07_prior_low_1sess_150ep,848,61752,0.078349285,0.10094615,718,-0.022596866,23.0,0.0,8.75,10.0,0.028213244,0.04290664,-0.014693394,19.0,-0.75,0,0
7,cycle40_subj07_prior_low_1sess_150ep,849,61797,0.077024035,0.0936962,266,-0.016672164,17.0,0.0,7.25,6.5,0.009770595,0.03360824,-0.023837645,16.0,-1.0,1,0
7,cycle40_subj07_prior_low_1sess_150ep,850,61801,0.051793225,0.08965874,171,-0.037865512,404.0,0.0,124.125,122.5,0.018101286,0.037085447,-0.018984161,357.0,0.0,0,0
7,cycle40_subj07_prior_low_1sess_150ep,851,61809,0.04016393,0.09091616,171,-0.050752226,668.0,0.0,206.71428571428572,206.0,-0.00036888197,0.038606137,-0.03897502,651.0,0.0,0,0
7,cycle40_subj07_prior_low_1sess_150ep,852,61873,0.0739162,0.09340165,266,-0.019485451,27.0,0.0,7.0,7.0,0.00892251,0.045182064,-0.036259554,26.0,-1.0,1,0
7,cycle40_subj07_prior_low_1sess_150ep,853,61972,0.06745473,0.08859866,171,-0.021143928,77.0,0.0,25.615384615384617,24.0,0.015228804,0.037793163,-0.022564359,76.0,-1.0,1,0
7,cycle40_subj07_prior_low_1sess_150ep,854,62006,0.07808291,0.09664113,171,-0.01855822,25.0,0.0,8.875,8.5,0.005222149,0.049640153,-0.044418003,24.0,-1.0,1,0
7,cycle40_subj07_prior_low_1sess_150ep,855,62015,0.04672716,0.08559019,109,-0.03886303,362.0,0.0,109.3,109.0,0.014885381,0.041180268,-0.026294887,352.0,-0.1,0,0
7,cycle40_subj07_prior_low_1sess_150ep,856,62209,0.056971543,0.09413772,718,-0.03716618,226.0,0.0,71.75,71.5,-0.001438167,0.050657876,-0.052096043,225.0,-1.0,1,0
7,cycle40_subj07_prior_low_1sess_150ep,857,62228,0.049363352,0.084515646,171,-0.035152294,324.0,0.0,99.58333333333333,98.5,-0.0024567172,0.033824254,-0.03628097,323.0,-1.0,1,0
7,cycle40_subj07_prior_low_1sess_150ep,858,62275,0.03233052,0.08931378,227,-0.056983262,770.0,0.0,232.2,230.0,0.009753717,0.049017385,-0.039263666,709.0,0.0,0,0
7,cycle40_subj07_prior_low_1sess_150ep,859,62302,0.09402469,0.09514317,718,-0.0011184812,2.0,0.8571428571428571,1.1428571428571428,1.0,0.025228068,0.03261731,-0.00738924,1.0,-0.1428571428571429,1,0
7,cycle40_subj07_prior_low_1sess_150ep,860,62365,0.05036875,0.08790198,718,-0.03753323,339.0,0.0,106.88888888888889,107.0,0.012965418,0.037963234,-0.024997815,334.0,-0.3333333333333333,0,0
7,cycle40_subj07_prior_low_1sess_150ep,861,62479,0.06695853,0.0948512,718,-0.027892672,115.0,0.0,39.416666666666664,39.5,0.03257431,0.040920645,-0.008346334,83.0,0.0,0,0
7,cycle40_subj07_prior_low_1sess_150ep,862,62544,0.064149,0.09351534,718,-0.029366337,188.0,0.0,60.666666666666664,61.0,0.013466548,0.031037781,-0.017571233,178.0,0.0,0,0
7,cycle40_subj07_prior_low_1sess_150ep,863,62561,0.067963295,0.09482548,718,-0.026862182,102.0,0.0,31.875,31.0,0.022630844,0.04069517,-0.018064328,92.0,-0.25,0,0
7,cycle40_subj07_prior_low_1sess_150ep,864,62683,0.09138372,0.09793113,718,-0.0065474138,4.0,0.2857142857142857,1.8571428571428572,2.0,0.0275781,0.04045135,-0.012873251,3.0,-0.7142857142857143,1,0
7,cycle40_subj07_prior_low_1sess_150ep,865,62748,0.05415769,0.08916698,718,-0.035009287,299.0,0.0,90.55555555555556,90.0,0.006507091,0.03877382,-0.03226673,296.0,-0.3333333333333333,0,0
7,cycle40_subj07_prior_low_1sess_150ep,866,62960,0.054937117,0.09075718,109,-0.03582006,275.0,0.0,81.91666666666667,81.5,0.009223595,0.035439435,-0.02621584,267.0,-0.08333333333333333,0,0
7,cycle40_subj07_prior_low_1sess_150ep,867,63081,0.06833355,0.09122818,718,-0.022894628,68.0,0.0,21.5,21.0,0.014372278,0.038469627,-0.02409735,67.0,-1.0,1,0
7,cycle40_subj07_prior_low_1sess_150ep,868,63182,0.055841662,0.093973555,718,-0.038131893,306.0,0.0,95.5,95.5,0.009216908,0.0437995,-0.034582593,303.0,-0.25,0,0
7,cycle40_subj07_prior_low_1sess_150ep,869,63345,0.069307625,0.093912825,171,-0.0246052,59.0,0.0,18.333333333333332,17.5,0.018354312,0.041657336,-0.023303024,57.0,-0.8333333333333334,0,0
7,cycle40_subj07_prior_low_1sess_150ep,870,63449,0.06770496,0.09257448,227,-0.024869516,92.0,0.0,29.333333333333332,29.0,0.019379534,0.03550265,-0.016123116,90.0,-0.8888888888888888,0,0
7,cycle40_subj07_prior_low_1sess_150ep,871,63746,0.079305135,0.090328194,569,-0.0110230595,13.0,0.0,5.25,5.5,0.03321321,0.03910522,-0.0058920123,9.0,0.0,0,0
7,cycle40_subj07_prior_low_1sess_150ep,872,63781,0.05953045,0.08966431,718,-0.030133862,198.0,0.0,59.888888888888886,60.0,0.010719046,0.0402985,-0.029579453,196.0,-0.8888888888888888,0,0
7,cycle40_subj07_prior_low_1sess_150ep,873,63825,0.045508344,0.09634202,718,-0.050833676,525.0,0.0,157.25,159.5,0.0046530887,0.04598867,-0.041335583,510.0,0.0,0,0
7,cycle40_subj07_prior_low_1sess_150ep,874,63922,0.07211064,0.09568919,718,-0.023578554,48.0,0.0,15.333333333333334,15.5,0.0351557,0.046158716,-0.011003017,11.0,0.0,0,0
7,cycle40_subj07_prior_low_1sess_150ep,875,63931,0.08732383,0.09991913,718,-0.012595303,4.0,0.46153846153846156,1.6923076923076923,2.0,0.017887518,0.05078109,-0.032893572,3.0,-0.5384615384615384,1,0
7,cycle40_subj07_prior_low_1sess_150ep,876,63944,0.07248647,0.094916224,718,-0.022429757,66.0,0.0,22.22222222222222,23.0,0.025281016,0.04119638,-0.015915364,62.0,-0.2222222222222222,0,0
7,cycle40_subj07_prior_low_1sess_150ep,877,64004,0.07610247,0.09341594,141,-0.017313465,20.0,0.0,6.0,6.5,0.02185746,0.046816625,-0.024959166,19.0,-1.0,1,0
7,cycle40_subj07_prior_low_1sess_150ep,878,64096,0.059125636,0.09120598,109,-0.03208034,208.0,0.0,63.1,61.5,0.024143524,0.049797628,-0.025654104,199.0,-0.1,0,0
7,cycle40_subj07_prior_low_1sess_150ep,879,64295,0.07460119,0.09448494,171,-0.019883752,23.0,0.0,7.666666666666667,8.0,0.020020239,0.038052335,-0.018032096,21.0,-0.3333333333333333,0,0
7,cycle40_subj07_prior_low_1sess_150ep,880,64483,0.065364964,0.0992837,718,-0.03391874,152.0,0.0,47.72727272727273,49.0,0.021529283,0.039051108,-0.017521825,115.0,0.0,0,0
7,cycle40_subj07_prior_low_1sess_150ep,881,64498,0.067409344,0.0905547,718,-0.023145355,77.0,0.0,21.666666666666668,23.0,0.023592222,0.047661304,-0.024069082,76.0,-1.0,1,0
7,cycle40_subj07_prior_low_1sess_150ep,882,64615,0.07485773,0.09326163,227,-0.018403903,61.0,0.0,19.77777777777778,20.0,0.02846203,0.03437659,-0.0059145615,36.0,0.0,0,0
7,cycle40_subj07_prior_low_1sess_150ep,883,64621,0.055001434,0.08804757,718,-0.033046138,243.0,0.0,76.28571428571429,74.0,0.020947725,0.041489296,-0.020541571,223.0,0.0,0,0
7,cycle40_subj07_prior_low_1sess_150ep,884,64687,0.072738014,0.09199747,171,-0.019259453,27.0,0.0,10.2,10.0,0.025580794,0.049532957,-0.023952164,26.0,-1.0,1,0
7,cycle40_subj07_prior_low_1sess_150ep,885,64771,0.084117465,0.09140997,141,-0.0072925016,6.0,0.2857142857142857,2.5714285714285716,3.0,0.04532242,0.046427097,-0.001104679,-3.0,0.2857142857142857,0,0
7,cycle40_subj07_prior_low_1sess_150ep,886,64867,0.06682256,0.09004221,718,-0.023219652,73.0,0.0,23.727272727272727,24.0,0.021413099,0.043969315,-0.022556216,71.0,-0.7272727272727273,0,0
7,cycle40_subj07_prior_low_1sess_150ep,887,64880,0.058450103,0.09172822,718,-0.033278115,200.0,0.0,60.84615384615385,63.0,0.027162004,0.038165744,-0.01100374,165.0,0.0,0,0
7,cycle40_subj07_prior_low_1sess_150ep,888,64893,0.044688445,0.09610609,171,-0.051417645,655.0,0.0,194.0,193.5,0.020760475,0.040498134,-0.019737657,262.0,0.0,0,0
7,cycle40_subj07_prior_low_1sess_150ep,889,64979,0.07258781,0.090142146,718,-0.017554335,40.0,0.0,12.75,12.5,0.03355035,0.037428707,-0.003878355,-35.0,0.0,0,0
7,cycle40_subj07_prior_low_1sess_150ep,890,65010,0.08088195,0.09314037,718,-0.012258418,10.0,0.0,3.75,3.5,0.020503037,0.03661129,-0.016108252,9.0,-1.0,1,0
7,cycle40_subj07_prior_low_1sess_150ep,891,65069,0.08518391,0.094598964,266,-0.009415053,12.0,0.0,5.833333333333333,6.0,0.019703276,0.043245006,-0.02354173,11.0,-1.0,1,0
7,cycle40_subj07_prior_low_1sess_150ep,892,65148,0.07220619,0.093762755,718,-0.021556564,53.0,0.0,16.75,17.0,0.017694753,0.04023928,-0.022544526,52.0,-1.0,1,0
7,cycle40_subj07_prior_low_1sess_150ep,893,65187,0.058010574,0.09681699,718,-0.038806412,293.0,0.0,90.46153846153847,92.0,0.02173803,0.04489034,-0.02315231,221.0,0.0,0,0
7,cycle40_subj07_prior_low_1sess_150ep,894,65232,0.077800475,0.094881475,718,-0.017081,24.0,0.0,8.333333333333334,8.0,0.028416608,0.04420037,-0.01578376,20.0,-0.5833333333333334,0,0
7,cycle40_subj07_prior_low_1sess_150ep,895,65253,0.029365426,0.09537953,718,-0.0660141,863.0,0.0,261.8,260.0,0.00422325,0.053779896,-0.049556643,769.0,0.0,0,0
7,cycle40_subj07_prior_low_1sess_150ep,896,65267,0.0727225,0.08816225,178,-0.015439749,21.0,0.0,6.538461538461538,7.0,0.03290929,0.045260783,-0.012351494,16.0,-0.15384615384615385,0,0
7,cycle40_subj07_prior_low_1sess_150ep,897,65376,0.0845141,0.08751602,171,-0.0030019209,3.0,0.3333333333333333,1.8888888888888888,2.0,0.029924214,0.03562963,-0.005705416,2.0,-0.6666666666666667,1,0
7,cycle40_subj07_prior_low_1sess_150ep,898,65414,0.059032258,0.09303319,718,-0.03400093,193.0,0.0,62.46153846153846,64.0,0.0049939677,0.046787,-0.041793033,192.0,-1.0,1,0
7,cycle40_subj07_prior_low_1sess_150ep,899,65445,0.06335621,0.096796826,141,-0.033440612,141.0,0.0,43.9,44.0,0.028007861,0.047035165,-0.019027304,116.0,0.0,0,0
7,cycle40_subj07_prior_low_1sess_150ep,900,65639,0.07643249,0.09038981,718,-0.013957322,20.0,0.0,6.714285714285714,7.0,0.009695135,0.032552823,-0.022857688,19.0,-1.0,1,0
7,cycle40_subj07_prior_low_1sess_150ep,901,65654,0.050671592,0.08625938,718,-0.035587788,306.0,0.0,97.1,99.5,0.012842175,0.034294784,-0.02145261,288.0,0.0,0,0
7,cycle40_subj07_prior_low_1sess_150ep,902,65686,0.039043296,0.09420344,718,-0.055160146,614.0,0.0,183.44444444444446,184.0,0.0081246495,0.046252098,-0.03812745,573.0,0.0,0,0
7,cycle40_subj07_prior_low_1sess_150ep,903,65769,0.070678025,0.09635576,718,-0.025677733,69.0,0.0,24.6,26.0,0.023349382,0.04440221,-0.021052826,65.0,0.0,0,0
7,cycle40_subj07_prior_low_1sess_150ep,904,65799,0.07148804,0.0959759,718,-0.02448786,62.0,0.0,21.545454545454547,22.0,0.020950895,0.043228235,-0.02227734,59.0,-0.45454545454545453,0,0
7,cycle40_subj07_prior_low_1sess_150ep,905,65821,0.078065634,0.095694095,718,-0.017628461,33.0,0.0,9.0,8.0,0.021546226,0.027141646,-0.0055954196,29.0,-0.2857142857142857,0,0
7,cycle40_subj07_prior_low_1sess_150ep,906,65872,0.06282517,0.08966096,718,-0.026835784,134.0,0.0,41.75,41.5,0.015352465,0.03756671,-0.022214245,132.0,-0.75,0,0
7,cycle40_subj07_prior_low_1sess_150ep,907,65920,0.0787596,0.09261852,567,-0.013858914,17.0,0.125,5.375,5.0,0.030745972,0.038463254,-0.0077172816,10.0,0.125,0,0
7,cycle40_subj07_prior_low_1sess_150ep,908,65943,0.056156296,0.09611657,171,-0.039960276,291.0,0.0,88.5,90.5,0.020505663,0.045701038,-0.025195375,262.0,0.0,0,0
7,cycle40_subj07_prior_low_1sess_150ep,909,66004,0.06263533,0.096846424,718,-0.03421109,190.0,0.0,59.857142857142854,63.0,0.0046227574,0.03971358,-0.035090823,189.0,-1.0,1,0
7,cycle40_subj07_prior_low_1sess_150ep,910,66214,0.052728947,0.08995724,171,-0.03722829,405.0,0.0,124.33333333333333,123.0,0.008938119,0.039464187,-0.030526068,397.0,-0.2222222222222222,0,0
7,cycle40_subj07_prior_low_1sess_150ep,911,66216,0.07298322,0.10045415,718,-0.027470931,66.0,0.0,21.875,21.5,0.023880724,0.036535494,-0.01265477,61.0,-0.25,0,0
7,cycle40_subj07_prior_low_1sess_150ep,912,66278,0.06159211,0.083365716,388,-0.021773607,56.0,0.0,18.77777777777778,20.0,-0.009975359,0.024824627,-0.034799986,55.0,-1.0,1,0
7,cycle40_subj07_prior_low_1sess_150ep,913,66330,0.038101614,0.08460369,718,-0.046502076,741.0,0.0,223.0,221.5,-0.0024877153,0.04150718,-0.043994896,735.0,-0.16666666666666666,0,0
7,cycle40_subj07_prior_low_1sess_150ep,914,66342,0.06999108,0.0939657,109,-0.02397462,70.0,0.0,24.11111111111111,25.0,0.019871466,0.04466668,-0.024795216,69.0,-1.0,1,0
7,cycle40_subj07_prior_low_1sess_150ep,915,66421,0.0582394,0.09776557,718,-0.039526172,288.0,0.0,88.57142857142857,88.0,0.02545505,0.039511446,-0.014056396,138.0,0.0,0,0
7,cycle40_subj07_prior_low_1sess_150ep,916,66464,0.078955546,0.09752957,171,-0.018574022,20.0,0.0,6.2,6.0,0.03169577,0.04284042,-0.011144653,10.0,0.0,0,0
7,cycle40_subj07_prior_low_1sess_150ep,917,66479,0.04527358,0.09251686,718,-0.047243282,596.0,0.0,183.0,184.0,0.011723015,0.042498954,-0.030775938,513.0,0.0,0,0
7,cycle40_subj07_prior_low_1sess_150ep,918,66489,0.06799197,0.09472894,718,-0.026736967,57.0,0.0,19.333333333333332,19.5,0.03494686,0.050218325,-0.015271466,39.0,0.0,0,0
7,cycle40_subj07_prior_low_1sess_150ep,919,66580,0.06156432,0.10425998,718,-0.042695664,171.0,0.0,56.285714285714285,56.0,0.010884952,0.05196302,-0.04107807,166.0,-0.14285714285714285,0,0
7,cycle40_subj07_prior_low_1sess_150ep,920,66643,0.045484167,0.08950144,718,-0.044017274,504.0,0.0,149.75,149.5,-0.0019511692,0.042003952,-0.04395512,502.0,-0.25,0,0
7,cycle40_subj07_prior_low_1sess_150ep,921,66773,0.07461437,0.09695624,718,-0.02234187,51.0,0.0,18.375,18.5,0.010009624,0.038702965,-0.02869334,50.0,-1.0,1,0
7,cycle40_subj07_prior_low_1sess_150ep,922,66836,0.059838656,0.08493829,388,-0.025099631,101.0,0.0,29.625,27.0,0.0011609457,0.039335683,-0.038174737,100.0,-1.0,1,0
7,cycle40_subj07_prior_low_1sess_150ep,923,66946,0.08141358,0.09641865,718,-0.015005067,10.0,0.1111111111111111,4.333333333333333,5.0,0.034901604,0.05224395,-0.017342348,9.0,-0.8888888888888888,1,0
7,cycle40_subj07_prior_low_1sess_150ep,924,66976,0.07085167,0.099736676,718,-0.028885007,90.0,0.0,29.833333333333332,28.0,0.020706888,0.04393963,-0.023232743,87.0,-0.5,0,0
7,cycle40_subj07_prior_low_1sess_150ep,925,67045,0.07262727,0.089916006,78,-0.017288737,17.0,0.0,7.0,6.5,0.018310998,0.044858553,-0.026547555,16.0,-1.0,1,0
7,cycle40_subj07_prior_low_1sess_150ep,926,67113,0.062464803,0.09824069,718,-0.035775885,188.0,0.0,58.0,58.0,0.011556584,0.046459384,-0.0349028,186.0,-0.7777777777777778,0,0
7,cycle40_subj07_prior_low_1sess_150ep,927,67168,0.07216976,0.09941904,718,-0.027249284,98.0,0.0,29.88888888888889,31.0,0.018658131,0.037080787,-0.018422656,93.0,-0.1111111111111111,0,0
7,cycle40_subj07_prior_low_1sess_150ep,928,67204,0.069451675,0.09706973,718,-0.027618058,81.0,0.0,23.692307692307693,24.0,0.023465648,0.046846554,-0.023380905,75.0,-0.15384615384615385,0,0
7,cycle40_subj07_prior_low_1sess_150ep,929,67237,0.062496558,0.097663805,718,-0.035167247,153.0,0.0,48.625,47.5,0.009902965,0.050765987,-0.040863022,152.0,-1.0,1,0
7,cycle40_subj07_prior_low_1sess_150ep,930,67252,0.06621361,0.09199709,718,-0.02578348,88.0,0.0,27.5,27.0,0.028069582,0.0440946,-0.016025018,85.0,-0.5,0,0
7,cycle40_subj07_prior_low_1sess_150ep,931,67295,0.061406996,0.09188193,141,-0.030474935,162.0,0.0,52.888888888888886,55.0,0.019756515,0.041972354,-0.02221584,139.0,0.0,0,0
7,cycle40_subj07_prior_low_1sess_150ep,932,67363,0.06857862,0.093701944,109,-0.02512332,77.0,0.0,21.4,20.0,0.018443715,0.041167703,-0.022723988,75.0,-0.6,0,0
7,cycle40_subj07_prior_low_1sess_150ep,933,67742,0.052830584,0.09800841,227,-0.045177825,363.0,0.0,114.11111111111111,114.0,0.003490124,0.042995915,-0.03950579,357.0,-0.2222222222222222,0,0
7,cycle40_subj07_prior_low_1sess_150ep,934,67802,0.06518405,0.08768435,178,-0.022500299,94.0,0.0,30.166666666666668,29.5,0.01368551,0.027600355,-0.013914846,92.0,-0.6666666666666666,0,0
7,cycle40_subj07_prior_low_1sess_150ep,935,67829,0.05484039,0.099487536,718,-0.044647146,304.0,0.0,94.22222222222223,92.0,0.01297177,0.049575727,-0.036603957,281.0,0.0,0,0
7,cycle40_subj07_prior_low_1sess_150ep,936,68023,0.04159095,0.09353017,718,-0.05193922,720.0,0.0,218.92307692307693,220.0,0.014880821,0.04790582,-0.033025,511.0,0.0,0,0
7,cycle40_subj07_prior_low_1sess_150ep,937,68168,0.07292866,0.09708119,718,-0.024152532,51.0,0.0,14.75,14.0,0.03388928,0.041333403,-0.0074441247,22.0,0.0,0,0
7,cycle40_subj07_prior_low_1sess_150ep,938,68278,0.06756018,0.09228904,718,-0.024728857,105.0,0.0,33.38461538461539,34.0,0.020192303,0.04023658,-0.020044278,101.0,-0.15384615384615385,0,0
7,cycle40_subj07_prior_low_1sess_150ep,939,68311,0.07302469,0.090592764,718,-0.017568074,25.0,0.0,7.833333333333333,7.0,0.016777433,0.042022187,-0.025244754,24.0,-1.0,1,0
7,cycle40_subj07_prior_low_1sess_150ep,940,68339,0.060284507,0.09704314,109,-0.036758635,190.0,0.0,62.875,61.0,0.017508205,0.044006396,-0.026498191,176.0,0.0,0,0
7,cycle40_subj07_prior_low_1sess_150ep,941,68418,0.069661304,0.09707764,718,-0.027416334,80.0,0.0,24.636363636363637,25.0,0.00999802,0.03800324,-0.02800522,79.0,-1.0,1,0
7,cycle40_subj07_prior_low_1sess_150ep,942,68471,0.071006365,0.0968003,171,-0.025793932,83.0,0.0,26.77777777777778,27.0,0.011533596,0.03779887,-0.026265275,82.0,-1.0,1,0
7,cycle40_subj07_prior_low_1sess_150ep,943,68741,0.051511332,0.08479016,171,-0.03327883,228.0,0.0,70.33333333333333,70.5,-0.0064351186,0.037304003,-0.04373912,227.0,-1.0,1,0
7,cycle40_subj07_prior_low_1sess_150ep,944,68814,0.07060362,0.08583062,227,-0.015227005,48.0,0.0,15.272727272727273,15.0,0.005467437,0.032466218,-0.02699878,47.0,-1.0,1,0
7,cycle40_subj07_prior_low_1sess_150ep,945,68842,0.076447055,0.088966,828,-0.012518942,18.0,0.0,4.571428571428571,4.0,0.020124733,0.031690475,-0.011565741,16.0,-0.7142857142857143,0,0
7,cycle40_subj07_prior_low_1sess_150ep,946,68858,0.07519146,0.09351677,718,-0.018325306,35.0,0.0,11.636363636363637,12.0,0.032987013,0.04388761,-0.010900598,23.0,-0.18181818181818182,0,0
7,cycle40_subj07_prior_low_1sess_150ep,947,68897,0.10265076,0.09772292,718,0.004927844,1.0,1.0,1.0,1.0,0.031384222,0.0451911,-0.0138068795,0.0,0.0,0,0
7,cycle40_subj07_prior_low_1sess_150ep,948,69007,0.041513167,0.0977286,718,-0.056215435,614.0,0.0,188.15384615384616,189.0,0.0074286275,0.05240402,-0.044975393,587.0,0.0,0,0
7,cycle40_subj07_prior_low_1sess_150ep,949,69025,0.07334979,0.094912134,171,-0.021562345,62.0,0.0,19.9,17.5,0.029203087,0.04105748,-0.011854392,41.0,0.0,0,0
7,cycle40_subj07_prior_low_1sess_150ep,950,69030,0.029388595,0.08749581,171,-0.058107216,891.0,0.0,266.625,267.0,0.016538799,0.044314362,-0.027775563,518.0,0.0,0,0
7,cycle40_subj07_prior_low_1sess_150ep,951,69130,0.08176048,0.094715916,718,-0.012955435,7.0,0.2,3.2,4.0,0.021844547,0.045526817,-0.02368227,6.0,-0.8,1,0
7,cycle40_subj07_prior_low_1sess_150ep,952,69214,0.04481373,0.07964801,380,-0.03483428,253.0,0.0,78.16666666666667,79.0,-0.0077383034,0.037646998,-0.0453853,252.0,-1.0,1,0
7,cycle40_subj07_prior_low_1sess_150ep,953,69240,0.051832125,0.095317386,718,-0.04348526,408.0,0.0,123.2,121.0,0.0059602037,0.039440643,-0.03348044,398.0,0.0,0,0
7,cycle40_subj07_prior_low_1sess_150ep,954,69442,0.0822248,0.09441257,171,-0.0121877715,16.0,0.0,6.076923076923077,5.0,0.019653194,0.0370009,-0.017347705,15.0,-1.0,1,0
7,cycle40_subj07_prior_low_1sess_150ep,955,69502,0.06920335,0.09097188,141,-0.021768533,75.0,0.0,25.5,26.0,0.020586293,0.034141995,-0.013555702,66.0,0.0,0,0
7,cycle40_subj07_prior_low_1sess_150ep,956,69614,0.0564107,0.092906386,718,-0.036495686,249.0,0.0,78.16666666666667,80.0,0.010454144,0.03904956,-0.028595414,241.0,0.0,0,0
7,cycle40_subj07_prior_low_1sess_150ep,957,69616,0.045219693,0.088301145,171,-0.04308145,498.0,0.0,149.3846153846154,148.0,0.029194549,0.036021534,-0.0068269856,219.0,0.0,0,0
7,cycle40_subj07_prior_low_1sess_150ep,958,69785,0.07446846,0.09604186,171,-0.021573395,39.0,0.0,13.1,12.5,0.04136027,0.044848144,-0.0034878738,-22.0,0.0,0,0
7,cycle40_subj07_prior_low_1sess_150ep,959,69813,0.08017229,0.091974206,718,-0.011801913,8.0,0.0,3.4285714285714284,3.0,0.024302669,0.047046125,-0.022743456,7.0,-1.0,1,0
7,cycle40_subj07_prior_low_1sess_150ep,960,69831,0.04366542,0.0913496,266,-0.04768418,573.0,0.0,172.76923076923077,174.0,0.012842661,0.045982555,-0.033139892,526.0,0.0,0,0
7,cycle40_subj07_prior_low_1sess_150ep,961,69839,0.059262704,0.095430195,718,-0.03616749,209.0,0.0,62.416666666666664,61.5,0.033691972,0.047458366,-0.013766395,54.0,0.0,0,0
7,cycle40_subj07_prior_low_1sess_150ep,962,69854,0.05792971,0.09773354,171,-0.039803833,264.0,0.0,83.66666666666667,84.0,0.010659661,0.04640457,-0.03574491,261.0,-0.5,0,0
7,cycle40_subj07_prior_low_1sess_150ep,963,69918,0.0628485,0.09941127,718,-0.03656277,178.0,0.0,56.7,56.5,0.01818306,0.042344928,-0.024161868,174.0,-0.4,0,0
7,cycle40_subj07_prior_low_1sess_150ep,964,70038,0.053821675,0.081758216,171,-0.02793654,227.0,0.0,72.44444444444444,72.0,0.017900307,0.030865997,-0.01296569,218.0,0.0,0,0
7,cycle40_subj07_prior_low_1sess_150ep,965,70075,0.070700504,0.096827924,718,-0.02612742,52.0,0.0,16.5,16.0,0.020664643,0.048711956,-0.028047312,51.0,-1.0,1,0
7,cycle40_subj07_prior_low_1sess_150ep,966,70095,0.072765425,0.09106013,718,-0.018294707,35.0,0.0,11.7,12.5,0.022287782,0.03737914,-0.015091356,32.0,-0.7,0,0
7,cycle40_subj07_prior_low_1sess_150ep,967,70193,0.06783058,0.09033478,718,-0.022504203,83.0,0.0,25.583333333333332,26.0,0.021880198,0.03995219,-0.01807199,73.0,0.0,0,0
7,cycle40_subj07_prior_low_1sess_150ep,968,70232,0.06449787,0.100446485,718,-0.03594861,159.0,0.0,50.666666666666664,50.5,0.01566735,0.039858222,-0.024190873,151.0,0.0,0,0
7,cycle40_subj07_prior_low_1sess_150ep,969,70335,0.07972744,0.090376765,171,-0.010649323,14.0,0.1,4.6,3.5,0.029788963,0.041436184,-0.011647221,13.0,-0.9,1,0
7,cycle40_subj07_prior_low_1sess_150ep,970,70360,0.046716496,0.08967322,718,-0.042956725,394.0,0.0,123.33333333333333,123.0,0.0037822686,0.048295774,-0.044513505,393.0,-1.0,1,0
7,cycle40_subj07_prior_low_1sess_150ep,971,70368,0.06531966,0.09373375,718,-0.028414093,108.0,0.0,33.86666666666667,34.0,0.022608843,0.044326086,-0.021717243,100.0,-0.06666666666666667,0,0
7,cycle40_subj07_prior_low_1sess_150ep,972,70427,0.06835841,0.09373943,718,-0.025381021,83.0,0.0,27.22222222222222,27.0,0.021133527,0.048959162,-0.027825635,82.0,-1.0,1,0
7,cycle40_subj07_prior_low_1sess_150ep,973,70505,0.042448625,0.09677194,718,-0.054323316,605.0,0.0,184.0,182.0,0.0029509068,0.044717498,-0.04176659,595.0,0.0,0,0
7,cycle40_subj07_prior_low_1sess_150ep,974,70585,0.07061647,0.101180576,718,-0.030564107,75.0,0.0,24.555555555555557,23.0,0.022473719,0.054825142,-0.032351423,74.0,-1.0,1,0
7,cycle40_subj07_prior_low_1sess_150ep,975,70589,0.0776994,0.09743077,171,-0.019731373,35.0,0.0,10.88888888888889,11.0,0.024552282,0.04324154,-0.01868926,33.0,-0.8888888888888888,0,0
7,cycle40_subj07_prior_low_1sess_150ep,976,70671,0.06612578,0.09563378,718,-0.029508002,119.0,0.0,37.2,35.5,0.022951253,0.045688473,-0.02273722,106.0,0.0,0,0
7,cycle40_subj07_prior_low_1sess_150ep,977,70758,0.054183055,0.09166584,718,-0.037482787,271.0,0.0,85.11111111111111,83.0,0.012516838,0.05076199,-0.038245153,270.0,-1.0,1,0
7,cycle40_subj07_prior_low_1sess_150ep,978,70764,0.057453834,0.08484384,178,-0.027390003,131.0,0.0,39.54545454545455,39.0,0.014664985,0.042576,-0.027911015,130.0,-1.0,1,0
7,cycle40_subj07_prior_low_1sess_150ep,979,70947,0.06393693,0.09681615,171,-0.032879226,123.0,0.0,38.25,39.5,0.026495755,0.050038304,-0.02354255,100.0,0.0,0,0
7,cycle40_subj07_prior_low_1sess_150ep,980,71025,0.07346509,0.09736014,718,-0.023895055,60.0,0.0,20.076923076923077,21.0,0.029947791,0.048139457,-0.018191665,45.0,0.0,0,0
7,cycle40_subj07_prior_low_1sess_150ep,981,71186,0.06910225,0.09161893,178,-0.022516683,62.0,0.0,19.833333333333332,19.5,0.025846127,0.039704356,-0.013858229,54.0,0.0,0,0
7,cycle40_subj07_prior_low_1sess_150ep,982,71229,0.080231145,0.084046274,923,-0.0038151294,6.0,0.14285714285714285,2.5714285714285716,2.0,0.012234315,0.027619738,-0.015385423,5.0,-0.8571428571428572,1,0
7,cycle40_subj07_prior_low_1sess_150ep,983,71232,0.06671368,0.09188332,171,-0.025169633,77.0,0.0,24.307692307692307,24.0,0.013204712,0.04451399,-0.031309277,76.0,-1.0,1,0
7,cycle40_subj07_prior_low_1sess_150ep,984,71241,0.07736206,0.08993406,718,-0.012571998,22.0,0.0,8.333333333333334,10.0,0.01952492,0.046708565,-0.027183644,21.0,-1.0,1,0
7,cycle40_subj07_prior_low_1sess_150ep,985,71410,0.061034586,0.10315185,718,-0.042117264,199.0,0.0,61.15384615384615,61.0,0.01592204,0.053571615,-0.037649576,197.0,-0.7692307692307693,0,0
7,cycle40_subj07_prior_low_1sess_150ep,986,71450,0.07177294,0.08541321,718,-0.01364027,36.0,0.0,11.666666666666666,12.0,0.003820449,0.035055492,-0.031235043,35.0,-1.0,1,0
7,cycle40_subj07_prior_low_1sess_150ep,987,71753,0.08443417,0.1069378,718,-0.022503637,14.0,0.0,5.545454545454546,6.0,0.028244458,0.062866926,-0.03462247,13.0,-1.0,1,0
7,cycle40_subj07_prior_low_1sess_150ep,988,71894,0.07009331,0.09583626,718,-0.025742948,97.0,0.0,31.25,31.5,0.025055137,0.04220557,-0.017150432,91.0,-0.125,0,0
7,cycle40_subj07_prior_low_1sess_150ep,989,71928,0.047665514,0.09238947,718,-0.044723958,523.0,0.0,160.0,160.0,0.0014691465,0.03806132,-0.036592174,507.0,0.0,0,0
7,cycle40_subj07_prior_low_1sess_150ep,990,72015,0.0884324,0.09579672,718,-0.007364318,5.0,0.1111111111111111,2.6666666666666665,3.0,0.025696844,0.041768607,-0.016071763,4.0,-0.8888888888888888,1,0
7,cycle40_subj07_prior_low_1sess_150ep,991,72080,0.079007804,0.09433758,718,-0.015329778,17.0,0.0,5.714285714285714,6.0,0.023707692,0.056092452,-0.03238476,16.0,-1.0,1,0
7,cycle40_subj07_prior_low_1sess_150ep,992,72170,0.068382666,0.09272948,171,-0.024346814,94.0,0.0,30.0,28.0,0.015791453,0.036447264,-0.02065581,92.0,-0.8888888888888888,0,0
7,cycle40_subj07_prior_low_1sess_150ep,993,72209,0.05362485,0.0957214,718,-0.04209655,234.0,0.0,71.77777777777777,75.0,0.009733878,0.047097217,-0.03736334,232.0,-0.8888888888888888,0,0
7,cycle40_subj07_prior_low_1sess_150ep,994,72257,0.07217333,0.09996712,718,-0.027793795,94.0,0.0,28.818181818181817,29.0,0.025858633,0.043125838,-0.017267205,74.0,0.0,0,0
7,cycle40_subj07_prior_low_1sess_150ep,995,72312,0.04021,0.0858068,171,-0.0455968,543.0,0.0,162.22222222222223,161.0,-0.010080211,0.044882257,-0.054962467,542.0,-1.0,1,0
7,cycle40_subj07_prior_low_1sess_150ep,996,72510,0.049908943,0.09488756,718,-0.04497862,432.0,0.0,131.125,129.0,0.01741917,0.043498207,-0.026079036,368.0,0.0,0,0
7,cycle40_subj07_prior_low_1sess_150ep,997,72605,0.076749645,0.09460421,171,-0.017854564,22.0,0.0,7.363636363636363,8.0,0.0028830245,0.045176774,-0.04229375,21.0,-1.0,1,0
7,cycle40_subj07_prior_low_1sess_150ep,998,72719,0.08467401,0.09095093,718,-0.0062769204,2.0,0.6428571428571429,1.3571428571428572,1.0,0.03588482,0.04585952,-0.0099746995,1.0,-0.3571428571428571,1,0
7,cycle40_subj07_prior_low_1sess_150ep,999,72948,0.06588327,0.10010453,718,-0.03422126,127.0,0.0,40.4,42.0,0.030832969,0.06032092,-0.029487953,112.0,0.0,0,0
