subject,model_name,eval_index,image_id,positive_similarity,hardest_impostor_similarity,hardest_impostor_index,margin,full_pool_rank,sampled_top1_success_rate,sampled_rank_mean,sampled_rank_median,delta_positive_similarity,delta_hardest_impostor_similarity,delta_margin,delta_full_pool_rank,delta_sampled_top1_success_rate,rank1_to_not1,not1_to_rank1
5,cycle40_subj05_prior_low_1sess_150ep,0,2950,0.069833584,0.09545537,227,-0.025621787,79.0,0.0,24.0,24.0,0.028866649,0.04648254,-0.017615892,77.0,-1.0,0,0
5,cycle40_subj05_prior_low_1sess_150ep,1,2990,0.06828878,0.092027664,718,-0.023738883,159.0,0.0,51.23076923076923,52.0,0.021267354,0.038283397,-0.017016042,157.0,-0.7692307692307693,0,0
5,cycle40_subj05_prior_low_1sess_150ep,2,3049,0.095607504,0.096010245,384,-0.00040274113,2.0,0.8333333333333334,1.1666666666666667,1.0,0.0462517,0.043986302,0.0022653975,-2.0,0.6666666666666667,0,0
5,cycle40_subj05_prior_low_1sess_150ep,3,3077,0.06959065,0.09181105,227,-0.022220403,102.0,0.0,31.333333333333332,33.0,0.041889045,0.04998068,-0.008091636,83.0,0.0,0,0
5,cycle40_subj05_prior_low_1sess_150ep,4,3146,0.06868527,0.091495834,171,-0.022810563,95.0,0.0,30.266666666666666,30.0,0.036318492,0.05120666,-0.014888167,86.0,0.0,0,0
5,cycle40_subj05_prior_low_1sess_150ep,5,3157,0.074799314,0.09123256,227,-0.016433246,22.0,0.0,7.888888888888889,8.0,0.027631115,0.040383134,-0.012752019,20.0,-0.6666666666666666,0,0
5,cycle40_subj05_prior_low_1sess_150ep,6,3164,0.058167268,0.0871874,178,-0.029020134,263.0,0.0,79.25,77.5,0.03125684,0.042174842,-0.010918001,171.0,0.0,0,0
5,cycle40_subj05_prior_low_1sess_150ep,7,3171,0.03949399,0.095074676,227,-0.055580687,671.0,0.0,200.375,197.0,0.021097088,0.05044466,-0.02934757,518.0,0.0,0,0
5,cycle40_subj05_prior_low_1sess_150ep,8,3181,0.09559866,0.10252048,718,-0.0069218203,3.0,0.5833333333333334,1.5,1.0,0.03504464,0.050194446,-0.015149806,2.0,-0.41666666666666663,1,0
5,cycle40_subj05_prior_low_1sess_150ep,9,3386,0.07534556,0.09938677,718,-0.024041206,60.0,0.0,19.0,18.0,0.046139013,0.055810582,-0.009671569,17.0,0.0,0,0
5,cycle40_subj05_prior_low_1sess_150ep,10,3434,0.061046343,0.08998753,760,-0.028941188,166.0,0.0,51.25,51.5,0.014149185,0.037138604,-0.022989418,163.0,-0.5833333333333334,0,0
5,cycle40_subj05_prior_low_1sess_150ep,11,3449,0.09844154,0.09096651,227,0.0074750334,1.0,1.0,1.0,1.0,0.03935262,0.050771646,-0.011419028,0.0,0.0,0,0
5,cycle40_subj05_prior_low_1sess_150ep,12,3489,0.076135896,0.09576129,718,-0.019625396,52.0,0.0,17.4,19.0,0.039083015,0.04875982,-0.009676807,45.0,-0.4,0,0
5,cycle40_subj05_prior_low_1sess_150ep,13,3626,0.07770695,0.10132287,227,-0.023615919,50.0,0.0,16.923076923076923,18.0,0.034784976,0.053160597,-0.01837562,46.0,-0.3076923076923077,0,0
5,cycle40_subj05_prior_low_1sess_150ep,14,3682,0.050576985,0.08937225,828,-0.038795263,410.0,0.0,129.6,130.5,0.00923549,0.045077685,-0.035842195,408.0,-0.8,0,0
5,cycle40_subj05_prior_low_1sess_150ep,15,3687,0.0714121,0.09353658,718,-0.022124477,80.0,0.0,26.166666666666668,28.0,0.021730937,0.044745225,-0.023014288,79.0,-1.0,1,0
5,cycle40_subj05_prior_low_1sess_150ep,16,3729,0.0659307,0.09483917,227,-0.028908469,127.0,0.0,42.375,42.0,0.019740682,0.04604255,-0.026301868,125.0,-0.5,0,0
5,cycle40_subj05_prior_low_1sess_150ep,17,3809,0.060782794,0.08760125,2,-0.026818458,170.0,0.0,53.75,53.5,0.034861542,0.049354386,-0.014492843,153.0,0.0,0,0
5,cycle40_subj05_prior_low_1sess_150ep,18,3842,0.07266572,0.092629045,227,-0.019963324,65.0,0.0,22.375,23.0,0.040549774,0.047735702,-0.0071859285,54.0,0.0,0,0
5,cycle40_subj05_prior_low_1sess_150ep,19,3847,0.060508914,0.100759305,171,-0.04025039,176.0,0.0,54.888888888888886,57.0,0.008951206,0.045603354,-0.036652148,174.0,-0.3333333333333333,0,0
5,cycle40_subj05_prior_low_1sess_150ep,20,3856,0.060891952,0.09876705,227,-0.037875097,207.0,0.0,66.42857142857143,68.0,0.02352053,0.05517613,-0.031655602,201.0,-0.2857142857142857,0,0
5,cycle40_subj05_prior_low_1sess_150ep,21,3913,0.06869167,0.098221615,227,-0.029529944,106.0,0.0,33.8,34.0,0.01431619,0.046940777,-0.032624587,105.0,-1.0,1,0
5,cycle40_subj05_prior_low_1sess_150ep,22,3951,0.063629545,0.090705305,227,-0.02707576,94.0,0.0,30.333333333333332,29.0,0.016082454,0.039627377,-0.023544922,92.0,-0.7777777777777778,0,0
5,cycle40_subj05_prior_low_1sess_150ep,23,4051,0.07141327,0.09713847,266,-0.0257252,115.0,0.0,39.083333333333336,39.0,0.04092108,0.048127666,-0.0072065853,57.0,0.0,0,0
5,cycle40_subj05_prior_low_1sess_150ep,24,4058,0.080624975,0.09389736,171,-0.013272382,30.0,0.0,10.6,10.0,0.029683687,0.040914565,-0.0112308785,28.0,-0.4,0,0
5,cycle40_subj05_prior_low_1sess_150ep,25,4129,0.08208138,0.09637605,227,-0.014294669,32.0,0.0,12.75,13.0,0.036826763,0.04646027,-0.009633508,28.0,-0.4166666666666667,0,0
5,cycle40_subj05_prior_low_1sess_150ep,26,4156,0.066965066,0.093186006,680,-0.02622094,139.0,0.0,41.3,42.5,0.015433744,0.04016331,-0.024729565,137.0,-0.7,0,0
5,cycle40_subj05_prior_low_1sess_150ep,27,4249,0.08043203,0.09475017,718,-0.014318146,19.0,0.0,7.111111111111111,7.0,0.022433668,0.047244243,-0.024810575,18.0,-1.0,1,0
5,cycle40_subj05_prior_low_1sess_150ep,28,4325,0.08868893,0.096688025,174,-0.007999092,2.0,0.7272727272727273,1.2727272727272727,1.0,0.028982494,0.047056973,-0.018074479,1.0,-0.2727272727272727,1,0
5,cycle40_subj05_prior_low_1sess_150ep,29,4423,0.06572655,0.09641206,266,-0.030685514,218.0,0.0,68.7,69.5,0.027800322,0.04671964,-0.018919319,199.0,0.0,0,0
5,cycle40_subj05_prior_low_1sess_150ep,30,4436,0.08204908,0.09117939,174,-0.009130314,7.0,0.0,3.0,3.0,0.03864457,0.04009658,-0.0014520101,0.0,0.0,0,0
5,cycle40_subj05_prior_low_1sess_150ep,31,4612,0.0746749,0.09889223,227,-0.02421733,60.0,0.0,20.25,20.5,0.030480262,0.050248336,-0.019768074,57.0,-0.5,0,0
5,cycle40_subj05_prior_low_1sess_150ep,32,4667,0.07043752,0.09344673,78,-0.02300921,88.0,0.0,27.923076923076923,27.0,0.030879784,0.05575525,-0.024875466,87.0,-1.0,1,0
5,cycle40_subj05_prior_low_1sess_150ep,33,4690,0.042484745,0.09495265,78,-0.052467905,649.0,0.0,194.72727272727272,194.0,0.004057925,0.050851036,-0.04679311,645.0,-0.36363636363636365,0,0
5,cycle40_subj05_prior_low_1sess_150ep,34,4768,0.07139282,0.09235137,954,-0.02095855,65.0,0.0,23.11111111111111,23.0,0.041979242,0.05062463,-0.008645389,35.0,0.0,0,0
5,cycle40_subj05_prior_low_1sess_150ep,35,4786,0.07427753,0.091333665,167,-0.017056137,29.0,0.0,10.3,10.0,0.04759036,0.04998895,-0.0023985915,20.0,-0.1,0,0
5,cycle40_subj05_prior_low_1sess_150ep,36,4835,0.06351832,0.09062167,718,-0.02710335,152.0,0.0,46.666666666666664,49.5,0.020166848,0.042805962,-0.022639114,149.0,-0.4166666666666667,0,0
5,cycle40_subj05_prior_low_1sess_150ep,37,4869,0.05346526,0.085265316,718,-0.031800058,339.0,0.0,108.0,113.0,0.0022717603,0.033316694,-0.031044934,337.0,-0.6666666666666666,0,0
5,cycle40_subj05_prior_low_1sess_150ep,38,4892,0.06936461,0.09739474,227,-0.028030135,143.0,0.0,42.75,43.5,0.030681934,0.041313916,-0.010631982,132.0,-0.125,0,0
5,cycle40_subj05_prior_low_1sess_150ep,39,4930,0.079631574,0.10217199,334,-0.022540413,10.0,0.0,4.0,4.0,0.0076065585,0.06057159,-0.05296503,9.0,-1.0,1,0
5,cycle40_subj05_prior_low_1sess_150ep,40,5034,0.05581137,0.09037134,174,-0.03455997,291.0,0.0,89.9,90.5,0.01661313,0.050492622,-0.033879492,289.0,-0.4,0,0
5,cycle40_subj05_prior_low_1sess_150ep,41,5106,0.07787248,0.09186786,718,-0.013995379,39.0,0.0,13.5,13.0,0.042492535,0.046653856,-0.0041613206,31.0,-0.16666666666666666,0,0
5,cycle40_subj05_prior_low_1sess_150ep,42,5204,0.06431713,0.09379642,718,-0.029479288,193.0,0.0,59.714285714285715,61.0,0.03332816,0.05070718,-0.017379021,176.0,0.0,0,0
5,cycle40_subj05_prior_low_1sess_150ep,43,5285,0.07732362,0.077998035,760,-0.00067441165,4.0,0.5,1.5,1.5,0.03386795,0.032349974,0.0015179776,2.0,-0.33333333333333337,0,0
5,cycle40_subj05_prior_low_1sess_150ep,44,5301,0.050468653,0.088411175,171,-0.03794252,279.0,0.0,88.81818181818181,89.0,0.01350769,0.061957277,-0.04844959,278.0,-1.0,1,0
5,cycle40_subj05_prior_low_1sess_150ep,45,5338,0.05067566,0.08468405,78,-0.03400839,416.0,0.0,131.33333333333334,128.5,0.011503559,0.03576676,-0.024263203,414.0,-0.6666666666666666,0,0
5,cycle40_subj05_prior_low_1sess_150ep,46,5427,0.0748188,0.08777712,171,-0.012958325,26.0,0.0,9.125,9.0,0.012138963,0.033471674,-0.021332711,25.0,-1.0,1,0
5,cycle40_subj05_prior_low_1sess_150ep,47,5459,0.07721609,0.09104254,610,-0.013826452,30.0,0.0,8.25,9.0,0.039489314,0.05513842,-0.015649106,29.0,-1.0,1,0
5,cycle40_subj05_prior_low_1sess_150ep,48,5502,0.08467295,0.09468535,102,-0.010012403,13.0,0.0,4.666666666666667,5.0,0.02980382,0.044006765,-0.014202945,12.0,-1.0,1,0
5,cycle40_subj05_prior_low_1sess_150ep,49,5542,0.06880015,0.09156443,227,-0.02276428,94.0,0.0,30.555555555555557,30.0,0.025112525,0.05180864,-0.026696116,93.0,-1.0,1,0
5,cycle40_subj05_prior_low_1sess_150ep,50,5574,0.07687542,0.09102804,718,-0.014152624,29.0,0.0,10.0,10.5,0.040229745,0.05494816,-0.014718413,28.0,-1.0,1,0
5,cycle40_subj05_prior_low_1sess_150ep,51,5583,0.07182212,0.09536593,718,-0.023543805,122.0,0.0,38.25,39.0,0.04969335,0.04880196,0.0008913912,-169.0,0.0,0,0
5,cycle40_subj05_prior_low_1sess_150ep,52,5602,0.026072424,0.08485025,266,-0.058777828,870.0,0.0,262.0,262.0,0.007178476,0.06176292,-0.054584444,864.0,0.0,0,0
5,cycle40_subj05_prior_low_1sess_150ep,53,5714,0.062882096,0.0802648,174,-0.017382704,77.0,0.0,24.181818181818183,24.0,0.020007037,0.040258598,-0.020251561,76.0,-1.0,1,0
5,cycle40_subj05_prior_low_1sess_150ep,54,5878,0.07897437,0.08605661,171,-0.007082239,9.0,0.1111111111111111,3.111111111111111,3.0,0.04286809,0.05061351,-0.0077454224,8.0,-0.8888888888888888,1,0
5,cycle40_subj05_prior_low_1sess_150ep,55,5890,0.036328673,0.08690229,524,-0.050573617,805.0,0.0,240.8,243.0,0.0053403806,0.049587347,-0.044246964,795.0,0.0,0,0
5,cycle40_subj05_prior_low_1sess_150ep,56,6132,0.08702798,0.09598667,266,-0.00895869,12.0,0.0,4.333333333333333,4.5,0.054139324,0.05637516,-0.0022358373,9.0,-0.5,0,0
5,cycle40_subj05_prior_low_1sess_150ep,57,6199,0.08192548,0.091705635,266,-0.009780154,16.0,0.0,5.4,5.0,0.043867253,0.05443452,-0.0105672665,15.0,-1.0,1,0
5,cycle40_subj05_prior_low_1sess_150ep,58,6222,0.071994886,0.09623515,827,-0.024240263,47.0,0.0,15.5,15.5,0.031672474,0.044265397,-0.012592923,40.0,0.0,0,0
5,cycle40_subj05_prior_low_1sess_150ep,59,6431,0.06071961,0.09311967,163,-0.032400064,166.0,0.0,51.857142857142854,52.0,0.028390203,0.04654256,-0.018152356,157.0,0.0,0,0
5,cycle40_subj05_prior_low_1sess_150ep,60,6444,0.06443626,0.09609206,828,-0.031655803,167.0,0.0,49.72727272727273,49.0,0.009282023,0.04973324,-0.040451217,166.0,-1.0,1,0
5,cycle40_subj05_prior_low_1sess_150ep,61,6489,0.07384248,0.09842067,78,-0.024578191,69.0,0.0,21.5,20.0,0.023241311,0.049012702,-0.02577139,68.0,-1.0,1,0
5,cycle40_subj05_prior_low_1sess_150ep,62,6514,0.035850186,0.091304585,163,-0.0554544,719.0,0.0,216.55555555555554,218.0,0.01337132,0.046684857,-0.033313535,634.0,0.0,0,0
5,cycle40_subj05_prior_low_1sess_150ep,63,6521,0.07371527,0.08832721,109,-0.014611937,38.0,0.0,14.066666666666666,14.0,0.01811701,0.029424407,-0.011307396,35.0,-0.4666666666666667,0,0
5,cycle40_subj05_prior_low_1sess_150ep,64,6524,0.06710856,0.09746483,171,-0.030356273,115.0,0.0,35.857142857142854,35.0,0.028235842,0.05360376,-0.02536792,111.0,-0.42857142857142855,0,0
5,cycle40_subj05_prior_low_1sess_150ep,65,6558,0.09190001,0.082581684,524,0.009318329,1.0,1.0,1.0,1.0,0.04585204,0.05184019,-0.005988151,0.0,0.0,0,0
5,cycle40_subj05_prior_low_1sess_150ep,66,6640,0.07065962,0.09102293,171,-0.020363308,78.0,0.0,24.181818181818183,23.0,0.021912798,0.041895818,-0.01998302,76.0,-1.0,0,0
5,cycle40_subj05_prior_low_1sess_150ep,67,6713,0.07170097,0.0928601,827,-0.021159135,41.0,0.0,13.090909090909092,13.0,0.03109549,0.05548256,-0.024387069,40.0,-1.0,1,0
5,cycle40_subj05_prior_low_1sess_150ep,68,6801,0.048980176,0.096024394,227,-0.047044218,469.0,0.0,145.0,147.0,0.019276686,0.056694943,-0.037418257,454.0,0.0,0,0
5,cycle40_subj05_prior_low_1sess_150ep,69,7007,0.07208968,0.094804384,227,-0.022714704,123.0,0.0,40.2,41.0,0.027167004,0.049081594,-0.02191459,120.0,-0.4,0,0
5,cycle40_subj05_prior_low_1sess_150ep,70,7039,0.09425164,0.0949827,227,-0.0007310584,2.0,0.7,1.3,1.0,0.039399598,0.050883822,-0.011484224,1.0,-0.30000000000000004,1,0
5,cycle40_subj05_prior_low_1sess_150ep,71,7120,0.085985534,0.086949244,171,-0.00096371025,2.0,0.6666666666666666,1.3333333333333333,1.0,0.04815012,0.05165573,-0.00350561,1.0,-0.33333333333333337,1,0
5,cycle40_subj05_prior_low_1sess_150ep,72,7207,0.07489781,0.08968745,174,-0.014789641,61.0,0.0,19.0,18.0,0.031899452,0.043588202,-0.01168875,56.0,0.0,0,0
5,cycle40_subj05_prior_low_1sess_150ep,73,7336,0.07000614,0.08818927,889,-0.018183127,55.0,0.0,18.125,17.0,0.0224277,0.037884817,-0.015457116,50.0,-0.125,0,0
5,cycle40_subj05_prior_low_1sess_150ep,74,7366,0.05789574,0.08298972,174,-0.025093984,130.0,0.0,39.0,38.0,0.018890712,0.047692824,-0.028802112,129.0,-1.0,1,0
5,cycle40_subj05_prior_low_1sess_150ep,75,7409,0.051030695,0.090592735,171,-0.03956204,376.0,0.0,112.71428571428571,112.0,0.007999394,0.04060533,-0.032605935,371.0,-0.2857142857142857,0,0
5,cycle40_subj05_prior_low_1sess_150ep,76,7418,0.063893184,0.08855548,171,-0.024662293,84.0,0.0,24.77777777777778,23.0,0.017490156,0.052603055,-0.0351129,83.0,-1.0,1,0
5,cycle40_subj05_prior_low_1sess_150ep,77,7480,0.07458456,0.09345817,718,-0.01887361,61.0,0.0,20.6,21.0,0.032522067,0.0529038,-0.020381734,60.0,-1.0,1,0
5,cycle40_subj05_prior_low_1sess_150ep,78,7654,0.10247516,0.09829743,718,0.004177727,1.0,1.0,1.0,1.0,0.049672794,0.053131603,-0.003458809,0.0,0.0,0,0
5,cycle40_subj05_prior_low_1sess_150ep,79,7659,0.08407919,0.09385492,718,-0.009775728,7.0,0.0,2.9166666666666665,3.0,0.03723511,0.052908517,-0.015673406,6.0,-1.0,1,0
5,cycle40_subj05_prior_low_1sess_150ep,80,7840,0.055927943,0.08681892,174,-0.030890975,202.0,0.0,63.75,63.5,0.015770439,0.041809212,-0.026038773,199.0,-0.5,0,0
5,cycle40_subj05_prior_low_1sess_150ep,81,7859,0.067201704,0.09389727,109,-0.026695564,142.0,0.0,45.0,45.0,0.033196896,0.042196818,-0.008999921,116.0,0.0,0,0
5,cycle40_subj05_prior_low_1sess_150ep,82,7944,0.07765803,0.0909732,947,-0.013315171,34.0,0.0,10.875,10.5,0.023225501,0.04477331,-0.02154781,33.0,-1.0,1,0
5,cycle40_subj05_prior_low_1sess_150ep,83,7948,0.06088966,0.09244115,417,-0.031551488,253.0,0.0,78.22222222222223,80.0,0.025762368,0.046228837,-0.02046647,239.0,0.0,0,0
5,cycle40_subj05_prior_low_1sess_150ep,84,7954,0.029324913,0.09234653,171,-0.063021615,878.0,0.0,264.1666666666667,263.5,0.018194724,0.04407697,-0.025882248,644.0,0.0,0,0
5,cycle40_subj05_prior_low_1sess_150ep,85,8006,0.08881707,0.09555922,718,-0.0067421496,4.0,0.5,1.9,1.5,0.04557912,0.052756373,-0.0071772523,3.0,-0.5,1,0
5,cycle40_subj05_prior_low_1sess_150ep,86,8109,0.064806625,0.09245848,227,-0.027651854,129.0,0.0,39.5,39.5,0.03814371,0.0557747,-0.017630992,115.0,0.0,0,0
5,cycle40_subj05_prior_low_1sess_150ep,87,8204,0.060298357,0.087322794,718,-0.027024437,199.0,0.0,60.27272727272727,62.0,0.028160889,0.036597252,-0.008436363,141.0,0.0,0,0
5,cycle40_subj05_prior_low_1sess_150ep,88,8225,0.058987785,0.08963528,417,-0.030647498,201.0,0.0,62.4,62.0,0.041546952,0.051528297,-0.009981345,133.0,0.0,0,0
5,cycle40_subj05_prior_low_1sess_150ep,89,8262,0.048297178,0.093083255,718,-0.044786077,530.0,0.0,161.66666666666666,162.5,0.017378744,0.052479547,-0.035100803,514.0,0.0,0,0
5,cycle40_subj05_prior_low_1sess_150ep,90,8274,0.10361605,0.08797988,680,0.015636168,1.0,1.0,1.0,1.0,0.046929598,0.04289448,0.004035119,0.0,0.0,0,0
5,cycle40_subj05_prior_low_1sess_150ep,91,8318,0.07463079,0.09428117,171,-0.019650377,40.0,0.0,14.0,13.0,0.025427401,0.05150011,-0.02607271,39.0,-1.0,1,0
5,cycle40_subj05_prior_low_1sess_150ep,92,8387,0.059434954,0.094094686,718,-0.034659732,320.0,0.0,98.5,99.0,0.020348314,0.04772244,-0.027374126,316.0,-0.625,0,0
5,cycle40_subj05_prior_low_1sess_150ep,93,8394,0.07513244,0.08918217,718,-0.014049731,18.0,0.0,6.071428571428571,6.0,0.045284964,0.054887824,-0.009602858,15.0,-0.6428571428571429,0,0
5,cycle40_subj05_prior_low_1sess_150ep,94,8415,0.053143207,0.089962706,417,-0.0368195,311.0,0.0,96.36363636363636,97.0,0.0042474903,0.04482379,-0.0405763,310.0,-1.0,1,0
5,cycle40_subj05_prior_low_1sess_150ep,95,8435,0.06530066,0.085098244,718,-0.019797586,89.0,0.0,29.142857142857142,29.0,0.024581328,0.04774498,-0.02316365,88.0,-1.0,1,0
5,cycle40_subj05_prior_low_1sess_150ep,96,8465,0.06705576,0.09213948,227,-0.02508372,146.0,0.0,45.0,45.5,0.025391448,0.045659624,-0.020268176,140.0,-0.25,0,0
5,cycle40_subj05_prior_low_1sess_150ep,97,8509,0.07655478,0.09272642,178,-0.016171634,24.0,0.0,8.090909090909092,8.0,0.041122638,0.041898042,-0.0007754043,14.0,0.0,0,0
5,cycle40_subj05_prior_low_1sess_150ep,98,8631,0.06555262,0.09789362,718,-0.032340996,124.0,0.0,37.875,38.5,0.005146764,0.049043052,-0.043896288,123.0,-1.0,1,0
5,cycle40_subj05_prior_low_1sess_150ep,99,8646,0.06763163,0.096949115,718,-0.029317483,132.0,0.0,42.266666666666666,42.0,0.029956728,0.05288444,-0.022927713,126.0,-0.06666666666666667,0,0
5,cycle40_subj05_prior_low_1sess_150ep,100,8807,0.07815069,0.09908831,227,-0.020937622,27.0,0.0,10.0,10.0,0.045103915,0.06308055,-0.017976638,23.0,-0.2727272727272727,0,0
5,cycle40_subj05_prior_low_1sess_150ep,101,8843,0.06601689,0.09402356,171,-0.028006673,146.0,0.0,45.77777777777778,47.0,0.043069832,0.052260198,-0.009190364,55.0,0.0,0,0
5,cycle40_subj05_prior_low_1sess_150ep,102,8925,0.09994309,0.098734595,227,0.0012084916,1.0,1.0,1.0,1.0,0.05533041,0.05497653,0.00035388023,0.0,0.0,0,0
5,cycle40_subj05_prior_low_1sess_150ep,103,8933,0.08170374,0.10446224,227,-0.022758506,26.0,0.0,8.2,9.0,0.040614814,0.052561637,-0.011946823,23.0,-0.6,0,0
5,cycle40_subj05_prior_low_1sess_150ep,104,9027,0.044517186,0.0963799,718,-0.051862713,541.0,0.0,161.5,161.5,0.02436572,0.058764324,-0.034398604,507.0,0.0,0,0
5,cycle40_subj05_prior_low_1sess_150ep,105,9048,0.044971745,0.09112882,78,-0.046157073,586.0,0.0,178.44444444444446,180.0,0.005136024,0.045334447,-0.040198423,582.0,-0.2222222222222222,0,0
5,cycle40_subj05_prior_low_1sess_150ep,106,9147,0.06881879,0.09442145,174,-0.025602654,92.0,0.0,27.142857142857142,30.0,0.02258065,0.055849038,-0.03326839,91.0,-1.0,1,0
5,cycle40_subj05_prior_low_1sess_150ep,107,9230,0.07938221,0.09197094,718,-0.012588732,9.0,0.1111111111111111,3.4444444444444446,4.0,0.030525286,0.045947254,-0.015421968,8.0,-0.8888888888888888,1,0
5,cycle40_subj05_prior_low_1sess_150ep,108,9434,0.06900381,0.09195823,718,-0.02295442,86.0,0.0,24.9,26.0,0.028786764,0.058223035,-0.029436272,85.0,-1.0,1,0
5,cycle40_subj05_prior_low_1sess_150ep,109,9462,0.09572627,0.095926985,171,-0.00020071864,2.0,0.7272727272727273,1.2727272727272727,1.0,0.043271482,0.05141342,-0.008141939,1.0,-0.2727272727272727,1,0
5,cycle40_subj05_prior_low_1sess_150ep,110,9680,0.04896943,0.09153551,171,-0.04256608,486.0,0.0,151.57142857142858,152.0,0.011633139,0.043789133,-0.032155994,481.0,-0.2857142857142857,0,0
5,cycle40_subj05_prior_low_1sess_150ep,111,9722,0.07958798,0.103758305,227,-0.024170324,32.0,0.0,12.0,12.0,0.033789296,0.05724898,-0.023459684,30.0,-0.75,0,0
5,cycle40_subj05_prior_low_1sess_150ep,112,9804,0.046774834,0.09467566,718,-0.047900826,595.0,0.0,181.41666666666666,181.5,0.009903189,0.047504585,-0.037601396,589.0,0.0,0,0
5,cycle40_subj05_prior_low_1sess_150ep,113,9847,0.06346264,0.09675468,2,-0.03329204,241.0,0.0,71.66666666666667,72.0,0.022932485,0.044691462,-0.021758977,231.0,0.0,0,0
5,cycle40_subj05_prior_low_1sess_150ep,114,9865,0.05407026,0.08919298,889,-0.03512272,314.0,0.0,97.6,95.0,0.013103746,0.039712813,-0.026609067,304.0,-0.2,0,0
5,cycle40_subj05_prior_low_1sess_150ep,115,9917,0.060084574,0.08359732,718,-0.023512743,134.0,0.0,41.142857142857146,42.0,0.026674412,0.046865847,-0.020191435,132.0,-1.0,0,0
5,cycle40_subj05_prior_low_1sess_150ep,116,9978,0.06252036,0.09910279,227,-0.036582425,215.0,0.0,67.5,67.5,0.049051534,0.060189757,-0.011138223,28.0,0.0,0,0
5,cycle40_subj05_prior_low_1sess_150ep,117,10006,0.06992868,0.08498143,227,-0.015052743,64.0,0.0,21.9,22.0,0.032589246,0.046309926,-0.01372068,62.0,-0.7,0,0
5,cycle40_subj05_prior_low_1sess_150ep,118,10046,0.08377997,0.1048659,163,-0.021085933,22.0,0.0,7.3,7.0,0.027972497,0.05047034,-0.022497844,21.0,-1.0,1,0
5,cycle40_subj05_prior_low_1sess_150ep,119,10064,0.0564312,0.091330156,227,-0.034898955,218.0,0.0,70.875,70.0,0.0131819695,0.029332936,-0.016150966,210.0,0.0,0,0
5,cycle40_subj05_prior_low_1sess_150ep,120,10105,0.05480599,0.08757114,718,-0.032765146,357.0,0.0,107.76923076923077,109.0,0.0303628,0.051326316,-0.020963516,317.0,0.0,0,0
5,cycle40_subj05_prior_low_1sess_150ep,121,10107,0.08156655,0.10177475,227,-0.020208202,31.0,0.0,11.1,11.0,0.047513615,0.06261201,-0.0150984,25.0,-0.1,0,0
5,cycle40_subj05_prior_low_1sess_150ep,122,10244,0.039033573,0.09080601,417,-0.051772434,589.0,0.0,181.1,183.0,0.011107374,0.048092112,-0.036984738,586.0,-0.5,0,0
5,cycle40_subj05_prior_low_1sess_150ep,123,10393,0.050659962,0.09173179,78,-0.041071825,342.0,0.0,106.33333333333333,106.0,0.017961968,0.048581693,-0.030619726,335.0,-0.3333333333333333,0,0
5,cycle40_subj05_prior_low_1sess_150ep,124,10471,0.029158825,0.09769413,227,-0.068535306,901.0,0.0,272.6923076923077,271.0,0.03221323,0.060554393,-0.028341163,167.0,0.0,0,0
5,cycle40_subj05_prior_low_1sess_150ep,125,10507,0.06854412,0.08771198,171,-0.019167863,64.0,0.0,19.545454545454547,20.0,0.02096327,0.04054259,-0.019579321,63.0,-1.0,1,0
5,cycle40_subj05_prior_low_1sess_150ep,126,10586,0.047767017,0.090564765,718,-0.042797748,505.0,0.0,154.4,154.5,0.022265159,0.049256634,-0.026991475,465.0,0.0,0,0
5,cycle40_subj05_prior_low_1sess_150ep,127,10600,0.053680584,0.0928872,718,-0.039206617,297.0,0.0,91.14285714285714,90.0,0.011002827,0.059800375,-0.048797548,296.0,-1.0,1,0
5,cycle40_subj05_prior_low_1sess_150ep,128,10610,0.07878927,0.10147837,417,-0.022689097,25.0,0.0,8.75,9.5,0.033883996,0.055865254,-0.021981258,22.0,-0.125,0,0
5,cycle40_subj05_prior_low_1sess_150ep,129,10907,0.054195136,0.09586355,718,-0.041668415,288.0,0.0,91.375,90.5,0.011417951,0.053717744,-0.042299792,287.0,-1.0,1,0
5,cycle40_subj05_prior_low_1sess_150ep,130,11159,0.07257209,0.09557498,171,-0.023002893,41.0,0.0,14.714285714285714,14.0,0.024982054,0.046636794,-0.02165474,39.0,-0.8571428571428571,0,0
5,cycle40_subj05_prior_low_1sess_150ep,131,11333,0.067079216,0.08821419,770,-0.021134973,69.0,0.0,22.454545454545453,22.0,0.028786082,0.056649733,-0.027863652,68.0,-1.0,1,0
5,cycle40_subj05_prior_low_1sess_150ep,132,11487,0.08350469,0.0938761,718,-0.010371409,10.0,0.0,4.428571428571429,4.0,0.03944537,0.054723382,-0.015278012,9.0,-1.0,1,0
5,cycle40_subj05_prior_low_1sess_150ep,133,11521,0.0525202,0.09436517,417,-0.04184497,222.0,0.0,70.42857142857143,73.0,0.029022891,0.054786474,-0.025763582,202.0,0.0,0,0
5,cycle40_subj05_prior_low_1sess_150ep,134,11566,0.07939109,0.09840514,821,-0.019014046,30.0,0.0,10.625,10.5,0.031305697,0.05189868,-0.020592984,29.0,-1.0,1,0
5,cycle40_subj05_prior_low_1sess_150ep,135,11617,0.05571529,0.086984865,266,-0.031269576,201.0,0.0,64.11111111111111,63.0,0.008306701,0.055297375,-0.046990674,200.0,-1.0,1,0
5,cycle40_subj05_prior_low_1sess_150ep,136,11635,0.07996761,0.09014693,227,-0.0101793185,14.0,0.0,4.75,5.0,0.05196187,0.042979382,0.008982489,-12.0,0.0,0,0
5,cycle40_subj05_prior_low_1sess_150ep,137,11689,0.07821492,0.0921378,718,-0.013922878,19.0,0.0,6.363636363636363,7.0,0.047324203,0.059899643,-0.01257544,17.0,-0.7272727272727273,0,0
5,cycle40_subj05_prior_low_1sess_150ep,138,11725,0.06889588,0.09158694,171,-0.022691064,124.0,0.0,38.4,39.0,0.03452046,0.04598943,-0.011468973,112.0,0.0,0,0
5,cycle40_subj05_prior_low_1sess_150ep,139,11796,0.07017756,0.095073484,718,-0.024895921,112.0,0.0,34.81818181818182,35.0,0.02967146,0.046706934,-0.017035473,104.0,0.0,0,0
5,cycle40_subj05_prior_low_1sess_150ep,140,11827,0.04853329,0.08388345,227,-0.03535016,469.0,0.0,141.8,146.0,0.023368565,0.04058308,-0.017214516,437.0,0.0,0,0
5,cycle40_subj05_prior_low_1sess_150ep,141,11837,0.092388354,0.1024434,227,-0.010055043,6.0,0.0,2.823529411764706,3.0,0.03937843,0.05777036,-0.01839193,5.0,-1.0,1,0
5,cycle40_subj05_prior_low_1sess_150ep,142,11844,0.07235625,0.08402187,718,-0.01166562,34.0,0.0,10.6,12.0,0.011530366,0.040236816,-0.02870645,33.0,-1.0,1,0
5,cycle40_subj05_prior_low_1sess_150ep,143,11932,0.071598634,0.095869265,718,-0.024270631,94.0,0.0,33.0,33.0,0.039469644,0.0483592,-0.008889556,85.0,0.0,0,0
5,cycle40_subj05_prior_low_1sess_150ep,144,11942,0.053661585,0.09534543,78,-0.041683845,223.0,0.0,72.33333333333333,70.5,0.02787855,0.056199875,-0.028321324,218.0,0.0,0,0
5,cycle40_subj05_prior_low_1sess_150ep,145,11952,0.051765252,0.100453414,171,-0.048688162,481.0,0.0,144.44444444444446,145.0,0.02765462,0.05543918,-0.027784562,318.0,0.0,0,0
5,cycle40_subj05_prior_low_1sess_150ep,146,12065,0.06960115,0.08688391,334,-0.017282762,48.0,0.0,17.0,19.0,0.022686757,0.04386171,-0.021174952,47.0,-1.0,1,0
5,cycle40_subj05_prior_low_1sess_150ep,147,12075,0.061784767,0.09455922,171,-0.032774456,206.0,0.0,64.0,64.0,0.035095293,0.05327847,-0.018183175,176.0,0.0,0,0
5,cycle40_subj05_prior_low_1sess_150ep,148,12214,0.06909779,0.09206515,2,-0.02296736,37.0,0.0,12.833333333333334,13.5,0.017658036,0.050801363,-0.033143327,36.0,-1.0,1,0
5,cycle40_subj05_prior_low_1sess_150ep,149,12308,0.07906009,0.09295427,227,-0.013894178,27.0,0.0,8.88888888888889,9.0,0.032136854,0.052871924,-0.02073507,26.0,-1.0,1,0
5,cycle40_subj05_prior_low_1sess_150ep,150,12487,0.06108271,0.08906656,760,-0.027983848,100.0,0.0,29.375,30.0,0.036860257,0.043516282,-0.0066560246,81.0,0.0,0,0
5,cycle40_subj05_prior_low_1sess_150ep,151,12495,0.08032584,0.09148838,718,-0.011162542,17.0,0.0,5.333333333333333,6.0,0.038424768,0.044905145,-0.006480377,14.0,-0.6666666666666666,0,0
5,cycle40_subj05_prior_low_1sess_150ep,152,12634,0.070155516,0.094386026,718,-0.02423051,88.0,0.0,27.0,27.5,0.019862432,0.0469953,-0.027132869,87.0,-1.0,1,0
5,cycle40_subj05_prior_low_1sess_150ep,153,12685,0.0660057,0.08866422,266,-0.02265852,121.0,0.0,40.25,41.0,0.039785482,0.040912755,-0.0011272747,73.0,0.0,0,0
5,cycle40_subj05_prior_low_1sess_150ep,154,12796,0.08053823,0.09812008,227,-0.01758185,24.0,0.0,7.428571428571429,8.0,0.032312952,0.04302724,-0.010714289,21.0,-0.7142857142857143,0,0
5,cycle40_subj05_prior_low_1sess_150ep,155,12798,0.07000186,0.0915422,227,-0.021540336,121.0,0.0,39.42857142857143,40.0,0.035956427,0.048457667,-0.01250124,101.0,0.0,0,0
5,cycle40_subj05_prior_low_1sess_150ep,156,12922,0.07198049,0.09243099,266,-0.020450495,71.0,0.0,24.307692307692307,25.0,0.026533954,0.049296048,-0.022762094,70.0,-1.0,1,0
5,cycle40_subj05_prior_low_1sess_150ep,157,12937,0.070792146,0.09216128,718,-0.021369137,71.0,0.0,23.09090909090909,24.0,0.025127195,0.0586012,-0.033474006,70.0,-1.0,1,0
5,cycle40_subj05_prior_low_1sess_150ep,158,13138,0.06378521,0.09695755,227,-0.03317234,118.0,0.0,37.42857142857143,37.5,0.00865227,0.05198295,-0.04333068,117.0,-1.0,1,0
5,cycle40_subj05_prior_low_1sess_150ep,159,13230,0.094359644,0.10113435,334,-0.0067747086,3.0,0.42857142857142855,1.7142857142857142,2.0,0.03155814,0.059935454,-0.028377313,2.0,-0.5714285714285714,1,0
5,cycle40_subj05_prior_low_1sess_150ep,160,13312,0.098415226,0.10432205,78,-0.0059068277,3.0,0.125,2.0,2.0,0.03367956,0.04830252,-0.01462296,2.0,-0.875,1,0
5,cycle40_subj05_prior_low_1sess_150ep,161,13314,0.07854308,0.0946471,718,-0.01610402,28.0,0.0,10.0,9.0,0.012148142,0.04957843,-0.037430286,27.0,-1.0,1,0
5,cycle40_subj05_prior_low_1sess_150ep,162,13613,0.090527534,0.09971161,227,-0.009184077,5.0,0.08333333333333333,2.5833333333333335,2.0,0.024378605,0.059741523,-0.035362918,4.0,-0.9166666666666666,1,0
5,cycle40_subj05_prior_low_1sess_150ep,163,13653,0.097684614,0.10154254,227,-0.0038579255,2.0,0.9,1.1,1.0,0.05264899,0.059919227,-0.0072702356,1.0,-0.09999999999999998,1,0
5,cycle40_subj05_prior_low_1sess_150ep,164,13662,0.059943624,0.09842132,718,-0.038477696,297.0,0.0,88.44444444444444,91.0,0.0315568,0.050267167,-0.01871037,214.0,0.0,0,0
5,cycle40_subj05_prior_low_1sess_150ep,165,13720,0.075946026,0.0928752,227,-0.016929172,41.0,0.0,15.125,15.0,0.03758789,0.053785674,-0.016197786,37.0,-0.125,0,0
5,cycle40_subj05_prior_low_1sess_150ep,166,13846,0.077060424,0.0929282,227,-0.015867777,21.0,0.0,7.0,7.0,0.027112652,0.051692165,-0.024579514,20.0,-1.0,1,0
5,cycle40_subj05_prior_low_1sess_150ep,167,14110,0.09733718,0.09630533,227,0.0010318458,1.0,1.0,1.0,1.0,0.055710293,0.0656413,-0.009931009,0.0,0.0,0,0
5,cycle40_subj05_prior_low_1sess_150ep,168,14121,0.06247023,0.087025866,171,-0.024555635,130.0,0.0,43.0,43.0,0.023031794,0.049696136,-0.026664343,129.0,-1.0,1,0
5,cycle40_subj05_prior_low_1sess_150ep,169,14165,0.061994534,0.094393715,227,-0.03239918,170.0,0.0,51.285714285714285,52.5,0.035044655,0.055121932,-0.020077275,143.0,0.0,0,0
5,cycle40_subj05_prior_low_1sess_150ep,170,14179,0.075965695,0.09933589,227,-0.023370191,19.0,0.0,5.8,5.0,0.044952765,0.058648683,-0.013695916,12.0,-0.2,0,0
5,cycle40_subj05_prior_low_1sess_150ep,171,14443,0.1035227,0.091266625,718,0.012256078,1.0,1.0,1.0,1.0,0.065368846,0.04656256,0.018806286,-7.0,1.0,0,1
5,cycle40_subj05_prior_low_1sess_150ep,172,14528,0.08754211,0.087924905,208,-0.00038279593,2.0,0.5833333333333334,1.4166666666666667,1.0,0.052796297,0.051828623,0.00096767396,0.0,0.0,0,0
5,cycle40_subj05_prior_low_1sess_150ep,173,14567,0.07913696,0.08997749,11,-0.010840528,23.0,0.0,8.75,8.5,0.031243626,0.043426126,-0.0121825,22.0,-1.0,1,0
5,cycle40_subj05_prior_low_1sess_150ep,174,14594,0.104313135,0.09490411,227,0.009409025,1.0,1.0,1.0,1.0,0.043978192,0.047477406,-0.0034992136,0.0,0.0,0,0
5,cycle40_subj05_prior_low_1sess_150ep,175,14610,0.06919895,0.08187569,694,-0.012676738,42.0,0.0,14.75,15.0,0.025568962,0.044546694,-0.018977731,41.0,-1.0,1,0
5,cycle40_subj05_prior_low_1sess_150ep,176,14644,0.08731663,0.088539205,299,-0.0012225732,5.0,0.125,2.375,2.0,0.037266668,0.04088461,-0.0036179423,4.0,-0.875,1,0
5,cycle40_subj05_prior_low_1sess_150ep,177,14793,0.06732727,0.09851232,227,-0.031185053,107.0,0.0,36.63636363636363,36.0,0.026021756,0.057175882,-0.031154126,105.0,-0.5454545454545454,0,0
5,cycle40_subj05_prior_low_1sess_150ep,178,14808,0.09601384,0.0909335,718,0.005080335,1.0,1.0,1.0,1.0,0.04603494,0.044890553,0.0011443868,0.0,0.0,0,0
5,cycle40_subj05_prior_low_1sess_150ep,179,14820,0.05779403,0.094636105,227,-0.036842074,229.0,0.0,69.75,71.0,0.040774234,0.05341062,-0.012636386,111.0,0.0,0,0
5,cycle40_subj05_prior_low_1sess_150ep,180,14898,0.07073209,0.09408594,718,-0.023353852,96.0,0.0,28.363636363636363,28.0,0.04707583,0.046344515,0.0007313136,-3.0,0.0,0,0
5,cycle40_subj05_prior_low_1sess_150ep,181,14931,0.0709153,0.093216114,718,-0.022300817,85.0,0.0,25.454545454545453,26.0,0.026434384,0.044867784,-0.0184334,83.0,-0.7272727272727273,0,0
5,cycle40_subj05_prior_low_1sess_150ep,182,15003,0.07397901,0.096608646,718,-0.022629634,69.0,0.0,21.666666666666668,21.0,0.015044011,0.05014703,-0.03510302,68.0,-1.0,1,0
5,cycle40_subj05_prior_low_1sess_150ep,183,15025,0.069968194,0.09104137,171,-0.021073177,69.0,0.0,21.90909090909091,22.0,0.018735647,0.04693257,-0.028196923,68.0,-1.0,1,0
5,cycle40_subj05_prior_low_1sess_150ep,184,15128,0.07898195,0.09247439,718,-0.013492443,23.0,0.0,7.777777777777778,8.0,0.02406156,0.03272318,-0.00866162,20.0,-0.4444444444444444,0,0
5,cycle40_subj05_prior_low_1sess_150ep,185,15364,0.070184544,0.09046336,569,-0.020278819,66.0,0.0,22.4,23.0,0.020128284,0.05659413,-0.036465846,65.0,-1.0,1,0
5,cycle40_subj05_prior_low_1sess_150ep,186,15492,0.037829433,0.09106668,718,-0.05323725,787.0,0.0,238.8181818181818,238.0,0.0080960505,0.04966858,-0.04157253,771.0,0.0,0,0
5,cycle40_subj05_prior_low_1sess_150ep,187,15506,0.10242917,0.105803326,171,-0.0033741593,2.0,0.6923076923076923,1.3076923076923077,1.0,0.043078564,0.05976807,-0.016689505,1.0,-0.3076923076923077,1,0
5,cycle40_subj05_prior_low_1sess_150ep,188,15793,0.06942174,0.09506742,718,-0.02564568,66.0,0.0,21.583333333333332,21.5,0.028149381,0.05524039,-0.027091008,65.0,-1.0,1,0
5,cycle40_subj05_prior_low_1sess_150ep,189,15819,0.074232265,0.09433465,718,-0.020102382,48.0,0.0,15.571428571428571,16.0,0.023554273,0.051260628,-0.027706355,47.0,-1.0,1,0
5,cycle40_subj05_prior_low_1sess_150ep,190,15939,0.08611652,0.09985268,718,-0.013736159,18.0,0.0,7.5,7.5,0.030465689,0.049121413,-0.018655725,17.0,-1.0,1,0
5,cycle40_subj05_prior_low_1sess_150ep,191,16063,0.06760814,0.09401739,171,-0.026409246,83.0,0.0,25.75,25.0,0.007560242,0.05011133,-0.04255109,82.0,-1.0,1,0
5,cycle40_subj05_prior_low_1sess_150ep,192,16252,0.062736295,0.085617274,297,-0.022880979,109.0,0.0,34.5,34.0,0.036667228,0.04524703,-0.008579802,94.0,0.0,0,0
5,cycle40_subj05_prior_low_1sess_150ep,193,16344,0.020892758,0.0919661,227,-0.07107334,966.0,0.0,289.1818181818182,289.0,-0.0024957098,0.04936841,-0.051864117,917.0,0.0,0,0
5,cycle40_subj05_prior_low_1sess_150ep,194,16421,0.076576464,0.088871144,718,-0.01229468,42.0,0.0,13.166666666666666,14.0,0.03824145,0.04279542,-0.00455397,30.0,0.0,0,0
5,cycle40_subj05_prior_low_1sess_150ep,195,16466,0.07101839,0.09641221,227,-0.025393821,105.0,0.0,32.0,33.0,0.0139067955,0.046108566,-0.03220177,104.0,-1.0,1,0
5,cycle40_subj05_prior_low_1sess_150ep,196,16616,0.06522009,0.093243904,417,-0.028023817,143.0,0.0,46.083333333333336,47.5,0.018670697,0.056445763,-0.037775066,142.0,-1.0,1,0
5,cycle40_subj05_prior_low_1sess_150ep,197,16635,0.06642733,0.093625076,171,-0.027197748,160.0,0.0,50.22222222222222,49.0,0.020479228,0.040587876,-0.020108648,156.0,-0.4444444444444444,0,0
5,cycle40_subj05_prior_low_1sess_150ep,198,16655,0.0881423,0.098180264,718,-0.010037966,9.0,0.0,3.6363636363636362,3.0,0.047398236,0.045509543,0.0018886924,3.0,-0.09090909090909091,0,0
5,cycle40_subj05_prior_low_1sess_150ep,199,16702,0.05744302,0.09511044,102,-0.03766742,319.0,0.0,96.8,95.5,0.012593057,0.049715698,-0.03712264,317.0,-0.7,0,0
5,cycle40_subj05_prior_low_1sess_150ep,200,16723,0.07879019,0.08132131,231,-0.0025311187,3.0,0.7777777777777778,1.2222222222222223,1.0,0.037932497,0.051891826,-0.01395933,2.0,-0.2222222222222222,1,0
5,cycle40_subj05_prior_low_1sess_150ep,201,16823,0.05121937,0.09251856,171,-0.04129919,377.0,0.0,116.14285714285714,118.0,0.015768953,0.053244215,-0.03747526,374.0,-0.8571428571428571,0,0
5,cycle40_subj05_prior_low_1sess_150ep,202,16841,0.057860807,0.08911174,947,-0.03125093,225.0,0.0,72.0,71.0,0.013652913,0.053863697,-0.040210783,224.0,-1.0,1,0
5,cycle40_subj05_prior_low_1sess_150ep,203,16865,0.08365567,0.094009474,227,-0.010353804,11.0,0.0,4.571428571428571,5.0,0.031581666,0.0444906,-0.012908932,10.0,-1.0,1,0
5,cycle40_subj05_prior_low_1sess_150ep,204,16868,0.07188372,0.08536205,770,-0.013478324,54.0,0.0,17.454545454545453,17.0,0.026596636,0.030766174,-0.0041695386,49.0,-0.2727272727272727,0,0
5,cycle40_subj05_prior_low_1sess_150ep,205,16917,0.056897614,0.09016235,171,-0.033264738,289.0,0.0,89.33333333333333,89.5,0.027107963,0.050509892,-0.023401929,258.0,0.0,0,0
5,cycle40_subj05_prior_low_1sess_150ep,206,17048,0.065541595,0.0888536,102,-0.023312002,122.0,0.0,39.6,39.0,0.029954195,0.044766087,-0.014811892,116.0,-0.4,0,0
5,cycle40_subj05_prior_low_1sess_150ep,207,17230,0.058924872,0.09713739,227,-0.03821252,238.0,0.0,78.33333333333333,78.0,0.038404576,0.05950552,-0.02110094,185.0,0.0,0,0
5,cycle40_subj05_prior_low_1sess_150ep,208,17238,0.0861674,0.09129002,227,-0.005122617,10.0,0.0,3.7777777777777777,4.0,0.040924285,0.048840337,-0.007916052,9.0,-1.0,1,0
5,cycle40_subj05_prior_low_1sess_150ep,209,17369,0.067552894,0.09112747,718,-0.023574576,109.0,0.0,36.2,36.0,0.03236924,0.049932107,-0.017562866,105.0,-0.4,0,0
5,cycle40_subj05_prior_low_1sess_150ep,210,17374,0.07175598,0.08662607,297,-0.014870085,44.0,0.0,15.0,15.5,0.022737112,0.046022337,-0.023285225,43.0,-1.0,1,0
5,cycle40_subj05_prior_low_1sess_150ep,211,17450,0.06102234,0.08810623,718,-0.027083889,229.0,0.0,68.1,66.5,0.024688624,0.03959828,-0.014909655,215.0,0.0,0,0
5,cycle40_subj05_prior_low_1sess_150ep,212,17463,0.069261685,0.10224398,828,-0.032982297,80.0,0.0,25.615384615384617,25.0,0.02616068,0.049249716,-0.023089036,74.0,-0.07692307692307693,0,0
5,cycle40_subj05_prior_low_1sess_150ep,213,17485,0.059182096,0.0886911,78,-0.029509004,138.0,0.0,46.666666666666664,49.0,0.01763548,0.043860555,-0.026225075,136.0,-1.0,0,0
5,cycle40_subj05_prior_low_1sess_150ep,214,17549,0.0734961,0.09663309,718,-0.023136988,77.0,0.0,25.125,26.0,0.024263639,0.053815197,-0.029551558,76.0,-1.0,1,0
5,cycle40_subj05_prior_low_1sess_150ep,215,17595,0.062672205,0.090894304,227,-0.028222099,159.0,0.0,52.0,50.5,0.01917388,0.050709076,-0.031535197,158.0,-1.0,1,0
5,cycle40_subj05_prior_low_1sess_150ep,216,17776,0.06455326,0.096639834,171,-0.032086574,142.0,0.0,47.5,48.5,0.004851021,0.045461442,-0.04061042,141.0,-1.0,1,0
5,cycle40_subj05_prior_low_1sess_150ep,217,17794,0.07984138,0.09542308,718,-0.015581697,12.0,0.0,3.7,4.0,0.035544794,0.050952274,-0.01540748,10.0,-0.8,0,0
5,cycle40_subj05_prior_low_1sess_150ep,218,17934,0.046627548,0.089779764,718,-0.043152217,585.0,0.0,176.0,174.5,0.011439774,0.04528917,-0.033849396,580.0,-0.2,0,0
5,cycle40_subj05_prior_low_1sess_150ep,219,17942,0.055070523,0.08995897,171,-0.03488845,347.0,0.0,107.66666666666667,108.0,0.022089299,0.04141086,-0.01932156,326.0,0.0,0,0
5,cycle40_subj05_prior_low_1sess_150ep,220,18268,0.057045233,0.08863383,718,-0.031588595,268.0,0.0,85.25,84.5,0.0049544647,0.051760715,-0.04680625,267.0,-1.0,1,0
5,cycle40_subj05_prior_low_1sess_150ep,221,18434,0.0702699,0.09018295,70,-0.019913055,78.0,0.0,25.615384615384617,26.0,0.018231701,0.04245946,-0.02422776,77.0,-1.0,1,0
5,cycle40_subj05_prior_low_1sess_150ep,222,18483,0.07171502,0.0925907,403,-0.020875677,85.0,0.0,27.454545454545453,27.0,0.038095288,0.045320734,-0.0072254464,76.0,-0.18181818181818182,0,0
5,cycle40_subj05_prior_low_1sess_150ep,223,18505,0.093063325,0.09337194,178,-0.00030861795,2.0,0.8181818181818182,1.1818181818181819,1.0,0.027207017,0.0453102,-0.018103182,1.0,-0.18181818181818177,1,0
5,cycle40_subj05_prior_low_1sess_150ep,224,18535,0.07688779,0.08897706,171,-0.012089275,30.0,0.0,11.166666666666666,11.0,0.022707444,0.04194541,-0.019237965,29.0,-1.0,1,0
5,cycle40_subj05_prior_low_1sess_150ep,225,18543,0.09590096,0.09610152,718,-0.00020056218,2.0,0.9,1.1,1.0,0.041927047,0.055222742,-0.013295695,1.0,-0.09999999999999998,1,0
5,cycle40_subj05_prior_low_1sess_150ep,226,18690,0.064430065,0.090442106,718,-0.02601204,150.0,0.0,45.57142857142857,47.0,0.022008575,0.047775123,-0.025766548,148.0,-0.42857142857142855,0,0
5,cycle40_subj05_prior_low_1sess_150ep,227,18796,0.11246304,0.0961865,417,0.016276546,1.0,1.0,1.0,1.0,0.052539386,0.057665434,-0.005126048,0.0,0.0,0,0
5,cycle40_subj05_prior_low_1sess_150ep,228,19074,0.075532645,0.092195645,718,-0.016663,66.0,0.0,21.3,21.5,0.03393755,0.0474278,-0.0134902485,63.0,-0.4,0,0
5,cycle40_subj05_prior_low_1sess_150ep,229,19181,0.05876536,0.09050623,889,-0.031740874,96.0,0.0,33.63636363636363,32.0,0.042208333,0.05494175,-0.0127334185,82.0,0.0,0,0
5,cycle40_subj05_prior_low_1sess_150ep,230,19199,0.08233281,0.09479858,102,-0.012465768,11.0,0.0,4.2,4.0,0.033569768,0.053040355,-0.019470587,10.0,-1.0,1,0
5,cycle40_subj05_prior_low_1sess_150ep,231,19200,0.086986534,0.09090608,718,-0.0039195493,7.0,0.0,2.8333333333333335,2.5,0.036583506,0.04553215,-0.008948643,6.0,-1.0,1,0
5,cycle40_subj05_prior_low_1sess_150ep,232,19292,0.056016847,0.09710086,718,-0.041084014,312.0,0.0,95.66666666666667,95.0,0.010377612,0.053611502,-0.04323389,311.0,-1.0,1,0
5,cycle40_subj05_prior_low_1sess_150ep,233,19436,0.0821822,0.09627891,227,-0.014096715,26.0,0.0,8.0,8.0,0.030766122,0.041399647,-0.0106335245,24.0,-0.6666666666666666,0,0
5,cycle40_subj05_prior_low_1sess_150ep,234,19573,0.061547227,0.09322411,227,-0.03167688,238.0,0.0,70.44444444444444,73.0,0.024591625,0.05364407,-0.029052444,235.0,-0.8888888888888888,0,0
5,cycle40_subj05_prior_low_1sess_150ep,235,19642,0.07509529,0.09746776,227,-0.02237247,51.0,0.0,17.7,17.5,0.036265444,0.05228633,-0.016020887,46.0,-0.2,0,0
5,cycle40_subj05_prior_low_1sess_150ep,236,19672,0.019539844,0.09419803,171,-0.074658185,992.0,0.0,297.0,297.0,-0.0016434174,0.051030587,-0.052674003,878.0,0.0,0,0
5,cycle40_subj05_prior_low_1sess_150ep,237,19690,0.07825482,0.09708811,718,-0.018833295,56.0,0.0,19.3,19.5,0.028824285,0.03789095,-0.009066664,53.0,-0.3,0,0
5,cycle40_subj05_prior_low_1sess_150ep,238,19933,0.057419144,0.106855065,171,-0.04943592,277.0,0.0,86.66666666666667,85.0,0.029931262,0.05126598,-0.021334719,239.0,0.0,0,0
5,cycle40_subj05_prior_low_1sess_150ep,239,20054,0.06458593,0.08733056,171,-0.022744626,122.0,0.0,37.76923076923077,37.0,0.01661108,0.043911785,-0.027300704,121.0,-1.0,1,0
5,cycle40_subj05_prior_low_1sess_150ep,240,20064,0.072956376,0.09961307,718,-0.026656695,96.0,0.0,29.23076923076923,28.0,0.019418262,0.041188374,-0.021770112,94.0,-0.6923076923076923,0,0
5,cycle40_subj05_prior_low_1sess_150ep,241,20080,0.054784663,0.08811782,718,-0.03333316,352.0,0.0,106.2,107.5,0.013365049,0.047339886,-0.033974838,351.0,-1.0,1,0
5,cycle40_subj05_prior_low_1sess_150ep,242,20206,0.058508582,0.08815677,171,-0.029648185,227.0,0.0,71.8,72.0,0.0105544925,0.046710573,-0.03615608,226.0,-1.0,1,0
5,cycle40_subj05_prior_low_1sess_150ep,243,20223,0.065646335,0.09770466,227,-0.03205832,128.0,0.0,43.5,42.5,0.019460768,0.0585796,-0.039118834,127.0,-1.0,1,0
5,cycle40_subj05_prior_low_1sess_150ep,244,20265,0.051713172,0.087416716,227,-0.035703544,460.0,0.0,141.5,139.5,0.033126835,0.04947011,-0.016343277,293.0,0.0,0,0
5,cycle40_subj05_prior_low_1sess_150ep,245,20307,0.073702715,0.09338948,174,-0.019686766,67.0,0.0,21.8,24.0,0.029382244,0.04907544,-0.019693196,66.0,-1.0,1,0
5,cycle40_subj05_prior_low_1sess_150ep,246,20442,0.08622247,0.09561522,227,-0.009392753,10.0,0.0,3.857142857142857,4.0,0.0257211,0.04326697,-0.017545871,9.0,-1.0,1,0
5,cycle40_subj05_prior_low_1sess_150ep,247,20633,0.05057495,0.08817387,299,-0.037598923,422.0,0.0,131.8181818181818,128.0,0.024164695,0.044885267,-0.020720571,388.0,0.0,0,0
5,cycle40_subj05_prior_low_1sess_150ep,248,20650,0.053823315,0.08895075,227,-0.03512744,311.0,0.0,96.71428571428571,100.0,0.030111687,0.053705562,-0.023593875,291.0,0.0,0,0
5,cycle40_subj05_prior_low_1sess_150ep,249,20702,0.08099259,0.09600526,417,-0.015012674,17.0,0.0,5.583333333333333,5.5,0.03589341,0.054494694,-0.018601283,16.0,-1.0,1,0
5,cycle40_subj05_prior_low_1sess_150ep,250,20738,0.102934286,0.09545551,266,0.0074787736,1.0,1.0,1.0,1.0,0.037799656,0.04647776,-0.008678105,0.0,0.0,0,0
5,cycle40_subj05_prior_low_1sess_150ep,251,20777,0.03898167,0.085623346,171,-0.046641678,682.0,0.0,205.92307692307693,206.0,0.015779285,0.0468505,-0.031071214,621.0,0.0,0,0
5,cycle40_subj05_prior_low_1sess_150ep,252,20820,0.06672863,0.09834424,718,-0.031615607,148.0,0.0,46.6,49.5,0.032001823,0.05666956,-0.024667736,137.0,0.0,0,0
5,cycle40_subj05_prior_low_1sess_150ep,253,21108,0.050712477,0.095255226,227,-0.04454275,388.0,0.0,120.66666666666667,121.0,0.015961308,0.056175288,-0.04021398,386.0,-0.8333333333333334,0,0
5,cycle40_subj05_prior_low_1sess_150ep,254,21192,0.0501829,0.09146159,266,-0.04127869,373.0,0.0,114.6,116.5,-0.015659519,0.03912935,-0.05478887,372.0,-1.0,1,0
5,cycle40_subj05_prior_low_1sess_150ep,255,21194,0.053314414,0.08639083,718,-0.033076417,262.0,0.0,80.28571428571429,82.0,0.01934341,0.039802514,-0.020459104,252.0,0.0,0,0
5,cycle40_subj05_prior_low_1sess_150ep,256,21197,0.08454713,0.09596885,718,-0.011421718,11.0,0.0,3.727272727272727,3.0,0.03306423,0.051221237,-0.018157005,10.0,-1.0,1,0
5,cycle40_subj05_prior_low_1sess_150ep,257,21218,0.080139205,0.09934466,417,-0.019205458,35.0,0.0,10.6,9.0,0.04386365,0.051262334,-0.0073986836,26.0,0.0,0,0
5,cycle40_subj05_prior_low_1sess_150ep,258,21253,0.062857136,0.08942983,231,-0.026572697,132.0,0.0,43.8,41.0,0.0181438,0.046278905,-0.028135106,131.0,-1.0,1,0
5,cycle40_subj05_prior_low_1sess_150ep,259,21279,0.061524455,0.10380945,227,-0.042285,250.0,0.0,74.5,76.0,0.028090604,0.049610298,-0.021519694,236.0,0.0,0,0
5,cycle40_subj05_prior_low_1sess_150ep,260,21318,0.094108425,0.10224457,718,-0.008136146,3.0,0.4,1.9,2.0,0.046199437,0.051683083,-0.005483646,1.0,-0.19999999999999996,0,0
5,cycle40_subj05_prior_low_1sess_150ep,261,21508,0.053117342,0.08847849,889,-0.03536115,332.0,0.0,102.44444444444444,102.0,0.01517421,0.042662624,-0.027488414,317.0,0.0,0,0
5,cycle40_subj05_prior_low_1sess_150ep,262,21526,0.05974503,0.093936406,718,-0.034191377,241.0,0.0,77.7,78.5,0.014156681,0.05112385,-0.03696717,240.0,-1.0,1,0
5,cycle40_subj05_prior_low_1sess_150ep,263,21553,0.06936203,0.094227,718,-0.024864972,101.0,0.0,29.625,29.5,0.026406601,0.036740948,-0.010334346,97.0,-0.25,0,0
5,cycle40_subj05_prior_low_1sess_150ep,264,21601,0.05872808,0.0739672,827,-0.015239123,21.0,0.0,5.9,6.0,0.023832284,0.05219736,-0.028365076,20.0,-1.0,1,0
5,cycle40_subj05_prior_low_1sess_150ep,265,21703,0.07062298,0.093322545,227,-0.022699565,115.0,0.0,36.111111111111114,38.0,0.03450218,0.050512474,-0.016010296,110.0,-0.2222222222222222,0,0
5,cycle40_subj05_prior_low_1sess_150ep,266,21950,0.10514761,0.100381486,227,0.0047661215,1.0,1.0,1.0,1.0,0.04596214,0.052535877,-0.0065737367,0.0,0.0,0,0
5,cycle40_subj05_prior_low_1sess_150ep,267,21989,0.059919186,0.095247924,227,-0.03532874,227.0,0.0,69.9,70.5,0.023839429,0.05310341,-0.02926398,224.0,-0.4,0,0
5,cycle40_subj05_prior_low_1sess_150ep,268,22138,0.0667054,0.09324925,171,-0.026543848,126.0,0.0,40.375,42.5,0.024165697,0.042317662,-0.018151965,122.0,-0.375,0,0
5,cycle40_subj05_prior_low_1sess_150ep,269,22143,0.08725269,0.091461204,299,-0.0042085126,7.0,0.2,2.6,3.0,0.050063636,0.045460742,0.004602894,1.0,0.0,0,0
5,cycle40_subj05_prior_low_1sess_150ep,270,22155,0.07566432,0.09397,171,-0.018305682,66.0,0.0,20.5,20.5,0.032280188,0.043702938,-0.01142275,54.0,0.0,0,0
5,cycle40_subj05_prior_low_1sess_150ep,271,22263,0.08062435,0.09551285,718,-0.014888503,52.0,0.0,16.444444444444443,17.0,0.036648028,0.037810378,-0.0011623502,47.0,-0.3333333333333333,0,0
5,cycle40_subj05_prior_low_1sess_150ep,272,22387,0.0801898,0.09235729,610,-0.012167491,12.0,0.14285714285714285,3.142857142857143,3.0,0.028691437,0.04850926,-0.019817822,11.0,-0.8571428571428572,1,0
5,cycle40_subj05_prior_low_1sess_150ep,273,22495,0.070931405,0.09024335,889,-0.019311942,57.0,0.0,17.857142857142858,18.0,0.02363557,0.04034373,-0.016708162,53.0,-0.5714285714285714,0,0
5,cycle40_subj05_prior_low_1sess_150ep,274,22505,0.083583854,0.10183253,718,-0.018248677,27.0,0.0,9.625,9.5,0.04190253,0.05795661,-0.016054079,22.0,-0.125,0,0
5,cycle40_subj05_prior_low_1sess_150ep,275,22515,0.07155867,0.09764453,718,-0.026085861,89.0,0.0,31.0,32.0,0.028828178,0.04831946,-0.019491281,85.0,-0.8571428571428571,0,0
5,cycle40_subj05_prior_low_1sess_150ep,276,22523,0.07660006,0.09666147,718,-0.020061411,42.0,0.0,13.909090909090908,14.0,0.013690352,0.04915665,-0.0354663,41.0,-1.0,1,0
5,cycle40_subj05_prior_low_1sess_150ep,277,22530,0.08019232,0.0970052,227,-0.016812883,39.0,0.0,13.833333333333334,14.0,0.04539098,0.04906108,-0.0036701001,-5.0,0.0,0,0
5,cycle40_subj05_prior_low_1sess_150ep,278,22585,0.07863473,0.10006719,718,-0.02143246,39.0,0.0,13.285714285714286,13.0,0.03204189,0.04745516,-0.015413273,37.0,-0.7142857142857143,0,0
5,cycle40_subj05_prior_low_1sess_150ep,279,22587,0.07737843,0.09666314,718,-0.01928471,35.0,0.0,11.4,11.0,0.031441398,0.047721483,-0.016280085,33.0,-0.6,0,0
5,cycle40_subj05_prior_low_1sess_150ep,280,22772,0.08024874,0.096191294,227,-0.015942551,37.0,0.0,12.88888888888889,14.0,0.03312779,0.04721054,-0.014082752,33.0,-0.3333333333333333,0,0
5,cycle40_subj05_prior_low_1sess_150ep,281,22782,0.048211053,0.08948159,674,-0.04127054,383.0,0.0,118.33333333333333,116.0,0.020179192,0.0483432,-0.028164009,365.0,0.0,0,0
5,cycle40_subj05_prior_low_1sess_150ep,282,22794,0.08705747,0.093751065,828,-0.006693594,6.0,0.36363636363636365,1.9090909090909092,2.0,0.05094551,0.053371284,-0.002425775,-1.0,-0.18181818181818177,0,0
5,cycle40_subj05_prior_low_1sess_150ep,283,22809,0.043691356,0.082322486,174,-0.03863113,464.0,0.0,139.375,138.5,0.008429475,0.034368362,-0.025938887,462.0,-0.5,0,0
5,cycle40_subj05_prior_low_1sess_150ep,284,22845,0.075035915,0.1012079,171,-0.026171982,69.0,0.0,20.6,21.5,0.029328395,0.055502035,-0.02617364,68.0,-1.0,1,0
5,cycle40_subj05_prior_low_1sess_150ep,285,22873,0.06518011,0.097939074,227,-0.032758966,164.0,0.0,51.285714285714285,51.0,0.032840874,0.059657365,-0.026816491,159.0,-0.14285714285714285,0,0
5,cycle40_subj05_prior_low_1sess_150ep,286,22879,0.066302866,0.09686701,171,-0.030564144,149.0,0.0,48.416666666666664,48.5,0.020311378,0.0436838,-0.023372423,145.0,-0.25,0,0
5,cycle40_subj05_prior_low_1sess_150ep,287,22886,0.061608836,0.098870195,227,-0.03726136,189.0,0.0,58.4,61.0,0.01606505,0.058566358,-0.042501308,188.0,-1.0,1,0
5,cycle40_subj05_prior_low_1sess_150ep,288,22957,0.07898438,0.0948065,266,-0.01582212,34.0,0.0,12.2,12.0,0.027361382,0.040410757,-0.013049375,32.0,-0.6,0,0
5,cycle40_subj05_prior_low_1sess_150ep,289,22967,0.06440028,0.09332172,171,-0.02892144,181.0,0.0,56.36363636363637,58.0,0.006721046,0.04096484,-0.034243796,180.0,-1.0,1,0
5,cycle40_subj05_prior_low_1sess_150ep,290,22993,0.07919475,0.08672918,610,-0.0075344294,11.0,0.1,4.3,4.5,0.042464208,0.049518403,-0.007054195,9.0,-0.4,0,0
5,cycle40_subj05_prior_low_1sess_150ep,291,23036,0.05744178,0.08854792,334,-0.031106144,265.0,0.0,80.625,83.5,0.01263658,0.04860858,-0.035972,264.0,-1.0,1,0
5,cycle40_subj05_prior_low_1sess_150ep,292,23241,0.058269434,0.09443733,718,-0.036167897,336.0,0.0,102.14285714285714,102.0,0.024248973,0.048099272,-0.0238503,308.0,0.0,0,0
5,cycle40_subj05_prior_low_1sess_150ep,293,23492,0.042712513,0.09772744,718,-0.055014927,711.0,0.0,217.77777777777777,217.0,0.020777576,0.053469088,-0.032691512,499.0,0.0,0,0
5,cycle40_subj05_prior_low_1sess_150ep,294,23715,0.08309896,0.09685275,524,-0.013753787,24.0,0.0,7.916666666666667,7.5,0.044336013,0.043046564,0.0012894496,8.0,0.0,0,0
5,cycle40_subj05_prior_low_1sess_150ep,295,23729,0.04518533,0.09405303,227,-0.0488677,441.0,0.0,131.0,132.5,0.008405015,0.058925755,-0.05052074,440.0,-1.0,1,0
5,cycle40_subj05_prior_low_1sess_150ep,296,23871,0.058037855,0.093204185,227,-0.03516633,265.0,0.0,83.1,84.5,0.036011893,0.05553744,-0.019525547,197.0,0.0,0,0
5,cycle40_subj05_prior_low_1sess_150ep,297,23876,0.090791225,0.0915955,227,-0.0008042753,2.0,0.5555555555555556,1.4444444444444444,1.0,0.047665637,0.044437848,0.003227789,0.0,0.11111111111111116,0,0
5,cycle40_subj05_prior_low_1sess_150ep,298,23883,0.036141675,0.09376571,78,-0.05762404,671.0,0.0,201.9090909090909,203.0,0.02353587,0.058011673,-0.034475803,600.0,0.0,0,0
5,cycle40_subj05_prior_low_1sess_150ep,299,23993,0.10115618,0.103140876,227,-0.001984693,2.0,0.6153846153846154,1.3846153846153846,1.0,0.054272406,0.055370964,-0.0010985583,0.0,-0.23076923076923073,0,0
5,cycle40_subj05_prior_low_1sess_150ep,300,24202,0.09183411,0.095381856,718,-0.003547743,4.0,0.3333333333333333,1.7777777777777777,2.0,0.037369434,0.050017755,-0.012648322,3.0,-0.6666666666666667,1,0
5,cycle40_subj05_prior_low_1sess_150ep,301,24214,0.068375826,0.098595105,171,-0.03021928,121.0,0.0,40.166666666666664,40.5,0.034132365,0.051512625,-0.01738026,109.0,0.0,0,0
5,cycle40_subj05_prior_low_1sess_150ep,302,24264,0.09000522,0.095100984,954,-0.005095765,6.0,0.25,2.125,2.0,0.026707448,0.04119591,-0.014488462,5.0,-0.75,1,0
5,cycle40_subj05_prior_low_1sess_150ep,303,24317,0.050592173,0.09482595,718,-0.04423378,497.0,0.0,149.25,148.0,0.014219198,0.04932181,-0.035102613,490.0,-0.25,0,0
5,cycle40_subj05_prior_low_1sess_150ep,304,24480,0.08169971,0.09276942,78,-0.011069715,18.0,0.0,7.083333333333333,7.0,0.04996729,0.043180894,0.006786395,-21.0,0.0,0,0
5,cycle40_subj05_prior_low_1sess_150ep,305,24517,0.07220654,0.097784095,171,-0.025577553,85.0,0.0,29.0,28.5,0.036876958,0.058208656,-0.021331698,80.0,-0.25,0,0
5,cycle40_subj05_prior_low_1sess_150ep,306,24530,0.08692161,0.09203896,718,-0.0051173493,8.0,0.0,3.3846153846153846,3.0,0.040290702,0.04171085,-0.0014201477,5.0,-0.46153846153846156,0,0
5,cycle40_subj05_prior_low_1sess_150ep,307,24560,0.051192317,0.087183446,78,-0.03599113,398.0,0.0,121.6,121.0,0.011509519,0.05211183,-0.04060231,397.0,-1.0,1,0
5,cycle40_subj05_prior_low_1sess_150ep,308,24638,0.07656078,0.097773775,718,-0.021212995,67.0,0.0,22.0,24.0,0.030461986,0.047934625,-0.01747264,65.0,-0.4,0,0
5,cycle40_subj05_prior_low_1sess_150ep,309,24640,0.04824357,0.0945307,718,-0.04628713,452.0,0.0,140.5,140.0,0.022780545,0.054960996,-0.03218045,430.0,0.0,0,0
5,cycle40_subj05_prior_low_1sess_150ep,310,24649,0.057554495,0.08505343,889,-0.027498934,174.0,0.0,55.833333333333336,55.5,0.020266347,0.03879685,-0.018530503,165.0,0.0,0,0
5,cycle40_subj05_prior_low_1sess_150ep,311,24739,0.07231373,0.10086393,718,-0.0285502,109.0,0.0,34.81818181818182,35.0,0.028591849,0.052410357,-0.023818508,103.0,-0.09090909090909091,0,0
5,cycle40_subj05_prior_low_1sess_150ep,312,24740,0.09310738,0.0921251,174,0.0009822771,1.0,1.0,1.0,1.0,0.04308855,0.043035705,5.2846968e-05,0.0,0.0,0,0
5,cycle40_subj05_prior_low_1sess_150ep,313,24787,0.0782273,0.09192591,718,-0.013698615,17.0,0.0,5.888888888888889,5.0,0.038760364,0.054803018,-0.016042653,16.0,-1.0,1,0
5,cycle40_subj05_prior_low_1sess_150ep,314,24846,0.05206109,0.095938616,334,-0.043877527,324.0,0.0,98.5,98.5,0.01128133,0.042451292,-0.031169962,320.0,-0.35714285714285715,0,0
5,cycle40_subj05_prior_low_1sess_150ep,315,25059,0.054071665,0.091785856,610,-0.03771419,324.0,0.0,102.28571428571429,101.0,0.035045445,0.046315435,-0.0112699885,237.0,0.0,0,0
5,cycle40_subj05_prior_low_1sess_150ep,316,25091,0.08635659,0.0883092,718,-0.0019526109,2.0,0.5,1.5,1.5,0.045205563,0.042338345,0.002867218,-1.0,0.0,0,0
5,cycle40_subj05_prior_low_1sess_150ep,317,25111,0.08352915,0.09894617,718,-0.015417017,22.0,0.0,7.8,8.0,0.044236075,0.046557225,-0.0023211502,13.0,-0.1,0,0
5,cycle40_subj05_prior_low_1sess_150ep,318,25205,0.0709773,0.08838024,718,-0.01740294,58.0,0.0,18.7,18.0,0.02686287,0.0483077,-0.021444827,57.0,-1.0,1,0
5,cycle40_subj05_prior_low_1sess_150ep,319,25250,0.06698931,0.085131235,569,-0.018141925,81.0,0.0,26.2,27.0,0.0043604,0.036438417,-0.032078017,80.0,-1.0,1,0
5,cycle40_subj05_prior_low_1sess_150ep,320,25268,0.08297681,0.09902875,171,-0.01605194,22.0,0.0,7.444444444444445,8.0,0.03669233,0.058612164,-0.021919835,21.0,-1.0,1,0
5,cycle40_subj05_prior_low_1sess_150ep,321,25284,0.083774805,0.0992142,718,-0.015439399,20.0,0.0,7.153846153846154,7.0,0.033022452,0.045994014,-0.012971561,18.0,-0.6923076923076923,0,0
5,cycle40_subj05_prior_low_1sess_150ep,322,25287,0.08169331,0.08869781,718,-0.007004507,8.0,0.1,3.6,3.5,0.038265493,0.05041021,-0.012144718,7.0,-0.9,1,0
5,cycle40_subj05_prior_low_1sess_150ep,323,25318,0.076687925,0.09426363,718,-0.017575704,33.0,0.0,11.1,11.0,0.03291782,0.04933075,-0.016412929,31.0,-0.5,0,0
5,cycle40_subj05_prior_low_1sess_150ep,324,25319,0.09347015,0.1002247,718,-0.006754555,5.0,0.2,2.1,2.0,0.042166293,0.0528613,-0.010695007,4.0,-0.8,1,0
5,cycle40_subj05_prior_low_1sess_150ep,325,25371,0.067444906,0.0955302,227,-0.028085291,112.0,0.0,35.90909090909091,35.0,0.023710959,0.049898807,-0.026187848,110.0,-0.7272727272727273,0,0
5,cycle40_subj05_prior_low_1sess_150ep,326,25454,0.08012793,0.092477664,299,-0.012349732,18.0,0.0,7.0,7.0,0.031313423,0.052554775,-0.021241352,17.0,-1.0,1,0
5,cycle40_subj05_prior_low_1sess_150ep,327,25570,0.079186596,0.08826164,171,-0.009075046,14.0,0.0,5.111111111111111,5.0,0.028400324,0.04095434,-0.012554016,13.0,-1.0,1,0
5,cycle40_subj05_prior_low_1sess_150ep,328,25578,0.07668848,0.09361505,334,-0.016926564,47.0,0.0,14.714285714285714,15.0,0.0316066,0.043005213,-0.011398613,45.0,-0.5714285714285714,0,0
5,cycle40_subj05_prior_low_1sess_150ep,329,25581,0.053311683,0.089716904,718,-0.03640522,312.0,0.0,95.72727272727273,97.0,0.02600271,0.054994907,-0.028992197,300.0,0.0,0,0
5,cycle40_subj05_prior_low_1sess_150ep,330,25588,0.059981123,0.09181224,828,-0.031831115,244.0,0.0,76.7,77.5,0.024353258,0.046732184,-0.022378925,238.0,0.0,0,0
5,cycle40_subj05_prior_low_1sess_150ep,331,25602,0.061201807,0.09384717,227,-0.032645363,207.0,0.0,63.333333333333336,65.0,0.055405915,0.05728002,-0.0018741041,-104.0,0.0,0,0
5,cycle40_subj05_prior_low_1sess_150ep,332,25693,0.08768867,0.094727345,718,-0.0070386752,5.0,0.375,1.75,2.0,0.049769524,0.046465106,0.0033044182,2.0,0.0,0,0
5,cycle40_subj05_prior_low_1sess_150ep,333,25702,0.032257006,0.09296514,174,-0.060708135,856.0,0.0,258.77777777777777,256.0,0.023836628,0.05742387,-0.033587243,504.0,0.0,0,0
5,cycle40_subj05_prior_low_1sess_150ep,334,25711,0.09606584,0.097101346,718,-0.001035504,2.0,0.7777777777777778,1.2222222222222223,1.0,0.052202918,0.059993092,-0.0077901743,1.0,-0.2222222222222222,1,0
5,cycle40_subj05_prior_low_1sess_150ep,335,25741,0.061766796,0.08634266,306,-0.024575867,171.0,0.0,53.2,52.0,0.025905669,0.03934435,-0.013438683,164.0,0.0,0,0
5,cycle40_subj05_prior_low_1sess_150ep,336,25746,0.06811649,0.09731314,718,-0.02919665,129.0,0.0,35.2,40.0,0.021754127,0.049241032,-0.027486905,126.0,-0.4,0,0
5,cycle40_subj05_prior_low_1sess_150ep,337,25881,0.07821036,0.09664669,718,-0.018436328,43.0,0.0,13.5,13.5,0.026064247,0.046342872,-0.020278625,42.0,-1.0,1,0
5,cycle40_subj05_prior_low_1sess_150ep,338,25906,0.056432627,0.093232274,417,-0.036799647,284.0,0.0,88.0,89.5,0.016712207,0.055379838,-0.03866763,283.0,-1.0,1,0
5,cycle40_subj05_prior_low_1sess_150ep,339,25959,0.06221603,0.102729544,227,-0.040513515,133.0,0.0,41.18181818181818,42.0,0.022069804,0.057359587,-0.035289783,131.0,-0.7272727272727273,0,0
5,cycle40_subj05_prior_low_1sess_150ep,340,26119,0.068885565,0.09349717,947,-0.024611607,88.0,0.0,29.3,29.0,0.04018171,0.050125133,-0.009943424,73.0,0.0,0,0
5,cycle40_subj05_prior_low_1sess_150ep,341,26127,0.05283319,0.091710694,78,-0.038877506,419.0,0.0,128.0,130.0,0.006136477,0.050290655,-0.04415418,418.0,-1.0,1,0
5,cycle40_subj05_prior_low_1sess_150ep,342,26163,0.07050348,0.09555411,718,-0.025050633,91.0,0.0,30.2,32.0,0.031446937,0.04890851,-0.017461572,89.0,-0.6,0,0
5,cycle40_subj05_prior_low_1sess_150ep,343,26243,0.07018922,0.10103322,524,-0.030843996,80.0,0.0,24.5,24.5,0.027887896,0.04972342,-0.021835525,76.0,-0.25,0,0
5,cycle40_subj05_prior_low_1sess_150ep,344,26292,0.0458279,0.0937941,171,-0.0479662,550.0,0.0,166.375,163.5,0.019412335,0.052198246,-0.03278591,514.0,0.0,0,0
5,cycle40_subj05_prior_low_1sess_150ep,345,26307,0.077136025,0.086815156,171,-0.009679131,8.0,0.08333333333333333,3.3333333333333335,3.5,0.036597554,0.04428089,-0.0076833367,6.0,-0.8333333333333333,0,0
5,cycle40_subj05_prior_low_1sess_150ep,346,26351,0.082102045,0.096609995,174,-0.014507949,14.0,0.0,4.8,4.5,0.041971404,0.05204021,-0.010068808,12.0,-0.8,0,0
5,cycle40_subj05_prior_low_1sess_150ep,347,26372,0.04294517,0.093231626,171,-0.050286457,650.0,0.0,196.2,197.0,0.006706685,0.048141517,-0.041434832,639.0,0.0,0,0
5,cycle40_subj05_prior_low_1sess_150ep,348,26435,0.05015627,0.08825426,171,-0.03809799,388.0,0.0,121.16666666666667,121.5,0.010034077,0.0490435,-0.039009422,387.0,-1.0,1,0
5,cycle40_subj05_prior_low_1sess_150ep,349,26458,0.091734186,0.09110238,718,0.00063180923,1.0,1.0,1.0,1.0,0.043138087,0.04885579,-0.005717702,0.0,0.0,0,0
5,cycle40_subj05_prior_low_1sess_150ep,350,26598,0.059427213,0.09936248,171,-0.039935265,200.0,0.0,62.2,62.5,0.008278947,0.06460649,-0.056327537,199.0,-1.0,1,0
5,cycle40_subj05_prior_low_1sess_150ep,351,26720,0.08071442,0.09893084,78,-0.018216424,29.0,0.0,8.727272727272727,9.0,0.036973223,0.055416685,-0.018443462,28.0,-1.0,1,0
5,cycle40_subj05_prior_low_1sess_150ep,352,26780,0.08211798,0.10063101,171,-0.018513031,23.0,0.0,9.142857142857142,9.0,0.04514298,0.054747958,-0.009604979,15.0,0.0,0,0
5,cycle40_subj05_prior_low_1sess_150ep,353,26895,0.09167176,0.093176894,718,-0.0015051365,3.0,0.6666666666666666,1.4444444444444444,1.0,0.03461838,0.04204786,-0.007429477,2.0,-0.33333333333333337,1,0
5,cycle40_subj05_prior_low_1sess_150ep,354,26909,0.05948866,0.092359655,610,-0.032870993,192.0,0.0,61.8,65.0,0.038105693,0.053449385,-0.015343692,168.0,0.0,0,0
5,cycle40_subj05_prior_low_1sess_150ep,355,26971,0.05822084,0.09022289,332,-0.032002047,222.0,0.0,68.76923076923077,68.0,0.025981653,0.04723027,-0.021248616,202.0,0.0,0,0
5,cycle40_subj05_prior_low_1sess_150ep,356,26990,0.081131816,0.0926576,227,-0.011525787,25.0,0.0,8.555555555555555,9.0,0.031040795,0.046584498,-0.015543703,24.0,-1.0,1,0
5,cycle40_subj05_prior_low_1sess_150ep,357,27242,0.06321814,0.095556825,718,-0.032338686,199.0,0.0,63.77777777777778,63.0,0.018638153,0.048957266,-0.030319113,195.0,-0.1111111111111111,0,0
5,cycle40_subj05_prior_low_1sess_150ep,358,27275,0.08202167,0.09214452,227,-0.010122851,11.0,0.09090909090909091,4.0,4.0,0.03342929,0.05045416,-0.017024867,10.0,-0.9090909090909091,1,0
5,cycle40_subj05_prior_low_1sess_150ep,359,27287,0.051488727,0.09617353,171,-0.044684805,373.0,0.0,118.0,118.0,0.018671576,0.057590693,-0.038919117,368.0,-0.16666666666666666,0,0
5,cycle40_subj05_prior_low_1sess_150ep,360,27326,0.08312778,0.098787405,227,-0.015659623,21.0,0.0,6.555555555555555,8.0,0.037286524,0.06091209,-0.023625568,20.0,-1.0,1,0
5,cycle40_subj05_prior_low_1sess_150ep,361,27435,0.07630125,0.09034143,300,-0.01404018,24.0,0.0,6.444444444444445,6.0,0.01230032,0.04612039,-0.03382007,23.0,-1.0,1,0
5,cycle40_subj05_prior_low_1sess_150ep,362,27568,0.06637224,0.0969106,227,-0.030538365,106.0,0.0,31.5625,32.0,0.03563775,0.06051795,-0.024880202,96.0,0.0,0,0
5,cycle40_subj05_prior_low_1sess_150ep,363,27580,0.06305111,0.08864483,171,-0.02559372,113.0,0.0,35.111111111111114,36.0,0.037511304,0.046483748,-0.008972442,70.0,0.0,0,0
5,cycle40_subj05_prior_low_1sess_150ep,364,27830,0.07298307,0.10170281,227,-0.028719738,69.0,0.0,22.625,24.0,0.025595516,0.054196116,-0.0286006,67.0,-0.625,0,0
5,cycle40_subj05_prior_low_1sess_150ep,365,27878,0.08470683,0.09870577,718,-0.013998941,14.0,0.0,4.75,5.0,0.03538575,0.05617197,-0.020786218,13.0,-1.0,1,0
5,cycle40_subj05_prior_low_1sess_150ep,366,27972,0.05380573,0.089242026,524,-0.035436295,265.0,0.0,85.16666666666667,84.5,0.02560857,0.051649455,-0.026040886,254.0,0.0,0,0
5,cycle40_subj05_prior_low_1sess_150ep,367,28024,0.065137535,0.08734151,760,-0.022203974,90.0,0.0,26.5,27.5,0.019343097,0.04237433,-0.023031235,89.0,-1.0,1,0
5,cycle40_subj05_prior_low_1sess_150ep,368,28068,0.08618446,0.09246269,250,-0.0062782317,13.0,0.0,5.166666666666667,5.0,0.0316242,0.034512088,-0.002887886,11.0,-0.5833333333333334,0,0
5,cycle40_subj05_prior_low_1sess_150ep,369,28096,0.058439843,0.085739896,718,-0.027300052,206.0,0.0,64.8,64.5,0.023710966,0.03769381,-0.013982844,191.0,0.0,0,0
5,cycle40_subj05_prior_low_1sess_150ep,370,28159,0.07298303,0.09569207,299,-0.022709042,38.0,0.0,13.538461538461538,13.0,0.02611496,0.04638668,-0.020271722,36.0,-0.38461538461538464,0,0
5,cycle40_subj05_prior_low_1sess_150ep,371,28189,0.08096824,0.09501858,718,-0.014050342,26.0,0.0,9.222222222222221,10.0,0.046558656,0.044696853,0.0018618032,7.0,0.0,0,0
5,cycle40_subj05_prior_low_1sess_150ep,372,28286,0.069677815,0.088229105,171,-0.01855129,46.0,0.0,15.875,17.5,0.05994795,0.055287097,0.0046608523,-17.0,0.0,0,0
5,cycle40_subj05_prior_low_1sess_150ep,373,28303,0.060366433,0.09279777,171,-0.032431338,201.0,0.0,63.55555555555556,64.0,0.01729678,0.054731898,-0.037435118,200.0,-1.0,1,0
5,cycle40_subj05_prior_low_1sess_150ep,374,28319,0.041074857,0.08951187,266,-0.048437014,728.0,0.0,217.71428571428572,218.0,0.0018348545,0.026187912,-0.024353057,725.0,-0.8571428571428571,0,0
5,cycle40_subj05_prior_low_1sess_150ep,375,28325,0.08721903,0.10309611,227,-0.015877083,6.0,0.125,2.875,3.0,0.033876635,0.06094411,-0.027067475,5.0,-0.875,1,0
5,cycle40_subj05_prior_low_1sess_150ep,376,28341,0.045491476,0.0882696,417,-0.042778123,575.0,0.0,176.0,175.0,0.027983716,0.049055167,-0.02107145,306.0,0.0,0,0
5,cycle40_subj05_prior_low_1sess_150ep,377,28349,0.06628308,0.09578358,227,-0.0295005,199.0,0.0,61.75,63.0,0.029132001,0.049402334,-0.020270333,190.0,0.0,0,0
5,cycle40_subj05_prior_low_1sess_150ep,378,28418,0.08335919,0.098180085,227,-0.014820896,16.0,0.0,5.6,5.5,0.026844658,0.048624873,-0.021780215,15.0,-1.0,1,0
5,cycle40_subj05_prior_low_1sess_150ep,379,28487,0.05682649,0.09106338,266,-0.03423689,251.0,0.0,78.75,80.5,0.021426339,0.05054735,-0.029121011,248.0,-0.5,0,0
5,cycle40_subj05_prior_low_1sess_150ep,380,28524,0.08492977,0.09568003,718,-0.0107502565,21.0,0.0,10.142857142857142,10.0,0.04422709,0.04948851,-0.005261421,15.0,0.0,0,0
5,cycle40_subj05_prior_low_1sess_150ep,381,28595,0.051220693,0.08418013,171,-0.03295944,336.0,0.0,100.2,101.5,0.021119377,0.04096488,-0.019845502,326.0,-0.1,0,0
5,cycle40_subj05_prior_low_1sess_150ep,382,28689,0.056843,0.091530435,524,-0.034687433,351.0,0.0,107.63636363636364,110.0,0.022779007,0.040215492,-0.017436486,333.0,0.0,0,0
5,cycle40_subj05_prior_low_1sess_150ep,383,28745,0.073338345,0.09225134,718,-0.018912993,61.0,0.0,19.071428571428573,18.5,0.03131589,0.048638426,-0.017322537,58.0,-0.5,0,0
5,cycle40_subj05_prior_low_1sess_150ep,384,28751,0.09325595,0.09302092,718,0.00023502856,1.0,1.0,1.0,1.0,0.039690096,0.044847924,-0.0051578283,0.0,0.0,0,0
5,cycle40_subj05_prior_low_1sess_150ep,385,28755,0.05928567,0.089876,174,-0.030590333,213.0,0.0,67.85714285714286,71.0,0.01062306,0.047073744,-0.036450684,212.0,-1.0,1,0
5,cycle40_subj05_prior_low_1sess_150ep,386,28788,0.052155554,0.09235775,78,-0.040202193,287.0,0.0,92.0,91.0,0.0069006793,0.051023245,-0.044122566,286.0,-1.0,1,0
5,cycle40_subj05_prior_low_1sess_150ep,387,28898,0.064502575,0.09370629,227,-0.029203713,114.0,0.0,35.5,35.5,0.019286461,0.045600604,-0.026314143,112.0,-0.8,0,0
5,cycle40_subj05_prior_low_1sess_150ep,388,28963,0.08617349,0.09507369,227,-0.008900203,5.0,0.2,2.3,2.0,0.0460769,0.053470463,-0.0073935613,3.0,-0.8,0,0
5,cycle40_subj05_prior_low_1sess_150ep,389,29010,0.05399471,0.094513774,718,-0.040519062,414.0,0.0,127.55555555555556,129.0,0.03478664,0.050662342,-0.015875699,170.0,0.0,0,0
5,cycle40_subj05_prior_low_1sess_150ep,390,29021,0.06802209,0.099333026,227,-0.03131094,84.0,0.0,24.25,25.5,0.027737644,0.062160667,-0.034423023,83.0,-1.0,1,0
5,cycle40_subj05_prior_low_1sess_150ep,391,29381,0.076378785,0.094635665,171,-0.01825688,80.0,0.0,25.0,25.0,0.030340891,0.048370518,-0.018029626,78.0,-0.6,0,0
5,cycle40_subj05_prior_low_1sess_150ep,392,29568,0.08045792,0.09636966,227,-0.015911743,34.0,0.0,12.0,11.0,0.04378109,0.042251837,0.001529254,21.0,0.0,0,0
5,cycle40_subj05_prior_low_1sess_150ep,393,29660,0.059420243,0.09057423,718,-0.031153984,163.0,0.0,53.0,54.0,0.037231177,0.056277562,-0.019046385,132.0,0.0,0,0
5,cycle40_subj05_prior_low_1sess_150ep,394,29663,0.031552922,0.09623774,171,-0.06468482,855.0,0.0,254.0,254.5,0.014131326,0.050788548,-0.036657225,733.0,0.0,0,0
5,cycle40_subj05_prior_low_1sess_150ep,395,29680,0.060359024,0.09888107,171,-0.03852205,194.0,0.0,60.111111111111114,60.0,0.019158453,0.050766543,-0.03160809,191.0,-0.4444444444444444,0,0
5,cycle40_subj05_prior_low_1sess_150ep,396,29711,0.079992644,0.09956504,718,-0.019572392,38.0,0.0,12.88888888888889,14.0,0.019508861,0.044479787,-0.024970926,37.0,-1.0,1,0
5,cycle40_subj05_prior_low_1sess_150ep,397,29837,0.07516897,0.09741453,718,-0.022245564,71.0,0.0,27.25,26.5,0.05171327,0.054698963,-0.0029856935,25.0,0.0,0,0
5,cycle40_subj05_prior_low_1sess_150ep,398,29886,0.049583495,0.091215104,610,-0.04163161,416.0,0.0,124.125,123.0,0.00794483,0.041044928,-0.0331001,414.0,-0.375,0,0
5,cycle40_subj05_prior_low_1sess_150ep,399,29919,0.09189078,0.103425294,718,-0.011534512,7.0,0.08333333333333333,3.0833333333333335,3.0,0.03957014,0.05382652,-0.014256377,6.0,-0.9166666666666666,1,0
5,cycle40_subj05_prior_low_1sess_150ep,400,29980,0.072324835,0.09345089,417,-0.021126054,58.0,0.0,18.0,18.0,0.030560393,0.0448132,-0.014252808,56.0,-0.875,0,0
5,cycle40_subj05_prior_low_1sess_150ep,401,30081,0.041880764,0.08060037,770,-0.03871961,575.0,0.0,174.0,174.0,0.02112122,0.046860218,-0.025738997,550.0,0.0,0,0
5,cycle40_subj05_prior_low_1sess_150ep,402,30373,0.05449563,0.090243906,78,-0.035748277,252.0,0.0,77.14285714285714,73.0,0.02734283,0.057230096,-0.029887266,248.0,-0.42857142857142855,0,0
5,cycle40_subj05_prior_low_1sess_150ep,403,30395,0.10464079,0.09542042,718,0.009220369,1.0,1.0,1.0,1.0,0.040203147,0.04351591,-0.0033127628,0.0,0.0,0,0
5,cycle40_subj05_prior_low_1sess_150ep,404,30407,0.04594798,0.09217359,171,-0.04622561,564.0,0.0,173.6,174.0,0.024004178,0.049289662,-0.025285484,466.0,0.0,0,0
5,cycle40_subj05_prior_low_1sess_150ep,405,30430,0.0686398,0.08502254,227,-0.016382739,43.0,0.0,14.714285714285714,15.0,0.024223674,0.048292935,-0.02406926,42.0,-1.0,1,0
5,cycle40_subj05_prior_low_1sess_150ep,406,30563,0.07014312,0.08935326,227,-0.019210145,43.0,0.0,12.75,13.0,0.018617753,0.055174723,-0.03655697,42.0,-1.0,1,0
5,cycle40_subj05_prior_low_1sess_150ep,407,30601,0.06300649,0.09174008,610,-0.028733589,133.0,0.0,41.69230769230769,43.0,0.024230763,0.042432733,-0.01820197,130.0,-0.5384615384615384,0,0
5,cycle40_subj05_prior_low_1sess_150ep,408,30632,0.05468951,0.09195058,227,-0.03726107,330.0,0.0,103.36363636363636,103.0,0.010172702,0.054611553,-0.04443885,329.0,-1.0,1,0
5,cycle40_subj05_prior_low_1sess_150ep,409,30672,0.08435233,0.088455975,821,-0.0041036457,5.0,0.2,2.2,2.0,0.038897377,0.05174532,-0.012847945,4.0,-0.8,1,0
5,cycle40_subj05_prior_low_1sess_150ep,410,30674,0.06871167,0.09322797,227,-0.0245163,79.0,0.0,24.555555555555557,26.0,0.030836277,0.050352693,-0.019516416,75.0,-0.5555555555555556,0,0
5,cycle40_subj05_prior_low_1sess_150ep,411,30847,0.07992833,0.09425802,815,-0.014329687,32.0,0.0,11.333333333333334,11.0,0.04977758,0.059245385,-0.009467807,17.0,0.0,0,0
5,cycle40_subj05_prior_low_1sess_150ep,412,30856,0.050965786,0.09072553,171,-0.039759748,464.0,0.0,143.88888888888889,145.0,0.012452599,0.04952371,-0.037071113,462.0,-0.4444444444444444,0,0
5,cycle40_subj05_prior_low_1sess_150ep,413,30887,0.073263146,0.09850551,227,-0.025242366,109.0,0.0,32.1,33.0,0.030611303,0.050478075,-0.019866772,106.0,-0.2,0,0
5,cycle40_subj05_prior_low_1sess_150ep,414,30922,0.06116937,0.0919042,227,-0.03073483,182.0,0.0,58.111111111111114,58.0,0.01852154,0.05450102,-0.03597948,181.0,-1.0,1,0
5,cycle40_subj05_prior_low_1sess_150ep,415,30935,0.040789444,0.08983401,718,-0.049044568,622.0,0.0,190.0,187.5,-0.0142634325,0.045516614,-0.059780046,621.0,-1.0,1,0
5,cycle40_subj05_prior_low_1sess_150ep,416,30954,0.053099994,0.09419779,227,-0.041097794,359.0,0.0,111.0,113.0,0.015755568,0.050123136,-0.03436757,354.0,-0.2857142857142857,0,0
5,cycle40_subj05_prior_low_1sess_150ep,417,31028,0.10018898,0.108825095,227,-0.008636117,2.0,0.7777777777777778,1.2222222222222223,1.0,0.059486292,0.060231343,-0.0007450506,0.0,0.0,0,0
5,cycle40_subj05_prior_low_1sess_150ep,418,31049,0.072714664,0.09208857,718,-0.019373909,44.0,0.0,13.444444444444445,14.0,0.02931051,0.050910115,-0.021599606,43.0,-1.0,1,0
5,cycle40_subj05_prior_low_1sess_150ep,419,31064,0.051077995,0.08718596,174,-0.03610796,324.0,0.0,99.125,99.5,0.0051709525,0.049958434,-0.04478748,323.0,-1.0,1,0
5,cycle40_subj05_prior_low_1sess_150ep,420,31123,0.06180721,0.09561902,78,-0.03381181,163.0,0.0,56.0,56.5,0.02546803,0.05950668,-0.03403865,162.0,-1.0,1,0
5,cycle40_subj05_prior_low_1sess_150ep,421,31233,0.079682626,0.09735804,718,-0.017675415,36.0,0.0,12.0,11.0,0.032557543,0.0543968,-0.021839257,35.0,-1.0,1,0
5,cycle40_subj05_prior_low_1sess_150ep,422,31349,0.07439083,0.091589026,178,-0.017198198,32.0,0.0,11.571428571428571,12.0,0.03938234,0.04542865,-0.00604631,22.0,0.0,0,0
5,cycle40_subj05_prior_low_1sess_150ep,423,31446,0.04851787,0.08587486,889,-0.03735699,370.0,0.0,113.4,112.5,0.019443009,0.041443113,-0.022000104,357.0,-0.2,0,0
5,cycle40_subj05_prior_low_1sess_150ep,424,31659,0.06964064,0.09869684,227,-0.029056206,107.0,0.0,32.857142857142854,34.0,0.03567223,0.055257067,-0.019584838,85.0,0.0,0,0
5,cycle40_subj05_prior_low_1sess_150ep,425,31747,0.091901846,0.096502125,171,-0.004600279,4.0,0.36363636363636365,2.1818181818181817,2.0,0.04604472,0.047139116,-0.0010943972,2.0,-0.36363636363636365,0,0
5,cycle40_subj05_prior_low_1sess_150ep,426,31782,0.091446474,0.09202687,334,-0.0005803928,3.0,0.875,1.125,1.0,0.038754877,0.04767259,-0.008917712,2.0,-0.125,1,0
5,cycle40_subj05_prior_low_1sess_150ep,427,31801,0.06810031,0.092937484,163,-0.024837174,114.0,0.0,36.2,34.0,0.030259605,0.04660136,-0.016341753,106.0,-0.2,0,0
5,cycle40_subj05_prior_low_1sess_150ep,428,31837,0.051880963,0.091708206,78,-0.039827242,327.0,0.0,100.55555555555556,101.0,-0.0021280982,0.036197018,-0.038325116,325.0,-0.8888888888888888,0,0
5,cycle40_subj05_prior_low_1sess_150ep,429,31936,0.049393896,0.09242596,718,-0.04303206,379.0,0.0,119.54545454545455,119.0,0.008030161,0.03133025,-0.023300089,375.0,-0.18181818181818182,0,0
5,cycle40_subj05_prior_low_1sess_150ep,430,31964,0.08319159,0.09524258,718,-0.012050994,12.0,0.0,4.7272727272727275,4.0,0.032311466,0.046669956,-0.014358491,11.0,-1.0,1,0
5,cycle40_subj05_prior_low_1sess_150ep,431,32053,0.08241925,0.101978995,171,-0.019559748,32.0,0.0,11.0,11.0,0.038518846,0.04227625,-0.0037574023,30.0,-0.7142857142857143,0,0
5,cycle40_subj05_prior_low_1sess_150ep,432,32232,0.062976524,0.09936601,171,-0.036389485,174.0,0.0,56.92307692307692,56.0,0.024824698,0.057120666,-0.03229597,170.0,-0.38461538461538464,0,0
5,cycle40_subj05_prior_low_1sess_150ep,433,32303,0.05041947,0.08626005,569,-0.035840582,395.0,0.0,119.3,119.0,0.014263175,0.050437473,-0.036174297,394.0,-1.0,1,0
5,cycle40_subj05_prior_low_1sess_150ep,434,32307,0.08373576,0.096418194,718,-0.012682438,13.0,0.0,4.555555555555555,4.0,0.04050196,0.049666416,-0.009164456,10.0,-0.2222222222222222,0,0
5,cycle40_subj05_prior_low_1sess_150ep,435,32625,0.06991092,0.09928146,78,-0.029370539,61.0,0.0,20.5,21.5,0.02813353,0.06658544,-0.03845191,60.0,-1.0,1,0
5,cycle40_subj05_prior_low_1sess_150ep,436,32643,0.07365448,0.09666031,171,-0.023005828,92.0,0.0,29.41176470588235,29.0,0.038804237,0.047856726,-0.009052489,55.0,0.0,0,0
5,cycle40_subj05_prior_low_1sess_150ep,437,32716,0.06503738,0.09325436,171,-0.02821698,136.0,0.0,43.25,43.0,0.008415375,0.043664493,-0.035249118,135.0,-1.0,1,0
5,cycle40_subj05_prior_low_1sess_150ep,438,32771,0.061801814,0.089865535,227,-0.028063722,210.0,0.0,65.625,66.5,0.037847217,0.04915025,-0.011303034,171.0,0.0,0,0
5,cycle40_subj05_prior_low_1sess_150ep,439,32772,0.04973335,0.08856508,178,-0.038831733,414.0,0.0,126.3,126.5,0.028695015,0.04711606,-0.018421045,381.0,0.0,0,0
5,cycle40_subj05_prior_low_1sess_150ep,440,32857,0.06352164,0.08820017,417,-0.024678528,133.0,0.0,39.666666666666664,40.0,0.025116425,0.046998184,-0.02188176,129.0,-0.3333333333333333,0,0
5,cycle40_subj05_prior_low_1sess_150ep,441,32891,0.055497628,0.088902,718,-0.03340437,230.0,0.0,74.25,75.0,0.026220983,0.054594588,-0.028373605,223.0,-0.125,0,0
5,cycle40_subj05_prior_low_1sess_150ep,442,32910,0.07314082,0.09477848,78,-0.021637656,52.0,0.0,17.333333333333332,17.0,0.040065262,0.052702114,-0.0126368515,42.0,0.0,0,0
5,cycle40_subj05_prior_low_1sess_150ep,443,33131,0.07251104,0.09685082,718,-0.02433978,61.0,0.0,18.857142857142858,18.0,0.026263747,0.042589527,-0.01632578,59.0,-0.7142857142857143,0,0
5,cycle40_subj05_prior_low_1sess_150ep,444,33171,0.08083305,0.08939202,163,-0.008558974,14.0,0.0,4.5,4.0,0.05126994,0.055027373,-0.0037574302,3.0,0.0,0,0
5,cycle40_subj05_prior_low_1sess_150ep,445,33189,0.0803519,0.09708049,947,-0.016728595,29.0,0.0,9.5,9.0,0.03720443,0.047578253,-0.010373823,26.0,-0.375,0,0
5,cycle40_subj05_prior_low_1sess_150ep,446,33245,0.047837034,0.09211299,718,-0.044275954,560.0,0.0,170.5,170.0,0.008192591,0.035365093,-0.027172502,553.0,0.0,0,0
5,cycle40_subj05_prior_low_1sess_150ep,447,33289,0.08329792,0.09635101,227,-0.013053089,13.0,0.0,5.090909090909091,5.0,0.040124252,0.047521632,-0.0073973797,9.0,-0.36363636363636365,0,0
5,cycle40_subj05_prior_low_1sess_150ep,448,33521,0.07328946,0.093196675,171,-0.019907214,74.0,0.0,23.571428571428573,24.0,0.035733152,0.049051296,-0.013318144,71.0,-0.7142857142857143,0,0
5,cycle40_subj05_prior_low_1sess_150ep,449,33543,0.052285425,0.09314719,718,-0.040861763,400.0,0.0,128.16666666666666,127.5,0.0085948,0.043078154,-0.034483355,395.0,0.0,0,0
5,cycle40_subj05_prior_low_1sess_150ep,450,33752,0.06443633,0.08934925,718,-0.024912916,104.0,0.0,31.466666666666665,31.0,0.0418353,0.05673215,-0.014896849,92.0,0.0,0,0
5,cycle40_subj05_prior_low_1sess_150ep,451,33813,0.06816742,0.09723731,171,-0.029069893,130.0,0.0,39.6,40.5,0.026694082,0.050965983,-0.024271902,127.0,-0.6,0,0
5,cycle40_subj05_prior_low_1sess_150ep,452,33906,0.075091295,0.09499195,227,-0.019900657,37.0,0.0,12.166666666666666,12.0,0.03721759,0.053325742,-0.016108152,32.0,-0.16666666666666666,0,0
5,cycle40_subj05_prior_low_1sess_150ep,453,34068,0.05294577,0.09301258,885,-0.04006681,415.0,0.0,126.3,125.5,0.020579778,0.052267514,-0.031687737,410.0,-0.5,0,0
5,cycle40_subj05_prior_low_1sess_150ep,454,34080,0.07377796,0.0909974,227,-0.01721944,53.0,0.0,19.5,21.0,0.02840913,0.051045828,-0.022636697,52.0,-1.0,1,0
5,cycle40_subj05_prior_low_1sess_150ep,455,34089,0.07954122,0.09468132,171,-0.015140101,21.0,0.0,7.6,7.0,0.02944842,0.048072785,-0.018624365,20.0,-1.0,1,0
5,cycle40_subj05_prior_low_1sess_150ep,456,34126,0.06841151,0.090933695,227,-0.022522189,87.0,0.0,27.88888888888889,29.0,0.0091845505,0.04965706,-0.04047251,86.0,-1.0,1,0
5,cycle40_subj05_prior_low_1sess_150ep,457,34186,0.03940965,0.09365446,718,-0.054244813,705.0,0.0,211.0909090909091,209.0,0.0019576289,0.04367369,-0.04171606,700.0,-0.36363636363636365,0,0
5,cycle40_subj05_prior_low_1sess_150ep,458,34238,0.0823238,0.09442049,171,-0.012096696,11.0,0.0,2.7777777777777777,3.0,0.035296395,0.053356167,-0.018059772,10.0,-1.0,1,0
5,cycle40_subj05_prior_low_1sess_150ep,459,34418,0.05892746,0.09581979,227,-0.036892332,329.0,0.0,106.25,108.0,0.035238266,0.048727993,-0.013489729,151.0,0.0,0,0
5,cycle40_subj05_prior_low_1sess_150ep,460,34603,0.07579553,0.0887682,384,-0.012972668,20.0,0.0,5.857142857142857,6.0,0.03477577,0.05097815,-0.016202379,19.0,-1.0,1,0
5,cycle40_subj05_prior_low_1sess_150ep,461,34751,0.08483158,0.09091514,718,-0.006083563,5.0,0.0,2.75,3.0,0.021732084,0.039500944,-0.01776886,4.0,-1.0,1,0
5,cycle40_subj05_prior_low_1sess_150ep,462,34829,0.05058919,0.099256024,227,-0.048666835,475.0,0.0,143.2,142.5,0.016649745,0.056041818,-0.039392073,457.0,0.0,0,0
5,cycle40_subj05_prior_low_1sess_150ep,463,34845,0.06663208,0.10061717,171,-0.033985093,124.0,0.0,40.77777777777778,41.0,0.01936141,0.05618342,-0.03682201,123.0,-1.0,1,0
5,cycle40_subj05_prior_low_1sess_150ep,464,34850,0.06982563,0.092436574,227,-0.022610947,66.0,0.0,21.444444444444443,22.0,0.0351351,0.057905953,-0.022770852,65.0,-1.0,1,0
5,cycle40_subj05_prior_low_1sess_150ep,465,34874,0.049430396,0.09859989,718,-0.049169492,479.0,0.0,145.71428571428572,146.0,0.014432348,0.053082805,-0.038650457,469.0,-0.14285714285714285,0,0
5,cycle40_subj05_prior_low_1sess_150ep,466,34975,0.043325197,0.09547737,171,-0.052152175,575.0,0.0,172.375,173.5,0.011688232,0.048114892,-0.03642666,562.0,0.0,0,0
5,cycle40_subj05_prior_low_1sess_150ep,467,35094,0.078401096,0.09238364,174,-0.013982542,12.0,0.0,4.111111111111111,4.0,0.05293081,0.0558687,-0.0029378906,-6.0,0.0,0,0
5,cycle40_subj05_prior_low_1sess_150ep,468,35129,0.082520805,0.09769878,171,-0.015177973,17.0,0.0,6.6,6.0,0.03788903,0.04965688,-0.011767849,15.0,-0.6,0,0
5,cycle40_subj05_prior_low_1sess_150ep,469,35743,0.08330233,0.091876194,954,-0.008573867,16.0,0.0,5.833333333333333,7.0,0.036365602,0.048850056,-0.012484454,15.0,-1.0,1,0
5,cycle40_subj05_prior_low_1sess_150ep,470,35752,0.048002727,0.09175992,78,-0.043757193,471.0,0.0,139.71428571428572,138.0,0.01013314,0.055611677,-0.045478538,470.0,-1.0,1,0
5,cycle40_subj05_prior_low_1sess_150ep,471,35790,0.077994086,0.09379191,718,-0.015797824,28.0,0.0,8.76923076923077,9.0,0.022215676,0.046155937,-0.023940261,27.0,-1.0,1,0
5,cycle40_subj05_prior_low_1sess_150ep,472,35798,0.07879637,0.09017884,171,-0.011382468,25.0,0.0,8.555555555555555,9.0,0.03150474,0.04601451,-0.014509771,24.0,-1.0,1,0
5,cycle40_subj05_prior_low_1sess_150ep,473,35986,0.079459116,0.09571091,417,-0.016251795,24.0,0.0,9.0,9.0,0.020959795,0.059049822,-0.038090028,23.0,-1.0,1,0
5,cycle40_subj05_prior_low_1sess_150ep,474,36067,0.07042579,0.09701164,227,-0.026585847,70.0,0.0,23.09090909090909,22.0,0.033817995,0.05801229,-0.024194296,67.0,-0.5454545454545454,0,0
5,cycle40_subj05_prior_low_1sess_150ep,475,36258,0.05963089,0.0930653,174,-0.03343441,213.0,0.0,67.4,68.0,0.015200902,0.045491762,-0.03029086,210.0,-0.4,0,0
5,cycle40_subj05_prior_low_1sess_150ep,476,36476,0.079509996,0.099680245,171,-0.020170249,35.0,0.0,11.916666666666666,11.5,0.055182647,0.055734925,-0.000552278,-37.0,0.0,0,0
5,cycle40_subj05_prior_low_1sess_150ep,477,36569,0.07023592,0.09843416,227,-0.028198235,119.0,0.0,37.625,37.0,0.019189302,0.047577806,-0.028388504,118.0,-1.0,1,0
5,cycle40_subj05_prior_low_1sess_150ep,478,36576,0.046996616,0.08911332,718,-0.0421167,505.0,0.0,157.1,157.5,0.028310852,0.05284419,-0.024533337,472.0,0.0,0,0
5,cycle40_subj05_prior_low_1sess_150ep,479,36623,0.06668475,0.0960653,227,-0.029380545,158.0,0.0,48.0,47.0,0.015750576,0.049276117,-0.03352554,157.0,-1.0,1,0
5,cycle40_subj05_prior_low_1sess_150ep,480,36629,0.07083559,0.088793255,227,-0.017957665,46.0,0.0,15.2,15.5,0.032778326,0.05854827,-0.025769945,45.0,-1.0,1,0
5,cycle40_subj05_prior_low_1sess_150ep,481,36682,0.10018096,0.10099675,718,-0.0008157864,2.0,0.875,1.125,1.0,0.052155636,0.057945114,-0.0057894774,1.0,-0.125,1,0
5,cycle40_subj05_prior_low_1sess_150ep,482,36731,0.04649434,0.092453085,947,-0.045958746,507.0,0.0,149.0,148.0,0.00417817,0.047889154,-0.043710984,505.0,-0.8333333333333334,0,0
5,cycle40_subj05_prior_low_1sess_150ep,483,36759,0.075667866,0.09895808,171,-0.023290217,50.0,0.0,17.727272727272727,17.0,0.02815491,0.05116095,-0.02300604,48.0,-0.7272727272727273,0,0
5,cycle40_subj05_prior_low_1sess_150ep,484,36910,0.09321226,0.099836215,227,-0.0066239536,3.0,0.5714285714285714,1.5714285714285714,1.0,0.040662885,0.05172016,-0.011057276,2.0,-0.4285714285714286,1,0
5,cycle40_subj05_prior_low_1sess_150ep,485,36945,0.076111436,0.09818682,227,-0.022075385,47.0,0.0,17.09090909090909,17.0,0.022807986,0.05904326,-0.036235273,46.0,-1.0,1,0
5,cycle40_subj05_prior_low_1sess_150ep,486,36974,0.07801312,0.09078525,954,-0.012772128,27.0,0.0,9.181818181818182,9.0,0.023778904,0.051528428,-0.027749524,26.0,-1.0,1,0
5,cycle40_subj05_prior_low_1sess_150ep,487,36978,0.08084954,0.093899004,227,-0.013049461,22.0,0.0,7.545454545454546,8.0,0.043150645,0.048977803,-0.0058271587,16.0,-0.09090909090909091,0,0
5,cycle40_subj05_prior_low_1sess_150ep,488,37059,0.066930905,0.09066846,171,-0.023737557,87.0,0.0,26.75,26.0,0.025351055,0.04551458,-0.020163525,84.0,-0.5,0,0
5,cycle40_subj05_prior_low_1sess_150ep,489,37221,0.052759755,0.096954286,299,-0.04419453,409.0,0.0,129.5,130.0,0.01335248,0.051781304,-0.038428824,403.0,-0.25,0,0
5,cycle40_subj05_prior_low_1sess_150ep,490,37224,0.054872867,0.084713705,718,-0.029840838,217.0,0.0,68.63636363636364,70.0,0.01690308,0.047577977,-0.030674897,216.0,-1.0,1,0
5,cycle40_subj05_prior_low_1sess_150ep,491,37436,0.043619383,0.09267506,171,-0.049055677,582.0,0.0,181.25,180.0,0.0047117546,0.044060204,-0.03934845,580.0,-0.875,0,0
5,cycle40_subj05_prior_low_1sess_150ep,492,37494,0.055541094,0.09083505,227,-0.035293955,220.0,0.0,69.0,69.0,0.026658697,0.053321376,-0.02666268,212.0,-0.2,0,0
5,cycle40_subj05_prior_low_1sess_150ep,493,37608,0.074337564,0.09314747,171,-0.018809907,53.0,0.0,17.25,17.5,0.0032555833,0.041397307,-0.038141724,52.0,-1.0,1,0
5,cycle40_subj05_prior_low_1sess_150ep,494,37736,0.058090866,0.09283735,171,-0.034746483,280.0,0.0,86.6,85.5,0.031246856,0.04547205,-0.014225192,220.0,0.0,0,0
5,cycle40_subj05_prior_low_1sess_150ep,495,37801,0.0894628,0.09402996,171,-0.004567161,5.0,0.3,2.1,2.0,0.037064515,0.051143914,-0.014079399,4.0,-0.7,1,0
5,cycle40_subj05_prior_low_1sess_150ep,496,37927,0.047412332,0.085770234,174,-0.038357902,453.0,0.0,138.63636363636363,139.0,0.013514139,0.04969947,-0.03618533,451.0,-0.5454545454545454,0,0
5,cycle40_subj05_prior_low_1sess_150ep,497,38022,0.06960637,0.09449833,718,-0.024891958,128.0,0.0,42.6,44.0,0.028188765,0.049703237,-0.021514472,126.0,-0.2,0,0
5,cycle40_subj05_prior_low_1sess_150ep,498,38025,0.048531946,0.09702444,227,-0.048492495,542.0,0.0,166.9,167.5,0.01581607,0.04302278,-0.027206711,512.0,0.0,0,0
5,cycle40_subj05_prior_low_1sess_150ep,499,38060,0.08600633,0.09922408,718,-0.013217755,16.0,0.0,5.636363636363637,6.0,0.03386597,0.051884543,-0.018018574,15.0,-1.0,1,0
5,cycle40_subj05_prior_low_1sess_150ep,500,38246,0.08232213,0.09661331,718,-0.014291182,22.0,0.0,7.6,7.0,0.03150195,0.0498198,-0.018317852,21.0,-1.0,1,0
5,cycle40_subj05_prior_low_1sess_150ep,501,38278,0.057477564,0.08675878,171,-0.029281214,252.0,0.0,78.125,78.0,0.0075068735,0.04698221,-0.039475337,251.0,-1.0,1,0
5,cycle40_subj05_prior_low_1sess_150ep,502,38297,0.06999558,0.09760121,718,-0.02760563,120.0,0.0,37.0,38.0,0.03469659,0.053999666,-0.019303076,107.0,0.0,0,0
5,cycle40_subj05_prior_low_1sess_150ep,503,38310,0.088198505,0.09684724,815,-0.008648738,8.0,0.0,3.0,3.0,0.046476815,0.05695469,-0.010477874,7.0,-1.0,1,0
5,cycle40_subj05_prior_low_1sess_150ep,504,38358,0.08353857,0.0967743,171,-0.013235733,14.0,0.0,4.6,4.5,0.021160964,0.04215826,-0.020997297,13.0,-1.0,1,0
5,cycle40_subj05_prior_low_1sess_150ep,505,38483,0.06690194,0.09779452,227,-0.03089258,141.0,0.0,44.5,45.5,0.0375675,0.056835752,-0.019268252,109.0,0.0,0,0
5,cycle40_subj05_prior_low_1sess_150ep,506,38486,0.05899748,0.09275762,718,-0.03376014,171.0,0.0,52.9,55.5,0.012343038,0.057441,-0.045097962,170.0,-1.0,1,0
5,cycle40_subj05_prior_low_1sess_150ep,507,38494,0.05691059,0.09233159,227,-0.035421,291.0,0.0,88.77777777777777,90.0,0.006367136,0.047344245,-0.04097711,290.0,-1.0,1,0
5,cycle40_subj05_prior_low_1sess_150ep,508,38641,0.06555487,0.10191505,78,-0.036360174,161.0,0.0,47.44444444444444,44.0,0.030250862,0.05458033,-0.024329469,146.0,0.0,0,0
5,cycle40_subj05_prior_low_1sess_150ep,509,38794,0.07844005,0.08569116,718,-0.0072511137,11.0,0.0,4.2727272727272725,5.0,0.03215241,0.04130589,-0.009153478,10.0,-1.0,1,0
5,cycle40_subj05_prior_low_1sess_150ep,510,38817,0.07297055,0.09158785,954,-0.018617302,46.0,0.0,14.285714285714286,16.0,0.021690976,0.055852104,-0.034161128,45.0,-1.0,1,0
5,cycle40_subj05_prior_low_1sess_150ep,511,38829,0.076556735,0.09771933,828,-0.021162592,35.0,0.0,12.11111111111111,12.0,0.033519067,0.047965612,-0.014446545,28.0,-0.1111111111111111,0,0
5,cycle40_subj05_prior_low_1sess_150ep,512,38853,0.07427904,0.09380932,171,-0.019530281,63.0,0.0,20.285714285714285,22.0,0.016950816,0.047277827,-0.03032701,62.0,-1.0,1,0
5,cycle40_subj05_prior_low_1sess_150ep,513,38978,0.049819756,0.09142365,266,-0.041603897,444.0,0.0,134.92307692307693,135.0,0.01916894,0.048269253,-0.029100314,436.0,-0.07692307692307693,0,0
5,cycle40_subj05_prior_low_1sess_150ep,514,39047,0.08371657,0.095490046,885,-0.0117734745,7.0,0.16666666666666666,2.5,2.5,0.032777827,0.055998888,-0.02322106,6.0,-0.8333333333333334,1,0
5,cycle40_subj05_prior_low_1sess_150ep,515,39058,0.059731204,0.088894606,227,-0.029163402,232.0,0.0,75.0,75.5,0.023119967,0.04501449,-0.021894522,223.0,0.0,0,0
5,cycle40_subj05_prior_low_1sess_150ep,516,39095,0.07381148,0.09035782,174,-0.016546339,72.0,0.0,22.8,23.0,0.019330189,0.041890714,-0.022560526,71.0,-1.0,1,0
5,cycle40_subj05_prior_low_1sess_150ep,517,39289,0.05634111,0.09284692,171,-0.03650581,338.0,0.0,104.5,104.5,0.036277436,0.042342775,-0.006065339,187.0,0.0,0,0
5,cycle40_subj05_prior_low_1sess_150ep,518,39298,0.07741394,0.09217404,828,-0.014760099,27.0,0.0,9.666666666666666,8.5,0.019484766,0.053937647,-0.03445288,26.0,-1.0,1,0
5,cycle40_subj05_prior_low_1sess_150ep,519,39369,0.07555943,0.09569001,718,-0.020130582,36.0,0.0,12.0,12.0,0.02766132,0.055564806,-0.027903486,35.0,-1.0,1,0
5,cycle40_subj05_prior_low_1sess_150ep,520,39402,0.059795413,0.09015426,171,-0.030358847,154.0,0.0,45.57142857142857,46.0,0.0169583,0.04904127,-0.03208297,153.0,-1.0,1,0
5,cycle40_subj05_prior_low_1sess_150ep,521,39509,0.062016156,0.09283234,171,-0.030816186,223.0,0.0,68.44444444444444,68.0,0.015968602,0.046970714,-0.031002112,222.0,-1.0,1,0
5,cycle40_subj05_prior_low_1sess_150ep,522,39547,0.06115448,0.099718384,227,-0.038563903,251.0,0.0,76.77777777777777,79.0,0.017293002,0.058096446,-0.040803444,250.0,-1.0,1,0
5,cycle40_subj05_prior_low_1sess_150ep,523,39553,0.082519524,0.09934199,227,-0.016822465,31.0,0.0,10.4,10.5,0.02501363,0.053360157,-0.028346527,30.0,-1.0,1,0
5,cycle40_subj05_prior_low_1sess_150ep,524,39841,0.099895224,0.10771931,227,-0.007824086,2.0,1.0,1.0,1.0,0.048088625,0.058107436,-0.010018811,1.0,0.0,1,0
5,cycle40_subj05_prior_low_1sess_150ep,525,39997,0.081441745,0.09932006,227,-0.017878316,27.0,0.0,7.4,8.0,0.032486793,0.05479389,-0.022307098,26.0,-1.0,1,0
5,cycle40_subj05_prior_low_1sess_150ep,526,40153,0.06856971,0.09808435,384,-0.02951464,106.0,0.0,32.18181818181818,31.0,0.014113683,0.04479409,-0.030680407,105.0,-1.0,1,0
5,cycle40_subj05_prior_low_1sess_150ep,527,40235,0.06522969,0.09416733,227,-0.028937638,115.0,0.0,37.875,37.0,0.02947319,0.049842395,-0.020369206,109.0,0.0,0,0
5,cycle40_subj05_prior_low_1sess_150ep,528,40423,0.04464501,0.09234158,171,-0.047696568,636.0,0.0,194.5,194.0,-0.0021811724,0.05233553,-0.054516703,635.0,-1.0,1,0
5,cycle40_subj05_prior_low_1sess_150ep,529,40548,0.05884407,0.0905061,227,-0.03166203,201.0,0.0,62.75,62.5,0.00875634,0.03940277,-0.030646432,199.0,-0.875,0,0
5,cycle40_subj05_prior_low_1sess_150ep,530,40575,0.08361563,0.09305595,227,-0.009440318,5.0,0.1111111111111111,2.2222222222222223,2.0,0.028716557,0.057261083,-0.028544527,4.0,-0.8888888888888888,1,0
5,cycle40_subj05_prior_low_1sess_150ep,531,40721,0.053352732,0.08910014,171,-0.035747405,344.0,0.0,103.0,102.5,0.016779613,0.041321285,-0.024541672,337.0,-0.25,0,0
5,cycle40_subj05_prior_low_1sess_150ep,532,40770,0.074045785,0.08938476,171,-0.015338972,36.0,0.0,11.166666666666666,12.0,0.027238522,0.049586777,-0.022348255,35.0,-1.0,1,0
5,cycle40_subj05_prior_low_1sess_150ep,533,40840,0.058317307,0.0928053,174,-0.034487996,321.0,0.0,99.46153846153847,102.0,0.018380962,0.049963575,-0.031582613,317.0,-0.3076923076923077,0,0
5,cycle40_subj05_prior_low_1sess_150ep,534,40846,0.075380564,0.10498601,171,-0.029605448,56.0,0.0,17.875,17.0,0.019862566,0.060015403,-0.040152837,55.0,-1.0,1,0
5,cycle40_subj05_prior_low_1sess_150ep,535,40909,0.067848615,0.08433263,174,-0.016484015,95.0,0.0,30.53846153846154,30.0,0.019128185,0.04384993,-0.024721745,94.0,-1.0,1,0
5,cycle40_subj05_prior_low_1sess_150ep,536,40920,0.056734234,0.08895546,718,-0.032221228,253.0,0.0,77.6,74.0,0.012179092,0.04625609,-0.034077,252.0,-1.0,1,0
5,cycle40_subj05_prior_low_1sess_150ep,537,40924,0.078759745,0.09639614,718,-0.017636396,44.0,0.0,15.428571428571429,15.0,0.03278588,0.051136028,-0.018350147,43.0,-1.0,1,0
5,cycle40_subj05_prior_low_1sess_150ep,538,40935,0.06507548,0.09538572,227,-0.030310243,129.0,0.0,42.63636363636363,45.0,0.036687322,0.05700223,-0.02031491,112.0,0.0,0,0
5,cycle40_subj05_prior_low_1sess_150ep,539,40979,0.04969779,0.09112989,426,-0.0414321,482.0,0.0,146.75,146.5,0.018656448,0.04336878,-0.024712332,465.0,0.0,0,0
5,cycle40_subj05_prior_low_1sess_150ep,540,41056,0.071806125,0.090257734,227,-0.018451609,34.0,0.0,11.75,11.5,0.023920022,0.04417174,-0.020251717,33.0,-1.0,1,0
5,cycle40_subj05_prior_low_1sess_150ep,541,41097,0.08948508,0.09391648,171,-0.004431404,7.0,0.0,3.3333333333333335,4.0,0.03811028,0.047890276,-0.009779997,6.0,-1.0,1,0
5,cycle40_subj05_prior_low_1sess_150ep,542,41116,0.054966625,0.099525005,718,-0.04455838,326.0,0.0,101.57142857142857,103.0,0.024097921,0.053475145,-0.029377224,307.0,0.0,0,0
5,cycle40_subj05_prior_low_1sess_150ep,543,41137,0.08728838,0.09280257,227,-0.0055141896,6.0,0.4,2.1,2.0,0.03019537,0.05014186,-0.01994649,5.0,-0.6,1,0
5,cycle40_subj05_prior_low_1sess_150ep,544,41162,0.051535614,0.082098514,174,-0.0305629,272.0,0.0,80.75,82.0,0.01687013,0.045488298,-0.028618168,269.0,-0.625,0,0
5,cycle40_subj05_prior_low_1sess_150ep,545,41482,0.07212116,0.09279119,78,-0.020670034,68.0,0.0,22.2,23.0,0.04370917,0.052703064,-0.008993894,58.0,-0.1,0,0
5,cycle40_subj05_prior_low_1sess_150ep,546,41566,0.057183962,0.1036177,718,-0.046433736,278.0,0.0,81.16666666666667,83.0,0.03175625,0.06282049,-0.031064238,238.0,0.0,0,0
5,cycle40_subj05_prior_low_1sess_150ep,547,41574,0.059007205,0.09660711,171,-0.037599906,248.0,0.0,79.5,80.0,0.007454749,0.056564905,-0.049110156,247.0,-1.0,1,0
5,cycle40_subj05_prior_low_1sess_150ep,548,41623,0.048214022,0.08727052,178,-0.0390565,438.0,0.0,134.55555555555554,137.0,0.017382966,0.053431883,-0.03604892,433.0,-0.3333333333333333,0,0
5,cycle40_subj05_prior_low_1sess_150ep,549,41653,0.07099517,0.08918779,70,-0.018192627,81.0,0.0,26.285714285714285,27.0,0.031101868,0.048999853,-0.017897986,79.0,-0.5714285714285714,0,0
5,cycle40_subj05_prior_low_1sess_150ep,550,41710,0.07342316,0.095744215,227,-0.022321053,36.0,0.0,10.833333333333334,10.5,0.030645944,0.051182836,-0.020536892,34.0,-0.6666666666666666,0,0
5,cycle40_subj05_prior_low_1sess_150ep,551,41778,0.054354496,0.105482504,171,-0.051128007,303.0,0.0,90.875,90.0,0.016743056,0.06354603,-0.04680298,299.0,-0.375,0,0
5,cycle40_subj05_prior_low_1sess_150ep,552,41814,0.0637297,0.088794865,174,-0.025065161,84.0,0.0,26.6,26.5,0.0136439465,0.046851713,-0.033207767,83.0,-1.0,1,0
5,cycle40_subj05_prior_low_1sess_150ep,553,41927,0.049697056,0.09344892,227,-0.043751866,536.0,0.0,163.44444444444446,165.0,0.009788211,0.04656953,-0.03678132,529.0,0.0,0,0
5,cycle40_subj05_prior_low_1sess_150ep,554,41934,0.071817614,0.08877663,718,-0.016959019,27.0,0.0,8.2,8.0,0.0145731345,0.05322833,-0.038655195,26.0,-1.0,1,0
5,cycle40_subj05_prior_low_1sess_150ep,555,42007,0.06742086,0.09553314,990,-0.028112277,156.0,0.0,52.1,51.5,0.027842592,0.040616486,-0.012773894,147.0,-0.1,0,0
5,cycle40_subj05_prior_low_1sess_150ep,556,42126,0.08433146,0.09468018,718,-0.010348722,9.0,0.0,3.5714285714285716,3.0,0.022460058,0.039796874,-0.017336816,8.0,-1.0,1,0
5,cycle40_subj05_prior_low_1sess_150ep,557,42166,0.073108055,0.09220764,227,-0.019099586,83.0,0.0,25.142857142857142,24.0,0.018731087,0.041386787,-0.0226557,82.0,-1.0,1,0
5,cycle40_subj05_prior_low_1sess_150ep,558,42171,0.06109714,0.08367339,905,-0.022576246,89.0,0.0,27.818181818181817,29.0,0.006759271,0.049273804,-0.042514533,88.0,-1.0,1,0
5,cycle40_subj05_prior_low_1sess_150ep,559,42214,0.055682894,0.094919704,417,-0.03923681,308.0,0.0,94.3076923076923,96.0,0.0034076907,0.05232805,-0.04892036,307.0,-1.0,1,0
5,cycle40_subj05_prior_low_1sess_150ep,560,42224,0.0673343,0.0967802,227,-0.029445902,131.0,0.0,38.0,39.0,0.020077169,0.05250486,-0.03242769,130.0,-1.0,1,0
5,cycle40_subj05_prior_low_1sess_150ep,561,42238,0.06628872,0.08820694,718,-0.021918222,89.0,0.0,30.857142857142858,29.0,0.02437967,0.04709781,-0.022718139,88.0,-1.0,1,0
5,cycle40_subj05_prior_low_1sess_150ep,562,42299,0.07512825,0.10029102,718,-0.025162771,97.0,0.0,30.0,31.0,0.02257527,0.040580515,-0.018005244,94.0,-0.42857142857142855,0,0
5,cycle40_subj05_prior_low_1sess_150ep,563,42473,0.07685244,0.091459125,718,-0.014606684,37.0,0.0,12.5,13.0,0.032984346,0.04915629,-0.016171943,36.0,-1.0,1,0
5,cycle40_subj05_prior_low_1sess_150ep,564,42563,0.084615685,0.09585589,610,-0.011240207,20.0,0.0,7.0,7.0,0.040930577,0.057681147,-0.01675057,19.0,-1.0,1,0
5,cycle40_subj05_prior_low_1sess_150ep,565,42642,0.06704421,0.095726274,718,-0.02868206,140.0,0.0,44.333333333333336,44.0,0.036152028,0.05374855,-0.017596524,123.0,0.0,0,0
5,cycle40_subj05_prior_low_1sess_150ep,566,42648,0.060449306,0.09642195,171,-0.035972644,238.0,0.0,72.875,74.0,0.03759197,0.049125317,-0.011533344,113.0,0.0,0,0
5,cycle40_subj05_prior_low_1sess_150ep,567,42697,0.08902368,0.09682705,227,-0.007803373,6.0,0.2222222222222222,3.0,3.0,0.04363836,0.05036035,-0.006721992,4.0,-0.33333333333333337,0,0
5,cycle40_subj05_prior_low_1sess_150ep,568,42781,0.052726235,0.09088936,827,-0.03816312,308.0,0.0,96.75,97.5,0.03374222,0.056535967,-0.022793747,262.0,0.0,0,0
5,cycle40_subj05_prior_low_1sess_150ep,569,42851,0.09667457,0.09616369,227,0.00051087886,1.0,1.0,1.0,1.0,0.04677698,0.05103006,-0.0042530783,0.0,0.0,0,0
5,cycle40_subj05_prior_low_1sess_150ep,570,42912,0.07742535,0.09869505,417,-0.021269694,36.0,0.0,13.0,13.0,0.04221894,0.053294428,-0.011075489,32.0,-0.4444444444444444,0,0
5,cycle40_subj05_prior_low_1sess_150ep,571,42946,0.0747139,0.10035322,718,-0.025639318,74.0,0.0,22.0,23.0,0.028594416,0.04639206,-0.017797645,63.0,0.0,0,0
5,cycle40_subj05_prior_low_1sess_150ep,572,42980,0.055917464,0.09277946,718,-0.036861993,225.0,0.0,68.57142857142857,68.0,0.0071437694,0.05647682,-0.04933305,224.0,-1.0,1,0
5,cycle40_subj05_prior_low_1sess_150ep,573,43107,0.07308392,0.08705126,174,-0.013967335,41.0,0.0,13.2,14.0,0.03873697,0.038339116,0.00039785355,35.0,0.0,0,0
5,cycle40_subj05_prior_low_1sess_150ep,574,43156,0.0617775,0.09273329,718,-0.030955788,180.0,0.0,54.0,54.0,0.020548835,0.05566449,-0.035115656,179.0,-1.0,1,0
5,cycle40_subj05_prior_low_1sess_150ep,575,43157,0.08131502,0.09266437,171,-0.01134935,24.0,0.0,7.7,8.0,0.032694865,0.046890978,-0.014196113,23.0,-1.0,1,0
5,cycle40_subj05_prior_low_1sess_150ep,576,43159,0.089780554,0.0957264,227,-0.0059458464,4.0,0.4,1.8,2.0,0.050274093,0.060657028,-0.010382935,3.0,-0.6,1,0
5,cycle40_subj05_prior_low_1sess_150ep,577,43164,0.07510536,0.09618572,227,-0.02108036,43.0,0.0,13.2,12.5,0.0302727,0.057779543,-0.027506843,42.0,-1.0,1,0
5,cycle40_subj05_prior_low_1sess_150ep,578,43224,0.07651939,0.09910829,417,-0.022588901,41.0,0.0,14.166666666666666,14.0,0.037600607,0.058420468,-0.020819861,37.0,-0.3333333333333333,0,0
5,cycle40_subj05_prior_low_1sess_150ep,579,43250,0.053557176,0.088156,889,-0.034598824,320.0,0.0,104.0,107.0,0.01565973,0.038619693,-0.022959962,310.0,0.0,0,0
5,cycle40_subj05_prior_low_1sess_150ep,580,43288,0.06321803,0.08372777,227,-0.020509742,88.0,0.0,28.727272727272727,29.0,0.028804183,0.052341692,-0.02353751,87.0,-1.0,1,0
5,cycle40_subj05_prior_low_1sess_150ep,581,43428,0.059973758,0.08952443,674,-0.029550675,220.0,0.0,62.8,61.0,0.022094298,0.045166377,-0.023072079,215.0,-0.4,0,0
5,cycle40_subj05_prior_low_1sess_150ep,582,43429,0.058893975,0.0867366,227,-0.027842622,197.0,0.0,64.16666666666667,64.5,-0.0020867214,0.04310019,-0.04518691,196.0,-1.0,1,0
5,cycle40_subj05_prior_low_1sess_150ep,583,43445,0.058829263,0.08855576,227,-0.029726498,115.0,0.0,34.125,35.0,0.011870112,0.03980728,-0.027937166,113.0,-0.875,0,0
5,cycle40_subj05_prior_low_1sess_150ep,584,43465,0.07972883,0.09559579,718,-0.015866965,37.0,0.0,13.5,14.5,0.043623883,0.04900116,-0.0053772777,27.0,0.0,0,0
5,cycle40_subj05_prior_low_1sess_150ep,585,43500,0.07553081,0.09425457,718,-0.018723756,28.0,0.0,9.416666666666666,10.0,0.030259725,0.05028649,-0.020026766,27.0,-1.0,1,0
5,cycle40_subj05_prior_low_1sess_150ep,586,43619,0.07613769,0.09937168,718,-0.023233987,44.0,0.0,13.25,14.0,0.027812634,0.055421434,-0.0276088,43.0,-1.0,1,0
5,cycle40_subj05_prior_low_1sess_150ep,587,43675,0.057026926,0.09127144,718,-0.03424451,266.0,0.0,82.71428571428571,85.0,0.010413881,0.04645066,-0.03603678,265.0,-1.0,1,0
5,cycle40_subj05_prior_low_1sess_150ep,588,43689,0.09205834,0.10075445,227,-0.008696109,4.0,0.25,1.9166666666666667,2.0,0.04739717,0.060884953,-0.013487782,3.0,-0.75,1,0
5,cycle40_subj05_prior_low_1sess_150ep,589,43746,0.07698421,0.08956672,171,-0.012582511,45.0,0.0,17.22222222222222,16.0,0.03229961,0.041434783,-0.009135172,39.0,0.0,0,0
5,cycle40_subj05_prior_low_1sess_150ep,590,43818,0.07971753,0.09347565,174,-0.0137581155,6.0,0.13333333333333333,2.533333333333333,2.0,0.018545326,0.060284145,-0.04173882,5.0,-0.8666666666666667,1,0
5,cycle40_subj05_prior_low_1sess_150ep,591,43820,0.08486703,0.09261706,250,-0.007750027,18.0,0.0,6.0,6.0,0.01889985,0.039479423,-0.020579573,17.0,-1.0,1,0
5,cycle40_subj05_prior_low_1sess_150ep,592,43852,0.069230445,0.09399278,171,-0.024762332,87.0,0.0,26.076923076923077,27.0,0.045139905,0.055248648,-0.010108743,63.0,0.0,0,0
5,cycle40_subj05_prior_low_1sess_150ep,593,43950,0.09110877,0.08955235,718,0.0015564188,1.0,1.0,1.0,1.0,0.045284413,0.048070647,-0.002786234,0.0,0.0,0,0
5,cycle40_subj05_prior_low_1sess_150ep,594,43984,0.072167225,0.09487786,227,-0.022710636,49.0,0.0,14.714285714285714,14.0,0.031151958,0.058813773,-0.027661815,48.0,-1.0,1,0
5,cycle40_subj05_prior_low_1sess_150ep,595,44052,0.06484527,0.09109595,178,-0.026250675,130.0,0.0,42.0,40.0,0.0021093115,0.046215467,-0.044106156,129.0,-1.0,1,0
5,cycle40_subj05_prior_low_1sess_150ep,596,44097,0.07263887,0.09617579,171,-0.02353692,77.0,0.0,24.375,24.5,0.026115894,0.047308996,-0.021193102,74.0,-0.25,0,0
5,cycle40_subj05_prior_low_1sess_150ep,597,44107,0.051370528,0.09644981,227,-0.04507928,258.0,0.0,81.125,83.5,0.027935263,0.059763078,-0.031827815,251.0,0.0,0,0
5,cycle40_subj05_prior_low_1sess_150ep,598,44138,0.09093558,0.089206226,227,0.0017293543,1.0,1.0,1.0,1.0,0.04481804,0.039353617,0.0054644234,-2.0,0.30000000000000004,0,1
5,cycle40_subj05_prior_low_1sess_150ep,599,44144,0.058866974,0.08977108,178,-0.030904103,236.0,0.0,75.125,74.5,0.02539118,0.039958432,-0.014567252,216.0,0.0,0,0
5,cycle40_subj05_prior_low_1sess_150ep,600,44184,0.0705782,0.09075832,417,-0.020180121,66.0,0.0,19.77777777777778,21.0,0.046232723,0.054643452,-0.0084107295,16.0,0.0,0,0
5,cycle40_subj05_prior_low_1sess_150ep,601,44324,0.097548336,0.095380045,141,0.0021682903,1.0,1.0,1.0,1.0,0.050529208,0.05713627,-0.006607063,0.0,0.0,0,0
5,cycle40_subj05_prior_low_1sess_150ep,602,44339,0.06778457,0.09319348,947,-0.025408909,85.0,0.0,27.3,26.0,0.02481687,0.05318689,-0.028370019,84.0,-1.0,1,0
5,cycle40_subj05_prior_low_1sess_150ep,603,44369,0.05926342,0.095340565,417,-0.036077145,187.0,0.0,52.875,51.0,0.028536903,0.049815618,-0.021278715,164.0,0.0,0,0
5,cycle40_subj05_prior_low_1sess_150ep,604,44412,0.08873796,0.09807177,718,-0.009333812,9.0,0.14285714285714285,2.857142857142857,3.0,0.047755364,0.058208786,-0.010453422,8.0,-0.8571428571428572,1,0
5,cycle40_subj05_prior_low_1sess_150ep,605,44705,0.05317732,0.09051947,78,-0.037342153,450.0,0.0,139.4,141.0,0.02739726,0.03629151,-0.00889425,363.0,0.0,0,0
5,cycle40_subj05_prior_low_1sess_150ep,606,44720,0.07146876,0.09414883,227,-0.022680067,54.0,0.0,15.75,16.0,0.019159045,0.054422352,-0.035263307,53.0,-1.0,1,0
5,cycle40_subj05_prior_low_1sess_150ep,607,44729,0.077736415,0.094234735,227,-0.01649832,46.0,0.0,16.1,15.5,0.038546287,0.031510152,0.0070361346,35.0,0.0,0,0
5,cycle40_subj05_prior_low_1sess_150ep,608,44736,0.057423316,0.09421342,227,-0.036790103,376.0,0.0,114.0,115.0,0.017712213,0.04843174,-0.030719526,368.0,-0.1,0,0
5,cycle40_subj05_prior_low_1sess_150ep,609,44844,0.08867357,0.1010478,718,-0.01237423,6.0,0.25,2.25,2.0,0.035168048,0.0568488,-0.021680754,5.0,-0.75,1,0
5,cycle40_subj05_prior_low_1sess_150ep,610,44971,0.082820244,0.091130815,227,-0.008310571,17.0,0.0,6.0,6.0,0.068725914,0.041599657,0.027126256,-275.0,0.0,0,0
5,cycle40_subj05_prior_low_1sess_150ep,611,44980,0.061263118,0.08265068,388,-0.021387558,56.0,0.0,16.428571428571427,16.0,0.025204923,0.05433709,-0.02913217,55.0,-1.0,1,0
5,cycle40_subj05_prior_low_1sess_150ep,612,45129,0.086872,0.098423995,227,-0.011551999,10.0,0.0,3.6923076923076925,3.0,0.046415575,0.05508398,-0.008668404,8.0,-0.6153846153846154,0,0
5,cycle40_subj05_prior_low_1sess_150ep,613,45213,0.07363083,0.093960546,718,-0.020329714,59.0,0.0,20.22222222222222,20.0,0.0394453,0.052106768,-0.012661468,54.0,-0.3333333333333333,0,0
5,cycle40_subj05_prior_low_1sess_150ep,614,45356,0.09956129,0.09985552,718,-0.00029423088,2.0,0.8461538461538461,1.1538461538461537,1.0,0.026970811,0.057989523,-0.031018712,1.0,-0.15384615384615385,1,0
5,cycle40_subj05_prior_low_1sess_150ep,615,45595,0.068974845,0.08822929,266,-0.019254446,47.0,0.0,15.636363636363637,16.0,0.051763564,0.059279274,-0.007515708,39.0,-0.18181818181818182,0,0
5,cycle40_subj05_prior_low_1sess_150ep,616,45632,0.0854235,0.09979256,227,-0.014369063,15.0,0.0,4.75,5.0,0.043200318,0.050884902,-0.0076845847,12.0,-0.625,0,0
5,cycle40_subj05_prior_low_1sess_150ep,617,45746,0.042745493,0.091392316,171,-0.048646823,658.0,0.0,196.8,197.0,0.018092142,0.05262867,-0.034536526,616.0,0.0,0,0
5,cycle40_subj05_prior_low_1sess_150ep,618,45750,0.046505943,0.08393214,426,-0.037426196,486.0,0.0,148.42857142857142,145.0,0.024960246,0.045431647,-0.020471402,429.0,0.0,0,0
5,cycle40_subj05_prior_low_1sess_150ep,619,45837,0.054703206,0.088173576,524,-0.03347037,356.0,0.0,109.625,110.5,0.021194771,0.043871447,-0.022676677,345.0,0.0,0,0
5,cycle40_subj05_prior_low_1sess_150ep,620,45843,0.046922427,0.0935472,828,-0.046624776,434.0,0.0,133.66666666666666,135.0,0.016939903,0.051766463,-0.03482656,417.0,0.0,0,0
5,cycle40_subj05_prior_low_1sess_150ep,621,45945,0.06931382,0.09737481,227,-0.028060995,109.0,0.0,34.625,34.5,0.04126414,0.05646184,-0.015197702,75.0,0.0,0,0
5,cycle40_subj05_prior_low_1sess_150ep,622,45981,0.054535657,0.090916775,610,-0.036381118,337.0,0.0,99.88888888888889,97.0,0.019835189,0.04768004,-0.02784485,332.0,-0.1111111111111111,0,0
5,cycle40_subj05_prior_low_1sess_150ep,623,45982,0.07238995,0.09149811,171,-0.019108154,74.0,0.0,23.181818181818183,23.0,0.0374365,0.04503006,-0.007593561,63.0,0.0,0,0
5,cycle40_subj05_prior_low_1sess_150ep,624,45999,0.09211295,0.09429497,171,-0.0021820217,2.0,0.6666666666666666,1.3333333333333333,1.0,0.047071397,0.04787754,-0.00080614164,0.0,-0.33333333333333337,0,0
5,cycle40_subj05_prior_low_1sess_150ep,625,46002,0.07688778,0.09538835,171,-0.018500574,52.0,0.0,15.285714285714286,14.0,0.03900859,0.04708216,-0.008073568,50.0,-0.5714285714285714,0,0
5,cycle40_subj05_prior_low_1sess_150ep,626,46036,0.080734365,0.10049804,2,-0.019763678,15.0,0.0,4.75,5.0,0.02383031,0.043371174,-0.019540865,13.0,-0.625,0,0
5,cycle40_subj05_prior_low_1sess_150ep,627,46101,0.0720029,0.09164319,403,-0.01964029,83.0,0.0,23.0,24.0,0.029147647,0.04505718,-0.015909534,78.0,-0.5714285714285714,0,0
5,cycle40_subj05_prior_low_1sess_150ep,628,46136,0.04092668,0.08823982,163,-0.04731314,545.0,0.0,166.57142857142858,166.0,0.019302767,0.04633938,-0.027036615,509.0,0.0,0,0
5,cycle40_subj05_prior_low_1sess_150ep,629,46150,0.06656368,0.10581378,227,-0.0392501,132.0,0.0,40.875,42.0,0.03072979,0.06402016,-0.033290364,129.0,-0.625,0,0
5,cycle40_subj05_prior_low_1sess_150ep,630,46160,0.09452802,0.101090126,718,-0.0065621063,2.0,0.6666666666666666,1.3333333333333333,1.0,0.035130855,0.054434977,-0.019304123,1.0,-0.33333333333333337,1,0
5,cycle40_subj05_prior_low_1sess_150ep,631,46274,0.073011465,0.09297937,174,-0.019967906,82.0,0.0,28.444444444444443,27.0,0.026793674,0.0448912,-0.018097527,80.0,-0.6666666666666666,0,0
5,cycle40_subj05_prior_low_1sess_150ep,632,46321,0.06774641,0.087617524,403,-0.019871116,49.0,0.0,16.875,15.5,0.01752939,0.04765259,-0.0301232,48.0,-1.0,1,0
5,cycle40_subj05_prior_low_1sess_150ep,633,46372,0.06945379,0.092752874,718,-0.023299083,116.0,0.0,39.111111111111114,39.0,0.031052083,0.043819744,-0.012767661,103.0,0.0,0,0
5,cycle40_subj05_prior_low_1sess_150ep,634,46380,0.071464665,0.100228146,227,-0.02876348,93.0,0.0,28.333333333333332,29.0,0.021896847,0.05264124,-0.030744392,92.0,-1.0,1,0
5,cycle40_subj05_prior_low_1sess_150ep,635,46460,0.071063034,0.101449765,718,-0.030386731,83.0,0.0,28.0,29.0,0.01817083,0.042101108,-0.023930278,81.0,-0.5555555555555556,0,0
5,cycle40_subj05_prior_low_1sess_150ep,636,46462,0.0733757,0.090375096,227,-0.016999394,53.0,0.0,14.444444444444445,14.0,0.020420209,0.04371423,-0.02329402,52.0,-1.0,1,0
5,cycle40_subj05_prior_low_1sess_150ep,637,46480,0.08086704,0.09534197,227,-0.014474936,22.0,0.0,7.75,6.5,0.025976602,0.047765378,-0.021788776,21.0,-1.0,1,0
5,cycle40_subj05_prior_low_1sess_150ep,638,46523,0.08044439,0.09658657,174,-0.016142182,26.0,0.0,8.5,9.0,0.03552265,0.04591627,-0.01039362,23.0,-0.5,0,0
5,cycle40_subj05_prior_low_1sess_150ep,639,46642,0.06327661,0.09023496,171,-0.026958346,169.0,0.0,53.625,53.0,0.0122617595,0.04147292,-0.02921116,168.0,-1.0,1,0
5,cycle40_subj05_prior_low_1sess_150ep,640,46661,0.08128316,0.09792115,227,-0.016637988,18.0,0.0,6.0,6.0,0.047314208,0.05841973,-0.0111055225,13.0,-0.15384615384615385,0,0
5,cycle40_subj05_prior_low_1sess_150ep,641,46806,0.054869093,0.09717949,718,-0.042310394,440.0,0.0,133.42857142857142,133.0,0.015788354,0.042763475,-0.026975121,413.0,0.0,0,0
5,cycle40_subj05_prior_low_1sess_150ep,642,46835,0.04853043,0.085913025,171,-0.037382595,442.0,0.0,135.88888888888889,139.0,0.0076800548,0.0456099,-0.037929844,441.0,-1.0,1,0
5,cycle40_subj05_prior_low_1sess_150ep,643,46861,0.07796861,0.08782669,297,-0.009858079,14.0,0.0,4.166666666666667,4.0,0.028510354,0.054300163,-0.025789808,13.0,-1.0,1,0
5,cycle40_subj05_prior_low_1sess_150ep,644,47033,0.07546992,0.088127285,227,-0.012657367,16.0,0.0,5.076923076923077,5.0,0.042607993,0.03704483,0.0055631623,6.0,-0.07692307692307693,0,0
5,cycle40_subj05_prior_low_1sess_150ep,645,47070,0.0666376,0.08526073,171,-0.018623129,50.0,0.0,17.666666666666668,18.0,0.029571697,0.02876934,0.00080235675,43.0,0.0,0,0
5,cycle40_subj05_prior_low_1sess_150ep,646,47099,0.06741301,0.09889485,947,-0.03148184,93.0,0.0,29.4,30.0,0.025638785,0.06033078,-0.034691993,92.0,-1.0,1,0
5,cycle40_subj05_prior_low_1sess_150ep,647,47200,0.0779687,0.088312425,718,-0.010343723,36.0,0.0,10.625,10.5,0.03141382,0.03880169,-0.007387869,34.0,-0.75,0,0
5,cycle40_subj05_prior_low_1sess_150ep,648,47290,0.072152056,0.09880293,718,-0.026650876,70.0,0.0,21.375,22.0,0.034572747,0.055785246,-0.0212125,60.0,0.0,0,0
5,cycle40_subj05_prior_low_1sess_150ep,649,47293,0.073407985,0.09385632,2,-0.020448335,64.0,0.0,19.333333333333332,20.0,0.037025962,0.046180822,-0.00915486,49.0,0.0,0,0
5,cycle40_subj05_prior_low_1sess_150ep,650,47321,0.055126194,0.101520434,227,-0.04639424,325.0,0.0,100.14285714285714,100.0,0.021766406,0.057658806,-0.0358924,314.0,0.0,0,0
5,cycle40_subj05_prior_low_1sess_150ep,651,47408,0.07358604,0.09695091,227,-0.023364872,42.0,0.0,13.0,13.0,0.03212579,0.05414343,-0.02201764,40.0,-0.6666666666666666,0,0
5,cycle40_subj05_prior_low_1sess_150ep,652,47598,0.06711776,0.08983094,227,-0.022713184,128.0,0.0,38.63636363636363,38.0,0.015274707,0.04754763,-0.032272924,127.0,-1.0,1,0
5,cycle40_subj05_prior_low_1sess_150ep,653,47600,0.071200244,0.096144624,947,-0.02494438,78.0,0.0,26.142857142857142,28.0,0.03263844,0.050115142,-0.0174767,73.0,-0.2857142857142857,0,0
5,cycle40_subj05_prior_low_1sess_150ep,654,47614,0.049578216,0.08995686,171,-0.04037864,449.0,0.0,139.0,137.0,0.025847828,0.0493921,-0.023544272,408.0,0.0,0,0
5,cycle40_subj05_prior_low_1sess_150ep,655,47656,0.060790915,0.09116444,403,-0.030373525,255.0,0.0,82.7,83.0,0.013492454,0.037207473,-0.02371502,252.0,-0.6,0,0
5,cycle40_subj05_prior_low_1sess_150ep,656,47687,0.07336075,0.0964429,227,-0.023082152,62.0,0.0,19.2,18.5,0.030454416,0.056284513,-0.025830097,61.0,-1.0,1,0
5,cycle40_subj05_prior_low_1sess_150ep,657,48157,0.048187163,0.09663787,417,-0.048450705,468.0,0.0,147.83333333333334,149.0,0.02149575,0.052177504,-0.030681754,430.0,0.0,0,0
5,cycle40_subj05_prior_low_1sess_150ep,658,48260,0.07620141,0.09087308,718,-0.014671668,53.0,0.0,16.571428571428573,16.0,0.035199247,0.04177413,-0.006574884,51.0,-0.8571428571428571,0,0
5,cycle40_subj05_prior_low_1sess_150ep,659,48374,0.056739036,0.08669603,227,-0.029956993,214.0,0.0,67.55555555555556,66.0,0.025158975,0.04232309,-0.017164115,203.0,0.0,0,0
5,cycle40_subj05_prior_low_1sess_150ep,660,48379,0.06005968,0.09523589,78,-0.03517621,215.0,0.0,67.66666666666667,65.5,0.022595312,0.05339652,-0.030801207,211.0,-0.16666666666666666,0,0
5,cycle40_subj05_prior_low_1sess_150ep,661,48393,0.07280952,0.08834623,417,-0.015536711,25.0,0.0,7.6,6.0,0.020309858,0.042786006,-0.022476148,24.0,-1.0,1,0
5,cycle40_subj05_prior_low_1sess_150ep,662,48422,0.077040546,0.09752057,227,-0.020480022,33.0,0.0,12.153846153846153,12.0,0.035532504,0.061440904,-0.0259084,32.0,-1.0,1,0
5,cycle40_subj05_prior_low_1sess_150ep,663,48508,0.075547084,0.0888008,174,-0.013253719,38.0,0.0,11.9,12.0,0.040991325,0.043012876,-0.0020215511,34.0,-0.4,0,0
5,cycle40_subj05_prior_low_1sess_150ep,664,48530,0.05539388,0.0985169,227,-0.043123018,379.0,0.0,113.3,115.0,0.01750854,0.04839534,-0.0308868,370.0,-0.1,0,0
5,cycle40_subj05_prior_low_1sess_150ep,665,48617,0.06711315,0.094306864,171,-0.02719371,140.0,0.0,46.6,46.0,0.027659155,0.049446158,-0.021787003,132.0,0.0,0,0
5,cycle40_subj05_prior_low_1sess_150ep,666,48618,0.06982942,0.092367426,227,-0.022538006,113.0,0.0,33.833333333333336,34.5,0.029735487,0.049582787,-0.0198473,111.0,-1.0,0,0
5,cycle40_subj05_prior_low_1sess_150ep,667,48622,0.0717693,0.09619342,78,-0.02442412,91.0,0.0,28.454545454545453,28.0,0.03452125,0.04756197,-0.013040721,83.0,-0.09090909090909091,0,0
5,cycle40_subj05_prior_low_1sess_150ep,668,48679,0.07204018,0.100039504,227,-0.027999327,57.0,0.0,19.5,19.0,0.04563147,0.053878292,-0.008246824,25.0,0.0,0,0
5,cycle40_subj05_prior_low_1sess_150ep,669,48681,0.06437297,0.09180081,78,-0.027427837,108.0,0.0,37.333333333333336,38.5,0.036572583,0.04897585,-0.01240327,89.0,0.0,0,0
5,cycle40_subj05_prior_low_1sess_150ep,670,48802,0.08154019,0.09354186,718,-0.012001671,27.0,0.0,10.333333333333334,11.0,0.030372627,0.05225412,-0.021881495,26.0,-1.0,1,0
5,cycle40_subj05_prior_low_1sess_150ep,671,48832,0.048939914,0.09742525,171,-0.04848534,611.0,0.0,187.66666666666666,186.0,0.0050808378,0.048639808,-0.04355897,606.0,0.0,0,0
5,cycle40_subj05_prior_low_1sess_150ep,672,48839,0.0671067,0.098737106,187,-0.031630404,165.0,0.0,52.875,53.0,0.022804935,0.040385023,-0.017580088,154.0,0.0,0,0
5,cycle40_subj05_prior_low_1sess_150ep,673,49076,0.05822875,0.09381251,78,-0.03558376,214.0,0.0,65.875,69.5,0.026676059,0.051309776,-0.024633717,199.0,0.0,0,0
5,cycle40_subj05_prior_low_1sess_150ep,674,49152,0.09332774,0.09062853,174,0.0026992112,1.0,1.0,1.0,1.0,0.04972567,0.047895074,0.0018305965,0.0,0.0,0,0
5,cycle40_subj05_prior_low_1sess_150ep,675,49156,0.033875883,0.095634095,171,-0.061758213,834.0,0.0,251.1,251.0,0.009459708,0.05514295,-0.045683242,793.0,0.0,0,0
5,cycle40_subj05_prior_low_1sess_150ep,676,49234,0.062400576,0.10191538,718,-0.039514806,260.0,0.0,82.91666666666667,83.0,0.027000804,0.052449457,-0.025448654,238.0,0.0,0,0
5,cycle40_subj05_prior_low_1sess_150ep,677,49466,0.07111675,0.09142565,174,-0.020308897,58.0,0.0,18.75,17.5,0.025751438,0.04881946,-0.023068022,57.0,-1.0,1,0
5,cycle40_subj05_prior_low_1sess_150ep,678,49480,0.06605813,0.08331313,227,-0.017255,58.0,0.0,18.76923076923077,18.0,0.030171584,0.039043203,-0.008871619,54.0,-0.38461538461538464,0,0
5,cycle40_subj05_prior_low_1sess_150ep,679,49622,0.07330236,0.09290967,718,-0.019607313,28.0,0.0,9.357142857142858,10.0,0.018629748,0.057674546,-0.039044797,27.0,-1.0,1,0
5,cycle40_subj05_prior_low_1sess_150ep,680,49731,0.09218701,0.09294595,171,-0.0007589385,2.0,0.8888888888888888,1.1111111111111112,1.0,0.044042513,0.055513434,-0.011470921,1.0,-0.11111111111111116,1,0
5,cycle40_subj05_prior_low_1sess_150ep,681,49923,0.073988646,0.09519182,171,-0.021203175,41.0,0.0,12.25,12.0,0.023617111,0.04761659,-0.023999479,40.0,-1.0,1,0
5,cycle40_subj05_prior_low_1sess_150ep,682,49944,0.06425849,0.09481172,227,-0.03055323,181.0,0.0,58.0,59.0,0.016624875,0.050252683,-0.033627808,180.0,-1.0,1,0
5,cycle40_subj05_prior_low_1sess_150ep,683,49955,0.057137273,0.08649029,885,-0.029353015,231.0,0.0,68.33333333333333,67.5,0.024752442,0.052190315,-0.027437873,229.0,-1.0,0,0
5,cycle40_subj05_prior_low_1sess_150ep,684,49957,0.0657872,0.09485857,417,-0.029071368,101.0,0.0,32.125,32.5,0.022328593,0.05110475,-0.028776158,99.0,-1.0,0,0
5,cycle40_subj05_prior_low_1sess_150ep,685,49969,0.04917786,0.08237713,171,-0.03319927,364.0,0.0,110.84615384615384,111.0,0.0128314905,0.042285603,-0.029454112,362.0,-0.7692307692307693,0,0
5,cycle40_subj05_prior_low_1sess_150ep,686,49979,0.056175336,0.09332658,163,-0.037151247,272.0,0.0,79.71428571428571,80.0,0.013410792,0.049849533,-0.03643874,270.0,-0.42857142857142855,0,0
5,cycle40_subj05_prior_low_1sess_150ep,687,50026,0.084578134,0.100775115,227,-0.016196981,16.0,0.0,6.142857142857143,7.0,0.0437391,0.054743104,-0.011004005,14.0,-0.7142857142857143,0,0
5,cycle40_subj05_prior_low_1sess_150ep,688,50114,0.089925915,0.09595003,718,-0.006024115,5.0,0.2,2.3,2.0,0.053433035,0.05574102,-0.002307985,0.0,0.0,0,0
5,cycle40_subj05_prior_low_1sess_150ep,689,50170,0.0722121,0.09099186,905,-0.018779762,52.0,0.0,16.25,16.5,0.030891158,0.041940294,-0.0110491365,49.0,-0.4166666666666667,0,0
5,cycle40_subj05_prior_low_1sess_150ep,690,50500,0.07699265,0.09346607,718,-0.01647342,29.0,0.0,8.555555555555555,8.0,0.04250799,0.05345882,-0.01095083,14.0,0.0,0,0
5,cycle40_subj05_prior_low_1sess_150ep,691,50653,0.07170134,0.088390484,78,-0.016689144,41.0,0.0,13.875,16.0,0.025666054,0.048444424,-0.02277837,40.0,-1.0,1,0
5,cycle40_subj05_prior_low_1sess_150ep,692,50734,0.07706109,0.09858499,828,-0.0215239,30.0,0.0,10.444444444444445,10.0,0.031364158,0.043366604,-0.012002446,28.0,-0.8888888888888888,0,0
5,cycle40_subj05_prior_low_1sess_150ep,693,50755,0.08723965,0.09467714,718,-0.00743749,7.0,0.0,3.0,2.5,0.047388624,0.058615543,-0.011226919,6.0,-1.0,1,0
5,cycle40_subj05_prior_low_1sess_150ep,694,50811,0.08687097,0.09543417,718,-0.008563198,7.0,0.0,2.7777777777777777,3.0,0.03411266,0.05381503,-0.019702371,6.0,-1.0,1,0
5,cycle40_subj05_prior_low_1sess_150ep,695,50882,0.08477306,0.09021457,227,-0.005441509,14.0,0.0,4.7,5.0,0.030094035,0.039271273,-0.009177238,13.0,-1.0,1,0
5,cycle40_subj05_prior_low_1sess_150ep,696,51051,0.06003687,0.09608784,78,-0.03605097,208.0,0.0,66.5,64.5,0.01811837,0.04353452,-0.02541615,205.0,-0.625,0,0
5,cycle40_subj05_prior_low_1sess_150ep,697,51052,0.07017681,0.09144167,718,-0.021264859,78.0,0.0,23.875,23.5,0.03194792,0.04808887,-0.016140953,75.0,-0.25,0,0
5,cycle40_subj05_prior_low_1sess_150ep,698,51062,0.074136786,0.09675645,718,-0.022619665,51.0,0.0,14.571428571428571,17.0,0.019226998,0.054267615,-0.035040617,50.0,-1.0,1,0
5,cycle40_subj05_prior_low_1sess_150ep,699,51077,0.07119168,0.09463987,178,-0.023448184,63.0,0.0,20.53846153846154,21.0,0.003466539,0.05213531,-0.048668772,62.0,-1.0,1,0
5,cycle40_subj05_prior_low_1sess_150ep,700,51148,0.060194753,0.09449721,227,-0.03430246,228.0,0.0,71.85714285714286,73.0,0.011662371,0.043715734,-0.032053363,226.0,-0.5714285714285714,0,0
5,cycle40_subj05_prior_low_1sess_150ep,701,51171,0.069461934,0.08936333,299,-0.019901395,61.0,0.0,18.875,18.0,0.022895314,0.045297172,-0.022401858,60.0,-1.0,1,0
5,cycle40_subj05_prior_low_1sess_150ep,702,51185,0.06608931,0.09550245,78,-0.029413141,103.0,0.0,35.285714285714285,34.0,0.022276338,0.051964257,-0.029687919,102.0,-1.0,1,0
5,cycle40_subj05_prior_low_1sess_150ep,703,51521,0.059896998,0.091843195,171,-0.031946197,210.0,0.0,67.0,65.0,0.020953521,0.04791342,-0.0269599,208.0,-0.6,0,0
5,cycle40_subj05_prior_low_1sess_150ep,704,51745,0.0681608,0.10122846,266,-0.03306766,161.0,0.0,54.0,55.0,0.021300416,0.04628313,-0.024982713,157.0,-0.2222222222222222,0,0
5,cycle40_subj05_prior_low_1sess_150ep,705,51788,0.03886132,0.089568295,171,-0.050706975,741.0,0.0,226.23076923076923,226.0,0.008928165,0.04277728,-0.033849116,716.0,0.0,0,0
5,cycle40_subj05_prior_low_1sess_150ep,706,51843,0.09004284,0.09724468,227,-0.007201843,6.0,0.2222222222222222,2.6666666666666665,3.0,0.032810003,0.049204394,-0.016394392,5.0,-0.7777777777777778,1,0
5,cycle40_subj05_prior_low_1sess_150ep,707,51907,0.06851797,0.090102665,718,-0.021584697,108.0,0.0,32.25,32.0,0.036416635,0.050118603,-0.013701968,98.0,0.0,0,0
5,cycle40_subj05_prior_low_1sess_150ep,708,51928,0.04425932,0.1041719,227,-0.05991258,547.0,0.0,162.0,162.0,0.010385796,0.056466863,-0.046081066,541.0,-0.2222222222222222,0,0
5,cycle40_subj05_prior_low_1sess_150ep,709,51965,0.069983415,0.09487903,171,-0.024895616,98.0,0.0,32.5,33.5,0.014540158,0.046683807,-0.03214365,97.0,-1.0,1,0
5,cycle40_subj05_prior_low_1sess_150ep,710,51983,0.05556306,0.0972155,384,-0.041652445,297.0,0.0,88.54545454545455,88.0,0.023290947,0.04163042,-0.018339474,265.0,0.0,0,0
5,cycle40_subj05_prior_low_1sess_150ep,711,51988,0.02799035,0.0783406,947,-0.05035025,851.0,0.0,255.22222222222223,255.0,0.01579889,0.039839387,-0.024040502,711.0,0.0,0,0
5,cycle40_subj05_prior_low_1sess_150ep,712,52070,0.07612322,0.09362471,227,-0.017501488,55.0,0.0,18.4,18.0,0.03221946,0.049972396,-0.017752938,54.0,-1.0,1,0
5,cycle40_subj05_prior_low_1sess_150ep,713,52216,0.062026393,0.095926546,227,-0.033900153,125.0,0.0,39.27272727272727,40.0,0.009691287,0.046779945,-0.03708866,124.0,-1.0,1,0
5,cycle40_subj05_prior_low_1sess_150ep,714,52302,0.08508843,0.09829225,171,-0.013203815,13.0,0.0,4.666666666666667,5.0,0.02942466,0.04805962,-0.01863496,12.0,-1.0,1,0
5,cycle40_subj05_prior_low_1sess_150ep,715,52328,0.06942672,0.08907733,227,-0.019650608,69.0,0.0,24.125,25.0,0.022826448,0.037020076,-0.014193628,66.0,-0.5,0,0
5,cycle40_subj05_prior_low_1sess_150ep,716,52375,0.041020233,0.09419422,718,-0.053173985,663.0,0.0,201.4,204.0,0.0030754805,0.055291887,-0.052216407,660.0,-0.5,0,0
5,cycle40_subj05_prior_low_1sess_150ep,717,52394,0.085131995,0.090466544,598,-0.0053345487,5.0,0.0,3.0,3.0,0.028537784,0.038405053,-0.00986727,4.0,-1.0,1,0
5,cycle40_subj05_prior_low_1sess_150ep,718,52527,0.108066365,0.100139566,417,0.007926799,1.0,1.0,1.0,1.0,0.058928452,0.052751835,0.006176617,0.0,0.0,0,0
5,cycle40_subj05_prior_low_1sess_150ep,719,52554,0.06428069,0.08909569,171,-0.024815,115.0,0.0,38.0,37.5,0.012947667,0.04271087,-0.029763203,114.0,-1.0,1,0
5,cycle40_subj05_prior_low_1sess_150ep,720,52596,0.06232501,0.08831016,569,-0.025985152,126.0,0.0,41.4,41.0,0.006640371,0.04339001,-0.03674964,125.0,-1.0,1,0
5,cycle40_subj05_prior_low_1sess_150ep,721,52598,0.08155668,0.09020345,417,-0.008646771,8.0,0.16666666666666666,2.9166666666666665,3.0,0.035422552,0.049317624,-0.013895072,7.0,-0.8333333333333334,1,0
5,cycle40_subj05_prior_low_1sess_150ep,722,52652,0.060559373,0.09644302,417,-0.035883646,201.0,0.0,63.666666666666664,65.0,0.027454741,0.053791743,-0.026337001,197.0,-0.3333333333333333,0,0
5,cycle40_subj05_prior_low_1sess_150ep,723,52892,0.06170467,0.08862864,227,-0.026923973,186.0,0.0,55.5,55.5,0.028834019,0.05209591,-0.02326189,180.0,-0.25,0,0
5,cycle40_subj05_prior_low_1sess_150ep,724,52931,0.05442243,0.0853359,297,-0.030913472,318.0,0.0,97.625,96.0,0.022780456,0.034487102,-0.0117066465,311.0,0.0,0,0
5,cycle40_subj05_prior_low_1sess_150ep,725,52990,0.062188387,0.09401796,718,-0.031829573,201.0,0.0,61.57142857142857,60.0,0.031361535,0.049830202,-0.018468669,176.0,0.0,0,0
5,cycle40_subj05_prior_low_1sess_150ep,726,53052,0.048003696,0.081468046,297,-0.03346435,224.0,0.0,69.83333333333333,72.5,0.03525908,0.048889935,-0.013630856,206.0,0.0,0,0
5,cycle40_subj05_prior_low_1sess_150ep,727,53070,0.071214825,0.097644486,171,-0.02642966,58.0,0.0,17.857142857142858,18.0,0.037793692,0.05532987,-0.017536178,48.0,-0.14285714285714285,0,0
5,cycle40_subj05_prior_low_1sess_150ep,728,53152,0.049799006,0.09099237,718,-0.041193362,367.0,0.0,112.81818181818181,112.0,0.014204059,0.048462342,-0.034258284,359.0,-0.09090909090909091,0,0
5,cycle40_subj05_prior_low_1sess_150ep,729,53155,0.07412794,0.09491407,171,-0.020786129,40.0,0.0,14.125,14.5,0.01830772,0.047795862,-0.029488143,39.0,-1.0,1,0
5,cycle40_subj05_prior_low_1sess_150ep,730,53157,0.09228185,0.10758373,227,-0.015301883,6.0,0.2222222222222222,2.7777777777777777,3.0,0.05049468,0.05819548,-0.007700801,1.0,0.0,0,0
5,cycle40_subj05_prior_low_1sess_150ep,731,53270,0.08120491,0.0952637,163,-0.014058784,19.0,0.0,6.454545454545454,6.0,0.033474345,0.05158594,-0.018111594,18.0,-1.0,1,0
5,cycle40_subj05_prior_low_1sess_150ep,732,53370,0.037552718,0.085535355,174,-0.047982637,641.0,0.0,192.28571428571428,192.0,0.019030072,0.043137137,-0.024107065,575.0,0.0,0,0
5,cycle40_subj05_prior_low_1sess_150ep,733,53489,0.04134855,0.0943644,171,-0.053015847,707.0,0.0,211.16666666666666,214.0,0.027800597,0.05740262,-0.029602021,477.0,0.0,0,0
5,cycle40_subj05_prior_low_1sess_150ep,734,53511,0.053203013,0.09538531,417,-0.0421823,304.0,0.0,93.3,92.0,0.01940358,0.054139275,-0.034735695,293.0,0.0,0,0
5,cycle40_subj05_prior_low_1sess_150ep,735,53570,0.048471548,0.08969309,770,-0.041221544,545.0,0.0,164.0,163.5,0.000563208,0.040854,-0.04029079,543.0,-0.5,0,0
5,cycle40_subj05_prior_low_1sess_150ep,736,53727,0.07360974,0.09596947,227,-0.022359729,53.0,0.0,15.5,15.5,0.03661668,0.052724782,-0.016108103,50.0,-0.6666666666666666,0,0
5,cycle40_subj05_prior_low_1sess_150ep,737,53728,0.087116495,0.09106885,178,-0.003952354,2.0,1.0,1.0,1.0,0.041122325,0.06444878,-0.023326455,1.0,0.0,1,0
5,cycle40_subj05_prior_low_1sess_150ep,738,53773,0.07972398,0.096173115,78,-0.016449139,25.0,0.0,8.875,9.0,0.046650756,0.050476395,-0.0038256384,15.0,-0.125,0,0
5,cycle40_subj05_prior_low_1sess_150ep,739,53858,0.061269805,0.092884034,417,-0.03161423,181.0,0.0,57.0,57.0,0.01508883,0.048795838,-0.033707008,180.0,-1.0,1,0
5,cycle40_subj05_prior_low_1sess_150ep,740,53881,0.07521808,0.08992412,174,-0.014706038,56.0,0.0,17.636363636363637,17.0,0.0315582,0.04691364,-0.015355438,55.0,-1.0,1,0
5,cycle40_subj05_prior_low_1sess_150ep,741,53891,0.055344686,0.09927084,227,-0.043926157,275.0,0.0,84.71428571428571,83.0,0.045805216,0.06893191,-0.023126693,176.0,0.0,0,0
5,cycle40_subj05_prior_low_1sess_150ep,742,54078,0.038996004,0.09163788,417,-0.052641876,639.0,0.0,190.11111111111111,192.0,0.016418573,0.053510126,-0.037091553,602.0,0.0,0,0
5,cycle40_subj05_prior_low_1sess_150ep,743,54147,0.08922863,0.09183997,227,-0.002611339,3.0,0.3333333333333333,1.7777777777777777,2.0,0.03761736,0.055889312,-0.018271953,2.0,-0.6666666666666667,1,0
5,cycle40_subj05_prior_low_1sess_150ep,744,54257,0.05180025,0.09834862,227,-0.046548367,395.0,0.0,122.4,122.5,0.020895677,0.05189611,-0.031000433,378.0,0.0,0,0
5,cycle40_subj05_prior_low_1sess_150ep,745,54361,0.061102305,0.08625949,227,-0.025157187,112.0,0.0,34.54545454545455,36.0,0.012387138,0.05006863,-0.037681494,111.0,-1.0,1,0
5,cycle40_subj05_prior_low_1sess_150ep,746,54389,0.07867512,0.09039282,821,-0.0117176995,48.0,0.0,17.375,17.0,0.043046255,0.042918023,0.00012823194,32.0,0.0,0,0
5,cycle40_subj05_prior_low_1sess_150ep,747,54643,0.06731363,0.08896669,610,-0.021653064,90.0,0.0,30.25,31.5,0.027603947,0.042007823,-0.014403876,86.0,-0.5,0,0
5,cycle40_subj05_prior_low_1sess_150ep,748,54683,0.06233569,0.08921755,718,-0.026881862,181.0,0.0,56.125,54.5,0.020381518,0.03982924,-0.019447722,178.0,-0.75,0,0
5,cycle40_subj05_prior_low_1sess_150ep,749,54698,0.06725797,0.09770988,384,-0.030451909,104.0,0.0,30.77777777777778,31.0,0.018524844,0.050803747,-0.032278903,103.0,-1.0,1,0
5,cycle40_subj05_prior_low_1sess_150ep,750,54743,0.08156009,0.093463786,171,-0.011903696,14.0,0.0,4.857142857142857,5.0,0.023053795,0.045002617,-0.021948822,13.0,-1.0,1,0
5,cycle40_subj05_prior_low_1sess_150ep,751,54812,0.067100585,0.09005766,227,-0.02295708,82.0,0.0,25.818181818181817,27.0,0.031135723,0.05182182,-0.020686097,77.0,-0.09090909090909091,0,0
5,cycle40_subj05_prior_low_1sess_150ep,752,54824,0.04239067,0.08355367,718,-0.041163,595.0,0.0,182.0,182.0,-0.004311044,0.04076736,-0.045078404,594.0,-1.0,1,0
5,cycle40_subj05_prior_low_1sess_150ep,753,54913,0.06531213,0.08931638,760,-0.02400425,107.0,0.0,34.18181818181818,34.0,0.025688555,0.0507402,-0.025051646,106.0,-1.0,1,0
5,cycle40_subj05_prior_low_1sess_150ep,754,54959,0.06867568,0.08731432,171,-0.01863864,95.0,0.0,31.375,31.0,0.030669961,0.042467777,-0.011797816,88.0,0.0,0,0
5,cycle40_subj05_prior_low_1sess_150ep,755,55005,0.061221216,0.09216789,828,-0.030946676,204.0,0.0,63.0,66.0,0.0214083,0.045751467,-0.024343167,197.0,0.0,0,0
5,cycle40_subj05_prior_low_1sess_150ep,756,55107,0.050071303,0.087608196,718,-0.037536893,396.0,0.0,119.33333333333333,121.5,0.011948377,0.040621106,-0.028672729,390.0,-0.16666666666666666,0,0
5,cycle40_subj05_prior_low_1sess_150ep,757,55163,0.05582571,0.093419254,78,-0.037593544,301.0,0.0,92.0909090909091,93.0,0.011061497,0.039127648,-0.02806615,298.0,-0.6363636363636364,0,0
5,cycle40_subj05_prior_low_1sess_150ep,758,55405,0.0506532,0.08666759,227,-0.03601439,271.0,0.0,79.33333333333333,78.0,0.016470503,0.046076577,-0.029606074,267.0,-0.4444444444444444,0,0
5,cycle40_subj05_prior_low_1sess_150ep,759,55408,0.060171742,0.091352485,610,-0.031180743,261.0,0.0,82.66666666666667,83.0,0.020950478,0.040640697,-0.01969022,251.0,0.0,0,0
5,cycle40_subj05_prior_low_1sess_150ep,760,55526,0.09151193,0.09365123,718,-0.0021393,2.0,1.0,1.0,1.0,0.045273677,0.05048398,-0.005210303,1.0,0.0,1,0
5,cycle40_subj05_prior_low_1sess_150ep,761,55649,0.078372054,0.08722862,680,-0.008856565,16.0,0.0,5.75,5.5,0.020414628,0.036298774,-0.015884146,15.0,-1.0,1,0
5,cycle40_subj05_prior_low_1sess_150ep,762,55669,0.062700376,0.093638256,718,-0.03093788,181.0,0.0,56.9,56.0,0.02908723,0.05359121,-0.02450398,176.0,-0.4,0,0
5,cycle40_subj05_prior_low_1sess_150ep,763,55678,0.072908744,0.1016443,227,-0.028735556,92.0,0.0,27.5,27.5,0.02837615,0.050667014,-0.022290863,89.0,-0.5,0,0
5,cycle40_subj05_prior_low_1sess_150ep,764,55680,0.067946844,0.0932831,403,-0.025336258,76.0,0.0,26.857142857142858,26.0,0.018446434,0.04075061,-0.022304177,74.0,-0.7142857142857143,0,0
5,cycle40_subj05_prior_low_1sess_150ep,765,55857,0.083895095,0.09551048,718,-0.011615388,6.0,0.1111111111111111,2.4444444444444446,2.0,0.024967104,0.050547987,-0.025580883,5.0,-0.8888888888888888,1,0
5,cycle40_subj05_prior_low_1sess_150ep,766,55933,0.068046026,0.097368486,227,-0.02932246,136.0,0.0,42.166666666666664,43.0,0.027980514,0.05702557,-0.029045057,134.0,-0.75,0,0
5,cycle40_subj05_prior_low_1sess_150ep,767,55968,0.07046258,0.09837955,718,-0.027916975,99.0,0.0,31.0,32.0,0.019913308,0.041715406,-0.021802098,97.0,-0.5454545454545454,0,0
5,cycle40_subj05_prior_low_1sess_150ep,768,55969,0.0552494,0.084976174,827,-0.029726774,168.0,0.0,53.0,53.0,0.025358971,0.040540934,-0.015181962,160.0,-0.2,0,0
5,cycle40_subj05_prior_low_1sess_150ep,769,56042,0.081668116,0.092963904,171,-0.011295788,12.0,0.0,4.0,4.0,0.035380803,0.058572855,-0.023192052,11.0,-1.0,1,0
5,cycle40_subj05_prior_low_1sess_150ep,770,56066,0.0943946,0.09197213,954,0.0024224743,1.0,1.0,1.0,1.0,0.045917284,0.051756907,-0.0058396235,0.0,0.0,0,0
5,cycle40_subj05_prior_low_1sess_150ep,771,56126,0.042560067,0.0987624,227,-0.056202333,650.0,0.0,196.1,197.0,0.026017355,0.051043946,-0.025026591,498.0,0.0,0,0
5,cycle40_subj05_prior_low_1sess_150ep,772,56154,0.08570288,0.09486742,227,-0.009164542,7.0,0.25,2.0,2.0,0.037109118,0.048694376,-0.011585258,6.0,-0.75,1,0
5,cycle40_subj05_prior_low_1sess_150ep,773,56269,0.08364671,0.100417845,227,-0.016771138,13.0,0.0,5.5,5.0,0.039597623,0.06414227,-0.024544653,12.0,-1.0,1,0
5,cycle40_subj05_prior_low_1sess_150ep,774,56290,0.05662873,0.09149539,718,-0.034866657,313.0,0.0,96.375,98.0,0.0057550743,0.037681594,-0.03192652,311.0,-0.5,0,0
5,cycle40_subj05_prior_low_1sess_150ep,775,56314,0.049123418,0.0933048,403,-0.04418138,523.0,0.0,162.57142857142858,162.0,0.025763402,0.045825966,-0.020062564,428.0,0.0,0,0
5,cycle40_subj05_prior_low_1sess_150ep,776,56418,0.07447231,0.09641707,227,-0.021944761,38.0,0.0,10.571428571428571,11.0,0.037579536,0.0625662,-0.024986662,37.0,-1.0,1,0
5,cycle40_subj05_prior_low_1sess_150ep,777,56454,0.08110372,0.093081854,266,-0.0119781345,19.0,0.0,6.2,6.5,0.03355204,0.048819203,-0.0152671635,18.0,-1.0,1,0
5,cycle40_subj05_prior_low_1sess_150ep,778,56471,0.061972078,0.08791419,171,-0.025942113,184.0,0.0,58.8,59.0,0.012133695,0.039897468,-0.027763773,183.0,-1.0,1,0
5,cycle40_subj05_prior_low_1sess_150ep,779,56670,0.08050326,0.09259577,227,-0.012092508,18.0,0.0,6.230769230769231,6.0,0.045781147,0.048170865,-0.0023897178,14.0,-0.38461538461538464,0,0
5,cycle40_subj05_prior_low_1sess_150ep,780,56681,0.056293048,0.086756565,178,-0.030463517,181.0,0.0,56.875,57.0,0.026836287,0.05261772,-0.025781434,176.0,-0.375,0,0
5,cycle40_subj05_prior_low_1sess_150ep,781,56695,0.06761009,0.090976894,174,-0.023366801,106.0,0.0,36.5,37.5,0.021344345,0.04265917,-0.021314826,104.0,-0.75,0,0
5,cycle40_subj05_prior_low_1sess_150ep,782,56723,0.044457976,0.095631234,718,-0.05117326,677.0,0.0,202.625,204.0,0.00562137,0.04249709,-0.03687572,664.0,0.0,0,0
5,cycle40_subj05_prior_low_1sess_150ep,783,56751,0.055903286,0.09611936,78,-0.040216073,336.0,0.0,108.36363636363636,108.0,0.022152677,0.04384762,-0.021694943,308.0,0.0,0,0
5,cycle40_subj05_prior_low_1sess_150ep,784,56782,0.07648017,0.08857407,718,-0.012093894,30.0,0.0,10.615384615384615,11.0,0.039642893,0.043726776,-0.004083883,25.0,-0.23076923076923078,0,0
5,cycle40_subj05_prior_low_1sess_150ep,785,56784,0.07088558,0.09766922,227,-0.026783645,102.0,0.0,32.18181818181818,33.0,0.036694616,0.046598695,-0.009904079,79.0,0.0,0,0
5,cycle40_subj05_prior_low_1sess_150ep,786,56850,0.05873241,0.09669908,227,-0.037966672,239.0,0.0,72.6,75.0,0.019768909,0.059604764,-0.039835855,238.0,-1.0,1,0
5,cycle40_subj05_prior_low_1sess_150ep,787,56867,0.08239126,0.093854696,426,-0.0114634335,12.0,0.0,4.5,4.0,0.035723314,0.050378818,-0.014655504,11.0,-1.0,1,0
5,cycle40_subj05_prior_low_1sess_150ep,788,56911,0.07708741,0.097764336,718,-0.020676926,44.0,0.0,14.846153846153847,16.0,0.03766444,0.054589637,-0.016925197,37.0,0.0,0,0
5,cycle40_subj05_prior_low_1sess_150ep,789,56948,0.07034982,0.09328977,718,-0.02293995,70.0,0.0,21.818181818181817,21.0,0.019676376,0.047873165,-0.02819679,69.0,-1.0,1,0
5,cycle40_subj05_prior_low_1sess_150ep,790,57046,0.049247462,0.09961719,78,-0.05036973,407.0,0.0,125.66666666666667,126.0,0.01106897,0.06495114,-0.05388217,406.0,-1.0,1,0
5,cycle40_subj05_prior_low_1sess_150ep,791,57060,0.053747732,0.08810709,266,-0.034359355,273.0,0.0,83.9,84.5,0.0140199065,0.044773087,-0.03075318,271.0,-0.8,0,0
5,cycle40_subj05_prior_low_1sess_150ep,792,57435,0.07002191,0.08961446,266,-0.019592546,82.0,0.0,21.75,21.0,0.035167214,0.05152814,-0.016360927,78.0,-0.25,0,0
5,cycle40_subj05_prior_low_1sess_150ep,793,57443,0.07314741,0.09060129,78,-0.01745388,40.0,0.0,13.083333333333334,12.5,0.01002983,0.043195117,-0.033165287,39.0,-1.0,1,0
5,cycle40_subj05_prior_low_1sess_150ep,794,57478,0.08668367,0.08967011,174,-0.0029864386,3.0,0.375,1.625,2.0,0.031744305,0.049155194,-0.01741089,2.0,-0.625,1,0
5,cycle40_subj05_prior_low_1sess_150ep,795,57542,0.06462792,0.09208513,227,-0.027457207,144.0,0.0,42.0,42.0,0.029234998,0.043709457,-0.014474459,125.0,0.0,0,0
5,cycle40_subj05_prior_low_1sess_150ep,796,57553,0.041242875,0.10026339,78,-0.05902051,656.0,0.0,195.33333333333334,199.0,0.010182565,0.059592806,-0.04941024,638.0,0.0,0,0
5,cycle40_subj05_prior_low_1sess_150ep,797,57648,0.05747638,0.097007416,417,-0.039531037,287.0,0.0,90.0,90.5,0.029650934,0.04740174,-0.017750807,232.0,0.0,0,0
5,cycle40_subj05_prior_low_1sess_150ep,798,57650,0.048896458,0.09313389,78,-0.04423743,423.0,0.0,128.5,129.5,0.004252311,0.043971002,-0.03971869,420.0,-0.625,0,0
5,cycle40_subj05_prior_low_1sess_150ep,799,57681,0.062278733,0.09630696,954,-0.034028225,179.0,0.0,54.625,53.5,0.019098952,0.044086084,-0.024987131,177.0,-0.375,0,0
5,cycle40_subj05_prior_low_1sess_150ep,800,57822,0.057328563,0.08688529,299,-0.029556725,210.0,0.0,64.66666666666667,68.0,0.0033422075,0.048037443,-0.044695236,209.0,-1.0,1,0
5,cycle40_subj05_prior_low_1sess_150ep,801,57838,0.091376476,0.094107844,227,-0.002731368,2.0,0.7142857142857143,1.2857142857142858,1.0,0.029939685,0.05044955,-0.020509865,1.0,-0.2857142857142857,1,0
5,cycle40_subj05_prior_low_1sess_150ep,802,57906,0.063379005,0.08971231,266,-0.026333302,207.0,0.0,63.0,63.0,0.022711266,0.043478742,-0.020767476,204.0,-0.4,0,0
5,cycle40_subj05_prior_low_1sess_150ep,803,58096,0.06825281,0.090353474,827,-0.022100665,103.0,0.0,28.88888888888889,27.0,0.020562217,0.042429026,-0.02186681,101.0,-0.7777777777777778,0,0
5,cycle40_subj05_prior_low_1sess_150ep,804,58144,0.06668058,0.083691046,299,-0.017010465,36.0,0.0,12.0,11.0,0.032805454,0.05319996,-0.020394506,35.0,-1.0,1,0
5,cycle40_subj05_prior_low_1sess_150ep,805,58164,0.0858864,0.09485077,227,-0.008964375,8.0,0.5,1.5,1.5,0.03776222,0.050023086,-0.012260865,7.0,-0.5,1,0
5,cycle40_subj05_prior_low_1sess_150ep,806,58187,0.06667458,0.09613605,227,-0.029461466,165.0,0.0,52.61538461538461,53.0,0.014528584,0.048625905,-0.03409732,164.0,-1.0,1,0
5,cycle40_subj05_prior_low_1sess_150ep,807,58404,0.08209974,0.09886294,227,-0.016763195,25.0,0.0,9.7,9.0,0.041453194,0.057647806,-0.016194612,22.0,-0.6,0,0
5,cycle40_subj05_prior_low_1sess_150ep,808,58668,0.064526945,0.09194994,227,-0.027422994,132.0,0.0,41.57142857142857,42.5,0.020048134,0.044472087,-0.024423953,130.0,-0.6428571428571429,0,0
5,cycle40_subj05_prior_low_1sess_150ep,809,58681,0.0656926,0.08871269,171,-0.023020089,98.0,0.0,27.666666666666668,27.5,0.013872948,0.045244865,-0.031371918,97.0,-1.0,1,0
5,cycle40_subj05_prior_low_1sess_150ep,810,59023,0.06868476,0.09035677,174,-0.02167201,136.0,0.0,44.888888888888886,47.0,0.030564483,0.04895334,-0.018388856,131.0,-0.1111111111111111,0,0
5,cycle40_subj05_prior_low_1sess_150ep,811,59039,0.07839505,0.09205787,227,-0.013662823,36.0,0.0,12.7,12.0,0.038349397,0.042223535,-0.003874138,33.0,-0.7,0,0
5,cycle40_subj05_prior_low_1sess_150ep,812,59046,0.063284844,0.093414776,610,-0.030129932,180.0,0.0,53.81818181818182,56.0,0.032892052,0.048893712,-0.01600166,161.0,0.0,0,0
5,cycle40_subj05_prior_low_1sess_150ep,813,59079,0.06992262,0.09229493,947,-0.022372313,75.0,0.0,24.333333333333332,26.0,0.024837099,0.051720817,-0.026883718,74.0,-1.0,1,0
5,cycle40_subj05_prior_low_1sess_150ep,814,59091,0.0809224,0.09316431,718,-0.012241907,20.0,0.0,7.111111111111111,7.0,0.025525842,0.046082318,-0.020556476,19.0,-1.0,1,0
5,cycle40_subj05_prior_low_1sess_150ep,815,59194,0.09688959,0.09309814,417,0.0037914515,1.0,1.0,1.0,1.0,0.049421623,0.049262106,0.00015951693,0.0,0.0,0,0
5,cycle40_subj05_prior_low_1sess_150ep,816,59284,0.052936263,0.08350739,718,-0.030571125,322.0,0.0,99.85714285714286,99.5,0.025361983,0.034581505,-0.009219522,308.0,-0.07142857142857142,0,0
5,cycle40_subj05_prior_low_1sess_150ep,817,59419,0.06014628,0.09216987,171,-0.032023594,233.0,0.0,69.85714285714286,72.0,0.025484823,0.042517256,-0.017032433,223.0,0.0,0,0
5,cycle40_subj05_prior_low_1sess_150ep,818,59420,0.06782933,0.09528681,227,-0.027457476,87.0,0.0,25.5,26.5,0.02756513,0.059541278,-0.03197615,86.0,-1.0,1,0
5,cycle40_subj05_prior_low_1sess_150ep,819,59585,0.05106499,0.09632489,78,-0.0452599,430.0,0.0,133.0,132.5,0.009017322,0.054112766,-0.045095444,428.0,-0.375,0,0
5,cycle40_subj05_prior_low_1sess_150ep,820,59595,0.057049114,0.0857524,947,-0.028703284,242.0,0.0,76.66666666666667,76.0,0.009500079,0.044158258,-0.03465818,241.0,-1.0,1,0
5,cycle40_subj05_prior_low_1sess_150ep,821,59631,0.100115485,0.09240112,90,0.0077143684,1.0,1.0,1.0,1.0,0.05276714,0.046117727,0.006649412,0.0,0.0,0,0
5,cycle40_subj05_prior_low_1sess_150ep,822,59699,0.05737611,0.092742525,227,-0.035366416,235.0,0.0,72.92307692307692,73.0,0.02451095,0.053292926,-0.028781977,231.0,-0.3076923076923077,0,0
5,cycle40_subj05_prior_low_1sess_150ep,823,59817,0.065858446,0.0960383,227,-0.03017985,169.0,0.0,52.75,51.5,0.032152824,0.051193073,-0.01904025,152.0,0.0,0,0
5,cycle40_subj05_prior_low_1sess_150ep,824,59994,0.06542375,0.09550781,171,-0.030084059,170.0,0.0,51.0,50.0,0.039798353,0.046709683,-0.00691133,74.0,0.0,0,0
5,cycle40_subj05_prior_low_1sess_150ep,825,60094,0.07216292,0.09612056,718,-0.02395764,65.0,0.0,19.4,20.5,0.031862836,0.053932253,-0.022069417,63.0,-0.7,0,0
5,cycle40_subj05_prior_low_1sess_150ep,826,60119,0.06994278,0.09150854,718,-0.021565758,100.0,0.0,33.36363636363637,32.0,0.039738167,0.0540926,-0.014354434,89.0,0.0,0,0
5,cycle40_subj05_prior_low_1sess_150ep,827,60186,0.09362913,0.09808071,718,-0.0044515803,2.0,0.875,1.125,1.0,0.044127263,0.054659054,-0.010531791,1.0,-0.125,1,0
5,cycle40_subj05_prior_low_1sess_150ep,828,60251,0.10134531,0.10032643,227,0.0010188818,1.0,1.0,1.0,1.0,0.04447954,0.06450513,-0.020025585,0.0,0.0,0,0
5,cycle40_subj05_prior_low_1sess_150ep,829,60305,0.066831805,0.09942001,227,-0.032588206,67.0,0.0,22.083333333333332,21.5,0.020046242,0.05853288,-0.038486637,66.0,-1.0,1,0
5,cycle40_subj05_prior_low_1sess_150ep,830,60456,0.05555696,0.08167268,171,-0.026115723,165.0,0.0,50.25,49.5,0.02331521,0.044429112,-0.021113902,161.0,-0.125,0,0
5,cycle40_subj05_prior_low_1sess_150ep,831,60505,0.06708008,0.08842337,171,-0.02134329,69.0,0.0,21.7,20.0,0.02943208,0.046904225,-0.017472144,67.0,-0.7,0,0
5,cycle40_subj05_prior_low_1sess_150ep,832,60519,0.055944663,0.0960126,171,-0.040067937,345.0,0.0,106.83333333333333,107.5,0.01997557,0.048519883,-0.028544314,335.0,0.0,0,0
5,cycle40_subj05_prior_low_1sess_150ep,833,60553,0.04644057,0.08436949,227,-0.037928917,302.0,0.0,95.42857142857143,91.0,0.025161482,0.04977389,-0.024612408,287.0,0.0,0,0
5,cycle40_subj05_prior_low_1sess_150ep,834,60725,0.0842793,0.09897643,227,-0.0146971345,10.0,0.0,3.4545454545454546,3.0,0.05367107,0.062041722,-0.008370655,4.0,0.0,0,0
5,cycle40_subj05_prior_low_1sess_150ep,835,60834,0.05965611,0.087820634,174,-0.028164525,218.0,0.0,68.4,69.0,0.019475996,0.043549754,-0.024073757,216.0,-0.5,0,0
5,cycle40_subj05_prior_low_1sess_150ep,836,60845,0.06859696,0.0938823,227,-0.02528534,119.0,0.0,38.54545454545455,38.0,0.027223218,0.051533435,-0.024310216,115.0,-0.18181818181818182,0,0
5,cycle40_subj05_prior_low_1sess_150ep,837,60867,0.08259782,0.10105804,718,-0.018460222,18.0,0.0,6.5,6.5,0.042637885,0.056864306,-0.014226422,14.0,-0.2,0,0
5,cycle40_subj05_prior_low_1sess_150ep,838,60978,0.07287252,0.098063044,417,-0.025190525,65.0,0.0,20.857142857142858,20.0,0.032264814,0.058373846,-0.026109032,64.0,-1.0,1,0
5,cycle40_subj05_prior_low_1sess_150ep,839,61122,0.07819891,0.098476455,225,-0.020277545,35.0,0.0,13.333333333333334,13.5,0.032398816,0.04923977,-0.016840953,32.0,-0.3333333333333333,0,0
5,cycle40_subj05_prior_low_1sess_150ep,840,61133,0.07191709,0.09123614,227,-0.01931905,111.0,0.0,34.111111111111114,34.0,0.028084774,0.0447677,-0.016682927,109.0,-0.3333333333333333,0,0
5,cycle40_subj05_prior_low_1sess_150ep,841,61177,0.05428245,0.09445949,78,-0.04017704,384.0,0.0,119.625,119.5,0.025653519,0.05526666,-0.029613141,351.0,0.0,0,0
5,cycle40_subj05_prior_low_1sess_150ep,842,61216,0.060125772,0.092082664,78,-0.031956892,218.0,0.0,72.18181818181819,73.0,0.03106972,0.05390782,-0.022838099,202.0,0.0,0,0
5,cycle40_subj05_prior_low_1sess_150ep,843,61510,0.08790282,0.09360508,227,-0.005702257,3.0,0.6666666666666666,1.3333333333333333,1.0,0.036916748,0.052766785,-0.015850037,2.0,-0.33333333333333337,1,0
5,cycle40_subj05_prior_low_1sess_150ep,844,61513,0.06904745,0.097584106,718,-0.028536655,112.0,0.0,34.18181818181818,35.0,0.025972448,0.058721226,-0.032748777,111.0,-1.0,1,0
5,cycle40_subj05_prior_low_1sess_150ep,845,61677,0.07945948,0.09877683,417,-0.019317351,18.0,0.0,6.2,7.0,0.041885916,0.05015898,-0.008273065,12.0,-0.2,0,0
5,cycle40_subj05_prior_low_1sess_150ep,846,61738,0.060875904,0.09535181,171,-0.034475904,223.0,0.0,68.0909090909091,71.0,0.037518315,0.058035478,-0.020517165,194.0,0.0,0,0
5,cycle40_subj05_prior_low_1sess_150ep,847,61748,0.06577661,0.091367096,227,-0.025590487,86.0,0.0,27.4,28.5,0.0036488473,0.04732528,-0.043676432,85.0,-1.0,1,0
5,cycle40_subj05_prior_low_1sess_150ep,848,61752,0.092033416,0.097848885,718,-0.0058154687,5.0,0.5,2.25,2.0,0.02890046,0.057231154,-0.028330695,4.0,-0.5,1,0
5,cycle40_subj05_prior_low_1sess_150ep,849,61797,0.07908676,0.10071962,227,-0.021632865,45.0,0.0,14.25,14.0,0.026842013,0.058425564,-0.03158355,44.0,-1.0,1,0
5,cycle40_subj05_prior_low_1sess_150ep,850,61801,0.0642951,0.08973159,821,-0.02543649,177.0,0.0,53.0,52.5,0.026564784,0.04739583,-0.020831045,169.0,0.0,0,0
5,cycle40_subj05_prior_low_1sess_150ep,851,61809,0.05115383,0.08956993,171,-0.038416103,436.0,0.0,139.28571428571428,137.0,0.021553019,0.037629377,-0.016076358,415.0,0.0,0,0
5,cycle40_subj05_prior_low_1sess_150ep,852,61873,0.07160032,0.08539146,524,-0.013791144,32.0,0.0,10.25,10.5,0.029728193,0.04987616,-0.020147968,31.0,-1.0,1,0
5,cycle40_subj05_prior_low_1sess_150ep,853,61972,0.07297851,0.08789512,598,-0.014916606,30.0,0.0,9.615384615384615,10.0,0.0150828995,0.03949001,-0.024407111,29.0,-1.0,1,0
5,cycle40_subj05_prior_low_1sess_150ep,854,62006,0.05376826,0.097088054,266,-0.043319795,383.0,0.0,117.9375,117.0,0.022501439,0.05609701,-0.03359557,370.0,0.0,0,0
5,cycle40_subj05_prior_low_1sess_150ep,855,62015,0.048180975,0.083518974,78,-0.035338,450.0,0.0,135.3,137.0,0.016230412,0.045176513,-0.028946102,444.0,-0.1,0,0
5,cycle40_subj05_prior_low_1sess_150ep,856,62209,0.06897249,0.09953894,78,-0.030566446,86.0,0.0,27.083333333333332,27.0,0.009167407,0.060695153,-0.051527746,85.0,-1.0,1,0
5,cycle40_subj05_prior_low_1sess_150ep,857,62228,0.048858758,0.08750633,266,-0.038647573,518.0,0.0,159.33333333333334,157.5,0.00797949,0.05114531,-0.04316582,517.0,-1.0,1,0
5,cycle40_subj05_prior_low_1sess_150ep,858,62275,0.054363318,0.08815963,889,-0.03379631,278.0,0.0,88.4,88.0,0.01858792,0.037709735,-0.019121815,264.0,0.0,0,0
5,cycle40_subj05_prior_low_1sess_150ep,859,62302,0.085158475,0.09636842,718,-0.011209942,8.0,0.0,3.142857142857143,3.0,0.037537314,0.056240357,-0.018703043,7.0,-1.0,1,0
5,cycle40_subj05_prior_low_1sess_150ep,860,62365,0.06768273,0.09340912,828,-0.025726393,87.0,0.0,25.88888888888889,27.0,0.023769245,0.05168183,-0.027912587,86.0,-1.0,1,0
5,cycle40_subj05_prior_low_1sess_150ep,861,62479,0.07450553,0.09889907,171,-0.024393536,54.0,0.0,20.0,20.0,0.031642955,0.051855564,-0.02021261,52.0,-0.6666666666666666,0,0
5,cycle40_subj05_prior_low_1sess_150ep,862,62544,0.078555495,0.09684108,718,-0.018285587,27.0,0.0,7.666666666666667,7.0,0.031029385,0.053179376,-0.022149991,26.0,-1.0,1,0
5,cycle40_subj05_prior_low_1sess_150ep,863,62561,0.06684903,0.095947206,227,-0.029098175,120.0,0.0,37.875,36.5,0.035392564,0.055052068,-0.019659504,93.0,0.0,0,0
5,cycle40_subj05_prior_low_1sess_150ep,864,62683,0.08018489,0.0948995,718,-0.014714606,36.0,0.0,13.428571428571429,14.0,0.04612532,0.04204995,0.004075367,16.0,0.0,0,0
5,cycle40_subj05_prior_low_1sess_150ep,865,62748,0.07595236,0.092858106,2,-0.016905747,18.0,0.0,5.888888888888889,6.0,0.024278097,0.053506903,-0.029228806,17.0,-1.0,1,0
5,cycle40_subj05_prior_low_1sess_150ep,866,62960,0.066117756,0.08816934,299,-0.02205158,71.0,0.0,22.75,22.0,0.02399686,0.052154858,-0.028157998,70.0,-1.0,1,0
5,cycle40_subj05_prior_low_1sess_150ep,867,63081,0.04836692,0.09514981,227,-0.04678289,591.0,0.0,180.83333333333334,182.5,0.021857252,0.05126095,-0.029403696,502.0,0.0,0,0
5,cycle40_subj05_prior_low_1sess_150ep,868,63182,0.052941736,0.09513601,78,-0.042194273,455.0,0.0,141.25,142.5,0.016558327,0.051875405,-0.03531708,449.0,-0.25,0,0
5,cycle40_subj05_prior_low_1sess_150ep,869,63345,0.07026733,0.093593776,426,-0.02332645,85.0,0.0,28.5,28.5,0.031592686,0.040659506,-0.00906682,74.0,0.0,0,0
5,cycle40_subj05_prior_low_1sess_150ep,870,63449,0.06835879,0.095537916,227,-0.02717913,84.0,0.0,27.22222222222222,28.0,0.029531341,0.04807447,-0.018543128,81.0,-0.3333333333333333,0,0
5,cycle40_subj05_prior_low_1sess_150ep,871,63746,0.074256785,0.0892633,524,-0.015006512,43.0,0.0,14.5,14.0,0.027332868,0.049240716,-0.021907847,42.0,-1.0,1,0
5,cycle40_subj05_prior_low_1sess_150ep,872,63781,0.07243249,0.088711254,954,-0.016278766,52.0,0.0,16.22222222222222,17.0,0.0219075,0.04583862,-0.02393112,51.0,-1.0,1,0
5,cycle40_subj05_prior_low_1sess_150ep,873,63825,0.051491205,0.093743056,828,-0.04225185,396.0,0.0,118.5,118.5,0.01544065,0.047392063,-0.031951413,390.0,-0.125,0,0
5,cycle40_subj05_prior_low_1sess_150ep,874,63922,0.06975474,0.10258879,718,-0.032834046,75.0,0.0,28.5,28.5,0.04222727,0.06324451,-0.021017235,62.0,0.0,0,0
5,cycle40_subj05_prior_low_1sess_150ep,875,63931,0.088952176,0.09802924,718,-0.009077065,6.0,0.15384615384615385,2.4615384615384617,2.0,0.036024217,0.052403588,-0.016379371,5.0,-0.8461538461538461,1,0
5,cycle40_subj05_prior_low_1sess_150ep,876,63944,0.081705436,0.10007875,227,-0.01837331,33.0,0.0,11.666666666666666,11.0,0.019376915,0.052367307,-0.032990392,32.0,-1.0,1,0
5,cycle40_subj05_prior_low_1sess_150ep,877,64004,0.06756373,0.09713382,718,-0.029570095,147.0,0.0,45.0,45.5,0.045067728,0.05581359,-0.010745859,25.0,0.0,0,0
5,cycle40_subj05_prior_low_1sess_150ep,878,64096,0.059297275,0.09974412,299,-0.040446844,217.0,0.0,66.6,67.5,0.04377489,0.0668166,-0.02304171,164.0,0.0,0,0
5,cycle40_subj05_prior_low_1sess_150ep,879,64295,0.07373464,0.08613198,2,-0.012397341,25.0,0.0,8.666666666666666,8.0,0.030480433,0.03965081,-0.009170376,23.0,-0.6666666666666666,0,0
5,cycle40_subj05_prior_low_1sess_150ep,880,64483,0.07074667,0.095904365,171,-0.025157697,106.0,0.0,33.27272727272727,33.0,0.040902466,0.049901575,-0.008999107,79.0,0.0,0,0
5,cycle40_subj05_prior_low_1sess_150ep,881,64498,0.06281168,0.09230221,171,-0.02949053,169.0,0.0,52.166666666666664,52.0,0.04714776,0.050201382,-0.0030536242,-74.0,0.0,0,0
5,cycle40_subj05_prior_low_1sess_150ep,882,64615,0.07865049,0.09275838,524,-0.01410789,32.0,0.0,9.777777777777779,8.0,0.04941404,0.051389135,-0.001975095,-13.0,0.0,0,0
5,cycle40_subj05_prior_low_1sess_150ep,883,64621,0.04878769,0.090782516,78,-0.041994825,514.0,0.0,156.28571428571428,157.0,0.013043631,0.05136519,-0.03832156,509.0,-0.42857142857142855,0,0
5,cycle40_subj05_prior_low_1sess_150ep,884,64687,0.06542034,0.090431,171,-0.02501066,119.0,0.0,35.4,35.0,0.037460312,0.051675536,-0.014215222,106.0,0.0,0,0
5,cycle40_subj05_prior_low_1sess_150ep,885,64771,0.09329698,0.09746943,417,-0.0041724443,4.0,0.7142857142857143,1.2857142857142858,1.0,0.057345968,0.05961203,-0.0022660606,2.0,-0.1428571428571428,0,0
5,cycle40_subj05_prior_low_1sess_150ep,886,64867,0.061766725,0.09189656,102,-0.030129831,173.0,0.0,56.63636363636363,58.0,0.021696158,0.051046878,-0.02935072,171.0,-0.5454545454545454,0,0
5,cycle40_subj05_prior_low_1sess_150ep,887,64880,0.06724765,0.096716516,227,-0.029468864,134.0,0.0,42.53846153846154,41.0,0.037012868,0.047597524,-0.010584656,117.0,0.0,0,0
5,cycle40_subj05_prior_low_1sess_150ep,888,64893,0.039633267,0.09531767,718,-0.055684403,702.0,0.0,205.75,205.0,0.013911821,0.049599722,-0.0356879,678.0,0.0,0,0
5,cycle40_subj05_prior_low_1sess_150ep,889,64979,0.09021997,0.089619525,718,0.0006004423,1.0,1.0,1.0,1.0,0.038123604,0.046136133,-0.008012529,0.0,0.0,0,0
5,cycle40_subj05_prior_low_1sess_150ep,890,65010,0.075773396,0.09268027,417,-0.016906872,32.0,0.0,10.5,9.5,0.037796393,0.047705457,-0.009909064,27.0,-0.125,0,0
5,cycle40_subj05_prior_low_1sess_150ep,891,65069,0.07881608,0.10236188,227,-0.023545802,23.0,0.0,8.333333333333334,8.0,0.03077874,0.056337614,-0.025558874,22.0,-1.0,1,0
5,cycle40_subj05_prior_low_1sess_150ep,892,65148,0.07522906,0.09314694,828,-0.017917879,55.0,0.0,18.125,19.0,0.019252982,0.040199798,-0.020946816,54.0,-1.0,1,0
5,cycle40_subj05_prior_low_1sess_150ep,893,65187,0.05801692,0.09173362,171,-0.0337167,303.0,0.0,93.23076923076923,91.0,0.015539765,0.045805354,-0.030265588,295.0,0.0,0,0
5,cycle40_subj05_prior_low_1sess_150ep,894,65232,0.07261707,0.09469703,718,-0.02207996,62.0,0.0,19.833333333333332,19.5,0.040238354,0.04397025,-0.0037318952,50.0,0.0,0,0
5,cycle40_subj05_prior_low_1sess_150ep,895,65253,0.045758314,0.09338462,171,-0.04762631,590.0,0.0,179.8,181.0,0.0032123625,0.046798177,-0.043585815,588.0,-0.6,0,0
5,cycle40_subj05_prior_low_1sess_150ep,896,65267,0.07834952,0.09389154,227,-0.015542015,16.0,0.0,5.461538461538462,6.0,0.037411824,0.04450905,-0.0070972256,14.0,-0.7692307692307693,0,0
5,cycle40_subj05_prior_low_1sess_150ep,897,65376,0.09333159,0.09047832,227,0.002853267,1.0,1.0,1.0,1.0,0.03242285,0.048624467,-0.016201615,0.0,0.0,0,0
5,cycle40_subj05_prior_low_1sess_150ep,898,65414,0.06728754,0.097055055,266,-0.029767513,132.0,0.0,43.92307692307692,44.0,0.026041713,0.04960262,-0.023560908,129.0,-0.3076923076923077,0,0
5,cycle40_subj05_prior_low_1sess_150ep,899,65445,0.07364066,0.092284486,174,-0.018643826,57.0,0.0,18.4,17.5,0.034391552,0.0536326,-0.019241046,56.0,-1.0,1,0
5,cycle40_subj05_prior_low_1sess_150ep,900,65639,0.072842054,0.08708235,760,-0.014240295,38.0,0.0,12.857142857142858,13.0,0.0236824,0.04412119,-0.02043879,37.0,-1.0,1,0
5,cycle40_subj05_prior_low_1sess_150ep,901,65654,0.051824637,0.082125984,760,-0.030301347,272.0,0.0,84.5,82.5,0.025504012,0.045685414,-0.020181403,262.0,0.0,0,0
5,cycle40_subj05_prior_low_1sess_150ep,902,65686,0.043413796,0.08793099,718,-0.044517197,518.0,0.0,155.88888888888889,159.0,0.015409751,0.050402988,-0.03499324,509.0,-0.2222222222222222,0,0
5,cycle40_subj05_prior_low_1sess_150ep,903,65769,0.076574944,0.09288948,426,-0.016314536,23.0,0.0,6.4,6.0,0.028714567,0.049750257,-0.02103569,22.0,-1.0,1,0
5,cycle40_subj05_prior_low_1sess_150ep,904,65799,0.07175162,0.09776484,227,-0.026013225,67.0,0.0,23.454545454545453,23.0,0.034600947,0.062992275,-0.028391324,66.0,-1.0,1,0
5,cycle40_subj05_prior_low_1sess_150ep,905,65821,0.09099225,0.09647935,384,-0.0054870993,5.0,0.14285714285714285,2.5714285714285716,2.0,0.043631565,0.044138975,-0.0005074106,2.0,-0.2857142857142857,0,0
5,cycle40_subj05_prior_low_1sess_150ep,906,65872,0.059650593,0.08708615,718,-0.027435556,164.0,0.0,51.25,50.0,0.02203063,0.04974668,-0.027716052,163.0,-1.0,1,0
5,cycle40_subj05_prior_low_1sess_150ep,907,65920,0.08242196,0.09226076,770,-0.009838805,17.0,0.0,5.875,6.0,0.038061578,0.045506045,-0.0074444674,15.0,-0.875,0,0
5,cycle40_subj05_prior_low_1sess_150ep,908,65943,0.06588627,0.092058405,266,-0.026172139,132.0,0.0,41.833333333333336,43.0,0.033232853,0.05087373,-0.017640878,118.0,0.0,0,0
5,cycle40_subj05_prior_low_1sess_150ep,909,66004,0.0640758,0.090511955,174,-0.026436158,200.0,0.0,61.0,60.0,0.032024853,0.047297042,-0.015272189,184.0,0.0,0,0
5,cycle40_subj05_prior_low_1sess_150ep,910,66214,0.07056622,0.08733561,403,-0.016769387,77.0,0.0,23.77777777777778,24.0,0.037134904,0.05072186,-0.013586957,71.0,0.0,0,0
5,cycle40_subj05_prior_low_1sess_150ep,911,66216,0.08370839,0.09684805,227,-0.013139658,17.0,0.0,5.875,6.0,0.03934045,0.040342968,-0.0010025166,12.0,-0.375,0,0
5,cycle40_subj05_prior_low_1sess_150ep,912,66278,0.07275422,0.08998515,426,-0.017230928,21.0,0.0,7.0,7.0,0.004350461,0.041695874,-0.037345413,20.0,-1.0,1,0
5,cycle40_subj05_prior_low_1sess_150ep,913,66330,0.028992612,0.09389503,171,-0.064902425,854.0,0.0,256.5,256.5,0.007668888,0.055981517,-0.048312634,790.0,0.0,0,0
5,cycle40_subj05_prior_low_1sess_150ep,914,66342,0.07431118,0.09441946,109,-0.020108275,44.0,0.0,15.777777777777779,16.0,0.028532669,0.05441103,-0.025878362,43.0,-1.0,1,0
5,cycle40_subj05_prior_low_1sess_150ep,915,66421,0.06735264,0.09754903,227,-0.030196391,147.0,0.0,47.42857142857143,49.0,0.01823325,0.045762703,-0.027529452,144.0,-0.2857142857142857,0,0
5,cycle40_subj05_prior_low_1sess_150ep,916,66464,0.08081405,0.08872102,417,-0.007906973,10.0,0.0,3.1,3.0,0.04293027,0.04430944,-0.0013791695,6.0,-0.3,0,0
5,cycle40_subj05_prior_low_1sess_150ep,917,66479,0.04779449,0.09331683,718,-0.04552234,586.0,0.0,179.0,177.0,0.008567836,0.04737456,-0.038806725,582.0,-0.18181818181818182,0,0
5,cycle40_subj05_prior_low_1sess_150ep,918,66489,0.064923316,0.09725587,171,-0.032332554,96.0,0.0,31.25,30.0,0.043372504,0.064685196,-0.021312688,77.0,0.0,0,0
5,cycle40_subj05_prior_low_1sess_150ep,919,66580,0.07193486,0.0987886,718,-0.02685374,77.0,0.0,27.857142857142858,28.0,0.019040514,0.058347013,-0.0393065,76.0,-1.0,1,0
5,cycle40_subj05_prior_low_1sess_150ep,920,66643,0.050642207,0.09298862,718,-0.04234641,470.0,0.0,144.875,144.5,0.008780096,0.03853871,-0.029758614,457.0,0.0,0,0
5,cycle40_subj05_prior_low_1sess_150ep,921,66773,0.090745226,0.098083675,227,-0.0073384494,3.0,0.25,1.875,2.0,0.034639686,0.053692054,-0.019052368,2.0,-0.75,1,0
5,cycle40_subj05_prior_low_1sess_150ep,922,66836,0.05767688,0.08907416,174,-0.031397276,272.0,0.0,80.125,80.5,0.0014944263,0.042584073,-0.041089647,271.0,-1.0,1,0
5,cycle40_subj05_prior_low_1sess_150ep,923,66946,0.08962126,0.09136723,718,-0.001745969,4.0,0.4444444444444444,1.7777777777777777,2.0,0.046824455,0.045164473,0.0016599819,1.0,-0.4444444444444444,0,0
5,cycle40_subj05_prior_low_1sess_150ep,924,66976,0.067815915,0.094347656,718,-0.026531741,138.0,0.0,43.5,42.5,0.038224667,0.050695036,-0.012470366,102.0,0.0,0,0
5,cycle40_subj05_prior_low_1sess_150ep,925,67045,0.05108554,0.09443754,78,-0.043352,341.0,0.0,101.5,101.5,0.020622842,0.05682057,-0.03619773,333.0,-0.125,0,0
5,cycle40_subj05_prior_low_1sess_150ep,926,67113,0.06427701,0.0991817,718,-0.03490469,191.0,0.0,58.666666666666664,62.0,0.022791099,0.050355233,-0.027564134,187.0,-0.2222222222222222,0,0
5,cycle40_subj05_prior_low_1sess_150ep,927,67168,0.079898976,0.09886582,171,-0.018966846,43.0,0.0,14.222222222222221,14.0,0.034785226,0.045766223,-0.010980997,39.0,-0.5555555555555556,0,0
5,cycle40_subj05_prior_low_1sess_150ep,928,67204,0.068785705,0.095850654,227,-0.02706495,132.0,0.0,40.46153846153846,44.0,0.021333616,0.054231927,-0.03289831,131.0,-1.0,1,0
5,cycle40_subj05_prior_low_1sess_150ep,929,67237,0.06382395,0.09122496,718,-0.027401008,151.0,0.0,46.5,45.0,0.018820766,0.044034608,-0.025213841,148.0,-0.375,0,0
5,cycle40_subj05_prior_low_1sess_150ep,930,67252,0.06935668,0.094864585,299,-0.025507905,101.0,0.0,33.5,34.0,0.036261205,0.056732778,-0.020471573,93.0,-0.25,0,0
5,cycle40_subj05_prior_low_1sess_150ep,931,67295,0.05469533,0.09410573,885,-0.039410397,367.0,0.0,113.22222222222223,115.0,0.05360443,0.05115052,0.002453912,-117.0,0.0,0,0
5,cycle40_subj05_prior_low_1sess_150ep,932,67363,0.065823056,0.09130924,610,-0.025486186,43.0,0.0,14.2,15.0,0.034493774,0.055481542,-0.020987768,41.0,-0.8,0,0
5,cycle40_subj05_prior_low_1sess_150ep,933,67742,0.061355244,0.09965967,227,-0.038304422,189.0,0.0,58.44444444444444,59.0,0.014275629,0.053980153,-0.039704524,188.0,-1.0,1,0
5,cycle40_subj05_prior_low_1sess_150ep,934,67802,0.07187594,0.097204186,227,-0.025328249,69.0,0.0,20.666666666666668,21.0,0.02177377,0.049291052,-0.027517281,68.0,-1.0,1,0
5,cycle40_subj05_prior_low_1sess_150ep,935,67829,0.057081677,0.099015534,227,-0.041933857,306.0,0.0,94.22222222222223,93.0,0.029882636,0.054287784,-0.024405148,258.0,0.0,0,0
5,cycle40_subj05_prior_low_1sess_150ep,936,68023,0.06198598,0.085845016,718,-0.023859035,144.0,0.0,45.53846153846154,46.0,0.017146558,0.038986832,-0.021840274,142.0,-0.5384615384615384,0,0
5,cycle40_subj05_prior_low_1sess_150ep,937,68168,0.0738827,0.09531637,171,-0.021433674,49.0,0.0,15.125,15.0,0.038063787,0.04745826,-0.009394474,42.0,-0.25,0,0
5,cycle40_subj05_prior_low_1sess_150ep,938,68278,0.07303822,0.092806414,171,-0.019768193,68.0,0.0,23.23076923076923,24.0,0.043645523,0.043121554,0.0005239714,6.0,0.0,0,0
5,cycle40_subj05_prior_low_1sess_150ep,939,68311,0.06624319,0.089563206,266,-0.02332002,105.0,0.0,32.666666666666664,32.0,0.026276235,0.051249564,-0.02497333,104.0,-1.0,1,0
5,cycle40_subj05_prior_low_1sess_150ep,940,68339,0.08045287,0.09234829,718,-0.011895426,24.0,0.0,8.5,9.0,0.030136377,0.05252992,-0.022393543,23.0,-1.0,1,0
5,cycle40_subj05_prior_low_1sess_150ep,941,68418,0.066590585,0.08822327,680,-0.021632686,128.0,0.0,38.81818181818182,39.0,0.016371872,0.0415003,-0.025128428,127.0,-1.0,1,0
5,cycle40_subj05_prior_low_1sess_150ep,942,68471,0.07005702,0.09848308,171,-0.028426059,120.0,0.0,36.888888888888886,38.0,0.031798776,0.05430643,-0.022507653,113.0,-0.1111111111111111,0,0
5,cycle40_subj05_prior_low_1sess_150ep,943,68741,0.05193594,0.08028668,174,-0.02835074,214.0,0.0,67.33333333333333,68.0,-0.0046539083,0.033182614,-0.037836522,213.0,-1.0,1,0
5,cycle40_subj05_prior_low_1sess_150ep,944,68814,0.06166729,0.08561468,227,-0.023947392,105.0,0.0,34.72727272727273,34.0,0.01954215,0.03910698,-0.01956483,102.0,-0.7272727272727273,0,0
5,cycle40_subj05_prior_low_1sess_150ep,945,68842,0.07364807,0.091165744,227,-0.017517671,50.0,0.0,15.857142857142858,17.0,0.030526076,0.0449117,-0.014385626,48.0,-1.0,0,0
5,cycle40_subj05_prior_low_1sess_150ep,946,68858,0.076062664,0.094018735,718,-0.01795607,41.0,0.0,14.545454545454545,14.0,0.041402914,0.04761158,-0.0062086657,30.0,0.0,0,0
5,cycle40_subj05_prior_low_1sess_150ep,947,68897,0.09895697,0.10271033,227,-0.0037533566,2.0,0.6,1.4,1.0,0.05456448,0.056612253,-0.0020477735,-1.0,0.3,0,0
5,cycle40_subj05_prior_low_1sess_150ep,948,69007,0.044234175,0.092361204,718,-0.04812703,614.0,0.0,189.15384615384616,190.0,0.009654004,0.05367924,-0.044025235,612.0,-0.8461538461538461,0,0
5,cycle40_subj05_prior_low_1sess_150ep,949,69025,0.0861006,0.090482116,174,-0.004381515,3.0,0.3,1.8,2.0,0.045353137,0.045283776,6.936118e-05,-2.0,0.0,0,0
5,cycle40_subj05_prior_low_1sess_150ep,950,69030,0.043164205,0.08895748,718,-0.045793276,639.0,0.0,192.625,192.0,0.02566161,0.052982524,-0.027320914,561.0,0.0,0,0
5,cycle40_subj05_prior_low_1sess_150ep,951,69130,0.081642546,0.09565609,718,-0.014013544,16.0,0.0,6.8,7.0,0.027401134,0.060990937,-0.033589803,15.0,-1.0,1,0
5,cycle40_subj05_prior_low_1sess_150ep,952,69214,0.04843856,0.08970022,828,-0.04126166,413.0,0.0,127.58333333333333,128.5,-0.006500803,0.041547876,-0.04804868,412.0,-1.0,1,0
5,cycle40_subj05_prior_low_1sess_150ep,953,69240,0.044226754,0.098147735,78,-0.05392098,544.0,0.0,165.6,163.0,0.023806361,0.059246697,-0.035440333,481.0,0.0,0,0
5,cycle40_subj05_prior_low_1sess_150ep,954,69442,0.09951294,0.09434711,78,0.0051658303,1.0,1.0,1.0,1.0,0.036408134,0.04028361,-0.0038754754,0.0,0.0,0,0
5,cycle40_subj05_prior_low_1sess_150ep,955,69502,0.07604331,0.09353943,227,-0.017496124,29.0,0.0,9.5,9.5,0.017564528,0.056670304,-0.039105777,28.0,-1.0,1,0
5,cycle40_subj05_prior_low_1sess_150ep,956,69614,0.0614238,0.098050304,163,-0.036626503,207.0,0.0,67.16666666666667,68.5,0.01528671,0.04603432,-0.030747611,203.0,-0.25,0,0
5,cycle40_subj05_prior_low_1sess_150ep,957,69616,0.057704825,0.08965347,171,-0.031948645,279.0,0.0,84.23076923076923,83.0,0.026250724,0.046877313,-0.02062659,261.0,0.0,0,0
5,cycle40_subj05_prior_low_1sess_150ep,958,69785,0.09113058,0.10205425,171,-0.010923676,6.0,0.1,2.8,2.0,0.047465272,0.046401218,0.0010640547,2.0,-0.1,0,0
5,cycle40_subj05_prior_low_1sess_150ep,959,69813,0.09103246,0.09050891,171,0.0005235523,1.0,1.0,1.0,1.0,0.040143892,0.0497134,-0.009569507,0.0,0.0,0,0
5,cycle40_subj05_prior_low_1sess_150ep,960,69831,0.050344866,0.09743011,524,-0.047085244,355.0,0.0,107.3076923076923,106.0,0.034740537,0.04633109,-0.011590552,201.0,0.0,0,0
5,cycle40_subj05_prior_low_1sess_150ep,961,69839,0.061644435,0.086290866,569,-0.024646431,130.0,0.0,40.0,41.0,0.041500513,0.05019615,-0.008695636,98.0,0.0,0,0
5,cycle40_subj05_prior_low_1sess_150ep,962,69854,0.067142986,0.098823614,171,-0.03168063,83.0,0.0,27.0,26.5,0.015634451,0.05895031,-0.043315858,82.0,-1.0,1,0
5,cycle40_subj05_prior_low_1sess_150ep,963,69918,0.05725517,0.09732455,417,-0.04006938,281.0,0.0,85.5,86.5,0.015486531,0.053945154,-0.038458623,279.0,-0.8,0,0
5,cycle40_subj05_prior_low_1sess_150ep,964,70038,0.06950814,0.09912567,163,-0.029617526,87.0,0.0,27.11111111111111,27.0,0.016878333,0.04502269,-0.028144356,84.0,-0.6666666666666666,0,0
5,cycle40_subj05_prior_low_1sess_150ep,965,70075,0.07054043,0.100191474,227,-0.029651046,100.0,0.0,31.5,33.0,0.02038436,0.04784961,-0.02746525,98.0,-0.5,0,0
5,cycle40_subj05_prior_low_1sess_150ep,966,70095,0.06466374,0.095233634,227,-0.030569896,95.0,0.0,29.8,30.0,0.034882598,0.050358467,-0.015475869,75.0,0.0,0,0
5,cycle40_subj05_prior_low_1sess_150ep,967,70193,0.07697963,0.09423022,227,-0.01725059,38.0,0.0,11.666666666666666,12.0,0.029211324,0.037327215,-0.008115891,34.0,-0.4166666666666667,0,0
5,cycle40_subj05_prior_low_1sess_150ep,968,70232,0.0703328,0.093662485,171,-0.023329683,97.0,0.0,31.666666666666668,33.0,0.03356236,0.05089121,-0.01732885,93.0,-0.6666666666666666,0,0
5,cycle40_subj05_prior_low_1sess_150ep,969,70335,0.086777255,0.09330122,947,-0.006523967,6.0,0.2,2.4,2.5,0.049536705,0.064113185,-0.0145764835,5.0,-0.8,1,0
5,cycle40_subj05_prior_low_1sess_150ep,970,70360,0.04370528,0.092615806,171,-0.048910525,582.0,0.0,177.0,175.0,0.011786092,0.03129855,-0.01951246,557.0,0.0,0,0
5,cycle40_subj05_prior_low_1sess_150ep,971,70368,0.08094878,0.10029241,227,-0.01934363,17.0,0.0,6.466666666666667,6.0,0.044167247,0.058143124,-0.013975877,12.0,-0.4666666666666667,0,0
5,cycle40_subj05_prior_low_1sess_150ep,972,70427,0.068961844,0.097435914,227,-0.02847407,106.0,0.0,32.55555555555556,34.0,0.036808543,0.061826903,-0.02501836,101.0,0.0,0,0
5,cycle40_subj05_prior_low_1sess_150ep,973,70505,0.046635285,0.085653245,225,-0.03901796,419.0,0.0,127.55555555555556,127.0,0.010530651,0.03722219,-0.026691541,413.0,-0.1111111111111111,0,0
5,cycle40_subj05_prior_low_1sess_150ep,974,70585,0.06805526,0.097423874,718,-0.029368617,147.0,0.0,46.44444444444444,47.0,0.043465402,0.055418786,-0.011953384,47.0,0.0,0,0
5,cycle40_subj05_prior_low_1sess_150ep,975,70589,0.07893592,0.09775253,171,-0.018816605,34.0,0.0,10.11111111111111,10.0,0.04641291,0.04488485,0.0015280619,-14.0,0.0,0,0
5,cycle40_subj05_prior_low_1sess_150ep,976,70671,0.081395194,0.09148299,718,-0.010087796,16.0,0.0,5.5,5.0,0.028644,0.044990547,-0.016346548,15.0,-1.0,1,0
5,cycle40_subj05_prior_low_1sess_150ep,977,70758,0.04812838,0.08951582,718,-0.04138744,512.0,0.0,157.0,158.0,0.019723143,0.040272456,-0.020549312,475.0,0.0,0,0
5,cycle40_subj05_prior_low_1sess_150ep,978,70764,0.06303695,0.08251668,569,-0.01947973,77.0,0.0,23.818181818181817,24.0,0.012989797,0.040190686,-0.027200889,76.0,-1.0,1,0
5,cycle40_subj05_prior_low_1sess_150ep,979,70947,0.06602645,0.09719025,718,-0.031163804,146.0,0.0,43.625,46.0,0.04049333,0.05909474,-0.018601406,124.0,0.0,0,0
5,cycle40_subj05_prior_low_1sess_150ep,980,71025,0.066176265,0.09506487,78,-0.028888606,177.0,0.0,58.53846153846154,58.0,0.047856092,0.0545257,-0.006669607,-69.0,0.0,0,0
5,cycle40_subj05_prior_low_1sess_150ep,981,71186,0.070476465,0.08915544,718,-0.018678978,48.0,0.0,16.166666666666668,17.5,0.025978375,0.048756134,-0.022777759,47.0,-1.0,1,0
5,cycle40_subj05_prior_low_1sess_150ep,982,71229,0.073046334,0.08746974,760,-0.014423408,32.0,0.0,11.142857142857142,12.0,0.023932233,0.037448373,-0.013516139,30.0,-0.8571428571428571,0,0
5,cycle40_subj05_prior_low_1sess_150ep,983,71232,0.08026307,0.08910494,947,-0.008841872,15.0,0.0,5.153846153846154,5.0,0.03064527,0.05110074,-0.020455468,14.0,-1.0,1,0
5,cycle40_subj05_prior_low_1sess_150ep,984,71241,0.07603984,0.09142798,718,-0.015388139,30.0,0.0,11.666666666666666,11.0,0.033832535,0.057427984,-0.023595449,29.0,-1.0,1,0
5,cycle40_subj05_prior_low_1sess_150ep,985,71410,0.07604536,0.091118135,266,-0.015072778,56.0,0.0,18.846153846153847,18.0,0.02373473,0.049799122,-0.026064392,55.0,-1.0,1,0
5,cycle40_subj05_prior_low_1sess_150ep,986,71450,0.06481304,0.09750961,227,-0.032696567,192.0,0.0,60.22222222222222,61.0,0.011053406,0.045485873,-0.034432467,191.0,-1.0,1,0
5,cycle40_subj05_prior_low_1sess_150ep,987,71753,0.094108485,0.097468935,227,-0.0033604503,2.0,0.8181818181818182,1.1818181818181819,1.0,0.050455663,0.051896855,-0.0014411919,0.0,0.09090909090909094,0,0
5,cycle40_subj05_prior_low_1sess_150ep,988,71894,0.08909926,0.09561196,171,-0.0065127015,8.0,0.25,2.5,3.0,0.0397344,0.03869179,0.0010426119,4.0,-0.5,0,0
5,cycle40_subj05_prior_low_1sess_150ep,989,71928,0.052014403,0.09392284,227,-0.041908436,413.0,0.0,125.72727272727273,124.0,0.008644935,0.049567867,-0.040922932,411.0,-0.7272727272727273,0,0
5,cycle40_subj05_prior_low_1sess_150ep,990,72015,0.091890074,0.09190179,718,-1.1712313e-05,2.0,0.7777777777777778,1.2222222222222223,1.0,0.045014184,0.051039897,-0.006025713,1.0,-0.2222222222222222,1,0
5,cycle40_subj05_prior_low_1sess_150ep,991,72080,0.08753477,0.092847265,299,-0.005312495,6.0,0.14285714285714285,2.7142857142857144,2.0,0.040163055,0.052755233,-0.012592178,5.0,-0.8571428571428572,1,0
5,cycle40_subj05_prior_low_1sess_150ep,992,72170,0.06855161,0.093045816,171,-0.024494208,93.0,0.0,28.666666666666668,29.0,0.032870565,0.045456078,-0.012585513,85.0,-0.1111111111111111,0,0
5,cycle40_subj05_prior_low_1sess_150ep,993,72209,0.07056582,0.086032495,223,-0.015466675,28.0,0.0,8.88888888888889,8.0,0.023785148,0.04283571,-0.01905056,27.0,-1.0,1,0
5,cycle40_subj05_prior_low_1sess_150ep,994,72257,0.06848535,0.095300026,171,-0.026814677,133.0,0.0,40.54545454545455,40.0,0.02816939,0.040684458,-0.012515068,124.0,-0.09090909090909091,0,0
5,cycle40_subj05_prior_low_1sess_150ep,995,72312,0.03986324,0.09232482,171,-0.052461583,657.0,0.0,198.22222222222223,197.0,0.01012855,0.04504992,-0.03492137,634.0,0.0,0,0
5,cycle40_subj05_prior_low_1sess_150ep,996,72510,0.060049742,0.08859509,828,-0.02854535,172.0,0.0,52.25,55.0,0.022304967,0.051829465,-0.029524498,171.0,-1.0,1,0
5,cycle40_subj05_prior_low_1sess_150ep,997,72605,0.083670154,0.091745414,174,-0.00807526,6.0,0.2727272727272727,2.272727272727273,2.0,0.022338852,0.0395005,-0.017161649,5.0,-0.7272727272727273,1,0
5,cycle40_subj05_prior_low_1sess_150ep,998,72719,0.080276184,0.08640451,827,-0.006128326,10.0,0.0,3.5714285714285716,3.0,0.04534635,0.04539643,-5.0079077e-05,8.0,-0.6428571428571429,0,0
5,cycle40_subj05_prior_low_1sess_150ep,999,72948,0.07025134,0.094214424,171,-0.023963086,83.0,0.0,27.7,28.5,0.01902904,0.050411977,-0.031382937,82.0,-1.0,1,0
