subject,model_name,eval_index,image_id,positive_similarity,hardest_impostor_similarity,hardest_impostor_index,margin,full_pool_rank,sampled_top1_success_rate,sampled_rank_mean,sampled_rank_median
7,cycle44_subj07_margin0_1sess_150ep,0,2950,0.034620747,0.043934736,24,-0.009313989,22.0,0.0,7.666666666666667,7.0
7,cycle44_subj07_margin0_1sess_150ep,1,2990,0.027212568,0.043926798,921,-0.01671423,125.0,0.0,38.0,37.0
7,cycle44_subj07_margin0_1sess_150ep,2,3049,0.04804433,0.053107917,11,-0.005063586,4.0,0.3333333333333333,1.8333333333333333,2.0
7,cycle44_subj07_margin0_1sess_150ep,3,3077,0.057596713,0.051721852,11,0.005874861,1.0,1.0,1.0,1.0
7,cycle44_subj07_margin0_1sess_150ep,4,3146,0.05120864,0.047984567,272,0.0032240748,1.0,1.0,1.0,1.0
7,cycle44_subj07_margin0_1sess_150ep,5,3157,0.05542255,0.060441174,778,-0.0050186254,4.0,0.4444444444444444,1.7777777777777777,2.0
7,cycle44_subj07_margin0_1sess_150ep,6,3164,0.05671557,0.05775161,655,-0.0010360405,2.0,0.875,1.125,1.0
7,cycle44_subj07_margin0_1sess_150ep,7,3171,0.04880726,0.056884244,522,-0.008076984,6.0,0.25,2.25,2.5
7,cycle44_subj07_margin0_1sess_150ep,8,3181,0.050980933,0.051159102,859,-0.00017816946,2.0,0.75,1.25,1.0
7,cycle44_subj07_margin0_1sess_150ep,9,3386,0.057601277,0.061120212,57,-0.0035189353,2.0,0.6,1.4,1.0
7,cycle44_subj07_margin0_1sess_150ep,10,3434,0.049028262,0.053390045,982,-0.004361782,7.0,0.16666666666666666,2.75,2.5
7,cycle44_subj07_margin0_1sess_150ep,11,3449,0.060133662,0.05577215,647,0.0043615103,1.0,1.0,1.0,1.0
7,cycle44_subj07_margin0_1sess_150ep,12,3489,0.062452327,0.052426353,271,0.010025974,1.0,1.0,1.0,1.0
7,cycle44_subj07_margin0_1sess_150ep,13,3626,0.06449677,0.051528748,316,0.012968022,1.0,1.0,1.0,1.0
7,cycle44_subj07_margin0_1sess_150ep,14,3682,0.04711712,0.048644464,685,-0.001527343,2.0,0.6,1.4,1.0
7,cycle44_subj07_margin0_1sess_150ep,15,3687,0.0452426,0.051729955,282,-0.0064873546,11.0,0.0,3.8333333333333335,4.0
7,cycle44_subj07_margin0_1sess_150ep,16,3729,0.03957115,0.053850207,106,-0.014279056,69.0,0.0,20.75,21.5
7,cycle44_subj07_margin0_1sess_150ep,17,3809,0.04686071,0.05465859,770,-0.007797882,5.0,0.5,1.75,1.5
7,cycle44_subj07_margin0_1sess_150ep,18,3842,0.05279551,0.053304784,149,-0.00050927326,3.0,0.375,1.625,2.0
7,cycle44_subj07_margin0_1sess_150ep,19,3847,0.034826126,0.051275775,428,-0.016449649,22.0,0.0,7.555555555555555,7.0
7,cycle44_subj07_margin0_1sess_150ep,20,3856,0.031234363,0.053306174,949,-0.02207181,116.0,0.0,38.714285714285715,40.0
7,cycle44_subj07_margin0_1sess_150ep,21,3913,0.056452896,0.05579732,822,0.0006555766,1.0,1.0,1.0,1.0
7,cycle44_subj07_margin0_1sess_150ep,22,3951,0.057879332,0.05285828,791,0.0050210543,1.0,1.0,1.0,1.0
7,cycle44_subj07_margin0_1sess_150ep,23,4051,0.048033893,0.05112106,484,-0.0030871667,4.0,0.5,1.5833333333333333,1.5
7,cycle44_subj07_margin0_1sess_150ep,24,4058,0.057277713,0.046511527,270,0.010766186,1.0,1.0,1.0,1.0
7,cycle44_subj07_margin0_1sess_150ep,25,4129,0.030688144,0.057355992,481,-0.026667848,313.0,0.0,95.91666666666667,97.5
7,cycle44_subj07_margin0_1sess_150ep,26,4156,0.046994466,0.06401393,717,-0.017019462,25.0,0.0,8.4,8.0
7,cycle44_subj07_margin0_1sess_150ep,27,4249,0.058980267,0.047627196,685,0.011353072,1.0,1.0,1.0,1.0
7,cycle44_subj07_margin0_1sess_150ep,28,4325,0.059248563,0.050618876,180,0.008629687,1.0,1.0,1.0,1.0
7,cycle44_subj07_margin0_1sess_150ep,29,4423,0.048954796,0.06063703,380,-0.011682235,4.0,0.4,2.1,2.0
7,cycle44_subj07_margin0_1sess_150ep,30,4436,0.055234972,0.048700225,490,0.006534748,1.0,1.0,1.0,1.0
7,cycle44_subj07_margin0_1sess_150ep,31,4612,0.051470395,0.045861498,760,0.0056088977,1.0,1.0,1.0,1.0
7,cycle44_subj07_margin0_1sess_150ep,32,4667,0.028173398,0.04434958,146,-0.016176183,26.0,0.0,7.384615384615385,7.0
7,cycle44_subj07_margin0_1sess_150ep,33,4690,0.044488955,0.048612803,298,-0.004123848,4.0,0.18181818181818182,2.3636363636363638,3.0
7,cycle44_subj07_margin0_1sess_150ep,34,4768,0.042283434,0.048139755,914,-0.0058563203,18.0,0.0,6.444444444444445,7.0
7,cycle44_subj07_margin0_1sess_150ep,35,4786,0.05557154,0.040330164,671,0.015241377,1.0,1.0,1.0,1.0
7,cycle44_subj07_margin0_1sess_150ep,36,4835,0.045986295,0.054661024,923,-0.00867473,6.0,0.25,2.3333333333333335,2.0
7,cycle44_subj07_margin0_1sess_150ep,37,4869,0.056152873,0.056218628,490,-6.57551e-05,2.0,0.4444444444444444,1.5555555555555556,2.0
7,cycle44_subj07_margin0_1sess_150ep,38,4892,0.0476837,0.0554089,380,-0.007725198,17.0,0.0,5.125,4.5
7,cycle44_subj07_margin0_1sess_150ep,39,4930,0.07168873,0.05124333,17,0.020445395,1.0,1.0,1.0,1.0
7,cycle44_subj07_margin0_1sess_150ep,40,5034,0.059205856,0.05321935,28,0.005986508,1.0,1.0,1.0,1.0
7,cycle44_subj07_margin0_1sess_150ep,41,5106,0.045736685,0.051475927,28,-0.005739242,6.0,0.0,3.3333333333333335,3.0
7,cycle44_subj07_margin0_1sess_150ep,42,5204,0.039817166,0.062204048,923,-0.022386882,73.0,0.0,22.857142857142858,23.0
7,cycle44_subj07_margin0_1sess_150ep,43,5285,0.05548956,0.05545663,761,3.292784e-05,1.0,1.0,1.0,1.0
7,cycle44_subj07_margin0_1sess_150ep,44,5301,0.061415825,0.04742218,208,0.013993643,1.0,1.0,1.0,1.0
7,cycle44_subj07_margin0_1sess_150ep,45,5338,0.035628017,0.048376653,239,-0.012748636,13.0,0.0,4.166666666666667,3.5
7,cycle44_subj07_margin0_1sess_150ep,46,5427,0.029484196,0.05287671,638,-0.023392515,120.0,0.0,36.25,38.0
7,cycle44_subj07_margin0_1sess_150ep,47,5459,0.04783471,0.045803677,380,0.002031032,1.0,1.0,1.0,1.0
7,cycle44_subj07_margin0_1sess_150ep,48,5502,0.024408322,0.056077614,93,-0.031669293,384.0,0.0,118.0,116.0
7,cycle44_subj07_margin0_1sess_150ep,49,5542,0.0588239,0.045547113,244,0.013276786,1.0,1.0,1.0,1.0
7,cycle44_subj07_margin0_1sess_150ep,50,5574,0.059046224,0.06432079,178,-0.005274564,2.0,0.875,1.125,1.0
7,cycle44_subj07_margin0_1sess_150ep,51,5583,0.06255529,0.059562426,897,0.0029928647,1.0,1.0,1.0,1.0
7,cycle44_subj07_margin0_1sess_150ep,52,5602,0.048104234,0.05793412,922,-0.009829886,2.0,0.7142857142857143,1.2857142857142858,1.0
7,cycle44_subj07_margin0_1sess_150ep,53,5714,0.06141155,0.0547105,153,0.0067010485,1.0,1.0,1.0,1.0
7,cycle44_subj07_margin0_1sess_150ep,54,5878,0.06865585,0.06022655,39,0.0084293,1.0,1.0,1.0,1.0
7,cycle44_subj07_margin0_1sess_150ep,55,5890,0.028789943,0.056508128,208,-0.027718185,496.0,0.0,156.2,157.0
7,cycle44_subj07_margin0_1sess_150ep,56,6132,0.046369873,0.055091172,167,-0.0087212995,6.0,0.08333333333333333,2.4166666666666665,2.5
7,cycle44_subj07_margin0_1sess_150ep,57,6199,0.057461005,0.05292243,828,0.0045385733,1.0,1.0,1.0,1.0
7,cycle44_subj07_margin0_1sess_150ep,58,6222,0.052111134,0.058913343,520,-0.0068022087,2.0,0.75,1.25,1.0
7,cycle44_subj07_margin0_1sess_150ep,59,6431,0.06330077,0.044226255,751,0.019074518,1.0,1.0,1.0,1.0
7,cycle44_subj07_margin0_1sess_150ep,60,6444,0.04258199,0.050337844,263,-0.0077558532,3.0,0.36363636363636365,1.7272727272727273,2.0
7,cycle44_subj07_margin0_1sess_150ep,61,6489,0.0433387,0.049015276,421,-0.005676575,7.0,0.2,3.1,4.0
7,cycle44_subj07_margin0_1sess_150ep,62,6514,0.037295014,0.054862317,28,-0.017567303,28.0,0.0,8.222222222222221,8.0
7,cycle44_subj07_margin0_1sess_150ep,63,6521,0.065550536,0.06006855,778,0.0054819845,1.0,1.0,1.0,1.0
7,cycle44_subj07_margin0_1sess_150ep,64,6524,0.036569394,0.04995935,493,-0.013389956,25.0,0.0,7.714285714285714,7.0
7,cycle44_subj07_margin0_1sess_150ep,65,6558,0.045968402,0.04955579,146,-0.0035873875,2.0,0.8181818181818182,1.1818181818181819,1.0
7,cycle44_subj07_margin0_1sess_150ep,66,6640,0.04524244,0.058101743,818,-0.0128593035,23.0,0.0,7.090909090909091,7.0
7,cycle44_subj07_margin0_1sess_150ep,67,6713,0.061616346,0.04935169,302,0.012264658,1.0,1.0,1.0,1.0
7,cycle44_subj07_margin0_1sess_150ep,68,6801,0.045341764,0.05590063,984,-0.010558866,12.0,0.0,4.5,4.5
7,cycle44_subj07_margin0_1sess_150ep,69,7007,0.04523906,0.059713107,484,-0.0144740455,25.0,0.0,7.7,7.0
7,cycle44_subj07_margin0_1sess_150ep,70,7039,0.06306,0.05362256,793,0.009437442,1.0,1.0,1.0,1.0
7,cycle44_subj07_margin0_1sess_150ep,71,7120,0.059277337,0.060006354,681,-0.00072901696,2.0,1.0,1.0,1.0
7,cycle44_subj07_margin0_1sess_150ep,72,7207,0.06836168,0.062033646,777,0.0063280314,1.0,1.0,1.0,1.0
7,cycle44_subj07_margin0_1sess_150ep,73,7336,0.054567255,0.056249075,717,-0.0016818196,3.0,0.75,1.25,1.0
7,cycle44_subj07_margin0_1sess_150ep,74,7366,0.040934473,0.04356733,705,-0.0026328564,2.0,0.4444444444444444,1.5555555555555556,2.0
7,cycle44_subj07_margin0_1sess_150ep,75,7409,0.06038046,0.05305012,468,0.0073303394,1.0,1.0,1.0,1.0
7,cycle44_subj07_margin0_1sess_150ep,76,7418,0.057076175,0.044356238,852,0.012719937,1.0,1.0,1.0,1.0
7,cycle44_subj07_margin0_1sess_150ep,77,7480,0.052258443,0.057614647,300,-0.0053562038,3.0,0.4,1.6,2.0
7,cycle44_subj07_margin0_1sess_150ep,78,7654,0.05051415,0.05761093,178,-0.0070967786,4.0,0.3076923076923077,2.1538461538461537,2.0
7,cycle44_subj07_margin0_1sess_150ep,79,7659,0.05497667,0.045855384,388,0.009121284,1.0,1.0,1.0,1.0
7,cycle44_subj07_margin0_1sess_150ep,80,7840,0.04422321,0.048913155,346,-0.004689943,5.0,0.125,2.75,3.0
7,cycle44_subj07_margin0_1sess_150ep,81,7859,0.048747648,0.04612306,509,0.0026245862,1.0,1.0,1.0,1.0
7,cycle44_subj07_margin0_1sess_150ep,82,7944,0.06400161,0.0515675,704,0.012434114,1.0,1.0,1.0,1.0
7,cycle44_subj07_margin0_1sess_150ep,83,7948,0.057636555,0.046420675,827,0.0112158805,1.0,1.0,1.0,1.0
7,cycle44_subj07_margin0_1sess_150ep,84,7954,0.03324277,0.04979636,590,-0.016553592,39.0,0.0,13.333333333333334,12.5
7,cycle44_subj07_margin0_1sess_150ep,85,8006,0.06356363,0.059598077,217,0.003965553,1.0,1.0,1.0,1.0
7,cycle44_subj07_margin0_1sess_150ep,86,8109,0.05086755,0.054114215,758,-0.003246665,3.0,0.5,1.5,1.5
7,cycle44_subj07_margin0_1sess_150ep,87,8204,0.0474304,0.04500607,12,0.0024243295,1.0,1.0,1.0,1.0
7,cycle44_subj07_margin0_1sess_150ep,88,8225,0.06795945,0.051623337,178,0.016336113,1.0,1.0,1.0,1.0
7,cycle44_subj07_margin0_1sess_150ep,89,8262,0.017105578,0.04839672,24,-0.031291142,455.0,0.0,135.5,136.0
7,cycle44_subj07_margin0_1sess_150ep,90,8274,0.047716625,0.050025526,380,-0.0023089014,3.0,0.5,1.6666666666666667,1.5
7,cycle44_subj07_margin0_1sess_150ep,91,8318,0.042532284,0.054813948,547,-0.012281664,19.0,0.0,5.75,5.5
7,cycle44_subj07_margin0_1sess_150ep,92,8387,0.04349283,0.045640416,67,-0.0021475852,6.0,0.25,2.25,2.0
7,cycle44_subj07_margin0_1sess_150ep,93,8394,0.059026975,0.0456036,827,0.013423376,1.0,1.0,1.0,1.0
7,cycle44_subj07_margin0_1sess_150ep,94,8415,0.051713727,0.05270083,540,-0.0009871013,2.0,0.8181818181818182,1.1818181818181819,1.0
7,cycle44_subj07_margin0_1sess_150ep,95,8435,0.047156483,0.056545824,717,-0.009389341,3.0,0.42857142857142855,1.5714285714285714,2.0
7,cycle44_subj07_margin0_1sess_150ep,96,8465,0.055652007,0.05874232,384,-0.0030903108,7.0,0.0,3.25,3.0
7,cycle44_subj07_margin0_1sess_150ep,97,8509,0.042100973,0.045984235,274,-0.0038832612,5.0,0.18181818181818182,2.0,2.0
7,cycle44_subj07_margin0_1sess_150ep,98,8631,0.054530744,0.06481768,875,-0.010286938,6.0,0.0,3.0,3.0
7,cycle44_subj07_margin0_1sess_150ep,99,8646,0.03852308,0.049801912,825,-0.0112788305,25.0,0.0,9.066666666666666,9.0
7,cycle44_subj07_margin0_1sess_150ep,100,8807,0.06297546,0.050201688,13,0.012773771,1.0,1.0,1.0,1.0
7,cycle44_subj07_margin0_1sess_150ep,101,8843,0.04347109,0.04717834,93,-0.0037072487,4.0,0.4444444444444444,1.8888888888888888,2.0
7,cycle44_subj07_margin0_1sess_150ep,102,8925,0.04137318,0.058419153,567,-0.017045975,32.0,0.0,9.428571428571429,9.0
7,cycle44_subj07_margin0_1sess_150ep,103,8933,0.04804154,0.047948126,23,9.341538e-05,1.0,1.0,1.0,1.0
7,cycle44_subj07_margin0_1sess_150ep,104,9027,0.04704667,0.050024156,984,-0.0029774867,2.0,0.5,1.5,1.5
7,cycle44_subj07_margin0_1sess_150ep,105,9048,0.06510758,0.040654026,752,0.02445355,1.0,1.0,1.0,1.0
7,cycle44_subj07_margin0_1sess_150ep,106,9147,0.06450434,0.061567254,541,0.002937086,1.0,1.0,1.0,1.0
7,cycle44_subj07_margin0_1sess_150ep,107,9230,0.06423952,0.046974104,755,0.017265413,1.0,1.0,1.0,1.0
7,cycle44_subj07_margin0_1sess_150ep,108,9434,0.055850517,0.055489335,831,0.0003611818,1.0,1.0,1.0,1.0
7,cycle44_subj07_margin0_1sess_150ep,109,9462,0.029915286,0.053827334,923,-0.023912048,114.0,0.0,35.0,35.0
7,cycle44_subj07_margin0_1sess_150ep,110,9680,0.04678559,0.05850755,766,-0.011721961,17.0,0.0,6.857142857142857,7.0
7,cycle44_subj07_margin0_1sess_150ep,111,9722,0.052242704,0.048458323,159,0.0037843809,1.0,1.0,1.0,1.0
7,cycle44_subj07_margin0_1sess_150ep,112,9804,0.039131746,0.05099974,673,-0.011867993,12.0,0.0,4.166666666666667,4.5
7,cycle44_subj07_margin0_1sess_150ep,113,9847,0.058427203,0.05682586,318,0.0016013421,1.0,1.0,1.0,1.0
7,cycle44_subj07_margin0_1sess_150ep,114,9865,0.033228766,0.054647155,327,-0.021418389,34.0,0.0,11.2,12.0
7,cycle44_subj07_margin0_1sess_150ep,115,9917,0.06116293,0.059382014,753,0.001780916,1.0,1.0,1.0,1.0
7,cycle44_subj07_margin0_1sess_150ep,116,9978,0.026257545,0.056697566,155,-0.030440021,376.0,0.0,114.0,114.0
7,cycle44_subj07_margin0_1sess_150ep,117,10006,0.046054,0.052813508,567,-0.0067595094,8.0,0.2,2.6,3.0
7,cycle44_subj07_margin0_1sess_150ep,118,10046,0.070009425,0.05390697,845,0.016102456,1.0,1.0,1.0,1.0
7,cycle44_subj07_margin0_1sess_150ep,119,10064,0.060319982,0.05346954,717,0.006850444,1.0,1.0,1.0,1.0
7,cycle44_subj07_margin0_1sess_150ep,120,10105,0.051253498,0.057606827,115,-0.00635333,6.0,0.0,2.6923076923076925,2.0
7,cycle44_subj07_margin0_1sess_150ep,121,10107,0.03944463,0.051400293,954,-0.011955664,36.0,0.0,12.5,13.0
7,cycle44_subj07_margin0_1sess_150ep,122,10244,0.053779785,0.05020817,571,0.0035716146,1.0,1.0,1.0,1.0
7,cycle44_subj07_margin0_1sess_150ep,123,10393,0.036983233,0.048963945,272,-0.011980712,21.0,0.0,6.444444444444445,6.0
7,cycle44_subj07_margin0_1sess_150ep,124,10471,0.0527017,0.042968426,469,0.009733275,1.0,1.0,1.0,1.0
7,cycle44_subj07_margin0_1sess_150ep,125,10507,0.059156343,0.04471153,327,0.014444813,1.0,1.0,1.0,1.0
7,cycle44_subj07_margin0_1sess_150ep,126,10586,0.028838055,0.04646782,393,-0.017629763,124.0,0.0,40.5,41.0
7,cycle44_subj07_margin0_1sess_150ep,127,10600,0.028140709,0.054556206,825,-0.026415497,76.0,0.0,23.285714285714285,22.0
7,cycle44_subj07_margin0_1sess_150ep,128,10610,0.04370125,0.050599344,136,-0.006898094,4.0,0.375,1.75,2.0
7,cycle44_subj07_margin0_1sess_150ep,129,10907,0.04632976,0.040299397,828,0.006030362,1.0,1.0,1.0,1.0
7,cycle44_subj07_margin0_1sess_150ep,130,11159,0.045600772,0.049537983,191,-0.003937211,2.0,0.8571428571428571,1.1428571428571428,1.0
7,cycle44_subj07_margin0_1sess_150ep,131,11333,0.044210754,0.05298543,318,-0.008774675,12.0,0.0,5.0,5.0
7,cycle44_subj07_margin0_1sess_150ep,132,11487,0.05145274,0.048452765,729,0.0029999763,1.0,1.0,1.0,1.0
7,cycle44_subj07_margin0_1sess_150ep,133,11521,0.03977418,0.04546629,710,-0.0056921095,15.0,0.0,4.285714285714286,4.0
7,cycle44_subj07_margin0_1sess_150ep,134,11566,0.049637727,0.04628589,567,0.0033518374,1.0,1.0,1.0,1.0
7,cycle44_subj07_margin0_1sess_150ep,135,11617,0.04881828,0.059813537,321,-0.010995258,6.0,0.1111111111111111,2.4444444444444446,3.0
7,cycle44_subj07_margin0_1sess_150ep,136,11635,0.058967393,0.05262685,118,0.0063405447,1.0,1.0,1.0,1.0
7,cycle44_subj07_margin0_1sess_150ep,137,11689,0.057522617,0.047825225,230,0.009697393,1.0,1.0,1.0,1.0
7,cycle44_subj07_margin0_1sess_150ep,138,11725,0.03886934,0.04571511,505,-0.0068457685,5.0,0.3,1.9,2.0
7,cycle44_subj07_margin0_1sess_150ep,139,11796,0.066242754,0.04111361,272,0.025129143,1.0,1.0,1.0,1.0
7,cycle44_subj07_margin0_1sess_150ep,140,11827,0.025836166,0.05593,601,-0.030093834,341.0,0.0,100.0,101.0
7,cycle44_subj07_margin0_1sess_150ep,141,11837,0.05926562,0.051366147,767,0.007899474,1.0,1.0,1.0,1.0
7,cycle44_subj07_margin0_1sess_150ep,142,11844,0.060327493,0.04418468,430,0.016142812,1.0,1.0,1.0,1.0
7,cycle44_subj07_margin0_1sess_150ep,143,11932,0.059357796,0.063680544,380,-0.0043227486,2.0,0.4,1.6,2.0
7,cycle44_subj07_margin0_1sess_150ep,144,11942,0.048856575,0.049165104,389,-0.00030852854,2.0,0.8333333333333334,1.1666666666666667,1.0
7,cycle44_subj07_margin0_1sess_150ep,145,11952,0.043593176,0.045889433,39,-0.0022962578,2.0,0.6666666666666666,1.3333333333333333,1.0
7,cycle44_subj07_margin0_1sess_150ep,146,12065,0.038953394,0.04394403,486,-0.0049906373,7.0,0.14285714285714285,2.5714285714285716,3.0
7,cycle44_subj07_margin0_1sess_150ep,147,12075,0.056446243,0.06451524,681,-0.008068997,2.0,1.0,1.0,1.0
7,cycle44_subj07_margin0_1sess_150ep,148,12214,0.059490725,0.049973544,2,0.009517182,1.0,1.0,1.0,1.0
7,cycle44_subj07_margin0_1sess_150ep,149,12308,0.07017862,0.052189898,587,0.017988723,1.0,1.0,1.0,1.0
7,cycle44_subj07_margin0_1sess_150ep,150,12487,0.057211444,0.05721707,753,-5.6251884e-06,2.0,0.75,1.25,1.0
7,cycle44_subj07_margin0_1sess_150ep,151,12495,0.035523824,0.05571252,57,-0.020188697,37.0,0.0,12.333333333333334,13.0
7,cycle44_subj07_margin0_1sess_150ep,152,12634,0.047861453,0.052236676,28,-0.004375223,4.0,0.6,1.6,1.0
7,cycle44_subj07_margin0_1sess_150ep,153,12685,0.06641813,0.05044992,356,0.015968215,1.0,1.0,1.0,1.0
7,cycle44_subj07_margin0_1sess_150ep,154,12796,0.052773733,0.04752372,576,0.0052500144,1.0,1.0,1.0,1.0
7,cycle44_subj07_margin0_1sess_150ep,155,12798,0.06028463,0.048812527,537,0.011472102,1.0,1.0,1.0,1.0
7,cycle44_subj07_margin0_1sess_150ep,156,12922,0.05988228,0.04686083,380,0.0130214505,1.0,1.0,1.0,1.0
7,cycle44_subj07_margin0_1sess_150ep,157,12937,0.04193263,0.04849686,172,-0.0065642297,4.0,0.2727272727272727,2.090909090909091,2.0
7,cycle44_subj07_margin0_1sess_150ep,158,13138,0.0662531,0.051139593,967,0.01511351,1.0,1.0,1.0,1.0
7,cycle44_subj07_margin0_1sess_150ep,159,13230,0.060360506,0.06446411,616,-0.004103601,2.0,0.7142857142857143,1.2857142857142858,1.0
7,cycle44_subj07_margin0_1sess_150ep,160,13312,0.05446745,0.04664225,178,0.0078251995,1.0,1.0,1.0,1.0
7,cycle44_subj07_margin0_1sess_150ep,161,13314,0.057326082,0.05148583,990,0.005840253,1.0,1.0,1.0,1.0
7,cycle44_subj07_margin0_1sess_150ep,162,13613,0.057120904,0.057172563,769,-5.16586e-05,2.0,0.8333333333333334,1.1666666666666667,1.0
7,cycle44_subj07_margin0_1sess_150ep,163,13653,0.05748016,0.051733807,118,0.0057463534,1.0,1.0,1.0,1.0
7,cycle44_subj07_margin0_1sess_150ep,164,13662,0.04222483,0.056591865,788,-0.0143670365,19.0,0.0,7.888888888888889,7.0
7,cycle44_subj07_margin0_1sess_150ep,165,13720,0.035351545,0.044084772,57,-0.008733228,16.0,0.0,4.75,4.5
7,cycle44_subj07_margin0_1sess_150ep,166,13846,0.037670057,0.052647687,377,-0.01497763,19.0,0.0,6.545454545454546,5.0
7,cycle44_subj07_margin0_1sess_150ep,167,14110,0.044500474,0.05252056,208,-0.008020084,5.0,0.2,2.6,3.0
7,cycle44_subj07_margin0_1sess_150ep,168,14121,0.040496886,0.036395267,200,0.004101619,1.0,1.0,1.0,1.0
7,cycle44_subj07_margin0_1sess_150ep,169,14165,0.06264201,0.057782385,50,0.0048596226,1.0,1.0,1.0,1.0
7,cycle44_subj07_margin0_1sess_150ep,170,14179,0.024004055,0.048479863,118,-0.024475807,166.0,0.0,49.2,49.0
7,cycle44_subj07_margin0_1sess_150ep,171,14443,0.05304325,0.05128868,57,0.0017545708,1.0,1.0,1.0,1.0
7,cycle44_subj07_margin0_1sess_150ep,172,14528,0.04374289,0.041425105,208,0.0023177862,1.0,1.0,1.0,1.0
7,cycle44_subj07_margin0_1sess_150ep,173,14567,0.058933415,0.049102172,959,0.009831242,1.0,1.0,1.0,1.0
7,cycle44_subj07_margin0_1sess_150ep,174,14594,0.06117764,0.06519736,590,-0.0040197223,2.0,0.3333333333333333,1.6666666666666667,2.0
7,cycle44_subj07_margin0_1sess_150ep,175,14610,0.046161257,0.046831887,900,-0.0006706305,2.0,0.875,1.125,1.0
7,cycle44_subj07_margin0_1sess_150ep,176,14644,0.05656836,0.056093764,655,0.00047459826,1.0,1.0,1.0,1.0
7,cycle44_subj07_margin0_1sess_150ep,177,14793,0.032005075,0.05329459,388,-0.021289516,35.0,0.0,11.272727272727273,11.0
7,cycle44_subj07_margin0_1sess_150ep,178,14808,0.067608915,0.052275524,50,0.015333392,1.0,1.0,1.0,1.0
7,cycle44_subj07_margin0_1sess_150ep,179,14820,0.012447198,0.060397122,28,-0.047949925,344.0,0.0,106.75,107.0
7,cycle44_subj07_margin0_1sess_150ep,180,14898,0.054844264,0.054169428,770,0.00067483634,1.0,1.0,1.0,1.0
7,cycle44_subj07_margin0_1sess_150ep,181,14931,0.04740561,0.05644365,454,-0.009038039,9.0,0.09090909090909091,2.909090909090909,3.0
7,cycle44_subj07_margin0_1sess_150ep,182,15003,0.06282552,0.04245974,178,0.020365782,1.0,1.0,1.0,1.0
7,cycle44_subj07_margin0_1sess_150ep,183,15025,0.058418486,0.052643754,774,0.0057747327,1.0,1.0,1.0,1.0
7,cycle44_subj07_margin0_1sess_150ep,184,15128,0.037814505,0.0525223,567,-0.014707796,55.0,0.0,18.0,17.0
7,cycle44_subj07_margin0_1sess_150ep,185,15364,0.05162996,0.048775535,395,0.0028544255,1.0,1.0,1.0,1.0
7,cycle44_subj07_margin0_1sess_150ep,186,15492,0.054131124,0.04982064,380,0.004310485,1.0,1.0,1.0,1.0
7,cycle44_subj07_margin0_1sess_150ep,187,15506,0.052852858,0.053388406,567,-0.00053554773,2.0,0.9230769230769231,1.0769230769230769,1.0
7,cycle44_subj07_margin0_1sess_150ep,188,15793,0.06271771,0.05094842,178,0.011769295,1.0,1.0,1.0,1.0
7,cycle44_subj07_margin0_1sess_150ep,189,15819,0.05852267,0.04997366,773,0.008549012,1.0,1.0,1.0,1.0
7,cycle44_subj07_margin0_1sess_150ep,190,15939,0.06061353,0.056114085,827,0.0044994466,1.0,1.0,1.0,1.0
7,cycle44_subj07_margin0_1sess_150ep,191,16063,0.044350456,0.048571356,567,-0.004220899,2.0,0.875,1.125,1.0
7,cycle44_subj07_margin0_1sess_150ep,192,16252,0.04841814,0.048384238,914,3.390014e-05,1.0,1.0,1.0,1.0
7,cycle44_subj07_margin0_1sess_150ep,193,16344,0.035922624,0.050553247,145,-0.014630623,15.0,0.0,4.545454545454546,4.0
7,cycle44_subj07_margin0_1sess_150ep,194,16421,0.04529223,0.04984978,921,-0.00455755,7.0,0.0,2.1666666666666665,2.0
7,cycle44_subj07_margin0_1sess_150ep,195,16466,0.055969648,0.049941525,227,0.006028123,1.0,1.0,1.0,1.0
7,cycle44_subj07_margin0_1sess_150ep,196,16616,0.060285345,0.049204838,545,0.011080507,1.0,1.0,1.0,1.0
7,cycle44_subj07_margin0_1sess_150ep,197,16635,0.044849973,0.047296178,353,-0.0024462044,5.0,0.3333333333333333,2.111111111111111,2.0
7,cycle44_subj07_margin0_1sess_150ep,198,16655,0.03797024,0.055685632,832,-0.01771539,44.0,0.0,14.272727272727273,14.0
7,cycle44_subj07_margin0_1sess_150ep,199,16702,0.047306035,0.042635147,206,0.004670888,1.0,1.0,1.0,1.0
7,cycle44_subj07_margin0_1sess_150ep,200,16723,0.05171007,0.03715077,812,0.014559299,1.0,1.0,1.0,1.0
7,cycle44_subj07_margin0_1sess_150ep,201,16823,0.06799498,0.040317647,739,0.027677335,1.0,1.0,1.0,1.0
7,cycle44_subj07_margin0_1sess_150ep,202,16841,0.037752815,0.05104782,380,-0.013295006,52.0,0.0,13.777777777777779,15.0
7,cycle44_subj07_margin0_1sess_150ep,203,16865,0.055144697,0.052391175,270,0.0027535222,1.0,1.0,1.0,1.0
7,cycle44_subj07_margin0_1sess_150ep,204,16868,0.06021535,0.048213378,761,0.012001973,1.0,1.0,1.0,1.0
7,cycle44_subj07_margin0_1sess_150ep,205,16917,0.05756006,0.05368978,764,0.0038702786,1.0,1.0,1.0,1.0
7,cycle44_subj07_margin0_1sess_150ep,206,17048,0.045163114,0.051831603,828,-0.0066684894,10.0,0.2,2.6,3.0
7,cycle44_subj07_margin0_1sess_150ep,207,17230,0.03750686,0.058345847,766,-0.020838987,47.0,0.0,15.166666666666666,15.0
7,cycle44_subj07_margin0_1sess_150ep,208,17238,0.060147423,0.05348183,923,0.006665595,1.0,1.0,1.0,1.0
7,cycle44_subj07_margin0_1sess_150ep,209,17369,0.045730695,0.050589588,516,-0.0048588924,7.0,0.1,3.2,3.0
7,cycle44_subj07_margin0_1sess_150ep,210,17374,0.052329578,0.053127147,540,-0.00079756975,2.0,0.75,1.25,1.0
7,cycle44_subj07_margin0_1sess_150ep,211,17450,0.047632854,0.057847165,115,-0.01021431,9.0,0.1,2.9,3.0
7,cycle44_subj07_margin0_1sess_150ep,212,17463,0.043830097,0.05042808,923,-0.0065979846,9.0,0.15384615384615385,3.0,3.0
7,cycle44_subj07_margin0_1sess_150ep,213,17485,0.035047274,0.049114592,208,-0.014067318,23.0,0.0,8.333333333333334,8.0
7,cycle44_subj07_margin0_1sess_150ep,214,17549,0.050871395,0.05182467,886,-0.0009532757,2.0,0.75,1.25,1.0
7,cycle44_subj07_margin0_1sess_150ep,215,17595,0.06590836,0.052598998,204,0.01330936,1.0,1.0,1.0,1.0
7,cycle44_subj07_margin0_1sess_150ep,216,17776,0.041472502,0.047621377,39,-0.0061488748,12.0,0.0,4.875,5.0
7,cycle44_subj07_margin0_1sess_150ep,217,17794,0.062209416,0.055790063,85,0.006419353,1.0,1.0,1.0,1.0
7,cycle44_subj07_margin0_1sess_150ep,218,17934,0.034552276,0.060193364,266,-0.025641087,111.0,0.0,34.4,34.5
7,cycle44_subj07_margin0_1sess_150ep,219,17942,0.049604833,0.06074765,830,-0.011142816,13.0,0.0,5.444444444444445,5.0
7,cycle44_subj07_margin0_1sess_150ep,220,18268,0.036758456,0.04887312,522,-0.012114663,16.0,0.0,5.75,6.0
7,cycle44_subj07_margin0_1sess_150ep,221,18434,0.06877824,0.056948323,852,0.011829916,1.0,1.0,1.0,1.0
7,cycle44_subj07_margin0_1sess_150ep,222,18483,0.05648351,0.054051124,403,0.0024323873,1.0,1.0,1.0,1.0
7,cycle44_subj07_margin0_1sess_150ep,223,18505,0.033884175,0.045541547,849,-0.011657372,15.0,0.0,5.7272727272727275,6.0
7,cycle44_subj07_margin0_1sess_150ep,224,18535,0.052758455,0.0507794,802,0.0019790567,1.0,1.0,1.0,1.0
7,cycle44_subj07_margin0_1sess_150ep,225,18543,0.0574056,0.054242108,380,0.0031634904,1.0,1.0,1.0,1.0
7,cycle44_subj07_margin0_1sess_150ep,226,18690,0.06586094,0.043432113,912,0.02242883,1.0,1.0,1.0,1.0
7,cycle44_subj07_margin0_1sess_150ep,227,18796,0.050295573,0.056888267,541,-0.0065926947,4.0,0.25,1.875,2.0
7,cycle44_subj07_margin0_1sess_150ep,228,19074,0.049715936,0.05991767,403,-0.010201734,6.0,0.0,3.0,3.0
7,cycle44_subj07_margin0_1sess_150ep,229,19181,0.027543006,0.043890223,370,-0.016347216,26.0,0.0,9.0,9.0
7,cycle44_subj07_margin0_1sess_150ep,230,19199,0.066325784,0.054121085,57,0.012204699,1.0,1.0,1.0,1.0
7,cycle44_subj07_margin0_1sess_150ep,231,19200,0.064675465,0.0567268,380,0.007948667,1.0,1.0,1.0,1.0
7,cycle44_subj07_margin0_1sess_150ep,232,19292,0.035630904,0.04420623,673,-0.008575328,20.0,0.0,7.333333333333333,7.0
7,cycle44_subj07_margin0_1sess_150ep,233,19436,0.061180998,0.06744634,143,-0.006265346,2.0,0.8333333333333334,1.1666666666666667,1.0
7,cycle44_subj07_margin0_1sess_150ep,234,19573,0.018976133,0.055106375,710,-0.036130242,341.0,0.0,103.88888888888889,105.0
7,cycle44_subj07_margin0_1sess_150ep,235,19642,0.039638564,0.05219327,274,-0.012554705,55.0,0.0,18.1,18.5
7,cycle44_subj07_margin0_1sess_150ep,236,19672,0.02326091,0.04645222,831,-0.02319131,249.0,0.0,74.66666666666667,74.0
7,cycle44_subj07_margin0_1sess_150ep,237,19690,0.03517445,0.050802838,505,-0.015628386,61.0,0.0,16.5,16.0
7,cycle44_subj07_margin0_1sess_150ep,238,19933,0.041914072,0.052985452,963,-0.01107138,4.0,0.5,1.5,1.5
7,cycle44_subj07_margin0_1sess_150ep,239,20054,0.06546364,0.048254836,749,0.017208803,1.0,1.0,1.0,1.0
7,cycle44_subj07_margin0_1sess_150ep,240,20064,0.04819338,0.05212924,849,-0.0039358586,6.0,0.3076923076923077,2.076923076923077,2.0
7,cycle44_subj07_margin0_1sess_150ep,241,20080,0.041751795,0.058698427,831,-0.016946632,9.0,0.0,3.7,3.0
7,cycle44_subj07_margin0_1sess_150ep,242,20206,0.035225775,0.04558031,107,-0.010354534,10.0,0.1,2.8,3.0
7,cycle44_subj07_margin0_1sess_150ep,243,20223,0.05687877,0.04805044,685,0.008828331,1.0,1.0,1.0,1.0
7,cycle44_subj07_margin0_1sess_150ep,244,20265,0.058263972,0.04925851,186,0.009005461,1.0,1.0,1.0,1.0
7,cycle44_subj07_margin0_1sess_150ep,245,20307,0.048236378,0.05932374,4,-0.011087362,4.0,0.6,1.4,1.0
7,cycle44_subj07_margin0_1sess_150ep,246,20442,0.060211837,0.04821308,537,0.011998758,1.0,1.0,1.0,1.0
7,cycle44_subj07_margin0_1sess_150ep,247,20633,0.05577079,0.06178064,717,-0.0060098507,2.0,0.8181818181818182,1.1818181818181819,1.0
7,cycle44_subj07_margin0_1sess_150ep,248,20650,0.03540246,0.05999256,921,-0.024590101,70.0,0.0,23.0,22.0
7,cycle44_subj07_margin0_1sess_150ep,249,20702,0.057808086,0.044905946,85,0.012902141,1.0,1.0,1.0,1.0
7,cycle44_subj07_margin0_1sess_150ep,250,20738,0.07841325,0.06304781,591,0.015365437,1.0,1.0,1.0,1.0
7,cycle44_subj07_margin0_1sess_150ep,251,20777,0.045172974,0.04915493,178,-0.0039819553,5.0,0.3076923076923077,2.1538461538461537,2.0
7,cycle44_subj07_margin0_1sess_150ep,252,20820,0.04836146,0.051534202,516,-0.0031727403,7.0,0.1,2.4,2.0
7,cycle44_subj07_margin0_1sess_150ep,253,21108,0.04923122,0.049593583,721,-0.0003623627,2.0,0.5,1.5,1.5
7,cycle44_subj07_margin0_1sess_150ep,254,21192,0.0645962,0.06110771,321,0.0034884885,1.0,1.0,1.0,1.0
7,cycle44_subj07_margin0_1sess_150ep,255,21194,0.045676455,0.047824595,788,-0.0021481402,2.0,0.5714285714285714,1.4285714285714286,1.0
7,cycle44_subj07_margin0_1sess_150ep,256,21197,0.03247786,0.060437318,828,-0.027959459,92.0,0.0,30.363636363636363,31.0
7,cycle44_subj07_margin0_1sess_150ep,257,21218,0.038184736,0.048824802,162,-0.010640066,24.0,0.0,8.0,8.0
7,cycle44_subj07_margin0_1sess_150ep,258,21253,0.050966416,0.04484702,201,0.0061193965,1.0,1.0,1.0,1.0
7,cycle44_subj07_margin0_1sess_150ep,259,21279,0.052243087,0.047622405,392,0.0046206824,1.0,1.0,1.0,1.0
7,cycle44_subj07_margin0_1sess_150ep,260,21318,0.037795376,0.05755112,178,-0.019755743,67.0,0.0,23.0,23.0
7,cycle44_subj07_margin0_1sess_150ep,261,21508,0.04164923,0.049899828,830,-0.008250598,12.0,0.0,4.0,4.0
7,cycle44_subj07_margin0_1sess_150ep,262,21526,0.027641434,0.047469005,11,-0.01982757,108.0,0.0,31.1,32.5
7,cycle44_subj07_margin0_1sess_150ep,263,21553,0.055696234,0.04469649,441,0.010999743,1.0,1.0,1.0,1.0
7,cycle44_subj07_margin0_1sess_150ep,264,21601,0.050901655,0.042567436,52,0.008334219,1.0,1.0,1.0,1.0
7,cycle44_subj07_margin0_1sess_150ep,265,21703,0.04544479,0.04579376,982,-0.0003489703,2.0,0.6666666666666666,1.3333333333333333,1.0
7,cycle44_subj07_margin0_1sess_150ep,266,21950,0.06406728,0.054796685,141,0.009270597,1.0,1.0,1.0,1.0
7,cycle44_subj07_margin0_1sess_150ep,267,21989,0.041247386,0.0476239,777,-0.0063765123,6.0,0.2,2.5,2.5
7,cycle44_subj07_margin0_1sess_150ep,268,22138,0.051945016,0.0588499,704,-0.006904885,6.0,0.0,2.5,2.0
7,cycle44_subj07_margin0_1sess_150ep,269,22143,0.052147347,0.05609792,655,-0.0039505735,2.0,0.4,1.6,2.0
7,cycle44_subj07_margin0_1sess_150ep,270,22155,0.017392373,0.04439873,831,-0.027006356,274.0,0.0,80.875,80.0
7,cycle44_subj07_margin0_1sess_150ep,271,22263,0.067684256,0.070441544,616,-0.0027572885,2.0,0.8888888888888888,1.1111111111111112,1.0
7,cycle44_subj07_margin0_1sess_150ep,272,22387,0.06385731,0.055782903,766,0.008074407,1.0,1.0,1.0,1.0
7,cycle44_subj07_margin0_1sess_150ep,273,22495,0.05157568,0.05094721,830,0.00062846765,1.0,1.0,1.0,1.0
7,cycle44_subj07_margin0_1sess_150ep,274,22505,0.05490745,0.062367,567,-0.007459551,2.0,0.875,1.125,1.0
7,cycle44_subj07_margin0_1sess_150ep,275,22515,0.044599116,0.05257559,580,-0.007976472,13.0,0.0,4.857142857142857,5.0
7,cycle44_subj07_margin0_1sess_150ep,276,22523,0.06675678,0.05247412,23,0.014282659,1.0,1.0,1.0,1.0
7,cycle44_subj07_margin0_1sess_150ep,277,22530,0.041111164,0.054487344,549,-0.01337618,23.0,0.0,8.333333333333334,8.5
7,cycle44_subj07_margin0_1sess_150ep,278,22585,0.044464722,0.053590745,954,-0.009126022,6.0,0.0,3.0,2.0
7,cycle44_subj07_margin0_1sess_150ep,279,22587,0.06397267,0.05073947,794,0.013233196,1.0,1.0,1.0,1.0
7,cycle44_subj07_margin0_1sess_150ep,280,22772,0.049081054,0.05309651,710,-0.004015457,5.0,0.2222222222222222,2.2222222222222223,2.0
7,cycle44_subj07_margin0_1sess_150ep,281,22782,0.054217562,0.04689314,36,0.0073244236,1.0,1.0,1.0,1.0
7,cycle44_subj07_margin0_1sess_150ep,282,22794,0.057336785,0.0549509,828,0.0023858845,1.0,1.0,1.0,1.0
7,cycle44_subj07_margin0_1sess_150ep,283,22809,0.04753415,0.06008805,791,-0.0125539005,4.0,0.0,2.5,2.0
7,cycle44_subj07_margin0_1sess_150ep,284,22845,0.03305675,0.046819553,942,-0.013762802,57.0,0.0,15.9,16.0
7,cycle44_subj07_margin0_1sess_150ep,285,22873,0.04319431,0.05333904,848,-0.010144733,17.0,0.0,5.285714285714286,5.0
7,cycle44_subj07_margin0_1sess_150ep,286,22879,0.059049025,0.04617172,963,0.012877304,1.0,1.0,1.0,1.0
7,cycle44_subj07_margin0_1sess_150ep,287,22886,0.050997674,0.052566674,638,-0.0015689991,3.0,0.26666666666666666,1.7333333333333334,2.0
7,cycle44_subj07_margin0_1sess_150ep,288,22957,0.05485873,0.05237812,767,0.0024806075,1.0,1.0,1.0,1.0
7,cycle44_subj07_margin0_1sess_150ep,289,22967,0.07255276,0.046136912,208,0.026415851,1.0,1.0,1.0,1.0
7,cycle44_subj07_margin0_1sess_150ep,290,22993,0.04222896,0.051465176,318,-0.009236217,15.0,0.0,4.7,5.0
7,cycle44_subj07_margin0_1sess_150ep,291,23036,0.054091126,0.044536516,403,0.00955461,1.0,1.0,1.0,1.0
7,cycle44_subj07_margin0_1sess_150ep,292,23241,0.024932286,0.047195982,50,-0.022263696,104.0,0.0,32.857142857142854,33.0
7,cycle44_subj07_margin0_1sess_150ep,293,23492,0.027058696,0.059383176,947,-0.032324478,144.0,0.0,43.888888888888886,43.0
7,cycle44_subj07_margin0_1sess_150ep,294,23715,0.057221044,0.05320352,947,0.0040175244,1.0,1.0,1.0,1.0
7,cycle44_subj07_margin0_1sess_150ep,295,23729,0.05876933,0.051661197,833,0.0071081333,1.0,1.0,1.0,1.0
7,cycle44_subj07_margin0_1sess_150ep,296,23871,0.034805365,0.046106588,178,-0.011301223,34.0,0.0,10.8,10.0
7,cycle44_subj07_margin0_1sess_150ep,297,23876,0.043383025,0.05406276,871,-0.010679737,9.0,0.0,3.111111111111111,3.0
7,cycle44_subj07_margin0_1sess_150ep,298,23883,0.04111866,0.03630118,93,0.0048174784,1.0,1.0,1.0,1.0
7,cycle44_subj07_margin0_1sess_150ep,299,23993,0.05274741,0.051926013,132,0.0008213967,1.0,1.0,1.0,1.0
7,cycle44_subj07_margin0_1sess_150ep,300,24202,0.057367668,0.056524627,532,0.00084304065,1.0,1.0,1.0,1.0
7,cycle44_subj07_margin0_1sess_150ep,301,24214,0.058746796,0.059391048,567,-0.0006442517,2.0,1.0,1.0,1.0
7,cycle44_subj07_margin0_1sess_150ep,302,24264,0.06916389,0.053434566,39,0.015729323,1.0,1.0,1.0,1.0
7,cycle44_subj07_margin0_1sess_150ep,303,24317,0.048892405,0.046053905,401,0.0028384998,1.0,1.0,1.0,1.0
7,cycle44_subj07_margin0_1sess_150ep,304,24480,0.04067946,0.050466575,827,-0.009787116,21.0,0.0,6.833333333333333,7.0
7,cycle44_subj07_margin0_1sess_150ep,305,24517,0.047767434,0.051163845,967,-0.0033964105,7.0,0.0,2.5,2.0
7,cycle44_subj07_margin0_1sess_150ep,306,24530,0.020105643,0.051947538,875,-0.031841896,519.0,0.0,155.15384615384616,159.0
7,cycle44_subj07_margin0_1sess_150ep,307,24560,0.053956863,0.055168882,685,-0.0012120195,2.0,0.2,1.8,2.0
7,cycle44_subj07_margin0_1sess_150ep,308,24638,0.0543545,0.061218172,484,-0.0068636723,3.0,0.5,1.5,1.5
7,cycle44_subj07_margin0_1sess_150ep,309,24640,0.036889564,0.044032227,825,-0.007142663,9.0,0.0,3.0,3.0
7,cycle44_subj07_margin0_1sess_150ep,310,24649,0.043082505,0.04726735,208,-0.004184846,9.0,0.16666666666666666,3.3333333333333335,3.0
7,cycle44_subj07_margin0_1sess_150ep,311,24739,0.03869258,0.049654797,399,-0.010962218,34.0,0.0,9.727272727272727,9.0
7,cycle44_subj07_margin0_1sess_150ep,312,24740,0.053720556,0.057089616,250,-0.0033690594,3.0,0.4166666666666667,1.5833333333333333,2.0
7,cycle44_subj07_margin0_1sess_150ep,313,24787,0.048577666,0.050273865,388,-0.0016961992,3.0,0.4444444444444444,1.6666666666666667,2.0
7,cycle44_subj07_margin0_1sess_150ep,314,24846,0.056116365,0.04707347,17,0.009042896,1.0,1.0,1.0,1.0
7,cycle44_subj07_margin0_1sess_150ep,315,25059,0.05005324,0.055678315,590,-0.0056250766,4.0,0.14285714285714285,2.4285714285714284,2.0
7,cycle44_subj07_margin0_1sess_150ep,316,25091,0.05210986,0.051987257,947,0.00012260303,1.0,1.0,1.0,1.0
7,cycle44_subj07_margin0_1sess_150ep,317,25111,0.054581825,0.058203813,499,-0.003621988,4.0,0.3,1.8,2.0
7,cycle44_subj07_margin0_1sess_150ep,318,25205,0.046191517,0.056032397,710,-0.00984088,12.0,0.0,5.2,5.5
7,cycle44_subj07_margin0_1sess_150ep,319,25250,0.06379877,0.049704056,985,0.014094714,1.0,1.0,1.0,1.0
7,cycle44_subj07_margin0_1sess_150ep,320,25268,0.057926085,0.04936549,301,0.008560594,1.0,1.0,1.0,1.0
7,cycle44_subj07_margin0_1sess_150ep,321,25284,0.07004599,0.056974586,849,0.013071407,1.0,1.0,1.0,1.0
7,cycle44_subj07_margin0_1sess_150ep,322,25287,0.049792655,0.04109656,696,0.008696094,1.0,1.0,1.0,1.0
7,cycle44_subj07_margin0_1sess_150ep,323,25318,0.060119,0.06389691,516,-0.00377791,2.0,0.7,1.3,1.0
7,cycle44_subj07_margin0_1sess_150ep,324,25319,0.042948224,0.050440032,859,-0.0074918084,14.0,0.0,5.2,5.5
7,cycle44_subj07_margin0_1sess_150ep,325,25371,0.051881365,0.05767741,947,-0.005796045,3.0,0.6363636363636364,1.4545454545454546,1.0
7,cycle44_subj07_margin0_1sess_150ep,326,25454,0.03957001,0.054363385,567,-0.014793374,41.0,0.0,13.0,13.0
7,cycle44_subj07_margin0_1sess_150ep,327,25570,0.060705222,0.05510212,567,0.005603101,1.0,1.0,1.0,1.0
7,cycle44_subj07_margin0_1sess_150ep,328,25578,0.056376338,0.050070066,12,0.006306272,1.0,1.0,1.0,1.0
7,cycle44_subj07_margin0_1sess_150ep,329,25581,0.0595065,0.060327806,758,-0.0008213073,2.0,0.6363636363636364,1.3636363636363635,1.0
7,cycle44_subj07_margin0_1sess_150ep,330,25588,0.04291866,0.050941523,282,-0.008022863,7.0,0.1,3.6,3.0
7,cycle44_subj07_margin0_1sess_150ep,331,25602,0.016973155,0.048544936,12,-0.031571783,423.0,0.0,124.44444444444444,126.0
7,cycle44_subj07_margin0_1sess_150ep,332,25693,0.041564252,0.054740515,947,-0.013176262,11.0,0.0,3.375,3.0
7,cycle44_subj07_margin0_1sess_150ep,333,25702,0.0397686,0.048672255,466,-0.008903656,8.0,0.0,3.4444444444444446,3.0
7,cycle44_subj07_margin0_1sess_150ep,334,25711,0.04919434,0.055969287,54,-0.006774947,9.0,0.1111111111111111,3.888888888888889,4.0
7,cycle44_subj07_margin0_1sess_150ep,335,25741,0.04243227,0.046712086,717,-0.0042798147,2.0,0.8,1.2,1.0
7,cycle44_subj07_margin0_1sess_150ep,336,25746,0.047533654,0.060683526,49,-0.013149872,18.0,0.0,5.8,7.0
7,cycle44_subj07_margin0_1sess_150ep,337,25881,0.053368077,0.056700863,787,-0.0033327863,2.0,0.6666666666666666,1.3333333333333333,1.0
7,cycle44_subj07_margin0_1sess_150ep,338,25906,0.047715843,0.04613478,696,0.0015810616,1.0,1.0,1.0,1.0
7,cycle44_subj07_margin0_1sess_150ep,339,25959,0.053331167,0.04900254,634,0.004328627,1.0,1.0,1.0,1.0
7,cycle44_subj07_margin0_1sess_150ep,340,26119,0.048200574,0.053234264,100,-0.0050336905,3.0,0.2,1.9,2.0
7,cycle44_subj07_margin0_1sess_150ep,341,26127,0.052231107,0.052540448,571,-0.00030934066,2.0,0.5714285714285714,1.4285714285714286,1.0
7,cycle44_subj07_margin0_1sess_150ep,342,26163,0.047083706,0.04827256,850,-0.0011888556,3.0,0.6,1.4,1.0
7,cycle44_subj07_margin0_1sess_150ep,343,26243,0.039832346,0.057718717,844,-0.01788637,49.0,0.0,15.875,16.5
7,cycle44_subj07_margin0_1sess_150ep,344,26292,0.03012089,0.051387012,571,-0.021266121,94.0,0.0,30.25,29.0
7,cycle44_subj07_margin0_1sess_150ep,345,26307,0.0530257,0.045046475,840,0.007979225,1.0,1.0,1.0,1.0
7,cycle44_subj07_margin0_1sess_150ep,346,26351,0.051976956,0.054559547,50,-0.002582591,2.0,0.8,1.2,1.0
7,cycle44_subj07_margin0_1sess_150ep,347,26372,0.047820427,0.047125828,75,0.000694599,1.0,1.0,1.0,1.0
7,cycle44_subj07_margin0_1sess_150ep,348,26435,0.05427427,0.046217974,659,0.008056294,1.0,1.0,1.0,1.0
7,cycle44_subj07_margin0_1sess_150ep,349,26458,0.051940076,0.06015404,541,-0.008213963,11.0,0.0,4.25,4.0
7,cycle44_subj07_margin0_1sess_150ep,350,26598,0.045767237,0.043918524,108,0.0018487126,1.0,1.0,1.0,1.0
7,cycle44_subj07_margin0_1sess_150ep,351,26720,0.03845089,0.05173113,984,-0.013280239,17.0,0.0,6.0,6.0
7,cycle44_subj07_margin0_1sess_150ep,352,26780,0.031385135,0.049457487,208,-0.018072352,44.0,0.0,13.0,14.0
7,cycle44_subj07_margin0_1sess_150ep,353,26895,0.062274083,0.05466003,120,0.007614054,1.0,1.0,1.0,1.0
7,cycle44_subj07_margin0_1sess_150ep,354,26909,0.035496082,0.043180633,93,-0.007684551,23.0,0.0,7.9,8.0
7,cycle44_subj07_margin0_1sess_150ep,355,26971,0.02889873,0.056154944,689,-0.027256213,191.0,0.0,56.38461538461539,55.0
7,cycle44_subj07_margin0_1sess_150ep,356,26990,0.05586894,0.055850822,225,1.8116087e-05,1.0,1.0,1.0,1.0
7,cycle44_subj07_margin0_1sess_150ep,357,27242,0.045998733,0.052560046,553,-0.006561313,3.0,0.5555555555555556,1.5555555555555556,1.0
7,cycle44_subj07_margin0_1sess_150ep,358,27275,0.0531176,0.04727062,149,0.005846981,1.0,1.0,1.0,1.0
7,cycle44_subj07_margin0_1sess_150ep,359,27287,0.05232971,0.056384873,301,-0.004055161,5.0,0.16666666666666666,2.1666666666666665,2.0
7,cycle44_subj07_margin0_1sess_150ep,360,27326,0.046361193,0.052606747,941,-0.0062455535,10.0,0.1111111111111111,3.3333333333333335,3.0
7,cycle44_subj07_margin0_1sess_150ep,361,27435,0.052785408,0.04579495,549,0.006990459,1.0,1.0,1.0,1.0
7,cycle44_subj07_margin0_1sess_150ep,362,27568,0.039398078,0.05182399,178,-0.012425911,16.0,0.0,5.3125,5.0
7,cycle44_subj07_margin0_1sess_150ep,363,27580,0.046185005,0.050588768,617,-0.0044037625,5.0,0.2222222222222222,2.3333333333333335,2.0
7,cycle44_subj07_margin0_1sess_150ep,364,27830,0.02998022,0.054018322,967,-0.024038102,87.0,0.0,27.25,27.5
7,cycle44_subj07_margin0_1sess_150ep,365,27878,0.051026225,0.06931071,567,-0.018284485,7.0,0.25,2.625,2.5
7,cycle44_subj07_margin0_1sess_150ep,366,27972,0.039252624,0.05075081,659,-0.011498187,14.0,0.0,4.5,4.0
7,cycle44_subj07_margin0_1sess_150ep,367,28024,0.05613264,0.05842258,115,-0.0022899397,2.0,1.0,1.0,1.0
7,cycle44_subj07_margin0_1sess_150ep,368,28068,0.059067108,0.060476184,770,-0.0014090762,2.0,0.5833333333333334,1.4166666666666667,1.0
7,cycle44_subj07_margin0_1sess_150ep,369,28096,0.04032149,0.051258657,830,-0.0109371655,15.0,0.0,4.3,4.0
7,cycle44_subj07_margin0_1sess_150ep,370,28159,0.059752684,0.053750575,176,0.0060021095,1.0,1.0,1.0,1.0
7,cycle44_subj07_margin0_1sess_150ep,371,28189,0.037408583,0.048510224,12,-0.011101641,10.0,0.1111111111111111,2.6666666666666665,2.0
7,cycle44_subj07_margin0_1sess_150ep,372,28286,0.055182867,0.05521528,208,-3.241375e-05,2.0,0.75,1.25,1.0
7,cycle44_subj07_margin0_1sess_150ep,373,28303,0.055912316,0.067813516,567,-0.0119012,2.0,0.7777777777777778,1.2222222222222223,1.0
7,cycle44_subj07_margin0_1sess_150ep,374,28319,0.05003966,0.037192564,831,0.012847096,1.0,1.0,1.0,1.0
7,cycle44_subj07_margin0_1sess_150ep,375,28325,0.04722818,0.056770723,390,-0.009542543,12.0,0.125,2.875,3.0
7,cycle44_subj07_margin0_1sess_150ep,376,28341,0.050242484,0.05709735,153,-0.0068548657,2.0,0.4,1.6,2.0
7,cycle44_subj07_margin0_1sess_150ep,377,28349,0.07249476,0.049071968,321,0.023422793,1.0,1.0,1.0,1.0
7,cycle44_subj07_margin0_1sess_150ep,378,28418,0.03640273,0.051420055,827,-0.015017327,69.0,0.0,19.5,19.5
7,cycle44_subj07_margin0_1sess_150ep,379,28487,0.04304315,0.056943968,57,-0.013900816,18.0,0.0,5.125,4.5
7,cycle44_subj07_margin0_1sess_150ep,380,28524,0.06917857,0.04549772,282,0.023680847,1.0,1.0,1.0,1.0
7,cycle44_subj07_margin0_1sess_150ep,381,28595,0.056395497,0.043613605,153,0.012781892,1.0,1.0,1.0,1.0
7,cycle44_subj07_margin0_1sess_150ep,382,28689,0.050076928,0.04372456,590,0.0063523687,1.0,1.0,1.0,1.0
7,cycle44_subj07_margin0_1sess_150ep,383,28745,0.03890253,0.06068317,274,-0.02178064,12.0,0.0,4.357142857142857,4.0
7,cycle44_subj07_margin0_1sess_150ep,384,28751,0.06519432,0.0505759,2,0.014618423,1.0,1.0,1.0,1.0
7,cycle44_subj07_margin0_1sess_150ep,385,28755,0.0630855,0.050847765,178,0.012237731,1.0,1.0,1.0,1.0
7,cycle44_subj07_margin0_1sess_150ep,386,28788,0.04997736,0.050725896,572,-0.0007485375,2.0,0.8888888888888888,1.1111111111111112,1.0
7,cycle44_subj07_margin0_1sess_150ep,387,28898,0.04381795,0.04047881,265,0.0033391379,1.0,1.0,1.0,1.0
7,cycle44_subj07_margin0_1sess_150ep,388,28963,0.060802717,0.05668688,178,0.0041158386,1.0,1.0,1.0,1.0
7,cycle44_subj07_margin0_1sess_150ep,389,29010,0.04788154,0.053438045,923,-0.005556505,3.0,0.6666666666666666,1.4444444444444444,1.0
7,cycle44_subj07_margin0_1sess_150ep,390,29021,0.04456525,0.05857554,173,-0.014010292,17.0,0.0,6.0,6.0
7,cycle44_subj07_margin0_1sess_150ep,391,29381,0.056528877,0.05413444,484,0.0023944378,1.0,1.0,1.0,1.0
7,cycle44_subj07_margin0_1sess_150ep,392,29568,0.0562075,0.05321998,82,0.002987519,1.0,1.0,1.0,1.0
7,cycle44_subj07_margin0_1sess_150ep,393,29660,0.049408592,0.043662142,363,0.0057464503,1.0,1.0,1.0,1.0
7,cycle44_subj07_margin0_1sess_150ep,394,29663,0.043591607,0.04993787,516,-0.006346263,6.0,0.0,2.6666666666666665,3.0
7,cycle44_subj07_margin0_1sess_150ep,395,29680,0.05560149,0.044281226,545,0.011320263,1.0,1.0,1.0,1.0
7,cycle44_subj07_margin0_1sess_150ep,396,29711,0.06047621,0.04956403,696,0.01091218,1.0,1.0,1.0,1.0
7,cycle44_subj07_margin0_1sess_150ep,397,29837,0.041773282,0.053752627,146,-0.011979345,10.0,0.0,3.75,3.5
7,cycle44_subj07_margin0_1sess_150ep,398,29886,0.04697243,0.053645886,759,-0.0066734552,2.0,0.625,1.375,1.0
7,cycle44_subj07_margin0_1sess_150ep,399,29919,0.07098767,0.059424873,250,0.011562798,1.0,1.0,1.0,1.0
7,cycle44_subj07_margin0_1sess_150ep,400,29980,0.03545019,0.052994054,923,-0.017543864,115.0,0.0,35.0,34.0
7,cycle44_subj07_margin0_1sess_150ep,401,30081,0.05531887,0.05500947,380,0.00030940026,1.0,1.0,1.0,1.0
7,cycle44_subj07_margin0_1sess_150ep,402,30373,0.023145739,0.03832236,617,-0.01517662,18.0,0.0,6.142857142857143,6.0
7,cycle44_subj07_margin0_1sess_150ep,403,30395,0.065839164,0.058462076,250,0.007377088,1.0,1.0,1.0,1.0
7,cycle44_subj07_margin0_1sess_150ep,404,30407,0.038137443,0.0532999,159,-0.015162457,46.0,0.0,14.0,15.0
7,cycle44_subj07_margin0_1sess_150ep,405,30430,0.05950153,0.054323006,540,0.0051785223,1.0,1.0,1.0,1.0
7,cycle44_subj07_margin0_1sess_150ep,406,30563,0.05114618,0.051343527,139,-0.00019734725,2.0,0.5,1.5,1.5
7,cycle44_subj07_margin0_1sess_150ep,407,30601,0.054130442,0.049797174,307,0.004333269,1.0,1.0,1.0,1.0
7,cycle44_subj07_margin0_1sess_150ep,408,30632,0.04509179,0.052068774,677,-0.0069769844,9.0,0.0,3.272727272727273,3.0
7,cycle44_subj07_margin0_1sess_150ep,409,30672,0.054538198,0.05306117,317,0.0014770292,1.0,1.0,1.0,1.0
7,cycle44_subj07_margin0_1sess_150ep,410,30674,0.05756882,0.052237004,286,0.0053318143,1.0,1.0,1.0,1.0
7,cycle44_subj07_margin0_1sess_150ep,411,30847,0.033278566,0.064516425,777,-0.03123786,153.0,0.0,48.25,50.0
7,cycle44_subj07_margin0_1sess_150ep,412,30856,0.03764794,0.042028725,107,-0.004380785,5.0,0.5555555555555556,1.6666666666666667,1.0
7,cycle44_subj07_margin0_1sess_150ep,413,30887,0.058295734,0.045729205,591,0.012566529,1.0,1.0,1.0,1.0
7,cycle44_subj07_margin0_1sess_150ep,414,30922,0.054991372,0.04953463,327,0.005456742,1.0,1.0,1.0,1.0
7,cycle44_subj07_margin0_1sess_150ep,415,30935,0.045657247,0.05022744,847,-0.0045701936,3.0,0.3333333333333333,1.8333333333333333,2.0
7,cycle44_subj07_margin0_1sess_150ep,416,30954,0.04633577,0.050987396,967,-0.0046516247,4.0,0.2857142857142857,2.2857142857142856,2.0
7,cycle44_subj07_margin0_1sess_150ep,417,31028,0.051977552,0.04827769,718,0.0036998615,1.0,1.0,1.0,1.0
7,cycle44_subj07_margin0_1sess_150ep,418,31049,0.0366451,0.053970177,250,-0.017325077,120.0,0.0,38.22222222222222,38.0
7,cycle44_subj07_margin0_1sess_150ep,419,31064,0.04544944,0.05265068,178,-0.0072012395,3.0,0.375,1.75,2.0
7,cycle44_subj07_margin0_1sess_150ep,420,31123,0.05364211,0.06628079,984,-0.012638681,2.0,0.8333333333333334,1.1666666666666667,1.0
7,cycle44_subj07_margin0_1sess_150ep,421,31233,0.056347765,0.050325055,282,0.0060227104,1.0,1.0,1.0,1.0
7,cycle44_subj07_margin0_1sess_150ep,422,31349,0.0424019,0.048468307,940,-0.006066408,3.0,0.42857142857142855,1.8571428571428572,2.0
7,cycle44_subj07_margin0_1sess_150ep,423,31446,0.0389949,0.048667863,310,-0.009672962,27.0,0.0,8.3,8.0
7,cycle44_subj07_margin0_1sess_150ep,424,31659,0.038639437,0.053274464,827,-0.014635026,46.0,0.0,14.571428571428571,14.0
7,cycle44_subj07_margin0_1sess_150ep,425,31747,0.033849332,0.042407416,23,-0.008558083,32.0,0.0,10.0,11.0
7,cycle44_subj07_margin0_1sess_150ep,426,31782,0.035056833,0.042201843,178,-0.00714501,7.0,0.125,2.875,3.0
7,cycle44_subj07_margin0_1sess_150ep,427,31801,0.05319442,0.05522259,882,-0.002028171,2.0,1.0,1.0,1.0
7,cycle44_subj07_margin0_1sess_150ep,428,31837,0.05600358,0.0480531,208,0.007950481,1.0,1.0,1.0,1.0
7,cycle44_subj07_margin0_1sess_150ep,429,31936,0.047044214,0.041587017,139,0.0054571964,1.0,1.0,1.0,1.0
7,cycle44_subj07_margin0_1sess_150ep,430,31964,0.06891515,0.057708092,920,0.011207059,1.0,1.0,1.0,1.0
7,cycle44_subj07_margin0_1sess_150ep,431,32053,0.040486846,0.059236996,567,-0.01875015,50.0,0.0,14.857142857142858,15.0
7,cycle44_subj07_margin0_1sess_150ep,432,32232,0.024625117,0.047746357,308,-0.02312124,141.0,0.0,45.92307692307692,46.0
7,cycle44_subj07_margin0_1sess_150ep,433,32303,0.05175373,0.050011545,226,0.0017421842,1.0,1.0,1.0,1.0
7,cycle44_subj07_margin0_1sess_150ep,434,32307,0.057545755,0.052989155,282,0.0045566,1.0,1.0,1.0,1.0
7,cycle44_subj07_margin0_1sess_150ep,435,32625,0.027209582,0.04787445,93,-0.020664869,24.0,0.0,8.25,8.0
7,cycle44_subj07_margin0_1sess_150ep,436,32643,0.041560266,0.056603704,567,-0.0150434375,21.0,0.0,7.588235294117647,8.0
7,cycle44_subj07_margin0_1sess_150ep,437,32716,0.060808353,0.04882212,39,0.011986233,1.0,1.0,1.0,1.0
7,cycle44_subj07_margin0_1sess_150ep,438,32771,0.055366546,0.054436743,777,0.00092980266,1.0,1.0,1.0,1.0
7,cycle44_subj07_margin0_1sess_150ep,439,32772,0.030640583,0.046647422,370,-0.016006839,64.0,0.0,20.8,21.0
7,cycle44_subj07_margin0_1sess_150ep,440,32857,0.04553008,0.051580295,327,-0.006050214,3.0,0.5,1.5,1.5
7,cycle44_subj07_margin0_1sess_150ep,441,32891,0.042209875,0.048374627,388,-0.006164752,4.0,0.25,2.0,2.0
7,cycle44_subj07_margin0_1sess_150ep,442,32910,0.04678044,0.042168707,363,0.0046117343,1.0,1.0,1.0,1.0
7,cycle44_subj07_margin0_1sess_150ep,443,33131,0.049949747,0.056778222,947,-0.0068284757,6.0,0.14285714285714285,2.2857142857142856,2.0
7,cycle44_subj07_margin0_1sess_150ep,444,33171,0.040222105,0.04563023,864,-0.005408127,2.0,1.0,1.0,1.0
7,cycle44_subj07_margin0_1sess_150ep,445,33189,0.040057488,0.051912885,522,-0.011855397,25.0,0.0,8.375,7.5
7,cycle44_subj07_margin0_1sess_150ep,446,33245,0.038054794,0.048666205,770,-0.010611411,32.0,0.0,10.75,11.0
7,cycle44_subj07_margin0_1sess_150ep,447,33289,0.02795394,0.045917857,923,-0.017963918,150.0,0.0,47.0,47.0
7,cycle44_subj07_margin0_1sess_150ep,448,33521,0.04627421,0.04999311,93,-0.0037188977,8.0,0.0,4.0,4.0
7,cycle44_subj07_margin0_1sess_150ep,449,33543,0.06400726,0.056341708,543,0.007665552,1.0,1.0,1.0,1.0
7,cycle44_subj07_margin0_1sess_150ep,450,33752,0.04656904,0.060046762,545,-0.013477724,5.0,0.2,2.2666666666666666,2.0
7,cycle44_subj07_margin0_1sess_150ep,451,33813,0.033113837,0.047261294,208,-0.014147457,40.0,0.0,13.7,14.0
7,cycle44_subj07_margin0_1sess_150ep,452,33906,0.029479802,0.044205446,710,-0.014725644,28.0,0.0,7.666666666666667,7.5
7,cycle44_subj07_margin0_1sess_150ep,453,34068,0.031525366,0.053795293,380,-0.022269927,100.0,0.0,30.5,32.0
7,cycle44_subj07_margin0_1sess_150ep,454,34080,0.046753597,0.053693537,481,-0.00693994,8.0,0.125,3.0,3.0
7,cycle44_subj07_margin0_1sess_150ep,455,34089,0.05249346,0.054348458,516,-0.0018549971,3.0,0.6,1.5,1.0
7,cycle44_subj07_margin0_1sess_150ep,456,34126,0.057244606,0.06039653,577,-0.0031519234,2.0,0.4444444444444444,1.5555555555555556,2.0
7,cycle44_subj07_margin0_1sess_150ep,457,34186,0.034478858,0.03832632,446,-0.0038474612,6.0,0.18181818181818182,2.1818181818181817,2.0
7,cycle44_subj07_margin0_1sess_150ep,458,34238,0.04570178,0.050624557,740,-0.0049227774,6.0,0.3333333333333333,2.111111111111111,2.0
7,cycle44_subj07_margin0_1sess_150ep,459,34418,0.013596596,0.060033232,118,-0.046436638,624.0,0.0,187.875,190.5
7,cycle44_subj07_margin0_1sess_150ep,460,34603,0.05995053,0.06279188,710,-0.002841346,2.0,0.42857142857142855,1.5714285714285714,2.0
7,cycle44_subj07_margin0_1sess_150ep,461,34751,0.06376031,0.0514963,79,0.01226401,1.0,1.0,1.0,1.0
7,cycle44_subj07_margin0_1sess_150ep,462,34829,0.049556527,0.05767073,295,-0.008114204,6.0,0.1,2.2,2.0
7,cycle44_subj07_margin0_1sess_150ep,463,34845,0.048924807,0.05616599,149,-0.007241182,9.0,0.0,3.3333333333333335,4.0
7,cycle44_subj07_margin0_1sess_150ep,464,34850,0.049861476,0.048536893,372,0.0013245828,1.0,1.0,1.0,1.0
7,cycle44_subj07_margin0_1sess_150ep,465,34874,0.0604404,0.05110087,967,0.00933953,1.0,1.0,1.0,1.0
7,cycle44_subj07_margin0_1sess_150ep,466,34975,0.030074857,0.050870787,302,-0.02079593,69.0,0.0,21.125,21.0
7,cycle44_subj07_margin0_1sess_150ep,467,35094,0.053653285,0.057517193,178,-0.0038639084,3.0,0.6666666666666666,1.3333333333333333,1.0
7,cycle44_subj07_margin0_1sess_150ep,468,35129,0.054298356,0.05440809,704,-0.00010973215,2.0,0.5,1.5,1.5
7,cycle44_subj07_margin0_1sess_150ep,469,35743,0.052104987,0.055007715,567,-0.0029027276,3.0,0.4166666666666667,1.6666666666666667,2.0
7,cycle44_subj07_margin0_1sess_150ep,470,35752,0.043128736,0.04727505,567,-0.004146315,5.0,0.2857142857142857,1.8571428571428572,2.0
7,cycle44_subj07_margin0_1sess_150ep,471,35790,0.045467887,0.056621227,217,-0.01115334,21.0,0.0,7.3076923076923075,7.0
7,cycle44_subj07_margin0_1sess_150ep,472,35798,0.04473415,0.04635381,337,-0.0016196594,2.0,0.7777777777777778,1.2222222222222223,1.0
7,cycle44_subj07_margin0_1sess_150ep,473,35986,0.051569533,0.04666475,710,0.0049047843,1.0,1.0,1.0,1.0
7,cycle44_subj07_margin0_1sess_150ep,474,36067,0.049243294,0.042970214,947,0.0062730797,1.0,1.0,1.0,1.0
7,cycle44_subj07_margin0_1sess_150ep,475,36258,0.058083035,0.058975223,677,-0.0008921884,2.0,0.7,1.3,1.0
7,cycle44_subj07_margin0_1sess_150ep,476,36476,0.045178574,0.058762174,567,-0.0135836005,41.0,0.0,11.333333333333334,12.0
7,cycle44_subj07_margin0_1sess_150ep,477,36569,0.045264978,0.063397005,567,-0.018132027,32.0,0.0,8.625,8.0
7,cycle44_subj07_margin0_1sess_150ep,478,36576,0.038561083,0.04806307,441,-0.009501986,6.0,0.2,2.2,2.0
7,cycle44_subj07_margin0_1sess_150ep,479,36623,0.05897994,0.05657809,384,0.0024018511,1.0,1.0,1.0,1.0
7,cycle44_subj07_margin0_1sess_150ep,480,36629,0.06157924,0.054057464,662,0.0075217746,1.0,1.0,1.0,1.0
7,cycle44_subj07_margin0_1sess_150ep,481,36682,0.055770338,0.052571777,721,0.0031985603,1.0,1.0,1.0,1.0
7,cycle44_subj07_margin0_1sess_150ep,482,36731,0.06010333,0.04992541,631,0.0101779215,1.0,1.0,1.0,1.0
7,cycle44_subj07_margin0_1sess_150ep,483,36759,0.047756057,0.048494276,49,-0.0007382184,4.0,0.5454545454545454,1.5454545454545454,1.0
7,cycle44_subj07_margin0_1sess_150ep,484,36910,0.0666952,0.050803725,231,0.015891474,1.0,1.0,1.0,1.0
7,cycle44_subj07_margin0_1sess_150ep,485,36945,0.035342384,0.04642167,178,-0.011079285,12.0,0.0,5.181818181818182,5.0
7,cycle44_subj07_margin0_1sess_150ep,486,36974,0.047892626,0.04430534,208,0.003587287,1.0,1.0,1.0,1.0
7,cycle44_subj07_margin0_1sess_150ep,487,36978,0.056075603,0.055942144,139,0.00013345852,1.0,1.0,1.0,1.0
7,cycle44_subj07_margin0_1sess_150ep,488,37059,0.033688385,0.036606744,401,-0.002918359,7.0,0.0,3.625,3.0
7,cycle44_subj07_margin0_1sess_150ep,489,37221,0.039513238,0.04899179,93,-0.00947855,4.0,0.25,2.25,2.0
7,cycle44_subj07_margin0_1sess_150ep,490,37224,0.06855453,0.054070782,764,0.014483746,1.0,1.0,1.0,1.0
7,cycle44_subj07_margin0_1sess_150ep,491,37436,0.027610293,0.038430847,831,-0.010820555,20.0,0.0,6.0,6.0
7,cycle44_subj07_margin0_1sess_150ep,492,37494,0.058891915,0.04668887,522,0.012203045,1.0,1.0,1.0,1.0
7,cycle44_subj07_margin0_1sess_150ep,493,37608,0.064915374,0.05070426,504,0.0142111145,1.0,1.0,1.0,1.0
7,cycle44_subj07_margin0_1sess_150ep,494,37736,0.050135307,0.056692176,57,-0.0065568686,4.0,0.3,2.2,2.0
7,cycle44_subj07_margin0_1sess_150ep,495,37801,0.054038472,0.04881139,173,0.0052270815,1.0,1.0,1.0,1.0
7,cycle44_subj07_margin0_1sess_150ep,496,37927,0.03256528,0.04188153,380,-0.009316251,17.0,0.09090909090909091,4.7272727272727275,4.0
7,cycle44_subj07_margin0_1sess_150ep,497,38022,0.05377772,0.04922812,300,0.0045496,1.0,1.0,1.0,1.0
7,cycle44_subj07_margin0_1sess_150ep,498,38025,0.033449523,0.055314176,777,-0.021864653,120.0,0.0,38.2,39.5
7,cycle44_subj07_margin0_1sess_150ep,499,38060,0.06363164,0.06114603,875,0.0024856105,1.0,1.0,1.0,1.0
7,cycle44_subj07_margin0_1sess_150ep,500,38246,0.058022823,0.06207845,567,-0.0040556267,2.0,0.8,1.2,1.0
7,cycle44_subj07_margin0_1sess_150ep,501,38278,0.042079233,0.0493676,314,-0.0072883666,7.0,0.0,3.375,3.0
7,cycle44_subj07_margin0_1sess_150ep,502,38297,0.04431719,0.04193172,886,0.002385471,1.0,1.0,1.0,1.0
7,cycle44_subj07_margin0_1sess_150ep,503,38310,0.050300647,0.059162553,616,-0.008861907,6.0,0.1111111111111111,2.111111111111111,2.0
7,cycle44_subj07_margin0_1sess_150ep,504,38358,0.042346995,0.048696574,11,-0.0063495785,11.0,0.0,4.2,4.5
7,cycle44_subj07_margin0_1sess_150ep,505,38483,0.051604405,0.050263476,710,0.0013409294,1.0,1.0,1.0,1.0
7,cycle44_subj07_margin0_1sess_150ep,506,38486,0.04334013,0.049448688,208,-0.006108556,3.0,0.6,1.7,1.0
7,cycle44_subj07_margin0_1sess_150ep,507,38494,0.06449243,0.05383425,321,0.0106581785,1.0,1.0,1.0,1.0
7,cycle44_subj07_margin0_1sess_150ep,508,38641,0.04995733,0.04177743,146,0.008179903,1.0,1.0,1.0,1.0
7,cycle44_subj07_margin0_1sess_150ep,509,38794,0.056522697,0.054993983,85,0.0015287139,1.0,1.0,1.0,1.0
7,cycle44_subj07_margin0_1sess_150ep,510,38817,0.060374122,0.0523198,767,0.0080543235,1.0,1.0,1.0,1.0
7,cycle44_subj07_margin0_1sess_150ep,511,38829,0.04730996,0.054063227,828,-0.006753266,11.0,0.0,3.4444444444444446,3.0
7,cycle44_subj07_margin0_1sess_150ep,512,38853,0.05092127,0.0495332,137,0.0013880692,1.0,1.0,1.0,1.0
7,cycle44_subj07_margin0_1sess_150ep,513,38978,0.051809784,0.044568606,289,0.0072411783,1.0,1.0,1.0,1.0
7,cycle44_subj07_margin0_1sess_150ep,514,39047,0.047487654,0.05548641,567,-0.007998757,7.0,0.16666666666666666,2.8333333333333335,3.0
7,cycle44_subj07_margin0_1sess_150ep,515,39058,0.04437226,0.056842607,327,-0.012470346,11.0,0.0,4.5,4.0
7,cycle44_subj07_margin0_1sess_150ep,516,39095,0.05405723,0.05156784,879,0.002489388,1.0,1.0,1.0,1.0
7,cycle44_subj07_margin0_1sess_150ep,517,39289,0.058635835,0.050099906,310,0.008535929,1.0,1.0,1.0,1.0
7,cycle44_subj07_margin0_1sess_150ep,518,39298,0.057905234,0.046058357,666,0.011846878,1.0,1.0,1.0,1.0
7,cycle44_subj07_margin0_1sess_150ep,519,39369,0.04724141,0.05793162,146,-0.010690212,2.0,0.8571428571428571,1.1428571428571428,1.0
7,cycle44_subj07_margin0_1sess_150ep,520,39402,0.06855773,0.054216158,480,0.014341574,1.0,1.0,1.0,1.0
7,cycle44_subj07_margin0_1sess_150ep,521,39509,0.04316414,0.06301751,134,-0.019853368,24.0,0.0,7.777777777777778,8.0
7,cycle44_subj07_margin0_1sess_150ep,522,39547,0.057492524,0.05597083,189,0.0015216954,1.0,1.0,1.0,1.0
7,cycle44_subj07_margin0_1sess_150ep,523,39553,0.051808625,0.06594677,567,-0.014138147,2.0,0.7,1.3,1.0
7,cycle44_subj07_margin0_1sess_150ep,524,39841,0.060898762,0.058834106,947,0.0020646565,1.0,1.0,1.0,1.0
7,cycle44_subj07_margin0_1sess_150ep,525,39997,0.055444214,0.054891214,576,0.0005530007,1.0,1.0,1.0,1.0
7,cycle44_subj07_margin0_1sess_150ep,526,40153,0.0494274,0.05143735,11,-0.0020099506,2.0,0.45454545454545453,1.5454545454545454,2.0
7,cycle44_subj07_margin0_1sess_150ep,527,40235,0.03465206,0.047141943,158,-0.012489881,19.0,0.0,7.5,8.5
7,cycle44_subj07_margin0_1sess_150ep,528,40423,0.05632472,0.04142146,943,0.0149032585,1.0,1.0,1.0,1.0
7,cycle44_subj07_margin0_1sess_150ep,529,40548,0.03558979,0.05653117,967,-0.020941377,16.0,0.0,5.0,5.0
7,cycle44_subj07_margin0_1sess_150ep,530,40575,0.0567243,0.042750712,689,0.013973586,1.0,1.0,1.0,1.0
7,cycle44_subj07_margin0_1sess_150ep,531,40721,0.035159193,0.050971445,499,-0.015812252,50.0,0.0,15.875,16.0
7,cycle44_subj07_margin0_1sess_150ep,532,40770,0.058656678,0.05428556,180,0.004371118,1.0,1.0,1.0,1.0
7,cycle44_subj07_margin0_1sess_150ep,533,40840,0.059884835,0.05647645,388,0.0034083836,1.0,1.0,1.0,1.0
7,cycle44_subj07_margin0_1sess_150ep,534,40846,0.03988167,0.05118135,437,-0.011299681,21.0,0.0,6.875,6.5
7,cycle44_subj07_margin0_1sess_150ep,535,40909,0.055291586,0.050193973,499,0.0050976127,1.0,1.0,1.0,1.0
7,cycle44_subj07_margin0_1sess_150ep,536,40920,0.040617768,0.054321464,717,-0.013703696,18.0,0.0,6.2,6.0
7,cycle44_subj07_margin0_1sess_150ep,537,40924,0.07572976,0.054351762,923,0.021377996,1.0,1.0,1.0,1.0
7,cycle44_subj07_margin0_1sess_150ep,538,40935,0.046360828,0.05123068,788,-0.004869852,3.0,0.2727272727272727,2.0,2.0
7,cycle44_subj07_margin0_1sess_150ep,539,40979,0.03968138,0.045667473,710,-0.0059860945,2.0,0.625,1.375,1.0
7,cycle44_subj07_margin0_1sess_150ep,540,41056,0.058371164,0.048609346,867,0.009761818,1.0,1.0,1.0,1.0
7,cycle44_subj07_margin0_1sess_150ep,541,41097,0.06485318,0.065233834,50,-0.0003806576,2.0,1.0,1.0,1.0
7,cycle44_subj07_margin0_1sess_150ep,542,41116,0.050410468,0.04768528,708,0.0027251877,1.0,1.0,1.0,1.0
7,cycle44_subj07_margin0_1sess_150ep,543,41137,0.068193644,0.053500913,449,0.014692731,1.0,1.0,1.0,1.0
7,cycle44_subj07_margin0_1sess_150ep,544,41162,0.053514734,0.05290666,75,0.0006080754,1.0,1.0,1.0,1.0
7,cycle44_subj07_margin0_1sess_150ep,545,41482,0.064329706,0.050829154,828,0.013500553,1.0,1.0,1.0,1.0
7,cycle44_subj07_margin0_1sess_150ep,546,41566,0.046437517,0.05292839,886,-0.006490875,6.0,0.0,2.6666666666666665,2.5
7,cycle44_subj07_margin0_1sess_150ep,547,41574,0.056664493,0.058051284,208,-0.0013867915,2.0,0.875,1.125,1.0
7,cycle44_subj07_margin0_1sess_150ep,548,41623,0.036893815,0.053332556,322,-0.016438741,52.0,0.0,15.222222222222221,17.0
7,cycle44_subj07_margin0_1sess_150ep,549,41653,0.05688401,0.0474839,923,0.009400111,1.0,1.0,1.0,1.0
7,cycle44_subj07_margin0_1sess_150ep,550,41710,0.046182316,0.052013755,313,-0.005831439,4.0,0.5,1.75,1.5
7,cycle44_subj07_margin0_1sess_150ep,551,41778,0.04320679,0.05465139,75,-0.011444602,6.0,0.125,2.375,2.0
7,cycle44_subj07_margin0_1sess_150ep,552,41814,0.052208066,0.05824497,153,-0.0060369037,2.0,0.8,1.2,1.0
7,cycle44_subj07_margin0_1sess_150ep,553,41927,0.061873175,0.060489785,149,0.0013833903,1.0,1.0,1.0,1.0
7,cycle44_subj07_margin0_1sess_150ep,554,41934,0.056232944,0.050988197,545,0.005244747,1.0,1.0,1.0,1.0
7,cycle44_subj07_margin0_1sess_150ep,555,42007,0.0323379,0.039304826,990,-0.006966926,11.0,0.0,4.2,5.0
7,cycle44_subj07_margin0_1sess_150ep,556,42126,0.040550802,0.04619964,655,-0.0056488365,5.0,0.2857142857142857,2.4285714285714284,2.5
7,cycle44_subj07_margin0_1sess_150ep,557,42166,0.042441368,0.051991705,28,-0.009550337,19.0,0.0,5.285714285714286,6.0
7,cycle44_subj07_margin0_1sess_150ep,558,42171,0.05838358,0.04121113,881,0.017172452,1.0,1.0,1.0,1.0
7,cycle44_subj07_margin0_1sess_150ep,559,42214,0.068796195,0.05899176,567,0.009804435,1.0,1.0,1.0,1.0
7,cycle44_subj07_margin0_1sess_150ep,560,42224,0.05325011,0.046868037,370,0.006382074,1.0,1.0,1.0,1.0
7,cycle44_subj07_margin0_1sess_150ep,561,42238,0.040202387,0.054611705,967,-0.014409319,48.0,0.0,14.285714285714286,13.0
7,cycle44_subj07_margin0_1sess_150ep,562,42299,0.045796506,0.05485092,770,-0.009054415,9.0,0.2857142857142857,2.5714285714285716,2.0
7,cycle44_subj07_margin0_1sess_150ep,563,42473,0.032114565,0.050290808,30,-0.018176243,84.0,0.0,23.2,22.5
7,cycle44_subj07_margin0_1sess_150ep,564,42563,0.052659936,0.054809738,828,-0.0021498017,3.0,0.4,1.7,2.0
7,cycle44_subj07_margin0_1sess_150ep,565,42642,0.027410846,0.051122203,522,-0.023711357,162.0,0.0,51.6,51.0
7,cycle44_subj07_margin0_1sess_150ep,566,42648,0.038057342,0.054009315,567,-0.015951972,55.0,0.0,17.75,16.5
7,cycle44_subj07_margin0_1sess_150ep,567,42697,0.072523214,0.05785242,468,0.014670793,1.0,1.0,1.0,1.0
7,cycle44_subj07_margin0_1sess_150ep,568,42781,0.044509772,0.055100106,984,-0.0105903335,5.0,0.25,2.0,2.0
7,cycle44_subj07_margin0_1sess_150ep,569,42851,0.052724015,0.03830828,83,0.0144157335,1.0,1.0,1.0,1.0
7,cycle44_subj07_margin0_1sess_150ep,570,42912,0.03815865,0.06223859,541,-0.024079937,52.0,0.0,17.77777777777778,17.0
7,cycle44_subj07_margin0_1sess_150ep,571,42946,0.04244927,0.050190058,828,-0.007740788,5.0,0.3333333333333333,2.3333333333333335,3.0
7,cycle44_subj07_margin0_1sess_150ep,572,42980,0.053183887,0.04607805,386,0.0071058385,1.0,1.0,1.0,1.0
7,cycle44_subj07_margin0_1sess_150ep,573,43107,0.04604525,0.05833164,590,-0.012286387,22.0,0.0,6.2,7.0
7,cycle44_subj07_margin0_1sess_150ep,574,43156,0.042870212,0.05359027,384,-0.010720059,12.0,0.0,4.571428571428571,4.0
7,cycle44_subj07_margin0_1sess_150ep,575,43157,0.054152142,0.045010813,481,0.00914133,1.0,1.0,1.0,1.0
7,cycle44_subj07_margin0_1sess_150ep,576,43159,0.05515481,0.051256504,368,0.0038983077,1.0,1.0,1.0,1.0
7,cycle44_subj07_margin0_1sess_150ep,577,43164,0.0728978,0.05289451,356,0.020003289,1.0,1.0,1.0,1.0
7,cycle44_subj07_margin0_1sess_150ep,578,43224,0.053838156,0.055322114,616,-0.0014839582,2.0,0.8333333333333334,1.1666666666666667,1.0
7,cycle44_subj07_margin0_1sess_150ep,579,43250,0.03854259,0.051470567,310,-0.0129279755,12.0,0.0,4.818181818181818,5.0
7,cycle44_subj07_margin0_1sess_150ep,580,43288,0.060210574,0.053150423,374,0.0070601515,1.0,1.0,1.0,1.0
7,cycle44_subj07_margin0_1sess_150ep,581,43428,0.06691768,0.05201522,505,0.014902461,1.0,1.0,1.0,1.0
7,cycle44_subj07_margin0_1sess_150ep,582,43429,0.041764043,0.04777743,499,-0.006013386,12.0,0.0,5.0,4.5
7,cycle44_subj07_margin0_1sess_150ep,583,43445,0.07298129,0.05160335,118,0.02137794,1.0,1.0,1.0,1.0
7,cycle44_subj07_margin0_1sess_150ep,584,43465,0.050402924,0.06379717,967,-0.013394244,2.0,0.7,1.3,1.0
7,cycle44_subj07_margin0_1sess_150ep,585,43500,0.05053169,0.05844669,567,-0.007915001,3.0,0.5833333333333334,1.5,1.0
7,cycle44_subj07_margin0_1sess_150ep,586,43619,0.0509932,0.057350464,500,-0.006357264,6.0,0.08333333333333333,2.75,3.0
7,cycle44_subj07_margin0_1sess_150ep,587,43675,0.05512788,0.054936558,677,0.00019132346,1.0,1.0,1.0,1.0
7,cycle44_subj07_margin0_1sess_150ep,588,43689,0.06208157,0.060716376,118,0.001365196,1.0,1.0,1.0,1.0
7,cycle44_subj07_margin0_1sess_150ep,589,43746,0.049373537,0.05919352,516,-0.009819984,10.0,0.0,4.0,4.0
7,cycle44_subj07_margin0_1sess_150ep,590,43818,0.06880447,0.04804092,28,0.020763554,1.0,1.0,1.0,1.0
7,cycle44_subj07_margin0_1sess_150ep,591,43820,0.056062028,0.06007844,250,-0.0040164106,2.0,0.75,1.25,1.0
7,cycle44_subj07_margin0_1sess_150ep,592,43852,0.03689504,0.04738134,286,-0.010486301,20.0,0.0,6.461538461538462,6.0
7,cycle44_subj07_margin0_1sess_150ep,593,43950,0.057056285,0.044569984,380,0.012486301,1.0,1.0,1.0,1.0
7,cycle44_subj07_margin0_1sess_150ep,594,43984,0.054673757,0.052573252,776,0.002100505,1.0,1.0,1.0,1.0
7,cycle44_subj07_margin0_1sess_150ep,595,44052,0.047425844,0.042288683,543,0.0051371604,1.0,1.0,1.0,1.0
7,cycle44_subj07_margin0_1sess_150ep,596,44097,0.06055953,0.064126864,82,-0.0035673343,2.0,0.5,1.5,1.5
7,cycle44_subj07_margin0_1sess_150ep,597,44107,0.03878007,0.050533686,700,-0.011753615,26.0,0.0,8.4375,8.0
7,cycle44_subj07_margin0_1sess_150ep,598,44138,0.057369668,0.0656757,717,-0.00830603,2.0,1.0,1.0,1.0
7,cycle44_subj07_margin0_1sess_150ep,599,44144,0.040070917,0.051290896,764,-0.011219978,20.0,0.0,7.125,6.5
7,cycle44_subj07_margin0_1sess_150ep,600,44184,0.041066572,0.04419869,590,-0.0031321198,3.0,0.2222222222222222,2.111111111111111,2.0
7,cycle44_subj07_margin0_1sess_150ep,601,44324,0.051943175,0.048422746,876,0.0035204291,1.0,1.0,1.0,1.0
7,cycle44_subj07_margin0_1sess_150ep,602,44339,0.035303853,0.047395647,186,-0.012091793,26.0,0.0,9.9,10.5
7,cycle44_subj07_margin0_1sess_150ep,603,44369,0.047186594,0.05420062,710,-0.007014025,5.0,0.25,2.25,2.0
7,cycle44_subj07_margin0_1sess_150ep,604,44412,0.043542776,0.05807599,827,-0.014533214,46.0,0.0,14.142857142857142,14.0
7,cycle44_subj07_margin0_1sess_150ep,605,44705,0.03860552,0.05287084,230,-0.014265321,19.0,0.0,6.5,6.0
7,cycle44_subj07_margin0_1sess_150ep,606,44720,0.058168143,0.050852273,178,0.0073158704,1.0,1.0,1.0,1.0
7,cycle44_subj07_margin0_1sess_150ep,607,44729,0.042937603,0.05799174,308,-0.0150541365,9.0,0.1,2.8,3.0
7,cycle44_subj07_margin0_1sess_150ep,608,44736,0.057124183,0.050256483,535,0.0068676993,1.0,1.0,1.0,1.0
7,cycle44_subj07_margin0_1sess_150ep,609,44844,0.0401127,0.051621024,541,-0.011508323,33.0,0.0,10.125,10.5
7,cycle44_subj07_margin0_1sess_150ep,610,44971,0.041659813,0.048695654,569,-0.0070358403,3.0,0.45454545454545453,1.8181818181818181,2.0
7,cycle44_subj07_margin0_1sess_150ep,611,44980,0.05928253,0.038322784,180,0.020959746,1.0,1.0,1.0,1.0
7,cycle44_subj07_margin0_1sess_150ep,612,45129,0.03299658,0.045883767,921,-0.012887187,99.0,0.0,31.923076923076923,32.0
7,cycle44_subj07_margin0_1sess_150ep,613,45213,0.051748455,0.053751204,967,-0.0020027496,2.0,0.5555555555555556,1.4444444444444444,1.0
7,cycle44_subj07_margin0_1sess_150ep,614,45356,0.055044517,0.06286771,321,-0.007823192,2.0,0.5384615384615384,1.4615384615384615,1.0
7,cycle44_subj07_margin0_1sess_150ep,615,45595,0.024402596,0.03956823,806,-0.015165634,22.0,0.0,7.363636363636363,7.0
7,cycle44_subj07_margin0_1sess_150ep,616,45632,0.07173468,0.05317951,777,0.018555172,1.0,1.0,1.0,1.0
7,cycle44_subj07_margin0_1sess_150ep,617,45746,0.045992933,0.046883125,172,-0.00089019164,2.0,0.6,1.4,1.0
7,cycle44_subj07_margin0_1sess_150ep,618,45750,0.030854888,0.049492627,590,-0.01863774,150.0,0.0,43.285714285714285,44.0
7,cycle44_subj07_margin0_1sess_150ep,619,45837,0.04934868,0.044865556,773,0.0044831224,1.0,1.0,1.0,1.0
7,cycle44_subj07_margin0_1sess_150ep,620,45843,0.042211674,0.04687208,692,-0.004660405,2.0,1.0,1.0,1.0
7,cycle44_subj07_margin0_1sess_150ep,621,45945,0.047050886,0.056615487,270,-0.009564601,3.0,0.625,1.375,1.0
7,cycle44_subj07_margin0_1sess_150ep,622,45981,0.046268858,0.051098384,153,-0.004829526,3.0,0.3333333333333333,1.6666666666666667,2.0
7,cycle44_subj07_margin0_1sess_150ep,623,45982,0.034057528,0.06302184,567,-0.02896431,75.0,0.0,21.545454545454547,22.0
7,cycle44_subj07_margin0_1sess_150ep,624,45999,0.054244924,0.056370627,802,-0.0021257028,3.0,0.3333333333333333,1.7777777777777777,2.0
7,cycle44_subj07_margin0_1sess_150ep,625,46002,0.023515847,0.055944715,567,-0.032428868,58.0,0.0,16.857142857142858,17.0
7,cycle44_subj07_margin0_1sess_150ep,626,46036,0.04588737,0.051622387,85,-0.0057350174,4.0,0.1875,2.0625,2.0
7,cycle44_subj07_margin0_1sess_150ep,627,46101,0.047860797,0.054409854,831,-0.0065490566,4.0,0.42857142857142855,2.0,2.0
7,cycle44_subj07_margin0_1sess_150ep,628,46136,0.043014757,0.054207396,449,-0.011192638,31.0,0.0,11.0,12.0
7,cycle44_subj07_margin0_1sess_150ep,629,46150,0.048700538,0.047196865,227,0.0015036725,1.0,1.0,1.0,1.0
7,cycle44_subj07_margin0_1sess_150ep,630,46160,0.061635036,0.04553728,137,0.016097754,1.0,1.0,1.0,1.0
7,cycle44_subj07_margin0_1sess_150ep,631,46274,0.016539387,0.04902143,178,-0.032482043,428.0,0.0,132.88888888888889,131.0
7,cycle44_subj07_margin0_1sess_150ep,632,46321,0.06419606,0.04703984,403,0.017156217,1.0,1.0,1.0,1.0
7,cycle44_subj07_margin0_1sess_150ep,633,46372,0.025369504,0.04534638,180,-0.019976875,152.0,0.0,48.77777777777778,48.0
7,cycle44_subj07_margin0_1sess_150ep,634,46380,0.057107773,0.05560277,270,0.0015050024,1.0,1.0,1.0,1.0
7,cycle44_subj07_margin0_1sess_150ep,635,46460,0.055567715,0.04572727,389,0.009840444,1.0,1.0,1.0,1.0
7,cycle44_subj07_margin0_1sess_150ep,636,46462,0.05454614,0.046380006,171,0.008166134,1.0,1.0,1.0,1.0
7,cycle44_subj07_margin0_1sess_150ep,637,46480,0.029545592,0.049150214,710,-0.019604621,40.0,0.0,13.5,14.0
7,cycle44_subj07_margin0_1sess_150ep,638,46523,0.051314488,0.0587291,368,-0.007414613,7.0,0.3,2.2,2.0
7,cycle44_subj07_margin0_1sess_150ep,639,46642,0.043713603,0.04730375,914,-0.003590148,5.0,0.25,2.125,2.0
7,cycle44_subj07_margin0_1sess_150ep,640,46661,0.048549175,0.06552915,282,-0.016979977,4.0,0.46153846153846156,1.7692307692307692,2.0
7,cycle44_subj07_margin0_1sess_150ep,641,46806,0.061152633,0.054494612,875,0.0066580214,1.0,1.0,1.0,1.0
7,cycle44_subj07_margin0_1sess_150ep,642,46835,0.048412386,0.043373566,224,0.00503882,1.0,1.0,1.0,1.0
7,cycle44_subj07_margin0_1sess_150ep,643,46861,0.05117579,0.04710207,139,0.0040737204,1.0,1.0,1.0,1.0
7,cycle44_subj07_margin0_1sess_150ep,644,47033,0.061575267,0.04928707,178,0.012288198,1.0,1.0,1.0,1.0
7,cycle44_subj07_margin0_1sess_150ep,645,47070,0.05582331,0.051530175,146,0.0042931363,1.0,1.0,1.0,1.0
7,cycle44_subj07_margin0_1sess_150ep,646,47099,0.045267597,0.046941914,173,-0.0016743168,2.0,0.7,1.3,1.0
7,cycle44_subj07_margin0_1sess_150ep,647,47200,0.058441047,0.055901848,173,0.0025391988,1.0,1.0,1.0,1.0
7,cycle44_subj07_margin0_1sess_150ep,648,47290,0.04171714,0.036160666,57,0.0055564716,1.0,1.0,1.0,1.0
7,cycle44_subj07_margin0_1sess_150ep,649,47293,0.062261604,0.06332769,2,-0.0010660887,2.0,0.4444444444444444,1.5555555555555556,2.0
7,cycle44_subj07_margin0_1sess_150ep,650,47321,0.035384275,0.047809135,967,-0.01242486,9.0,0.0,3.2857142857142856,3.0
7,cycle44_subj07_margin0_1sess_150ep,651,47408,0.039836433,0.05082471,380,-0.010988276,11.0,0.0,4.555555555555555,4.0
7,cycle44_subj07_margin0_1sess_150ep,652,47598,0.048962872,0.05547422,312,-0.006511349,7.0,0.0,3.090909090909091,3.0
7,cycle44_subj07_margin0_1sess_150ep,653,47600,0.051875636,0.064646296,947,-0.01277066,7.0,0.0,3.0,3.0
7,cycle44_subj07_margin0_1sess_150ep,654,47614,0.027982278,0.053097337,172,-0.02511506,145.0,0.0,45.8,46.0
7,cycle44_subj07_margin0_1sess_150ep,655,47656,0.06192318,0.056134894,853,0.0057882853,1.0,1.0,1.0,1.0
7,cycle44_subj07_margin0_1sess_150ep,656,47687,0.053446997,0.046180606,951,0.007266391,1.0,1.0,1.0,1.0
7,cycle44_subj07_margin0_1sess_150ep,657,48157,0.05280142,0.058096197,984,-0.0052947775,3.0,0.3333333333333333,1.6666666666666667,2.0
7,cycle44_subj07_margin0_1sess_150ep,658,48260,0.050527662,0.050673805,923,-0.00014614314,2.0,0.5714285714285714,1.4285714285714286,1.0
7,cycle44_subj07_margin0_1sess_150ep,659,48374,0.053552758,0.04794906,770,0.005603697,1.0,1.0,1.0,1.0
7,cycle44_subj07_margin0_1sess_150ep,660,48379,0.047343932,0.05260887,779,-0.005264938,4.0,0.3333333333333333,2.0,2.0
7,cycle44_subj07_margin0_1sess_150ep,661,48393,0.039715085,0.04983357,149,-0.0101184845,15.0,0.0,4.4,4.0
7,cycle44_subj07_margin0_1sess_150ep,662,48422,0.04663937,0.045613896,57,0.0010254756,1.0,1.0,1.0,1.0
7,cycle44_subj07_margin0_1sess_150ep,663,48508,0.042383157,0.051879626,567,-0.009496469,10.0,0.1,3.4,3.0
7,cycle44_subj07_margin0_1sess_150ep,664,48530,0.04740734,0.048748128,749,-0.0013407879,2.0,0.7,1.3,1.0
7,cycle44_subj07_margin0_1sess_150ep,665,48617,0.052013397,0.050225105,480,0.0017882921,1.0,1.0,1.0,1.0
7,cycle44_subj07_margin0_1sess_150ep,666,48618,0.030126244,0.044147298,710,-0.014021054,47.0,0.0,15.166666666666666,17.0
7,cycle44_subj07_margin0_1sess_150ep,667,48622,0.051239304,0.047529444,327,0.0037098601,1.0,1.0,1.0,1.0
7,cycle44_subj07_margin0_1sess_150ep,668,48679,0.044364613,0.050201967,541,-0.005837355,11.0,0.0,4.375,4.5
7,cycle44_subj07_margin0_1sess_150ep,669,48681,0.041585833,0.04493336,393,-0.0033475272,2.0,0.8333333333333334,1.1666666666666667,1.0
7,cycle44_subj07_margin0_1sess_150ep,670,48802,0.060396794,0.050438933,537,0.009957861,1.0,1.0,1.0,1.0
7,cycle44_subj07_margin0_1sess_150ep,671,48832,0.047798026,0.050270632,302,-0.0024726056,6.0,0.2222222222222222,2.4444444444444446,2.0
7,cycle44_subj07_margin0_1sess_150ep,672,48839,0.063401714,0.057082403,770,0.0063193105,1.0,1.0,1.0,1.0
7,cycle44_subj07_margin0_1sess_150ep,673,49076,0.05232911,0.048058867,567,0.0042702444,1.0,1.0,1.0,1.0
7,cycle44_subj07_margin0_1sess_150ep,674,49152,0.05299554,0.05229594,30,0.00069959834,1.0,1.0,1.0,1.0
7,cycle44_subj07_margin0_1sess_150ep,675,49156,0.024568941,0.04049091,200,-0.015921969,130.0,0.0,40.6,39.5
7,cycle44_subj07_margin0_1sess_150ep,676,49234,0.044505026,0.045277767,779,-0.0007727407,2.0,0.4166666666666667,1.5833333333333333,2.0
7,cycle44_subj07_margin0_1sess_150ep,677,49466,0.06783191,0.060679823,505,0.007152088,1.0,1.0,1.0,1.0
7,cycle44_subj07_margin0_1sess_150ep,678,49480,0.047060378,0.04990823,967,-0.0028478503,4.0,0.38461538461538464,1.7692307692307692,2.0
7,cycle44_subj07_margin0_1sess_150ep,679,49622,0.04485556,0.054336667,208,-0.009481106,3.0,0.42857142857142855,1.6428571428571428,2.0
7,cycle44_subj07_margin0_1sess_150ep,680,49731,0.031066703,0.055791143,118,-0.02472444,228.0,0.0,69.11111111111111,68.0
7,cycle44_subj07_margin0_1sess_150ep,681,49923,0.043666434,0.051034752,831,-0.0073683187,3.0,0.5,1.5,1.5
7,cycle44_subj07_margin0_1sess_150ep,682,49944,0.067396164,0.05677673,141,0.010619435,1.0,1.0,1.0,1.0
7,cycle44_subj07_margin0_1sess_150ep,683,49955,0.051593237,0.037137844,773,0.014455393,1.0,1.0,1.0,1.0
7,cycle44_subj07_margin0_1sess_150ep,684,49957,0.059512258,0.054823406,686,0.0046888515,1.0,1.0,1.0,1.0
7,cycle44_subj07_margin0_1sess_150ep,685,49969,0.062180117,0.051031932,922,0.011148185,1.0,1.0,1.0,1.0
7,cycle44_subj07_margin0_1sess_150ep,686,49979,0.058522858,0.052586652,118,0.0059362054,1.0,1.0,1.0,1.0
7,cycle44_subj07_margin0_1sess_150ep,687,50026,0.05251898,0.053088006,876,-0.0005690269,2.0,0.7142857142857143,1.2857142857142858,1.0
7,cycle44_subj07_margin0_1sess_150ep,688,50114,0.048110038,0.06755289,567,-0.019442849,15.0,0.0,4.3,4.0
7,cycle44_subj07_margin0_1sess_150ep,689,50170,0.06916063,0.04341556,844,0.025745071,1.0,1.0,1.0,1.0
7,cycle44_subj07_margin0_1sess_150ep,690,50500,0.039669912,0.04857618,543,-0.008906268,33.0,0.0,9.555555555555555,9.0
7,cycle44_subj07_margin0_1sess_150ep,691,50653,0.04634264,0.048657604,178,-0.0023149624,2.0,0.75,1.25,1.0
7,cycle44_subj07_margin0_1sess_150ep,692,50734,0.06003994,0.052466284,828,0.0075736567,1.0,1.0,1.0,1.0
7,cycle44_subj07_margin0_1sess_150ep,693,50755,0.06445374,0.057224464,954,0.0072292797,1.0,1.0,1.0,1.0
7,cycle44_subj07_margin0_1sess_150ep,694,50811,0.060930103,0.051075887,12,0.009854216,1.0,1.0,1.0,1.0
7,cycle44_subj07_margin0_1sess_150ep,695,50882,0.048933744,0.053883605,777,-0.0049498603,5.0,0.4,2.0,2.0
7,cycle44_subj07_margin0_1sess_150ep,696,51051,0.05986797,0.04891039,567,0.01095758,1.0,1.0,1.0,1.0
7,cycle44_subj07_margin0_1sess_150ep,697,51052,0.04533902,0.053003207,923,-0.007664185,10.0,0.0,4.0,4.0
7,cycle44_subj07_margin0_1sess_150ep,698,51062,0.0641725,0.070693165,954,-0.006520666,2.0,0.5714285714285714,1.4285714285714286,1.0
7,cycle44_subj07_margin0_1sess_150ep,699,51077,0.04744166,0.049559016,543,-0.0021173544,2.0,0.6153846153846154,1.3846153846153846,1.0
7,cycle44_subj07_margin0_1sess_150ep,700,51148,0.07412204,0.057194605,135,0.016927436,1.0,1.0,1.0,1.0
7,cycle44_subj07_margin0_1sess_150ep,701,51171,0.044907626,0.050045297,778,-0.005137671,5.0,0.0,2.625,2.0
7,cycle44_subj07_margin0_1sess_150ep,702,51185,0.051727194,0.042546008,886,0.009181187,1.0,1.0,1.0,1.0
7,cycle44_subj07_margin0_1sess_150ep,703,51521,0.049467314,0.049881876,370,-0.00041456148,2.0,0.6,1.4,1.0
7,cycle44_subj07_margin0_1sess_150ep,704,51745,0.047301494,0.055444863,493,-0.008143369,3.0,0.3333333333333333,1.6666666666666667,2.0
7,cycle44_subj07_margin0_1sess_150ep,705,51788,0.056929156,0.049555134,201,0.007374022,1.0,1.0,1.0,1.0
7,cycle44_subj07_margin0_1sess_150ep,706,51843,0.054350737,0.057950214,947,-0.003599476,3.0,0.2222222222222222,1.8888888888888888,2.0
7,cycle44_subj07_margin0_1sess_150ep,707,51907,0.0520881,0.056666736,204,-0.004578635,3.0,0.75,1.375,1.0
7,cycle44_subj07_margin0_1sess_150ep,708,51928,0.04774083,0.052420076,947,-0.0046792477,5.0,0.2222222222222222,2.111111111111111,2.0
7,cycle44_subj07_margin0_1sess_150ep,709,51965,0.07120502,0.05377292,479,0.017432101,1.0,1.0,1.0,1.0
7,cycle44_subj07_margin0_1sess_150ep,710,51983,0.064606264,0.057200212,217,0.007406052,1.0,1.0,1.0,1.0
7,cycle44_subj07_margin0_1sess_150ep,711,51988,0.02275548,0.049498394,921,-0.026742915,230.0,0.0,68.11111111111111,68.0
7,cycle44_subj07_margin0_1sess_150ep,712,52070,0.06628271,0.051354617,260,0.014928095,1.0,1.0,1.0,1.0
7,cycle44_subj07_margin0_1sess_150ep,713,52216,0.03217157,0.049308177,82,-0.017136607,21.0,0.0,6.818181818181818,7.0
7,cycle44_subj07_margin0_1sess_150ep,714,52302,0.064178064,0.054346304,468,0.00983176,1.0,1.0,1.0,1.0
7,cycle44_subj07_margin0_1sess_150ep,715,52328,0.04719241,0.06354464,176,-0.016352229,16.0,0.0,5.75,5.5
7,cycle44_subj07_margin0_1sess_150ep,716,52375,0.052342523,0.056204222,567,-0.0038616993,4.0,0.3,1.9,2.0
7,cycle44_subj07_margin0_1sess_150ep,717,52394,0.07166633,0.061869487,655,0.009796843,1.0,1.0,1.0,1.0
7,cycle44_subj07_margin0_1sess_150ep,718,52527,0.052920498,0.06120065,308,-0.008280151,2.0,0.7142857142857143,1.2857142857142858,1.0
7,cycle44_subj07_margin0_1sess_150ep,719,52554,0.055369895,0.053259015,359,0.0021108799,1.0,1.0,1.0,1.0
7,cycle44_subj07_margin0_1sess_150ep,720,52596,0.05193509,0.05307174,382,-0.0011366494,2.0,0.6,1.4,1.0
7,cycle44_subj07_margin0_1sess_150ep,721,52598,0.06414918,0.051549815,71,0.012599364,1.0,1.0,1.0,1.0
7,cycle44_subj07_margin0_1sess_150ep,722,52652,0.029390942,0.058678675,827,-0.029287733,159.0,0.0,51.888888888888886,53.0
7,cycle44_subj07_margin0_1sess_150ep,723,52892,0.037034396,0.04683588,748,-0.009801485,16.0,0.0,6.625,6.5
7,cycle44_subj07_margin0_1sess_150ep,724,52931,0.050916847,0.05525187,327,-0.0043350235,5.0,0.125,2.25,2.0
7,cycle44_subj07_margin0_1sess_150ep,725,52990,0.031202355,0.04843445,831,-0.017232096,126.0,0.0,36.714285714285715,36.0
7,cycle44_subj07_margin0_1sess_150ep,726,53052,0.03429106,0.04365787,327,-0.00936681,12.0,0.0,3.75,3.5
7,cycle44_subj07_margin0_1sess_150ep,727,53070,0.05156964,0.04610738,987,0.005462259,1.0,1.0,1.0,1.0
7,cycle44_subj07_margin0_1sess_150ep,728,53152,0.05682086,0.048585165,696,0.008235693,1.0,1.0,1.0,1.0
7,cycle44_subj07_margin0_1sess_150ep,729,53155,0.051359996,0.061766114,567,-0.010406118,2.0,0.5,1.5,1.5
7,cycle44_subj07_margin0_1sess_150ep,730,53157,0.056119673,0.05697026,437,-0.0008505881,2.0,0.4444444444444444,1.5555555555555556,2.0
7,cycle44_subj07_margin0_1sess_150ep,731,53270,0.038566865,0.051176228,516,-0.012609363,31.0,0.0,10.454545454545455,11.0
7,cycle44_subj07_margin0_1sess_150ep,732,53370,0.040927563,0.043698546,721,-0.0027709827,3.0,0.42857142857142855,1.7142857142857142,2.0
7,cycle44_subj07_margin0_1sess_150ep,733,53489,0.035088446,0.05117237,778,-0.016083922,63.0,0.0,20.25,19.5
7,cycle44_subj07_margin0_1sess_150ep,734,53511,0.046053547,0.05203161,243,-0.0059780627,9.0,0.1,3.4,3.0
7,cycle44_subj07_margin0_1sess_150ep,735,53570,0.043454755,0.039246306,644,0.0042084493,1.0,1.0,1.0,1.0
7,cycle44_subj07_margin0_1sess_150ep,736,53727,0.06464207,0.05680031,828,0.007841762,1.0,1.0,1.0,1.0
7,cycle44_subj07_margin0_1sess_150ep,737,53728,0.0707283,0.055077713,335,0.015650589,1.0,1.0,1.0,1.0
7,cycle44_subj07_margin0_1sess_150ep,738,53773,0.05363785,0.054768972,827,-0.0011311211,2.0,0.75,1.25,1.0
7,cycle44_subj07_margin0_1sess_150ep,739,53858,0.048240576,0.04545983,232,0.0027807467,1.0,1.0,1.0,1.0
7,cycle44_subj07_margin0_1sess_150ep,740,53881,0.062073186,0.058585994,541,0.003487192,1.0,1.0,1.0,1.0
7,cycle44_subj07_margin0_1sess_150ep,741,53891,0.041427437,0.052539155,827,-0.011111718,18.0,0.0,5.857142857142857,5.0
7,cycle44_subj07_margin0_1sess_150ep,742,54078,0.054014567,0.05720275,984,-0.0031881817,2.0,0.8888888888888888,1.1111111111111112,1.0
7,cycle44_subj07_margin0_1sess_150ep,743,54147,0.03836626,0.058052123,173,-0.019685864,46.0,0.0,13.666666666666666,13.0
7,cycle44_subj07_margin0_1sess_150ep,744,54257,0.03955408,0.051464695,327,-0.011910614,12.0,0.0,4.4,4.0
7,cycle44_subj07_margin0_1sess_150ep,745,54361,0.049980275,0.05379757,22,-0.0038172938,2.0,0.8181818181818182,1.1818181818181819,1.0
7,cycle44_subj07_margin0_1sess_150ep,746,54389,0.044801258,0.062062457,770,-0.0172612,33.0,0.0,11.0,11.0
7,cycle44_subj07_margin0_1sess_150ep,747,54643,0.039302867,0.052985925,353,-0.013683058,39.0,0.0,11.75,10.5
7,cycle44_subj07_margin0_1sess_150ep,748,54683,0.05475794,0.044482805,760,0.010275137,1.0,1.0,1.0,1.0
7,cycle44_subj07_margin0_1sess_150ep,749,54698,0.06667191,0.05173581,381,0.014936097,1.0,1.0,1.0,1.0
7,cycle44_subj07_margin0_1sess_150ep,750,54743,0.05532786,0.051419884,951,0.003907975,1.0,1.0,1.0,1.0
7,cycle44_subj07_margin0_1sess_150ep,751,54812,0.038807034,0.044863548,791,-0.0060565136,4.0,0.45454545454545453,2.090909090909091,2.0
7,cycle44_subj07_margin0_1sess_150ep,752,54824,0.04105719,0.048948634,696,-0.007891443,8.0,0.0,3.5,3.5
7,cycle44_subj07_margin0_1sess_150ep,753,54913,0.058506176,0.052944522,900,0.0055616535,1.0,1.0,1.0,1.0
7,cycle44_subj07_margin0_1sess_150ep,754,54959,0.047872856,0.052418202,7,-0.004545346,6.0,0.25,2.375,2.5
7,cycle44_subj07_margin0_1sess_150ep,755,55005,0.052876987,0.055620775,812,-0.002743788,2.0,0.6666666666666666,1.3333333333333333,1.0
7,cycle44_subj07_margin0_1sess_150ep,756,55107,0.06589027,0.06982083,321,-0.0039305612,2.0,0.6666666666666666,1.3333333333333333,1.0
7,cycle44_subj07_margin0_1sess_150ep,757,55163,0.05534393,0.050123703,696,0.005220227,1.0,1.0,1.0,1.0
7,cycle44_subj07_margin0_1sess_150ep,758,55405,0.05282603,0.054385535,721,-0.0015595071,2.0,1.0,1.0,1.0
7,cycle44_subj07_margin0_1sess_150ep,759,55408,0.049953975,0.041393448,382,0.008560527,1.0,1.0,1.0,1.0
7,cycle44_subj07_margin0_1sess_150ep,760,55526,0.06036943,0.048315637,353,0.012053791,1.0,1.0,1.0,1.0
7,cycle44_subj07_margin0_1sess_150ep,761,55649,0.059085242,0.05296459,43,0.006120652,1.0,1.0,1.0,1.0
7,cycle44_subj07_margin0_1sess_150ep,762,55669,0.038839635,0.046933696,527,-0.008094061,15.0,0.0,5.5,5.0
7,cycle44_subj07_margin0_1sess_150ep,763,55678,0.057589244,0.05539718,173,0.0021920651,1.0,1.0,1.0,1.0
7,cycle44_subj07_margin0_1sess_150ep,764,55680,0.03560595,0.05227623,632,-0.016670283,38.0,0.0,12.285714285714286,12.0
7,cycle44_subj07_margin0_1sess_150ep,765,55857,0.043213204,0.045439187,591,-0.002225984,2.0,0.6666666666666666,1.3333333333333333,1.0
7,cycle44_subj07_margin0_1sess_150ep,766,55933,0.054182235,0.049207743,82,0.004974492,1.0,1.0,1.0,1.0
7,cycle44_subj07_margin0_1sess_150ep,767,55968,0.055388097,0.05403883,380,0.0013492666,1.0,1.0,1.0,1.0
7,cycle44_subj07_margin0_1sess_150ep,768,55969,0.025370473,0.040149394,788,-0.014778921,52.0,0.0,15.6,15.5
7,cycle44_subj07_margin0_1sess_150ep,769,56042,0.050660707,0.052212536,467,-0.0015518293,2.0,0.6666666666666666,1.3333333333333333,1.0
7,cycle44_subj07_margin0_1sess_150ep,770,56066,0.0600524,0.052501306,516,0.0075510927,1.0,1.0,1.0,1.0
7,cycle44_subj07_margin0_1sess_150ep,771,56126,0.043612644,0.044132926,942,-0.0005202815,2.0,0.8,1.2,1.0
7,cycle44_subj07_margin0_1sess_150ep,772,56154,0.06330857,0.061637286,208,0.0016712807,1.0,1.0,1.0,1.0
7,cycle44_subj07_margin0_1sess_150ep,773,56269,0.055077184,0.054836836,947,0.00024034828,1.0,1.0,1.0,1.0
7,cycle44_subj07_margin0_1sess_150ep,774,56290,0.04327648,0.049855076,649,-0.0065785944,9.0,0.0,3.375,3.0
7,cycle44_subj07_margin0_1sess_150ep,775,56314,0.057086233,0.052974887,276,0.004111346,1.0,1.0,1.0,1.0
7,cycle44_subj07_margin0_1sess_150ep,776,56418,0.047579955,0.051705852,567,-0.004125897,3.0,0.42857142857142855,1.8571428571428572,2.0
7,cycle44_subj07_margin0_1sess_150ep,777,56454,0.057254687,0.046412095,82,0.0108425915,1.0,1.0,1.0,1.0
7,cycle44_subj07_margin0_1sess_150ep,778,56471,0.025567694,0.0569991,590,-0.031431407,142.0,0.0,43.1,43.5
7,cycle44_subj07_margin0_1sess_150ep,779,56670,0.05422128,0.051234197,894,0.002987083,1.0,1.0,1.0,1.0
7,cycle44_subj07_margin0_1sess_150ep,780,56681,0.056074645,0.051832665,750,0.0042419806,1.0,1.0,1.0,1.0
7,cycle44_subj07_margin0_1sess_150ep,781,56695,0.048583664,0.05297728,274,-0.004393615,3.0,0.625,1.375,1.0
7,cycle44_subj07_margin0_1sess_150ep,782,56723,0.05702122,0.049840305,827,0.0071809143,1.0,1.0,1.0,1.0
7,cycle44_subj07_margin0_1sess_150ep,783,56751,0.030695762,0.047561247,868,-0.016865484,52.0,0.0,15.909090909090908,16.0
7,cycle44_subj07_margin0_1sess_150ep,784,56782,0.039789557,0.056935947,827,-0.01714639,22.0,0.0,7.6923076923076925,8.0
7,cycle44_subj07_margin0_1sess_150ep,785,56784,0.03456499,0.057652254,967,-0.023087263,67.0,0.0,22.09090909090909,22.0
7,cycle44_subj07_margin0_1sess_150ep,786,56850,0.04285675,0.050257783,178,-0.0074010342,2.0,0.8,1.2,1.0
7,cycle44_subj07_margin0_1sess_150ep,787,56867,0.05656439,0.061325353,85,-0.004760962,3.0,0.75,1.25,1.0
7,cycle44_subj07_margin0_1sess_150ep,788,56911,0.06465616,0.054600418,990,0.010055743,1.0,1.0,1.0,1.0
7,cycle44_subj07_margin0_1sess_150ep,789,56948,0.03792192,0.0560543,274,-0.018132381,55.0,0.0,17.181818181818183,17.0
7,cycle44_subj07_margin0_1sess_150ep,790,57046,0.034086864,0.048901517,4,-0.0148146525,39.0,0.0,11.5,11.5
7,cycle44_subj07_margin0_1sess_150ep,791,57060,0.05422685,0.047819342,169,0.0064075068,1.0,1.0,1.0,1.0
7,cycle44_subj07_margin0_1sess_150ep,792,57435,0.046859194,0.047978036,884,-0.0011188425,3.0,0.5,1.5,1.5
7,cycle44_subj07_margin0_1sess_150ep,793,57443,0.056092966,0.05242025,178,0.0036727153,1.0,1.0,1.0,1.0
7,cycle44_subj07_margin0_1sess_150ep,794,57478,0.035035994,0.055708647,384,-0.020672653,37.0,0.0,10.375,10.0
7,cycle44_subj07_margin0_1sess_150ep,795,57542,0.056197308,0.057183795,173,-0.0009864867,3.0,0.7142857142857143,1.2857142857142858,1.0
7,cycle44_subj07_margin0_1sess_150ep,796,57553,0.04042821,0.050279748,984,-0.009851538,11.0,0.0,4.333333333333333,4.0
7,cycle44_subj07_margin0_1sess_150ep,797,57648,0.027908292,0.048850384,749,-0.020942092,187.0,0.0,57.0,55.0
7,cycle44_subj07_margin0_1sess_150ep,798,57650,0.029869659,0.039823648,480,-0.009953989,17.0,0.0,4.75,4.0
7,cycle44_subj07_margin0_1sess_150ep,799,57681,0.057211716,0.05252341,370,0.004688304,1.0,1.0,1.0,1.0
7,cycle44_subj07_margin0_1sess_150ep,800,57822,0.04726387,0.057565767,50,-0.010301899,11.0,0.0,3.7777777777777777,3.0
7,cycle44_subj07_margin0_1sess_150ep,801,57838,0.064282395,0.04921766,250,0.015064735,1.0,1.0,1.0,1.0
7,cycle44_subj07_margin0_1sess_150ep,802,57906,0.0592173,0.06293082,567,-0.003713522,3.0,0.4,1.8,2.0
7,cycle44_subj07_margin0_1sess_150ep,803,58096,0.035063643,0.04852422,274,-0.0134605765,14.0,0.1111111111111111,5.333333333333333,6.0
7,cycle44_subj07_margin0_1sess_150ep,804,58144,0.039547138,0.035950787,717,0.0035963506,1.0,1.0,1.0,1.0
7,cycle44_subj07_margin0_1sess_150ep,805,58164,0.06456413,0.056045134,67,0.008518998,1.0,1.0,1.0,1.0
7,cycle44_subj07_margin0_1sess_150ep,806,58187,0.04794377,0.053299285,967,-0.0053555146,2.0,0.6923076923076923,1.3076923076923077,1.0
7,cycle44_subj07_margin0_1sess_150ep,807,58404,0.059796438,0.04994054,984,0.009855896,1.0,1.0,1.0,1.0
7,cycle44_subj07_margin0_1sess_150ep,808,58668,0.043400694,0.053911477,169,-0.010510784,10.0,0.0,3.7857142857142856,4.0
7,cycle44_subj07_margin0_1sess_150ep,809,58681,0.04935564,0.047417723,178,0.0019379184,1.0,1.0,1.0,1.0
7,cycle44_subj07_margin0_1sess_150ep,810,59023,0.054278396,0.05288038,770,0.0013980158,1.0,1.0,1.0,1.0
7,cycle44_subj07_margin0_1sess_150ep,811,59039,0.050854582,0.048404302,770,0.00245028,1.0,1.0,1.0,1.0
7,cycle44_subj07_margin0_1sess_150ep,812,59046,0.051195025,0.056495316,231,-0.005300291,2.0,0.7272727272727273,1.2727272727272727,1.0
7,cycle44_subj07_margin0_1sess_150ep,813,59079,0.043368567,0.053550974,947,-0.010182407,8.0,0.1111111111111111,3.7777777777777777,4.0
7,cycle44_subj07_margin0_1sess_150ep,814,59091,0.042723604,0.04666399,11,-0.003940385,3.0,0.4444444444444444,1.6666666666666667,2.0
7,cycle44_subj07_margin0_1sess_150ep,815,59194,0.04908433,0.054027412,12,-0.0049430802,4.0,0.2857142857142857,2.142857142857143,2.0
7,cycle44_subj07_margin0_1sess_150ep,816,59284,0.020717816,0.047046505,155,-0.026328688,151.0,0.0,47.642857142857146,46.5
7,cycle44_subj07_margin0_1sess_150ep,817,59419,0.038357504,0.053237893,516,-0.014880389,20.0,0.0,6.714285714285714,5.0
7,cycle44_subj07_margin0_1sess_150ep,818,59420,0.045907225,0.058685083,710,-0.0127778575,18.0,0.0,5.75,6.0
7,cycle44_subj07_margin0_1sess_150ep,819,59585,0.036165446,0.046542987,799,-0.010377541,23.0,0.0,8.5,8.0
7,cycle44_subj07_margin0_1sess_150ep,820,59595,0.05056599,0.05553602,967,-0.004970029,2.0,0.7777777777777778,1.2222222222222223,1.0
7,cycle44_subj07_margin0_1sess_150ep,821,59631,0.04428797,0.05111798,39,-0.0068300106,4.0,0.5833333333333334,1.6666666666666667,1.0
7,cycle44_subj07_margin0_1sess_150ep,822,59699,0.024712374,0.04452153,380,-0.019809155,111.0,0.0,33.69230769230769,33.0
7,cycle44_subj07_margin0_1sess_150ep,823,59817,0.058239646,0.06121824,616,-0.002978593,3.0,0.75,1.25,1.0
7,cycle44_subj07_margin0_1sess_150ep,824,59994,0.044028506,0.062074516,516,-0.01804601,15.0,0.0,6.2,6.0
7,cycle44_subj07_margin0_1sess_150ep,825,60094,0.02458193,0.042783998,984,-0.018202068,36.0,0.0,11.9,11.5
7,cycle44_subj07_margin0_1sess_150ep,826,60119,0.04197956,0.054546095,380,-0.012566537,11.0,0.09090909090909091,4.545454545454546,5.0
7,cycle44_subj07_margin0_1sess_150ep,827,60186,0.06676563,0.047726154,673,0.019039474,1.0,1.0,1.0,1.0
7,cycle44_subj07_margin0_1sess_150ep,828,60251,0.060828418,0.05438884,282,0.006439578,1.0,1.0,1.0,1.0
7,cycle44_subj07_margin0_1sess_150ep,829,60305,0.059834156,0.050010446,343,0.00982371,1.0,1.0,1.0,1.0
7,cycle44_subj07_margin0_1sess_150ep,830,60456,0.037703093,0.053823337,590,-0.016120244,38.0,0.0,12.125,12.0
7,cycle44_subj07_margin0_1sess_150ep,831,60505,0.06107972,0.0510269,469,0.010052819,1.0,1.0,1.0,1.0
7,cycle44_subj07_margin0_1sess_150ep,832,60519,0.048100833,0.043238316,24,0.004862517,1.0,1.0,1.0,1.0
7,cycle44_subj07_margin0_1sess_150ep,833,60553,0.06357805,0.043221325,728,0.020356722,1.0,1.0,1.0,1.0
7,cycle44_subj07_margin0_1sess_150ep,834,60725,0.04009711,0.05031178,200,-0.0102146715,31.0,0.0,9.818181818181818,10.0
7,cycle44_subj07_margin0_1sess_150ep,835,60834,0.047191594,0.056612793,178,-0.0094212,4.0,0.3,2.0,2.0
7,cycle44_subj07_margin0_1sess_150ep,836,60845,0.03720213,0.05012669,571,-0.012924559,24.0,0.0,7.636363636363637,8.0
7,cycle44_subj07_margin0_1sess_150ep,837,60867,0.05390769,0.056289673,718,-0.0023819841,2.0,0.6,1.4,1.0
7,cycle44_subj07_margin0_1sess_150ep,838,60978,0.040556982,0.056250956,180,-0.015693974,43.0,0.0,14.285714285714286,15.0
7,cycle44_subj07_margin0_1sess_150ep,839,61122,0.04042314,0.0576344,777,-0.017211258,12.0,0.0,5.0,5.0
7,cycle44_subj07_margin0_1sess_150ep,840,61133,0.037168227,0.047814317,802,-0.01064609,22.0,0.0,7.555555555555555,7.0
7,cycle44_subj07_margin0_1sess_150ep,841,61177,0.054928135,0.048471384,93,0.0064567514,1.0,1.0,1.0,1.0
7,cycle44_subj07_margin0_1sess_150ep,842,61216,0.034345925,0.045384634,696,-0.011038709,60.0,0.0,18.818181818181817,18.0
7,cycle44_subj07_margin0_1sess_150ep,843,61510,0.04993578,0.058563598,567,-0.008627817,7.0,0.0,2.6666666666666665,3.0
7,cycle44_subj07_margin0_1sess_150ep,844,61513,0.050624322,0.049082242,710,0.0015420802,1.0,1.0,1.0,1.0
7,cycle44_subj07_margin0_1sess_150ep,845,61677,0.05186807,0.052746277,118,-0.0008782074,2.0,0.8666666666666667,1.1333333333333333,1.0
7,cycle44_subj07_margin0_1sess_150ep,846,61738,0.026522849,0.052639604,788,-0.026116755,276.0,0.0,81.45454545454545,80.0
7,cycle44_subj07_margin0_1sess_150ep,847,61748,0.056362975,0.04521269,118,0.011150286,1.0,1.0,1.0,1.0
7,cycle44_subj07_margin0_1sess_150ep,848,61752,0.05013604,0.058039512,178,-0.007903472,4.0,0.75,1.5,1.0
7,cycle44_subj07_margin0_1sess_150ep,849,61797,0.06725344,0.06008796,967,0.0071654804,1.0,1.0,1.0,1.0
7,cycle44_subj07_margin0_1sess_150ep,850,61801,0.03369194,0.05257329,773,-0.01888135,47.0,0.0,17.0,18.0
7,cycle44_subj07_margin0_1sess_150ep,851,61809,0.040532812,0.05231002,543,-0.011777207,17.0,0.0,6.285714285714286,6.0
7,cycle44_subj07_margin0_1sess_150ep,852,61873,0.06499369,0.048219584,659,0.016774103,1.0,1.0,1.0,1.0
7,cycle44_subj07_margin0_1sess_150ep,853,61972,0.05222593,0.050805498,990,0.0014204308,1.0,1.0,1.0,1.0
7,cycle44_subj07_margin0_1sess_150ep,854,62006,0.07286076,0.04700098,926,0.025859784,1.0,1.0,1.0,1.0
7,cycle44_subj07_margin0_1sess_150ep,855,62015,0.03184178,0.044409923,886,-0.012568142,10.0,0.1,3.9,4.0
7,cycle44_subj07_margin0_1sess_150ep,856,62209,0.05840971,0.043479845,922,0.014929865,1.0,1.0,1.0,1.0
7,cycle44_subj07_margin0_1sess_150ep,857,62228,0.05182007,0.050691392,549,0.0011286773,1.0,1.0,1.0,1.0
7,cycle44_subj07_margin0_1sess_150ep,858,62275,0.022576803,0.040296398,717,-0.017719595,61.0,0.0,21.0,22.0
7,cycle44_subj07_margin0_1sess_150ep,859,62302,0.06879662,0.06252586,180,0.006270759,1.0,1.0,1.0,1.0
7,cycle44_subj07_margin0_1sess_150ep,860,62365,0.03740333,0.049938746,828,-0.012535416,5.0,0.3333333333333333,2.0,2.0
7,cycle44_subj07_margin0_1sess_150ep,861,62479,0.03438422,0.05393056,132,-0.019546337,32.0,0.0,9.333333333333334,9.0
7,cycle44_subj07_margin0_1sess_150ep,862,62544,0.05068245,0.062477555,180,-0.011795104,10.0,0.0,4.333333333333333,4.0
7,cycle44_subj07_margin0_1sess_150ep,863,62561,0.04533245,0.054130305,788,-0.008797854,10.0,0.25,3.375,4.0
7,cycle44_subj07_margin0_1sess_150ep,864,62683,0.06380562,0.05747978,923,0.006325837,1.0,1.0,1.0,1.0
7,cycle44_subj07_margin0_1sess_150ep,865,62748,0.047650598,0.050393157,748,-0.0027425587,3.0,0.3333333333333333,1.6666666666666667,2.0
7,cycle44_subj07_margin0_1sess_150ep,866,62960,0.04571352,0.05531774,830,-0.009604219,8.0,0.08333333333333333,2.6666666666666665,3.0
7,cycle44_subj07_margin0_1sess_150ep,867,63081,0.053961273,0.052758552,94,0.0012027211,1.0,1.0,1.0,1.0
7,cycle44_subj07_margin0_1sess_150ep,868,63182,0.046624754,0.050174054,93,-0.0035493001,3.0,0.25,1.875,2.0
7,cycle44_subj07_margin0_1sess_150ep,869,63345,0.050953314,0.05225549,770,-0.0013021752,2.0,0.8333333333333334,1.1666666666666667,1.0
7,cycle44_subj07_margin0_1sess_150ep,870,63449,0.048325427,0.057071827,707,-0.0087464005,2.0,0.8888888888888888,1.1111111111111112,1.0
7,cycle44_subj07_margin0_1sess_150ep,871,63746,0.046091925,0.051222973,327,-0.005131047,4.0,0.0,2.25,2.0
7,cycle44_subj07_margin0_1sess_150ep,872,63781,0.048811402,0.04936581,770,-0.0005544089,2.0,0.8888888888888888,1.1111111111111112,1.0
7,cycle44_subj07_margin0_1sess_150ep,873,63825,0.040855255,0.05035335,828,-0.009498093,15.0,0.0,5.75,6.0
7,cycle44_subj07_margin0_1sess_150ep,874,63922,0.03695494,0.049530476,729,-0.012575537,37.0,0.0,12.833333333333334,13.5
7,cycle44_subj07_margin0_1sess_150ep,875,63931,0.06943631,0.049138043,777,0.020298269,1.0,1.0,1.0,1.0
7,cycle44_subj07_margin0_1sess_150ep,876,63944,0.047205452,0.053719845,875,-0.006514393,4.0,0.2222222222222222,2.0,2.0
7,cycle44_subj07_margin0_1sess_150ep,877,64004,0.054245014,0.046599314,149,0.0076457,1.0,1.0,1.0,1.0
7,cycle44_subj07_margin0_1sess_150ep,878,64096,0.03498211,0.04140835,648,-0.0064262375,9.0,0.1,3.5,3.0
7,cycle44_subj07_margin0_1sess_150ep,879,64295,0.05458095,0.056432605,710,-0.0018516555,2.0,0.3333333333333333,1.6666666666666667,2.0
7,cycle44_subj07_margin0_1sess_150ep,880,64483,0.04383568,0.060232595,567,-0.016396914,37.0,0.0,12.454545454545455,12.0
7,cycle44_subj07_margin0_1sess_150ep,881,64498,0.04381712,0.042893395,153,0.0009237267,1.0,1.0,1.0,1.0
7,cycle44_subj07_margin0_1sess_150ep,882,64615,0.046395697,0.058885038,136,-0.012489341,25.0,0.0,7.888888888888889,9.0
7,cycle44_subj07_margin0_1sess_150ep,883,64621,0.03405371,0.046558276,984,-0.012504566,20.0,0.0,7.714285714285714,7.0
7,cycle44_subj07_margin0_1sess_150ep,884,64687,0.04715722,0.04246451,3,0.004692711,1.0,1.0,1.0,1.0
7,cycle44_subj07_margin0_1sess_150ep,885,64771,0.038795047,0.04498287,522,-0.0061878227,9.0,0.0,3.4285714285714284,3.0
7,cycle44_subj07_margin0_1sess_150ep,886,64867,0.04540946,0.046072897,904,-0.00066343695,2.0,0.7272727272727273,1.2727272727272727,1.0
7,cycle44_subj07_margin0_1sess_150ep,887,64880,0.0312881,0.053562474,169,-0.022274375,35.0,0.0,9.923076923076923,10.0
7,cycle44_subj07_margin0_1sess_150ep,888,64893,0.02392797,0.055607956,396,-0.031679988,393.0,0.0,119.75,120.5
7,cycle44_subj07_margin0_1sess_150ep,889,64979,0.03903746,0.05271344,490,-0.01367598,75.0,0.0,22.083333333333332,22.5
7,cycle44_subj07_margin0_1sess_150ep,890,65010,0.060378917,0.056529082,286,0.0038498342,1.0,1.0,1.0,1.0
7,cycle44_subj07_margin0_1sess_150ep,891,65069,0.065480635,0.051353958,163,0.014126677,1.0,1.0,1.0,1.0
7,cycle44_subj07_margin0_1sess_150ep,892,65148,0.05451144,0.053523477,923,0.0009879619,1.0,1.0,1.0,1.0
7,cycle44_subj07_margin0_1sess_150ep,893,65187,0.036272544,0.051926646,886,-0.015654102,72.0,0.0,22.0,22.0
7,cycle44_subj07_margin0_1sess_150ep,894,65232,0.049383868,0.050681107,204,-0.0012972392,4.0,0.5833333333333334,1.75,1.0
7,cycle44_subj07_margin0_1sess_150ep,895,65253,0.025142176,0.041599635,178,-0.016457459,94.0,0.0,27.6,30.0
7,cycle44_subj07_margin0_1sess_150ep,896,65267,0.039813213,0.042901468,178,-0.0030882545,5.0,0.15384615384615385,2.3076923076923075,2.0
7,cycle44_subj07_margin0_1sess_150ep,897,65376,0.054589882,0.051886387,621,0.0027034953,1.0,1.0,1.0,1.0
7,cycle44_subj07_margin0_1sess_150ep,898,65414,0.05403829,0.046246186,106,0.007792104,1.0,1.0,1.0,1.0
7,cycle44_subj07_margin0_1sess_150ep,899,65445,0.035348352,0.04976166,141,-0.014413308,25.0,0.0,7.6,7.5
7,cycle44_subj07_margin0_1sess_150ep,900,65639,0.066737354,0.057836987,753,0.008900367,1.0,1.0,1.0,1.0
7,cycle44_subj07_margin0_1sess_150ep,901,65654,0.037829418,0.051964596,760,-0.014135178,18.0,0.0,6.4,6.5
7,cycle44_subj07_margin0_1sess_150ep,902,65686,0.030918647,0.047951344,984,-0.017032698,41.0,0.0,11.88888888888889,12.0
7,cycle44_subj07_margin0_1sess_150ep,903,65769,0.047328644,0.05195355,770,-0.004624907,4.0,0.0,2.8,3.0
7,cycle44_subj07_margin0_1sess_150ep,904,65799,0.050537143,0.052747663,984,-0.0022105202,3.0,0.45454545454545453,1.6363636363636365,2.0
7,cycle44_subj07_margin0_1sess_150ep,905,65821,0.056519408,0.06855245,11,-0.012033042,4.0,0.2857142857142857,2.142857142857143,2.0
7,cycle44_subj07_margin0_1sess_150ep,906,65872,0.047472708,0.052094247,764,-0.0046215393,2.0,0.75,1.25,1.0
7,cycle44_subj07_margin0_1sess_150ep,907,65920,0.04801363,0.054155264,770,-0.006141633,7.0,0.0,2.875,3.0
7,cycle44_subj07_margin0_1sess_150ep,908,65943,0.035650633,0.050415535,475,-0.014764901,29.0,0.0,9.666666666666666,10.0
7,cycle44_subj07_margin0_1sess_150ep,909,66004,0.058012575,0.057132844,576,0.00087973103,1.0,1.0,1.0,1.0
7,cycle44_subj07_margin0_1sess_150ep,910,66214,0.04379083,0.05049305,601,-0.006702222,8.0,0.2222222222222222,2.888888888888889,3.0
7,cycle44_subj07_margin0_1sess_150ep,911,66216,0.049102496,0.06391866,541,-0.014816161,5.0,0.25,2.0,2.0
7,cycle44_subj07_margin0_1sess_150ep,912,66278,0.07156747,0.05854109,809,0.013026379,1.0,1.0,1.0,1.0
7,cycle44_subj07_margin0_1sess_150ep,913,66330,0.04058933,0.04309651,40,-0.00250718,6.0,0.16666666666666666,2.8333333333333335,3.0
7,cycle44_subj07_margin0_1sess_150ep,914,66342,0.050119616,0.04929902,370,0.0008205958,1.0,1.0,1.0,1.0
7,cycle44_subj07_margin0_1sess_150ep,915,66421,0.03278435,0.058254126,947,-0.025469776,150.0,0.0,45.42857142857143,44.0
7,cycle44_subj07_margin0_1sess_150ep,916,66464,0.047259778,0.054689147,567,-0.007429369,10.0,0.0,3.1,3.0
7,cycle44_subj07_margin0_1sess_150ep,917,66479,0.033550564,0.05001791,760,-0.016467344,83.0,0.0,26.272727272727273,26.0
7,cycle44_subj07_margin0_1sess_150ep,918,66489,0.033045113,0.044510614,372,-0.011465501,18.0,0.0,6.0,6.0
7,cycle44_subj07_margin0_1sess_150ep,919,66580,0.050679367,0.052296963,308,-0.0016175956,5.0,0.14285714285714285,2.0,2.0
7,cycle44_subj07_margin0_1sess_150ep,920,66643,0.047435336,0.04749749,186,-6.215274e-05,2.0,0.25,1.75,2.0
7,cycle44_subj07_margin0_1sess_150ep,921,66773,0.064604744,0.058253273,82,0.006351471,1.0,1.0,1.0,1.0
7,cycle44_subj07_margin0_1sess_150ep,922,66836,0.05867771,0.045602605,388,0.013075106,1.0,1.0,1.0,1.0
7,cycle44_subj07_margin0_1sess_150ep,923,66946,0.046511978,0.044174697,139,0.0023372807,1.0,1.0,1.0,1.0
7,cycle44_subj07_margin0_1sess_150ep,924,66976,0.05014478,0.055797044,469,-0.0056522638,3.0,0.5,1.6666666666666667,1.5
7,cycle44_subj07_margin0_1sess_150ep,925,67045,0.05431627,0.045057453,696,0.009258818,1.0,1.0,1.0,1.0
7,cycle44_subj07_margin0_1sess_150ep,926,67113,0.05090822,0.051781304,57,-0.0008730851,2.0,0.7777777777777778,1.2222222222222223,1.0
7,cycle44_subj07_margin0_1sess_150ep,927,67168,0.053511627,0.062338255,50,-0.008826628,5.0,0.1111111111111111,2.3333333333333335,2.0
7,cycle44_subj07_margin0_1sess_150ep,928,67204,0.045986027,0.05022318,571,-0.0042371526,6.0,0.15384615384615385,2.5384615384615383,3.0
7,cycle44_subj07_margin0_1sess_150ep,929,67237,0.052593593,0.046897817,717,0.005695775,1.0,1.0,1.0,1.0
7,cycle44_subj07_margin0_1sess_150ep,930,67252,0.038144026,0.047902487,274,-0.009758461,3.0,0.5,1.5,1.5
7,cycle44_subj07_margin0_1sess_150ep,931,67295,0.04165048,0.049909577,522,-0.008259095,23.0,0.0,7.444444444444445,7.0
7,cycle44_subj07_margin0_1sess_150ep,932,67363,0.05013491,0.05253424,812,-0.0023993328,2.0,0.6,1.4,1.0
7,cycle44_subj07_margin0_1sess_150ep,933,67742,0.04934046,0.055012494,947,-0.005672034,6.0,0.2222222222222222,2.7777777777777777,2.0
7,cycle44_subj07_margin0_1sess_150ep,934,67802,0.05149854,0.060083993,710,-0.008585453,2.0,0.6666666666666666,1.3333333333333333,1.0
7,cycle44_subj07_margin0_1sess_150ep,935,67829,0.04186862,0.04991181,18,-0.008043189,23.0,0.0,7.555555555555555,8.0
7,cycle44_subj07_margin0_1sess_150ep,936,68023,0.02671013,0.04562435,178,-0.018914219,209.0,0.0,65.07692307692308,63.0
7,cycle44_subj07_margin0_1sess_150ep,937,68168,0.03903938,0.05574779,769,-0.016708408,29.0,0.0,8.75,9.0
7,cycle44_subj07_margin0_1sess_150ep,938,68278,0.04736788,0.052052457,327,-0.0046845786,4.0,0.15384615384615385,2.076923076923077,2.0
7,cycle44_subj07_margin0_1sess_150ep,939,68311,0.056247257,0.048570577,659,0.0076766796,1.0,1.0,1.0,1.0
7,cycle44_subj07_margin0_1sess_150ep,940,68339,0.0427763,0.053036746,57,-0.010260444,14.0,0.0,5.5,5.0
7,cycle44_subj07_margin0_1sess_150ep,941,68418,0.059663285,0.059074398,380,0.00058888644,1.0,1.0,1.0,1.0
7,cycle44_subj07_margin0_1sess_150ep,942,68471,0.05947277,0.059001427,881,0.00047134236,1.0,1.0,1.0,1.0
7,cycle44_subj07_margin0_1sess_150ep,943,68741,0.05794645,0.04748616,755,0.010460291,1.0,1.0,1.0,1.0
7,cycle44_subj07_margin0_1sess_150ep,944,68814,0.06513618,0.053364404,655,0.011771776,1.0,1.0,1.0,1.0
7,cycle44_subj07_margin0_1sess_150ep,945,68842,0.05632232,0.057275523,828,-0.0009532012,2.0,0.7142857142857143,1.2857142857142858,1.0
7,cycle44_subj07_margin0_1sess_150ep,946,68858,0.042204447,0.049629156,884,-0.0074247085,12.0,0.18181818181818182,3.4545454545454546,3.0
7,cycle44_subj07_margin0_1sess_150ep,947,68897,0.07126654,0.052531816,567,0.018734723,1.0,1.0,1.0,1.0
7,cycle44_subj07_margin0_1sess_150ep,948,69007,0.03408454,0.045324583,827,-0.011240043,27.0,0.0,7.923076923076923,8.0
7,cycle44_subj07_margin0_1sess_150ep,949,69025,0.0441467,0.053854655,601,-0.009707954,21.0,0.0,6.9,7.0
7,cycle44_subj07_margin0_1sess_150ep,950,69030,0.012849796,0.04318145,314,-0.030331653,373.0,0.0,111.0,111.5
7,cycle44_subj07_margin0_1sess_150ep,951,69130,0.059915934,0.0491891,178,0.010726836,1.0,1.0,1.0,1.0
7,cycle44_subj07_margin0_1sess_150ep,952,69214,0.052552033,0.042001013,39,0.0105510205,1.0,1.0,1.0,1.0
7,cycle44_subj07_margin0_1sess_150ep,953,69240,0.04587192,0.055876743,93,-0.010004822,10.0,0.0,4.6,4.0
7,cycle44_subj07_margin0_1sess_150ep,954,69442,0.06257161,0.057411674,856,0.005159933,1.0,1.0,1.0,1.0
7,cycle44_subj07_margin0_1sess_150ep,955,69502,0.048617054,0.056829885,815,-0.008212831,9.0,0.0,4.666666666666667,4.5
7,cycle44_subj07_margin0_1sess_150ep,956,69614,0.045956556,0.053856827,567,-0.007900272,8.0,0.0,3.1666666666666665,3.0
7,cycle44_subj07_margin0_1sess_150ep,957,69616,0.016025145,0.05227961,710,-0.036254466,279.0,0.0,82.92307692307692,81.0
7,cycle44_subj07_margin0_1sess_150ep,958,69785,0.033108193,0.051193714,516,-0.01808552,61.0,0.0,19.7,19.0
7,cycle44_subj07_margin0_1sess_150ep,959,69813,0.055869624,0.04492808,173,0.010941543,1.0,1.0,1.0,1.0
7,cycle44_subj07_margin0_1sess_150ep,960,69831,0.03082276,0.045367047,28,-0.014544288,47.0,0.0,14.692307692307692,14.0
7,cycle44_subj07_margin0_1sess_150ep,961,69839,0.025570733,0.04797183,146,-0.022401096,155.0,0.0,46.833333333333336,45.5
7,cycle44_subj07_margin0_1sess_150ep,962,69854,0.04727005,0.051328972,523,-0.0040589236,3.0,0.5,1.6666666666666667,1.5
7,cycle44_subj07_margin0_1sess_150ep,963,69918,0.04466544,0.057066344,567,-0.012400903,4.0,0.4,1.9,2.0
7,cycle44_subj07_margin0_1sess_150ep,964,70038,0.03592137,0.05089222,493,-0.01497085,9.0,0.0,2.888888888888889,2.0
7,cycle44_subj07_margin0_1sess_150ep,965,70075,0.05003586,0.04811597,178,0.0019198917,1.0,1.0,1.0,1.0
7,cycle44_subj07_margin0_1sess_150ep,966,70095,0.050477643,0.053680994,833,-0.003203351,3.0,0.7,1.4,1.0
7,cycle44_subj07_margin0_1sess_150ep,967,70193,0.04595038,0.05038259,921,-0.0044322126,10.0,0.0,3.8333333333333335,4.0
7,cycle44_subj07_margin0_1sess_150ep,968,70232,0.048830524,0.060588263,227,-0.011757739,8.0,0.0,4.0,4.0
7,cycle44_subj07_margin0_1sess_150ep,969,70335,0.049938478,0.04894058,559,0.0009978972,1.0,1.0,1.0,1.0
7,cycle44_subj07_margin0_1sess_150ep,970,70360,0.042934228,0.041377448,696,0.0015567802,1.0,1.0,1.0,1.0
7,cycle44_subj07_margin0_1sess_150ep,971,70368,0.042710815,0.049407665,479,-0.00669685,8.0,0.06666666666666667,3.066666666666667,3.0
7,cycle44_subj07_margin0_1sess_150ep,972,70427,0.04722488,0.044780266,947,0.0024446137,1.0,1.0,1.0,1.0
7,cycle44_subj07_margin0_1sess_150ep,973,70505,0.03949772,0.052054442,967,-0.012556724,10.0,0.0,4.222222222222222,4.0
7,cycle44_subj07_margin0_1sess_150ep,974,70585,0.04814275,0.046355434,208,0.001787316,1.0,1.0,1.0,1.0
7,cycle44_subj07_margin0_1sess_150ep,975,70589,0.05314712,0.05418923,821,-0.0010421127,2.0,0.8888888888888888,1.1111111111111112,1.0
7,cycle44_subj07_margin0_1sess_150ep,976,70671,0.043174528,0.04994531,54,-0.006770782,13.0,0.0,4.8,5.0
7,cycle44_subj07_margin0_1sess_150ep,977,70758,0.041666217,0.04090385,93,0.00076236576,1.0,1.0,1.0,1.0
7,cycle44_subj07_margin0_1sess_150ep,978,70764,0.04278885,0.042267837,611,0.00052101165,1.0,1.0,1.0,1.0
7,cycle44_subj07_margin0_1sess_150ep,979,70947,0.03744117,0.04677785,983,-0.009336676,23.0,0.0,8.625,8.0
7,cycle44_subj07_margin0_1sess_150ep,980,71025,0.043517295,0.049220685,565,-0.0057033896,15.0,0.0,5.384615384615385,5.0
7,cycle44_subj07_margin0_1sess_150ep,981,71186,0.043256123,0.051914576,178,-0.008658454,8.0,0.0,3.6666666666666665,3.5
7,cycle44_subj07_margin0_1sess_150ep,982,71229,0.06799683,0.056426536,900,0.011570293,1.0,1.0,1.0,1.0
7,cycle44_subj07_margin0_1sess_150ep,983,71232,0.05350897,0.047369327,493,0.0061396435,1.0,1.0,1.0,1.0
7,cycle44_subj07_margin0_1sess_150ep,984,71241,0.05783714,0.043225493,389,0.0146116465,1.0,1.0,1.0,1.0
7,cycle44_subj07_margin0_1sess_150ep,985,71410,0.045112547,0.049580235,274,-0.0044676885,2.0,0.7692307692307693,1.2307692307692308,1.0
7,cycle44_subj07_margin0_1sess_150ep,986,71450,0.06795249,0.050357718,156,0.017594773,1.0,1.0,1.0,1.0
7,cycle44_subj07_margin0_1sess_150ep,987,71753,0.05618971,0.044070873,718,0.012118835,1.0,1.0,1.0,1.0
7,cycle44_subj07_margin0_1sess_150ep,988,71894,0.045038175,0.05363069,954,-0.008592516,6.0,0.125,2.75,3.0
7,cycle44_subj07_margin0_1sess_150ep,989,71928,0.046196368,0.05432815,770,-0.008131783,16.0,0.0,5.090909090909091,5.0
7,cycle44_subj07_margin0_1sess_150ep,990,72015,0.06273556,0.054028112,788,0.008707445,1.0,1.0,1.0,1.0
7,cycle44_subj07_margin0_1sess_150ep,991,72080,0.055300113,0.03824513,779,0.017054982,1.0,1.0,1.0,1.0
7,cycle44_subj07_margin0_1sess_150ep,992,72170,0.052591212,0.056282215,681,-0.0036910027,2.0,0.8888888888888888,1.1111111111111112,1.0
7,cycle44_subj07_margin0_1sess_150ep,993,72209,0.04389097,0.048624184,327,-0.0047332123,2.0,0.8888888888888888,1.1111111111111112,1.0
7,cycle44_subj07_margin0_1sess_150ep,994,72257,0.046314694,0.056841284,923,-0.01052659,20.0,0.0,6.818181818181818,6.0
7,cycle44_subj07_margin0_1sess_150ep,995,72312,0.050290212,0.040924545,314,0.009365667,1.0,1.0,1.0,1.0
7,cycle44_subj07_margin0_1sess_150ep,996,72510,0.032489773,0.051389355,692,-0.018899582,64.0,0.0,19.625,19.0
7,cycle44_subj07_margin0_1sess_150ep,997,72605,0.07386662,0.049427435,543,0.024439186,1.0,1.0,1.0,1.0
7,cycle44_subj07_margin0_1sess_150ep,998,72719,0.04878919,0.04509141,422,0.003697779,1.0,1.0,1.0,1.0
7,cycle44_subj07_margin0_1sess_150ep,999,72948,0.035050303,0.039783612,828,-0.004733309,15.0,0.0,5.5,5.5
