subject,model_name,eval_index,image_id,positive_similarity,hardest_impostor_similarity,hardest_impostor_index,margin,full_pool_rank,sampled_top1_success_rate,sampled_rank_mean,sampled_rank_median
7,cycle44_subj07_margin_low_1sess_150ep,0,2950,0.027308373,0.04260366,875,-0.015295288,78.0,0.0,23.833333333333332,23.5
7,cycle44_subj07_margin_low_1sess_150ep,1,2990,0.024801264,0.043427456,921,-0.018626193,128.0,0.0,39.38461538461539,39.0
7,cycle44_subj07_margin_low_1sess_150ep,2,3049,0.052057117,0.05430025,11,-0.0022431314,2.0,0.8333333333333334,1.1666666666666667,1.0
7,cycle44_subj07_margin_low_1sess_150ep,3,3077,0.056821413,0.05015771,11,0.0066637024,1.0,1.0,1.0,1.0
7,cycle44_subj07_margin_low_1sess_150ep,4,3146,0.053314634,0.04607327,697,0.0072413646,1.0,1.0,1.0,1.0
7,cycle44_subj07_margin_low_1sess_150ep,5,3157,0.050834697,0.055637985,778,-0.0048032887,4.0,0.5555555555555556,1.7777777777777777,1.0
7,cycle44_subj07_margin_low_1sess_150ep,6,3164,0.044615127,0.057661556,655,-0.013046429,5.0,0.5,1.875,1.5
7,cycle44_subj07_margin_low_1sess_150ep,7,3171,0.045919277,0.05707575,567,-0.011156473,11.0,0.0,3.125,3.0
7,cycle44_subj07_margin_low_1sess_150ep,8,3181,0.05183128,0.04703415,859,0.004797127,1.0,1.0,1.0,1.0
7,cycle44_subj07_margin_low_1sess_150ep,9,3386,0.05650473,0.05978185,11,-0.0032771192,3.0,1.0,1.0,1.0
7,cycle44_subj07_margin_low_1sess_150ep,10,3434,0.045883,0.05198262,215,-0.006099619,5.0,0.25,2.0833333333333335,2.0
7,cycle44_subj07_margin_low_1sess_150ep,11,3449,0.06273952,0.059506655,647,0.0032328665,1.0,1.0,1.0,1.0
7,cycle44_subj07_margin_low_1sess_150ep,12,3489,0.059839316,0.054201204,694,0.0056381114,1.0,1.0,1.0,1.0
7,cycle44_subj07_margin_low_1sess_150ep,13,3626,0.053643405,0.049547806,461,0.004095599,1.0,1.0,1.0,1.0
7,cycle44_subj07_margin_low_1sess_150ep,14,3682,0.04534476,0.04162779,999,0.003716968,1.0,1.0,1.0,1.0
7,cycle44_subj07_margin_low_1sess_150ep,15,3687,0.046542566,0.054761283,282,-0.008218717,5.0,0.16666666666666666,2.1666666666666665,2.0
7,cycle44_subj07_margin_low_1sess_150ep,16,3729,0.037907187,0.05256216,106,-0.014654972,64.0,0.0,20.25,20.5
7,cycle44_subj07_margin_low_1sess_150ep,17,3809,0.042293273,0.046620514,770,-0.0043272413,12.0,0.0,4.125,5.0
7,cycle44_subj07_margin_low_1sess_150ep,18,3842,0.05535491,0.051242642,149,0.0041122697,1.0,1.0,1.0,1.0
7,cycle44_subj07_margin_low_1sess_150ep,19,3847,0.03233899,0.046961248,428,-0.014622256,20.0,0.0,6.333333333333333,6.0
7,cycle44_subj07_margin_low_1sess_150ep,20,3856,0.028801417,0.053908877,949,-0.02510746,118.0,0.0,38.714285714285715,40.0
7,cycle44_subj07_margin_low_1sess_150ep,21,3913,0.054890618,0.05235361,967,0.0025370084,1.0,1.0,1.0,1.0
7,cycle44_subj07_margin_low_1sess_150ep,22,3951,0.052677136,0.04873301,745,0.003944125,1.0,1.0,1.0,1.0
7,cycle44_subj07_margin_low_1sess_150ep,23,4051,0.0465349,0.055412553,484,-0.008877654,5.0,0.25,2.3333333333333335,2.5
7,cycle44_subj07_margin_low_1sess_150ep,24,4058,0.05608799,0.04674806,356,0.009339929,1.0,1.0,1.0,1.0
7,cycle44_subj07_margin_low_1sess_150ep,25,4129,0.03329549,0.05447394,274,-0.02117845,117.0,0.0,35.916666666666664,36.0
7,cycle44_subj07_margin_low_1sess_150ep,26,4156,0.03651635,0.0536412,717,-0.01712485,99.0,0.0,29.9,29.0
7,cycle44_subj07_margin_low_1sess_150ep,27,4249,0.061441142,0.04591573,115,0.015525412,1.0,1.0,1.0,1.0
7,cycle44_subj07_margin_low_1sess_150ep,28,4325,0.059904784,0.051019788,810,0.008884996,1.0,1.0,1.0,1.0
7,cycle44_subj07_margin_low_1sess_150ep,29,4423,0.043724272,0.05904397,967,-0.015319698,8.0,0.0,3.4,3.0
7,cycle44_subj07_margin_low_1sess_150ep,30,4436,0.05173747,0.045720402,490,0.0060170665,1.0,1.0,1.0,1.0
7,cycle44_subj07_margin_low_1sess_150ep,31,4612,0.05064403,0.04326181,132,0.007382218,1.0,1.0,1.0,1.0
7,cycle44_subj07_margin_low_1sess_150ep,32,4667,0.02986288,0.042939994,920,-0.013077114,18.0,0.0,5.923076923076923,5.0
7,cycle44_subj07_margin_low_1sess_150ep,33,4690,0.043418974,0.047975678,208,-0.0045567043,4.0,0.18181818181818182,2.272727272727273,2.0
7,cycle44_subj07_margin_low_1sess_150ep,34,4768,0.043422226,0.05100913,598,-0.007586904,14.0,0.0,5.555555555555555,5.0
7,cycle44_subj07_margin_low_1sess_150ep,35,4786,0.04981566,0.044517454,282,0.0052982047,1.0,1.0,1.0,1.0
7,cycle44_subj07_margin_low_1sess_150ep,36,4835,0.046956025,0.052770954,892,-0.0058149286,5.0,0.4166666666666667,1.9166666666666667,2.0
7,cycle44_subj07_margin_low_1sess_150ep,37,4869,0.049034756,0.055209704,490,-0.006174948,4.0,0.0,2.111111111111111,2.0
7,cycle44_subj07_margin_low_1sess_150ep,38,4892,0.051988255,0.05322395,746,-0.0012356937,3.0,0.5,1.75,1.5
7,cycle44_subj07_margin_low_1sess_150ep,39,4930,0.06927918,0.049364273,17,0.019914906,1.0,1.0,1.0,1.0
7,cycle44_subj07_margin_low_1sess_150ep,40,5034,0.058969676,0.048411906,327,0.010557771,1.0,1.0,1.0,1.0
7,cycle44_subj07_margin_low_1sess_150ep,41,5106,0.040264234,0.05185537,28,-0.011591136,13.0,0.0,5.5,6.0
7,cycle44_subj07_margin_low_1sess_150ep,42,5204,0.03842241,0.05929154,923,-0.020869132,85.0,0.0,26.285714285714285,27.0
7,cycle44_subj07_margin_low_1sess_150ep,43,5285,0.051499054,0.05238883,761,-0.0008897744,2.0,0.8333333333333334,1.1666666666666667,1.0
7,cycle44_subj07_margin_low_1sess_150ep,44,5301,0.05961157,0.04778011,208,0.011831459,1.0,1.0,1.0,1.0
7,cycle44_subj07_margin_low_1sess_150ep,45,5338,0.03435624,0.0471512,239,-0.01279496,5.0,0.3333333333333333,2.3333333333333335,2.0
7,cycle44_subj07_margin_low_1sess_150ep,46,5427,0.033551615,0.047556806,655,-0.014005192,50.0,0.0,16.375,17.0
7,cycle44_subj07_margin_low_1sess_150ep,47,5459,0.047960423,0.0433095,380,0.0046509244,1.0,1.0,1.0,1.0
7,cycle44_subj07_margin_low_1sess_150ep,48,5502,0.026617114,0.056712843,93,-0.03009573,345.0,0.0,105.66666666666667,106.0
7,cycle44_subj07_margin_low_1sess_150ep,49,5542,0.057401244,0.046820063,769,0.01058118,1.0,1.0,1.0,1.0
7,cycle44_subj07_margin_low_1sess_150ep,50,5574,0.05826927,0.05844709,178,-0.00017781928,2.0,0.875,1.125,1.0
7,cycle44_subj07_margin_low_1sess_150ep,51,5583,0.060201798,0.0540064,567,0.006195396,1.0,1.0,1.0,1.0
7,cycle44_subj07_margin_low_1sess_150ep,52,5602,0.04530842,0.05365016,922,-0.008341741,2.0,0.7142857142857143,1.2857142857142858,1.0
7,cycle44_subj07_margin_low_1sess_150ep,53,5714,0.055068552,0.049263243,659,0.00580531,1.0,1.0,1.0,1.0
7,cycle44_subj07_margin_low_1sess_150ep,54,5878,0.06774217,0.057940423,39,0.009801745,1.0,1.0,1.0,1.0
7,cycle44_subj07_margin_low_1sess_150ep,55,5890,0.024249038,0.05552319,208,-0.031274155,378.0,0.0,118.0,117.0
7,cycle44_subj07_margin_low_1sess_150ep,56,6132,0.047421362,0.05216346,167,-0.004742097,4.0,0.25,1.9166666666666667,2.0
7,cycle44_subj07_margin_low_1sess_150ep,57,6199,0.050119236,0.051168624,828,-0.0010493882,2.0,0.7,1.3,1.0
7,cycle44_subj07_margin_low_1sess_150ep,58,6222,0.048563253,0.05412406,520,-0.005560808,2.0,0.75,1.25,1.0
7,cycle44_subj07_margin_low_1sess_150ep,59,6431,0.06571165,0.04429706,751,0.021414585,1.0,1.0,1.0,1.0
7,cycle44_subj07_margin_low_1sess_150ep,60,6444,0.038477656,0.047944352,263,-0.0094666965,6.0,0.0,2.5454545454545454,2.0
7,cycle44_subj07_margin_low_1sess_150ep,61,6489,0.041480526,0.04806272,172,-0.006582193,5.0,0.1,2.7,2.5
7,cycle44_subj07_margin_low_1sess_150ep,62,6514,0.03888233,0.055920847,28,-0.017038517,19.0,0.0,6.222222222222222,6.0
7,cycle44_subj07_margin_low_1sess_150ep,63,6521,0.06332363,0.057282645,778,0.0060409866,1.0,1.0,1.0,1.0
7,cycle44_subj07_margin_low_1sess_150ep,64,6524,0.035522044,0.047217537,578,-0.011695493,33.0,0.0,10.714285714285714,10.0
7,cycle44_subj07_margin_low_1sess_150ep,65,6558,0.04112641,0.045347087,146,-0.0042206757,3.0,0.36363636363636365,1.6363636363636365,2.0
7,cycle44_subj07_margin_low_1sess_150ep,66,6640,0.041252296,0.05529351,818,-0.014041215,37.0,0.0,11.909090909090908,11.0
7,cycle44_subj07_margin_low_1sess_150ep,67,6713,0.057628356,0.04959391,302,0.008034445,1.0,1.0,1.0,1.0
7,cycle44_subj07_margin_low_1sess_150ep,68,6801,0.042578653,0.05128673,984,-0.008708078,22.0,0.0,8.5,8.5
7,cycle44_subj07_margin_low_1sess_150ep,69,7007,0.047668647,0.05825712,484,-0.010588475,13.0,0.0,5.0,4.5
7,cycle44_subj07_margin_low_1sess_150ep,70,7039,0.06227067,0.051006634,793,0.011264037,1.0,1.0,1.0,1.0
7,cycle44_subj07_margin_low_1sess_150ep,71,7120,0.0527757,0.057395127,681,-0.004619427,2.0,1.0,1.0,1.0
7,cycle44_subj07_margin_low_1sess_150ep,72,7207,0.06930829,0.058239616,777,0.011068672,1.0,1.0,1.0,1.0
7,cycle44_subj07_margin_low_1sess_150ep,73,7336,0.04924256,0.0530308,717,-0.0037882403,4.0,0.75,1.25,1.0
7,cycle44_subj07_margin_low_1sess_150ep,74,7366,0.036976334,0.04317328,200,-0.006196946,3.0,0.3333333333333333,1.7777777777777777,2.0
7,cycle44_subj07_margin_low_1sess_150ep,75,7409,0.05285295,0.04360842,468,0.009244531,1.0,1.0,1.0,1.0
7,cycle44_subj07_margin_low_1sess_150ep,76,7418,0.0534583,0.037866425,852,0.015591875,1.0,1.0,1.0,1.0
7,cycle44_subj07_margin_low_1sess_150ep,77,7480,0.04914766,0.05411461,300,-0.004966948,6.0,0.1,2.5,2.0
7,cycle44_subj07_margin_low_1sess_150ep,78,7654,0.048463482,0.049221255,788,-0.0007577725,3.0,0.46153846153846156,1.6923076923076923,2.0
7,cycle44_subj07_margin_low_1sess_150ep,79,7659,0.047644142,0.037520103,388,0.010124039,1.0,1.0,1.0,1.0
7,cycle44_subj07_margin_low_1sess_150ep,80,7840,0.04513804,0.047817245,346,-0.0026792064,2.0,0.75,1.25,1.0
7,cycle44_subj07_margin_low_1sess_150ep,81,7859,0.049337503,0.042959753,480,0.006377749,1.0,1.0,1.0,1.0
7,cycle44_subj07_margin_low_1sess_150ep,82,7944,0.06091952,0.0495223,704,0.01139722,1.0,1.0,1.0,1.0
7,cycle44_subj07_margin_low_1sess_150ep,83,7948,0.063077815,0.04630601,827,0.016771805,1.0,1.0,1.0,1.0
7,cycle44_subj07_margin_low_1sess_150ep,84,7954,0.03201692,0.044852335,590,-0.012835413,27.0,0.0,9.833333333333334,9.5
7,cycle44_subj07_margin_low_1sess_150ep,85,8006,0.06317802,0.061390486,217,0.0017875321,1.0,1.0,1.0,1.0
7,cycle44_subj07_margin_low_1sess_150ep,86,8109,0.05500158,0.051242646,721,0.0037589334,1.0,1.0,1.0,1.0
7,cycle44_subj07_margin_low_1sess_150ep,87,8204,0.0475005,0.04283143,875,0.0046690702,1.0,1.0,1.0,1.0
7,cycle44_subj07_margin_low_1sess_150ep,88,8225,0.06779287,0.048546523,178,0.019246347,1.0,1.0,1.0,1.0
7,cycle44_subj07_margin_low_1sess_150ep,89,8262,0.017640138,0.044722967,302,-0.027082829,321.0,0.0,94.5,93.5
7,cycle44_subj07_margin_low_1sess_150ep,90,8274,0.048889853,0.054005176,250,-0.005115323,2.0,0.5833333333333334,1.4166666666666667,1.0
7,cycle44_subj07_margin_low_1sess_150ep,91,8318,0.037757605,0.04846103,208,-0.010703426,23.0,0.0,6.625,7.0
7,cycle44_subj07_margin_low_1sess_150ep,92,8387,0.043986373,0.04480687,282,-0.0008204989,2.0,1.0,1.0,1.0
7,cycle44_subj07_margin_low_1sess_150ep,93,8394,0.05397958,0.04301659,788,0.010962989,1.0,1.0,1.0,1.0
7,cycle44_subj07_margin_low_1sess_150ep,94,8415,0.05122559,0.048546795,208,0.0026787966,1.0,1.0,1.0,1.0
7,cycle44_subj07_margin_low_1sess_150ep,95,8435,0.043550532,0.05544664,655,-0.011896107,5.0,0.14285714285714285,2.2857142857142856,2.0
7,cycle44_subj07_margin_low_1sess_150ep,96,8465,0.054599524,0.059176944,787,-0.0045774207,5.0,0.08333333333333333,2.5,2.5
7,cycle44_subj07_margin_low_1sess_150ep,97,8509,0.043951087,0.048481014,737,-0.004529927,5.0,0.18181818181818182,2.0,2.0
7,cycle44_subj07_margin_low_1sess_150ep,98,8631,0.05129653,0.056964245,875,-0.0056677163,3.0,0.375,1.75,2.0
7,cycle44_subj07_margin_low_1sess_150ep,99,8646,0.040583737,0.047523975,825,-0.006940238,7.0,0.0,3.533333333333333,3.0
7,cycle44_subj07_margin_low_1sess_150ep,100,8807,0.06631862,0.051048506,967,0.015270118,1.0,1.0,1.0,1.0
7,cycle44_subj07_margin_low_1sess_150ep,101,8843,0.042775072,0.04829502,93,-0.005519949,5.0,0.1111111111111111,2.4444444444444446,2.0
7,cycle44_subj07_margin_low_1sess_150ep,102,8925,0.042373482,0.055803075,85,-0.013429593,21.0,0.0,6.285714285714286,6.0
7,cycle44_subj07_margin_low_1sess_150ep,103,8933,0.048508897,0.04984782,588,-0.0013389215,3.0,0.6,1.4,1.0
7,cycle44_subj07_margin_low_1sess_150ep,104,9027,0.045516748,0.041712802,984,0.003803946,1.0,1.0,1.0,1.0
7,cycle44_subj07_margin_low_1sess_150ep,105,9048,0.051861845,0.036503598,480,0.015358247,1.0,1.0,1.0,1.0
7,cycle44_subj07_margin_low_1sess_150ep,106,9147,0.059991844,0.05800006,541,0.0019917823,1.0,1.0,1.0,1.0
7,cycle44_subj07_margin_low_1sess_150ep,107,9230,0.06268967,0.044515166,2,0.018174503,1.0,1.0,1.0,1.0
7,cycle44_subj07_margin_low_1sess_150ep,108,9434,0.05264712,0.0527181,249,-7.0977956e-05,2.0,1.0,1.0,1.0
7,cycle44_subj07_margin_low_1sess_150ep,109,9462,0.029563142,0.04887929,923,-0.01931615,88.0,0.0,28.272727272727273,30.0
7,cycle44_subj07_margin_low_1sess_150ep,110,9680,0.038586617,0.05179494,172,-0.013208322,30.0,0.0,11.714285714285714,12.0
7,cycle44_subj07_margin_low_1sess_150ep,111,9722,0.05183617,0.046104584,39,0.0057315864,1.0,1.0,1.0,1.0
7,cycle44_subj07_margin_low_1sess_150ep,112,9804,0.033443313,0.042943463,196,-0.00950015,21.0,0.0,6.583333333333333,6.0
7,cycle44_subj07_margin_low_1sess_150ep,113,9847,0.057656858,0.055424273,318,0.002232585,1.0,1.0,1.0,1.0
7,cycle44_subj07_margin_low_1sess_150ep,114,9865,0.034663413,0.056767415,327,-0.022104003,35.0,0.0,12.2,15.0
7,cycle44_subj07_margin_low_1sess_150ep,115,9917,0.059040017,0.055148315,753,0.0038917027,1.0,1.0,1.0,1.0
7,cycle44_subj07_margin_low_1sess_150ep,116,9978,0.024968008,0.04936659,567,-0.024398582,314.0,0.0,94.625,95.5
7,cycle44_subj07_margin_low_1sess_150ep,117,10006,0.042161025,0.056382995,567,-0.01422197,14.0,0.0,4.8,5.0
7,cycle44_subj07_margin_low_1sess_150ep,118,10046,0.06842989,0.055384994,23,0.013044894,1.0,1.0,1.0,1.0
7,cycle44_subj07_margin_low_1sess_150ep,119,10064,0.06034033,0.053277854,717,0.007062476,1.0,1.0,1.0,1.0
7,cycle44_subj07_margin_low_1sess_150ep,120,10105,0.045287084,0.052887306,115,-0.007600222,10.0,0.0,3.8461538461538463,4.0
7,cycle44_subj07_margin_low_1sess_150ep,121,10107,0.04345768,0.05199116,250,-0.0085334815,16.0,0.0,6.5,6.5
7,cycle44_subj07_margin_low_1sess_150ep,122,10244,0.05556146,0.04623219,571,0.009329271,1.0,1.0,1.0,1.0
7,cycle44_subj07_margin_low_1sess_150ep,123,10393,0.035433818,0.044582777,272,-0.009148959,20.0,0.0,6.444444444444445,6.0
7,cycle44_subj07_margin_low_1sess_150ep,124,10471,0.051372275,0.04392452,17,0.007447753,1.0,1.0,1.0,1.0
7,cycle44_subj07_margin_low_1sess_150ep,125,10507,0.054707427,0.042735863,327,0.011971563,1.0,1.0,1.0,1.0
7,cycle44_subj07_margin_low_1sess_150ep,126,10586,0.022280635,0.045030896,827,-0.02275026,219.0,0.0,66.8,68.0
7,cycle44_subj07_margin_low_1sess_150ep,127,10600,0.027940575,0.046904128,825,-0.018963553,53.0,0.0,17.571428571428573,17.0
7,cycle44_subj07_margin_low_1sess_150ep,128,10610,0.04167498,0.046291973,891,-0.0046169944,5.0,0.125,2.75,3.0
7,cycle44_subj07_margin_low_1sess_150ep,129,10907,0.039486974,0.03558254,79,0.0039044358,1.0,1.0,1.0,1.0
7,cycle44_subj07_margin_low_1sess_150ep,130,11159,0.03629352,0.039407756,191,-0.0031142347,2.0,0.8571428571428571,1.1428571428571428,1.0
7,cycle44_subj07_margin_low_1sess_150ep,131,11333,0.048961543,0.04961776,318,-0.00065621734,2.0,0.7272727272727273,1.2727272727272727,1.0
7,cycle44_subj07_margin_low_1sess_150ep,132,11487,0.050869536,0.045353446,770,0.0055160895,1.0,1.0,1.0,1.0
7,cycle44_subj07_margin_low_1sess_150ep,133,11521,0.046127282,0.045562588,788,0.0005646944,1.0,1.0,1.0,1.0
7,cycle44_subj07_margin_low_1sess_150ep,134,11566,0.0448774,0.046919946,567,-0.0020425469,3.0,0.5,1.625,1.5
7,cycle44_subj07_margin_low_1sess_150ep,135,11617,0.043403044,0.05389633,700,-0.010493286,12.0,0.0,4.333333333333333,4.0
7,cycle44_subj07_margin_low_1sess_150ep,136,11635,0.05507957,0.053317875,682,0.0017616935,1.0,1.0,1.0,1.0
7,cycle44_subj07_margin_low_1sess_150ep,137,11689,0.055454616,0.049595494,230,0.0058591217,1.0,1.0,1.0,1.0
7,cycle44_subj07_margin_low_1sess_150ep,138,11725,0.043173995,0.045100115,505,-0.0019261204,3.0,0.5,1.5,1.5
7,cycle44_subj07_margin_low_1sess_150ep,139,11796,0.062334254,0.04159209,543,0.020742163,1.0,1.0,1.0,1.0
7,cycle44_subj07_margin_low_1sess_150ep,140,11827,0.021672633,0.05062139,601,-0.028948758,382.0,0.0,115.6,116.0
7,cycle44_subj07_margin_low_1sess_150ep,141,11837,0.057441596,0.04832166,692,0.009119935,1.0,1.0,1.0,1.0
7,cycle44_subj07_margin_low_1sess_150ep,142,11844,0.05547584,0.038736768,430,0.01673907,1.0,1.0,1.0,1.0
7,cycle44_subj07_margin_low_1sess_150ep,143,11932,0.05118746,0.056477085,380,-0.0052896254,8.0,0.2,3.8,3.0
7,cycle44_subj07_margin_low_1sess_150ep,144,11942,0.041167498,0.040155657,389,0.001011841,1.0,1.0,1.0,1.0
7,cycle44_subj07_margin_low_1sess_150ep,145,11952,0.042525224,0.03777592,881,0.0047493055,1.0,1.0,1.0,1.0
7,cycle44_subj07_margin_low_1sess_150ep,146,12065,0.031645894,0.04084885,343,-0.009202957,16.0,0.0,5.428571428571429,6.0
7,cycle44_subj07_margin_low_1sess_150ep,147,12075,0.05672696,0.061906666,681,-0.005179707,2.0,1.0,1.0,1.0
7,cycle44_subj07_margin_low_1sess_150ep,148,12214,0.05769426,0.05004223,2,0.0076520294,1.0,1.0,1.0,1.0
7,cycle44_subj07_margin_low_1sess_150ep,149,12308,0.06660785,0.04853757,358,0.018070277,1.0,1.0,1.0,1.0
7,cycle44_subj07_margin_low_1sess_150ep,150,12487,0.054909468,0.054886956,753,2.251193e-05,1.0,1.0,1.0,1.0
7,cycle44_subj07_margin_low_1sess_150ep,151,12495,0.02648807,0.05186283,990,-0.025374759,105.0,0.0,32.333333333333336,29.0
7,cycle44_subj07_margin_low_1sess_150ep,152,12634,0.049122497,0.05100644,28,-0.0018839426,3.0,0.5,1.5,1.5
7,cycle44_subj07_margin_low_1sess_150ep,153,12685,0.058255732,0.047184695,356,0.0110710375,1.0,1.0,1.0,1.0
7,cycle44_subj07_margin_low_1sess_150ep,154,12796,0.04944945,0.044367645,689,0.0050818063,1.0,1.0,1.0,1.0
7,cycle44_subj07_margin_low_1sess_150ep,155,12798,0.05605057,0.049740754,923,0.0063098148,1.0,1.0,1.0,1.0
7,cycle44_subj07_margin_low_1sess_150ep,156,12922,0.060139768,0.04959619,601,0.010543577,1.0,1.0,1.0,1.0
7,cycle44_subj07_margin_low_1sess_150ep,157,12937,0.03524744,0.05017246,172,-0.014925018,12.0,0.09090909090909091,5.0,5.0
7,cycle44_subj07_margin_low_1sess_150ep,158,13138,0.061644286,0.051488094,967,0.010156192,1.0,1.0,1.0,1.0
7,cycle44_subj07_margin_low_1sess_150ep,159,13230,0.053457886,0.057665493,541,-0.0042076074,5.0,0.42857142857142855,1.7142857142857142,2.0
7,cycle44_subj07_margin_low_1sess_150ep,160,13312,0.05363355,0.0439991,178,0.00963445,1.0,1.0,1.0,1.0
7,cycle44_subj07_margin_low_1sess_150ep,161,13314,0.058391076,0.050592538,990,0.0077985376,1.0,1.0,1.0,1.0
7,cycle44_subj07_margin_low_1sess_150ep,162,13613,0.059014138,0.05066114,23,0.008352999,1.0,1.0,1.0,1.0
7,cycle44_subj07_margin_low_1sess_150ep,163,13653,0.05530555,0.050175034,118,0.005130518,1.0,1.0,1.0,1.0
7,cycle44_subj07_margin_low_1sess_150ep,164,13662,0.03704633,0.053049512,827,-0.016003184,33.0,0.0,11.11111111111111,10.0
7,cycle44_subj07_margin_low_1sess_150ep,165,13720,0.029550467,0.041284334,282,-0.011733867,28.0,0.0,9.25,10.0
7,cycle44_subj07_margin_low_1sess_150ep,166,13846,0.035614196,0.051232506,377,-0.015618309,15.0,0.0,4.909090909090909,5.0
7,cycle44_subj07_margin_low_1sess_150ep,167,14110,0.03908264,0.04821479,208,-0.009132151,8.0,0.1,3.2,4.0
7,cycle44_subj07_margin_low_1sess_150ep,168,14121,0.038767762,0.039693803,200,-0.0009260401,2.0,0.8888888888888888,1.1111111111111112,1.0
7,cycle44_subj07_margin_low_1sess_150ep,169,14165,0.055137325,0.054209437,208,0.00092788786,1.0,1.0,1.0,1.0
7,cycle44_subj07_margin_low_1sess_150ep,170,14179,0.018731136,0.043288063,118,-0.024556927,180.0,0.0,54.4,56.0
7,cycle44_subj07_margin_low_1sess_150ep,171,14443,0.052513678,0.043687716,954,0.0088259615,1.0,1.0,1.0,1.0
7,cycle44_subj07_margin_low_1sess_150ep,172,14528,0.042546313,0.040730752,208,0.0018155612,1.0,1.0,1.0,1.0
7,cycle44_subj07_margin_low_1sess_150ep,173,14567,0.0587707,0.04443773,689,0.0143329725,1.0,1.0,1.0,1.0
7,cycle44_subj07_margin_low_1sess_150ep,174,14594,0.056837216,0.060767643,590,-0.003930427,2.0,0.3333333333333333,1.6666666666666667,2.0
7,cycle44_subj07_margin_low_1sess_150ep,175,14610,0.042905312,0.04224334,215,0.0006619729,1.0,1.0,1.0,1.0
7,cycle44_subj07_margin_low_1sess_150ep,176,14644,0.055842478,0.058048837,655,-0.002206359,2.0,0.5,1.5,1.5
7,cycle44_subj07_margin_low_1sess_150ep,177,14793,0.026984701,0.044923335,388,-0.017938634,44.0,0.0,13.454545454545455,14.0
7,cycle44_subj07_margin_low_1sess_150ep,178,14808,0.06641745,0.051204212,737,0.015213236,1.0,1.0,1.0,1.0
7,cycle44_subj07_margin_low_1sess_150ep,179,14820,0.0110572865,0.057740044,28,-0.046682756,317.0,0.0,97.875,96.0
7,cycle44_subj07_margin_low_1sess_150ep,180,14898,0.057437398,0.05096703,50,0.0064703673,1.0,1.0,1.0,1.0
7,cycle44_subj07_margin_low_1sess_150ep,181,14931,0.04390974,0.055532236,892,-0.011622496,7.0,0.09090909090909091,2.5454545454545454,3.0
7,cycle44_subj07_margin_low_1sess_150ep,182,15003,0.057694506,0.043770045,178,0.013924461,1.0,1.0,1.0,1.0
7,cycle44_subj07_margin_low_1sess_150ep,183,15025,0.060823463,0.05726577,774,0.0035576932,1.0,1.0,1.0,1.0
7,cycle44_subj07_margin_low_1sess_150ep,184,15128,0.03970753,0.05253171,567,-0.0128241815,20.0,0.0,7.333333333333333,7.0
7,cycle44_subj07_margin_low_1sess_150ep,185,15364,0.047732025,0.04422928,395,0.0035027452,1.0,1.0,1.0,1.0
7,cycle44_subj07_margin_low_1sess_150ep,186,15492,0.05345381,0.04887355,380,0.0045802593,1.0,1.0,1.0,1.0
7,cycle44_subj07_margin_low_1sess_150ep,187,15506,0.056193583,0.05315015,875,0.0030434318,1.0,1.0,1.0,1.0
7,cycle44_subj07_margin_low_1sess_150ep,188,15793,0.057440117,0.04619431,461,0.011245806,1.0,1.0,1.0,1.0
7,cycle44_subj07_margin_low_1sess_150ep,189,15819,0.059585247,0.048463892,567,0.011121355,1.0,1.0,1.0,1.0
7,cycle44_subj07_margin_low_1sess_150ep,190,15939,0.059615552,0.05645209,827,0.0031634606,1.0,1.0,1.0,1.0
7,cycle44_subj07_margin_low_1sess_150ep,191,16063,0.04548274,0.050306592,567,-0.0048238523,2.0,0.875,1.125,1.0
7,cycle44_subj07_margin_low_1sess_150ep,192,16252,0.045450404,0.049191,414,-0.0037405975,3.0,0.4,1.7,2.0
7,cycle44_subj07_margin_low_1sess_150ep,193,16344,0.02833879,0.046354204,145,-0.018015414,33.0,0.0,9.363636363636363,9.0
7,cycle44_subj07_margin_low_1sess_150ep,194,16421,0.043958467,0.051766064,921,-0.0078075975,6.0,0.5,1.6666666666666667,1.5
7,cycle44_subj07_margin_low_1sess_150ep,195,16466,0.057753954,0.049068462,591,0.008685492,1.0,1.0,1.0,1.0
7,cycle44_subj07_margin_low_1sess_150ep,196,16616,0.06076846,0.0485268,545,0.012241658,1.0,1.0,1.0,1.0
7,cycle44_subj07_margin_low_1sess_150ep,197,16635,0.041258745,0.045973778,737,-0.004715033,13.0,0.0,4.333333333333333,4.0
7,cycle44_subj07_margin_low_1sess_150ep,198,16655,0.034121558,0.049316354,832,-0.015194796,68.0,0.0,21.272727272727273,21.0
7,cycle44_subj07_margin_low_1sess_150ep,199,16702,0.042723637,0.04211281,206,0.0006108284,1.0,1.0,1.0,1.0
7,cycle44_subj07_margin_low_1sess_150ep,200,16723,0.050224606,0.031296194,453,0.018928412,1.0,1.0,1.0,1.0
7,cycle44_subj07_margin_low_1sess_150ep,201,16823,0.06251096,0.037453037,341,0.025057923,1.0,1.0,1.0,1.0
7,cycle44_subj07_margin_low_1sess_150ep,202,16841,0.038681395,0.046753403,380,-0.008072007,37.0,0.0,10.444444444444445,10.0
7,cycle44_subj07_margin_low_1sess_150ep,203,16865,0.052273933,0.051609103,770,0.0006648302,1.0,1.0,1.0,1.0
7,cycle44_subj07_margin_low_1sess_150ep,204,16868,0.05918155,0.047814574,761,0.011366975,1.0,1.0,1.0,1.0
7,cycle44_subj07_margin_low_1sess_150ep,205,16917,0.057095986,0.05058808,764,0.006507907,1.0,1.0,1.0,1.0
7,cycle44_subj07_margin_low_1sess_150ep,206,17048,0.04133462,0.050844293,828,-0.0095096715,18.0,0.0,4.8,5.0
7,cycle44_subj07_margin_low_1sess_150ep,207,17230,0.03331801,0.053004432,766,-0.019686423,53.0,0.0,16.666666666666668,17.0
7,cycle44_subj07_margin_low_1sess_150ep,208,17238,0.060214076,0.050167624,141,0.010046452,1.0,1.0,1.0,1.0
7,cycle44_subj07_margin_low_1sess_150ep,209,17369,0.044858716,0.053007737,93,-0.00814902,26.0,0.0,8.5,9.0
7,cycle44_subj07_margin_low_1sess_150ep,210,17374,0.050381854,0.051131736,540,-0.0007498823,2.0,0.75,1.25,1.0
7,cycle44_subj07_margin_low_1sess_150ep,211,17450,0.042801667,0.053978454,115,-0.011176787,10.0,0.0,3.3,3.0
7,cycle44_subj07_margin_low_1sess_150ep,212,17463,0.041830517,0.048443902,282,-0.006613385,7.0,0.15384615384615385,2.5384615384615383,3.0
7,cycle44_subj07_margin_low_1sess_150ep,213,17485,0.03258977,0.048421368,208,-0.015831597,19.0,0.0,7.666666666666667,7.0
7,cycle44_subj07_margin_low_1sess_150ep,214,17549,0.054621626,0.050320707,886,0.0043009184,1.0,1.0,1.0,1.0
7,cycle44_subj07_margin_low_1sess_150ep,215,17595,0.062102497,0.050830908,204,0.0112715885,1.0,1.0,1.0,1.0
7,cycle44_subj07_margin_low_1sess_150ep,216,17776,0.040078465,0.045661688,963,-0.005583223,11.0,0.0,4.25,4.0
7,cycle44_subj07_margin_low_1sess_150ep,217,17794,0.060786106,0.053410392,85,0.0073757134,1.0,1.0,1.0,1.0
7,cycle44_subj07_margin_low_1sess_150ep,218,17934,0.03317369,0.05987256,967,-0.026698869,112.0,0.0,33.4,35.0
7,cycle44_subj07_margin_low_1sess_150ep,219,17942,0.049247164,0.055710558,830,-0.0064633936,11.0,0.0,4.444444444444445,4.0
7,cycle44_subj07_margin_low_1sess_150ep,220,18268,0.03542391,0.045541056,967,-0.010117147,11.0,0.0,4.0,4.0
7,cycle44_subj07_margin_low_1sess_150ep,221,18434,0.06578409,0.055169873,70,0.010614216,1.0,1.0,1.0,1.0
7,cycle44_subj07_margin_low_1sess_150ep,222,18483,0.053876806,0.053995714,403,-0.00011890754,2.0,0.8181818181818182,1.1818181818181819,1.0
7,cycle44_subj07_margin_low_1sess_150ep,223,18505,0.03459549,0.04066275,499,-0.006067261,7.0,0.18181818181818182,2.909090909090909,3.0
7,cycle44_subj07_margin_low_1sess_150ep,224,18535,0.052414242,0.04955142,802,0.0028628223,1.0,1.0,1.0,1.0
7,cycle44_subj07_margin_low_1sess_150ep,225,18543,0.050448854,0.05041057,380,3.828481e-05,1.0,1.0,1.0,1.0
7,cycle44_subj07_margin_low_1sess_150ep,226,18690,0.06306177,0.04335691,912,0.019704856,1.0,1.0,1.0,1.0
7,cycle44_subj07_margin_low_1sess_150ep,227,18796,0.045423213,0.05020703,541,-0.0047838166,4.0,0.5,1.75,1.5
7,cycle44_subj07_margin_low_1sess_150ep,228,19074,0.04783019,0.053132813,967,-0.005302623,8.0,0.0,3.5,3.0
7,cycle44_subj07_margin_low_1sess_150ep,229,19181,0.026617194,0.040575895,517,-0.013958702,22.0,0.0,8.545454545454545,8.0
7,cycle44_subj07_margin_low_1sess_150ep,230,19199,0.0705257,0.057203606,137,0.013322093,1.0,1.0,1.0,1.0
7,cycle44_subj07_margin_low_1sess_150ep,231,19200,0.059334386,0.051980697,380,0.0073536895,1.0,1.0,1.0,1.0
7,cycle44_subj07_margin_low_1sess_150ep,232,19292,0.031685136,0.040345788,442,-0.008660652,23.0,0.0,8.333333333333334,8.0
7,cycle44_subj07_margin_low_1sess_150ep,233,19436,0.053806275,0.059058525,143,-0.0052522495,2.0,0.8333333333333334,1.1666666666666667,1.0
7,cycle44_subj07_margin_low_1sess_150ep,234,19573,0.015781747,0.040560577,200,-0.02477883,403.0,0.0,121.66666666666667,121.0
7,cycle44_subj07_margin_low_1sess_150ep,235,19642,0.037987303,0.052471593,274,-0.01448429,54.0,0.0,18.4,18.5
7,cycle44_subj07_margin_low_1sess_150ep,236,19672,0.017939514,0.04466495,886,-0.026725436,371.0,0.0,110.77777777777777,108.0
7,cycle44_subj07_margin_low_1sess_150ep,237,19690,0.03577958,0.050608516,180,-0.014828935,53.0,0.0,13.9,13.0
7,cycle44_subj07_margin_low_1sess_150ep,238,19933,0.03812679,0.0562637,963,-0.018136911,5.0,0.3333333333333333,2.1666666666666665,2.5
7,cycle44_subj07_margin_low_1sess_150ep,239,20054,0.06657182,0.044005055,749,0.022566762,1.0,1.0,1.0,1.0
7,cycle44_subj07_margin_low_1sess_150ep,240,20064,0.0410429,0.046279214,849,-0.0052363127,7.0,0.07692307692307693,2.5384615384615383,2.0
7,cycle44_subj07_margin_low_1sess_150ep,241,20080,0.041050795,0.055328388,282,-0.014277592,7.0,0.0,2.9,3.0
7,cycle44_subj07_margin_low_1sess_150ep,242,20206,0.032249168,0.042893227,107,-0.01064406,9.0,0.1,2.6,2.0
7,cycle44_subj07_margin_low_1sess_150ep,243,20223,0.05372043,0.046093255,11,0.0076271743,1.0,1.0,1.0,1.0
7,cycle44_subj07_margin_low_1sess_150ep,244,20265,0.05238435,0.049493864,186,0.0028904863,1.0,1.0,1.0,1.0
7,cycle44_subj07_margin_low_1sess_150ep,245,20307,0.046900496,0.05846455,4,-0.011564054,7.0,0.4,2.2,2.0
7,cycle44_subj07_margin_low_1sess_150ep,246,20442,0.05504744,0.043850675,231,0.011196766,1.0,1.0,1.0,1.0
7,cycle44_subj07_margin_low_1sess_150ep,247,20633,0.055334006,0.059054736,717,-0.0037207305,2.0,0.8181818181818182,1.1818181818181819,1.0
7,cycle44_subj07_margin_low_1sess_150ep,248,20650,0.03548241,0.054856442,921,-0.019374032,45.0,0.0,14.714285714285714,15.0
7,cycle44_subj07_margin_low_1sess_150ep,249,20702,0.0579781,0.047854602,626,0.010123499,1.0,1.0,1.0,1.0
7,cycle44_subj07_margin_low_1sess_150ep,250,20738,0.075198814,0.062622674,591,0.01257614,1.0,1.0,1.0,1.0
7,cycle44_subj07_margin_low_1sess_150ep,251,20777,0.043489296,0.04723821,833,-0.0037489124,5.0,0.23076923076923078,2.3076923076923075,2.0
7,cycle44_subj07_margin_low_1sess_150ep,252,20820,0.047427356,0.052666884,12,-0.0052395277,9.0,0.0,3.5,3.0
7,cycle44_subj07_margin_low_1sess_150ep,253,21108,0.051060177,0.045076303,721,0.005983874,1.0,1.0,1.0,1.0
7,cycle44_subj07_margin_low_1sess_150ep,254,21192,0.05761594,0.052268922,321,0.005347017,1.0,1.0,1.0,1.0
7,cycle44_subj07_margin_low_1sess_150ep,255,21194,0.038173437,0.045922123,788,-0.007748686,3.0,0.42857142857142855,1.8571428571428572,2.0
7,cycle44_subj07_margin_low_1sess_150ep,256,21197,0.02430163,0.058629174,828,-0.034327544,237.0,0.0,72.0909090909091,74.0
7,cycle44_subj07_margin_low_1sess_150ep,257,21218,0.037306633,0.053766765,162,-0.016460132,28.0,0.0,9.0,9.0
7,cycle44_subj07_margin_low_1sess_150ep,258,21253,0.04843184,0.041492026,173,0.0069398135,1.0,1.0,1.0,1.0
7,cycle44_subj07_margin_low_1sess_150ep,259,21279,0.051850542,0.044154692,882,0.00769585,1.0,1.0,1.0,1.0
7,cycle44_subj07_margin_low_1sess_150ep,260,21318,0.039429557,0.05608968,178,-0.016660124,37.0,0.0,12.5,13.0
7,cycle44_subj07_margin_low_1sess_150ep,261,21508,0.045136455,0.050598506,914,-0.0054620504,10.0,0.0,3.4444444444444446,3.0
7,cycle44_subj07_margin_low_1sess_150ep,262,21526,0.034572214,0.051211428,11,-0.016639214,27.0,0.0,9.2,9.0
7,cycle44_subj07_margin_low_1sess_150ep,263,21553,0.050560873,0.040227998,361,0.010332875,1.0,1.0,1.0,1.0
7,cycle44_subj07_margin_low_1sess_150ep,264,21601,0.042643458,0.034975465,52,0.0076679923,1.0,1.0,1.0,1.0
7,cycle44_subj07_margin_low_1sess_150ep,265,21703,0.047006562,0.047247972,982,-0.00024140999,2.0,0.6666666666666666,1.3333333333333333,1.0
7,cycle44_subj07_margin_low_1sess_150ep,266,21950,0.057276353,0.053593922,141,0.0036824308,1.0,1.0,1.0,1.0
7,cycle44_subj07_margin_low_1sess_150ep,267,21989,0.034577094,0.049090892,567,-0.014513798,24.0,0.0,8.6,9.0
7,cycle44_subj07_margin_low_1sess_150ep,268,22138,0.053432472,0.057282012,543,-0.00384954,4.0,0.375,1.875,2.0
7,cycle44_subj07_margin_low_1sess_150ep,269,22143,0.053831056,0.057793844,655,-0.0039627887,2.0,0.4,1.6,2.0
7,cycle44_subj07_margin_low_1sess_150ep,270,22155,0.016719103,0.03876266,302,-0.022043556,219.0,0.0,65.0,66.0
7,cycle44_subj07_margin_low_1sess_150ep,271,22263,0.07018854,0.069511,616,0.0006775409,1.0,1.0,1.0,1.0
7,cycle44_subj07_margin_low_1sess_150ep,272,22387,0.06566802,0.050773166,923,0.014894851,1.0,1.0,1.0,1.0
7,cycle44_subj07_margin_low_1sess_150ep,273,22495,0.050566446,0.049547743,176,0.001018703,1.0,1.0,1.0,1.0
7,cycle44_subj07_margin_low_1sess_150ep,274,22505,0.054960348,0.060411114,567,-0.0054507665,3.0,0.625,1.375,1.0
7,cycle44_subj07_margin_low_1sess_150ep,275,22515,0.043441113,0.048503663,807,-0.0050625503,8.0,0.0,3.4285714285714284,3.0
7,cycle44_subj07_margin_low_1sess_150ep,276,22523,0.06652183,0.048078425,443,0.018443406,1.0,1.0,1.0,1.0
7,cycle44_subj07_margin_low_1sess_150ep,277,22530,0.047766663,0.05179875,967,-0.0040320866,6.0,0.3333333333333333,2.3333333333333335,2.0
7,cycle44_subj07_margin_low_1sess_150ep,278,22585,0.046565883,0.05087207,153,-0.004306186,4.0,0.2857142857142857,2.2857142857142856,2.0
7,cycle44_subj07_margin_low_1sess_150ep,279,22587,0.06476679,0.049774725,794,0.014992062,1.0,1.0,1.0,1.0
7,cycle44_subj07_margin_low_1sess_150ep,280,22772,0.045184612,0.05312534,178,-0.007940728,9.0,0.1111111111111111,3.6666666666666665,4.0
7,cycle44_subj07_margin_low_1sess_150ep,281,22782,0.05152861,0.043204397,313,0.008324213,1.0,1.0,1.0,1.0
7,cycle44_subj07_margin_low_1sess_150ep,282,22794,0.055449583,0.052799538,828,0.0026500449,1.0,1.0,1.0,1.0
7,cycle44_subj07_margin_low_1sess_150ep,283,22809,0.04482315,0.054482844,22,-0.009659693,5.0,0.0,3.0,3.0
7,cycle44_subj07_margin_low_1sess_150ep,284,22845,0.035280555,0.04236051,155,-0.007079955,23.0,0.0,6.5,6.5
7,cycle44_subj07_margin_low_1sess_150ep,285,22873,0.039553232,0.05022579,88,-0.010672558,23.0,0.0,6.714285714285714,6.0
7,cycle44_subj07_margin_low_1sess_150ep,286,22879,0.05891345,0.047145583,963,0.011767868,1.0,1.0,1.0,1.0
7,cycle44_subj07_margin_low_1sess_150ep,287,22886,0.04845629,0.056346446,967,-0.007890157,4.0,0.13333333333333333,2.2666666666666666,2.0
7,cycle44_subj07_margin_low_1sess_150ep,288,22957,0.052524835,0.04917125,767,0.0033535846,1.0,1.0,1.0,1.0
7,cycle44_subj07_margin_low_1sess_150ep,289,22967,0.06754136,0.043976415,545,0.023564946,1.0,1.0,1.0,1.0
7,cycle44_subj07_margin_low_1sess_150ep,290,22993,0.043316867,0.049841616,302,-0.006524749,11.0,0.0,3.0,3.0
7,cycle44_subj07_margin_low_1sess_150ep,291,23036,0.049455978,0.04005088,403,0.009405099,1.0,1.0,1.0,1.0
7,cycle44_subj07_margin_low_1sess_150ep,292,23241,0.028341118,0.048471246,567,-0.020130128,84.0,0.0,26.285714285714285,26.0
7,cycle44_subj07_margin_low_1sess_150ep,293,23492,0.027154854,0.056372076,947,-0.029217223,162.0,0.0,49.44444444444444,48.0
7,cycle44_subj07_margin_low_1sess_150ep,294,23715,0.061003227,0.051820155,377,0.009183072,1.0,1.0,1.0,1.0
7,cycle44_subj07_margin_low_1sess_150ep,295,23729,0.049674965,0.045434773,833,0.0042401925,1.0,1.0,1.0,1.0
7,cycle44_subj07_margin_low_1sess_150ep,296,23871,0.036401164,0.043176774,149,-0.00677561,12.0,0.0,4.1,4.0
7,cycle44_subj07_margin_low_1sess_150ep,297,23876,0.042244904,0.052023716,871,-0.0097788125,6.0,0.2222222222222222,2.111111111111111,2.0
7,cycle44_subj07_margin_low_1sess_150ep,298,23883,0.035404574,0.03354237,554,0.0018622056,1.0,1.0,1.0,1.0
7,cycle44_subj07_margin_low_1sess_150ep,299,23993,0.05361589,0.04958053,132,0.004035361,1.0,1.0,1.0,1.0
7,cycle44_subj07_margin_low_1sess_150ep,300,24202,0.05757217,0.051780913,828,0.005791258,1.0,1.0,1.0,1.0
7,cycle44_subj07_margin_low_1sess_150ep,301,24214,0.051732812,0.05898984,567,-0.0072570294,2.0,1.0,1.0,1.0
7,cycle44_subj07_margin_low_1sess_150ep,302,24264,0.06500137,0.058156505,39,0.0068448633,1.0,1.0,1.0,1.0
7,cycle44_subj07_margin_low_1sess_150ep,303,24317,0.043467134,0.037338916,372,0.006128218,1.0,1.0,1.0,1.0
7,cycle44_subj07_margin_low_1sess_150ep,304,24480,0.040710688,0.053465303,828,-0.012754615,14.0,0.0,4.75,5.0
7,cycle44_subj07_margin_low_1sess_150ep,305,24517,0.049494337,0.05936629,967,-0.009871952,5.0,0.125,2.0,2.0
7,cycle44_subj07_margin_low_1sess_150ep,306,24530,0.014591915,0.05055885,875,-0.035966936,622.0,0.0,186.30769230769232,186.0
7,cycle44_subj07_margin_low_1sess_150ep,307,24560,0.050947722,0.04600862,685,0.0049391016,1.0,1.0,1.0,1.0
7,cycle44_subj07_margin_low_1sess_150ep,308,24638,0.0513909,0.053923592,484,-0.0025326908,3.0,0.5,1.6,1.5
7,cycle44_subj07_margin_low_1sess_150ep,309,24640,0.024620209,0.038836807,172,-0.014216598,68.0,0.0,21.25,21.5
7,cycle44_subj07_margin_low_1sess_150ep,310,24649,0.042475354,0.047378726,799,-0.0049033724,9.0,0.0,3.5,3.5
7,cycle44_subj07_margin_low_1sess_150ep,311,24739,0.039729137,0.045851264,399,-0.006122127,12.0,0.0,4.0,4.0
7,cycle44_subj07_margin_low_1sess_150ep,312,24740,0.05572436,0.054343212,717,0.0013811477,1.0,1.0,1.0,1.0
7,cycle44_subj07_margin_low_1sess_150ep,313,24787,0.05142448,0.04505176,85,0.00637272,1.0,1.0,1.0,1.0
7,cycle44_subj07_margin_low_1sess_150ep,314,24846,0.05210691,0.050696068,17,0.001410842,1.0,1.0,1.0,1.0
7,cycle44_subj07_margin_low_1sess_150ep,315,25059,0.050879065,0.05058957,4,0.00028949603,1.0,1.0,1.0,1.0
7,cycle44_subj07_margin_low_1sess_150ep,316,25091,0.047580477,0.05031156,947,-0.0027310848,2.0,0.6666666666666666,1.3333333333333333,1.0
7,cycle44_subj07_margin_low_1sess_150ep,317,25111,0.05630847,0.059232984,499,-0.002924513,3.0,0.3,1.8,2.0
7,cycle44_subj07_margin_low_1sess_150ep,318,25205,0.039703198,0.05058657,787,-0.010883372,29.0,0.0,10.7,11.0
7,cycle44_subj07_margin_low_1sess_150ep,319,25250,0.06176804,0.05283424,985,0.008933801,1.0,1.0,1.0,1.0
7,cycle44_subj07_margin_low_1sess_150ep,320,25268,0.0578651,0.04733126,567,0.010533843,1.0,1.0,1.0,1.0
7,cycle44_subj07_margin_low_1sess_150ep,321,25284,0.062435646,0.05281767,849,0.009617977,1.0,1.0,1.0,1.0
7,cycle44_subj07_margin_low_1sess_150ep,322,25287,0.043028872,0.037931576,540,0.005097296,1.0,1.0,1.0,1.0
7,cycle44_subj07_margin_low_1sess_150ep,323,25318,0.05791233,0.06308886,567,-0.0051765256,3.0,0.6,1.5,1.0
7,cycle44_subj07_margin_low_1sess_150ep,324,25319,0.043377854,0.050075956,630,-0.0066981018,6.0,0.0,2.7,2.5
7,cycle44_subj07_margin_low_1sess_150ep,325,25371,0.048759058,0.052354444,947,-0.0035953857,2.0,0.8181818181818182,1.1818181818181819,1.0
7,cycle44_subj07_margin_low_1sess_150ep,326,25454,0.035827097,0.054559954,567,-0.018732857,61.0,0.0,19.0,20.0
7,cycle44_subj07_margin_low_1sess_150ep,327,25570,0.060189344,0.05098764,567,0.009201705,1.0,1.0,1.0,1.0
7,cycle44_subj07_margin_low_1sess_150ep,328,25578,0.05676105,0.048278987,647,0.008482061,1.0,1.0,1.0,1.0
7,cycle44_subj07_margin_low_1sess_150ep,329,25581,0.053156972,0.05554333,180,-0.0023863576,2.0,0.5454545454545454,1.4545454545454546,1.0
7,cycle44_subj07_margin_low_1sess_150ep,330,25588,0.045571268,0.05645385,282,-0.0108825825,5.0,0.1,2.9,3.0
7,cycle44_subj07_margin_low_1sess_150ep,331,25602,0.0155062815,0.04539494,12,-0.029888656,406.0,0.0,119.33333333333333,121.0
7,cycle44_subj07_margin_low_1sess_150ep,332,25693,0.04210129,0.04944234,316,-0.0073410496,7.0,0.125,2.375,2.0
7,cycle44_subj07_margin_low_1sess_150ep,333,25702,0.036576506,0.044867255,466,-0.008290749,8.0,0.0,3.4444444444444446,4.0
7,cycle44_subj07_margin_low_1sess_150ep,334,25711,0.046947096,0.05869883,204,-0.011751734,9.0,0.0,3.7777777777777777,4.0
7,cycle44_subj07_margin_low_1sess_150ep,335,25741,0.037821118,0.044473108,717,-0.00665199,4.0,0.4,1.8,2.0
7,cycle44_subj07_margin_low_1sess_150ep,336,25746,0.047087237,0.0591681,162,-0.012080863,14.0,0.0,4.6,4.0
7,cycle44_subj07_margin_low_1sess_150ep,337,25881,0.049373757,0.05313278,787,-0.0037590228,3.0,0.5,1.6666666666666667,1.5
7,cycle44_subj07_margin_low_1sess_150ep,338,25906,0.047241617,0.044320393,696,0.0029212236,1.0,1.0,1.0,1.0
7,cycle44_subj07_margin_low_1sess_150ep,339,25959,0.05103931,0.04310202,634,0.00793729,1.0,1.0,1.0,1.0
7,cycle44_subj07_margin_low_1sess_150ep,340,26119,0.048947718,0.053995118,100,-0.0050473996,2.0,0.6,1.4,1.0
7,cycle44_subj07_margin_low_1sess_150ep,341,26127,0.052761517,0.056037825,571,-0.0032763071,3.0,0.2857142857142857,1.7142857142857142,2.0
7,cycle44_subj07_margin_low_1sess_150ep,342,26163,0.046071623,0.047998894,850,-0.0019272715,3.0,0.4,1.6,2.0
7,cycle44_subj07_margin_low_1sess_150ep,343,26243,0.042489316,0.055735584,844,-0.013246268,27.0,0.0,9.625,9.5
7,cycle44_subj07_margin_low_1sess_150ep,344,26292,0.025701784,0.048216246,396,-0.022514462,101.0,0.0,33.125,34.5
7,cycle44_subj07_margin_low_1sess_150ep,345,26307,0.05410339,0.043979317,840,0.010124072,1.0,1.0,1.0,1.0
7,cycle44_subj07_margin_low_1sess_150ep,346,26351,0.048985485,0.05113437,50,-0.0021488853,2.0,0.8,1.2,1.0
7,cycle44_subj07_margin_low_1sess_150ep,347,26372,0.037176255,0.042637024,872,-0.005460769,9.0,0.0,3.466666666666667,3.0
7,cycle44_subj07_margin_low_1sess_150ep,348,26435,0.054281894,0.046513733,659,0.0077681616,1.0,1.0,1.0,1.0
7,cycle44_subj07_margin_low_1sess_150ep,349,26458,0.053794667,0.055896886,541,-0.0021022186,5.0,0.16666666666666666,2.3333333333333335,2.0
7,cycle44_subj07_margin_low_1sess_150ep,350,26598,0.040234692,0.040692266,899,-0.00045757368,2.0,0.6,1.4,1.0
7,cycle44_subj07_margin_low_1sess_150ep,351,26720,0.03456934,0.04704357,32,-0.012474228,20.0,0.0,7.909090909090909,7.0
7,cycle44_subj07_margin_low_1sess_150ep,352,26780,0.025191413,0.055222437,208,-0.030031024,101.0,0.0,28.857142857142858,28.0
7,cycle44_subj07_margin_low_1sess_150ep,353,26895,0.06283934,0.05070283,982,0.012136508,1.0,1.0,1.0,1.0
7,cycle44_subj07_margin_low_1sess_150ep,354,26909,0.036159616,0.042793375,208,-0.0066337585,10.0,0.0,4.1,4.0
7,cycle44_subj07_margin_low_1sess_150ep,355,26971,0.02896066,0.055372357,689,-0.026411697,117.0,0.0,35.38461538461539,36.0
7,cycle44_subj07_margin_low_1sess_150ep,356,26990,0.0489574,0.051981386,118,-0.0030239858,3.0,0.6666666666666666,1.4444444444444444,1.0
7,cycle44_subj07_margin_low_1sess_150ep,357,27242,0.04271331,0.04681835,553,-0.004105039,3.0,0.5555555555555556,1.5555555555555556,1.0
7,cycle44_subj07_margin_low_1sess_150ep,358,27275,0.049915295,0.04377578,607,0.006139517,1.0,1.0,1.0,1.0
7,cycle44_subj07_margin_low_1sess_150ep,359,27287,0.047529977,0.054871187,346,-0.00734121,7.0,0.0,3.1666666666666665,3.5
7,cycle44_subj07_margin_low_1sess_150ep,360,27326,0.04847434,0.051468253,828,-0.0029939115,4.0,0.3333333333333333,2.0,2.0
7,cycle44_subj07_margin_low_1sess_150ep,361,27435,0.049711432,0.04038521,951,0.009326223,1.0,1.0,1.0,1.0
7,cycle44_subj07_margin_low_1sess_150ep,362,27568,0.036816273,0.04659429,178,-0.009778015,15.0,0.0,5.4375,5.0
7,cycle44_subj07_margin_low_1sess_150ep,363,27580,0.042815074,0.04097564,442,0.0018394329,1.0,1.0,1.0,1.0
7,cycle44_subj07_margin_low_1sess_150ep,364,27830,0.025518507,0.05693848,967,-0.031419974,99.0,0.0,31.5,32.5
7,cycle44_subj07_margin_low_1sess_150ep,365,27878,0.055820215,0.07185477,567,-0.016034555,4.0,0.375,1.875,2.0
7,cycle44_subj07_margin_low_1sess_150ep,366,27972,0.03528258,0.048282966,668,-0.013000388,20.0,0.0,5.5,5.0
7,cycle44_subj07_margin_low_1sess_150ep,367,28024,0.05021202,0.055664532,115,-0.0054525137,2.0,1.0,1.0,1.0
7,cycle44_subj07_margin_low_1sess_150ep,368,28068,0.061846893,0.0589409,770,0.0029059947,1.0,1.0,1.0,1.0
7,cycle44_subj07_margin_low_1sess_150ep,369,28096,0.044880804,0.055966135,655,-0.011085331,9.0,0.1,2.7,3.0
7,cycle44_subj07_margin_low_1sess_150ep,370,28159,0.055474397,0.052998733,176,0.002475664,1.0,1.0,1.0,1.0
7,cycle44_subj07_margin_low_1sess_150ep,371,28189,0.03130846,0.04309223,990,-0.0117837675,34.0,0.0,11.444444444444445,11.0
7,cycle44_subj07_margin_low_1sess_150ep,372,28286,0.058190312,0.05122074,208,0.006969571,1.0,1.0,1.0,1.0
7,cycle44_subj07_margin_low_1sess_150ep,373,28303,0.054799277,0.07079384,567,-0.01599456,3.0,0.3333333333333333,1.6666666666666667,2.0
7,cycle44_subj07_margin_low_1sess_150ep,374,28319,0.044721726,0.036850803,40,0.007870924,1.0,1.0,1.0,1.0
7,cycle44_subj07_margin_low_1sess_150ep,375,28325,0.045694135,0.057861425,390,-0.01216729,11.0,0.125,3.625,4.0
7,cycle44_subj07_margin_low_1sess_150ep,376,28341,0.050339673,0.047890928,153,0.002448745,1.0,1.0,1.0,1.0
7,cycle44_subj07_margin_low_1sess_150ep,377,28349,0.069420785,0.04265211,173,0.026768673,1.0,1.0,1.0,1.0
7,cycle44_subj07_margin_low_1sess_150ep,378,28418,0.032625705,0.05341888,204,-0.020793173,92.0,0.0,25.6,26.0
7,cycle44_subj07_margin_low_1sess_150ep,379,28487,0.04142889,0.052501105,208,-0.011072215,14.0,0.0,4.625,5.0
7,cycle44_subj07_margin_low_1sess_150ep,380,28524,0.06198443,0.045220733,990,0.016763698,1.0,1.0,1.0,1.0
7,cycle44_subj07_margin_low_1sess_150ep,381,28595,0.053134814,0.0398277,55,0.013307113,1.0,1.0,1.0,1.0
7,cycle44_subj07_margin_low_1sess_150ep,382,28689,0.047635842,0.04132905,372,0.0063067935,1.0,1.0,1.0,1.0
7,cycle44_subj07_margin_low_1sess_150ep,383,28745,0.03664694,0.06410906,274,-0.027462117,13.0,0.0,5.142857142857143,4.5
7,cycle44_subj07_margin_low_1sess_150ep,384,28751,0.067627326,0.05406763,2,0.013559695,1.0,1.0,1.0,1.0
7,cycle44_subj07_margin_low_1sess_150ep,385,28755,0.06370855,0.050334364,327,0.013374187,1.0,1.0,1.0,1.0
7,cycle44_subj07_margin_low_1sess_150ep,386,28788,0.04076179,0.048461307,572,-0.0076995157,4.0,0.5555555555555556,1.4444444444444444,1.0
7,cycle44_subj07_margin_low_1sess_150ep,387,28898,0.04571065,0.04325614,265,0.002454508,1.0,1.0,1.0,1.0
7,cycle44_subj07_margin_low_1sess_150ep,388,28963,0.055603296,0.054343987,178,0.0012593083,1.0,1.0,1.0,1.0
7,cycle44_subj07_margin_low_1sess_150ep,389,29010,0.044090644,0.04870045,545,-0.0046098083,4.0,0.4444444444444444,1.7777777777777777,2.0
7,cycle44_subj07_margin_low_1sess_150ep,390,29021,0.046257157,0.05749253,173,-0.011235375,8.0,0.0,3.25,3.5
7,cycle44_subj07_margin_low_1sess_150ep,391,29381,0.0565851,0.053382583,484,0.0032025166,1.0,1.0,1.0,1.0
7,cycle44_subj07_margin_low_1sess_150ep,392,29568,0.057483867,0.05411901,327,0.0033648573,1.0,1.0,1.0,1.0
7,cycle44_subj07_margin_low_1sess_150ep,393,29660,0.045557268,0.04607113,886,-0.0005138628,2.0,0.5,1.5,1.5
7,cycle44_subj07_margin_low_1sess_150ep,394,29663,0.03460535,0.046324223,875,-0.011718873,18.0,0.0,6.666666666666667,7.0
7,cycle44_subj07_margin_low_1sess_150ep,395,29680,0.049098995,0.039978977,545,0.009120017,1.0,1.0,1.0,1.0
7,cycle44_subj07_margin_low_1sess_150ep,396,29711,0.059095632,0.049024735,644,0.010070898,1.0,1.0,1.0,1.0
7,cycle44_subj07_margin_low_1sess_150ep,397,29837,0.03713466,0.043083344,146,-0.005948685,5.0,0.375,1.875,2.0
7,cycle44_subj07_margin_low_1sess_150ep,398,29886,0.041744582,0.04725301,759,-0.0055084266,6.0,0.125,2.375,2.0
7,cycle44_subj07_margin_low_1sess_150ep,399,29919,0.07033637,0.052924387,630,0.017411985,1.0,1.0,1.0,1.0
7,cycle44_subj07_margin_low_1sess_150ep,400,29980,0.03425198,0.05141706,923,-0.01716508,81.0,0.0,25.625,26.0
7,cycle44_subj07_margin_low_1sess_150ep,401,30081,0.04559423,0.045564987,380,2.9243529e-05,1.0,1.0,1.0,1.0
7,cycle44_subj07_margin_low_1sess_150ep,402,30373,0.02639419,0.034289893,489,-0.0078957025,10.0,0.0,3.5714285714285716,3.0
7,cycle44_subj07_margin_low_1sess_150ep,403,30395,0.06105781,0.05574827,250,0.005309541,1.0,1.0,1.0,1.0
7,cycle44_subj07_margin_low_1sess_150ep,404,30407,0.03910299,0.049740568,111,-0.010637578,26.0,0.0,8.4,7.0
7,cycle44_subj07_margin_low_1sess_150ep,405,30430,0.06021037,0.05433175,864,0.00587862,1.0,1.0,1.0,1.0
7,cycle44_subj07_margin_low_1sess_150ep,406,30563,0.04838302,0.047826774,139,0.00055624545,1.0,1.0,1.0,1.0
7,cycle44_subj07_margin_low_1sess_150ep,407,30601,0.050886646,0.047329362,307,0.0035572834,1.0,1.0,1.0,1.0
7,cycle44_subj07_margin_low_1sess_150ep,408,30632,0.04850845,0.051102355,98,-0.0025939047,3.0,0.2727272727272727,1.7272727272727273,2.0
7,cycle44_subj07_margin_low_1sess_150ep,409,30672,0.05360976,0.05214106,250,0.0014686994,1.0,1.0,1.0,1.0
7,cycle44_subj07_margin_low_1sess_150ep,410,30674,0.05937727,0.049200736,286,0.010176536,1.0,1.0,1.0,1.0
7,cycle44_subj07_margin_low_1sess_150ep,411,30847,0.029292233,0.06393648,567,-0.034644246,185.0,0.0,57.916666666666664,58.0
7,cycle44_subj07_margin_low_1sess_150ep,412,30856,0.034681622,0.03776512,107,-0.0030834973,4.0,0.6666666666666666,1.4444444444444444,1.0
7,cycle44_subj07_margin_low_1sess_150ep,413,30887,0.052021973,0.046017744,591,0.006004229,1.0,1.0,1.0,1.0
7,cycle44_subj07_margin_low_1sess_150ep,414,30922,0.05703918,0.049126707,327,0.007912472,1.0,1.0,1.0,1.0
7,cycle44_subj07_margin_low_1sess_150ep,415,30935,0.049542695,0.047850557,847,0.0016921386,1.0,1.0,1.0,1.0
7,cycle44_subj07_margin_low_1sess_150ep,416,30954,0.040796902,0.050650567,967,-0.009853665,8.0,0.0,3.4285714285714284,3.0
7,cycle44_subj07_margin_low_1sess_150ep,417,31028,0.050778057,0.04544931,718,0.0053287484,1.0,1.0,1.0,1.0
7,cycle44_subj07_margin_low_1sess_150ep,418,31049,0.03694251,0.04842056,146,-0.011478048,53.0,0.0,17.0,17.0
7,cycle44_subj07_margin_low_1sess_150ep,419,31064,0.04190458,0.043799706,590,-0.001895126,5.0,0.125,2.625,3.0
7,cycle44_subj07_margin_low_1sess_150ep,420,31123,0.050562065,0.05878375,984,-0.008221686,2.0,0.8333333333333334,1.1666666666666667,1.0
7,cycle44_subj07_margin_low_1sess_150ep,421,31233,0.051921602,0.05275862,434,-0.00083701685,2.0,0.75,1.25,1.0
7,cycle44_subj07_margin_low_1sess_150ep,422,31349,0.040074337,0.047125194,940,-0.007050857,4.0,0.2857142857142857,2.0,2.0
7,cycle44_subj07_margin_low_1sess_150ep,423,31446,0.03722109,0.049472615,310,-0.012251526,31.0,0.0,8.5,8.0
7,cycle44_subj07_margin_low_1sess_150ep,424,31659,0.03955374,0.053766165,567,-0.014212426,39.0,0.0,12.142857142857142,10.0
7,cycle44_subj07_margin_low_1sess_150ep,425,31747,0.035544824,0.04358975,132,-0.008044925,7.0,0.18181818181818182,3.0,3.0
7,cycle44_subj07_margin_low_1sess_150ep,426,31782,0.026741257,0.03638207,178,-0.009640815,16.0,0.0,5.875,5.0
7,cycle44_subj07_margin_low_1sess_150ep,427,31801,0.05231725,0.055001386,882,-0.002684135,2.0,1.0,1.0,1.0
7,cycle44_subj07_margin_low_1sess_150ep,428,31837,0.055268656,0.04273055,572,0.012538105,1.0,1.0,1.0,1.0
7,cycle44_subj07_margin_low_1sess_150ep,429,31936,0.047131334,0.04152383,660,0.0056075044,1.0,1.0,1.0,1.0
7,cycle44_subj07_margin_low_1sess_150ep,430,31964,0.0644222,0.056334194,15,0.008088004,1.0,1.0,1.0,1.0
7,cycle44_subj07_margin_low_1sess_150ep,431,32053,0.040940393,0.05893881,567,-0.017998416,28.0,0.0,8.857142857142858,9.0
7,cycle44_subj07_margin_low_1sess_150ep,432,32232,0.026874522,0.04949913,308,-0.02262461,63.0,0.0,21.0,20.0
7,cycle44_subj07_margin_low_1sess_150ep,433,32303,0.05345022,0.04540354,226,0.008046679,1.0,1.0,1.0,1.0
7,cycle44_subj07_margin_low_1sess_150ep,434,32307,0.052924,0.051066283,282,0.0018577166,1.0,1.0,1.0,1.0
7,cycle44_subj07_margin_low_1sess_150ep,435,32625,0.029351626,0.04684786,93,-0.017496236,11.0,0.0,5.0,4.5
7,cycle44_subj07_margin_low_1sess_150ep,436,32643,0.04182747,0.06182689,567,-0.019999418,29.0,0.0,10.058823529411764,10.0
7,cycle44_subj07_margin_low_1sess_150ep,437,32716,0.06211118,0.044750407,54,0.017360773,1.0,1.0,1.0,1.0
7,cycle44_subj07_margin_low_1sess_150ep,438,32771,0.05538622,0.052790854,777,0.002595365,1.0,1.0,1.0,1.0
7,cycle44_subj07_margin_low_1sess_150ep,439,32772,0.03220475,0.04448248,370,-0.01227773,37.0,0.0,12.5,13.0
7,cycle44_subj07_margin_low_1sess_150ep,440,32857,0.044641957,0.052461233,327,-0.007819276,5.0,0.3333333333333333,2.1666666666666665,2.0
7,cycle44_subj07_margin_low_1sess_150ep,441,32891,0.037703834,0.041453436,685,-0.0037496015,4.0,0.125,2.375,2.0
7,cycle44_subj07_margin_low_1sess_150ep,442,32910,0.043846685,0.0385685,363,0.005278185,1.0,1.0,1.0,1.0
7,cycle44_subj07_margin_low_1sess_150ep,443,33131,0.053650483,0.053265464,947,0.00038501993,1.0,1.0,1.0,1.0
7,cycle44_subj07_margin_low_1sess_150ep,444,33171,0.040365912,0.04458776,864,-0.004221849,2.0,1.0,1.0,1.0
7,cycle44_subj07_margin_low_1sess_150ep,445,33189,0.04059234,0.050907772,484,-0.010315433,11.0,0.125,4.625,4.5
7,cycle44_subj07_margin_low_1sess_150ep,446,33245,0.03540527,0.044906553,93,-0.009501282,17.0,0.0,6.666666666666667,7.0
7,cycle44_subj07_margin_low_1sess_150ep,447,33289,0.033753633,0.046884436,923,-0.013130803,35.0,0.0,12.727272727272727,13.0
7,cycle44_subj07_margin_low_1sess_150ep,448,33521,0.042012937,0.04608751,543,-0.0040745735,9.0,0.14285714285714285,4.142857142857143,4.0
7,cycle44_subj07_margin_low_1sess_150ep,449,33543,0.06485057,0.057164095,543,0.0076864734,1.0,1.0,1.0,1.0
7,cycle44_subj07_margin_low_1sess_150ep,450,33752,0.044606365,0.0574736,545,-0.012867235,4.0,0.3333333333333333,1.9333333333333333,2.0
7,cycle44_subj07_margin_low_1sess_150ep,451,33813,0.0266358,0.047771752,698,-0.021135952,153.0,0.0,48.4,48.5
7,cycle44_subj07_margin_low_1sess_150ep,452,33906,0.029566552,0.04189466,770,-0.012328107,20.0,0.0,5.0,6.0
7,cycle44_subj07_margin_low_1sess_150ep,453,34068,0.02815641,0.048006687,380,-0.019850276,106.0,0.0,31.6,32.0
7,cycle44_subj07_margin_low_1sess_150ep,454,34080,0.03905581,0.05082844,567,-0.011772629,44.0,0.0,11.875,12.0
7,cycle44_subj07_margin_low_1sess_150ep,455,34089,0.04936374,0.053723447,516,-0.0043597072,4.0,0.4,1.9,2.0
7,cycle44_subj07_margin_low_1sess_150ep,456,34126,0.05489018,0.05564578,577,-0.00075560063,2.0,0.4444444444444444,1.5555555555555556,2.0
7,cycle44_subj07_margin_low_1sess_150ep,457,34186,0.025418203,0.037959527,546,-0.012541324,17.0,0.0,5.454545454545454,6.0
7,cycle44_subj07_margin_low_1sess_150ep,458,34238,0.042963818,0.045449298,740,-0.0024854802,4.0,0.5555555555555556,1.5555555555555556,1.0
7,cycle44_subj07_margin_low_1sess_150ep,459,34418,0.012948801,0.05296269,321,-0.04001389,626.0,0.0,188.375,191.5
7,cycle44_subj07_margin_low_1sess_150ep,460,34603,0.0581693,0.05868874,710,-0.0005194396,2.0,0.42857142857142855,1.5714285714285714,2.0
7,cycle44_subj07_margin_low_1sess_150ep,461,34751,0.067795694,0.050853837,79,0.016941857,1.0,1.0,1.0,1.0
7,cycle44_subj07_margin_low_1sess_150ep,462,34829,0.042070143,0.0531057,931,-0.011035558,11.0,0.0,3.5,3.0
7,cycle44_subj07_margin_low_1sess_150ep,463,34845,0.047135722,0.05676325,12,-0.0096275285,7.0,0.1111111111111111,2.6666666666666665,3.0
7,cycle44_subj07_margin_low_1sess_150ep,464,34850,0.044672523,0.053617455,372,-0.008944932,2.0,0.6666666666666666,1.3333333333333333,1.0
7,cycle44_subj07_margin_low_1sess_150ep,465,34874,0.05633807,0.05658885,967,-0.0002507791,2.0,0.5714285714285714,1.4285714285714286,1.0
7,cycle44_subj07_margin_low_1sess_150ep,466,34975,0.025507309,0.043990687,302,-0.018483378,70.0,0.0,21.625,21.5
7,cycle44_subj07_margin_low_1sess_150ep,467,35094,0.052110318,0.05522975,178,-0.0031194314,3.0,0.6666666666666666,1.3333333333333333,1.0
7,cycle44_subj07_margin_low_1sess_150ep,468,35129,0.044139776,0.05230155,872,-0.008161772,18.0,0.0,6.7,7.0
7,cycle44_subj07_margin_low_1sess_150ep,469,35743,0.048663698,0.053425997,567,-0.0047622994,4.0,0.25,2.0833333333333335,2.0
7,cycle44_subj07_margin_low_1sess_150ep,470,35752,0.03919262,0.04546144,827,-0.006268818,6.0,0.2857142857142857,2.142857142857143,2.0
7,cycle44_subj07_margin_low_1sess_150ep,471,35790,0.046340052,0.05452548,567,-0.008185428,12.0,0.0,4.923076923076923,5.0
7,cycle44_subj07_margin_low_1sess_150ep,472,35798,0.040285114,0.043269344,250,-0.0029842295,6.0,0.3333333333333333,2.0,2.0
7,cycle44_subj07_margin_low_1sess_150ep,473,35986,0.052272644,0.047106445,327,0.005166199,1.0,1.0,1.0,1.0
7,cycle44_subj07_margin_low_1sess_150ep,474,36067,0.044703975,0.041950762,947,0.002753213,1.0,1.0,1.0,1.0
7,cycle44_subj07_margin_low_1sess_150ep,475,36258,0.055313233,0.05041141,677,0.0049018227,1.0,1.0,1.0,1.0
7,cycle44_subj07_margin_low_1sess_150ep,476,36476,0.047472715,0.057032138,567,-0.009559423,12.0,0.0,4.333333333333333,4.0
7,cycle44_subj07_margin_low_1sess_150ep,477,36569,0.045621622,0.06270462,567,-0.017083,22.0,0.0,6.125,6.0
7,cycle44_subj07_margin_low_1sess_150ep,478,36576,0.034274153,0.041346382,441,-0.007072229,5.0,0.2,1.9,2.0
7,cycle44_subj07_margin_low_1sess_150ep,479,36623,0.055283874,0.05604298,2,-0.00075910613,2.0,0.6666666666666666,1.3333333333333333,1.0
7,cycle44_subj07_margin_low_1sess_150ep,480,36629,0.06392649,0.04820406,662,0.015722428,1.0,1.0,1.0,1.0
7,cycle44_subj07_margin_low_1sess_150ep,481,36682,0.049502462,0.052810684,567,-0.0033082217,2.0,0.75,1.25,1.0
7,cycle44_subj07_margin_low_1sess_150ep,482,36731,0.06015412,0.04470083,631,0.01545329,1.0,1.0,1.0,1.0
7,cycle44_subj07_margin_low_1sess_150ep,483,36759,0.04515978,0.054283917,916,-0.009124137,6.0,0.45454545454545453,2.090909090909091,2.0
7,cycle44_subj07_margin_low_1sess_150ep,484,36910,0.067858145,0.04810123,231,0.019756913,1.0,1.0,1.0,1.0
7,cycle44_subj07_margin_low_1sess_150ep,485,36945,0.036236335,0.041849863,985,-0.005613528,12.0,0.09090909090909091,4.7272727272727275,5.0
7,cycle44_subj07_margin_low_1sess_150ep,486,36974,0.043047804,0.048124958,208,-0.0050771534,4.0,0.36363636363636365,2.0,2.0
7,cycle44_subj07_margin_low_1sess_150ep,487,36978,0.0561402,0.048859183,139,0.0072810166,1.0,1.0,1.0,1.0
7,cycle44_subj07_margin_low_1sess_150ep,488,37059,0.02925522,0.037507143,554,-0.008251922,7.0,0.125,3.375,3.0
7,cycle44_subj07_margin_low_1sess_150ep,489,37221,0.03770131,0.04382338,894,-0.0061220713,6.0,0.0,3.0,3.0
7,cycle44_subj07_margin_low_1sess_150ep,490,37224,0.06543237,0.049320094,536,0.016112275,1.0,1.0,1.0,1.0
7,cycle44_subj07_margin_low_1sess_150ep,491,37436,0.024486672,0.03527523,554,-0.010788556,26.0,0.0,7.375,8.0
7,cycle44_subj07_margin_low_1sess_150ep,492,37494,0.054375257,0.042355962,967,0.012019295,1.0,1.0,1.0,1.0
7,cycle44_subj07_margin_low_1sess_150ep,493,37608,0.06378667,0.052020177,516,0.011766493,1.0,1.0,1.0,1.0
7,cycle44_subj07_margin_low_1sess_150ep,494,37736,0.04446704,0.05830838,208,-0.013841342,10.0,0.0,4.3,4.0
7,cycle44_subj07_margin_low_1sess_150ep,495,37801,0.051544953,0.045513216,689,0.0060317367,1.0,1.0,1.0,1.0
7,cycle44_subj07_margin_low_1sess_150ep,496,37927,0.031877868,0.036851004,380,-0.004973136,9.0,0.09090909090909091,3.1818181818181817,3.0
7,cycle44_subj07_margin_low_1sess_150ep,497,38022,0.055541355,0.053574517,300,0.0019668378,1.0,1.0,1.0,1.0
7,cycle44_subj07_margin_low_1sess_150ep,498,38025,0.034777846,0.050749402,777,-0.015971556,99.0,0.0,29.0,30.0
7,cycle44_subj07_margin_low_1sess_150ep,499,38060,0.068354644,0.06128528,875,0.007069364,1.0,1.0,1.0,1.0
7,cycle44_subj07_margin_low_1sess_150ep,500,38246,0.061489396,0.06506143,567,-0.0035720319,2.0,0.8,1.2,1.0
7,cycle44_subj07_margin_low_1sess_150ep,501,38278,0.036105342,0.047011573,314,-0.010906231,17.0,0.0,6.0,6.0
7,cycle44_subj07_margin_low_1sess_150ep,502,38297,0.040702857,0.041014392,886,-0.00031153485,2.0,0.7272727272727273,1.2727272727272727,1.0
7,cycle44_subj07_margin_low_1sess_150ep,503,38310,0.04877308,0.053081002,484,-0.004307922,5.0,0.2222222222222222,2.0,2.0
7,cycle44_subj07_margin_low_1sess_150ep,504,38358,0.042132337,0.04728017,11,-0.0051478334,8.0,0.1,3.3,3.5
7,cycle44_subj07_margin_low_1sess_150ep,505,38483,0.04612485,0.049666345,852,-0.0035414957,3.0,0.6666666666666666,1.3333333333333333,1.0
7,cycle44_subj07_margin_low_1sess_150ep,506,38486,0.0440657,0.048782505,208,-0.004716806,3.0,0.6,1.7,1.0
7,cycle44_subj07_margin_low_1sess_150ep,507,38494,0.060964715,0.05108047,756,0.009884246,1.0,1.0,1.0,1.0
7,cycle44_subj07_margin_low_1sess_150ep,508,38641,0.046191543,0.038738973,630,0.00745257,1.0,1.0,1.0,1.0
7,cycle44_subj07_margin_low_1sess_150ep,509,38794,0.05438426,0.05079707,85,0.00358719,1.0,1.0,1.0,1.0
7,cycle44_subj07_margin_low_1sess_150ep,510,38817,0.057584133,0.0479667,828,0.009617433,1.0,1.0,1.0,1.0
7,cycle44_subj07_margin_low_1sess_150ep,511,38829,0.04121084,0.050908595,828,-0.009697754,15.0,0.0,4.222222222222222,5.0
7,cycle44_subj07_margin_low_1sess_150ep,512,38853,0.043457538,0.049329598,137,-0.0058720596,3.0,0.42857142857142855,1.7142857142857142,2.0
7,cycle44_subj07_margin_low_1sess_150ep,513,38978,0.050224215,0.043882295,372,0.0063419193,1.0,1.0,1.0,1.0
7,cycle44_subj07_margin_low_1sess_150ep,514,39047,0.04974284,0.056848247,567,-0.0071054064,4.0,0.16666666666666666,2.0,2.0
7,cycle44_subj07_margin_low_1sess_150ep,515,39058,0.042423494,0.054820567,490,-0.012397073,12.0,0.0,4.666666666666667,4.0
7,cycle44_subj07_margin_low_1sess_150ep,516,39095,0.04955466,0.04992516,327,-0.00037049875,2.0,0.8,1.2,1.0
7,cycle44_subj07_margin_low_1sess_150ep,517,39289,0.060774975,0.04529677,310,0.015478205,1.0,1.0,1.0,1.0
7,cycle44_subj07_margin_low_1sess_150ep,518,39298,0.056121897,0.04309489,666,0.013027009,1.0,1.0,1.0,1.0
7,cycle44_subj07_margin_low_1sess_150ep,519,39369,0.047601946,0.047894258,146,-0.00029231235,2.0,0.8571428571428571,1.1428571428571428,1.0
7,cycle44_subj07_margin_low_1sess_150ep,520,39402,0.0669908,0.054760285,480,0.0122305155,1.0,1.0,1.0,1.0
7,cycle44_subj07_margin_low_1sess_150ep,521,39509,0.0447475,0.059703987,134,-0.0149564855,22.0,0.0,7.111111111111111,8.0
7,cycle44_subj07_margin_low_1sess_150ep,522,39547,0.055003546,0.054139,189,0.00086454675,1.0,1.0,1.0,1.0
7,cycle44_subj07_margin_low_1sess_150ep,523,39553,0.051132116,0.06966561,567,-0.018533494,4.0,0.5,1.6,1.5
7,cycle44_subj07_margin_low_1sess_150ep,524,39841,0.062649384,0.05480925,947,0.007840134,1.0,1.0,1.0,1.0
7,cycle44_subj07_margin_low_1sess_150ep,525,39997,0.057104558,0.0538398,250,0.0032647587,1.0,1.0,1.0,1.0
7,cycle44_subj07_margin_low_1sess_150ep,526,40153,0.051387325,0.053911332,11,-0.002524007,3.0,0.36363636363636365,1.7272727272727273,2.0
7,cycle44_subj07_margin_low_1sess_150ep,527,40235,0.034669805,0.046446472,158,-0.011776667,10.0,0.125,4.375,4.0
7,cycle44_subj07_margin_low_1sess_150ep,528,40423,0.056796286,0.04126192,36,0.015534367,1.0,1.0,1.0,1.0
7,cycle44_subj07_margin_low_1sess_150ep,529,40548,0.03795115,0.06163198,967,-0.023680832,11.0,0.0,3.875,4.0
7,cycle44_subj07_margin_low_1sess_150ep,530,40575,0.05964971,0.048186973,689,0.011462737,1.0,1.0,1.0,1.0
7,cycle44_subj07_margin_low_1sess_150ep,531,40721,0.031156972,0.053138793,499,-0.02198182,109.0,0.0,35.125,37.5
7,cycle44_subj07_margin_low_1sess_150ep,532,40770,0.058685567,0.050243393,180,0.008442175,1.0,1.0,1.0,1.0
7,cycle44_subj07_margin_low_1sess_150ep,533,40840,0.058723435,0.052140333,388,0.006583102,1.0,1.0,1.0,1.0
7,cycle44_subj07_margin_low_1sess_150ep,534,40846,0.033938613,0.047440134,567,-0.013501521,20.0,0.0,7.25,6.5
7,cycle44_subj07_margin_low_1sess_150ep,535,40909,0.05467473,0.05333945,641,0.0013352782,1.0,1.0,1.0,1.0
7,cycle44_subj07_margin_low_1sess_150ep,536,40920,0.040975623,0.054151114,655,-0.013175491,15.0,0.0,5.0,4.0
7,cycle44_subj07_margin_low_1sess_150ep,537,40924,0.069005735,0.05288489,260,0.016120844,1.0,1.0,1.0,1.0
7,cycle44_subj07_margin_low_1sess_150ep,538,40935,0.03864165,0.04884269,788,-0.010201041,11.0,0.0,4.454545454545454,4.0
7,cycle44_subj07_margin_low_1sess_150ep,539,40979,0.032266036,0.036732078,200,-0.004466042,4.0,0.125,2.0,2.0
7,cycle44_subj07_margin_low_1sess_150ep,540,41056,0.057826184,0.048917595,867,0.008908588,1.0,1.0,1.0,1.0
7,cycle44_subj07_margin_low_1sess_150ep,541,41097,0.058150195,0.060210746,50,-0.0020605512,3.0,0.6666666666666666,1.3333333333333333,1.0
7,cycle44_subj07_margin_low_1sess_150ep,542,41116,0.045868617,0.043079842,708,0.0027887747,1.0,1.0,1.0,1.0
7,cycle44_subj07_margin_low_1sess_150ep,543,41137,0.06718764,0.051429104,449,0.015758533,1.0,1.0,1.0,1.0
7,cycle44_subj07_margin_low_1sess_150ep,544,41162,0.04497947,0.04683687,75,-0.0018573999,2.0,0.875,1.125,1.0
7,cycle44_subj07_margin_low_1sess_150ep,545,41482,0.060206015,0.044993255,828,0.015212759,1.0,1.0,1.0,1.0
7,cycle44_subj07_margin_low_1sess_150ep,546,41566,0.041880645,0.051852312,886,-0.009971667,7.0,0.16666666666666666,3.1666666666666665,3.5
7,cycle44_subj07_margin_low_1sess_150ep,547,41574,0.054422207,0.057087015,208,-0.0026648082,2.0,0.875,1.125,1.0
7,cycle44_subj07_margin_low_1sess_150ep,548,41623,0.032930326,0.04995414,580,-0.017023813,69.0,0.0,20.666666666666668,21.0
7,cycle44_subj07_margin_low_1sess_150ep,549,41653,0.05160894,0.041393917,923,0.010215022,1.0,1.0,1.0,1.0
7,cycle44_subj07_margin_low_1sess_150ep,550,41710,0.042258535,0.047425948,208,-0.0051674135,7.0,0.0,3.25,3.0
7,cycle44_subj07_margin_low_1sess_150ep,551,41778,0.04216569,0.048080754,75,-0.0059150644,3.0,0.375,1.625,2.0
7,cycle44_subj07_margin_low_1sess_150ep,552,41814,0.048483737,0.05155374,153,-0.0030700043,2.0,0.8,1.2,1.0
7,cycle44_subj07_margin_low_1sess_150ep,553,41927,0.06034325,0.051422898,162,0.008920353,1.0,1.0,1.0,1.0
7,cycle44_subj07_margin_low_1sess_150ep,554,41934,0.056337334,0.050491896,545,0.0058454387,1.0,1.0,1.0,1.0
7,cycle44_subj07_margin_low_1sess_150ep,555,42007,0.025976349,0.039587706,990,-0.013611358,22.0,0.0,7.9,7.0
7,cycle44_subj07_margin_low_1sess_150ep,556,42126,0.03767637,0.0464722,655,-0.008795828,7.0,0.07142857142857142,2.9285714285714284,3.0
7,cycle44_subj07_margin_low_1sess_150ep,557,42166,0.039432514,0.053360358,28,-0.013927843,30.0,0.0,7.428571428571429,8.0
7,cycle44_subj07_margin_low_1sess_150ep,558,42171,0.056405194,0.04010298,40,0.016302213,1.0,1.0,1.0,1.0
7,cycle44_subj07_margin_low_1sess_150ep,559,42214,0.065747,0.057087258,567,0.008659743,1.0,1.0,1.0,1.0
7,cycle44_subj07_margin_low_1sess_150ep,560,42224,0.054772846,0.045485634,715,0.009287212,1.0,1.0,1.0,1.0
7,cycle44_subj07_margin_low_1sess_150ep,561,42238,0.03609797,0.06229373,967,-0.02619576,112.0,0.0,33.42857142857143,35.0
7,cycle44_subj07_margin_low_1sess_150ep,562,42299,0.047091898,0.05369229,770,-0.006600391,5.0,0.2857142857142857,2.142857142857143,2.0
7,cycle44_subj07_margin_low_1sess_150ep,563,42473,0.038490467,0.049259298,655,-0.010768831,15.0,0.0,4.9,5.0
7,cycle44_subj07_margin_low_1sess_150ep,564,42563,0.055219237,0.055709764,828,-0.0004905276,2.0,0.6,1.4,1.0
7,cycle44_subj07_margin_low_1sess_150ep,565,42642,0.022409955,0.049299344,522,-0.02688939,220.0,0.0,68.46666666666667,68.0
7,cycle44_subj07_margin_low_1sess_150ep,566,42648,0.038616233,0.052765004,567,-0.014148772,49.0,0.0,15.25,14.5
7,cycle44_subj07_margin_low_1sess_150ep,567,42697,0.07609306,0.04964852,468,0.026444543,1.0,1.0,1.0,1.0
7,cycle44_subj07_margin_low_1sess_150ep,568,42781,0.04223585,0.050203633,984,-0.007967781,5.0,0.25,2.25,2.0
7,cycle44_subj07_margin_low_1sess_150ep,569,42851,0.050080415,0.037714597,172,0.012365818,1.0,1.0,1.0,1.0
7,cycle44_subj07_margin_low_1sess_150ep,570,42912,0.039376263,0.059590213,541,-0.02021395,33.0,0.0,10.333333333333334,11.0
7,cycle44_subj07_margin_low_1sess_150ep,571,42946,0.03611078,0.046452396,396,-0.0103416145,17.0,0.0,5.555555555555555,6.0
7,cycle44_subj07_margin_low_1sess_150ep,572,42980,0.05277971,0.040814728,386,0.011964984,1.0,1.0,1.0,1.0
7,cycle44_subj07_margin_low_1sess_150ep,573,43107,0.043722842,0.05675572,327,-0.01303288,29.0,0.0,8.4,9.0
7,cycle44_subj07_margin_low_1sess_150ep,574,43156,0.04798611,0.05332952,28,-0.005343411,6.0,0.2857142857142857,2.5714285714285716,2.0
7,cycle44_subj07_margin_low_1sess_150ep,575,43157,0.052567907,0.044134885,481,0.008433022,1.0,1.0,1.0,1.0
7,cycle44_subj07_margin_low_1sess_150ep,576,43159,0.050292477,0.04897105,368,0.0013214275,1.0,1.0,1.0,1.0
7,cycle44_subj07_margin_low_1sess_150ep,577,43164,0.06918505,0.050591543,356,0.018593505,1.0,1.0,1.0,1.0
7,cycle44_subj07_margin_low_1sess_150ep,578,43224,0.046916172,0.05063755,567,-0.0037213787,7.0,0.16666666666666666,2.5833333333333335,3.0
7,cycle44_subj07_margin_low_1sess_150ep,579,43250,0.036616422,0.05167107,737,-0.015054647,19.0,0.0,7.181818181818182,7.0
7,cycle44_subj07_margin_low_1sess_150ep,580,43288,0.059125207,0.047813013,59,0.011312194,1.0,1.0,1.0,1.0
7,cycle44_subj07_margin_low_1sess_150ep,581,43428,0.06403041,0.05061528,505,0.013415128,1.0,1.0,1.0,1.0
7,cycle44_subj07_margin_low_1sess_150ep,582,43429,0.04545248,0.04839311,30,-0.0029406324,4.0,0.6666666666666666,1.6666666666666667,1.0
7,cycle44_subj07_margin_low_1sess_150ep,583,43445,0.070999764,0.048241336,118,0.022758428,1.0,1.0,1.0,1.0
7,cycle44_subj07_margin_low_1sess_150ep,584,43465,0.05464738,0.06447553,967,-0.00982815,2.0,0.7,1.3,1.0
7,cycle44_subj07_margin_low_1sess_150ep,585,43500,0.04488233,0.051904578,567,-0.0070222467,10.0,0.0,3.6666666666666665,4.0
7,cycle44_subj07_margin_low_1sess_150ep,586,43619,0.05336023,0.06134105,499,-0.00798082,3.0,0.3333333333333333,1.75,2.0
7,cycle44_subj07_margin_low_1sess_150ep,587,43675,0.053724043,0.051734965,967,0.0019890778,1.0,1.0,1.0,1.0
7,cycle44_subj07_margin_low_1sess_150ep,588,43689,0.061947186,0.054904085,118,0.007043101,1.0,1.0,1.0,1.0
7,cycle44_subj07_margin_low_1sess_150ep,589,43746,0.052601464,0.063463956,149,-0.010862492,9.0,0.0,3.3333333333333335,3.0
7,cycle44_subj07_margin_low_1sess_150ep,590,43818,0.055728182,0.04631658,28,0.009411603,1.0,1.0,1.0,1.0
7,cycle44_subj07_margin_low_1sess_150ep,591,43820,0.059556834,0.06071429,250,-0.0011574551,2.0,0.75,1.25,1.0
7,cycle44_subj07_margin_low_1sess_150ep,592,43852,0.03717985,0.045673095,286,-0.008493245,12.0,0.0,4.3076923076923075,4.0
7,cycle44_subj07_margin_low_1sess_150ep,593,43950,0.055671327,0.04626269,651,0.009408638,1.0,1.0,1.0,1.0
7,cycle44_subj07_margin_low_1sess_150ep,594,43984,0.04842363,0.0439452,776,0.0044784285,1.0,1.0,1.0,1.0
7,cycle44_subj07_margin_low_1sess_150ep,595,44052,0.049836926,0.040850878,543,0.008986048,1.0,1.0,1.0,1.0
7,cycle44_subj07_margin_low_1sess_150ep,596,44097,0.06299527,0.060606822,82,0.0023884475,1.0,1.0,1.0,1.0
7,cycle44_subj07_margin_low_1sess_150ep,597,44107,0.035122402,0.05385168,88,-0.018729277,25.0,0.0,8.125,7.5
7,cycle44_subj07_margin_low_1sess_150ep,598,44138,0.05871271,0.065735005,717,-0.007022295,2.0,1.0,1.0,1.0
7,cycle44_subj07_margin_low_1sess_150ep,599,44144,0.040530697,0.04754166,536,-0.007010963,13.0,0.0,5.125,5.0
7,cycle44_subj07_margin_low_1sess_150ep,600,44184,0.04340715,0.046769224,809,-0.0033620745,2.0,0.6666666666666666,1.3333333333333333,1.0
7,cycle44_subj07_margin_low_1sess_150ep,601,44324,0.055869434,0.04716503,250,0.008704405,1.0,1.0,1.0,1.0
7,cycle44_subj07_margin_low_1sess_150ep,602,44339,0.036109485,0.047294967,377,-0.011185482,14.0,0.1,5.0,5.0
7,cycle44_subj07_margin_low_1sess_150ep,603,44369,0.045274984,0.051032055,934,-0.005757071,4.0,0.375,1.875,2.0
7,cycle44_subj07_margin_low_1sess_150ep,604,44412,0.04111516,0.053680252,692,-0.012565091,36.0,0.0,11.714285714285714,12.0
7,cycle44_subj07_margin_low_1sess_150ep,605,44705,0.037763305,0.051965866,230,-0.014202561,18.0,0.0,6.7,6.5
7,cycle44_subj07_margin_low_1sess_150ep,606,44720,0.05548537,0.04721627,18,0.008269101,1.0,1.0,1.0,1.0
7,cycle44_subj07_margin_low_1sess_150ep,607,44729,0.040102217,0.057130303,308,-0.017028086,11.0,0.0,3.8,4.0
7,cycle44_subj07_margin_low_1sess_150ep,608,44736,0.05336644,0.049691826,875,0.0036746152,1.0,1.0,1.0,1.0
7,cycle44_subj07_margin_low_1sess_150ep,609,44844,0.038046636,0.046008725,567,-0.007962089,21.0,0.0,6.375,6.5
7,cycle44_subj07_margin_low_1sess_150ep,610,44971,0.04526027,0.043354925,414,0.0019053444,1.0,1.0,1.0,1.0
7,cycle44_subj07_margin_low_1sess_150ep,611,44980,0.056678377,0.035103902,180,0.021574475,1.0,1.0,1.0,1.0
7,cycle44_subj07_margin_low_1sess_150ep,612,45129,0.031337608,0.044496343,967,-0.013158735,94.0,0.0,28.846153846153847,29.0
7,cycle44_subj07_margin_low_1sess_150ep,613,45213,0.04906612,0.0555535,967,-0.0064873807,2.0,0.5555555555555556,1.4444444444444444,1.0
7,cycle44_subj07_margin_low_1sess_150ep,614,45356,0.053027995,0.054112367,321,-0.0010843724,2.0,0.5384615384615384,1.4615384615384615,1.0
7,cycle44_subj07_margin_low_1sess_150ep,615,45595,0.019007182,0.031249972,867,-0.01224279,30.0,0.0,10.272727272727273,11.0
7,cycle44_subj07_margin_low_1sess_150ep,616,45632,0.06853444,0.05671422,271,0.011820219,1.0,1.0,1.0,1.0
7,cycle44_subj07_margin_low_1sess_150ep,617,45746,0.034508504,0.042462807,172,-0.007954303,5.0,0.1,2.3,2.0
7,cycle44_subj07_margin_low_1sess_150ep,618,45750,0.02889405,0.045828972,590,-0.016934922,146.0,0.0,44.57142857142857,43.0
7,cycle44_subj07_margin_low_1sess_150ep,619,45837,0.04689783,0.040347412,452,0.0065504164,1.0,1.0,1.0,1.0
7,cycle44_subj07_margin_low_1sess_150ep,620,45843,0.037731435,0.044469222,545,-0.0067377873,5.0,0.0,2.3333333333333335,2.0
7,cycle44_subj07_margin_low_1sess_150ep,621,45945,0.045118462,0.052339293,270,-0.007220831,5.0,0.25,2.25,2.0
7,cycle44_subj07_margin_low_1sess_150ep,622,45981,0.041606203,0.051228385,153,-0.009622183,3.0,0.6666666666666666,1.3333333333333333,1.0
7,cycle44_subj07_margin_low_1sess_150ep,623,45982,0.033560365,0.062465373,567,-0.028905008,72.0,0.0,21.363636363636363,22.0
7,cycle44_subj07_margin_low_1sess_150ep,624,45999,0.048590545,0.054536916,802,-0.0059463717,6.0,0.2222222222222222,2.111111111111111,2.0
7,cycle44_subj07_margin_low_1sess_150ep,625,46002,0.030168,0.05767548,567,-0.02750748,20.0,0.0,6.0,7.0
7,cycle44_subj07_margin_low_1sess_150ep,626,46036,0.050629295,0.054915078,2,-0.0042857826,3.0,0.375,1.75,2.0
7,cycle44_subj07_margin_low_1sess_150ep,627,46101,0.049673777,0.048853464,875,0.00082031265,1.0,1.0,1.0,1.0
7,cycle44_subj07_margin_low_1sess_150ep,628,46136,0.041250385,0.052912015,449,-0.01166163,29.0,0.0,10.285714285714286,11.0
7,cycle44_subj07_margin_low_1sess_150ep,629,46150,0.03743165,0.042575758,593,-0.005144108,11.0,0.0,4.125,4.0
7,cycle44_subj07_margin_low_1sess_150ep,630,46160,0.060776904,0.043298427,176,0.017478477,1.0,1.0,1.0,1.0
7,cycle44_subj07_margin_low_1sess_150ep,631,46274,0.015189091,0.04672511,178,-0.03153602,488.0,0.0,149.33333333333334,150.0
7,cycle44_subj07_margin_low_1sess_150ep,632,46321,0.06331647,0.047319304,810,0.015997168,1.0,1.0,1.0,1.0
7,cycle44_subj07_margin_low_1sess_150ep,633,46372,0.02092806,0.0419693,178,-0.021041239,197.0,0.0,63.77777777777778,63.0
7,cycle44_subj07_margin_low_1sess_150ep,634,46380,0.05546619,0.054806627,875,0.00065956265,1.0,1.0,1.0,1.0
7,cycle44_subj07_margin_low_1sess_150ep,635,46460,0.061639957,0.044196762,856,0.017443195,1.0,1.0,1.0,1.0
7,cycle44_subj07_margin_low_1sess_150ep,636,46462,0.050377227,0.04640986,322,0.003967367,1.0,1.0,1.0,1.0
7,cycle44_subj07_margin_low_1sess_150ep,637,46480,0.024974387,0.042891953,644,-0.017917566,49.0,0.0,17.5,17.0
7,cycle44_subj07_margin_low_1sess_150ep,638,46523,0.04808147,0.052959576,368,-0.0048781075,2.0,0.6,1.4,1.0
7,cycle44_subj07_margin_low_1sess_150ep,639,46642,0.034793444,0.043508828,598,-0.008715384,15.0,0.0,5.125,5.0
7,cycle44_subj07_margin_low_1sess_150ep,640,46661,0.047415182,0.06561584,282,-0.018200658,2.0,0.6153846153846154,1.3846153846153846,1.0
7,cycle44_subj07_margin_low_1sess_150ep,641,46806,0.060464714,0.05680125,875,0.0036634654,1.0,1.0,1.0,1.0
7,cycle44_subj07_margin_low_1sess_150ep,642,46835,0.043193854,0.03346786,302,0.009725995,1.0,1.0,1.0,1.0
7,cycle44_subj07_margin_low_1sess_150ep,643,46861,0.05251032,0.045805447,139,0.0067048743,1.0,1.0,1.0,1.0
7,cycle44_subj07_margin_low_1sess_150ep,644,47033,0.05897566,0.04475468,178,0.014220979,1.0,1.0,1.0,1.0
7,cycle44_subj07_margin_low_1sess_150ep,645,47070,0.053272888,0.04741936,146,0.0058535263,1.0,1.0,1.0,1.0
7,cycle44_subj07_margin_low_1sess_150ep,646,47099,0.042525575,0.044647757,173,-0.0021221824,2.0,0.7,1.3,1.0
7,cycle44_subj07_margin_low_1sess_150ep,647,47200,0.057484824,0.055880897,173,0.0016039275,1.0,1.0,1.0,1.0
7,cycle44_subj07_margin_low_1sess_150ep,648,47290,0.036688697,0.036898978,886,-0.00021028146,2.0,0.875,1.125,1.0
7,cycle44_subj07_margin_low_1sess_150ep,649,47293,0.05770291,0.06475242,2,-0.007049512,2.0,0.4444444444444444,1.5555555555555556,2.0
7,cycle44_subj07_margin_low_1sess_150ep,650,47321,0.038097996,0.04655787,584,-0.0084598735,4.0,0.14285714285714285,2.0,2.0
7,cycle44_subj07_margin_low_1sess_150ep,651,47408,0.04469489,0.047895316,380,-0.0032004267,4.0,0.3333333333333333,2.0,2.0
7,cycle44_subj07_margin_low_1sess_150ep,652,47598,0.0454814,0.051722046,810,-0.0062406473,7.0,0.09090909090909091,3.090909090909091,3.0
7,cycle44_subj07_margin_low_1sess_150ep,653,47600,0.0514074,0.059880987,947,-0.008473586,6.0,0.14285714285714285,2.142857142857143,2.0
7,cycle44_subj07_margin_low_1sess_150ep,654,47614,0.026808878,0.055726513,772,-0.028917635,117.0,0.0,36.8,37.0
7,cycle44_subj07_margin_low_1sess_150ep,655,47656,0.05998519,0.049288306,30,0.010696884,1.0,1.0,1.0,1.0
7,cycle44_subj07_margin_low_1sess_150ep,656,47687,0.042933427,0.04546947,443,-0.0025360435,2.0,0.9,1.1,1.0
7,cycle44_subj07_margin_low_1sess_150ep,657,48157,0.049064953,0.050273497,984,-0.0012085438,3.0,0.3333333333333333,1.6666666666666667,2.0
7,cycle44_subj07_margin_low_1sess_150ep,658,48260,0.05295147,0.04374848,982,0.009202991,1.0,1.0,1.0,1.0
7,cycle44_subj07_margin_low_1sess_150ep,659,48374,0.05409646,0.04530871,327,0.008787751,1.0,1.0,1.0,1.0
7,cycle44_subj07_margin_low_1sess_150ep,660,48379,0.045429096,0.054068785,779,-0.00863969,7.0,0.0,3.0,3.0
7,cycle44_subj07_margin_low_1sess_150ep,661,48393,0.038348146,0.04591404,149,-0.007565893,13.0,0.0,4.4,5.0
7,cycle44_subj07_margin_low_1sess_150ep,662,48422,0.04359096,0.045772504,137,-0.002181545,2.0,0.5384615384615384,1.4615384615384615,1.0
7,cycle44_subj07_margin_low_1sess_150ep,663,48508,0.043597747,0.054273862,567,-0.010676116,14.0,0.0,4.9,4.5
7,cycle44_subj07_margin_low_1sess_150ep,664,48530,0.0460797,0.04628469,106,-0.00020499155,2.0,0.7,1.3,1.0
7,cycle44_subj07_margin_low_1sess_150ep,665,48617,0.043857656,0.04519104,480,-0.001333382,2.0,0.4,1.6,2.0
7,cycle44_subj07_margin_low_1sess_150ep,666,48618,0.03244189,0.042465884,363,-0.0100239925,19.0,0.0,6.5,7.0
7,cycle44_subj07_margin_low_1sess_150ep,667,48622,0.053975523,0.04965694,327,0.0043185838,1.0,1.0,1.0,1.0
7,cycle44_subj07_margin_low_1sess_150ep,668,48679,0.043609396,0.049844757,173,-0.006235361,7.0,0.25,2.625,2.5
7,cycle44_subj07_margin_low_1sess_150ep,669,48681,0.036929198,0.038521163,393,-0.0015919656,2.0,0.8333333333333334,1.1666666666666667,1.0
7,cycle44_subj07_margin_low_1sess_150ep,670,48802,0.055780314,0.048021138,537,0.007759176,1.0,1.0,1.0,1.0
7,cycle44_subj07_margin_low_1sess_150ep,671,48832,0.042532418,0.05048195,302,-0.007949531,18.0,0.0,6.666666666666667,7.0
7,cycle44_subj07_margin_low_1sess_150ep,672,48839,0.061715737,0.05333199,516,0.008383747,1.0,1.0,1.0,1.0
7,cycle44_subj07_margin_low_1sess_150ep,673,49076,0.048138678,0.049489368,567,-0.0013506897,2.0,0.625,1.375,1.0
7,cycle44_subj07_margin_low_1sess_150ep,674,49152,0.056721576,0.05141262,30,0.005308956,1.0,1.0,1.0,1.0
7,cycle44_subj07_margin_low_1sess_150ep,675,49156,0.019730372,0.047775198,200,-0.028044825,187.0,0.0,56.8,56.0
7,cycle44_subj07_margin_low_1sess_150ep,676,49234,0.043534733,0.046587802,363,-0.003053069,4.0,0.3333333333333333,1.75,2.0
7,cycle44_subj07_margin_low_1sess_150ep,677,49466,0.062399417,0.058801956,505,0.0035974607,1.0,1.0,1.0,1.0
7,cycle44_subj07_margin_low_1sess_150ep,678,49480,0.046594862,0.05799673,967,-0.011401869,3.0,0.46153846153846156,1.5384615384615385,2.0
7,cycle44_subj07_margin_low_1sess_150ep,679,49622,0.03993759,0.05121723,208,-0.011279639,6.0,0.14285714285714285,2.5,2.5
7,cycle44_subj07_margin_low_1sess_150ep,680,49731,0.032571655,0.0499921,659,-0.017420445,155.0,0.0,47.111111111111114,46.0
7,cycle44_subj07_margin_low_1sess_150ep,681,49923,0.038959038,0.043784067,2,-0.0048250295,16.0,0.0,4.875,5.5
7,cycle44_subj07_margin_low_1sess_150ep,682,49944,0.0627798,0.05258022,990,0.01019958,1.0,1.0,1.0,1.0
7,cycle44_subj07_margin_low_1sess_150ep,683,49955,0.04229996,0.028897123,274,0.013402836,1.0,1.0,1.0,1.0
7,cycle44_subj07_margin_low_1sess_150ep,684,49957,0.05602124,0.050979044,11,0.0050421953,1.0,1.0,1.0,1.0
7,cycle44_subj07_margin_low_1sess_150ep,685,49969,0.05867554,0.055261344,922,0.003414195,1.0,1.0,1.0,1.0
7,cycle44_subj07_margin_low_1sess_150ep,686,49979,0.05225098,0.053682115,23,-0.0014311336,2.0,0.5714285714285714,1.4285714285714286,1.0
7,cycle44_subj07_margin_low_1sess_150ep,687,50026,0.058794536,0.052476134,876,0.0063184015,1.0,1.0,1.0,1.0
7,cycle44_subj07_margin_low_1sess_150ep,688,50114,0.048362423,0.070374236,567,-0.022011813,8.0,0.0,2.8,3.0
7,cycle44_subj07_margin_low_1sess_150ep,689,50170,0.06864756,0.04011038,990,0.028537184,1.0,1.0,1.0,1.0
7,cycle44_subj07_margin_low_1sess_150ep,690,50500,0.037768062,0.050001856,990,-0.012233794,26.0,0.0,7.222222222222222,7.0
7,cycle44_subj07_margin_low_1sess_150ep,691,50653,0.046006743,0.042473275,178,0.0035334677,1.0,1.0,1.0,1.0
7,cycle44_subj07_margin_low_1sess_150ep,692,50734,0.059238262,0.050620914,828,0.008617349,1.0,1.0,1.0,1.0
7,cycle44_subj07_margin_low_1sess_150ep,693,50755,0.062299807,0.05346842,228,0.0088313855,1.0,1.0,1.0,1.0
7,cycle44_subj07_margin_low_1sess_150ep,694,50811,0.060186986,0.04704006,630,0.013146926,1.0,1.0,1.0,1.0
7,cycle44_subj07_margin_low_1sess_150ep,695,50882,0.049065873,0.05370495,28,-0.004639078,4.0,0.4,1.8,2.0
7,cycle44_subj07_margin_low_1sess_150ep,696,51051,0.058807977,0.050123774,567,0.008684203,1.0,1.0,1.0,1.0
7,cycle44_subj07_margin_low_1sess_150ep,697,51052,0.045669034,0.053926874,772,-0.00825784,8.0,0.0,3.0,3.0
7,cycle44_subj07_margin_low_1sess_150ep,698,51062,0.061095066,0.06470871,954,-0.0036136433,2.0,0.5714285714285714,1.4285714285714286,1.0
7,cycle44_subj07_margin_low_1sess_150ep,699,51077,0.04875571,0.051232886,543,-0.0024771765,2.0,0.6153846153846154,1.3846153846153846,1.0
7,cycle44_subj07_margin_low_1sess_150ep,700,51148,0.071675204,0.055377714,774,0.01629749,1.0,1.0,1.0,1.0
7,cycle44_subj07_margin_low_1sess_150ep,701,51171,0.042692654,0.046630993,414,-0.0039383397,4.0,0.5,1.625,1.5
7,cycle44_subj07_margin_low_1sess_150ep,702,51185,0.04210443,0.040396128,886,0.0017083026,1.0,1.0,1.0,1.0
7,cycle44_subj07_margin_low_1sess_150ep,703,51521,0.049423933,0.049862113,370,-0.00043817982,2.0,0.6,1.4,1.0
7,cycle44_subj07_margin_low_1sess_150ep,704,51745,0.045907874,0.0473473,493,-0.0014394261,3.0,0.3333333333333333,1.6666666666666667,2.0
7,cycle44_subj07_margin_low_1sess_150ep,705,51788,0.054818098,0.045987107,761,0.008830991,1.0,1.0,1.0,1.0
7,cycle44_subj07_margin_low_1sess_150ep,706,51843,0.0563331,0.05674436,567,-0.00041126087,2.0,0.5555555555555556,1.4444444444444444,1.0
7,cycle44_subj07_margin_low_1sess_150ep,707,51907,0.043988165,0.06008155,204,-0.016093384,14.0,0.0,4.25,4.0
7,cycle44_subj07_margin_low_1sess_150ep,708,51928,0.044003442,0.048860174,178,-0.0048567317,5.0,0.2222222222222222,2.111111111111111,2.0
7,cycle44_subj07_margin_low_1sess_150ep,709,51965,0.06471019,0.05089667,616,0.013813522,1.0,1.0,1.0,1.0
7,cycle44_subj07_margin_low_1sess_150ep,710,51983,0.057388954,0.05508666,787,0.0023022927,1.0,1.0,1.0,1.0
7,cycle44_subj07_margin_low_1sess_150ep,711,51988,0.019012887,0.048870098,7,-0.02985721,273.0,0.0,82.44444444444444,81.0
7,cycle44_subj07_margin_low_1sess_150ep,712,52070,0.0659575,0.0480776,260,0.017879903,1.0,1.0,1.0,1.0
7,cycle44_subj07_margin_low_1sess_150ep,713,52216,0.034380455,0.043847356,82,-0.009466901,13.0,0.0,5.181818181818182,5.0
7,cycle44_subj07_margin_low_1sess_150ep,714,52302,0.05918013,0.05126392,567,0.007916208,1.0,1.0,1.0,1.0
7,cycle44_subj07_margin_low_1sess_150ep,715,52328,0.044875495,0.06328194,176,-0.018406443,15.0,0.0,5.0,5.0
7,cycle44_subj07_margin_low_1sess_150ep,716,52375,0.05044739,0.05478531,567,-0.0043379217,3.0,0.4,1.6,2.0
7,cycle44_subj07_margin_low_1sess_150ep,717,52394,0.067308895,0.06118633,655,0.0061225668,1.0,1.0,1.0,1.0
7,cycle44_subj07_margin_low_1sess_150ep,718,52527,0.050495077,0.053531893,308,-0.0030368157,2.0,0.7142857142857143,1.2857142857142858,1.0
7,cycle44_subj07_margin_low_1sess_150ep,719,52554,0.049108867,0.04940437,359,-0.00029550493,2.0,0.75,1.25,1.0
7,cycle44_subj07_margin_low_1sess_150ep,720,52596,0.046473514,0.047364864,382,-0.0008913502,2.0,0.6,1.4,1.0
7,cycle44_subj07_margin_low_1sess_150ep,721,52598,0.06135124,0.047158424,934,0.014192816,1.0,1.0,1.0,1.0
7,cycle44_subj07_margin_low_1sess_150ep,722,52652,0.028161038,0.057362825,827,-0.029201787,109.0,0.0,35.111111111111114,33.0
7,cycle44_subj07_margin_low_1sess_150ep,723,52892,0.0428917,0.047159795,748,-0.004268095,3.0,0.375,1.75,2.0
7,cycle44_subj07_margin_low_1sess_150ep,724,52931,0.051494576,0.055973515,737,-0.004478939,6.0,0.125,2.5,3.0
7,cycle44_subj07_margin_low_1sess_150ep,725,52990,0.028896168,0.05108437,282,-0.022188202,135.0,0.0,41.42857142857143,42.0
7,cycle44_subj07_margin_low_1sess_150ep,726,53052,0.034470312,0.043361567,914,-0.008891255,8.0,0.0,2.9166666666666665,3.0
7,cycle44_subj07_margin_low_1sess_150ep,727,53070,0.04351172,0.043298375,987,0.00021334365,1.0,1.0,1.0,1.0
7,cycle44_subj07_margin_low_1sess_150ep,728,53152,0.055839464,0.04170021,696,0.014139254,1.0,1.0,1.0,1.0
7,cycle44_subj07_margin_low_1sess_150ep,729,53155,0.042828795,0.05922977,567,-0.016400974,5.0,0.125,2.125,2.0
7,cycle44_subj07_margin_low_1sess_150ep,730,53157,0.05392411,0.053971488,437,-4.7378242e-05,2.0,0.4444444444444444,1.5555555555555556,2.0
7,cycle44_subj07_margin_low_1sess_150ep,731,53270,0.040664665,0.054469444,2,-0.013804778,33.0,0.0,10.727272727272727,10.0
7,cycle44_subj07_margin_low_1sess_150ep,732,53370,0.04282788,0.04004227,833,0.0027856082,1.0,1.0,1.0,1.0
7,cycle44_subj07_margin_low_1sess_150ep,733,53489,0.03867455,0.047819354,778,-0.009144805,20.0,0.0,6.166666666666667,7.0
7,cycle44_subj07_margin_low_1sess_150ep,734,53511,0.044300184,0.051252563,794,-0.006952379,7.0,0.0,2.9,3.0
7,cycle44_subj07_margin_low_1sess_150ep,735,53570,0.040377967,0.036762096,903,0.003615871,1.0,1.0,1.0,1.0
7,cycle44_subj07_margin_low_1sess_150ep,736,53727,0.05565482,0.055319835,828,0.00033498555,1.0,1.0,1.0,1.0
7,cycle44_subj07_margin_low_1sess_150ep,737,53728,0.070945255,0.056505647,178,0.014439609,1.0,1.0,1.0,1.0
7,cycle44_subj07_margin_low_1sess_150ep,738,53773,0.04886983,0.04987673,827,-0.0010069013,2.0,0.75,1.25,1.0
7,cycle44_subj07_margin_low_1sess_150ep,739,53858,0.044576302,0.037071295,886,0.007505007,1.0,1.0,1.0,1.0
7,cycle44_subj07_margin_low_1sess_150ep,740,53881,0.062212117,0.056713443,541,0.0054986738,1.0,1.0,1.0,1.0
7,cycle44_subj07_margin_low_1sess_150ep,741,53891,0.037790485,0.050830778,827,-0.013040293,37.0,0.0,11.857142857142858,11.0
7,cycle44_subj07_margin_low_1sess_150ep,742,54078,0.053671114,0.055596516,984,-0.0019254014,2.0,0.8888888888888888,1.1111111111111112,1.0
7,cycle44_subj07_margin_low_1sess_150ep,743,54147,0.038410347,0.05378017,173,-0.015369821,24.0,0.0,8.666666666666666,8.0
7,cycle44_subj07_margin_low_1sess_150ep,744,54257,0.036340516,0.05031702,327,-0.013976503,12.0,0.0,4.2,4.0
7,cycle44_subj07_margin_low_1sess_150ep,745,54361,0.050079513,0.047556072,22,0.0025234409,1.0,1.0,1.0,1.0
7,cycle44_subj07_margin_low_1sess_150ep,746,54389,0.046626955,0.058639124,770,-0.012012169,17.0,0.0,6.0,5.5
7,cycle44_subj07_margin_low_1sess_150ep,747,54643,0.0314091,0.05010098,353,-0.018691879,92.0,0.0,28.833333333333332,30.0
7,cycle44_subj07_margin_low_1sess_150ep,748,54683,0.049564198,0.0421221,760,0.007442098,1.0,1.0,1.0,1.0
7,cycle44_subj07_margin_low_1sess_150ep,749,54698,0.064131,0.046379603,381,0.017751396,1.0,1.0,1.0,1.0
7,cycle44_subj07_margin_low_1sess_150ep,750,54743,0.05337338,0.04444092,951,0.00893246,1.0,1.0,1.0,1.0
7,cycle44_subj07_margin_low_1sess_150ep,751,54812,0.03953038,0.04000288,791,-0.0004724972,3.0,0.45454545454545453,1.7272727272727273,2.0
7,cycle44_subj07_margin_low_1sess_150ep,752,54824,0.032634724,0.04534798,696,-0.012713257,28.0,0.0,10.0,10.0
7,cycle44_subj07_margin_low_1sess_150ep,753,54913,0.052228916,0.048205703,115,0.004023213,1.0,1.0,1.0,1.0
7,cycle44_subj07_margin_low_1sess_150ep,754,54959,0.050234392,0.053943407,200,-0.0037090145,2.0,0.625,1.375,1.0
7,cycle44_subj07_margin_low_1sess_150ep,755,55005,0.044536874,0.050360393,812,-0.005823519,4.0,0.1111111111111111,2.111111111111111,2.0
7,cycle44_subj07_margin_low_1sess_150ep,756,55107,0.06619886,0.060568508,321,0.0056303553,1.0,1.0,1.0,1.0
7,cycle44_subj07_margin_low_1sess_150ep,757,55163,0.05108761,0.044469837,696,0.0066177733,1.0,1.0,1.0,1.0
7,cycle44_subj07_margin_low_1sess_150ep,758,55405,0.044658113,0.051720917,721,-0.007062804,9.0,0.0,3.4444444444444446,3.0
7,cycle44_subj07_margin_low_1sess_150ep,759,55408,0.03834715,0.04030246,991,-0.001955308,2.0,1.0,1.0,1.0
7,cycle44_subj07_margin_low_1sess_150ep,760,55526,0.056587346,0.049629424,353,0.006957922,1.0,1.0,1.0,1.0
7,cycle44_subj07_margin_low_1sess_150ep,761,55649,0.055092078,0.05035404,204,0.0047380365,1.0,1.0,1.0,1.0
7,cycle44_subj07_margin_low_1sess_150ep,762,55669,0.037510693,0.05388642,527,-0.016375728,35.0,0.0,12.0,12.0
7,cycle44_subj07_margin_low_1sess_150ep,763,55678,0.0501462,0.050588053,173,-0.00044185296,2.0,0.8333333333333334,1.1666666666666667,1.0
7,cycle44_subj07_margin_low_1sess_150ep,764,55680,0.034284472,0.04983144,632,-0.015546966,31.0,0.0,9.857142857142858,9.0
7,cycle44_subj07_margin_low_1sess_150ep,765,55857,0.0385686,0.040205054,967,-0.001636453,2.0,0.4444444444444444,1.5555555555555556,2.0
7,cycle44_subj07_margin_low_1sess_150ep,766,55933,0.04987413,0.044481963,82,0.0053921677,1.0,1.0,1.0,1.0
7,cycle44_subj07_margin_low_1sess_150ep,767,55968,0.05109776,0.050944585,380,0.00015317649,1.0,1.0,1.0,1.0
7,cycle44_subj07_margin_low_1sess_150ep,768,55969,0.020574128,0.036846146,788,-0.016272018,56.0,0.0,16.1,16.0
7,cycle44_subj07_margin_low_1sess_150ep,769,56042,0.048530832,0.051162,467,-0.0026311688,3.0,0.3333333333333333,1.8333333333333333,2.0
7,cycle44_subj07_margin_low_1sess_150ep,770,56066,0.05773187,0.048110355,875,0.009621516,1.0,1.0,1.0,1.0
7,cycle44_subj07_margin_low_1sess_150ep,771,56126,0.0411645,0.043797262,467,-0.0026327632,2.0,0.5,1.5,1.5
7,cycle44_subj07_margin_low_1sess_150ep,772,56154,0.06417806,0.059780516,208,0.0043975413,1.0,1.0,1.0,1.0
7,cycle44_subj07_margin_low_1sess_150ep,773,56269,0.05209375,0.050006926,875,0.0020868257,1.0,1.0,1.0,1.0
7,cycle44_subj07_margin_low_1sess_150ep,774,56290,0.04734452,0.047901865,30,-0.0005573444,3.0,0.625,1.375,1.0
7,cycle44_subj07_margin_low_1sess_150ep,775,56314,0.054126695,0.05469282,276,-0.0005661249,2.0,0.5714285714285714,1.4285714285714286,1.0
7,cycle44_subj07_margin_low_1sess_150ep,776,56418,0.047791798,0.052064076,567,-0.0042722784,2.0,0.7142857142857143,1.2857142857142858,1.0
7,cycle44_subj07_margin_low_1sess_150ep,777,56454,0.059073243,0.04523824,178,0.013835002,1.0,1.0,1.0,1.0
7,cycle44_subj07_margin_low_1sess_150ep,778,56471,0.028491847,0.05317941,590,-0.024687562,65.0,0.0,21.2,20.0
7,cycle44_subj07_margin_low_1sess_150ep,779,56670,0.056857236,0.049895506,894,0.0069617294,1.0,1.0,1.0,1.0
7,cycle44_subj07_margin_low_1sess_150ep,780,56681,0.047979023,0.045387033,750,0.00259199,1.0,1.0,1.0,1.0
7,cycle44_subj07_margin_low_1sess_150ep,781,56695,0.047627367,0.050865002,274,-0.003237635,2.0,0.875,1.125,1.0
7,cycle44_subj07_margin_low_1sess_150ep,782,56723,0.056278758,0.050030824,827,0.006247934,1.0,1.0,1.0,1.0
7,cycle44_subj07_margin_low_1sess_150ep,783,56751,0.030862147,0.04334581,327,-0.012483662,22.0,0.0,8.181818181818182,9.0
7,cycle44_subj07_margin_low_1sess_150ep,784,56782,0.041154,0.049363002,827,-0.008209001,8.0,0.07692307692307693,3.076923076923077,3.0
7,cycle44_subj07_margin_low_1sess_150ep,785,56784,0.031531706,0.057033394,967,-0.025501687,73.0,0.0,24.363636363636363,23.0
7,cycle44_subj07_margin_low_1sess_150ep,786,56850,0.038679384,0.043452065,178,-0.0047726817,3.0,0.4,1.8,2.0
7,cycle44_subj07_margin_low_1sess_150ep,787,56867,0.0561923,0.059210885,217,-0.003018584,7.0,0.25,2.4166666666666665,3.0
7,cycle44_subj07_margin_low_1sess_150ep,788,56911,0.06175679,0.05447413,990,0.0072826594,1.0,1.0,1.0,1.0
7,cycle44_subj07_margin_low_1sess_150ep,789,56948,0.034014706,0.05455383,274,-0.020539124,58.0,0.0,17.90909090909091,18.0
7,cycle44_subj07_margin_low_1sess_150ep,790,57046,0.02924726,0.048578743,545,-0.019331483,52.0,0.0,15.0,15.0
7,cycle44_subj07_margin_low_1sess_150ep,791,57060,0.04942105,0.05017207,208,-0.0007510185,2.0,0.8,1.2,1.0
7,cycle44_subj07_margin_low_1sess_150ep,792,57435,0.044345524,0.046212804,567,-0.0018672794,4.0,0.5,1.75,1.5
7,cycle44_subj07_margin_low_1sess_150ep,793,57443,0.055839296,0.04956703,172,0.0062722676,1.0,1.0,1.0,1.0
7,cycle44_subj07_margin_low_1sess_150ep,794,57478,0.036158532,0.055676088,384,-0.019517556,29.0,0.0,8.5,9.0
7,cycle44_subj07_margin_low_1sess_150ep,795,57542,0.05069805,0.05345663,647,-0.0027585812,4.0,0.42857142857142855,1.7142857142857142,2.0
7,cycle44_subj07_margin_low_1sess_150ep,796,57553,0.0408503,0.04565257,984,-0.004802268,4.0,0.4444444444444444,1.7777777777777777,2.0
7,cycle44_subj07_margin_low_1sess_150ep,797,57648,0.024708666,0.04642633,239,-0.021717664,232.0,0.0,70.625,74.0
7,cycle44_subj07_margin_low_1sess_150ep,798,57650,0.023266291,0.04009689,480,-0.016830599,20.0,0.0,6.75,6.0
7,cycle44_subj07_margin_low_1sess_150ep,799,57681,0.054133948,0.05052298,601,0.0036109686,1.0,1.0,1.0,1.0
7,cycle44_subj07_margin_low_1sess_150ep,800,57822,0.043240488,0.050535917,50,-0.0072954297,12.0,0.0,4.222222222222222,5.0
7,cycle44_subj07_margin_low_1sess_150ep,801,57838,0.06373628,0.049658213,591,0.0140780695,1.0,1.0,1.0,1.0
7,cycle44_subj07_margin_low_1sess_150ep,802,57906,0.062194474,0.063687235,567,-0.0014927611,2.0,0.7,1.3,1.0
7,cycle44_subj07_margin_low_1sess_150ep,803,58096,0.03567621,0.05206881,274,-0.0163926,12.0,0.0,4.777777777777778,5.0
7,cycle44_subj07_margin_low_1sess_150ep,804,58144,0.042715058,0.035429783,712,0.0072852746,1.0,1.0,1.0,1.0
7,cycle44_subj07_margin_low_1sess_150ep,805,58164,0.05863344,0.0477748,67,0.01085864,1.0,1.0,1.0,1.0
7,cycle44_subj07_margin_low_1sess_150ep,806,58187,0.041302722,0.054023247,967,-0.012720525,7.0,0.15384615384615385,2.769230769230769,3.0
7,cycle44_subj07_margin_low_1sess_150ep,807,58404,0.057341155,0.046172757,984,0.011168398,1.0,1.0,1.0,1.0
7,cycle44_subj07_margin_low_1sess_150ep,808,58668,0.039515533,0.053928595,682,-0.0144130625,15.0,0.0,5.357142857142857,5.5
7,cycle44_subj07_margin_low_1sess_150ep,809,58681,0.055461425,0.045406483,912,0.010054942,1.0,1.0,1.0,1.0
7,cycle44_subj07_margin_low_1sess_150ep,810,59023,0.055060185,0.048222717,567,0.0068374686,1.0,1.0,1.0,1.0
7,cycle44_subj07_margin_low_1sess_150ep,811,59039,0.04669691,0.044680953,173,0.0020159557,1.0,1.0,1.0,1.0
7,cycle44_subj07_margin_low_1sess_150ep,812,59046,0.048810437,0.050685875,231,-0.0018754378,2.0,0.7272727272727273,1.2727272727272727,1.0
7,cycle44_subj07_margin_low_1sess_150ep,813,59079,0.043127567,0.05163968,947,-0.008512113,5.0,0.0,2.6666666666666665,2.0
7,cycle44_subj07_margin_low_1sess_150ep,814,59091,0.0416263,0.046462383,990,-0.0048360825,4.0,0.4444444444444444,1.8888888888888888,2.0
7,cycle44_subj07_margin_low_1sess_150ep,815,59194,0.04366312,0.048792243,12,-0.0051291212,7.0,0.14285714285714285,3.2857142857142856,4.0
7,cycle44_subj07_margin_low_1sess_150ep,816,59284,0.02324693,0.04540792,967,-0.02216099,101.0,0.0,31.714285714285715,31.5
7,cycle44_subj07_margin_low_1sess_150ep,817,59419,0.03771005,0.050484765,516,-0.012774717,22.0,0.0,6.428571428571429,6.0
7,cycle44_subj07_margin_low_1sess_150ep,818,59420,0.040425356,0.053366356,710,-0.012940999,26.0,0.0,8.75,8.5
7,cycle44_subj07_margin_low_1sess_150ep,819,59585,0.038552083,0.046838783,480,-0.0082867,5.0,0.125,2.75,3.0
7,cycle44_subj07_margin_low_1sess_150ep,820,59595,0.054890774,0.05507389,967,-0.00018311664,2.0,0.7777777777777778,1.2222222222222223,1.0
7,cycle44_subj07_margin_low_1sess_150ep,821,59631,0.041059256,0.0448833,39,-0.003824044,6.0,0.08333333333333333,2.6666666666666665,2.0
7,cycle44_subj07_margin_low_1sess_150ep,822,59699,0.02313045,0.042392686,377,-0.019262236,118.0,0.0,36.38461538461539,35.0
7,cycle44_subj07_margin_low_1sess_150ep,823,59817,0.054377172,0.050620873,567,0.0037562996,1.0,1.0,1.0,1.0
7,cycle44_subj07_margin_low_1sess_150ep,824,59994,0.045789357,0.057980668,567,-0.0121913105,12.0,0.0,4.4,4.5
7,cycle44_subj07_margin_low_1sess_150ep,825,60094,0.013555829,0.033359036,788,-0.019803207,152.0,0.0,47.0,48.0
7,cycle44_subj07_margin_low_1sess_150ep,826,60119,0.036365252,0.051708136,380,-0.015342884,28.0,0.0,10.818181818181818,10.0
7,cycle44_subj07_margin_low_1sess_150ep,827,60186,0.064780176,0.04624527,499,0.018534906,1.0,1.0,1.0,1.0
7,cycle44_subj07_margin_low_1sess_150ep,828,60251,0.056878004,0.055333488,282,0.0015445165,1.0,1.0,1.0,1.0
7,cycle44_subj07_margin_low_1sess_150ep,829,60305,0.05742399,0.04855976,343,0.008864231,1.0,1.0,1.0,1.0
7,cycle44_subj07_margin_low_1sess_150ep,830,60456,0.02875376,0.048808586,11,-0.020054827,121.0,0.0,36.125,36.0
7,cycle44_subj07_margin_low_1sess_150ep,831,60505,0.049609292,0.04729954,881,0.0023097508,1.0,1.0,1.0,1.0
7,cycle44_subj07_margin_low_1sess_150ep,832,60519,0.04856371,0.050210904,200,-0.001647193,2.0,0.75,1.25,1.0
7,cycle44_subj07_margin_low_1sess_150ep,833,60553,0.059012935,0.039490744,728,0.01952219,1.0,1.0,1.0,1.0
7,cycle44_subj07_margin_low_1sess_150ep,834,60725,0.03658225,0.04612919,200,-0.009546939,46.0,0.0,14.545454545454545,15.0
7,cycle44_subj07_margin_low_1sess_150ep,835,60834,0.04600036,0.051975444,178,-0.0059750825,5.0,0.3,1.9,2.0
7,cycle44_subj07_margin_low_1sess_150ep,836,60845,0.03724981,0.051290028,396,-0.014040217,15.0,0.0,5.545454545454546,6.0
7,cycle44_subj07_margin_low_1sess_150ep,837,60867,0.053171813,0.052333105,718,0.00083870813,1.0,1.0,1.0,1.0
7,cycle44_subj07_margin_low_1sess_150ep,838,60978,0.041621745,0.05195038,461,-0.010328636,23.0,0.0,8.142857142857142,8.0
7,cycle44_subj07_margin_low_1sess_150ep,839,61122,0.035452113,0.055424817,777,-0.019972704,17.0,0.0,6.166666666666667,5.5
7,cycle44_subj07_margin_low_1sess_150ep,840,61133,0.038693674,0.04884332,802,-0.010149647,15.0,0.0,5.333333333333333,5.0
7,cycle44_subj07_margin_low_1sess_150ep,841,61177,0.05031737,0.042465232,93,0.007852137,1.0,1.0,1.0,1.0
7,cycle44_subj07_margin_low_1sess_150ep,842,61216,0.02740679,0.042848226,396,-0.015441436,117.0,0.0,35.36363636363637,36.0
7,cycle44_subj07_margin_low_1sess_150ep,843,61510,0.050648864,0.05709587,567,-0.006447006,3.0,0.5,1.5,1.5
7,cycle44_subj07_margin_low_1sess_150ep,844,61513,0.045800123,0.049640827,11,-0.0038407035,4.0,0.36363636363636365,1.8181818181818181,2.0
7,cycle44_subj07_margin_low_1sess_150ep,845,61677,0.048989605,0.05511564,162,-0.006126035,3.0,0.5333333333333333,1.5333333333333334,1.0
7,cycle44_subj07_margin_low_1sess_150ep,846,61738,0.027573695,0.05297214,788,-0.025398446,326.0,0.0,96.0,94.0
7,cycle44_subj07_margin_low_1sess_150ep,847,61748,0.058507867,0.047912847,449,0.01059502,1.0,1.0,1.0,1.0
7,cycle44_subj07_margin_low_1sess_150ep,848,61752,0.050853536,0.05448386,178,-0.0036303252,2.0,0.75,1.25,1.0
7,cycle44_subj07_margin_low_1sess_150ep,849,61797,0.059153702,0.06119407,967,-0.0020403676,2.0,0.5,1.5,1.5
7,cycle44_subj07_margin_low_1sess_150ep,850,61801,0.032403953,0.052006558,907,-0.019602604,80.0,0.0,26.375,27.0
7,cycle44_subj07_margin_low_1sess_150ep,851,61809,0.04479479,0.049513754,703,-0.004718963,8.0,0.0,3.4285714285714284,3.0
7,cycle44_subj07_margin_low_1sess_150ep,852,61873,0.06458376,0.04936501,659,0.015218753,1.0,1.0,1.0,1.0
7,cycle44_subj07_margin_low_1sess_150ep,853,61972,0.047961798,0.050562244,990,-0.0026004463,3.0,0.6153846153846154,1.3846153846153846,1.0
7,cycle44_subj07_margin_low_1sess_150ep,854,62006,0.07059404,0.04371854,954,0.026875503,1.0,1.0,1.0,1.0
7,cycle44_subj07_margin_low_1sess_150ep,855,62015,0.02819359,0.045038175,886,-0.016844586,9.0,0.1,3.5,4.0
7,cycle44_subj07_margin_low_1sess_150ep,856,62209,0.05307969,0.038792204,196,0.014287487,1.0,1.0,1.0,1.0
7,cycle44_subj07_margin_low_1sess_150ep,857,62228,0.051574297,0.047525086,549,0.0040492117,1.0,1.0,1.0,1.0
7,cycle44_subj07_margin_low_1sess_150ep,858,62275,0.014741857,0.03627569,778,-0.021533832,73.0,0.0,24.4,27.0
7,cycle44_subj07_margin_low_1sess_150ep,859,62302,0.0644487,0.061501622,180,0.0029470772,1.0,1.0,1.0,1.0
7,cycle44_subj07_margin_low_1sess_150ep,860,62365,0.029309072,0.042964056,828,-0.0136549845,22.0,0.0,7.777777777777778,7.0
7,cycle44_subj07_margin_low_1sess_150ep,861,62479,0.03291795,0.057531584,132,-0.024613634,49.0,0.0,16.083333333333332,15.0
7,cycle44_subj07_margin_low_1sess_150ep,862,62544,0.053204387,0.06344492,180,-0.010240532,8.0,0.0,3.6666666666666665,3.0
7,cycle44_subj07_margin_low_1sess_150ep,863,62561,0.040328637,0.04929701,788,-0.008968372,8.0,0.25,3.25,3.5
7,cycle44_subj07_margin_low_1sess_150ep,864,62683,0.061596893,0.05693513,208,0.004661761,1.0,1.0,1.0,1.0
7,cycle44_subj07_margin_low_1sess_150ep,865,62748,0.054132577,0.055600233,2,-0.0014676563,2.0,0.5555555555555556,1.4444444444444444,1.0
7,cycle44_subj07_margin_low_1sess_150ep,866,62960,0.039886918,0.049752932,176,-0.009866014,11.0,0.0,3.9166666666666665,4.0
7,cycle44_subj07_margin_low_1sess_150ep,867,63081,0.051489003,0.054026373,94,-0.0025373697,4.0,0.3333333333333333,1.9166666666666667,2.0
7,cycle44_subj07_margin_low_1sess_150ep,868,63182,0.03837448,0.044199623,93,-0.0058251433,13.0,0.0,5.25,5.0
7,cycle44_subj07_margin_low_1sess_150ep,869,63345,0.049867336,0.04746605,770,0.0024012849,1.0,1.0,1.0,1.0
7,cycle44_subj07_margin_low_1sess_150ep,870,63449,0.047587894,0.04980322,707,-0.0022153258,2.0,0.8888888888888888,1.1111111111111112,1.0
7,cycle44_subj07_margin_low_1sess_150ep,871,63746,0.050769806,0.053187776,297,-0.0024179704,4.0,0.25,2.0,2.0
7,cycle44_subj07_margin_low_1sess_150ep,872,63781,0.047331836,0.041647136,770,0.0056847,1.0,1.0,1.0,1.0
7,cycle44_subj07_margin_low_1sess_150ep,873,63825,0.036875434,0.050154008,828,-0.013278574,31.0,0.0,9.75,10.0
7,cycle44_subj07_margin_low_1sess_150ep,874,63922,0.036922388,0.049314342,963,-0.012391955,30.0,0.0,10.666666666666666,10.0
7,cycle44_subj07_margin_low_1sess_150ep,875,63931,0.06589872,0.04600513,777,0.019893587,1.0,1.0,1.0,1.0
7,cycle44_subj07_margin_low_1sess_150ep,876,63944,0.04610231,0.054207753,875,-0.008105442,7.0,0.1111111111111111,2.888888888888889,3.0
7,cycle44_subj07_margin_low_1sess_150ep,877,64004,0.0553702,0.04673743,461,0.008632772,1.0,1.0,1.0,1.0
7,cycle44_subj07_margin_low_1sess_150ep,878,64096,0.026367547,0.03167201,648,-0.0053044613,20.0,0.0,7.3,7.0
7,cycle44_subj07_margin_low_1sess_150ep,879,64295,0.05272818,0.051057063,710,0.0016711168,1.0,1.0,1.0,1.0
7,cycle44_subj07_margin_low_1sess_150ep,880,64483,0.03912597,0.06106121,567,-0.02193524,73.0,0.0,23.636363636363637,23.0
7,cycle44_subj07_margin_low_1sess_150ep,881,64498,0.040031154,0.042649746,288,-0.0026185922,3.0,0.3333333333333333,1.8333333333333333,2.0
7,cycle44_subj07_margin_low_1sess_150ep,882,64615,0.048378497,0.056755345,524,-0.008376848,15.0,0.0,5.333333333333333,5.0
7,cycle44_subj07_margin_low_1sess_150ep,883,64621,0.03194182,0.04450791,172,-0.01256609,8.0,0.0,3.5714285714285716,4.0
7,cycle44_subj07_margin_low_1sess_150ep,884,64687,0.043550454,0.047510244,204,-0.00395979,4.0,0.0,2.6,3.0
7,cycle44_subj07_margin_low_1sess_150ep,885,64771,0.03633057,0.042147655,316,-0.0058170855,14.0,0.0,5.0,5.0
7,cycle44_subj07_margin_low_1sess_150ep,886,64867,0.047762983,0.043255243,372,0.004507739,1.0,1.0,1.0,1.0
7,cycle44_subj07_margin_low_1sess_150ep,887,64880,0.026667157,0.05204223,169,-0.025375074,55.0,0.0,16.307692307692307,16.0
7,cycle44_subj07_margin_low_1sess_150ep,888,64893,0.026597062,0.055037178,396,-0.028440116,258.0,0.0,79.5,79.5
7,cycle44_subj07_margin_low_1sess_150ep,889,64979,0.03409186,0.053354084,655,-0.019262224,89.0,0.0,26.916666666666668,27.0
7,cycle44_subj07_margin_low_1sess_150ep,890,65010,0.0627357,0.050084483,286,0.012651216,1.0,1.0,1.0,1.0
7,cycle44_subj07_margin_low_1sess_150ep,891,65069,0.065213464,0.054582674,163,0.01063079,1.0,1.0,1.0,1.0
7,cycle44_subj07_margin_low_1sess_150ep,892,65148,0.05428613,0.055767056,990,-0.0014809258,2.0,0.875,1.125,1.0
7,cycle44_subj07_margin_low_1sess_150ep,893,65187,0.034647055,0.050254796,886,-0.015607741,58.0,0.0,18.384615384615383,18.0
7,cycle44_subj07_margin_low_1sess_150ep,894,65232,0.042350974,0.046788484,204,-0.00443751,6.0,0.08333333333333333,2.5833333333333335,2.5
7,cycle44_subj07_margin_low_1sess_150ep,895,65253,0.023645472,0.042404067,737,-0.018758595,101.0,0.0,28.4,30.0
7,cycle44_subj07_margin_low_1sess_150ep,896,65267,0.04021743,0.04266004,178,-0.0024426095,4.0,0.38461538461538464,1.7692307692307692,2.0
7,cycle44_subj07_margin_low_1sess_150ep,897,65376,0.049818095,0.049226783,153,0.0005913116,1.0,1.0,1.0,1.0
7,cycle44_subj07_margin_low_1sess_150ep,898,65414,0.051542845,0.04324862,475,0.008294225,1.0,1.0,1.0,1.0
7,cycle44_subj07_margin_low_1sess_150ep,899,65445,0.036914382,0.053877845,682,-0.016963463,21.0,0.0,7.0,7.0
7,cycle44_subj07_margin_low_1sess_150ep,900,65639,0.06034834,0.056831762,753,0.0035165772,1.0,1.0,1.0,1.0
7,cycle44_subj07_margin_low_1sess_150ep,901,65654,0.035912596,0.04967826,760,-0.013765663,16.0,0.0,5.5,5.5
7,cycle44_subj07_margin_low_1sess_150ep,902,65686,0.020659078,0.041178513,894,-0.020519435,79.0,0.0,23.333333333333332,25.0
7,cycle44_subj07_margin_low_1sess_150ep,903,65769,0.05311977,0.0512169,770,0.0019028708,1.0,1.0,1.0,1.0
7,cycle44_subj07_margin_low_1sess_150ep,904,65799,0.048268702,0.048091233,827,0.0001774691,1.0,1.0,1.0,1.0
7,cycle44_subj07_margin_low_1sess_150ep,905,65821,0.054001316,0.06740374,11,-0.013402425,3.0,0.42857142857142855,1.5714285714285714,2.0
7,cycle44_subj07_margin_low_1sess_150ep,906,65872,0.04715503,0.050152212,176,-0.0029971823,3.0,0.75,1.25,1.0
7,cycle44_subj07_margin_low_1sess_150ep,907,65920,0.04775218,0.056626618,567,-0.008874439,5.0,0.0,2.25,2.0
7,cycle44_subj07_margin_low_1sess_150ep,908,65943,0.03672594,0.050137933,987,-0.013411995,23.0,0.0,8.0,7.5
7,cycle44_subj07_margin_low_1sess_150ep,909,66004,0.053290147,0.05397877,576,-0.00068862364,2.0,0.5714285714285714,1.4285714285714286,1.0
7,cycle44_subj07_margin_low_1sess_150ep,910,66214,0.0392104,0.050440326,601,-0.011229925,23.0,0.0,8.555555555555555,9.0
7,cycle44_subj07_margin_low_1sess_150ep,911,66216,0.04393425,0.05794799,541,-0.014013741,9.0,0.125,3.125,3.0
7,cycle44_subj07_margin_low_1sess_150ep,912,66278,0.06637337,0.054634217,809,0.011739153,1.0,1.0,1.0,1.0
7,cycle44_subj07_margin_low_1sess_150ep,913,66330,0.038542807,0.040441632,531,-0.0018988252,2.0,0.8333333333333334,1.1666666666666667,1.0
7,cycle44_subj07_margin_low_1sess_150ep,914,66342,0.048166923,0.047197867,799,0.00096905604,1.0,1.0,1.0,1.0
7,cycle44_subj07_margin_low_1sess_150ep,915,66421,0.03719263,0.05683127,947,-0.019638639,78.0,0.0,24.0,21.0
7,cycle44_subj07_margin_low_1sess_150ep,916,66464,0.04828038,0.05430708,567,-0.0060267,3.0,0.5,1.6,1.5
7,cycle44_subj07_margin_low_1sess_150ep,917,66479,0.034453314,0.04982747,760,-0.015374158,71.0,0.0,22.636363636363637,22.0
7,cycle44_subj07_margin_low_1sess_150ep,918,66489,0.028776921,0.044954866,372,-0.016177945,21.0,0.0,7.5,7.0
7,cycle44_subj07_margin_low_1sess_150ep,919,66580,0.048312683,0.049202334,700,-0.0008896515,2.0,0.7142857142857143,1.2857142857142858,1.0
7,cycle44_subj07_margin_low_1sess_150ep,920,66643,0.042846695,0.043172684,282,-0.00032598898,2.0,0.75,1.25,1.0
7,cycle44_subj07_margin_low_1sess_150ep,921,66773,0.06409332,0.056218795,567,0.007874526,1.0,1.0,1.0,1.0
7,cycle44_subj07_margin_low_1sess_150ep,922,66836,0.05252044,0.044330087,632,0.0081903525,1.0,1.0,1.0,1.0
7,cycle44_subj07_margin_low_1sess_150ep,923,66946,0.043561965,0.04424253,178,-0.00068056583,2.0,0.7777777777777778,1.2222222222222223,1.0
7,cycle44_subj07_margin_low_1sess_150ep,924,66976,0.04557991,0.04882258,274,-0.0032426715,3.0,0.6666666666666666,1.3333333333333333,1.0
7,cycle44_subj07_margin_low_1sess_150ep,925,67045,0.04757542,0.039528098,696,0.008047324,1.0,1.0,1.0,1.0
7,cycle44_subj07_margin_low_1sess_150ep,926,67113,0.040231574,0.04812341,57,-0.0078918375,12.0,0.1111111111111111,4.333333333333333,5.0
7,cycle44_subj07_margin_low_1sess_150ep,927,67168,0.05492942,0.058705788,50,-0.0037763678,4.0,0.3333333333333333,1.7777777777777777,2.0
7,cycle44_subj07_margin_low_1sess_150ep,928,67204,0.048497144,0.050707243,196,-0.0022100993,2.0,0.6153846153846154,1.3846153846153846,1.0
7,cycle44_subj07_margin_low_1sess_150ep,929,67237,0.046024933,0.04722847,274,-0.001203537,2.0,0.75,1.25,1.0
7,cycle44_subj07_margin_low_1sess_150ep,930,67252,0.04111009,0.05020688,967,-0.00909679,3.0,0.5,1.5,1.5
7,cycle44_subj07_margin_low_1sess_150ep,931,67295,0.036243312,0.0441461,891,-0.007902786,16.0,0.0,6.0,6.0
7,cycle44_subj07_margin_low_1sess_150ep,932,67363,0.04516343,0.050514694,141,-0.005351264,6.0,0.2,2.4,2.0
7,cycle44_subj07_margin_low_1sess_150ep,933,67742,0.050529163,0.05041023,23,0.00011893362,1.0,1.0,1.0,1.0
7,cycle44_subj07_margin_low_1sess_150ep,934,67802,0.053891733,0.05635172,710,-0.002459988,2.0,0.6666666666666666,1.3333333333333333,1.0
7,cycle44_subj07_margin_low_1sess_150ep,935,67829,0.04044401,0.05344843,12,-0.013004422,26.0,0.0,8.555555555555555,10.0
7,cycle44_subj07_margin_low_1sess_150ep,936,68023,0.021327352,0.0441324,644,-0.022805048,314.0,0.0,94.3076923076923,95.0
7,cycle44_subj07_margin_low_1sess_150ep,937,68168,0.040337596,0.053581994,567,-0.013244398,15.0,0.0,4.5,4.5
7,cycle44_subj07_margin_low_1sess_150ep,938,68278,0.04959918,0.051507622,327,-0.0019084401,2.0,0.6923076923076923,1.3076923076923077,1.0
7,cycle44_subj07_margin_low_1sess_150ep,939,68311,0.049556877,0.042496085,153,0.0070607923,1.0,1.0,1.0,1.0
7,cycle44_subj07_margin_low_1sess_150ep,940,68339,0.040544253,0.04964083,57,-0.009096578,14.0,0.0,4.625,4.5
7,cycle44_subj07_margin_low_1sess_150ep,941,68418,0.05362589,0.052477524,380,0.0011483654,1.0,1.0,1.0,1.0
7,cycle44_subj07_margin_low_1sess_150ep,942,68471,0.054949716,0.05803375,567,-0.0030840337,4.0,0.8888888888888888,1.1111111111111112,1.0
7,cycle44_subj07_margin_low_1sess_150ep,943,68741,0.059148654,0.043408334,755,0.01574032,1.0,1.0,1.0,1.0
7,cycle44_subj07_margin_low_1sess_150ep,944,68814,0.057503287,0.05286084,655,0.0046424456,1.0,1.0,1.0,1.0
7,cycle44_subj07_margin_low_1sess_150ep,945,68842,0.054799788,0.053394243,828,0.0014055446,1.0,1.0,1.0,1.0
7,cycle44_subj07_margin_low_1sess_150ep,946,68858,0.044209875,0.052376572,2,-0.008166697,9.0,0.09090909090909091,2.8181818181818183,2.0
7,cycle44_subj07_margin_low_1sess_150ep,947,68897,0.06835733,0.053970806,567,0.014386527,1.0,1.0,1.0,1.0
7,cycle44_subj07_margin_low_1sess_150ep,948,69007,0.026469138,0.048860777,567,-0.02239164,80.0,0.0,25.46153846153846,25.0
7,cycle44_subj07_margin_low_1sess_150ep,949,69025,0.04810422,0.052614424,28,-0.0045102052,4.0,0.5,1.7,1.5
7,cycle44_subj07_margin_low_1sess_150ep,950,69030,0.009407444,0.03870824,865,-0.029300796,476.0,0.0,142.0,142.5
7,cycle44_subj07_margin_low_1sess_150ep,951,69130,0.059136372,0.048193116,178,0.010943256,1.0,1.0,1.0,1.0
7,cycle44_subj07_margin_low_1sess_150ep,952,69214,0.04810692,0.037479833,186,0.010627087,1.0,1.0,1.0,1.0
7,cycle44_subj07_margin_low_1sess_150ep,953,69240,0.04243349,0.050296824,984,-0.007863335,11.0,0.0,4.4,4.0
7,cycle44_subj07_margin_low_1sess_150ep,954,69442,0.05606827,0.05448316,856,0.001585111,1.0,1.0,1.0,1.0
7,cycle44_subj07_margin_low_1sess_150ep,955,69502,0.042076364,0.052633345,484,-0.010556981,11.0,0.0,5.833333333333333,6.0
7,cycle44_subj07_margin_low_1sess_150ep,956,69614,0.04944081,0.056300867,567,-0.0068600588,3.0,0.4166666666666667,1.6666666666666667,2.0
7,cycle44_subj07_margin_low_1sess_150ep,957,69616,0.01832356,0.04156771,710,-0.02324415,188.0,0.0,56.92307692307692,57.0
7,cycle44_subj07_margin_low_1sess_150ep,958,69785,0.0354132,0.0511095,567,-0.015696302,27.0,0.0,9.7,9.0
7,cycle44_subj07_margin_low_1sess_150ep,959,69813,0.048175287,0.041921828,173,0.0062534586,1.0,1.0,1.0,1.0
7,cycle44_subj07_margin_low_1sess_150ep,960,69831,0.029367344,0.039084554,28,-0.009717209,37.0,0.0,12.23076923076923,12.0
7,cycle44_subj07_margin_low_1sess_150ep,961,69839,0.027468666,0.04775512,807,-0.020286452,135.0,0.0,42.5,41.0
7,cycle44_subj07_margin_low_1sess_150ep,962,69854,0.04275694,0.045394134,523,-0.0026371926,4.0,0.3333333333333333,2.1666666666666665,2.0
7,cycle44_subj07_margin_low_1sess_150ep,963,69918,0.052391183,0.06002848,567,-0.007637296,2.0,0.6,1.4,1.0
7,cycle44_subj07_margin_low_1sess_150ep,964,70038,0.034919035,0.048618704,493,-0.013699669,10.0,0.1111111111111111,3.3333333333333335,3.0
7,cycle44_subj07_margin_low_1sess_150ep,965,70075,0.050356,0.044498138,777,0.0058578625,1.0,1.0,1.0,1.0
7,cycle44_subj07_margin_low_1sess_150ep,966,70095,0.04970171,0.050435055,833,-0.00073334575,2.0,0.7,1.3,1.0
7,cycle44_subj07_margin_low_1sess_150ep,967,70193,0.047005672,0.044402696,916,0.0026029758,1.0,1.0,1.0,1.0
7,cycle44_subj07_margin_low_1sess_150ep,968,70232,0.047806807,0.054080226,132,-0.0062734187,5.0,0.3333333333333333,2.0,2.0
7,cycle44_subj07_margin_low_1sess_150ep,969,70335,0.053444102,0.049887214,559,0.0035568886,1.0,1.0,1.0,1.0
7,cycle44_subj07_margin_low_1sess_150ep,970,70360,0.04137075,0.041554537,696,-0.0001837872,2.0,1.0,1.0,1.0
7,cycle44_subj07_margin_low_1sess_150ep,971,70368,0.043135226,0.046097763,479,-0.002962537,5.0,0.2,2.2,2.0
7,cycle44_subj07_margin_low_1sess_150ep,972,70427,0.046146467,0.04731384,899,-0.0011673719,3.0,0.6666666666666666,1.3333333333333333,1.0
7,cycle44_subj07_margin_low_1sess_150ep,973,70505,0.035027698,0.05162692,967,-0.016599223,15.0,0.0,6.333333333333333,7.0
7,cycle44_subj07_margin_low_1sess_150ep,974,70585,0.047127586,0.045969166,208,0.00115842,1.0,1.0,1.0,1.0
7,cycle44_subj07_margin_low_1sess_150ep,975,70589,0.04737777,0.0524715,265,-0.005093731,4.0,0.4444444444444444,1.8888888888888888,2.0
7,cycle44_subj07_margin_low_1sess_150ep,976,70671,0.043816756,0.050403032,692,-0.006586276,6.0,0.3,2.5,2.5
7,cycle44_subj07_margin_low_1sess_150ep,977,70758,0.03668219,0.037369035,886,-0.0006868467,3.0,0.4444444444444444,1.7777777777777777,2.0
7,cycle44_subj07_margin_low_1sess_150ep,978,70764,0.040225245,0.038903713,611,0.0013215318,1.0,1.0,1.0,1.0
7,cycle44_subj07_margin_low_1sess_150ep,979,70947,0.035873156,0.044529274,983,-0.008656118,36.0,0.0,13.625,14.0
7,cycle44_subj07_margin_low_1sess_150ep,980,71025,0.04493434,0.051680386,282,-0.0067460462,8.0,0.0,3.4615384615384617,3.0
7,cycle44_subj07_margin_low_1sess_150ep,981,71186,0.045947976,0.0526743,178,-0.0067263246,2.0,0.6666666666666666,1.3333333333333333,1.0
7,cycle44_subj07_margin_low_1sess_150ep,982,71229,0.06477593,0.05154276,900,0.01323317,1.0,1.0,1.0,1.0
7,cycle44_subj07_margin_low_1sess_150ep,983,71232,0.05503248,0.045776572,922,0.009255908,1.0,1.0,1.0,1.0
7,cycle44_subj07_margin_low_1sess_150ep,984,71241,0.055351257,0.046507075,282,0.008844182,1.0,1.0,1.0,1.0
7,cycle44_subj07_margin_low_1sess_150ep,985,71410,0.04629054,0.05095578,274,-0.0046652406,2.0,0.7692307692307693,1.2307692307692308,1.0
7,cycle44_subj07_margin_low_1sess_150ep,986,71450,0.063387975,0.053821594,156,0.009566382,1.0,1.0,1.0,1.0
7,cycle44_subj07_margin_low_1sess_150ep,987,71753,0.05942257,0.0465139,81,0.012908671,1.0,1.0,1.0,1.0
7,cycle44_subj07_margin_low_1sess_150ep,988,71894,0.043897033,0.051157948,601,-0.007260915,9.0,0.0,4.25,4.0
7,cycle44_subj07_margin_low_1sess_150ep,989,71928,0.045877684,0.05255993,368,-0.006682247,13.0,0.0,4.454545454545454,5.0
7,cycle44_subj07_margin_low_1sess_150ep,990,72015,0.06080937,0.053526197,788,0.0072831735,1.0,1.0,1.0,1.0
7,cycle44_subj07_margin_low_1sess_150ep,991,72080,0.053545438,0.045397744,779,0.008147694,1.0,1.0,1.0,1.0
7,cycle44_subj07_margin_low_1sess_150ep,992,72170,0.04984116,0.048239294,2,0.0016018674,1.0,1.0,1.0,1.0
7,cycle44_subj07_margin_low_1sess_150ep,993,72209,0.03547095,0.044493355,327,-0.0090224035,6.0,0.2222222222222222,2.2222222222222223,2.0
7,cycle44_subj07_margin_low_1sess_150ep,994,72257,0.04777015,0.054072797,250,-0.0063026473,15.0,0.0,5.090909090909091,5.0
7,cycle44_subj07_margin_low_1sess_150ep,995,72312,0.04395732,0.03932891,314,0.0046284087,1.0,1.0,1.0,1.0
7,cycle44_subj07_margin_low_1sess_150ep,996,72510,0.030300308,0.047591634,692,-0.017291326,59.0,0.0,18.75,17.5
7,cycle44_subj07_margin_low_1sess_150ep,997,72605,0.069769055,0.05034794,268,0.019421116,1.0,1.0,1.0,1.0
7,cycle44_subj07_margin_low_1sess_150ep,998,72719,0.04610583,0.043405667,886,0.002700165,1.0,1.0,1.0,1.0
7,cycle44_subj07_margin_low_1sess_150ep,999,72948,0.03940475,0.044184286,282,-0.0047795363,6.0,0.1,2.8,2.5
