subject,model_name,eval_index,image_id,positive_similarity,hardest_impostor_similarity,hardest_impostor_index,margin,full_pool_rank,sampled_top1_success_rate,sampled_rank_mean,sampled_rank_median,delta_positive_similarity,delta_hardest_impostor_similarity,delta_margin,delta_full_pool_rank,delta_sampled_top1_success_rate,rank1_to_not1,not1_to_rank1
7,cycle44_subj07_margin_low_1sess_150ep,0,2950,0.027308373,0.04260366,875,-0.015295288,78.0,0.0,23.833333333333332,23.5,-0.007312374,-0.001331076,-0.005981298,56.0,0.0,0,0
7,cycle44_subj07_margin_low_1sess_150ep,1,2990,0.024801264,0.043427456,921,-0.018626193,128.0,0.0,39.38461538461539,39.0,-0.002411304,-0.00049934164,-0.0019119624,3.0,0.0,0,0
7,cycle44_subj07_margin_low_1sess_150ep,2,3049,0.052057117,0.05430025,11,-0.0022431314,2.0,0.8333333333333334,1.1666666666666667,1.0,0.004012786,0.0011923313,0.0028204545,-2.0,0.5,0,0
7,cycle44_subj07_margin_low_1sess_150ep,3,3077,0.056821413,0.05015771,11,0.0066637024,1.0,1.0,1.0,1.0,-0.00077529997,-0.0015641414,0.0007888414,0.0,0.0,0,0
7,cycle44_subj07_margin_low_1sess_150ep,4,3146,0.053314634,0.04607327,697,0.0072413646,1.0,1.0,1.0,1.0,0.0021059923,-0.0019112974,0.0040172897,0.0,0.0,0,0
7,cycle44_subj07_margin_low_1sess_150ep,5,3157,0.050834697,0.055637985,778,-0.0048032887,4.0,0.5555555555555556,1.7777777777777777,1.0,-0.0045878515,-0.004803188,0.00021533668,0.0,0.11111111111111116,0,0
7,cycle44_subj07_margin_low_1sess_150ep,6,3164,0.044615127,0.057661556,655,-0.013046429,5.0,0.5,1.875,1.5,-0.012100443,-9.005517e-05,-0.012010388,3.0,-0.375,0,0
7,cycle44_subj07_margin_low_1sess_150ep,7,3171,0.045919277,0.05707575,567,-0.011156473,11.0,0.0,3.125,3.0,-0.0028879829,0.000191506,-0.0030794889,5.0,-0.25,0,0
7,cycle44_subj07_margin_low_1sess_150ep,8,3181,0.05183128,0.04703415,859,0.004797127,1.0,1.0,1.0,1.0,0.00085034594,-0.0041249506,0.0049752966,-1.0,0.25,0,1
7,cycle44_subj07_margin_low_1sess_150ep,9,3386,0.05650473,0.05978185,11,-0.0032771192,3.0,1.0,1.0,1.0,-0.0010965466,-0.0013383627,0.00024181604,1.0,0.4,0,0
7,cycle44_subj07_margin_low_1sess_150ep,10,3434,0.045883,0.05198262,215,-0.006099619,5.0,0.25,2.0833333333333335,2.0,-0.0031452626,-0.0014074259,-0.0017378367,-2.0,0.08333333333333334,0,0
7,cycle44_subj07_margin_low_1sess_150ep,11,3449,0.06273952,0.059506655,647,0.0032328665,1.0,1.0,1.0,1.0,0.0026058592,0.003734503,-0.0011286438,0.0,0.0,0,0
7,cycle44_subj07_margin_low_1sess_150ep,12,3489,0.059839316,0.054201204,694,0.0056381114,1.0,1.0,1.0,1.0,-0.0026130117,0.0017748512,-0.004387863,0.0,0.0,0,0
7,cycle44_subj07_margin_low_1sess_150ep,13,3626,0.053643405,0.049547806,461,0.004095599,1.0,1.0,1.0,1.0,-0.010853365,-0.0019809417,-0.008872423,0.0,0.0,0,0
7,cycle44_subj07_margin_low_1sess_150ep,14,3682,0.04534476,0.04162779,999,0.003716968,1.0,1.0,1.0,1.0,-0.0017723627,-0.0070166737,0.005244311,-1.0,0.4,0,1
7,cycle44_subj07_margin_low_1sess_150ep,15,3687,0.046542566,0.054761283,282,-0.008218717,5.0,0.16666666666666666,2.1666666666666665,2.0,0.0012999661,0.0030313283,-0.0017313622,-6.0,0.16666666666666666,0,0
7,cycle44_subj07_margin_low_1sess_150ep,16,3729,0.037907187,0.05256216,106,-0.014654972,64.0,0.0,20.25,20.5,-0.0016639642,-0.0012880489,-0.00037591532,-5.0,0.0,0,0
7,cycle44_subj07_margin_low_1sess_150ep,17,3809,0.042293273,0.046620514,770,-0.0043272413,12.0,0.0,4.125,5.0,-0.004567437,-0.0080380775,0.0034706406,7.0,-0.5,0,0
7,cycle44_subj07_margin_low_1sess_150ep,18,3842,0.05535491,0.051242642,149,0.0041122697,1.0,1.0,1.0,1.0,0.002559401,-0.002062142,0.004621543,-2.0,0.625,0,1
7,cycle44_subj07_margin_low_1sess_150ep,19,3847,0.03233899,0.046961248,428,-0.014622256,20.0,0.0,6.333333333333333,6.0,-0.0024871342,-0.004314527,0.0018273927,-2.0,0.0,0,0
7,cycle44_subj07_margin_low_1sess_150ep,20,3856,0.028801417,0.053908877,949,-0.02510746,118.0,0.0,38.714285714285715,40.0,-0.002432946,0.00060270354,-0.0030356497,2.0,0.0,0,0
7,cycle44_subj07_margin_low_1sess_150ep,21,3913,0.054890618,0.05235361,967,0.0025370084,1.0,1.0,1.0,1.0,-0.0015622787,-0.0034437105,0.0018814318,0.0,0.0,0,0
7,cycle44_subj07_margin_low_1sess_150ep,22,3951,0.052677136,0.04873301,745,0.003944125,1.0,1.0,1.0,1.0,-0.0052021965,-0.0041252673,-0.0010769293,0.0,0.0,0,0
7,cycle44_subj07_margin_low_1sess_150ep,23,4051,0.0465349,0.055412553,484,-0.008877654,5.0,0.25,2.3333333333333335,2.5,-0.0014989935,0.0042914934,-0.005790487,1.0,-0.25,0,0
7,cycle44_subj07_margin_low_1sess_150ep,24,4058,0.05608799,0.04674806,356,0.009339929,1.0,1.0,1.0,1.0,-0.0011897236,0.00023653358,-0.0014262572,0.0,0.0,0,0
7,cycle44_subj07_margin_low_1sess_150ep,25,4129,0.03329549,0.05447394,274,-0.02117845,117.0,0.0,35.916666666666664,36.0,0.0026073456,-0.0028820522,0.005489398,-196.0,0.0,0,0
7,cycle44_subj07_margin_low_1sess_150ep,26,4156,0.03651635,0.0536412,717,-0.01712485,99.0,0.0,29.9,29.0,-0.010478117,-0.010372728,-0.00010538846,74.0,0.0,0,0
7,cycle44_subj07_margin_low_1sess_150ep,27,4249,0.061441142,0.04591573,115,0.015525412,1.0,1.0,1.0,1.0,0.0024608746,-0.0017114654,0.00417234,0.0,0.0,0,0
7,cycle44_subj07_margin_low_1sess_150ep,28,4325,0.059904784,0.051019788,810,0.008884996,1.0,1.0,1.0,1.0,0.00065622106,0.00040091202,0.00025530905,0.0,0.0,0,0
7,cycle44_subj07_margin_low_1sess_150ep,29,4423,0.043724272,0.05904397,967,-0.015319698,8.0,0.0,3.4,3.0,-0.0052305236,-0.0015930608,-0.0036374629,4.0,-0.4,0,0
7,cycle44_subj07_margin_low_1sess_150ep,30,4436,0.05173747,0.045720402,490,0.0060170665,1.0,1.0,1.0,1.0,-0.0034975037,-0.0029798225,-0.00051768124,0.0,0.0,0,0
7,cycle44_subj07_margin_low_1sess_150ep,31,4612,0.05064403,0.04326181,132,0.007382218,1.0,1.0,1.0,1.0,-0.00082636625,-0.0025996864,0.0017733201,0.0,0.0,0,0
7,cycle44_subj07_margin_low_1sess_150ep,32,4667,0.02986288,0.042939994,920,-0.013077114,18.0,0.0,5.923076923076923,5.0,0.0016894825,-0.0014095865,0.003099069,-8.0,0.0,0,0
7,cycle44_subj07_margin_low_1sess_150ep,33,4690,0.043418974,0.047975678,208,-0.0045567043,4.0,0.18181818181818182,2.272727272727273,2.0,-0.0010699816,-0.0006371252,-0.00043285638,0.0,0.0,0,0
7,cycle44_subj07_margin_low_1sess_150ep,34,4768,0.043422226,0.05100913,598,-0.007586904,14.0,0.0,5.555555555555555,5.0,0.0011387914,0.002869375,-0.0017305836,-4.0,0.0,0,0
7,cycle44_subj07_margin_low_1sess_150ep,35,4786,0.04981566,0.044517454,282,0.0052982047,1.0,1.0,1.0,1.0,-0.0057558827,0.0041872896,-0.009943172,0.0,0.0,0,0
7,cycle44_subj07_margin_low_1sess_150ep,36,4835,0.046956025,0.052770954,892,-0.0058149286,5.0,0.4166666666666667,1.9166666666666667,2.0,0.0009697303,-0.0018900707,0.002859801,-1.0,0.16666666666666669,0,0
7,cycle44_subj07_margin_low_1sess_150ep,37,4869,0.049034756,0.055209704,490,-0.006174948,4.0,0.0,2.111111111111111,2.0,-0.007118117,-0.0010089241,-0.006109193,2.0,-0.4444444444444444,0,0
7,cycle44_subj07_margin_low_1sess_150ep,38,4892,0.051988255,0.05322395,746,-0.0012356937,3.0,0.5,1.75,1.5,0.0043045543,-0.0021849498,0.006489504,-14.0,0.5,0,0
7,cycle44_subj07_margin_low_1sess_150ep,39,4930,0.06927918,0.049364273,17,0.019914906,1.0,1.0,1.0,1.0,-0.0024095476,-0.0018790588,-0.0005304888,0.0,0.0,0,0
7,cycle44_subj07_margin_low_1sess_150ep,40,5034,0.058969676,0.048411906,327,0.010557771,1.0,1.0,1.0,1.0,-0.00023617968,-0.0048074424,0.0045712627,0.0,0.0,0,0
7,cycle44_subj07_margin_low_1sess_150ep,41,5106,0.040264234,0.05185537,28,-0.011591136,13.0,0.0,5.5,6.0,-0.0054724514,0.00037944317,-0.0058518946,7.0,0.0,0,0
7,cycle44_subj07_margin_low_1sess_150ep,42,5204,0.03842241,0.05929154,923,-0.020869132,85.0,0.0,26.285714285714285,27.0,-0.0013947561,-0.0029125065,0.0015177503,12.0,0.0,0,0
7,cycle44_subj07_margin_low_1sess_150ep,43,5285,0.051499054,0.05238883,761,-0.0008897744,2.0,0.8333333333333334,1.1666666666666667,1.0,-0.003990505,-0.0030678026,-0.00092270225,1.0,-0.16666666666666663,1,0
7,cycle44_subj07_margin_low_1sess_150ep,44,5301,0.05961157,0.04778011,208,0.011831459,1.0,1.0,1.0,1.0,-0.001804255,0.00035792962,-0.0021621846,0.0,0.0,0,0
7,cycle44_subj07_margin_low_1sess_150ep,45,5338,0.03435624,0.0471512,239,-0.01279496,5.0,0.3333333333333333,2.3333333333333335,2.0,-0.0012717769,-0.0012254529,-4.6323985e-05,-8.0,0.3333333333333333,0,0
7,cycle44_subj07_margin_low_1sess_150ep,46,5427,0.033551615,0.047556806,655,-0.014005192,50.0,0.0,16.375,17.0,0.004067419,-0.0053199045,0.009387324,-70.0,0.0,0,0
7,cycle44_subj07_margin_low_1sess_150ep,47,5459,0.047960423,0.0433095,380,0.0046509244,1.0,1.0,1.0,1.0,0.00012571365,-0.0024941787,0.0026198924,0.0,0.0,0,0
7,cycle44_subj07_margin_low_1sess_150ep,48,5502,0.026617114,0.056712843,93,-0.03009573,345.0,0.0,105.66666666666667,106.0,0.0022087917,0.00063522905,0.0015735626,-39.0,0.0,0,0
7,cycle44_subj07_margin_low_1sess_150ep,49,5542,0.057401244,0.046820063,769,0.01058118,1.0,1.0,1.0,1.0,-0.0014226548,0.0012729503,-0.0026956052,0.0,0.0,0,0
7,cycle44_subj07_margin_low_1sess_150ep,50,5574,0.05826927,0.05844709,178,-0.00017781928,2.0,0.875,1.125,1.0,-0.000776954,-0.0058736987,0.0050967447,0.0,0.0,0,0
7,cycle44_subj07_margin_low_1sess_150ep,51,5583,0.060201798,0.0540064,567,0.006195396,1.0,1.0,1.0,1.0,-0.0023534931,-0.0055560246,0.0032025315,0.0,0.0,0,0
7,cycle44_subj07_margin_low_1sess_150ep,52,5602,0.04530842,0.05365016,922,-0.008341741,2.0,0.7142857142857143,1.2857142857142858,1.0,-0.0027958155,-0.004283961,0.0014881454,0.0,0.0,0,0
7,cycle44_subj07_margin_low_1sess_150ep,53,5714,0.055068552,0.049263243,659,0.00580531,1.0,1.0,1.0,1.0,-0.006342996,-0.0054472573,-0.0008957386,0.0,0.0,0,0
7,cycle44_subj07_margin_low_1sess_150ep,54,5878,0.06774217,0.057940423,39,0.009801745,1.0,1.0,1.0,1.0,-0.0009136796,-0.002286125,0.0013724454,0.0,0.0,0,0
7,cycle44_subj07_margin_low_1sess_150ep,55,5890,0.024249038,0.05552319,208,-0.031274155,378.0,0.0,118.0,117.0,-0.0045409054,-0.000984937,-0.0035559703,-118.0,0.0,0,0
7,cycle44_subj07_margin_low_1sess_150ep,56,6132,0.047421362,0.05216346,167,-0.004742097,4.0,0.25,1.9166666666666667,2.0,0.0010514893,-0.002927713,0.0039792024,-2.0,0.16666666666666669,0,0
7,cycle44_subj07_margin_low_1sess_150ep,57,6199,0.050119236,0.051168624,828,-0.0010493882,2.0,0.7,1.3,1.0,-0.0073417686,-0.0017538071,-0.0055879615,1.0,-0.30000000000000004,1,0
7,cycle44_subj07_margin_low_1sess_150ep,58,6222,0.048563253,0.05412406,520,-0.005560808,2.0,0.75,1.25,1.0,-0.0035478808,-0.0047892816,0.0012414008,0.0,0.0,0,0
7,cycle44_subj07_margin_low_1sess_150ep,59,6431,0.06571165,0.04429706,751,0.021414585,1.0,1.0,1.0,1.0,0.0024108738,7.080659e-05,0.0023400672,0.0,0.0,0,0
7,cycle44_subj07_margin_low_1sess_150ep,60,6444,0.038477656,0.047944352,263,-0.0094666965,6.0,0.0,2.5454545454545454,2.0,-0.004104335,-0.0023934916,-0.0017108433,3.0,-0.36363636363636365,0,0
7,cycle44_subj07_margin_low_1sess_150ep,61,6489,0.041480526,0.04806272,172,-0.006582193,5.0,0.1,2.7,2.5,-0.0018581748,-0.00095255673,-0.0009056181,-2.0,-0.1,0,0
7,cycle44_subj07_margin_low_1sess_150ep,62,6514,0.03888233,0.055920847,28,-0.017038517,19.0,0.0,6.222222222222222,6.0,0.0015873164,0.0010585301,0.00052878633,-9.0,0.0,0,0
7,cycle44_subj07_margin_low_1sess_150ep,63,6521,0.06332363,0.057282645,778,0.0060409866,1.0,1.0,1.0,1.0,-0.002226904,-0.0027859062,0.00055900216,0.0,0.0,0,0
7,cycle44_subj07_margin_low_1sess_150ep,64,6524,0.035522044,0.047217537,578,-0.011695493,33.0,0.0,10.714285714285714,10.0,-0.0010473505,-0.0027418137,0.0016944632,8.0,0.0,0,0
7,cycle44_subj07_margin_low_1sess_150ep,65,6558,0.04112641,0.045347087,146,-0.0042206757,3.0,0.36363636363636365,1.6363636363636365,2.0,-0.004841991,-0.0042087026,-0.0006332882,1.0,-0.4545454545454546,0,0
7,cycle44_subj07_margin_low_1sess_150ep,66,6640,0.041252296,0.05529351,818,-0.014041215,37.0,0.0,11.909090909090908,11.0,-0.0039901435,-0.0028082319,-0.0011819117,14.0,0.0,0,0
7,cycle44_subj07_margin_low_1sess_150ep,67,6713,0.057628356,0.04959391,302,0.008034445,1.0,1.0,1.0,1.0,-0.0039879903,0.0002422221,-0.0042302124,0.0,0.0,0,0
7,cycle44_subj07_margin_low_1sess_150ep,68,6801,0.042578653,0.05128673,984,-0.008708078,22.0,0.0,8.5,8.5,-0.0027631111,-0.0046138987,0.0018507876,10.0,0.0,0,0
7,cycle44_subj07_margin_low_1sess_150ep,69,7007,0.047668647,0.05825712,484,-0.010588475,13.0,0.0,5.0,4.5,0.002429586,-0.001455985,0.003885571,-12.0,0.0,0,0
7,cycle44_subj07_margin_low_1sess_150ep,70,7039,0.06227067,0.051006634,793,0.011264037,1.0,1.0,1.0,1.0,-0.0007893294,-0.002615925,0.0018265955,0.0,0.0,0,0
7,cycle44_subj07_margin_low_1sess_150ep,71,7120,0.0527757,0.057395127,681,-0.004619427,2.0,1.0,1.0,1.0,-0.0065016374,-0.0026112273,-0.00389041,0.0,0.0,0,0
7,cycle44_subj07_margin_low_1sess_150ep,72,7207,0.06930829,0.058239616,777,0.011068672,1.0,1.0,1.0,1.0,0.00094661117,-0.0037940294,0.0047406405,0.0,0.0,0,0
7,cycle44_subj07_margin_low_1sess_150ep,73,7336,0.04924256,0.0530308,717,-0.0037882403,4.0,0.75,1.25,1.0,-0.0053246953,-0.0032182746,-0.0021064207,1.0,0.0,0,0
7,cycle44_subj07_margin_low_1sess_150ep,74,7366,0.036976334,0.04317328,200,-0.006196946,3.0,0.3333333333333333,1.7777777777777777,2.0,-0.0039581396,-0.00039405003,-0.0035640895,1.0,-0.1111111111111111,0,0
7,cycle44_subj07_margin_low_1sess_150ep,75,7409,0.05285295,0.04360842,468,0.009244531,1.0,1.0,1.0,1.0,-0.007527508,-0.0094417,0.001914192,0.0,0.0,0,0
7,cycle44_subj07_margin_low_1sess_150ep,76,7418,0.0534583,0.037866425,852,0.015591875,1.0,1.0,1.0,1.0,-0.0036178753,-0.0064898133,0.002871938,0.0,0.0,0,0
7,cycle44_subj07_margin_low_1sess_150ep,77,7480,0.04914766,0.05411461,300,-0.004966948,6.0,0.1,2.5,2.0,-0.0031107813,-0.003500037,0.00038925558,3.0,-0.30000000000000004,0,0
7,cycle44_subj07_margin_low_1sess_150ep,78,7654,0.048463482,0.049221255,788,-0.0007577725,3.0,0.46153846153846156,1.6923076923076923,2.0,-0.002050668,-0.008389674,0.006339006,-1.0,0.15384615384615385,0,0
7,cycle44_subj07_margin_low_1sess_150ep,79,7659,0.047644142,0.037520103,388,0.010124039,1.0,1.0,1.0,1.0,-0.007332526,-0.008335281,0.001002755,0.0,0.0,0,0
7,cycle44_subj07_margin_low_1sess_150ep,80,7840,0.04513804,0.047817245,346,-0.0026792064,2.0,0.75,1.25,1.0,0.000914827,-0.0010959096,0.0020107366,-3.0,0.625,0,0
7,cycle44_subj07_margin_low_1sess_150ep,81,7859,0.049337503,0.042959753,480,0.006377749,1.0,1.0,1.0,1.0,0.000589855,-0.003163308,0.003753163,0.0,0.0,0,0
7,cycle44_subj07_margin_low_1sess_150ep,82,7944,0.06091952,0.0495223,704,0.01139722,1.0,1.0,1.0,1.0,-0.0030820929,-0.0020451993,-0.0010368936,0.0,0.0,0,0
7,cycle44_subj07_margin_low_1sess_150ep,83,7948,0.063077815,0.04630601,827,0.016771805,1.0,1.0,1.0,1.0,0.0054412596,-0.000114664435,0.005555924,0.0,0.0,0,0
7,cycle44_subj07_margin_low_1sess_150ep,84,7954,0.03201692,0.044852335,590,-0.012835413,27.0,0.0,9.833333333333334,9.5,-0.0012258478,-0.0049440265,0.0037181787,-12.0,0.0,0,0
7,cycle44_subj07_margin_low_1sess_150ep,85,8006,0.06317802,0.061390486,217,0.0017875321,1.0,1.0,1.0,1.0,-0.00038561225,0.0017924085,-0.0021780208,0.0,0.0,0,0
7,cycle44_subj07_margin_low_1sess_150ep,86,8109,0.05500158,0.051242646,721,0.0037589334,1.0,1.0,1.0,1.0,0.004134029,-0.0028715692,0.0070055984,-2.0,0.5,0,1
7,cycle44_subj07_margin_low_1sess_150ep,87,8204,0.0475005,0.04283143,875,0.0046690702,1.0,1.0,1.0,1.0,7.009879e-05,-0.002174642,0.0022447407,0.0,0.0,0,0
7,cycle44_subj07_margin_low_1sess_150ep,88,8225,0.06779287,0.048546523,178,0.019246347,1.0,1.0,1.0,1.0,-0.00016658008,-0.003076814,0.002910234,0.0,0.0,0,0
7,cycle44_subj07_margin_low_1sess_150ep,89,8262,0.017640138,0.044722967,302,-0.027082829,321.0,0.0,94.5,93.5,0.00053456053,-0.0036737546,0.0042083133,-134.0,0.0,0,0
7,cycle44_subj07_margin_low_1sess_150ep,90,8274,0.048889853,0.054005176,250,-0.005115323,2.0,0.5833333333333334,1.4166666666666667,1.0,0.001173228,0.0039796494,-0.0028064214,-1.0,0.08333333333333337,0,0
7,cycle44_subj07_margin_low_1sess_150ep,91,8318,0.037757605,0.04846103,208,-0.010703426,23.0,0.0,6.625,7.0,-0.0047746785,-0.0063529164,0.0015782379,4.0,0.0,0,0
7,cycle44_subj07_margin_low_1sess_150ep,92,8387,0.043986373,0.04480687,282,-0.0008204989,2.0,1.0,1.0,1.0,0.00049354136,-0.0008335449,0.0013270862,-4.0,0.75,0,0
7,cycle44_subj07_margin_low_1sess_150ep,93,8394,0.05397958,0.04301659,788,0.010962989,1.0,1.0,1.0,1.0,-0.005047396,-0.0025870092,-0.0024603866,0.0,0.0,0,0
7,cycle44_subj07_margin_low_1sess_150ep,94,8415,0.05122559,0.048546795,208,0.0026787966,1.0,1.0,1.0,1.0,-0.00048813596,-0.004154034,0.003665898,-1.0,0.18181818181818177,0,1
7,cycle44_subj07_margin_low_1sess_150ep,95,8435,0.043550532,0.05544664,655,-0.011896107,5.0,0.14285714285714285,2.2857142857142856,2.0,-0.0036059506,-0.0010991842,-0.0025067665,2.0,-0.2857142857142857,0,0
7,cycle44_subj07_margin_low_1sess_150ep,96,8465,0.054599524,0.059176944,787,-0.0045774207,5.0,0.08333333333333333,2.5,2.5,-0.0010524839,0.0004346259,-0.0014871098,-2.0,0.08333333333333333,0,0
7,cycle44_subj07_margin_low_1sess_150ep,97,8509,0.043951087,0.048481014,737,-0.004529927,5.0,0.18181818181818182,2.0,2.0,0.0018501133,0.002496779,-0.0006466657,0.0,0.0,0,0
7,cycle44_subj07_margin_low_1sess_150ep,98,8631,0.05129653,0.056964245,875,-0.0056677163,3.0,0.375,1.75,2.0,-0.003234215,-0.007853437,0.004619222,-3.0,0.375,0,0
7,cycle44_subj07_margin_low_1sess_150ep,99,8646,0.040583737,0.047523975,825,-0.006940238,7.0,0.0,3.533333333333333,3.0,0.0020606555,-0.0022779368,0.0043385923,-18.0,0.0,0,0
7,cycle44_subj07_margin_low_1sess_150ep,100,8807,0.06631862,0.051048506,967,0.015270118,1.0,1.0,1.0,1.0,0.003343165,0.0008468181,0.0024963468,0.0,0.0,0,0
7,cycle44_subj07_margin_low_1sess_150ep,101,8843,0.042775072,0.04829502,93,-0.005519949,5.0,0.1111111111111111,2.4444444444444446,2.0,-0.00069601834,0.0011166818,-0.0018127002,1.0,-0.3333333333333333,0,0
7,cycle44_subj07_margin_low_1sess_150ep,102,8925,0.042373482,0.055803075,85,-0.013429593,21.0,0.0,6.285714285714286,6.0,0.0010003038,-0.0026160777,0.0036163814,-11.0,0.0,0,0
7,cycle44_subj07_margin_low_1sess_150ep,103,8933,0.048508897,0.04984782,588,-0.0013389215,3.0,0.6,1.4,1.0,0.0004673563,0.0018996932,-0.0014323369,2.0,-0.4,1,0
7,cycle44_subj07_margin_low_1sess_150ep,104,9027,0.045516748,0.041712802,984,0.003803946,1.0,1.0,1.0,1.0,-0.0015299208,-0.008311354,0.006781433,-1.0,0.5,0,1
7,cycle44_subj07_margin_low_1sess_150ep,105,9048,0.051861845,0.036503598,480,0.015358247,1.0,1.0,1.0,1.0,-0.013245732,-0.004150428,-0.009095304,0.0,0.0,0,0
7,cycle44_subj07_margin_low_1sess_150ep,106,9147,0.059991844,0.05800006,541,0.0019917823,1.0,1.0,1.0,1.0,-0.0045124963,-0.0035671927,-0.0009453036,0.0,0.0,0,0
7,cycle44_subj07_margin_low_1sess_150ep,107,9230,0.06268967,0.044515166,2,0.018174503,1.0,1.0,1.0,1.0,-0.0015498474,-0.0024589375,0.00090909004,0.0,0.0,0,0
7,cycle44_subj07_margin_low_1sess_150ep,108,9434,0.05264712,0.0527181,249,-7.0977956e-05,2.0,1.0,1.0,1.0,-0.0032033958,-0.002771236,-0.00043215975,1.0,0.0,1,0
7,cycle44_subj07_margin_low_1sess_150ep,109,9462,0.029563142,0.04887929,923,-0.01931615,88.0,0.0,28.272727272727273,30.0,-0.00035214424,-0.0049480423,0.004595898,-26.0,0.0,0,0
7,cycle44_subj07_margin_low_1sess_150ep,110,9680,0.038586617,0.05179494,172,-0.013208322,30.0,0.0,11.714285714285714,12.0,-0.008198973,-0.0067126118,-0.001486361,13.0,0.0,0,0
7,cycle44_subj07_margin_low_1sess_150ep,111,9722,0.05183617,0.046104584,39,0.0057315864,1.0,1.0,1.0,1.0,-0.00040653348,-0.002353739,0.0019472055,0.0,0.0,0,0
7,cycle44_subj07_margin_low_1sess_150ep,112,9804,0.033443313,0.042943463,196,-0.00950015,21.0,0.0,6.583333333333333,6.0,-0.0056884326,-0.008056276,0.002367843,9.0,0.0,0,0
7,cycle44_subj07_margin_low_1sess_150ep,113,9847,0.057656858,0.055424273,318,0.002232585,1.0,1.0,1.0,1.0,-0.00077034533,-0.0014015883,0.000631243,0.0,0.0,0,0
7,cycle44_subj07_margin_low_1sess_150ep,114,9865,0.034663413,0.056767415,327,-0.022104003,35.0,0.0,12.2,15.0,0.0014346465,0.0021202601,-0.0006856136,1.0,0.0,0,0
7,cycle44_subj07_margin_low_1sess_150ep,115,9917,0.059040017,0.055148315,753,0.0038917027,1.0,1.0,1.0,1.0,-0.0021229126,-0.0042336993,0.0021107867,0.0,0.0,0,0
7,cycle44_subj07_margin_low_1sess_150ep,116,9978,0.024968008,0.04936659,567,-0.024398582,314.0,0.0,94.625,95.5,-0.0012895372,-0.0073309764,0.0060414393,-62.0,0.0,0,0
7,cycle44_subj07_margin_low_1sess_150ep,117,10006,0.042161025,0.056382995,567,-0.01422197,14.0,0.0,4.8,5.0,-0.003892973,0.0035694875,-0.0074624605,6.0,-0.2,0,0
7,cycle44_subj07_margin_low_1sess_150ep,118,10046,0.06842989,0.055384994,23,0.013044894,1.0,1.0,1.0,1.0,-0.001579538,0.0014780238,-0.0030575618,0.0,0.0,0,0
7,cycle44_subj07_margin_low_1sess_150ep,119,10064,0.06034033,0.053277854,717,0.007062476,1.0,1.0,1.0,1.0,2.0347536e-05,-0.00019168481,0.00021203235,0.0,0.0,0,0
7,cycle44_subj07_margin_low_1sess_150ep,120,10105,0.045287084,0.052887306,115,-0.007600222,10.0,0.0,3.8461538461538463,4.0,-0.0059664138,-0.004719522,-0.0012468919,4.0,0.0,0,0
7,cycle44_subj07_margin_low_1sess_150ep,121,10107,0.04345768,0.05199116,250,-0.0085334815,16.0,0.0,6.5,6.5,0.0040130503,0.0005908683,0.003422182,-20.0,0.0,0,0
7,cycle44_subj07_margin_low_1sess_150ep,122,10244,0.05556146,0.04623219,571,0.009329271,1.0,1.0,1.0,1.0,0.001781676,-0.00397598,0.005757656,0.0,0.0,0,0
7,cycle44_subj07_margin_low_1sess_150ep,123,10393,0.035433818,0.044582777,272,-0.009148959,20.0,0.0,6.444444444444445,6.0,-0.0015494153,-0.0043811686,0.0028317533,-1.0,0.0,0,0
7,cycle44_subj07_margin_low_1sess_150ep,124,10471,0.051372275,0.04392452,17,0.007447753,1.0,1.0,1.0,1.0,-0.0013294257,0.00095609576,-0.0022855215,0.0,0.0,0,0
7,cycle44_subj07_margin_low_1sess_150ep,125,10507,0.054707427,0.042735863,327,0.011971563,1.0,1.0,1.0,1.0,-0.0044489168,-0.0019756667,-0.00247325,0.0,0.0,0,0
7,cycle44_subj07_margin_low_1sess_150ep,126,10586,0.022280635,0.045030896,827,-0.02275026,219.0,0.0,66.8,68.0,-0.00655742,-0.0014369227,-0.005120497,95.0,0.0,0,0
7,cycle44_subj07_margin_low_1sess_150ep,127,10600,0.027940575,0.046904128,825,-0.018963553,53.0,0.0,17.571428571428573,17.0,-0.00020013377,-0.007652078,0.007451944,-23.0,0.0,0,0
7,cycle44_subj07_margin_low_1sess_150ep,128,10610,0.04167498,0.046291973,891,-0.0046169944,5.0,0.125,2.75,3.0,-0.002026271,-0.0043073706,0.0022810996,1.0,-0.25,0,0
7,cycle44_subj07_margin_low_1sess_150ep,129,10907,0.039486974,0.03558254,79,0.0039044358,1.0,1.0,1.0,1.0,-0.0068427846,-0.0047168583,-0.0021259263,0.0,0.0,0,0
7,cycle44_subj07_margin_low_1sess_150ep,130,11159,0.03629352,0.039407756,191,-0.0031142347,2.0,0.8571428571428571,1.1428571428571428,1.0,-0.00930725,-0.010130227,0.00082297623,0.0,0.0,0,0
7,cycle44_subj07_margin_low_1sess_150ep,131,11333,0.048961543,0.04961776,318,-0.00065621734,2.0,0.7272727272727273,1.2727272727272727,1.0,0.004750788,-0.0033676699,0.008118458,-10.0,0.7272727272727273,0,0
7,cycle44_subj07_margin_low_1sess_150ep,132,11487,0.050869536,0.045353446,770,0.0055160895,1.0,1.0,1.0,1.0,-0.0005832054,-0.0030993186,0.0025161132,0.0,0.0,0,0
7,cycle44_subj07_margin_low_1sess_150ep,133,11521,0.046127282,0.045562588,788,0.0005646944,1.0,1.0,1.0,1.0,0.0063531026,9.6298754e-05,0.006256804,-14.0,1.0,0,1
7,cycle44_subj07_margin_low_1sess_150ep,134,11566,0.0448774,0.046919946,567,-0.0020425469,3.0,0.5,1.625,1.5,-0.0047603287,0.0006340556,-0.0053943843,2.0,-0.5,1,0
7,cycle44_subj07_margin_low_1sess_150ep,135,11617,0.043403044,0.05389633,700,-0.010493286,12.0,0.0,4.333333333333333,4.0,-0.0054152347,-0.0059172064,0.0005019717,6.0,-0.1111111111111111,0,0
7,cycle44_subj07_margin_low_1sess_150ep,136,11635,0.05507957,0.053317875,682,0.0017616935,1.0,1.0,1.0,1.0,-0.0038878247,0.00069102645,-0.004578851,0.0,0.0,0,0
7,cycle44_subj07_margin_low_1sess_150ep,137,11689,0.055454616,0.049595494,230,0.0058591217,1.0,1.0,1.0,1.0,-0.0020680018,0.0017702691,-0.003838271,0.0,0.0,0,0
7,cycle44_subj07_margin_low_1sess_150ep,138,11725,0.043173995,0.045100115,505,-0.0019261204,3.0,0.5,1.5,1.5,0.004304655,-0.0006149933,0.004919648,-2.0,0.2,0,0
7,cycle44_subj07_margin_low_1sess_150ep,139,11796,0.062334254,0.04159209,543,0.020742163,1.0,1.0,1.0,1.0,-0.0039085,0.00047848,-0.00438698,0.0,0.0,0,0
7,cycle44_subj07_margin_low_1sess_150ep,140,11827,0.021672633,0.05062139,601,-0.028948758,382.0,0.0,115.6,116.0,-0.0041635334,-0.0053086095,0.001145076,41.0,0.0,0,0
7,cycle44_subj07_margin_low_1sess_150ep,141,11837,0.057441596,0.04832166,692,0.009119935,1.0,1.0,1.0,1.0,-0.0018240251,-0.003044486,0.001220461,0.0,0.0,0,0
7,cycle44_subj07_margin_low_1sess_150ep,142,11844,0.05547584,0.038736768,430,0.01673907,1.0,1.0,1.0,1.0,-0.004851654,-0.005447913,0.0005962588,0.0,0.0,0,0
7,cycle44_subj07_margin_low_1sess_150ep,143,11932,0.05118746,0.056477085,380,-0.0052896254,8.0,0.2,3.8,3.0,-0.0081703365,-0.0072034597,-0.00096687675,6.0,-0.2,0,0
7,cycle44_subj07_margin_low_1sess_150ep,144,11942,0.041167498,0.040155657,389,0.001011841,1.0,1.0,1.0,1.0,-0.0076890774,-0.009009447,0.0013203695,-1.0,0.16666666666666663,0,1
7,cycle44_subj07_margin_low_1sess_150ep,145,11952,0.042525224,0.03777592,881,0.0047493055,1.0,1.0,1.0,1.0,-0.0010679513,-0.008113515,0.0070455633,-1.0,0.33333333333333337,0,1
7,cycle44_subj07_margin_low_1sess_150ep,146,12065,0.031645894,0.04084885,343,-0.009202957,16.0,0.0,5.428571428571429,6.0,-0.0073074996,-0.0030951798,-0.00421232,9.0,-0.14285714285714285,0,0
7,cycle44_subj07_margin_low_1sess_150ep,147,12075,0.05672696,0.061906666,681,-0.005179707,2.0,1.0,1.0,1.0,0.00028071553,-0.002608575,0.0028892905,0.0,0.0,0,0
7,cycle44_subj07_margin_low_1sess_150ep,148,12214,0.05769426,0.05004223,2,0.0076520294,1.0,1.0,1.0,1.0,-0.0017964654,6.86869e-05,-0.0018651523,0.0,0.0,0,0
7,cycle44_subj07_margin_low_1sess_150ep,149,12308,0.06660785,0.04853757,358,0.018070277,1.0,1.0,1.0,1.0,-0.0035707727,-0.0036523268,8.1554055e-05,0.0,0.0,0,0
7,cycle44_subj07_margin_low_1sess_150ep,150,12487,0.054909468,0.054886956,753,2.251193e-05,1.0,1.0,1.0,1.0,-0.002301976,-0.0023301132,2.8137118e-05,-1.0,0.25,0,1
7,cycle44_subj07_margin_low_1sess_150ep,151,12495,0.02648807,0.05186283,990,-0.025374759,105.0,0.0,32.333333333333336,29.0,-0.009035755,-0.0038496926,-0.0051860623,68.0,0.0,0,0
7,cycle44_subj07_margin_low_1sess_150ep,152,12634,0.049122497,0.05100644,28,-0.0018839426,3.0,0.5,1.5,1.5,0.0012610443,-0.0012302361,0.0024912804,-1.0,-0.09999999999999998,0,0
7,cycle44_subj07_margin_low_1sess_150ep,153,12685,0.058255732,0.047184695,356,0.0110710375,1.0,1.0,1.0,1.0,-0.008162402,-0.0032652244,-0.004897177,0.0,0.0,0,0
7,cycle44_subj07_margin_low_1sess_150ep,154,12796,0.04944945,0.044367645,689,0.0050818063,1.0,1.0,1.0,1.0,-0.0033242814,-0.0031560734,-0.00016820803,0.0,0.0,0,0
7,cycle44_subj07_margin_low_1sess_150ep,155,12798,0.05605057,0.049740754,923,0.0063098148,1.0,1.0,1.0,1.0,-0.0042340606,0.00092822686,-0.0051622875,0.0,0.0,0,0
7,cycle44_subj07_margin_low_1sess_150ep,156,12922,0.060139768,0.04959619,601,0.010543577,1.0,1.0,1.0,1.0,0.00025748834,0.0027353615,-0.0024778731,0.0,0.0,0,0
7,cycle44_subj07_margin_low_1sess_150ep,157,12937,0.03524744,0.05017246,172,-0.014925018,12.0,0.09090909090909091,5.0,5.0,-0.00668519,0.0016755983,-0.008360788,8.0,-0.1818181818181818,0,0
7,cycle44_subj07_margin_low_1sess_150ep,158,13138,0.061644286,0.051488094,967,0.010156192,1.0,1.0,1.0,1.0,-0.0046088174,0.0003485009,-0.0049573183,0.0,0.0,0,0
7,cycle44_subj07_margin_low_1sess_150ep,159,13230,0.053457886,0.057665493,541,-0.0042076074,5.0,0.42857142857142855,1.7142857142857142,2.0,-0.00690262,-0.006798614,-0.00010400638,3.0,-0.28571428571428575,0,0
7,cycle44_subj07_margin_low_1sess_150ep,160,13312,0.05363355,0.0439991,178,0.00963445,1.0,1.0,1.0,1.0,-0.0008339025,-0.002643153,0.0018092506,0.0,0.0,0,0
7,cycle44_subj07_margin_low_1sess_150ep,161,13314,0.058391076,0.050592538,990,0.0077985376,1.0,1.0,1.0,1.0,0.0010649934,-0.0008932911,0.0019582845,0.0,0.0,0,0
7,cycle44_subj07_margin_low_1sess_150ep,162,13613,0.059014138,0.05066114,23,0.008352999,1.0,1.0,1.0,1.0,0.0018932335,-0.0065114237,0.008404657,-1.0,0.16666666666666663,0,1
7,cycle44_subj07_margin_low_1sess_150ep,163,13653,0.05530555,0.050175034,118,0.005130518,1.0,1.0,1.0,1.0,-0.0021746084,-0.0015587732,-0.0006158352,0.0,0.0,0,0
7,cycle44_subj07_margin_low_1sess_150ep,164,13662,0.03704633,0.053049512,827,-0.016003184,33.0,0.0,11.11111111111111,10.0,-0.0051785,-0.0035423525,-0.0016361475,14.0,0.0,0,0
7,cycle44_subj07_margin_low_1sess_150ep,165,13720,0.029550467,0.041284334,282,-0.011733867,28.0,0.0,9.25,10.0,-0.005801078,-0.0028004386,-0.0030006394,12.0,0.0,0,0
7,cycle44_subj07_margin_low_1sess_150ep,166,13846,0.035614196,0.051232506,377,-0.015618309,15.0,0.0,4.909090909090909,5.0,-0.002055861,-0.0014151819,-0.00064067915,-4.0,0.0,0,0
7,cycle44_subj07_margin_low_1sess_150ep,167,14110,0.03908264,0.04821479,208,-0.009132151,8.0,0.1,3.2,4.0,-0.005417835,-0.0043057688,-0.0011120662,3.0,-0.1,0,0
7,cycle44_subj07_margin_low_1sess_150ep,168,14121,0.038767762,0.039693803,200,-0.0009260401,2.0,0.8888888888888888,1.1111111111111112,1.0,-0.0017291233,0.003298536,-0.0050276592,1.0,-0.11111111111111116,1,0
7,cycle44_subj07_margin_low_1sess_150ep,169,14165,0.055137325,0.054209437,208,0.00092788786,1.0,1.0,1.0,1.0,-0.007504683,-0.0035729483,-0.0039317347,0.0,0.0,0,0
7,cycle44_subj07_margin_low_1sess_150ep,170,14179,0.018731136,0.043288063,118,-0.024556927,180.0,0.0,54.4,56.0,-0.0052729193,-0.0051917993,-8.112006e-05,14.0,0.0,0,0
7,cycle44_subj07_margin_low_1sess_150ep,171,14443,0.052513678,0.043687716,954,0.0088259615,1.0,1.0,1.0,1.0,-0.00052957237,-0.007600963,0.0070713907,0.0,0.0,0,0
7,cycle44_subj07_margin_low_1sess_150ep,172,14528,0.042546313,0.040730752,208,0.0018155612,1.0,1.0,1.0,1.0,-0.0011965781,-0.00069435313,-0.000502225,0.0,0.0,0,0
7,cycle44_subj07_margin_low_1sess_150ep,173,14567,0.0587707,0.04443773,689,0.0143329725,1.0,1.0,1.0,1.0,-0.00016271323,-0.0046644434,0.00450173,0.0,0.0,0,0
7,cycle44_subj07_margin_low_1sess_150ep,174,14594,0.056837216,0.060767643,590,-0.003930427,2.0,0.3333333333333333,1.6666666666666667,2.0,-0.004340425,-0.0044297203,8.929521e-05,0.0,0.0,0,0
7,cycle44_subj07_margin_low_1sess_150ep,175,14610,0.042905312,0.04224334,215,0.0006619729,1.0,1.0,1.0,1.0,-0.0032559447,-0.004588548,0.0013326034,-1.0,0.125,0,1
7,cycle44_subj07_margin_low_1sess_150ep,176,14644,0.055842478,0.058048837,655,-0.002206359,2.0,0.5,1.5,1.5,-0.000725884,0.0019550733,-0.0026809573,1.0,-0.5,1,0
7,cycle44_subj07_margin_low_1sess_150ep,177,14793,0.026984701,0.044923335,388,-0.017938634,44.0,0.0,13.454545454545455,14.0,-0.0050203744,-0.008371256,0.0033508819,9.0,0.0,0,0
7,cycle44_subj07_margin_low_1sess_150ep,178,14808,0.06641745,0.051204212,737,0.015213236,1.0,1.0,1.0,1.0,-0.001191467,-0.0010713115,-0.00012015551,0.0,0.0,0,0
7,cycle44_subj07_margin_low_1sess_150ep,179,14820,0.0110572865,0.057740044,28,-0.046682756,317.0,0.0,97.875,96.0,-0.0013899114,-0.0026570782,0.0012671687,-27.0,0.0,0,0
7,cycle44_subj07_margin_low_1sess_150ep,180,14898,0.057437398,0.05096703,50,0.0064703673,1.0,1.0,1.0,1.0,0.0025931336,-0.0032023974,0.005795531,0.0,0.0,0,0
7,cycle44_subj07_margin_low_1sess_150ep,181,14931,0.04390974,0.055532236,892,-0.011622496,7.0,0.09090909090909091,2.5454545454545454,3.0,-0.003495872,-0.0009114146,-0.0025844574,-2.0,0.0,0,0
7,cycle44_subj07_margin_low_1sess_150ep,182,15003,0.057694506,0.043770045,178,0.013924461,1.0,1.0,1.0,1.0,-0.0051310174,0.0013103038,-0.006441321,0.0,0.0,0,0
7,cycle44_subj07_margin_low_1sess_150ep,183,15025,0.060823463,0.05726577,774,0.0035576932,1.0,1.0,1.0,1.0,0.0024049766,0.004622016,-0.0022170395,0.0,0.0,0,0
7,cycle44_subj07_margin_low_1sess_150ep,184,15128,0.03970753,0.05253171,567,-0.0128241815,20.0,0.0,7.333333333333333,7.0,0.0018930249,9.410083e-06,0.0018836148,-35.0,0.0,0,0
7,cycle44_subj07_margin_low_1sess_150ep,185,15364,0.047732025,0.04422928,395,0.0035027452,1.0,1.0,1.0,1.0,-0.0038979352,-0.004546255,0.0006483197,0.0,0.0,0,0
7,cycle44_subj07_margin_low_1sess_150ep,186,15492,0.05345381,0.04887355,380,0.0045802593,1.0,1.0,1.0,1.0,-0.00067731366,-0.000947088,0.00026977435,0.0,0.0,0,0
7,cycle44_subj07_margin_low_1sess_150ep,187,15506,0.056193583,0.05315015,875,0.0030434318,1.0,1.0,1.0,1.0,0.0033407249,-0.00023825467,0.0035789795,-1.0,0.07692307692307687,0,1
7,cycle44_subj07_margin_low_1sess_150ep,188,15793,0.057440117,0.04619431,461,0.011245806,1.0,1.0,1.0,1.0,-0.0052775964,-0.0047541074,-0.00052348897,0.0,0.0,0,0
7,cycle44_subj07_margin_low_1sess_150ep,189,15819,0.059585247,0.048463892,567,0.011121355,1.0,1.0,1.0,1.0,0.0010625757,-0.001509767,0.0025723428,0.0,0.0,0,0
7,cycle44_subj07_margin_low_1sess_150ep,190,15939,0.059615552,0.05645209,827,0.0031634606,1.0,1.0,1.0,1.0,-0.0009979792,0.00033800676,-0.001335986,0.0,0.0,0,0
7,cycle44_subj07_margin_low_1sess_150ep,191,16063,0.04548274,0.050306592,567,-0.0048238523,2.0,0.875,1.125,1.0,0.0011322834,0.0017352365,-0.00060295314,0.0,0.0,0,0
7,cycle44_subj07_margin_low_1sess_150ep,192,16252,0.045450404,0.049191,414,-0.0037405975,3.0,0.4,1.7,2.0,-0.002967734,0.00080676377,-0.0037744977,2.0,-0.6,1,0
7,cycle44_subj07_margin_low_1sess_150ep,193,16344,0.02833879,0.046354204,145,-0.018015414,33.0,0.0,9.363636363636363,9.0,-0.007583834,-0.004199043,-0.0033847913,18.0,0.0,0,0
7,cycle44_subj07_margin_low_1sess_150ep,194,16421,0.043958467,0.051766064,921,-0.0078075975,6.0,0.5,1.6666666666666667,1.5,-0.001333762,0.0019162856,-0.0032500476,-1.0,0.5,0,0
7,cycle44_subj07_margin_low_1sess_150ep,195,16466,0.057753954,0.049068462,591,0.008685492,1.0,1.0,1.0,1.0,0.001784306,-0.00087306276,0.0026573688,0.0,0.0,0,0
7,cycle44_subj07_margin_low_1sess_150ep,196,16616,0.06076846,0.0485268,545,0.012241658,1.0,1.0,1.0,1.0,0.00048311427,-0.00067803636,0.0011611506,0.0,0.0,0,0
7,cycle44_subj07_margin_low_1sess_150ep,197,16635,0.041258745,0.045973778,737,-0.004715033,13.0,0.0,4.333333333333333,4.0,-0.0035912283,-0.0013223998,-0.0022688285,8.0,-0.3333333333333333,0,0
7,cycle44_subj07_margin_low_1sess_150ep,198,16655,0.034121558,0.049316354,832,-0.015194796,68.0,0.0,21.272727272727273,21.0,-0.003848683,-0.006369278,0.0025205947,24.0,0.0,0,0
7,cycle44_subj07_margin_low_1sess_150ep,199,16702,0.042723637,0.04211281,206,0.0006108284,1.0,1.0,1.0,1.0,-0.0045823976,-0.00052233785,-0.00406006,0.0,0.0,0,0
7,cycle44_subj07_margin_low_1sess_150ep,200,16723,0.050224606,0.031296194,453,0.018928412,1.0,1.0,1.0,1.0,-0.0014854632,-0.005854577,0.0043691136,0.0,0.0,0,0
7,cycle44_subj07_margin_low_1sess_150ep,201,16823,0.06251096,0.037453037,341,0.025057923,1.0,1.0,1.0,1.0,-0.005484022,-0.0028646104,-0.0026194118,0.0,0.0,0,0
7,cycle44_subj07_margin_low_1sess_150ep,202,16841,0.038681395,0.046753403,380,-0.008072007,37.0,0.0,10.444444444444445,10.0,0.00092858076,-0.004294418,0.0052229986,-15.0,0.0,0,0
7,cycle44_subj07_margin_low_1sess_150ep,203,16865,0.052273933,0.051609103,770,0.0006648302,1.0,1.0,1.0,1.0,-0.0028707646,-0.00078207254,-0.002088692,0.0,0.0,0,0
7,cycle44_subj07_margin_low_1sess_150ep,204,16868,0.05918155,0.047814574,761,0.011366975,1.0,1.0,1.0,1.0,-0.0010338016,-0.0003988035,-0.0006349981,0.0,0.0,0,0
7,cycle44_subj07_margin_low_1sess_150ep,205,16917,0.057095986,0.05058808,764,0.006507907,1.0,1.0,1.0,1.0,-0.0004640743,-0.0031017028,0.0026376285,0.0,0.0,0,0
7,cycle44_subj07_margin_low_1sess_150ep,206,17048,0.04133462,0.050844293,828,-0.0095096715,18.0,0.0,4.8,5.0,-0.003828492,-0.00098731,-0.002841182,8.0,-0.2,0,0
7,cycle44_subj07_margin_low_1sess_150ep,207,17230,0.03331801,0.053004432,766,-0.019686423,53.0,0.0,16.666666666666668,17.0,-0.0041888505,-0.0053414144,0.0011525638,6.0,0.0,0,0
7,cycle44_subj07_margin_low_1sess_150ep,208,17238,0.060214076,0.050167624,141,0.010046452,1.0,1.0,1.0,1.0,6.6652894e-05,-0.0033142045,0.0033808574,0.0,0.0,0,0
7,cycle44_subj07_margin_low_1sess_150ep,209,17369,0.044858716,0.053007737,93,-0.00814902,26.0,0.0,8.5,9.0,-0.0008719787,0.0024181493,-0.003290128,19.0,-0.1,0,0
7,cycle44_subj07_margin_low_1sess_150ep,210,17374,0.050381854,0.051131736,540,-0.0007498823,2.0,0.75,1.25,1.0,-0.0019477233,-0.0019954108,4.768744e-05,0.0,0.0,0,0
7,cycle44_subj07_margin_low_1sess_150ep,211,17450,0.042801667,0.053978454,115,-0.011176787,10.0,0.0,3.3,3.0,-0.0048311874,-0.0038687102,-0.0009624772,1.0,-0.1,0,0
7,cycle44_subj07_margin_low_1sess_150ep,212,17463,0.041830517,0.048443902,282,-0.006613385,7.0,0.15384615384615385,2.5384615384615383,3.0,-0.0019995794,-0.001984179,-1.540035e-05,-2.0,0.0,0,0
7,cycle44_subj07_margin_low_1sess_150ep,213,17485,0.03258977,0.048421368,208,-0.015831597,19.0,0.0,7.666666666666667,7.0,-0.0024575032,-0.00069322437,-0.0017642789,-4.0,0.0,0,0
7,cycle44_subj07_margin_low_1sess_150ep,214,17549,0.054621626,0.050320707,886,0.0043009184,1.0,1.0,1.0,1.0,0.0037502311,-0.001503963,0.005254194,-1.0,0.25,0,1
7,cycle44_subj07_margin_low_1sess_150ep,215,17595,0.062102497,0.050830908,204,0.0112715885,1.0,1.0,1.0,1.0,-0.0038058609,-0.0017680898,-0.002037771,0.0,0.0,0,0
7,cycle44_subj07_margin_low_1sess_150ep,216,17776,0.040078465,0.045661688,963,-0.005583223,11.0,0.0,4.25,4.0,-0.0013940372,-0.001959689,0.0005656518,-1.0,0.0,0,0
7,cycle44_subj07_margin_low_1sess_150ep,217,17794,0.060786106,0.053410392,85,0.0073757134,1.0,1.0,1.0,1.0,-0.0014233105,-0.0023796707,0.00095636025,0.0,0.0,0,0
7,cycle44_subj07_margin_low_1sess_150ep,218,17934,0.03317369,0.05987256,967,-0.026698869,112.0,0.0,33.4,35.0,-0.0013785847,-0.00032080337,-0.0010577813,1.0,0.0,0,0
7,cycle44_subj07_margin_low_1sess_150ep,219,17942,0.049247164,0.055710558,830,-0.0064633936,11.0,0.0,4.444444444444445,4.0,-0.00035766885,-0.0050370917,0.004679423,-2.0,0.0,0,0
7,cycle44_subj07_margin_low_1sess_150ep,220,18268,0.03542391,0.045541056,967,-0.010117147,11.0,0.0,4.0,4.0,-0.001334548,-0.0033320636,0.0019975156,-5.0,0.0,0,0
7,cycle44_subj07_margin_low_1sess_150ep,221,18434,0.06578409,0.055169873,70,0.010614216,1.0,1.0,1.0,1.0,-0.00299415,-0.0017784499,-0.0012157001,0.0,0.0,0,0
7,cycle44_subj07_margin_low_1sess_150ep,222,18483,0.053876806,0.053995714,403,-0.00011890754,2.0,0.8181818181818182,1.1818181818181819,1.0,-0.0026067048,-5.5409968e-05,-0.0025512949,1.0,-0.18181818181818177,1,0
7,cycle44_subj07_margin_low_1sess_150ep,223,18505,0.03459549,0.04066275,499,-0.006067261,7.0,0.18181818181818182,2.909090909090909,3.0,0.0007113144,-0.0048787966,0.005590111,-8.0,0.18181818181818182,0,0
7,cycle44_subj07_margin_low_1sess_150ep,224,18535,0.052414242,0.04955142,802,0.0028628223,1.0,1.0,1.0,1.0,-0.0003442131,-0.0012279786,0.0008837655,0.0,0.0,0,0
7,cycle44_subj07_margin_low_1sess_150ep,225,18543,0.050448854,0.05041057,380,3.828481e-05,1.0,1.0,1.0,1.0,-0.006956745,-0.0038315393,-0.0031252056,0.0,0.0,0,0
7,cycle44_subj07_margin_low_1sess_150ep,226,18690,0.06306177,0.04335691,912,0.019704856,1.0,1.0,1.0,1.0,-0.0027991757,-7.5202435e-05,-0.0027239732,0.0,0.0,0,0
7,cycle44_subj07_margin_low_1sess_150ep,227,18796,0.045423213,0.05020703,541,-0.0047838166,4.0,0.5,1.75,1.5,-0.0048723593,-0.0066812374,0.001808878,0.0,0.25,0,0
7,cycle44_subj07_margin_low_1sess_150ep,228,19074,0.04783019,0.053132813,967,-0.005302623,8.0,0.0,3.5,3.0,-0.0018857457,-0.0067848563,0.0048991106,2.0,0.0,0,0
7,cycle44_subj07_margin_low_1sess_150ep,229,19181,0.026617194,0.040575895,517,-0.013958702,22.0,0.0,8.545454545454545,8.0,-0.00092581287,-0.0033143274,0.0023885146,-4.0,0.0,0,0
7,cycle44_subj07_margin_low_1sess_150ep,230,19199,0.0705257,0.057203606,137,0.013322093,1.0,1.0,1.0,1.0,0.0041999146,0.0030825213,0.0011173934,0.0,0.0,0,0
7,cycle44_subj07_margin_low_1sess_150ep,231,19200,0.059334386,0.051980697,380,0.0073536895,1.0,1.0,1.0,1.0,-0.005341079,-0.004746102,-0.0005949773,0.0,0.0,0,0
7,cycle44_subj07_margin_low_1sess_150ep,232,19292,0.031685136,0.040345788,442,-0.008660652,23.0,0.0,8.333333333333334,8.0,-0.003945768,-0.0038604438,-8.532405e-05,3.0,0.0,0,0
7,cycle44_subj07_margin_low_1sess_150ep,233,19436,0.053806275,0.059058525,143,-0.0052522495,2.0,0.8333333333333334,1.1666666666666667,1.0,-0.0073747225,-0.008387819,0.0010130964,0.0,0.0,0,0
7,cycle44_subj07_margin_low_1sess_150ep,234,19573,0.015781747,0.040560577,200,-0.02477883,403.0,0.0,121.66666666666667,121.0,-0.0031943861,-0.014545798,0.011351412,62.0,0.0,0,0
7,cycle44_subj07_margin_low_1sess_150ep,235,19642,0.037987303,0.052471593,274,-0.01448429,54.0,0.0,18.4,18.5,-0.001651261,0.0002783239,-0.0019295849,-1.0,0.0,0,0
7,cycle44_subj07_margin_low_1sess_150ep,236,19672,0.017939514,0.04466495,886,-0.026725436,371.0,0.0,110.77777777777777,108.0,-0.0053213965,-0.0017872714,-0.0035341252,122.0,0.0,0,0
7,cycle44_subj07_margin_low_1sess_150ep,237,19690,0.03577958,0.050608516,180,-0.014828935,53.0,0.0,13.9,13.0,0.0006051287,-0.00019432232,0.000799451,-8.0,0.0,0,0
7,cycle44_subj07_margin_low_1sess_150ep,238,19933,0.03812679,0.0562637,963,-0.018136911,5.0,0.3333333333333333,2.1666666666666665,2.5,-0.0037872829,0.003278248,-0.007065531,1.0,-0.16666666666666669,0,0
7,cycle44_subj07_margin_low_1sess_150ep,239,20054,0.06657182,0.044005055,749,0.022566762,1.0,1.0,1.0,1.0,0.001108177,-0.0042497814,0.0053579584,0.0,0.0,0,0
7,cycle44_subj07_margin_low_1sess_150ep,240,20064,0.0410429,0.046279214,849,-0.0052363127,7.0,0.07692307692307693,2.5384615384615383,2.0,-0.0071504787,-0.0058500245,-0.0013004541,1.0,-0.23076923076923078,0,0
7,cycle44_subj07_margin_low_1sess_150ep,241,20080,0.041050795,0.055328388,282,-0.014277592,7.0,0.0,2.9,3.0,-0.00070099905,-0.0033700392,0.00266904,-2.0,0.0,0,0
7,cycle44_subj07_margin_low_1sess_150ep,242,20206,0.032249168,0.042893227,107,-0.01064406,9.0,0.1,2.6,2.0,-0.0029766075,-0.0026870817,-0.00028952584,-1.0,0.0,0,0
7,cycle44_subj07_margin_low_1sess_150ep,243,20223,0.05372043,0.046093255,11,0.0076271743,1.0,1.0,1.0,1.0,-0.003158342,-0.0019571856,-0.0012011565,0.0,0.0,0,0
7,cycle44_subj07_margin_low_1sess_150ep,244,20265,0.05238435,0.049493864,186,0.0028904863,1.0,1.0,1.0,1.0,-0.005879622,0.00023535267,-0.0061149746,0.0,0.0,0,0
7,cycle44_subj07_margin_low_1sess_150ep,245,20307,0.046900496,0.05846455,4,-0.011564054,7.0,0.4,2.2,2.0,-0.0013358817,-0.0008591898,-0.00047669187,3.0,-0.19999999999999996,0,0
7,cycle44_subj07_margin_low_1sess_150ep,246,20442,0.05504744,0.043850675,231,0.011196766,1.0,1.0,1.0,1.0,-0.005164396,-0.0043624043,-0.0008019917,0.0,0.0,0,0
7,cycle44_subj07_margin_low_1sess_150ep,247,20633,0.055334006,0.059054736,717,-0.0037207305,2.0,0.8181818181818182,1.1818181818181819,1.0,-0.00043678284,-0.002725903,0.00228912,0.0,0.0,0,0
7,cycle44_subj07_margin_low_1sess_150ep,248,20650,0.03548241,0.054856442,921,-0.019374032,45.0,0.0,14.714285714285714,15.0,7.995218e-05,-0.0051361173,0.0052160695,-25.0,0.0,0,0
7,cycle44_subj07_margin_low_1sess_150ep,249,20702,0.0579781,0.047854602,626,0.010123499,1.0,1.0,1.0,1.0,0.0001700148,0.0029486567,-0.0027786419,0.0,0.0,0,0
7,cycle44_subj07_margin_low_1sess_150ep,250,20738,0.075198814,0.062622674,591,0.01257614,1.0,1.0,1.0,1.0,-0.0032144338,-0.00042513758,-0.0027892962,0.0,0.0,0,0
7,cycle44_subj07_margin_low_1sess_150ep,251,20777,0.043489296,0.04723821,833,-0.0037489124,5.0,0.23076923076923078,2.3076923076923075,2.0,-0.0016836785,-0.0019167215,0.00023304299,0.0,-0.07692307692307693,0,0
7,cycle44_subj07_margin_low_1sess_150ep,252,20820,0.047427356,0.052666884,12,-0.0052395277,9.0,0.0,3.5,3.0,-0.00093410537,0.001132682,-0.0020667873,2.0,-0.1,0,0
7,cycle44_subj07_margin_low_1sess_150ep,253,21108,0.051060177,0.045076303,721,0.005983874,1.0,1.0,1.0,1.0,0.0018289573,-0.0045172796,0.006346237,-1.0,0.5,0,1
7,cycle44_subj07_margin_low_1sess_150ep,254,21192,0.05761594,0.052268922,321,0.005347017,1.0,1.0,1.0,1.0,-0.006980259,-0.008838788,0.0018585287,0.0,0.0,0,0
7,cycle44_subj07_margin_low_1sess_150ep,255,21194,0.038173437,0.045922123,788,-0.007748686,3.0,0.42857142857142855,1.8571428571428572,2.0,-0.007503018,-0.0019024722,-0.0056005456,1.0,-0.14285714285714285,0,0
7,cycle44_subj07_margin_low_1sess_150ep,256,21197,0.02430163,0.058629174,828,-0.034327544,237.0,0.0,72.0909090909091,74.0,-0.00817623,-0.0018081442,-0.0063680857,145.0,0.0,0,0
7,cycle44_subj07_margin_low_1sess_150ep,257,21218,0.037306633,0.053766765,162,-0.016460132,28.0,0.0,9.0,9.0,-0.0008781031,0.0049419627,-0.0058200657,4.0,0.0,0,0
7,cycle44_subj07_margin_low_1sess_150ep,258,21253,0.04843184,0.041492026,173,0.0069398135,1.0,1.0,1.0,1.0,-0.0025345758,-0.0033549927,0.00082041696,0.0,0.0,0,0
7,cycle44_subj07_margin_low_1sess_150ep,259,21279,0.051850542,0.044154692,882,0.00769585,1.0,1.0,1.0,1.0,-0.00039254501,-0.0034677126,0.0030751675,0.0,0.0,0,0
7,cycle44_subj07_margin_low_1sess_150ep,260,21318,0.039429557,0.05608968,178,-0.016660124,37.0,0.0,12.5,13.0,0.0016341805,-0.0014614388,0.0030956194,-30.0,0.0,0,0
7,cycle44_subj07_margin_low_1sess_150ep,261,21508,0.045136455,0.050598506,914,-0.0054620504,10.0,0.0,3.4444444444444446,3.0,0.0034872256,0.0006986782,0.0027885474,-2.0,0.0,0,0
7,cycle44_subj07_margin_low_1sess_150ep,262,21526,0.034572214,0.051211428,11,-0.016639214,27.0,0.0,9.2,9.0,0.0069307797,0.003742423,0.0031883568,-81.0,0.0,0,0
7,cycle44_subj07_margin_low_1sess_150ep,263,21553,0.050560873,0.040227998,361,0.010332875,1.0,1.0,1.0,1.0,-0.005135361,-0.004468493,-0.00066686794,0.0,0.0,0,0
7,cycle44_subj07_margin_low_1sess_150ep,264,21601,0.042643458,0.034975465,52,0.0076679923,1.0,1.0,1.0,1.0,-0.008258197,-0.0075919703,-0.0006662272,0.0,0.0,0,0
7,cycle44_subj07_margin_low_1sess_150ep,265,21703,0.047006562,0.047247972,982,-0.00024140999,2.0,0.6666666666666666,1.3333333333333333,1.0,0.0015617721,0.0014542118,0.00010756031,0.0,0.0,0,0
7,cycle44_subj07_margin_low_1sess_150ep,266,21950,0.057276353,0.053593922,141,0.0036824308,1.0,1.0,1.0,1.0,-0.0067909285,-0.0012027621,-0.0055881664,0.0,0.0,0,0
7,cycle44_subj07_margin_low_1sess_150ep,267,21989,0.034577094,0.049090892,567,-0.014513798,24.0,0.0,8.6,9.0,-0.0066702925,0.0014669932,-0.008137286,18.0,-0.2,0,0
7,cycle44_subj07_margin_low_1sess_150ep,268,22138,0.053432472,0.057282012,543,-0.00384954,4.0,0.375,1.875,2.0,0.0014874563,-0.001567889,0.0030553453,-2.0,0.375,0,0
7,cycle44_subj07_margin_low_1sess_150ep,269,22143,0.053831056,0.057793844,655,-0.0039627887,2.0,0.4,1.6,2.0,0.0016837083,0.0016959235,-1.2215227e-05,0.0,0.0,0,0
7,cycle44_subj07_margin_low_1sess_150ep,270,22155,0.016719103,0.03876266,302,-0.022043556,219.0,0.0,65.0,66.0,-0.00067326985,-0.00563607,0.0049628,-55.0,0.0,0,0
7,cycle44_subj07_margin_low_1sess_150ep,271,22263,0.07018854,0.069511,616,0.0006775409,1.0,1.0,1.0,1.0,0.0025042817,-0.0009305477,0.0034348294,-1.0,0.11111111111111116,0,1
7,cycle44_subj07_margin_low_1sess_150ep,272,22387,0.06566802,0.050773166,923,0.014894851,1.0,1.0,1.0,1.0,0.0018107072,-0.005009737,0.006820444,0.0,0.0,0,0
7,cycle44_subj07_margin_low_1sess_150ep,273,22495,0.050566446,0.049547743,176,0.001018703,1.0,1.0,1.0,1.0,-0.0010092333,-0.0013994686,0.00039023533,0.0,0.0,0,0
7,cycle44_subj07_margin_low_1sess_150ep,274,22505,0.054960348,0.060411114,567,-0.0054507665,3.0,0.625,1.375,1.0,5.2899122e-05,-0.0019558854,0.0020087846,1.0,-0.25,0,0
7,cycle44_subj07_margin_low_1sess_150ep,275,22515,0.043441113,0.048503663,807,-0.0050625503,8.0,0.0,3.4285714285714284,3.0,-0.0011580028,-0.004071925,0.002913922,-5.0,0.0,0,0
7,cycle44_subj07_margin_low_1sess_150ep,276,22523,0.06652183,0.048078425,443,0.018443406,1.0,1.0,1.0,1.0,-0.00023494661,-0.0043956935,0.004160747,0.0,0.0,0,0
7,cycle44_subj07_margin_low_1sess_150ep,277,22530,0.047766663,0.05179875,967,-0.0040320866,6.0,0.3333333333333333,2.3333333333333335,2.0,0.0066554993,-0.0026885942,0.0093440935,-17.0,0.3333333333333333,0,0
7,cycle44_subj07_margin_low_1sess_150ep,278,22585,0.046565883,0.05087207,153,-0.004306186,4.0,0.2857142857142857,2.2857142857142856,2.0,0.0021011606,-0.0027186759,0.0048198365,-2.0,0.2857142857142857,0,0
7,cycle44_subj07_margin_low_1sess_150ep,279,22587,0.06476679,0.049774725,794,0.014992062,1.0,1.0,1.0,1.0,0.00079412013,-0.0009647459,0.001758866,0.0,0.0,0,0
7,cycle44_subj07_margin_low_1sess_150ep,280,22772,0.045184612,0.05312534,178,-0.007940728,9.0,0.1111111111111111,3.6666666666666665,4.0,-0.0038964413,2.8830022e-05,-0.0039252713,4.0,-0.1111111111111111,0,0
7,cycle44_subj07_margin_low_1sess_150ep,281,22782,0.05152861,0.043204397,313,0.008324213,1.0,1.0,1.0,1.0,-0.0026889518,-0.0036887415,0.0009997897,0.0,0.0,0,0
7,cycle44_subj07_margin_low_1sess_150ep,282,22794,0.055449583,0.052799538,828,0.0026500449,1.0,1.0,1.0,1.0,-0.0018872023,-0.0021513626,0.00026416034,0.0,0.0,0,0
7,cycle44_subj07_margin_low_1sess_150ep,283,22809,0.04482315,0.054482844,22,-0.009659693,5.0,0.0,3.0,3.0,-0.002710998,-0.005605206,0.0028942078,1.0,0.0,0,0
7,cycle44_subj07_margin_low_1sess_150ep,284,22845,0.035280555,0.04236051,155,-0.007079955,23.0,0.0,6.5,6.5,0.0022238046,-0.004459042,0.0066828467,-34.0,0.0,0,0
7,cycle44_subj07_margin_low_1sess_150ep,285,22873,0.039553232,0.05022579,88,-0.010672558,23.0,0.0,6.714285714285714,6.0,-0.0036410764,-0.0031132512,-0.0005278252,6.0,0.0,0,0
7,cycle44_subj07_margin_low_1sess_150ep,286,22879,0.05891345,0.047145583,963,0.011767868,1.0,1.0,1.0,1.0,-0.00013557449,0.00097386166,-0.0011094362,0.0,0.0,0,0
7,cycle44_subj07_margin_low_1sess_150ep,287,22886,0.04845629,0.056346446,967,-0.007890157,4.0,0.13333333333333333,2.2666666666666666,2.0,-0.0025413856,0.0037797727,-0.0063211583,1.0,-0.13333333333333333,0,0
7,cycle44_subj07_margin_low_1sess_150ep,288,22957,0.052524835,0.04917125,767,0.0033535846,1.0,1.0,1.0,1.0,-0.0023338944,-0.0032068714,0.0008729771,0.0,0.0,0,0
7,cycle44_subj07_margin_low_1sess_150ep,289,22967,0.06754136,0.043976415,545,0.023564946,1.0,1.0,1.0,1.0,-0.005011402,-0.002160497,-0.002850905,0.0,0.0,0,0
7,cycle44_subj07_margin_low_1sess_150ep,290,22993,0.043316867,0.049841616,302,-0.006524749,11.0,0.0,3.0,3.0,0.0010879077,-0.0016235597,0.0027114674,-4.0,0.0,0,0
7,cycle44_subj07_margin_low_1sess_150ep,291,23036,0.049455978,0.04005088,403,0.009405099,1.0,1.0,1.0,1.0,-0.0046351478,-0.004485637,-0.0001495108,0.0,0.0,0,0
7,cycle44_subj07_margin_low_1sess_150ep,292,23241,0.028341118,0.048471246,567,-0.020130128,84.0,0.0,26.285714285714285,26.0,0.0034088325,0.0012752637,0.0021335687,-20.0,0.0,0,0
7,cycle44_subj07_margin_low_1sess_150ep,293,23492,0.027154854,0.056372076,947,-0.029217223,162.0,0.0,49.44444444444444,48.0,9.615719e-05,-0.0030111,0.0031072553,18.0,0.0,0,0
7,cycle44_subj07_margin_low_1sess_150ep,294,23715,0.061003227,0.051820155,377,0.009183072,1.0,1.0,1.0,1.0,0.003782183,-0.0013833642,0.005165547,0.0,0.0,0,0
7,cycle44_subj07_margin_low_1sess_150ep,295,23729,0.049674965,0.045434773,833,0.0042401925,1.0,1.0,1.0,1.0,-0.009094365,-0.006226424,-0.0028679408,0.0,0.0,0,0
7,cycle44_subj07_margin_low_1sess_150ep,296,23871,0.036401164,0.043176774,149,-0.00677561,12.0,0.0,4.1,4.0,0.0015957989,-0.0029298142,0.004525613,-22.0,0.0,0,0
7,cycle44_subj07_margin_low_1sess_150ep,297,23876,0.042244904,0.052023716,871,-0.0097788125,6.0,0.2222222222222222,2.111111111111111,2.0,-0.0011381209,-0.002039045,0.0009009242,-3.0,0.2222222222222222,0,0
7,cycle44_subj07_margin_low_1sess_150ep,298,23883,0.035404574,0.03354237,554,0.0018622056,1.0,1.0,1.0,1.0,-0.005714085,-0.0027588122,-0.0029552728,0.0,0.0,0,0
7,cycle44_subj07_margin_low_1sess_150ep,299,23993,0.05361589,0.04958053,132,0.004035361,1.0,1.0,1.0,1.0,0.00086848065,-0.0023454838,0.0032139644,0.0,0.0,0,0
7,cycle44_subj07_margin_low_1sess_150ep,300,24202,0.05757217,0.051780913,828,0.005791258,1.0,1.0,1.0,1.0,0.00020450354,-0.004743714,0.0049482174,0.0,0.0,0,0
7,cycle44_subj07_margin_low_1sess_150ep,301,24214,0.051732812,0.05898984,567,-0.0072570294,2.0,1.0,1.0,1.0,-0.007013984,-0.00040120631,-0.0066127777,0.0,0.0,0,0
7,cycle44_subj07_margin_low_1sess_150ep,302,24264,0.06500137,0.058156505,39,0.0068448633,1.0,1.0,1.0,1.0,-0.00416252,0.0047219396,-0.00888446,0.0,0.0,0,0
7,cycle44_subj07_margin_low_1sess_150ep,303,24317,0.043467134,0.037338916,372,0.006128218,1.0,1.0,1.0,1.0,-0.0054252706,-0.008714989,0.0032897182,0.0,0.0,0,0
7,cycle44_subj07_margin_low_1sess_150ep,304,24480,0.040710688,0.053465303,828,-0.012754615,14.0,0.0,4.75,5.0,3.122911e-05,0.0029987283,-0.0029674992,-7.0,0.0,0,0
7,cycle44_subj07_margin_low_1sess_150ep,305,24517,0.049494337,0.05936629,967,-0.009871952,5.0,0.125,2.0,2.0,0.001726903,0.008202445,-0.0064755417,-2.0,0.125,0,0
7,cycle44_subj07_margin_low_1sess_150ep,306,24530,0.014591915,0.05055885,875,-0.035966936,622.0,0.0,186.30769230769232,186.0,-0.0055137286,-0.0013886876,-0.00412504,103.0,0.0,0,0
7,cycle44_subj07_margin_low_1sess_150ep,307,24560,0.050947722,0.04600862,685,0.0049391016,1.0,1.0,1.0,1.0,-0.0030091405,-0.009160262,0.006151121,-1.0,0.8,0,1
7,cycle44_subj07_margin_low_1sess_150ep,308,24638,0.0513909,0.053923592,484,-0.0025326908,3.0,0.5,1.6,1.5,-0.0029635988,-0.0072945803,0.0043309815,0.0,0.0,0,0
7,cycle44_subj07_margin_low_1sess_150ep,309,24640,0.024620209,0.038836807,172,-0.014216598,68.0,0.0,21.25,21.5,-0.012269355,-0.0051954202,-0.007073935,59.0,0.0,0,0
7,cycle44_subj07_margin_low_1sess_150ep,310,24649,0.042475354,0.047378726,799,-0.0049033724,9.0,0.0,3.5,3.5,-0.00060715154,0.000111375004,-0.00071852654,0.0,-0.16666666666666666,0,0
7,cycle44_subj07_margin_low_1sess_150ep,311,24739,0.039729137,0.045851264,399,-0.006122127,12.0,0.0,4.0,4.0,0.0010365583,-0.0038035326,0.004840091,-22.0,0.0,0,0
7,cycle44_subj07_margin_low_1sess_150ep,312,24740,0.05572436,0.054343212,717,0.0013811477,1.0,1.0,1.0,1.0,0.0020038038,-0.0027464032,0.004750207,-2.0,0.5833333333333333,0,1
7,cycle44_subj07_margin_low_1sess_150ep,313,24787,0.05142448,0.04505176,85,0.00637272,1.0,1.0,1.0,1.0,0.0028468147,-0.0052221045,0.008068919,-2.0,0.5555555555555556,0,1
7,cycle44_subj07_margin_low_1sess_150ep,314,24846,0.05210691,0.050696068,17,0.001410842,1.0,1.0,1.0,1.0,-0.0040094554,0.003622599,-0.0076320544,0.0,0.0,0,0
7,cycle44_subj07_margin_low_1sess_150ep,315,25059,0.050879065,0.05058957,4,0.00028949603,1.0,1.0,1.0,1.0,0.0008258261,-0.0050887465,0.0059145726,-3.0,0.8571428571428572,0,1
7,cycle44_subj07_margin_low_1sess_150ep,316,25091,0.047580477,0.05031156,947,-0.0027310848,2.0,0.6666666666666666,1.3333333333333333,1.0,-0.004529383,-0.0016756952,-0.0028536879,1.0,-0.33333333333333337,1,0
7,cycle44_subj07_margin_low_1sess_150ep,317,25111,0.05630847,0.059232984,499,-0.002924513,3.0,0.3,1.8,2.0,0.001726646,0.001029171,0.0006974749,-1.0,0.0,0,0
7,cycle44_subj07_margin_low_1sess_150ep,318,25205,0.039703198,0.05058657,787,-0.010883372,29.0,0.0,10.7,11.0,-0.0064883195,-0.005445827,-0.0010424927,17.0,0.0,0,0
7,cycle44_subj07_margin_low_1sess_150ep,319,25250,0.06176804,0.05283424,985,0.008933801,1.0,1.0,1.0,1.0,-0.0020307302,0.0031301826,-0.005160913,0.0,0.0,0,0
7,cycle44_subj07_margin_low_1sess_150ep,320,25268,0.0578651,0.04733126,567,0.010533843,1.0,1.0,1.0,1.0,-6.0983002e-05,-0.002034232,0.001973249,0.0,0.0,0,0
7,cycle44_subj07_margin_low_1sess_150ep,321,25284,0.062435646,0.05281767,849,0.009617977,1.0,1.0,1.0,1.0,-0.007610347,-0.0041569173,-0.0034534298,0.0,0.0,0,0
7,cycle44_subj07_margin_low_1sess_150ep,322,25287,0.043028872,0.037931576,540,0.005097296,1.0,1.0,1.0,1.0,-0.0067637824,-0.0031649843,-0.003598798,0.0,0.0,0,0
7,cycle44_subj07_margin_low_1sess_150ep,323,25318,0.05791233,0.06308886,567,-0.0051765256,3.0,0.6,1.5,1.0,-0.0022066683,-0.0008080527,-0.0013986155,1.0,-0.09999999999999998,0,0
7,cycle44_subj07_margin_low_1sess_150ep,324,25319,0.043377854,0.050075956,630,-0.0066981018,6.0,0.0,2.7,2.5,0.00042963028,-0.00036407635,0.0007937066,-8.0,0.0,0,0
7,cycle44_subj07_margin_low_1sess_150ep,325,25371,0.048759058,0.052354444,947,-0.0035953857,2.0,0.8181818181818182,1.1818181818181819,1.0,-0.0031223074,-0.0053229667,0.0022006594,-1.0,0.18181818181818188,0,0
7,cycle44_subj07_margin_low_1sess_150ep,326,25454,0.035827097,0.054559954,567,-0.018732857,61.0,0.0,19.0,20.0,-0.0037429146,0.00019656867,-0.0039394833,20.0,0.0,0,0
7,cycle44_subj07_margin_low_1sess_150ep,327,25570,0.060189344,0.05098764,567,0.009201705,1.0,1.0,1.0,1.0,-0.0005158782,-0.0041144826,0.0035986044,0.0,0.0,0,0
7,cycle44_subj07_margin_low_1sess_150ep,328,25578,0.05676105,0.048278987,647,0.008482061,1.0,1.0,1.0,1.0,0.00038471073,-0.0017910786,0.0021757893,0.0,0.0,0,0
7,cycle44_subj07_margin_low_1sess_150ep,329,25581,0.053156972,0.05554333,180,-0.0023863576,2.0,0.5454545454545454,1.4545454545454546,1.0,-0.0063495263,-0.004784476,-0.0015650503,0.0,-0.09090909090909094,0,0
7,cycle44_subj07_margin_low_1sess_150ep,330,25588,0.045571268,0.05645385,282,-0.0108825825,5.0,0.1,2.9,3.0,0.0026526079,0.005512327,-0.002859719,-2.0,0.0,0,0
7,cycle44_subj07_margin_low_1sess_150ep,331,25602,0.0155062815,0.04539494,12,-0.029888656,406.0,0.0,119.33333333333333,121.0,-0.0014668731,-0.0031499974,0.0016831271,-17.0,0.0,0,0
7,cycle44_subj07_margin_low_1sess_150ep,332,25693,0.04210129,0.04944234,316,-0.0073410496,7.0,0.125,2.375,2.0,0.00053703785,-0.005298175,0.0058352128,-4.0,0.125,0,0
7,cycle44_subj07_margin_low_1sess_150ep,333,25702,0.036576506,0.044867255,466,-0.008290749,8.0,0.0,3.4444444444444446,4.0,-0.0031920932,-0.0038050003,0.0006129071,0.0,0.0,0,0
7,cycle44_subj07_margin_low_1sess_150ep,334,25711,0.046947096,0.05869883,204,-0.011751734,9.0,0.0,3.7777777777777777,4.0,-0.0022472441,0.0027295426,-0.0049767867,0.0,-0.1111111111111111,0,0
7,cycle44_subj07_margin_low_1sess_150ep,335,25741,0.037821118,0.044473108,717,-0.00665199,4.0,0.4,1.8,2.0,-0.004611153,-0.0022389777,-0.0023721755,2.0,-0.4,0,0
7,cycle44_subj07_margin_low_1sess_150ep,336,25746,0.047087237,0.0591681,162,-0.012080863,14.0,0.0,4.6,4.0,-0.00044641644,-0.0015154257,0.0010690093,-4.0,0.0,0,0
7,cycle44_subj07_margin_low_1sess_150ep,337,25881,0.049373757,0.05313278,787,-0.0037590228,3.0,0.5,1.6666666666666667,1.5,-0.0039943196,-0.003568083,-0.00042623654,1.0,-0.16666666666666663,0,0
7,cycle44_subj07_margin_low_1sess_150ep,338,25906,0.047241617,0.044320393,696,0.0029212236,1.0,1.0,1.0,1.0,-0.00047422573,-0.0018143877,0.001340162,0.0,0.0,0,0
7,cycle44_subj07_margin_low_1sess_150ep,339,25959,0.05103931,0.04310202,634,0.00793729,1.0,1.0,1.0,1.0,-0.0022918582,-0.005900521,0.0036086626,0.0,0.0,0,0
7,cycle44_subj07_margin_low_1sess_150ep,340,26119,0.048947718,0.053995118,100,-0.0050473996,2.0,0.6,1.4,1.0,0.0007471442,0.0007608533,-1.3709068e-05,-1.0,0.39999999999999997,0,0
7,cycle44_subj07_margin_low_1sess_150ep,341,26127,0.052761517,0.056037825,571,-0.0032763071,3.0,0.2857142857142857,1.7142857142857142,2.0,0.00053041056,0.003497377,-0.0029669665,1.0,-0.2857142857142857,0,0
7,cycle44_subj07_margin_low_1sess_150ep,342,26163,0.046071623,0.047998894,850,-0.0019272715,3.0,0.4,1.6,2.0,-0.0010120831,-0.00027366728,-0.00073841587,0.0,-0.19999999999999996,0,0
7,cycle44_subj07_margin_low_1sess_150ep,343,26243,0.042489316,0.055735584,844,-0.013246268,27.0,0.0,9.625,9.5,0.0026569702,-0.0019831322,0.0046401024,-22.0,0.0,0,0
7,cycle44_subj07_margin_low_1sess_150ep,344,26292,0.025701784,0.048216246,396,-0.022514462,101.0,0.0,33.125,34.5,-0.004419107,-0.003170766,-0.001248341,7.0,0.0,0,0
7,cycle44_subj07_margin_low_1sess_150ep,345,26307,0.05410339,0.043979317,840,0.010124072,1.0,1.0,1.0,1.0,0.0010776892,-0.0010671578,0.002144847,0.0,0.0,0,0
7,cycle44_subj07_margin_low_1sess_150ep,346,26351,0.048985485,0.05113437,50,-0.0021488853,2.0,0.8,1.2,1.0,-0.0029914714,-0.0034251772,0.00043370575,0.0,0.0,0,0
7,cycle44_subj07_margin_low_1sess_150ep,347,26372,0.037176255,0.042637024,872,-0.005460769,9.0,0.0,3.466666666666667,3.0,-0.010644171,-0.0044888034,-0.006155368,8.0,-1.0,1,0
7,cycle44_subj07_margin_low_1sess_150ep,348,26435,0.054281894,0.046513733,659,0.0077681616,1.0,1.0,1.0,1.0,7.6256692e-06,0.00029575825,-0.00028813258,0.0,0.0,0,0
7,cycle44_subj07_margin_low_1sess_150ep,349,26458,0.053794667,0.055896886,541,-0.0021022186,5.0,0.16666666666666666,2.3333333333333335,2.0,0.0018545911,-0.0042571537,0.006111745,-6.0,0.16666666666666666,0,0
7,cycle44_subj07_margin_low_1sess_150ep,350,26598,0.040234692,0.040692266,899,-0.00045757368,2.0,0.6,1.4,1.0,-0.005532544,-0.0032262579,-0.0023062862,1.0,-0.4,1,0
7,cycle44_subj07_margin_low_1sess_150ep,351,26720,0.03456934,0.04704357,32,-0.012474228,20.0,0.0,7.909090909090909,7.0,-0.0038815476,-0.004687559,0.00080601126,3.0,0.0,0,0
7,cycle44_subj07_margin_low_1sess_150ep,352,26780,0.025191413,0.055222437,208,-0.030031024,101.0,0.0,28.857142857142858,28.0,-0.0061937217,0.00576495,-0.011958672,57.0,0.0,0,0
7,cycle44_subj07_margin_low_1sess_150ep,353,26895,0.06283934,0.05070283,982,0.012136508,1.0,1.0,1.0,1.0,0.0005652532,-0.003957201,0.004522454,0.0,0.0,0,0
7,cycle44_subj07_margin_low_1sess_150ep,354,26909,0.036159616,0.042793375,208,-0.0066337585,10.0,0.0,4.1,4.0,0.0006635338,-0.00038725883,0.0010507926,-13.0,0.0,0,0
7,cycle44_subj07_margin_low_1sess_150ep,355,26971,0.02896066,0.055372357,689,-0.026411697,117.0,0.0,35.38461538461539,36.0,6.1929226e-05,-0.00078258663,0.00084451586,-74.0,0.0,0,0
7,cycle44_subj07_margin_low_1sess_150ep,356,26990,0.0489574,0.051981386,118,-0.0030239858,3.0,0.6666666666666666,1.4444444444444444,1.0,-0.0069115385,-0.0038694367,-0.0030421019,2.0,-0.33333333333333337,1,0
7,cycle44_subj07_margin_low_1sess_150ep,357,27242,0.04271331,0.04681835,553,-0.004105039,3.0,0.5555555555555556,1.5555555555555556,1.0,-0.003285423,-0.005741697,0.0024562739,0.0,0.0,0,0
7,cycle44_subj07_margin_low_1sess_150ep,358,27275,0.049915295,0.04377578,607,0.006139517,1.0,1.0,1.0,1.0,-0.0032023042,-0.00349484,0.00029253587,0.0,0.0,0,0
7,cycle44_subj07_margin_low_1sess_150ep,359,27287,0.047529977,0.054871187,346,-0.00734121,7.0,0.0,3.1666666666666665,3.5,-0.004799735,-0.001513686,-0.0032860488,2.0,-0.16666666666666666,0,0
7,cycle44_subj07_margin_low_1sess_150ep,360,27326,0.04847434,0.051468253,828,-0.0029939115,4.0,0.3333333333333333,2.0,2.0,0.0021131486,-0.0011384934,0.003251642,-6.0,0.2222222222222222,0,0
7,cycle44_subj07_margin_low_1sess_150ep,361,27435,0.049711432,0.04038521,951,0.009326223,1.0,1.0,1.0,1.0,-0.0030739754,-0.00540974,0.0023357645,0.0,0.0,0,0
7,cycle44_subj07_margin_low_1sess_150ep,362,27568,0.036816273,0.04659429,178,-0.009778015,15.0,0.0,5.4375,5.0,-0.002581805,-0.0052297004,0.0026478954,-1.0,0.0,0,0
7,cycle44_subj07_margin_low_1sess_150ep,363,27580,0.042815074,0.04097564,442,0.0018394329,1.0,1.0,1.0,1.0,-0.0033699311,-0.0096131265,0.0062431954,-4.0,0.7777777777777778,0,1
7,cycle44_subj07_margin_low_1sess_150ep,364,27830,0.025518507,0.05693848,967,-0.031419974,99.0,0.0,31.5,32.5,-0.004461713,0.0029201582,-0.0073818713,12.0,0.0,0,0
7,cycle44_subj07_margin_low_1sess_150ep,365,27878,0.055820215,0.07185477,567,-0.016034555,4.0,0.375,1.875,2.0,0.0047939904,0.0025440603,0.00224993,-3.0,0.125,0,0
7,cycle44_subj07_margin_low_1sess_150ep,366,27972,0.03528258,0.048282966,668,-0.013000388,20.0,0.0,5.5,5.0,-0.0039700456,-0.0024678446,-0.001502201,6.0,0.0,0,0
7,cycle44_subj07_margin_low_1sess_150ep,367,28024,0.05021202,0.055664532,115,-0.0054525137,2.0,1.0,1.0,1.0,-0.0059206225,-0.0027580485,-0.003162574,0.0,0.0,0,0
7,cycle44_subj07_margin_low_1sess_150ep,368,28068,0.061846893,0.0589409,770,0.0029059947,1.0,1.0,1.0,1.0,0.0027797855,-0.0015352853,0.004315071,-1.0,0.41666666666666663,0,1
7,cycle44_subj07_margin_low_1sess_150ep,369,28096,0.044880804,0.055966135,655,-0.011085331,9.0,0.1,2.7,3.0,0.004559312,0.004707478,-0.00014816597,-6.0,0.1,0,0
7,cycle44_subj07_margin_low_1sess_150ep,370,28159,0.055474397,0.052998733,176,0.002475664,1.0,1.0,1.0,1.0,-0.0042782873,-0.0007518418,-0.0035264455,0.0,0.0,0,0
7,cycle44_subj07_margin_low_1sess_150ep,371,28189,0.03130846,0.04309223,990,-0.0117837675,34.0,0.0,11.444444444444445,11.0,-0.006100122,-0.005417995,-0.00068212673,24.0,-0.1111111111111111,0,0
7,cycle44_subj07_margin_low_1sess_150ep,372,28286,0.058190312,0.05122074,208,0.006969571,1.0,1.0,1.0,1.0,0.0030074455,-0.0039945394,0.007001985,-1.0,0.25,0,1
7,cycle44_subj07_margin_low_1sess_150ep,373,28303,0.054799277,0.07079384,567,-0.01599456,3.0,0.3333333333333333,1.6666666666666667,2.0,-0.0011130385,0.0029803216,-0.00409336,1.0,-0.4444444444444445,0,0
7,cycle44_subj07_margin_low_1sess_150ep,374,28319,0.044721726,0.036850803,40,0.007870924,1.0,1.0,1.0,1.0,-0.005317934,-0.00034176186,-0.004976172,0.0,0.0,0,0
7,cycle44_subj07_margin_low_1sess_150ep,375,28325,0.045694135,0.057861425,390,-0.01216729,11.0,0.125,3.625,4.0,-0.0015340447,0.0010907017,-0.0026247464,-1.0,0.0,0,0
7,cycle44_subj07_margin_low_1sess_150ep,376,28341,0.050339673,0.047890928,153,0.002448745,1.0,1.0,1.0,1.0,9.71891e-05,-0.009206422,0.009303611,-1.0,0.6,0,1
7,cycle44_subj07_margin_low_1sess_150ep,377,28349,0.069420785,0.04265211,173,0.026768673,1.0,1.0,1.0,1.0,-0.0030739754,-0.006419856,0.0033458807,0.0,0.0,0,0
7,cycle44_subj07_margin_low_1sess_150ep,378,28418,0.032625705,0.05341888,204,-0.020793173,92.0,0.0,25.6,26.0,-0.0037770234,0.0019988231,-0.0057758465,23.0,0.0,0,0
7,cycle44_subj07_margin_low_1sess_150ep,379,28487,0.04142889,0.052501105,208,-0.011072215,14.0,0.0,4.625,5.0,-0.0016142614,-0.004442863,0.0028286017,-4.0,0.0,0,0
7,cycle44_subj07_margin_low_1sess_150ep,380,28524,0.06198443,0.045220733,990,0.016763698,1.0,1.0,1.0,1.0,-0.0071941353,-0.0002769865,-0.006917149,0.0,0.0,0,0
7,cycle44_subj07_margin_low_1sess_150ep,381,28595,0.053134814,0.0398277,55,0.013307113,1.0,1.0,1.0,1.0,-0.0032606833,-0.0037859045,0.0005252212,0.0,0.0,0,0
7,cycle44_subj07_margin_low_1sess_150ep,382,28689,0.047635842,0.04132905,372,0.0063067935,1.0,1.0,1.0,1.0,-0.0024410859,-0.0023955107,-4.55752e-05,0.0,0.0,0,0
7,cycle44_subj07_margin_low_1sess_150ep,383,28745,0.03664694,0.06410906,274,-0.027462117,13.0,0.0,5.142857142857143,4.5,-0.0022555888,0.0034258887,-0.0056814775,1.0,0.0,0,0
7,cycle44_subj07_margin_low_1sess_150ep,384,28751,0.067627326,0.05406763,2,0.013559695,1.0,1.0,1.0,1.0,0.002433002,0.0034917295,-0.0010587275,0.0,0.0,0,0
7,cycle44_subj07_margin_low_1sess_150ep,385,28755,0.06370855,0.050334364,327,0.013374187,1.0,1.0,1.0,1.0,0.0006230548,-0.0005134009,0.0011364557,0.0,0.0,0,0
7,cycle44_subj07_margin_low_1sess_150ep,386,28788,0.04076179,0.048461307,572,-0.0076995157,4.0,0.5555555555555556,1.4444444444444444,1.0,-0.009215567,-0.002264589,-0.006950978,2.0,-0.33333333333333326,0,0
7,cycle44_subj07_margin_low_1sess_150ep,387,28898,0.04571065,0.04325614,265,0.002454508,1.0,1.0,1.0,1.0,0.0018927008,0.0027773306,-0.0008846298,0.0,0.0,0,0
7,cycle44_subj07_margin_low_1sess_150ep,388,28963,0.055603296,0.054343987,178,0.0012593083,1.0,1.0,1.0,1.0,-0.005199421,-0.002342891,-0.0028565302,0.0,0.0,0,0
7,cycle44_subj07_margin_low_1sess_150ep,389,29010,0.044090644,0.04870045,545,-0.0046098083,4.0,0.4444444444444444,1.7777777777777777,2.0,-0.0037908964,-0.0047375932,0.00094669685,1.0,-0.2222222222222222,0,0
7,cycle44_subj07_margin_low_1sess_150ep,390,29021,0.046257157,0.05749253,173,-0.011235375,8.0,0.0,3.25,3.5,0.0016919076,-0.001083009,0.0027749166,-9.0,0.0,0,0
7,cycle44_subj07_margin_low_1sess_150ep,391,29381,0.0565851,0.053382583,484,0.0032025166,1.0,1.0,1.0,1.0,5.622208e-05,-0.0007518567,0.0008080788,0.0,0.0,0,0
7,cycle44_subj07_margin_low_1sess_150ep,392,29568,0.057483867,0.05411901,327,0.0033648573,1.0,1.0,1.0,1.0,0.0012763664,0.00089902803,0.00037733838,0.0,0.0,0,0
7,cycle44_subj07_margin_low_1sess_150ep,393,29660,0.045557268,0.04607113,886,-0.0005138628,2.0,0.5,1.5,1.5,-0.0038513243,0.0024089888,-0.006260313,1.0,-0.5,1,0
7,cycle44_subj07_margin_low_1sess_150ep,394,29663,0.03460535,0.046324223,875,-0.011718873,18.0,0.0,6.666666666666667,7.0,-0.008986257,-0.003613647,-0.00537261,12.0,0.0,0,0
7,cycle44_subj07_margin_low_1sess_150ep,395,29680,0.049098995,0.039978977,545,0.009120017,1.0,1.0,1.0,1.0,-0.006502494,-0.0043022484,-0.0022002459,0.0,0.0,0,0
7,cycle44_subj07_margin_low_1sess_150ep,396,29711,0.059095632,0.049024735,644,0.010070898,1.0,1.0,1.0,1.0,-0.0013805777,-0.0005392954,-0.0008412823,0.0,0.0,0,0
7,cycle44_subj07_margin_low_1sess_150ep,397,29837,0.03713466,0.043083344,146,-0.005948685,5.0,0.375,1.875,2.0,-0.0046386234,-0.010669284,0.00603066,-5.0,0.375,0,0
7,cycle44_subj07_margin_low_1sess_150ep,398,29886,0.041744582,0.04725301,759,-0.0055084266,6.0,0.125,2.375,2.0,-0.005227849,-0.0063928775,0.0011650287,4.0,-0.5,0,0
7,cycle44_subj07_margin_low_1sess_150ep,399,29919,0.07033637,0.052924387,630,0.017411985,1.0,1.0,1.0,1.0,-0.00065129995,-0.0065004863,0.0058491863,0.0,0.0,0,0
7,cycle44_subj07_margin_low_1sess_150ep,400,29980,0.03425198,0.05141706,923,-0.01716508,81.0,0.0,25.625,26.0,-0.0011982098,-0.0015769936,0.0003787838,-34.0,0.0,0,0
7,cycle44_subj07_margin_low_1sess_150ep,401,30081,0.04559423,0.045564987,380,2.9243529e-05,1.0,1.0,1.0,1.0,-0.009724639,-0.009444483,-0.00028015673,0.0,0.0,0,0
7,cycle44_subj07_margin_low_1sess_150ep,402,30373,0.02639419,0.034289893,489,-0.0078957025,10.0,0.0,3.5714285714285716,3.0,0.0032484513,-0.0040324666,0.007280918,-8.0,0.0,0,0
7,cycle44_subj07_margin_low_1sess_150ep,403,30395,0.06105781,0.05574827,250,0.005309541,1.0,1.0,1.0,1.0,-0.004781354,-0.002713807,-0.0020675473,0.0,0.0,0,0
7,cycle44_subj07_margin_low_1sess_150ep,404,30407,0.03910299,0.049740568,111,-0.010637578,26.0,0.0,8.4,7.0,0.0009655468,-0.0035593323,0.004524879,-20.0,0.0,0,0
7,cycle44_subj07_margin_low_1sess_150ep,405,30430,0.06021037,0.05433175,864,0.00587862,1.0,1.0,1.0,1.0,0.0007088408,8.743256e-06,0.00070009753,0.0,0.0,0,0
7,cycle44_subj07_margin_low_1sess_150ep,406,30563,0.04838302,0.047826774,139,0.00055624545,1.0,1.0,1.0,1.0,-0.0027631596,-0.0035167523,0.0007535927,-1.0,0.5,0,1
7,cycle44_subj07_margin_low_1sess_150ep,407,30601,0.050886646,0.047329362,307,0.0035572834,1.0,1.0,1.0,1.0,-0.0032437965,-0.002467811,-0.0007759854,0.0,0.0,0,0
7,cycle44_subj07_margin_low_1sess_150ep,408,30632,0.04850845,0.051102355,98,-0.0025939047,3.0,0.2727272727272727,1.7272727272727273,2.0,0.0034166612,-0.00096641853,0.0043830797,-6.0,0.2727272727272727,0,0
7,cycle44_subj07_margin_low_1sess_150ep,409,30672,0.05360976,0.05214106,250,0.0014686994,1.0,1.0,1.0,1.0,-0.0009284392,-0.00092010945,-8.329749e-06,0.0,0.0,0,0
7,cycle44_subj07_margin_low_1sess_150ep,410,30674,0.05937727,0.049200736,286,0.010176536,1.0,1.0,1.0,1.0,0.0018084534,-0.003036268,0.0048447214,0.0,0.0,0,0
7,cycle44_subj07_margin_low_1sess_150ep,411,30847,0.029292233,0.06393648,567,-0.034644246,185.0,0.0,57.916666666666664,58.0,-0.0039863326,-0.00057994574,-0.0034063868,32.0,0.0,0,0
7,cycle44_subj07_margin_low_1sess_150ep,412,30856,0.034681622,0.03776512,107,-0.0030834973,4.0,0.6666666666666666,1.4444444444444444,1.0,-0.0029663183,-0.004263606,0.0012972876,-1.0,0.11111111111111105,0,0
7,cycle44_subj07_margin_low_1sess_150ep,413,30887,0.052021973,0.046017744,591,0.006004229,1.0,1.0,1.0,1.0,-0.0062737614,0.00028853863,-0.0065623,0.0,0.0,0,0
7,cycle44_subj07_margin_low_1sess_150ep,414,30922,0.05703918,0.049126707,327,0.007912472,1.0,1.0,1.0,1.0,0.002047807,-0.000407923,0.00245573,0.0,0.0,0,0
7,cycle44_subj07_margin_low_1sess_150ep,415,30935,0.049542695,0.047850557,847,0.0016921386,1.0,1.0,1.0,1.0,0.003885448,-0.0023768842,0.006262332,-2.0,0.6666666666666667,0,1
7,cycle44_subj07_margin_low_1sess_150ep,416,30954,0.040796902,0.050650567,967,-0.009853665,8.0,0.0,3.4285714285714284,3.0,-0.0055388696,-0.00033682957,-0.00520204,4.0,-0.2857142857142857,0,0
7,cycle44_subj07_margin_low_1sess_150ep,417,31028,0.050778057,0.04544931,718,0.0053287484,1.0,1.0,1.0,1.0,-0.001199495,-0.002828382,0.0016288869,0.0,0.0,0,0
7,cycle44_subj07_margin_low_1sess_150ep,418,31049,0.03694251,0.04842056,146,-0.011478048,53.0,0.0,17.0,17.0,0.00029741228,-0.005549617,0.0058470294,-67.0,0.0,0,0
7,cycle44_subj07_margin_low_1sess_150ep,419,31064,0.04190458,0.043799706,590,-0.001895126,5.0,0.125,2.625,3.0,-0.0035448596,-0.008850973,0.0053061135,2.0,-0.25,0,0
7,cycle44_subj07_margin_low_1sess_150ep,420,31123,0.050562065,0.05878375,984,-0.008221686,2.0,0.8333333333333334,1.1666666666666667,1.0,-0.003080044,-0.0074970387,0.0044169948,0.0,0.0,0,0
7,cycle44_subj07_margin_low_1sess_150ep,421,31233,0.051921602,0.05275862,434,-0.00083701685,2.0,0.75,1.25,1.0,-0.0044261627,0.0024335645,-0.006859727,1.0,-0.25,1,0
7,cycle44_subj07_margin_low_1sess_150ep,422,31349,0.040074337,0.047125194,940,-0.007050857,4.0,0.2857142857142857,2.0,2.0,-0.0023275614,-0.0013431124,-0.0009844489,1.0,-0.14285714285714285,0,0
7,cycle44_subj07_margin_low_1sess_150ep,423,31446,0.03722109,0.049472615,310,-0.012251526,31.0,0.0,8.5,8.0,-0.0017738119,0.0008047521,-0.002578564,4.0,0.0,0,0
7,cycle44_subj07_margin_low_1sess_150ep,424,31659,0.03955374,0.053766165,567,-0.014212426,39.0,0.0,12.142857142857142,10.0,0.0009143017,0.00049170107,0.00042260066,-7.0,0.0,0,0
7,cycle44_subj07_margin_low_1sess_150ep,425,31747,0.035544824,0.04358975,132,-0.008044925,7.0,0.18181818181818182,3.0,3.0,0.0016954914,0.0011823326,0.00051315874,-25.0,0.18181818181818182,0,0
7,cycle44_subj07_margin_low_1sess_150ep,426,31782,0.026741257,0.03638207,178,-0.009640815,16.0,0.0,5.875,5.0,-0.008315576,-0.0058197714,-0.0024958048,9.0,-0.125,0,0
7,cycle44_subj07_margin_low_1sess_150ep,427,31801,0.05231725,0.055001386,882,-0.002684135,2.0,1.0,1.0,1.0,-0.00087716803,-0.00022120401,-0.000655964,0.0,0.0,0,0
7,cycle44_subj07_margin_low_1sess_150ep,428,31837,0.055268656,0.04273055,572,0.012538105,1.0,1.0,1.0,1.0,-0.00073492527,-0.0053225495,0.004587624,0.0,0.0,0,0
7,cycle44_subj07_margin_low_1sess_150ep,429,31936,0.047131334,0.04152383,660,0.0056075044,1.0,1.0,1.0,1.0,8.711964e-05,-6.3188374e-05,0.00015030801,0.0,0.0,0,0
7,cycle44_subj07_margin_low_1sess_150ep,430,31964,0.0644222,0.056334194,15,0.008088004,1.0,1.0,1.0,1.0,-0.0044929534,-0.0013738982,-0.0031190552,0.0,0.0,0,0
7,cycle44_subj07_margin_low_1sess_150ep,431,32053,0.040940393,0.05893881,567,-0.017998416,28.0,0.0,8.857142857142858,9.0,0.00045354664,-0.00029818714,0.0007517338,-22.0,0.0,0,0
7,cycle44_subj07_margin_low_1sess_150ep,432,32232,0.026874522,0.04949913,308,-0.02262461,63.0,0.0,21.0,20.0,0.0022494048,0.0017527752,0.0004966296,-78.0,0.0,0,0
7,cycle44_subj07_margin_low_1sess_150ep,433,32303,0.05345022,0.04540354,226,0.008046679,1.0,1.0,1.0,1.0,0.0016964898,-0.0046080053,0.006304495,0.0,0.0,0,0
7,cycle44_subj07_margin_low_1sess_150ep,434,32307,0.052924,0.051066283,282,0.0018577166,1.0,1.0,1.0,1.0,-0.0046217553,-0.0019228719,-0.0026988834,0.0,0.0,0,0
7,cycle44_subj07_margin_low_1sess_150ep,435,32625,0.029351626,0.04684786,93,-0.017496236,11.0,0.0,5.0,4.5,0.0021420438,-0.0010265894,0.0031686332,-13.0,0.0,0,0
7,cycle44_subj07_margin_low_1sess_150ep,436,32643,0.04182747,0.06182689,567,-0.019999418,29.0,0.0,10.058823529411764,10.0,0.0002672039,0.005223185,-0.004955981,8.0,0.0,0,0
7,cycle44_subj07_margin_low_1sess_150ep,437,32716,0.06211118,0.044750407,54,0.017360773,1.0,1.0,1.0,1.0,0.0013028271,-0.0040717125,0.0053745396,0.0,0.0,0,0
7,cycle44_subj07_margin_low_1sess_150ep,438,32771,0.05538622,0.052790854,777,0.002595365,1.0,1.0,1.0,1.0,1.9673258e-05,-0.0016458891,0.0016655624,0.0,0.0,0,0
7,cycle44_subj07_margin_low_1sess_150ep,439,32772,0.03220475,0.04448248,370,-0.01227773,37.0,0.0,12.5,13.0,0.0015641674,-0.0021649413,0.0037291087,-27.0,0.0,0,0
7,cycle44_subj07_margin_low_1sess_150ep,440,32857,0.044641957,0.052461233,327,-0.007819276,5.0,0.3333333333333333,2.1666666666666665,2.0,-0.0008881241,0.000880938,-0.0017690621,2.0,-0.16666666666666669,0,0
7,cycle44_subj07_margin_low_1sess_150ep,441,32891,0.037703834,0.041453436,685,-0.0037496015,4.0,0.125,2.375,2.0,-0.0045060404,-0.006921191,0.0024151504,0.0,-0.125,0,0
7,cycle44_subj07_margin_low_1sess_150ep,442,32910,0.043846685,0.0385685,363,0.005278185,1.0,1.0,1.0,1.0,-0.0029337555,-0.0036002062,0.0006664507,0.0,0.0,0,0
7,cycle44_subj07_margin_low_1sess_150ep,443,33131,0.053650483,0.053265464,947,0.00038501993,1.0,1.0,1.0,1.0,0.003700737,-0.0035127588,0.0072134957,-5.0,0.8571428571428572,0,1
7,cycle44_subj07_margin_low_1sess_150ep,444,33171,0.040365912,0.04458776,864,-0.004221849,2.0,1.0,1.0,1.0,0.00014380738,-0.0010424703,0.0011862777,0.0,0.0,0,0
7,cycle44_subj07_margin_low_1sess_150ep,445,33189,0.04059234,0.050907772,484,-0.010315433,11.0,0.125,4.625,4.5,0.0005348511,-0.0010051131,0.0015399642,-14.0,0.125,0,0
7,cycle44_subj07_margin_low_1sess_150ep,446,33245,0.03540527,0.044906553,93,-0.009501282,17.0,0.0,6.666666666666667,7.0,-0.0026495233,-0.0037596524,0.0011101291,-15.0,0.0,0,0
7,cycle44_subj07_margin_low_1sess_150ep,447,33289,0.033753633,0.046884436,923,-0.013130803,35.0,0.0,12.727272727272727,13.0,0.005799694,0.0009665787,0.0048331153,-115.0,0.0,0,0
7,cycle44_subj07_margin_low_1sess_150ep,448,33521,0.042012937,0.04608751,543,-0.0040745735,9.0,0.14285714285714285,4.142857142857143,4.0,-0.004261274,-0.003905598,-0.00035567582,1.0,0.14285714285714285,0,0
7,cycle44_subj07_margin_low_1sess_150ep,449,33543,0.06485057,0.057164095,543,0.0076864734,1.0,1.0,1.0,1.0,0.00084330887,0.00082238764,2.092123e-05,0.0,0.0,0,0
7,cycle44_subj07_margin_low_1sess_150ep,450,33752,0.044606365,0.0574736,545,-0.012867235,4.0,0.3333333333333333,1.9333333333333333,2.0,-0.001962673,-0.0025731623,0.0006104894,-1.0,0.1333333333333333,0,0
7,cycle44_subj07_margin_low_1sess_150ep,451,33813,0.0266358,0.047771752,698,-0.021135952,153.0,0.0,48.4,48.5,-0.0064780377,0.0005104579,-0.0069884956,113.0,0.0,0,0
7,cycle44_subj07_margin_low_1sess_150ep,452,33906,0.029566552,0.04189466,770,-0.012328107,20.0,0.0,5.0,6.0,8.6750835e-05,-0.0023107864,0.0023975372,-8.0,0.0,0,0
7,cycle44_subj07_margin_low_1sess_150ep,453,34068,0.02815641,0.048006687,380,-0.019850276,106.0,0.0,31.6,32.0,-0.003368955,-0.0057886057,0.0024196506,6.0,0.0,0,0
7,cycle44_subj07_margin_low_1sess_150ep,454,34080,0.03905581,0.05082844,567,-0.011772629,44.0,0.0,11.875,12.0,-0.007697787,-0.0028650984,-0.0048326887,36.0,-0.125,0,0
7,cycle44_subj07_margin_low_1sess_150ep,455,34089,0.04936374,0.053723447,516,-0.0043597072,4.0,0.4,1.9,2.0,-0.0031297207,-0.0006250106,-0.00250471,1.0,-0.19999999999999996,0,0
7,cycle44_subj07_margin_low_1sess_150ep,456,34126,0.05489018,0.05564578,577,-0.00075560063,2.0,0.4444444444444444,1.5555555555555556,2.0,-0.0023544282,-0.004750751,0.0023963228,0.0,0.0,0,0
7,cycle44_subj07_margin_low_1sess_150ep,457,34186,0.025418203,0.037959527,546,-0.012541324,17.0,0.0,5.454545454545454,6.0,-0.009060655,-0.00036679208,-0.008693863,11.0,-0.18181818181818182,0,0
7,cycle44_subj07_margin_low_1sess_150ep,458,34238,0.042963818,0.045449298,740,-0.0024854802,4.0,0.5555555555555556,1.5555555555555556,1.0,-0.0027379617,-0.005175259,0.0024372973,-2.0,0.22222222222222227,0,0
7,cycle44_subj07_margin_low_1sess_150ep,459,34418,0.012948801,0.05296269,321,-0.04001389,626.0,0.0,188.375,191.5,-0.0006477954,-0.0070705414,0.006422747,2.0,0.0,0,0
7,cycle44_subj07_margin_low_1sess_150ep,460,34603,0.0581693,0.05868874,710,-0.0005194396,2.0,0.42857142857142855,1.5714285714285714,2.0,-0.0017812289,-0.0041031353,0.0023219064,0.0,0.0,0,0
7,cycle44_subj07_margin_low_1sess_150ep,461,34751,0.067795694,0.050853837,79,0.016941857,1.0,1.0,1.0,1.0,0.0040353835,-0.00064246356,0.004677847,0.0,0.0,0,0
7,cycle44_subj07_margin_low_1sess_150ep,462,34829,0.042070143,0.0531057,931,-0.011035558,11.0,0.0,3.5,3.0,-0.0074863844,-0.0045650303,-0.002921354,5.0,-0.1,0,0
7,cycle44_subj07_margin_low_1sess_150ep,463,34845,0.047135722,0.05676325,12,-0.0096275285,7.0,0.1111111111111111,2.6666666666666665,3.0,-0.0017890856,0.0005972609,-0.0023863465,-2.0,0.1111111111111111,0,0
7,cycle44_subj07_margin_low_1sess_150ep,464,34850,0.044672523,0.053617455,372,-0.008944932,2.0,0.6666666666666666,1.3333333333333333,1.0,-0.005188953,0.005080562,-0.010269515,1.0,-0.33333333333333337,1,0
7,cycle44_subj07_margin_low_1sess_150ep,465,34874,0.05633807,0.05658885,967,-0.0002507791,2.0,0.5714285714285714,1.4285714285714286,1.0,-0.004102327,0.005487982,-0.009590309,1.0,-0.4285714285714286,1,0
7,cycle44_subj07_margin_low_1sess_150ep,466,34975,0.025507309,0.043990687,302,-0.018483378,70.0,0.0,21.625,21.5,-0.0045675486,-0.006880101,0.0023125522,1.0,0.0,0,0
7,cycle44_subj07_margin_low_1sess_150ep,467,35094,0.052110318,0.05522975,178,-0.0031194314,3.0,0.6666666666666666,1.3333333333333333,1.0,-0.0015429668,-0.0022874437,0.0007444769,0.0,0.0,0,0
7,cycle44_subj07_margin_low_1sess_150ep,468,35129,0.044139776,0.05230155,872,-0.008161772,18.0,0.0,6.7,7.0,-0.01015858,-0.00210654,-0.00805204,16.0,-0.5,0,0
7,cycle44_subj07_margin_low_1sess_150ep,469,35743,0.048663698,0.053425997,567,-0.0047622994,4.0,0.25,2.0833333333333335,2.0,-0.003441289,-0.0015817173,-0.0018595718,1.0,-0.16666666666666669,0,0
7,cycle44_subj07_margin_low_1sess_150ep,470,35752,0.03919262,0.04546144,827,-0.006268818,6.0,0.2857142857142857,2.142857142857143,2.0,-0.0039361157,-0.0018136129,-0.0021225028,1.0,0.0,0,0
7,cycle44_subj07_margin_low_1sess_150ep,471,35790,0.046340052,0.05452548,567,-0.008185428,12.0,0.0,4.923076923076923,5.0,0.00087216496,-0.0020957477,0.0029679127,-9.0,0.0,0,0
7,cycle44_subj07_margin_low_1sess_150ep,472,35798,0.040285114,0.043269344,250,-0.0029842295,6.0,0.3333333333333333,2.0,2.0,-0.004449036,-0.0030844659,-0.0013645701,4.0,-0.4444444444444445,0,0
7,cycle44_subj07_margin_low_1sess_150ep,473,35986,0.052272644,0.047106445,327,0.005166199,1.0,1.0,1.0,1.0,0.0007031113,0.0004416965,0.0002614148,0.0,0.0,0,0
7,cycle44_subj07_margin_low_1sess_150ep,474,36067,0.044703975,0.041950762,947,0.002753213,1.0,1.0,1.0,1.0,-0.0045393184,-0.0010194518,-0.0035198666,0.0,0.0,0,0
7,cycle44_subj07_margin_low_1sess_150ep,475,36258,0.055313233,0.05041141,677,0.0049018227,1.0,1.0,1.0,1.0,-0.0027698018,-0.008563813,0.005794011,-1.0,0.30000000000000004,0,1
7,cycle44_subj07_margin_low_1sess_150ep,476,36476,0.047472715,0.057032138,567,-0.009559423,12.0,0.0,4.333333333333333,4.0,0.0022941418,-0.001730036,0.004024178,-29.0,0.0,0,0
7,cycle44_subj07_margin_low_1sess_150ep,477,36569,0.045621622,0.06270462,567,-0.017083,22.0,0.0,6.125,6.0,0.0003566444,-0.00069238245,0.0010490268,-10.0,0.0,0,0
7,cycle44_subj07_margin_low_1sess_150ep,478,36576,0.034274153,0.041346382,441,-0.007072229,5.0,0.2,1.9,2.0,-0.00428693,-0.006716687,0.0024297573,-1.0,0.0,0,0
7,cycle44_subj07_margin_low_1sess_150ep,479,36623,0.055283874,0.05604298,2,-0.00075910613,2.0,0.6666666666666666,1.3333333333333333,1.0,-0.0036960654,-0.00053510815,-0.0031609572,1.0,-0.33333333333333337,1,0
7,cycle44_subj07_margin_low_1sess_150ep,480,36629,0.06392649,0.04820406,662,0.015722428,1.0,1.0,1.0,1.0,0.0023472495,-0.0058534034,0.008200653,0.0,0.0,0,0
7,cycle44_subj07_margin_low_1sess_150ep,481,36682,0.049502462,0.052810684,567,-0.0033082217,2.0,0.75,1.25,1.0,-0.0062678754,0.00023890659,-0.006506782,1.0,-0.25,1,0
7,cycle44_subj07_margin_low_1sess_150ep,482,36731,0.06015412,0.04470083,631,0.01545329,1.0,1.0,1.0,1.0,5.0790608e-05,-0.005224578,0.0052753687,0.0,0.0,0,0
7,cycle44_subj07_margin_low_1sess_150ep,483,36759,0.04515978,0.054283917,916,-0.009124137,6.0,0.45454545454545453,2.090909090909091,2.0,-0.0025962777,0.0057896413,-0.008385919,2.0,-0.09090909090909088,0,0
7,cycle44_subj07_margin_low_1sess_150ep,484,36910,0.067858145,0.04810123,231,0.019756913,1.0,1.0,1.0,1.0,0.0011629462,-0.0027024932,0.0038654394,0.0,0.0,0,0
7,cycle44_subj07_margin_low_1sess_150ep,485,36945,0.036236335,0.041849863,985,-0.005613528,12.0,0.09090909090909091,4.7272727272727275,5.0,0.00089395046,-0.0045718066,0.005465757,0.0,0.09090909090909091,0,0
7,cycle44_subj07_margin_low_1sess_150ep,486,36974,0.043047804,0.048124958,208,-0.0050771534,4.0,0.36363636363636365,2.0,2.0,-0.004844822,0.0038196184,-0.00866444,3.0,-0.6363636363636364,1,0
7,cycle44_subj07_margin_low_1sess_150ep,487,36978,0.0561402,0.048859183,139,0.0072810166,1.0,1.0,1.0,1.0,6.4596534e-05,-0.0070829615,0.007147558,0.0,0.0,0,0
7,cycle44_subj07_margin_low_1sess_150ep,488,37059,0.02925522,0.037507143,554,-0.008251922,7.0,0.125,3.375,3.0,-0.0044331644,0.00090039894,-0.0053335633,0.0,0.125,0,0
7,cycle44_subj07_margin_low_1sess_150ep,489,37221,0.03770131,0.04382338,894,-0.0061220713,6.0,0.0,3.0,3.0,-0.001811929,-0.005168408,0.003356479,2.0,-0.25,0,0
7,cycle44_subj07_margin_low_1sess_150ep,490,37224,0.06543237,0.049320094,536,0.016112275,1.0,1.0,1.0,1.0,-0.0031221583,-0.0047506876,0.0016285293,0.0,0.0,0,0
7,cycle44_subj07_margin_low_1sess_150ep,491,37436,0.024486672,0.03527523,554,-0.010788556,26.0,0.0,7.375,8.0,-0.0031236205,-0.003155619,3.199838e-05,6.0,0.0,0,0
7,cycle44_subj07_margin_low_1sess_150ep,492,37494,0.054375257,0.042355962,967,0.012019295,1.0,1.0,1.0,1.0,-0.0045166574,-0.0043329075,-0.00018374994,0.0,0.0,0,0
7,cycle44_subj07_margin_low_1sess_150ep,493,37608,0.06378667,0.052020177,516,0.011766493,1.0,1.0,1.0,1.0,-0.0011287034,0.0013159178,-0.0024446212,0.0,0.0,0,0
7,cycle44_subj07_margin_low_1sess_150ep,494,37736,0.04446704,0.05830838,208,-0.013841342,10.0,0.0,4.3,4.0,-0.0056682676,0.001616206,-0.0072844736,6.0,-0.3,0,0
7,cycle44_subj07_margin_low_1sess_150ep,495,37801,0.051544953,0.045513216,689,0.0060317367,1.0,1.0,1.0,1.0,-0.0024935193,-0.0032981746,0.00080465525,0.0,0.0,0,0
7,cycle44_subj07_margin_low_1sess_150ep,496,37927,0.031877868,0.036851004,380,-0.004973136,9.0,0.09090909090909091,3.1818181818181817,3.0,-0.0006874129,-0.0050305277,0.004343115,-8.0,0.0,0,0
7,cycle44_subj07_margin_low_1sess_150ep,497,38022,0.055541355,0.053574517,300,0.0019668378,1.0,1.0,1.0,1.0,0.0017636344,0.004346397,-0.0025827624,0.0,0.0,0,0
7,cycle44_subj07_margin_low_1sess_150ep,498,38025,0.034777846,0.050749402,777,-0.015971556,99.0,0.0,29.0,30.0,0.001328323,-0.0045647733,0.0058930963,-21.0,0.0,0,0
7,cycle44_subj07_margin_low_1sess_150ep,499,38060,0.068354644,0.06128528,875,0.007069364,1.0,1.0,1.0,1.0,0.004723005,0.00013925135,0.0045837536,0.0,0.0,0,0
7,cycle44_subj07_margin_low_1sess_150ep,500,38246,0.061489396,0.06506143,567,-0.0035720319,2.0,0.8,1.2,1.0,0.0034665726,0.0029829778,0.00048359483,0.0,0.0,0,0
7,cycle44_subj07_margin_low_1sess_150ep,501,38278,0.036105342,0.047011573,314,-0.010906231,17.0,0.0,6.0,6.0,-0.0059738904,-0.0023560263,-0.003617864,10.0,0.0,0,0
7,cycle44_subj07_margin_low_1sess_150ep,502,38297,0.040702857,0.041014392,886,-0.00031153485,2.0,0.7272727272727273,1.2727272727272727,1.0,-0.0036143325,-0.00091732666,-0.0026970059,1.0,-0.2727272727272727,1,0
7,cycle44_subj07_margin_low_1sess_150ep,503,38310,0.04877308,0.053081002,484,-0.004307922,5.0,0.2222222222222222,2.0,2.0,-0.0015275665,-0.0060815513,0.004553985,-1.0,0.1111111111111111,0,0
7,cycle44_subj07_margin_low_1sess_150ep,504,38358,0.042132337,0.04728017,11,-0.0051478334,8.0,0.1,3.3,3.5,-0.00021465868,-0.0014164038,0.0012017451,-3.0,0.1,0,0
7,cycle44_subj07_margin_low_1sess_150ep,505,38483,0.04612485,0.049666345,852,-0.0035414957,3.0,0.6666666666666666,1.3333333333333333,1.0,-0.0054795556,-0.0005971305,-0.004882425,2.0,-0.33333333333333337,1,0
7,cycle44_subj07_margin_low_1sess_150ep,506,38486,0.0440657,0.048782505,208,-0.004716806,3.0,0.6,1.7,1.0,0.00072556734,-0.0006661825,0.0013917498,0.0,0.0,0,0
7,cycle44_subj07_margin_low_1sess_150ep,507,38494,0.060964715,0.05108047,756,0.009884246,1.0,1.0,1.0,1.0,-0.003527712,-0.0027537793,-0.0007739328,0.0,0.0,0,0
7,cycle44_subj07_margin_low_1sess_150ep,508,38641,0.046191543,0.038738973,630,0.00745257,1.0,1.0,1.0,1.0,-0.003765788,-0.0030384548,-0.0007273331,0.0,0.0,0,0
7,cycle44_subj07_margin_low_1sess_150ep,509,38794,0.05438426,0.05079707,85,0.00358719,1.0,1.0,1.0,1.0,-0.0021384358,-0.004196912,0.0020584762,0.0,0.0,0,0
7,cycle44_subj07_margin_low_1sess_150ep,510,38817,0.057584133,0.0479667,828,0.009617433,1.0,1.0,1.0,1.0,-0.002789989,-0.0043530986,0.0015631095,0.0,0.0,0,0
7,cycle44_subj07_margin_low_1sess_150ep,511,38829,0.04121084,0.050908595,828,-0.009697754,15.0,0.0,4.222222222222222,5.0,-0.00609912,-0.0031546317,-0.002944488,4.0,0.0,0,0
7,cycle44_subj07_margin_low_1sess_150ep,512,38853,0.043457538,0.049329598,137,-0.0058720596,3.0,0.42857142857142855,1.7142857142857142,2.0,-0.007463731,-0.00020360202,-0.007260129,2.0,-0.5714285714285714,1,0
7,cycle44_subj07_margin_low_1sess_150ep,513,38978,0.050224215,0.043882295,372,0.0063419193,1.0,1.0,1.0,1.0,-0.0015855692,-0.00068631023,-0.000899259,0.0,0.0,0,0
7,cycle44_subj07_margin_low_1sess_150ep,514,39047,0.04974284,0.056848247,567,-0.0071054064,4.0,0.16666666666666666,2.0,2.0,0.0022551864,0.0013618357,0.0008933507,-3.0,0.0,0,0
7,cycle44_subj07_margin_low_1sess_150ep,515,39058,0.042423494,0.054820567,490,-0.012397073,12.0,0.0,4.666666666666667,4.0,-0.0019487664,-0.0020220391,7.3272735e-05,1.0,0.0,0,0
7,cycle44_subj07_margin_low_1sess_150ep,516,39095,0.04955466,0.04992516,327,-0.00037049875,2.0,0.8,1.2,1.0,-0.0045025684,-0.0016426817,-0.0028598867,1.0,-0.19999999999999996,1,0
7,cycle44_subj07_margin_low_1sess_150ep,517,39289,0.060774975,0.04529677,310,0.015478205,1.0,1.0,1.0,1.0,0.00213914,-0.004803136,0.006942276,0.0,0.0,0,0
7,cycle44_subj07_margin_low_1sess_150ep,518,39298,0.056121897,0.04309489,666,0.013027009,1.0,1.0,1.0,1.0,-0.0017833374,-0.0029634684,0.001180131,0.0,0.0,0,0
7,cycle44_subj07_margin_low_1sess_150ep,519,39369,0.047601946,0.047894258,146,-0.00029231235,2.0,0.8571428571428571,1.1428571428571428,1.0,0.00036053732,-0.010037363,0.0103979,0.0,0.0,0,0
7,cycle44_subj07_margin_low_1sess_150ep,520,39402,0.0669908,0.054760285,480,0.0122305155,1.0,1.0,1.0,1.0,-0.0015669316,0.0005441271,-0.0021110587,0.0,0.0,0,0
7,cycle44_subj07_margin_low_1sess_150ep,521,39509,0.0447475,0.059703987,134,-0.0149564855,22.0,0.0,7.111111111111111,8.0,0.0015833601,-0.0033135228,0.004896883,-2.0,0.0,0,0
7,cycle44_subj07_margin_low_1sess_150ep,522,39547,0.055003546,0.054139,189,0.00086454675,1.0,1.0,1.0,1.0,-0.0024889782,-0.0018318295,-0.00065714866,0.0,0.0,0,0
7,cycle44_subj07_margin_low_1sess_150ep,523,39553,0.051132116,0.06966561,567,-0.018533494,4.0,0.5,1.6,1.5,-0.000676509,0.003718838,-0.004395347,2.0,-0.19999999999999996,0,0
7,cycle44_subj07_margin_low_1sess_150ep,524,39841,0.062649384,0.05480925,947,0.007840134,1.0,1.0,1.0,1.0,0.001750622,-0.004024856,0.0057754777,0.0,0.0,0,0
7,cycle44_subj07_margin_low_1sess_150ep,525,39997,0.057104558,0.0538398,250,0.0032647587,1.0,1.0,1.0,1.0,0.0016603433,-0.0010514148,0.002711758,0.0,0.0,0,0
7,cycle44_subj07_margin_low_1sess_150ep,526,40153,0.051387325,0.053911332,11,-0.002524007,3.0,0.36363636363636365,1.7272727272727273,2.0,0.0019599237,0.0024739802,-0.00051405653,1.0,-0.09090909090909088,0,0
7,cycle44_subj07_margin_low_1sess_150ep,527,40235,0.034669805,0.046446472,158,-0.011776667,10.0,0.125,4.375,4.0,1.7743558e-05,-0.0006954707,0.0007132143,-9.0,0.125,0,0
7,cycle44_subj07_margin_low_1sess_150ep,528,40423,0.056796286,0.04126192,36,0.015534367,1.0,1.0,1.0,1.0,0.00047156587,-0.00015954301,0.0006311089,0.0,0.0,0,0
7,cycle44_subj07_margin_low_1sess_150ep,529,40548,0.03795115,0.06163198,967,-0.023680832,11.0,0.0,3.875,4.0,0.0023613572,0.0051008128,-0.0027394556,-5.0,0.0,0,0
7,cycle44_subj07_margin_low_1sess_150ep,530,40575,0.05964971,0.048186973,689,0.011462737,1.0,1.0,1.0,1.0,0.0029254109,0.0054362603,-0.0025108494,0.0,0.0,0,0
7,cycle44_subj07_margin_low_1sess_150ep,531,40721,0.031156972,0.053138793,499,-0.02198182,109.0,0.0,35.125,37.5,-0.004002221,0.0021673478,-0.0061695687,59.0,0.0,0,0
7,cycle44_subj07_margin_low_1sess_150ep,532,40770,0.058685567,0.050243393,180,0.008442175,1.0,1.0,1.0,1.0,2.8889626e-05,-0.004042167,0.004071057,0.0,0.0,0,0
7,cycle44_subj07_margin_low_1sess_150ep,533,40840,0.058723435,0.052140333,388,0.006583102,1.0,1.0,1.0,1.0,-0.0011614002,-0.0043361187,0.0031747185,0.0,0.0,0,0
7,cycle44_subj07_margin_low_1sess_150ep,534,40846,0.033938613,0.047440134,567,-0.013501521,20.0,0.0,7.25,6.5,-0.005943056,-0.003741216,-0.0022018403,-1.0,0.0,0,0
7,cycle44_subj07_margin_low_1sess_150ep,535,40909,0.05467473,0.05333945,641,0.0013352782,1.0,1.0,1.0,1.0,-0.0006168559,0.0031454787,-0.0037623346,0.0,0.0,0,0
7,cycle44_subj07_margin_low_1sess_150ep,536,40920,0.040975623,0.054151114,655,-0.013175491,15.0,0.0,5.0,4.0,0.0003578551,-0.00017035007,0.0005282052,-3.0,0.0,0,0
7,cycle44_subj07_margin_low_1sess_150ep,537,40924,0.069005735,0.05288489,260,0.016120844,1.0,1.0,1.0,1.0,-0.0067240223,-0.0014668703,-0.005257152,0.0,0.0,0,0
7,cycle44_subj07_margin_low_1sess_150ep,538,40935,0.03864165,0.04884269,788,-0.010201041,11.0,0.0,4.454545454545454,4.0,-0.0077191778,-0.0023879893,-0.0053311884,8.0,-0.2727272727272727,0,0
7,cycle44_subj07_margin_low_1sess_150ep,539,40979,0.032266036,0.036732078,200,-0.004466042,4.0,0.125,2.0,2.0,-0.007415343,-0.008935396,0.0015200526,2.0,-0.5,0,0
7,cycle44_subj07_margin_low_1sess_150ep,540,41056,0.057826184,0.048917595,867,0.008908588,1.0,1.0,1.0,1.0,-0.00054498017,0.00030824915,-0.0008532293,0.0,0.0,0,0
7,cycle44_subj07_margin_low_1sess_150ep,541,41097,0.058150195,0.060210746,50,-0.0020605512,3.0,0.6666666666666666,1.3333333333333333,1.0,-0.006702982,-0.0050230883,-0.0016798936,1.0,-0.33333333333333337,0,0
7,cycle44_subj07_margin_low_1sess_150ep,542,41116,0.045868617,0.043079842,708,0.0027887747,1.0,1.0,1.0,1.0,-0.0045418516,-0.0046054386,6.358698e-05,0.0,0.0,0,0
7,cycle44_subj07_margin_low_1sess_150ep,543,41137,0.06718764,0.051429104,449,0.015758533,1.0,1.0,1.0,1.0,-0.0010060072,-0.002071809,0.0010658018,0.0,0.0,0,0
7,cycle44_subj07_margin_low_1sess_150ep,544,41162,0.04497947,0.04683687,75,-0.0018573999,2.0,0.875,1.125,1.0,-0.008535262,-0.006069787,-0.0024654754,1.0,-0.125,1,0
7,cycle44_subj07_margin_low_1sess_150ep,545,41482,0.060206015,0.044993255,828,0.015212759,1.0,1.0,1.0,1.0,-0.0041236915,-0.005835898,0.0017122068,0.0,0.0,0,0
7,cycle44_subj07_margin_low_1sess_150ep,546,41566,0.041880645,0.051852312,886,-0.009971667,7.0,0.16666666666666666,3.1666666666666665,3.5,-0.004556872,-0.0010760799,-0.003480792,1.0,0.16666666666666666,0,0
7,cycle44_subj07_margin_low_1sess_150ep,547,41574,0.054422207,0.057087015,208,-0.0026648082,2.0,0.875,1.125,1.0,-0.0022422858,-0.00096426904,-0.0012780167,0.0,0.0,0,0
7,cycle44_subj07_margin_low_1sess_150ep,548,41623,0.032930326,0.04995414,580,-0.017023813,69.0,0.0,20.666666666666668,21.0,-0.003963489,-0.0033784173,-0.00058507174,17.0,0.0,0,0
7,cycle44_subj07_margin_low_1sess_150ep,549,41653,0.05160894,0.041393917,923,0.010215022,1.0,1.0,1.0,1.0,-0.0052750707,-0.0060899816,0.000814911,0.0,0.0,0,0
7,cycle44_subj07_margin_low_1sess_150ep,550,41710,0.042258535,0.047425948,208,-0.0051674135,7.0,0.0,3.25,3.0,-0.003923781,-0.0045878068,0.00066402555,3.0,-0.5,0,0
7,cycle44_subj07_margin_low_1sess_150ep,551,41778,0.04216569,0.048080754,75,-0.0059150644,3.0,0.375,1.625,2.0,-0.0010410994,-0.006570637,0.005529538,-3.0,0.25,0,0
7,cycle44_subj07_margin_low_1sess_150ep,552,41814,0.048483737,0.05155374,153,-0.0030700043,2.0,0.8,1.2,1.0,-0.0037243292,-0.0066912286,0.0029668994,0.0,0.0,0,0
7,cycle44_subj07_margin_low_1sess_150ep,553,41927,0.06034325,0.051422898,162,0.008920353,1.0,1.0,1.0,1.0,-0.0015299246,-0.009066887,0.0075369626,0.0,0.0,0,0
7,cycle44_subj07_margin_low_1sess_150ep,554,41934,0.056337334,0.050491896,545,0.0058454387,1.0,1.0,1.0,1.0,0.000104390085,-0.0004963018,0.0006006919,0.0,0.0,0,0
7,cycle44_subj07_margin_low_1sess_150ep,555,42007,0.025976349,0.039587706,990,-0.013611358,22.0,0.0,7.9,7.0,-0.0063615516,0.00028287992,-0.0066444315,11.0,0.0,0,0
7,cycle44_subj07_margin_low_1sess_150ep,556,42126,0.03767637,0.0464722,655,-0.008795828,7.0,0.07142857142857142,2.9285714285714284,3.0,-0.0028744303,0.00027256086,-0.0031469911,2.0,-0.21428571428571427,0,0
7,cycle44_subj07_margin_low_1sess_150ep,557,42166,0.039432514,0.053360358,28,-0.013927843,30.0,0.0,7.428571428571429,8.0,-0.0030088536,0.001368653,-0.0043775067,11.0,0.0,0,0
7,cycle44_subj07_margin_low_1sess_150ep,558,42171,0.056405194,0.04010298,40,0.016302213,1.0,1.0,1.0,1.0,-0.0019783862,-0.0011081472,-0.000870239,0.0,0.0,0,0
7,cycle44_subj07_margin_low_1sess_150ep,559,42214,0.065747,0.057087258,567,0.008659743,1.0,1.0,1.0,1.0,-0.0030491948,-0.0019045025,-0.0011446923,0.0,0.0,0,0
7,cycle44_subj07_margin_low_1sess_150ep,560,42224,0.054772846,0.045485634,715,0.009287212,1.0,1.0,1.0,1.0,0.0015227348,-0.0013824031,0.0029051378,0.0,0.0,0,0
7,cycle44_subj07_margin_low_1sess_150ep,561,42238,0.03609797,0.06229373,967,-0.02619576,112.0,0.0,33.42857142857143,35.0,-0.004104417,0.0076820254,-0.011786442,64.0,0.0,0,0
7,cycle44_subj07_margin_low_1sess_150ep,562,42299,0.047091898,0.05369229,770,-0.006600391,5.0,0.2857142857142857,2.142857142857143,2.0,0.0012953915,-0.0011586323,0.0024540238,-4.0,0.0,0,0
7,cycle44_subj07_margin_low_1sess_150ep,563,42473,0.038490467,0.049259298,655,-0.010768831,15.0,0.0,4.9,5.0,0.0063759014,-0.0010315105,0.007407412,-69.0,0.0,0,0
7,cycle44_subj07_margin_low_1sess_150ep,564,42563,0.055219237,0.055709764,828,-0.0004905276,2.0,0.6,1.4,1.0,0.0025593005,0.0009000264,0.0016592741,-1.0,0.19999999999999996,0,0
7,cycle44_subj07_margin_low_1sess_150ep,565,42642,0.022409955,0.049299344,522,-0.02688939,220.0,0.0,68.46666666666667,68.0,-0.005000891,-0.001822859,-0.003178032,58.0,0.0,0,0
7,cycle44_subj07_margin_low_1sess_150ep,566,42648,0.038616233,0.052765004,567,-0.014148772,49.0,0.0,15.25,14.5,0.0005588904,-0.0012443103,0.0018032007,-6.0,0.0,0,0
7,cycle44_subj07_margin_low_1sess_150ep,567,42697,0.07609306,0.04964852,468,0.026444543,1.0,1.0,1.0,1.0,0.0035698488,-0.008203901,0.01177375,0.0,0.0,0,0
7,cycle44_subj07_margin_low_1sess_150ep,568,42781,0.04223585,0.050203633,984,-0.007967781,5.0,0.25,2.25,2.0,-0.002273921,-0.004896473,0.0026225522,0.0,0.0,0,0
7,cycle44_subj07_margin_low_1sess_150ep,569,42851,0.050080415,0.037714597,172,0.012365818,1.0,1.0,1.0,1.0,-0.0026436,-0.0005936846,-0.0020499155,0.0,0.0,0,0
7,cycle44_subj07_margin_low_1sess_150ep,570,42912,0.039376263,0.059590213,541,-0.02021395,33.0,0.0,10.333333333333334,11.0,0.0012176111,-0.002648376,0.003865987,-19.0,0.0,0,0
7,cycle44_subj07_margin_low_1sess_150ep,571,42946,0.03611078,0.046452396,396,-0.0103416145,17.0,0.0,5.555555555555555,6.0,-0.0063384883,-0.003737662,-0.0026008263,12.0,-0.3333333333333333,0,0
7,cycle44_subj07_margin_low_1sess_150ep,572,42980,0.05277971,0.040814728,386,0.011964984,1.0,1.0,1.0,1.0,-0.00040417537,-0.005263321,0.0048591457,0.0,0.0,0,0
7,cycle44_subj07_margin_low_1sess_150ep,573,43107,0.043722842,0.05675572,327,-0.01303288,29.0,0.0,8.4,9.0,-0.0023224093,-0.001575917,-0.0007464923,7.0,0.0,0,0
7,cycle44_subj07_margin_low_1sess_150ep,574,43156,0.04798611,0.05332952,28,-0.005343411,6.0,0.2857142857142857,2.5714285714285716,2.0,0.0051158965,-0.0002607517,0.005376648,-6.0,0.2857142857142857,0,0
7,cycle44_subj07_margin_low_1sess_150ep,575,43157,0.052567907,0.044134885,481,0.008433022,1.0,1.0,1.0,1.0,-0.0015842356,-0.0008759275,-0.0007083081,0.0,0.0,0,0
7,cycle44_subj07_margin_low_1sess_150ep,576,43159,0.050292477,0.04897105,368,0.0013214275,1.0,1.0,1.0,1.0,-0.0048623346,-0.0022854544,-0.0025768802,0.0,0.0,0,0
7,cycle44_subj07_margin_low_1sess_150ep,577,43164,0.06918505,0.050591543,356,0.018593505,1.0,1.0,1.0,1.0,-0.003712751,-0.002302967,-0.001409784,0.0,0.0,0,0
7,cycle44_subj07_margin_low_1sess_150ep,578,43224,0.046916172,0.05063755,567,-0.0037213787,7.0,0.16666666666666666,2.5833333333333335,3.0,-0.0069219843,-0.0046845637,-0.0022374205,5.0,-0.6666666666666667,0,0
7,cycle44_subj07_margin_low_1sess_150ep,579,43250,0.036616422,0.05167107,737,-0.015054647,19.0,0.0,7.181818181818182,7.0,-0.0019261688,0.00020050257,-0.0021266714,7.0,0.0,0,0
7,cycle44_subj07_margin_low_1sess_150ep,580,43288,0.059125207,0.047813013,59,0.011312194,1.0,1.0,1.0,1.0,-0.001085367,-0.0053374097,0.0042520426,0.0,0.0,0,0
7,cycle44_subj07_margin_low_1sess_150ep,581,43428,0.06403041,0.05061528,505,0.013415128,1.0,1.0,1.0,1.0,-0.0028872713,-0.001399938,-0.0014873333,0.0,0.0,0,0
7,cycle44_subj07_margin_low_1sess_150ep,582,43429,0.04545248,0.04839311,30,-0.0029406324,4.0,0.6666666666666666,1.6666666666666667,1.0,0.003688436,0.00061568245,0.0030727535,-8.0,0.6666666666666666,0,0
7,cycle44_subj07_margin_low_1sess_150ep,583,43445,0.070999764,0.048241336,118,0.022758428,1.0,1.0,1.0,1.0,-0.0019815266,-0.003362015,0.0013804883,0.0,0.0,0,0
7,cycle44_subj07_margin_low_1sess_150ep,584,43465,0.05464738,0.06447553,967,-0.00982815,2.0,0.7,1.3,1.0,0.004244454,0.00067836046,0.0035660937,0.0,0.0,0,0
7,cycle44_subj07_margin_low_1sess_150ep,585,43500,0.04488233,0.051904578,567,-0.0070222467,10.0,0.0,3.6666666666666665,4.0,-0.005649358,-0.0065421127,0.00089275464,7.0,-0.5833333333333334,0,0
7,cycle44_subj07_margin_low_1sess_150ep,586,43619,0.05336023,0.06134105,499,-0.00798082,3.0,0.3333333333333333,1.75,2.0,0.0023670308,0.003990587,-0.001623556,-3.0,0.25,0,0
7,cycle44_subj07_margin_low_1sess_150ep,587,43675,0.053724043,0.051734965,967,0.0019890778,1.0,1.0,1.0,1.0,-0.0014038384,-0.0032015927,0.0017977543,0.0,0.0,0,0
7,cycle44_subj07_margin_low_1sess_150ep,588,43689,0.061947186,0.054904085,118,0.007043101,1.0,1.0,1.0,1.0,-0.00013438612,-0.005812291,0.005677905,0.0,0.0,0,0
7,cycle44_subj07_margin_low_1sess_150ep,589,43746,0.052601464,0.063463956,149,-0.010862492,9.0,0.0,3.3333333333333335,3.0,0.0032279268,0.0042704344,-0.0010425076,-1.0,0.0,0,0
7,cycle44_subj07_margin_low_1sess_150ep,590,43818,0.055728182,0.04631658,28,0.009411603,1.0,1.0,1.0,1.0,-0.0130762905,-0.00172434,-0.0113519505,0.0,0.0,0,0
7,cycle44_subj07_margin_low_1sess_150ep,591,43820,0.059556834,0.06071429,250,-0.0011574551,2.0,0.75,1.25,1.0,0.0034948066,0.0006358512,0.0028589554,0.0,0.0,0,0
7,cycle44_subj07_margin_low_1sess_150ep,592,43852,0.03717985,0.045673095,286,-0.008493245,12.0,0.0,4.3076923076923075,4.0,0.00028480962,-0.0017082468,0.0019930564,-8.0,0.0,0,0
7,cycle44_subj07_margin_low_1sess_150ep,593,43950,0.055671327,0.04626269,651,0.009408638,1.0,1.0,1.0,1.0,-0.0013849586,0.0016927049,-0.0030776635,0.0,0.0,0,0
7,cycle44_subj07_margin_low_1sess_150ep,594,43984,0.04842363,0.0439452,776,0.0044784285,1.0,1.0,1.0,1.0,-0.006250128,-0.008628052,0.0023779236,0.0,0.0,0,0
7,cycle44_subj07_margin_low_1sess_150ep,595,44052,0.049836926,0.040850878,543,0.008986048,1.0,1.0,1.0,1.0,0.0024110824,-0.0014378056,0.003848888,0.0,0.0,0,0
7,cycle44_subj07_margin_low_1sess_150ep,596,44097,0.06299527,0.060606822,82,0.0023884475,1.0,1.0,1.0,1.0,0.00243574,-0.0035200417,0.005955782,-1.0,0.5,0,1
7,cycle44_subj07_margin_low_1sess_150ep,597,44107,0.035122402,0.05385168,88,-0.018729277,25.0,0.0,8.125,7.5,-0.0036576688,0.0033179931,-0.006975662,-1.0,0.0,0,0
7,cycle44_subj07_margin_low_1sess_150ep,598,44138,0.05871271,0.065735005,717,-0.007022295,2.0,1.0,1.0,1.0,0.0013430417,5.930662e-05,0.001283735,0.0,0.0,0,0
7,cycle44_subj07_margin_low_1sess_150ep,599,44144,0.040530697,0.04754166,536,-0.007010963,13.0,0.0,5.125,5.0,0.00045977905,-0.0037492365,0.0042090155,-7.0,0.0,0,0
7,cycle44_subj07_margin_low_1sess_150ep,600,44184,0.04340715,0.046769224,809,-0.0033620745,2.0,0.6666666666666666,1.3333333333333333,1.0,0.0023405775,0.0025705323,-0.00022995472,-1.0,0.4444444444444444,0,0
7,cycle44_subj07_margin_low_1sess_150ep,601,44324,0.055869434,0.04716503,250,0.008704405,1.0,1.0,1.0,1.0,0.0039262585,-0.0012577176,0.005183976,0.0,0.0,0,0
7,cycle44_subj07_margin_low_1sess_150ep,602,44339,0.036109485,0.047294967,377,-0.011185482,14.0,0.1,5.0,5.0,0.0008056313,-0.000100679696,0.000906311,-12.0,0.1,0,0
7,cycle44_subj07_margin_low_1sess_150ep,603,44369,0.045274984,0.051032055,934,-0.005757071,4.0,0.375,1.875,2.0,-0.0019116104,-0.0031685643,0.0012569539,-1.0,0.125,0,0
7,cycle44_subj07_margin_low_1sess_150ep,604,44412,0.04111516,0.053680252,692,-0.012565091,36.0,0.0,11.714285714285714,12.0,-0.0024276152,-0.0043957382,0.001968123,-10.0,0.0,0,0
7,cycle44_subj07_margin_low_1sess_150ep,605,44705,0.037763305,0.051965866,230,-0.014202561,18.0,0.0,6.7,6.5,-0.00084221363,-0.0009049736,6.2759966e-05,-1.0,0.0,0,0
7,cycle44_subj07_margin_low_1sess_150ep,606,44720,0.05548537,0.04721627,18,0.008269101,1.0,1.0,1.0,1.0,-0.0026827715,-0.0036360025,0.000953231,0.0,0.0,0,0
7,cycle44_subj07_margin_low_1sess_150ep,607,44729,0.040102217,0.057130303,308,-0.017028086,11.0,0.0,3.8,4.0,-0.0028353855,-0.0008614361,-0.0019739494,2.0,-0.1,0,0
7,cycle44_subj07_margin_low_1sess_150ep,608,44736,0.05336644,0.049691826,875,0.0036746152,1.0,1.0,1.0,1.0,-0.0037577413,-0.00056465715,-0.0031930842,0.0,0.0,0,0
7,cycle44_subj07_margin_low_1sess_150ep,609,44844,0.038046636,0.046008725,567,-0.007962089,21.0,0.0,6.375,6.5,-0.0020660646,-0.005612299,0.0035462342,-12.0,0.0,0,0
7,cycle44_subj07_margin_low_1sess_150ep,610,44971,0.04526027,0.043354925,414,0.0019053444,1.0,1.0,1.0,1.0,0.0036004558,-0.005340729,0.008941185,-2.0,0.5454545454545454,0,1
7,cycle44_subj07_margin_low_1sess_150ep,611,44980,0.056678377,0.035103902,180,0.021574475,1.0,1.0,1.0,1.0,-0.002604153,-0.0032188818,0.0006147288,0.0,0.0,0,0
7,cycle44_subj07_margin_low_1sess_150ep,612,45129,0.031337608,0.044496343,967,-0.013158735,94.0,0.0,28.846153846153847,29.0,-0.0016589724,-0.0013874248,-0.0002715476,-5.0,0.0,0,0
7,cycle44_subj07_margin_low_1sess_150ep,613,45213,0.04906612,0.0555535,967,-0.0064873807,2.0,0.5555555555555556,1.4444444444444444,1.0,-0.0026823357,0.0018022954,-0.004484631,0.0,0.0,0,0
7,cycle44_subj07_margin_low_1sess_150ep,614,45356,0.053027995,0.054112367,321,-0.0010843724,2.0,0.5384615384615384,1.4615384615384615,1.0,-0.002016522,-0.008755341,0.006738819,0.0,0.0,0,0
7,cycle44_subj07_margin_low_1sess_150ep,615,45595,0.019007182,0.031249972,867,-0.01224279,30.0,0.0,10.272727272727273,11.0,-0.0053954143,-0.008318258,0.0029228441,8.0,0.0,0,0
7,cycle44_subj07_margin_low_1sess_150ep,616,45632,0.06853444,0.05671422,271,0.011820219,1.0,1.0,1.0,1.0,-0.0032002404,0.003534712,-0.0067349523,0.0,0.0,0,0
7,cycle44_subj07_margin_low_1sess_150ep,617,45746,0.034508504,0.042462807,172,-0.007954303,5.0,0.1,2.3,2.0,-0.011484429,-0.0044203177,-0.0070641115,3.0,-0.5,0,0
7,cycle44_subj07_margin_low_1sess_150ep,618,45750,0.02889405,0.045828972,590,-0.016934922,146.0,0.0,44.57142857142857,43.0,-0.0019608382,-0.0036636554,0.0017028172,-4.0,0.0,0,0
7,cycle44_subj07_margin_low_1sess_150ep,619,45837,0.04689783,0.040347412,452,0.0065504164,1.0,1.0,1.0,1.0,-0.0024508499,-0.004518144,0.002067294,0.0,0.0,0,0
7,cycle44_subj07_margin_low_1sess_150ep,620,45843,0.037731435,0.044469222,545,-0.0067377873,5.0,0.0,2.3333333333333335,2.0,-0.004480239,-0.002402857,-0.002077382,3.0,-1.0,0,0
7,cycle44_subj07_margin_low_1sess_150ep,621,45945,0.045118462,0.052339293,270,-0.007220831,5.0,0.25,2.25,2.0,-0.0019324236,-0.0042761937,0.0023437701,2.0,-0.375,0,0
7,cycle44_subj07_margin_low_1sess_150ep,622,45981,0.041606203,0.051228385,153,-0.009622183,3.0,0.6666666666666666,1.3333333333333333,1.0,-0.0046626553,0.00013000146,-0.0047926567,0.0,0.3333333333333333,0,0
7,cycle44_subj07_margin_low_1sess_150ep,623,45982,0.033560365,0.062465373,567,-0.028905008,72.0,0.0,21.363636363636363,22.0,-0.00049716234,-0.00055646524,5.9302896e-05,-3.0,0.0,0,0
7,cycle44_subj07_margin_low_1sess_150ep,624,45999,0.048590545,0.054536916,802,-0.0059463717,6.0,0.2222222222222222,2.111111111111111,2.0,-0.0056543797,-0.0018337108,-0.003820669,3.0,-0.1111111111111111,0,0
7,cycle44_subj07_margin_low_1sess_150ep,625,46002,0.030168,0.05767548,567,-0.02750748,20.0,0.0,6.0,7.0,0.006652154,0.0017307661,0.004921388,-38.0,0.0,0,0
7,cycle44_subj07_margin_low_1sess_150ep,626,46036,0.050629295,0.054915078,2,-0.0042857826,3.0,0.375,1.75,2.0,0.0047419257,0.003292691,0.0014492348,-1.0,0.1875,0,0
7,cycle44_subj07_margin_low_1sess_150ep,627,46101,0.049673777,0.048853464,875,0.00082031265,1.0,1.0,1.0,1.0,0.0018129796,-0.0055563897,0.0073693693,-3.0,0.5714285714285714,0,1
7,cycle44_subj07_margin_low_1sess_150ep,628,46136,0.041250385,0.052912015,449,-0.01166163,29.0,0.0,10.285714285714286,11.0,-0.001764372,-0.0012953803,-0.0004689917,-2.0,0.0,0,0
7,cycle44_subj07_margin_low_1sess_150ep,629,46150,0.03743165,0.042575758,593,-0.005144108,11.0,0.0,4.125,4.0,-0.011268888,-0.004621107,-0.0066477805,10.0,-1.0,1,0
7,cycle44_subj07_margin_low_1sess_150ep,630,46160,0.060776904,0.043298427,176,0.017478477,1.0,1.0,1.0,1.0,-0.0008581318,-0.0022388548,0.001380723,0.0,0.0,0,0
7,cycle44_subj07_margin_low_1sess_150ep,631,46274,0.015189091,0.04672511,178,-0.03153602,488.0,0.0,149.33333333333334,150.0,-0.0013502967,-0.002296321,0.00094602257,60.0,0.0,0,0
7,cycle44_subj07_margin_low_1sess_150ep,632,46321,0.06331647,0.047319304,810,0.015997168,1.0,1.0,1.0,1.0,-0.00087958574,0.00027946383,-0.0011590496,0.0,0.0,0,0
7,cycle44_subj07_margin_low_1sess_150ep,633,46372,0.02092806,0.0419693,178,-0.021041239,197.0,0.0,63.77777777777778,63.0,-0.004441444,-0.00337708,-0.0010643639,45.0,0.0,0,0
7,cycle44_subj07_margin_low_1sess_150ep,634,46380,0.05546619,0.054806627,875,0.00065956265,1.0,1.0,1.0,1.0,-0.0016415827,-0.00079614297,-0.00084543973,0.0,0.0,0,0
7,cycle44_subj07_margin_low_1sess_150ep,635,46460,0.061639957,0.044196762,856,0.017443195,1.0,1.0,1.0,1.0,0.006072242,-0.0015305094,0.0076027513,0.0,0.0,0,0
7,cycle44_subj07_margin_low_1sess_150ep,636,46462,0.050377227,0.04640986,322,0.003967367,1.0,1.0,1.0,1.0,-0.004168913,2.9854476e-05,-0.0041987672,0.0,0.0,0,0
7,cycle44_subj07_margin_low_1sess_150ep,637,46480,0.024974387,0.042891953,644,-0.017917566,49.0,0.0,17.5,17.0,-0.004571205,-0.0062582605,0.0016870555,9.0,0.0,0,0
7,cycle44_subj07_margin_low_1sess_150ep,638,46523,0.04808147,0.052959576,368,-0.0048781075,2.0,0.6,1.4,1.0,-0.0032330193,-0.0057695247,0.0025365055,-5.0,0.3,0,0
7,cycle44_subj07_margin_low_1sess_150ep,639,46642,0.034793444,0.043508828,598,-0.008715384,15.0,0.0,5.125,5.0,-0.008920159,-0.0037949234,-0.0051252358,10.0,-0.25,0,0
7,cycle44_subj07_margin_low_1sess_150ep,640,46661,0.047415182,0.06561584,282,-0.018200658,2.0,0.6153846153846154,1.3846153846153846,1.0,-0.0011339933,8.6687505e-05,-0.0012206808,-2.0,0.15384615384615385,0,0
7,cycle44_subj07_margin_low_1sess_150ep,641,46806,0.060464714,0.05680125,875,0.0036634654,1.0,1.0,1.0,1.0,-0.00068791956,0.0023066364,-0.002994556,0.0,0.0,0,0
7,cycle44_subj07_margin_low_1sess_150ep,642,46835,0.043193854,0.03346786,302,0.009725995,1.0,1.0,1.0,1.0,-0.005218532,-0.009905707,0.004687175,0.0,0.0,0,0
7,cycle44_subj07_margin_low_1sess_150ep,643,46861,0.05251032,0.045805447,139,0.0067048743,1.0,1.0,1.0,1.0,0.0013345294,-0.0012966245,0.002631154,0.0,0.0,0,0
7,cycle44_subj07_margin_low_1sess_150ep,644,47033,0.05897566,0.04475468,178,0.014220979,1.0,1.0,1.0,1.0,-0.0025996082,-0.0045323893,0.0019327812,0.0,0.0,0,0
7,cycle44_subj07_margin_low_1sess_150ep,645,47070,0.053272888,0.04741936,146,0.0058535263,1.0,1.0,1.0,1.0,-0.0025504231,-0.004110813,0.00156039,0.0,0.0,0,0
7,cycle44_subj07_margin_low_1sess_150ep,646,47099,0.042525575,0.044647757,173,-0.0021221824,2.0,0.7,1.3,1.0,-0.0027420223,-0.0022941567,-0.00044786558,0.0,0.0,0,0
7,cycle44_subj07_margin_low_1sess_150ep,647,47200,0.057484824,0.055880897,173,0.0016039275,1.0,1.0,1.0,1.0,-0.0009562224,-2.0951033e-05,-0.0009352714,0.0,0.0,0,0
7,cycle44_subj07_margin_low_1sess_150ep,648,47290,0.036688697,0.036898978,886,-0.00021028146,2.0,0.875,1.125,1.0,-0.0050284415,0.00073831156,-0.005766753,1.0,-0.125,1,0
7,cycle44_subj07_margin_low_1sess_150ep,649,47293,0.05770291,0.06475242,2,-0.007049512,2.0,0.4444444444444444,1.5555555555555556,2.0,-0.0045586936,0.0014247298,-0.0059834234,0.0,0.0,0,0
7,cycle44_subj07_margin_low_1sess_150ep,650,47321,0.038097996,0.04655787,584,-0.0084598735,4.0,0.14285714285714285,2.0,2.0,0.0027137212,-0.0012512654,0.0039649867,-5.0,0.14285714285714285,0,0
7,cycle44_subj07_margin_low_1sess_150ep,651,47408,0.04469489,0.047895316,380,-0.0032004267,4.0,0.3333333333333333,2.0,2.0,0.0048584566,-0.0029293932,0.0077878498,-7.0,0.3333333333333333,0,0
7,cycle44_subj07_margin_low_1sess_150ep,652,47598,0.0454814,0.051722046,810,-0.0062406473,7.0,0.09090909090909091,3.090909090909091,3.0,-0.0034814738,-0.0037521757,0.00027070194,0.0,0.09090909090909091,0,0
7,cycle44_subj07_margin_low_1sess_150ep,653,47600,0.0514074,0.059880987,947,-0.008473586,6.0,0.14285714285714285,2.142857142857143,2.0,-0.00046823546,-0.0047653094,0.004297074,-1.0,0.14285714285714285,0,0
7,cycle44_subj07_margin_low_1sess_150ep,654,47614,0.026808878,0.055726513,772,-0.028917635,117.0,0.0,36.8,37.0,-0.0011733994,0.0026291758,-0.0038025752,-28.0,0.0,0,0
7,cycle44_subj07_margin_low_1sess_150ep,655,47656,0.05998519,0.049288306,30,0.010696884,1.0,1.0,1.0,1.0,-0.0019379891,-0.006846588,0.004908599,0.0,0.0,0,0
7,cycle44_subj07_margin_low_1sess_150ep,656,47687,0.042933427,0.04546947,443,-0.0025360435,2.0,0.9,1.1,1.0,-0.01051357,-0.00071113557,-0.009802435,1.0,-0.09999999999999998,1,0
7,cycle44_subj07_margin_low_1sess_150ep,657,48157,0.049064953,0.050273497,984,-0.0012085438,3.0,0.3333333333333333,1.6666666666666667,2.0,-0.0037364662,-0.0078227,0.0040862337,0.0,0.0,0,0
7,cycle44_subj07_margin_low_1sess_150ep,658,48260,0.05295147,0.04374848,982,0.009202991,1.0,1.0,1.0,1.0,0.002423808,-0.006925326,0.009349134,-1.0,0.4285714285714286,0,1
7,cycle44_subj07_margin_low_1sess_150ep,659,48374,0.05409646,0.04530871,327,0.008787751,1.0,1.0,1.0,1.0,0.0005437024,-0.0026403517,0.003184054,0.0,0.0,0,0
7,cycle44_subj07_margin_low_1sess_150ep,660,48379,0.045429096,0.054068785,779,-0.00863969,7.0,0.0,3.0,3.0,-0.0019148365,0.0014599152,-0.0033747517,3.0,-0.3333333333333333,0,0
7,cycle44_subj07_margin_low_1sess_150ep,661,48393,0.038348146,0.04591404,149,-0.007565893,13.0,0.0,4.4,5.0,-0.0013669394,-0.0039195307,0.0025525913,-2.0,0.0,0,0
7,cycle44_subj07_margin_low_1sess_150ep,662,48422,0.04359096,0.045772504,137,-0.002181545,2.0,0.5384615384615384,1.4615384615384615,1.0,-0.0030484125,0.00015860796,-0.0032070205,1.0,-0.46153846153846156,1,0
7,cycle44_subj07_margin_low_1sess_150ep,663,48508,0.043597747,0.054273862,567,-0.010676116,14.0,0.0,4.9,4.5,0.0012145899,0.0023942366,-0.0011796467,4.0,-0.1,0,0
7,cycle44_subj07_margin_low_1sess_150ep,664,48530,0.0460797,0.04628469,106,-0.00020499155,2.0,0.7,1.3,1.0,-0.0013276413,-0.0024634376,0.0011357963,0.0,0.0,0,0
7,cycle44_subj07_margin_low_1sess_150ep,665,48617,0.043857656,0.04519104,480,-0.001333382,2.0,0.4,1.6,2.0,-0.008155741,-0.0050340667,-0.003121674,1.0,-0.6,1,0
7,cycle44_subj07_margin_low_1sess_150ep,666,48618,0.03244189,0.042465884,363,-0.0100239925,19.0,0.0,6.5,7.0,0.002315648,-0.0016814135,0.0039970614,-28.0,0.0,0,0
7,cycle44_subj07_margin_low_1sess_150ep,667,48622,0.053975523,0.04965694,327,0.0043185838,1.0,1.0,1.0,1.0,0.0027362183,0.0021274947,0.0006087236,0.0,0.0,0,0
7,cycle44_subj07_margin_low_1sess_150ep,668,48679,0.043609396,0.049844757,173,-0.006235361,7.0,0.25,2.625,2.5,-0.0007552169,-0.00035721064,-0.0003980063,-4.0,0.25,0,0
7,cycle44_subj07_margin_low_1sess_150ep,669,48681,0.036929198,0.038521163,393,-0.0015919656,2.0,0.8333333333333334,1.1666666666666667,1.0,-0.004656635,-0.006412197,0.0017555617,0.0,0.0,0,0
7,cycle44_subj07_margin_low_1sess_150ep,670,48802,0.055780314,0.048021138,537,0.007759176,1.0,1.0,1.0,1.0,-0.0046164803,-0.0024177954,-0.002198685,0.0,0.0,0,0
7,cycle44_subj07_margin_low_1sess_150ep,671,48832,0.042532418,0.05048195,302,-0.007949531,18.0,0.0,6.666666666666667,7.0,-0.0052656084,0.00021131709,-0.0054769255,12.0,-0.2222222222222222,0,0
7,cycle44_subj07_margin_low_1sess_150ep,672,48839,0.061715737,0.05333199,516,0.008383747,1.0,1.0,1.0,1.0,-0.001685977,-0.0037504137,0.0020644367,0.0,0.0,0,0
7,cycle44_subj07_margin_low_1sess_150ep,673,49076,0.048138678,0.049489368,567,-0.0013506897,2.0,0.625,1.375,1.0,-0.004190434,0.0014305003,-0.005620934,1.0,-0.375,1,0
7,cycle44_subj07_margin_low_1sess_150ep,674,49152,0.056721576,0.05141262,30,0.005308956,1.0,1.0,1.0,1.0,0.0037260354,-0.0008833222,0.0046093576,0.0,0.0,0,0
7,cycle44_subj07_margin_low_1sess_150ep,675,49156,0.019730372,0.047775198,200,-0.028044825,187.0,0.0,56.8,56.0,-0.004838569,0.0072842874,-0.012122856,57.0,0.0,0,0
7,cycle44_subj07_margin_low_1sess_150ep,676,49234,0.043534733,0.046587802,363,-0.003053069,4.0,0.3333333333333333,1.75,2.0,-0.00097029284,0.0013100356,-0.0022803284,2.0,-0.08333333333333337,0,0
7,cycle44_subj07_margin_low_1sess_150ep,677,49466,0.062399417,0.058801956,505,0.0035974607,1.0,1.0,1.0,1.0,-0.005432494,-0.0018778667,-0.0035546273,0.0,0.0,0,0
7,cycle44_subj07_margin_low_1sess_150ep,678,49480,0.046594862,0.05799673,967,-0.011401869,3.0,0.46153846153846156,1.5384615384615385,2.0,-0.000465516,0.008088503,-0.008554019,-1.0,0.07692307692307693,0,0
7,cycle44_subj07_margin_low_1sess_150ep,679,49622,0.03993759,0.05121723,208,-0.011279639,6.0,0.14285714285714285,2.5,2.5,-0.004917972,-0.003119439,-0.0017985329,3.0,-0.2857142857142857,0,0
7,cycle44_subj07_margin_low_1sess_150ep,680,49731,0.032571655,0.0499921,659,-0.017420445,155.0,0.0,47.111111111111114,46.0,0.0015049521,-0.005799044,0.007303996,-73.0,0.0,0,0
7,cycle44_subj07_margin_low_1sess_150ep,681,49923,0.038959038,0.043784067,2,-0.0048250295,16.0,0.0,4.875,5.5,-0.004707396,-0.0072506852,0.0025432892,13.0,-0.5,0,0
7,cycle44_subj07_margin_low_1sess_150ep,682,49944,0.0627798,0.05258022,990,0.01019958,1.0,1.0,1.0,1.0,-0.004616365,-0.0041965097,-0.00041985512,0.0,0.0,0,0
7,cycle44_subj07_margin_low_1sess_150ep,683,49955,0.04229996,0.028897123,274,0.013402836,1.0,1.0,1.0,1.0,-0.009293277,-0.00824072,-0.0010525566,0.0,0.0,0,0
7,cycle44_subj07_margin_low_1sess_150ep,684,49957,0.05602124,0.050979044,11,0.0050421953,1.0,1.0,1.0,1.0,-0.003491018,-0.0038443618,0.00035334378,0.0,0.0,0,0
7,cycle44_subj07_margin_low_1sess_150ep,685,49969,0.05867554,0.055261344,922,0.003414195,1.0,1.0,1.0,1.0,-0.003504578,0.0042294115,-0.0077339895,0.0,0.0,0,0
7,cycle44_subj07_margin_low_1sess_150ep,686,49979,0.05225098,0.053682115,23,-0.0014311336,2.0,0.5714285714285714,1.4285714285714286,1.0,-0.0062718764,0.0010954626,-0.007367339,1.0,-0.4285714285714286,1,0
7,cycle44_subj07_margin_low_1sess_150ep,687,50026,0.058794536,0.052476134,876,0.0063184015,1.0,1.0,1.0,1.0,0.006275557,-0.0006118715,0.0068874285,-1.0,0.2857142857142857,0,1
7,cycle44_subj07_margin_low_1sess_150ep,688,50114,0.048362423,0.070374236,567,-0.022011813,8.0,0.0,2.8,3.0,0.0002523847,0.0028213486,-0.002568964,-7.0,0.0,0,0
7,cycle44_subj07_margin_low_1sess_150ep,689,50170,0.06864756,0.04011038,990,0.028537184,1.0,1.0,1.0,1.0,-0.00051306933,-0.0033051819,0.0027921125,0.0,0.0,0,0
7,cycle44_subj07_margin_low_1sess_150ep,690,50500,0.037768062,0.050001856,990,-0.012233794,26.0,0.0,7.222222222222222,7.0,-0.0019018501,0.001425676,-0.0033275262,-7.0,0.0,0,0
7,cycle44_subj07_margin_low_1sess_150ep,691,50653,0.046006743,0.042473275,178,0.0035334677,1.0,1.0,1.0,1.0,-0.00033589825,-0.0061843283,0.00584843,-1.0,0.25,0,1
7,cycle44_subj07_margin_low_1sess_150ep,692,50734,0.059238262,0.050620914,828,0.008617349,1.0,1.0,1.0,1.0,-0.00080167875,-0.001845371,0.0010436922,0.0,0.0,0,0
7,cycle44_subj07_margin_low_1sess_150ep,693,50755,0.062299807,0.05346842,228,0.0088313855,1.0,1.0,1.0,1.0,-0.0021539368,-0.0037560426,0.0016021058,0.0,0.0,0,0
7,cycle44_subj07_margin_low_1sess_150ep,694,50811,0.060186986,0.04704006,630,0.013146926,1.0,1.0,1.0,1.0,-0.0007431172,-0.004035827,0.0032927096,0.0,0.0,0,0
7,cycle44_subj07_margin_low_1sess_150ep,695,50882,0.049065873,0.05370495,28,-0.004639078,4.0,0.4,1.8,2.0,0.0001321286,-0.00017865375,0.00031078234,-1.0,0.0,0,0
7,cycle44_subj07_margin_low_1sess_150ep,696,51051,0.058807977,0.050123774,567,0.008684203,1.0,1.0,1.0,1.0,-0.0010599941,0.0012133829,-0.002273377,0.0,0.0,0,0
7,cycle44_subj07_margin_low_1sess_150ep,697,51052,0.045669034,0.053926874,772,-0.00825784,8.0,0.0,3.0,3.0,0.0003300123,0.0009236671,-0.0005936548,-2.0,0.0,0,0
7,cycle44_subj07_margin_low_1sess_150ep,698,51062,0.061095066,0.06470871,954,-0.0036136433,2.0,0.5714285714285714,1.4285714285714286,1.0,-0.0030774325,-0.0059844553,0.0029070228,0.0,0.0,0,0
7,cycle44_subj07_margin_low_1sess_150ep,699,51077,0.04875571,0.051232886,543,-0.0024771765,2.0,0.6153846153846154,1.3846153846153846,1.0,0.0013140477,0.0016738698,-0.00035982206,0.0,0.0,0,0
7,cycle44_subj07_margin_low_1sess_150ep,700,51148,0.071675204,0.055377714,774,0.01629749,1.0,1.0,1.0,1.0,-0.0024468377,-0.0018168911,-0.0006299466,0.0,0.0,0,0
7,cycle44_subj07_margin_low_1sess_150ep,701,51171,0.042692654,0.046630993,414,-0.0039383397,4.0,0.5,1.625,1.5,-0.002214972,-0.003414303,0.0011993311,-1.0,0.5,0,0
7,cycle44_subj07_margin_low_1sess_150ep,702,51185,0.04210443,0.040396128,886,0.0017083026,1.0,1.0,1.0,1.0,-0.009622764,-0.00214988,-0.007472884,0.0,0.0,0,0
7,cycle44_subj07_margin_low_1sess_150ep,703,51521,0.049423933,0.049862113,370,-0.00043817982,2.0,0.6,1.4,1.0,-4.3381006e-05,-1.9762665e-05,-2.361834e-05,0.0,0.0,0,0
7,cycle44_subj07_margin_low_1sess_150ep,704,51745,0.045907874,0.0473473,493,-0.0014394261,3.0,0.3333333333333333,1.6666666666666667,2.0,-0.0013936199,-0.008097563,0.006703943,0.0,0.0,0,0
7,cycle44_subj07_margin_low_1sess_150ep,705,51788,0.054818098,0.045987107,761,0.008830991,1.0,1.0,1.0,1.0,-0.0021110587,-0.0035680272,0.0014569685,0.0,0.0,0,0
7,cycle44_subj07_margin_low_1sess_150ep,706,51843,0.0563331,0.05674436,567,-0.00041126087,2.0,0.5555555555555556,1.4444444444444444,1.0,0.001982361,-0.0012058541,0.0031882152,-1.0,0.33333333333333337,0,0
7,cycle44_subj07_margin_low_1sess_150ep,707,51907,0.043988165,0.06008155,204,-0.016093384,14.0,0.0,4.25,4.0,-0.008099936,0.0034148134,-0.011514749,11.0,-0.75,0,0
7,cycle44_subj07_margin_low_1sess_150ep,708,51928,0.044003442,0.048860174,178,-0.0048567317,5.0,0.2222222222222222,2.111111111111111,2.0,-0.0037373863,-0.0035599023,-0.000177484,0.0,0.0,0,0
7,cycle44_subj07_margin_low_1sess_150ep,709,51965,0.06471019,0.05089667,616,0.013813522,1.0,1.0,1.0,1.0,-0.0064948276,-0.0028762482,-0.0036185794,0.0,0.0,0,0
7,cycle44_subj07_margin_low_1sess_150ep,710,51983,0.057388954,0.05508666,787,0.0023022927,1.0,1.0,1.0,1.0,-0.0072173104,-0.002113551,-0.0051037595,0.0,0.0,0,0
7,cycle44_subj07_margin_low_1sess_150ep,711,51988,0.019012887,0.048870098,7,-0.02985721,273.0,0.0,82.44444444444444,81.0,-0.0037425924,-0.0006282963,-0.0031142961,43.0,0.0,0,0
7,cycle44_subj07_margin_low_1sess_150ep,712,52070,0.0659575,0.0480776,260,0.017879903,1.0,1.0,1.0,1.0,-0.0003252104,-0.0032770187,0.0029518083,0.0,0.0,0,0
7,cycle44_subj07_margin_low_1sess_150ep,713,52216,0.034380455,0.043847356,82,-0.009466901,13.0,0.0,5.181818181818182,5.0,0.0022088848,-0.005460821,0.007669706,-8.0,0.0,0,0
7,cycle44_subj07_margin_low_1sess_150ep,714,52302,0.05918013,0.05126392,567,0.007916208,1.0,1.0,1.0,1.0,-0.004997935,-0.0030823834,-0.0019155517,0.0,0.0,0,0
7,cycle44_subj07_margin_low_1sess_150ep,715,52328,0.044875495,0.06328194,176,-0.018406443,15.0,0.0,5.0,5.0,-0.0023169145,-0.00026270002,-0.0020542145,-1.0,0.0,0,0
7,cycle44_subj07_margin_low_1sess_150ep,716,52375,0.05044739,0.05478531,567,-0.0043379217,3.0,0.4,1.6,2.0,-0.0018951334,-0.0014189109,-0.00047622249,-1.0,0.10000000000000003,0,0
7,cycle44_subj07_margin_low_1sess_150ep,717,52394,0.067308895,0.06118633,655,0.0061225668,1.0,1.0,1.0,1.0,-0.004357435,-0.00068315864,-0.0036742762,0.0,0.0,0,0
7,cycle44_subj07_margin_low_1sess_150ep,718,52527,0.050495077,0.053531893,308,-0.0030368157,2.0,0.7142857142857143,1.2857142857142858,1.0,-0.002425421,-0.007668756,0.005243335,0.0,0.0,0,0
7,cycle44_subj07_margin_low_1sess_150ep,719,52554,0.049108867,0.04940437,359,-0.00029550493,2.0,0.75,1.25,1.0,-0.0062610283,-0.0038546436,-0.0024063848,1.0,-0.25,1,0
7,cycle44_subj07_margin_low_1sess_150ep,720,52596,0.046473514,0.047364864,382,-0.0008913502,2.0,0.6,1.4,1.0,-0.0054615773,-0.0057068765,0.0002452992,0.0,0.0,0,0
7,cycle44_subj07_margin_low_1sess_150ep,721,52598,0.06135124,0.047158424,934,0.014192816,1.0,1.0,1.0,1.0,-0.0027979389,-0.004391391,0.001593452,0.0,0.0,0,0
7,cycle44_subj07_margin_low_1sess_150ep,722,52652,0.028161038,0.057362825,827,-0.029201787,109.0,0.0,35.111111111111114,33.0,-0.0012299046,-0.0013158508,8.594617e-05,-50.0,0.0,0,0
7,cycle44_subj07_margin_low_1sess_150ep,723,52892,0.0428917,0.047159795,748,-0.004268095,3.0,0.375,1.75,2.0,0.0058573037,0.000323914,0.0055333897,-13.0,0.375,0,0
7,cycle44_subj07_margin_low_1sess_150ep,724,52931,0.051494576,0.055973515,737,-0.004478939,6.0,0.125,2.5,3.0,0.0005777292,0.0007216446,-0.00014391541,1.0,0.0,0,0
7,cycle44_subj07_margin_low_1sess_150ep,725,52990,0.028896168,0.05108437,282,-0.022188202,135.0,0.0,41.42857142857143,42.0,-0.0023061875,0.0026499182,-0.0049561057,9.0,0.0,0,0
7,cycle44_subj07_margin_low_1sess_150ep,726,53052,0.034470312,0.043361567,914,-0.008891255,8.0,0.0,2.9166666666666665,3.0,0.00017925352,-0.00029630214,0.00047555566,-4.0,0.0,0,0
7,cycle44_subj07_margin_low_1sess_150ep,727,53070,0.04351172,0.043298375,987,0.00021334365,1.0,1.0,1.0,1.0,-0.008057922,-0.0028090067,-0.0052489154,0.0,0.0,0,0
7,cycle44_subj07_margin_low_1sess_150ep,728,53152,0.055839464,0.04170021,696,0.014139254,1.0,1.0,1.0,1.0,-0.0009813942,-0.006884955,0.0059035607,0.0,0.0,0,0
7,cycle44_subj07_margin_low_1sess_150ep,729,53155,0.042828795,0.05922977,567,-0.016400974,5.0,0.125,2.125,2.0,-0.008531202,-0.0025363453,-0.0059948564,3.0,-0.375,0,0
7,cycle44_subj07_margin_low_1sess_150ep,730,53157,0.05392411,0.053971488,437,-4.7378242e-05,2.0,0.4444444444444444,1.5555555555555556,2.0,-0.0021955632,-0.002998773,0.00080320984,0.0,0.0,0,0
7,cycle44_subj07_margin_low_1sess_150ep,731,53270,0.040664665,0.054469444,2,-0.013804778,33.0,0.0,10.727272727272727,10.0,0.0020978004,0.0032932162,-0.0011954159,2.0,0.0,0,0
7,cycle44_subj07_margin_low_1sess_150ep,732,53370,0.04282788,0.04004227,833,0.0027856082,1.0,1.0,1.0,1.0,0.0019003153,-0.0036562756,0.005556591,-2.0,0.5714285714285714,0,1
7,cycle44_subj07_margin_low_1sess_150ep,733,53489,0.03867455,0.047819354,778,-0.009144805,20.0,0.0,6.166666666666667,7.0,0.0035861023,-0.0033530146,0.006939117,-43.0,0.0,0,0
7,cycle44_subj07_margin_low_1sess_150ep,734,53511,0.044300184,0.051252563,794,-0.006952379,7.0,0.0,2.9,3.0,-0.0017533638,-0.0007790476,-0.00097431615,-2.0,-0.1,0,0
7,cycle44_subj07_margin_low_1sess_150ep,735,53570,0.040377967,0.036762096,903,0.003615871,1.0,1.0,1.0,1.0,-0.003076788,-0.0024842098,-0.0005925782,0.0,0.0,0,0
7,cycle44_subj07_margin_low_1sess_150ep,736,53727,0.05565482,0.055319835,828,0.00033498555,1.0,1.0,1.0,1.0,-0.008987252,-0.0014804751,-0.0075067766,0.0,0.0,0,0
7,cycle44_subj07_margin_low_1sess_150ep,737,53728,0.070945255,0.056505647,178,0.014439609,1.0,1.0,1.0,1.0,0.00021695346,0.0014279336,-0.0012109801,0.0,0.0,0,0
7,cycle44_subj07_margin_low_1sess_150ep,738,53773,0.04886983,0.04987673,827,-0.0010069013,2.0,0.75,1.25,1.0,-0.0047680214,-0.004892241,0.0001242198,0.0,0.0,0,0
7,cycle44_subj07_margin_low_1sess_150ep,739,53858,0.044576302,0.037071295,886,0.007505007,1.0,1.0,1.0,1.0,-0.0036642738,-0.008388534,0.0047242604,0.0,0.0,0,0
7,cycle44_subj07_margin_low_1sess_150ep,740,53881,0.062212117,0.056713443,541,0.0054986738,1.0,1.0,1.0,1.0,0.00013893098,-0.0018725507,0.0020114817,0.0,0.0,0,0
7,cycle44_subj07_margin_low_1sess_150ep,741,53891,0.037790485,0.050830778,827,-0.013040293,37.0,0.0,11.857142857142858,11.0,-0.0036369525,-0.0017083772,-0.0019285753,19.0,0.0,0,0
7,cycle44_subj07_margin_low_1sess_150ep,742,54078,0.053671114,0.055596516,984,-0.0019254014,2.0,0.8888888888888888,1.1111111111111112,1.0,-0.00034345314,-0.0016062334,0.0012627803,0.0,0.0,0,0
7,cycle44_subj07_margin_low_1sess_150ep,743,54147,0.038410347,0.05378017,173,-0.015369821,24.0,0.0,8.666666666666666,8.0,4.408881e-05,-0.0042719543,0.004316043,-22.0,0.0,0,0
7,cycle44_subj07_margin_low_1sess_150ep,744,54257,0.036340516,0.05031702,327,-0.013976503,12.0,0.0,4.2,4.0,-0.0032135658,-0.0011476763,-0.0020658895,0.0,0.0,0,0
7,cycle44_subj07_margin_low_1sess_150ep,745,54361,0.050079513,0.047556072,22,0.0025234409,1.0,1.0,1.0,1.0,9.923801e-05,-0.0062414967,0.0063407347,-1.0,0.18181818181818177,0,1
7,cycle44_subj07_margin_low_1sess_150ep,746,54389,0.046626955,0.058639124,770,-0.012012169,17.0,0.0,6.0,5.5,0.0018256977,-0.0034233332,0.005249031,-16.0,0.0,0,0
7,cycle44_subj07_margin_low_1sess_150ep,747,54643,0.0314091,0.05010098,353,-0.018691879,92.0,0.0,28.833333333333332,30.0,-0.007893767,-0.0028849468,-0.0050088204,53.0,0.0,0,0
7,cycle44_subj07_margin_low_1sess_150ep,748,54683,0.049564198,0.0421221,760,0.007442098,1.0,1.0,1.0,1.0,-0.005193744,-0.0023607053,-0.0028330386,0.0,0.0,0,0
7,cycle44_subj07_margin_low_1sess_150ep,749,54698,0.064131,0.046379603,381,0.017751396,1.0,1.0,1.0,1.0,-0.0025409088,-0.0053562075,0.0028152987,0.0,0.0,0,0
7,cycle44_subj07_margin_low_1sess_150ep,750,54743,0.05337338,0.04444092,951,0.00893246,1.0,1.0,1.0,1.0,-0.0019544773,-0.0069789626,0.0050244853,0.0,0.0,0,0
7,cycle44_subj07_margin_low_1sess_150ep,751,54812,0.03953038,0.04000288,791,-0.0004724972,3.0,0.45454545454545453,1.7272727272727273,2.0,0.00072334707,-0.0048606694,0.0055840164,-1.0,0.0,0,0
7,cycle44_subj07_margin_low_1sess_150ep,752,54824,0.032634724,0.04534798,696,-0.012713257,28.0,0.0,10.0,10.0,-0.008422468,-0.0036006533,-0.0048218146,20.0,0.0,0,0
7,cycle44_subj07_margin_low_1sess_150ep,753,54913,0.052228916,0.048205703,115,0.004023213,1.0,1.0,1.0,1.0,-0.0062772594,-0.004738819,-0.0015384406,0.0,0.0,0,0
7,cycle44_subj07_margin_low_1sess_150ep,754,54959,0.050234392,0.053943407,200,-0.0037090145,2.0,0.625,1.375,1.0,0.002361536,0.0015252046,0.0008363314,-4.0,0.375,0,0
7,cycle44_subj07_margin_low_1sess_150ep,755,55005,0.044536874,0.050360393,812,-0.005823519,4.0,0.1111111111111111,2.111111111111111,2.0,-0.008340113,-0.005260382,-0.003079731,2.0,-0.5555555555555556,0,0
7,cycle44_subj07_margin_low_1sess_150ep,756,55107,0.06619886,0.060568508,321,0.0056303553,1.0,1.0,1.0,1.0,0.0003085956,-0.009252321,0.009560917,-1.0,0.33333333333333337,0,1
7,cycle44_subj07_margin_low_1sess_150ep,757,55163,0.05108761,0.044469837,696,0.0066177733,1.0,1.0,1.0,1.0,-0.0042563193,-0.0056538656,0.0013975464,0.0,0.0,0,0
7,cycle44_subj07_margin_low_1sess_150ep,758,55405,0.044658113,0.051720917,721,-0.007062804,9.0,0.0,3.4444444444444446,3.0,-0.008167915,-0.0026646182,-0.005503297,7.0,-1.0,0,0
7,cycle44_subj07_margin_low_1sess_150ep,759,55408,0.03834715,0.04030246,991,-0.001955308,2.0,1.0,1.0,1.0,-0.011606824,-0.0010909885,-0.010515835,1.0,0.0,1,0
7,cycle44_subj07_margin_low_1sess_150ep,760,55526,0.056587346,0.049629424,353,0.006957922,1.0,1.0,1.0,1.0,-0.0037820823,0.001313787,-0.0050958693,0.0,0.0,0,0
7,cycle44_subj07_margin_low_1sess_150ep,761,55649,0.055092078,0.05035404,204,0.0047380365,1.0,1.0,1.0,1.0,-0.0039931647,-0.0026105493,-0.0013826154,0.0,0.0,0,0
7,cycle44_subj07_margin_low_1sess_150ep,762,55669,0.037510693,0.05388642,527,-0.016375728,35.0,0.0,12.0,12.0,-0.0013289414,0.0069527254,-0.008281667,20.0,0.0,0,0
7,cycle44_subj07_margin_low_1sess_150ep,763,55678,0.0501462,0.050588053,173,-0.00044185296,2.0,0.8333333333333334,1.1666666666666667,1.0,-0.0074430443,-0.0048091263,-0.002633918,1.0,-0.16666666666666663,1,0
7,cycle44_subj07_margin_low_1sess_150ep,764,55680,0.034284472,0.04983144,632,-0.015546966,31.0,0.0,9.857142857142858,9.0,-0.001321476,-0.0024447925,0.0011233166,-7.0,0.0,0,0
7,cycle44_subj07_margin_low_1sess_150ep,765,55857,0.0385686,0.040205054,967,-0.001636453,2.0,0.4444444444444444,1.5555555555555556,2.0,-0.0046446025,-0.0052341335,0.0005895309,0.0,-0.2222222222222222,0,0
7,cycle44_subj07_margin_low_1sess_150ep,766,55933,0.04987413,0.044481963,82,0.0053921677,1.0,1.0,1.0,1.0,-0.0043081045,-0.0047257803,0.00041767582,0.0,0.0,0,0
7,cycle44_subj07_margin_low_1sess_150ep,767,55968,0.05109776,0.050944585,380,0.00015317649,1.0,1.0,1.0,1.0,-0.004290335,-0.0030942447,-0.0011960901,0.0,0.0,0,0
7,cycle44_subj07_margin_low_1sess_150ep,768,55969,0.020574128,0.036846146,788,-0.016272018,56.0,0.0,16.1,16.0,-0.004796345,-0.0033032484,-0.0014930964,4.0,0.0,0,0
7,cycle44_subj07_margin_low_1sess_150ep,769,56042,0.048530832,0.051162,467,-0.0026311688,3.0,0.3333333333333333,1.8333333333333333,2.0,-0.0021298751,-0.0010505356,-0.0010793395,1.0,-0.3333333333333333,0,0
7,cycle44_subj07_margin_low_1sess_150ep,770,56066,0.05773187,0.048110355,875,0.009621516,1.0,1.0,1.0,1.0,-0.002320528,-0.0043909512,0.0020704232,0.0,0.0,0,0
7,cycle44_subj07_margin_low_1sess_150ep,771,56126,0.0411645,0.043797262,467,-0.0026327632,2.0,0.5,1.5,1.5,-0.0024481453,-0.00033566356,-0.0021124817,0.0,-0.30000000000000004,0,0
7,cycle44_subj07_margin_low_1sess_150ep,772,56154,0.06417806,0.059780516,208,0.0043975413,1.0,1.0,1.0,1.0,0.0008694902,-0.0018567704,0.0027262606,0.0,0.0,0,0
7,cycle44_subj07_margin_low_1sess_150ep,773,56269,0.05209375,0.050006926,875,0.0020868257,1.0,1.0,1.0,1.0,-0.0029834323,-0.0048299097,0.0018464774,0.0,0.0,0,0
7,cycle44_subj07_margin_low_1sess_150ep,774,56290,0.04734452,0.047901865,30,-0.0005573444,3.0,0.625,1.375,1.0,0.0040680394,-0.0019532107,0.00602125,-6.0,0.625,0,0
7,cycle44_subj07_margin_low_1sess_150ep,775,56314,0.054126695,0.05469282,276,-0.0005661249,2.0,0.5714285714285714,1.4285714285714286,1.0,-0.0029595383,0.0017179325,-0.004677471,1.0,-0.4285714285714286,1,0
7,cycle44_subj07_margin_low_1sess_150ep,776,56418,0.047791798,0.052064076,567,-0.0042722784,2.0,0.7142857142857143,1.2857142857142858,1.0,0.00021184236,0.00035822392,-0.00014638156,-1.0,0.28571428571428575,0,0
7,cycle44_subj07_margin_low_1sess_150ep,777,56454,0.059073243,0.04523824,178,0.013835002,1.0,1.0,1.0,1.0,0.0018185563,-0.0011738539,0.0029924102,0.0,0.0,0,0
7,cycle44_subj07_margin_low_1sess_150ep,778,56471,0.028491847,0.05317941,590,-0.024687562,65.0,0.0,21.2,20.0,0.0029241536,-0.0038196892,0.0067438446,-77.0,0.0,0,0
7,cycle44_subj07_margin_low_1sess_150ep,779,56670,0.056857236,0.049895506,894,0.0069617294,1.0,1.0,1.0,1.0,0.0026359558,-0.0013386905,0.0039746463,0.0,0.0,0,0
7,cycle44_subj07_margin_low_1sess_150ep,780,56681,0.047979023,0.045387033,750,0.00259199,1.0,1.0,1.0,1.0,-0.008095622,-0.0064456314,-0.0016499907,0.0,0.0,0,0
7,cycle44_subj07_margin_low_1sess_150ep,781,56695,0.047627367,0.050865002,274,-0.003237635,2.0,0.875,1.125,1.0,-0.0009562969,-0.0021122769,0.0011559799,-1.0,0.25,0,0
7,cycle44_subj07_margin_low_1sess_150ep,782,56723,0.056278758,0.050030824,827,0.006247934,1.0,1.0,1.0,1.0,-0.00074246153,0.0001905188,-0.0009329803,0.0,0.0,0,0
7,cycle44_subj07_margin_low_1sess_150ep,783,56751,0.030862147,0.04334581,327,-0.012483662,22.0,0.0,8.181818181818182,9.0,0.0001663845,-0.004215438,0.0043818224,-30.0,0.0,0,0
7,cycle44_subj07_margin_low_1sess_150ep,784,56782,0.041154,0.049363002,827,-0.008209001,8.0,0.07692307692307693,3.076923076923077,3.0,0.0013644435,-0.007572945,0.008937389,-14.0,0.07692307692307693,0,0
7,cycle44_subj07_margin_low_1sess_150ep,785,56784,0.031531706,0.057033394,967,-0.025501687,73.0,0.0,24.363636363636363,23.0,-0.003033284,-0.0006188601,-0.002414424,6.0,0.0,0,0
7,cycle44_subj07_margin_low_1sess_150ep,786,56850,0.038679384,0.043452065,178,-0.0047726817,3.0,0.4,1.8,2.0,-0.0041773655,-0.006805718,0.0026283525,1.0,-0.4,0,0
7,cycle44_subj07_margin_low_1sess_150ep,787,56867,0.0561923,0.059210885,217,-0.003018584,7.0,0.25,2.4166666666666665,3.0,-0.00037208945,-0.0021144673,0.0017423779,4.0,-0.5,0,0
7,cycle44_subj07_margin_low_1sess_150ep,788,56911,0.06175679,0.05447413,990,0.0072826594,1.0,1.0,1.0,1.0,-0.002899371,-0.00012628734,-0.0027730837,0.0,0.0,0,0
7,cycle44_subj07_margin_low_1sess_150ep,789,56948,0.034014706,0.05455383,274,-0.020539124,58.0,0.0,17.90909090909091,18.0,-0.003907215,-0.0015004724,-0.0024067424,3.0,0.0,0,0
7,cycle44_subj07_margin_low_1sess_150ep,790,57046,0.02924726,0.048578743,545,-0.019331483,52.0,0.0,15.0,15.0,-0.0048396047,-0.00032277405,-0.0045168307,13.0,0.0,0,0
7,cycle44_subj07_margin_low_1sess_150ep,791,57060,0.04942105,0.05017207,208,-0.0007510185,2.0,0.8,1.2,1.0,-0.0048057996,0.0023527257,-0.0071585253,1.0,-0.19999999999999996,1,0
7,cycle44_subj07_margin_low_1sess_150ep,792,57435,0.044345524,0.046212804,567,-0.0018672794,4.0,0.5,1.75,1.5,-0.0025136694,-0.0017652325,-0.0007484369,1.0,0.0,0,0
7,cycle44_subj07_margin_low_1sess_150ep,793,57443,0.055839296,0.04956703,172,0.0062722676,1.0,1.0,1.0,1.0,-0.00025366992,-0.0028532222,0.0025995523,0.0,0.0,0,0
7,cycle44_subj07_margin_low_1sess_150ep,794,57478,0.036158532,0.055676088,384,-0.019517556,29.0,0.0,8.5,9.0,0.001122538,-3.2559037e-05,0.001155097,-8.0,0.0,0,0
7,cycle44_subj07_margin_low_1sess_150ep,795,57542,0.05069805,0.05345663,647,-0.0027585812,4.0,0.42857142857142855,1.7142857142857142,2.0,-0.0054992586,-0.0037271641,-0.0017720945,1.0,-0.28571428571428575,0,0
7,cycle44_subj07_margin_low_1sess_150ep,796,57553,0.0408503,0.04565257,984,-0.004802268,4.0,0.4444444444444444,1.7777777777777777,2.0,0.0004220903,-0.0046271794,0.0050492696,-7.0,0.4444444444444444,0,0
7,cycle44_subj07_margin_low_1sess_150ep,797,57648,0.024708666,0.04642633,239,-0.021717664,232.0,0.0,70.625,74.0,-0.0031996258,-0.0024240538,-0.0007755719,45.0,0.0,0,0
7,cycle44_subj07_margin_low_1sess_150ep,798,57650,0.023266291,0.04009689,480,-0.016830599,20.0,0.0,6.75,6.0,-0.0066033676,0.0002732426,-0.00687661,3.0,0.0,0,0
7,cycle44_subj07_margin_low_1sess_150ep,799,57681,0.054133948,0.05052298,601,0.0036109686,1.0,1.0,1.0,1.0,-0.0030777678,-0.0020004325,-0.0010773353,0.0,0.0,0,0
7,cycle44_subj07_margin_low_1sess_150ep,800,57822,0.043240488,0.050535917,50,-0.0072954297,12.0,0.0,4.222222222222222,5.0,-0.0040233806,-0.00702985,0.0030064695,1.0,0.0,0,0
7,cycle44_subj07_margin_low_1sess_150ep,801,57838,0.06373628,0.049658213,591,0.0140780695,1.0,1.0,1.0,1.0,-0.00054611266,0.00044055283,-0.0009866655,0.0,0.0,0,0
7,cycle44_subj07_margin_low_1sess_150ep,802,57906,0.062194474,0.063687235,567,-0.0014927611,2.0,0.7,1.3,1.0,0.0029771738,0.00075641274,0.002220761,-1.0,0.29999999999999993,0,0
7,cycle44_subj07_margin_low_1sess_150ep,803,58096,0.03567621,0.05206881,274,-0.0163926,12.0,0.0,4.777777777777778,5.0,0.0006125681,0.0035445914,-0.0029320233,-2.0,-0.1111111111111111,0,0
7,cycle44_subj07_margin_low_1sess_150ep,804,58144,0.042715058,0.035429783,712,0.0072852746,1.0,1.0,1.0,1.0,0.0031679198,-0.0005210042,0.003688924,0.0,0.0,0,0
7,cycle44_subj07_margin_low_1sess_150ep,805,58164,0.05863344,0.0477748,67,0.01085864,1.0,1.0,1.0,1.0,-0.005930692,-0.008270334,0.0023396425,0.0,0.0,0,0
7,cycle44_subj07_margin_low_1sess_150ep,806,58187,0.041302722,0.054023247,967,-0.012720525,7.0,0.15384615384615385,2.769230769230769,3.0,-0.006641049,0.00072396174,-0.0073650107,5.0,-0.5384615384615384,0,0
7,cycle44_subj07_margin_low_1sess_150ep,807,58404,0.057341155,0.046172757,984,0.011168398,1.0,1.0,1.0,1.0,-0.002455283,-0.0037677847,0.0013125017,0.0,0.0,0,0
7,cycle44_subj07_margin_low_1sess_150ep,808,58668,0.039515533,0.053928595,682,-0.0144130625,15.0,0.0,5.357142857142857,5.5,-0.0038851611,1.7117709e-05,-0.0039022788,5.0,0.0,0,0
7,cycle44_subj07_margin_low_1sess_150ep,809,58681,0.055461425,0.045406483,912,0.010054942,1.0,1.0,1.0,1.0,0.0061057843,-0.0020112395,0.008117024,0.0,0.0,0,0
7,cycle44_subj07_margin_low_1sess_150ep,810,59023,0.055060185,0.048222717,567,0.0068374686,1.0,1.0,1.0,1.0,0.0007817894,-0.0046576634,0.005439453,0.0,0.0,0,0
7,cycle44_subj07_margin_low_1sess_150ep,811,59039,0.04669691,0.044680953,173,0.0020159557,1.0,1.0,1.0,1.0,-0.0041576736,-0.0037233494,-0.00043432415,0.0,0.0,0,0
7,cycle44_subj07_margin_low_1sess_150ep,812,59046,0.048810437,0.050685875,231,-0.0018754378,2.0,0.7272727272727273,1.2727272727272727,1.0,-0.0023845881,-0.005809441,0.003424853,0.0,0.0,0,0
7,cycle44_subj07_margin_low_1sess_150ep,813,59079,0.043127567,0.05163968,947,-0.008512113,5.0,0.0,2.6666666666666665,2.0,-0.0002410002,-0.0019112937,0.0016702935,-3.0,-0.1111111111111111,0,0
7,cycle44_subj07_margin_low_1sess_150ep,814,59091,0.0416263,0.046462383,990,-0.0048360825,4.0,0.4444444444444444,1.8888888888888888,2.0,-0.0010973029,-0.00020160526,-0.0008956976,1.0,0.0,0,0
7,cycle44_subj07_margin_low_1sess_150ep,815,59194,0.04366312,0.048792243,12,-0.0051291212,7.0,0.14285714285714285,3.2857142857142856,4.0,-0.00542121,-0.005235169,-0.000186041,3.0,-0.14285714285714285,0,0
7,cycle44_subj07_margin_low_1sess_150ep,816,59284,0.02324693,0.04540792,967,-0.02216099,101.0,0.0,31.714285714285715,31.5,0.0025291145,-0.0016385838,0.0041676983,-50.0,0.0,0,0
7,cycle44_subj07_margin_low_1sess_150ep,817,59419,0.03771005,0.050484765,516,-0.012774717,22.0,0.0,6.428571428571429,6.0,-0.00064745545,-0.0027531274,0.002105672,2.0,0.0,0,0
7,cycle44_subj07_margin_low_1sess_150ep,818,59420,0.040425356,0.053366356,710,-0.012940999,26.0,0.0,8.75,8.5,-0.005481869,-0.0053187273,-0.00016314164,8.0,0.0,0,0
7,cycle44_subj07_margin_low_1sess_150ep,819,59585,0.038552083,0.046838783,480,-0.0082867,5.0,0.125,2.75,3.0,0.002386637,0.0002957955,0.0020908415,-18.0,0.125,0,0
7,cycle44_subj07_margin_low_1sess_150ep,820,59595,0.054890774,0.05507389,967,-0.00018311664,2.0,0.7777777777777778,1.2222222222222223,1.0,0.0043247826,-0.0004621297,0.0047869124,0.0,0.0,0,0
7,cycle44_subj07_margin_low_1sess_150ep,821,59631,0.041059256,0.0448833,39,-0.003824044,6.0,0.08333333333333333,2.6666666666666665,2.0,-0.0032287128,-0.0062346794,0.0030059665,2.0,-0.5,0,0
7,cycle44_subj07_margin_low_1sess_150ep,822,59699,0.02313045,0.042392686,377,-0.019262236,118.0,0.0,36.38461538461539,35.0,-0.001581924,-0.0021288432,0.0005469192,7.0,0.0,0,0
7,cycle44_subj07_margin_low_1sess_150ep,823,59817,0.054377172,0.050620873,567,0.0037562996,1.0,1.0,1.0,1.0,-0.003862474,-0.010597367,0.0067348927,-2.0,0.25,0,1
7,cycle44_subj07_margin_low_1sess_150ep,824,59994,0.045789357,0.057980668,567,-0.0121913105,12.0,0.0,4.4,4.5,0.0017608516,-0.004093848,0.0058546998,-3.0,0.0,0,0
7,cycle44_subj07_margin_low_1sess_150ep,825,60094,0.013555829,0.033359036,788,-0.019803207,152.0,0.0,47.0,48.0,-0.0110261,-0.009424962,-0.0016011391,116.0,0.0,0,0
7,cycle44_subj07_margin_low_1sess_150ep,826,60119,0.036365252,0.051708136,380,-0.015342884,28.0,0.0,10.818181818181818,10.0,-0.005614307,-0.0028379597,-0.002776347,17.0,-0.09090909090909091,0,0
7,cycle44_subj07_margin_low_1sess_150ep,827,60186,0.064780176,0.04624527,499,0.018534906,1.0,1.0,1.0,1.0,-0.001985453,-0.0014808849,-0.0005045682,0.0,0.0,0,0
7,cycle44_subj07_margin_low_1sess_150ep,828,60251,0.056878004,0.055333488,282,0.0015445165,1.0,1.0,1.0,1.0,-0.0039504133,0.00094464794,-0.0048950613,0.0,0.0,0,0
7,cycle44_subj07_margin_low_1sess_150ep,829,60305,0.05742399,0.04855976,343,0.008864231,1.0,1.0,1.0,1.0,-0.002410166,-0.0014506876,-0.0009594783,0.0,0.0,0,0
7,cycle44_subj07_margin_low_1sess_150ep,830,60456,0.02875376,0.048808586,11,-0.020054827,121.0,0.0,36.125,36.0,-0.008949334,-0.005014751,-0.0039345827,83.0,0.0,0,0
7,cycle44_subj07_margin_low_1sess_150ep,831,60505,0.049609292,0.04729954,881,0.0023097508,1.0,1.0,1.0,1.0,-0.011470426,-0.0037273578,-0.007743068,0.0,0.0,0,0
7,cycle44_subj07_margin_low_1sess_150ep,832,60519,0.04856371,0.050210904,200,-0.001647193,2.0,0.75,1.25,1.0,0.0004628785,0.0069725886,-0.00650971,1.0,-0.25,1,0
7,cycle44_subj07_margin_low_1sess_150ep,833,60553,0.059012935,0.039490744,728,0.01952219,1.0,1.0,1.0,1.0,-0.0045651123,-0.0037305802,-0.0008345321,0.0,0.0,0,0
7,cycle44_subj07_margin_low_1sess_150ep,834,60725,0.03658225,0.04612919,200,-0.009546939,46.0,0.0,14.545454545454545,15.0,-0.0035148598,-0.004182592,0.0006677322,15.0,0.0,0,0
7,cycle44_subj07_margin_low_1sess_150ep,835,60834,0.04600036,0.051975444,178,-0.0059750825,5.0,0.3,1.9,2.0,-0.0011912324,-0.0046373494,0.003446117,1.0,0.0,0,0
7,cycle44_subj07_margin_low_1sess_150ep,836,60845,0.03724981,0.051290028,396,-0.014040217,15.0,0.0,5.545454545454546,6.0,4.767999e-05,0.0011633374,-0.0011156574,-9.0,0.0,0,0
7,cycle44_subj07_margin_low_1sess_150ep,837,60867,0.053171813,0.052333105,718,0.00083870813,1.0,1.0,1.0,1.0,-0.0007358752,-0.0039565675,0.0032206923,-1.0,0.4,0,1
7,cycle44_subj07_margin_low_1sess_150ep,838,60978,0.041621745,0.05195038,461,-0.010328636,23.0,0.0,8.142857142857142,8.0,0.0010647625,-0.0043005757,0.005365338,-20.0,0.0,0,0
7,cycle44_subj07_margin_low_1sess_150ep,839,61122,0.035452113,0.055424817,777,-0.019972704,17.0,0.0,6.166666666666667,5.5,-0.0049710274,-0.0022095814,-0.002761446,5.0,0.0,0,0
7,cycle44_subj07_margin_low_1sess_150ep,840,61133,0.038693674,0.04884332,802,-0.010149647,15.0,0.0,5.333333333333333,5.0,0.0015254468,0.0010290034,0.00049644336,-7.0,0.0,0,0
7,cycle44_subj07_margin_low_1sess_150ep,841,61177,0.05031737,0.042465232,93,0.007852137,1.0,1.0,1.0,1.0,-0.0046107657,-0.0060061514,0.0013953857,0.0,0.0,0,0
7,cycle44_subj07_margin_low_1sess_150ep,842,61216,0.02740679,0.042848226,396,-0.015441436,117.0,0.0,35.36363636363637,36.0,-0.0069391355,-0.0025364086,-0.004402727,57.0,0.0,0,0
7,cycle44_subj07_margin_low_1sess_150ep,843,61510,0.050648864,0.05709587,567,-0.006447006,3.0,0.5,1.5,1.5,0.0007130839,-0.0014677271,0.002180811,-4.0,0.5,0,0
7,cycle44_subj07_margin_low_1sess_150ep,844,61513,0.045800123,0.049640827,11,-0.0038407035,4.0,0.36363636363636365,1.8181818181818181,2.0,-0.004824199,0.0005585849,-0.0053827837,3.0,-0.6363636363636364,1,0
7,cycle44_subj07_margin_low_1sess_150ep,845,61677,0.048989605,0.05511564,162,-0.006126035,3.0,0.5333333333333333,1.5333333333333334,1.0,-0.0028784648,0.0023693629,-0.0052478276,1.0,-0.33333333333333337,0,0
7,cycle44_subj07_margin_low_1sess_150ep,846,61738,0.027573695,0.05297214,788,-0.025398446,326.0,0.0,96.0,94.0,0.0010508467,0.00033253804,0.0007183086,50.0,0.0,0,0
7,cycle44_subj07_margin_low_1sess_150ep,847,61748,0.058507867,0.047912847,449,0.01059502,1.0,1.0,1.0,1.0,0.0021448918,0.0027001575,-0.0005552657,0.0,0.0,0,0
7,cycle44_subj07_margin_low_1sess_150ep,848,61752,0.050853536,0.05448386,178,-0.0036303252,2.0,0.75,1.25,1.0,0.00071749464,-0.0035556518,0.0042731464,-2.0,0.0,0,0
7,cycle44_subj07_margin_low_1sess_150ep,849,61797,0.059153702,0.06119407,967,-0.0020403676,2.0,0.5,1.5,1.5,-0.0080997385,0.0011061095,-0.009205848,1.0,-0.5,1,0
7,cycle44_subj07_margin_low_1sess_150ep,850,61801,0.032403953,0.052006558,907,-0.019602604,80.0,0.0,26.375,27.0,-0.0012879856,-0.00056673214,-0.00072125345,33.0,0.0,0,0
7,cycle44_subj07_margin_low_1sess_150ep,851,61809,0.04479479,0.049513754,703,-0.004718963,8.0,0.0,3.4285714285714284,3.0,0.004261978,-0.0027962662,0.007058244,-9.0,0.0,0,0
7,cycle44_subj07_margin_low_1sess_150ep,852,61873,0.06458376,0.04936501,659,0.015218753,1.0,1.0,1.0,1.0,-0.0004099235,0.0011454262,-0.0015553497,0.0,0.0,0,0
7,cycle44_subj07_margin_low_1sess_150ep,853,61972,0.047961798,0.050562244,990,-0.0026004463,3.0,0.6153846153846154,1.3846153846153846,1.0,-0.004264131,-0.000243254,-0.004020877,2.0,-0.3846153846153846,1,0
7,cycle44_subj07_margin_low_1sess_150ep,854,62006,0.07059404,0.04371854,954,0.026875503,1.0,1.0,1.0,1.0,-0.00226672,-0.003282439,0.001015719,0.0,0.0,0,0
7,cycle44_subj07_margin_low_1sess_150ep,855,62015,0.02819359,0.045038175,886,-0.016844586,9.0,0.1,3.5,4.0,-0.0036481917,0.0006282516,-0.0042764433,-1.0,0.0,0,0
7,cycle44_subj07_margin_low_1sess_150ep,856,62209,0.05307969,0.038792204,196,0.014287487,1.0,1.0,1.0,1.0,-0.0053300187,-0.004687641,-0.0006423779,0.0,0.0,0,0
7,cycle44_subj07_margin_low_1sess_150ep,857,62228,0.051574297,0.047525086,549,0.0040492117,1.0,1.0,1.0,1.0,-0.0002457723,-0.0031663068,0.0029205345,0.0,0.0,0,0
7,cycle44_subj07_margin_low_1sess_150ep,858,62275,0.014741857,0.03627569,778,-0.021533832,73.0,0.0,24.4,27.0,-0.007834947,-0.0040207095,-0.0038142372,12.0,0.0,0,0
7,cycle44_subj07_margin_low_1sess_150ep,859,62302,0.0644487,0.061501622,180,0.0029470772,1.0,1.0,1.0,1.0,-0.0043479204,-0.0010242388,-0.0033236817,0.0,0.0,0,0
7,cycle44_subj07_margin_low_1sess_150ep,860,62365,0.029309072,0.042964056,828,-0.0136549845,22.0,0.0,7.777777777777778,7.0,-0.008094259,-0.0069746897,-0.001119569,17.0,-0.3333333333333333,0,0
7,cycle44_subj07_margin_low_1sess_150ep,861,62479,0.03291795,0.057531584,132,-0.024613634,49.0,0.0,16.083333333333332,15.0,-0.0014662705,0.0036010258,-0.0050672963,17.0,0.0,0,0
7,cycle44_subj07_margin_low_1sess_150ep,862,62544,0.053204387,0.06344492,180,-0.010240532,8.0,0.0,3.6666666666666665,3.0,0.0025219359,0.00096736476,0.0015545711,-2.0,0.0,0,0
7,cycle44_subj07_margin_low_1sess_150ep,863,62561,0.040328637,0.04929701,788,-0.008968372,8.0,0.25,3.25,3.5,-0.0050038137,-0.004833296,-0.00017051771,-2.0,0.0,0,0
7,cycle44_subj07_margin_low_1sess_150ep,864,62683,0.061596893,0.05693513,208,0.004661761,1.0,1.0,1.0,1.0,-0.0022087246,-0.0005446486,-0.001664076,0.0,0.0,0,0
7,cycle44_subj07_margin_low_1sess_150ep,865,62748,0.054132577,0.055600233,2,-0.0014676563,2.0,0.5555555555555556,1.4444444444444444,1.0,0.006481979,0.0052070767,0.0012749024,-1.0,0.22222222222222227,0,0
7,cycle44_subj07_margin_low_1sess_150ep,866,62960,0.039886918,0.049752932,176,-0.009866014,11.0,0.0,3.9166666666666665,4.0,-0.0058266036,-0.005564809,-0.00026179478,3.0,-0.08333333333333333,0,0
7,cycle44_subj07_margin_low_1sess_150ep,867,63081,0.051489003,0.054026373,94,-0.0025373697,4.0,0.3333333333333333,1.9166666666666667,2.0,-0.0024722703,0.0012678206,-0.0037400909,3.0,-0.6666666666666667,1,0
7,cycle44_subj07_margin_low_1sess_150ep,868,63182,0.03837448,0.044199623,93,-0.0058251433,13.0,0.0,5.25,5.0,-0.008250274,-0.0059744306,-0.0022758432,10.0,-0.25,0,0
7,cycle44_subj07_margin_low_1sess_150ep,869,63345,0.049867336,0.04746605,770,0.0024012849,1.0,1.0,1.0,1.0,-0.001085978,-0.004789438,0.00370346,-1.0,0.16666666666666663,0,1
7,cycle44_subj07_margin_low_1sess_150ep,870,63449,0.047587894,0.04980322,707,-0.0022153258,2.0,0.8888888888888888,1.1111111111111112,1.0,-0.000737533,-0.0072686076,0.0065310746,0.0,0.0,0,0
7,cycle44_subj07_margin_low_1sess_150ep,871,63746,0.050769806,0.053187776,297,-0.0024179704,4.0,0.25,2.0,2.0,0.0046778806,0.0019648038,0.0027130768,0.0,0.25,0,0
7,cycle44_subj07_margin_low_1sess_150ep,872,63781,0.047331836,0.041647136,770,0.0056847,1.0,1.0,1.0,1.0,-0.0014795661,-0.007718675,0.0062391087,-1.0,0.11111111111111116,0,1
7,cycle44_subj07_margin_low_1sess_150ep,873,63825,0.036875434,0.050154008,828,-0.013278574,31.0,0.0,9.75,10.0,-0.0039798208,-0.00019934028,-0.0037804805,16.0,0.0,0,0
7,cycle44_subj07_margin_low_1sess_150ep,874,63922,0.036922388,0.049314342,963,-0.012391955,30.0,0.0,10.666666666666666,10.0,-3.2551587e-05,-0.00021613389,0.0001835823,-7.0,0.0,0,0
7,cycle44_subj07_margin_low_1sess_150ep,875,63931,0.06589872,0.04600513,777,0.019893587,1.0,1.0,1.0,1.0,-0.0035375953,-0.0031329133,-0.000404682,0.0,0.0,0,0
7,cycle44_subj07_margin_low_1sess_150ep,876,63944,0.04610231,0.054207753,875,-0.008105442,7.0,0.1111111111111111,2.888888888888889,3.0,-0.0011031404,0.00048790872,-0.0015910491,3.0,-0.1111111111111111,0,0
7,cycle44_subj07_margin_low_1sess_150ep,877,64004,0.0553702,0.04673743,461,0.008632772,1.0,1.0,1.0,1.0,0.0011251867,0.00013811514,0.0009870715,0.0,0.0,0,0
7,cycle44_subj07_margin_low_1sess_150ep,878,64096,0.026367547,0.03167201,648,-0.0053044613,20.0,0.0,7.3,7.0,-0.008614564,-0.0097363405,0.0011217762,11.0,-0.1,0,0
7,cycle44_subj07_margin_low_1sess_150ep,879,64295,0.05272818,0.051057063,710,0.0016711168,1.0,1.0,1.0,1.0,-0.0018527694,-0.0053755417,0.0035227723,-1.0,0.6666666666666667,0,1
7,cycle44_subj07_margin_low_1sess_150ep,880,64483,0.03912597,0.06106121,567,-0.02193524,73.0,0.0,23.636363636363637,23.0,-0.0047097094,0.0008286163,-0.0055383258,36.0,0.0,0,0
7,cycle44_subj07_margin_low_1sess_150ep,881,64498,0.040031154,0.042649746,288,-0.0026185922,3.0,0.3333333333333333,1.8333333333333333,2.0,-0.0037859678,-0.00024364889,-0.003542319,2.0,-0.6666666666666667,1,0
7,cycle44_subj07_margin_low_1sess_150ep,882,64615,0.048378497,0.056755345,524,-0.008376848,15.0,0.0,5.333333333333333,5.0,0.0019828007,-0.0021296926,0.0041124932,-10.0,0.0,0,0
7,cycle44_subj07_margin_low_1sess_150ep,883,64621,0.03194182,0.04450791,172,-0.01256609,8.0,0.0,3.5714285714285716,4.0,-0.0021118894,-0.0020503663,-6.152317e-05,-12.0,0.0,0,0
7,cycle44_subj07_margin_low_1sess_150ep,884,64687,0.043550454,0.047510244,204,-0.00395979,4.0,0.0,2.6,3.0,-0.0036067665,0.0050457343,-0.008652501,3.0,-1.0,1,0
7,cycle44_subj07_margin_low_1sess_150ep,885,64771,0.03633057,0.042147655,316,-0.0058170855,14.0,0.0,5.0,5.0,-0.002464477,-0.0028352141,0.00037073717,5.0,0.0,0,0
7,cycle44_subj07_margin_low_1sess_150ep,886,64867,0.047762983,0.043255243,372,0.004507739,1.0,1.0,1.0,1.0,0.002353523,-0.0028176531,0.005171176,-1.0,0.2727272727272727,0,1
7,cycle44_subj07_margin_low_1sess_150ep,887,64880,0.026667157,0.05204223,169,-0.025375074,55.0,0.0,16.307692307692307,16.0,-0.0046209414,-0.0015202425,-0.0031006988,20.0,0.0,0,0
7,cycle44_subj07_margin_low_1sess_150ep,888,64893,0.026597062,0.055037178,396,-0.028440116,258.0,0.0,79.5,79.5,0.0026690923,-0.0005707778,0.003239872,-135.0,0.0,0,0
7,cycle44_subj07_margin_low_1sess_150ep,889,64979,0.03409186,0.053354084,655,-0.019262224,89.0,0.0,26.916666666666668,27.0,-0.0049455985,0.0006406456,-0.005586244,14.0,0.0,0,0
7,cycle44_subj07_margin_low_1sess_150ep,890,65010,0.0627357,0.050084483,286,0.012651216,1.0,1.0,1.0,1.0,0.0023567826,-0.0064445995,0.008801382,0.0,0.0,0,0
7,cycle44_subj07_margin_low_1sess_150ep,891,65069,0.065213464,0.054582674,163,0.01063079,1.0,1.0,1.0,1.0,-0.00026717037,0.0032287166,-0.003495887,0.0,0.0,0,0
7,cycle44_subj07_margin_low_1sess_150ep,892,65148,0.05428613,0.055767056,990,-0.0014809258,2.0,0.875,1.125,1.0,-0.00022530928,0.0022435784,-0.0024688877,1.0,-0.125,1,0
7,cycle44_subj07_margin_low_1sess_150ep,893,65187,0.034647055,0.050254796,886,-0.015607741,58.0,0.0,18.384615384615383,18.0,-0.0016254894,-0.0016718507,4.6361238e-05,-14.0,0.0,0,0
7,cycle44_subj07_margin_low_1sess_150ep,894,65232,0.042350974,0.046788484,204,-0.00443751,6.0,0.08333333333333333,2.5833333333333335,2.5,-0.0070328936,-0.003892623,-0.0031402707,2.0,-0.5,0,0
7,cycle44_subj07_margin_low_1sess_150ep,895,65253,0.023645472,0.042404067,737,-0.018758595,101.0,0.0,28.4,30.0,-0.0014967043,0.00080443174,-0.002301136,7.0,0.0,0,0
7,cycle44_subj07_margin_low_1sess_150ep,896,65267,0.04021743,0.04266004,178,-0.0024426095,4.0,0.38461538461538464,1.7692307692307692,2.0,0.00040421635,-0.00024142861,0.00064564496,-1.0,0.23076923076923078,0,0
7,cycle44_subj07_margin_low_1sess_150ep,897,65376,0.049818095,0.049226783,153,0.0005913116,1.0,1.0,1.0,1.0,-0.0047717877,-0.002659604,-0.0021121837,0.0,0.0,0,0
7,cycle44_subj07_margin_low_1sess_150ep,898,65414,0.051542845,0.04324862,475,0.008294225,1.0,1.0,1.0,1.0,-0.0024954453,-0.002997566,0.0005021207,0.0,0.0,0,0
7,cycle44_subj07_margin_low_1sess_150ep,899,65445,0.036914382,0.053877845,682,-0.016963463,21.0,0.0,7.0,7.0,0.0015660301,0.004116185,-0.002550155,-4.0,0.0,0,0
7,cycle44_subj07_margin_low_1sess_150ep,900,65639,0.06034834,0.056831762,753,0.0035165772,1.0,1.0,1.0,1.0,-0.0063890144,-0.0010052249,-0.0053837895,0.0,0.0,0,0
7,cycle44_subj07_margin_low_1sess_150ep,901,65654,0.035912596,0.04967826,760,-0.013765663,16.0,0.0,5.5,5.5,-0.001916822,-0.0022863373,0.00036951527,-2.0,0.0,0,0
7,cycle44_subj07_margin_low_1sess_150ep,902,65686,0.020659078,0.041178513,894,-0.020519435,79.0,0.0,23.333333333333332,25.0,-0.010259569,-0.006772831,-0.0034867376,38.0,0.0,0,0
7,cycle44_subj07_margin_low_1sess_150ep,903,65769,0.05311977,0.0512169,770,0.0019028708,1.0,1.0,1.0,1.0,0.0057911277,-0.0007366501,0.0065277778,-3.0,1.0,0,1
7,cycle44_subj07_margin_low_1sess_150ep,904,65799,0.048268702,0.048091233,827,0.0001774691,1.0,1.0,1.0,1.0,-0.002268441,-0.0046564303,0.0023879893,-2.0,0.5454545454545454,0,1
7,cycle44_subj07_margin_low_1sess_150ep,905,65821,0.054001316,0.06740374,11,-0.013402425,3.0,0.42857142857142855,1.5714285714285714,2.0,-0.0025180914,-0.0011487082,-0.0013693832,-1.0,0.14285714285714285,0,0
7,cycle44_subj07_margin_low_1sess_150ep,906,65872,0.04715503,0.050152212,176,-0.0029971823,3.0,0.75,1.25,1.0,-0.00031767786,-0.0019420348,0.001624357,1.0,0.0,0,0
7,cycle44_subj07_margin_low_1sess_150ep,907,65920,0.04775218,0.056626618,567,-0.008874439,5.0,0.0,2.25,2.0,-0.00026145205,0.0024713539,-0.002732806,-2.0,0.0,0,0
7,cycle44_subj07_margin_low_1sess_150ep,908,65943,0.03672594,0.050137933,987,-0.013411995,23.0,0.0,8.0,7.5,0.001075305,-0.00027760118,0.0013529062,-6.0,0.0,0,0
7,cycle44_subj07_margin_low_1sess_150ep,909,66004,0.053290147,0.05397877,576,-0.00068862364,2.0,0.5714285714285714,1.4285714285714286,1.0,-0.0047224276,-0.003154073,-0.0015683547,1.0,-0.4285714285714286,1,0
7,cycle44_subj07_margin_low_1sess_150ep,910,66214,0.0392104,0.050440326,601,-0.011229925,23.0,0.0,8.555555555555555,9.0,-0.004580427,-5.2724034e-05,-0.004527703,15.0,-0.2222222222222222,0,0
7,cycle44_subj07_margin_low_1sess_150ep,911,66216,0.04393425,0.05794799,541,-0.014013741,9.0,0.125,3.125,3.0,-0.005168248,-0.005970668,0.0008024201,4.0,-0.125,0,0
7,cycle44_subj07_margin_low_1sess_150ep,912,66278,0.06637337,0.054634217,809,0.011739153,1.0,1.0,1.0,1.0,-0.0051940978,-0.003906872,-0.0012872256,0.0,0.0,0,0
7,cycle44_subj07_margin_low_1sess_150ep,913,66330,0.038542807,0.040441632,531,-0.0018988252,2.0,0.8333333333333334,1.1666666666666667,1.0,-0.0020465218,-0.0026548766,0.0006083548,-4.0,0.6666666666666667,0,0
7,cycle44_subj07_margin_low_1sess_150ep,914,66342,0.048166923,0.047197867,799,0.00096905604,1.0,1.0,1.0,1.0,-0.0019526929,-0.0021011531,0.00014846027,0.0,0.0,0,0
7,cycle44_subj07_margin_low_1sess_150ep,915,66421,0.03719263,0.05683127,947,-0.019638639,78.0,0.0,24.0,21.0,0.0044082813,-0.001422856,0.0058311373,-72.0,0.0,0,0
7,cycle44_subj07_margin_low_1sess_150ep,916,66464,0.04828038,0.05430708,567,-0.0060267,3.0,0.5,1.6,1.5,0.0010206029,-0.00038206577,0.0014026687,-7.0,0.5,0,0
7,cycle44_subj07_margin_low_1sess_150ep,917,66479,0.034453314,0.04982747,760,-0.015374158,71.0,0.0,22.636363636363637,22.0,0.0009027496,-0.00019043684,0.0010931864,-12.0,0.0,0,0
7,cycle44_subj07_margin_low_1sess_150ep,918,66489,0.028776921,0.044954866,372,-0.016177945,21.0,0.0,7.5,7.0,-0.0042681918,0.00044425204,-0.004712444,3.0,0.0,0,0
7,cycle44_subj07_margin_low_1sess_150ep,919,66580,0.048312683,0.049202334,700,-0.0008896515,2.0,0.7142857142857143,1.2857142857142858,1.0,-0.0023666844,-0.0030946285,0.0007279441,-3.0,0.5714285714285714,0,0
7,cycle44_subj07_margin_low_1sess_150ep,920,66643,0.042846695,0.043172684,282,-0.00032598898,2.0,0.75,1.25,1.0,-0.004588641,-0.004324805,-0.00026383623,0.0,0.5,0,0
7,cycle44_subj07_margin_low_1sess_150ep,921,66773,0.06409332,0.056218795,567,0.007874526,1.0,1.0,1.0,1.0,-0.00051142275,-0.002034478,0.0015230551,0.0,0.0,0,0
7,cycle44_subj07_margin_low_1sess_150ep,922,66836,0.05252044,0.044330087,632,0.0081903525,1.0,1.0,1.0,1.0,-0.0061572716,-0.0012725182,-0.0048847534,0.0,0.0,0,0
7,cycle44_subj07_margin_low_1sess_150ep,923,66946,0.043561965,0.04424253,178,-0.00068056583,2.0,0.7777777777777778,1.2222222222222223,1.0,-0.0029500127,6.783381e-05,-0.0030178465,1.0,-0.2222222222222222,1,0
7,cycle44_subj07_margin_low_1sess_150ep,924,66976,0.04557991,0.04882258,274,-0.0032426715,3.0,0.6666666666666666,1.3333333333333333,1.0,-0.00456487,-0.0069744624,0.0024095923,0.0,0.16666666666666663,0,0
7,cycle44_subj07_margin_low_1sess_150ep,925,67045,0.04757542,0.039528098,696,0.008047324,1.0,1.0,1.0,1.0,-0.0067408495,-0.0055293553,-0.0012114942,0.0,0.0,0,0
7,cycle44_subj07_margin_low_1sess_150ep,926,67113,0.040231574,0.04812341,57,-0.0078918375,12.0,0.1111111111111111,4.333333333333333,5.0,-0.010676645,-0.0036578923,-0.0070187524,10.0,-0.6666666666666667,0,0
7,cycle44_subj07_margin_low_1sess_150ep,927,67168,0.05492942,0.058705788,50,-0.0037763678,4.0,0.3333333333333333,1.7777777777777777,2.0,0.0014177933,-0.0036324672,0.0050502606,-1.0,0.2222222222222222,0,0
7,cycle44_subj07_margin_low_1sess_150ep,928,67204,0.048497144,0.050707243,196,-0.0022100993,2.0,0.6153846153846154,1.3846153846153846,1.0,0.0025111176,0.00048406422,0.0020270534,-4.0,0.46153846153846156,0,0
7,cycle44_subj07_margin_low_1sess_150ep,929,67237,0.046024933,0.04722847,274,-0.001203537,2.0,0.75,1.25,1.0,-0.006568659,0.00033065304,-0.006899312,1.0,-0.25,1,0
7,cycle44_subj07_margin_low_1sess_150ep,930,67252,0.04111009,0.05020688,967,-0.00909679,3.0,0.5,1.5,1.5,0.002966065,0.0023043938,0.00066167116,0.0,0.0,0,0
7,cycle44_subj07_margin_low_1sess_150ep,931,67295,0.036243312,0.0441461,891,-0.007902786,16.0,0.0,6.0,6.0,-0.0054071695,-0.0057634786,0.00035630912,-7.0,0.0,0,0
7,cycle44_subj07_margin_low_1sess_150ep,932,67363,0.04516343,0.050514694,141,-0.005351264,6.0,0.2,2.4,2.0,-0.004971478,-0.002019547,-0.0029519312,4.0,-0.39999999999999997,0,0
7,cycle44_subj07_margin_low_1sess_150ep,933,67742,0.050529163,0.05041023,23,0.00011893362,1.0,1.0,1.0,1.0,0.0011887029,-0.0046022646,0.0057909675,-5.0,0.7777777777777778,0,1
7,cycle44_subj07_margin_low_1sess_150ep,934,67802,0.053891733,0.05635172,710,-0.002459988,2.0,0.6666666666666666,1.3333333333333333,1.0,0.0023931935,-0.0037322715,0.006125465,0.0,0.0,0,0
7,cycle44_subj07_margin_low_1sess_150ep,935,67829,0.04044401,0.05344843,12,-0.013004422,26.0,0.0,8.555555555555555,10.0,-0.0014246106,0.003536623,-0.0049612336,3.0,0.0,0,0
7,cycle44_subj07_margin_low_1sess_150ep,936,68023,0.021327352,0.0441324,644,-0.022805048,314.0,0.0,94.3076923076923,95.0,-0.005382778,-0.001491949,-0.0038908292,105.0,0.0,0,0
7,cycle44_subj07_margin_low_1sess_150ep,937,68168,0.040337596,0.053581994,567,-0.013244398,15.0,0.0,4.5,4.5,0.0012982152,-0.0021657944,0.0034640096,-14.0,0.0,0,0
7,cycle44_subj07_margin_low_1sess_150ep,938,68278,0.04959918,0.051507622,327,-0.0019084401,2.0,0.6923076923076923,1.3076923076923077,1.0,0.0022313036,-0.0005448349,0.0027761385,-2.0,0.5384615384615384,0,0
7,cycle44_subj07_margin_low_1sess_150ep,939,68311,0.049556877,0.042496085,153,0.0070607923,1.0,1.0,1.0,1.0,-0.006690379,-0.006074492,-0.00061588734,0.0,0.0,0,0
7,cycle44_subj07_margin_low_1sess_150ep,940,68339,0.040544253,0.04964083,57,-0.009096578,14.0,0.0,4.625,4.5,-0.0022320487,-0.003395915,0.0011638664,0.0,0.0,0,0
7,cycle44_subj07_margin_low_1sess_150ep,941,68418,0.05362589,0.052477524,380,0.0011483654,1.0,1.0,1.0,1.0,-0.0060373954,-0.0065968744,0.000559479,0.0,0.0,0,0
7,cycle44_subj07_margin_low_1sess_150ep,942,68471,0.054949716,0.05803375,567,-0.0030840337,4.0,0.8888888888888888,1.1111111111111112,1.0,-0.0045230538,-0.0009676777,-0.003555376,3.0,-0.11111111111111116,1,0
7,cycle44_subj07_margin_low_1sess_150ep,943,68741,0.059148654,0.043408334,755,0.01574032,1.0,1.0,1.0,1.0,0.0012022033,-0.0040778257,0.005280029,0.0,0.0,0,0
7,cycle44_subj07_margin_low_1sess_150ep,944,68814,0.057503287,0.05286084,655,0.0046424456,1.0,1.0,1.0,1.0,-0.0076328926,-0.0005035624,-0.00712933,0.0,0.0,0,0
7,cycle44_subj07_margin_low_1sess_150ep,945,68842,0.054799788,0.053394243,828,0.0014055446,1.0,1.0,1.0,1.0,-0.0015225336,-0.0038812794,0.0023587458,-1.0,0.2857142857142857,0,1
7,cycle44_subj07_margin_low_1sess_150ep,946,68858,0.044209875,0.052376572,2,-0.008166697,9.0,0.09090909090909091,2.8181818181818183,2.0,0.002005428,0.0027474165,-0.0007419884,-3.0,-0.09090909090909091,0,0
7,cycle44_subj07_margin_low_1sess_150ep,947,68897,0.06835733,0.053970806,567,0.014386527,1.0,1.0,1.0,1.0,-0.0029092059,0.0014389902,-0.004348196,0.0,0.0,0,0
7,cycle44_subj07_margin_low_1sess_150ep,948,69007,0.026469138,0.048860777,567,-0.02239164,80.0,0.0,25.46153846153846,25.0,-0.0076154023,0.0035361946,-0.011151597,53.0,0.0,0,0
7,cycle44_subj07_margin_low_1sess_150ep,949,69025,0.04810422,0.052614424,28,-0.0045102052,4.0,0.5,1.7,1.5,0.0039575174,-0.0012402311,0.0051977485,-17.0,0.5,0,0
7,cycle44_subj07_margin_low_1sess_150ep,950,69030,0.009407444,0.03870824,865,-0.029300796,476.0,0.0,142.0,142.5,-0.0034423517,-0.0044732094,0.0010308567,103.0,0.0,0,0
7,cycle44_subj07_margin_low_1sess_150ep,951,69130,0.059136372,0.048193116,178,0.010943256,1.0,1.0,1.0,1.0,-0.0007795617,-0.0009959824,0.00021642074,0.0,0.0,0,0
7,cycle44_subj07_margin_low_1sess_150ep,952,69214,0.04810692,0.037479833,186,0.010627087,1.0,1.0,1.0,1.0,-0.0044451132,-0.00452118,7.60667e-05,0.0,0.0,0,0
7,cycle44_subj07_margin_low_1sess_150ep,953,69240,0.04243349,0.050296824,984,-0.007863335,11.0,0.0,4.4,4.0,-0.0034384318,-0.0055799186,0.0021414869,1.0,0.0,0,0
7,cycle44_subj07_margin_low_1sess_150ep,954,69442,0.05606827,0.05448316,856,0.001585111,1.0,1.0,1.0,1.0,-0.006503336,-0.002928514,-0.003574822,0.0,0.0,0,0
7,cycle44_subj07_margin_low_1sess_150ep,955,69502,0.042076364,0.052633345,484,-0.010556981,11.0,0.0,5.833333333333333,6.0,-0.0065406896,-0.0041965395,-0.00234415,2.0,0.0,0,0
7,cycle44_subj07_margin_low_1sess_150ep,956,69614,0.04944081,0.056300867,567,-0.0068600588,3.0,0.4166666666666667,1.6666666666666667,2.0,0.0034842528,0.00244404,0.0010402128,-5.0,0.4166666666666667,0,0
7,cycle44_subj07_margin_low_1sess_150ep,957,69616,0.01832356,0.04156771,710,-0.02324415,188.0,0.0,56.92307692307692,57.0,0.0022984147,-0.010711901,0.013010316,-91.0,0.0,0,0
7,cycle44_subj07_margin_low_1sess_150ep,958,69785,0.0354132,0.0511095,567,-0.015696302,27.0,0.0,9.7,9.0,0.0023050047,-8.421391e-05,0.0023892187,-34.0,0.0,0,0
7,cycle44_subj07_margin_low_1sess_150ep,959,69813,0.048175287,0.041921828,173,0.0062534586,1.0,1.0,1.0,1.0,-0.0076943375,-0.0030062534,-0.004688084,0.0,0.0,0,0
7,cycle44_subj07_margin_low_1sess_150ep,960,69831,0.029367344,0.039084554,28,-0.009717209,37.0,0.0,12.23076923076923,12.0,-0.001455415,-0.0062824935,0.0048270784,-10.0,0.0,0,0
7,cycle44_subj07_margin_low_1sess_150ep,961,69839,0.027468666,0.04775512,807,-0.020286452,135.0,0.0,42.5,41.0,0.001897933,-0.00021671131,0.0021146443,-20.0,0.0,0,0
7,cycle44_subj07_margin_low_1sess_150ep,962,69854,0.04275694,0.045394134,523,-0.0026371926,4.0,0.3333333333333333,2.1666666666666665,2.0,-0.0045131072,-0.005934838,0.001421731,1.0,-0.16666666666666669,0,0
7,cycle44_subj07_margin_low_1sess_150ep,963,69918,0.052391183,0.06002848,567,-0.007637296,2.0,0.6,1.4,1.0,0.0077257417,0.0029621348,0.004763607,-2.0,0.19999999999999996,0,0
7,cycle44_subj07_margin_low_1sess_150ep,964,70038,0.034919035,0.048618704,493,-0.013699669,10.0,0.1111111111111111,3.3333333333333335,3.0,-0.0010023341,-0.0022735149,0.0012711808,1.0,0.1111111111111111,0,0
7,cycle44_subj07_margin_low_1sess_150ep,965,70075,0.050356,0.044498138,777,0.0058578625,1.0,1.0,1.0,1.0,0.00032014027,-0.0036178306,0.003937971,0.0,0.0,0,0
7,cycle44_subj07_margin_low_1sess_150ep,966,70095,0.04970171,0.050435055,833,-0.00073334575,2.0,0.7,1.3,1.0,-0.00077593327,-0.0032459386,0.0024700053,-1.0,0.0,0,0
7,cycle44_subj07_margin_low_1sess_150ep,967,70193,0.047005672,0.044402696,916,0.0026029758,1.0,1.0,1.0,1.0,0.0010552928,-0.0059798956,0.0070351884,-9.0,1.0,0,1
7,cycle44_subj07_margin_low_1sess_150ep,968,70232,0.047806807,0.054080226,132,-0.0062734187,5.0,0.3333333333333333,2.0,2.0,-0.0010237172,-0.0065080374,0.00548432,-3.0,0.3333333333333333,0,0
7,cycle44_subj07_margin_low_1sess_150ep,969,70335,0.053444102,0.049887214,559,0.0035568886,1.0,1.0,1.0,1.0,0.0035056248,0.0009466335,0.0025589913,0.0,0.0,0,0
7,cycle44_subj07_margin_low_1sess_150ep,970,70360,0.04137075,0.041554537,696,-0.0001837872,2.0,1.0,1.0,1.0,-0.0015634783,0.00017708912,-0.0017405674,1.0,0.0,1,0
7,cycle44_subj07_margin_low_1sess_150ep,971,70368,0.043135226,0.046097763,479,-0.002962537,5.0,0.2,2.2,2.0,0.00042441115,-0.0033099018,0.003734313,-3.0,0.13333333333333336,0,0
7,cycle44_subj07_margin_low_1sess_150ep,972,70427,0.046146467,0.04731384,899,-0.0011673719,3.0,0.6666666666666666,1.3333333333333333,1.0,-0.0010784119,0.0025335737,-0.0036119856,2.0,-0.33333333333333337,1,0
7,cycle44_subj07_margin_low_1sess_150ep,973,70505,0.035027698,0.05162692,967,-0.016599223,15.0,0.0,6.333333333333333,7.0,-0.0044700205,-0.00042752177,-0.004042499,5.0,0.0,0,0
7,cycle44_subj07_margin_low_1sess_150ep,974,70585,0.047127586,0.045969166,208,0.00115842,1.0,1.0,1.0,1.0,-0.001015164,-0.0003862679,-0.00062889606,0.0,0.0,0,0
7,cycle44_subj07_margin_low_1sess_150ep,975,70589,0.04737777,0.0524715,265,-0.005093731,4.0,0.4444444444444444,1.8888888888888888,2.0,-0.0057693496,-0.0017177314,-0.0040516183,2.0,-0.4444444444444444,0,0
7,cycle44_subj07_margin_low_1sess_150ep,976,70671,0.043816756,0.050403032,692,-0.006586276,6.0,0.3,2.5,2.5,0.0006422289,0.0004577227,0.00018450618,-7.0,0.3,0,0
7,cycle44_subj07_margin_low_1sess_150ep,977,70758,0.03668219,0.037369035,886,-0.0006868467,3.0,0.4444444444444444,1.7777777777777777,2.0,-0.0049840286,-0.0035348162,-0.0014492124,2.0,-0.5555555555555556,1,0
7,cycle44_subj07_margin_low_1sess_150ep,978,70764,0.040225245,0.038903713,611,0.0013215318,1.0,1.0,1.0,1.0,-0.0025636032,-0.0033641234,0.0008005202,0.0,0.0,0,0
7,cycle44_subj07_margin_low_1sess_150ep,979,70947,0.035873156,0.044529274,983,-0.008656118,36.0,0.0,13.625,14.0,-0.0015680157,-0.002248574,0.0006805584,13.0,0.0,0,0
7,cycle44_subj07_margin_low_1sess_150ep,980,71025,0.04493434,0.051680386,282,-0.0067460462,8.0,0.0,3.4615384615384617,3.0,0.0014170446,0.0024597012,-0.0010426566,-7.0,0.0,0,0
7,cycle44_subj07_margin_low_1sess_150ep,981,71186,0.045947976,0.0526743,178,-0.0067263246,2.0,0.6666666666666666,1.3333333333333333,1.0,0.0026918538,0.0007597245,0.0019321293,-6.0,0.6666666666666666,0,0
7,cycle44_subj07_margin_low_1sess_150ep,982,71229,0.06477593,0.05154276,900,0.01323317,1.0,1.0,1.0,1.0,-0.003220901,-0.0048837774,0.0016628765,0.0,0.0,0,0
7,cycle44_subj07_margin_low_1sess_150ep,983,71232,0.05503248,0.045776572,922,0.009255908,1.0,1.0,1.0,1.0,0.0015235096,-0.0015927553,0.003116265,0.0,0.0,0,0
7,cycle44_subj07_margin_low_1sess_150ep,984,71241,0.055351257,0.046507075,282,0.008844182,1.0,1.0,1.0,1.0,-0.0024858825,0.0032815821,-0.0057674646,0.0,0.0,0,0
7,cycle44_subj07_margin_low_1sess_150ep,985,71410,0.04629054,0.05095578,274,-0.0046652406,2.0,0.7692307692307693,1.2307692307692308,1.0,0.0011779927,0.0013755448,-0.00019755214,0.0,0.0,0,0
7,cycle44_subj07_margin_low_1sess_150ep,986,71450,0.063387975,0.053821594,156,0.009566382,1.0,1.0,1.0,1.0,-0.0045645162,0.0034638755,-0.008028392,0.0,0.0,0,0
7,cycle44_subj07_margin_low_1sess_150ep,987,71753,0.05942257,0.0465139,81,0.012908671,1.0,1.0,1.0,1.0,0.0032328628,0.0024430268,0.00078983605,0.0,0.0,0,0
7,cycle44_subj07_margin_low_1sess_150ep,988,71894,0.043897033,0.051157948,601,-0.007260915,9.0,0.0,4.25,4.0,-0.0011411421,-0.0024727434,0.0013316013,3.0,-0.125,0,0
7,cycle44_subj07_margin_low_1sess_150ep,989,71928,0.045877684,0.05255993,368,-0.006682247,13.0,0.0,4.454545454545454,5.0,-0.00031868368,-0.0017682202,0.0014495365,-3.0,0.0,0,0
7,cycle44_subj07_margin_low_1sess_150ep,990,72015,0.06080937,0.053526197,788,0.0072831735,1.0,1.0,1.0,1.0,-0.0019261874,-0.0005019158,-0.0014242716,0.0,0.0,0,0
7,cycle44_subj07_margin_low_1sess_150ep,991,72080,0.053545438,0.045397744,779,0.008147694,1.0,1.0,1.0,1.0,-0.0017546751,0.0071526133,-0.008907288,0.0,0.0,0,0
7,cycle44_subj07_margin_low_1sess_150ep,992,72170,0.04984116,0.048239294,2,0.0016018674,1.0,1.0,1.0,1.0,-0.0027500503,-0.00804292,0.00529287,-1.0,0.11111111111111116,0,1
7,cycle44_subj07_margin_low_1sess_150ep,993,72209,0.03547095,0.044493355,327,-0.0090224035,6.0,0.2222222222222222,2.2222222222222223,2.0,-0.00842002,-0.004130829,-0.004289191,4.0,-0.6666666666666666,0,0
7,cycle44_subj07_margin_low_1sess_150ep,994,72257,0.04777015,0.054072797,250,-0.0063026473,15.0,0.0,5.090909090909091,5.0,0.001455456,-0.0027684867,0.0042239428,-5.0,0.0,0,0
7,cycle44_subj07_margin_low_1sess_150ep,995,72312,0.04395732,0.03932891,314,0.0046284087,1.0,1.0,1.0,1.0,-0.006332893,-0.001595635,-0.004737258,0.0,0.0,0,0
7,cycle44_subj07_margin_low_1sess_150ep,996,72510,0.030300308,0.047591634,692,-0.017291326,59.0,0.0,18.75,17.5,-0.0021894649,-0.0037977211,0.0016082563,-5.0,0.0,0,0
7,cycle44_subj07_margin_low_1sess_150ep,997,72605,0.069769055,0.05034794,268,0.019421116,1.0,1.0,1.0,1.0,-0.004097566,0.00092050433,-0.0050180703,0.0,0.0,0,0
7,cycle44_subj07_margin_low_1sess_150ep,998,72719,0.04610583,0.043405667,886,0.002700165,1.0,1.0,1.0,1.0,-0.0026833564,-0.0016857423,-0.0009976141,0.0,0.0,0,0
7,cycle44_subj07_margin_low_1sess_150ep,999,72948,0.03940475,0.044184286,282,-0.0047795363,6.0,0.1,2.8,2.5,0.004354447,0.0044006743,-4.6227127e-05,-9.0,0.1,0,0
