subject,model_name,eval_index,image_id,positive_similarity,hardest_impostor_similarity,hardest_impostor_index,margin,full_pool_rank,sampled_top1_success_rate,sampled_rank_mean,sampled_rank_median,delta_positive_similarity,delta_hardest_impostor_similarity,delta_margin,delta_full_pool_rank,delta_sampled_top1_success_rate,rank1_to_not1,not1_to_rank1
5,cycle44_subj05_margin_low_1sess_150ep,0,2950,0.0398935,0.04962663,195,-0.009733129,4.0,0.3333333333333333,1.6666666666666667,2.0,-0.001073435,0.0006537996,-0.0017272346,2.0,-0.6666666666666667,0,0
5,cycle44_subj05_margin_low_1sess_150ep,1,2990,0.048317324,0.052970406,876,-0.0046530813,5.0,0.15384615384615385,2.1538461538461537,2.0,0.0012958981,-0.000773862,0.00206976,3.0,-0.6153846153846154,0,0
5,cycle44_subj05_margin_low_1sess_150ep,2,3049,0.056838177,0.05599349,11,0.0008446872,1.0,1.0,1.0,1.0,0.007482372,0.0039695464,0.0035128258,-3.0,0.8333333333333334,0,1
5,cycle44_subj05_margin_low_1sess_150ep,3,3077,0.03785205,0.04675746,493,-0.008905411,11.0,0.0,3.888888888888889,4.0,0.010150444,0.0049270876,0.005223356,-8.0,0.0,0,0
5,cycle44_subj05_margin_low_1sess_150ep,4,3146,0.041870676,0.04222407,828,-0.0003533922,3.0,0.26666666666666666,1.8666666666666667,2.0,0.009503897,0.0019348934,0.007569004,-6.0,0.26666666666666666,0,0
5,cycle44_subj05_margin_low_1sess_150ep,5,3157,0.051637195,0.052497655,778,-0.0008604601,2.0,0.6666666666666666,1.3333333333333333,1.0,0.004468996,0.0016482286,0.0028207675,0.0,0.0,0,0
5,cycle44_subj05_margin_low_1sess_150ep,6,3164,0.02663929,0.04144814,906,-0.0148088485,89.0,0.0,28.125,29.5,-0.00027113594,-0.003564421,0.0032932851,-3.0,0.0,0,0
5,cycle44_subj05_margin_low_1sess_150ep,7,3171,0.026052544,0.04730846,162,-0.021255916,72.0,0.0,20.75,20.5,0.007655643,0.0026784427,0.0049772,-81.0,0.0,0,0
5,cycle44_subj05_margin_low_1sess_150ep,8,3181,0.059288163,0.05413779,674,0.005150374,1.0,1.0,1.0,1.0,-0.0012658574,0.001811754,-0.0030776113,0.0,0.0,0,0
5,cycle44_subj05_margin_low_1sess_150ep,9,3386,0.031914134,0.05170024,331,-0.019786105,50.0,0.0,14.4,15.0,0.0027075857,0.0081240535,-0.005416468,7.0,0.0,0,0
5,cycle44_subj05_margin_low_1sess_150ep,10,3434,0.04749465,0.053310316,175,-0.005815666,3.0,0.5,1.5,1.5,0.00059749186,0.00046138838,0.00013610348,0.0,-0.08333333333333337,0,0
5,cycle44_subj05_margin_low_1sess_150ep,11,3449,0.061644487,0.04758534,426,0.014059149,1.0,1.0,1.0,1.0,0.002555564,0.0073904768,-0.0048349127,0.0,0.0,0,0
5,cycle44_subj05_margin_low_1sess_150ep,12,3489,0.049069766,0.050977606,652,-0.0019078404,2.0,0.8,1.2,1.0,0.012016885,0.0039761364,0.008040749,-5.0,0.4,0,0
5,cycle44_subj05_margin_low_1sess_150ep,13,3626,0.040193874,0.050234452,316,-0.0100405775,7.0,0.07692307692307693,2.8461538461538463,3.0,-0.0027280971,0.0020721816,-0.0048002787,3.0,-0.23076923076923078,0,0
5,cycle44_subj05_margin_low_1sess_150ep,14,3682,0.042816985,0.047958802,996,-0.005141817,5.0,0.1,2.4,2.0,0.0014754906,0.0036642402,-0.0021887496,3.0,-0.7000000000000001,0,0
5,cycle44_subj05_margin_low_1sess_150ep,15,3687,0.045883402,0.05276433,828,-0.006880928,3.0,0.3333333333333333,1.8333333333333333,2.0,-0.003797762,0.0039729774,-0.0077707395,2.0,-0.6666666666666667,1,0
5,cycle44_subj05_margin_low_1sess_150ep,16,3729,0.04423692,0.04441348,777,-0.00017656013,2.0,0.5,1.5,1.5,-0.0019530989,-0.0043831393,0.0024300404,0.0,0.0,0,0
5,cycle44_subj05_margin_low_1sess_150ep,17,3809,0.02703663,0.042955857,903,-0.015919227,25.0,0.0,7.375,7.5,0.001115378,0.0047089905,-0.0035936125,8.0,0.0,0,0
5,cycle44_subj05_margin_low_1sess_150ep,18,3842,0.036319904,0.050715785,493,-0.014395881,15.0,0.0,5.625,5.5,0.0042039566,0.0058224425,-0.0016184859,4.0,0.0,0,0
5,cycle44_subj05_margin_low_1sess_150ep,19,3847,0.05197128,0.054004014,614,-0.0020327345,2.0,0.3333333333333333,1.6666666666666667,2.0,0.00041357055,-0.001151938,0.0015655085,0.0,0.0,0,0
5,cycle44_subj05_margin_low_1sess_150ep,20,3856,0.036445875,0.04482573,967,-0.008379854,5.0,0.42857142857142855,1.7142857142857142,2.0,-0.0009255484,0.0012348108,-0.0021603592,-1.0,0.14285714285714285,0,0
5,cycle44_subj05_margin_low_1sess_150ep,21,3913,0.056560587,0.051766653,967,0.0047939345,1.0,1.0,1.0,1.0,0.0021851063,0.0004858151,0.0016992912,0.0,0.0,0,0
5,cycle44_subj05_margin_low_1sess_150ep,22,3951,0.046636794,0.05056367,793,-0.003926877,2.0,0.7777777777777778,1.2222222222222223,1.0,-0.00091029704,-0.0005142577,-0.00039603934,0.0,0.0,0,0
5,cycle44_subj05_margin_low_1sess_150ep,23,4051,0.038251843,0.052027613,64,-0.01377577,27.0,0.0,8.25,8.0,0.007759653,0.0030168071,0.004742846,-31.0,0.0,0,0
5,cycle44_subj05_margin_low_1sess_150ep,24,4058,0.050680906,0.059251312,493,-0.008570407,2.0,0.4,1.6,2.0,-0.0002603829,0.00626852,-0.006528903,0.0,0.0,0,0
5,cycle44_subj05_margin_low_1sess_150ep,25,4129,0.048849236,0.05245572,442,-0.0036064833,3.0,0.5,1.6666666666666667,1.5,0.003594622,0.002539944,0.0010546781,-1.0,0.08333333333333331,0,0
5,cycle44_subj05_margin_low_1sess_150ep,26,4156,0.057162825,0.05568628,680,0.0014765449,1.0,1.0,1.0,1.0,0.0056315027,0.0026635826,0.0029679202,-1.0,0.30000000000000004,0,1
5,cycle44_subj05_margin_low_1sess_150ep,27,4249,0.059569646,0.04621749,814,0.013352156,1.0,1.0,1.0,1.0,0.0015712865,-0.0012884401,0.0028597265,0.0,0.0,0,0
5,cycle44_subj05_margin_low_1sess_150ep,28,4325,0.06420587,0.05583315,590,0.00837272,1.0,1.0,1.0,1.0,0.0044994317,0.006202098,-0.0017026663,0.0,0.0,0,0
5,cycle44_subj05_margin_low_1sess_150ep,29,4423,0.03713141,0.052066974,225,-0.014935564,41.0,0.0,12.4,13.5,-0.00079481676,0.0023745522,-0.003169369,22.0,0.0,0,0
5,cycle44_subj05_margin_low_1sess_150ep,30,4436,0.04193067,0.05112509,853,-0.009194419,6.0,0.14285714285714285,2.4285714285714284,2.0,-0.0014738366,4.227832e-05,-0.0015161149,-1.0,0.14285714285714285,0,0
5,cycle44_subj05_margin_low_1sess_150ep,31,4612,0.047930907,0.046063256,29,0.0018676519,1.0,1.0,1.0,1.0,0.0037362725,-0.0025806352,0.0063169077,-2.0,0.5,0,1
5,cycle44_subj05_margin_low_1sess_150ep,32,4667,0.042326394,0.03977659,940,0.0025498047,1.0,1.0,1.0,1.0,0.002768658,0.0020851083,0.0006835498,0.0,0.0,0,0
5,cycle44_subj05_margin_low_1sess_150ep,33,4690,0.032712083,0.047629215,172,-0.0149171315,17.0,0.0,6.2727272727272725,6.0,-0.005714737,0.0035276003,-0.009242337,13.0,-0.36363636363636365,0,0
5,cycle44_subj05_margin_low_1sess_150ep,34,4768,0.032737523,0.043993507,914,-0.011255983,37.0,0.0,12.777777777777779,13.0,0.0033239461,0.0022667684,0.0010571778,7.0,0.0,0,0
5,cycle44_subj05_margin_low_1sess_150ep,35,4786,0.026142122,0.045078196,191,-0.018936073,12.0,0.1,3.2,3.0,-0.00054504536,0.0037334822,-0.0042785276,3.0,0.0,0,0
5,cycle44_subj05_margin_low_1sess_150ep,36,4835,0.047403794,0.047528055,400,-0.00012426078,2.0,0.8333333333333334,1.1666666666666667,1.0,0.0040523186,-0.00028765574,0.0043399744,-1.0,0.4166666666666667,0,0
5,cycle44_subj05_margin_low_1sess_150ep,37,4869,0.046979703,0.048078414,582,-0.001098711,2.0,0.6666666666666666,1.3333333333333333,1.0,-0.004213795,-0.0038702078,-0.00034358725,0.0,0.0,0,0
5,cycle44_subj05_margin_low_1sess_150ep,38,4892,0.04820853,0.051984802,876,-0.003776271,4.0,0.625,1.5,1.0,0.009525858,-0.0040960237,0.013621882,-7.0,0.5,0,0
5,cycle44_subj05_margin_low_1sess_150ep,39,4930,0.06935601,0.04466984,493,0.024686169,1.0,1.0,1.0,1.0,-0.0026690066,0.0030694418,-0.0057384484,0.0,0.0,0,0
5,cycle44_subj05_margin_low_1sess_150ep,40,5034,0.042682927,0.047129355,686,-0.0044464283,3.0,0.5,1.6,1.5,0.003484685,0.007250637,-0.0037659518,1.0,0.09999999999999998,0,0
5,cycle44_subj05_margin_low_1sess_150ep,41,5106,0.042697307,0.048079874,674,-0.0053825676,9.0,0.0,3.5,3.5,0.007317364,0.0028658733,0.004451491,1.0,-0.16666666666666666,0,0
5,cycle44_subj05_margin_low_1sess_150ep,42,5204,0.02901667,0.04468529,990,-0.01566862,64.0,0.0,18.857142857142858,19.0,-0.001972301,0.0015960522,-0.0035683531,47.0,0.0,0,0
5,cycle44_subj05_margin_low_1sess_150ep,43,5285,0.04779055,0.0461637,761,0.0016268492,1.0,1.0,1.0,1.0,0.004334878,0.0005156398,0.0038192384,-1.0,0.16666666666666663,0,1
5,cycle44_subj05_margin_low_1sess_150ep,44,5301,0.035218436,0.026401242,864,0.008817194,1.0,1.0,1.0,1.0,-0.0017425269,-5.2653253e-05,-0.0016898736,0.0,0.0,0,0
5,cycle44_subj05_margin_low_1sess_150ep,45,5338,0.04380224,0.04705155,239,-0.00324931,2.0,0.6666666666666666,1.3333333333333333,1.0,0.0046301372,-0.0018657409,0.006495878,0.0,0.0,0,0
5,cycle44_subj05_margin_low_1sess_150ep,46,5427,0.062143367,0.05491695,830,0.007226415,1.0,1.0,1.0,1.0,-0.0005364679,0.0006115027,-0.0011479706,0.0,0.0,0,0
5,cycle44_subj05_margin_low_1sess_150ep,47,5459,0.037784453,0.03917006,885,-0.0013856068,3.0,0.5,1.75,1.5,5.767867e-05,0.0032659397,-0.003208261,2.0,-0.5,1,0
5,cycle44_subj05_margin_low_1sess_150ep,48,5502,0.05968072,0.053548664,246,0.006132055,1.0,1.0,1.0,1.0,0.0048115887,0.0028700754,0.0019415133,0.0,0.0,0,0
5,cycle44_subj05_margin_low_1sess_150ep,49,5542,0.051297028,0.049395133,162,0.0019018948,1.0,1.0,1.0,1.0,0.007609401,0.009639341,-0.0020299405,0.0,0.0,0,0
5,cycle44_subj05_margin_low_1sess_150ep,50,5574,0.038181305,0.04075735,468,-0.0025760457,3.0,0.5,1.5,1.5,0.0015356317,0.004677467,-0.0031418353,2.0,-0.5,1,0
5,cycle44_subj05_margin_low_1sess_150ep,51,5583,0.026502911,0.053908102,118,-0.027405191,188.0,0.0,57.75,58.5,0.004374139,0.007344134,-0.0029699951,-103.0,0.0,0,0
5,cycle44_subj05_margin_low_1sess_150ep,52,5602,0.015521395,0.027228659,208,-0.011707264,7.0,0.0,3.0,3.0,-0.0033725528,0.004141329,-0.0075138817,1.0,0.0,0,0
5,cycle44_subj05_margin_low_1sess_150ep,53,5714,0.048568435,0.039702907,222,0.008865528,1.0,1.0,1.0,1.0,0.005693376,-0.0003032945,0.0059966706,0.0,0.0,0,0
5,cycle44_subj05_margin_low_1sess_150ep,54,5878,0.0464982,0.038829602,43,0.0076685995,1.0,1.0,1.0,1.0,0.010391917,0.0033865012,0.007005416,0.0,0.0,0,0
5,cycle44_subj05_margin_low_1sess_150ep,55,5890,0.03399838,0.04174328,793,-0.007744897,7.0,0.0,3.2,3.0,0.0030100886,0.0044283345,-0.001418246,-3.0,0.0,0,0
5,cycle44_subj05_margin_low_1sess_150ep,56,6132,0.041877944,0.039482877,447,0.0023950674,1.0,1.0,1.0,1.0,0.008989286,-0.00012863427,0.00911792,-2.0,0.5,0,1
5,cycle44_subj05_margin_low_1sess_150ep,57,6199,0.040888224,0.041133277,246,-0.00024505332,2.0,0.6,1.4,1.0,0.002829995,0.0038621612,-0.0010321662,1.0,-0.4,1,0
5,cycle44_subj05_margin_low_1sess_150ep,58,6222,0.03984003,0.05313448,827,-0.013294447,5.0,0.25,1.75,2.0,-0.0004823804,0.0011647269,-0.0016471073,-2.0,0.25,0,0
5,cycle44_subj05_margin_low_1sess_150ep,59,6431,0.040725216,0.041056313,162,-0.00033109635,2.0,0.42857142857142855,1.5714285714285714,2.0,0.00839581,-0.005520802,0.013916612,-7.0,0.42857142857142855,0,0
5,cycle44_subj05_margin_low_1sess_150ep,60,6444,0.057194456,0.053501807,828,0.0036926493,1.0,1.0,1.0,1.0,0.0020402223,0.007142987,-0.005102765,0.0,0.0,0,0
5,cycle44_subj05_margin_low_1sess_150ep,61,6489,0.05234572,0.05080167,78,0.0015440509,1.0,1.0,1.0,1.0,0.0017445497,0.0013936982,0.00035085157,0.0,0.0,0,0
5,cycle44_subj05_margin_low_1sess_150ep,62,6514,0.026653353,0.043557383,339,-0.01690403,49.0,0.0,16.0,16.0,0.0041744877,-0.0010623448,0.0052368324,-36.0,0.0,0,0
5,cycle44_subj05_margin_low_1sess_150ep,63,6521,0.053988747,0.055576794,715,-0.0015880466,2.0,0.7333333333333333,1.2666666666666666,1.0,-0.0016095117,-0.0033260062,0.0017164946,-1.0,0.2666666666666666,0,0
5,cycle44_subj05_margin_low_1sess_150ep,64,6524,0.047194187,0.04652602,252,0.00066816807,1.0,1.0,1.0,1.0,0.0083214715,0.0026649497,0.005656522,-3.0,0.5714285714285714,0,1
5,cycle44_subj05_margin_low_1sess_150ep,65,6558,0.044504073,0.033712868,520,0.010791205,1.0,1.0,1.0,1.0,-0.0015439019,0.0029713735,-0.0045152754,0.0,0.0,0,0
5,cycle44_subj05_margin_low_1sess_150ep,66,6640,0.0482157,0.052490156,862,-0.0042744577,2.0,1.0,1.0,1.0,-0.0005311258,0.003363043,-0.0038941689,0.0,0.0,0,0
5,cycle44_subj05_margin_low_1sess_150ep,67,6713,0.047537915,0.04447259,827,0.0030653253,1.0,1.0,1.0,1.0,0.0069324374,0.0070950463,-0.00016260892,0.0,0.0,0,0
5,cycle44_subj05_margin_low_1sess_150ep,68,6801,0.031110585,0.045159545,885,-0.01404896,20.0,0.0,7.166666666666667,8.0,0.0014070943,0.005830094,-0.004423,5.0,0.0,0,0
5,cycle44_subj05_margin_low_1sess_150ep,69,7007,0.04638893,0.044346366,12,0.0020425655,1.0,1.0,1.0,1.0,0.0014662556,-0.001376424,0.0028426796,-2.0,0.6,0,1
5,cycle44_subj05_margin_low_1sess_150ep,70,7039,0.055703435,0.05055451,682,0.005148925,1.0,1.0,1.0,1.0,0.00085139275,0.006455634,-0.005604241,0.0,0.0,0,0
5,cycle44_subj05_margin_low_1sess_150ep,71,7120,0.03943633,0.04218716,460,-0.0027508326,3.0,0.4444444444444444,1.6666666666666667,2.0,0.0016009137,0.006893646,-0.0052927323,2.0,-0.5555555555555556,1,0
5,cycle44_subj05_margin_low_1sess_150ep,72,7207,0.04421343,0.049063705,207,-0.004850276,5.0,0.0,2.4285714285714284,2.0,0.0012150705,0.0029644556,-0.0017493851,0.0,0.0,0,0
5,cycle44_subj05_margin_low_1sess_150ep,73,7336,0.05033838,0.05148699,5,-0.0011486113,3.0,0.375,1.75,2.0,0.002759941,0.0011825413,0.0015773997,-2.0,0.25,0,0
5,cycle44_subj05_margin_low_1sess_150ep,74,7366,0.04202522,0.045218453,590,-0.0031932332,2.0,0.4444444444444444,1.5555555555555556,2.0,0.0030201934,0.0099215545,-0.006901361,1.0,-0.5555555555555556,1,0
5,cycle44_subj05_margin_low_1sess_150ep,75,7409,0.042833228,0.051225133,191,-0.008391906,6.0,0.14285714285714285,2.5714285714285716,2.0,-0.00019807369,0.0012377277,-0.0014358014,1.0,-0.14285714285714285,0,0
5,cycle44_subj05_margin_low_1sess_150ep,76,7418,0.047513347,0.03763827,934,0.009875078,1.0,1.0,1.0,1.0,0.001110319,0.0016858466,-0.00057552755,0.0,0.0,0,0
5,cycle44_subj05_margin_low_1sess_150ep,77,7480,0.041057907,0.04517459,300,-0.004116684,2.0,0.6,1.4,1.0,-0.0010045841,0.0046202242,-0.0056248084,1.0,-0.4,1,0
5,cycle44_subj05_margin_low_1sess_150ep,78,7654,0.058467124,0.04910372,417,0.009363405,1.0,1.0,1.0,1.0,0.0056647584,0.003937889,0.0017268695,0.0,0.0,0,0
5,cycle44_subj05_margin_low_1sess_150ep,79,7659,0.047162,0.047093004,695,6.89961e-05,1.0,1.0,1.0,1.0,0.00031792,0.0061466023,-0.0058286823,0.0,0.0,0,0
5,cycle44_subj05_margin_low_1sess_150ep,80,7840,0.033756148,0.040020593,744,-0.0062644444,6.0,0.125,2.5,2.5,-0.0064013563,-0.0049891137,-0.0014122427,3.0,-0.375,0,0
5,cycle44_subj05_margin_low_1sess_150ep,81,7859,0.03540341,0.049947787,222,-0.014544375,22.0,0.0,7.125,7.0,0.0013986044,-0.0017526634,0.0031512678,-4.0,0.0,0,0
5,cycle44_subj05_margin_low_1sess_150ep,82,7944,0.058749907,0.048373368,554,0.010376539,1.0,1.0,1.0,1.0,0.0043173805,0.0021734796,0.0021439008,0.0,0.0,0,0
5,cycle44_subj05_margin_low_1sess_150ep,83,7948,0.042580567,0.046427708,693,-0.0038471408,7.0,0.0,3.111111111111111,3.0,0.007453274,0.00021539629,0.0072378777,-7.0,0.0,0,0
5,cycle44_subj05_margin_low_1sess_150ep,84,7954,0.01587721,0.051176112,486,-0.035298903,165.0,0.0,49.5,50.0,0.004747021,0.0029065572,0.0018404648,-69.0,0.0,0,0
5,cycle44_subj05_margin_low_1sess_150ep,85,8006,0.047384698,0.050385453,384,-0.0030007549,4.0,0.6,1.4,1.0,0.004146751,0.0075826086,-0.0034358576,3.0,-0.4,1,0
5,cycle44_subj05_margin_low_1sess_150ep,86,8109,0.03579233,0.04360555,162,-0.007813223,12.0,0.0,3.5,3.5,0.009129411,0.006921772,0.0022076387,-2.0,0.0,0,0
5,cycle44_subj05_margin_low_1sess_150ep,87,8204,0.029448327,0.049587183,540,-0.020138856,61.0,0.0,17.818181818181817,18.0,-0.0026891418,-0.0011383593,-0.0015507825,3.0,0.0,0,0
5,cycle44_subj05_margin_low_1sess_150ep,88,8225,0.019799417,0.03979145,583,-0.019992033,63.0,0.0,19.8,19.0,0.0023585837,0.0016844645,0.0006741192,-5.0,0.0,0,0
5,cycle44_subj05_margin_low_1sess_150ep,89,8262,0.027936503,0.044165503,818,-0.016229,62.0,0.0,22.5,23.0,-0.002981931,0.0035617948,-0.0065437257,46.0,0.0,0,0
5,cycle44_subj05_margin_low_1sess_150ep,90,8274,0.058481388,0.047737747,651,0.01074364,1.0,1.0,1.0,1.0,0.0017949343,0.0026523434,-0.0008574091,0.0,0.0,0,0
5,cycle44_subj05_margin_low_1sess_150ep,91,8318,0.04913747,0.043484632,793,0.0056528375,1.0,1.0,1.0,1.0,-6.591901e-05,0.00070357695,-0.00076949596,0.0,0.0,0,0
5,cycle44_subj05_margin_low_1sess_150ep,92,8387,0.041683123,0.049002413,48,-0.00731929,6.0,0.0,2.25,2.0,0.0025964826,0.0026301667,-3.3684075e-05,2.0,-0.625,0,0
5,cycle44_subj05_margin_low_1sess_150ep,93,8394,0.036711812,0.0391073,604,-0.0023954883,4.0,0.42857142857142855,1.7142857142857142,2.0,0.006864341,0.004812956,0.0020513851,1.0,-0.21428571428571436,0,0
5,cycle44_subj05_margin_low_1sess_150ep,94,8415,0.05341866,0.049581025,405,0.0038376339,1.0,1.0,1.0,1.0,0.004522942,0.0044421107,8.083135e-05,0.0,0.0,0,0
5,cycle44_subj05_margin_low_1sess_150ep,95,8435,0.04085867,0.038898397,125,0.0019602738,1.0,1.0,1.0,1.0,0.00013934076,0.0015451312,-0.0014057904,0.0,0.0,0,0
5,cycle44_subj05_margin_low_1sess_150ep,96,8465,0.04584348,0.056059938,384,-0.01021646,9.0,0.08333333333333333,2.8333333333333335,3.0,0.004179165,0.0095800795,-0.0054009147,3.0,-0.16666666666666669,0,0
5,cycle44_subj05_margin_low_1sess_150ep,97,8509,0.033509266,0.052410793,699,-0.018901527,25.0,0.0,8.272727272727273,8.0,-0.0019228794,0.0015824176,-0.003505297,15.0,0.0,0,0
5,cycle44_subj05_margin_low_1sess_150ep,98,8631,0.054603033,0.046749715,403,0.007853318,1.0,1.0,1.0,1.0,-0.005802825,-0.0021008514,-0.0037019737,0.0,0.0,0,0
5,cycle44_subj05_margin_low_1sess_150ep,99,8646,0.03485366,0.043713126,61,-0.008859467,20.0,0.0,7.533333333333333,7.0,-0.0028212443,-0.0003515482,-0.002469696,14.0,-0.06666666666666667,0,0
5,cycle44_subj05_margin_low_1sess_150ep,100,8807,0.031063523,0.0358573,434,-0.004793778,9.0,0.09090909090909091,3.4545454545454546,4.0,-0.0019832514,-0.00015045702,-0.0018327944,5.0,-0.1818181818181818,0,0
5,cycle44_subj05_margin_low_1sess_150ep,101,8843,0.0252833,0.04032524,208,-0.01504194,80.0,0.0,25.0,26.0,0.0023362432,-0.001438126,0.0037743691,-11.0,0.0,0,0
5,cycle44_subj05_margin_low_1sess_150ep,102,8925,0.048103444,0.047494035,417,0.00060940906,1.0,1.0,1.0,1.0,0.0034907684,0.0037359707,-0.00024520233,0.0,0.0,0,0
5,cycle44_subj05_margin_low_1sess_150ep,103,8933,0.049254745,0.050793473,227,-0.0015387274,2.0,0.6,1.4,1.0,0.008165821,-0.0011071339,0.009272955,-1.0,0.0,0,0
5,cycle44_subj05_margin_low_1sess_150ep,104,9027,0.027269108,0.039873533,789,-0.012604425,20.0,0.0,7.666666666666667,8.0,0.007117642,0.002257958,0.004859684,-14.0,0.0,0,0
5,cycle44_subj05_margin_low_1sess_150ep,105,9048,0.03511048,0.0481708,182,-0.01306032,9.0,0.1111111111111111,4.333333333333333,4.0,-0.00472524,0.0023764297,-0.00710167,5.0,-0.1111111111111111,0,0
5,cycle44_subj05_margin_low_1sess_150ep,106,9147,0.05040985,0.04352561,375,0.0068842396,1.0,1.0,1.0,1.0,0.0041717067,0.004953202,-0.0007814951,0.0,0.0,0,0
5,cycle44_subj05_margin_low_1sess_150ep,107,9230,0.05030555,0.046116013,142,0.004189536,1.0,1.0,1.0,1.0,0.0014486238,9.232387e-05,0.0013563,0.0,0.0,0,0
5,cycle44_subj05_margin_low_1sess_150ep,108,9434,0.044915352,0.036512572,249,0.00840278,1.0,1.0,1.0,1.0,0.0046983026,0.0027773753,0.0019209273,0.0,0.0,0,0
5,cycle44_subj05_margin_low_1sess_150ep,109,9462,0.052812234,0.047925897,246,0.0048863366,1.0,1.0,1.0,1.0,0.00035744905,0.0034123324,-0.0030548833,0.0,0.0,0,0
5,cycle44_subj05_margin_low_1sess_150ep,110,9680,0.03752586,0.053589214,793,-0.016063355,9.0,0.0,3.2857142857142856,3.0,0.00018956885,0.0058428384,-0.0056532696,4.0,-0.2857142857142857,0,0
5,cycle44_subj05_margin_low_1sess_150ep,111,9722,0.049711004,0.051905595,885,-0.0021945909,2.0,0.75,1.25,1.0,0.0039123185,0.0053962693,-0.0014839508,0.0,0.0,0,0
5,cycle44_subj05_margin_low_1sess_150ep,112,9804,0.039414812,0.0494041,421,-0.009989288,6.0,0.25,2.75,3.0,0.0025431663,0.0022330247,0.0003101416,0.0,0.25,0,0
5,cycle44_subj05_margin_low_1sess_150ep,113,9847,0.046095483,0.056410596,2,-0.010315113,10.0,0.0,2.8333333333333335,2.5,0.0055653304,0.0043473803,0.0012179501,0.0,0.0,0,0
5,cycle44_subj05_margin_low_1sess_150ep,114,9865,0.03344382,0.050867718,701,-0.017423898,22.0,0.0,9.0,9.0,-0.0075226948,0.0013875514,-0.008910246,12.0,-0.2,0,0
5,cycle44_subj05_margin_low_1sess_150ep,115,9917,0.036643066,0.035713088,367,0.00092997774,1.0,1.0,1.0,1.0,0.0032329038,-0.0010183826,0.0042512864,-1.0,0.0,0,1
5,cycle44_subj05_margin_low_1sess_150ep,116,9978,0.019992847,0.041217644,227,-0.021224797,129.0,0.0,39.0,39.5,0.006524019,0.0023046136,0.0042194054,-58.0,0.0,0,0
5,cycle44_subj05_margin_low_1sess_150ep,117,10006,0.04079888,0.04505876,931,-0.0042598806,3.0,0.4,1.6,2.0,0.0034594424,0.00638726,-0.0029278174,1.0,-0.29999999999999993,0,0
5,cycle44_subj05_margin_low_1sess_150ep,118,10046,0.059497587,0.05368977,163,0.005807817,1.0,1.0,1.0,1.0,0.003690116,-0.0007057898,0.004395906,0.0,0.0,0,0
5,cycle44_subj05_margin_low_1sess_150ep,119,10064,0.0413732,0.060649924,778,-0.019276723,7.0,0.125,3.375,3.5,-0.0018760301,-0.0013472959,-0.0005287342,-1.0,0.125,0,0
5,cycle44_subj05_margin_low_1sess_150ep,120,10105,0.029919198,0.03824854,549,-0.008329341,20.0,0.0,7.076923076923077,7.0,0.0054760072,0.0020037182,0.003472289,-20.0,0.0,0,0
5,cycle44_subj05_margin_low_1sess_150ep,121,10107,0.033463553,0.037398,227,-0.0039344467,5.0,0.1,2.5,2.5,-0.0005893819,-0.0017647371,0.0011753552,-1.0,0.0,0,0
5,cycle44_subj05_margin_low_1sess_150ep,122,10244,0.03174269,0.041171134,70,-0.009428445,3.0,0.5,1.5,1.5,0.0038164891,-0.0015427619,0.005359251,0.0,0.0,0,0
5,cycle44_subj05_margin_low_1sess_150ep,123,10393,0.033104256,0.048886787,925,-0.015782531,11.0,0.1111111111111111,3.4444444444444446,3.0,0.00040626153,0.0057366937,-0.005330432,4.0,-0.2222222222222222,0,0
5,cycle44_subj05_margin_low_1sess_150ep,124,10471,0.0003026029,0.046057492,680,-0.04575489,784.0,0.0,237.0,238.0,0.0033570086,0.008917756,-0.0055607483,50.0,0.0,0,0
5,cycle44_subj05_margin_low_1sess_150ep,125,10507,0.04830177,0.045845505,778,0.0024562664,1.0,1.0,1.0,1.0,0.0007209219,-0.0013238862,0.0020448081,0.0,0.0,0,0
5,cycle44_subj05_margin_low_1sess_150ep,126,10586,0.028989982,0.04680808,886,-0.017818097,53.0,0.0,15.9,15.5,0.0034881234,0.005499948,-0.0020118244,13.0,0.0,0,0
5,cycle44_subj05_margin_low_1sess_150ep,127,10600,0.0433219,0.036413427,338,0.0069084726,1.0,1.0,1.0,1.0,0.00064414367,0.0033266023,-0.0026824586,0.0,0.0,0,0
5,cycle44_subj05_margin_low_1sess_150ep,128,10610,0.0427417,0.049066775,163,-0.0063250735,4.0,0.125,2.5,3.0,-0.002163574,0.0034536608,-0.005617235,1.0,0.0,0,0
5,cycle44_subj05_margin_low_1sess_150ep,129,10907,0.045776047,0.04314429,160,0.0026317574,1.0,1.0,1.0,1.0,0.0029988624,0.0009984821,0.0020003803,0.0,0.0,0,0
5,cycle44_subj05_margin_low_1sess_150ep,130,11159,0.052986674,0.052211575,493,0.0007750988,1.0,1.0,1.0,1.0,0.005396638,0.0032733865,0.0021232516,-1.0,0.1428571428571429,0,1
5,cycle44_subj05_margin_low_1sess_150ep,131,11333,0.044734433,0.03925317,516,0.0054812618,1.0,1.0,1.0,1.0,0.006441299,0.007688716,-0.0012474172,0.0,0.0,0,0
5,cycle44_subj05_margin_low_1sess_150ep,132,11487,0.043084912,0.041070975,341,0.0020139366,1.0,1.0,1.0,1.0,-0.0009744093,0.0019182563,-0.0028926656,0.0,0.0,0,0
5,cycle44_subj05_margin_low_1sess_150ep,133,11521,0.018858578,0.03986413,118,-0.021005552,51.0,0.0,15.0,15.0,-0.0046387315,0.00028543174,-0.004924163,31.0,0.0,0,0
5,cycle44_subj05_margin_low_1sess_150ep,134,11566,0.055360615,0.04772465,301,0.007635966,1.0,1.0,1.0,1.0,0.00727522,0.0012181923,0.0060570277,0.0,0.0,0,0
5,cycle44_subj05_margin_low_1sess_150ep,135,11617,0.049397018,0.037547138,700,0.01184988,1.0,1.0,1.0,1.0,0.0019884296,0.005859647,-0.0038712174,0.0,0.0,0,0
5,cycle44_subj05_margin_low_1sess_150ep,136,11635,0.030443015,0.050947916,142,-0.020504901,21.0,0.0,6.0,6.0,0.002437275,0.0037803687,-0.0013430938,-5.0,0.0,0,0
5,cycle44_subj05_margin_low_1sess_150ep,137,11689,0.03317328,0.03780619,827,-0.004632909,2.0,0.7272727272727273,1.2727272727272727,1.0,0.0022825636,0.005568035,-0.0032854713,0.0,0.0,0,0
5,cycle44_subj05_margin_low_1sess_150ep,138,11725,0.043449093,0.049956042,504,-0.0065069497,6.0,0.0,2.9,3.0,0.009073675,0.004358534,0.004715141,-6.0,0.0,0,0
5,cycle44_subj05_margin_low_1sess_150ep,139,11796,0.042237297,0.04589913,712,-0.0036618337,6.0,0.18181818181818182,2.6363636363636362,3.0,0.0017311946,-0.00246742,0.0041986145,-2.0,0.18181818181818182,0,0
5,cycle44_subj05_margin_low_1sess_150ep,140,11827,0.02455651,0.04431124,715,-0.01975473,43.0,0.0,13.2,13.0,-0.0006082151,0.0010108724,-0.0016190875,11.0,0.0,0,0
5,cycle44_subj05_margin_low_1sess_150ep,141,11837,0.0573961,0.046856064,227,0.010540035,1.0,1.0,1.0,1.0,0.0043861754,0.0021830276,0.0022031479,0.0,0.0,0,0
5,cycle44_subj05_margin_low_1sess_150ep,142,11844,0.061701674,0.04341161,793,0.018290065,1.0,1.0,1.0,1.0,0.0008757934,-0.00037344173,0.0012492351,0.0,0.0,0,0
5,cycle44_subj05_margin_low_1sess_150ep,143,11932,0.03275621,0.04663586,522,-0.013879649,15.0,0.0,4.8,4.0,0.0006272197,-0.0008742064,0.0015014261,6.0,0.0,0,0
5,cycle44_subj05_margin_low_1sess_150ep,144,11942,0.023343846,0.041233864,36,-0.017890017,14.0,0.0,5.0,5.0,-0.0024391878,0.0020883083,-0.004527496,9.0,0.0,0,0
5,cycle44_subj05_margin_low_1sess_150ep,145,11952,0.020670267,0.044221777,547,-0.02355151,209.0,0.0,60.22222222222222,58.0,-0.0034403652,-0.0007924549,-0.0026479103,46.0,0.0,0,0
5,cycle44_subj05_margin_low_1sess_150ep,146,12065,0.047012113,0.042246815,65,0.004765298,1.0,1.0,1.0,1.0,9.7721815e-05,-0.00077538565,0.00087310746,0.0,0.0,0,0
5,cycle44_subj05_margin_low_1sess_150ep,147,12075,0.03278552,0.04646874,159,-0.0136832185,25.0,0.0,7.6,7.0,0.0060960464,0.0051879846,0.00090806186,-5.0,0.0,0,0
5,cycle44_subj05_margin_low_1sess_150ep,148,12214,0.048920292,0.046140436,426,0.0027798563,1.0,1.0,1.0,1.0,-0.0025194585,0.004876651,-0.0073961094,0.0,0.0,0,0
5,cycle44_subj05_margin_low_1sess_150ep,149,12308,0.049029198,0.0437401,159,0.0052890964,1.0,1.0,1.0,1.0,0.0021059588,0.0036577545,-0.0015517958,0.0,0.0,0,0
5,cycle44_subj05_margin_low_1sess_150ep,150,12487,0.024226662,0.044749938,175,-0.020523276,26.0,0.0,7.875,8.0,4.209578e-06,-0.00080033764,0.0008045472,7.0,0.0,0,0
5,cycle44_subj05_margin_low_1sess_150ep,151,12495,0.046074305,0.049552083,243,-0.0034777783,5.0,0.3333333333333333,2.0,2.0,0.0041732304,0.002968844,0.0012043864,2.0,-0.3333333333333333,0,0
5,cycle44_subj05_margin_low_1sess_150ep,152,12634,0.053360734,0.049909867,630,0.0034508668,1.0,1.0,1.0,1.0,0.00306765,0.0025191419,0.000548508,0.0,0.0,0,0
5,cycle44_subj05_margin_low_1sess_150ep,153,12685,0.027176395,0.043867245,712,-0.01669085,43.0,0.0,14.25,15.0,0.00095617585,-0.0038842186,0.0048403945,-5.0,0.0,0,0
5,cycle44_subj05_margin_low_1sess_150ep,154,12796,0.053421378,0.054755032,11,-0.0013336539,2.0,0.7142857142857143,1.2857142857142858,1.0,0.005196102,-0.0003378056,0.0055339076,-1.0,0.0,0,0
5,cycle44_subj05_margin_low_1sess_150ep,155,12798,0.03941363,0.042743206,468,-0.003329575,5.0,0.42857142857142855,2.0,2.0,0.0053681955,-0.000341326,0.0057095215,-15.0,0.42857142857142855,0,0
5,cycle44_subj05_margin_low_1sess_150ep,156,12922,0.04795978,0.045383204,653,0.0025765747,1.0,1.0,1.0,1.0,0.002513241,0.0022482648,0.00026497617,0.0,0.0,0,0
5,cycle44_subj05_margin_low_1sess_150ep,157,12937,0.047560584,0.03600531,172,0.011555273,1.0,1.0,1.0,1.0,0.0018956326,0.0024452284,-0.0005495958,0.0,0.0,0,0
5,cycle44_subj05_margin_low_1sess_150ep,158,13138,0.05591094,0.049843833,276,0.0060671084,1.0,1.0,1.0,1.0,0.0007780008,0.004869234,-0.004091233,0.0,0.0,0,0
5,cycle44_subj05_margin_low_1sess_150ep,159,13230,0.06794756,0.04783301,616,0.020114549,1.0,1.0,1.0,1.0,0.0051460564,0.0066341124,-0.001488056,0.0,0.0,0,0
5,cycle44_subj05_margin_low_1sess_150ep,160,13312,0.06615551,0.06506323,78,0.0010922775,1.0,1.0,1.0,1.0,0.0014198422,0.009043697,-0.007623855,0.0,0.0,0,0
5,cycle44_subj05_margin_low_1sess_150ep,161,13314,0.064576805,0.044738952,794,0.019837853,1.0,1.0,1.0,1.0,-0.0018181354,-0.00032972172,-0.0014884137,0.0,0.0,0,0
5,cycle44_subj05_margin_low_1sess_150ep,162,13613,0.070861526,0.043200452,49,0.027661074,1.0,1.0,1.0,1.0,0.0047125965,0.0032303631,0.0014822334,0.0,0.0,0,0
5,cycle44_subj05_margin_low_1sess_150ep,163,13653,0.048939858,0.046881285,118,0.002058573,1.0,1.0,1.0,1.0,0.0039042346,0.0052579716,-0.001353737,0.0,0.0,0,0
5,cycle44_subj05_margin_low_1sess_150ep,164,13662,0.0338314,0.051002726,61,-0.017171327,51.0,0.0,15.88888888888889,14.0,0.0054445732,0.002848573,0.0025960002,-32.0,0.0,0,0
5,cycle44_subj05_margin_low_1sess_150ep,165,13720,0.037993796,0.04386899,604,-0.0058751926,3.0,0.75,1.25,1.0,-0.00036434084,0.0047794655,-0.0051438063,-1.0,0.625,0,0
5,cycle44_subj05_margin_low_1sess_150ep,166,13846,0.04912896,0.039463177,361,0.0096657835,1.0,1.0,1.0,1.0,-0.00081881136,-0.0017728582,0.00095404685,0.0,0.0,0,0
5,cycle44_subj05_margin_low_1sess_150ep,167,14110,0.046525612,0.035728652,987,0.01079696,1.0,1.0,1.0,1.0,0.004898727,0.0050646216,-0.00016589463,0.0,0.0,0,0
5,cycle44_subj05_margin_low_1sess_150ep,168,14121,0.040343907,0.044460658,493,-0.0041167513,2.0,0.6666666666666666,1.3333333333333333,1.0,0.00090546906,0.0071309283,-0.0062254593,1.0,-0.33333333333333337,1,0
5,cycle44_subj05_margin_low_1sess_150ep,169,14165,0.03334008,0.039740924,191,-0.006400842,10.0,0.0,3.357142857142857,3.0,0.0063902047,0.0004691407,0.005921064,-17.0,0.0,0,0
5,cycle44_subj05_margin_low_1sess_150ep,170,14179,0.039966896,0.045075405,227,-0.005108509,4.0,0.8,1.2,1.0,0.008953968,0.004388202,0.004565766,-3.0,0.6000000000000001,0,0
5,cycle44_subj05_margin_low_1sess_150ep,171,14443,0.049303755,0.047926027,167,0.0013777278,1.0,1.0,1.0,1.0,0.011149898,0.0032219626,0.007927936,-7.0,1.0,0,1
5,cycle44_subj05_margin_low_1sess_150ep,172,14528,0.03281549,0.045076694,208,-0.012261204,2.0,0.5833333333333334,1.4166666666666667,1.0,-0.0019303225,0.008980412,-0.0109107345,0.0,0.0,0,0
5,cycle44_subj05_margin_low_1sess_150ep,173,14567,0.05516114,0.054369617,763,0.0007915236,1.0,1.0,1.0,1.0,0.0072678067,0.007818256,-0.0005504489,0.0,0.0,0,0
5,cycle44_subj05_margin_low_1sess_150ep,174,14594,0.06350121,0.051854618,28,0.011646591,1.0,1.0,1.0,1.0,0.0031662658,0.0044279136,-0.0012616478,0.0,0.0,0,0
5,cycle44_subj05_margin_low_1sess_150ep,175,14610,0.04381857,0.03750004,215,0.006318532,1.0,1.0,1.0,1.0,0.00018858165,0.00017104298,1.7538667e-05,0.0,0.0,0,0
5,cycle44_subj05_margin_low_1sess_150ep,176,14644,0.051656365,0.051548764,370,0.000107601285,1.0,1.0,1.0,1.0,0.001606401,0.0038941689,-0.0022877678,0.0,0.0,0,0
5,cycle44_subj05_margin_low_1sess_150ep,177,14793,0.043938894,0.04790084,794,-0.003961947,3.0,0.36363636363636365,1.7272727272727273,2.0,0.0026333816,0.006564401,-0.0039310195,1.0,-0.18181818181818177,0,0
5,cycle44_subj05_margin_low_1sess_150ep,178,14808,0.049367417,0.046726838,699,0.002640579,1.0,1.0,1.0,1.0,-0.0006114803,0.0006838888,-0.0012953691,0.0,0.0,0,0
5,cycle44_subj05_margin_low_1sess_150ep,179,14820,0.023176251,0.04994673,492,-0.026770478,66.0,0.0,21.25,21.5,0.006156454,0.008721244,-0.0025647897,-52.0,0.0,0,0
5,cycle44_subj05_margin_low_1sess_150ep,180,14898,0.027910395,0.052296814,384,-0.024386419,103.0,0.0,31.0,31.0,0.0042541362,0.0045553893,-0.00030125305,4.0,0.0,0,0
5,cycle44_subj05_margin_low_1sess_150ep,181,14931,0.043859124,0.05219667,814,-0.008337546,5.0,0.2727272727272727,2.0,2.0,-0.0006217882,0.0038483404,-0.0044701286,3.0,-0.4545454545454546,0,0
5,cycle44_subj05_margin_low_1sess_150ep,182,15003,0.061527457,0.04420386,699,0.017323598,1.0,1.0,1.0,1.0,0.0025924556,-0.002257757,0.0048502125,0.0,0.0,0,0
5,cycle44_subj05_margin_low_1sess_150ep,183,15025,0.055769235,0.047312424,774,0.008456811,1.0,1.0,1.0,1.0,0.0045366883,0.003203623,0.0013330653,0.0,0.0,0,0
5,cycle44_subj05_margin_low_1sess_150ep,184,15128,0.05435177,0.060620777,699,-0.006269008,3.0,0.4444444444444444,1.5555555555555556,2.0,-0.00056862086,0.0008695647,-0.0014381856,0.0,0.0,0,0
5,cycle44_subj05_margin_low_1sess_150ep,185,15364,0.049302194,0.037711672,395,0.011590522,1.0,1.0,1.0,1.0,-0.0007540658,0.0038424395,-0.0045965053,0.0,0.0,0,0
5,cycle44_subj05_margin_low_1sess_150ep,186,15492,0.030195797,0.049075626,714,-0.018879829,58.0,0.0,17.636363636363637,16.0,0.0004624147,0.0076775253,-0.0072151106,42.0,0.0,0,0
5,cycle44_subj05_margin_low_1sess_150ep,187,15506,0.06055705,0.04910072,250,0.011456329,1.0,1.0,1.0,1.0,0.0012064464,0.0030654632,-0.0018590167,0.0,0.0,0,0
5,cycle44_subj05_margin_low_1sess_150ep,188,15793,0.04308858,0.04225532,79,0.00083326176,1.0,1.0,1.0,1.0,0.0018162243,0.0024282895,-0.0006120652,0.0,0.0,0,0
5,cycle44_subj05_margin_low_1sess_150ep,189,15819,0.047017593,0.04443286,306,0.002584733,1.0,1.0,1.0,1.0,-0.0036603995,0.0013588406,-0.00501924,0.0,0.0,0,0
5,cycle44_subj05_margin_low_1sess_150ep,190,15939,0.0597499,0.05401133,417,0.0057385713,1.0,1.0,1.0,1.0,0.0040990673,0.0032800622,0.0008190051,0.0,0.0,0,0
5,cycle44_subj05_margin_low_1sess_150ep,191,16063,0.060378574,0.051789444,468,0.00858913,1.0,1.0,1.0,1.0,0.0003306754,0.007883389,-0.007552713,0.0,0.0,0,0
5,cycle44_subj05_margin_low_1sess_150ep,192,16252,0.028320113,0.04273114,719,-0.014411027,12.0,0.1,4.2,4.0,0.0022510458,0.0023608953,-0.0001098495,-3.0,0.1,0,0
5,cycle44_subj05_margin_low_1sess_150ep,193,16344,0.024741778,0.046465375,36,-0.021723596,82.0,0.0,24.545454545454547,24.0,0.0013533104,0.0038676858,-0.0025143754,33.0,0.0,0,0
5,cycle44_subj05_margin_low_1sess_150ep,194,16421,0.03562878,0.044795614,680,-0.009166833,20.0,0.0,6.5,6.5,-0.0027062334,-0.0012801103,-0.0014261231,8.0,0.0,0,0
5,cycle44_subj05_margin_low_1sess_150ep,195,16466,0.05571963,0.05024226,876,0.005477369,1.0,1.0,1.0,1.0,-0.0013919659,-6.138533e-05,-0.0013305806,0.0,0.0,0,0
5,cycle44_subj05_margin_low_1sess_150ep,196,16616,0.04483122,0.040240917,846,0.0045903027,1.0,1.0,1.0,1.0,-0.0017181709,0.0034427755,-0.0051609464,0.0,0.0,0,0
5,cycle44_subj05_margin_low_1sess_150ep,197,16635,0.043665312,0.053063076,697,-0.009397764,7.0,0.0,2.5555555555555554,2.0,-0.002282787,2.5875866e-05,-0.002308663,3.0,-0.4444444444444444,0,0
5,cycle44_subj05_margin_low_1sess_150ep,198,16655,0.04814342,0.053349245,403,-0.005205825,2.0,0.6363636363636364,1.3636363636363635,1.0,0.007399358,0.0006785244,0.0067208335,-4.0,0.5454545454545454,0,0
5,cycle44_subj05_margin_low_1sess_150ep,199,16702,0.045852713,0.051800262,828,-0.005947549,2.0,0.7,1.3,1.0,0.0010027513,0.006405521,-0.00540277,0.0,0.0,0,0
5,cycle44_subj05_margin_low_1sess_150ep,200,16723,0.04017708,0.029008018,175,0.011169063,1.0,1.0,1.0,1.0,-0.00068061054,-0.00042146258,-0.00025914796,0.0,0.0,0,0
5,cycle44_subj05_margin_low_1sess_150ep,201,16823,0.042925812,0.04077836,528,0.002147451,1.0,1.0,1.0,1.0,0.0074753948,0.0015040152,0.0059713796,-2.0,0.1428571428571429,0,1
5,cycle44_subj05_margin_low_1sess_150ep,202,16841,0.04348435,0.034569196,514,0.008915152,1.0,1.0,1.0,1.0,-0.0007235445,-0.00067884475,-4.469976e-05,0.0,0.0,0,0
5,cycle44_subj05_margin_low_1sess_150ep,203,16865,0.057969585,0.050708313,964,0.0072612725,1.0,1.0,1.0,1.0,0.005895581,0.0011894368,0.0047061443,0.0,0.0,0,0
5,cycle44_subj05_margin_low_1sess_150ep,204,16868,0.04730109,0.05800756,43,-0.010706469,5.0,0.2727272727272727,1.9090909090909092,2.0,0.0020140037,0.003411688,-0.0013976842,0.0,0.0,0,0
5,cycle44_subj05_margin_low_1sess_150ep,205,16917,0.03411617,0.04306707,784,-0.0089509,14.0,0.0,4.5,5.0,0.0043265205,0.0034146123,0.0009119082,-17.0,0.0,0,0
5,cycle44_subj05_margin_low_1sess_150ep,206,17048,0.038035743,0.043682504,202,-0.0056467615,6.0,0.0,2.6,2.0,0.0024483427,-0.0004050061,0.0028533489,0.0,-0.4,0,0
5,cycle44_subj05_margin_low_1sess_150ep,207,17230,0.03070561,0.03942748,118,-0.008721871,18.0,0.0,7.0,7.5,0.010185316,0.0017956086,0.008389708,-35.0,0.0,0,0
5,cycle44_subj05_margin_low_1sess_150ep,208,17238,0.05560001,0.04108588,297,0.01451413,1.0,1.0,1.0,1.0,0.010356892,-0.0013638027,0.011720695,0.0,0.0,0,0
5,cycle44_subj05_margin_low_1sess_150ep,209,17369,0.038406733,0.043468088,443,-0.0050613545,3.0,0.5,1.7,1.5,0.0032230802,0.002272725,0.0009503551,-1.0,0.09999999999999998,0,0
5,cycle44_subj05_margin_low_1sess_150ep,210,17374,0.049756184,0.044051357,405,0.0057048276,1.0,1.0,1.0,1.0,0.0007373132,0.0034476258,-0.0027103126,0.0,0.0,0,0
5,cycle44_subj05_margin_low_1sess_150ep,211,17450,0.03785809,0.046325643,642,-0.008467551,13.0,0.0,4.0,4.0,0.0015243739,-0.0021823086,0.0037066825,-1.0,0.0,0,0
5,cycle44_subj05_margin_low_1sess_150ep,212,17463,0.043945625,0.05976717,828,-0.015821546,7.0,0.07692307692307693,2.769230769230769,3.0,0.00084462017,0.0067729056,-0.0059282854,1.0,0.0,0,0
5,cycle44_subj05_margin_low_1sess_150ep,213,17485,0.04906398,0.05266489,470,-0.0036009103,3.0,0.3333333333333333,1.6666666666666667,2.0,0.007517364,0.007834345,-0.00031698123,1.0,-0.6666666666666667,0,0
5,cycle44_subj05_margin_low_1sess_150ep,214,17549,0.048057154,0.04538899,827,0.0026681647,1.0,1.0,1.0,1.0,-0.0011753105,0.0025710948,-0.0037464052,0.0,0.0,0,0
5,cycle44_subj05_margin_low_1sess_150ep,215,17595,0.043952752,0.038101893,246,0.005850859,1.0,1.0,1.0,1.0,0.0004544258,-0.002083335,0.0025377609,0.0,0.0,0,0
5,cycle44_subj05_margin_low_1sess_150ep,216,17776,0.055089355,0.05552759,48,-0.0004382357,2.0,0.625,1.375,1.0,-0.0046128854,0.004349198,-0.008962084,1.0,-0.375,1,0
5,cycle44_subj05_margin_low_1sess_150ep,217,17794,0.04870481,0.053981017,243,-0.005276207,2.0,0.8,1.2,1.0,0.0044082217,0.009510212,-0.00510199,0.0,0.0,0,0
5,cycle44_subj05_margin_low_1sess_150ep,218,17934,0.03650398,0.041765887,195,-0.0052619055,6.0,0.1,2.2,2.0,0.0013162084,-0.0027247071,0.0040409155,1.0,-0.1,0,0
5,cycle44_subj05_margin_low_1sess_150ep,219,17942,0.0342782,0.048485465,73,-0.014207266,20.0,0.0,7.888888888888889,8.0,0.0012969747,-6.264821e-05,0.0013596229,-1.0,0.0,0,0
5,cycle44_subj05_margin_low_1sess_150ep,220,18268,0.05188896,0.042874098,577,0.0090148635,1.0,1.0,1.0,1.0,-0.00020180643,0.0060009845,-0.006202791,0.0,0.0,0,0
5,cycle44_subj05_margin_low_1sess_150ep,221,18434,0.054076575,0.047624018,208,0.0064525567,1.0,1.0,1.0,1.0,0.0020383783,-9.94727e-05,0.002137851,0.0,0.0,0,0
5,cycle44_subj05_margin_low_1sess_150ep,222,18483,0.039180513,0.046990406,403,-0.0078098923,5.0,0.18181818181818182,2.4545454545454546,2.0,0.005560782,-0.00027955696,0.0058403388,-4.0,0.0,0,0
5,cycle44_subj05_margin_low_1sess_150ep,223,18505,0.06807566,0.05318397,743,0.014891688,1.0,1.0,1.0,1.0,0.0022193491,0.0051222257,-0.0029028766,0.0,0.0,0,0
5,cycle44_subj05_margin_low_1sess_150ep,224,18535,0.05915413,0.048667397,921,0.010486733,1.0,1.0,1.0,1.0,0.004973788,0.0016357452,0.0033380426,0.0,0.0,0,0
5,cycle44_subj05_margin_low_1sess_150ep,225,18543,0.057017993,0.04517062,182,0.011847373,1.0,1.0,1.0,1.0,0.00304408,0.00429184,-0.0012477599,0.0,0.0,0,0
5,cycle44_subj05_margin_low_1sess_150ep,226,18690,0.041275635,0.04095512,912,0.00032051653,1.0,1.0,1.0,1.0,-0.0011458546,-0.001711864,0.00056600943,-1.0,0.5714285714285714,0,1
5,cycle44_subj05_margin_low_1sess_150ep,227,18796,0.062124316,0.0412348,706,0.020889517,1.0,1.0,1.0,1.0,0.0022006594,0.0027137361,-0.0005130768,0.0,0.0,0,0
5,cycle44_subj05_margin_low_1sess_150ep,228,19074,0.043571543,0.048823427,777,-0.0052518845,4.0,0.2,2.1,2.0,0.001976449,0.004055582,-0.002079133,1.0,-0.2,0,0
5,cycle44_subj05_margin_low_1sess_150ep,229,19181,0.012963682,0.03118178,5,-0.018218098,12.0,0.0,5.363636363636363,5.0,-0.0035933442,-0.0043827016,0.00078935735,-2.0,0.0,0,0
5,cycle44_subj05_margin_low_1sess_150ep,230,19199,0.048979733,0.04701177,828,0.0019679628,1.0,1.0,1.0,1.0,0.00021668896,0.005253546,-0.005036857,0.0,0.0,0,0
5,cycle44_subj05_margin_low_1sess_150ep,231,19200,0.049074095,0.04954807,784,-0.00047397614,2.0,0.6666666666666666,1.3333333333333333,1.0,-0.001328934,0.0041741356,-0.0055030696,1.0,-0.33333333333333337,1,0
5,cycle44_subj05_margin_low_1sess_150ep,232,19292,0.045826994,0.044045385,139,0.0017816089,1.0,1.0,1.0,1.0,0.00018775836,0.00055602565,-0.0003682673,0.0,0.0,0,0
5,cycle44_subj05_margin_low_1sess_150ep,233,19436,0.05865949,0.051896628,876,0.006762862,1.0,1.0,1.0,1.0,0.0072434135,-0.0029826388,0.010226052,-1.0,0.33333333333333337,0,1
5,cycle44_subj05_margin_low_1sess_150ep,234,19573,0.033533555,0.037743963,814,-0.004210409,12.0,0.0,3.7777777777777777,3.0,-0.003422048,-0.0018360764,-0.0015859716,9.0,-0.8888888888888888,0,0
5,cycle44_subj05_margin_low_1sess_150ep,235,19642,0.03923143,0.044908248,227,-0.005676817,5.0,0.3,2.4,2.5,0.0004015863,-0.00027317926,0.00067476556,0.0,0.09999999999999998,0,0
5,cycle44_subj05_margin_low_1sess_150ep,236,19672,0.027501931,0.047903292,551,-0.02040136,74.0,0.0,22.77777777777778,22.0,0.0063186698,0.004735846,0.0015828237,-40.0,0.0,0,0
5,cycle44_subj05_margin_low_1sess_150ep,237,19690,0.051255543,0.060915098,652,-0.009659555,4.0,0.3,2.2,2.0,0.0018250085,0.0017179325,0.00010707602,1.0,0.0,0,0
5,cycle44_subj05_margin_low_1sess_150ep,238,19933,0.027024446,0.05480086,171,-0.027776415,64.0,0.0,20.666666666666668,21.0,-0.00046343543,-0.000788223,0.00032478757,26.0,0.0,0,0
5,cycle44_subj05_margin_low_1sess_150ep,239,20054,0.051806394,0.045974135,456,0.0058322586,1.0,1.0,1.0,1.0,0.003831543,0.0025553629,0.0012761801,0.0,0.0,0,0
5,cycle44_subj05_margin_low_1sess_150ep,240,20064,0.05303473,0.05910546,652,-0.0060707293,3.0,0.5384615384615384,1.6153846153846154,1.0,-0.0005033836,0.0006807633,-0.0011841469,1.0,-0.15384615384615385,0,0
5,cycle44_subj05_margin_low_1sess_150ep,241,20080,0.045443833,0.045345902,778,9.793043e-05,1.0,1.0,1.0,1.0,0.004024219,0.004567966,-0.0005437471,0.0,0.0,0,0
5,cycle44_subj05_margin_low_1sess_150ep,242,20206,0.044847038,0.04257037,361,0.0022766665,1.0,1.0,1.0,1.0,-0.0031070523,0.0011241771,-0.0042312294,0.0,0.0,0,0
5,cycle44_subj05_margin_low_1sess_150ep,243,20223,0.0474563,0.040508505,279,0.006947797,1.0,1.0,1.0,1.0,0.0012707338,0.0013834499,-0.00011271611,0.0,0.0,0,0
5,cycle44_subj05_margin_low_1sess_150ep,244,20265,0.028485948,0.042065855,142,-0.013579907,58.0,0.0,18.6,17.5,0.009899611,0.004119251,0.0057803597,-109.0,0.0,0,0
5,cycle44_subj05_margin_low_1sess_150ep,245,20307,0.04699717,0.047517907,590,-0.000520736,3.0,0.2,2.0,2.0,0.0026766993,0.0032038651,-0.00052716583,2.0,-0.8,1,0
5,cycle44_subj05_margin_low_1sess_150ep,246,20442,0.061835147,0.0530822,987,0.008752946,1.0,1.0,1.0,1.0,0.0013337769,0.00073394924,0.0005998276,0.0,0.0,0,0
5,cycle44_subj05_margin_low_1sess_150ep,247,20633,0.025630968,0.044336855,715,-0.018705888,43.0,0.0,15.090909090909092,15.0,-0.0007792879,0.0010482483,-0.0018275362,9.0,0.0,0,0
5,cycle44_subj05_margin_low_1sess_150ep,248,20650,0.030227052,0.04150831,64,-0.0112812575,13.0,0.0,4.142857142857143,4.0,0.0065154247,0.0062631182,0.00025230646,-7.0,0.0,0,0
5,cycle44_subj05_margin_low_1sess_150ep,249,20702,0.043147024,0.042115714,827,0.0010313094,1.0,1.0,1.0,1.0,-0.0019521527,0.00060514733,-0.0025573,0.0,0.0,0,0
5,cycle44_subj05_margin_low_1sess_150ep,250,20738,0.06839523,0.051601615,591,0.016793612,1.0,1.0,1.0,1.0,0.0032605976,0.0026238635,0.00063673407,0.0,0.0,0,0
5,cycle44_subj05_margin_low_1sess_150ep,251,20777,0.027003668,0.041265666,867,-0.014261998,45.0,0.0,14.846153846153847,15.0,0.0038012844,0.002492819,0.0013084654,-16.0,0.0,0,0
5,cycle44_subj05_margin_low_1sess_150ep,252,20820,0.040136054,0.04637201,417,-0.006235957,6.0,0.0,2.8,2.5,0.005409248,0.004697334,0.00071191415,-5.0,0.0,0,0
5,cycle44_subj05_margin_low_1sess_150ep,253,21108,0.04337963,0.043605674,794,-0.00022604316,2.0,0.8333333333333334,1.1666666666666667,1.0,0.0086284615,0.004525736,0.0041027255,0.0,0.0,0,0
5,cycle44_subj05_margin_low_1sess_150ep,254,21192,0.0641105,0.050170343,765,0.013940159,1.0,1.0,1.0,1.0,-0.0017319173,-0.0021618977,0.00042998046,0.0,0.0,0,0
5,cycle44_subj05_margin_low_1sess_150ep,255,21194,0.03398018,0.050097164,142,-0.016116984,8.0,0.14285714285714285,3.142857142857143,4.0,9.17539e-06,0.0035088472,-0.0034996718,-2.0,0.14285714285714285,0,0
5,cycle44_subj05_margin_low_1sess_150ep,256,21197,0.05527284,0.05039449,471,0.0048783496,1.0,1.0,1.0,1.0,0.003789939,0.005646877,-0.001856938,0.0,0.0,0,0
5,cycle44_subj05_margin_low_1sess_150ep,257,21218,0.035127483,0.04908578,163,-0.013958298,12.0,0.0,3.0,3.0,-0.0011480711,0.0010034516,-0.0021515228,3.0,0.0,0,0
5,cycle44_subj05_margin_low_1sess_150ep,258,21253,0.04881223,0.039078988,377,0.009733241,1.0,1.0,1.0,1.0,0.004098892,-0.0040719397,0.008170832,0.0,0.0,0,0
5,cycle44_subj05_margin_low_1sess_150ep,259,21279,0.034631547,0.05397268,524,-0.019341134,19.0,0.0,5.5,5.0,0.0011976957,-0.0002264753,0.001424171,5.0,0.0,0,0
5,cycle44_subj05_margin_low_1sess_150ep,260,21318,0.047752637,0.05036511,371,-0.0026124716,4.0,0.3,2.1,2.0,-0.00015635043,-0.00019637868,4.0028244e-05,2.0,-0.3,0,0
5,cycle44_subj05_margin_low_1sess_150ep,261,21508,0.041799556,0.050354876,914,-0.008555319,11.0,0.0,4.0,4.0,0.0038564242,0.004539009,-0.00068258494,-4.0,0.0,0,0
5,cycle44_subj05_margin_low_1sess_150ep,262,21526,0.050541967,0.044028297,249,0.00651367,1.0,1.0,1.0,1.0,0.004953619,0.001215741,0.003737878,0.0,0.0,0,0
5,cycle44_subj05_margin_low_1sess_150ep,263,21553,0.04008884,0.061441675,814,-0.021352835,9.0,0.125,2.875,2.0,-0.0028665885,0.0039556213,-0.00682221,5.0,-0.125,0,0
5,cycle44_subj05_margin_low_1sess_150ep,264,21601,0.03555861,0.024530562,89,0.0110280495,1.0,1.0,1.0,1.0,0.0006628148,0.0027607176,-0.0020979028,0.0,0.0,0,0
5,cycle44_subj05_margin_low_1sess_150ep,265,21703,0.04084221,0.046062376,403,-0.0052201673,5.0,0.2222222222222222,2.2222222222222223,2.0,0.004721407,0.003252305,0.0014691018,0.0,0.0,0,0
5,cycle44_subj05_margin_low_1sess_150ep,266,21950,0.053517163,0.049512237,162,0.0040049255,1.0,1.0,1.0,1.0,-0.005668305,0.0016666278,-0.0073349327,0.0,0.0,0,0
5,cycle44_subj05_margin_low_1sess_150ep,267,21989,0.037159443,0.0480916,844,-0.010932159,6.0,0.2,2.5,3.0,0.001079686,0.005947087,-0.004867401,3.0,-0.2,0,0
5,cycle44_subj05_margin_low_1sess_150ep,268,22138,0.03889194,0.049541578,704,-0.010649636,8.0,0.125,2.75,2.5,-0.0036477596,-0.0013900064,-0.0022577532,4.0,-0.25,0,0
5,cycle44_subj05_margin_low_1sess_150ep,269,22143,0.040540576,0.043468494,414,-0.002927918,3.0,0.6,1.6,1.0,0.0033515207,-0.002531968,0.005883489,-3.0,0.39999999999999997,0,0
5,cycle44_subj05_margin_low_1sess_150ep,270,22155,0.049243156,0.05510981,964,-0.005866654,6.0,0.0,2.5,2.5,0.005859025,0.004842747,0.0010162778,-6.0,0.0,0,0
5,cycle44_subj05_margin_low_1sess_150ep,271,22263,0.049569335,0.06158371,777,-0.012014374,5.0,0.3333333333333333,2.111111111111111,2.0,0.005593013,0.0038812347,0.0017117783,0.0,0.0,0,0
5,cycle44_subj05_margin_low_1sess_150ep,272,22387,0.050201826,0.042431533,697,0.0077702925,1.0,1.0,1.0,1.0,-0.0012965389,-0.0014165007,0.0001199618,0.0,0.0,0,0
5,cycle44_subj05_margin_low_1sess_150ep,273,22495,0.04842181,0.053605698,5,-0.0051838867,3.0,0.5714285714285714,1.5714285714285714,1.0,0.0011259764,0.0037060827,-0.0025801063,-1.0,0.0,0,0
5,cycle44_subj05_margin_low_1sess_150ep,274,22505,0.045783184,0.04879186,417,-0.0030086748,2.0,0.625,1.375,1.0,0.0041018613,0.004915938,-0.0008140765,-3.0,0.5,0,0
5,cycle44_subj05_margin_low_1sess_150ep,275,22515,0.044968426,0.05132246,142,-0.006354034,6.0,0.2857142857142857,2.4285714285714284,2.0,0.0022379346,0.001997389,0.00024054572,2.0,-0.5714285714285714,0,0
5,cycle44_subj05_margin_low_1sess_150ep,276,22523,0.059983354,0.047170095,777,0.012813259,1.0,1.0,1.0,1.0,-0.0029263534,-0.00033472478,-0.0025916286,0.0,0.0,0,0
5,cycle44_subj05_margin_low_1sess_150ep,277,22530,0.03675305,0.05103089,743,-0.014277838,60.0,0.0,20.5,21.5,0.0019517094,0.0030867644,-0.001135055,16.0,0.0,0,0
5,cycle44_subj05_margin_low_1sess_150ep,278,22585,0.04944587,0.050295405,403,-0.0008495338,2.0,0.7142857142857143,1.2857142857142858,1.0,0.0028530285,-0.002316624,0.0051696524,0.0,0.0,0,0
5,cycle44_subj05_margin_low_1sess_150ep,279,22587,0.053092234,0.049350657,794,0.0037415773,1.0,1.0,1.0,1.0,0.0071552023,0.00040899962,0.0067462027,-1.0,0.4,0,1
5,cycle44_subj05_margin_low_1sess_150ep,280,22772,0.050520495,0.05300472,777,-0.0024842247,2.0,0.8888888888888888,1.1111111111111112,1.0,0.0033995397,0.0040239654,-0.0006244257,-2.0,0.5555555555555556,0,0
5,cycle44_subj05_margin_low_1sess_150ep,281,22782,0.03060037,0.04461183,793,-0.014011459,15.0,0.0,5.75,6.5,0.0025685094,0.0034734383,-0.0009049289,-3.0,0.0,0,0
5,cycle44_subj05_margin_low_1sess_150ep,282,22794,0.04328752,0.04773144,951,-0.004443921,4.0,0.6363636363636364,1.7272727272727273,1.0,0.0071755573,0.0073516592,-0.00017610192,-3.0,0.09090909090909094,0,0
5,cycle44_subj05_margin_low_1sess_150ep,283,22809,0.036705174,0.04551104,745,-0.008805867,2.0,0.5,1.5,1.5,0.001443293,-0.0024430826,0.0038863756,0.0,0.0,0,0
5,cycle44_subj05_margin_low_1sess_150ep,284,22845,0.049418103,0.044959046,523,0.004459057,1.0,1.0,1.0,1.0,0.0037105829,-0.0007468164,0.0044573992,0.0,0.0,0,0
5,cycle44_subj05_margin_low_1sess_150ep,285,22873,0.032284748,0.045362398,577,-0.01307765,17.0,0.0,6.285714285714286,6.0,-5.4486096e-05,0.007080689,-0.007135175,12.0,-0.14285714285714285,0,0
5,cycle44_subj05_margin_low_1sess_150ep,286,22879,0.04547326,0.05749898,48,-0.012025721,6.0,0.25,2.5,3.0,-0.00051822886,0.004315771,-0.004834,2.0,0.0,0,0
5,cycle44_subj05_margin_low_1sess_150ep,287,22886,0.045055185,0.043570526,227,0.0014846586,1.0,1.0,1.0,1.0,-0.0004886016,0.0032666884,-0.00375529,0.0,0.0,0,0
5,cycle44_subj05_margin_low_1sess_150ep,288,22957,0.05335418,0.056673344,356,-0.0033191629,2.0,0.6,1.4,1.0,0.0017311834,0.0022776015,-0.00054641813,0.0,0.0,0,0
5,cycle44_subj05_margin_low_1sess_150ep,289,22967,0.05938029,0.056825582,172,0.0025547072,1.0,1.0,1.0,1.0,0.001701057,0.0044687055,-0.0027676485,0.0,0.0,0,0
5,cycle44_subj05_margin_low_1sess_150ep,290,22993,0.042903222,0.03708354,39,0.005819682,1.0,1.0,1.0,1.0,0.006172683,-0.00012723356,0.0062999167,-1.0,0.5,0,1
5,cycle44_subj05_margin_low_1sess_150ep,291,23036,0.04625052,0.04419992,54,0.0020505972,1.0,1.0,1.0,1.0,0.0014453195,0.0042605773,-0.0028152578,0.0,0.0,0,0
5,cycle44_subj05_margin_low_1sess_150ep,292,23241,0.035260435,0.04884677,21,-0.013586335,31.0,0.0,11.285714285714286,11.0,0.001239974,0.002508711,-0.001268737,3.0,0.0,0,0
5,cycle44_subj05_margin_low_1sess_150ep,293,23492,0.025712704,0.04717097,827,-0.021458266,202.0,0.0,63.333333333333336,62.0,0.0037777666,0.0029126182,0.0008651484,-10.0,0.0,0,0
5,cycle44_subj05_margin_low_1sess_150ep,294,23715,0.037599947,0.055281777,524,-0.01768183,23.0,0.0,7.666666666666667,7.5,-0.0011630021,0.0014755912,-0.0026385933,7.0,0.0,0,0
5,cycle44_subj05_margin_low_1sess_150ep,295,23729,0.035977382,0.037753463,331,-0.0017760806,2.0,0.8,1.2,1.0,-0.00080293417,0.002626188,-0.0034291223,1.0,-0.19999999999999996,1,0
5,cycle44_subj05_margin_low_1sess_150ep,296,23871,0.03448866,0.043709442,492,-0.009220783,13.0,0.1,3.7,3.0,0.012462698,0.0060426965,0.0064200014,-55.0,0.1,0,0
5,cycle44_subj05_margin_low_1sess_150ep,297,23876,0.045751944,0.05182389,590,-0.0060719475,2.0,0.4444444444444444,1.5555555555555556,2.0,0.0026263557,0.004666239,-0.0020398833,0.0,0.0,0,0
5,cycle44_subj05_margin_low_1sess_150ep,298,23883,0.016415818,0.036631152,127,-0.020215334,55.0,0.0,16.818181818181817,17.0,0.0038100136,0.00087711215,0.0029329006,-16.0,0.0,0,0
5,cycle44_subj05_margin_low_1sess_150ep,299,23993,0.05124694,0.050405215,195,0.0008417256,1.0,1.0,1.0,1.0,0.0043631643,0.002635304,0.0017278604,-1.0,0.15384615384615385,0,1
5,cycle44_subj05_margin_low_1sess_150ep,300,24202,0.057244703,0.047860835,630,0.009383868,1.0,1.0,1.0,1.0,0.002780024,0.0024967343,0.0002832897,0.0,0.0,0,0
5,cycle44_subj05_margin_low_1sess_150ep,301,24214,0.040051676,0.052824147,191,-0.012772471,11.0,0.0,4.0,4.5,0.0058082156,0.005741667,6.6548586e-05,-1.0,0.0,0,0
5,cycle44_subj05_margin_low_1sess_150ep,302,24264,0.06832083,0.060729794,493,0.007591039,1.0,1.0,1.0,1.0,0.005023062,0.0068247207,-0.0018016584,0.0,0.0,0,0
5,cycle44_subj05_margin_low_1sess_150ep,303,24317,0.036256485,0.044601575,886,-0.00834509,15.0,0.25,5.5,6.0,-0.00011648983,-0.00090256706,0.00078607723,8.0,0.0,0,0
5,cycle44_subj05_margin_low_1sess_150ep,304,24480,0.03459593,0.052877225,36,-0.018281296,38.0,0.0,12.75,13.0,0.0028635114,0.0032886975,-0.000425186,-1.0,0.0,0,0
5,cycle44_subj05_margin_low_1sess_150ep,305,24517,0.03452153,0.042259295,23,-0.007737763,9.0,0.0,4.25,4.0,-0.0008080527,0.0026838556,-0.0034919083,4.0,-0.25,0,0
5,cycle44_subj05_margin_low_1sess_150ep,306,24530,0.0474174,0.04910358,403,-0.0016861819,4.0,0.15384615384615385,1.8461538461538463,2.0,0.00078649074,-0.001224529,0.0020110197,1.0,-0.3076923076923077,0,0
5,cycle44_subj05_margin_low_1sess_150ep,307,24560,0.04278378,0.03871681,93,0.0040669665,1.0,1.0,1.0,1.0,0.00310098,0.0036451966,-0.0005442165,0.0,0.0,0,0
5,cycle44_subj05_margin_low_1sess_150ep,308,24638,0.049771972,0.04917455,740,0.0005974211,1.0,1.0,1.0,1.0,0.0036731772,-0.00066459924,0.0043377765,-1.0,0.6,0,1
5,cycle44_subj05_margin_low_1sess_150ep,309,24640,0.027471228,0.042011254,848,-0.014540026,20.0,0.0,5.0,5.0,0.0020082016,0.0024415478,-0.00043334626,-2.0,0.0,0,0
5,cycle44_subj05_margin_low_1sess_150ep,310,24649,0.037436236,0.051155366,590,-0.01371913,7.0,0.16666666666666666,2.8333333333333335,2.5,0.00014808774,0.0048987865,-0.004750699,-2.0,0.16666666666666666,0,0
5,cycle44_subj05_margin_low_1sess_150ep,311,24739,0.0445062,0.04763554,859,-0.0031293407,4.0,0.2727272727272727,1.8181818181818181,2.0,0.00078431517,-0.0008180365,0.0016023517,-2.0,0.1818181818181818,0,0
5,cycle44_subj05_margin_low_1sess_150ep,312,24740,0.05091587,0.053835206,590,-0.002919335,2.0,0.4166666666666667,1.5833333333333333,2.0,0.00089704245,0.0047458075,-0.003848765,1.0,-0.5833333333333333,1,0
5,cycle44_subj05_margin_low_1sess_150ep,313,24787,0.04822364,0.040887967,36,0.007335674,1.0,1.0,1.0,1.0,0.008756708,0.0037650727,0.0049916357,0.0,0.0,0,0
5,cycle44_subj05_margin_low_1sess_150ep,314,24846,0.036946148,0.05385624,39,-0.016910091,9.0,0.0,3.357142857142857,3.5,-0.0038336106,0.0003689155,-0.004202526,5.0,-0.35714285714285715,0,0
5,cycle44_subj05_margin_low_1sess_150ep,315,25059,0.025553847,0.045544144,246,-0.019990297,50.0,0.0,15.285714285714286,16.0,0.0065276287,7.3723495e-05,0.0064539053,-37.0,0.0,0,0
5,cycle44_subj05_margin_low_1sess_150ep,316,25091,0.040814728,0.045694765,361,-0.004880037,3.0,0.5,1.5,1.5,-0.00033629686,-0.00027608871,-6.020814e-05,0.0,0.0,0,0
5,cycle44_subj05_margin_low_1sess_150ep,317,25111,0.044123128,0.056390546,680,-0.012267418,10.0,0.0,3.7,3.0,0.004830051,0.0040016025,0.0008284487,1.0,-0.1,0,0
5,cycle44_subj05_margin_low_1sess_150ep,318,25205,0.049905047,0.04710535,516,0.0027996972,1.0,1.0,1.0,1.0,0.0057906173,0.007032808,-0.0012421906,0.0,0.0,0,0
5,cycle44_subj05_margin_low_1sess_150ep,319,25250,0.060029086,0.047335494,985,0.012693591,1.0,1.0,1.0,1.0,-0.0025998242,-0.0013573244,-0.0012424998,0.0,0.0,0,0
5,cycle44_subj05_margin_low_1sess_150ep,320,25268,0.049253482,0.0419366,468,0.0073168837,1.0,1.0,1.0,1.0,0.0029690005,0.0015200116,0.0014489889,0.0,0.0,0,0
5,cycle44_subj05_margin_low_1sess_150ep,321,25284,0.053802434,0.04811352,556,0.005688913,1.0,1.0,1.0,1.0,0.0030500814,-0.005106669,0.00815675,-1.0,0.3076923076923077,0,1
5,cycle44_subj05_margin_low_1sess_150ep,322,25287,0.043657098,0.036932852,19,0.006724246,1.0,1.0,1.0,1.0,0.00022928417,-0.0013547502,0.0015840344,0.0,0.0,0,0
5,cycle44_subj05_margin_low_1sess_150ep,323,25318,0.0463468,0.04685248,455,-0.0005056821,2.0,0.5,1.5,1.5,0.002576694,0.0019196011,0.0006570928,0.0,0.0,0,0
5,cycle44_subj05_margin_low_1sess_150ep,324,25319,0.04642447,0.04393121,417,0.0024932623,1.0,1.0,1.0,1.0,-0.0048793852,-0.0034321956,-0.0014471896,0.0,0.0,0,0
5,cycle44_subj05_margin_low_1sess_150ep,325,25371,0.048679963,0.04898157,941,-0.00030160695,2.0,0.7272727272727273,1.2727272727272727,1.0,0.004946016,0.0033501796,0.0015958361,0.0,0.0,0,0
5,cycle44_subj05_margin_low_1sess_150ep,326,25454,0.057247847,0.04397643,514,0.0132714175,1.0,1.0,1.0,1.0,0.008433338,0.0040535405,0.0043797977,0.0,0.0,0,0
5,cycle44_subj05_margin_low_1sess_150ep,327,25570,0.05387659,0.05020459,125,0.003672,1.0,1.0,1.0,1.0,0.0030903183,0.0028972887,0.00019302964,0.0,0.0,0,0
5,cycle44_subj05_margin_low_1sess_150ep,328,25578,0.04603961,0.052347638,2,-0.0063080266,3.0,0.5714285714285714,1.5714285714285714,1.0,0.00095772743,0.0017378032,-0.0007800758,1.0,0.0,0,0
5,cycle44_subj05_margin_low_1sess_150ep,329,25581,0.0260822,0.037104048,11,-0.011021847,26.0,0.0,9.181818181818182,10.0,-0.0012267716,0.0023820512,-0.0036088228,14.0,0.0,0,0
5,cycle44_subj05_margin_low_1sess_150ep,330,25588,0.03717262,0.044439238,590,-0.0072666183,13.0,0.0,4.9,4.0,0.001544755,-0.000640817,0.002185572,7.0,0.0,0,0
5,cycle44_subj05_margin_low_1sess_150ep,331,25602,0.014493652,0.040249716,591,-0.025756065,208.0,0.0,62.55555555555556,64.0,0.008697758,0.003682565,0.0050151944,-103.0,0.0,0,0
5,cycle44_subj05_margin_low_1sess_150ep,332,25693,0.03861631,0.051520374,522,-0.012904063,7.0,0.25,3.0,3.5,0.0006971657,0.0032581352,-0.0025609694,4.0,-0.125,0,0
5,cycle44_subj05_margin_low_1sess_150ep,333,25702,0.011321176,0.037640918,456,-0.026319742,328.0,0.0,95.66666666666667,95.0,0.002900797,0.0020996481,0.00080114976,-24.0,0.0,0,0
5,cycle44_subj05_margin_low_1sess_150ep,334,25711,0.047844592,0.042081825,159,0.005762767,1.0,1.0,1.0,1.0,0.0039816685,0.0049735717,-0.0009919032,0.0,0.0,0,0
5,cycle44_subj05_margin_low_1sess_150ep,335,25741,0.04092915,0.04637317,306,-0.00544402,4.0,0.2,2.2,2.0,0.0050680228,-0.00062514096,0.0056931637,-3.0,0.2,0,0
5,cycle44_subj05_margin_low_1sess_150ep,336,25746,0.051229086,0.049613297,108,0.0016157888,1.0,1.0,1.0,1.0,0.0048667192,0.0015411861,0.0033255331,-2.0,0.6,0,1
5,cycle44_subj05_margin_low_1sess_150ep,337,25881,0.050483808,0.049700618,403,0.00078319013,1.0,1.0,1.0,1.0,-0.0016623065,-0.000603199,-0.0010591075,0.0,0.0,0,0
5,cycle44_subj05_margin_low_1sess_150ep,338,25906,0.04014063,0.04527461,793,-0.0051339827,2.0,0.6,1.4,1.0,0.00042020902,0.0074221753,-0.0070019662,1.0,-0.4,1,0
5,cycle44_subj05_margin_low_1sess_150ep,339,25959,0.045431573,0.05049689,163,-0.005065318,2.0,0.7272727272727273,1.2727272727272727,1.0,0.0052853487,0.0051269345,0.00015841424,0.0,0.0,0,0
5,cycle44_subj05_margin_low_1sess_150ep,340,26119,0.031436518,0.045416124,443,-0.013979606,14.0,0.0,4.8,5.0,0.0027326625,0.0020440854,0.00068857707,-1.0,0.0,0,0
5,cycle44_subj05_margin_low_1sess_150ep,341,26127,0.050748624,0.04401403,208,0.0067345947,1.0,1.0,1.0,1.0,0.0040519126,0.0025939904,0.0014579222,0.0,0.0,0,0
5,cycle44_subj05_margin_low_1sess_150ep,342,26163,0.047516093,0.050791647,636,-0.0032755546,3.0,0.6,1.6,1.0,0.008459549,0.004146043,0.004313506,1.0,0.0,0,0
5,cycle44_subj05_margin_low_1sess_150ep,343,26243,0.04722852,0.057005137,964,-0.009776618,5.0,0.25,2.375,2.0,0.004927192,0.0056953393,-0.0007681474,1.0,0.0,0,0
5,cycle44_subj05_margin_low_1sess_150ep,344,26292,0.027103808,0.044003107,341,-0.016899299,32.0,0.0,10.0,9.5,0.00068824366,0.0024072528,-0.0017190091,-4.0,0.0,0,0
5,cycle44_subj05_margin_low_1sess_150ep,345,26307,0.041532937,0.045202017,501,-0.0036690794,2.0,0.9166666666666666,1.0833333333333333,1.0,0.0009944662,0.0026677512,-0.0016732849,0.0,0.0,0,0
5,cycle44_subj05_margin_low_1sess_150ep,346,26351,0.04264673,0.04680328,674,-0.0041565523,2.0,0.5,1.5,1.5,0.0025160871,0.0022334978,0.00028258935,0.0,-0.30000000000000004,0,0
5,cycle44_subj05_margin_low_1sess_150ep,347,26372,0.035361096,0.05037565,468,-0.015014555,21.0,0.0,6.066666666666666,7.0,-0.0008773878,0.0052855425,-0.0061629303,10.0,0.0,0,0
5,cycle44_subj05_margin_low_1sess_150ep,348,26435,0.043443654,0.03739099,419,0.0060526654,1.0,1.0,1.0,1.0,0.0033214614,-0.0018197708,0.005141232,0.0,0.0,0,0
5,cycle44_subj05_margin_low_1sess_150ep,349,26458,0.0496354,0.042223454,191,0.0074119456,1.0,1.0,1.0,1.0,0.0010393001,-2.3134053e-05,0.0010624342,0.0,0.0,0,0
5,cycle44_subj05_margin_low_1sess_150ep,350,26598,0.054171536,0.04083663,463,0.013334908,1.0,1.0,1.0,1.0,0.0030232705,0.006080635,-0.0030573644,0.0,0.0,0,0
5,cycle44_subj05_margin_low_1sess_150ep,351,26720,0.04749415,0.050962314,78,-0.0034681633,2.0,0.6363636363636364,1.3636363636363635,1.0,0.0037529543,0.0074481554,-0.0036952011,1.0,-0.36363636363636365,1,0
5,cycle44_subj05_margin_low_1sess_150ep,352,26780,0.041977312,0.04414063,425,-0.002163317,3.0,0.7142857142857143,1.2857142857142858,1.0,0.0050023086,-0.0017424263,0.006744735,-5.0,0.7142857142857143,0,0
5,cycle44_subj05_margin_low_1sess_150ep,353,26895,0.058061868,0.050159406,761,0.007902462,1.0,1.0,1.0,1.0,0.001008492,-0.00096962973,0.0019781217,0.0,0.0,0,0
5,cycle44_subj05_margin_low_1sess_150ep,354,26909,0.024028212,0.044105683,697,-0.02007747,25.0,0.0,8.3,8.5,0.002645243,0.005195413,-0.0025501698,1.0,0.0,0,0
5,cycle44_subj05_margin_low_1sess_150ep,355,26971,0.030482393,0.043744653,456,-0.013262261,34.0,0.0,9.153846153846153,9.0,-0.0017567948,0.0007520355,-0.0025088303,14.0,0.0,0,0
5,cycle44_subj05_margin_low_1sess_150ep,356,26990,0.052772775,0.04898259,153,0.0037901849,1.0,1.0,1.0,1.0,0.0026817545,0.0029094853,-0.00022773072,0.0,0.0,0,0
5,cycle44_subj05_margin_low_1sess_150ep,357,27242,0.04604477,0.05067166,777,-0.004626889,4.0,0.1111111111111111,2.0,2.0,0.0014647841,0.0040721,-0.0026073158,0.0,0.0,0,0
5,cycle44_subj05_margin_low_1sess_150ep,358,27275,0.048908953,0.04230834,125,0.006600611,1.0,1.0,1.0,1.0,0.00031657517,0.00061798096,-0.0003014058,0.0,0.0,0,0
5,cycle44_subj05_margin_low_1sess_150ep,359,27287,0.035049472,0.040225323,437,-0.0051758513,4.0,0.3333333333333333,1.6666666666666667,2.0,0.0022323206,0.0016424842,0.0005898364,-1.0,0.16666666666666666,0,0
5,cycle44_subj05_margin_low_1sess_150ep,360,27326,0.047079235,0.044014804,162,0.0030644313,1.0,1.0,1.0,1.0,0.0012379773,0.0061394908,-0.0049015135,0.0,0.0,0,0
5,cycle44_subj05_margin_low_1sess_150ep,361,27435,0.0640707,0.046252567,765,0.017818134,1.0,1.0,1.0,1.0,6.977469e-05,0.0020315312,-0.0019617565,0.0,0.0,0,0
5,cycle44_subj05_margin_low_1sess_150ep,362,27568,0.03446294,0.039615113,674,-0.0051521733,10.0,0.0625,3.75,3.5,0.0037284512,0.0032224618,0.0005059894,0.0,0.0625,0,0
5,cycle44_subj05_margin_low_1sess_150ep,363,27580,0.024912233,0.042782456,94,-0.017870223,54.0,0.0,16.444444444444443,17.0,-0.0006275736,0.000621371,-0.0012489446,11.0,0.0,0,0
5,cycle44_subj05_margin_low_1sess_150ep,364,27830,0.046865646,0.048842948,227,-0.0019773021,2.0,0.625,1.375,1.0,-0.00052190945,0.0013362542,-0.0018581636,0.0,0.0,0,0
5,cycle44_subj05_margin_low_1sess_150ep,365,27878,0.053626027,0.043329168,317,0.010296859,1.0,1.0,1.0,1.0,0.004304949,0.0007953681,0.003509581,0.0,0.0,0,0
5,cycle44_subj05_margin_low_1sess_150ep,366,27972,0.02323581,0.04170189,162,-0.01846608,25.0,0.0,7.5,7.5,-0.004961351,0.0041093193,-0.00907067,14.0,0.0,0,0
5,cycle44_subj05_margin_low_1sess_150ep,367,28024,0.047315255,0.048870765,175,-0.0015555099,2.0,0.6666666666666666,1.3333333333333333,1.0,0.0015208162,0.0039035864,-0.0023827702,1.0,-0.33333333333333337,1,0
5,cycle44_subj05_margin_low_1sess_150ep,368,28068,0.05778489,0.056577608,652,0.0012072809,1.0,1.0,1.0,1.0,0.0032246336,-0.001372993,0.0045976266,-1.0,0.41666666666666663,0,1
5,cycle44_subj05_margin_low_1sess_150ep,369,28096,0.03323647,0.04765145,645,-0.014414981,16.0,0.0,5.6,5.5,-0.0014924072,-0.0003946349,-0.0010977723,1.0,0.0,0,0
5,cycle44_subj05_margin_low_1sess_150ep,370,28159,0.048879873,0.04636956,889,0.002510313,1.0,1.0,1.0,1.0,0.0020118058,-0.0029358268,0.0049476326,-1.0,0.6153846153846154,0,1
5,cycle44_subj05_margin_low_1sess_150ep,371,28189,0.03613755,0.049033493,706,-0.012895942,17.0,0.0,7.888888888888889,8.0,0.0017279685,-0.0012882352,0.0030162036,-2.0,0.0,0,0
5,cycle44_subj05_margin_low_1sess_150ep,372,28286,0.014263192,0.03111242,778,-0.016849227,53.0,0.0,18.0,16.0,0.004533327,-0.0018295888,0.006362915,-10.0,0.0,0,0
5,cycle44_subj05_margin_low_1sess_150ep,373,28303,0.04654152,0.044227965,159,0.0023135543,1.0,1.0,1.0,1.0,0.0034718663,0.006162092,-0.0026902258,0.0,0.0,0,0
5,cycle44_subj05_margin_low_1sess_150ep,374,28319,0.04868385,0.07287535,493,-0.024191502,2.0,0.8571428571428571,1.1428571428571428,1.0,0.009443846,0.009551391,-0.000107545406,-1.0,0.0,0,0
5,cycle44_subj05_margin_low_1sess_150ep,375,28325,0.058694553,0.046541076,227,0.0121534765,1.0,1.0,1.0,1.0,0.005352158,0.0043890737,0.0009630844,0.0,0.0,0,0
5,cycle44_subj05_margin_low_1sess_150ep,376,28341,0.019364445,0.043234512,405,-0.023870068,232.0,0.0,73.4,77.0,0.0018566847,0.00402008,-0.0021633953,-37.0,0.0,0,0
5,cycle44_subj05_margin_low_1sess_150ep,377,28349,0.040727045,0.054771513,524,-0.014044467,11.0,0.0,4.375,4.5,0.0035759695,0.00839027,-0.0048143007,2.0,0.0,0,0
5,cycle44_subj05_margin_low_1sess_150ep,378,28418,0.06040165,0.0544359,426,0.005965747,1.0,1.0,1.0,1.0,0.003887117,0.004880689,-0.0009935722,0.0,0.0,0,0
5,cycle44_subj05_margin_low_1sess_150ep,379,28487,0.03512649,0.0410854,719,-0.005958911,4.0,0.5,1.75,1.5,-0.00027366355,0.00056936964,-0.0008430332,1.0,0.0,0,0
5,cycle44_subj05_margin_low_1sess_150ep,380,28524,0.049163215,0.055436835,990,-0.00627362,2.0,0.42857142857142855,1.5714285714285714,2.0,0.008460533,0.009245317,-0.00078478456,-4.0,0.42857142857142855,0,0
5,cycle44_subj05_margin_low_1sess_150ep,381,28595,0.031478498,0.041314837,148,-0.009836338,10.0,0.1,3.2,3.0,0.0013771821,-0.0019004159,0.003277598,0.0,0.0,0,0
5,cycle44_subj05_margin_low_1sess_150ep,382,28689,0.034051515,0.05648507,356,-0.022433557,29.0,0.0,10.181818181818182,10.0,-1.24797225e-05,0.0051701292,-0.005182609,11.0,0.0,0,0
5,cycle44_subj05_margin_low_1sess_150ep,383,28745,0.040776264,0.046249997,188,-0.005473733,10.0,0.0,4.714285714285714,5.0,-0.0012461916,0.0026370846,-0.0038832761,7.0,-0.5,0,0
5,cycle44_subj05_margin_low_1sess_150ep,384,28751,0.059171308,0.05015812,96,0.009013187,1.0,1.0,1.0,1.0,0.0056054518,0.0019851215,0.0036203302,0.0,0.0,0,0
5,cycle44_subj05_margin_low_1sess_150ep,385,28755,0.053932417,0.04556939,493,0.008363027,1.0,1.0,1.0,1.0,0.005269807,0.0027671307,0.002502676,0.0,0.0,0,0
5,cycle44_subj05_margin_low_1sess_150ep,386,28788,0.050288513,0.047064427,572,0.003224086,1.0,1.0,1.0,1.0,0.0050336383,0.005729925,-0.00069628656,0.0,0.0,0,0
5,cycle44_subj05_margin_low_1sess_150ep,387,28898,0.046806242,0.05034865,754,-0.0035424083,2.0,0.8,1.2,1.0,0.001590129,0.0022429675,-0.0006528385,0.0,0.0,0,0
5,cycle44_subj05_margin_low_1sess_150ep,388,28963,0.040442117,0.047536485,794,-0.0070943683,4.0,0.7,1.4,1.0,0.00034552813,0.005933255,-0.005587727,2.0,-0.30000000000000004,0,0
5,cycle44_subj05_margin_low_1sess_150ep,389,29010,0.022256767,0.042462185,928,-0.020205418,198.0,0.0,61.77777777777778,62.0,0.0030486993,-0.0013892464,0.004437946,-46.0,0.0,0,0
5,cycle44_subj05_margin_low_1sess_150ep,390,29021,0.048556093,0.040182654,646,0.008373439,1.0,1.0,1.0,1.0,0.0082716495,0.0030102953,0.005261354,0.0,0.0,0,0
5,cycle44_subj05_margin_low_1sess_150ep,391,29381,0.04958859,0.053577416,375,-0.003988825,2.0,0.6,1.4,1.0,0.0035506971,0.007312268,-0.003761571,0.0,0.0,0,0
5,cycle44_subj05_margin_low_1sess_150ep,392,29568,0.03593792,0.054954264,70,-0.019016344,39.0,0.0,13.8,14.0,-0.0007389076,0.00083643943,-0.001575347,26.0,0.0,0,0
5,cycle44_subj05_margin_low_1sess_150ep,393,29660,0.029639065,0.038358863,827,-0.008719798,11.0,0.2,3.3,3.5,0.0074499995,0.004062198,0.0033878013,-20.0,0.2,0,0
5,cycle44_subj05_margin_low_1sess_150ep,394,29663,0.018630652,0.04680272,43,-0.028172066,165.0,0.0,52.833333333333336,52.0,0.001209056,0.0013535246,-0.00014446862,43.0,0.0,0,0
5,cycle44_subj05_margin_low_1sess_150ep,395,29680,0.047292806,0.0479999,534,-0.0007070936,2.0,0.7777777777777778,1.2222222222222223,1.0,0.0060922354,-0.00011463091,0.0062068664,-1.0,0.33333333333333337,0,0
5,cycle44_subj05_margin_low_1sess_150ep,396,29711,0.05972591,0.05294733,571,0.006778579,1.0,1.0,1.0,1.0,-0.00075787306,-0.002137918,0.001380045,0.0,0.0,0,0
5,cycle44_subj05_margin_low_1sess_150ep,397,29837,0.025179677,0.043767545,61,-0.018587869,68.0,0.0,25.125,24.0,0.0017239787,0.0010519773,0.0006720014,22.0,0.0,0,0
5,cycle44_subj05_margin_low_1sess_150ep,398,29886,0.048576165,0.05733937,36,-0.008763205,2.0,0.375,1.625,2.0,0.0069375,0.0071691945,-0.00023169443,0.0,0.0,0,0
5,cycle44_subj05_margin_low_1sess_150ep,399,29919,0.055282254,0.05126074,954,0.004021514,1.0,1.0,1.0,1.0,0.0029616132,0.0016619638,0.0012996495,0.0,0.0,0,0
5,cycle44_subj05_margin_low_1sess_150ep,400,29980,0.039085686,0.0502699,246,-0.011184216,7.0,0.375,2.125,2.0,-0.0026787557,0.0016322136,-0.0043109693,5.0,-0.5,0,0
5,cycle44_subj05_margin_low_1sess_150ep,401,30081,0.02698793,0.03434981,239,-0.0073618796,13.0,0.0,4.285714285714286,4.0,0.0062283874,0.00060965493,0.0056187324,-12.0,0.0,0,0
5,cycle44_subj05_margin_low_1sess_150ep,402,30373,0.01871311,0.03760144,457,-0.018888332,31.0,0.0,8.857142857142858,8.0,-0.00843969,0.0045876317,-0.013027322,27.0,-0.42857142857142855,0,0
5,cycle44_subj05_margin_low_1sess_150ep,403,30395,0.06533921,0.055826876,250,0.009512331,1.0,1.0,1.0,1.0,0.00090156496,0.0039223656,-0.0030208007,0.0,0.0,0,0
5,cycle44_subj05_margin_low_1sess_150ep,404,30407,0.020947019,0.04513099,934,-0.024183972,168.0,0.0,53.0,55.0,-0.0009967834,0.0022470616,-0.003243845,70.0,0.0,0,0
5,cycle44_subj05_margin_low_1sess_150ep,405,30430,0.04782712,0.032340072,94,0.015487049,1.0,1.0,1.0,1.0,0.003410995,-0.004389532,0.007800527,0.0,0.0,0,0
5,cycle44_subj05_margin_low_1sess_150ep,406,30563,0.04643857,0.03473039,804,0.011708181,1.0,1.0,1.0,1.0,-0.0050867945,0.0005518496,-0.005638644,0.0,0.0,0,0
5,cycle44_subj05_margin_low_1sess_150ep,407,30601,0.047380004,0.058243122,48,-0.010863118,3.0,0.5384615384615384,1.6923076923076923,1.0,0.008604277,0.008935776,-0.00033149868,0.0,0.0,0,0
5,cycle44_subj05_margin_low_1sess_150ep,408,30632,0.04610571,0.035407774,765,0.010697935,1.0,1.0,1.0,1.0,0.0015888996,-0.0019312538,0.0035201535,0.0,0.0,0,0
5,cycle44_subj05_margin_low_1sess_150ep,409,30672,0.044332195,0.03921062,250,0.005121574,1.0,1.0,1.0,1.0,-0.0011227578,0.0024999678,-0.0036227256,0.0,0.0,0,0
5,cycle44_subj05_margin_low_1sess_150ep,410,30674,0.035074215,0.044444807,480,-0.0093705915,5.0,0.4444444444444444,1.7777777777777777,2.0,-0.0028011762,0.0015695319,-0.004370708,1.0,-0.11111111111111116,0,0
5,cycle44_subj05_margin_low_1sess_150ep,411,30847,0.034064025,0.040542953,815,-0.006478928,14.0,0.0,4.416666666666667,4.0,0.003913272,0.00553032,-0.0016170479,-1.0,0.0,0,0
5,cycle44_subj05_margin_low_1sess_150ep,412,30856,0.038888644,0.045309056,471,-0.006420411,8.0,0.2222222222222222,3.5555555555555554,4.0,0.0003754571,0.004107233,-0.003731776,6.0,-0.2222222222222222,0,0
5,cycle44_subj05_margin_low_1sess_150ep,413,30887,0.050432682,0.04969921,777,0.0007334724,1.0,1.0,1.0,1.0,0.0077808388,0.0016717725,0.0061090663,-2.0,0.8,0,1
5,cycle44_subj05_margin_low_1sess_150ep,414,30922,0.04520403,0.04279112,70,0.0024129078,1.0,1.0,1.0,1.0,0.0025561973,0.0053879395,-0.0028317422,0.0,0.0,0,0
5,cycle44_subj05_margin_low_1sess_150ep,415,30935,0.053698987,0.041677516,847,0.012021471,1.0,1.0,1.0,1.0,-0.0013538897,-0.0026398823,0.0012859926,0.0,0.0,0,0
5,cycle44_subj05_margin_low_1sess_150ep,416,30954,0.04274358,0.044662844,188,-0.0019192658,4.0,0.2857142857142857,2.2857142857142856,2.0,0.0053991526,0.00058819354,0.004810959,-1.0,0.0,0,0
5,cycle44_subj05_margin_low_1sess_150ep,417,31028,0.041857325,0.055545457,227,-0.013688132,3.0,0.5555555555555556,1.6666666666666667,1.0,0.0011546388,0.0069517046,-0.005797066,1.0,-0.2222222222222222,0,0
5,cycle44_subj05_margin_low_1sess_150ep,418,31049,0.0410278,0.041701462,538,-0.0006736629,2.0,0.7777777777777778,1.2222222222222223,1.0,-0.0023763552,0.0005230047,-0.00289936,1.0,-0.2222222222222222,1,0
5,cycle44_subj05_margin_low_1sess_150ep,419,31064,0.050208885,0.04426256,590,0.005946327,1.0,1.0,1.0,1.0,0.0043018423,0.0070350356,-0.0027331933,0.0,0.0,0,0
5,cycle44_subj05_margin_low_1sess_150ep,420,31123,0.042697903,0.037290674,322,0.005407229,1.0,1.0,1.0,1.0,0.0063587204,0.0011783317,0.0051803887,0.0,0.0,0,0
5,cycle44_subj05_margin_low_1sess_150ep,421,31233,0.05118785,0.044609338,410,0.0065785125,1.0,1.0,1.0,1.0,0.004062768,0.0016480982,0.0024146698,0.0,0.0,0,0
5,cycle44_subj05_margin_low_1sess_150ep,422,31349,0.03759866,0.046510734,178,-0.008912075,6.0,0.2857142857142857,2.2857142857142856,2.0,0.0025901683,0.0003503561,0.0022398122,-4.0,0.2857142857142857,0,0
5,cycle44_subj05_margin_low_1sess_150ep,423,31446,0.028224308,0.04650673,715,-0.018282421,20.0,0.1,6.2,6.5,-0.00085055456,0.0020749792,-0.0029255338,7.0,-0.1,0,0
5,cycle44_subj05_margin_low_1sess_150ep,424,31659,0.03670492,0.048452802,163,-0.011747882,16.0,0.0,5.571428571428571,6.0,0.0027365126,0.0050130263,-0.0022765137,-6.0,0.0,0,0
5,cycle44_subj05_margin_low_1sess_150ep,425,31747,0.048683677,0.051851828,968,-0.0031681508,2.0,0.7272727272727273,1.2727272727272727,1.0,0.002826549,0.002488818,0.0003377311,0.0,0.0,0,0
5,cycle44_subj05_margin_low_1sess_150ep,426,31782,0.061268963,0.04909977,493,0.0121691935,1.0,1.0,1.0,1.0,0.008577365,0.004745491,0.0038318746,0.0,0.0,0,0
5,cycle44_subj05_margin_low_1sess_150ep,427,31801,0.041693978,0.047814865,163,-0.0061208867,5.0,0.2,2.4,3.0,0.0038532726,0.0014787391,0.0023745336,-3.0,0.0,0,0
5,cycle44_subj05_margin_low_1sess_150ep,428,31837,0.051601008,0.05292362,19,-0.0013226122,2.0,0.8888888888888888,1.1111111111111112,1.0,-0.0024080537,-0.002587568,0.00017951429,0.0,0.0,0,0
5,cycle44_subj05_margin_low_1sess_150ep,429,31936,0.04412242,0.05854447,182,-0.014422052,3.0,0.36363636363636365,1.8181818181818181,2.0,0.0027586855,-0.0025512353,0.0053099208,-1.0,0.18181818181818182,0,0
5,cycle44_subj05_margin_low_1sess_150ep,430,31964,0.05434921,0.045757156,15,0.008592054,1.0,1.0,1.0,1.0,0.0034690872,-0.00281547,0.0062845573,0.0,0.0,0,0
5,cycle44_subj05_margin_low_1sess_150ep,431,32053,0.040394556,0.055458803,523,-0.015064247,6.0,0.42857142857142855,2.0,2.0,-0.0035058446,-0.004243944,0.0007380992,4.0,-0.28571428571428575,0,0
5,cycle44_subj05_margin_low_1sess_150ep,432,32232,0.034202006,0.039059125,777,-0.004857119,6.0,0.38461538461538464,2.230769230769231,2.0,-0.003949821,-0.0031862184,-0.00076360255,2.0,0.0,0,0
5,cycle44_subj05_margin_low_1sess_150ep,433,32303,0.036491845,0.03856518,265,-0.0020733364,6.0,0.1,2.4,2.0,0.0003355518,0.0027426034,-0.0024070516,5.0,-0.9,1,0
5,cycle44_subj05_margin_low_1sess_150ep,434,32307,0.044083282,0.0484602,100,-0.004376918,3.0,0.2222222222222222,1.8888888888888888,2.0,0.0008494854,0.0017084219,-0.00085893646,0.0,0.0,0,0
5,cycle44_subj05_margin_low_1sess_150ep,435,32625,0.040080454,0.03442554,660,0.0056549124,1.0,1.0,1.0,1.0,-0.0016969368,0.0017295219,-0.0034264587,0.0,0.0,0,0
5,cycle44_subj05_margin_low_1sess_150ep,436,32643,0.036890652,0.050840944,522,-0.013950292,36.0,0.0,11.941176470588236,12.0,0.0020404086,0.0020373613,3.0472875e-06,-1.0,0.0,0,0
5,cycle44_subj05_margin_low_1sess_150ep,437,32716,0.058695305,0.05370136,805,0.0049939454,1.0,1.0,1.0,1.0,0.0020733029,0.004111495,-0.002038192,0.0,0.0,0,0
5,cycle44_subj05_margin_low_1sess_150ep,438,32771,0.01989741,0.045522757,663,-0.025625346,101.0,0.0,31.5,31.5,-0.0040571857,0.004807472,-0.008864658,62.0,0.0,0,0
5,cycle44_subj05_margin_low_1sess_150ep,439,32772,0.020062495,0.042602085,699,-0.02253959,53.0,0.0,16.8,17.0,-0.00097583793,0.001153063,-0.002128901,20.0,0.0,0,0
5,cycle44_subj05_margin_low_1sess_150ep,440,32857,0.04095833,0.042450715,162,-0.0014923848,3.0,0.5,1.6666666666666667,1.5,0.0025531165,0.0012487322,0.0013043843,-1.0,0.16666666666666669,0,0
5,cycle44_subj05_margin_low_1sess_150ep,441,32891,0.029625015,0.03910372,478,-0.009478705,14.0,0.0,5.625,5.5,0.00034837052,0.0047963113,-0.0044479407,7.0,-0.125,0,0
5,cycle44_subj05_margin_low_1sess_150ep,442,32910,0.040083934,0.045692828,928,-0.005608894,7.0,0.0,3.8333333333333335,3.5,0.0070083737,0.0036164634,0.0033919103,-3.0,0.0,0,0
5,cycle44_subj05_margin_low_1sess_150ep,443,33131,0.04941845,0.05534993,434,-0.0059314817,2.0,0.7142857142857143,1.2857142857142858,1.0,0.003171157,0.0010886379,0.0020825192,0.0,0.0,0,0
5,cycle44_subj05_margin_low_1sess_150ep,444,33171,0.04096741,0.037663277,769,0.0033041313,1.0,1.0,1.0,1.0,0.011404304,0.003298629,0.008105675,-10.0,1.0,0,1
5,cycle44_subj05_margin_low_1sess_150ep,445,33189,0.044999313,0.05405418,577,-0.009054866,4.0,0.25,2.5,2.5,0.0018518455,0.0045519397,-0.0027000941,1.0,-0.125,0,0
5,cycle44_subj05_margin_low_1sess_150ep,446,33245,0.041112285,0.05818404,182,-0.017071754,9.0,0.0,3.75,4.0,0.0014678426,0.0014361441,3.1698495e-05,2.0,0.0,0,0
5,cycle44_subj05_margin_low_1sess_150ep,447,33289,0.04379481,0.04984034,712,-0.0060455278,6.0,0.18181818181818182,2.3636363636363638,2.0,0.00062114,0.0010109581,-0.0003898181,2.0,-0.18181818181818182,0,0
5,cycle44_subj05_margin_low_1sess_150ep,448,33521,0.041338976,0.046230745,190,-0.004891768,4.0,0.7142857142857143,1.2857142857142858,1.0,0.0037826672,0.0020853654,0.0016973019,1.0,0.0,0,0
5,cycle44_subj05_margin_low_1sess_150ep,449,33543,0.04297472,0.047710948,793,-0.004736226,6.0,0.0,2.8333333333333335,2.5,-0.00071590394,-0.0023580864,0.0016421825,1.0,0.0,0,0
5,cycle44_subj05_margin_low_1sess_150ep,450,33752,0.02364383,0.032439142,486,-0.008795312,16.0,0.0,5.8,6.0,0.0010428019,-0.00017795339,0.0012207553,4.0,0.0,0,0
5,cycle44_subj05_margin_low_1sess_150ep,451,33813,0.039693117,0.048097372,414,-0.008404255,4.0,0.5,1.9,1.5,-0.0017802194,0.0018260442,-0.0036062635,1.0,-0.09999999999999998,0,0
5,cycle44_subj05_margin_low_1sess_150ep,452,33906,0.037091084,0.05047651,964,-0.013385426,9.0,0.0,4.333333333333333,4.5,-0.00078262016,0.0088103,-0.009592921,4.0,-0.16666666666666666,0,0
5,cycle44_subj05_margin_low_1sess_150ep,453,34068,0.037186146,0.044420302,514,-0.007234156,5.0,0.5,1.8,1.5,0.004820153,0.0036752373,0.0011449158,0.0,0.0,0,0
5,cycle44_subj05_margin_low_1sess_150ep,454,34080,0.046307057,0.044387452,923,0.0019196048,1.0,1.0,1.0,1.0,0.00093822926,0.004435882,-0.0034976527,0.0,0.0,0,0
5,cycle44_subj05_margin_low_1sess_150ep,455,34089,0.04861153,0.050548516,551,-0.001936987,4.0,0.6,1.7,1.0,-0.0014812723,0.003939979,-0.005421251,3.0,-0.4,1,0
5,cycle44_subj05_margin_low_1sess_150ep,456,34126,0.06059018,0.041643918,577,0.018946264,1.0,1.0,1.0,1.0,0.0013632253,0.00036728382,0.0009959415,0.0,0.0,0,0
5,cycle44_subj05_margin_low_1sess_150ep,457,34186,0.03665757,0.048678033,19,-0.012020461,6.0,0.18181818181818182,2.4545454545454546,2.0,-0.00079444796,-0.0013027377,0.0005082898,1.0,-0.18181818181818182,0,0
5,cycle44_subj05_margin_low_1sess_150ep,458,34238,0.052199863,0.042662993,714,0.00953687,1.0,1.0,1.0,1.0,0.0051724613,0.0015986674,0.003573794,0.0,0.0,0,0
5,cycle44_subj05_margin_low_1sess_150ep,459,34418,0.027756112,0.05289846,118,-0.025142347,147.0,0.0,47.75,49.0,0.0040669143,0.0058066584,-0.0017397441,-31.0,0.0,0,0
5,cycle44_subj05_margin_low_1sess_150ep,460,34603,0.045724344,0.042699873,862,0.00302447,1.0,1.0,1.0,1.0,0.0047045834,0.0049098246,-0.00020524114,0.0,0.0,0,0
5,cycle44_subj05_margin_low_1sess_150ep,461,34751,0.0624667,0.05182212,614,0.010644581,1.0,1.0,1.0,1.0,-0.00063279644,0.0004079193,-0.0010407157,0.0,0.0,0,0
5,cycle44_subj05_margin_low_1sess_150ep,462,34829,0.038020488,0.05057144,162,-0.012550954,25.0,0.0,7.5,6.0,0.0040810443,0.007357236,-0.0032761917,7.0,0.0,0,0
5,cycle44_subj05_margin_low_1sess_150ep,463,34845,0.050367426,0.047154114,976,0.0032133125,1.0,1.0,1.0,1.0,0.0030967593,0.0027203634,0.00037639588,0.0,0.0,0,0
5,cycle44_subj05_margin_low_1sess_150ep,464,34850,0.039775867,0.04522203,208,-0.005446162,2.0,0.5555555555555556,1.4444444444444444,1.0,0.0050853416,0.010691408,-0.0056060664,1.0,-0.4444444444444444,1,0
5,cycle44_subj05_margin_low_1sess_150ep,465,34874,0.03606479,0.043208063,652,-0.007143274,9.0,0.0,3.2857142857142856,3.0,0.0010667406,-0.0023090206,0.0033757612,-1.0,-0.14285714285714285,0,0
5,cycle44_subj05_margin_low_1sess_150ep,466,34975,0.03949943,0.04899333,471,-0.009493899,8.0,0.125,3.125,3.0,0.007862467,0.0016308501,0.006231617,-5.0,0.125,0,0
5,cycle44_subj05_margin_low_1sess_150ep,467,35094,0.032706194,0.0434911,997,-0.010784905,20.0,0.0,6.666666666666667,6.0,0.007235907,0.006976161,0.00025974587,2.0,0.0,0,0
5,cycle44_subj05_margin_low_1sess_150ep,468,35129,0.046045333,0.04918174,523,-0.0031364076,2.0,0.6,1.4,1.0,0.0014135577,0.001139842,0.0002737157,0.0,0.0,0,0
5,cycle44_subj05_margin_low_1sess_150ep,469,35743,0.046527144,0.048226587,343,-0.0016994439,4.0,0.3333333333333333,1.9166666666666667,2.0,-0.00040958077,0.0052004494,-0.00561003,3.0,-0.6666666666666667,1,0
5,cycle44_subj05_margin_low_1sess_150ep,470,35752,0.044135664,0.038357615,213,0.005778048,1.0,1.0,1.0,1.0,0.006266076,0.0022093728,0.0040567033,0.0,0.0,0,0
5,cycle44_subj05_margin_low_1sess_150ep,471,35790,0.061138876,0.05381576,794,0.007323116,1.0,1.0,1.0,1.0,0.0053604655,0.006179787,-0.0008193217,0.0,0.0,0,0
5,cycle44_subj05_margin_low_1sess_150ep,472,35798,0.053061966,0.047943678,680,0.005118288,1.0,1.0,1.0,1.0,0.005770333,0.003779348,0.0019909851,0.0,0.0,0,0
5,cycle44_subj05_margin_low_1sess_150ep,473,35986,0.059044916,0.037063446,559,0.02198147,1.0,1.0,1.0,1.0,0.00054559484,0.00040235743,0.00014323741,0.0,0.0,0,0
5,cycle44_subj05_margin_low_1sess_150ep,474,36067,0.039826166,0.04078824,316,-0.00096207485,2.0,0.7272727272727273,1.2727272727272727,1.0,0.0032183677,0.0017888919,0.0014294758,-1.0,0.18181818181818188,0,0
5,cycle44_subj05_margin_low_1sess_150ep,475,36258,0.04548298,0.051749818,674,-0.00626684,5.0,0.3,2.4,2.5,0.0010529906,0.0041762814,-0.0031232908,2.0,-0.10000000000000003,0,0
5,cycle44_subj05_margin_low_1sess_150ep,476,36476,0.02562178,0.04669156,567,-0.02106978,84.0,0.0,24.25,24.0,0.0012944303,0.0027462393,-0.001451809,12.0,0.0,0,0
5,cycle44_subj05_margin_low_1sess_150ep,477,36569,0.0555233,0.05374907,316,0.0017742291,1.0,1.0,1.0,1.0,0.0044766776,0.0028927177,0.0015839599,0.0,0.0,0,0
5,cycle44_subj05_margin_low_1sess_150ep,478,36576,0.023092672,0.03405329,812,-0.010960616,23.0,0.0,9.0,9.5,0.0044069085,-0.00221584,0.0066227484,-10.0,0.0,0,0
5,cycle44_subj05_margin_low_1sess_150ep,479,36623,0.0528984,0.053613704,426,-0.00071530417,2.0,0.4444444444444444,1.5555555555555556,2.0,0.0019642226,0.006824523,-0.0048603006,1.0,-0.5555555555555556,1,0
5,cycle44_subj05_margin_low_1sess_150ep,480,36629,0.045371477,0.035549,191,0.009822477,1.0,1.0,1.0,1.0,0.0073142126,0.005304016,0.0020101964,0.0,0.0,0,0
5,cycle44_subj05_margin_low_1sess_150ep,481,36682,0.051797643,0.04926109,316,0.002536554,1.0,1.0,1.0,1.0,0.0037723184,0.0062094554,-0.002437137,0.0,0.0,0,0
5,cycle44_subj05_margin_low_1sess_150ep,482,36731,0.047117475,0.045861736,541,0.0012557395,1.0,1.0,1.0,1.0,0.004801307,0.0012978055,0.0035035014,-1.0,0.16666666666666663,0,1
5,cycle44_subj05_margin_low_1sess_150ep,483,36759,0.052121047,0.054242007,493,-0.0021209605,2.0,0.7272727272727273,1.2727272727272727,1.0,0.004608091,0.006444875,-0.0018367842,0.0,0.0,0,0
5,cycle44_subj05_margin_low_1sess_150ep,484,36910,0.058330446,0.051335182,250,0.0069952644,1.0,1.0,1.0,1.0,0.0057810694,0.0032191277,0.0025619417,0.0,0.0,0,0
5,cycle44_subj05_margin_low_1sess_150ep,485,36945,0.05495265,0.042665783,674,0.012286868,1.0,1.0,1.0,1.0,0.0016492009,0.003522221,-0.0018730201,0.0,0.0,0,0
5,cycle44_subj05_margin_low_1sess_150ep,486,36974,0.054228693,0.0387086,544,0.015520092,1.0,1.0,1.0,1.0,-5.5246055e-06,-0.0005482212,0.00054269657,0.0,0.0,0,0
5,cycle44_subj05_margin_low_1sess_150ep,487,36978,0.038343325,0.0510708,322,-0.012727473,6.0,0.0,2.727272727272727,2.0,0.0006444268,0.0061495975,-0.0055051707,0.0,-0.09090909090909091,0,0
5,cycle44_subj05_margin_low_1sess_150ep,488,37059,0.047903493,0.048800685,48,-0.00089719146,3.0,0.5,1.5,1.5,0.006323643,0.0036468022,0.0026768409,0.0,0.0,0,0
5,cycle44_subj05_margin_low_1sess_150ep,489,37221,0.04127273,0.047127057,827,-0.005854327,6.0,0.25,2.375,2.0,0.001865454,0.001954075,-8.862093e-05,0.0,0.0,0,0
5,cycle44_subj05_margin_low_1sess_150ep,490,37224,0.042332266,0.040317193,125,0.0020150729,1.0,1.0,1.0,1.0,0.004362479,0.003181465,0.0011810139,0.0,0.0,0,0
5,cycle44_subj05_margin_low_1sess_150ep,491,37436,0.031854786,0.050251156,999,-0.01839637,20.0,0.0,6.375,6.5,-0.0070528425,0.0016363002,-0.008689143,18.0,-0.875,0,0
5,cycle44_subj05_margin_low_1sess_150ep,492,37494,0.040666435,0.039183136,955,0.0014832988,1.0,1.0,1.0,1.0,0.011784038,0.0016694628,0.010114575,-7.0,0.8,0,1
5,cycle44_subj05_margin_low_1sess_150ep,493,37608,0.07549044,0.05576468,64,0.019725759,1.0,1.0,1.0,1.0,0.0044084564,0.0040145144,0.000393942,0.0,0.0,0,0
5,cycle44_subj05_margin_low_1sess_150ep,494,37736,0.03249882,0.05148275,48,-0.018983927,36.0,0.0,11.2,11.5,0.005654812,0.004117448,0.001537364,-24.0,0.0,0,0
5,cycle44_subj05_margin_low_1sess_150ep,495,37801,0.049491942,0.04252185,90,0.0069700927,1.0,1.0,1.0,1.0,-0.0029063448,-0.00036419928,-0.0025421456,0.0,0.0,0,0
5,cycle44_subj05_margin_low_1sess_150ep,496,37927,0.038301487,0.039395873,590,-0.001094386,3.0,0.36363636363636365,1.8181818181818181,2.0,0.004403293,0.0033251084,0.0010781847,1.0,-0.18181818181818177,0,0
5,cycle44_subj05_margin_low_1sess_150ep,497,38022,0.04021271,0.047358897,250,-0.007146187,5.0,0.2,3.0,3.0,-0.0012048967,0.0025638044,-0.003768701,3.0,0.0,0,0
5,cycle44_subj05_margin_low_1sess_150ep,498,38025,0.035379313,0.052952584,777,-0.017573271,21.0,0.0,6.9,6.5,0.0026634373,-0.0010490753,0.0037125126,-9.0,0.0,0,0
5,cycle44_subj05_margin_low_1sess_150ep,499,38060,0.05041022,0.052392025,250,-0.001981806,2.0,0.7272727272727273,1.2727272727272727,1.0,-0.0017301403,0.0050524846,-0.006782625,1.0,-0.2727272727272727,1,0
5,cycle44_subj05_margin_low_1sess_150ep,500,38246,0.052697144,0.052759636,680,-6.2491745e-05,2.0,0.8,1.2,1.0,0.0018769652,0.005966127,-0.0040891618,1.0,-0.19999999999999996,1,0
5,cycle44_subj05_margin_low_1sess_150ep,501,38278,0.04638988,0.039414708,731,0.006975174,1.0,1.0,1.0,1.0,-0.0035808086,-0.0003618598,-0.0032189488,0.0,0.0,0,0
5,cycle44_subj05_margin_low_1sess_150ep,502,38297,0.04014549,0.04986497,48,-0.00971948,11.0,0.09090909090909091,4.090909090909091,5.0,0.0048464984,0.0062634237,-0.0014169253,-2.0,0.09090909090909091,0,0
5,cycle44_subj05_margin_low_1sess_150ep,503,38310,0.043832563,0.04477935,191,-0.00094678625,2.0,0.7777777777777778,1.2222222222222223,1.0,0.0021108724,0.004886795,-0.0027759224,1.0,-0.2222222222222222,1,0
5,cycle44_subj05_margin_low_1sess_150ep,504,38358,0.064603634,0.056202315,714,0.008401319,1.0,1.0,1.0,1.0,0.0022260286,0.0015862733,0.0006397553,0.0,0.0,0,0
5,cycle44_subj05_margin_low_1sess_150ep,505,38483,0.029358307,0.040337544,227,-0.010979237,42.0,0.0,11.833333333333334,12.0,2.3869798e-05,-0.00062122196,0.00064509176,10.0,0.0,0,0
5,cycle44_subj05_margin_low_1sess_150ep,506,38486,0.04157629,0.0374232,796,0.0041530877,1.0,1.0,1.0,1.0,-0.005078152,0.0021065809,-0.0071847327,0.0,0.0,0,0
5,cycle44_subj05_margin_low_1sess_150ep,507,38494,0.049707405,0.042829055,16,0.00687835,1.0,1.0,1.0,1.0,-0.0008360483,-0.002158288,0.0013222396,0.0,0.0,0,0
5,cycle44_subj05_margin_low_1sess_150ep,508,38641,0.034592584,0.051835462,78,-0.017242879,22.0,0.0,7.333333333333333,7.0,-0.00071142614,0.0045007467,-0.005212173,7.0,0.0,0,0
5,cycle44_subj05_margin_low_1sess_150ep,509,38794,0.05253007,0.049476977,818,0.0030530915,1.0,1.0,1.0,1.0,0.0062424317,0.0050917044,0.0011507273,0.0,0.0,0,0
5,cycle44_subj05_margin_low_1sess_150ep,510,38817,0.04877407,0.03921688,250,0.009557191,1.0,1.0,1.0,1.0,-0.0025054999,0.0034811348,-0.0059866346,0.0,0.0,0,0
5,cycle44_subj05_margin_low_1sess_150ep,511,38829,0.042938925,0.05357408,828,-0.010635156,7.0,0.1111111111111111,3.111111111111111,3.0,-9.8742545e-05,0.0038203672,-0.0039191097,0.0,0.0,0,0
5,cycle44_subj05_margin_low_1sess_150ep,512,38853,0.05879267,0.050541542,403,0.008251127,1.0,1.0,1.0,1.0,0.0014644451,0.0040100478,-0.0025456026,0.0,0.0,0,0
5,cycle44_subj05_margin_low_1sess_150ep,513,38978,0.03014561,0.043246802,447,-0.013101192,17.0,0.0,5.923076923076923,6.0,-0.0005052071,9.24021e-05,-0.0005976092,9.0,-0.07692307692307693,0,0
5,cycle44_subj05_margin_low_1sess_150ep,514,39047,0.060264364,0.047488302,885,0.012776062,1.0,1.0,1.0,1.0,0.00932562,0.007997144,0.0013284758,0.0,0.0,0,0
5,cycle44_subj05_margin_low_1sess_150ep,515,39058,0.037265725,0.049456652,306,-0.012190927,27.0,0.0,10.0,11.0,0.0006544888,0.005576536,-0.0049220473,18.0,0.0,0,0
5,cycle44_subj05_margin_low_1sess_150ep,516,39095,0.0627456,0.050881464,191,0.011864137,1.0,1.0,1.0,1.0,0.008264311,0.0024143606,0.00584995,0.0,0.0,0,0
5,cycle44_subj05_margin_low_1sess_150ep,517,39289,0.0192201,0.05232502,715,-0.03310492,181.0,0.0,55.5,55.5,-0.0008435752,0.0018208735,-0.0026644468,30.0,0.0,0,0
5,cycle44_subj05_margin_low_1sess_150ep,518,39298,0.052681237,0.04349714,999,0.009184096,1.0,1.0,1.0,1.0,-0.0052479357,0.0052607507,-0.010508686,0.0,0.0,0,0
5,cycle44_subj05_margin_low_1sess_150ep,519,39369,0.046414115,0.043021083,93,0.0033930317,1.0,1.0,1.0,1.0,-0.0014839955,0.0028958768,-0.004379872,0.0,0.0,0,0
5,cycle44_subj05_margin_low_1sess_150ep,520,39402,0.042001825,0.03817226,322,0.003829565,1.0,1.0,1.0,1.0,-0.0008352883,-0.0029407293,0.002105441,0.0,0.0,0,0
5,cycle44_subj05_margin_low_1sess_150ep,521,39509,0.04764233,0.04846701,865,-0.0008246787,3.0,0.1111111111111111,2.111111111111111,2.0,0.0015947782,0.0026053824,-0.0010106042,2.0,-0.8888888888888888,1,0
5,cycle44_subj05_margin_low_1sess_150ep,522,39547,0.046779256,0.045093477,365,0.0016857795,1.0,1.0,1.0,1.0,0.0029177777,0.0034715384,-0.0005537607,0.0,0.0,0,0
5,cycle44_subj05_margin_low_1sess_150ep,523,39553,0.05430665,0.053628925,621,0.00067772344,1.0,1.0,1.0,1.0,-0.0031992458,0.0076470934,-0.010846339,0.0,0.0,0,0
5,cycle44_subj05_margin_low_1sess_150ep,524,39841,0.0564711,0.052512538,227,0.0039585605,1.0,1.0,1.0,1.0,0.0046644993,0.0029006638,0.0017638355,0.0,0.0,0,0
5,cycle44_subj05_margin_low_1sess_150ep,525,39997,0.051727604,0.048927713,375,0.002799891,1.0,1.0,1.0,1.0,0.0027726516,0.0044015422,-0.0016288906,0.0,0.0,0,0
5,cycle44_subj05_margin_low_1sess_150ep,526,40153,0.055456102,0.055043243,426,0.00041285902,1.0,1.0,1.0,1.0,0.0010000728,0.00175298,-0.00075290725,0.0,0.0,0,0
5,cycle44_subj05_margin_low_1sess_150ep,527,40235,0.033350956,0.03978769,765,-0.0064367354,8.0,0.0,4.25,4.0,-0.0024055466,-0.0045372434,0.0021316968,2.0,0.0,0,0
5,cycle44_subj05_margin_low_1sess_150ep,528,40423,0.050949663,0.039479643,463,0.01147002,1.0,1.0,1.0,1.0,0.004123479,-0.0005264059,0.004649885,0.0,0.0,0,0
5,cycle44_subj05_margin_low_1sess_150ep,529,40548,0.05224698,0.051958755,743,0.0002882257,1.0,1.0,1.0,1.0,0.002159249,0.00085542724,0.0013038218,-1.0,0.125,0,1
5,cycle44_subj05_margin_low_1sess_150ep,530,40575,0.053182933,0.038379747,748,0.014803186,1.0,1.0,1.0,1.0,-0.0017161407,0.002584882,-0.0043010227,0.0,0.0,0,0
5,cycle44_subj05_margin_low_1sess_150ep,531,40721,0.04265197,0.049906656,614,-0.007254686,4.0,0.25,2.25,2.0,0.0060788505,0.0021278039,0.0039510466,-3.0,0.0,0,0
5,cycle44_subj05_margin_low_1sess_150ep,532,40770,0.050856907,0.041903462,471,0.008953445,1.0,1.0,1.0,1.0,0.004049644,0.002105482,0.001944162,0.0,0.0,0,0
5,cycle44_subj05_margin_low_1sess_150ep,533,40840,0.040887214,0.047632944,413,-0.0067457296,11.0,0.0,4.461538461538462,4.0,0.0009508692,0.004791215,-0.003840346,7.0,-0.3076923076923077,0,0
5,cycle44_subj05_margin_low_1sess_150ep,534,40846,0.05706572,0.05119553,171,0.0058701932,1.0,1.0,1.0,1.0,0.001547724,0.006224919,-0.004677195,0.0,0.0,0,0
5,cycle44_subj05_margin_low_1sess_150ep,535,40909,0.05286609,0.04197494,652,0.010891151,1.0,1.0,1.0,1.0,0.0041456595,0.0014922395,0.00265342,0.0,0.0,0,0
5,cycle44_subj05_margin_low_1sess_150ep,536,40920,0.04172683,0.041376602,830,0.00035022944,1.0,1.0,1.0,1.0,-0.0028283112,-0.0013227686,-0.0015055425,0.0,0.0,0,0
5,cycle44_subj05_margin_low_1sess_150ep,537,40924,0.045538705,0.046122946,57,-0.000584241,2.0,0.5714285714285714,1.4285714285714286,1.0,-0.0004351586,0.0008628331,-0.0012979917,1.0,-0.4285714285714286,1,0
5,cycle44_subj05_margin_low_1sess_150ep,538,40935,0.03570601,0.04264651,814,-0.006940499,4.0,0.09090909090909091,2.5454545454545454,2.0,0.007317852,0.0042630173,0.003054835,-13.0,0.09090909090909091,0,0
5,cycle44_subj05_margin_low_1sess_150ep,539,40979,0.034257405,0.05109003,426,-0.016832627,27.0,0.0,8.875,9.0,0.0032160617,0.0033289194,-0.00011285767,10.0,0.0,0,0
5,cycle44_subj05_margin_low_1sess_150ep,540,41056,0.050640177,0.04801373,94,0.0026264451,1.0,1.0,1.0,1.0,0.0027540736,0.0019277371,0.00082633644,0.0,0.0,0,0
5,cycle44_subj05_margin_low_1sess_150ep,541,41097,0.055349138,0.04958497,70,0.0057641678,1.0,1.0,1.0,1.0,0.003974337,0.0035587624,0.00041557476,0.0,0.0,0,0
5,cycle44_subj05_margin_low_1sess_150ep,542,41116,0.034067236,0.051220242,743,-0.017153006,13.0,0.14285714285714285,4.0,4.0,0.0031985324,0.0051703826,-0.0019718502,-6.0,0.14285714285714285,0,0
5,cycle44_subj05_margin_low_1sess_150ep,543,41137,0.059126057,0.042747356,272,0.0163787,1.0,1.0,1.0,1.0,0.0020330474,8.664653e-05,0.0019464009,0.0,0.0,0,0
5,cycle44_subj05_margin_low_1sess_150ep,544,41162,0.034962133,0.038816955,241,-0.0038548224,5.0,0.125,2.0,2.0,0.0002966486,0.002206739,-0.0019100904,2.0,-0.5,0,0
5,cycle44_subj05_margin_low_1sess_150ep,545,41482,0.027731562,0.046991397,648,-0.019259835,25.0,0.0,9.0,9.0,-0.00068042614,0.0069032684,-0.0075836945,15.0,-0.1,0,0
5,cycle44_subj05_margin_low_1sess_150ep,546,41566,0.032925773,0.040752236,421,-0.007826462,17.0,0.0,5.5,5.0,0.0074980594,-4.497543e-05,0.007543035,-23.0,0.0,0,0
5,cycle44_subj05_margin_low_1sess_150ep,547,41574,0.051973775,0.04421536,341,0.0077584162,1.0,1.0,1.0,1.0,0.00042131916,0.004173152,-0.003751833,0.0,0.0,0,0
5,cycle44_subj05_margin_low_1sess_150ep,548,41623,0.03441429,0.037190847,487,-0.0027765557,4.0,0.4444444444444444,1.6666666666666667,2.0,0.0035832357,0.00335221,0.00023102574,-1.0,0.1111111111111111,0,0
5,cycle44_subj05_margin_low_1sess_150ep,549,41653,0.04479663,0.039633155,793,0.005163476,1.0,1.0,1.0,1.0,0.0049033314,-0.00055478513,0.0054581165,-1.0,0.4285714285714286,0,1
5,cycle44_subj05_margin_low_1sess_150ep,550,41710,0.039381206,0.04620518,530,-0.0068239756,3.0,0.4166666666666667,1.5833333333333333,2.0,-0.003396012,0.001643803,-0.005039815,1.0,-0.24999999999999994,0,0
5,cycle44_subj05_margin_low_1sess_150ep,551,41778,0.04131169,0.041763812,171,-0.00045212358,3.0,0.5,1.5,1.5,0.003700249,-0.00017265603,0.003872905,-1.0,0.125,0,0
5,cycle44_subj05_margin_low_1sess_150ep,552,41814,0.051029224,0.044239957,590,0.006789267,1.0,1.0,1.0,1.0,0.000943467,0.0022968054,-0.0013533384,0.0,0.0,0,0
5,cycle44_subj05_margin_low_1sess_150ep,553,41927,0.040145624,0.047451116,70,-0.0073054917,6.0,0.0,3.0,3.0,0.00023677945,0.000571724,-0.00033494458,-1.0,0.0,0,0
5,cycle44_subj05_margin_low_1sess_150ep,554,41934,0.06267729,0.03923298,793,0.023444306,1.0,1.0,1.0,1.0,0.005432807,0.0036846772,0.0017481297,0.0,0.0,0,0
5,cycle44_subj05_margin_low_1sess_150ep,555,42007,0.04048552,0.058319233,990,-0.017833713,7.0,0.2,2.4,2.5,0.00090724975,0.0034025796,-0.0024953298,-2.0,0.1,0,0
5,cycle44_subj05_margin_low_1sess_150ep,556,42126,0.057106864,0.0503179,765,0.0067889653,1.0,1.0,1.0,1.0,-0.0047645383,-0.0045654103,-0.00019912794,0.0,0.0,0,0
5,cycle44_subj05_margin_low_1sess_150ep,557,42166,0.058007155,0.057480283,964,0.00052687153,1.0,1.0,1.0,1.0,0.0036301874,0.0066594295,-0.0030292422,0.0,0.0,0,0
5,cycle44_subj05_margin_low_1sess_150ep,558,42171,0.05620173,0.03321199,934,0.022989739,1.0,1.0,1.0,1.0,0.0018638596,-0.0011875927,0.0030514523,0.0,0.0,0,0
5,cycle44_subj05_margin_low_1sess_150ep,559,42214,0.053731605,0.041230462,756,0.012501143,1.0,1.0,1.0,1.0,0.0014564022,-0.0013611913,0.0028175935,0.0,0.0,0,0
5,cycle44_subj05_margin_low_1sess_150ep,560,42224,0.044210155,0.049807545,141,-0.0055973902,3.0,0.5,1.75,1.5,-0.0030469783,0.0055322014,-0.00857918,2.0,-0.5,1,0
5,cycle44_subj05_margin_low_1sess_150ep,561,42238,0.03749211,0.044471383,195,-0.006979272,2.0,1.0,1.0,1.0,-0.004416935,0.0033622533,-0.0077791885,1.0,0.0,1,0
5,cycle44_subj05_margin_low_1sess_150ep,562,42299,0.05252454,0.05620129,187,-0.0036767498,3.0,0.42857142857142855,1.7142857142857142,2.0,-2.8438866e-05,-0.003509216,0.0034807771,0.0,0.0,0,0
5,cycle44_subj05_margin_low_1sess_150ep,563,42473,0.04259263,0.048645355,680,-0.006052725,4.0,0.5,1.5,1.5,-0.0012754649,0.006342519,-0.007617984,3.0,-0.5,1,0
5,cycle44_subj05_margin_low_1sess_150ep,564,42563,0.051760677,0.04276806,57,0.008992616,1.0,1.0,1.0,1.0,0.008075569,0.0045933165,0.0034822524,0.0,0.0,0,0
5,cycle44_subj05_margin_low_1sess_150ep,565,42642,0.029730996,0.04657841,413,-0.016847415,37.0,0.0,11.733333333333333,12.0,-0.0011611897,0.004600689,-0.0057618786,20.0,0.0,0,0
5,cycle44_subj05_margin_low_1sess_150ep,566,42648,0.0273194,0.04811129,911,-0.02079189,80.0,0.0,25.625,25.5,0.004462067,0.00081465766,0.0036474094,-45.0,0.0,0,0
5,cycle44_subj05_margin_low_1sess_150ep,567,42697,0.04908451,0.051354263,706,-0.0022697523,2.0,0.5555555555555556,1.4444444444444444,1.0,0.003699191,0.0048875622,-0.0011883713,0.0,0.0,0,0
5,cycle44_subj05_margin_low_1sess_150ep,568,42781,0.026192147,0.03825167,827,-0.012059521,16.0,0.0,5.5,5.5,0.0072081313,0.0038982779,0.0033098534,-30.0,0.0,0,0
5,cycle44_subj05_margin_low_1sess_150ep,569,42851,0.053955883,0.045127284,610,0.008828599,1.0,1.0,1.0,1.0,0.004058294,-6.3478947e-06,0.004064642,0.0,0.0,0,0
5,cycle44_subj05_margin_low_1sess_150ep,570,42912,0.038631253,0.04608867,947,-0.0074574165,7.0,0.2222222222222222,3.111111111111111,3.0,0.0034248382,0.00068804994,0.0027367882,3.0,-0.2222222222222222,0,0
5,cycle44_subj05_margin_low_1sess_150ep,571,42946,0.044554338,0.054797653,341,-0.010243315,12.0,0.0,4.222222222222222,4.0,-0.0015651472,0.0008364953,-0.0024016425,1.0,0.0,0,0
5,cycle44_subj05_margin_low_1sess_150ep,572,42980,0.051514592,0.037892256,163,0.013622336,1.0,1.0,1.0,1.0,0.0027408972,0.0015896186,0.0011512786,0.0,0.0,0,0
5,cycle44_subj05_margin_low_1sess_150ep,573,43107,0.03177197,0.049551744,590,-0.017779775,8.0,0.0,3.4,4.0,-0.002574984,0.0008396022,-0.0034145862,2.0,0.0,0,0
5,cycle44_subj05_margin_low_1sess_150ep,574,43156,0.04487174,0.04055455,163,0.0043171905,1.0,1.0,1.0,1.0,0.0036430769,0.0034857541,0.00015732273,0.0,0.0,0,0
5,cycle44_subj05_margin_low_1sess_150ep,575,43157,0.05377565,0.042955674,694,0.010819975,1.0,1.0,1.0,1.0,0.0051554963,-0.0028177164,0.007973213,0.0,0.0,0,0
5,cycle44_subj05_margin_low_1sess_150ep,576,43159,0.04839784,0.038359907,591,0.010037933,1.0,1.0,1.0,1.0,0.008891378,0.003290534,0.0056008436,0.0,0.0,0,0
5,cycle44_subj05_margin_low_1sess_150ep,577,43164,0.053694475,0.043969125,394,0.009725351,1.0,1.0,1.0,1.0,0.008861814,0.005562946,0.0032988675,0.0,0.0,0,0
5,cycle44_subj05_margin_low_1sess_150ep,578,43224,0.03712788,0.044729378,159,-0.0076014996,5.0,0.3333333333333333,2.0833333333333335,2.0,-0.0017909072,0.0040415525,-0.00583246,1.0,0.0,0,0
5,cycle44_subj05_margin_low_1sess_150ep,579,43250,0.036452208,0.050504223,5,-0.014052015,14.0,0.0,5.818181818181818,6.0,-0.0014452375,0.0009679161,-0.0024131536,4.0,0.0,0,0
5,cycle44_subj05_margin_low_1sess_150ep,580,43288,0.040827636,0.032741893,982,0.008085743,1.0,1.0,1.0,1.0,0.0064137913,0.0013558157,0.0050579756,0.0,0.0,0,0
5,cycle44_subj05_margin_low_1sess_150ep,581,43428,0.041567035,0.04775701,674,-0.006189976,4.0,0.2,1.8,2.0,0.0036875755,0.0033989549,0.0002886206,-1.0,-0.2,0,0
5,cycle44_subj05_margin_low_1sess_150ep,582,43429,0.058814768,0.045680407,765,0.01313436,1.0,1.0,1.0,1.0,-0.0021659285,0.0020439997,-0.004209928,0.0,0.0,0,0
5,cycle44_subj05_margin_low_1sess_150ep,583,43445,0.05157828,0.04740603,847,0.0041722506,1.0,1.0,1.0,1.0,0.004619129,-0.0013424531,0.005961582,-1.0,0.125,0,1
5,cycle44_subj05_margin_low_1sess_150ep,584,43465,0.040672604,0.04794563,777,-0.007273026,9.0,0.0,2.8,3.0,0.0045676604,0.0013509989,0.0032166615,-1.0,0.0,0,0
5,cycle44_subj05_margin_low_1sess_150ep,585,43500,0.04771557,0.04954935,714,-0.0018337779,2.0,0.8333333333333334,1.1666666666666667,1.0,0.0024444833,0.005581271,-0.0031367876,1.0,-0.16666666666666663,1,0
5,cycle44_subj05_margin_low_1sess_150ep,586,43619,0.049389638,0.044793997,695,0.004595641,1.0,1.0,1.0,1.0,0.0010645799,0.0008437522,0.00022082776,0.0,0.0,0,0
5,cycle44_subj05_margin_low_1sess_150ep,587,43675,0.045667835,0.043252423,652,0.0024154112,1.0,1.0,1.0,1.0,-0.00094521046,-0.0015683547,0.0006231442,0.0,0.0,0,0
5,cycle44_subj05_margin_low_1sess_150ep,588,43689,0.04776702,0.046198413,163,0.001568608,1.0,1.0,1.0,1.0,0.0031058528,0.006328918,-0.0032230653,0.0,0.0,0,0
5,cycle44_subj05_margin_low_1sess_150ep,589,43746,0.04968555,0.050938208,468,-0.0012526587,4.0,0.3333333333333333,2.0,2.0,0.005000949,0.0028062686,0.0021946803,-2.0,0.3333333333333333,0,0
5,cycle44_subj05_margin_low_1sess_150ep,590,43818,0.06516187,0.03862867,791,0.026533198,1.0,1.0,1.0,1.0,0.003989663,0.005437169,-0.0014475062,0.0,0.0,0,0
5,cycle44_subj05_margin_low_1sess_150ep,591,43820,0.06377781,0.051141053,801,0.012636758,1.0,1.0,1.0,1.0,-0.002189368,-0.0019965805,-0.0001927875,0.0,0.0,0,0
5,cycle44_subj05_margin_low_1sess_150ep,592,43852,0.028821506,0.037459034,551,-0.008637529,15.0,0.0,5.153846153846154,5.0,0.004730966,-0.0012850948,0.0060160607,-9.0,0.0,0,0
5,cycle44_subj05_margin_low_1sess_150ep,593,43950,0.049984463,0.046697285,651,0.0032871775,1.0,1.0,1.0,1.0,0.004160106,0.0052155815,-0.0010554753,0.0,0.0,0,0
5,cycle44_subj05_margin_low_1sess_150ep,594,43984,0.046995535,0.0398701,11,0.0071254373,1.0,1.0,1.0,1.0,0.005980268,0.00380601,0.0021742582,0.0,0.0,0,0
5,cycle44_subj05_margin_low_1sess_150ep,595,44052,0.060148496,0.04273683,80,0.017411668,1.0,1.0,1.0,1.0,-0.0025874637,-0.0021436512,-0.00044381246,0.0,0.0,0,0
5,cycle44_subj05_margin_low_1sess_150ep,596,44097,0.043462474,0.05423534,680,-0.010772865,5.0,0.25,2.375,2.0,-0.003060501,0.0053685457,-0.008429047,2.0,0.0,0,0
5,cycle44_subj05_margin_low_1sess_150ep,597,44107,0.024339693,0.034103654,128,-0.009763962,5.0,0.125,2.5,2.5,0.00090442784,-0.0025830753,0.0034875032,-2.0,0.125,0,0
5,cycle44_subj05_margin_low_1sess_150ep,598,44138,0.0495736,0.04770028,717,0.0018733218,1.0,1.0,1.0,1.0,0.0034560598,-0.0021523312,0.005608391,-2.0,0.30000000000000004,0,1
5,cycle44_subj05_margin_low_1sess_150ep,599,44144,0.030709762,0.045967016,5,-0.015257254,29.0,0.0,10.875,11.5,-0.0027660318,-0.0038456284,0.0010795966,9.0,0.0,0,0
5,cycle44_subj05_margin_low_1sess_150ep,600,44184,0.022952793,0.038033176,375,-0.015080383,65.0,0.0,18.88888888888889,18.0,-0.0013926867,0.0019183047,-0.0033109915,15.0,0.0,0,0
5,cycle44_subj05_margin_low_1sess_150ep,601,44324,0.05779977,0.04664639,141,0.011153381,1.0,1.0,1.0,1.0,0.010780644,0.008402616,0.002378028,0.0,0.0,0,0
5,cycle44_subj05_margin_low_1sess_150ep,602,44339,0.043146953,0.03821469,545,0.004932262,1.0,1.0,1.0,1.0,0.00017925352,-0.0017918982,0.0019711517,0.0,0.0,0,0
5,cycle44_subj05_margin_low_1sess_150ep,603,44369,0.035066888,0.050642658,934,-0.01557577,13.0,0.0,4.625,5.0,0.004340371,0.0051177107,-0.00077733956,-10.0,0.0,0,0
5,cycle44_subj05_margin_low_1sess_150ep,604,44412,0.044235647,0.043847978,160,0.0003876686,1.0,1.0,1.0,1.0,0.0032530539,0.003984995,-0.0007319413,0.0,0.0,0,0
5,cycle44_subj05_margin_low_1sess_150ep,605,44705,0.029163918,0.056448553,48,-0.027284635,79.0,0.0,23.9,22.5,0.0033838581,0.0022205897,0.0011632685,-8.0,0.0,0,0
5,cycle44_subj05_margin_low_1sess_150ep,606,44720,0.051880464,0.04213349,162,0.0097469725,1.0,1.0,1.0,1.0,-0.00042925403,0.0024070144,-0.0028362684,0.0,0.0,0,0
5,cycle44_subj05_margin_low_1sess_150ep,607,44729,0.040137533,0.06593486,591,-0.025797326,18.0,0.0,5.8,5.0,0.00094740465,0.0032102764,-0.0022628717,7.0,0.0,0,0
5,cycle44_subj05_margin_low_1sess_150ep,608,44736,0.038326465,0.04677297,876,-0.008446507,9.0,0.0,3.6,3.5,-0.0013846382,0.0009912923,-0.0023759305,1.0,-0.1,0,0
5,cycle44_subj05_margin_low_1sess_150ep,609,44844,0.0589174,0.052835118,679,0.0060822815,1.0,1.0,1.0,1.0,0.005411878,0.008636121,-0.0032242425,0.0,0.0,0,0
5,cycle44_subj05_margin_low_1sess_150ep,610,44971,0.01886171,0.049309045,590,-0.030447336,317.0,0.0,96.81818181818181,95.0,0.0047673797,-0.00022211298,0.004989492,25.0,0.0,0,0
5,cycle44_subj05_margin_low_1sess_150ep,611,44980,0.036998495,0.030589458,590,0.006409038,1.0,1.0,1.0,1.0,0.0009403005,0.0022758748,-0.0013355743,0.0,0.0,0,0
5,cycle44_subj05_margin_low_1sess_150ep,612,45129,0.047013603,0.047298957,468,-0.0002853535,2.0,0.6923076923076923,1.3076923076923077,1.0,0.0065571815,0.0039589405,0.002598241,0.0,0.07692307692307687,0,0
5,cycle44_subj05_margin_low_1sess_150ep,613,45213,0.038675584,0.0433452,443,-0.004669618,5.0,0.3333333333333333,2.3333333333333335,3.0,0.0044900514,0.0014914237,0.0029986277,0.0,0.0,0,0
5,cycle44_subj05_margin_low_1sess_150ep,614,45356,0.07173572,0.04073261,341,0.031003106,1.0,1.0,1.0,1.0,-0.0008547604,-0.001133386,0.00027862564,0.0,0.0,0,0
5,cycle44_subj05_margin_low_1sess_150ep,615,45595,0.013312329,0.021577006,559,-0.008264678,13.0,0.09090909090909091,3.8181818181818183,3.0,-0.0038989503,-0.0073730107,0.0034740604,5.0,-0.09090909090909091,0,0
5,cycle44_subj05_margin_low_1sess_150ep,616,45632,0.050722197,0.05242328,159,-0.001701083,3.0,0.625,1.5,1.0,0.008499015,0.0035156198,0.0049833953,0.0,0.0,0,0
5,cycle44_subj05_margin_low_1sess_150ep,617,45746,0.028439268,0.04392662,208,-0.0154873505,45.0,0.0,15.4,15.0,0.0037859175,0.005162973,-0.0013770554,3.0,0.0,0,0
5,cycle44_subj05_margin_low_1sess_150ep,618,45750,0.023078056,0.04457787,43,-0.021499814,89.0,0.0,28.571428571428573,28.0,0.001532359,0.006077379,-0.00454502,32.0,0.0,0,0
5,cycle44_subj05_margin_low_1sess_150ep,619,45837,0.028213084,0.04279478,584,-0.014581695,46.0,0.0,16.125,16.5,-0.005295351,-0.0015073493,-0.0037880018,35.0,0.0,0,0
5,cycle44_subj05_margin_low_1sess_150ep,620,45843,0.029659722,0.041735318,873,-0.012075596,19.0,0.0,4.333333333333333,5.0,-0.000322802,-4.5422465e-05,-0.00027737953,2.0,0.0,0,0
5,cycle44_subj05_margin_low_1sess_150ep,621,45945,0.03446252,0.04415547,524,-0.009692952,18.0,0.0,6.625,6.0,0.0064128414,0.0032425001,0.0031703413,-16.0,0.0,0,0
5,cycle44_subj05_margin_low_1sess_150ep,622,45981,0.037791353,0.04505504,191,-0.0072636865,6.0,0.0,2.4444444444444446,2.0,0.0030908845,0.001818303,0.0012725815,1.0,-0.1111111111111111,0,0
5,cycle44_subj05_margin_low_1sess_150ep,623,45982,0.041962896,0.04851805,301,-0.006555155,5.0,0.36363636363636365,1.9090909090909092,2.0,0.007009443,0.002050005,0.004959438,-6.0,0.36363636363636365,0,0
5,cycle44_subj05_margin_low_1sess_150ep,624,45999,0.054072395,0.048448436,680,0.005623959,1.0,1.0,1.0,1.0,0.009030841,0.0020310022,0.006999839,-1.0,0.0,0,1
5,cycle44_subj05_margin_low_1sess_150ep,625,46002,0.03892033,0.04722065,523,-0.008300319,3.0,0.42857142857142855,1.7142857142857142,2.0,0.0010411441,-0.0010855421,0.0021266863,1.0,-0.14285714285714285,0,0
5,cycle44_subj05_margin_low_1sess_150ep,626,46036,0.057304926,0.058499943,2,-0.0011950172,2.0,0.625,1.375,1.0,0.00040087104,0.001373075,-0.0009722039,0.0,0.0,0,0
5,cycle44_subj05_margin_low_1sess_150ep,627,46101,0.043287583,0.052253034,801,-0.008965451,6.0,0.42857142857142855,1.7142857142857142,2.0,0.0004323274,0.0056670234,-0.005234696,1.0,-0.14285714285714285,0,0
5,cycle44_subj05_margin_low_1sess_150ep,628,46136,0.018504592,0.04134097,847,-0.022836378,41.0,0.0,14.142857142857142,14.0,-0.0031193215,-0.0005594678,-0.0025598537,5.0,0.0,0,0
5,cycle44_subj05_margin_low_1sess_150ep,629,46150,0.042623796,0.045992512,794,-0.0033687167,3.0,0.625,1.5,1.0,0.006789904,0.0041988865,0.0025910176,0.0,0.0,0,0
5,cycle44_subj05_margin_low_1sess_150ep,630,46160,0.058491856,0.04538235,15,0.013109505,1.0,1.0,1.0,1.0,-0.0009053089,-0.0012727976,0.0003674887,0.0,0.0,0,0
5,cycle44_subj05_margin_low_1sess_150ep,631,46274,0.046349928,0.05040662,4,-0.004056692,3.0,0.3333333333333333,1.7777777777777777,2.0,0.00013213605,0.0023184493,-0.0021863133,1.0,-0.3333333333333333,0,0
5,cycle44_subj05_margin_low_1sess_150ep,632,46321,0.049927678,0.041736793,403,0.008190885,1.0,1.0,1.0,1.0,-0.00028933957,0.0017718598,-0.0020611994,0.0,0.0,0,0
5,cycle44_subj05_margin_low_1sess_150ep,633,46372,0.039391097,0.05149967,914,-0.012108572,14.0,0.0,5.555555555555555,5.0,0.0009893887,0.0025665388,-0.0015771501,1.0,0.0,0,0
5,cycle44_subj05_margin_low_1sess_150ep,634,46380,0.05330736,0.052875977,524,0.00043138117,1.0,1.0,1.0,1.0,0.0037395395,0.0052890703,-0.0015495308,0.0,0.0,0,0
5,cycle44_subj05_margin_low_1sess_150ep,635,46460,0.056729153,0.055473477,954,0.0012556762,1.0,1.0,1.0,1.0,0.0038369484,-0.003875181,0.0077121295,-1.0,0.4444444444444444,0,1
5,cycle44_subj05_margin_low_1sess_150ep,636,46462,0.05353461,0.04782998,471,0.00570463,1.0,1.0,1.0,1.0,0.000579115,0.0011691116,-0.0005899966,0.0,0.0,0,0
5,cycle44_subj05_margin_low_1sess_150ep,637,46480,0.053252492,0.049916957,714,0.0033355355,1.0,1.0,1.0,1.0,-0.0016379431,0.0023403615,-0.0039783046,0.0,0.0,0,0
5,cycle44_subj05_margin_low_1sess_150ep,638,46523,0.046122763,0.053608935,674,-0.007486172,2.0,0.7,1.3,1.0,0.0012010261,0.0029386356,-0.0017376095,-1.0,0.19999999999999996,0,0
5,cycle44_subj05_margin_low_1sess_150ep,639,46642,0.052073807,0.053547252,906,-0.0014734454,2.0,0.75,1.25,1.0,0.0010589547,0.0047852136,-0.0037262589,1.0,-0.25,1,0
5,cycle44_subj05_margin_low_1sess_150ep,640,46661,0.039503057,0.043591004,61,-0.0040879473,4.0,0.3076923076923077,1.6923076923076923,2.0,0.005534105,0.0040895864,0.0014445186,-1.0,0.15384615384615385,0,0
5,cycle44_subj05_margin_low_1sess_150ep,641,46806,0.04202091,0.05535619,652,-0.01333528,22.0,0.0,7.285714285714286,7.0,0.0029401705,0.0009401776,0.0019999929,-5.0,0.0,0,0
5,cycle44_subj05_margin_low_1sess_150ep,642,46835,0.046763353,0.041816972,518,0.004946381,1.0,1.0,1.0,1.0,0.005912978,0.0015138462,0.004399132,0.0,0.0,0,0
5,cycle44_subj05_margin_low_1sess_150ep,643,46861,0.050952785,0.033732288,297,0.017220497,1.0,1.0,1.0,1.0,0.0014945269,0.00020575896,0.0012887679,0.0,0.0,0,0
5,cycle44_subj05_margin_low_1sess_150ep,644,47033,0.033600565,0.05220811,745,-0.018607546,9.0,0.0,3.8461538461538463,4.0,0.0007386394,0.0011256561,-0.00038701668,-1.0,-0.07692307692307693,0,0
5,cycle44_subj05_margin_low_1sess_150ep,645,47070,0.0406434,0.053752936,778,-0.013109535,5.0,0.0,2.7777777777777777,3.0,0.0035775006,-0.0027384497,0.0063159503,-2.0,0.0,0,0
5,cycle44_subj05_margin_low_1sess_150ep,646,47099,0.04821326,0.03797521,947,0.010238048,1.0,1.0,1.0,1.0,0.006439034,-0.00058886036,0.0070278943,0.0,0.0,0,0
5,cycle44_subj05_margin_low_1sess_150ep,647,47200,0.05394504,0.053090498,794,0.0008545406,1.0,1.0,1.0,1.0,0.0073901564,0.0035797618,0.0038103946,-1.0,0.25,0,1
5,cycle44_subj05_margin_low_1sess_150ep,648,47290,0.043715164,0.049632497,172,-0.005917333,7.0,0.25,2.5,2.0,0.006135855,0.0066148117,-0.00047895685,-3.0,0.25,0,0
5,cycle44_subj05_margin_low_1sess_150ep,649,47293,0.045470838,0.050684378,426,-0.00521354,9.0,0.0,4.111111111111111,4.0,0.009088814,0.0030088797,0.0060799345,-6.0,0.0,0,0
5,cycle44_subj05_margin_low_1sess_150ep,650,47321,0.03317696,0.045789655,227,-0.012612697,11.0,0.0,4.142857142857143,4.0,-0.0001828298,0.0019280277,-0.0021108575,0.0,0.0,0,0
5,cycle44_subj05_margin_low_1sess_150ep,651,47408,0.043849617,0.04019969,876,0.0036499277,1.0,1.0,1.0,1.0,0.0023893677,-0.0026077926,0.0049971603,-1.0,0.33333333333333337,0,1
5,cycle44_subj05_margin_low_1sess_150ep,652,47598,0.053731527,0.050340325,306,0.0033912025,1.0,1.0,1.0,1.0,0.0018884763,0.008057013,-0.006168537,0.0,0.0,0,0
5,cycle44_subj05_margin_low_1sess_150ep,653,47600,0.04102998,0.0420041,316,-0.00097412243,3.0,0.42857142857142855,1.7142857142857142,2.0,0.0024681762,-0.004025381,0.0064935572,-2.0,0.14285714285714285,0,0
5,cycle44_subj05_margin_low_1sess_150ep,654,47614,0.024667555,0.038725354,191,-0.014057798,58.0,0.0,19.0,19.0,0.00093716756,-0.0018394031,0.0027765706,17.0,0.0,0,0
5,cycle44_subj05_margin_low_1sess_150ep,655,47656,0.0457822,0.053066082,403,-0.0072838813,7.0,0.2,2.8,3.0,-0.0015162602,-0.00089088455,-0.00062537566,4.0,-0.39999999999999997,0,0
5,cycle44_subj05_margin_low_1sess_150ep,656,47687,0.04714562,0.04346833,300,0.00367729,1.0,1.0,1.0,1.0,0.004239287,0.0033099428,0.00092934445,0.0,0.0,0,0
5,cycle44_subj05_margin_low_1sess_150ep,657,48157,0.029634234,0.045456637,61,-0.015822403,32.0,0.0,11.333333333333334,12.5,0.002942821,0.000996273,0.001946548,-6.0,0.0,0,0
5,cycle44_subj05_margin_low_1sess_150ep,658,48260,0.045703664,0.049447246,630,-0.0037435815,2.0,0.8571428571428571,1.1428571428571428,1.0,0.0047015026,0.00034829974,0.004353203,0.0,0.0,0,0
5,cycle44_subj05_margin_low_1sess_150ep,659,48374,0.030718543,0.044214655,543,-0.013496112,10.0,0.0,3.6666666666666665,3.0,-0.0008615181,-0.00015828386,-0.0007032342,-1.0,0.0,0,0
5,cycle44_subj05_margin_low_1sess_150ep,660,48379,0.03926584,0.044976566,827,-0.0057107247,5.0,0.16666666666666666,2.5,2.5,0.0018014722,0.0031371936,-0.0013357215,1.0,0.0,0,0
5,cycle44_subj05_margin_low_1sess_150ep,661,48393,0.04941802,0.04100683,993,0.008411191,1.0,1.0,1.0,1.0,-0.0030816384,-0.0045533925,0.0014717542,0.0,0.0,0,0
5,cycle44_subj05_margin_low_1sess_150ep,662,48422,0.04028745,0.044177607,480,-0.0038901567,2.0,0.8461538461538461,1.1538461538461537,1.0,-0.0012205914,0.008097943,-0.009318534,1.0,-0.15384615384615385,1,0
5,cycle44_subj05_margin_low_1sess_150ep,663,48508,0.038430948,0.04726833,801,-0.008837383,3.0,0.5,1.7,1.5,0.0038751885,0.0014804043,0.0023947842,-1.0,0.09999999999999998,0,0
5,cycle44_subj05_margin_low_1sess_150ep,664,48530,0.042568926,0.05319049,588,-0.010621563,4.0,0.3,2.1,2.0,0.0046835877,0.0030689314,0.0016146563,-5.0,0.19999999999999998,0,0
5,cycle44_subj05_margin_low_1sess_150ep,665,48617,0.03290656,0.049278904,590,-0.016372345,24.0,0.0,9.4,9.0,-0.00654744,0.004418198,-0.010965638,16.0,0.0,0,0
5,cycle44_subj05_margin_low_1sess_150ep,666,48618,0.041362703,0.046308182,814,-0.0049454793,4.0,0.5,1.5,1.5,0.0012687705,0.0035235435,-0.002254773,2.0,-0.5,0,0
5,cycle44_subj05_margin_low_1sess_150ep,667,48622,0.04453107,0.051085576,414,-0.0065545067,3.0,0.5454545454545454,1.4545454545454546,1.0,0.0072830208,0.002454128,0.0048288926,-5.0,0.4545454545454545,0,0
5,cycle44_subj05_margin_low_1sess_150ep,668,48679,0.034883015,0.052183244,162,-0.01730023,9.0,0.0,3.75,4.0,0.008474305,0.0060220324,0.002452273,-23.0,0.0,0,0
5,cycle44_subj05_margin_low_1sess_150ep,669,48681,0.033051435,0.0455765,857,-0.012525067,8.0,0.16666666666666666,3.0,3.0,0.0052510444,0.0027515441,0.0024995003,-11.0,0.16666666666666666,0,0
5,cycle44_subj05_margin_low_1sess_150ep,670,48802,0.055931833,0.04555013,6,0.010381702,1.0,1.0,1.0,1.0,0.00476427,0.0042623915,0.00050187856,0.0,0.0,0,0
5,cycle44_subj05_margin_low_1sess_150ep,671,48832,0.044658348,0.04895273,463,-0.0042943805,6.0,0.0,3.4444444444444446,4.0,0.0007992722,0.00016728416,0.00063198805,1.0,0.0,0,0
5,cycle44_subj05_margin_low_1sess_150ep,672,48839,0.03980706,0.055219404,187,-0.0154123455,29.0,0.0,10.5,10.5,-0.004494708,-0.0031326786,-0.0013620295,18.0,0.0,0,0
5,cycle44_subj05_margin_low_1sess_150ep,673,49076,0.036152612,0.04250564,660,-0.006353028,8.0,0.0,2.875,3.0,0.0045999214,2.9057264e-06,0.0045970157,-7.0,0.0,0,0
5,cycle44_subj05_margin_low_1sess_150ep,674,49152,0.047643594,0.04485176,905,0.0027918331,1.0,1.0,1.0,1.0,0.0040415265,0.002118308,0.0019232184,0.0,0.0,0,0
5,cycle44_subj05_margin_low_1sess_150ep,675,49156,0.027213108,0.0419871,523,-0.014773991,47.0,0.0,15.1,15.0,0.002796933,0.0014959536,0.0013009794,6.0,0.0,0,0
5,cycle44_subj05_margin_low_1sess_150ep,676,49234,0.038848408,0.05133731,32,-0.012488902,20.0,0.0,7.5,7.5,0.0034486353,0.0018713847,0.0015772507,-2.0,0.0,0,0
5,cycle44_subj05_margin_low_1sess_150ep,677,49466,0.04712572,0.04146785,358,0.0056578703,1.0,1.0,1.0,1.0,0.0017604046,-0.0011383407,0.0028987452,0.0,0.0,0,0
5,cycle44_subj05_margin_low_1sess_150ep,678,49480,0.030925628,0.04060266,743,-0.009677034,4.0,0.38461538461538464,1.7692307692307692,2.0,-0.004960917,-0.0036672652,-0.0012936518,0.0,0.0,0,0
5,cycle44_subj05_margin_low_1sess_150ep,679,49622,0.050262295,0.036166836,606,0.014095459,1.0,1.0,1.0,1.0,-0.0044103153,0.00093171,-0.0053420253,0.0,0.0,0,0
5,cycle44_subj05_margin_low_1sess_150ep,680,49731,0.0551764,0.044512685,225,0.010663714,1.0,1.0,1.0,1.0,0.0070319027,0.0070801713,-4.8268586e-05,0.0,0.0,0,0
5,cycle44_subj05_margin_low_1sess_150ep,681,49923,0.051003728,0.052124087,731,-0.0011203587,2.0,1.0,1.0,1.0,0.00063219294,0.004548855,-0.003916662,1.0,0.0,1,0
5,cycle44_subj05_margin_low_1sess_150ep,682,49944,0.05477156,0.049585853,166,0.0051857084,1.0,1.0,1.0,1.0,0.007137943,0.0050268136,0.0021111295,0.0,0.0,0,0
5,cycle44_subj05_margin_low_1sess_150ep,683,49955,0.037159916,0.039474294,492,-0.0023143776,2.0,0.5,1.5,1.5,0.0047750846,0.00517432,-0.00039923564,0.0,-0.5,0,0
5,cycle44_subj05_margin_low_1sess_150ep,684,49957,0.043919295,0.04903911,686,-0.0051198155,2.0,0.625,1.375,1.0,0.0004606843,0.005285289,-0.004824605,0.0,-0.375,0,0
5,cycle44_subj05_margin_low_1sess_150ep,685,49969,0.03633017,0.04067077,735,-0.0043406,4.0,0.38461538461538464,1.7692307692307692,2.0,-1.6197562e-05,0.0005792454,-0.00059544295,2.0,-0.38461538461538464,0,0
5,cycle44_subj05_margin_low_1sess_150ep,686,49979,0.051706955,0.045106035,493,0.00660092,1.0,1.0,1.0,1.0,0.00894241,0.0016289838,0.0073134266,-1.0,0.5714285714285714,0,1
5,cycle44_subj05_margin_low_1sess_150ep,687,50026,0.03739667,0.044881836,445,-0.007485166,7.0,0.0,3.2857142857142856,4.0,-0.0034423657,-0.0011501759,-0.0022921897,5.0,-0.7142857142857143,0,0
5,cycle44_subj05_margin_low_1sess_150ep,688,50114,0.043348882,0.043854833,590,-0.0005059503,3.0,0.4,1.9,2.0,0.006856002,0.0036458224,0.0032101795,-2.0,0.2,0,0
5,cycle44_subj05_margin_low_1sess_150ep,689,50170,0.049059745,0.052034114,647,-0.0029743686,2.0,0.6666666666666666,1.3333333333333333,1.0,0.0077388026,0.0029825456,0.004756257,-1.0,0.24999999999999994,0,0
5,cycle44_subj05_margin_low_1sess_150ep,690,50500,0.039197925,0.048752766,827,-0.009554841,12.0,0.0,4.555555555555555,4.0,0.0047132634,0.008745514,-0.0040322505,-3.0,0.0,0,0
5,cycle44_subj05_margin_low_1sess_150ep,691,50653,0.046164457,0.04247108,207,0.0036933757,1.0,1.0,1.0,1.0,0.00012917072,0.0025250204,-0.0023958497,0.0,0.0,0,0
5,cycle44_subj05_margin_low_1sess_150ep,692,50734,0.046917014,0.058842216,828,-0.011925202,4.0,0.3333333333333333,1.8888888888888888,2.0,0.0012200847,0.003623832,-0.0024037473,2.0,-0.5555555555555556,0,0
5,cycle44_subj05_margin_low_1sess_150ep,693,50755,0.03943227,0.042552598,688,-0.0031203292,2.0,0.875,1.125,1.0,-0.00041875988,0.006490998,-0.006909758,1.0,-0.125,1,0
5,cycle44_subj05_margin_low_1sess_150ep,694,50811,0.053590216,0.043942913,93,0.009647302,1.0,1.0,1.0,1.0,0.00083190575,0.0023237765,-0.0014918707,0.0,0.0,0,0
5,cycle44_subj05_margin_low_1sess_150ep,695,50882,0.055791058,0.054177858,188,0.0016131997,1.0,1.0,1.0,1.0,0.001112029,0.0032345578,-0.0021225289,0.0,0.0,0,0
5,cycle44_subj05_margin_low_1sess_150ep,696,51051,0.042517353,0.059861887,925,-0.017344534,4.0,0.25,2.0,2.0,0.0005988516,0.007308565,-0.0067097135,1.0,-0.375,0,0
5,cycle44_subj05_margin_low_1sess_150ep,697,51052,0.04362238,0.04638998,208,-0.0027676001,2.0,0.5,1.5,1.5,0.0053934865,0.0030371808,0.0023563057,-1.0,0.25,0,0
5,cycle44_subj05_margin_low_1sess_150ep,698,51062,0.05681099,0.041000653,139,0.015810337,1.0,1.0,1.0,1.0,0.0019012019,-0.0014881827,0.0033893846,0.0,0.0,0,0
5,cycle44_subj05_margin_low_1sess_150ep,699,51077,0.06640478,0.04222554,750,0.024179243,1.0,1.0,1.0,1.0,-0.0013203621,-0.0002790168,-0.0010413453,0.0,0.0,0,0
5,cycle44_subj05_margin_low_1sess_150ep,700,51148,0.049656052,0.04724646,614,0.0024095923,1.0,1.0,1.0,1.0,0.0011236705,-0.0035350174,0.004658688,-1.0,0.4285714285714286,0,1
5,cycle44_subj05_margin_low_1sess_150ep,701,51171,0.052375056,0.04490012,778,0.0074749365,1.0,1.0,1.0,1.0,0.0058084354,0.0008339621,0.0049744733,0.0,0.0,0,0
5,cycle44_subj05_margin_low_1sess_150ep,702,51185,0.04685493,0.047735512,827,-0.0008805804,2.0,1.0,1.0,1.0,0.0030419603,0.004197318,-0.0011553578,1.0,0.0,1,0
5,cycle44_subj05_margin_low_1sess_150ep,703,51521,0.03428505,0.043526813,414,-0.0092417635,9.0,0.1,3.6,3.5,-0.004658427,-0.00040296093,-0.004255466,7.0,-0.5,0,0
5,cycle44_subj05_margin_low_1sess_150ep,704,51745,0.04814539,0.056148607,493,-0.008003216,6.0,0.2222222222222222,2.6666666666666665,3.0,0.0012850054,0.0012032762,8.1729144e-05,2.0,0.0,0,0
5,cycle44_subj05_margin_low_1sess_150ep,705,51788,0.027572297,0.04847534,239,-0.020903043,36.0,0.0,11.76923076923077,11.0,-0.002360858,0.0016843267,-0.0040451847,11.0,0.0,0,0
5,cycle44_subj05_margin_low_1sess_150ep,706,51843,0.06135975,0.053200755,365,0.008158993,1.0,1.0,1.0,1.0,0.004126914,0.0051604696,-0.0010335557,0.0,0.0,0,0
5,cycle44_subj05_margin_low_1sess_150ep,707,51907,0.038815994,0.044774823,493,-0.005958829,10.0,0.0,4.375,4.5,0.0067146607,0.0047907606,0.0019239001,0.0,0.0,0,0
5,cycle44_subj05_margin_low_1sess_150ep,708,51928,0.036217928,0.052218013,227,-0.016000085,7.0,0.2222222222222222,2.4444444444444446,2.0,0.0023444034,0.004512973,-0.0021685697,1.0,0.0,0,0
5,cycle44_subj05_margin_low_1sess_150ep,709,51965,0.056623876,0.050975125,493,0.005648751,1.0,1.0,1.0,1.0,0.001180619,0.002779901,-0.001599282,0.0,0.0,0,0
5,cycle44_subj05_margin_low_1sess_150ep,710,51983,0.039263085,0.05988792,460,-0.020624835,24.0,0.0,7.2727272727272725,7.0,0.006990973,0.004302837,0.002688136,-8.0,0.0,0,0
5,cycle44_subj05_margin_low_1sess_150ep,711,51988,0.024867317,0.042305324,763,-0.017438008,24.0,0.0,8.444444444444445,8.0,0.012675854,0.0038041137,0.00887174,-116.0,0.0,0,0
5,cycle44_subj05_margin_low_1sess_150ep,712,52070,0.048162177,0.047564615,231,0.00059756264,1.0,1.0,1.0,1.0,0.004258413,0.0039123,0.000346113,0.0,0.0,0,0
5,cycle44_subj05_margin_low_1sess_150ep,713,52216,0.05677311,0.048290566,375,0.008482546,1.0,1.0,1.0,1.0,0.0044380054,-0.00085603446,0.00529404,0.0,0.0,0,0
5,cycle44_subj05_margin_low_1sess_150ep,714,52302,0.06179632,0.056965534,468,0.004830785,1.0,1.0,1.0,1.0,0.006132547,0.006732907,-0.00060036033,0.0,0.0,0,0
5,cycle44_subj05_margin_low_1sess_150ep,715,52328,0.05114664,0.05402825,778,-0.002881609,2.0,0.75,1.25,1.0,0.0045463666,0.0019709952,0.0025753714,-1.0,0.25,0,0
5,cycle44_subj05_margin_low_1sess_150ep,716,52375,0.041958727,0.039895166,794,0.0020635612,1.0,1.0,1.0,1.0,0.004013974,0.0009928346,0.0030211397,-2.0,0.5,0,1
5,cycle44_subj05_margin_low_1sess_150ep,717,52394,0.057984058,0.049826615,655,0.008157443,1.0,1.0,1.0,1.0,0.0013898462,-0.0022348762,0.0036247224,0.0,0.0,0,0
5,cycle44_subj05_margin_low_1sess_150ep,718,52527,0.05149745,0.048863128,417,0.0026343204,1.0,1.0,1.0,1.0,0.0023595355,0.0014753975,0.00088413805,0.0,0.0,0,0
5,cycle44_subj05_margin_low_1sess_150ep,719,52554,0.049818803,0.045312632,272,0.0045061707,1.0,1.0,1.0,1.0,-0.0015142187,-0.001072187,-0.00044203177,0.0,0.0,0,0
5,cycle44_subj05_margin_low_1sess_150ep,720,52596,0.05761206,0.05067266,493,0.0069394,1.0,1.0,1.0,1.0,0.0019274242,0.0057525113,-0.003825087,0.0,0.0,0,0
5,cycle44_subj05_margin_low_1sess_150ep,721,52598,0.044909704,0.047667332,934,-0.0027576275,2.0,0.6666666666666666,1.3333333333333333,1.0,-0.001224421,0.0067815073,-0.008005928,1.0,-0.33333333333333337,1,0
5,cycle44_subj05_margin_low_1sess_150ep,722,52652,0.035202563,0.044229887,928,-0.009027325,7.0,0.0,2.888888888888889,2.0,0.0020979308,0.0015786104,0.00051932037,3.0,-0.3333333333333333,0,0
5,cycle44_subj05_margin_low_1sess_150ep,723,52892,0.036402944,0.043073103,651,-0.0066701584,6.0,0.125,2.375,2.0,0.0035322942,0.0065403692,-0.003008075,0.0,-0.125,0,0
5,cycle44_subj05_margin_low_1sess_150ep,724,52931,0.03477746,0.051901802,699,-0.017124344,7.0,0.0,3.0,3.0,0.0031354837,0.0010530017,0.002082482,0.0,0.0,0,0
5,cycle44_subj05_margin_low_1sess_150ep,725,52990,0.03158713,0.04534006,48,-0.01375293,30.0,0.0,8.857142857142858,10.0,0.00076027773,0.0011523031,-0.00039202534,5.0,0.0,0,0
5,cycle44_subj05_margin_low_1sess_150ep,726,53052,0.0151941525,0.032525834,701,-0.017331682,10.0,0.25,2.6666666666666665,2.5,0.0024495367,-5.2277e-05,0.0025018118,-8.0,0.25,0,0
5,cycle44_subj05_margin_low_1sess_150ep,727,53070,0.035381123,0.046515014,48,-0.011133891,12.0,0.0,3.857142857142857,5.0,0.0019599907,0.004200399,-0.0022404082,2.0,-0.14285714285714285,0,0
5,cycle44_subj05_margin_low_1sess_150ep,728,53152,0.047210675,0.042378686,19,0.0048319884,1.0,1.0,1.0,1.0,0.011615727,-0.00015133992,0.011767067,-7.0,0.9090909090909091,0,1
5,cycle44_subj05_margin_low_1sess_150ep,729,53155,0.057568885,0.04622792,216,0.011340965,1.0,1.0,1.0,1.0,0.0017486624,-0.0008902885,0.002638951,0.0,0.0,0,0
5,cycle44_subj05_margin_low_1sess_150ep,730,53157,0.04316627,0.052830663,227,-0.009664394,5.0,0.2222222222222222,2.5555555555555554,2.0,0.0013790987,0.0034424104,-0.0020633116,0.0,0.0,0,0
5,cycle44_subj05_margin_low_1sess_150ep,731,53270,0.052239884,0.04825179,64,0.0039880946,1.0,1.0,1.0,1.0,0.004509315,0.0045740306,-6.471574e-05,0.0,0.0,0,0
5,cycle44_subj05_margin_low_1sess_150ep,732,53370,0.021971796,0.04201686,583,-0.020045064,29.0,0.0,10.285714285714286,10.0,0.0034491494,-0.00038135797,0.0038305074,-37.0,0.0,0,0
5,cycle44_subj05_margin_low_1sess_150ep,733,53489,0.012516716,0.038077567,715,-0.025560852,358.0,0.0,106.08333333333333,106.5,-0.0010312367,0.0011157878,-0.0021470264,128.0,0.0,0,0
5,cycle44_subj05_margin_low_1sess_150ep,734,53511,0.032960445,0.039490998,934,-0.006530553,16.0,0.0,5.5,5.5,-0.00083898753,-0.0017550401,0.0009160526,5.0,0.0,0,0
5,cycle44_subj05_margin_low_1sess_150ep,735,53570,0.051734757,0.058163423,493,-0.0064286664,2.0,0.5,1.5,1.5,0.003826417,0.009324331,-0.005497914,0.0,0.0,0,0
5,cycle44_subj05_margin_low_1sess_150ep,736,53727,0.03407812,0.043900084,246,-0.009821963,9.0,0.16666666666666666,2.6666666666666665,3.0,-0.002914939,0.0006553978,-0.0035703368,6.0,-0.5,0,0
5,cycle44_subj05_margin_low_1sess_150ep,737,53728,0.04664143,0.030344678,178,0.016296754,1.0,1.0,1.0,1.0,0.00064726174,0.0037246086,-0.0030773468,0.0,0.0,0,0
5,cycle44_subj05_margin_low_1sess_150ep,738,53773,0.03660999,0.052764542,827,-0.016154554,11.0,0.0625,4.1875,4.0,0.0035367683,0.007067822,-0.0035310537,1.0,-0.0625,0,0
5,cycle44_subj05_margin_low_1sess_150ep,739,53858,0.04478592,0.04563308,540,-0.0008471608,2.0,0.4,1.6,2.0,-0.0013950542,0.0015448853,-0.0029399395,1.0,-0.6,1,0
5,cycle44_subj05_margin_low_1sess_150ep,740,53881,0.04843724,0.044794716,308,0.0036425255,1.0,1.0,1.0,1.0,0.0047773607,0.0017842352,0.0029931255,0.0,0.0,0,0
5,cycle44_subj05_margin_low_1sess_150ep,741,53891,0.020040192,0.036180623,48,-0.016140431,64.0,0.0,18.0,17.0,0.01050072,0.0058416873,0.0046590324,-35.0,0.0,0,0
5,cycle44_subj05_margin_low_1sess_150ep,742,54078,0.03544756,0.04446864,728,-0.009021081,6.0,0.0,2.6666666666666665,3.0,0.012870129,0.0063408874,0.006529242,-31.0,0.0,0,0
5,cycle44_subj05_margin_low_1sess_150ep,743,54147,0.05263536,0.037447244,316,0.015188117,1.0,1.0,1.0,1.0,0.0010240898,0.001496587,-0.0004724972,0.0,0.0,0,0
5,cycle44_subj05_margin_low_1sess_150ep,744,54257,0.032556124,0.046834033,777,-0.014277909,23.0,0.0,7.3,7.0,0.0016515497,0.0003815256,0.0012700241,6.0,0.0,0,0
5,cycle44_subj05_margin_low_1sess_150ep,745,54361,0.048296586,0.03827619,682,0.010020394,1.0,1.0,1.0,1.0,-0.00041858107,0.0020853318,-0.002503913,0.0,0.0,0,0
5,cycle44_subj05_margin_low_1sess_150ep,746,54389,0.03851951,0.05129523,514,-0.012775719,25.0,0.0,8.625,8.0,0.0028906427,0.0038204305,-0.00092978776,9.0,0.0,0,0
5,cycle44_subj05_margin_low_1sess_150ep,747,54643,0.037640557,0.0467194,246,-0.009078842,7.0,0.0,2.75,2.5,-0.002069123,-0.00023946911,-0.001829654,3.0,-0.5,0,0
5,cycle44_subj05_margin_low_1sess_150ep,748,54683,0.05067015,0.051624216,843,-0.0009540655,2.0,0.875,1.125,1.0,0.00871598,0.0022359043,0.0064800754,-1.0,0.125,0,0
5,cycle44_subj05_margin_low_1sess_150ep,749,54698,0.05402564,0.04623866,2,0.007786978,1.0,1.0,1.0,1.0,0.0052925125,-0.00066747144,0.005959984,0.0,0.0,0,0
5,cycle44_subj05_margin_low_1sess_150ep,750,54743,0.05462161,0.052203324,715,0.002418287,1.0,1.0,1.0,1.0,-0.0038846843,0.0037421547,-0.007626839,0.0,0.0,0,0
5,cycle44_subj05_margin_low_1sess_150ep,751,54812,0.043255344,0.039686278,955,0.0035690665,1.0,1.0,1.0,1.0,0.0072904825,0.0014504343,0.005840048,-4.0,0.9090909090909091,0,1
5,cycle44_subj05_margin_low_1sess_150ep,752,54824,0.04955464,0.044706486,19,0.0048481524,1.0,1.0,1.0,1.0,0.0028529242,0.0019201748,0.00093274936,0.0,0.0,0,0
5,cycle44_subj05_margin_low_1sess_150ep,753,54913,0.0411258,0.041141137,903,-1.533702e-05,2.0,0.9090909090909091,1.0909090909090908,1.0,0.0015022233,0.0025649555,-0.0010627322,1.0,-0.09090909090909094,1,0
5,cycle44_subj05_margin_low_1sess_150ep,754,54959,0.04194154,0.050260726,86,-0.008319188,10.0,0.0,3.875,4.0,0.0039358176,0.0054141805,-0.0014783628,3.0,0.0,0,0
5,cycle44_subj05_margin_low_1sess_150ep,755,55005,0.037078857,0.045749735,812,-0.008670878,10.0,0.0,3.5555555555555554,3.0,-0.0027340576,-0.0006666891,-0.0020673685,3.0,0.0,0,0
5,cycle44_subj05_margin_low_1sess_150ep,756,55107,0.039459158,0.044845678,765,-0.00538652,4.0,0.3333333333333333,1.6666666666666667,2.0,0.0013362318,-0.0021414123,0.0034776442,-2.0,0.16666666666666666,0,0
5,cycle44_subj05_margin_low_1sess_150ep,757,55163,0.047157772,0.056245744,19,-0.009087972,3.0,0.6363636363636364,1.5454545454545454,1.0,0.0023935586,0.0019541383,0.00043942034,0.0,0.0,0,0
5,cycle44_subj05_margin_low_1sess_150ep,758,55405,0.03356768,0.04407007,583,-0.010502391,6.0,0.2222222222222222,2.7777777777777777,3.0,-0.00061501935,0.003479056,-0.0040940754,2.0,-0.2222222222222222,0,0
5,cycle44_subj05_margin_low_1sess_150ep,759,55408,0.038103208,0.052141104,48,-0.014037896,17.0,0.0,6.666666666666667,7.0,-0.0011180565,0.0014293157,-0.0025473721,7.0,0.0,0,0
5,cycle44_subj05_margin_low_1sess_150ep,760,55526,0.04814307,0.04592486,107,0.0022182092,1.0,1.0,1.0,1.0,0.0019048192,0.0027576126,-0.00085279346,0.0,0.0,0,0
5,cycle44_subj05_margin_low_1sess_150ep,761,55649,0.05434987,0.049622595,43,0.004727274,1.0,1.0,1.0,1.0,-0.0036075562,-0.0013072491,-0.0023003072,0.0,0.0,0,0
5,cycle44_subj05_margin_low_1sess_150ep,762,55669,0.03149619,0.04029039,300,-0.0087942,5.0,0.6,1.7,1.0,-0.0021169558,0.00024334341,-0.0023602992,0.0,0.19999999999999996,0,0
5,cycle44_subj05_margin_low_1sess_150ep,763,55678,0.055411614,0.05442515,375,0.0009864643,1.0,1.0,1.0,1.0,0.010879021,0.0034478642,0.007431157,-2.0,0.5,0,1
5,cycle44_subj05_margin_low_1sess_150ep,764,55680,0.050620805,0.050133754,403,0.0004870519,1.0,1.0,1.0,1.0,0.001120396,-0.0023987368,0.0035191327,-1.0,0.2857142857142857,0,1
5,cycle44_subj05_margin_low_1sess_150ep,765,55857,0.060316086,0.043627933,461,0.016688153,1.0,1.0,1.0,1.0,0.0013880953,-0.0013345629,0.0027226582,0.0,0.0,0,0
5,cycle44_subj05_margin_low_1sess_150ep,766,55933,0.04710995,0.04309183,493,0.0040181205,1.0,1.0,1.0,1.0,0.0070444383,0.002748914,0.004295524,-1.0,0.25,0,1
5,cycle44_subj05_margin_low_1sess_150ep,767,55968,0.04825811,0.05783504,814,-0.009576928,3.0,0.45454545454545453,1.8181818181818181,2.0,-0.0022911578,0.0011708923,-0.00346205,1.0,-0.09090909090909088,0,0
5,cycle44_subj05_margin_low_1sess_150ep,768,55969,0.037359424,0.045005348,446,-0.0076459236,3.0,0.4,1.7,2.0,0.0074689947,0.00057010725,0.0068988875,-5.0,0.2,0,0
5,cycle44_subj05_margin_low_1sess_150ep,769,56042,0.05690118,0.041618746,624,0.0152824335,1.0,1.0,1.0,1.0,0.010613866,0.0072276965,0.0033861697,0.0,0.0,0,0
5,cycle44_subj05_margin_low_1sess_150ep,770,56066,0.051836826,0.04490835,203,0.0069284774,1.0,1.0,1.0,1.0,0.0033595078,0.004693128,-0.0013336204,0.0,0.0,0,0
5,cycle44_subj05_margin_low_1sess_150ep,771,56126,0.019480469,0.05075224,86,-0.03127177,152.0,0.0,46.5,47.0,0.0029377565,0.003033787,-9.602867e-05,0.0,0.0,0,0
5,cycle44_subj05_margin_low_1sess_150ep,772,56154,0.055891942,0.04730597,871,0.008585971,1.0,1.0,1.0,1.0,0.007298179,0.0011329241,0.006165255,0.0,0.0,0,0
5,cycle44_subj05_margin_low_1sess_150ep,773,56269,0.046504427,0.040702228,256,0.0058021992,1.0,1.0,1.0,1.0,0.0024553426,0.004426658,-0.0019713156,0.0,0.0,0,0
5,cycle44_subj05_margin_low_1sess_150ep,774,56290,0.048546433,0.053533416,183,-0.004986983,3.0,0.375,1.875,2.0,-0.0023272224,-0.00028037652,-0.0020468459,1.0,-0.125,0,0
5,cycle44_subj05_margin_low_1sess_150ep,775,56314,0.022584086,0.04938099,403,-0.026796905,112.0,0.0,36.714285714285715,36.0,-0.00077592954,0.0019021593,-0.0026780888,17.0,0.0,0,0
5,cycle44_subj05_margin_low_1sess_150ep,776,56418,0.040191002,0.03953381,468,0.00065719336,1.0,1.0,1.0,1.0,0.0032982305,0.005682938,-0.0023847073,0.0,0.0,0,0
5,cycle44_subj05_margin_low_1sess_150ep,777,56454,0.052166518,0.047519874,159,0.004646644,1.0,1.0,1.0,1.0,0.0046148375,0.0032572225,0.001357615,0.0,0.0,0,0
5,cycle44_subj05_margin_low_1sess_150ep,778,56471,0.048732255,0.04698977,5,0.0017424859,1.0,1.0,1.0,1.0,-0.0011061281,-0.0010269545,-7.9173595e-05,0.0,0.0,0,0
5,cycle44_subj05_margin_low_1sess_150ep,779,56670,0.034687225,0.05020728,827,-0.015520055,8.0,0.0,3.230769230769231,3.0,-3.489107e-05,0.0057823732,-0.0058172643,4.0,-0.38461538461538464,0,0
5,cycle44_subj05_margin_low_1sess_150ep,780,56681,0.0255696,0.036966328,142,-0.011396728,14.0,0.0,5.125,5.0,-0.0038871616,0.0028274842,-0.006714646,9.0,-0.375,0,0
5,cycle44_subj05_margin_low_1sess_150ep,781,56695,0.045685038,0.043516636,777,0.002168402,1.0,1.0,1.0,1.0,-0.0005807094,-0.004801087,0.0042203777,-1.0,0.25,0,1
5,cycle44_subj05_margin_low_1sess_150ep,782,56723,0.033916403,0.046247225,306,-0.012330823,25.0,0.0,9.0,9.0,-0.0049202032,-0.006886918,0.0019667149,12.0,0.0,0,0
5,cycle44_subj05_margin_low_1sess_150ep,783,56751,0.034716055,0.046935737,172,-0.012219682,21.0,0.0,8.090909090909092,7.0,0.00096544623,-0.0053360015,0.0063014477,-7.0,0.0,0,0
5,cycle44_subj05_margin_low_1sess_150ep,784,56782,0.04404417,0.04736866,327,-0.00332449,2.0,0.8461538461538461,1.1538461538461537,1.0,0.0072068907,0.0025213696,0.004685521,-3.0,0.6153846153846154,0,0
5,cycle44_subj05_margin_low_1sess_150ep,785,56784,0.039321784,0.051844437,743,-0.012522653,17.0,0.0,7.0,8.0,0.0051308237,0.00077391043,0.0043569133,-6.0,0.0,0,0
5,cycle44_subj05_margin_low_1sess_150ep,786,56850,0.040437736,0.042129997,588,-0.0016922615,2.0,0.4,1.6,2.0,0.0014742352,0.00503568,-0.0035614446,1.0,-0.6,1,0
5,cycle44_subj05_margin_low_1sess_150ep,787,56867,0.05228043,0.05097841,426,0.0013020188,1.0,1.0,1.0,1.0,0.0056124814,0.0075025335,-0.0018900521,0.0,0.0,0,0
5,cycle44_subj05_margin_low_1sess_150ep,788,56911,0.04620142,0.042379357,78,0.0038220622,1.0,1.0,1.0,1.0,0.006778449,-0.000795342,0.007573791,-6.0,1.0,0,1
5,cycle44_subj05_margin_low_1sess_150ep,789,56948,0.051921204,0.049494542,606,0.0024266616,1.0,1.0,1.0,1.0,0.0012477599,0.0040779375,-0.0028301775,0.0,0.0,0,0
5,cycle44_subj05_margin_low_1sess_150ep,790,57046,0.041668106,0.043880157,925,-0.0022120513,2.0,0.6666666666666666,1.3333333333333333,1.0,0.0034896135,0.009214107,-0.0057244934,1.0,-0.33333333333333337,1,0
5,cycle44_subj05_margin_low_1sess_150ep,791,57060,0.039867803,0.047420062,36,-0.0075522587,2.0,0.8,1.2,1.0,0.00013997778,0.0040860623,-0.0039460845,0.0,0.0,0,0
5,cycle44_subj05_margin_low_1sess_150ep,792,57435,0.041616436,0.042801104,440,-0.0011846684,3.0,0.0,2.25,2.0,0.006761737,0.004714787,0.0020469502,-1.0,-0.25,0,0
5,cycle44_subj05_margin_low_1sess_150ep,793,57443,0.06594165,0.051930178,221,0.014011469,1.0,1.0,1.0,1.0,0.002824068,0.0045240074,-0.0016999394,0.0,0.0,0,0
5,cycle44_subj05_margin_low_1sess_150ep,794,57478,0.055989332,0.041177377,471,0.014811955,1.0,1.0,1.0,1.0,0.0010499693,0.00066246465,0.0003875047,0.0,0.0,0,0
5,cycle44_subj05_margin_low_1sess_150ep,795,57542,0.04170946,0.056599613,763,-0.014890153,8.0,0.0,2.4285714285714284,2.0,0.006316535,0.00822394,-0.0019074045,-11.0,0.0,0,0
5,cycle44_subj05_margin_low_1sess_150ep,796,57553,0.035594553,0.04724924,78,-0.011654686,15.0,0.0,5.444444444444445,5.0,0.0045342427,0.006578658,-0.002044415,-3.0,0.0,0,0
5,cycle44_subj05_margin_low_1sess_150ep,797,57648,0.025542898,0.053101398,163,-0.0275585,91.0,0.0,29.625,30.0,-0.0022825468,0.003495723,-0.00577827,36.0,0.0,0,0
5,cycle44_subj05_margin_low_1sess_150ep,798,57650,0.045499172,0.051610883,172,-0.0061117113,3.0,0.625,1.5,1.0,0.0008550249,0.0024479963,-0.0015929714,0.0,0.0,0,0
5,cycle44_subj05_margin_low_1sess_150ep,799,57681,0.05253689,0.05094222,954,0.0015946701,1.0,1.0,1.0,1.0,0.00935711,-0.0012786537,0.010635763,-1.0,0.625,0,1
5,cycle44_subj05_margin_low_1sess_150ep,800,57822,0.051871866,0.041079126,370,0.01079274,1.0,1.0,1.0,1.0,-0.0021144897,0.0022312813,-0.004345771,0.0,0.0,0,0
5,cycle44_subj05_margin_low_1sess_150ep,801,57838,0.059158146,0.042740148,161,0.016417999,1.0,1.0,1.0,1.0,-0.0022786446,-0.0009181462,-0.0013604984,0.0,0.0,0,0
5,cycle44_subj05_margin_low_1sess_150ep,802,57906,0.040874653,0.051856026,680,-0.0109813735,6.0,0.1,3.0,3.0,0.0002069138,0.0056224614,-0.0054155476,3.0,-0.30000000000000004,0,0
5,cycle44_subj05_margin_low_1sess_150ep,803,58096,0.054487087,0.04898642,637,0.005500667,1.0,1.0,1.0,1.0,0.006796494,0.0010619722,0.005734522,-1.0,0.2222222222222222,0,1
5,cycle44_subj05_margin_low_1sess_150ep,804,58144,0.04076441,0.027462564,800,0.013301846,1.0,1.0,1.0,1.0,0.0068892837,-0.0030285213,0.009917805,0.0,0.0,0,0
5,cycle44_subj05_margin_low_1sess_150ep,805,58164,0.051832505,0.044728786,534,0.007103719,1.0,1.0,1.0,1.0,0.003708329,-9.889901e-05,0.003807228,0.0,0.0,0,0
5,cycle44_subj05_margin_low_1sess_150ep,806,58187,0.05235824,0.051811203,524,0.0005470365,1.0,1.0,1.0,1.0,0.00021224096,0.00430106,-0.004088819,0.0,0.0,0,0
5,cycle44_subj05_margin_low_1sess_150ep,807,58404,0.04229086,0.04152063,954,0.00077022985,1.0,1.0,1.0,1.0,0.0016443096,0.00030549616,0.0013388135,-2.0,0.4,0,1
5,cycle44_subj05_margin_low_1sess_150ep,808,58668,0.039705243,0.044124395,48,-0.0044191517,3.0,0.35714285714285715,1.6428571428571428,2.0,-0.0047735684,-0.003353458,-0.0014201105,1.0,-0.28571428571428575,0,0
5,cycle44_subj05_margin_low_1sess_150ep,809,58681,0.04731123,0.03981924,147,0.007491991,1.0,1.0,1.0,1.0,-0.0045084246,-0.0036485866,-0.000859838,0.0,0.0,0,0
5,cycle44_subj05_margin_low_1sess_150ep,810,59023,0.03763847,0.0456493,680,-0.008010831,17.0,0.0,6.0,6.0,-0.00048180297,0.0042458735,-0.0047276765,12.0,-0.1111111111111111,0,0
5,cycle44_subj05_margin_low_1sess_150ep,811,59039,0.042227253,0.049432218,523,-0.0072049648,3.0,0.7,1.4,1.0,0.0021816045,-0.00040211529,0.0025837198,0.0,0.0,0,0
5,cycle44_subj05_margin_low_1sess_150ep,812,59046,0.027852641,0.041451488,805,-0.013598846,50.0,0.0,14.181818181818182,14.0,-0.0025401507,-0.0030695759,0.0005294252,31.0,0.0,0,0
5,cycle44_subj05_margin_low_1sess_150ep,813,59079,0.045755047,0.046152174,522,-0.00039712712,2.0,0.6666666666666666,1.3333333333333333,1.0,0.0006695278,0.0055780597,-0.004908532,1.0,-0.33333333333333337,1,0
5,cycle44_subj05_margin_low_1sess_150ep,814,59091,0.050125357,0.048116963,246,0.0020083934,1.0,1.0,1.0,1.0,-0.005271204,0.0010349713,-0.006306175,0.0,0.0,0,0
5,cycle44_subj05_margin_low_1sess_150ep,815,59194,0.04967857,0.04492132,149,0.0047572516,1.0,1.0,1.0,1.0,0.0022106022,0.0010852851,0.0011253171,0.0,0.0,0,0
5,cycle44_subj05_margin_low_1sess_150ep,816,59284,0.036199693,0.05451654,21,-0.018316846,3.0,0.21428571428571427,1.7857142857142858,2.0,0.008625412,0.005590655,0.0030347575,-11.0,0.14285714285714285,0,0
5,cycle44_subj05_margin_low_1sess_150ep,817,59419,0.038224626,0.04847736,191,-0.010252733,9.0,0.0,3.142857142857143,3.0,0.0035631694,-0.0011752583,0.0047384277,-1.0,0.0,0,0
5,cycle44_subj05_margin_low_1sess_150ep,818,59420,0.044230558,0.03908205,487,0.0051485077,1.0,1.0,1.0,1.0,0.003966354,0.003336519,0.00062983483,0.0,0.0,0,0
5,cycle44_subj05_margin_low_1sess_150ep,819,59585,0.04066559,0.046220575,322,-0.0055549853,9.0,0.125,3.0,3.0,-0.001382079,0.0040084496,-0.0053905286,7.0,-0.25,0,0
5,cycle44_subj05_margin_low_1sess_150ep,820,59595,0.043911573,0.041700497,522,0.0022110753,1.0,1.0,1.0,1.0,-0.0036374629,0.00010635704,-0.00374382,0.0,0.0,0,0
5,cycle44_subj05_margin_low_1sess_150ep,821,59631,0.05152888,0.04746783,90,0.004061047,1.0,1.0,1.0,1.0,0.004180532,0.0011844411,0.0029960908,0.0,0.0,0,0
5,cycle44_subj05_margin_low_1sess_150ep,822,59699,0.03494276,0.04455301,21,-0.009610251,6.0,0.07692307692307693,2.6153846153846154,2.0,0.0020776019,0.005103413,-0.0030258112,2.0,-0.23076923076923078,0,0
5,cycle44_subj05_margin_low_1sess_150ep,823,59817,0.03472385,0.043683514,468,-0.008959662,16.0,0.0,5.5,5.5,0.0010182299,-0.0011617094,0.0021799393,-1.0,0.0,0,0
5,cycle44_subj05_margin_low_1sess_150ep,824,59994,0.0328977,0.05125423,414,-0.018356532,50.0,0.0,16.1,16.0,0.007272303,0.0024561062,0.004816197,-46.0,0.0,0,0
5,cycle44_subj05_margin_low_1sess_150ep,825,60094,0.044058803,0.044206295,167,-0.0001474917,2.0,0.7,1.3,1.0,0.003758721,0.0020179898,0.0017407313,0.0,0.0,0,0
5,cycle44_subj05_margin_low_1sess_150ep,826,60119,0.036602084,0.042259134,828,-0.0056570508,8.0,0.0,3.727272727272727,4.0,0.006397471,0.0048431978,0.0015542731,-3.0,0.0,0,0
5,cycle44_subj05_margin_low_1sess_150ep,827,60186,0.05152239,0.041181754,127,0.010340635,1.0,1.0,1.0,1.0,0.002020523,-0.0022399016,0.0042604245,0.0,0.0,0,0
5,cycle44_subj05_margin_low_1sess_150ep,828,60251,0.061532803,0.03788022,951,0.023652583,1.0,1.0,1.0,1.0,0.0046670362,0.0020589195,0.0026081167,0.0,0.0,0,0
5,cycle44_subj05_margin_low_1sess_150ep,829,60305,0.047884353,0.04066706,339,0.0072172917,1.0,1.0,1.0,1.0,0.0010987893,-0.00022007152,0.0013188608,0.0,0.0,0,0
5,cycle44_subj05_margin_low_1sess_150ep,830,60456,0.028817274,0.037349813,125,-0.008532539,7.0,0.0,2.875,2.5,-0.0034244768,0.000106241554,-0.0035307184,3.0,-0.125,0,0
5,cycle44_subj05_margin_low_1sess_150ep,831,60505,0.038818378,0.04367471,486,-0.004856333,3.0,0.5,1.7,1.5,0.0011703782,0.0021555647,-0.0009851865,1.0,-0.19999999999999996,0,0
5,cycle44_subj05_margin_low_1sess_150ep,832,60519,0.041259024,0.04870196,504,-0.0074429363,7.0,0.08333333333333333,3.0,3.0,0.005289931,0.0012092441,0.0040806867,-3.0,0.08333333333333333,0,0
5,cycle44_subj05_margin_low_1sess_150ep,833,60553,0.020117948,0.03736024,405,-0.017242292,22.0,0.0,8.0,8.0,-0.0011611413,0.0027646422,-0.0039257836,7.0,0.0,0,0
5,cycle44_subj05_margin_low_1sess_150ep,834,60725,0.037510466,0.04114618,118,-0.0036357157,4.0,0.18181818181818182,1.9090909090909092,2.0,0.0069022346,0.0042114705,0.0026907641,-2.0,0.18181818181818182,0,0
5,cycle44_subj05_margin_low_1sess_150ep,835,60834,0.039943945,0.042118058,383,-0.002174113,3.0,0.3,1.8,2.0,-0.0002361685,-0.002152823,0.0019166544,1.0,-0.2,0,0
5,cycle44_subj05_margin_low_1sess_150ep,836,60845,0.044682365,0.045598887,480,-0.000916522,2.0,0.6363636363636364,1.3636363636363635,1.0,0.003308624,0.0032500215,5.860254e-05,-2.0,0.45454545454545453,0,0
5,cycle44_subj05_margin_low_1sess_150ep,837,60867,0.037809566,0.04179152,859,-0.0039819553,3.0,0.4,1.6,2.0,-0.0021503717,-0.0024022162,0.00025184453,-1.0,0.2,0,0
5,cycle44_subj05_margin_low_1sess_150ep,838,60978,0.037796486,0.04160038,765,-0.003803894,3.0,0.2857142857142857,1.8571428571428572,2.0,-0.0028112195,0.001911182,-0.0047224015,2.0,-0.7142857142857143,1,0
5,cycle44_subj05_margin_low_1sess_150ep,839,61122,0.044033483,0.05417689,403,-0.010143407,6.0,0.0,3.1666666666666665,3.0,-0.0017666109,0.0049402043,-0.006706815,3.0,-0.3333333333333333,0,0
5,cycle44_subj05_margin_low_1sess_150ep,840,61133,0.04606315,0.048718065,680,-0.0026549138,4.0,0.0,2.3333333333333335,2.0,0.002230838,0.0022496283,-1.8790364e-05,2.0,-0.3333333333333333,0,0
5,cycle44_subj05_margin_low_1sess_150ep,841,61177,0.026109966,0.037803367,729,-0.011693401,52.0,0.0,16.625,17.0,-0.002518965,-0.0013894625,-0.0011295024,19.0,0.0,0,0
5,cycle44_subj05_margin_low_1sess_150ep,842,61216,0.034225233,0.04205558,828,-0.007830348,15.0,0.0,5.545454545454546,5.0,0.005169181,0.0038807355,0.0012884457,-1.0,0.0,0,0
5,cycle44_subj05_margin_low_1sess_150ep,843,61510,0.058538042,0.04557843,754,0.012959611,1.0,1.0,1.0,1.0,0.007551968,0.0047401376,0.0028118305,0.0,0.0,0,0
5,cycle44_subj05_margin_low_1sess_150ep,844,61513,0.048715923,0.04055572,316,0.008160204,1.0,1.0,1.0,1.0,0.0056409203,0.001692839,0.0039480813,0.0,0.0,0,0
5,cycle44_subj05_margin_low_1sess_150ep,845,61677,0.041692127,0.049781166,162,-0.0080890395,3.0,0.4,1.7333333333333334,2.0,0.0041185617,0.001163315,0.0029552467,-3.0,0.2,0,0
5,cycle44_subj05_margin_low_1sess_150ep,846,61738,0.030219004,0.0445031,805,-0.014284097,13.0,0.09090909090909091,3.4545454545454546,4.0,0.006861413,0.0071867704,-0.00032535754,-16.0,0.09090909090909091,0,0
5,cycle44_subj05_margin_low_1sess_150ep,847,61748,0.05885538,0.050691877,118,0.008163504,1.0,1.0,1.0,1.0,-0.0032723807,0.0066500604,-0.009922441,0.0,0.0,0,0
5,cycle44_subj05_margin_low_1sess_150ep,848,61752,0.06494212,0.042946555,862,0.021995567,1.0,1.0,1.0,1.0,0.0018091649,0.0023288243,-0.00051965937,0.0,0.0,0,0
5,cycle44_subj05_margin_low_1sess_150ep,849,61797,0.053095043,0.044959385,250,0.008135658,1.0,1.0,1.0,1.0,0.0008502975,0.002665326,-0.0018150285,0.0,0.0,0,0
5,cycle44_subj05_margin_low_1sess_150ep,850,61801,0.041504033,0.050211824,651,-0.008707792,11.0,0.0,3.625,3.5,0.003773719,0.007876065,-0.0041023456,3.0,0.0,0,0
5,cycle44_subj05_margin_low_1sess_150ep,851,61809,0.033488657,0.053000778,125,-0.01951212,11.0,0.0,5.0,5.0,0.0038878452,0.0010602213,0.0028276239,-10.0,0.0,0,0
5,cycle44_subj05_margin_low_1sess_150ep,852,61873,0.043555703,0.03592293,208,0.0076327734,1.0,1.0,1.0,1.0,0.0016835779,0.00040762872,0.0012759492,0.0,0.0,0,0
5,cycle44_subj05_margin_low_1sess_150ep,853,61972,0.062481757,0.04791902,655,0.014562737,1.0,1.0,1.0,1.0,0.0045861453,-0.00048608705,0.0050722323,0.0,0.0,0,0
5,cycle44_subj05_margin_low_1sess_150ep,854,62006,0.033832386,0.044551574,167,-0.010719188,15.0,0.0,6.25,6.0,0.0025655665,0.0035605282,-0.0009949617,2.0,0.0,0,0
5,cycle44_subj05_margin_low_1sess_150ep,855,62015,0.033769716,0.039680243,127,-0.005910527,7.0,0.1,2.6,3.0,0.0018191524,0.0013377815,0.00048137084,1.0,0.0,0,0
5,cycle44_subj05_margin_low_1sess_150ep,856,62209,0.06643198,0.04452316,78,0.021908816,1.0,1.0,1.0,1.0,0.006626893,0.0056793764,0.0009475164,0.0,0.0,0,0
5,cycle44_subj05_margin_low_1sess_150ep,857,62228,0.04058083,0.04429822,856,-0.003717389,2.0,0.6666666666666666,1.3333333333333333,1.0,-0.00029843673,0.0079372,-0.008235637,1.0,-0.33333333333333337,1,0
5,cycle44_subj05_margin_low_1sess_150ep,858,62275,0.03202052,0.05241916,5,-0.02039864,21.0,0.0,8.0,7.0,-0.0037548766,0.0019692667,-0.0057241432,7.0,0.0,0,0
5,cycle44_subj05_margin_low_1sess_150ep,859,62302,0.048460867,0.045643073,159,0.0028177947,1.0,1.0,1.0,1.0,0.0008397065,0.005515013,-0.0046753064,0.0,0.0,0,0
5,cycle44_subj05_margin_low_1sess_150ep,860,62365,0.044678602,0.047592275,60,-0.0029136725,3.0,0.3333333333333333,1.6666666666666667,2.0,0.00076511875,0.0058649853,-0.0050998665,2.0,-0.6666666666666667,1,0
5,cycle44_subj05_margin_low_1sess_150ep,861,62479,0.04504572,0.050545964,132,-0.005500246,3.0,0.4166666666666667,1.5833333333333333,2.0,0.002183143,0.003502462,-0.001319319,1.0,-0.24999999999999994,0,0
5,cycle44_subj05_margin_low_1sess_150ep,862,62544,0.0504261,0.049484532,384,0.0009415671,1.0,1.0,1.0,1.0,0.0028999895,0.005822826,-0.0029228367,0.0,0.0,0,0
5,cycle44_subj05_margin_low_1sess_150ep,863,62561,0.032349914,0.041136537,127,-0.008786622,38.0,0.0,14.0,13.5,0.00089344755,0.00024139881,0.00065204874,11.0,0.0,0,0
5,cycle44_subj05_margin_low_1sess_150ep,864,62683,0.039499495,0.052517608,712,-0.013018113,11.0,0.0,4.285714285714286,4.0,0.005439922,-0.00033193827,0.0057718605,-9.0,0.0,0,0
5,cycle44_subj05_margin_low_1sess_150ep,865,62748,0.05858002,0.04576719,2,0.012812827,1.0,1.0,1.0,1.0,0.006905757,0.0064159892,0.00048976764,0.0,0.0,0,0
5,cycle44_subj05_margin_low_1sess_150ep,866,62960,0.039587308,0.03958714,370,1.6763806e-07,1.0,1.0,1.0,1.0,-0.0025335886,0.0035726614,-0.00610625,0.0,0.0,0,0
5,cycle44_subj05_margin_low_1sess_150ep,867,63081,0.029644748,0.045901023,543,-0.016256275,60.0,0.0,19.083333333333332,18.5,0.0031350814,0.0020121634,0.001122918,-29.0,0.0,0,0
5,cycle44_subj05_margin_low_1sess_150ep,868,63182,0.040684864,0.04867228,356,-0.007987417,6.0,0.125,2.5,2.5,0.004301455,0.005411677,-0.0011102222,0.0,-0.125,0,0
5,cycle44_subj05_margin_low_1sess_150ep,869,63345,0.044178996,0.058935847,460,-0.014756851,11.0,0.0,4.0,4.0,0.005504355,0.006001577,-0.00049722195,0.0,0.0,0,0
5,cycle44_subj05_margin_low_1sess_150ep,870,63449,0.041205574,0.05060977,674,-0.009404197,3.0,0.3333333333333333,1.6666666666666667,2.0,0.0023781285,0.0031463243,-0.00076819584,0.0,0.0,0,0
5,cycle44_subj05_margin_low_1sess_150ep,871,63746,0.04847358,0.044416245,208,0.0040573366,1.0,1.0,1.0,1.0,0.0015496649,0.0043936633,-0.0028439984,0.0,0.0,0,0
5,cycle44_subj05_margin_low_1sess_150ep,872,63781,0.048921507,0.049210325,551,-0.00028881803,2.0,0.6666666666666666,1.3333333333333333,1.0,-0.0016034804,0.006337691,-0.0079411715,1.0,-0.33333333333333337,1,0
5,cycle44_subj05_margin_low_1sess_150ep,873,63825,0.03608642,0.051644836,36,-0.015558414,10.0,0.0,4.0,4.0,3.5867095e-05,0.0052938424,-0.0052579753,4.0,-0.125,0,0
5,cycle44_subj05_margin_low_1sess_150ep,874,63922,0.023732321,0.044871286,629,-0.021138964,34.0,0.0,10.333333333333334,10.0,-0.0037951525,0.005527001,-0.009322153,21.0,0.0,0,0
5,cycle44_subj05_margin_low_1sess_150ep,875,63931,0.058893986,0.048358735,777,0.010535251,1.0,1.0,1.0,1.0,0.0059660263,0.0027330816,0.0032329448,0.0,0.0,0,0
5,cycle44_subj05_margin_low_1sess_150ep,876,63944,0.061720155,0.043702647,947,0.018017508,1.0,1.0,1.0,1.0,-0.000608366,-0.0040087923,0.0034004264,0.0,0.0,0,0
5,cycle44_subj05_margin_low_1sess_150ep,877,64004,0.029368537,0.042783543,64,-0.013415007,56.0,0.0,19.0,18.5,0.0068725385,0.0014633089,0.0054092295,-66.0,0.0,0,0
5,cycle44_subj05_margin_low_1sess_150ep,878,64096,0.021836633,0.040176913,354,-0.01834028,46.0,0.0,14.9,14.5,0.0063142497,0.0072493963,-0.0009351466,-7.0,0.0,0,0
5,cycle44_subj05_margin_low_1sess_150ep,879,64295,0.04899182,0.050999034,509,-0.0020072125,2.0,0.6666666666666666,1.3333333333333333,1.0,0.005737614,0.0045178607,0.0012197532,0.0,0.0,0,0
5,cycle44_subj05_margin_low_1sess_150ep,880,64483,0.03191544,0.046468373,306,-0.014552932,35.0,0.0,11.818181818181818,11.0,0.002071241,0.00046558306,0.0016056579,8.0,0.0,0,0
5,cycle44_subj05_margin_low_1sess_150ep,881,64498,0.018068824,0.04594131,43,-0.027872484,255.0,0.0,77.33333333333333,77.0,0.0024049021,0.00384048,-0.0014355779,12.0,0.0,0,0
5,cycle44_subj05_margin_low_1sess_150ep,882,64615,0.027981238,0.04600436,118,-0.01802312,82.0,0.0,23.88888888888889,23.0,-0.0012552105,0.004635114,-0.0058903247,37.0,0.0,0,0
5,cycle44_subj05_margin_low_1sess_150ep,883,64621,0.03741646,0.04275997,208,-0.005343508,3.0,0.42857142857142855,1.7142857142857142,2.0,0.001672402,0.0033426434,-0.0016702414,-2.0,0.0,0,0
5,cycle44_subj05_margin_low_1sess_150ep,884,64687,0.033207852,0.04502051,636,-0.011812657,25.0,0.0,7.2,6.0,0.0052478295,0.006265048,-0.0010172185,12.0,0.0,0,0
5,cycle44_subj05_margin_low_1sess_150ep,885,64771,0.046077274,0.04314227,687,0.0029350035,1.0,1.0,1.0,1.0,0.010126259,0.005284872,0.0048413873,-1.0,0.1428571428571429,0,1
5,cycle44_subj05_margin_low_1sess_150ep,886,64867,0.04337157,0.042606514,842,0.0007650554,1.0,1.0,1.0,1.0,0.003301002,0.0017568357,0.0015441664,-1.0,0.4545454545454546,0,1
5,cycle44_subj05_margin_low_1sess_150ep,887,64880,0.03401625,0.048834525,743,-0.0148182735,11.0,0.07692307692307693,3.923076923076923,4.0,0.0037814677,-0.0002844669,0.0040659346,-6.0,0.07692307692307693,0,0
5,cycle44_subj05_margin_low_1sess_150ep,888,64893,0.02665749,0.041898433,400,-0.015240943,34.0,0.0,10.0,10.5,0.0009360444,-0.003819514,0.0047555584,10.0,0.0,0,0
5,cycle44_subj05_margin_low_1sess_150ep,889,64979,0.050172124,0.04795922,906,0.0022129044,1.0,1.0,1.0,1.0,-0.0019242391,0.0044758283,-0.0064000674,0.0,0.0,0,0
5,cycle44_subj05_margin_low_1sess_150ep,890,65010,0.03917193,0.04583893,48,-0.0066669993,6.0,0.125,2.25,2.0,0.0011949278,0.00086411834,0.0003308095,1.0,0.0,0,0
5,cycle44_subj05_margin_low_1sess_150ep,891,65069,0.057191316,0.050327834,163,0.0068634823,1.0,1.0,1.0,1.0,0.009153977,0.004303567,0.00485041,0.0,0.0,0,0
5,cycle44_subj05_margin_low_1sess_150ep,892,65148,0.05499094,0.058260016,814,-0.0032690763,2.0,0.75,1.25,1.0,-0.0009851418,0.005312871,-0.006298013,1.0,-0.25,1,0
5,cycle44_subj05_margin_low_1sess_150ep,893,65187,0.03913346,0.052266013,468,-0.013132554,11.0,0.0,4.615384615384615,5.0,-0.003343694,0.006337747,-0.009681441,3.0,0.0,0,0
5,cycle44_subj05_margin_low_1sess_150ep,894,65232,0.033179767,0.055914074,827,-0.022734307,12.0,0.0,4.166666666666667,4.0,0.0008010529,0.0051872954,-0.0043862425,0.0,0.0,0,0
5,cycle44_subj05_margin_low_1sess_150ep,895,65253,0.044398174,0.047770653,493,-0.0033724792,4.0,0.4,1.8,2.0,0.0018522218,0.0011842065,0.00066801533,2.0,-0.19999999999999996,0,0
5,cycle44_subj05_margin_low_1sess_150ep,896,65267,0.045024753,0.046100076,119,-0.0010753237,2.0,0.7692307692307693,1.2307692307692308,1.0,0.0040870532,-0.003282413,0.007369466,0.0,0.0,0,0
5,cycle44_subj05_margin_low_1sess_150ep,897,65376,0.06591651,0.053190917,270,0.012725592,1.0,1.0,1.0,1.0,0.00500777,0.0113370605,-0.0063292906,0.0,0.0,0,0
5,cycle44_subj05_margin_low_1sess_150ep,898,65414,0.043050185,0.050147664,98,-0.007097479,3.0,0.3076923076923077,1.9230769230769231,2.0,0.0018043555,0.002695229,-0.0008908734,0.0,0.0,0,0
5,cycle44_subj05_margin_low_1sess_150ep,899,65445,0.043396126,0.03956409,375,0.0038320348,1.0,1.0,1.0,1.0,0.0041470192,0.0009122044,0.0032348149,0.0,0.0,0,0
5,cycle44_subj05_margin_low_1sess_150ep,900,65639,0.053578686,0.041457176,814,0.01212151,1.0,1.0,1.0,1.0,0.0044190325,-0.0015039816,0.005923014,0.0,0.0,0,0
5,cycle44_subj05_margin_low_1sess_150ep,901,65654,0.03202743,0.039329614,367,-0.0073021837,4.0,0.3,1.7,2.0,0.0057068057,0.0028890446,0.0028177612,-6.0,0.3,0,0
5,cycle44_subj05_margin_low_1sess_150ep,902,65686,0.03237865,0.04107753,827,-0.008698877,9.0,0.1111111111111111,3.111111111111111,3.0,0.0043746065,0.0035495237,0.0008250829,0.0,-0.1111111111111111,0,0
5,cycle44_subj05_margin_low_1sess_150ep,903,65769,0.053681195,0.05545252,426,-0.0017713234,2.0,0.4,1.6,2.0,0.0058208182,0.012313295,-0.006492477,1.0,-0.6,1,0
5,cycle44_subj05_margin_low_1sess_150ep,904,65799,0.041064277,0.039877973,485,0.0011863038,1.0,1.0,1.0,1.0,0.0039136074,0.0051054023,-0.0011917949,0.0,0.0,0,0
5,cycle44_subj05_margin_low_1sess_150ep,905,65821,0.045756157,0.053327825,384,-0.0075716674,5.0,0.2857142857142857,2.0,2.0,-0.0016045272,0.0009874515,-0.0025919788,2.0,-0.14285714285714285,0,0
5,cycle44_subj05_margin_low_1sess_150ep,906,65872,0.03229373,0.03922877,630,-0.0069350414,7.0,0.125,2.875,3.0,-0.005326234,0.0018893033,-0.007215537,6.0,-0.875,1,0
5,cycle44_subj05_margin_low_1sess_150ep,907,65920,0.04566479,0.04436761,504,0.0012971796,1.0,1.0,1.0,1.0,0.0013044104,-0.0023871064,0.0036915168,-1.0,0.125,0,1
5,cycle44_subj05_margin_low_1sess_150ep,908,65943,0.035326015,0.049626138,356,-0.014300123,17.0,0.0,5.833333333333333,5.0,0.0026726015,0.008441463,-0.0057688616,3.0,0.0,0,0
5,cycle44_subj05_margin_low_1sess_150ep,909,66004,0.03672916,0.044412337,384,-0.0076831765,13.0,0.0,4.0,4.0,0.004678216,0.0011974238,0.003480792,-3.0,0.0,0,0
5,cycle44_subj05_margin_low_1sess_150ep,910,66214,0.037655387,0.042456064,188,-0.0048006773,6.0,0.1111111111111111,2.888888888888889,3.0,0.0042240694,0.005842317,-0.0016182475,0.0,0.1111111111111111,0,0
5,cycle44_subj05_margin_low_1sess_150ep,911,66216,0.0470728,0.060076747,680,-0.013003945,6.0,0.25,2.5,2.0,0.0027048625,0.0035716668,-0.0008668043,1.0,-0.125,0,0
5,cycle44_subj05_margin_low_1sess_150ep,912,66278,0.06572683,0.046771195,809,0.018955637,1.0,1.0,1.0,1.0,-0.0026769266,-0.0015180781,-0.0011588484,0.0,0.0,0,0
5,cycle44_subj05_margin_low_1sess_150ep,913,66330,0.029716002,0.040876273,865,-0.011160271,13.0,0.0,4.666666666666667,4.5,0.008392278,0.002962757,0.005429521,-51.0,0.0,0,0
5,cycle44_subj05_margin_low_1sess_150ep,914,66342,0.05056865,0.0417628,109,0.008805852,1.0,1.0,1.0,1.0,0.0047901385,0.0017543733,0.0030357651,0.0,0.0,0,0
5,cycle44_subj05_margin_low_1sess_150ep,915,66421,0.047174998,0.052291907,445,-0.0051169097,6.0,0.42857142857142855,2.142857142857143,2.0,-0.0019443892,0.0005055815,-0.0024499707,3.0,0.14285714285714285,0,0
5,cycle44_subj05_margin_low_1sess_150ep,916,66464,0.034390967,0.043598026,934,-0.009207059,9.0,0.0,3.9,4.0,-0.0034928098,-0.000813555,-0.0026792549,5.0,-0.3,0,0
5,cycle44_subj05_margin_low_1sess_150ep,917,66479,0.04273199,0.045446422,876,-0.0027144328,5.0,0.2727272727272727,2.0,2.0,0.0035053343,-0.0004958473,0.0040011816,1.0,0.09090909090909088,0,0
5,cycle44_subj05_margin_low_1sess_150ep,918,66489,0.020946154,0.028018998,534,-0.0070728436,24.0,0.0,7.916666666666667,8.0,-0.00060465746,-0.0045516808,0.0039470233,5.0,0.0,0,0
5,cycle44_subj05_margin_low_1sess_150ep,919,66580,0.04952859,0.04243007,604,0.007098522,1.0,1.0,1.0,1.0,-0.0033657514,0.0019884855,-0.005354237,0.0,0.0,0,0
5,cycle44_subj05_margin_low_1sess_150ep,920,66643,0.044007618,0.056624543,142,-0.012616925,15.0,0.0,4.5,4.5,0.0021455064,0.0021746345,-2.9128045e-05,2.0,0.0,0,0
5,cycle44_subj05_margin_low_1sess_150ep,921,66773,0.06300283,0.053616557,64,0.009386275,1.0,1.0,1.0,1.0,0.006897293,0.009224936,-0.0023276433,0.0,0.0,0,0
5,cycle44_subj05_margin_low_1sess_150ep,922,66836,0.056880318,0.05247895,590,0.004401367,1.0,1.0,1.0,1.0,0.00069786236,0.005988866,-0.0052910037,0.0,0.0,0,0
5,cycle44_subj05_margin_low_1sess_150ep,923,66946,0.04654143,0.04977433,182,-0.0032329,3.0,0.8888888888888888,1.1111111111111112,1.0,0.0037446246,0.0035715736,0.00017305091,0.0,0.0,0,0
5,cycle44_subj05_margin_low_1sess_150ep,924,66976,0.028823065,0.048266783,554,-0.019443719,67.0,0.0,19.333333333333332,18.5,-0.00076818094,0.004614163,-0.005382344,31.0,0.0,0,0
5,cycle44_subj05_margin_low_1sess_150ep,925,67045,0.040635284,0.038407207,78,0.0022280775,1.0,1.0,1.0,1.0,0.010172587,0.0007902384,0.0093823485,-7.0,0.875,0,1
5,cycle44_subj05_margin_low_1sess_150ep,926,67113,0.04188699,0.05087627,828,-0.008989282,4.0,0.3333333333333333,1.7777777777777777,2.0,0.00040107965,0.0020498075,-0.0016487278,0.0,0.1111111111111111,0,0
5,cycle44_subj05_margin_low_1sess_150ep,927,67168,0.04362493,0.05205467,523,-0.00842974,6.0,0.3333333333333333,2.111111111111111,2.0,-0.0014888197,-0.001044929,-0.0004438907,2.0,-0.22222222222222227,0,0
5,cycle44_subj05_margin_low_1sess_150ep,928,67204,0.045373116,0.042239465,442,0.0031336509,1.0,1.0,1.0,1.0,-0.0020789728,0.0006207377,-0.0026997104,0.0,0.0,0,0
5,cycle44_subj05_margin_low_1sess_150ep,929,67237,0.043314062,0.04694275,520,-0.0036286898,4.0,0.375,1.75,2.0,-0.0016891249,-0.00024760142,-0.0014415234,1.0,0.0,0,0
5,cycle44_subj05_margin_low_1sess_150ep,930,67252,0.03261723,0.043848407,601,-0.011231177,15.0,0.0,5.0,5.5,-0.00047824532,0.0057165995,-0.006194845,7.0,-0.25,0,0
5,cycle44_subj05_margin_low_1sess_150ep,931,67295,0.012079691,0.050320342,21,-0.038240653,277.0,0.0,87.11111111111111,87.0,0.010988792,0.0073651336,0.003623657,-207.0,0.0,0,0
5,cycle44_subj05_margin_low_1sess_150ep,932,67363,0.033514176,0.037590776,246,-0.0040766,2.0,0.8,1.2,1.0,0.002184894,0.0017630756,0.00042181835,0.0,0.0,0,0
5,cycle44_subj05_margin_low_1sess_150ep,933,67742,0.04551498,0.043435317,801,0.002079662,1.0,1.0,1.0,1.0,-0.0015646368,-0.0022441968,0.00067956,0.0,0.0,0,0
5,cycle44_subj05_margin_low_1sess_150ep,934,67802,0.05538687,0.049806036,731,0.005580835,1.0,1.0,1.0,1.0,0.0052847043,0.001892902,0.0033918023,0.0,0.0,0,0
5,cycle44_subj05_margin_low_1sess_150ep,935,67829,0.03282053,0.05127076,891,-0.01845023,27.0,0.0,9.11111111111111,9.0,0.005621489,0.0065430105,-0.00092152134,-21.0,0.0,0,0
5,cycle44_subj05_margin_low_1sess_150ep,936,68023,0.04787215,0.04932087,735,-0.0014487207,2.0,0.7692307692307693,1.2307692307692308,1.0,0.0030327253,0.002462685,0.0005700402,0.0,0.23076923076923084,0,0
5,cycle44_subj05_margin_low_1sess_150ep,937,68168,0.03837877,0.056852665,468,-0.018473893,7.0,0.25,2.25,2.0,0.0025598593,0.008994553,-0.006434694,0.0,0.0,0,0
5,cycle44_subj05_margin_low_1sess_150ep,938,68278,0.0290944,0.04893667,322,-0.019842269,50.0,0.0,17.76923076923077,17.0,-0.00029829517,-0.000748191,0.00044989586,-12.0,0.0,0,0
5,cycle44_subj05_margin_low_1sess_150ep,939,68311,0.044303663,0.03957811,772,0.004725553,1.0,1.0,1.0,1.0,0.004336711,0.0012644678,0.0030722432,0.0,0.0,0,0
5,cycle44_subj05_margin_low_1sess_150ep,940,68339,0.050863635,0.03995927,480,0.010904364,1.0,1.0,1.0,1.0,0.00054714456,0.00014089793,0.00040624663,0.0,0.0,0,0
5,cycle44_subj05_margin_low_1sess_150ep,941,68418,0.05037409,0.053232234,445,-0.0028581433,2.0,0.5454545454545454,1.4545454545454546,1.0,0.00015537813,0.006509263,-0.006353885,1.0,-0.4545454545454546,1,0
5,cycle44_subj05_margin_low_1sess_150ep,942,68471,0.035596788,0.047014493,680,-0.011417706,17.0,0.0,5.444444444444445,5.0,-0.0026614554,0.0028378442,-0.0054992996,10.0,-0.1111111111111111,0,0
5,cycle44_subj05_margin_low_1sess_150ep,943,68741,0.057885118,0.047570083,491,0.010315035,1.0,1.0,1.0,1.0,0.0012952685,0.0004660152,0.00082925335,0.0,0.0,0,0
5,cycle44_subj05_margin_low_1sess_150ep,944,68814,0.045648467,0.04902603,582,-0.0033775643,3.0,0.7272727272727273,1.3636363636363635,1.0,0.0035233274,0.0025183298,0.0010049976,0.0,0.0,0,0
5,cycle44_subj05_margin_low_1sess_150ep,945,68842,0.047733124,0.04677464,976,0.00095848367,1.0,1.0,1.0,1.0,0.004611127,0.00052059814,0.004090529,-1.0,0.0,0,1
5,cycle44_subj05_margin_low_1sess_150ep,946,68858,0.039030924,0.05059877,843,-0.011567846,9.0,0.09090909090909091,3.1818181818181817,3.0,0.0043711737,0.0041916147,0.00017955899,-2.0,0.09090909090909091,0,0
5,cycle44_subj05_margin_low_1sess_150ep,947,68897,0.04773232,0.0492412,522,-0.0015088804,2.0,0.5,1.5,1.5,0.003339827,0.0031431243,0.00019670278,-1.0,0.2,0,0
5,cycle44_subj05_margin_low_1sess_150ep,948,69007,0.042974528,0.044406336,714,-0.0014318079,2.0,0.8461538461538461,1.1538461538461537,1.0,0.008394357,0.0057243705,0.0026699863,0.0,0.0,0,0
5,cycle44_subj05_margin_low_1sess_150ep,949,69025,0.042276036,0.046226185,222,-0.003950149,5.0,0.3,2.0,2.0,0.0015285723,0.0010278448,0.00050072744,0.0,0.0,0,0
5,cycle44_subj05_margin_low_1sess_150ep,950,69030,0.017382503,0.04432353,493,-0.026941027,162.0,0.0,48.25,48.5,-0.00012009218,0.008348573,-0.008468665,84.0,0.0,0,0
5,cycle44_subj05_margin_low_1sess_150ep,951,69130,0.055146836,0.04069068,141,0.014456157,1.0,1.0,1.0,1.0,0.00090542436,0.0060255267,-0.0051201023,0.0,0.0,0,0
5,cycle44_subj05_margin_low_1sess_150ep,952,69214,0.054666966,0.049458884,39,0.0052080825,1.0,1.0,1.0,1.0,-0.00027239695,0.0013065375,-0.0015789345,0.0,0.0,0,0
5,cycle44_subj05_margin_low_1sess_150ep,953,69240,0.022377826,0.044400882,78,-0.022023056,64.0,0.0,20.2,20.0,0.0019574333,0.0054998435,-0.0035424102,1.0,0.0,0,0
5,cycle44_subj05_margin_low_1sess_150ep,954,69442,0.060752068,0.05274515,856,0.008006919,1.0,1.0,1.0,1.0,-0.0023527406,-0.0013183542,-0.0010343865,0.0,0.0,0,0
5,cycle44_subj05_margin_low_1sess_150ep,955,69502,0.06256361,0.039837323,634,0.02272629,1.0,1.0,1.0,1.0,0.004084833,0.0029681958,0.0011166371,0.0,0.0,0,0
5,cycle44_subj05_margin_low_1sess_150ep,956,69614,0.046503264,0.055815686,163,-0.009312421,7.0,0.08333333333333333,3.0,3.0,0.00036617368,0.003799703,-0.0034335293,3.0,-0.16666666666666669,0,0
5,cycle44_subj05_margin_low_1sess_150ep,957,69616,0.03360167,0.04675787,551,-0.013156198,25.0,0.0,9.23076923076923,8.0,0.0021475703,0.003981713,-0.001834143,7.0,0.0,0,0
5,cycle44_subj05_margin_low_1sess_150ep,958,69785,0.045960397,0.055600382,523,-0.009639986,3.0,0.3,1.8,2.0,0.0022950917,-5.2653253e-05,0.002347745,-1.0,0.09999999999999998,0,0
5,cycle44_subj05_margin_low_1sess_150ep,959,69813,0.051073782,0.04557886,714,0.0054949224,1.0,1.0,1.0,1.0,0.00018521398,0.004783351,-0.004598137,0.0,0.0,0,0
5,cycle44_subj05_margin_low_1sess_150ep,960,69831,0.01917109,0.051088523,955,-0.03191743,88.0,0.0,28.23076923076923,29.0,0.0035667624,-1.0497868e-05,0.0035772622,-66.0,0.0,0,0
5,cycle44_subj05_margin_low_1sess_150ep,961,69839,0.023187384,0.04041167,272,-0.017224286,24.0,0.0,7.333333333333333,7.0,0.0030434616,0.004316952,-0.0012734905,-8.0,0.0,0,0
5,cycle44_subj05_margin_low_1sess_150ep,962,69854,0.053539164,0.04365729,968,0.009881873,1.0,1.0,1.0,1.0,0.0020306297,0.003783986,-0.0017533563,0.0,0.0,0,0
5,cycle44_subj05_margin_low_1sess_150ep,963,69918,0.035493825,0.051116288,827,-0.015622463,10.0,0.2,4.1,4.5,-0.0062748156,0.0077368915,-0.014011707,8.0,-0.6000000000000001,0,0
5,cycle44_subj05_margin_low_1sess_150ep,964,70038,0.061891254,0.059635594,64,0.0022556596,1.0,1.0,1.0,1.0,0.009261444,0.005532615,0.0037288293,-2.0,0.33333333333333337,0,1
5,cycle44_subj05_margin_low_1sess_150ep,965,70075,0.046606917,0.05240746,79,-0.0058005415,4.0,0.5,1.75,1.5,-0.0035491511,6.559491e-05,-0.003614746,2.0,0.0,0,0
5,cycle44_subj05_margin_low_1sess_150ep,966,70095,0.027820334,0.05112577,118,-0.023305435,31.0,0.0,9.0,8.0,-0.0019608065,0.0062506013,-0.008211408,11.0,0.0,0,0
5,cycle44_subj05_margin_low_1sess_150ep,967,70193,0.04751832,0.057051707,743,-0.009533387,4.0,0.4166666666666667,1.9166666666666667,2.0,-0.0002499856,0.00014870241,-0.00039868802,0.0,0.0,0,0
5,cycle44_subj05_margin_low_1sess_150ep,968,70232,0.036733437,0.04953148,680,-0.012798041,6.0,0.5,1.8333333333333333,1.5,-3.7007034e-05,0.0067602023,-0.0067972094,2.0,-0.16666666666666663,0,0
5,cycle44_subj05_margin_low_1sess_150ep,969,70335,0.038108863,0.032619774,997,0.0054890886,1.0,1.0,1.0,1.0,0.000868313,0.0034317411,-0.0025634281,0.0,0.0,0,0
5,cycle44_subj05_margin_low_1sess_150ep,970,70360,0.033958282,0.060461856,19,-0.026503574,23.0,0.0,7.0,6.0,0.0020390935,-0.00085539743,0.002894491,-2.0,0.0,0,0
5,cycle44_subj05_margin_low_1sess_150ep,971,70368,0.04254636,0.048312973,331,-0.0057666115,3.0,0.3333333333333333,1.7333333333333334,2.0,0.005764831,0.0061636902,-0.00039885938,-2.0,-0.13333333333333336,0,0
5,cycle44_subj05_margin_low_1sess_150ep,972,70427,0.03951642,0.044244003,493,-0.0047275834,3.0,0.5555555555555556,1.5555555555555556,1.0,0.007363118,0.008634992,-0.0012718737,-2.0,0.5555555555555556,0,0
5,cycle44_subj05_margin_low_1sess_150ep,973,70505,0.03981631,0.0487575,276,-0.008941192,5.0,0.1111111111111111,2.6666666666666665,2.0,0.0037116744,0.0003264472,0.0033852272,-1.0,0.0,0,0
5,cycle44_subj05_margin_low_1sess_150ep,974,70585,0.030896142,0.04431653,430,-0.013420388,43.0,0.0,13.11111111111111,12.0,0.006306287,0.002311442,0.003994845,-57.0,0.0,0,0
5,cycle44_subj05_margin_low_1sess_150ep,975,70589,0.032626987,0.049602997,403,-0.01697601,55.0,0.0,16.333333333333332,15.0,0.00010397658,-0.0032646805,0.003368657,7.0,0.0,0,0
5,cycle44_subj05_margin_low_1sess_150ep,976,70671,0.056889977,0.049909912,48,0.0069800653,1.0,1.0,1.0,1.0,0.0041387826,0.0034174696,0.00072131306,0.0,0.0,0,0
5,cycle44_subj05_margin_low_1sess_150ep,977,70758,0.03034936,0.04824347,928,-0.01789411,32.0,0.0,10.666666666666666,12.0,0.0019441228,-0.000999894,0.0029440168,-5.0,0.0,0,0
5,cycle44_subj05_margin_low_1sess_150ep,978,70764,0.053440675,0.044982415,419,0.00845826,1.0,1.0,1.0,1.0,0.0033935234,0.0026564226,0.00073710084,0.0,0.0,0,0
5,cycle44_subj05_margin_low_1sess_150ep,979,70947,0.034195986,0.04134157,100,-0.0071455836,17.0,0.0,5.25,5.0,0.008662868,0.003246054,0.0054168142,-5.0,0.0,0,0
5,cycle44_subj05_margin_low_1sess_150ep,980,71025,0.02121269,0.04595243,118,-0.024739742,269.0,0.0,85.46153846153847,84.0,0.0028925166,0.0054132603,-0.0025207438,23.0,0.0,0,0
5,cycle44_subj05_margin_low_1sess_150ep,981,71186,0.04934126,0.045923434,46,0.0034178272,1.0,1.0,1.0,1.0,0.0048431717,0.005524125,-0.00068095326,0.0,0.0,0,0
5,cycle44_subj05_margin_low_1sess_150ep,982,71229,0.052842334,0.055216238,175,-0.002373904,3.0,0.5714285714285714,1.4285714285714286,1.0,0.0037282333,0.005194869,-0.0014666356,1.0,-0.2857142857142857,0,0
5,cycle44_subj05_margin_low_1sess_150ep,983,71232,0.053072244,0.046920277,493,0.0061519668,1.0,1.0,1.0,1.0,0.003454443,0.008916073,-0.0054616295,0.0,0.0,0,0
5,cycle44_subj05_margin_low_1sess_150ep,984,71241,0.042855754,0.038246103,660,0.004609652,1.0,1.0,1.0,1.0,0.0006484464,0.0042461045,-0.0035976581,0.0,0.0,0,0
5,cycle44_subj05_margin_low_1sess_150ep,985,71410,0.05386511,0.044286195,250,0.009578913,1.0,1.0,1.0,1.0,0.0015544817,0.0029671825,-0.0014127009,0.0,0.0,0,0
5,cycle44_subj05_margin_low_1sess_150ep,986,71450,0.06084651,0.058506094,21,0.0023404174,1.0,1.0,1.0,1.0,0.007086877,0.006482359,0.00060451776,0.0,0.0,0,0
5,cycle44_subj05_margin_low_1sess_150ep,987,71753,0.04426093,0.044404075,246,-0.00014314428,2.0,0.5454545454545454,1.4545454545454546,1.0,0.00060810894,-0.0011680052,0.0017761141,0.0,-0.18181818181818188,0,0
5,cycle44_subj05_margin_low_1sess_150ep,988,71894,0.049254354,0.05387327,499,-0.0046189167,2.0,0.875,1.125,1.0,-0.000110503286,-0.0030469,0.0029363967,-2.0,0.125,0,0
5,cycle44_subj05_margin_low_1sess_150ep,989,71928,0.04192043,0.044301454,384,-0.002381023,7.0,0.0,3.0,3.0,-0.0014490373,-5.351752e-05,-0.0013955198,5.0,-0.7272727272727273,0,0
5,cycle44_subj05_margin_low_1sess_150ep,990,72015,0.050444804,0.04586306,322,0.0045817457,1.0,1.0,1.0,1.0,0.0035689138,0.0050011687,-0.0014322549,0.0,0.0,0,0
5,cycle44_subj05_margin_low_1sess_150ep,991,72080,0.049041685,0.04208149,523,0.0069601946,1.0,1.0,1.0,1.0,0.0016699694,0.0019894578,-0.00031948835,0.0,0.0,0,0
5,cycle44_subj05_margin_low_1sess_150ep,992,72170,0.035247274,0.04685617,499,-0.011608895,13.0,0.0,4.666666666666667,5.0,-0.00043376908,-0.00073356926,0.0002998002,5.0,-0.1111111111111111,0,0
5,cycle44_subj05_margin_low_1sess_150ep,993,72209,0.047228076,0.043850124,223,0.0033779517,1.0,1.0,1.0,1.0,0.00044740364,0.0006533377,-0.00020593405,0.0,0.0,0,0
5,cycle44_subj05_margin_low_1sess_150ep,994,72257,0.037613597,0.053774994,403,-0.016161397,22.0,0.0,7.636363636363637,7.0,-0.0027023628,-0.0008405745,-0.0018617883,13.0,-0.09090909090909091,0,0
5,cycle44_subj05_margin_low_1sess_150ep,995,72312,0.036642835,0.049591176,501,-0.012948342,18.0,0.0,6.111111111111111,6.0,0.006908145,0.0023162737,0.004591871,-5.0,0.0,0,0
5,cycle44_subj05_margin_low_1sess_150ep,996,72510,0.038007095,0.04161477,828,-0.0036076754,2.0,0.625,1.375,1.0,0.00026232004,0.0048491433,-0.0045868233,1.0,-0.375,1,0
5,cycle44_subj05_margin_low_1sess_150ep,997,72605,0.06128052,0.05317102,793,0.008109499,1.0,1.0,1.0,1.0,-5.0783157e-05,0.00092610717,-0.0009768903,0.0,0.0,0,0
5,cycle44_subj05_margin_low_1sess_150ep,998,72719,0.03479945,0.049705587,728,-0.014906138,4.0,0.42857142857142855,1.7857142857142858,2.0,-0.00013038516,0.008697506,-0.008827891,2.0,-0.21428571428571436,0,0
5,cycle44_subj05_margin_low_1sess_150ep,999,72948,0.05137614,0.05068498,828,0.00069116056,1.0,1.0,1.0,1.0,0.00015384331,0.0068825334,-0.00672869,0.0,0.0,0,0
