subject,eval_index,nsd_image_id,prior0_image_rank,prior_low_image_rank,image_rank_delta_prior_low_minus_prior0,prior0_brain_rank,prior_low_brain_rank,brain_rank_delta_prior_low_minus_prior0,image_score_delta_prior_low_minus_prior0,brain_score_delta_prior_low_minus_prior0,flat_norm_delta_prior_low_minus_prior0,mean_token_norm_delta_prior_low_minus_prior0,brain_margin_hardest_delta_prior_low_minus_prior0,image_margin_hardest_delta_prior_low_minus_prior0,brain_margin_top5_delta_prior_low_minus_prior0,image_margin_top5_delta_prior_low_minus_prior0,blurry_pixcorr_prior0,blurry_pixcorr_prior_low,blurry_pixcorr_delta_prior_low_minus_prior0,recons_pixcorr_prior0,recons_pixcorr_prior_low,recons_pixcorr_delta_prior_low_minus_prior0,enhanced_pixcorr_prior0,enhanced_pixcorr_prior_low,enhanced_pixcorr_delta_prior_low_minus_prior0,enhanced_evalmix_pixcorr_prior0,enhanced_evalmix_pixcorr_prior_low,enhanced_evalmix_pixcorr_delta_prior_low_minus_prior0,prior0_final_fullpool_rank,prior_low_final_fullpool_rank,final_fullpool_rank_delta_prior_low_minus_prior0,prior0_final_fullpool_positive_similarity,prior_low_final_fullpool_positive_similarity,final_fullpool_positive_similarity_delta_prior_low_minus_prior0,prior0_final_fullpool_mean_impostor_similarity,prior_low_final_fullpool_mean_impostor_similarity,final_fullpool_mean_impostor_similarity_delta_prior_low_minus_prior0,prior0_final_fullpool_hardest_impostor_similarity,prior_low_final_fullpool_hardest_impostor_similarity,final_fullpool_hardest_impostor_similarity_delta_prior_low_minus_prior0,prior0_final_fullpool_positive_minus_mean_impostor,prior_low_final_fullpool_positive_minus_mean_impostor,final_fullpool_positive_minus_mean_impostor_delta_prior_low_minus_prior0,prior0_final_fullpool_positive_minus_hardest_impostor,prior_low_final_fullpool_positive_minus_hardest_impostor,final_fullpool_positive_minus_hardest_impostor_delta_prior_low_minus_prior0,prior0_final_fullpool_positive_minus_top5_impostor,prior_low_final_fullpool_positive_minus_top5_impostor,final_fullpool_positive_minus_top5_impostor_delta_prior_low_minus_prior0,prior0_final_fullpool_top1_success,prior_low_final_fullpool_top1_success,final_fullpool_top1_success_delta_prior_low_minus_prior0,prior0_final_sampled300_appearances,prior_low_final_sampled300_appearances,final_sampled300_appearances_delta_prior_low_minus_prior0,prior0_final_sampled300_success_count,prior_low_final_sampled300_success_count,final_sampled300_success_count_delta_prior_low_minus_prior0,prior0_final_sampled300_success_rate,prior_low_final_sampled300_success_rate,final_sampled300_success_rate_delta_prior_low_minus_prior0,prior0_final_sampled300_sampled_rank_mean,prior_low_final_sampled300_sampled_rank_mean,final_sampled300_sampled_rank_mean_delta_prior_low_minus_prior0,prior0_final_sampled300_sampled_positive_similarity,prior_low_final_sampled300_sampled_positive_similarity,final_sampled300_sampled_positive_similarity_delta_prior_low_minus_prior0,prior0_final_sampled300_sampled_mean_impostor_similarity,prior_low_final_sampled300_sampled_mean_impostor_similarity,final_sampled300_sampled_mean_impostor_similarity_delta_prior_low_minus_prior0,prior0_final_sampled300_sampled_hardest_impostor_similarity,prior_low_final_sampled300_sampled_hardest_impostor_similarity,final_sampled300_sampled_hardest_impostor_similarity_delta_prior_low_minus_prior0,prior0_final_sampled300_sampled_positive_minus_mean_impostor,prior_low_final_sampled300_sampled_positive_minus_mean_impostor,final_sampled300_sampled_positive_minus_mean_impostor_delta_prior_low_minus_prior0,prior0_final_sampled300_sampled_positive_minus_hardest_impostor,prior_low_final_sampled300_sampled_positive_minus_hardest_impostor,final_sampled300_sampled_positive_minus_hardest_impostor_delta_prior_low_minus_prior0,final_feature_norm_delta_prior_low_minus_prior0,final_brainret_success_rate_delta_prior_low_minus_prior0
5,0,2950,2.0,79.0,77.0,2.0,5.0,3.0,0.028866649,0.028866649,-42.881012,-1.4910297,-0.0044061765,-0.017615892,-0.004762985,-0.020881485,0.1446065,0.15152964,0.006923139,0.13187002,0.12567471,-0.006195307,0.1354889,0.14042056,0.0049316585,0.15107496,0.15683395,0.005758986,2.0,79.0,77.0,0.040966935,0.069833584,0.028866649,0.0041536363,0.04811662,0.043962985,0.04897283,0.09545537,0.04648254,0.0368133,0.021716963,-0.015096337,-0.008005895,-0.025621787,-0.017615892,0.00057184324,-0.020309642,-0.020881485,0.0,0.0,0.0,6,6,0,6,0,-6,1.0,0.0,-1.0,1.0,24.0,23.0,0.0409669354557991,0.06983358412981033,0.02886664867401123,0.0038833268141994872,0.04766433065136274,0.043781003837163254,0.03778771124780178,0.08925888935724895,0.051471178109447166,0.03708360902965069,0.022169253478447597,-0.01491435555120309,0.003179224207997322,-0.01942530522743861,-0.022604529435435932,-42.881012,-1.0
5,1,2990,2.0,159.0,157.0,1.0,4.0,3.0,0.021267354,0.021267354,-38.97229,-0.6978874,-0.0039534047,-0.017016042,-0.0066478774,-0.023340095,0.14181268,0.17101534,0.029202655,0.17446136,0.1400913,-0.034370065,0.18332969,0.12655526,-0.056774423,0.19912918,0.14591976,-0.053209424,2.0,159.0,157.0,0.047021426,0.06828878,0.021267354,0.015531943,0.05221567,0.036683727,0.053744268,0.092027664,0.038283397,0.031489484,0.016073111,-0.015416373,-0.0067228414,-0.023738883,-0.017016042,0.0013703369,-0.021969758,-0.023340095,0.0,0.0,0.0,13,13,0,10,0,-10,0.7692307692307693,0.0,-0.7692307692307693,1.2307692307692308,51.23076923076923,50.0,0.047021426260471344,0.06828878074884415,0.021267354488372803,0.015629518132370252,0.05256966902659489,0.036940150894224644,0.04615375313621301,0.0903711668573893,0.04421741372117629,0.031391908343021684,0.01571911172224925,-0.015672796620772433,0.0008676731242583349,-0.022082386108545158,-0.022950059232803494,-38.97229,-0.7692307692307693
5,2,3049,4.0,2.0,-2.0,4.0,3.0,-1.0,0.0462517,0.0462517,-81.35019,-2.5188007,0.0028805248,0.0022653975,-0.00012556091,0.000729952,0.07996536,-0.010638905,-0.09060427,0.042550024,0.078799136,0.036249112,0.0862142,0.108362354,0.022148155,0.095146246,0.103148825,0.008002579,4.0,2.0,-2.0,0.049355805,0.095607504,0.0462517,0.007040226,0.04847056,0.041430335,0.052023944,0.096010245,0.043986302,0.04231558,0.047136944,0.004821364,-0.0026681386,-0.00040274113,0.0022653975,0.00033551827,0.0010654703,0.000729952,0.0,0.0,0.0,12,12,0,2,10,8,0.16666666666666666,0.8333333333333334,0.6666666666666667,2.0,1.1666666666666667,-0.8333333333333333,0.04935580492019653,0.09560750424861908,0.046251699328422546,0.0069181187233577175,0.04849518866588672,0.04157706994252901,0.04967552920182546,0.0936415574202935,0.04396602821846803,0.042437685964008175,0.04711231558273236,0.004674629618724183,-0.0003197242816289266,0.0019659468283255896,0.0022856711099545164,-81.35019,0.6666666666666667
5,3,3077,19.0,102.0,83.0,24.0,3.0,-21.0,0.041889045,0.041889045,-62.793427,-1.6631851,0.011004221,-0.008091636,0.00824618,-0.009044547,0.1883783,0.16037415,-0.028004155,0.121887185,0.20273693,0.080849744,0.11584043,0.22967625,0.11383582,0.12871532,0.23979478,0.111079454,19.0,102.0,83.0,0.027701605,0.06959065,0.041889045,0.0037412758,0.04948851,0.045747235,0.041830372,0.09181105,0.04998068,0.02396033,0.02010214,-0.00385819,-0.014128767,-0.022220403,-0.008091636,-0.0091109015,-0.018155448,-0.009044547,0.0,0.0,0.0,9,9,0,0,0,0,0.0,0.0,0.0,6.444444444444445,31.333333333333332,24.888888888888886,0.02770160511136055,0.06959065049886703,0.041889045387506485,0.0034641322628077534,0.04944025766518381,0.045976125402376056,0.03798076013724009,0.08721781025330226,0.04923705011606217,0.024237472977903154,0.020150392833683226,-0.0040870801442199275,-0.010279155025879541,-0.017627159754435223,-0.007348004728555681,-62.793427,0.0
5,4,3146,9.0,95.0,86.0,33.0,23.0,-10.0,0.036318492,0.036318492,-18.071167,0.15268517,0.0051012374,-0.014888167,0.005309906,-0.016462274,0.56602496,0.4000557,-0.16596925,0.24206913,0.32180288,0.07973376,0.28050607,0.35279706,0.07229099,0.3462237,0.37852773,0.03230402,9.0,95.0,86.0,0.03236678,0.06868527,0.036318492,0.0064468486,0.047375463,0.040928613,0.040289175,0.091495834,0.05120666,0.02591993,0.021309808,-0.0046101213,-0.007922396,-0.022810563,-0.014888167,-0.0049929544,-0.021455228,-0.016462274,0.0,0.0,0.0,15,15,0,0,0,0,0.0,0.0,0.0,4.0,30.266666666666666,26.266666666666666,0.03236677870154381,0.06868527084589005,0.03631849214434624,0.006575907425334056,0.0474912775059541,0.040915370080620045,0.03903983558217684,0.08941720475753148,0.05037736917535464,0.025790871183077494,0.02119399333993594,-0.004596877843141556,-0.006673056880633036,-0.02073193391164144,-0.014058877031008405,-18.071167,0.0
5,5,3157,2.0,22.0,20.0,9.0,2.0,-7.0,0.027631115,0.027631115,-64.70868,-3.1679325,0.0048439987,-0.012752019,0.004475396,-0.01473324,0.40396857,0.3093194,-0.094649166,-0.07117506,-0.06532518,0.005849883,-0.051119942,-0.048865482,0.00225446,0.013459563,-0.0042333123,-0.017692875,2.0,22.0,20.0,0.0471682,0.074799314,0.027631115,-0.007936567,0.041175418,0.049111985,0.050849427,0.09123256,0.040383134,0.055104766,0.033623897,-0.02148087,-0.0036812276,-0.016433246,-0.012752019,0.0035448521,-0.011188388,-0.01473324,0.0,0.0,0.0,9,9,0,6,0,-6,0.6666666666666666,0.0,-0.6666666666666666,1.3333333333333333,7.888888888888889,6.555555555555556,0.047168198972940445,0.0747993141412735,0.027631115168333054,-0.007541357694814603,0.04182845147119628,0.04936980916601088,0.045093684560722776,0.08740280982520846,0.04230912526448568,0.054709556616014905,0.03297086267007722,-0.021738693945937686,0.00207451441221767,-0.012603495683934953,-0.014678010096152622,-64.70868,-0.6666666666666666
5,6,3164,92.0,263.0,171.0,26.0,100.0,74.0,0.03125684,0.03125684,-37.928253,-0.9031143,0.0015363675,-0.010918001,0.0025717784,-0.01457989,0.35140768,0.3365587,-0.014848977,0.13005346,0.13511817,0.005064711,0.12353454,0.12911664,0.0055821016,0.15391567,0.16890381,0.014988139,92.0,263.0,171.0,0.026910426,0.058167268,0.03125684,0.012905135,0.048714254,0.03580912,0.04501256,0.0871874,0.042174842,0.014005291,0.009453014,-0.0045522777,-0.018102134,-0.029020134,-0.010918001,-0.012834949,-0.02741484,-0.01457989,0.0,0.0,0.0,8,8,0,0,0,0,0.0,0.0,0.0,29.125,79.25,50.125,0.02691042609512806,0.058167267590761185,0.031256841495633125,0.01336762064602226,0.048784779384732246,0.035417158738709986,0.04098618729040027,0.08462701458483934,0.04364082729443908,0.0135428054491058,0.009382488206028938,-0.004160317243076861,-0.014075761195272207,-0.02645974699407816,-0.012383985798805952,-37.928253,0.0
5,7,3171,153.0,671.0,518.0,16.0,13.0,-3.0,0.021097088,0.021097088,-87.9043,-3.2476044,0.0052225385,-0.02934757,0.0029780231,-0.029238684,0.5953363,0.52978754,-0.06554878,0.56907713,0.5479821,-0.021095037,0.5554473,0.54792404,-0.0075232387,0.5933588,0.5856848,-0.0076740384,153.0,671.0,518.0,0.018396901,0.03949399,0.021097088,0.006364798,0.046678025,0.04031323,0.044630017,0.095074676,0.05044466,0.012032103,-0.007184036,-0.019216139,-0.026233116,-0.055580687,-0.02934757,-0.019904276,-0.04914296,-0.029238684,0.0,0.0,0.0,8,8,0,0,0,0,0.0,0.0,0.0,44.625,200.375,155.75,0.018396900966763496,0.03949398919939995,0.02109708823263645,0.0060579461278393865,0.04631720529869199,0.0402592591708526,0.03908436605706811,0.08887800015509129,0.049793634098023176,0.012338954722508788,-0.00682321609929204,-0.019162170821800828,-0.020687465090304613,-0.04938401095569134,-0.028696545865386724,-87.9043,0.0
5,8,3181,1.0,3.0,2.0,1.0,1.0,0.0,0.03504464,0.03504464,-48.003265,-1.4693146,-0.009030238,-0.015149806,-0.011828728,-0.014647987,0.010354819,0.22941819,0.21906337,-0.06748543,0.030343683,0.09782911,-0.07288644,0.03482187,0.107708305,-0.06346086,0.061248448,0.12470931,1.0,3.0,2.0,0.06055402,0.09559866,0.03504464,0.011685135,0.05152283,0.039837696,0.052326035,0.10252048,0.050194446,0.048868887,0.04407583,-0.0047930554,0.008227985,-0.0069218203,-0.015149806,0.013370197,-0.0012777895,-0.014647987,1.0,0.0,-1.0,12,12,0,12,7,-5,1.0,0.5833333333333334,-0.41666666666666663,1.0,1.5,0.5,0.06055402010679245,0.09559866040945053,0.03504464030265808,0.012124310713261366,0.05221344778935114,0.04008913707608978,0.04724046277503172,0.09707041084766388,0.049829948072632156,0.04842970923831066,0.04338521262009939,-0.005044496618211269,0.013313557331760725,-0.0014717504382133484,-0.014785307769974073,-48.003265,-0.41666666666666663
5,9,3386,43.0,60.0,17.0,43.0,81.0,38.0,0.046139013,0.046139013,-16.812622,0.17738724,0.00033158436,-0.009671569,0.0009405203,-0.007920805,0.21305084,0.34197056,0.12891972,-0.038705684,0.035775226,0.074480906,-0.020501237,0.054186743,0.07468798,-0.0036177053,0.073934466,0.07755217,43.0,60.0,17.0,0.029206548,0.07534556,0.046139013,0.009084971,0.05041952,0.04133455,0.043576185,0.09938677,0.055810582,0.020121578,0.02492604,0.004804462,-0.014369637,-0.024041206,-0.009671569,-0.00940403,-0.017324835,-0.007920805,0.0,0.0,0.0,5,5,0,0,0,0,0.0,0.0,0.0,12.6,19.0,6.4,0.029206547886133194,0.07534556090831757,0.04613901302218437,0.009327210858464241,0.051057145744562146,0.04172993488609791,0.037576877325773236,0.09161091297864914,0.0540340356528759,0.019879337400197983,0.024288415163755416,0.004409077763557433,-0.008370329439640046,-0.016265352070331574,-0.007895022630691528,-16.812622,0.0
5,10,3434,3.0,166.0,163.0,1.0,2.0,1.0,0.014149185,0.014149185,-77.484314,-3.2911167,-0.0032934807,-0.022989418,-0.0068856776,-0.024101373,0.48882076,0.52521974,0.036398977,0.50072396,0.23576117,-0.2649628,0.54141283,0.22521107,-0.31620175,0.5803855,0.3052049,-0.2751806,3.0,166.0,163.0,0.046897158,0.061046343,0.014149185,0.0041048457,0.046960086,0.04285524,0.052848928,0.08998753,0.037138604,0.042792313,0.014086258,-0.028706055,-0.0059517696,-0.028941188,-0.022989418,0.0009337291,-0.023167644,-0.024101373,0.0,0.0,0.0,12,12,0,7,0,-7,0.5833333333333334,0.0,-0.5833333333333334,1.5833333333333333,51.25,49.666666666666664,0.04689715802669525,0.06104634329676628,0.01414918527007103,0.0041951610473915935,0.04717933169255654,0.042984170645164944,0.045865327740708985,0.08636783498028915,0.04050250723958016,0.042701996862888336,0.013867011604209742,-0.028834985258678593,0.0010318302859862645,-0.02532149168352286,-0.026353321969509125,-77.484314,-0.5833333333333334
5,11,3449,1.0,1.0,0.0,1.0,1.0,0.0,0.03935262,0.03935262,-75.23364,-2.6871166,-0.00080728903,-0.011419028,-0.0015677847,-0.011469305,0.0675402,0.1478431,0.080302894,0.15162477,0.062170476,-0.08945429,0.202906,0.10166236,-0.10124364,0.2026262,0.119675875,-0.082950324,1.0,1.0,0.0,0.059088923,0.09844154,0.03935262,0.0029182339,0.047466,0.044547766,0.04019486,0.09096651,0.050771646,0.05617069,0.050975543,-0.0051951483,0.018894061,0.0074750334,-0.011419028,0.020075053,0.008605748,-0.011469305,1.0,1.0,0.0,10,10,0,10,10,0,1.0,1.0,0.0,1.0,1.0,0.0,0.059088923037052155,0.09844154119491577,0.03935261815786362,0.0027015677304007115,0.047760797291994096,0.04505922956159338,0.03910919241607189,0.0886742778122425,0.04956508539617061,0.05638735517859459,0.050680743902921675,-0.005706611275672915,0.01997973062098026,0.009767263382673263,-0.010212467238306999,-75.23364,0.0
5,12,3489,7.0,52.0,45.0,14.0,8.0,-6.0,0.039083015,0.039083015,-34.015625,-0.97314453,0.009628013,-0.009676807,0.0037664883,-0.008274801,-0.290268,-0.29523012,-0.0049621165,0.46055406,0.22840177,-0.2321523,0.47006923,0.23712264,-0.23294659,0.42532763,0.19344907,-0.23187856,7.0,52.0,45.0,0.03705288,0.076135896,0.039083015,0.00476299,0.0479473,0.04318431,0.04700147,0.09576129,0.04875982,0.032289892,0.028188597,-0.004101295,-0.009948589,-0.019625396,-0.009676807,-0.0073541775,-0.015628979,-0.008274801,0.0,0.0,0.0,5,5,0,2,0,-2,0.4,0.0,-0.4,1.8,17.4,15.599999999999998,0.037052880972623825,0.07613589614629745,0.03908301517367363,0.004775346908718348,0.04838391989469528,0.04360857298597693,0.03970230147242546,0.09265670478343964,0.05295440331101418,0.0322775349020958,0.027751976251602174,-0.004525558650493623,-0.002649420499801636,-0.01652080863714218,-0.013871388137340545,-34.015625,-0.4
5,13,3626,4.0,50.0,46.0,1.0,1.0,0.0,0.034784976,0.034784976,-30.597015,-0.6596947,-0.003274124,-0.01837562,-0.0040788054,-0.016562995,0.13162033,0.21661839,0.08499806,0.17592908,0.08592212,-0.09000696,0.1862966,0.11266261,-0.073633984,0.1890277,0.13228911,-0.056738585,4.0,50.0,46.0,0.04292197,0.07770695,0.034784976,0.005215752,0.049627867,0.044412114,0.04816227,0.10132287,0.053160597,0.03770622,0.028079081,-0.009627137,-0.005240299,-0.023615919,-0.01837562,-0.0006128065,-0.017175801,-0.016562995,0.0,0.0,0.0,13,13,0,4,0,-4,0.3076923076923077,0.0,-0.3076923076923077,2.0,16.923076923076923,14.923076923076923,0.042921971529722214,0.0777069479227066,0.03478497639298439,0.005373317748308182,0.04997122516998878,0.0445979074216806,0.0446557505772664,0.09371254879694718,0.04905679821968078,0.03754865378141403,0.027735722752717826,-0.009812931028696206,-0.001733779047544186,-0.01600560087424058,-0.014271821826696396,-30.597015,-0.3076923076923077
5,14,3682,2.0,410.0,408.0,1.0,1.0,0.0,0.00923549,0.00923549,-49.160095,-1.9582195,-0.0022765733,-0.035842195,-0.0026503392,-0.03593342,0.90163046,0.87500197,-0.026628494,0.8334724,0.8497849,0.01631254,0.8539527,0.8656743,0.011721611,0.8760467,0.88209546,0.006048739,2.0,410.0,408.0,0.041341495,0.050576985,0.00923549,-0.0070320787,0.046462744,0.053494822,0.044294562,0.08937225,0.045077685,0.048373573,0.0041142404,-0.044259332,-0.0029530674,-0.038795263,-0.035842195,0.0018316209,-0.0341018,-0.03593342,0.0,0.0,0.0,10,10,0,8,0,-8,0.8,0.0,-0.8,1.2,129.6,128.4,0.041341494768857956,0.050576984882354736,0.00923549011349678,-0.006684528477489948,0.047318994998931885,0.05400352347642183,0.03982904255390167,0.08605826869606972,0.04622922614216805,0.04802602380514145,0.0032579898834228516,-0.044768033921718596,0.0015124522149562835,-0.03548128381371498,-0.036993736028671266,-49.160095,-0.8
5,15,3687,1.0,80.0,79.0,1.0,5.0,4.0,0.021730937,0.021730937,-27.454742,-0.3755417,-0.0066562556,-0.023014288,-0.0056375787,-0.028127111,0.57009065,0.6313203,0.061229646,0.47215885,0.4523432,-0.019815654,0.47400004,0.44536877,-0.02863127,0.5120378,0.493886,-0.01815182,1.0,80.0,79.0,0.049681164,0.0714121,0.021730937,0.0062633264,0.049049325,0.042786,0.048791353,0.09353658,0.044745225,0.043417837,0.022362776,-0.021055061,0.00088981166,-0.022124477,-0.023014288,0.007414907,-0.020712204,-0.028127111,1.0,0.0,-1.0,6,6,0,6,0,-6,1.0,0.0,-1.0,1.0,26.166666666666668,25.166666666666668,0.0496811643242836,0.0714121013879776,0.021730937063694,0.006286929982403914,0.04941403307020664,0.04312710308780273,0.04346755022803942,0.09265980248649915,0.049192252258459725,0.04339423465232054,0.021998068317770958,-0.021396166334549584,0.006213614096244176,-0.02124770109852155,-0.027461315194765724,-27.454742,-1.0
5,16,3729,2.0,127.0,125.0,1.0,2.0,1.0,0.019740682,0.019740682,-59.500885,-2.0426292,-0.0062816925,-0.026301868,-0.0040412247,-0.025954574,-0.070755355,0.16438419,0.23513955,0.022284098,-0.0902552,-0.1125393,0.005351707,-0.118185975,-0.12353768,-0.0051236837,-0.07826012,-0.073136434,2.0,127.0,125.0,0.04619002,0.0659307,0.019740682,0.008003715,0.04875316,0.040749446,0.04879662,0.09483917,0.04604255,0.038186304,0.01717754,-0.021008763,-0.0026066005,-0.028908469,-0.026301868,0.0027117208,-0.023242854,-0.025954574,0.0,0.0,0.0,8,8,0,4,0,-4,0.5,0.0,-0.5,1.5,42.375,40.875,0.04619001969695091,0.06593070179224014,0.01974068209528923,0.008153393166139722,0.04933593003079295,0.04118253686465323,0.04550908878445625,0.08968812506645918,0.044179036282002926,0.03803662583231926,0.01659477176144719,-0.02144185407087207,0.0006809309124946594,-0.023757423274219036,-0.024438354186713696,-59.500885,-0.5
5,17,3809,17.0,170.0,153.0,27.0,11.0,-16.0,0.034861542,0.034861542,-71.10617,-2.6595325,0.011249535,-0.014492843,0.009845372,-0.0141642615,0.43936485,0.48235786,0.04299301,0.3700217,0.2637451,-0.1062766,0.3476167,0.26029995,-0.08731675,0.38820332,0.3066706,-0.08153272,17.0,170.0,153.0,0.025921252,0.060782794,0.034861542,-0.0035942527,0.04532862,0.048922874,0.038246866,0.08760125,0.049354386,0.029515505,0.015454173,-0.014061332,-0.012325615,-0.026818458,-0.014492843,-0.010577921,-0.024742182,-0.0141642615,0.0,0.0,0.0,8,8,0,0,0,0,0.0,0.0,0.0,5.5,53.75,48.25,0.025921251624822617,0.060782793909311295,0.03486154228448868,-0.0036609552917070687,0.04551429208368063,0.0491752473753877,0.034846793627366424,0.08581673074513674,0.050969937117770314,0.029582206858322024,0.015268501825630665,-0.01431370503269136,-0.008925542002543807,-0.025033936835825443,-0.016108394833281636,-71.10617,0.0
5,18,3842,11.0,65.0,54.0,15.0,11.0,-4.0,0.040549774,0.040549774,-61.0011,-2.063223,0.006636787,-0.0071859285,0.0042721555,-0.009625483,-0.03532568,-0.0012010537,0.034124628,0.020956002,0.11050772,0.08955172,0.014424359,0.11288084,0.09845648,0.009547333,0.10435135,0.09480402,11.0,65.0,54.0,0.032115947,0.07266572,0.040549774,0.0028228287,0.048838653,0.046015825,0.044893343,0.092629045,0.047735702,0.029293118,0.023827069,-0.0054660495,-0.012777396,-0.019963324,-0.0071859285,-0.007878702,-0.017504185,-0.009625483,0.0,0.0,0.0,8,8,0,0,0,0,0.0,0.0,0.0,3.875,22.375,18.5,0.03211594745516777,0.07266572117805481,0.04054977372288704,0.002875844860682264,0.04876377386972308,0.04588792900904082,0.04094354761764407,0.09052137657999992,0.04957782896235585,0.02924010274000466,0.023901947308331728,-0.005338155431672931,-0.008827600162476301,-0.017855655401945114,-0.009028055239468813,-61.0011,0.0
5,19,3847,2.0,176.0,174.0,4.0,3.0,-1.0,0.008951206,0.008951206,-82.46912,-2.9848194,0.006309226,-0.036652148,0.0028693154,-0.03552265,0.566363,0.54966444,-0.01669854,0.31359598,0.3264907,0.01289472,0.29556417,0.29635888,0.0007947087,0.3535506,0.36738458,0.01383397,2.0,176.0,174.0,0.05155771,0.060508914,0.008951206,0.0038343933,0.047090087,0.043255694,0.05515595,0.100759305,0.045603354,0.047723316,0.013418827,-0.03430449,-0.003598243,-0.04025039,-0.036652148,0.0029514246,-0.032571226,-0.03552265,0.0,0.0,0.0,9,9,0,3,0,-3,0.3333333333333333,0.0,-0.3333333333333333,1.6666666666666667,54.888888888888886,53.22222222222222,0.05155770853161812,0.06050891429185867,0.008951205760240555,0.003759346255618665,0.04730662082632383,0.04354727457070517,0.05335303437378672,0.09623491515715916,0.04288188078337245,0.04779836245708995,0.013202293465534845,-0.03459606899155511,-0.001795325842168596,-0.0357260008653005,-0.0339306750231319,-82.46912,-0.3333333333333333
5,20,3856,6.0,207.0,201.0,5.0,4.0,-1.0,0.02352053,0.02352053,-44.94159,-1.595068,0.004835874,-0.031655602,0.0012131669,-0.027533624,0.31679204,0.30228826,-0.014503777,0.08923528,0.1141603,0.024925016,0.093347885,0.109125435,0.01577755,0.12949322,0.13967471,0.010181487,6.0,207.0,201.0,0.037371423,0.060891952,0.02352053,0.007704437,0.047161832,0.039457396,0.04359092,0.09876705,0.05517613,0.029666986,0.01373012,-0.015936866,-0.006219495,-0.037875097,-0.031655602,-0.0025190115,-0.030052636,-0.027533624,0.0,0.0,0.0,7,7,0,2,0,-2,0.2857142857142857,0.0,-0.2857142857142857,2.5714285714285716,66.42857142857143,63.85714285714286,0.037371423095464706,0.060891952365636826,0.02352052927017212,0.00808358910892691,0.047683204391172955,0.039599615282246044,0.03945658089859145,0.08806401065417699,0.04860742975558554,0.0292878339865378,0.013208747974463872,-0.016079086012073925,-0.0020851578031267437,-0.02717205828854016,-0.025086900485413417,-44.94159,-0.2857142857142857
5,21,3913,1.0,106.0,105.0,1.0,2.0,1.0,0.01431619,0.01431619,-58.182312,-2.6366081,-0.0026960224,-0.032624587,-0.0064210407,-0.033389512,0.17820749,0.023802102,-0.15440539,0.08739385,0.197332,0.109938145,0.08334638,0.20689021,0.12354383,0.1122864,0.20278205,0.09049565,1.0,106.0,105.0,0.05437548,0.06869167,0.01431619,0.0069928663,0.049474094,0.04248123,0.051280838,0.098221615,0.046940777,0.047382616,0.019217577,-0.028165039,0.0030946434,-0.029529944,-0.032624587,0.010247845,-0.023141667,-0.033389512,1.0,0.0,-1.0,10,10,0,10,0,-10,1.0,0.0,-1.0,1.0,33.8,32.8,0.054375480860471725,0.0686916708946228,0.014316190034151077,0.007178070722147822,0.04957839287817478,0.04240032215602696,0.04691690094769001,0.09372731745243072,0.046810416504740715,0.047197410464286806,0.01911327801644802,-0.028084132447838785,0.007458579912781716,-0.025035646557807923,-0.03249422647058964,-58.182312,-1.0
5,22,3951,2.0,94.0,92.0,1.0,1.0,0.0,0.016082454,0.016082454,-94.25275,-3.7903137,0.00044540688,-0.023544922,-0.001540862,-0.025655534,0.6643134,0.61822397,-0.04608941,0.49869776,0.5742703,0.07557255,0.5172292,0.59465086,0.077421665,0.55829775,0.6130987,0.054800928,2.0,94.0,92.0,0.04754709,0.063629545,0.016082454,-0.0037751126,0.04254868,0.04632379,0.05107793,0.090705305,0.039627377,0.051322203,0.021080866,-0.030241337,-0.0035308376,-0.02707576,-0.023544922,0.0051478483,-0.020507686,-0.025655534,0.0,0.0,0.0,9,9,0,7,0,-7,0.7777777777777778,0.0,-0.7777777777777778,1.2222222222222223,30.333333333333332,29.11111111111111,0.04754709079861641,0.06362954527139664,0.016082454472780228,-0.0035167871974408627,0.0428616421090232,0.04637842930646406,0.04225751509269079,0.08494896358913845,0.04269144849644766,0.051063877840836845,0.02076790316237344,-0.030295974678463407,0.005289575705925624,-0.02131941831774182,-0.026608994023667443,-94.25275,-0.7777777777777778
5,23,4051,58.0,115.0,57.0,19.0,7.0,-12.0,0.04092108,0.04092108,-28.182007,-0.38223648,0.0024671406,-0.0072065853,0.0031257123,-0.0067836307,0.18960649,0.19646569,0.006859198,0.12604652,0.15495181,0.028905287,0.12993701,0.18992542,0.05998841,0.14889744,0.20943606,0.06053862,58.0,115.0,57.0,0.03049219,0.07141327,0.04092108,0.014386171,0.052666802,0.038280632,0.049010806,0.09713847,0.048127666,0.01610602,0.01874647,0.0026404485,-0.018518616,-0.0257252,-0.0072065853,-0.015921313,-0.022704944,-0.0067836307,0.0,0.0,0.0,12,12,0,0,0,0,0.0,0.0,0.0,18.0,39.083333333333336,21.083333333333336,0.030492190271615982,0.07141327112913132,0.040921080857515335,0.0145162184877942,0.053042202877501644,0.038525984389707446,0.04600527510046959,0.09454977512359619,0.0485445000231266,0.015975971706211567,0.01837106825162967,0.0023950965454181024,-0.015513084828853607,-0.023136503994464874,-0.007623419165611267,-28.182007,0.0
5,24,4058,2.0,30.0,28.0,1.0,1.0,0.0,0.029683687,0.029683687,-53.314545,-1.6978912,-0.0065592676,-0.0112308785,-0.0069578663,-0.016881075,0.42670682,0.4284216,0.001714766,0.37645727,0.29619297,-0.0802643,0.3712106,0.28462824,-0.08658236,0.3996064,0.31908765,-0.08051875,2.0,30.0,28.0,0.05094129,0.080624975,0.029683687,0.009577486,0.049544394,0.039966907,0.052982792,0.09389736,0.040914565,0.0413638,0.031080581,-0.010283221,-0.0020415038,-0.013272382,-0.0112308785,0.004792977,-0.012088098,-0.016881075,0.0,0.0,0.0,5,5,0,2,0,-2,0.4,0.0,-0.4,1.6,10.6,9.0,0.050941288471221924,0.08062497526407242,0.029683686792850494,0.009958467073738575,0.0498466894030571,0.039888222329318525,0.050361219048500064,0.09202222973108291,0.04166101068258285,0.040982821583747865,0.03077828586101532,-0.010204535722732545,0.0005800694227218628,-0.011397254467010499,-0.011977323889732362,-53.314545,-0.4
5,25,4129,4.0,32.0,28.0,1.0,1.0,0.0,0.036826763,0.036826763,-14.114105,0.46561432,-0.0025655143,-0.009633508,-0.0042882413,-0.010830235,0.22759181,0.34211606,0.114524245,-0.0077956202,0.34660214,0.35439777,-0.013777185,0.3587348,0.37251198,0.011995207,0.38100153,0.36900634,4.0,32.0,28.0,0.045254614,0.08208138,0.036826763,0.013694103,0.052363656,0.038669553,0.049915776,0.09637605,0.04646027,0.03156051,0.029717721,-0.0018427894,-0.0046611615,-0.014294669,-0.009633508,-0.0014794357,-0.01230967,-0.010830235,0.0,0.0,0.0,12,12,0,5,0,-5,0.4166666666666667,0.0,-0.4166666666666667,2.0833333333333335,12.75,10.666666666666666,0.04525461420416832,0.0820813775062561,0.036826763302087784,0.014024023044233521,0.05297980767985185,0.03895578463561833,0.04647385018567244,0.0946005502094825,0.048126700023810066,0.031230590927104156,0.029101569826404255,-0.0021290211006999016,-0.0012192359815041225,-0.012519172703226408,-0.011299936721722286,-14.114105,-0.4166666666666667
5,26,4156,2.0,139.0,137.0,1.0,1.0,0.0,0.015433744,0.015433744,-67.69656,-2.3436584,-0.012303226,-0.024729565,-0.013382349,-0.023608647,0.32316983,0.2668833,-0.056286514,-0.079858616,-0.11050311,-0.030644491,-0.06597177,-0.10960406,-0.04363229,-0.023701992,-0.07168963,-0.047987636,2.0,139.0,137.0,0.051531322,0.066965066,0.015433744,0.015375734,0.049316663,0.03394093,0.053022698,0.093186006,0.04016331,0.03615559,0.017648403,-0.018507186,-0.0014913753,-0.02622094,-0.024729565,0.0020172745,-0.021591373,-0.023608647,0.0,0.0,0.0,10,10,0,7,0,-7,0.7,0.0,-0.7,1.3,41.3,40.0,0.05153132230043411,0.06696506589651108,0.015433743596076965,0.0155332594178617,0.049580102786421776,0.03404684336856008,0.04872506447136402,0.0886992022395134,0.03997413776814938,0.035998063161969185,0.017384963110089302,-0.018613100051879883,0.002806257829070091,-0.02173413634300232,-0.02454039417207241,-67.69656,-0.7
5,27,4249,1.0,19.0,18.0,1.0,1.0,0.0,0.022433668,0.022433668,-80.40503,-3.0262547,-0.0076506585,-0.024810575,-0.012071274,-0.026013397,0.47962007,0.4764003,-0.0032197833,-0.15271208,0.0577738,0.21048588,-0.15748625,0.08789842,0.24538466,-0.0974777,0.15018384,0.24766153,1.0,19.0,18.0,0.05799836,0.08043203,0.022433668,0.0053486954,0.047027826,0.04167913,0.04750593,0.09475017,0.047244243,0.052649662,0.0334042,-0.01924546,0.010492429,-0.014318146,-0.024810575,0.016161911,-0.0098514855,-0.026013397,1.0,0.0,-1.0,9,9,0,9,0,-9,1.0,0.0,-1.0,1.0,7.111111111111111,6.111111111111111,0.05799835920333862,0.08043202757835388,0.02243366837501526,0.00528720279948579,0.047318869166904025,0.04203166636741824,0.0408241351445516,0.09053668876489003,0.04971255362033843,0.05271115650733312,0.03311315841144986,-0.019597998095883265,0.01717422405878703,-0.010104661186536154,-0.02727888524532318,-80.40503,-1.0
5,28,4325,1.0,2.0,1.0,1.0,1.0,0.0,0.028982494,0.028982494,-50.53064,-1.7024746,-0.007317409,-0.018074479,-0.009658281,-0.015648298,0.0030546642,0.12390534,0.120850675,0.14640944,0.10573668,-0.040672757,0.18676306,0.13969038,-0.04707268,0.1665551,0.1464466,-0.020108506,1.0,2.0,1.0,0.05970644,0.08868893,0.028982494,0.0064002415,0.049308073,0.04290783,0.04963105,0.096688025,0.047056973,0.053306196,0.03938086,-0.013925336,0.010075387,-0.007999092,-0.018074479,0.017889075,0.002240777,-0.015648298,1.0,0.0,-1.0,11,11,0,11,8,-3,1.0,0.7272727272727273,-0.2727272727272727,1.0,1.2727272727272727,0.2727272727272727,0.0597064383327961,0.0886889323592186,0.0289824940264225,0.00650161559778181,0.04926280304789543,0.04276118745011362,0.04254094443537972,0.08728566562587564,0.04474472119049592,0.053204822269353,0.039426129311323166,-0.013778692958029831,0.017165493897416374,0.001403266733342951,-0.01576222716407342,-50.53064,-0.2727272727272727
5,29,4423,19.0,218.0,199.0,8.0,9.0,1.0,0.027800322,0.027800322,-40.424713,-0.71751213,0.0049608313,-0.018919319,0.0017744116,-0.018334508,-0.1737892,0.037710223,0.21149942,-0.00852348,-0.0269175,-0.01839402,-0.012195103,-0.026871407,-0.0146763045,-0.03549656,-0.022420524,0.013076035,19.0,218.0,199.0,0.037926227,0.06572655,0.027800322,0.015381872,0.053725336,0.038343463,0.049692422,0.09641206,0.04671964,0.022544354,0.012001213,-0.0105431415,-0.011766195,-0.030685514,-0.018919319,-0.010215811,-0.02855032,-0.018334508,0.0,0.0,0.0,10,10,0,0,0,0,0.0,0.0,0.0,6.1,68.7,62.6,0.03792622685432434,0.06572654843330383,0.027800321578979492,0.015621758718043565,0.05412518046796322,0.03850342174991965,0.04846512600779533,0.09458769559860229,0.04612256959080696,0.02230446822941303,0.011601367965340614,-0.010703100264072417,-0.010538899153470994,-0.028861147165298463,-0.01832224801182747,-40.424713,0.0
5,30,4436,7.0,7.0,0.0,1.0,1.0,0.0,0.03864457,0.03864457,-48.03891,-1.6340332,-0.0077472255,-0.0014520101,-0.007927669,-0.0015130714,0.2857235,0.421277,0.13555348,0.019752359,-0.10934383,-0.12909618,0.030684743,-0.09350216,-0.1241869,0.057351664,-0.051378854,-0.10873052,7.0,7.0,0.0,0.04340451,0.08204908,0.03864457,0.011888629,0.049575955,0.037687324,0.051082812,0.09117939,0.04009658,0.03151588,0.032473125,0.00095724314,-0.007678304,-0.009130314,-0.0014520101,-0.0026505515,-0.004163623,-0.0015130714,0.0,0.0,0.0,7,7,0,0,0,0,0.0,0.0,0.0,2.5714285714285716,3.0,0.4285714285714284,0.043404508382081985,0.08204907923936844,0.03864457085728645,0.012027824031455176,0.04994757367031915,0.03791974963886397,0.046336815293346136,0.08668222171919686,0.04034540642585072,0.03137668435062681,0.03210150556904929,0.000724821218422482,-0.002932306911264147,-0.004633142479828426,-0.001700835568564279,-48.03891,0.0
5,31,4612,3.0,60.0,57.0,1.0,1.0,0.0,0.030480262,0.030480262,-35.177155,-0.6229019,-0.012697326,-0.019768074,-0.012307396,-0.018970218,0.34782866,0.29345304,-0.05437562,0.22269455,-0.041985985,-0.26468053,0.20988221,-0.040331304,-0.2502135,0.24358834,-0.0011124626,-0.2447008,3.0,60.0,57.0,0.044194635,0.0746749,0.030480262,0.011399062,0.05016249,0.038763426,0.04864389,0.09889223,0.050248336,0.03279557,0.024512406,-0.008283164,-0.0044492558,-0.02421733,-0.019768074,0.0013917647,-0.017578453,-0.018970218,0.0,0.0,0.0,8,8,0,4,0,-4,0.5,0.0,-0.5,1.5,20.25,18.75,0.04419463500380516,0.07467489689588547,0.030480261892080307,0.011340489028953016,0.05027852114289999,0.038938032113946974,0.042849027551710606,0.0928732929751277,0.05002426542341709,0.03285414585843682,0.024396375752985477,-0.008457770105451345,0.001345607452094555,-0.01819839607924223,-0.019544003531336784,-35.177155,-0.5
5,32,4667,1.0,88.0,87.0,4.0,2.0,-2.0,0.030879784,0.030879784,-8.54895,0.32875824,0.0066979937,-0.024875466,0.0029596426,-0.024055395,0.27798927,0.19523469,-0.08275458,0.104725204,0.09712547,-0.007599734,0.1204263,0.11437187,-0.0060544237,0.14656007,0.13308059,-0.013479486,1.0,88.0,87.0,0.039557736,0.07043752,0.030879784,0.0034081866,0.049180076,0.04577189,0.03769148,0.09344673,0.05575525,0.03614955,0.021257445,-0.014892105,0.001866255,-0.02300921,-0.024875466,0.0033779405,-0.020677455,-0.024055395,1.0,0.0,-1.0,13,13,0,13,0,-13,1.0,0.0,-1.0,1.0,27.923076923076923,26.923076923076923,0.03955773636698723,0.07043752074241638,0.030879784375429153,0.003837395656424073,0.049452586815907404,0.04561519115948333,0.036316103516862944,0.0905588441170179,0.05424274060015495,0.03572034062101291,0.020984933926508978,-0.014735406694503933,0.0032416328501242856,-0.02012132337460151,-0.023362956224725794,-8.54895,-1.0
5,33,4690,4.0,649.0,645.0,1.0,3.0,2.0,0.004057925,0.004057925,-17.665253,0.1359272,-0.009211762,-0.04679311,-0.009640861,-0.048003327,0.37615716,0.4655049,0.08934775,0.117174946,0.16208753,0.044912584,0.12150986,0.15511538,0.033605523,0.15588841,0.2031051,0.0472167,4.0,649.0,645.0,0.03842682,0.042484745,0.004057925,0.008220364,0.047761943,0.03954158,0.044101615,0.09495265,0.050851036,0.030206457,-0.005277198,-0.035483655,-0.0056747943,-0.052467905,-0.04679311,-0.0012275018,-0.04923083,-0.048003327,0.0,0.0,0.0,11,11,0,4,0,-4,0.36363636363636365,0.0,-0.36363636363636365,1.7272727272727273,194.72727272727272,193.0,0.03842682018876076,0.042484745383262634,0.004057925194501877,0.008301289921457117,0.048087184063412926,0.03978589414195581,0.040004656396128914,0.0917745517058806,0.051769895309751686,0.03012553026730364,-0.005602438680150292,-0.035727968947453934,-0.0015778362073681571,-0.049289806322617966,-0.04771197011524981,-17.665253,-0.36363636363636365
5,34,4768,30.0,65.0,35.0,1.0,2.0,1.0,0.041979242,0.041979242,-22.142426,-0.3092804,-0.0008687787,-0.008645389,-0.00073730573,-0.007932026,0.45513013,0.43257082,-0.022559315,0.19582336,0.11394168,-0.08188168,0.17550315,0.08422765,-0.0912755,0.22851963,0.14505829,-0.083461344,30.0,65.0,35.0,0.029413577,0.07139282,0.041979242,0.00806193,0.048469264,0.040407334,0.04172674,0.09235137,0.05062463,0.021351647,0.022923555,0.0015719086,-0.012313161,-0.02095855,-0.008645389,-0.009695973,-0.017628,-0.007932026,0.0,0.0,0.0,9,9,0,0,0,0,0.0,0.0,0.0,9.88888888888889,23.11111111111111,13.222222222222221,0.029413577169179916,0.07139281928539276,0.041979242116212845,0.008237513506578075,0.04860840241114298,0.04037088890456491,0.03931771425737275,0.08948724965254466,0.05016953539517191,0.021176063559121557,0.022784416874249775,0.0016083533151282185,-0.009904137088192834,-0.018094430367151897,-0.008190293278959064,-22.142426,0.0
5,35,4786,9.0,29.0,20.0,31.0,2.0,-29.0,0.04759036,0.04759036,-25.438934,-0.94363976,0.011829015,-0.0023985915,0.011599861,-0.00465535,0.6423219,0.63506675,-0.007255137,0.3158117,0.39884675,0.08303505,0.33719736,0.4269689,0.08977154,0.41308448,0.4964798,0.08339533,9.0,29.0,20.0,0.026687168,0.07427753,0.04759036,-0.01536582,0.043204267,0.058570087,0.041344713,0.091333665,0.04998895,0.042052988,0.031073261,-0.010979727,-0.014657546,-0.017056137,-0.0023985915,-0.008504871,-0.013160221,-0.00465535,0.0,0.0,0.0,10,10,0,1,0,-1,0.1,0.0,-0.1,3.1,10.3,7.200000000000001,0.026687167584896088,0.07427752763032913,0.047590360045433044,-0.015213352721184492,0.043873483687639235,0.05908683640882373,0.034682053700089456,0.08812293261289597,0.053440878912806515,0.0419005211442709,0.030404043942689897,-0.011496477201581,-0.007994886115193367,-0.013845404982566834,-0.005850518867373467,-25.438934,-0.1
5,36,4835,3.0,152.0,149.0,7.0,13.0,6.0,0.020166848,0.020166848,-11.6588745,0.042898178,-0.0035154782,-0.022639114,-0.0005556159,-0.026632804,0.5643727,0.507576,-0.05679673,0.551132,0.51302224,-0.03810978,0.5616661,0.523401,-0.03826505,0.58237845,0.5382148,-0.044163644,3.0,152.0,149.0,0.043351475,0.06351832,0.020166848,0.0012592254,0.047664203,0.046404976,0.04781571,0.09062167,0.042805962,0.04209225,0.01585412,-0.026238129,-0.004464235,-0.02710335,-0.022639114,0.00039900467,-0.0262338,-0.026632804,0.0,0.0,0.0,12,12,0,5,0,-5,0.4166666666666667,0.0,-0.4166666666666667,1.6666666666666667,46.666666666666664,45.0,0.04335147514939308,0.06351832300424576,0.020166847854852676,0.0010871180650913932,0.04794449203958114,0.04685737397448975,0.04273044131696224,0.08974003853897254,0.0470095972220103,0.04226435783008734,0.015573830964664618,-0.026690526865422726,0.0006210338324308395,-0.02622171553472678,-0.02684274936715762,-11.6588745,-0.4166666666666667
5,37,4869,2.0,339.0,337.0,1.0,5.0,4.0,0.0022717603,0.0022717603,-46.172607,-1.3246498,-0.00842192,-0.031044934,-0.006122805,-0.038192842,0.6348398,0.58925796,-0.045581818,0.4479474,0.51969767,0.07175025,0.44134012,0.50668263,0.065342516,0.49099848,0.54074794,0.049749464,2.0,339.0,337.0,0.051193498,0.05346526,0.0022717603,0.008093809,0.047035847,0.03894204,0.051948622,0.085265316,0.033316694,0.04309969,0.0064294115,-0.03667028,-0.0007551238,-0.031800058,-0.031044934,0.007865392,-0.03032745,-0.038192842,0.0,0.0,0.0,9,9,0,6,0,-6,0.6666666666666666,0.0,-0.6666666666666666,1.3333333333333333,108.0,106.66666666666667,0.05119349807500839,0.053465258330106735,0.002271760255098343,0.008268624751104249,0.0476136381427447,0.03934501339164045,0.0430872386528386,0.08408319453398387,0.04099595588114527,0.042924873530864716,0.005851620187362035,-0.03707325334350268,0.008106259422169792,-0.030617936203877132,-0.038724195626046926,-46.172607,-0.6666666666666666
5,38,4892,11.0,143.0,132.0,1.0,2.0,1.0,0.030681934,0.030681934,-44.276154,-1.1819897,-0.0041887015,-0.010631982,-0.0037038997,-0.017648708,0.44190753,0.42604387,-0.015863657,0.3747549,0.4636879,0.08893299,0.39461368,0.4567564,0.06214273,0.42045406,0.4881485,0.067694455,11.0,143.0,132.0,0.038682673,0.06936461,0.030681934,0.009185602,0.050319552,0.04113395,0.056080826,0.09739474,0.041313916,0.029497072,0.019045055,-0.010452017,-0.017398153,-0.028030135,-0.010631982,-0.0069039427,-0.02455265,-0.017648708,0.0,0.0,0.0,8,8,0,1,0,-1,0.125,0.0,-0.125,3.375,42.75,39.375,0.03868267312645912,0.06936460733413696,0.03068193420767784,0.008777327020652592,0.05004030978307128,0.04126298276241869,0.04402751429006457,0.09319711569696665,0.049169601406902075,0.029905346455052495,0.019324297551065683,-0.010581048903986812,-0.005344841163605452,-0.023832508362829685,-0.018487667199224234,-44.276154,-0.125
5,39,4930,1.0,10.0,9.0,1.0,1.0,0.0,0.0076065585,0.0076065585,-79.47049,-2.964798,-0.008275256,-0.05296503,-0.009967431,-0.043116808,0.22658828,0.37797052,0.15138224,0.661084,0.6085766,-0.0525074,0.6681,0.6258814,-0.042218626,0.6523537,0.62350684,-0.02884686,1.0,10.0,9.0,0.072025016,0.079631574,0.0076065585,-0.004976903,0.043205377,0.04818228,0.0416004,0.10217199,0.06057159,0.07700192,0.036426198,-0.040575724,0.030424617,-0.022540413,-0.05296503,0.032843076,-0.010273732,-0.043116808,1.0,0.0,-1.0,12,12,0,12,0,-12,1.0,0.0,-1.0,1.0,4.0,3.0,0.07202501595020294,0.07963157445192337,0.0076065585017204285,-0.004973200654300551,0.04335776219765345,0.048330962851954,0.039388315131266914,0.09190171770751476,0.05251340257624785,0.07699821703135967,0.03627381225426992,-0.04072440477708975,0.03263670081893603,-0.012270143255591393,-0.04490684407452742,-79.47049,-1.0
5,40,5034,2.0,291.0,289.0,1.0,4.0,3.0,0.01661313,0.01661313,-62.185944,-1.841259,-0.0030816495,-0.033879492,-0.0070840865,-0.029289383,0.10929392,0.2613095,0.15201558,0.33888185,0.13018757,-0.20869428,0.308504,0.14092417,-0.16757981,0.30273435,0.17558208,-0.12715226,2.0,291.0,289.0,0.039198242,0.05581137,0.01661313,0.010375248,0.048274957,0.03789971,0.03987872,0.09037134,0.050492622,0.028822994,0.007536415,-0.021286579,-0.0006804764,-0.03455997,-0.033879492,2.349168e-05,-0.029265892,-0.029289383,0.0,0.0,0.0,10,10,0,4,0,-4,0.4,0.0,-0.4,1.6,89.9,88.30000000000001,0.039198242127895355,0.05581137165427208,0.016613129526376724,0.010720071103423833,0.04860758893191815,0.03788751782849431,0.03959043696522713,0.08582657352089881,0.046236136555671686,0.02847817074507475,0.007203782722353935,-0.021274388022720813,-0.00039219483733177185,-0.03001520186662674,-0.02962300702929497,-62.185944,-0.4
5,41,5106,8.0,39.0,31.0,5.0,8.0,3.0,0.042492535,0.042492535,-31.283447,-0.64502335,0.0028692149,-0.0041613206,0.0009861812,-0.007358838,-0.31009132,-0.08286717,0.22722414,0.07842314,0.27022102,0.19179788,0.050780557,0.24095643,0.19017586,0.0010999787,0.21510825,0.21400827,8.0,39.0,31.0,0.035379943,0.07787248,0.042492535,0.010794829,0.051204465,0.040409636,0.045214,0.09186786,0.046653856,0.024585113,0.026668012,0.0020828992,-0.009834059,-0.013995379,-0.0041613206,-0.0049933232,-0.012352161,-0.007358838,0.0,0.0,0.0,6,6,0,1,0,-1,0.16666666666666666,0.0,-0.16666666666666666,3.0,13.5,10.5,0.03537994250655174,0.07787247747182846,0.04249253496527672,0.01100380253046751,0.051603067045410476,0.040599264514942966,0.0416492223739624,0.090304230650266,0.048655008276303605,0.024376139976084232,0.026269410426417988,0.0018932704503337554,-0.00626927986741066,-0.012431753178437551,-0.006162473311026892,-31.283447,-0.16666666666666666
5,42,5204,17.0,193.0,176.0,21.0,31.0,10.0,0.03332816,0.03332816,-8.739502,0.8629494,0.0029303115,-0.017379021,0.0012609344,-0.018276455,0.6717136,0.6943573,0.022643685,0.37998796,0.5143055,0.13431752,0.38908902,0.52428573,0.13519672,0.4560331,0.5835612,0.12752807,17.0,193.0,176.0,0.03098897,0.06431713,0.03332816,0.008731654,0.05078799,0.042056337,0.043089237,0.09379642,0.05070718,0.022257317,0.0135291405,-0.008728176,-0.012100266,-0.029479288,-0.017379021,-0.007919563,-0.026196018,-0.018276455,0.0,0.0,0.0,7,7,0,0,0,0,0.0,0.0,0.0,6.0,59.714285714285715,53.714285714285715,0.030988970771431923,0.06431712955236435,0.033328158780932426,0.008703710976988077,0.05101978725620678,0.042316076279218705,0.038788906165531704,0.09050638122217995,0.05171747505664825,0.022285259727920805,0.013297342296157564,-0.008987917431763241,-0.007799935394099781,-0.02618925166981561,-0.018389316275715828,-8.739502,0.0
5,43,5285,2.0,4.0,2.0,7.0,2.0,-5.0,0.03386795,0.03386795,-123.66867,-5.7357254,0.00928149,0.0015179776,0.008406628,-0.008869056,0.08156467,0.015242396,-0.066322275,-0.077555865,-0.12421634,-0.046660475,-0.08518078,-0.15259546,-0.06741468,-0.07323292,-0.14688313,-0.07365021,2.0,4.0,2.0,0.04345567,0.07732362,0.03386795,-0.010498646,0.03926005,0.049758695,0.04564806,0.077998035,0.032349974,0.05395432,0.038063575,-0.015890744,-0.0021923892,-0.00067441165,0.0015179776,0.008878078,9.022653e-06,-0.008869056,0.0,0.0,0.0,6,6,0,5,3,-2,0.8333333333333334,0.5,-0.33333333333333337,1.1666666666666667,1.5,0.33333333333333326,0.04345567151904106,0.07732362300157547,0.03386795148253441,-0.01057462596024076,0.039722067614396415,0.050296693574637175,0.036010238652427994,0.07695029055078824,0.040940051898360245,0.05403029794494311,0.037601555387179054,-0.016428742557764053,0.0074454328666130705,0.0003733324507872264,-0.007072100415825844,-123.66867,-0.33333333333333337
5,44,5301,1.0,279.0,278.0,2.0,9.0,7.0,0.01350769,0.01350769,-46.431,-1.6560287,-0.0010969155,-0.04844959,-0.0036499985,-0.04837942,0.109090276,0.03095624,-0.07813404,-0.13809168,0.07513892,0.21323061,-0.1681826,0.082533374,0.25071597,-0.14818339,0.08398998,0.23217337,1.0,279.0,278.0,0.036960963,0.050468653,0.01350769,-0.008717738,0.040765136,0.049482875,0.026453895,0.088411175,0.061957277,0.0456787,0.009703517,-0.035975184,0.010507068,-0.03794252,-0.04844959,0.013181083,-0.03519834,-0.04837942,1.0,0.0,-1.0,11,11,0,11,0,-11,1.0,0.0,-1.0,1.0,88.81818181818181,87.81818181818181,0.036960963159799576,0.050468653440475464,0.013507690280675888,-0.008604759265753355,0.041009092195467514,0.04961385146122087,0.02313992939889431,0.08499103039503098,0.061851100996136665,0.045565722340887245,0.009459561245007948,-0.036106161095879295,0.013821033760905266,-0.03452237695455551,-0.04834341071546078,-46.431,-1.0
5,45,5338,2.0,416.0,414.0,1.0,1.0,0.0,0.011503559,0.011503559,-63.396484,-2.4167747,-0.005144149,-0.024263203,-0.008529501,-0.03606634,0.68122256,0.729326,0.04810345,0.65406615,0.6460692,-0.007996917,0.6731243,0.67983377,0.0067094564,0.7126393,0.721443,0.008803725,2.0,416.0,414.0,0.0391721,0.05067566,0.011503559,0.004607672,0.04802583,0.04341816,0.04891729,0.08468405,0.03576676,0.034564428,0.0026498288,-0.0319146,-0.009745188,-0.03400839,-0.024263203,0.0026582778,-0.03340806,-0.03606634,0.0,0.0,0.0,6,6,0,4,0,-4,0.6666666666666666,0.0,-0.6666666666666666,1.3333333333333333,131.33333333333334,130.0,0.03917210176587105,0.050675660371780396,0.011503558605909348,0.004749893598879377,0.0487513430416584,0.04400144944277903,0.03796245685468117,0.08389450112978618,0.045932044275105006,0.03442220824460188,0.001924317330121994,-0.03249789091447989,0.001209644911189874,-0.033218840758005776,-0.03442848566919565,-63.396484,-0.6666666666666666
5,46,5427,1.0,26.0,25.0,1.0,1.0,0.0,0.012138963,0.012138963,-47.656677,-1.7555962,-0.011306215,-0.021332711,-0.011861656,-0.023229573,0.24712183,0.23763992,-0.009481907,0.1240433,0.2179125,0.093869194,0.12917212,0.23351584,0.10434373,0.15863167,0.25176498,0.093133315,1.0,26.0,25.0,0.062679835,0.0748188,0.012138963,0.0068776393,0.04620792,0.03933028,0.05430545,0.08777712,0.033471674,0.055802196,0.028610878,-0.027191319,0.008374386,-0.012958325,-0.021332711,0.013480607,-0.0097489655,-0.023229573,1.0,0.0,-1.0,8,8,0,8,0,-8,1.0,0.0,-1.0,1.0,9.125,8.125,0.06267983466386795,0.07481879740953445,0.012138962745666504,0.007025042548775673,0.046551660634577274,0.0395266180858016,0.05064569320529699,0.08416605554521084,0.033520362339913845,0.055654792580753565,0.02826713677495718,-0.027387655805796385,0.012034141458570957,-0.009347258135676384,-0.02138139959424734,-47.656677,-1.0
5,47,5459,1.0,30.0,29.0,1.0,1.0,0.0,0.039489314,0.039489314,-45.388428,-1.5414982,-4.0289015e-05,-0.015649106,-0.00014203787,-0.015227996,0.041226495,-0.054136194,-0.09536269,0.02331719,0.15485613,0.13153894,-0.0016423839,0.14291655,0.14455894,0.003414891,0.12267658,0.11926169,1.0,30.0,29.0,0.037726775,0.07721609,0.039489314,0.0022231995,0.046063744,0.043840542,0.03590412,0.09104254,0.05513842,0.035503574,0.031152345,-0.0043512285,0.0018226542,-0.013826452,-0.015649106,0.0042943805,-0.010933615,-0.015227996,1.0,0.0,-1.0,4,4,0,4,0,-4,1.0,0.0,-1.0,1.0,8.25,7.25,0.03772677481174469,0.07721608877182007,0.03948931396007538,0.002387025742791593,0.04611692763864994,0.04372990189585835,0.03367797750979662,0.08936554938554764,0.05568757187575102,0.03533974941819906,0.031099161133170128,-0.0042405882850289345,0.0040487973019480705,-0.01214946061372757,-0.01619825791567564,-45.388428,-1.0
5,48,5502,1.0,13.0,12.0,1.0,1.0,0.0,0.02980382,0.02980382,-46.503876,-1.6374912,0.00223431,-0.014202945,0.0012180991,-0.01662467,0.07298605,0.109641775,0.036655724,0.10064635,0.22527014,0.12462379,0.11476828,0.23830166,0.12353338,0.114536606,0.23003608,0.115499474,1.0,13.0,12.0,0.05486913,0.08467295,0.02980382,0.01022815,0.049428646,0.039200496,0.05067859,0.09468535,0.044006765,0.04464098,0.035244305,-0.009396676,0.004190542,-0.010012403,-0.014202945,0.008466382,-0.008158289,-0.01662467,1.0,0.0,-1.0,9,9,0,9,0,-9,1.0,0.0,-1.0,1.0,4.666666666666667,3.666666666666667,0.05486913025379181,0.0846729502081871,0.029803819954395294,0.009951178605357805,0.049465350806713104,0.0395141722013553,0.04595315042469236,0.09215166916449864,0.04619851873980628,0.044917951027552284,0.035207599401474,-0.009710351626078285,0.008915979829099443,-0.0074787189563115435,-0.016394698785410985,-46.503876,-1.0
5,49,5542,1.0,94.0,93.0,1.0,1.0,0.0,0.025112525,0.025112525,-63.151062,-2.0781345,-0.0033815429,-0.026696116,-0.0040462017,-0.027419526,0.49757758,0.5512588,0.053681225,0.4545208,0.4549362,0.00041541457,0.45344672,0.459579,0.006132275,0.47414795,0.50563043,0.031482488,1.0,94.0,93.0,0.043687627,0.06880015,0.025112525,0.0013224406,0.046823252,0.04550081,0.03975579,0.09156443,0.05180864,0.042365186,0.0219769,-0.020388287,0.0039318353,-0.02276428,-0.026696116,0.006716486,-0.02070304,-0.027419526,1.0,0.0,-1.0,9,9,0,9,0,-9,1.0,0.0,-1.0,1.0,30.555555555555557,29.555555555555557,0.04368762671947479,0.06880015134811401,0.02511252462863922,0.00102698818308353,0.047070124910937414,0.04604313672785389,0.03668434897230731,0.08865911016861598,0.05197476119630867,0.04266063868999481,0.0217300264371766,-0.020930612252818212,0.007003277747167481,-0.019858958820501964,-0.026862236567669444,-63.151062,-1.0
5,50,5574,1.0,29.0,28.0,6.0,2.0,-4.0,0.040229745,0.040229745,-60.534454,-2.2101307,0.0046900474,-0.014718413,0.005477637,-0.017604858,0.3800097,0.3534462,-0.026563525,0.17050952,0.019691369,-0.15081815,0.17215559,-0.0056738015,-0.17782938,0.21499948,0.03528531,-0.17971417,1.0,29.0,28.0,0.036645673,0.07687542,0.040229745,-0.0007164118,0.04758711,0.048303522,0.036079884,0.09102804,0.05494816,0.037362084,0.029288307,-0.008073777,0.00056578964,-0.014152624,-0.014718413,0.0050791204,-0.012525737,-0.017604858,1.0,0.0,-1.0,8,8,0,8,0,-8,1.0,0.0,-1.0,1.0,10.0,9.0,0.03664567321538925,0.07687541842460632,0.04022974520921707,-0.0007448653273058881,0.04795396840199828,0.04869883372930417,0.030890933703631163,0.08830125536769629,0.05741032166406512,0.037390538956969976,0.028921450022608042,-0.008469088934361935,0.005754739511758089,-0.011425836943089962,-0.01718057645484805,-60.534454,-1.0
5,51,5583,291.0,122.0,-169.0,149.0,321.0,172.0,0.04969335,0.04969335,-31.088623,-0.31582642,0.0077282563,0.0008913912,0.0063277744,0.0018324442,0.2603699,0.37785533,0.117485434,0.52254486,0.566045,0.043500125,0.51792896,0.57824755,0.06031859,0.5272516,0.5815148,0.054263175,291.0,122.0,-169.0,0.022128772,0.07182212,0.04969335,0.0165026,0.05334719,0.03684459,0.046563968,0.09536593,0.04880196,0.005626172,0.018474933,0.012848761,-0.024435196,-0.023543805,0.0008913912,-0.023713168,-0.021880724,0.0018324442,0.0,0.0,0.0,8,8,0,0,0,0,0.0,0.0,0.0,86.125,38.25,-47.875,0.022128771990537643,0.07182212173938751,0.04969334974884987,0.016513295006006956,0.05365956528112292,0.03714627027511597,0.04613723326474428,0.0937711838632822,0.04763395059853792,0.005615476984530687,0.01816255645826459,0.012547079473733902,-0.02400846127420664,-0.02194906212389469,0.002059399150311947,-31.088623,0.0
5,52,5602,6.0,870.0,864.0,59.0,67.0,8.0,0.007178476,0.007178476,-45.1604,-1.6600227,0.0028659757,-0.054584444,6.172992e-05,-0.052619606,0.14184628,0.14382535,0.001979068,0.22400151,-0.019695988,-0.2436975,0.2174218,-0.034573562,-0.25199535,0.21810037,-0.015572574,-0.23367295,6.0,870.0,864.0,0.018893948,0.026072424,0.007178476,-0.012745001,0.041622303,0.054367304,0.02308733,0.08485025,0.06176292,0.03163895,-0.0155498795,-0.04718883,-0.0041933823,-0.058777828,-0.054584444,-0.0025192965,-0.055138905,-0.052619606,0.0,0.0,0.0,7,7,0,0,0,0,0.0,0.0,0.0,2.5714285714285716,262.0,259.42857142857144,0.018893947824835777,0.0260724239051342,0.007178476080298424,-0.012660748724426543,0.04197474143334797,0.05463549015777451,0.02205021253653935,0.08225102084023612,0.06020080830369677,0.031554696283170154,-0.015902317528213774,-0.047457013811383925,-0.003156264711703573,-0.05617859693510192,-0.05302233222339835,-45.1604,0.0
5,53,5714,1.0,77.0,76.0,2.0,1.0,-1.0,0.020007037,0.020007037,-84.836945,-4.215025,0.005254522,-0.020251561,-0.0003984198,-0.024649967,0.33146086,0.6337963,0.3023354,0.20837243,0.2857057,0.07733326,0.21472201,0.2911968,0.076474786,0.23994532,0.36732292,0.1273776,1.0,77.0,76.0,0.04287506,0.062882096,0.020007037,-0.0044837142,0.040075775,0.04455949,0.0400062,0.0802648,0.040258598,0.047358774,0.02280632,-0.024552453,0.0028688572,-0.017382704,-0.020251561,0.008770671,-0.015879296,-0.024649967,1.0,0.0,-1.0,11,11,0,11,0,-11,1.0,0.0,-1.0,1.0,24.181818181818183,23.181818181818183,0.04287505894899368,0.06288209557533264,0.02000703662633896,-0.004482280886308713,0.04018829661336812,0.04467057749967683,0.03276817331259901,0.07751171494072134,0.04474354162812234,0.04735734042796222,0.02269379896196452,-0.0246635414659977,0.010106885636394674,-0.014629619365388697,-0.02473650500178337,-84.836945,-1.0
5,54,5878,1.0,9.0,8.0,5.0,10.0,5.0,0.04286809,0.04286809,-52.727386,-1.4912853,-0.004262943,-0.0077454224,-0.0024380125,-0.0075951405,-0.33948433,-0.19135173,0.1481326,0.14460129,-0.19939904,-0.34400034,0.14704777,-0.17632073,-0.3233685,0.09266184,-0.1868725,-0.27953434,1.0,9.0,8.0,0.036106285,0.07897437,0.04286809,0.00090815325,0.04505148,0.044143327,0.0354431,0.08605661,0.05061351,0.03519813,0.033922892,-0.0012752376,0.00066318363,-0.007082239,-0.0077454224,0.004176844,-0.0034182966,-0.0075951405,1.0,0.0,-1.0,9,9,0,9,1,-8,1.0,0.1111111111111111,-0.8888888888888888,1.0,3.111111111111111,2.111111111111111,0.03610628470778465,0.07897437363862991,0.04286808893084526,0.0010269166830564952,0.044881879869434566,0.04385496318637807,0.031216453967822924,0.0825609498553806,0.05134449588755767,0.03507936787274149,0.03409249376919535,-0.0009868741035461426,0.00488983073996173,-0.003586576216750675,-0.008476406956712406,-52.727386,-0.8888888888888888
5,55,5890,10.0,805.0,795.0,1.0,1.0,0.0,0.0053403806,0.0053403806,-29.072632,-0.5254383,-0.0015453976,-0.044246964,-0.0011815839,-0.046404593,0.21415016,0.27124593,0.057095766,0.4365318,0.27543086,-0.16110095,0.43594158,0.27385342,-0.16208816,0.42477468,0.27944696,-0.14532772,10.0,805.0,795.0,0.030988293,0.036328673,0.0053403806,0.006328064,0.048545316,0.04221725,0.037314944,0.08690229,0.049587347,0.02466023,-0.0122166425,-0.036876872,-0.006326651,-0.050573617,-0.044246964,-0.003219543,-0.049624138,-0.046404593,0.0,0.0,0.0,5,5,0,0,0,0,0.0,0.0,0.0,3.8,240.8,237.0,0.030988292768597603,0.036328673362731934,0.005340380594134331,0.006410420406609774,0.04890352338552475,0.042493102978914975,0.0360838420689106,0.08582684099674225,0.04974299892783165,0.024577872455120088,-0.012574850022792817,-0.0371527224779129,-0.005095549300312996,-0.04949816763401031,-0.04440261833369732,-29.072632,0.0
5,56,6132,3.0,12.0,9.0,3.0,1.0,-2.0,0.054139324,0.054139324,-35.65988,-0.8270664,0.0028558224,-0.0022358373,0.0016099438,-0.0048072115,0.3089681,0.3122686,0.0033005178,0.3532454,0.09985486,-0.25339055,0.37665376,0.116998784,-0.25965497,0.37977013,0.15876582,-0.2210043,3.0,12.0,9.0,0.03288866,0.08702798,0.054139324,0.0009803548,0.047441576,0.04646122,0.03961151,0.09598667,0.05637516,0.031908303,0.039586406,0.0076781027,-0.0067228526,-0.00895869,-0.0022358373,-0.0012712404,-0.006078452,-0.0048072115,0.0,0.0,0.0,12,12,0,6,0,-6,0.5,0.0,-0.5,1.5833333333333333,4.333333333333333,2.75,0.032888658344745636,0.08702798187732697,0.05413932353258133,0.0008770936807801869,0.047326924900213875,0.04644983121943369,0.03419910355781516,0.09340365044772625,0.05920454688991109,0.03201156466578444,0.03970105697711309,0.0076894923113286495,-0.0013104452130695183,-0.006375668570399284,-0.005065223357329766,-35.65988,-0.5
5,57,6199,1.0,16.0,15.0,16.0,24.0,8.0,0.043867253,0.043867253,-46.598938,-1.5508728,0.0058340505,-0.0105672665,0.0043098778,-0.009141948,0.6290337,0.4868572,-0.14217648,0.5846145,0.6063345,0.021719992,0.60587263,0.61654234,0.010669708,0.61798996,0.6263023,0.008312345,1.0,16.0,15.0,0.03805823,0.08192548,0.043867253,0.0065939543,0.049638804,0.04304485,0.037271116,0.091705635,0.05443452,0.031464275,0.032286678,0.00082240254,0.00078711286,-0.009780154,-0.0105672665,0.0025679357,-0.0065740123,-0.009141948,1.0,0.0,-1.0,10,10,0,10,0,-10,1.0,0.0,-1.0,1.0,5.4,4.4,0.03805822879076004,0.08192548155784607,0.04386725276708603,0.006658969027921557,0.04987382926046848,0.04321486023254693,0.035512600466609,0.08876062035560608,0.053248019888997085,0.03139926008880138,0.03205165229737759,0.0006523922085762066,0.002545628324151039,-0.00683513879776001,-0.009380767121911049,-46.598938,-1.0
5,58,6222,7.0,47.0,40.0,1.0,4.0,3.0,0.031672474,0.031672474,-47.300568,-1.6164341,-0.0026455373,-0.012592923,-0.0040792674,-0.014254961,0.24744855,0.22642317,-0.021025375,0.12735766,0.28345826,0.1561006,0.123612575,0.27761695,0.15400437,0.14864829,0.28865117,0.14000288,7.0,47.0,40.0,0.04032241,0.071994886,0.031672474,0.00514812,0.04679262,0.0416445,0.05196975,0.09623515,0.044265397,0.03517429,0.025202267,-0.009972025,-0.01164734,-0.024240263,-0.012592923,-0.0034230165,-0.017677978,-0.014254961,0.0,0.0,0.0,4,4,0,0,0,0,0.0,0.0,0.0,2.5,15.5,13.0,0.04032241180539131,0.07199488580226898,0.03167247399687767,0.005416103987954557,0.04735525045543909,0.041939146467484534,0.04691396560519934,0.09390904009342194,0.0469950744882226,0.03490630816668272,0.02463963534682989,-0.010266672819852829,-0.006591553799808025,-0.021914154291152954,-0.015322600491344929,-47.300568,0.0
5,59,6431,9.0,166.0,157.0,1.0,2.0,1.0,0.028390203,0.028390203,-82.88321,-3.2690258,-0.0036557596,-0.018152356,-0.0033946447,-0.022658389,-0.10668918,-0.15789777,-0.051208593,0.005314729,0.1124133,0.10709857,0.015385639,0.11794891,0.10256328,0.0016096171,0.098574355,0.09696474,9.0,166.0,157.0,0.032329407,0.06071961,0.028390203,0.00016318359,0.0441847,0.044021517,0.046577115,0.09311967,0.04654256,0.032166224,0.01653491,-0.015631314,-0.014247708,-0.032400064,-0.018152356,-0.00591949,-0.02857788,-0.022658389,0.0,0.0,0.0,7,7,0,0,0,0,0.0,0.0,0.0,3.5714285714285716,51.857142857142854,48.285714285714285,0.03232940658926964,0.06071960926055908,0.028390202671289444,0.00016306123195265952,0.04454627952405384,0.044383218292101186,0.0381793560726302,0.08981697048459734,0.051637614411967146,0.03216634504497051,0.016173329736505235,-0.015993015308465277,-0.005849949483360563,-0.02909736122403826,-0.023247411740677695,-82.88321,0.0
5,60,6444,1.0,167.0,166.0,1.0,1.0,0.0,0.009282023,0.009282023,-34.361755,-0.6850529,-0.0126725435,-0.040451217,-0.013129782,-0.042747602,0.67640525,0.66589606,-0.010509193,0.37933382,0.48366773,0.10433391,0.40785712,0.50576735,0.097910225,0.47256547,0.5510396,0.078474104,1.0,167.0,166.0,0.055154234,0.06443626,0.009282023,0.0034526088,0.04868273,0.04523012,0.04635882,0.09609206,0.04973324,0.051701624,0.015753526,-0.035948098,0.008795414,-0.031655803,-0.040451217,0.014311694,-0.028435908,-0.042747602,1.0,0.0,-1.0,11,11,0,11,0,-11,1.0,0.0,-1.0,1.0,49.72727272727273,48.72727272727273,0.055154234170913696,0.06443625688552856,0.009282022714614868,0.0031289145223457704,0.04847912659699267,0.0453502120746469,0.04265535995364189,0.09153250808065588,0.04887714812701399,0.05202531950040297,0.0159571302885359,-0.036068189211867066,0.012498874217271805,-0.027096251195127315,-0.039595125412399124,-34.361755,-1.0
5,61,6489,1.0,69.0,68.0,1.0,2.0,1.0,0.023241311,0.023241311,-18.255646,0.1735363,-0.0028121546,-0.02577139,-0.0048299693,-0.025547259,0.19366924,0.24469805,0.051028803,0.26702216,-0.0043837596,-0.27140594,0.269934,-0.017230012,-0.287164,0.28547755,0.010140409,-0.27533713,1.0,69.0,68.0,0.05060117,0.07384248,0.023241311,0.010752182,0.049402785,0.038650602,0.04940797,0.09842067,0.049012702,0.039848987,0.024439696,-0.015409291,0.0011931993,-0.024578191,-0.02577139,0.0039357767,-0.021611482,-0.025547259,1.0,0.0,-1.0,10,10,0,10,0,-10,1.0,0.0,-1.0,1.0,21.5,20.5,0.05060116946697235,0.07384248077869415,0.023241311311721802,0.010679204389452935,0.0496739637106657,0.03899475932121277,0.04750438742339611,0.09403697773814201,0.0465325903147459,0.03992196545004845,0.02416851706802845,-0.015753448382019995,0.0030967820435762405,-0.02019449695944786,-0.0232912790030241,-18.255646,-1.0
5,62,6514,85.0,719.0,634.0,7.0,5.0,-2.0,0.01337132,0.01337132,-56.73703,-2.2953568,0.006090848,-0.033313535,0.0040802937,-0.034734227,0.08509051,0.07802123,-0.0070692822,-0.10075237,0.0023085375,0.10306091,-0.10514112,-0.013478828,0.09166229,-0.092699125,-0.0064405478,0.086258575,85.0,719.0,634.0,0.022478865,0.035850186,0.01337132,0.0032808525,0.045315195,0.042034343,0.044619728,0.091304585,0.046684857,0.019198013,-0.009465009,-0.028663022,-0.022140862,-0.0554544,-0.033313535,-0.01882437,-0.0535586,-0.034734227,0.0,0.0,0.0,9,9,0,0,0,0,0.0,0.0,0.0,26.11111111111111,216.55555555555554,190.44444444444443,0.022478865459561348,0.03585018590092659,0.013371320441365242,0.003213256002507276,0.045519264621867075,0.0423060086193598,0.04228405364685588,0.09012614687283833,0.04784209322598245,0.01926560927596357,-0.009669078720940484,-0.028934687996904053,-0.019805188187294535,-0.05427596097191175,-0.034470772784617215,-56.73703,0.0
5,63,6521,3.0,38.0,35.0,1.0,1.0,0.0,0.01811701,0.01811701,-39.539795,-1.7156067,-0.003265895,-0.011307396,-0.004373014,-0.016354073,0.3783556,0.2918376,-0.08651799,0.09261739,-0.032704085,-0.12532148,0.08313681,-0.05327619,-0.13641301,0.12903303,-0.008062181,-0.13709521,3.0,38.0,35.0,0.05559826,0.07371527,0.01811701,-0.0012238143,0.045116384,0.046340197,0.0589028,0.08832721,0.029424407,0.056822073,0.028598886,-0.028223187,-0.003304541,-0.014611937,-0.011307396,0.00303163,-0.013322443,-0.016354073,0.0,0.0,0.0,15,15,0,7,0,-7,0.4666666666666667,0.0,-0.4666666666666667,1.5333333333333334,14.066666666666666,12.533333333333333,0.05559825897216797,0.07371526956558228,0.018117010593414307,-0.001077129048644565,0.04559317926565806,0.046670308314302626,0.05328818658987681,0.08778134783109029,0.03449316124121348,0.05667538767059644,0.028122090299924216,-0.028553297370672224,0.002310072382291158,-0.014066078265508016,-0.016376150647799174,-39.539795,-0.4666666666666667
5,64,6524,4.0,115.0,111.0,13.0,4.0,-9.0,0.028235842,0.028235842,-65.89542,-2.4756374,0.008208767,-0.02536792,0.0062153116,-0.024936788,0.30349085,0.44620997,0.14271912,0.48720375,0.41622803,-0.07097572,0.4909411,0.431487,-0.059454113,0.49542665,0.4512051,-0.04422155,4.0,115.0,111.0,0.038872715,0.06710856,0.028235842,-0.0025658081,0.04460479,0.047170598,0.04386107,0.09746483,0.05360376,0.041438524,0.022503767,-0.018934757,-0.0049883537,-0.030356273,-0.02536792,-0.001209721,-0.026146509,-0.024936788,0.0,0.0,0.0,7,7,0,3,0,-3,0.42857142857142855,0.0,-0.42857142857142855,1.5714285714285714,35.857142857142854,34.285714285714285,0.03887271508574486,0.06710855662822723,0.028235841542482376,-0.0026050497046006577,0.044623181223869324,0.047228230928469984,0.039865369243281226,0.09419276246002742,0.05432739321674619,0.041477764291422706,0.02248537540435791,-0.018992388887064796,-0.0009926541575363704,-0.027084205831800188,-0.026091551674263816,-65.89542,-0.42857142857142855
5,65,6558,1.0,1.0,0.0,2.0,1.0,-1.0,0.04585204,0.04585204,-52.888336,-2.5147247,0.009824801,-0.005988151,0.0059623793,-0.011982478,0.6395651,0.64005035,0.0004852414,0.35764995,0.3083589,-0.049291044,0.3447054,0.298764,-0.045941412,0.41599396,0.36551878,-0.05047518,1.0,1.0,0.0,0.046047974,0.09190001,0.04585204,-0.01672307,0.038691226,0.055414297,0.030741494,0.082581684,0.05184019,0.062771045,0.053208787,-0.009562258,0.01530648,0.009318329,-0.005988151,0.022112213,0.010129735,-0.011982478,1.0,1.0,0.0,11,11,0,11,11,0,1.0,1.0,0.0,1.0,1.0,0.0,0.04604797437787056,0.09190001338720322,0.04585203900933266,-0.01673514616083015,0.0393729182806882,0.05610806444151835,0.02071235921572555,0.08156793225895274,0.060855573043227196,0.06278312070803209,0.052527095106515015,-0.010256025601517074,0.02533561499281363,0.01033208112825047,-0.01500353386456316,-52.888336,0.0
5,66,6640,2.0,78.0,76.0,1.0,1.0,0.0,0.021912798,0.021912798,-44.890167,-1.1043205,-0.0023803748,-0.01998302,-0.0060734935,-0.02507475,0.01049853,0.0964258,0.08592727,0.05044916,0.058343325,0.007894166,0.069750264,0.06627837,-0.003471896,0.0668792,0.07732499,0.0104457885,2.0,78.0,76.0,0.048746824,0.07065962,0.021912798,0.006893665,0.048537232,0.041643567,0.049127113,0.09102293,0.041895818,0.04185316,0.02212239,-0.01973077,-0.0003802888,-0.020363308,-0.01998302,0.005842261,-0.01923249,-0.02507475,0.0,0.0,0.0,11,11,0,11,0,-11,1.0,0.0,-1.0,1.0,24.181818181818183,23.181818181818183,0.04874682426452637,0.07065962255001068,0.021912798285484314,0.006806944412263957,0.04860606857321479,0.041799124160950836,0.04018184813586148,0.08956007659435272,0.04937822845849124,0.04193987934426828,0.02205355397679589,-0.01988632536747239,0.008564976128664884,-0.01890045404434204,-0.027465430173006927,-44.890167,-1.0
5,67,6713,1.0,41.0,40.0,1.0,1.0,0.0,0.03109549,0.03109549,-47.504974,-1.892149,-0.0024524443,-0.024387069,-0.0018528607,-0.025928177,0.68329805,0.6663815,-0.016916573,0.49542886,0.36837575,-0.12705311,0.49151093,0.3809487,-0.110562235,0.5386161,0.45268688,-0.085929245,1.0,41.0,40.0,0.040605478,0.07170097,0.03109549,-0.009605718,0.041868735,0.051474452,0.037377544,0.0928601,0.05548256,0.050211195,0.029832233,-0.020378962,0.0032279342,-0.021159135,-0.024387069,0.009092979,-0.016835198,-0.025928177,1.0,0.0,-1.0,11,11,0,11,0,-11,1.0,0.0,-1.0,1.0,13.090909090909092,12.090909090909092,0.04060547798871994,0.07170096784830093,0.031095489859580994,-0.009808363138952038,0.04190202565355734,0.05171038879250938,0.03445292839949781,0.08943872560154308,0.054985797202045265,0.05041384087367491,0.02979894219474359,-0.02061489867893132,0.006152549589222128,-0.017737757753242146,-0.02389030734246427,-47.504974,-1.0
5,68,6801,15.0,469.0,454.0,4.0,13.0,9.0,0.019276686,0.019276686,-64.591,-2.3898506,0.0060063787,-0.037418257,-0.0009361617,-0.039467257,0.47458926,0.40338728,-0.07120198,0.44497588,0.49394658,0.0489707,0.4572284,0.50969493,0.05246654,0.47669703,0.5162412,0.039544165,15.0,469.0,454.0,0.02970349,0.048980176,0.019276686,0.004195605,0.046956427,0.042760823,0.03932945,0.096024394,0.056694943,0.025507886,0.002023749,-0.023484137,-0.00962596,-0.047044218,-0.037418257,-0.0055291466,-0.044996403,-0.039467257,0.0,0.0,0.0,6,6,0,0,0,0,0.0,0.0,0.0,6.0,145.0,139.0,0.029703490436077118,0.04898017644882202,0.019276686012744904,0.004579116202269991,0.04718953308959802,0.04261041688732803,0.03625286308427652,0.09350528195500374,0.05725241887072722,0.02512437415619691,0.0017906433592240016,-0.023333730796972908,-0.006549372648199399,-0.04452510550618172,-0.037975732857982315,-64.591,0.0
5,69,7007,3.0,123.0,120.0,1.0,1.0,0.0,0.027167004,0.027167004,-57.412567,-1.6005993,-0.011406915,-0.02191459,-0.011228392,-0.02138744,0.4710708,0.50070316,0.02963236,0.41172826,0.4074263,-0.0043019652,0.43290496,0.44583702,0.012932062,0.47615007,0.48879778,0.012647718,3.0,123.0,120.0,0.044922676,0.07208968,0.027167004,0.013425416,0.05134158,0.03791616,0.04572279,0.094804384,0.049081594,0.03149726,0.020748101,-0.0107491575,-0.0008001141,-0.022714704,-0.02191459,0.0013817139,-0.020005725,-0.02138744,0.0,0.0,0.0,10,10,0,4,0,-4,0.4,0.0,-0.4,2.0,40.2,38.2,0.04492267593741417,0.07208967953920364,0.027167003601789474,0.013417036086320878,0.05184361562132835,0.03842657953500747,0.044157571718096734,0.09232590794563293,0.0481683362275362,0.03150563966482878,0.02024606391787529,-0.011259575746953486,0.0007651042193174362,-0.02023622840642929,-0.021001332625746726,-57.412567,-0.4
5,70,7039,1.0,2.0,1.0,1.0,1.0,0.0,0.039399598,0.039399598,-43.04358,-0.43603706,0.0010649487,-0.011484224,-0.004608605,-0.010523312,0.54208267,0.52959794,-0.012484729,-0.05534391,0.048577648,0.10392156,-0.08207369,0.043821115,0.1258948,-0.018032337,0.10231099,0.12034333,1.0,2.0,1.0,0.054852042,0.09425164,0.039399598,0.011658676,0.05112547,0.039466795,0.044098876,0.0949827,0.050883822,0.043193366,0.04312617,-6.719679e-05,0.010753166,-0.0007310584,-0.011484224,0.012268946,0.0017456338,-0.010523312,1.0,0.0,-1.0,10,10,0,10,7,-3,1.0,0.7,-0.30000000000000004,1.0,1.3,0.30000000000000004,0.054852042347192764,0.09425164014101028,0.03939959779381752,0.012077286373823881,0.05153711773455143,0.039459831360727546,0.04265852048993111,0.09277038127183915,0.05011186078190804,0.04277475625276565,0.04271452240645886,-6.023384630679529e-05,0.012193521857261658,0.0014812588691711427,-0.010712262988090516,-43.04358,-0.30000000000000004
5,71,7120,1.0,2.0,1.0,1.0,1.0,0.0,0.04815012,0.04815012,-48.97513,-1.4724693,-0.0011582188,-0.00350561,-0.0016359203,-0.004268497,0.28049874,0.30273825,0.022239506,0.16734007,0.26148152,0.09414145,0.15711264,0.2692361,0.112123445,0.19615366,0.28576288,0.08960922,1.0,2.0,1.0,0.037835415,0.085985534,0.04815012,-0.00028869955,0.045745548,0.046034247,0.035293516,0.086949244,0.05165573,0.038124114,0.040239986,0.0021158718,0.0025418997,-0.00096371025,-0.00350561,0.0051121265,0.00084362924,-0.004268497,1.0,0.0,-1.0,9,9,0,9,6,-3,1.0,0.6666666666666666,-0.33333333333333337,1.0,1.3333333333333333,0.33333333333333326,0.037835415452718735,0.08598553389310837,0.04815011844038963,-0.00017246801750540422,0.04597431835201052,0.04614678636951592,0.033745419027076826,0.084779544836945,0.05103412580986817,0.03800788356198205,0.04001121554109785,0.0020033319791157994,0.004089996425641907,0.001205989056163364,-0.0028840073694785433,-48.97513,-0.33333333333333337
5,72,7207,5.0,61.0,56.0,2.0,2.0,0.0,0.031899452,0.031899452,-30.735168,-0.4915161,5.6169927e-05,-0.01168875,-0.0027748682,-0.011428062,0.045167975,-0.015131833,-0.060299806,-0.12701237,-0.074689455,0.052322917,-0.12488862,-0.07070184,0.054186784,-0.10453941,-0.06532858,0.039210826,5.0,61.0,56.0,0.04299836,0.07489781,0.031899452,0.011678762,0.051209643,0.03953088,0.04609925,0.08968745,0.043588202,0.031319596,0.023688167,-0.0076314285,-0.0031008907,-0.014789641,-0.01168875,-0.0014339648,-0.012862027,-0.011428062,0.0,0.0,0.0,7,7,0,0,0,0,0.0,0.0,0.0,2.4285714285714284,19.0,16.571428571428573,0.042998358607292175,0.07489781081676483,0.031899452209472656,0.01183721808982747,0.05145239883235523,0.03961518074252776,0.045059403138501306,0.0878915765455791,0.04283217340707779,0.031161140916602954,0.023445411984409605,-0.007715728932193348,-0.002061044531209128,-0.012993765728814262,-0.010932721197605133,-30.735168,0.0
5,73,7336,5.0,55.0,50.0,2.0,1.0,-1.0,0.0224277,0.0224277,-22.790192,-0.59716415,0.0047356375,-0.015457116,0.0021615922,-0.01381062,0.24310863,0.29369414,0.05058551,0.045921035,-0.032704603,-0.078625634,0.05224703,-0.03910186,-0.09134889,0.083893225,0.0060207825,-0.07787244,5.0,55.0,50.0,0.04757844,0.07000614,0.0224277,-0.003164804,0.04443427,0.047599077,0.05030445,0.08818927,0.037884817,0.050743245,0.025571868,-0.025171377,-0.002726011,-0.018183127,-0.015457116,-0.0011971295,-0.015007749,-0.01381062,0.0,0.0,0.0,8,8,0,1,0,-1,0.125,0.0,-0.125,2.5,18.125,15.625,0.047578439116477966,0.07000613957643509,0.022427700459957123,-0.0028762677538907155,0.04470207402482629,0.047578341778717004,0.04875602759420872,0.08515259437263012,0.0363965667784214,0.050454707350581884,0.0253040655516088,-0.025150641798973083,-0.001177588477730751,-0.01514645479619503,-0.01396886631846428,-22.790192,-0.125
5,74,7366,1.0,130.0,129.0,1.0,1.0,0.0,0.018890712,0.018890712,-60.922913,-2.4799862,0.0035980009,-0.028802112,0.00094647706,-0.027113035,0.67287284,0.73960906,0.06673622,-0.011513905,-0.05818609,-0.046672188,-0.027867528,-0.07438781,-0.046520285,0.053572927,0.04930905,-0.004263878,1.0,130.0,129.0,0.039005026,0.05789574,0.018890712,-0.0031076078,0.043170482,0.04627809,0.0352969,0.08298972,0.047692824,0.042112634,0.014725257,-0.027387377,0.003708128,-0.025093984,-0.028802112,0.005857665,-0.02125537,-0.027113035,1.0,0.0,-1.0,9,9,0,9,0,-9,1.0,0.0,-1.0,1.0,39.0,38.0,0.03900502622127533,0.05789573863148689,0.018890712410211563,-0.0031350072499157656,0.043467887573772006,0.04660289482368777,0.03287468436691496,0.07813737210300234,0.04526268773608738,0.042140033509996205,0.014427851057714887,-0.02771218245228132,0.006130341854360368,-0.020241633471515443,-0.02637197532587581,-60.922913,-1.0
5,75,7409,5.0,376.0,371.0,2.0,4.0,2.0,0.007999394,0.007999394,-36.731903,-1.1565819,-0.0021359585,-0.032605935,-0.004739281,-0.031409364,0.50077116,0.45834035,-0.042430818,0.11674568,0.11994787,0.0032021925,0.13925971,0.16395505,0.024695337,0.21429755,0.24686842,0.03257087,5.0,376.0,371.0,0.0430313,0.051030695,0.007999394,-0.00059754757,0.04557491,0.04617246,0.049987406,0.090592735,0.04060533,0.04362885,0.0054557845,-0.038173065,-0.006956104,-0.03956204,-0.032605935,-0.003127437,-0.0345368,-0.031409364,0.0,0.0,0.0,7,7,0,2,0,-2,0.2857142857142857,0.0,-0.2857142857142857,2.2857142857142856,112.71428571428571,110.42857142857142,0.043031301349401474,0.05103069543838501,0.007999394088983536,-0.00041542795536640497,0.04575909035546439,0.046174518310830796,0.04541628169161933,0.0875407840524401,0.04212450236082078,0.043446729225771766,0.0052716050829206195,-0.038175124142851145,-0.002384980342217854,-0.03651008861405509,-0.034125108271837234,-36.731903,-0.2857142857142857
5,76,7418,1.0,84.0,83.0,1.0,1.0,0.0,0.017490156,0.017490156,-57.46869,-2.20615,0.00048011914,-0.0351129,-0.0010751821,-0.033746075,0.027336795,-0.2354865,-0.2628233,-0.15897152,-0.24590108,-0.08692956,-0.14909923,-0.23723067,-0.08813144,-0.13938755,-0.24298336,-0.10359581,1.0,84.0,83.0,0.046403028,0.063893184,0.017490156,0.0004629742,0.04420887,0.043745894,0.035952423,0.08855548,0.052603055,0.045940053,0.019684315,-0.026255738,0.010450605,-0.024662293,-0.0351129,0.013588209,-0.020157866,-0.033746075,1.0,0.0,-1.0,9,9,0,9,0,-9,1.0,0.0,-1.0,1.0,24.77777777777778,23.77777777777778,0.046403028070926666,0.06389318406581879,0.01749015599489212,0.0002963774401602374,0.04403786237041155,0.04374148493025132,0.03232131774226824,0.08677731951077779,0.054456001768509545,0.0461066501835982,0.01985532169540723,-0.026251328488190968,0.014081710328658422,-0.022884135444959004,-0.036965845773617424,-57.46869,-1.0
5,77,7480,1.0,61.0,60.0,1.0,1.0,0.0,0.032522067,0.032522067,-46.35074,-1.2815609,-0.0036872998,-0.020381734,-0.0049323887,-0.019589275,0.23223455,0.34372744,0.11149289,0.016111532,0.3775736,0.3614621,-0.0037716732,0.3705067,0.37427837,0.031223472,0.38968015,0.35845667,1.0,61.0,60.0,0.04206249,0.07458456,0.032522067,0.010201437,0.051327292,0.041125856,0.040554367,0.09345817,0.0529038,0.031861052,0.023257267,-0.008603785,0.0015081242,-0.01887361,-0.020381734,0.0045762286,-0.015013047,-0.019589275,1.0,0.0,-1.0,10,10,0,10,0,-10,1.0,0.0,-1.0,1.0,20.6,19.6,0.04206249117851257,0.07458455860614777,0.03252206742763519,0.010230262577533723,0.05143194161355495,0.04120167903602123,0.0393493365496397,0.09037102982401848,0.051021693274378783,0.031832228414714336,0.02315261699259281,-0.008679611422121526,0.0027131546288728715,-0.01578647121787071,-0.018499625846743584,-46.35074,-1.0
5,78,7654,1.0,1.0,0.0,2.0,2.0,0.0,0.049672794,0.049672794,-24.752228,-0.36694908,0.0013702735,-0.003458809,-0.0039000511,-0.0053681806,0.31948116,0.32493547,0.005454302,0.09538783,0.11413872,0.018750891,0.0831592,0.12172771,0.03856851,0.11421302,0.1627658,0.04855278,1.0,1.0,0.0,0.052802365,0.10247516,0.049672794,0.0046456796,0.047166437,0.042520758,0.04516583,0.09829743,0.053131603,0.048156686,0.055308722,0.007152036,0.007636536,0.004177727,-0.003458809,0.012780666,0.007412486,-0.0053681806,1.0,1.0,0.0,13,13,0,13,13,0,1.0,1.0,0.0,1.0,1.0,0.0,0.05280236527323723,0.10247515887022018,0.049672793596982956,0.004823069195621288,0.04760787607385562,0.042784806878234334,0.03983175582610644,0.09364961202328022,0.05381785619717378,0.047979296113436036,0.05486728279636456,0.006887986682928525,0.01297060944713079,0.008825546846939968,-0.004145062600190822,-24.752228,0.0
5,79,7659,1.0,7.0,6.0,2.0,2.0,0.0,0.03723511,0.03723511,-55.707306,-2.1637,0.0051309466,-0.015673406,-0.0014019199,-0.01508709,0.68237686,0.7083612,0.025984347,0.39540067,0.30979124,-0.085609436,0.37771854,0.28662014,-0.0910984,0.44672588,0.37062046,-0.076105416,1.0,7.0,6.0,0.04684408,0.08407919,0.03723511,0.0030162332,0.04687064,0.043854408,0.0409464,0.09385492,0.052908517,0.043827847,0.03720855,-0.006619297,0.0058976784,-0.009775728,-0.015673406,0.009449385,-0.0056377053,-0.01508709,1.0,0.0,-1.0,12,12,0,12,0,-12,1.0,0.0,-1.0,1.0,2.9166666666666665,1.9166666666666665,0.046844080090522766,0.08407919108867645,0.037235110998153687,0.0032182908228908977,0.04734093323349953,0.04412264241060863,0.03698060289025307,0.09009003328780334,0.05310943039755027,0.04362578938404719,0.036738257855176926,-0.006887531528870262,0.009863477200269699,-0.00601084219912688,-0.01587431939939658,-55.707306,-1.0
5,80,7840,3.0,202.0,199.0,3.0,5.0,2.0,0.015770439,0.015770439,-80.63846,-3.4905148,0.0019205026,-0.026038773,-0.00049215555,-0.029349104,0.497893,0.51629,0.018397003,0.31404498,0.35637358,0.042328596,0.31562254,0.35456714,0.038944602,0.3789011,0.39895168,0.020050585,3.0,202.0,199.0,0.040157504,0.055927943,0.015770439,-0.0021983762,0.04139494,0.043593317,0.045009706,0.08681892,0.041809212,0.04235588,0.014533002,-0.027822878,-0.004852202,-0.030890975,-0.026038773,0.000460919,-0.028888185,-0.029349104,0.0,0.0,0.0,8,8,0,4,0,-4,0.5,0.0,-0.5,1.75,63.75,62.0,0.0401575043797493,0.05592794343829155,0.01577043905854225,-0.001952072860149201,0.04162463033571839,0.043576703195867594,0.039898745249956846,0.08566688001155853,0.045768134761601686,0.04210957745090127,0.014303313102573156,-0.027806264348328114,0.00025875912979245186,-0.029738936573266983,-0.029997695703059435,-80.63846,-0.5
5,81,7859,26.0,142.0,116.0,1.0,1.0,0.0,0.033196896,0.033196896,-44.064697,-1.2398357,0.00044844672,-0.008999921,-0.0016848035,-0.012397602,0.049624655,0.03774673,-0.011877924,0.086893775,0.08402101,-0.002872765,0.09433416,0.09220654,-0.002127625,0.09324945,0.08916817,-0.004081279,26.0,142.0,116.0,0.034004807,0.067201704,0.033196896,0.008437082,0.049820885,0.041383803,0.05170045,0.09389727,0.042196818,0.025567725,0.017380819,-0.008186907,-0.017695643,-0.026695564,-0.008999921,-0.0118255615,-0.024223164,-0.012397602,0.0,0.0,0.0,8,8,0,0,0,0,0.0,0.0,0.0,8.625,45.0,36.375,0.034004807472229004,0.06720170378684998,0.03319689631462097,0.0086027862271294,0.050322210881859064,0.041719424654729664,0.047689642291516066,0.09179526660591364,0.044105624314397573,0.025402021361514926,0.01687949290499091,-0.008522528456524014,-0.013684834819287062,-0.024593562819063663,-0.010908727999776602,-44.064697,0.0
5,82,7944,1.0,34.0,33.0,1.0,2.0,1.0,0.023225501,0.023225501,-27.383026,-0.13158607,-0.012639154,-0.02154781,-0.0098226,-0.022750959,-0.26554936,-0.13359255,0.13195682,0.058291517,0.21724772,0.1589562,0.05243737,0.22379462,0.17135726,0.019652665,0.18556042,0.16590776,1.0,34.0,33.0,0.054432526,0.07765803,0.023225501,0.013417654,0.05080263,0.037384976,0.046199888,0.0909732,0.04477331,0.041014872,0.026855398,-0.0141594745,0.008232638,-0.013315171,-0.02154781,0.011232458,-0.011518501,-0.022750959,1.0,0.0,-1.0,8,8,0,8,0,-8,1.0,0.0,-1.0,1.0,10.875,9.875,0.05443252623081207,0.0776580274105072,0.02322550117969513,0.013757548877038062,0.05126216635107994,0.03750461747404188,0.04378456203266978,0.08981045335531235,0.046025891322642565,0.04067497747018933,0.02639586105942726,-0.014279116410762072,0.01064796419814229,-0.012152425944805145,-0.022800390142947435,-27.383026,-1.0
5,83,7948,14.0,253.0,239.0,5.0,8.0,3.0,0.025762368,0.025762368,-32.019867,-0.35850525,0.0017670728,-0.02046647,0.0011038035,-0.023539562,0.0806016,0.02107934,-0.059522264,-0.030908003,-0.02814578,0.0027622227,-0.024589948,-0.032130044,-0.0075400956,-0.013462374,-0.027843457,-0.014381083,14.0,253.0,239.0,0.035127293,0.06088966,0.025762368,0.01349792,0.050392106,0.036894187,0.04621231,0.09244115,0.046228837,0.021629374,0.010497555,-0.011131819,-0.0110850185,-0.031551488,-0.02046647,-0.0070954226,-0.030634984,-0.023539562,0.0,0.0,0.0,9,9,0,0,0,0,0.0,0.0,0.0,5.444444444444445,78.22222222222223,72.77777777777779,0.035127293318510056,0.06088966131210327,0.025762367993593216,0.01343130630751451,0.05043272218770451,0.03700141588019,0.04176054522395134,0.09068386753400166,0.048923322310050324,0.02169598721795612,0.01045693912439876,-0.011239048093557358,-0.006633251905441284,-0.029794206221898396,-0.02316095431645711,-32.019867,0.0
5,84,7954,234.0,878.0,644.0,172.0,151.0,-21.0,0.018194724,0.018194724,6.036255,1.1431713,0.008153321,-0.025882248,0.0050955135,-0.03169399,0.571596,0.50307786,-0.06851816,0.34701476,0.3489515,0.0019367337,0.34955123,0.3583725,0.008821279,0.39181492,0.390455,-0.0013599098,234.0,878.0,644.0,0.011130189,0.029324913,0.018194724,0.0025603978,0.048607364,0.046046965,0.048269555,0.09234653,0.04407697,0.008569791,-0.01928245,-0.027852241,-0.037139367,-0.063021615,-0.025882248,-0.027908321,-0.059602313,-0.03169399,0.0,0.0,0.0,6,6,0,0,0,0,0.0,0.0,0.0,66.33333333333333,264.1666666666667,197.83333333333337,0.011130188591778278,0.029324913397431374,0.018194724805653095,0.002372891971996675,0.04874987776080767,0.046376985788811,0.04592927421132723,0.08947325373689334,0.04354397952556611,0.008757296639184156,-0.0194249643633763,-0.02818226100256046,-0.03479908655087153,-0.06014834220210711,-0.02534925565123558,6.036255,0.0
5,85,8006,1.0,4.0,3.0,1.0,3.0,2.0,0.04557912,0.04557912,-53.540985,-1.7911377,-0.0048367754,-0.0071772523,-0.003414426,-0.0044109523,-0.2556205,-0.5455893,-0.28996882,0.053385183,-0.04874635,-0.10213153,0.052072547,-0.022995405,-0.07506795,0.017083481,-0.08328019,-0.10036367,1.0,4.0,3.0,0.043237947,0.08881707,0.04557912,0.003366192,0.04670631,0.04334012,0.042802844,0.09555922,0.052756373,0.039871756,0.042110756,0.002239,0.00043510273,-0.0067421496,-0.0071772523,0.0023898482,-0.002021104,-0.0044109523,1.0,0.0,-1.0,10,10,0,10,5,-5,1.0,0.5,-0.5,1.0,1.9,0.8999999999999999,0.043237946927547455,0.0888170674443245,0.04557912051677704,0.003225993737578392,0.046532485634088516,0.043306491896510126,0.040151210874319075,0.08968306258320809,0.04953185170888901,0.04001195356249809,0.04228458181023598,0.0022726282477378845,0.0030867360532283784,-0.0008659951388835907,-0.003952731192111969,-53.540985,-0.5
5,86,8109,14.0,129.0,115.0,71.0,14.0,-57.0,0.03814371,0.03814371,-47.264618,-1.3891544,0.014915081,-0.017630992,0.011889795,-0.019224452,0.35399988,0.4896289,0.13562903,0.07446432,0.026648374,-0.04781595,0.030562656,0.011095166,-0.01946749,0.06887721,0.058852855,-0.010024358,14.0,129.0,115.0,0.026662918,0.064806625,0.03814371,-0.0019313536,0.045817014,0.04774837,0.03668378,0.09245848,0.0557747,0.028594272,0.018989611,-0.009604661,-0.010020861,-0.027651854,-0.017630992,-0.0065458845,-0.025770336,-0.019224452,0.0,0.0,0.0,2,2,0,0,0,0,0.0,0.0,0.0,4.5,39.5,35.0,0.02666291780769825,0.06480662524700165,0.0381437074393034,-0.0021037940168753266,0.04567233845591545,0.04777613247279078,0.03419946879148483,0.09021042659878731,0.056010957807302475,0.028766712173819542,0.019134286791086197,-0.009632425382733345,-0.007536550983786583,-0.02540380135178566,-0.017867250367999077,-47.264618,0.0
5,87,8204,58.0,199.0,141.0,6.0,19.0,13.0,0.028160889,0.028160889,-81.099976,-2.71953,-0.0026985854,-0.008436363,-0.002918724,-0.009909868,-0.07723264,0.001622437,0.078855075,0.020840839,-0.0028566394,-0.023697479,0.020315053,-0.01999967,-0.040314723,0.004625634,-0.018683948,-0.023309581,58.0,199.0,141.0,0.03213747,0.060298357,0.028160889,0.014729297,0.0482567,0.033527404,0.050725542,0.087322794,0.036597252,0.017408172,0.012041658,-0.0053665135,-0.018588074,-0.027024437,-0.008436363,-0.014844518,-0.024754386,-0.009909868,0.0,0.0,0.0,11,11,0,0,0,0,0.0,0.0,0.0,17.181818181818183,60.27272727272727,43.09090909090909,0.032137468457221985,0.06029835715889931,0.028160888701677322,0.014672752723775127,0.0482016500424255,0.03352889731865037,0.04741579971530221,0.08489114046096802,0.03747534074566581,0.01746471564878117,0.012096707116473805,-0.005368008532307365,-0.015278331258080223,-0.02459278330206871,-0.009314452043988487,-81.099976,0.0
5,88,8225,68.0,201.0,133.0,53.0,19.0,-34.0,0.041546952,0.041546952,-40.640137,-1.2376308,0.0066647865,-0.009981345,0.005937882,-0.012663078,0.4385826,0.47942507,0.040842474,0.49355388,0.4605189,-0.03303498,0.4895821,0.45370477,-0.035877317,0.49944338,0.46819043,-0.03125295,68.0,201.0,133.0,0.017440833,0.058987785,0.041546952,4.952295e-05,0.04524405,0.045194525,0.038106985,0.08963528,0.051528297,0.017391311,0.013743736,-0.0036475752,-0.020666152,-0.030647498,-0.009981345,-0.016277269,-0.028940346,-0.012663078,0.0,0.0,0.0,5,5,0,0,0,0,0.0,0.0,0.0,21.2,62.4,41.2,0.017440833151340485,0.05898778513073921,0.04154695197939873,0.0002872827851618354,0.04551717042922974,0.0452298876440679,0.03469888940453529,0.08704648166894913,0.052347592264413836,0.017153550684452058,0.013470614701509476,-0.0036829359829425815,-0.01725805625319481,-0.028058696538209915,-0.010800640285015106,-40.640137,0.0
5,89,8262,16.0,530.0,514.0,7.0,14.0,7.0,0.017378744,0.017378744,-40.417053,-0.9550762,-0.0011737123,-0.035100803,-0.0024053752,-0.034524255,0.02835411,-0.03105845,-0.05941256,-0.016055755,0.20321253,0.21926829,-0.027854463,0.19116034,0.2190148,-0.024311835,0.18128249,0.20559433,16.0,530.0,514.0,0.030918434,0.048297178,0.017378744,0.0070552886,0.049378846,0.042323556,0.04060371,0.093083255,0.052479547,0.023863146,-0.0010816678,-0.024944814,-0.009685274,-0.044786077,-0.035100803,-0.0067587607,-0.041283015,-0.034524255,0.0,0.0,0.0,6,6,0,0,0,0,0.0,0.0,0.0,5.666666666666667,161.66666666666666,156.0,0.030918434262275696,0.048297178000211716,0.01737874373793602,0.007215281870837013,0.04961551601688067,0.04240023414604366,0.038308365270495415,0.08894937485456467,0.05064100958406925,0.02370315231382847,-0.0013183380166689556,-0.025021490330497425,-0.007389931008219719,-0.04065219685435295,-0.03326226584613323,-40.417053,0.0
5,90,8274,1.0,1.0,0.0,1.0,1.0,0.0,0.046929598,0.046929598,-85.087585,-4.095833,-0.00035753474,0.004035119,-0.0015595704,0.0013232306,0.76373935,0.76070577,-0.0030335784,0.70184594,0.7150001,0.013154149,0.72787184,0.7275523,-0.0003195405,0.755893,0.7505823,-0.0053107142,1.0,1.0,0.0,0.056686454,0.10361605,0.046929598,-0.002814539,0.042623404,0.045437943,0.045085404,0.08797988,0.04289448,0.059500992,0.060992647,0.0014916547,0.011601049,0.015636168,0.004035119,0.016790092,0.018113323,0.0013232306,1.0,1.0,0.0,12,12,0,12,12,0,1.0,1.0,0.0,1.0,1.0,0.0,0.05668645352125168,0.10361605137586594,0.04692959785461426,-0.002708334349639093,0.04304122428099314,0.04574955863063224,0.039536516182124615,0.08577166808148225,0.04623515189935763,0.05939478799700737,0.060574827094872795,0.0011800390978654249,0.017149937339127064,0.017844383294383686,0.0006944459552566222,-85.087585,0.0
5,91,8318,1.0,40.0,39.0,2.0,3.0,1.0,0.025427401,0.025427401,-18.611084,-0.032556534,0.00031633675,-0.02607271,-0.003203921,-0.02343198,0.5602682,0.5813422,0.021073997,0.16340038,0.3683144,0.204914,0.15353209,0.36620447,0.21267238,0.23895532,0.43186754,0.19291222,1.0,40.0,39.0,0.04920339,0.07463079,0.025427401,0.012039574,0.05021365,0.038174078,0.042781055,0.09428117,0.05150011,0.037163816,0.02441714,-0.012746677,0.0064223334,-0.019650377,-0.02607271,0.008870661,-0.014561318,-0.02343198,1.0,0.0,-1.0,8,8,0,8,0,-8,1.0,0.0,-1.0,1.0,14.0,13.0,0.04920338839292526,0.07463078945875168,0.025427401065826416,0.011971660424023867,0.050483664497733116,0.03851200407370925,0.04057204909622669,0.09027947206050158,0.04970742296427488,0.03723172843456268,0.024147124961018562,-0.01308460347354412,0.00863133929669857,-0.015648682601749897,-0.024280021898448467,-18.611084,-1.0
5,92,8387,4.0,320.0,316.0,2.0,2.0,0.0,0.020348314,0.020348314,7.4028015,1.2640591,-0.00046416372,-0.027374126,-0.0029260926,-0.031111997,0.08646009,0.03082063,-0.05563946,0.18747942,0.084658295,-0.10282113,0.21500495,0.10495635,-0.1100486,0.22258043,0.10013382,-0.12244661,4.0,320.0,316.0,0.03908664,0.059434954,0.020348314,0.008464006,0.05101255,0.042548545,0.046372246,0.094094686,0.04772244,0.030622635,0.0084224045,-0.02220023,-0.007285606,-0.034659732,-0.027374126,-0.0023638979,-0.033475894,-0.031111997,0.0,0.0,0.0,8,8,0,5,0,-5,0.625,0.0,-0.625,1.375,98.5,97.125,0.03908663988113403,0.059434954077005386,0.020348314195871353,0.008825067721772939,0.05141777545213699,0.042592707730364054,0.04030546918511391,0.09270912688225508,0.05240365769714117,0.03026157198473811,0.008017178624868393,-0.02224439335986972,-0.0012188293039798737,-0.03327417280524969,-0.03205534350126982,7.4028015,-0.625
5,93,8394,3.0,18.0,15.0,59.0,44.0,-15.0,0.045284964,0.045284964,-44.734863,-1.5983753,0.016341658,-0.009602858,0.007837197,-0.011089241,-0.041293062,0.04405235,0.08534542,-0.061340947,-0.034797817,0.02654313,-0.04479877,-0.044139173,0.0006595962,-0.04915265,-0.036354806,0.012797844,3.0,18.0,15.0,0.029847471,0.07513244,0.045284964,-0.0034322906,0.043841388,0.04727368,0.034294344,0.08918217,0.054887824,0.03327976,0.03129105,-0.0019887127,-0.0044468734,-0.014049731,-0.009602858,-0.00024137087,-0.011330612,-0.011089241,0.0,0.0,0.0,14,14,0,9,0,-9,0.6428571428571429,0.0,-0.6428571428571429,1.3571428571428572,6.071428571428571,4.7142857142857135,0.02984747104346752,0.07513243705034256,0.04528496600687504,-0.0033535573997401764,0.04408870717244489,0.04744226457218507,0.029380748846701214,0.08504724236471313,0.055666493518011916,0.03320102845983846,0.03104372987789767,-0.002157298581940789,0.00046672219676630836,-0.009914805314370565,-0.010381527511136874,-44.734863,-0.6428571428571429
5,94,8415,1.0,311.0,310.0,1.0,2.0,1.0,0.0042474903,0.0042474903,-63.3432,-2.3338528,-0.003763672,-0.0405763,-0.005865708,-0.041451216,0.6208653,0.6810372,0.060171902,-0.15185261,0.21387291,0.36572552,-0.15559486,0.20469177,0.36028662,-0.027117677,0.31180078,0.33891845,1.0,311.0,310.0,0.048895717,0.053143207,0.0042474903,0.0063643623,0.045814943,0.03945058,0.045138914,0.089962706,0.04482379,0.042531356,0.0073282644,-0.03520309,0.0037568025,-0.0368195,-0.0405763,0.0072378702,-0.034213345,-0.041451216,1.0,0.0,-1.0,11,11,0,11,0,-11,1.0,0.0,-1.0,1.0,96.36363636363636,95.36363636363636,0.04889571666717529,0.0531432069838047,0.00424749031662941,0.006441634190692143,0.04598421264778484,0.0395425784570927,0.041840489276430824,0.08629309115084735,0.04445260187441653,0.042454082518815994,0.007158994336019863,-0.03529508818279613,0.00705522739074447,-0.03314988416704265,-0.04020511155778712,-63.3432,-1.0
5,95,8435,1.0,89.0,88.0,1.0,2.0,1.0,0.024581328,0.024581328,-40.796906,-1.1889648,-0.0038263462,-0.02316365,-0.004107062,-0.024663724,0.07645771,0.0626281,-0.013829611,-0.09848645,0.15604952,0.25453597,-0.100607835,0.16849884,0.2691067,-0.086336724,0.16705543,0.25339216,1.0,89.0,88.0,0.04071933,0.06530066,0.024581328,-0.0004931356,0.045565937,0.046059072,0.037353266,0.085098244,0.04774498,0.041212466,0.019734722,-0.021477744,0.0033660643,-0.019797586,-0.02316365,0.006389834,-0.01827389,-0.024663724,1.0,0.0,-1.0,7,7,0,7,0,-7,1.0,0.0,-1.0,1.0,29.142857142857142,28.142857142857142,0.04071933031082153,0.06530065834522247,0.02458132803440094,-0.0003456060803728178,0.04593795804040773,0.046283564120780545,0.034786155713456016,0.08413243613072804,0.04934628041727203,0.04106493613549641,0.019362700304814746,-0.021702235830681663,0.005933174597365516,-0.018831777785505568,-0.024764952382871082,-40.796906,-1.0
5,96,8465,6.0,146.0,140.0,5.0,21.0,16.0,0.025391448,0.025391448,-20.001648,0.16682053,-4.6528876e-06,-0.020268176,-0.0027650967,-0.020496339,-0.28830257,-0.33359453,-0.04529196,-0.26045978,-0.3872386,-0.12677881,-0.27097,-0.38026446,-0.109294474,-0.28024188,-0.3873573,-0.10711542,6.0,146.0,140.0,0.041664314,0.06705576,0.025391448,0.0050125164,0.049294394,0.044281878,0.04647986,0.09213948,0.045659624,0.036651798,0.017761368,-0.01889043,-0.004815545,-0.02508372,-0.020268176,-0.0030068904,-0.023503229,-0.020496339,0.0,0.0,0.0,12,12,0,3,0,-3,0.25,0.0,-0.25,2.1666666666666665,45.0,42.833333333333336,0.04166431352496147,0.06705576181411743,0.02539144828915596,0.004831002559512854,0.049187422109146915,0.04435641954963406,0.04302650224417448,0.08963505178689957,0.046608549542725086,0.036833311120669045,0.01786833970497052,-0.018964971415698525,-0.0013621887192130089,-0.022579289972782135,-0.021217101253569126,-20.001648,-0.25
5,97,8509,10.0,24.0,14.0,1.0,1.0,0.0,0.041122638,0.041122638,-25.006195,-0.53785896,-0.004669817,-0.0007754043,-0.0050388426,-0.0052770227,0.5610242,0.54925984,-0.011764348,0.23750542,0.244322,0.006816581,0.23753484,0.2519606,0.014425769,0.28818336,0.30514666,0.016963303,10.0,24.0,14.0,0.035432145,0.07655478,0.041122638,0.0048458707,0.047958884,0.043113016,0.050828375,0.09272642,0.041898042,0.030586274,0.028595898,-0.001990376,-0.01539623,-0.016171634,-0.0007754043,-0.006689869,-0.011966892,-0.0052770227,0.0,0.0,0.0,11,11,0,0,0,0,0.0,0.0,0.0,3.727272727272727,8.090909090909092,4.363636363636365,0.03543214499950409,0.0765547826886177,0.04112263768911362,0.005188960370353677,0.0482575927268375,0.043068632356483824,0.045258095995946365,0.08868564055724577,0.04342754456129941,0.03024318441748619,0.0282971899617802,-0.0019459944557059898,-0.009825950996442274,-0.012130857868628069,-0.0023049068721857947,-25.006195,0.0
5,98,8631,1.0,124.0,123.0,1.0,2.0,1.0,0.005146764,0.005146764,-94.52695,-4.0134335,-0.016688913,-0.043896288,-0.012134202,-0.047598343,0.58195245,0.52726865,-0.054683805,0.46462098,0.47951892,0.014897943,0.4733668,0.48095012,0.00758332,0.5080864,0.5066674,-0.0014190078,1.0,124.0,123.0,0.060405858,0.06555262,0.005146764,0.0023772498,0.045995373,0.043618124,0.048850566,0.09789362,0.049043052,0.05802861,0.019557249,-0.03847136,0.011555292,-0.032340996,-0.043896288,0.019580271,-0.028018072,-0.047598343,1.0,0.0,-1.0,8,8,0,8,0,-8,1.0,0.0,-1.0,1.0,37.875,36.875,0.06040585786104202,0.06555262207984924,0.0051467642188072205,0.002665445252205245,0.04638361372053623,0.04371816846833099,0.03826279006898403,0.09162772540003061,0.05336493533104658,0.057740412186831236,0.01916900835931301,-0.038571403827518225,0.02214306779205799,-0.02607510332018137,-0.04821817111223936,-94.52695,-1.0
5,99,8646,6.0,132.0,126.0,1.0,2.0,1.0,0.029956728,0.029956728,3.36438,1.2792377,-0.006088797,-0.022927713,-0.006585283,-0.021595545,0.23717391,0.20842588,-0.028748035,0.07644115,-0.120428324,-0.19686946,0.07086121,-0.118626535,-0.18948776,0.10158539,-0.07239024,-0.17397563,6.0,132.0,126.0,0.037674904,0.06763163,0.029956728,0.012357148,0.050748415,0.038391266,0.044064675,0.096949115,0.05288444,0.025317755,0.016883217,-0.008434538,-0.0063897707,-0.029317483,-0.022927713,-0.0030714422,-0.024666987,-0.021595545,0.0,0.0,0.0,15,15,0,1,0,-1,0.06666666666666667,0.0,-0.06666666666666667,2.6,42.266666666666666,39.666666666666664,0.037674903869628906,0.06763163208961487,0.029956728219985962,0.012755155004560948,0.051254605501890184,0.03849945049732924,0.040857564906279245,0.09189501156409581,0.051037446657816565,0.02491974892715613,0.016377026587724684,-0.008542722339431447,-0.0031826610366503397,-0.024263379474480946,-0.021080718437830607,3.36438,-0.06666666666666667
5,100,8807,4.0,27.0,23.0,19.0,4.0,-15.0,0.045103915,0.045103915,-54.83661,-2.347557,0.009785805,-0.017976638,0.007173497,-0.014991384,-0.25426072,-0.23706238,0.01719834,-0.0807175,-0.1939533,-0.11323581,-0.11186188,-0.2152224,-0.103360526,-0.13637477,-0.23076099,-0.09438622,4.0,27.0,23.0,0.033046775,0.07815069,0.045103915,-0.0032470238,0.04483736,0.048084382,0.03600776,0.09908831,0.06308055,0.036293797,0.03331333,-0.002980467,-0.0029609837,-0.020937622,-0.017976638,-0.0012431033,-0.016234487,-0.014991384,0.0,0.0,0.0,11,11,0,3,0,-3,0.2727272727272727,0.0,-0.2727272727272727,2.090909090909091,10.0,7.909090909090909,0.03304677456617355,0.0781506896018982,0.04510391503572464,-0.0028543076266280627,0.045453196222131904,0.04830750384875997,0.03447771935977719,0.0928723852742802,0.058394665914503006,0.03590108183297244,0.03269749337976629,-0.0032035884532061534,-0.001430944793603637,-0.014721695672382008,-0.01329075087877837,-54.83661,-0.2727272727272727
5,101,8843,91.0,146.0,55.0,2.0,3.0,1.0,0.043069832,0.043069832,7.729126,1.2059402,0.0014935918,-0.009190364,-0.00047540665,-0.010351298,-0.06364122,-0.15325041,-0.08960919,-0.06733922,-0.05038097,0.016958248,-0.063921355,-0.043729123,0.020192232,-0.06714473,-0.058572534,0.008572195,91.0,146.0,55.0,0.022947056,0.06601689,0.043069832,0.006375732,0.049148697,0.042772964,0.041763365,0.09402356,0.052260198,0.016571324,0.016868193,0.00029686838,-0.018816309,-0.028006673,-0.009190364,-0.014972949,-0.025324248,-0.010351298,0.0,0.0,0.0,9,9,0,0,0,0,0.0,0.0,0.0,28.555555555555557,45.77777777777778,17.22222222222222,0.022947056218981743,0.06601689010858536,0.043069833889603615,0.006663947055737178,0.049450562645991646,0.04278661559025447,0.037014168997605644,0.09204969886276457,0.05503552986515892,0.016283109163244564,0.016566327462593716,0.0002832182993491514,-0.0140671127786239,-0.026032808754179213,-0.011965695975555314,7.729126,0.0
5,102,8925,1.0,1.0,0.0,1.0,1.0,0.0,0.05533041,0.05533041,-30.947937,-0.68953514,-0.0020347796,0.00035388023,-0.004271172,-0.0003919974,0.48146692,0.4121894,-0.069277525,0.22579549,0.21893398,-0.006861508,0.231932,0.22122231,-0.010709688,0.29360878,0.26256242,-0.03104636,1.0,1.0,0.0,0.044612676,0.09994309,0.05533041,0.0039819595,0.047544293,0.043562334,0.043758065,0.098734595,0.05497653,0.040630717,0.052398793,0.011768077,0.0008546114,0.0012084916,0.00035388023,0.005184628,0.0047926307,-0.0003919974,1.0,1.0,0.0,7,7,0,7,7,0,1.0,1.0,0.0,1.0,1.0,0.0,0.04461267590522766,0.09994308650493622,0.05533041059970856,0.004263959691992828,0.04827322544796126,0.04400926575596843,0.041837620948042185,0.09529902998890195,0.05346140904085977,0.04034871608018875,0.05166986105697496,0.011321144976786206,0.0027750549571854727,0.004644056516034263,0.00186900155884879,-30.947937,0.0
5,103,8933,3.0,26.0,23.0,2.0,4.0,2.0,0.040614814,0.040614814,-40.877686,-1.0469112,-0.0022062622,-0.011946823,-0.0032139383,-0.011234332,0.27250734,0.43732366,0.16481632,-0.02197247,0.211657,0.23362947,-0.07172854,0.19289047,0.264619,-0.03320695,0.24333759,0.27654454,3.0,26.0,23.0,0.041088924,0.08170374,0.040614814,0.006301381,0.04917364,0.042872258,0.051900607,0.10446224,0.052561637,0.034787543,0.0325301,-0.002257444,-0.010811683,-0.022758506,-0.011946823,-0.0022191368,-0.013453469,-0.011234332,0.0,0.0,0.0,5,5,0,3,0,-3,0.6,0.0,-0.6,1.8,8.2,6.3999999999999995,0.04108892381191254,0.08170373737812042,0.040614813566207886,0.006506598927080632,0.049723385274410246,0.04321678634732962,0.04404166489839554,0.09763904809951782,0.05359738320112228,0.03458232432603836,0.031980352103710176,-0.0026019722223281846,-0.002952741086483002,-0.0159353107213974,-0.0129825696349144,-40.877686,-0.6
5,104,9027,34.0,541.0,507.0,26.0,3.0,-23.0,0.02436572,0.02436572,-62.144775,-2.5568867,0.013512906,-0.034398604,0.008779729,-0.030449305,-0.08288993,-0.04534601,0.03754392,-0.14709684,0.24827538,0.3953722,-0.1729293,0.24187617,0.41480547,-0.17799988,0.23899518,0.41699505,34.0,541.0,507.0,0.020151466,0.044517186,0.02436572,-0.0017282142,0.046090323,0.047818538,0.037615575,0.0963799,0.058764324,0.02187968,-0.0015731379,-0.023452818,-0.017464109,-0.051862713,-0.034398604,-0.012699224,-0.04314853,-0.030449305,0.0,0.0,0.0,6,6,0,0,0,0,0.0,0.0,0.0,10.166666666666666,161.5,151.33333333333334,0.020151466131210327,0.04451718553900719,0.02436571940779686,-0.0015890029220220943,0.04631818210085233,0.04790718502287443,0.03583320416510105,0.08645441134770711,0.05062120718260606,0.021740468839804333,-0.0018009965618451436,-0.023541465401649475,-0.015681738033890724,-0.04193722580869993,-0.026255487774809204,-62.144775,0.0
5,105,9048,4.0,586.0,582.0,1.0,1.0,0.0,0.005136024,0.005136024,-35.0795,-0.973835,-0.0050696116,-0.040198423,-0.007684145,-0.042412374,0.3794196,0.14930904,-0.23011056,0.059911374,0.017731056,-0.04218032,0.04648034,0.01175813,-0.03472221,0.10025846,0.028332854,-0.07192561,4.0,586.0,582.0,0.03983572,0.044971745,0.005136024,0.005453841,0.047714546,0.042260706,0.04579437,0.09112882,0.045334447,0.03438188,-0.0027428009,-0.037124682,-0.0059586503,-0.046157073,-0.040198423,-0.0016169474,-0.04402932,-0.042412374,0.0,0.0,0.0,9,9,0,2,0,-2,0.2222222222222222,0.0,-0.2222222222222222,2.111111111111111,178.44444444444446,176.33333333333334,0.039835721254348755,0.04497174546122551,0.005136024206876755,0.005517215519729588,0.048141086681021586,0.042623871161292,0.04248084189991156,0.08927688913212882,0.04679604723221726,0.0343185058898396,-0.0031693412197960746,-0.03748784710963567,-0.0026451206455628076,-0.04430514367090331,-0.041660023025340505,-35.0795,-0.2222222222222222
5,106,9147,1.0,92.0,91.0,1.0,4.0,3.0,0.02258065,0.02258065,-45.324432,-1.1346092,-0.008795604,-0.03326839,-0.009069134,-0.028680276,-0.31201872,-0.34052038,-0.02850166,-0.0046182456,-0.13901836,-0.13440011,0.0097531695,-0.11628666,-0.12603983,-0.033818163,-0.1688119,-0.13499373,1.0,92.0,91.0,0.046238143,0.06881879,0.02258065,0.003887126,0.04699797,0.043110847,0.03857241,0.09442145,0.055849038,0.04235102,0.02182082,-0.020530198,0.0076657347,-0.025602654,-0.03326839,0.011355896,-0.01732438,-0.028680276,1.0,0.0,-1.0,7,7,0,7,0,-7,1.0,0.0,-1.0,1.0,27.142857142857142,26.142857142857142,0.046238142997026443,0.06881879270076752,0.022580649703741074,0.004154219292104244,0.04691704788378307,0.04276282859167883,0.03600496346397059,0.0868315217750413,0.05082655831107071,0.04208392383796828,0.02190174481698445,-0.02018217902098383,0.01023317953305585,-0.01801272907427379,-0.028245908607329638,-45.324432,-1.0
5,107,9230,1.0,9.0,8.0,1.0,2.0,1.0,0.030525286,0.030525286,-67.95581,-2.5137577,-0.008041859,-0.015421968,-0.006406579,-0.015950147,0.7931618,0.78712654,-0.0060352683,0.6277582,0.43261647,-0.19514173,0.6340112,0.44135424,-0.19265696,0.71230596,0.5898024,-0.12250358,1.0,9.0,8.0,0.048856925,0.07938221,0.030525286,0.00037148144,0.045095317,0.044723835,0.04602369,0.09197094,0.045947254,0.048485443,0.034286894,-0.014198549,0.002833236,-0.012588732,-0.015421968,0.009266514,-0.0066836327,-0.015950147,1.0,0.0,-1.0,9,9,0,9,1,-8,1.0,0.1111111111111111,-0.8888888888888888,1.0,3.4444444444444446,2.4444444444444446,0.04885692521929741,0.07938221096992493,0.030525285750627518,0.0002927699683318173,0.04513144493103027,0.04483867496269846,0.04076621805628141,0.08545513699452083,0.04468891893823942,0.048564155068662435,0.03425076603889465,-0.014313389029767781,0.008090707163016,-0.006072926024595897,-0.014163633187611897,-67.95581,-0.8888888888888888
5,108,9434,1.0,86.0,85.0,2.0,2.0,0.0,0.028786764,0.028786764,-49.25186,-1.3197689,0.0071483664,-0.029436272,-0.0030733868,-0.029856775,0.285972,0.35069177,0.06471977,0.28181413,0.14949201,-0.13232212,0.32506216,0.15371834,-0.17134382,0.35227206,0.19229391,-0.15997815,1.0,86.0,85.0,0.04021705,0.06900381,0.028786764,0.0023311437,0.04733209,0.045000944,0.033735197,0.09195823,0.058223035,0.037885904,0.021671724,-0.01621418,0.0064818524,-0.02295442,-0.029436272,0.008736085,-0.02112069,-0.029856775,1.0,0.0,-1.0,10,10,0,10,0,-10,1.0,0.0,-1.0,1.0,24.9,23.9,0.04021704941987991,0.06900381296873093,0.028786763548851013,0.0022911423468030987,0.04765553660690784,0.045364394260104746,0.028836791031062604,0.08904998302459717,0.060213191993534566,0.03792590722441673,0.02134827636182308,-0.01657763086259365,0.01138025838881731,-0.02004617005586624,-0.03142642844468355,-49.25186,-1.0
5,109,9462,1.0,2.0,1.0,1.0,1.0,0.0,0.043271482,0.043271482,-9.599426,0.43730354,-0.0113956,-0.008141939,-0.012675203,-0.008585274,-0.16228347,-0.21804205,-0.05575858,-0.09788773,-0.018808298,0.079079434,-0.10214558,-0.017552353,0.08459323,-0.11467009,-0.040872198,0.0737979,1.0,2.0,1.0,0.052454785,0.09572627,0.043271482,0.013526447,0.04976977,0.036243323,0.044513565,0.095926985,0.05141342,0.038928337,0.045956496,0.0070281588,0.00794122,-0.00020071864,-0.008141939,0.009848058,0.001262784,-0.008585274,1.0,0.0,-1.0,11,11,0,11,8,-3,1.0,0.7272727272727273,-0.2727272727272727,1.0,1.2727272727272727,0.2727272727272727,0.052454784512519836,0.09572626650333405,0.04327148199081421,0.013648736121302301,0.04991665550253608,0.036267919381233776,0.0423068841072646,0.0942486660047011,0.05194178189743649,0.0388060486452146,0.045809611000797966,0.007003562355583366,0.010147900405255232,0.0014776004986329513,-0.00867029990662228,-9.599426,-0.2727272727272727
5,110,9680,5.0,486.0,481.0,3.0,4.0,1.0,0.011633139,0.011633139,-41.803192,-1.1729603,0.0007754825,-0.032155994,-0.0036852844,-0.033644658,-0.08370996,0.018552346,0.10226231,-0.20443092,-0.11600662,0.0884243,-0.20790444,-0.112552695,0.09535175,-0.1971641,-0.10384815,0.09331595,5.0,486.0,481.0,0.03733629,0.04896943,0.011633139,0.009830434,0.048295118,0.038464684,0.047746375,0.09153551,0.043789133,0.027505856,0.0006743111,-0.026831545,-0.010410085,-0.04256608,-0.032155994,-0.0035145432,-0.0371592,-0.033644658,0.0,0.0,0.0,7,7,0,2,0,-2,0.2857142857142857,0.0,-0.2857142857142857,2.142857142857143,151.57142857142858,149.42857142857144,0.03733628988265991,0.04896942898631096,0.011633139103651047,0.010124406910368375,0.04869535831468446,0.03857095140431609,0.03978143579193524,0.08670585176774434,0.046924415975809104,0.027211882706199373,0.0002740706716264997,-0.026937812034572874,-0.0024451459092753275,-0.037736422781433375,-0.03529127687215805,-41.803192,-0.2857142857142857
5,111,9722,2.0,32.0,30.0,1.0,3.0,2.0,0.033789296,0.033789296,-60.796204,-1.8422241,-0.0056208745,-0.023459684,-0.0041370764,-0.025059696,0.07990726,0.06779917,-0.012108088,0.021119125,-0.05664535,-0.077764474,0.013454136,-0.053353105,-0.06680724,0.02962987,-0.03726805,-0.06689792,2.0,32.0,30.0,0.045798685,0.07958798,0.033789296,-0.00062505074,0.046772573,0.047397625,0.046509326,0.103758305,0.05724898,0.046423737,0.032815408,-0.013608329,-0.0007106401,-0.024170324,-0.023459684,0.0065584145,-0.018501282,-0.025059696,0.0,0.0,0.0,4,4,0,3,0,-3,0.75,0.0,-0.75,1.25,12.0,10.75,0.045798685401678085,0.07958798110485077,0.033789295703172684,0.00022405647541745566,0.0476800762116909,0.04745601973627345,0.03826594725251198,0.09569608420133591,0.05743013694882393,0.04557462967932224,0.031907904893159866,-0.013666724786162376,0.007532738149166107,-0.016108103096485138,-0.023640841245651245,-60.796204,-0.75
5,112,9804,6.0,595.0,589.0,1.0,1.0,0.0,0.009903189,0.009903189,-9.73587,0.66877174,-0.0022965558,-0.037601396,-0.005594056,-0.038151097,-0.04143979,-0.07472441,-0.033284623,-0.0756038,-0.10080409,-0.025200292,-0.07213674,-0.09377177,-0.021635033,-0.07254098,-0.09743379,-0.024892807,6.0,595.0,589.0,0.036871646,0.046774834,0.009903189,0.011074962,0.049874827,0.038799867,0.047171075,0.09467566,0.047504585,0.025796684,-0.0030999929,-0.028896676,-0.010299429,-0.047900826,-0.037601396,-0.004938323,-0.04308942,-0.038151097,0.0,0.0,0.0,12,12,0,0,0,0,0.0,0.0,0.0,2.9166666666666665,181.41666666666666,178.5,0.03687164559960365,0.046774834394454956,0.009903188794851303,0.011152339245503148,0.050269369035959244,0.039117029790456094,0.04367715182403723,0.09283104601005714,0.049153894186019904,0.02571930658693115,-0.0034945346415042877,-0.029213841228435438,-0.006805506224433581,-0.04605621161560217,-0.039250705391168594,-9.73587,0.0
5,113,9847,10.0,241.0,231.0,2.0,1.0,-1.0,0.022932485,0.022932485,-50.655823,-1.5163288,0.0016195886,-0.021758977,-0.0018726923,-0.02078946,0.26274183,0.23156773,-0.031174108,-0.29292414,-0.104527414,0.18839672,-0.27849042,-0.1009965,0.17749393,-0.239165,-0.073949344,0.16521564,10.0,241.0,231.0,0.040530153,0.06346264,0.022932485,0.009166952,0.05122704,0.04206009,0.052063216,0.09675468,0.044691462,0.0313632,0.012235597,-0.019127604,-0.011533063,-0.03329204,-0.021758977,-0.009386055,-0.030175515,-0.02078946,0.0,0.0,0.0,6,6,0,0,0,0,0.0,0.0,0.0,2.8333333333333335,71.66666666666667,68.83333333333334,0.04053015261888504,0.06346263736486435,0.02293248474597931,0.00898682838305831,0.05132462394734224,0.04233779556428393,0.049228390057881675,0.09256024286150932,0.04333185280362765,0.03154332470148802,0.012138013417522112,-0.019405311283965908,-0.008698237438996633,-0.029097605496644974,-0.02039936805764834,-50.655823,0.0
5,114,9865,10.0,314.0,304.0,2.0,2.0,0.0,0.013103746,0.013103746,-31.316315,-1.1214867,-0.00019967929,-0.026609067,-0.001953259,-0.022794727,0.4053992,0.4004662,-0.0049329996,0.15207551,0.16889127,0.016815752,0.13560171,0.14927256,0.013670847,0.19563562,0.1976164,0.0019807816,10.0,314.0,304.0,0.040966514,0.05407026,0.013103746,0.0006248843,0.04534427,0.044719387,0.049480166,0.08919298,0.039712813,0.04034163,0.00872599,-0.03161564,-0.008513652,-0.03512272,-0.026609067,-0.0066335946,-0.029428322,-0.022794727,0.0,0.0,0.0,5,5,0,1,0,-1,0.2,0.0,-0.2,4.2,97.6,93.39999999999999,0.04096651449799538,0.054070260375738144,0.013103745877742767,0.0010480922763235867,0.04582437500357628,0.04477628272725269,0.04739249050617218,0.08576204776763915,0.03836955726146697,0.03991842269897461,0.008245885372161865,-0.031672537326812744,-0.006425976008176804,-0.03169178739190102,-0.025265811383724215,-31.316315,-0.2
5,115,9917,2.0,134.0,132.0,5.0,2.0,-3.0,0.026674412,0.026674412,-52.49298,-2.1635914,0.0020843558,-0.020191435,0.0014483258,-0.023061553,0.6217143,0.6036837,-0.018030584,0.6583675,0.76466,0.106292486,0.66314274,0.7630822,0.099939466,0.69049376,0.7776285,0.08713472,2.0,134.0,132.0,0.03341016,0.060084574,0.026674412,-0.008597422,0.04287916,0.051476583,0.03673147,0.08359732,0.046865847,0.042007584,0.017205413,-0.02480217,-0.0033213086,-0.023512743,-0.020191435,0.0023591314,-0.020702422,-0.023061553,0.0,0.0,0.0,7,7,0,7,0,-7,1.0,0.0,-1.0,1.0,41.142857142857146,40.142857142857146,0.03341016173362732,0.06008457392454147,0.026674412190914154,-0.008686056493648462,0.04278570307152612,0.05147175956517458,0.028486315427081927,0.08096490374633245,0.05247858831925052,0.042096217828137536,0.017298870853015354,-0.024797346975122182,0.004923846306545394,-0.020880329821790968,-0.02580417612833636,-52.49298,-1.0
5,116,9978,187.0,215.0,28.0,136.0,22.0,-114.0,0.049051534,0.049051534,-18.93454,-0.09507561,0.012920113,-0.011138223,0.011088759,-0.005965043,0.24830198,0.3418751,0.09357312,0.18464251,0.12307458,-0.061567925,0.16897103,0.11937728,-0.049593754,0.18676028,0.14694557,-0.03981471,187.0,215.0,28.0,0.013468828,0.06252036,0.049051534,0.00341987,0.04903559,0.04561572,0.03891303,0.09910279,0.060189757,0.010048958,0.013484772,0.0034358148,-0.025444202,-0.036582425,-0.011138223,-0.024204273,-0.030169316,-0.005965043,0.0,0.0,0.0,8,8,0,0,0,0,0.0,0.0,0.0,57.125,67.5,10.375,0.013468828052282333,0.06252036243677139,0.04905153438448906,0.0035663367598317564,0.04953675391152501,0.045970417151693255,0.03690264653414488,0.09120341017842293,0.05430076364427805,0.009902491350658238,0.012983608525246382,0.003081117174588144,-0.023433818481862545,-0.028683047741651535,-0.00524922925978899,-18.93454,0.0
5,117,10006,2.0,64.0,62.0,1.0,1.0,0.0,0.032589246,0.032589246,-49.551147,-1.6872177,-0.0013833828,-0.01372068,-0.0027317666,-0.018386498,0.57711935,0.5408487,-0.036270678,0.4824184,0.44182196,-0.040596426,0.47790274,0.44911873,-0.028784007,0.50583243,0.47764876,-0.028183669,2.0,64.0,62.0,0.037339438,0.06992868,0.032589246,0.0029834344,0.046637304,0.04365387,0.0386715,0.08498143,0.046309926,0.034356,0.02329138,-0.011064623,-0.0013320632,-0.015052743,-0.01372068,0.0039401725,-0.014446326,-0.018386498,0.0,0.0,0.0,10,10,0,7,0,-7,0.7,0.0,-0.7,1.3,21.9,20.599999999999998,0.03733943775296211,0.06992868334054947,0.03258924558758736,0.002937463158741593,0.046845351532101634,0.04390788837336004,0.0344933282583952,0.08376649916172027,0.04927317090332507,0.03440197445452213,0.02308333180844784,-0.011318642646074292,0.0028461094945669172,-0.013837815821170807,-0.016683925315737723,-49.551147,-0.7
5,118,10046,1.0,22.0,21.0,1.0,1.0,0.0,0.027972497,0.027972497,-68.24826,-2.1441498,-0.0021083765,-0.022497844,-0.0018746518,-0.026738048,0.2716032,0.08366968,-0.18793352,-0.0044922563,-0.19640891,-0.19191666,0.0042908727,-0.20374566,-0.20803654,0.037136924,-0.1903183,-0.22745523,1.0,22.0,21.0,0.05580747,0.08377997,0.027972497,0.0021657266,0.047706086,0.04554036,0.05439556,0.1048659,0.05047034,0.053641744,0.036073882,-0.017567862,0.0014119111,-0.021085933,-0.022497844,0.010258846,-0.016479202,-0.026738048,1.0,0.0,-1.0,10,10,0,10,0,-10,1.0,0.0,-1.0,1.0,7.3,6.3,0.05580747127532959,0.0837799683213234,0.027972497045993805,0.0022049210616387426,0.047778624668717386,0.045573703607078644,0.0478546891361475,0.10176561027765274,0.05391092114150524,0.05360254980623722,0.03600134365260601,-0.017601206153631213,0.007952782139182091,-0.017985641956329346,-0.025938424095511437,-68.24826,-1.0
5,119,10064,8.0,218.0,210.0,2.0,2.0,0.0,0.0131819695,0.0131819695,-40.81244,-2.049181,0.004091233,-0.016150966,-0.002019886,-0.022554316,0.3262697,0.28844264,-0.037827045,-0.13112846,-0.0051953383,0.12593313,-0.14285879,-0.026345225,0.116513565,-0.094776295,0.0171382,0.11191449,8.0,218.0,210.0,0.04324923,0.0564312,0.0131819695,-0.0067201955,0.042907696,0.049627893,0.06199722,0.091330156,0.029332936,0.049969427,0.013523504,-0.036445923,-0.01874799,-0.034898955,-0.016150966,-0.007853683,-0.030407999,-0.022554316,0.0,0.0,0.0,8,8,0,0,0,0,0.0,0.0,0.0,3.75,70.875,67.125,0.043249230831861496,0.05643120035529137,0.01318196952342987,-0.006316835060715675,0.04325759457424283,0.049574429634958506,0.0516270506195724,0.08679569233208895,0.035168641712516546,0.04956606589257717,0.013173605781048536,-0.036392460111528635,-0.008377819787710905,-0.03036449197679758,-0.021986672189086676,-40.81244,0.0
5,120,10105,40.0,357.0,317.0,15.0,9.0,-6.0,0.0303628,0.0303628,-40.474365,-0.9874172,0.009000182,-0.020963516,0.005506601,-0.019933075,0.5676349,0.60889816,0.041263282,0.6142809,0.6249629,0.010682046,0.6140154,0.64419657,0.03018117,0.64300066,0.6665172,0.023516536,40.0,357.0,317.0,0.02444319,0.05480599,0.0303628,0.0047823726,0.049264804,0.044482432,0.03624482,0.08757114,0.051326316,0.019660817,0.005541187,-0.014119631,-0.01180163,-0.032765146,-0.020963516,-0.00966062,-0.029593695,-0.019933075,0.0,0.0,0.0,13,13,0,0,0,0,0.0,0.0,0.0,12.0,107.76923076923077,95.76923076923077,0.024443190544843674,0.05480599030852318,0.030362799763679504,0.004658641687665994,0.049270690920261234,0.04461204923259524,0.03368114407819051,0.084554941035234,0.05087379695704349,0.019784548678077184,0.005535299388261942,-0.014249249289815242,-0.009237953533346836,-0.029748950726710834,-0.020510997193363998,-40.474365,0.0
5,121,10107,6.0,31.0,25.0,7.0,3.0,-4.0,0.047513615,0.047513615,-38.58316,-1.405468,0.0061963648,-0.0150984,0.0035717674,-0.012632493,0.028295377,-0.0864181,-0.114713475,0.09966082,0.12051893,0.020858109,0.09987833,0.12311437,0.023236036,0.099814035,0.11028254,0.010468505,6.0,31.0,25.0,0.034052934,0.08156655,0.047513615,-0.0013204028,0.046028316,0.04734872,0.039162736,0.10177475,0.06261201,0.035373338,0.035538234,0.00016489625,-0.005109802,-0.020208202,-0.0150984,-0.0028359853,-0.015468478,-0.012632493,0.0,0.0,0.0,10,10,0,1,0,-1,0.1,0.0,-0.1,2.7,11.1,8.399999999999999,0.03405293449759483,0.08156654983758926,0.04751361533999443,-0.001036730548628384,0.04645111113786697,0.047487841686495356,0.036510343104600905,0.09662056639790535,0.06011022329330445,0.035089665278792384,0.03511543869972229,2.5773420929908752e-05,-0.002457408607006073,-0.015054016560316085,-0.012596607953310012,-38.58316,-0.1
5,122,10244,3.0,589.0,586.0,3.0,2.0,-1.0,0.011107374,0.011107374,-56.77997,-2.141861,0.0020747837,-0.036984738,0.0013779532,-0.044783294,0.15966938,0.12970978,-0.029959604,0.11298967,0.17788489,0.06489522,0.102800384,0.18370847,0.08090809,0.115646526,0.1886567,0.07301018,3.0,589.0,586.0,0.0279262,0.039033573,0.011107374,-0.0024573086,0.04285738,0.04531469,0.042713895,0.09080601,0.048092112,0.030383509,-0.0038238056,-0.034207314,-0.014787696,-0.051772434,-0.036984738,-0.0032329224,-0.048016217,-0.044783294,0.0,0.0,0.0,10,10,0,5,0,-5,0.5,0.0,-0.5,1.6,181.1,179.5,0.02792619913816452,0.03903357312083244,0.011107373982667923,-0.002169827523175627,0.04345290623605251,0.04562273375922814,0.03177161663770676,0.08825409337878228,0.05648247674107552,0.030096026323735713,-0.00441933311522007,-0.034515359438955784,-0.0038454174995422364,-0.04922052025794983,-0.045375102758407594,-56.77997,-0.5
5,123,10393,7.0,342.0,335.0,7.0,8.0,1.0,0.017961968,0.017961968,-28.311768,-0.60209656,0.0047911145,-0.030619726,0.0016020983,-0.031666987,0.07596103,0.03736348,-0.03859755,-0.078133084,-0.16640073,-0.08826765,-0.07600154,-0.18088454,-0.104883,-0.055934064,-0.15541561,-0.099481545,7.0,342.0,335.0,0.032697994,0.050659962,0.017961968,8.415763e-05,0.044407293,0.044323135,0.043150093,0.09173179,0.048581693,0.032613836,0.006252669,-0.026361167,-0.010452099,-0.041071825,-0.030619726,-0.004842803,-0.03650979,-0.031666987,0.0,0.0,0.0,9,9,0,3,0,-3,0.3333333333333333,0.0,-0.3333333333333333,2.4444444444444446,106.33333333333333,103.88888888888889,0.03269799426198006,0.05065996199846268,0.01796196773648262,9.229637443139736e-05,0.04451699430743853,0.044424697933007136,0.03661781239012877,0.08761792629957199,0.05100011390944322,0.03260569812522994,0.006142967691024144,-0.026462730434205797,-0.003919818128148715,-0.036957964301109314,-0.0330381461729606,-28.311768,-0.3333333333333333
5,124,10471,734.0,901.0,167.0,382.0,153.0,-229.0,0.03221323,0.03221323,-85.299866,-3.2967682,0.022766883,-0.028341163,0.019993903,-0.023404859,-0.033085324,-0.01166205,0.021423273,0.0373651,0.0680269,0.030661799,0.048564866,0.079825506,0.03126064,0.044396672,0.07944898,0.03505231,734.0,901.0,167.0,-0.0030544058,0.029158825,0.03221323,0.0032560618,0.04919661,0.04594055,0.037139736,0.09769413,0.060554393,-0.0063104676,-0.020037783,-0.013727316,-0.040194143,-0.068535306,-0.028341163,-0.036534324,-0.059939183,-0.023404859,0.0,0.0,0.0,13,13,0,0,0,0,0.0,0.0,0.0,221.84615384615384,272.6923076923077,50.84615384615384,-0.0030544057954102755,0.029158825054764748,0.03221323085017502,0.003373583510088233,0.049435507506132126,0.04606192399604389,0.03407080184954863,0.08813304052903102,0.05406223867948239,-0.006427989198038211,-0.020276682451367378,-0.013848693253329167,-0.03712520834345084,-0.058974217336911425,-0.021849008993460588,-85.299866,0.0
5,125,10507,1.0,64.0,63.0,3.0,4.0,1.0,0.02096327,0.02096327,-60.763123,-2.439022,0.0022925362,-0.019579321,-0.00029345974,-0.024694864,0.14357926,0.15041983,0.0068405718,0.16012911,0.18850324,0.02837412,0.1609775,0.18209335,0.021115854,0.1704002,0.19227275,0.02187255,1.0,64.0,63.0,0.04758085,0.06854412,0.02096327,-0.0021611552,0.04497495,0.047136106,0.04716939,0.08771198,0.04054259,0.049742006,0.02356917,-0.026172835,0.0004114583,-0.019167863,-0.019579321,0.009273399,-0.015421465,-0.024694864,1.0,0.0,-1.0,11,11,0,11,0,-11,1.0,0.0,-1.0,1.0,19.545454545454547,18.545454545454547,0.04758084937930107,0.06854411959648132,0.020963270217180252,-0.0021405445559966292,0.045148592442274094,0.047289136998270725,0.03969767266376452,0.08521810919046402,0.0455204365266995,0.04972139407287945,0.02339552715420723,-0.026325866918672218,0.00788317671553655,-0.016673989593982697,-0.02455716630951925,-60.763123,-1.0
5,126,10586,40.0,505.0,465.0,3.0,23.0,20.0,0.022265159,0.022265159,-37.95642,-0.9527893,-0.003350541,-0.026991475,-0.004507225,-0.02568911,0.44545817,0.39717838,-0.048279792,0.47233257,0.3883388,-0.08399376,0.46919882,0.42691362,-0.042285204,0.5017961,0.47527444,-0.026521683,40.0,505.0,465.0,0.025501858,0.047767017,0.022265159,0.0076546352,0.04765871,0.040004075,0.04130813,0.090564765,0.049256634,0.017847223,0.000108305365,-0.017738918,-0.015806273,-0.042797748,-0.026991475,-0.011773627,-0.037462737,-0.02568911,0.0,0.0,0.0,10,10,0,0,0,0,0.0,0.0,0.0,12.5,154.4,141.9,0.025501858443021774,0.04776701703667641,0.022265158593654633,0.007278407970443368,0.04784361943602562,0.04056521146558226,0.03803873807191849,0.08233506977558136,0.04429633170366287,0.01822345033288002,-7.660239934921264e-05,-0.018300052732229233,-0.012536879628896713,-0.03456805273890495,-0.02203117311000824,-37.95642,0.0
5,127,10600,1.0,297.0,296.0,2.0,1.0,-1.0,0.011002827,0.011002827,-10.169006,0.14175034,0.0019618273,-0.048797548,0.0012718812,-0.04491588,0.44889268,0.2528431,-0.19604957,0.15233937,0.1215289,-0.030810468,0.17943816,0.16049618,-0.018941984,0.23710471,0.18861023,-0.048494488,1.0,297.0,296.0,0.042677756,0.053680584,0.011002827,-0.00033262486,0.044509146,0.04484177,0.033086825,0.0928872,0.059800375,0.04301038,0.0091714375,-0.033838943,0.009590931,-0.039206617,-0.048797548,0.011416804,-0.033499077,-0.04491588,1.0,0.0,-1.0,7,7,0,7,0,-7,1.0,0.0,-1.0,1.0,91.14285714285714,90.14285714285714,0.042677756398916245,0.05368058383464813,0.011002827435731888,-0.0002874006303110426,0.044287845492362976,0.044575246122674016,0.032310016985450475,0.08703089824744634,0.05472088126199586,0.04296515669141497,0.009392738342285156,-0.033572418349129815,0.010367739413465773,-0.0333503144127982,-0.04371805382626397,-10.169006,-1.0
5,128,10610,3.0,25.0,22.0,1.0,1.0,0.0,0.033883996,0.033883996,-63.52649,-2.1304245,0.001547385,-0.021981258,0.0009846427,-0.020628452,0.21076506,0.12716849,-0.08359657,-0.1409555,-0.11459908,0.026356414,-0.14034976,-0.1181502,0.022199564,-0.10910246,-0.099384695,0.0097177625,3.0,25.0,22.0,0.044905275,0.07878927,0.033883996,0.0031401608,0.048022307,0.04488215,0.045613114,0.10147837,0.055865254,0.041765116,0.030766964,-0.010998152,-0.0007078387,-0.022689097,-0.021981258,0.00274726,-0.017881192,-0.020628452,0.0,0.0,0.0,8,8,0,1,0,-1,0.125,0.0,-0.125,2.0,8.75,6.75,0.044905275106430054,0.07878927141427994,0.033883996307849884,0.0031282545533031225,0.048655816819518805,0.04552756226621568,0.043765760492533445,0.09462182130664587,0.050856060814112425,0.04177702032029629,0.030133454594761133,-0.011643565725535154,0.0011395146138966084,-0.015832549892365932,-0.01697206450626254,-63.52649,-0.125
5,129,10907,1.0,288.0,287.0,1.0,1.0,0.0,0.011417951,0.011417951,-49.149445,-1.5693302,-0.0012054406,-0.042299792,-0.0020226128,-0.041485753,0.5395628,0.5665589,0.026996076,0.4344616,0.33575636,-0.09870523,0.44033006,0.34230188,-0.09802818,0.4767842,0.4023806,-0.074403614,1.0,288.0,287.0,0.042777184,0.054195136,0.011417951,0.002237463,0.045305695,0.043068234,0.042145807,0.09586355,0.053717744,0.040539723,0.00888944,-0.031650282,0.0006313771,-0.041668415,-0.042299792,0.0043278076,-0.037157945,-0.041485753,1.0,0.0,-1.0,8,8,0,8,0,-8,1.0,0.0,-1.0,1.0,91.375,90.375,0.04277718439698219,0.054195135831832886,0.011417951434850693,0.002447972452500835,0.04565020324662328,0.04320223079412244,0.041541647631675005,0.09107761736959219,0.049535969737917185,0.04032921139150858,0.008544932585209608,-0.03178427880629897,0.001235536765307188,-0.036882481537759304,-0.03811801830306649,-49.149445,-1.0
5,130,11159,2.0,41.0,39.0,2.0,1.0,-1.0,0.024982054,0.024982054,-63.021484,-2.2614918,0.008507296,-0.02165474,0.0073339157,-0.023064557,-0.051658567,-0.044679366,0.006979201,0.24795224,-0.027134418,-0.27508664,0.28101483,-0.024017334,-0.30503216,0.2584367,-0.029078841,-0.28751555,2.0,41.0,39.0,0.047590036,0.07257209,0.024982054,-0.007735785,0.04528484,0.053020626,0.04893819,0.09557498,0.046636794,0.05532582,0.027287249,-0.028038573,-0.0013481528,-0.023002893,-0.02165474,0.0077259727,-0.015338585,-0.023064557,0.0,0.0,0.0,7,7,0,6,0,-6,0.8571428571428571,0.0,-0.8571428571428571,1.1428571428571428,14.714285714285714,13.571428571428571,0.04759003594517708,0.07257208973169327,0.02498205378651619,-0.007780945527234248,0.045689339084284644,0.05347028461151889,0.040585869657141824,0.09120592368500573,0.0506200540278639,0.055370982204164775,0.02688275064740862,-0.028488231556756154,0.007004166288035256,-0.018633833953312466,-0.02563800024134772,-63.021484,-0.8571428571428571
5,131,11333,1.0,69.0,68.0,1.0,1.0,0.0,0.028786082,0.028786082,-50.27133,-1.7681599,0.0014488343,-0.027863652,0.0012743194,-0.025702396,-0.11614003,-0.09190175,0.024238281,-0.03168353,-0.14620072,-0.11451718,-0.031025693,-0.15185757,-0.12083188,-0.03703765,-0.14832021,-0.111282565,1.0,69.0,68.0,0.038293134,0.067079216,0.028786082,-0.0018868467,0.04564311,0.04752996,0.031564455,0.08821419,0.056649733,0.040179983,0.021436106,-0.018743876,0.006728679,-0.021134973,-0.027863652,0.0089382995,-0.016764097,-0.025702396,1.0,0.0,-1.0,11,11,0,11,0,-11,1.0,0.0,-1.0,1.0,22.454545454545453,21.454545454545453,0.03829313442111015,0.06707921624183655,0.028786081820726395,-0.0019863451704044232,0.04577800834720785,0.04776435351761227,0.029240218075838955,0.08438854529099031,0.05514832721515135,0.04027947952801531,0.021301207894628697,-0.018978271633386615,0.009052916345271196,-0.017309329049153763,-0.026362245394424957,-50.27133,-1.0
5,132,11487,1.0,10.0,9.0,2.0,6.0,4.0,0.03944537,0.03944537,-19.367249,0.19207191,-0.0019524843,-0.015278012,-0.004236497,-0.015747111,0.08914837,0.15573986,0.06659149,-0.088978134,-0.16191791,-0.072939776,-0.08009421,-0.16063704,-0.080542825,-0.06910798,-0.14371274,-0.074604765,1.0,10.0,9.0,0.04405932,0.08350469,0.03944537,0.008187143,0.050575655,0.042388514,0.03915272,0.0938761,0.054723382,0.035872176,0.032929037,-0.0029431395,0.004906602,-0.010371409,-0.015278012,0.0076167397,-0.008130372,-0.015747111,1.0,0.0,-1.0,7,7,0,7,0,-7,1.0,0.0,-1.0,1.0,4.428571428571429,3.428571428571429,0.04405932128429413,0.08350469172000885,0.03944537043571472,0.008127194895808185,0.051011230264391215,0.042884035368583026,0.037170764058828354,0.0907395173396383,0.05356875328080994,0.0359321263219629,0.032493461455617635,-0.0034386648663452674,0.0068885572254657745,-0.007234825619629451,-0.014123382845095227,-19.367249,-1.0
5,133,11521,20.0,222.0,202.0,14.0,6.0,-8.0,0.029022891,0.029022891,-73.75415,-3.1785011,0.0061575063,-0.025763582,0.005028747,-0.025194373,-0.13509747,-0.19383642,-0.058738947,0.013016572,-0.024187058,-0.037203632,0.003158445,-0.040964983,-0.04412343,-0.018188758,-0.0699791,-0.05179034,20.0,222.0,202.0,0.02349731,0.0525202,0.029022891,-0.0048247054,0.040740795,0.0455655,0.0395787,0.09436517,0.054786474,0.028322015,0.011779405,-0.01654261,-0.016081389,-0.04184497,-0.025763582,-0.0115494095,-0.036743782,-0.025194373,0.0,0.0,0.0,7,7,0,0,0,0,0.0,0.0,0.0,6.857142857142857,70.42857142857143,63.57142857142858,0.023497309535741806,0.05252020061016083,0.02902289107441902,-0.00501580403319427,0.04093111838613238,0.04594692241932665,0.03561438540262835,0.0905708447098732,0.05495645930724485,0.028513113568936075,0.01158908222402845,-0.016924031344907622,-0.012117075866886548,-0.03805064409971237,-0.025933568232825825,-73.75415,0.0
5,134,11566,1.0,30.0,29.0,1.0,1.0,0.0,0.031305697,0.031305697,-62.8938,-2.074131,-0.0033473372,-0.020592984,-0.0043249577,-0.01786612,0.42046037,0.28469792,-0.13576245,0.72877604,0.73584706,0.007071018,0.7394598,0.7457262,0.006266415,0.7428352,0.7372454,-0.005589843,1.0,30.0,29.0,0.048085395,0.07939109,0.031305697,0.0016616747,0.046608943,0.04494727,0.046506457,0.09840514,0.05189868,0.046423722,0.03278215,-0.0136415735,0.0015789382,-0.019014046,-0.020592984,0.0053349137,-0.012531206,-0.01786612,1.0,0.0,-1.0,8,8,0,8,0,-8,1.0,0.0,-1.0,1.0,10.625,9.625,0.048085395246744156,0.07939109206199646,0.031305696815252304,0.0015355195573647507,0.046633339021354914,0.04509781946399016,0.043729242868721485,0.09400417376309633,0.05027493089437485,0.046549875289201736,0.032757753040641546,-0.01379212224856019,0.004356152378022671,-0.014613081701099873,-0.018969234079122543,-62.8938,-1.0
5,135,11617,1.0,201.0,200.0,1.0,1.0,0.0,0.008306701,0.008306701,-79.9552,-3.3361511,-0.0029136352,-0.046990674,-0.0043729395,-0.046076246,0.010448863,0.027877128,0.017428264,0.25330272,0.094179206,-0.15912351,0.26811922,0.10382618,-0.16429304,0.25559133,0.10360272,-0.15198861,1.0,201.0,200.0,0.04740859,0.05571529,0.008306701,-0.0043650917,0.043834735,0.048199825,0.03168749,0.086984865,0.055297375,0.05177368,0.011880554,-0.039893124,0.015721098,-0.031269576,-0.046990674,0.019047199,-0.027029049,-0.046076246,1.0,0.0,-1.0,9,9,0,9,0,-9,1.0,0.0,-1.0,1.0,64.11111111111111,63.111111111111114,0.047408588230609894,0.05571528896689415,0.008306700736284256,-0.003970703886200984,0.044287519736422434,0.04825822362262342,0.028929323164953127,0.08497190061542723,0.0560425774504741,0.051379292375511594,0.011427769230471717,-0.03995152314503988,0.018479265065656766,-0.02925661164853308,-0.04773587671418984,-79.9552,-1.0
5,136,11635,26.0,14.0,-12.0,41.0,23.0,-18.0,0.05196187,0.05196187,-75.46799,-3.2418232,0.011230776,0.008982489,0.008424817,0.008219397,0.41543096,0.42288148,0.007450521,0.42207715,0.3909399,-0.031137258,0.43178365,0.41711295,-0.0146707,0.4584887,0.43888092,-0.019607782,26.0,14.0,-12.0,0.02800574,0.07996761,0.05196187,0.004671128,0.04824456,0.04357343,0.047167547,0.09014693,0.042979382,0.023334611,0.031723052,0.008388441,-0.019161807,-0.0101793185,0.008982489,-0.015732197,-0.0075128004,0.008219397,0.0,0.0,0.0,8,8,0,0,0,0,0.0,0.0,0.0,7.75,4.75,-3.0,0.02800573967397213,0.07996761053800583,0.0519618708640337,0.0046380782150663435,0.04879746260121465,0.044159384386148304,0.04201152129098773,0.08671299740672112,0.044701476115733385,0.02336766105145216,0.03117014793679118,0.007802486885339022,-0.0140057816170156,-0.006745386868715286,0.007260394748300314,-75.46799,0.0
5,137,11689,2.0,19.0,17.0,4.0,3.0,-1.0,0.047324203,0.047324203,-15.127838,0.16657448,-0.0004208535,-0.01257544,0.00021475554,-0.013392039,0.28560278,0.0252157,-0.26038706,0.37990203,0.16335803,-0.216544,0.40539035,0.2096224,-0.19576795,0.40864447,0.19608416,-0.21256031,2.0,19.0,17.0,0.030890718,0.07821492,0.047324203,-0.0027867411,0.044351652,0.047138393,0.032238156,0.0921378,0.059899643,0.03367746,0.03386327,0.00018581003,-0.0013474375,-0.013922878,-0.01257544,0.0029562116,-0.010435827,-0.013392039,0.0,0.0,0.0,11,11,0,8,0,-8,0.7272727272727273,0.0,-0.7272727272727273,1.2727272727272727,6.363636363636363,5.090909090909091,0.03089071810245514,0.07821492105722427,0.047324202954769135,-0.0027106138136745853,0.04463779519904743,0.04734840901272202,0.027882856232198803,0.08853720941326836,0.060654353181069556,0.03360133177854798,0.03357712585817684,-2.4205920371139777e-05,0.003007861870256337,-0.010322288356044075,-0.013330150226300411,-15.127838,-0.7272727272727273
5,138,11725,12.0,124.0,112.0,1.0,1.0,0.0,0.03452046,0.03452046,-42.094177,-1.2112541,0.0013969243,-0.011468973,0.0008319691,-0.011919159,0.21416688,0.20751388,-0.006652996,0.15256807,0.14773443,-0.0048336387,0.13451906,0.124319285,-0.01019977,0.16249517,0.1602716,-0.0022235662,12.0,124.0,112.0,0.034375418,0.06889588,0.03452046,0.0056320783,0.050517824,0.044885747,0.04559751,0.09158694,0.04598943,0.02874334,0.018378053,-0.010365287,-0.011222091,-0.022691064,-0.011468973,-0.007082347,-0.019001506,-0.011919159,0.0,0.0,0.0,10,10,0,0,0,0,0.0,0.0,0.0,4.3,38.4,34.1,0.03437541797757149,0.06889587640762329,0.034520458430051804,0.005881827278062701,0.05071114487946034,0.044829317601397634,0.043043818697333334,0.08768999204039574,0.0446461733430624,0.028493590652942657,0.018184731528162957,-0.0103088591247797,-0.008668400719761849,-0.018794115632772446,-0.010125714913010597,-42.094177,0.0
5,139,11796,8.0,112.0,104.0,7.0,6.0,-1.0,0.02967146,0.02967146,-59.8873,-1.1107788,-0.00026128814,-0.017035473,0.0007880032,-0.018366233,0.48501888,0.52253574,0.037516862,0.07412165,0.15488152,0.080759875,0.088188216,0.13190779,0.043719575,0.15210737,0.21955474,0.067447364,8.0,112.0,104.0,0.040506102,0.07017756,0.02967146,0.016722776,0.05147432,0.034751546,0.04836655,0.095073484,0.046706934,0.023783326,0.01870324,-0.0050800852,-0.007860448,-0.024895921,-0.017035473,-0.0037881285,-0.022154361,-0.018366233,0.0,0.0,0.0,11,11,0,0,0,0,0.0,0.0,0.0,3.3636363636363638,34.81818181818182,31.454545454545457,0.04050610214471817,0.07017756253480911,0.029671460390090942,0.01688818938352845,0.05153684724460949,0.03464865786108104,0.045812868597832596,0.09133858775550668,0.04552571915767409,0.02361791276118972,0.018640715290199627,-0.004977197470990093,-0.005306766453114423,-0.021161025220697575,-0.015854258767583153,-59.8873,0.0
5,140,11827,32.0,469.0,437.0,24.0,33.0,9.0,0.023368565,0.023368565,-32.39032,-0.84368706,0.001014227,-0.017214516,0.0015051235,-0.017606279,0.38332844,0.39820504,0.014876604,0.030042628,0.11195787,0.081915244,0.035814393,0.10444707,0.06863268,0.081700645,0.15395783,0.07225718,32.0,469.0,437.0,0.025164725,0.04853329,0.023368565,0.0016607543,0.046447594,0.04478684,0.043300368,0.08388345,0.04058308,0.02350397,0.002085697,-0.021418273,-0.018135643,-0.03535016,-0.017214516,-0.01559172,-0.033198,-0.017606279,0.0,0.0,0.0,5,5,0,0,0,0,0.0,0.0,0.0,10.0,141.8,131.8,0.02516472525894642,0.04853329062461853,0.02336856536567211,0.0017990514868870377,0.046406447887420654,0.044607396400533614,0.040390075743198396,0.08102105110883713,0.040630975365638734,0.023365673795342445,0.002126842737197876,-0.02123883105814457,-0.015225350484251976,-0.0324877604842186,-0.017262409999966623,-32.39032,0.0
5,141,11837,1.0,6.0,5.0,1.0,2.0,1.0,0.03937843,0.03937843,-49.83658,-1.4026699,-0.011898771,-0.01839193,-0.010226946,-0.017438319,0.37308335,0.37317684,9.3489885e-05,0.36507842,0.413321,0.04824257,0.3523975,0.40344468,0.051047176,0.37306324,0.42236814,0.049304903,1.0,6.0,5.0,0.053009924,0.092388354,0.03937843,0.011186307,0.050996806,0.0398105,0.044673037,0.1024434,0.05777036,0.041823618,0.041391548,-0.00043207034,0.008336887,-0.010055043,-0.01839193,0.012814242,-0.004624076,-0.017438319,1.0,0.0,-1.0,17,17,0,17,0,-17,1.0,0.0,-1.0,1.0,2.823529411764706,1.823529411764706,0.05300992354750633,0.09238835424184799,0.03937843069434166,0.01143604818293277,0.05130663382656434,0.03987058564363157,0.041134532979306054,0.09857970870593015,0.057445175726624095,0.04157387509065516,0.04108172041528365,-0.0004921546753715103,0.01187539056820028,-0.006191354464082157,-0.018066745032282436,-49.83658,-1.0
5,142,11844,1.0,34.0,33.0,1.0,2.0,1.0,0.011530366,0.011530366,-63.216217,-2.2756062,-0.007176619,-0.02870645,-0.010330975,-0.029860765,0.29024872,0.3355772,0.045328468,-0.051621675,0.14884616,0.20046784,-0.07461795,0.1328571,0.20747505,-0.011095116,0.19204208,0.2031372,1.0,34.0,33.0,0.06082588,0.07235625,0.011530366,0.004498329,0.045959312,0.041460983,0.04378505,0.08402187,0.040236816,0.05632755,0.026396934,-0.029930618,0.01704083,-0.01166562,-0.02870645,0.019643076,-0.010217689,-0.029860765,1.0,0.0,-1.0,5,5,0,5,0,-5,1.0,0.0,-1.0,1.0,10.6,9.6,0.060825880616903305,0.07235624641180038,0.01153036579489708,0.004822881612926722,0.04645995795726776,0.04163707634434104,0.04320340752601624,0.08233518898487091,0.039131781458854674,0.0560029998421669,0.025896288454532623,-0.03010671138763428,0.01762247309088707,-0.009978942573070526,-0.027601415663957594,-63.216217,-1.0
5,143,11932,9.0,94.0,85.0,14.0,2.0,-12.0,0.039469644,0.039469644,-74.20993,-2.7642345,0.0068718605,-0.008889556,0.005051069,-0.011391468,0.05908204,-0.097733326,-0.15681536,0.026932694,-0.071850054,-0.09878275,0.018035682,-0.07190677,-0.08994245,0.021528836,-0.077294394,-0.098823234,9.0,94.0,85.0,0.03212899,0.071598634,0.039469644,0.004553738,0.04998223,0.045428492,0.047510065,0.095869265,0.0483592,0.02757525,0.021616403,-0.0059588477,-0.015381075,-0.024270631,-0.008889556,-0.008661121,-0.02005259,-0.011391468,0.0,0.0,0.0,5,5,0,0,0,0,0.0,0.0,0.0,3.4,33.0,29.6,0.032128989696502686,0.07159863412380219,0.0394696444272995,0.005071156844496727,0.05067635476589203,0.0456051979213953,0.042576439678668976,0.09240292310714722,0.049826483428478244,0.027057833224534988,0.020922279357910155,-0.006135553866624833,-0.01044744998216629,-0.02080428898334503,-0.01035683900117874,-74.20993,0.0
5,144,11942,5.0,223.0,218.0,4.0,2.0,-2.0,0.02787855,0.02787855,-44.684967,-1.500412,0.0025921874,-0.028321324,0.0028687436,-0.029685847,-0.056288596,-0.08207851,-0.025789913,-0.11061916,-0.12021753,-0.009598374,-0.10852909,-0.14487776,-0.03634867,-0.10929242,-0.14268409,-0.03339167,5.0,223.0,218.0,0.025783034,0.053661585,0.02787855,-0.0067550605,0.041769978,0.04852504,0.039145555,0.09534543,0.056199875,0.032538094,0.011891607,-0.020646486,-0.013362521,-0.041683845,-0.028321324,-0.0039811954,-0.033667043,-0.029685847,0.0,0.0,0.0,6,6,0,0,0,0,0.0,0.0,0.0,2.6666666666666665,72.33333333333333,69.66666666666666,0.025783034041523933,0.05366158485412598,0.027878550812602043,-0.006415414080644648,0.04235483209292094,0.04877024617356558,0.03370939443508784,0.08866475398341815,0.054955359548330314,0.03219844773411751,0.011306752761205038,-0.020891694972912468,-0.007926360393563906,-0.03500316912929217,-0.027076808735728264,-44.684967,0.0
5,145,11952,163.0,481.0,318.0,40.0,43.0,3.0,0.02765462,0.02765462,-32.875153,-0.13005066,0.011500364,-0.027784562,0.0105872955,-0.024363158,-0.30179703,-0.20033926,0.101457775,-0.3611294,-0.14572147,0.21540794,-0.3783664,-0.15024409,0.22812232,-0.38457626,-0.16466476,0.2199115,163.0,481.0,318.0,0.024110632,0.051765252,0.02765462,0.012768721,0.050894774,0.03812605,0.045014232,0.100453414,0.05543918,0.011341911,0.0008704774,-0.010471433,-0.0209036,-0.048688162,-0.027784562,-0.018489985,-0.042853143,-0.024363158,0.0,0.0,0.0,9,9,0,0,0,0,0.0,0.0,0.0,46.77777777777778,144.44444444444446,97.66666666666669,0.02411063201725483,0.05176525190472603,0.0276546198874712,0.012464974592957232,0.050995994773175984,0.038531020180218756,0.04367333443628417,0.09599419517649545,0.05232086074021128,0.011645657424297597,0.0007692571315500471,-0.01087640029274755,-0.01956270241902934,-0.04422894327176942,-0.02466624085274008,-32.875153,0.0
5,146,12065,1.0,48.0,47.0,1.0,1.0,0.0,0.022686757,0.022686757,-37.935852,-1.2408428,-0.0056613684,-0.021174952,-0.004320912,-0.03131574,0.31601655,0.32411578,0.008099228,0.31823543,0.133645,-0.18459043,0.31266457,0.13241594,-0.18024863,0.33236983,0.16153805,-0.17083178,1.0,48.0,47.0,0.04691439,0.06960115,0.022686757,-0.004218947,0.04305055,0.047269497,0.0430222,0.08688391,0.04386171,0.05113334,0.026550598,-0.02458274,0.0038921908,-0.017282762,-0.021174952,0.01637907,-0.014936671,-0.03131574,1.0,0.0,-1.0,7,7,0,7,0,-7,1.0,0.0,-1.0,1.0,17.0,16.0,0.046914391219615936,0.0696011483669281,0.022686757147312164,-0.0043998947367072105,0.043136359325477054,0.047536254062184265,0.031389765973602025,0.084909302847726,0.05351953687412398,0.05131428635546139,0.026464789041451046,-0.024849497314010344,0.015524625246013914,-0.015308154480797904,-0.030832779726811817,-37.935852,-1.0
5,147,12075,30.0,206.0,176.0,18.0,5.0,-13.0,0.035095293,0.035095293,-20.751007,-0.19947243,0.010855727,-0.018183175,0.00786496,-0.015017763,0.31064343,0.26708108,-0.043562353,0.4016269,0.27378905,-0.12783787,0.4089959,0.28103864,-0.12795725,0.42749196,0.2952276,-0.13226438,30.0,206.0,176.0,0.026689474,0.061784767,0.035095293,0.0032173959,0.047788005,0.04457061,0.041280754,0.09455922,0.05327847,0.023472078,0.013996761,-0.009475317,-0.01459128,-0.032774456,-0.018183175,-0.014160104,-0.029177867,-0.015017763,0.0,0.0,0.0,10,10,0,0,0,0,0.0,0.0,0.0,8.5,64.0,55.5,0.026689473539590836,0.0617847666144371,0.03509529307484627,0.0032554298173636197,0.048218822851777074,0.044963393034413456,0.039829491451382634,0.09242471307516098,0.052595221623778346,0.023434043675661088,0.013565943762660026,-0.009868099913001062,-0.013140017911791802,-0.030639946460723877,-0.017499928548932075,-20.751007,0.0
5,148,12214,1.0,37.0,36.0,1.0,1.0,0.0,0.017658036,0.017658036,-70.70035,-3.1540146,-0.0025902987,-0.033143327,-0.002729386,-0.031768996,0.23857522,0.38762426,0.14904904,0.29021466,0.23066165,-0.059553012,0.27798763,0.24005927,-0.037928358,0.29583922,0.26701528,-0.028823942,1.0,37.0,36.0,0.05143975,0.06909779,0.017658036,-0.00069409516,0.044589993,0.04528409,0.041263785,0.09206515,0.050801363,0.052133847,0.024507795,-0.027626052,0.010175966,-0.02296736,-0.033143327,0.012321774,-0.019447222,-0.031768996,1.0,0.0,-1.0,6,6,0,6,0,-6,1.0,0.0,-1.0,1.0,12.833333333333334,11.833333333333334,0.05143975093960762,0.06909778714179993,0.017658036202192307,-0.0007977802015375346,0.04478118382394314,0.04557896402548067,0.03862224208811919,0.08862973501284917,0.05000749292472998,0.05223753054936727,0.02431660331785679,-0.027920927231510483,0.012817508851488432,-0.019531947871049244,-0.032349456722537674,-70.70035,-1.0
5,149,12308,1.0,27.0,26.0,1.0,1.0,0.0,0.032136854,0.032136854,-56.55783,-1.8278503,0.0005168505,-0.02073507,-0.0036385506,-0.02121419,0.18383256,0.24934372,0.06551117,0.17148294,-0.033557564,-0.2050405,0.17240699,-0.05012758,-0.22253457,0.19170965,-0.016975017,-0.20868467,1.0,27.0,26.0,0.04692324,0.07906009,0.032136854,-0.0020727033,0.046927184,0.048999887,0.040082347,0.09295427,0.052871924,0.048995942,0.03213291,-0.016863033,0.006840892,-0.013894178,-0.02073507,0.009469386,-0.011744805,-0.02121419,1.0,0.0,-1.0,9,9,0,9,0,-9,1.0,0.0,-1.0,1.0,8.88888888888889,7.888888888888889,0.04692323878407478,0.07906009256839752,0.03213685378432274,-0.0021968718566414383,0.04708960776527723,0.04928647962191867,0.03844888342751397,0.08982312265369627,0.0513742392261823,0.04912011118398772,0.03197048480312029,-0.01714962638086743,0.008474355356560813,-0.01076303008529875,-0.019237385441859566,-56.55783,-1.0
5,150,12487,19.0,100.0,81.0,14.0,7.0,-7.0,0.036860257,0.036860257,-100.60217,-4.578678,0.008476201,-0.0066560246,0.006090164,-0.0031914078,0.37125236,0.43288276,0.061630398,0.19599548,0.32075602,0.12476054,0.20243317,0.32706976,0.12463659,0.23645666,0.34215924,0.10570258,19.0,100.0,81.0,0.024222452,0.06108271,0.036860257,-0.004518504,0.04182457,0.046343077,0.045550276,0.08906656,0.043516282,0.028740956,0.019258138,-0.009482818,-0.021327823,-0.027983848,-0.0066560246,-0.017603278,-0.020794686,-0.0031914078,0.0,0.0,0.0,8,8,0,0,0,0,0.0,0.0,0.0,5.75,29.375,23.625,0.02422245219349861,0.061082709580659866,0.036860257387161255,-0.004430478875292465,0.04190494492650032,0.046335423801792786,0.041622592601925135,0.08066248428076506,0.03903989167883992,0.028652931097894907,0.019177764654159546,-0.009475166443735361,-0.017400140408426523,-0.01957977470010519,-0.002179634291678667,-100.60217,0.0
5,151,12495,3.0,17.0,14.0,1.0,1.0,0.0,0.038424768,0.038424768,-68.09787,-2.5231094,-0.0009808317,-0.006480377,-0.0001312904,-0.009362295,0.26644856,0.2923309,0.025882334,0.059519872,0.085366085,0.025846213,0.023940137,0.06230948,0.038369343,0.08194948,0.112785034,0.030835554,3.0,17.0,14.0,0.041901074,0.08032584,0.038424768,-0.002976908,0.045416173,0.048393082,0.04658324,0.09148838,0.044905145,0.044877984,0.03490967,-0.009968314,-0.0046821646,-0.011162542,-0.006480377,0.00049256533,-0.00886973,-0.009362295,0.0,0.0,0.0,3,3,0,2,0,-2,0.6666666666666666,0.0,-0.6666666666666666,1.3333333333333333,5.333333333333333,4.0,0.04190107434988022,0.08032584190368652,0.038424767553806305,-0.00290653295814991,0.04568630705277125,0.04859284001092116,0.038640521466732025,0.09025261799494426,0.051612096528212234,0.044807606687148414,0.034639534850915275,-0.010168071836233139,0.0032605528831481934,-0.00992677609125773,-0.013187328974405924,-68.09787,-0.6666666666666666
5,152,12634,1.0,88.0,87.0,1.0,2.0,1.0,0.019862432,0.019862432,-49.95816,-1.6960392,-0.0050418004,-0.027132869,-0.0067806765,-0.025615443,0.1746934,0.1937168,0.019023389,0.25942346,0.036824528,-0.22259894,0.2836651,0.0586767,-0.22498839,0.29307973,0.08672472,-0.206355,1.0,88.0,87.0,0.050293084,0.070155516,0.019862432,0.012069122,0.04987105,0.03780193,0.047390725,0.094386026,0.0469953,0.038223963,0.020284466,-0.017939497,0.0029023588,-0.02423051,-0.027132869,0.006369937,-0.019245505,-0.025615443,1.0,0.0,-1.0,10,10,0,10,0,-10,1.0,0.0,-1.0,1.0,27.0,26.0,0.05029308423399925,0.07015551626682281,0.019862432032823563,0.012208597920835017,0.05014622732996941,0.037937629409134394,0.043567629903554915,0.08954723328351974,0.045979603379964824,0.03808448612689972,0.020009288936853407,-0.018075197190046313,0.006725454330444336,-0.01939171701669693,-0.02611717134714127,-49.95816,-1.0
5,153,12685,48.0,121.0,73.0,57.0,69.0,12.0,0.039785482,0.039785482,-45.023193,-1.3377972,0.003783526,-0.0011272747,0.006864967,-0.007898232,-0.12219176,-0.2225803,-0.10038854,-0.27862713,-0.12425894,0.15436819,-0.29361445,-0.114698716,0.17891574,-0.29174477,-0.13562858,0.15611619,48.0,121.0,73.0,0.02622022,0.0660057,0.039785482,0.00689556,0.046394598,0.039499037,0.047751464,0.08866422,0.040912755,0.01932466,0.019611102,0.0002864413,-0.021531245,-0.02265852,-0.0011272747,-0.01417795,-0.022076182,-0.007898232,0.0,0.0,0.0,8,8,0,0,0,0,0.0,0.0,0.0,16.875,40.25,23.375,0.02622021920979023,0.06600569933652878,0.03978548012673855,0.00712228863267228,0.0469702398404479,0.03984795120777562,0.04440274927765131,0.08801728393882513,0.04361453466117382,0.01909793051891029,0.019035459496080875,-6.247102282941341e-05,-0.01818253006786108,-0.022011584602296352,-0.003829054534435272,-45.023193,0.0
5,154,12796,3.0,24.0,21.0,1.0,1.0,0.0,0.032312952,0.032312952,-60.830505,-2.290266,-0.0029379316,-0.010714289,-0.0052003674,-0.010578096,0.085925184,0.039154496,-0.04677069,0.045493037,0.21138892,0.16589588,0.045870014,0.20696715,0.16109714,0.056198772,0.19613163,0.13993286,3.0,24.0,21.0,0.048225276,0.08053823,0.032312952,0.0074829315,0.048655726,0.041172795,0.055092838,0.09812008,0.04302724,0.040742345,0.031882502,-0.008859843,-0.0068675615,-0.01758185,-0.010714289,-0.0011134073,-0.011691503,-0.010578096,0.0,0.0,0.0,7,7,0,5,0,-5,0.7142857142857143,0.0,-0.7142857142857143,1.2857142857142858,7.428571428571429,6.142857142857143,0.0482252761721611,0.08053822815418243,0.03231295198202133,0.007407236711255142,0.04860659422619002,0.04119935751493488,0.04946411134941237,0.08838294020720891,0.03891882885779654,0.04081803986004421,0.03193163392799241,-0.008886405932051797,-0.001238835177251271,-0.007844712053026472,-0.006605876875775202,-60.830505,-0.7142857142857143
5,155,12798,20.0,121.0,101.0,4.0,3.0,-1.0,0.035956427,0.035956427,-8.087402,0.59845924,-0.0029440634,-0.01250124,-7.835403e-05,-0.014033146,0.024870329,0.20429665,0.17942631,0.231943,0.16816394,-0.063779056,0.22583699,0.13559377,-0.09024322,0.2258808,0.15608855,-0.069792256,20.0,121.0,101.0,0.034045435,0.07000186,0.035956427,0.008658318,0.051019967,0.042361647,0.043084532,0.0915422,0.048457667,0.025387118,0.018981896,-0.0064052213,-0.0090390965,-0.021540336,-0.01250124,-0.005374968,-0.019408114,-0.014033146,0.0,0.0,0.0,7,7,0,0,0,0,0.0,0.0,0.0,7.285714285714286,39.42857142857143,32.142857142857146,0.03404543548822403,0.07000186294317245,0.035956427454948425,0.00847162033564278,0.05101211475474494,0.042540494419102154,0.038903242243187766,0.09018852135964803,0.05128527911646026,0.02557381535215037,0.018989748188427517,-0.006584067163722854,-0.004857806754963738,-0.02018665841647557,-0.01532885166151183,-8.087402,0.0
5,156,12922,1.0,71.0,70.0,1.0,1.0,0.0,0.026533954,0.026533954,-58.32077,-2.3123531,-7.848814e-05,-0.022762094,-0.0050380975,-0.024859738,0.65915215,0.6620572,0.0029050708,0.5359237,0.60884184,0.07291812,0.56903774,0.62632066,0.057282925,0.6060261,0.6528029,0.04677677,1.0,71.0,70.0,0.045446537,0.07198049,0.026533954,-0.00010853963,0.04832769,0.048436232,0.04313494,0.09243099,0.049296048,0.045555077,0.0236528,-0.021902278,0.0023115985,-0.020450495,-0.022762094,0.0057370104,-0.019122727,-0.024859738,1.0,0.0,-1.0,13,13,0,13,0,-13,1.0,0.0,-1.0,1.0,24.307692307692307,23.307692307692307,0.04544653743505478,0.07198049128055573,0.026533953845500946,8.629488162953818e-05,0.04878700839785429,0.04870071351622475,0.040646861952084765,0.09113294516618435,0.050486083214099586,0.04536024251809487,0.023193482882701434,-0.022166759635393433,0.004799675482970018,-0.019152453885628626,-0.023952129368598644,-58.32077,-1.0
5,157,12937,1.0,71.0,70.0,1.0,1.0,0.0,0.025127195,0.025127195,-18.490234,0.19478989,-0.0028734878,-0.033474006,-0.004261069,-0.031781822,0.460518,0.2982316,-0.1622864,0.43744677,0.20294115,-0.23450562,0.43036136,0.19823931,-0.23212205,0.45111713,0.22545178,-0.22566535,1.0,71.0,70.0,0.04566495,0.070792146,0.025127195,0.0058404882,0.048163947,0.04232346,0.033560082,0.09216128,0.0586012,0.039824463,0.0226282,-0.017196264,0.012104869,-0.021369137,-0.033474006,0.013003983,-0.01877784,-0.031781822,1.0,0.0,-1.0,11,11,0,11,0,-11,1.0,0.0,-1.0,1.0,23.09090909090909,22.09090909090909,0.0456649512052536,0.07079214602708817,0.025127194821834564,0.005801716480742802,0.04837521470405839,0.04257349822331559,0.032260078598152504,0.08894291858781468,0.05668283998966218,0.03986323421651667,0.022416931323029778,-0.017446302893486892,0.013404872607101093,-0.018150772560726513,-0.031555645167827606,-18.490234,-1.0
5,158,13138,1.0,118.0,117.0,1.0,1.0,0.0,0.00865227,0.00865227,-76.87576,-3.2901478,4.177913e-05,-0.04333068,-0.003714867,-0.03558,0.33084255,0.2602149,-0.07062766,-0.0018130188,-0.0046671643,-0.0028541456,0.013728863,0.016819436,0.0030905735,0.05993559,0.056372847,-0.003562741,1.0,118.0,117.0,0.05513294,0.06378521,0.00865227,-0.004994607,0.045170493,0.050165102,0.0449746,0.09695755,0.05198295,0.06012755,0.018614717,-0.041512832,0.010158341,-0.03317234,-0.04333068,0.013061777,-0.022518225,-0.03558,1.0,0.0,-1.0,14,14,0,14,0,-14,1.0,0.0,-1.0,1.0,37.42857142857143,36.42857142857143,0.05513294041156769,0.06378521025180817,0.008652269840240479,-0.00462131857472871,0.04552646726369858,0.050147785838427286,0.041813796386122704,0.08725196761744362,0.04543817123132092,0.0597542588199888,0.01825874298810959,-0.04149551583187921,0.013319144025444984,-0.023466757365635464,-0.03678590139108045,-76.87576,-1.0
5,159,13230,1.0,3.0,2.0,1.0,1.0,0.0,0.03155814,0.03155814,-71.66217,-3.1359615,-0.0051352233,-0.028377313,-0.0062597133,-0.023930084,0.3578227,0.30901852,-0.048804164,0.27992454,0.2379138,-0.04201074,0.28619978,0.25267348,-0.0335263,0.31087092,0.28258115,-0.028289765,1.0,3.0,2.0,0.0628015,0.094359644,0.03155814,0.0031597337,0.04721348,0.044053745,0.041198898,0.10113435,0.059935454,0.059641767,0.047146164,-0.012495603,0.021602605,-0.0067747086,-0.028377313,0.024548132,0.000618048,-0.023930084,1.0,0.0,-1.0,7,7,0,7,3,-4,1.0,0.42857142857142855,-0.5714285714285714,1.0,1.7142857142857142,0.7142857142857142,0.06280150264501572,0.09435964375734329,0.031558141112327576,0.003570912904771311,0.04758084139653614,0.044009928491764834,0.038767535239458084,0.09487356351954597,0.056106028280087886,0.05923058997307505,0.04677880236080715,-0.012451787612267902,0.024033967405557632,-0.0005139197622026716,-0.024547887167760303,-71.66217,-0.5714285714285714
5,160,13312,1.0,3.0,2.0,1.0,1.0,0.0,0.03367956,0.03367956,-20.99939,-0.038887024,-0.014780667,-0.01462296,-0.011259701,-0.016029216,0.3149078,0.3488582,0.03395042,0.26523665,0.22442657,-0.04081008,0.25269324,0.22417936,-0.028513879,0.2727313,0.25161633,-0.021114975,1.0,3.0,2.0,0.064735666,0.098415226,0.03367956,0.008201946,0.04967423,0.041472286,0.056019533,0.10432205,0.04830252,0.05653372,0.048740994,-0.007792726,0.0087161325,-0.0059068277,-0.01462296,0.015929751,-9.946525e-05,-0.016029216,1.0,0.0,-1.0,8,8,0,8,1,-7,1.0,0.125,-0.875,1.0,2.0,1.0,0.06473566591739655,0.09841522574424744,0.03367955982685089,0.00827483256580308,0.04996237624436617,0.04168754367856309,0.05467935465276241,0.10270875599235296,0.04802940133959055,0.05646083317697048,0.04845284949988127,-0.008007983677089214,0.010056311264634132,-0.004293530248105526,-0.014349841512739658,-20.99939,-0.875
5,161,13314,1.0,28.0,27.0,1.0,1.0,0.0,0.012148142,0.012148142,-55.904846,-2.492319,-0.011473704,-0.037430286,-0.0099321045,-0.034077883,0.2642177,0.24151911,-0.022698596,-0.23451696,0.30858767,0.54310465,-0.24081081,0.3224927,0.5633035,-0.18797159,0.34391242,0.531884,1.0,28.0,27.0,0.06639494,0.07854308,0.012148142,0.0015118617,0.048055533,0.046543673,0.045068674,0.0946471,0.04957843,0.064883076,0.030487549,-0.034395527,0.021326266,-0.01610402,-0.037430286,0.024125285,-0.009952597,-0.034077883,1.0,0.0,-1.0,7,7,0,7,0,-7,1.0,0.0,-1.0,1.0,10.0,9.0,0.06639494001865387,0.07854308187961578,0.012148141860961914,0.00183545019743698,0.04851941125733512,0.04668396105989814,0.04207377987248557,0.08917582567249026,0.04710204580000469,0.06455948948860168,0.030023670622280667,-0.03453581886632102,0.0243211601461683,-0.010632743792874473,-0.034953903939042776,-55.904846,-1.0
5,162,13613,1.0,5.0,4.0,1.0,1.0,0.0,0.024378605,0.024378605,-53.766876,-1.8615093,-0.009351466,-0.035362918,-0.010442123,-0.031368524,0.3615244,0.35163617,-0.009888232,0.42485473,0.39310265,-0.03175208,0.4305637,0.4232158,-0.007347882,0.44801846,0.44624326,-0.0017752051,1.0,5.0,4.0,0.06614893,0.090527534,0.024378605,0.002210101,0.0460636,0.0438535,0.03997009,0.09971161,0.059741523,0.06393883,0.044463936,-0.01947489,0.02617884,-0.009184077,-0.035362918,0.027795985,-0.0035725385,-0.031368524,1.0,0.0,-1.0,12,12,0,12,1,-11,1.0,0.08333333333333333,-0.9166666666666666,1.0,2.5833333333333335,1.5833333333333335,0.06614892929792404,0.09052753448486328,0.02437860518693924,0.0020631962203575918,0.04620804637670517,0.04414485015634758,0.03911230433732271,0.09719792132576306,0.05808561698844035,0.06408573376635711,0.04431948810815811,-0.019766245658198997,0.02703662496060133,-0.006670386840899785,-0.03370701180150112,-53.766876,-0.9166666666666666
5,163,13653,1.0,2.0,1.0,9.0,9.0,0.0,0.05264899,0.05264899,-45.08197,-1.5237541,0.0021786503,-0.0072702356,0.0010824576,-0.002629634,0.31440994,0.2882116,-0.026198328,0.11856443,-0.016898403,-0.13546284,0.13901174,-0.0030265404,-0.14203829,0.178585,0.032401,-0.146184,1.0,2.0,1.0,0.045035623,0.097684614,0.05264899,0.002370633,0.048128244,0.04575761,0.041623313,0.10154254,0.059919227,0.04266499,0.04955637,0.006891381,0.00341231,-0.0038579255,-0.0072702356,0.0057199486,0.0030903146,-0.002629634,1.0,0.0,-1.0,10,10,0,10,9,-1,1.0,0.9,-0.09999999999999998,1.0,1.1,0.10000000000000009,0.045035623013973236,0.09768461436033249,0.05264899134635925,0.0019764835364185275,0.0479169137775898,0.04594043024117127,0.03942045271396637,0.09284970983862877,0.0534292571246624,0.04305913932621479,0.04976770058274269,0.006708561256527905,0.005615170300006867,0.00483490452170372,-0.0007802657783031464,-45.08197,-0.09999999999999998
5,164,13662,83.0,297.0,214.0,5.0,4.0,-1.0,0.0315568,0.0315568,-11.827454,0.6042328,0.0015381929,-0.01871037,0.0004147496,-0.017863704,-0.15277325,-0.1344942,0.018279046,-0.26950297,0.025968833,0.2954718,-0.27018487,0.03337384,0.3035587,-0.27497375,0.017052656,0.2920264,83.0,297.0,214.0,0.028386826,0.059943624,0.0315568,0.011536039,0.050697338,0.0391613,0.048154153,0.09842132,0.050267167,0.016850786,0.009246286,-0.0076045003,-0.019767327,-0.038477696,-0.01871037,-0.017166065,-0.03502977,-0.017863704,0.0,0.0,0.0,9,9,0,0,0,0,0.0,0.0,0.0,26.11111111111111,88.44444444444444,62.33333333333333,0.028386825695633888,0.05994362384080887,0.03155679814517498,0.011404271341032453,0.05046160684691535,0.0390573355058829,0.046938167677985296,0.09389259666204453,0.04695442898405923,0.01698255394068029,0.009482016993893517,-0.007500536946786774,-0.018551341982351408,-0.03394897282123566,-0.01539763083888425,-11.827454,0.0
5,165,13720,4.0,41.0,37.0,8.0,6.0,-2.0,0.03758789,0.03758789,-34.402405,-0.92266273,0.0035230033,-0.016197786,0.003939055,-0.016153224,0.40158474,0.3839033,-0.01768145,0.21727762,-0.02417172,-0.24144934,0.2573721,-0.018863376,-0.2762355,0.28948858,0.01943026,-0.27005833,4.0,41.0,37.0,0.038358137,0.075946026,0.03758789,0.0010621186,0.048442356,0.04738024,0.039089523,0.0928752,0.053785674,0.03729602,0.02750367,-0.00979235,-0.00073138624,-0.016929172,-0.016197786,0.0008329749,-0.015320249,-0.016153224,0.0,0.0,0.0,8,8,0,1,0,-1,0.125,0.0,-0.125,1.875,15.125,13.25,0.038358137011528015,0.07594602555036545,0.03758788853883743,0.0010009567922679707,0.04866000358015299,0.04765904678788502,0.0379433105699718,0.09170424472540617,0.05376093415543437,0.03735718037933111,0.02728602197021246,-0.010071158409118652,0.0004148264415562153,-0.015758219175040722,-0.016173045616596937,-34.402405,-0.125
5,166,13846,1.0,21.0,20.0,1.0,1.0,0.0,0.027112652,0.027112652,-65.26846,-3.0742989,-0.00032519177,-0.024579514,-0.00078418106,-0.025685038,0.76059246,0.70980734,-0.050785124,0.66007376,0.6234624,-0.03661138,0.6679805,0.6424283,-0.025552213,0.7069132,0.6860658,-0.02084738,1.0,21.0,20.0,0.049947772,0.077060424,0.027112652,-0.0005630029,0.04600473,0.046567734,0.041236036,0.0929282,0.051692165,0.050510775,0.031055693,-0.019455083,0.008711737,-0.015867777,-0.024579514,0.014892232,-0.010792807,-0.025685038,1.0,0.0,-1.0,11,11,0,11,0,-11,1.0,0.0,-1.0,1.0,7.0,6.0,0.049947772175073624,0.07706042379140854,0.027112651616334915,-0.0002109654481252867,0.046679817478765144,0.04689078292689043,0.03712952136993408,0.08737730438059027,0.05024778301065619,0.050158737057989296,0.030380606312643398,-0.019778130745345898,0.012818250805139542,-0.010316880589181726,-0.023135131394321266,-65.26846,-1.0
5,167,14110,1.0,1.0,0.0,3.0,1.0,-2.0,0.055710293,0.055710293,-8.331665,0.27892685,0.005382266,-0.009931009,0.0045475177,-0.010569043,0.24659239,0.11593799,-0.1306544,0.1800034,0.14559992,-0.034403488,0.1876464,0.14441279,-0.04323362,0.2065141,0.14791317,-0.058600932,1.0,1.0,0.0,0.041626886,0.09733718,0.055710293,-0.0053502168,0.045420438,0.050770655,0.03066403,0.09630533,0.0656413,0.046977103,0.05191674,0.004939638,0.010962855,0.0010318458,-0.009931009,0.013843164,0.0032741204,-0.010569043,1.0,1.0,0.0,10,10,0,10,10,0,1.0,1.0,0.0,1.0,1.0,0.0,0.041626885533332825,0.09733717888593674,0.05571029335260391,-0.0049197710119187835,0.046186256036162374,0.051106027048081155,0.028475071862339975,0.09346567019820214,0.06499059833586215,0.046546656638383865,0.05115092284977436,0.004604266211390498,0.013151813670992852,0.0038715086877346037,-0.009280304983258249,-8.331665,0.0
5,168,14121,1.0,130.0,129.0,1.0,1.0,0.0,0.023031794,0.023031794,-45.483887,-1.1910172,0.002875831,-0.026664343,-0.0011039972,-0.026388407,0.25729313,0.29539114,0.038098007,0.16429095,0.08843506,-0.07585589,0.14807421,0.07534217,-0.07273204,0.20214789,0.14314874,-0.05899915,1.0,130.0,129.0,0.039438438,0.06247023,0.023031794,-0.003574073,0.046569772,0.050143845,0.03732973,0.087025866,0.049696136,0.04301251,0.01590046,-0.027112052,0.002108708,-0.024555635,-0.026664343,0.0058983453,-0.020490061,-0.026388407,1.0,0.0,-1.0,9,9,0,9,0,-9,1.0,0.0,-1.0,1.0,43.0,42.0,0.039438437670469284,0.06247023120522499,0.023031793534755707,-0.003705765586346388,0.04688351808322801,0.050589283669574395,0.03403071045047707,0.08488889700836605,0.05085818655788898,0.04314420289463467,0.015586713121996986,-0.027557489772637687,0.005407727219992214,-0.022418665803141065,-0.027826393023133278,-45.483887,-1.0
5,169,14165,27.0,170.0,143.0,27.0,26.0,-1.0,0.035044655,0.035044655,-37.52185,-1.135992,0.0059931185,-0.020077275,0.00408653,-0.019276498,-0.34612295,-0.2560246,0.09009835,-0.24910687,-0.19198133,0.05712554,-0.24468394,-0.17971176,0.06497218,-0.2864863,-0.21046364,0.076022655,27.0,170.0,143.0,0.026949877,0.061994534,0.035044655,0.0013497546,0.046451095,0.04510134,0.039271783,0.094393715,0.055121932,0.025600122,0.0155434385,-0.010056684,-0.012321906,-0.03239918,-0.020077275,-0.010181693,-0.029458191,-0.019276498,0.0,0.0,0.0,14,14,0,0,0,0,0.0,0.0,0.0,8.357142857142858,51.285714285714285,42.92857142857143,0.02694987691938877,0.061994533985853195,0.035044657066464424,0.0011886392764738826,0.04643333117876734,0.04524469190229346,0.03668732515403202,0.09123924640672547,0.054551921252693446,0.025761237501033714,0.015561202807085854,-0.01020003469394786,-0.009737448234643255,-0.02924471242087228,-0.019507264186229025,-37.52185,0.0
5,170,14179,7.0,19.0,12.0,13.0,27.0,14.0,0.044952765,0.044952765,-39.426575,-1.4775276,0.0007446874,-0.013695916,-9.4940886e-05,-0.008616922,0.15374409,0.1553853,0.0016412139,-0.15261269,-0.14900011,0.003612578,-0.17443153,-0.17910843,-0.0046768934,-0.15705863,-0.16277184,-0.0057132095,7.0,19.0,12.0,0.031012928,0.075965695,0.044952765,0.0031498284,0.047408335,0.044258505,0.040687203,0.09933589,0.058648683,0.0278631,0.02855736,0.00069426,-0.009674275,-0.023370191,-0.013695916,-0.003665829,-0.0122827515,-0.008616922,0.0,0.0,0.0,5,5,0,1,0,-1,0.2,0.0,-0.2,2.2,5.8,3.5999999999999996,0.03101292811334133,0.07596569508314133,0.044952766969799995,0.002931888122111559,0.04738233014941216,0.0444504420273006,0.0322739128023386,0.0843750149011612,0.0521011020988226,0.02808104008436203,0.02858336493372917,0.000502324849367141,-0.0012609846889972687,-0.008409319818019867,-0.007148335129022599,-39.426575,-0.2
5,171,14443,8.0,1.0,-7.0,5.0,5.0,0.0,0.065368846,0.065368846,-22.874786,-0.093400955,0.0034843907,0.018806286,0.00095945597,0.019127414,0.14239965,0.21705204,0.07465239,-0.23091054,-0.14053132,0.09037922,-0.24574548,-0.14936186,0.09638362,-0.20729646,-0.102832064,0.1044644,8.0,1.0,-7.0,0.038153857,0.1035227,0.065368846,0.007189801,0.04885944,0.041669637,0.044704065,0.091266625,0.04656256,0.030964056,0.054663263,0.023699207,-0.0065502077,0.012256078,0.018806286,-0.00465066,0.014476754,0.019127414,0.0,1.0,1.0,10,10,0,0,10,10,0.0,1.0,1.0,3.5,1.0,-2.5,0.03815385699272156,0.10352270305156708,0.06536884605884552,0.0068782101385295395,0.04897820837795734,0.042099998239427804,0.04357040748000145,0.08951499909162522,0.04594459161162377,0.03127564638853073,0.054544494673609736,0.023268848285079004,-0.005416550487279892,0.014007703959941864,0.019424254447221755,-22.874786,1.0
5,172,14528,2.0,2.0,0.0,27.0,3.0,-24.0,0.052796297,0.052796297,-121.33798,-5.11364,0.015785508,0.00096767396,0.013131965,-0.0027696528,0.058845986,0.14258544,0.08373946,-0.18076843,-0.14582045,0.034947976,-0.19384047,-0.15358606,0.040254414,-0.18232095,-0.13516265,0.0471583,2.0,2.0,0.0,0.034745812,0.08754211,0.052796297,-0.015131083,0.035029583,0.050160665,0.036096282,0.087924905,0.051828623,0.049876895,0.052512527,0.0026356317,-0.0013504699,-0.00038279593,0.00096767396,0.0071666427,0.00439699,-0.0027696528,0.0,0.0,0.0,12,12,0,7,7,0,0.5833333333333334,0.5833333333333334,0.0,1.4166666666666667,1.4166666666666667,0.0,0.03474581241607666,0.0875421091914177,0.052796296775341034,-0.01511233540562292,0.03519840010752281,0.05031073551314573,0.028882949457814295,0.08427912183105946,0.055396172373245164,0.04985814789930979,0.052343709083894886,0.0024855611845850945,0.005862862958262364,0.0032629873603582382,-0.002599875597904126,-121.33798,0.0
5,173,14567,1.0,23.0,22.0,1.0,1.0,0.0,0.031243626,0.031243626,-44.260162,-1.195343,-0.00480802,-0.0121825,-0.004397504,-0.010856967,-0.062403567,0.052168526,0.11457209,0.11916587,0.23787518,0.11870931,0.14146477,0.25297388,0.111509115,0.13087885,0.2491439,0.11826505,1.0,23.0,22.0,0.047893334,0.07913696,0.031243626,0.0098887365,0.049859382,0.039970644,0.04655136,0.08997749,0.043426126,0.0380046,0.029277578,-0.0087270215,0.0013419725,-0.010840528,-0.0121825,0.0019467957,-0.008910172,-0.010856967,1.0,0.0,-1.0,8,8,0,8,0,-8,1.0,0.0,-1.0,1.0,8.75,7.75,0.04789333418011665,0.07913696020841599,0.03124362602829933,0.009796469355933368,0.050039397552609444,0.040242928196676075,0.045772628393024206,0.0873717563226819,0.0415991279296577,0.03809686563909054,0.02909756265580654,-0.008999302983283997,0.0021207057870924473,-0.008234796114265919,-0.010355501901358366,-44.260162,-1.0
5,174,14594,1.0,1.0,0.0,1.0,1.0,0.0,0.043978192,0.043978192,-90.113525,-3.3350163,-0.007687308,-0.0034992136,-0.009404153,-0.005098395,0.40571737,0.35153213,-0.05418524,0.11396192,-0.24023747,-0.3541994,0.14630853,-0.24375151,-0.39006004,0.2172944,-0.19182818,-0.4091226,1.0,1.0,0.0,0.060334943,0.104313135,0.043978192,0.005402061,0.04990175,0.044499688,0.047426704,0.09490411,0.047477406,0.05493288,0.054411385,-0.00052149594,0.012908239,0.009409025,-0.0034992136,0.020597532,0.015499137,-0.005098395,1.0,1.0,0.0,9,9,0,9,9,0,1.0,1.0,0.0,1.0,1.0,0.0,0.0603349432349205,0.10431313514709473,0.043978191912174225,0.005392931763910585,0.0498917694720957,0.044498837708185114,0.04420290763179461,0.08984682460625966,0.04564391697446505,0.05494201183319092,0.05442136567499903,-0.0005206461581918898,0.01613203560312589,0.014466310540835062,-0.0016657250622908269,-90.113525,0.0
5,175,14610,1.0,42.0,41.0,5.0,5.0,0.0,0.025568962,0.025568962,-83.130035,-3.4348469,0.005922027,-0.018977731,0.0032312125,-0.021160021,0.42240107,0.46743786,0.045036793,0.5316885,0.48058608,-0.05110243,0.5400723,0.5093224,-0.030749917,0.5585116,0.5513048,-0.0072067976,1.0,42.0,41.0,0.04362999,0.06919895,0.025568962,0.0012493614,0.04530122,0.04405186,0.037328996,0.08187569,0.044546694,0.042380627,0.02389773,-0.018482897,0.0063009933,-0.012676738,-0.018977731,0.009386085,-0.011773936,-0.021160021,1.0,0.0,-1.0,8,8,0,8,0,-8,1.0,0.0,-1.0,1.0,14.75,13.75,0.04362998902797699,0.06919895112514496,0.02556896209716797,0.0012559738315758295,0.04574971133843064,0.044493737506854814,0.034283841494470835,0.0806367602199316,0.04635291872546077,0.04237401485443115,0.023449239786714315,-0.018924775067716837,0.009346147533506155,-0.011437809094786644,-0.0207839566282928,-83.130035,-1.0
5,176,14644,1.0,5.0,4.0,1.0,1.0,0.0,0.037266668,0.037266668,-53.819214,-2.2478104,-0.0006194934,-0.0036179423,-0.0031655394,-0.007892545,0.061764218,0.32192466,0.26016045,-0.09887554,-0.13065249,-0.03177695,-0.100747235,-0.13959485,-0.038847618,-0.08475675,-0.07003299,0.014723755,1.0,5.0,4.0,0.050049964,0.08731663,0.037266668,-0.00036655407,0.045240704,0.045607258,0.047654595,0.088539205,0.04088461,0.050416518,0.04207593,-0.00834059,0.002395369,-0.0012225732,-0.0036179423,0.0074355043,-0.00045704097,-0.007892545,1.0,0.0,-1.0,8,8,0,8,1,-7,1.0,0.125,-0.875,1.0,2.375,1.375,0.05004996433854103,0.08731663227081299,0.03726666793227196,-1.1835907571366988e-05,0.0458569941110909,0.045868830018662266,0.043069444596767426,0.08799843490123749,0.04492899030447006,0.05006180005148053,0.04145963815972209,-0.008602161891758442,0.006980519741773605,-0.0006818026304244995,-0.007662322372198105,-53.819214,-0.875
5,177,14793,2.0,107.0,105.0,1.0,1.0,0.0,0.026021756,0.026021756,-52.54077,-2.0266724,-0.0070464723,-0.031154126,-0.0057535022,-0.02565898,0.2399669,0.17632733,-0.06363957,0.25956193,0.33597243,0.0764105,0.25056228,0.3330378,0.08247551,0.26500455,0.33699423,0.071989685,2.0,107.0,105.0,0.041305512,0.06732727,0.026021756,0.0037283632,0.04821401,0.044485647,0.04133644,0.09851232,0.057175882,0.03757715,0.019113258,-0.018463891,-3.092736e-05,-0.031185053,-0.031154126,0.0012715533,-0.024387427,-0.02565898,0.0,0.0,0.0,11,11,0,6,0,-6,0.5454545454545454,0.0,-0.5454545454545454,1.4545454545454546,36.63636363636363,35.18181818181818,0.04130551218986511,0.06732726842164993,0.02602175623178482,0.004051476060836153,0.04877766662023284,0.04472619055939669,0.04084287448362871,0.09255641631104729,0.05171354182741858,0.03725403615019538,0.01854960180141709,-0.01870443434877829,0.0004626377062364058,-0.02522914788939736,-0.025691785595633766,-52.54077,-0.5454545454545454
5,178,14808,1.0,1.0,0.0,1.0,1.0,0.0,0.04603494,0.04603494,-27.232178,-0.3952713,-0.005566191,0.0011443868,-0.005873341,-0.0049984828,0.1009799,0.07349165,-0.027488254,0.089783095,0.14015295,0.05036985,0.08969471,0.12642312,0.036728412,0.10340783,0.13125023,0.027842402,1.0,1.0,0.0,0.049978897,0.09601384,0.04603494,0.0015311298,0.04731313,0.045782,0.04604295,0.0909335,0.044890553,0.048447765,0.048700705,0.00025293976,0.003935948,0.005080335,0.0011443868,0.013217144,0.008218661,-0.0049984828,1.0,1.0,0.0,6,6,0,6,6,0,1.0,1.0,0.0,1.0,1.0,0.0,0.04997889697551727,0.09601383656263351,0.04603493958711624,0.0017023319960571826,0.047671460856993995,0.04596912886093681,0.04011108912527561,0.08632741992672284,0.04621633080144723,0.04827656410634518,0.04834237570563952,6.581159929434227e-05,0.009867807850241661,0.00968641663591067,-0.0001813912143309917,-27.232178,0.0
5,179,14820,118.0,229.0,111.0,26.0,49.0,23.0,0.040774234,0.040774234,-78.17291,-3.0740795,0.0056416728,-0.012636386,0.002966255,-0.007989496,0.65339184,0.6829742,0.029582381,0.4492697,0.38329315,-0.06597656,0.4590092,0.37151542,-0.08749378,0.5071454,0.43893355,-0.06821185,118.0,229.0,111.0,0.017019797,0.05779403,0.040774234,0.0039957277,0.045320883,0.041325156,0.041225486,0.094636105,0.05341062,0.013024069,0.012473147,-0.000550922,-0.024205688,-0.036842074,-0.012636386,-0.022799786,-0.030789282,-0.007989496,0.0,0.0,0.0,8,8,0,0,0,0,0.0,0.0,0.0,37.125,69.75,32.625,0.01701979711651802,0.057794030755758286,0.040774233639240265,0.004139191645663232,0.04562988644465804,0.04149069479899481,0.041054969653487206,0.08917372114956379,0.048118751496076584,0.012880605296231806,0.012164144311100245,-0.0007164609851315618,-0.024035172536969185,-0.031379690393805504,-0.007344517856836319,-78.17291,0.0
5,180,14898,99.0,96.0,-3.0,50.0,52.0,2.0,0.04707583,0.04707583,-19.587769,0.060476303,0.006494092,0.0007313136,0.006346168,0.003030574,-0.019697769,0.096035026,0.1157328,-0.021646261,0.14085142,0.16249768,0.014508529,0.16133682,0.1468283,0.012683534,0.17285012,0.16016658,99.0,96.0,-3.0,0.023656258,0.07073209,0.04707583,0.008226417,0.049786016,0.0415596,0.047741424,0.09408594,0.046344515,0.015429841,0.02094607,0.005516229,-0.024085166,-0.023353852,0.0007313136,-0.02147655,-0.018445976,0.003030574,0.0,0.0,0.0,11,11,0,0,0,0,0.0,0.0,0.0,30.0,28.363636363636363,-1.6363636363636367,0.02365625835955143,0.07073208689689636,0.04707582853734493,0.008099871475926855,0.04980184036222371,0.041701968886296854,0.044326128268783745,0.0880236415700479,0.04369751330126415,0.015556386841291731,0.02093024653467265,0.005373859693380919,-0.02066986990923231,-0.017291554673151535,0.0033783152360807762,-19.587769,0.0
5,181,14931,2.0,85.0,83.0,1.0,11.0,10.0,0.026434384,0.026434384,-47.605804,-1.1437855,-0.005264178,-0.0184334,-0.0057344325,-0.020266894,0.7876962,0.7559496,-0.031746566,0.5597651,0.5672123,0.007447183,0.5606298,0.5689796,0.008349836,0.62299764,0.62541205,0.0024144053,2.0,85.0,83.0,0.044480912,0.0709153,0.026434384,0.012574208,0.049619455,0.037045248,0.04834833,0.093216114,0.044867784,0.031906705,0.021295842,-0.010610864,-0.0038674176,-0.022300817,-0.0184334,0.0026882328,-0.017578661,-0.020266894,0.0,0.0,0.0,11,11,0,8,0,-8,0.7272727272727273,0.0,-0.7272727272727273,1.2727272727272727,25.454545454545453,24.18181818181818,0.04448091238737106,0.07091529667377472,0.026434384286403656,0.012658555737950584,0.049788658591833984,0.0371301028538834,0.04134667563167485,0.08806110241196373,0.04671442678028888,0.03182235698808323,0.02112663808194074,-0.01069571890614249,0.00313423675569621,-0.017145805738189003,-0.020280042493885212,-47.605804,-0.7272727272727273
5,182,15003,1.0,69.0,68.0,2.0,2.0,0.0,0.015044011,0.015044011,-37.08075,-0.9980831,-0.00029067695,-0.03510302,-0.0054398812,-0.035567563,0.27949297,0.32448047,0.0449875,0.13557667,0.12714578,-0.008430883,0.14078298,0.13775694,-0.0030260384,0.16383898,0.1716449,0.0078059137,1.0,69.0,68.0,0.058935,0.07397901,0.015044011,0.005113845,0.04845033,0.043336485,0.046461616,0.096608646,0.05014703,0.053821158,0.025528684,-0.028292473,0.012473386,-0.022629634,-0.03510302,0.016125549,-0.019442014,-0.035567563,1.0,0.0,-1.0,9,9,0,9,0,-9,1.0,0.0,-1.0,1.0,21.666666666666668,20.666666666666668,0.058935001492500305,0.07397901266813278,0.015044011175632477,0.005092786573287513,0.04844707581732008,0.04335428924403256,0.043848450813028544,0.09430033879147635,0.05045188797844781,0.05384221507443322,0.0255319368508127,-0.028310278223620523,0.015086550679471757,-0.020321326123343572,-0.03540787680281533,-37.08075,-1.0
5,183,15025,1.0,69.0,68.0,2.0,1.0,-1.0,0.018735647,0.018735647,-98.18323,-3.2794247,0.004946463,-0.028196923,-0.0032282695,-0.028621044,0.562173,0.58677155,0.024598539,0.39415818,0.33129784,-0.06286034,0.41206163,0.34587452,-0.06618711,0.46777943,0.3966908,-0.07108864,1.0,69.0,68.0,0.051232547,0.069968194,0.018735647,0.0035059473,0.04721559,0.04370964,0.0441088,0.09104137,0.04693257,0.047726598,0.022752605,-0.024973992,0.007123746,-0.021073177,-0.028196923,0.011550736,-0.017070308,-0.028621044,1.0,0.0,-1.0,11,11,0,11,0,-11,1.0,0.0,-1.0,1.0,21.90909090909091,20.90909090909091,0.05123254656791687,0.06996819376945496,0.018735647201538086,0.0033132023051042447,0.04751663147048517,0.04420342916538093,0.04001625153151425,0.08628506755286997,0.04626881602135571,0.047919344156980515,0.022451562298969788,-0.025467781858010727,0.011216295036402616,-0.016316873783415013,-0.027533168819817627,-98.18323,-1.0
5,184,15128,3.0,23.0,20.0,1.0,1.0,0.0,0.02406156,0.02406156,-48.01068,-1.4748001,-0.0061773434,-0.00866162,-0.0075177103,-0.014689989,0.3675593,0.3078721,-0.059687227,0.14172745,0.05484434,-0.08688311,0.14438644,0.07904198,-0.06534446,0.19735987,0.12733959,-0.07002029,3.0,23.0,20.0,0.05492039,0.07898195,0.02406156,0.010478096,0.05036169,0.03988359,0.059751213,0.09247439,0.03272318,0.044442296,0.028620262,-0.015822034,-0.0048308223,-0.013492443,-0.00866162,0.0045181885,-0.010171801,-0.014689989,0.0,0.0,0.0,9,9,0,4,0,-4,0.4444444444444444,0.0,-0.4444444444444444,1.5555555555555556,7.777777777777778,6.222222222222222,0.054920390248298645,0.07898195087909698,0.02406156063079834,0.010569992164770762,0.050495928360356226,0.03992593619558547,0.05374874588516024,0.08961908022562663,0.035870334340466395,0.044350398083527885,0.02848602251874076,-0.015864375564787127,0.0011716443631384107,-0.010637129346529642,-0.011808773709668053,-48.01068,-0.4444444444444444
5,185,15364,1.0,66.0,65.0,2.0,1.0,-1.0,0.020128284,0.020128284,-53.31256,-1.7068672,0.006997388,-0.036465846,-0.00060855225,-0.036165543,0.6512999,0.6225055,-0.028794408,-0.28384343,-0.3902893,-0.10644588,-0.28015473,-0.38861978,-0.108465046,-0.21383114,-0.292296,-0.07846485,1.0,66.0,65.0,0.05005626,0.070184544,0.020128284,0.0011633458,0.04895291,0.047789566,0.033869233,0.09046336,0.05659413,0.048892915,0.021231633,-0.027661283,0.016187027,-0.020278819,-0.036465846,0.018802173,-0.01736337,-0.036165543,1.0,0.0,-1.0,5,5,0,5,0,-5,1.0,0.0,-1.0,1.0,22.4,21.4,0.05005626007914543,0.07018454372882843,0.020128283649683,0.0014941054861992598,0.04977746605873108,0.048283360572531825,0.03288564234972,0.0886895328760147,0.055803890526294704,0.04856215417385101,0.020407077670097352,-0.02815507650375366,0.01717061772942543,-0.01850498914718628,-0.03567560687661171,-53.31256,-1.0
5,186,15492,16.0,787.0,771.0,2.0,22.0,20.0,0.0080960505,0.0080960505,-30.096832,-0.009586334,0.0016715899,-0.04157253,-0.003074687,-0.040928867,0.24069333,0.21051684,-0.03017649,-0.17492087,-0.025895754,0.14902511,-0.19411868,-0.014495366,0.1796233,-0.16385935,0.02214379,0.18600315,16.0,787.0,771.0,0.029733382,0.037829433,0.0080960505,0.010832648,0.049521282,0.038688634,0.0413981,0.09106668,0.04966858,0.018900733,-0.01169185,-0.030592583,-0.011664718,-0.05323725,-0.04157253,-0.008129537,-0.049058404,-0.040928867,0.0,0.0,0.0,11,11,0,0,0,0,0.0,0.0,0.0,5.181818181818182,238.8181818181818,233.63636363636363,0.029733382165431976,0.037829432636499405,0.008096050471067429,0.010809815404090014,0.049586623229763725,0.03877680782567371,0.0375857295637781,0.08643190901387822,0.04884617945010012,0.01892356676134196,-0.01175719059326432,-0.03068075735460628,-0.00785234739834612,-0.04860247637737881,-0.040750128979032685,-30.096832,0.0
5,187,15506,1.0,2.0,1.0,2.0,1.0,-1.0,0.043078564,0.043078564,-34.08365,-0.77560616,0.0032429658,-0.016689505,-0.0009864941,-0.010289274,0.13985392,0.13117401,-0.0086799115,0.0144056985,-0.19616218,-0.21056788,0.036557827,-0.16817361,-0.20473143,0.050237656,-0.14694636,-0.19718401,1.0,2.0,1.0,0.059350602,0.10242917,0.043078564,0.008465208,0.050841678,0.04237647,0.046035256,0.105803326,0.05976807,0.050885394,0.05158749,0.0007020943,0.013315346,-0.0033741593,-0.016689505,0.015588313,0.005299039,-0.010289274,1.0,0.0,-1.0,13,13,0,13,9,-4,1.0,0.6923076923076923,-0.3076923076923077,1.0,1.3076923076923077,0.3076923076923077,0.05935060232877731,0.10242916643619537,0.04307856410741806,0.008541590247589808,0.05076821578236727,0.04222662553477746,0.04296797972459059,0.09927109227730678,0.05630311255271619,0.05080901258266889,0.05166095065382811,0.0008519380711592139,0.016382622604186717,0.0031580741588885966,-0.01322454844529812,-34.08365,-0.3076923076923077
5,188,15793,1.0,66.0,65.0,7.0,2.0,-5.0,0.028149381,0.028149381,-82.60004,-3.5299149,0.006939046,-0.027091008,0.008015707,-0.024166591,0.45146468,0.52892065,0.07745597,0.45187885,0.35823748,-0.09364137,0.4687764,0.37169984,-0.097076565,0.48033828,0.4006631,-0.07967517,1.0,66.0,65.0,0.041272357,0.06942174,0.028149381,0.0010501872,0.046576343,0.045526158,0.03982703,0.09506742,0.05524039,0.04022217,0.022845395,-0.017376777,0.001445327,-0.02564568,-0.027091008,0.009353615,-0.014812976,-0.024166591,1.0,0.0,-1.0,12,12,0,12,0,-12,1.0,0.0,-1.0,1.0,21.583333333333332,20.583333333333332,0.0412723571062088,0.06942173838615417,0.028149381279945374,0.0011571226647599058,0.046790385929246746,0.04563326326448684,0.03644801893581947,0.08524827597041924,0.048800257034599774,0.040115234442055225,0.022631352456907432,-0.017483881985147793,0.004824338170389335,-0.015826537584265072,-0.020650875754654408,-82.60004,-1.0
5,189,15819,1.0,48.0,47.0,1.0,1.0,0.0,0.023554273,0.023554273,-71.98004,-2.7396526,-0.00078503415,-0.027706355,-0.0036676303,-0.029087856,0.082792,0.09129997,0.008507974,-0.010006145,-0.066628225,-0.05662208,-0.03262268,-0.085839644,-0.053216964,-0.01944891,-0.06637251,-0.046923596,1.0,48.0,47.0,0.050677992,0.074232265,0.023554273,0.0055194446,0.04785603,0.042336583,0.04307402,0.09433465,0.051260628,0.045158546,0.026376236,-0.01878231,0.007603973,-0.020102382,-0.027706355,0.0127688795,-0.016318977,-0.029087856,1.0,0.0,-1.0,14,14,0,14,0,-14,1.0,0.0,-1.0,1.0,15.571428571428571,14.571428571428571,0.05067799240350723,0.07423226535320282,0.023554272949695587,0.005471275986305305,0.04797082208096981,0.042499546094664505,0.03893931422914777,0.08939346351793834,0.050454149288790565,0.045206716284155846,0.02626144327223301,-0.018945273011922836,0.011738678174359458,-0.015161198164735521,-0.026899876339094977,-71.98004,-1.0
5,190,15939,1.0,18.0,17.0,1.0,1.0,0.0,0.030465689,0.030465689,-38.382477,-0.7227802,-0.008092016,-0.018655725,-0.0077010803,-0.020237599,-0.1947038,-0.27491012,-0.08020632,-0.1989509,-0.17966773,0.019283175,-0.23448248,-0.19799064,0.03649184,-0.24974197,-0.22101898,0.028722987,1.0,18.0,17.0,0.055650834,0.08611652,0.030465689,0.010578185,0.04875353,0.038175344,0.050731268,0.09985268,0.049121413,0.04507265,0.037362993,-0.007709656,0.004919566,-0.013736159,-0.018655725,0.009636577,-0.010601021,-0.020237599,1.0,0.0,-1.0,6,6,0,6,0,-6,1.0,0.0,-1.0,1.0,7.5,6.5,0.05565083399415016,0.08611652255058289,0.030465688556432724,0.010551894394059977,0.04883971499900023,0.03828782060494025,0.04777444526553154,0.09850698709487915,0.05073254182934761,0.04509893928964933,0.03727680755158266,-0.007822131738066673,0.007876388728618622,-0.012390464544296265,-0.020266853272914886,-38.382477,-1.0
5,191,16063,1.0,83.0,82.0,1.0,2.0,1.0,0.007560242,0.007560242,-35.696533,-1.2503548,-0.010631952,-0.04255109,-0.0050367713,-0.039114144,-0.159783,-0.12909482,0.030688182,0.06438582,0.5079172,0.4435314,0.09093378,0.5415811,0.45064732,0.05987166,0.5179749,0.45810324,1.0,83.0,82.0,0.0600479,0.06760814,0.007560242,-0.0068622073,0.044316355,0.051178563,0.043906055,0.09401739,0.05011133,0.0669101,0.023291785,-0.043618318,0.016141843,-0.026409246,-0.04255109,0.018619012,-0.020495132,-0.039114144,1.0,0.0,-1.0,8,8,0,8,0,-8,1.0,0.0,-1.0,1.0,25.75,24.75,0.060047898441553116,0.06760814040899277,0.0075602419674396515,-0.007191347307525575,0.04441156750544906,0.05160291481297463,0.04013545531779528,0.0889132609590888,0.048777805641293526,0.0672392463311553,0.02319657290354371,-0.04404267342761159,0.01991244312375784,-0.021305120550096035,-0.041217563673853874,-35.696533,-1.0
5,192,16252,15.0,109.0,94.0,14.0,13.0,-1.0,0.036667228,0.036667228,-53.348236,-2.3424644,0.001236055,-0.008579802,0.0019518323,-0.013668358,0.22995847,0.24554731,0.015588835,0.035273597,-0.024377808,-0.059651405,0.040219218,-0.035580132,-0.075799346,0.06523688,-0.0016830076,-0.066919886,15.0,109.0,94.0,0.026069067,0.062736295,0.036667228,-0.0053504547,0.044279896,0.04963035,0.040370245,0.085617274,0.04524703,0.031419523,0.0184564,-0.012963124,-0.014301177,-0.022880979,-0.008579802,-0.008038439,-0.021706797,-0.013668358,0.0,0.0,0.0,10,10,0,0,0,0,0.0,0.0,0.0,5.3,34.5,29.2,0.026069067418575287,0.06273629516363144,0.03666722774505615,-0.00543224080465734,0.04420385584235191,0.04963609664700925,0.03559376504272223,0.08473689630627632,0.04914313126355409,0.03150130864232779,0.018532439321279525,-0.012968869321048262,-0.009524697624146938,-0.022000601142644884,-0.012475903518497946,-53.348236,0.0
5,193,16344,49.0,966.0,917.0,2.0,9.0,7.0,-0.0024957098,-0.0024957098,-32.107666,-0.62760925,-0.004909776,-0.051864117,-0.0065592118,-0.050605085,0.40579447,0.32380188,-0.0819926,0.37076953,0.19675516,-0.17401437,0.3973251,0.22086467,-0.17646043,0.40937725,0.24550414,-0.1638731,49.0,966.0,917.0,0.023388468,0.020892758,-0.0024957098,0.0010737441,0.048683617,0.047609873,0.04259769,0.0919661,0.04936841,0.022314724,-0.02779086,-0.050105583,-0.019209221,-0.07107334,-0.051864117,-0.015139375,-0.06574446,-0.050605085,0.0,0.0,0.0,11,11,0,0,0,0,0.0,0.0,0.0,14.363636363636363,289.1818181818182,274.8181818181818,0.023388467729091644,0.020892757922410965,-0.0024957098066806793,0.0009825002873020078,0.049049783159386025,0.04806728287208402,0.03881771320646459,0.0871306292035363,0.04831291599707171,0.02240596745501865,-0.028157025236975063,-0.05056299269199371,-0.01542924547737295,-0.06623787094246257,-0.05080862546508962,-32.107666,0.0
5,194,16421,12.0,42.0,30.0,3.0,9.0,6.0,0.03824145,0.03824145,-24.294128,-0.16422272,-0.001551222,-0.00455397,-0.0026230551,-0.0046663396,-0.15178233,0.019250618,0.17103295,-0.21576424,-0.12512314,0.090641096,-0.15761685,-0.11359843,0.044018425,-0.17124271,-0.110878386,0.06036433,12.0,42.0,30.0,0.038335014,0.076576464,0.03824145,0.015621184,0.051453568,0.035832383,0.046075724,0.088871144,0.04279542,0.022713829,0.025122896,0.002409067,-0.00774071,-0.01229468,-0.00455397,-0.00664993,-0.01131627,-0.0046663396,0.0,0.0,0.0,6,6,0,0,0,0,0.0,0.0,0.0,4.166666666666667,13.166666666666666,9.0,0.03833501413464546,0.07657646387815475,0.03824144974350929,0.015549105902512869,0.051524793108304344,0.03597568720579147,0.045622206603487335,0.08769263823827107,0.04207043163478374,0.022785908232132595,0.025051670769850414,0.002265762537717819,-0.00728719246884187,-0.011116174360116323,-0.003828981891274453,-24.294128,0.0
5,195,16466,1.0,105.0,104.0,1.0,1.0,0.0,0.0139067955,0.0139067955,-37.631165,-1.266222,-0.005286012,-0.03220177,-0.006530121,-0.032811645,0.15765604,0.17601155,0.018355504,-0.08543577,-0.038005948,0.047429822,-0.086360686,-0.044937104,0.04142358,-0.07095414,-0.026943991,0.044010147,1.0,105.0,104.0,0.057111595,0.07101839,0.0139067955,0.005259877,0.05060494,0.04534506,0.050303645,0.09641221,0.046108566,0.05185172,0.02041345,-0.03143827,0.0068079494,-0.025393821,-0.03220177,0.011427779,-0.021383867,-0.032811645,1.0,0.0,-1.0,5,5,0,5,0,-5,1.0,0.0,-1.0,1.0,32.0,31.0,0.05711159482598305,0.07101839035749435,0.013906795531511307,0.0050977557897567746,0.05052318200469017,0.045425426214933395,0.04730464741587639,0.09355689585208893,0.04625224843621254,0.052013838291168214,0.020495208352804183,-0.03151862993836403,0.009806947410106659,-0.022538505494594574,-0.032345452904701234,-37.631165,-1.0
5,196,16616,1.0,143.0,142.0,1.0,2.0,1.0,0.018670697,0.018670697,-21.943542,0.14562607,-0.011591006,-0.037775066,-0.009384256,-0.038694974,0.5349744,0.47319606,-0.061778337,0.16338316,0.34434882,0.18096566,0.16374722,0.343243,0.17949578,0.22254637,0.37953517,0.1569888,1.0,143.0,142.0,0.04654939,0.06522009,0.018670697,0.006050593,0.0481242,0.042073607,0.036798142,0.093243904,0.056445763,0.040498797,0.017095886,-0.02340291,0.009751249,-0.028023817,-0.037775066,0.0120741315,-0.026620843,-0.038694974,1.0,0.0,-1.0,12,12,0,12,0,-12,1.0,0.0,-1.0,1.0,46.083333333333336,45.083333333333336,0.046549391001462936,0.06522008776664734,0.018670696765184402,0.006033742140668134,0.04823726943383614,0.04220352729316801,0.0351810697466135,0.09163004346191883,0.05644897371530533,0.04051564851154884,0.016982818332811195,-0.023532830178737644,0.011368321254849434,-0.026409955695271492,-0.037778276950120926,-21.943542,-1.0
5,197,16635,4.0,160.0,156.0,1.0,3.0,2.0,0.020479228,0.020479228,-22.470764,-0.25117493,-0.0037440844,-0.020108648,-0.0069236495,-0.02369221,-0.012571464,-0.031826843,-0.019255377,-0.11415373,-0.042257853,0.071895875,-0.12312176,-0.03832676,0.084795,-0.11573179,-0.04033588,0.07539591,4.0,160.0,156.0,0.0459481,0.06642733,0.020479228,0.011360991,0.05094726,0.03958627,0.0530372,0.093625076,0.040587876,0.034587108,0.015480068,-0.01910704,-0.007089101,-0.027197748,-0.020108648,-0.0013179369,-0.025010146,-0.02369221,0.0,0.0,0.0,9,9,0,4,0,-4,0.4444444444444444,0.0,-0.4444444444444444,1.6666666666666667,50.22222222222222,48.55555555555556,0.045948099344968796,0.0664273276925087,0.0204792283475399,0.011533972600267993,0.05144047737121582,0.03990650477094783,0.047040209588077336,0.09179620858695772,0.044755998998880386,0.03441412622729937,0.014986850321292877,-0.019427275906006493,-0.0010921102431085375,-0.02536888089444902,-0.024276770651340485,-22.470764,-0.4444444444444444
5,198,16655,6.0,9.0,3.0,2.0,1.0,-1.0,0.047398236,0.047398236,-50.97229,-1.8643284,0.010111224,0.0018886924,0.0030308738,-0.002039846,-0.23909585,-0.33024573,-0.09114988,0.0815169,0.16247486,0.08095796,0.076859705,0.15273455,0.07587484,0.023653526,0.06536287,0.041709345,6.0,9.0,3.0,0.040744063,0.0881423,0.047398236,0.0017268037,0.04765876,0.045931958,0.05267072,0.098180264,0.045509543,0.03901726,0.040483538,0.001466278,-0.011926658,-0.010037966,0.0018886924,-0.0042551346,-0.0062949806,-0.002039846,0.0,0.0,0.0,11,11,0,1,0,-1,0.09090909090909091,0.0,-0.09090909090909091,2.6363636363636362,3.6363636363636362,1.0,0.04074406251311302,0.08814229816198349,0.04739823564887047,0.0019106365824964914,0.048243824392557144,0.046333187810060655,0.0458063544197516,0.09408138556913896,0.04827503114938736,0.038833425464955246,0.039898473769426346,0.0010650483044711,-0.005062291906638579,-0.005939087407155471,-0.0008767955005168915,-50.97229,-0.09090909090909091
5,199,16702,2.0,319.0,317.0,2.0,5.0,3.0,0.012593057,0.012593057,-18.750793,-0.08597946,-7.92332e-05,-0.03712264,-0.007830232,-0.040110953,0.52282006,0.5465688,0.023748755,0.34098107,0.47990757,0.1389265,0.35608202,0.48598227,0.12990025,0.3940334,0.51498514,0.12095174,2.0,319.0,317.0,0.044849962,0.05744302,0.012593057,0.005594012,0.04940819,0.04381418,0.04539474,0.09511044,0.049715698,0.03925595,0.008034829,-0.031221122,-0.000544779,-0.03766742,-0.03712264,0.0044202916,-0.03569066,-0.040110953,0.0,0.0,0.0,10,10,0,7,0,-7,0.7,0.0,-0.7,1.3,96.8,95.5,0.04484996199607849,0.05744301900267601,0.012593057006597519,0.005656317668035626,0.04960454888641834,0.04394823121838271,0.04095224589109421,0.09261660873889924,0.051664362847805026,0.03919364362955093,0.007838470116257667,-0.03135517351329327,0.0038977161049842833,-0.03517358973622322,-0.0390713058412075,-18.750793,-0.7
5,200,16723,1.0,3.0,2.0,1.0,1.0,0.0,0.037932497,0.037932497,-98.30136,-4.9874496,0.0049963817,-0.01395933,0.0043538027,-0.014382577,0.76676476,0.7325372,-0.03422755,0.6460707,0.7532151,0.107144356,0.66211236,0.7759387,0.113826334,0.70331883,0.79766285,0.09434402,1.0,3.0,2.0,0.04085769,0.07879019,0.037932497,-0.011529788,0.04055312,0.052082907,0.02942948,0.08132131,0.051891826,0.05238748,0.03823707,-0.014150411,0.011428211,-0.0025311187,-0.01395933,0.01396182,-0.00042075664,-0.014382577,1.0,0.0,-1.0,9,9,0,9,7,-2,1.0,0.7777777777777778,-0.2222222222222222,1.0,1.2222222222222223,0.22222222222222232,0.04085769131779671,0.07879018783569336,0.03793249651789665,-0.011179886965288056,0.040952627443605,0.052132514408893056,0.026487820885247655,0.07733511924743652,0.05084729836218887,0.052037577662203044,0.03783756039208836,-0.014200017270114683,0.014369870432549052,0.001455068588256836,-0.012914801844292216,-98.30136,-0.2222222222222222
5,201,16823,3.0,377.0,374.0,1.0,1.0,0.0,0.015768953,0.015768953,-67.45352,-2.4567928,0.0038048737,-0.03747526,0.0026732385,-0.03427939,0.047510896,0.08551783,0.038006935,-0.03741749,0.16314279,0.20056027,-0.037523538,0.15648556,0.1940091,-0.027257252,0.1525131,0.17977035,3.0,377.0,374.0,0.035450418,0.05121937,0.015768953,-0.0012623663,0.046848673,0.04811104,0.039274346,0.09251856,0.053244215,0.036712784,0.004370697,-0.032342087,-0.0038239285,-0.04129919,-0.03747526,9.920448e-06,-0.03426947,-0.03427939,0.0,0.0,0.0,7,7,0,6,0,-6,0.8571428571428571,0.0,-0.8571428571428571,1.1428571428571428,116.14285714285714,115.0,0.035450417548418045,0.05121937021613121,0.015768952667713165,-0.001389470778771543,0.04697163828781673,0.048361109066588276,0.03458443842828274,0.08481809709753309,0.05023365866925035,0.036839888031993596,0.004247731928314481,-0.03259215610367912,0.0008659791201353073,-0.03359872688140188,-0.034464706001537185,-67.45352,-0.8571428571428571
5,202,16841,1.0,225.0,224.0,1.0,1.0,0.0,0.013652913,0.013652913,-53.8685,-2.0168095,-7.688627e-05,-0.040210783,-0.0010920279,-0.039924394,0.49187604,0.47262087,-0.019255161,0.41215476,0.45996663,0.047811866,0.41754994,0.46224004,0.044690102,0.4455849,0.47871578,0.033130884,1.0,225.0,224.0,0.044207893,0.057860807,0.013652913,-0.007323328,0.045307625,0.052630953,0.03524804,0.08911174,0.053863697,0.05153122,0.0125531815,-0.03897804,0.008959852,-0.03125093,-0.040210783,0.012793291,-0.027131103,-0.039924394,1.0,0.0,-1.0,9,9,0,9,0,-9,1.0,0.0,-1.0,1.0,72.0,71.0,0.044207893311977386,0.057860806584358215,0.013652913272380829,-0.007239531156503492,0.04595081177022722,0.053190342926730715,0.031051088745395344,0.08342277506987254,0.052371686324477196,0.051447424209780164,0.011909994814130995,-0.039537429395649165,0.013156804566582045,-0.025561968485514324,-0.03871877305209637,-53.8685,-1.0
5,203,16865,1.0,11.0,10.0,1.0,1.0,0.0,0.031581666,0.031581666,-82.21158,-3.1757812,-0.0076784454,-0.012908932,-0.0054997243,-0.015769344,0.6449227,0.665727,0.020804346,0.5665529,0.37957925,-0.18697363,0.57238674,0.35865206,-0.21373469,0.60644996,0.42485952,-0.18159044,1.0,11.0,10.0,0.052074004,0.08365567,0.031581666,0.0013857424,0.045985587,0.044599846,0.049518876,0.094009474,0.0444906,0.050688263,0.037670083,-0.01301818,0.0025551282,-0.010353804,-0.012908932,0.009498086,-0.006271258,-0.015769344,1.0,0.0,-1.0,7,7,0,7,0,-7,1.0,0.0,-1.0,1.0,4.571428571428571,3.571428571428571,0.05207400396466255,0.08365567028522491,0.03158166632056236,0.0013621104465398406,0.04620971690331187,0.04484760645677203,0.04513027093240193,0.08887824735471181,0.04374797642230988,0.05071189307740757,0.03744595338191305,-0.01326593969549452,0.006943733032260623,-0.00522257706948689,-0.012166310101747513,-82.21158,-1.0
5,204,16868,5.0,54.0,49.0,1.0,1.0,0.0,0.026596636,0.026596636,-73.48944,-2.9740105,0.0008583516,-0.0041695386,-0.0018712431,-0.010462556,-0.042457275,-0.064454556,-0.02199728,-0.015316541,0.0007929108,0.016109452,0.025258254,0.033818394,0.00856014,0.016520116,0.022044932,0.005524816,5.0,54.0,49.0,0.045287088,0.07188372,0.026596636,0.003854903,0.04772622,0.043871317,0.054595873,0.08536205,0.030766174,0.041432183,0.024157502,-0.017274681,-0.009308785,-0.013478324,-0.0041695386,-0.002290029,-0.012752585,-0.010462556,0.0,0.0,0.0,11,11,0,3,0,-3,0.2727272727272727,0.0,-0.2727272727272727,1.9090909090909092,17.454545454545453,15.545454545454543,0.04528708755970001,0.07188372313976288,0.026596635580062866,0.0038320877038958397,0.047897031022743744,0.0440649433188479,0.04698861729015003,0.08456468378955667,0.03757606649940664,0.041454999284310776,0.023986692117019134,-0.01746830716729164,-0.0017015297304500234,-0.012680960649793798,-0.010979430919343775,-73.48944,-0.2727272727272727
5,205,16917,31.0,289.0,258.0,1.0,3.0,2.0,0.027107963,0.027107963,-39.523315,-1.4256916,-0.004727833,-0.023401929,-0.0059329607,-0.023716157,-0.24076594,-0.026957016,0.21380892,-0.24167368,-0.36317745,-0.12150377,-0.2584989,-0.38440457,-0.12590566,-0.26837602,-0.3653454,-0.096969366,31.0,289.0,258.0,0.02978965,0.056897614,0.027107963,0.0051438576,0.046468746,0.041324887,0.03965246,0.09016235,0.050509892,0.024645794,0.010428868,-0.014216926,-0.0098628085,-0.033264738,-0.023401929,-0.008519536,-0.032235693,-0.023716157,0.0,0.0,0.0,12,12,0,0,0,0,0.0,0.0,0.0,9.916666666666666,89.33333333333333,79.41666666666666,0.029789650812745094,0.056897614151239395,0.0271079633384943,0.005376498486536245,0.04678412713110447,0.04140762864456823,0.038306341196099915,0.08826422815521558,0.04995788695911566,0.02441315244262417,0.010113487020134926,-0.014299665422489245,-0.008516690383354822,-0.03136661400397619,-0.022849923620621368,-39.523315,0.0
5,206,17048,6.0,122.0,116.0,1.0,1.0,0.0,0.029954195,0.029954195,-18.607971,-0.12674332,-0.0056137275,-0.014811892,-0.00540575,-0.01657825,0.42621055,0.37789342,-0.048317134,0.42516878,0.4086577,-0.016511083,0.42177877,0.4008697,-0.020909071,0.43551606,0.40945986,-0.0260562,6.0,122.0,116.0,0.0355874,0.065541595,0.029954195,0.002910311,0.048330855,0.045420542,0.04408751,0.0888536,0.044766087,0.032677088,0.01721074,-0.015466347,-0.00850011,-0.023312002,-0.014811892,-0.0052905977,-0.021868847,-0.01657825,0.0,0.0,0.0,5,5,0,2,0,-2,0.4,0.0,-0.4,2.2,39.6,37.4,0.03558740019798279,0.0655415952205658,0.029954195022583008,0.0037562339566648006,0.04884551465511322,0.04508928069844842,0.03855321258306503,0.08686352968215942,0.04831031709909439,0.03183116652071476,0.016696080565452576,-0.015135085955262181,-0.0029658123850822447,-0.02132193446159363,-0.018356122076511383,-18.607971,-0.4
5,207,17230,53.0,238.0,185.0,179.0,69.0,-110.0,0.038404576,0.038404576,-33.36029,-0.62905884,0.011574412,-0.02110094,0.012085939,-0.018992847,0.45132712,0.32246852,-0.1288586,-0.051502004,0.01296881,0.06447081,-0.033434242,0.026587564,0.060021807,0.033695593,0.06104568,0.027350087,53.0,238.0,185.0,0.020520294,0.058924872,0.038404576,3.6458547e-05,0.046768468,0.04673201,0.037631873,0.09713739,0.05950552,0.020483835,0.012156405,-0.00832743,-0.017111579,-0.03821252,-0.02110094,-0.016074395,-0.03506724,-0.018992847,0.0,0.0,0.0,6,6,0,0,0,0,0.0,0.0,0.0,18.833333333333332,78.33333333333333,59.5,0.020520294085144997,0.05892487242817879,0.03840457834303379,0.0003043046928041804,0.047393987576166786,0.047089682883362606,0.03733381318549315,0.09339324881633122,0.056059435630838074,0.02021598940094312,0.011530884852011999,-0.00868510454893112,-0.016813519100348156,-0.03446837638815244,-0.017654857287804287,-33.36029,0.0
5,208,17238,1.0,10.0,9.0,3.0,2.0,-1.0,0.040924285,0.040924285,-42.836243,-1.1542397,0.0010921918,-0.007916052,-0.00074071065,-0.009993188,0.010916456,0.042457625,0.03154117,-0.026083805,0.13979822,0.16588202,-0.041036982,0.15806767,0.19910465,-0.03983133,0.1622258,0.20205712,1.0,10.0,9.0,0.045243118,0.0861674,0.040924285,0.005137486,0.047043342,0.041905858,0.042449683,0.09129002,0.048840337,0.040105633,0.03912406,-0.000981573,0.002793435,-0.005122617,-0.007916052,0.0069574043,-0.0030357838,-0.009993188,1.0,0.0,-1.0,9,9,0,9,0,-9,1.0,0.0,-1.0,1.0,3.7777777777777777,2.7777777777777777,0.045243117958307266,0.08616740256547928,0.04092428460717201,0.00517067758159505,0.04706451545159022,0.04189383786999517,0.03730553243723181,0.08945852352513207,0.052152991087900266,0.04007244068715307,0.03910288711388906,-0.0009695535732640106,0.007937585521075461,-0.0032911209596527945,-0.011228706480728256,-42.836243,-1.0
5,209,17369,4.0,109.0,105.0,7.0,7.0,0.0,0.03236924,0.03236924,-54.2742,-2.0972881,0.0043285787,-0.017562866,0.00082794577,-0.018073805,0.36828324,0.34209087,-0.026192367,0.26676905,0.2942858,0.027516752,0.2911636,0.30884033,0.01767674,0.3358125,0.33923775,0.0034252405,4.0,109.0,105.0,0.035183653,0.067552894,0.03236924,0.005076533,0.049601752,0.04452522,0.041195363,0.09112747,0.049932107,0.03010712,0.017951142,-0.012155978,-0.0060117096,-0.023574576,-0.017562866,-0.0020404384,-0.020114243,-0.018073805,0.0,0.0,0.0,10,10,0,4,0,-4,0.4,0.0,-0.4,1.8,36.2,34.400000000000006,0.035183653235435486,0.06755289435386658,0.03236924111843109,0.00519527499563992,0.05000077597796917,0.04480550098232925,0.03797362633049488,0.08710992112755775,0.04913629479706287,0.02998837810009718,0.01755211837589741,-0.012436259724199771,-0.0027899730950593947,-0.01955702677369118,-0.016767053678631783,-54.2742,-0.4
5,210,17374,1.0,44.0,43.0,1.0,1.0,0.0,0.022737112,0.022737112,-60.04547,-2.0365887,-0.003173329,-0.023285225,-0.008314047,-0.025039446,-0.2179569,-0.08706686,0.13089004,-0.20775108,-0.46550947,-0.25775838,-0.19965063,-0.465783,-0.26613235,-0.21236838,-0.44963965,-0.23727126,1.0,44.0,43.0,0.04901887,0.07175598,0.022737112,0.0027847276,0.04456702,0.04178229,0.04060373,0.08662607,0.046022337,0.046234142,0.027188964,-0.019045178,0.00841514,-0.014870085,-0.023285225,0.0130747,-0.011964746,-0.025039446,1.0,0.0,-1.0,12,12,0,12,0,-12,1.0,0.0,-1.0,1.0,15.0,14.0,0.049018871039152145,0.07175598293542862,0.022737111896276474,0.0027358674075609692,0.04479035455733538,0.04205448714977441,0.03524823269496361,0.0831519818554322,0.047903749160468585,0.046283003563682236,0.026965628378093243,-0.019317375185588993,0.013770638344188532,-0.011395998920003573,-0.025166637264192104,-60.04547,-1.0
5,211,17450,14.0,229.0,215.0,10.0,6.0,-4.0,0.024688624,0.024688624,-64.41113,-2.2702465,0.007871054,-0.014909655,0.0049504302,-0.019160647,0.6209602,0.6606286,0.03966844,0.5024946,0.488772,-0.013722569,0.526864,0.5211334,-0.0057305694,0.5597047,0.5627856,0.0030809045,14.0,229.0,215.0,0.036333717,0.06102234,0.024688624,0.006320884,0.049205642,0.04288476,0.04850795,0.08810623,0.03959828,0.030012833,0.011816699,-0.018196134,-0.012174234,-0.027083889,-0.014909655,-0.005782906,-0.024943553,-0.019160647,0.0,0.0,0.0,10,10,0,0,0,0,0.0,0.0,0.0,4.7,68.1,63.39999999999999,0.03633371740579605,0.06102234125137329,0.02468862384557724,0.006301333662122488,0.049351691454648974,0.043050357792526486,0.0426908154040575,0.08590221479535103,0.04321139939129352,0.030032383650541304,0.01167064979672432,-0.018361733853816984,-0.006357097998261452,-0.024879873543977738,-0.018522775545716286,-64.41113,0.0
5,212,17463,6.0,80.0,74.0,2.0,1.0,-1.0,0.02616068,0.02616068,-44.855774,-1.7519455,0.0031288452,-0.023089036,-0.00029941648,-0.020561159,0.7781662,0.7856903,0.0075241327,0.66433054,0.6291721,-0.035158455,0.7064039,0.67023593,-0.03616798,0.7498414,0.71828824,-0.03155315,6.0,80.0,74.0,0.043101005,0.069261685,0.02616068,-0.001995628,0.046180278,0.048175905,0.052994266,0.10224398,0.049249716,0.045096632,0.023081407,-0.022015225,-0.009893261,-0.032982297,-0.023089036,-0.0037204474,-0.024281606,-0.020561159,0.0,0.0,0.0,13,13,0,1,0,-1,0.07692307692307693,0.0,-0.07692307692307693,2.6153846153846154,25.615384615384617,23.0,0.043101005256175995,0.06926168501377106,0.026160679757595062,-0.0020634589824252403,0.04624072433664249,0.04830418331906773,0.04740378403892884,0.09224073474223797,0.044836950703309134,0.045164464184871085,0.023020960677128572,-0.022143503507742513,-0.004302778782752844,-0.022979049728466913,-0.01867627094571407,-44.855774,-0.07692307692307693
5,213,17485,2.0,138.0,136.0,1.0,1.0,0.0,0.01763548,0.01763548,-56.78058,-2.1848793,-0.0015804023,-0.026225075,-0.0039056875,-0.03163587,0.45916837,0.4332971,-0.025871277,0.36327675,0.31716648,-0.046110272,0.37170005,0.3382956,-0.03340444,0.4068718,0.38332024,-0.023551553,2.0,138.0,136.0,0.041546617,0.059182096,0.01763548,-0.0036157328,0.04165058,0.04526631,0.044830546,0.0886911,0.043860555,0.04516235,0.017531518,-0.027630832,-0.003283929,-0.029509004,-0.026225075,0.0049084947,-0.026727375,-0.03163587,0.0,0.0,0.0,3,3,0,3,0,-3,1.0,0.0,-1.0,1.0,46.666666666666664,45.666666666666664,0.041546616703271866,0.059182096272706985,0.01763547956943512,-0.003735098677376906,0.042020762960116066,0.04575586163749297,0.03836537649234136,0.0886911004781723,0.05032572398583094,0.04528171569108963,0.017161333312590916,-0.028120382378498714,0.0031812402109305062,-0.029509004205465317,-0.03269024441639582,-56.78058,-1.0
5,214,17549,1.0,77.0,76.0,1.0,1.0,0.0,0.024263639,0.024263639,-7.0611267,0.6141205,-0.011658933,-0.029551558,-0.010431495,-0.026409823,0.28042755,0.25624865,-0.024178892,0.18793452,0.12138232,-0.0665522,0.1795174,0.10161878,-0.07789862,0.20209368,0.12995255,-0.072141126,1.0,77.0,76.0,0.049232464,0.0734961,0.024263639,0.011781471,0.049413275,0.037631802,0.042817894,0.09663309,0.053815197,0.03745099,0.024082828,-0.013368163,0.00641457,-0.023136988,-0.029551558,0.006927263,-0.01948256,-0.026409823,1.0,0.0,-1.0,8,8,0,8,0,-8,1.0,0.0,-1.0,1.0,25.125,24.125,0.04923246428370476,0.07349610328674316,0.024263639003038406,0.011851987335830927,0.04957439377903938,0.037722406443208456,0.042078415397554636,0.09340882021933794,0.051330404821783304,0.03738047694787383,0.02392170950770378,-0.01345876744017005,0.007154048886150122,-0.019912716932594776,-0.027066765818744898,-7.0611267,-1.0
5,215,17595,1.0,159.0,158.0,2.0,9.0,7.0,0.01917388,0.01917388,-69.54959,-2.7722683,-0.005343966,-0.031535197,-0.006406687,-0.03364307,0.37482697,0.35059363,-0.024233341,-0.04946698,0.11761893,0.16708592,-0.060937267,0.10997132,0.17090859,0.010475528,0.15316483,0.1426893,1.0,159.0,158.0,0.043498326,0.062672205,0.01917388,0.002761491,0.04599539,0.043233898,0.040185228,0.090894304,0.050709076,0.040736835,0.016676817,-0.024060018,0.003313098,-0.028222099,-0.031535197,0.0065730624,-0.027070008,-0.03364307,1.0,0.0,-1.0,8,8,0,8,0,-8,1.0,0.0,-1.0,1.0,52.0,51.0,0.04349832609295845,0.0626722052693367,0.01917387917637825,0.002519541361834854,0.04633961012586951,0.04382006876403466,0.03396561648696661,0.08873291127383709,0.05476729478687048,0.04097878513857722,0.016332595143467188,-0.024646189995110035,0.00953270960599184,-0.02606070600450039,-0.03559341561049223,-69.54959,-1.0
5,216,17776,1.0,142.0,141.0,1.0,1.0,0.0,0.004851021,0.004851021,-44.5654,-1.5041752,-0.004194889,-0.04061042,-0.008064918,-0.03956452,0.32983544,0.16492331,-0.16491213,0.1976912,0.331928,0.13423681,0.1921574,0.34686732,0.15470992,0.22685212,0.35445526,0.12760314,1.0,142.0,141.0,0.05970224,0.06455326,0.004851021,0.0022441642,0.046327386,0.044083223,0.051178392,0.096639834,0.045461442,0.057458077,0.018225875,-0.039232202,0.008523848,-0.032086574,-0.04061042,0.012753561,-0.026810959,-0.03956452,1.0,0.0,-1.0,8,8,0,8,0,-8,1.0,0.0,-1.0,1.0,47.5,46.5,0.05970223993062973,0.06455326080322266,0.004851020872592926,0.0020666395575972274,0.04681768314912915,0.044751043591531925,0.047378136310726404,0.09401232190430164,0.04663418559357524,0.057635600212961435,0.017735577654093504,-0.03990002255886793,0.012324103619903326,-0.029459061101078987,-0.04178316472098231,-44.5654,-1.0
5,217,17794,2.0,12.0,10.0,1.0,2.0,1.0,0.035544794,0.035544794,-106.7673,-4.48464,-0.002058737,-0.01540748,-0.0015648082,-0.014125075,-0.59113955,-0.51494855,0.07619101,-0.05721923,0.042717997,0.09993723,-0.05269781,0.03097186,0.08366967,-0.13577552,-0.030666055,0.10510947,2.0,12.0,10.0,0.04429659,0.07984138,0.035544794,-0.0047646123,0.042310815,0.047075428,0.044470806,0.09542308,0.050952274,0.0490612,0.037530567,-0.011530634,-0.00017421693,-0.015581697,-0.01540748,0.0059308894,-0.008194186,-0.014125075,0.0,0.0,0.0,10,10,0,8,0,-8,0.8,0.0,-0.8,1.2,3.7,2.5,0.044296588748693466,0.07984138280153275,0.03554479405283928,-0.004750018916092813,0.042424958944320676,0.04717497786041349,0.037228899076581,0.08813982531428337,0.05091092623770237,0.049046607315540315,0.03741642385721207,-0.011630183458328246,0.007067689672112465,-0.008298442512750626,-0.015366132184863091,-106.7673,-0.8
5,218,17934,5.0,585.0,580.0,1.0,1.0,0.0,0.011439774,0.011439774,-64.478485,-2.4013767,-0.002720099,-0.033849396,-0.004470097,-0.037123665,0.48632964,0.46846768,-0.017861962,0.13400182,0.092365436,-0.041636385,0.12362478,0.0774006,-0.046224177,0.18667643,0.1474185,-0.03925793,5.0,585.0,580.0,0.035187773,0.046627548,0.011439774,0.007859696,0.049235478,0.041375782,0.044490594,0.089779764,0.04528917,0.027328078,-0.0026079305,-0.029936008,-0.009302821,-0.043152217,-0.033849396,-0.0042964555,-0.04142012,-0.037123665,0.0,0.0,0.0,10,10,0,2,0,-2,0.2,0.0,-0.2,2.0,176.0,174.0,0.035187773406505585,0.04662754759192467,0.011439774185419083,0.007797919725999236,0.04927351661026478,0.041475596884265546,0.04056338109076023,0.08740170672535896,0.046838325634598735,0.027389853820204736,-0.002645969018340111,-0.03003582283854485,-0.005375607684254646,-0.040774159133434296,-0.03539855144917965,-64.478485,-0.2
5,219,17942,21.0,347.0,326.0,10.0,20.0,10.0,0.022089299,0.022089299,-30.739777,-0.8374405,0.0026342273,-0.01932156,0.0023080632,-0.021694329,0.30066264,0.3087815,0.008118868,0.36243698,0.42712083,0.064683855,0.3691914,0.4285753,0.0593839,0.38650113,0.437526,0.051024854,21.0,347.0,326.0,0.032981224,0.055070523,0.022089299,0.004248001,0.046725065,0.042477064,0.048548114,0.08995897,0.04141086,0.028733224,0.008345459,-0.020387765,-0.015566889,-0.03488845,-0.01932156,-0.011597961,-0.03329229,-0.021694329,0.0,0.0,0.0,9,9,0,0,0,0,0.0,0.0,0.0,8.11111111111111,107.66666666666667,99.55555555555556,0.03298122435808182,0.05507052317261696,0.02208929881453514,0.004453578834525413,0.04709402554565006,0.042640446711124644,0.046033050451013774,0.08859065340624915,0.04255760295523538,0.02852764560116662,0.007976497626966901,-0.02055114797419972,-0.01305182609293196,-0.03352013023363219,-0.020468304140700232,-30.739777,0.0
5,220,18268,1.0,268.0,267.0,1.0,1.0,0.0,0.0049544647,0.0049544647,-73.866974,-2.906767,-0.010005824,-0.04680625,-0.009752028,-0.046762954,0.115951076,0.32578516,0.20983408,-0.06142424,-0.04732489,0.014099352,-0.0622599,-0.052279923,0.009979978,-0.054020945,-0.02724327,0.026777675,1.0,268.0,267.0,0.052090768,0.057045233,0.0049544647,0.0037833252,0.047560927,0.0437776,0.036873113,0.08863383,0.051760715,0.04830744,0.009484306,-0.038823135,0.015217654,-0.031588595,-0.04680625,0.016680896,-0.030082058,-0.046762954,1.0,0.0,-1.0,4,4,0,4,0,-4,1.0,0.0,-1.0,1.0,85.25,84.25,0.05209076777100563,0.05704523250460625,0.0049544647336006165,0.004126480489503592,0.04815985169261694,0.04403337120311335,0.03600704576820135,0.08818518929183483,0.05217814352363348,0.04796428792178631,0.008885380811989307,-0.039078907109797,0.01608372200280428,-0.031139956787228584,-0.047223678790032864,-73.866974,-1.0
5,221,18434,1.0,78.0,77.0,1.0,2.0,1.0,0.018231701,0.018231701,-62.391266,-1.8524284,-0.0075217113,-0.02422776,-0.010770652,-0.024219565,0.54012215,0.53836995,-0.0017521977,0.61318576,0.2214717,-0.39171407,0.6246001,0.22876778,-0.39583233,0.6300106,0.30296355,-0.32704705,1.0,78.0,77.0,0.052038196,0.0702699,0.018231701,0.006673548,0.048321232,0.041647684,0.04772349,0.09018295,0.04245946,0.045364648,0.021948665,-0.023415983,0.0043147057,-0.019913055,-0.02422776,0.006542705,-0.01767686,-0.024219565,1.0,0.0,-1.0,13,13,0,13,0,-13,1.0,0.0,-1.0,1.0,25.615384615384617,24.615384615384617,0.052038196474313736,0.07026989758014679,0.018231701105833054,0.00669941811177593,0.04857108340813564,0.04187166529635971,0.04546593731412521,0.08855389517087203,0.04308795785674682,0.045338777968516715,0.021698814172011156,-0.02363996379650556,0.006572259160188528,-0.01828399759072524,-0.02485625675091377,-62.391266,-1.0
5,222,18483,9.0,85.0,76.0,30.0,20.0,-10.0,0.038095288,0.038095288,-30.348053,-0.8434677,0.012296133,-0.0072254464,0.007692337,-0.01035016,0.2878228,0.32661816,0.038795352,0.17357582,0.14252296,-0.031052858,0.16358426,0.13896257,-0.024621695,0.20122346,0.19292027,-0.008303195,9.0,85.0,76.0,0.03361973,0.07171502,0.038095288,0.0019884629,0.04749309,0.045504626,0.047269963,0.0925907,0.045320734,0.03163127,0.02422193,-0.007409338,-0.013650231,-0.020875677,-0.0072254464,-0.008354627,-0.018704787,-0.01035016,0.0,0.0,0.0,11,11,0,2,0,-2,0.18181818181818182,0.0,-0.18181818181818182,3.272727272727273,27.454545454545453,24.18181818181818,0.03361973166465759,0.07171501964330673,0.03809528797864914,0.002158530871383846,0.04797809096899899,0.04581956009761515,0.04092122478918596,0.09114869819446043,0.050227473405274475,0.03146120110018687,0.023736928674307736,-0.007724272425879131,-0.007301493124528365,-0.019433678551153702,-0.012132185426625336,-30.348053,-0.18181818181818182
5,223,18505,1.0,2.0,1.0,1.0,1.0,0.0,0.027207017,0.027207017,-65.137115,-2.9528103,-0.017465707,-0.018103182,-0.010989055,-0.017190628,0.506495,0.42302507,-0.08346993,0.15104306,0.1638519,0.012808844,0.13435733,0.15619661,0.021839276,0.21950446,0.21282391,-0.006680548,1.0,2.0,1.0,0.06585631,0.093063325,0.027207017,0.0035370518,0.04913076,0.04559371,0.048061743,0.09337194,0.0453102,0.062319256,0.043932565,-0.018386692,0.017794564,-0.00030861795,-0.018103182,0.021106027,0.0039153993,-0.017190628,1.0,0.0,-1.0,11,11,0,11,9,-2,1.0,0.8181818181818182,-0.18181818181818177,1.0,1.1818181818181819,0.18181818181818188,0.06585630774497986,0.09306332468986511,0.027207016944885254,0.0036867648278447714,0.04949125850742513,0.04580449367958036,0.043717194348573685,0.08918600935827602,0.04546881500970233,0.06216954304413362,0.04357206618243998,-0.01859747686169364,0.022139113396406174,0.003877315331589092,-0.01826179806481708,-65.137115,-0.18181818181818177
5,224,18535,1.0,30.0,29.0,1.0,1.0,0.0,0.022707444,0.022707444,-64.911835,-2.7724876,-0.0019037127,-0.019237965,-0.0036667623,-0.020606216,0.20386226,0.09117255,-0.11268971,-0.08921601,-0.19245678,-0.10324077,-0.120434515,-0.2237234,-0.10328888,-0.07298379,-0.18258953,-0.109605744,1.0,30.0,29.0,0.054180343,0.07688779,0.022707444,-0.00065826735,0.046049364,0.04670763,0.047031652,0.08897706,0.04194541,0.05483861,0.030838422,-0.024000186,0.0071486905,-0.012089275,-0.019237965,0.011323612,-0.009282604,-0.020606216,1.0,0.0,-1.0,6,6,0,6,0,-6,1.0,0.0,-1.0,1.0,11.166666666666666,10.166666666666666,0.054180342704057693,0.07688778638839722,0.022707443684339523,-0.0001588798192339406,0.046307630836963654,0.04646651065619759,0.04211531517406305,0.08584494392077129,0.043729628746708236,0.054339222609996796,0.030580155551433563,-0.023759067058563232,0.012065027529994646,-0.008957157532374064,-0.02102218506236871,-64.911835,-1.0
5,225,18543,1.0,2.0,1.0,1.0,2.0,1.0,0.041927047,0.041927047,-39.640198,-0.73550606,-0.0073127225,-0.013295695,-0.0038150623,-0.011603873,0.39150274,0.42823404,0.036731303,-0.006351442,0.0964151,0.10276654,-0.04224096,0.08808344,0.1303244,0.011530946,0.13045539,0.11892445,1.0,2.0,1.0,0.053973913,0.09590096,0.041927047,0.0093545355,0.05029804,0.040943503,0.04087878,0.09610152,0.055222742,0.044619378,0.04560292,0.0009835437,0.013095133,-0.00020056218,-0.013295695,0.016830344,0.0052264705,-0.011603873,1.0,0.0,-1.0,10,10,0,10,9,-1,1.0,0.9,-0.09999999999999998,1.0,1.1,0.10000000000000009,0.05397391319274902,0.09590096026659012,0.041927047073841095,0.009072364028543233,0.050352700799703595,0.04128033677116036,0.03742632828652859,0.09030133932828903,0.05287501104176044,0.04490154981613159,0.04554825946688652,0.0006467096507549314,0.016547584906220436,0.005599620938301087,-0.01094796396791935,-39.640198,-0.09999999999999998
5,226,18690,2.0,150.0,148.0,1.0,1.0,0.0,0.022008575,0.022008575,-44.444183,-0.8689785,-0.0054513365,-0.025766548,-0.0051003266,-0.029518891,-0.53375286,-0.49268895,0.041063905,0.48889455,0.613737,0.124842435,0.5335585,0.61618257,0.08262408,0.42683354,0.5579184,0.13108489,2.0,150.0,148.0,0.04242149,0.064430065,0.022008575,0.008549615,0.049420636,0.04087102,0.042666983,0.090442106,0.047775123,0.033871874,0.015009429,-0.018862445,-0.0002454929,-0.02601204,-0.025766548,0.0051302128,-0.024388678,-0.029518891,0.0,0.0,0.0,7,7,0,3,0,-3,0.42857142857142855,0.0,-0.42857142857142855,1.5714285714285714,45.57142857142857,44.0,0.04242148995399475,0.06443006545305252,0.02200857549905777,0.008627845240490777,0.04933197317378862,0.04070412793329784,0.039399976176874976,0.08622336494071144,0.04682338876383646,0.0337936452456883,0.015098092279263906,-0.018695552966424396,0.0030215137771197726,-0.02179329948765891,-0.02481481326477868,-44.444183,-0.42857142857142855
5,227,18796,1.0,1.0,0.0,1.0,1.0,0.0,0.052539386,0.052539386,-44.919403,-1.365839,-0.0043851025,-0.005126048,-0.004883565,-0.005334884,0.22494517,0.25889608,0.03395091,0.14048073,0.17100309,0.030522361,0.12761214,0.15346986,0.025857717,0.15819913,0.18227339,0.024074256,1.0,1.0,0.0,0.059923656,0.11246304,0.052539386,0.0013154563,0.047539182,0.046223726,0.038521063,0.0961865,0.057665434,0.0586082,0.06492386,0.0063156597,0.021402594,0.016276546,-0.005126048,0.025466338,0.020131454,-0.005334884,1.0,1.0,0.0,8,8,0,8,8,0,1.0,1.0,0.0,1.0,1.0,0.0,0.05992365628480911,0.11246304214000702,0.052539385855197906,0.0012229119602125138,0.04742560163140297,0.046202689671190456,0.03369888477027416,0.09103894606232643,0.05734006129205227,0.058700744062662125,0.0650374386459589,0.006336694583296776,0.02622477151453495,0.021424096077680588,-0.0048006754368543625,-44.919403,0.0
5,228,19074,3.0,66.0,63.0,2.0,1.0,-1.0,0.03393755,0.03393755,-18.842957,0.09376526,0.0011993647,-0.0134902485,0.00017698109,-0.01554694,-0.0172405,0.039078604,0.056319103,-0.037779726,-0.1073803,-0.069600575,-0.054786325,-0.09982233,-0.045036003,-0.05459873,-0.088275515,-0.033676784,3.0,66.0,63.0,0.041595094,0.075532645,0.03393755,0.009487216,0.05117385,0.041686635,0.044767845,0.092195645,0.0474278,0.03210788,0.024358794,-0.0077490844,-0.0031727515,-0.016663,-0.0134902485,0.000883013,-0.014663927,-0.01554694,0.0,0.0,0.0,10,10,0,4,0,-4,0.4,0.0,-0.4,1.7,21.3,19.6,0.04159509390592575,0.07553264498710632,0.03393755108118057,0.009829004388302564,0.051608067005872726,0.04177906261757016,0.04106987677514553,0.0903219684958458,0.04925209172070027,0.031766089424490926,0.023924577981233597,-0.007841511443257329,0.00052521713078022,-0.01478932350873947,-0.01531454063951969,-18.842957,-0.4
5,229,19181,14.0,96.0,82.0,109.0,3.0,-106.0,0.042208333,0.042208333,-47.78061,-2.575966,0.017343886,-0.0127334185,0.016569607,-0.012307569,0.21200034,0.19997714,-0.012023196,-0.05538667,-0.09698977,-0.041603103,-0.08456891,-0.121332556,-0.036763646,-0.042073227,-0.07898223,-0.036909,14.0,96.0,82.0,0.016557027,0.05876536,0.042208333,-0.027931742,0.036406696,0.06433844,0.035564482,0.09050623,0.05494175,0.04448877,0.022358663,-0.022130106,-0.019007456,-0.031740874,-0.0127334185,-0.011710189,-0.024017759,-0.012307569,0.0,0.0,0.0,11,11,0,0,0,0,0.0,0.0,0.0,6.0,33.63636363636363,27.636363636363633,0.016557026654481888,0.05876535922288895,0.04220833256840706,-0.027242210270328956,0.037409541620449585,0.06465175189077854,0.03263241425156593,0.08440683849833229,0.05177442424676636,0.04379923709414222,0.02135581760243936,-0.022443419491702858,-0.016075387597084045,-0.025641479275443337,-0.009566091678359291,-47.78061,0.0
5,230,19199,1.0,11.0,10.0,1.0,1.0,0.0,0.033569768,0.033569768,-57.549774,-2.1680298,-0.00011983141,-0.019470587,-0.0044914708,-0.0154838,0.6452758,0.6597171,0.014441311,0.4949081,0.51593274,0.021024644,0.50878567,0.52577186,0.016986191,0.5557115,0.5659241,0.0102126,1.0,11.0,10.0,0.048763044,0.08233281,0.033569768,0.00047512582,0.046777364,0.046302237,0.041758224,0.09479858,0.053040355,0.048287917,0.03555545,-0.012732469,0.00700482,-0.012465768,-0.019470587,0.008569237,-0.0069145635,-0.0154838,1.0,0.0,-1.0,10,10,0,10,0,-10,1.0,0.0,-1.0,1.0,4.2,3.2,0.04876304417848587,0.08233281224966049,0.03356976807117462,0.00038873532103025357,0.04690617136657238,0.04651743604554213,0.041011495515704155,0.08976620212197303,0.04875470660626888,0.04837430827319622,0.03542664088308811,-0.012947667390108109,0.007751548662781715,-0.007433389872312545,-0.01518493853509426,-57.549774,-1.0
5,231,19200,1.0,7.0,6.0,1.0,11.0,10.0,0.036583506,0.036583506,-68.48172,-2.0513802,-0.0103901215,-0.008948643,-0.009613428,-0.009507995,0.720958,0.6460351,-0.07492292,0.57226783,0.4428188,-0.12944904,0.5805107,0.42812553,-0.15238515,0.6143261,0.48361725,-0.13070887,1.0,7.0,6.0,0.05040303,0.086986534,0.036583506,0.014207452,0.05078485,0.036577396,0.045373935,0.09090608,0.04553215,0.036195576,0.036201686,6.109476e-06,0.0050290935,-0.0039195493,-0.008948643,0.007188935,-0.0023190603,-0.009507995,1.0,0.0,-1.0,6,6,0,6,0,-6,1.0,0.0,-1.0,1.0,2.8333333333333335,1.8333333333333335,0.05040302872657776,0.08698653429746628,0.03658350557088852,0.014384241464237372,0.05120480371018251,0.03682056224594514,0.04405118773380915,0.08870978777607282,0.044658600042263664,0.036018788193662964,0.03578173058728377,-0.0002370576063791957,0.006351840992768605,-0.0017232534786065419,-0.008075094471375147,-68.48172,-1.0
5,232,19292,1.0,312.0,311.0,1.0,1.0,0.0,0.010377612,0.010377612,-27.059937,-0.35139275,0.00020867214,-0.04323389,-0.0014183,-0.041864686,0.34712914,0.10752609,-0.23960304,0.32885605,0.43195227,0.10309622,0.343186,0.46957776,0.12639177,0.36248383,0.45320696,0.09072313,1.0,312.0,311.0,0.045639236,0.056016847,0.010377612,0.006820396,0.047669053,0.040848657,0.04348936,0.09710086,0.053611502,0.03881884,0.008347794,-0.030471046,0.0021498762,-0.041084014,-0.04323389,0.0059477314,-0.035916954,-0.041864686,1.0,0.0,-1.0,9,9,0,9,0,-9,1.0,0.0,-1.0,1.0,95.66666666666667,94.66666666666667,0.04563923552632332,0.05601684749126434,0.010377611964941025,0.006877527986135747,0.04781252062982983,0.04093499264369409,0.04057466776834594,0.09017663200696309,0.04960196423861715,0.038761707229746714,0.008204326861434512,-0.030557380368312202,0.0050645677579773795,-0.03415978451569875,-0.039224352273676134,-27.059937,-1.0
5,233,19436,2.0,26.0,24.0,1.0,1.0,0.0,0.030766122,0.030766122,-23.943726,-0.1877594,0.0007525943,-0.0106335245,-0.0051595233,-0.019976243,0.48786882,0.4908167,0.0029478967,0.16141428,0.30860725,0.14719297,0.15862598,0.30232057,0.1436946,0.20490837,0.34146383,0.13655546,2.0,26.0,24.0,0.051416077,0.0821822,0.030766122,0.0120845465,0.051034037,0.03894949,0.054879267,0.09627891,0.041399647,0.03933153,0.031148162,-0.008183368,-0.00346319,-0.014096715,-0.0106335245,0.008398987,-0.011577256,-0.019976243,0.0,0.0,0.0,6,6,0,4,0,-4,0.6666666666666666,0.0,-0.6666666666666666,1.3333333333333333,8.0,6.666666666666667,0.051416076719760895,0.08218219876289368,0.030766122043132782,0.012116043517986933,0.051055394733945526,0.038939351215958595,0.04512433956066767,0.09252218281229337,0.047397843251625695,0.039300033201773964,0.031126804028948147,-0.008173229172825817,0.006291737159093221,-0.010339984049399694,-0.016631721208492916,-23.943726,-0.6666666666666666
5,234,19573,3.0,238.0,235.0,3.0,19.0,16.0,0.024591625,0.024591625,-28.63562,-0.17946243,-0.0070921965,-0.029052444,-0.005973853,-0.028030377,0.6950206,0.74329364,0.048273027,0.552955,0.6911711,0.13821614,0.55949724,0.6899236,0.13042635,0.60383534,0.71877503,0.11493969,3.0,238.0,235.0,0.036955602,0.061547227,0.024591625,0.00730836,0.049921945,0.042613585,0.03958004,0.09322411,0.05364407,0.029647242,0.0116252825,-0.01802196,-0.0026244372,-0.03167688,-0.029052444,0.0006599985,-0.027370378,-0.028030377,0.0,0.0,0.0,9,9,0,8,0,-8,0.8888888888888888,0.0,-0.8888888888888888,1.1111111111111112,70.44444444444444,69.33333333333333,0.03695560246706009,0.06154722720384598,0.02459162473678589,0.007167081555558575,0.04976644698116514,0.042599365425606564,0.03426759565869967,0.09018273486031426,0.055915139201614596,0.0297885210149818,0.011780780222680833,-0.018007740792300966,0.002688006808360418,-0.028635507656468287,-0.03132351446482871,-28.63562,-0.8888888888888888
5,235,19642,5.0,51.0,46.0,7.0,8.0,1.0,0.036265444,0.036265444,-34.376923,-0.99915314,0.0024198294,-0.016020887,0.00023781508,-0.015414409,0.36018145,0.31818107,-0.042000383,0.075411506,0.027606359,-0.047805145,0.10255384,0.03360347,-0.06895037,0.16308874,0.08160543,-0.08148331,5.0,51.0,46.0,0.038829844,0.07509529,0.036265444,0.0071265823,0.04963925,0.04251267,0.045181427,0.09746776,0.05228633,0.031703264,0.025456037,-0.006247226,-0.0063515827,-0.02237247,-0.016020887,-0.0021221712,-0.01753658,-0.015414409,0.0,0.0,0.0,10,10,0,2,0,-2,0.2,0.0,-0.2,2.4,17.7,15.299999999999999,0.03882984444499016,0.0750952884554863,0.03626544401049614,0.007172632776200771,0.04978891685605049,0.04261628407984972,0.04104752205312252,0.09360764548182487,0.05256012342870235,0.03165721166878939,0.025306371599435808,-0.006350840069353582,-0.0022176776081323625,-0.018512357026338577,-0.016294679418206216,-34.376923,-0.2
5,236,19672,114.0,992.0,878.0,14.0,14.0,0.0,-0.0016434174,-0.0016434174,-30.882599,-0.23963356,-0.0023042578,-0.052674003,-0.00048237853,-0.0522713,0.26442304,0.27264896,0.008225918,-0.20462045,-0.22674228,-0.022121832,-0.2079848,-0.24240501,-0.034420207,-0.19263797,-0.22180566,-0.029167697,114.0,992.0,878.0,0.021183262,0.019539844,-0.0016434174,0.00806878,0.051898822,0.04383004,0.043167446,0.09419803,0.051030587,0.013114481,-0.032358978,-0.04547346,-0.021984184,-0.074658185,-0.052674003,-0.017445544,-0.06971684,-0.0522713,0.0,0.0,0.0,9,9,0,0,0,0,0.0,0.0,0.0,34.55555555555556,297.0,262.44444444444446,0.021183261647820473,0.01953984424471855,-0.001643417403101921,0.007948567366434468,0.052169733577304415,0.044221166210869946,0.036973622937997185,0.08973357992039786,0.05275995698240068,0.01323469438486629,-0.032629889332585864,-0.045864583717452154,-0.01579036129017671,-0.07019373443391588,-0.05440337314373918,-30.882599,0.0
5,237,19690,3.0,56.0,53.0,2.0,6.0,4.0,0.028824285,0.028824285,-28.571747,-0.119291306,-0.001859583,-0.009066664,-0.0054320917,-0.014293931,0.09280898,0.2068822,0.11407322,0.32077843,0.27313516,-0.047643274,0.3290386,0.27477616,-0.05426243,0.3367455,0.28863057,-0.048114926,3.0,56.0,53.0,0.049430534,0.07825482,0.028824285,0.016450275,0.05269945,0.036249176,0.059197165,0.09708811,0.03789095,0.03298026,0.025555369,-0.007424891,-0.009766631,-0.018833295,-0.009066664,-0.00073685497,-0.015030786,-0.014293931,0.0,0.0,0.0,10,10,0,3,0,-3,0.3,0.0,-0.3,1.9,19.3,17.400000000000002,0.04943053424358368,0.0782548189163208,0.02882428467273712,0.01640535220503807,0.05284262038767338,0.036437268182635305,0.05270777344703674,0.09172651767730713,0.039018744230270394,0.03302518203854561,0.02541219852864742,-0.00761298350989819,-0.003277239203453064,-0.013471698760986328,-0.010194459557533266,-28.571747,-0.3
5,238,19933,38.0,277.0,239.0,18.0,7.0,-11.0,0.029931262,0.029931262,-66.922485,-2.4092522,0.005081348,-0.021334719,0.004228197,-0.022351287,0.18949799,0.13392514,-0.055572852,0.064841,0.0767356,0.011894599,0.06219938,0.0805513,0.018351916,0.07723272,0.09555278,0.018320061,38.0,277.0,239.0,0.027487881,0.057419144,0.029931262,0.0023120623,0.047493476,0.045181416,0.055589084,0.106855065,0.05126598,0.02517582,0.009925667,-0.015250152,-0.028101202,-0.04943592,-0.021334719,-0.016878247,-0.039229535,-0.022351287,0.0,0.0,0.0,6,6,0,0,0,0,0.0,0.0,0.0,11.333333333333334,86.66666666666667,75.33333333333334,0.02748788148164749,0.05741914361715317,0.029931262135505676,0.0023530358254599073,0.04773453250527382,0.045381496679813914,0.04598633882900079,0.0959220106403033,0.049935671811302505,0.025134845326344173,0.009684611111879349,-0.015450234214464825,-0.0184984573473533,-0.038502867023150124,-0.020004409675796826,-66.922485,0.0
5,239,20054,1.0,122.0,121.0,2.0,1.0,-1.0,0.01661108,0.01661108,-102.35635,-3.5729904,0.0021044016,-0.027300704,0.0017723627,-0.027357545,0.07883718,-0.03535479,-0.114191964,0.07959807,0.11714997,0.037551902,0.12172111,0.1516062,0.02988509,0.122285426,0.14234604,0.020060614,1.0,122.0,121.0,0.04797485,0.06458593,0.01661108,0.008734996,0.048749156,0.04001416,0.043418773,0.08733056,0.043911785,0.039239854,0.015836775,-0.023403078,0.0045560785,-0.022744626,-0.027300704,0.007309336,-0.020048209,-0.027357545,1.0,0.0,-1.0,13,13,0,13,0,-13,1.0,0.0,-1.0,1.0,37.76923076923077,36.76923076923077,0.0479748509824276,0.06458593159914017,0.01661108061671257,0.008740945289341303,0.0489601048712547,0.0402191595819134,0.04092533972400885,0.08479074159493813,0.04386540187092928,0.03923390576472649,0.015625826727885466,-0.023608079036841024,0.0070495112584187435,-0.020204809995797966,-0.027254321254216708,-102.35635,-1.0
5,240,20064,2.0,96.0,94.0,1.0,2.0,1.0,0.019418262,0.019418262,-35.17105,-0.7470417,-0.008999631,-0.021770112,-0.009390425,-0.025337156,0.06345191,0.027138805,-0.0363131,-0.008925239,0.1421279,0.15105315,-0.01303828,0.1596588,0.17269708,-0.0028470163,0.15681095,0.15965797,2.0,96.0,94.0,0.053538114,0.072956376,0.019418262,0.012768644,0.051806398,0.039037753,0.058424696,0.09961307,0.041188374,0.04076947,0.021149978,-0.019619491,-0.0048865825,-0.026656695,-0.021770112,0.0038556345,-0.021481521,-0.025337156,0.0,0.0,0.0,13,13,0,9,0,-9,0.6923076923076923,0.0,-0.6923076923076923,1.3076923076923077,29.23076923076923,27.923076923076923,0.053538113832473755,0.0729563757777214,0.01941826194524765,0.012784204087578334,0.05200847610831261,0.03922427202073427,0.04917622787448076,0.09504829289821479,0.045872065023734025,0.04075391017473661,0.020947899669408798,-0.019806010505327813,0.004361885957992994,-0.022091917120493375,-0.026453803078486368,-35.17105,-0.6923076923076923
5,241,20080,1.0,352.0,351.0,5.0,10.0,5.0,0.013365049,0.013365049,-32.592346,-0.7789211,-0.0053284504,-0.033974838,-0.004013829,-0.03368918,-0.029356215,0.05573934,0.085095555,0.44473156,0.28810096,-0.1566306,0.46426454,0.32520476,-0.13905978,0.44680917,0.31714946,-0.12965971,1.0,352.0,351.0,0.041419614,0.054784663,0.013365049,0.008128084,0.048498854,0.04037077,0.040777937,0.08811782,0.047339886,0.03329153,0.006285809,-0.02700572,0.0006416775,-0.03333316,-0.033974838,0.0027189553,-0.030970223,-0.03368918,1.0,0.0,-1.0,10,10,0,10,0,-10,1.0,0.0,-1.0,1.0,106.2,105.2,0.0414196141064167,0.054784663021564484,0.013365048915147781,0.007868726179003716,0.048365022987127304,0.04049629680812359,0.03861205503344536,0.0859814926981926,0.04736943766474724,0.03355088792741299,0.0064196400344371796,-0.02713124789297581,0.002807559072971344,-0.031196829676628113,-0.034004388749599455,-32.592346,-1.0
5,242,20206,1.0,227.0,226.0,1.0,3.0,2.0,0.0105544925,0.0105544925,-45.161316,-1.1364784,-0.011231452,-0.03615608,-0.011118941,-0.03324867,0.020848315,0.08929203,0.068443716,-0.04142866,-0.057630096,-0.016201437,-0.060026128,-0.08885306,-0.028826933,-0.04870376,-0.062029716,-0.013325956,1.0,227.0,226.0,0.04795409,0.058508582,0.0105544925,0.004681784,0.04773846,0.043056674,0.041446194,0.08815677,0.046710573,0.043272305,0.010770123,-0.03250218,0.006507896,-0.029648185,-0.03615608,0.007901616,-0.025347054,-0.03324867,1.0,0.0,-1.0,10,10,0,10,0,-10,1.0,0.0,-1.0,1.0,71.8,70.8,0.04795408993959427,0.058508582413196564,0.010554492473602295,0.004578252648934722,0.048092545196414,0.04351429254747927,0.0401614386588335,0.08463319912552833,0.04447176046669483,0.04337583743035793,0.01041603721678257,-0.03295980021357536,0.007792651280760765,-0.026124616712331773,-0.03391726799309254,-45.161316,-1.0
5,243,20223,1.0,128.0,127.0,3.0,5.0,2.0,0.019460768,0.019460768,-78.81778,-3.0216465,-0.0035459064,-0.039118834,-0.00211557,-0.035320867,-0.20060155,-0.06200535,0.1385962,0.7250548,0.73140454,0.0063497424,0.7429106,0.76067835,0.017767727,0.7240413,0.7491241,0.025082827,1.0,128.0,127.0,0.046185568,0.065646335,0.019460768,0.0044413665,0.047396965,0.0429556,0.039125055,0.09770466,0.0585796,0.041744202,0.01824937,-0.023494832,0.007060513,-0.03205832,-0.039118834,0.009455349,-0.025865518,-0.035320867,1.0,0.0,-1.0,8,8,0,8,0,-8,1.0,0.0,-1.0,1.0,43.5,42.5,0.04618556797504425,0.06564633548259735,0.0194607675075531,0.004772885295096785,0.048026968725025654,0.04325408342992887,0.038444189354777336,0.09184594266116619,0.053401753306388855,0.04141268273815513,0.017619366757571697,-0.02379331598058343,0.007741378620266914,-0.02619960717856884,-0.033940985798835754,-78.81778,-1.0
5,244,20265,167.0,460.0,293.0,17.0,4.0,-13.0,0.033126835,0.033126835,-51.256714,-1.5672588,0.0073732585,-0.016343277,0.00789463,-0.016816597,0.5472865,0.479938,-0.06734851,-0.078207105,0.031417675,0.10962478,-0.047550365,0.081405975,0.12895635,0.010982618,0.14780481,0.1368222,167.0,460.0,293.0,0.018586338,0.051713172,0.033126835,0.008124379,0.050172925,0.042048544,0.037946604,0.087416716,0.04947011,0.010461958,0.0015402474,-0.008921711,-0.019360267,-0.035703544,-0.016343277,-0.017909415,-0.034726012,-0.016816597,0.0,0.0,0.0,10,10,0,0,0,0,0.0,0.0,0.0,51.3,141.5,90.2,0.018586337566375732,0.05171317234635353,0.0331268347799778,0.00821905811317265,0.05041378065943718,0.042194722546264524,0.036043765395879744,0.08656737431883813,0.05052360892295838,0.010367279406636953,0.0012993916869163513,-0.009067887719720603,-0.01745742782950401,-0.03485420197248459,-0.017396774142980576,-51.256714,0.0
5,245,20307,1.0,67.0,66.0,1.0,1.0,0.0,0.029382244,0.029382244,-16.884247,-0.063611984,-0.0027029365,-0.019693196,-0.005256865,-0.020801246,0.51431555,0.56668526,0.052369714,0.7250339,0.39572915,-0.32930472,0.7456249,0.42274663,-0.32287827,0.7484269,0.5121146,-0.23631233,1.0,67.0,66.0,0.04432047,0.073702715,0.029382244,0.00905512,0.05199411,0.042938992,0.04431404,0.09338948,0.04907544,0.035265353,0.021708604,-0.013556749,6.429851e-06,-0.019686766,-0.019693196,0.0045096427,-0.016291603,-0.020801246,1.0,0.0,-1.0,5,5,0,5,0,-5,1.0,0.0,-1.0,1.0,21.8,20.8,0.044320471584796906,0.07370271533727646,0.029382243752479553,0.008829165436327457,0.051723112165927884,0.042893946729600424,0.04358432292938232,0.0879202127456665,0.044335889816284176,0.035491305589675906,0.02197960317134857,-0.013511702418327335,0.0007361486554145813,-0.014217497408390045,-0.014953646063804626,-16.884247,-1.0
5,246,20442,1.0,10.0,9.0,1.0,4.0,3.0,0.0257211,0.0257211,-21.168518,-0.4049816,-0.013018329,-0.017545871,-0.013406556,-0.018757422,-0.004924284,-0.11892312,-0.11399884,0.11432481,0.0862284,-0.028096408,0.117549874,0.09112947,-0.026420407,0.10595908,0.069391735,-0.036567345,1.0,10.0,9.0,0.06050137,0.08622247,0.0257211,0.005888102,0.047825843,0.041937742,0.052348252,0.09561522,0.04326697,0.05461327,0.038396627,-0.016216643,0.008153118,-0.009392753,-0.017545871,0.011836525,-0.0069208965,-0.018757422,1.0,0.0,-1.0,7,7,0,7,0,-7,1.0,0.0,-1.0,1.0,3.857142857142857,2.857142857142857,0.06050137057900429,0.08622246980667114,0.025721099227666855,0.006396499329379627,0.04842628857919148,0.04202978924981185,0.04976745854531016,0.09294291692120689,0.04317545837589673,0.054104870451348167,0.037796181227479665,-0.0163086892238685,0.01073391203369413,-0.00672044711453574,-0.017454359148229872,-21.168518,-1.0
5,247,20633,34.0,422.0,388.0,8.0,6.0,-2.0,0.024164695,0.024164695,-16.49826,-0.13068962,-0.0027668178,-0.020720571,-0.00034995377,-0.023040049,0.17158848,0.23074256,0.05915408,-0.04629543,-0.03632837,0.009967059,-0.048034303,-0.025401315,0.022632988,-0.032577213,-0.004204781,0.028372433,34.0,422.0,388.0,0.026410256,0.05057495,0.024164695,0.0026934983,0.04626019,0.043566693,0.043288607,0.08817387,0.044885267,0.023716757,0.0043147616,-0.019401995,-0.016878352,-0.037598923,-0.020720571,-0.013508655,-0.036548704,-0.023040049,0.0,0.0,0.0,11,11,0,0,0,0,0.0,0.0,0.0,12.181818181818182,131.8181818181818,119.63636363636363,0.026410255581140518,0.050574950873851776,0.024164695292711258,0.0029553315517577257,0.04665705019777471,0.043701718646016983,0.04001191495494409,0.08674094080924988,0.046729025854305786,0.02345492419871417,0.003917900676077063,-0.019537023522637108,-0.013601659373803572,-0.0361659899353981,-0.02256433056159453,-16.49826,0.0
5,248,20650,20.0,311.0,291.0,1.0,2.0,1.0,0.030111687,0.030111687,-77.890625,-2.6313171,-0.0017810632,-0.023593875,-0.0001655668,-0.024378443,0.13110249,0.059315644,-0.07178684,-0.11200512,0.06261503,0.17462015,-0.11245461,0.07075524,0.18320985,-0.08811977,0.07516792,0.16328768,20.0,311.0,291.0,0.023711627,0.053823315,0.030111687,-5.3792282e-05,0.046206646,0.04626044,0.03524519,0.08895075,0.053705562,0.02376542,0.007616669,-0.016148752,-0.011533564,-0.03512744,-0.023593875,-0.008653393,-0.033031836,-0.024378443,0.0,0.0,0.0,7,7,0,0,0,0,0.0,0.0,0.0,6.428571428571429,96.71428571428571,90.28571428571428,0.02371162734925747,0.0538233146071434,0.030111687257885933,6.190051590238e-05,0.04653414498482432,0.04647224446892194,0.03368438008640494,0.08796599613768714,0.054281616051282205,0.02364972686128957,0.007289169622319085,-0.016360557238970487,-0.009972752737147468,-0.034142681530543735,-0.024169928793396266,-77.890625,0.0
5,249,20702,1.0,17.0,16.0,2.0,1.0,-1.0,0.03589341,0.03589341,-51.35608,-2.1535702,0.0027281344,-0.018601283,-2.8494745e-05,-0.020183943,-0.033391915,0.017312365,0.050704278,-0.07826967,-0.22500691,-0.14673725,-0.08426516,-0.24424304,-0.15997788,-0.08089478,-0.22371615,-0.14282137,1.0,17.0,16.0,0.045099176,0.08099259,0.03589341,-0.0028778084,0.044461217,0.047339026,0.041510567,0.09600526,0.054494694,0.047976986,0.03653137,-0.011445615,0.0035886094,-0.015012674,-0.018601283,0.006839797,-0.013344146,-0.020183943,1.0,0.0,-1.0,12,12,0,12,0,-12,1.0,0.0,-1.0,1.0,5.583333333333333,4.583333333333333,0.045099176466464996,0.08099258691072464,0.035893410444259644,-0.003057823380610595,0.04437679828455051,0.0474346216651611,0.03839787282049656,0.09278109793861707,0.05438322511812051,0.04815700029333433,0.03661578862617413,-0.011541211667160198,0.006701303645968437,-0.011788511027892431,-0.01848981467386087,-51.35608,-1.0
5,250,20738,1.0,1.0,0.0,1.0,1.0,0.0,0.037799656,0.037799656,-59.586792,-2.0993214,-0.0073312856,-0.008678105,-0.0089405775,-0.010380849,0.580578,0.5839861,0.0034080744,0.53404266,0.6031412,0.06909853,0.5798961,0.61092395,0.031027853,0.6008551,0.6266902,0.025835097,1.0,1.0,0.0,0.06513463,0.102934286,0.037799656,0.008244104,0.049880203,0.0416361,0.04897775,0.09545551,0.04647776,0.056890525,0.053054083,-0.0038364418,0.016156878,0.0074787736,-0.008678105,0.019319788,0.008938938,-0.010380849,1.0,1.0,0.0,12,12,0,12,12,0,1.0,1.0,0.0,1.0,1.0,0.0,0.06513462960720062,0.10293428599834442,0.0377996563911438,0.008584707936582467,0.050517275308569275,0.041932567371986806,0.045762915164232254,0.0947672538459301,0.049004338681697845,0.05654992194225391,0.05241701068977515,-0.004132911252478763,0.01937171444296837,0.008167032152414322,-0.011204682290554047,-59.586792,0.0
5,251,20777,61.0,682.0,621.0,3.0,6.0,3.0,0.015779285,0.015779285,-72.113495,-2.5017242,-0.0018864367,-0.031071214,-0.0013775826,-0.030485814,0.17874941,0.20764104,0.028891623,0.25630018,0.05007145,-0.20622873,0.25887844,0.038274933,-0.22060351,0.2634546,0.060386445,-0.20306814,61.0,682.0,621.0,0.023202384,0.03898167,0.015779285,0.008869796,0.045432694,0.036562897,0.038772848,0.085623346,0.0468505,0.014332588,-0.0064510256,-0.020783614,-0.015570464,-0.046641678,-0.031071214,-0.013326215,-0.04381203,-0.030485814,0.0,0.0,0.0,13,13,0,0,0,0,0.0,0.0,0.0,19.0,205.92307692307693,186.92307692307693,0.023202383890748024,0.03898166865110397,0.01577928476035595,0.008881666339360751,0.04548655393031927,0.03660488759095852,0.036597578857953734,0.08268691312808257,0.04608933427012884,0.014320717551387273,-0.0065048852792152995,-0.02082560283060257,-0.013395194967205707,-0.04370524447697859,-0.030310049509772886,-72.113495,0.0
5,252,20820,11.0,148.0,137.0,25.0,31.0,6.0,0.032001823,0.032001823,-27.858582,-0.52508926,0.00612187,-0.024667736,0.0030528381,-0.024042122,-0.01703373,-0.01649243,0.0005412996,-0.055525504,0.068589,0.124114506,-0.038195018,0.0977544,0.13594942,-0.038946737,0.09786337,0.13681011,11.0,148.0,137.0,0.034726806,0.06672863,0.032001823,0.0040353453,0.048983898,0.04494855,0.041674677,0.09834424,0.05666956,0.03069146,0.017744731,-0.012946729,-0.0069478713,-0.031615607,-0.024667736,-0.0043582916,-0.028400414,-0.024042122,0.0,0.0,0.0,10,10,0,0,0,0,0.0,0.0,0.0,4.7,46.6,41.9,0.03472680598497391,0.0667286291718483,0.03200182318687439,0.0041024329140782355,0.04940223023295402,0.04529979731887579,0.03983759172260761,0.09427370429039002,0.054436112567782406,0.03062437307089567,0.01732639893889427,-0.0132979741320014,-0.0051107857376337055,-0.027545075118541717,-0.02243428938090801,-27.858582,0.0
5,253,21108,2.0,388.0,386.0,3.0,3.0,0.0,0.015961308,0.015961308,-83.52136,-3.1875381,0.0055152066,-0.04021398,0.0018000789,-0.039291214,0.52392733,0.51026124,-0.013666093,0.23938616,0.25300455,0.013618395,0.24666317,0.2412427,-0.0054204613,0.33836052,0.3090448,-0.02931571,2.0,388.0,386.0,0.03475117,0.050712477,0.015961308,-0.0014407896,0.046224516,0.047665305,0.039079938,0.095255226,0.056175288,0.03619196,0.0044879615,-0.031703997,-0.0043287687,-0.04454275,-0.04021398,0.0022104606,-0.037080754,-0.039291214,0.0,0.0,0.0,6,6,0,5,0,-5,0.8333333333333334,0.0,-0.8333333333333334,1.1666666666666667,120.66666666666667,119.5,0.03475116938352585,0.050712477415800095,0.015961308032274246,-0.0011091447668150067,0.04683847911655903,0.047947623883374035,0.033072945972283684,0.08857228979468346,0.05549934382239977,0.03586031496524811,0.003873998299241066,-0.03198631666600704,0.0016782234112421672,-0.03785981237888336,-0.03953803579012553,-83.52136,-0.8333333333333334
5,254,21192,1.0,373.0,372.0,1.0,1.0,0.0,-0.015659519,-0.015659519,-90.54251,-4.2907867,-0.0076042823,-0.05478887,-0.012527237,-0.057188425,0.08394543,0.026070442,-0.05787499,-0.015246263,0.07283457,0.08808084,0.0051756757,0.094770424,0.08959475,0.019372389,0.08977091,0.070398524,1.0,373.0,372.0,0.06584242,0.0501829,-0.015659519,-0.0029436226,0.044834703,0.047778327,0.05233224,0.09146159,0.03912935,0.06878604,0.005348198,-0.06343784,0.013510179,-0.04127869,-0.05478887,0.019626152,-0.037562273,-0.057188425,1.0,0.0,-1.0,10,10,0,10,0,-10,1.0,0.0,-1.0,1.0,114.6,113.6,0.06584241986274719,0.050182901322841644,-0.015659518539905548,-0.002910264884121716,0.04503423124551773,0.04794449612963945,0.04791611395776272,0.08828332200646401,0.04036720804870129,0.06875268518924713,0.005148670077323914,-0.0636040151119232,0.017926305904984473,-0.03810042068362236,-0.056026726588606836,-90.54251,-1.0
5,255,21194,10.0,262.0,252.0,9.0,11.0,2.0,0.01934341,0.01934341,-55.79834,-2.2614079,0.00096623227,-0.020459104,0.0016842559,-0.018573958,0.34784335,0.30717456,-0.040668786,0.094004616,0.11549694,0.021492325,0.03382969,0.07495115,0.04112146,0.1358638,0.13854058,0.002676785,10.0,262.0,252.0,0.033971004,0.053314414,0.01934341,0.0035090602,0.045227885,0.041718826,0.046588317,0.08639083,0.039802514,0.030461945,0.008086529,-0.022375416,-0.012617312,-0.033076417,-0.020459104,-0.010135382,-0.02870934,-0.018573958,0.0,0.0,0.0,7,7,0,0,0,0,0.0,0.0,0.0,3.857142857142857,80.28571428571429,76.42857142857143,0.03397100418806076,0.053314413875341415,0.019343409687280655,0.003948912157544068,0.04549231752753258,0.04154340536998851,0.04492923564144543,0.08290883898735046,0.037979603345905034,0.03002209189747061,0.007822096347808838,-0.02219999554966177,-0.010958231453384672,-0.02959442511200905,-0.018636193658624376,-55.79834,0.0
5,256,21197,1.0,11.0,10.0,1.0,4.0,3.0,0.03306423,0.03306423,-21.599426,-0.043067932,-0.005030349,-0.018157005,-0.007985793,-0.017257746,0.061638534,0.1940268,0.13238826,0.27665597,0.07143103,-0.20522493,0.2892123,0.0632859,-0.22592638,0.29088035,0.08784335,-0.203037,1.0,11.0,10.0,0.0514829,0.08454713,0.03306423,0.008874037,0.050940152,0.042066116,0.044747613,0.09596885,0.051221237,0.042608865,0.03360698,-0.009001885,0.0067352876,-0.011421718,-0.018157005,0.010061841,-0.007195905,-0.017257746,1.0,0.0,-1.0,11,11,0,11,0,-11,1.0,0.0,-1.0,1.0,3.727272727272727,2.727272727272727,0.051482900977134705,0.08454713225364685,0.033064231276512146,0.009103775109079752,0.051252288235859436,0.04214851312677968,0.04135422984307462,0.0909854918718338,0.04963126202875918,0.042379125275395134,0.033294844017787414,-0.00908428125760772,0.01012867113406008,-0.006438359618186951,-0.016567030752247032,-21.599426,-1.0
5,257,21218,9.0,35.0,26.0,4.0,2.0,-2.0,0.04386365,0.04386365,-57.983124,-2.0748425,0.004245408,-0.0073986836,0.0019863844,-0.00943986,0.01336195,0.06521376,0.051851813,-0.016679067,-0.043423448,-0.02674438,-0.030438865,-0.06274874,-0.032309875,-0.029499715,-0.056771014,-0.027271299,9.0,35.0,26.0,0.036275554,0.080139205,0.04386365,0.007694372,0.0490543,0.041359928,0.04808233,0.09934466,0.051262334,0.028581183,0.031084906,0.002503723,-0.011806775,-0.019205458,-0.0073986836,-0.007423226,-0.016863085,-0.00943986,0.0,0.0,0.0,5,5,0,0,0,0,0.0,0.0,0.0,2.6,10.6,8.0,0.036275554448366165,0.08013920485973358,0.043863650411367416,0.007395423483103514,0.04901656284928322,0.041621139366179706,0.04363391324877739,0.09468710869550705,0.051053195446729656,0.028880131244659425,0.031122642010450362,0.0022425107657909372,-0.007358358800411224,-0.014547903835773469,-0.007189545035362245,-57.983124,0.0
5,258,21253,1.0,132.0,131.0,1.0,1.0,0.0,0.0181438,0.0181438,-84.99829,-3.5392952,-0.0039021336,-0.028135106,-0.0025977604,-0.03485838,0.78163385,0.78798646,0.0063526034,0.7041651,0.7324027,0.028237581,0.71097934,0.73621386,0.02523452,0.7451915,0.75832087,0.0131293535,1.0,132.0,131.0,0.044713337,0.062857136,0.0181438,-0.0007786036,0.045237515,0.04601612,0.043150928,0.08942983,0.046278905,0.04549194,0.017619621,-0.02787232,0.0015624091,-0.026572697,-0.028135106,0.011254158,-0.023604222,-0.03485838,1.0,0.0,-1.0,5,5,0,5,0,-5,1.0,0.0,-1.0,1.0,43.8,42.8,0.0447133369743824,0.06285713613033295,0.018143799155950546,-0.0006454433692852035,0.04602311551570892,0.046668558884994125,0.03341102302074432,0.08591433465480805,0.05250331163406373,0.04535877928137779,0.016834020614624023,-0.028524758666753768,0.011302313953638076,-0.023057198524475096,-0.03435951247811317,-84.99829,-1.0
5,259,21279,14.0,250.0,236.0,1.0,4.0,3.0,0.028090604,0.028090604,-37.1091,-0.7164078,-0.001522556,-0.021519694,-0.0027176794,-0.022099718,0.33757815,0.2499463,-0.08763185,0.52087253,0.32567775,-0.19519478,0.5380141,0.34205666,-0.19595745,0.5473162,0.3556745,-0.19164169,14.0,250.0,236.0,0.03343385,0.061524455,0.028090604,0.0058541917,0.049435165,0.04358097,0.054199155,0.10380945,0.049610298,0.02757966,0.01208929,-0.01549037,-0.020765305,-0.042285,-0.021519694,-0.0130438395,-0.035143558,-0.022099718,0.0,0.0,0.0,10,10,0,0,0,0,0.0,0.0,0.0,4.6,74.5,69.9,0.03343385085463524,0.06152445450425148,0.02809060364961624,0.005663773277774453,0.04938965775072575,0.043725884472951296,0.046623487025499344,0.09501965045928955,0.048396163433790204,0.0277700774371624,0.012134796753525735,-0.015635280683636666,-0.013189636170864105,-0.03349519595503807,-0.020305559784173963,-37.1091,0.0
5,260,21318,2.0,3.0,1.0,1.0,1.0,0.0,0.046199437,0.046199437,-68.65384,-2.051773,0.0019010715,-0.005483646,-0.002632223,-0.002416592,-0.3973274,-0.4028944,-0.005567014,-0.21834658,-0.14556296,0.07278362,-0.23938489,-0.16392139,0.0754635,-0.28124228,-0.21716876,0.06407352,2.0,3.0,1.0,0.047908988,0.094108425,0.046199437,0.012702074,0.05129239,0.038590316,0.050561488,0.10224457,0.051683083,0.035206914,0.042816035,0.0076091215,-0.0026524998,-0.008136146,-0.005483646,0.0009154938,-0.0015010983,-0.002416592,0.0,0.0,0.0,10,10,0,6,4,-2,0.6,0.4,-0.19999999999999996,1.4,1.9,0.5,0.04790898784995079,0.09410842508077621,0.046199437230825424,0.012979389820247888,0.05185924842953682,0.03887985860928893,0.04694404639303684,0.09783572927117348,0.05089168287813664,0.03492959812283516,0.042249176651239395,0.007319578528404237,0.0009649414569139481,-0.0037273041903972625,-0.004692245647311211,-68.65384,-0.19999999999999996
5,261,21508,15.0,332.0,317.0,3.0,2.0,-1.0,0.01517421,0.01517421,-33.189392,-1.1049328,0.0025153048,-0.027488414,0.0010130666,-0.025340129,0.7934563,0.812622,0.019165695,0.31972638,0.27729657,-0.042429805,0.3052827,0.27178633,-0.03349638,0.40681595,0.37692052,-0.029895425,15.0,332.0,317.0,0.037943132,0.053117342,0.01517421,-1.0081449e-05,0.044754412,0.044764493,0.045815866,0.08847849,0.042662624,0.037953213,0.00836293,-0.029590283,-0.007872734,-0.03536115,-0.027488414,-0.0063280575,-0.031668186,-0.025340129,0.0,0.0,0.0,9,9,0,0,0,0,0.0,0.0,0.0,4.777777777777778,102.44444444444444,97.66666666666667,0.03794313222169876,0.05311734229326248,0.01517421007156372,5.5339598879476805e-05,0.0449170573718018,0.044861717772922326,0.04443064456184705,0.08584703339470758,0.04141638883286052,0.03788779220647282,0.00820028492146068,-0.02968750728501214,-0.00648751234014829,-0.032729691101445094,-0.026242178761296805,-33.189392,0.0
5,262,21526,1.0,241.0,240.0,1.0,1.0,0.0,0.014156681,0.014156681,-48.087067,-1.3617115,-0.0041977093,-0.03696717,-0.0069691055,-0.036613934,0.29349965,0.30399343,0.010493785,0.38184568,0.33200696,-0.04983872,0.38249457,0.32677492,-0.055719644,0.3826519,0.33966938,-0.04298252,1.0,241.0,240.0,0.045588348,0.05974503,0.014156681,0.0049727233,0.04844051,0.043467786,0.042812556,0.093936406,0.05112385,0.040615626,0.01130452,-0.029311106,0.002775792,-0.034191377,-0.03696717,0.0066103563,-0.030003577,-0.036613934,1.0,0.0,-1.0,10,10,0,10,0,-10,1.0,0.0,-1.0,1.0,77.7,76.7,0.04558834806084633,0.059745028614997864,0.014156680554151535,0.00514198075979948,0.0490276001393795,0.04388561937958002,0.04023910090327263,0.09119842574000359,0.050959324836730956,0.040446366742253305,0.010717428475618362,-0.029728938266634943,0.0053492471575737,-0.03145339712500572,-0.03680264428257942,-48.087067,-1.0
5,263,21553,4.0,101.0,97.0,1.0,1.0,0.0,0.026406601,0.026406601,-40.006958,-1.2103786,-0.0019160584,-0.010334346,-0.0020508654,-0.016218789,0.7382915,0.63454634,-0.10374516,0.6918293,0.7032122,0.011382878,0.701272,0.7118802,0.010608196,0.72507334,0.71776086,-0.0073124766,4.0,101.0,97.0,0.04295543,0.06936203,0.026406601,0.0018584022,0.04826669,0.04640829,0.057486054,0.094227,0.036740948,0.041097026,0.02109534,-0.020001687,-0.014530625,-0.024864972,-0.010334346,-0.005068414,-0.021287203,-0.016218789,0.0,0.0,0.0,8,8,0,2,0,-2,0.25,0.0,-0.25,2.0,29.625,27.625,0.0429554283618927,0.06936202943325043,0.026406601071357727,0.0018947979260701686,0.0482907029800117,0.04639590505394153,0.05130369681864977,0.09026776533573866,0.03896406851708889,0.041060630697757006,0.021071326453238726,-0.01998930424451828,-0.008348268456757069,-0.02090573590248823,-0.012557467445731163,-40.006958,-0.25
5,264,21601,1.0,21.0,20.0,1.0,1.0,0.0,0.023832284,0.023832284,-100.75702,-4.8836956,0.00403489,-0.028365076,0.0030586775,-0.0341499,0.17215694,0.232969,0.060812056,0.13844238,0.08993053,-0.048511855,0.14011043,0.08942006,-0.050690375,0.16001122,0.12092339,-0.039087825,1.0,21.0,20.0,0.034895796,0.05872808,0.023832284,-0.025327917,0.029182846,0.054510765,0.021769844,0.0739672,0.05219736,0.060223714,0.029545235,-0.030678479,0.013125952,-0.015239123,-0.028365076,0.022392783,-0.011757117,-0.0341499,1.0,0.0,-1.0,10,10,0,10,0,-10,1.0,0.0,-1.0,1.0,5.9,4.9,0.034895796328783035,0.05872808024287224,0.023832283914089203,-0.025692886672914028,0.029173963703215122,0.05486685037612915,0.011732222558930517,0.06977061405777932,0.058038391498848804,0.06058868244290352,0.029554116539657116,-0.0310345659032464,0.023163574188947676,-0.011042533814907074,-0.03420610800385475,-100.75702,-1.0
5,265,21703,5.0,115.0,110.0,6.0,2.0,-4.0,0.03450218,0.03450218,-43.336334,-1.2477589,0.0009823442,-0.016010296,0.0015303008,-0.01614242,0.24238093,0.28539148,0.043010548,0.1157426,-0.052336313,-0.16807891,0.12304606,-0.032300524,-0.15534659,0.15077919,-0.0013506862,-0.15212987,5.0,115.0,110.0,0.036120802,0.07062298,0.03450218,0.0056226905,0.049305987,0.043683298,0.04281007,0.093322545,0.050512474,0.030498112,0.021316994,-0.009181118,-0.006689269,-0.022699565,-0.016010296,-0.003924206,-0.020066626,-0.01614242,0.0,0.0,0.0,9,9,0,2,0,-2,0.2222222222222222,0.0,-0.2222222222222222,2.111111111111111,36.111111111111114,34.0,0.03612080216407776,0.07062298059463501,0.03450217843055725,0.0056163303347097505,0.049407915108733706,0.04379158477402396,0.040131368984778724,0.0909319660729832,0.05080059708820448,0.030504471725887723,0.021215065485901304,-0.00928940623998642,-0.004010566820700963,-0.020308985478348203,-0.01629841865764724,-43.336334,-0.2222222222222222
5,266,21950,1.0,1.0,0.0,1.0,1.0,0.0,0.04596214,0.04596214,-40.885193,-1.1814575,-0.007025037,-0.0065737367,-0.0102462135,-0.008568928,0.18285103,-0.03534451,-0.21819554,0.28152192,0.15091358,-0.13060834,0.29322234,0.1671728,-0.12604953,0.3082452,0.16337939,-0.14486583,1.0,1.0,0.0,0.059185468,0.10514761,0.04596214,0.006337333,0.048795905,0.04245857,0.04784561,0.100381486,0.052535877,0.052848134,0.056351703,0.0035035685,0.011339858,0.0047661215,-0.0065737367,0.0160736,0.007504672,-0.008568928,1.0,1.0,0.0,12,12,0,12,12,0,1.0,1.0,0.0,1.0,1.0,0.0,0.059185467660427094,0.10514760762453079,0.0459621399641037,0.006396284986597796,0.049009851490457855,0.042613566503860056,0.0434189181153973,0.09455685565869014,0.05113793754329284,0.05278918271263441,0.05613775613407294,0.0033485734214385304,0.0157665495450298,0.010590751965840658,-0.005175797579189142,-40.885193,0.0
5,267,21989,3.0,227.0,224.0,1.0,1.0,0.0,0.023839429,0.023839429,-35.664276,-0.95212555,-0.0014636442,-0.02926398,-0.0010915715,-0.03131368,0.18526565,0.26905775,0.083792105,0.056685712,0.07656195,0.019876238,0.0416478,0.059767846,0.018120047,0.059857342,0.08263804,0.022780698,3.0,227.0,224.0,0.036079757,0.059919186,0.023839429,0.0034110853,0.04843328,0.045022197,0.042144515,0.095247924,0.05310341,0.032668673,0.011485904,-0.021182768,-0.0060647577,-0.03532874,-0.02926398,0.00017946213,-0.031134218,-0.03131368,0.0,0.0,0.0,10,10,0,4,0,-4,0.4,0.0,-0.4,1.7,69.9,68.2,0.036079756915569305,0.05991918593645096,0.023839429020881653,0.0033862955402582883,0.04856240041553974,0.04517610487528145,0.03732162844389677,0.09041293859481811,0.05309131015092134,0.03269346095621586,0.011356785520911216,-0.02133667543530464,-0.001241871528327465,-0.03049375265836716,-0.029251881130039695,-35.664276,-0.4
5,268,22138,4.0,126.0,122.0,2.0,3.0,1.0,0.024165697,0.024165697,-70.68509,-2.255579,-0.0093120895,-0.018151965,-0.008507356,-0.02045694,0.18728684,0.08237033,-0.104916506,-0.4624815,-0.30860603,0.15387547,-0.4835641,-0.32451758,0.15904653,-0.46728593,-0.30482128,0.16246465,4.0,126.0,122.0,0.0425397,0.0667054,0.024165697,0.00981056,0.048353408,0.038542848,0.050931584,0.09324925,0.042317662,0.03272914,0.01835199,-0.014377151,-0.008391883,-0.026543848,-0.018151965,-0.003430061,-0.023887001,-0.02045694,0.0,0.0,0.0,8,8,0,3,0,-3,0.375,0.0,-0.375,2.0,40.375,38.375,0.042539700865745544,0.06670539826154709,0.024165697395801544,0.009999074856750667,0.04845169838517904,0.038452623528428376,0.045879057608544827,0.09195156954228878,0.046072511933743954,0.032540625892579556,0.018253699876368046,-0.01428692601621151,-0.003339356742799282,-0.02524617128074169,-0.02190681453794241,-70.68509,-0.375
5,269,22143,6.0,7.0,1.0,2.0,1.0,-1.0,0.050063636,0.050063636,-10.381439,0.46190262,0.0030680113,0.004602894,0.0016704686,0.0011658333,0.66955984,0.57571816,-0.09384167,0.13572767,0.17401783,0.038290158,0.111559235,0.15871166,0.047152422,0.19810216,0.22461103,0.026508868,6.0,7.0,1.0,0.037189055,0.08725269,0.050063636,0.008624381,0.04868926,0.04006488,0.046000462,0.091461204,0.045460742,0.028564673,0.03856343,0.009998757,-0.008811407,-0.0042085126,0.004602894,-0.0038652904,-0.002699457,0.0011658333,0.0,0.0,0.0,5,5,0,1,1,0,0.2,0.2,0.0,2.8,2.6,-0.19999999999999973,0.0371890552341938,0.08725269138813019,0.050063636153936386,0.008970431424677372,0.049155984073877335,0.040185552649199964,0.04033944606781006,0.08963728100061416,0.049297834932804104,0.028218623623251914,0.03809670731425285,0.00987808369100094,-0.0031503908336162566,-0.0023845896124839784,0.0007658012211322783,-10.381439,0.0
5,270,22155,12.0,66.0,54.0,2.0,15.0,13.0,0.032280188,0.032280188,-51.63629,-0.9332886,-0.009143308,-0.01142275,-0.008455131,-0.010723002,0.46205744,0.49851218,0.036454737,0.2749799,0.45688915,0.18190926,0.27804372,0.45387745,0.17583373,0.3074633,0.46538603,0.15792274,12.0,66.0,54.0,0.04338413,0.07566432,0.032280188,0.017856468,0.052650772,0.034794305,0.050267063,0.09397,0.043702938,0.025527664,0.023013547,-0.0025141165,-0.006882932,-0.018305682,-0.01142275,-0.0048236996,-0.015546702,-0.010723002,0.0,0.0,0.0,8,8,0,0,0,0,0.0,0.0,0.0,4.5,20.5,16.0,0.0433841310441494,0.07566431909799576,0.03228018805384636,0.017401289893314242,0.052470114547759295,0.03506882465444505,0.048028983641415834,0.0913502648472786,0.04332128120586276,0.025982841150835156,0.023194204550236464,-0.002788636600598693,-0.004644852597266436,-0.015685945749282837,-0.011041093152016401,-51.63629,0.0
5,271,22263,5.0,52.0,47.0,1.0,1.0,0.0,0.036648028,0.036648028,-48.28076,-1.0137043,0.00096492097,-0.0011623502,-0.0017624125,-0.0090928,-0.10108871,-0.06137847,0.03971024,0.14347523,-0.009071145,-0.15254638,0.14291653,-0.0025652929,-0.14548182,0.12856127,-0.012592355,-0.14115363,5.0,52.0,47.0,0.04397632,0.08062435,0.036648028,0.01018391,0.05127015,0.04108624,0.057702474,0.09551285,0.037810378,0.033792414,0.0293542,-0.004438214,-0.0137261525,-0.014888503,-0.0011623502,-0.003976807,-0.013069607,-0.0090928,0.0,0.0,0.0,9,9,0,3,0,-3,0.3333333333333333,0.0,-0.3333333333333333,1.8888888888888888,16.444444444444443,14.555555555555554,0.0439763218164444,0.08062434941530228,0.03664802759885788,0.010244076968067221,0.05158055449525515,0.04133647752718793,0.047254718012279935,0.093568521241347,0.046313803229067065,0.0337322453657786,0.029043794920047123,-0.00468845044573148,-0.0032783961958355373,-0.012944171826044718,-0.009665775630209181,-48.28076,-0.3333333333333333
5,272,22387,1.0,12.0,11.0,1.0,1.0,0.0,0.028691437,0.028691437,-49.906555,-1.9285126,-0.0005213432,-0.019817822,-0.002774842,-0.018513288,0.18164127,0.11111885,-0.07052241,0.03634927,0.07186558,0.03551631,0.043622795,0.08785503,0.044232238,0.06159897,0.09756017,0.035961196,1.0,12.0,11.0,0.051498365,0.0801898,0.028691437,0.0014349235,0.04541937,0.043984447,0.043848034,0.09235729,0.04850926,0.050063442,0.034770433,-0.01529301,0.0076503307,-0.012167491,-0.019817822,0.010677222,-0.007836066,-0.018513288,1.0,0.0,-1.0,7,7,0,7,1,-6,1.0,0.14285714285714285,-0.8571428571428572,1.0,3.142857142857143,2.142857142857143,0.05149836465716362,0.08018980175256729,0.02869143709540367,0.0013557157986464777,0.04519383502858026,0.04383811922993378,0.040402342432311604,0.0855841508933476,0.045181808461036,0.05014264902898243,0.03499596672398703,-0.015146682304995399,0.011096022224852018,-0.005394349140780312,-0.01649037136563233,-49.906555,-0.8571428571428572
5,273,22495,4.0,57.0,53.0,1.0,2.0,1.0,0.02363557,0.02363557,-36.898987,-1.34025,-0.006138321,-0.016708162,-0.0061908476,-0.01613295,0.35257757,0.32568792,-0.026889652,0.27858067,0.2758893,-0.0026913583,0.28371513,0.2879138,0.0041986704,0.31597674,0.31092247,-0.0050542653,4.0,57.0,53.0,0.047295835,0.070931405,0.02363557,0.0015663378,0.045886118,0.04431978,0.049899615,0.09024335,0.04034373,0.045729496,0.025045287,-0.020684209,-0.0026037805,-0.019311942,-0.016708162,-0.0002412945,-0.016374245,-0.01613295,0.0,0.0,0.0,7,7,0,4,0,-4,0.5714285714285714,0.0,-0.5714285714285714,1.7142857142857142,17.857142857142858,16.142857142857142,0.04729583486914635,0.07093140482902527,0.02363556995987892,0.0017917790682986379,0.046242868793862205,0.04445108972556357,0.04491523227521351,0.08660365853990827,0.04168842626469476,0.04550405591726303,0.02468853603516306,-0.02081551988209997,0.002380602593932833,-0.015672253710883006,-0.01805285630481584,-36.898987,-0.5714285714285714
5,274,22505,5.0,27.0,22.0,4.0,1.0,-3.0,0.04190253,0.04190253,-44.006195,-1.2392845,0.0032268874,-0.016054079,0.0019412637,-0.011636373,-0.22842638,-0.15230554,0.07612084,0.09089954,-0.07062437,-0.16152391,0.10101515,-0.05631077,-0.15732592,0.07037146,-0.067167416,-0.13753888,5.0,27.0,22.0,0.041681323,0.083583854,0.04190253,0.009840023,0.050467636,0.040627614,0.04387592,0.10183253,0.05795661,0.0318413,0.033116218,0.0012749173,-0.0021945983,-0.018248677,-0.016054079,-0.0012633093,-0.012899682,-0.011636373,0.0,0.0,0.0,8,8,0,1,0,-1,0.125,0.0,-0.125,2.25,9.625,7.375,0.04168132320046425,0.08358385413885117,0.04190253093838692,0.00995848118327558,0.05106875812634826,0.04111027694307268,0.04301674710586667,0.09598931949585676,0.05297257238999009,0.03172284225001931,0.03251509601250291,0.0007922537624835968,-0.001335423905402422,-0.012405465357005596,-0.011070041451603174,-44.006195,-0.125
5,275,22515,4.0,89.0,85.0,2.0,1.0,-1.0,0.028828178,0.028828178,-13.82486,0.27667427,0.004535731,-0.019491281,0.0007065125,-0.01984847,0.46520317,0.43409598,-0.031107187,-0.06269477,-0.019370284,0.04332449,-0.052689064,-0.008132514,0.04455655,0.0036435316,0.04563729,0.04199376,4.0,89.0,85.0,0.04273049,0.07155867,0.028828178,0.004434689,0.049847387,0.045412697,0.04932507,0.09764453,0.04831946,0.0382958,0.021711282,-0.01658452,-0.0065945797,-0.026085861,-0.019491281,-0.001461234,-0.021309704,-0.01984847,0.0,0.0,0.0,7,7,0,6,0,-6,0.8571428571428571,0.0,-0.8571428571428571,1.1428571428571428,31.0,29.857142857142858,0.04273049160838127,0.07155866920948029,0.028828177601099014,0.004535709274932742,0.050260329352957864,0.04572462007802512,0.03965763375163078,0.09357120096683502,0.05391356721520424,0.03819478249975613,0.021298339856522425,-0.016896442643233704,0.0030728578567504883,-0.022012531757354736,-0.025085389614105225,-13.82486,-0.8571428571428571
5,276,22523,1.0,42.0,41.0,1.0,1.0,0.0,0.013690352,0.013690352,-53.12387,-2.3198261,-0.0043229684,-0.0354663,-0.0048791766,-0.03976233,-0.020685732,0.07831677,0.0990025,0.16716284,0.21908103,0.051918194,0.18170595,0.2309739,0.049267948,0.17428699,0.23211303,0.057826042,1.0,42.0,41.0,0.06290971,0.07660006,0.013690352,-0.0015507691,0.048192255,0.049743023,0.04750482,0.09666147,0.04915665,0.06446048,0.028407805,-0.036052674,0.0154048875,-0.020061411,-0.0354663,0.022679348,-0.017082982,-0.03976233,1.0,0.0,-1.0,11,11,0,11,0,-11,1.0,0.0,-1.0,1.0,13.909090909090908,12.909090909090908,0.06290970742702484,0.07660005986690521,0.013690352439880371,-0.0014616754646836357,0.04811153560876846,0.0495732110734521,0.04332630776546218,0.09255359050902454,0.049227282743562355,0.06437138332562013,0.02848852425813675,-0.03588285906748338,0.01958339966156266,-0.01595353064211932,-0.03553693030368198,-53.12387,-1.0
5,277,22530,44.0,39.0,-5.0,3.0,4.0,1.0,0.04539098,0.04539098,-38.81241,-0.77145576,0.004458122,-0.0036701001,-0.000923533,-0.0022381172,0.59728503,0.5650563,-0.03222871,0.5444649,0.27688348,-0.2675814,0.54849964,0.26384246,-0.28465718,0.57352465,0.34123355,-0.2322911,44.0,39.0,-5.0,0.03480134,0.08019232,0.04539098,0.018166775,0.053687636,0.03552086,0.047944125,0.0970052,0.04906108,0.016634567,0.026504684,0.0098701175,-0.013142783,-0.016812883,-0.0036701001,-0.010831207,-0.013069324,-0.0022381172,0.0,0.0,0.0,6,6,0,0,0,0,0.0,0.0,0.0,16.666666666666668,13.833333333333334,-2.833333333333334,0.03480134159326553,0.08019232004880905,0.04539097845554352,0.018306867840389412,0.05366111360490322,0.035354245764513806,0.04543840947250525,0.0929994707306226,0.047561061258117356,0.01649447375287612,0.02653120644390583,0.010036732691029709,-0.010637067879239718,-0.012807150681813559,-0.002170082802573841,-38.81241,0.0
5,278,22585,2.0,39.0,37.0,1.0,1.0,0.0,0.03204189,0.03204189,-52.24933,-2.130497,0.0016154237,-0.015413273,-0.0017089285,-0.016721345,0.102462456,0.115277015,0.012814559,0.028035674,-0.04728454,-0.075320214,0.01527824,-0.067777716,-0.08305596,0.028564677,-0.050811227,-0.07937591,2.0,39.0,37.0,0.046592843,0.07863473,0.03204189,0.0082651675,0.047600314,0.039335147,0.05261203,0.10006719,0.04745516,0.038327675,0.031034417,-0.007293258,-0.006019186,-0.02143246,-0.015413273,0.0016595945,-0.015061751,-0.016721345,0.0,0.0,0.0,7,7,0,5,0,-5,0.7142857142857143,0.0,-0.7142857142857143,1.2857142857142858,13.285714285714286,12.0,0.046592842787504196,0.07863473147153854,0.03204188868403435,0.008471478308950151,0.04790538815515382,0.039433909846203666,0.046273999980517795,0.09563316511256355,0.04935916513204575,0.03812136394636972,0.030729343316384723,-0.007392020629984994,0.0003188428069864001,-0.016998433641024997,-0.0173172764480114,-52.24933,-0.7142857142857143
5,279,22587,2.0,35.0,33.0,1.0,1.0,0.0,0.031441398,0.031441398,-69.44705,-2.3877811,-0.00018642843,-0.016280085,-0.0051049627,-0.015163451,-0.1590218,-0.2002159,-0.04119411,0.002117302,0.122816004,0.120698705,0.021303056,0.11910983,0.097806774,-0.018183025,0.073157996,0.09134102,2.0,35.0,33.0,0.04593703,0.07737843,0.031441398,0.0058464888,0.04847241,0.04262592,0.048941657,0.09666314,0.047721483,0.040090542,0.028906021,-0.011184521,-0.0030046254,-0.01928471,-0.016280085,0.0027724057,-0.012391046,-0.015163451,0.0,0.0,0.0,10,10,0,6,0,-6,0.6,0.0,-0.6,1.4,11.4,10.0,0.045937031507492065,0.07737842947244644,0.031441397964954376,0.0057795156724751,0.048534530028700826,0.04275501435622572,0.04418034441769123,0.09067147001624107,0.046491125598549836,0.04015751592814922,0.028843899443745612,-0.01131361648440361,0.0017566870898008346,-0.013293040543794632,-0.015049727633595467,-69.44705,-0.6
5,280,22772,4.0,37.0,33.0,1.0,1.0,0.0,0.03312779,0.03312779,-54.278473,-1.2206402,-0.0028901882,-0.014082752,-0.0063337237,-0.013254095,0.36388338,0.4547985,0.09091511,0.33910298,0.3765728,0.037469804,0.3428212,0.37243974,0.029618531,0.37349036,0.39984655,0.02635619,4.0,37.0,33.0,0.047120955,0.08024874,0.03312779,0.013885223,0.051562082,0.03767686,0.048980754,0.096191294,0.04721054,0.033235732,0.028686661,-0.004549071,-0.001859799,-0.015942551,-0.014082752,-0.00014147535,-0.01339557,-0.013254095,0.0,0.0,0.0,9,9,0,3,0,-3,0.3333333333333333,0.0,-0.3333333333333333,2.111111111111111,12.88888888888889,10.777777777777779,0.04712095484137535,0.08024874329566956,0.033127788454294205,0.01384913321170542,0.0517809461388323,0.037931812927126884,0.04790145200159815,0.09358991185824077,0.04568845985664262,0.03327182225055165,0.02846779715683725,-0.004804025093714397,-0.0007804971602227953,-0.013341168562571207,-0.012560671402348412,-54.278473,-0.3333333333333333
5,281,22782,18.0,383.0,365.0,2.0,1.0,-1.0,0.020179192,0.020179192,-77.44928,-3.0755253,0.0044759195,-0.028164009,0.0012379717,-0.026180858,-0.3482217,-0.31808305,0.030138642,-0.25139883,-0.20155218,0.04984665,-0.2602518,-0.199712,0.060539797,-0.27950227,-0.22073942,0.05876285,18.0,383.0,365.0,0.028031861,0.048211053,0.020179192,-0.0027800933,0.044276305,0.0470564,0.041138392,0.08948159,0.0483432,0.030811954,0.0039347485,-0.026877206,-0.0131065305,-0.04127054,-0.028164009,-0.011502219,-0.037683077,-0.026180858,0.0,0.0,0.0,12,12,0,0,0,0,0.0,0.0,0.0,6.583333333333333,118.33333333333333,111.75,0.028031861409544945,0.048211053013801575,0.02017919160425663,-0.002515883524514114,0.044635443637768425,0.04715132716228254,0.03964685741811991,0.08591574368377526,0.046268886265655354,0.030547744904955227,0.0035756093760331473,-0.02697213552892208,-0.011614996008574963,-0.037704690669973694,-0.02608969466139873,-77.44928,0.0
5,282,22794,7.0,6.0,-1.0,2.0,1.0,-1.0,0.05094551,0.05094551,-30.77243,-0.70627594,0.004303079,-0.002425775,0.0030842647,-0.0005804673,0.1872051,0.14226982,-0.044935286,0.14867216,0.09923382,-0.049438342,0.1662308,0.11416301,-0.052067786,0.17969994,0.12599856,-0.053701386,7.0,6.0,-1.0,0.036111962,0.08705747,0.05094551,-0.00025625128,0.048313048,0.0485693,0.04037978,0.093751065,0.053371284,0.036368214,0.038744424,0.00237621,-0.004267819,-0.006693594,-0.002425775,-0.0031311214,-0.0037115887,-0.0005804673,0.0,0.0,0.0,11,11,0,6,4,-2,0.5454545454545454,0.36363636363636365,-0.18181818181818177,2.1818181818181817,1.9090909090909092,-0.2727272727272725,0.03611196205019951,0.08705747127532959,0.05094550922513008,-0.0003041877542438504,0.04855758459730582,0.04886177235154967,0.03653694096614014,0.08873263069174507,0.052195689725604934,0.03641614995219491,0.03849988667802377,0.002083736725828865,-0.0004249789159406315,-0.0016751594164154747,-0.001250180500474843,-30.77243,-0.18181818181818177
5,283,22809,2.0,464.0,462.0,1.0,1.0,0.0,0.008429475,0.008429475,-80.24893,-3.3240452,-0.0010285638,-0.025938887,-0.0021584108,-0.034729935,-0.013160505,-0.005633492,0.0075270133,0.03508161,0.026606929,-0.0084746815,0.02768597,0.040693596,0.013007626,0.025096236,0.039508265,0.014412029,2.0,464.0,462.0,0.03526188,0.043691356,0.008429475,-0.0011971833,0.04282599,0.04402317,0.047954123,0.082322486,0.034368362,0.036459062,0.0008653663,-0.035593696,-0.012692243,-0.03863113,-0.025938887,-0.0011663847,-0.03589632,-0.034729935,0.0,0.0,0.0,8,8,0,4,0,-4,0.5,0.0,-0.5,1.5,139.375,137.875,0.03526188060641289,0.04369135573506355,0.008429475128650665,-0.0011204397233086638,0.042541914619505405,0.04366235434281407,0.041057998314499855,0.0788583429530263,0.03780034463852644,0.03638231987133622,0.0011494411155581474,-0.035232878755778074,-0.0057961177080869675,-0.03516698721796274,-0.029370869509875774,-80.24893,-0.5
5,284,22845,1.0,69.0,68.0,1.0,1.0,0.0,0.029328395,0.029328395,-46.82785,-1.6001453,-0.0016646534,-0.02617364,-0.0018513277,-0.022608466,0.6127962,0.66960174,0.05680555,0.46078178,0.48666346,0.025881678,0.47554973,0.5077994,0.03224966,0.52499753,0.5623439,0.037346363,1.0,69.0,68.0,0.04570752,0.075035915,0.029328395,0.0022633357,0.0483764,0.046113063,0.045705862,0.1012079,0.055502035,0.043444183,0.026659515,-0.016784668,1.6577542e-06,-0.026171982,-0.02617364,0.0036955252,-0.018912941,-0.022608466,1.0,0.0,-1.0,10,10,0,10,0,-10,1.0,0.0,-1.0,1.0,20.6,19.6,0.045707520097494125,0.07503591477870941,0.029328394681215286,0.00200053226435557,0.0484251506626606,0.04642461839830503,0.041092399507761,0.09502567574381829,0.05393327623605729,0.043706987798213956,0.02661076411604881,-0.017096223682165144,0.004615120589733124,-0.01998976096510887,-0.024604881554841994,-46.82785,-1.0
5,285,22873,5.0,164.0,159.0,9.0,4.0,-5.0,0.032840874,0.032840874,-26.556396,-0.29598618,0.0038167574,-0.026816491,0.002624929,-0.026721217,0.3549322,0.3510898,-0.0038423836,0.167687,0.30705357,0.13936657,0.17083195,0.3346968,0.16386485,0.21309185,0.36909333,0.15600148,5.0,164.0,159.0,0.032339234,0.06518011,0.032840874,0.0020501676,0.049109757,0.047059588,0.03828171,0.097939074,0.059657365,0.030289067,0.016070351,-0.014218716,-0.005942475,-0.032758966,-0.026816491,-0.0031040683,-0.029825285,-0.026721217,0.0,0.0,0.0,7,7,0,1,0,-1,0.14285714285714285,0.0,-0.14285714285714285,2.142857142857143,51.285714285714285,49.14285714285714,0.03233923390507698,0.06518010795116425,0.032840874046087265,0.0018616935703903437,0.04918235167860985,0.047320658108219504,0.03625427718673434,0.09478621291262763,0.0585319357258933,0.030477540301425115,0.015997756272554398,-0.014479784028870717,-0.003915043281657355,-0.029606104961463382,-0.025691061679806025,-26.556396,-0.14285714285714285
5,286,22879,4.0,149.0,145.0,1.0,3.0,2.0,0.020311378,0.020311378,-25.725952,-0.2567501,-0.002616629,-0.023372423,-0.008215506,-0.027242284,0.12840286,0.1796595,0.05125664,0.08002491,0.15626729,0.07624237,0.08956766,0.181351,0.091783345,0.09998335,0.19366114,0.09367779,4.0,149.0,145.0,0.045991488,0.066302866,0.020311378,0.0098779155,0.04920205,0.039324135,0.05318321,0.09686701,0.0436838,0.03611357,0.017100815,-0.019012757,-0.0071917213,-0.030564144,-0.023372423,-0.00043428317,-0.027676567,-0.027242284,0.0,0.0,0.0,12,12,0,3,0,-3,0.25,0.0,-0.25,1.9166666666666667,48.416666666666664,46.5,0.04599148780107498,0.06630286574363708,0.020311377942562103,0.009951901389285922,0.049585737908879914,0.03963383651959399,0.047132943756878376,0.09476026892662048,0.04762732516974211,0.036039585868517555,0.016717127834757168,-0.019322458033760388,-0.0011414559558033943,-0.0284574031829834,-0.027315947227180004,-25.725952,-0.25
5,287,22886,1.0,189.0,188.0,2.0,5.0,3.0,0.01606505,0.01606505,-65.35101,-2.3673077,-0.00041952357,-0.042501308,-0.0041563697,-0.03926066,0.16901688,0.18798353,0.018966645,0.09908514,0.09961764,0.00053250045,0.0505849,0.10277541,0.05219051,0.08053973,0.1319998,0.051460072,1.0,189.0,188.0,0.045543786,0.061608836,0.01606505,0.0052500833,0.047508713,0.042258628,0.040303838,0.098870195,0.058566358,0.0402937,0.014100123,-0.026193578,0.0052399486,-0.03726136,-0.042501308,0.0075709783,-0.03168968,-0.03926066,1.0,0.0,-1.0,15,15,0,15,0,-15,1.0,0.0,-1.0,1.0,58.4,57.4,0.04554378613829613,0.06160883605480194,0.016065049916505814,0.005205315258353949,0.04764621456464132,0.04244089930628737,0.037993040929238005,0.0941561038295428,0.056163062900304796,0.04033847103516261,0.013962621490160624,-0.026375849545001988,0.007550745209058126,-0.03254726777474085,-0.040098012983798975,-65.35101,-1.0
5,288,22957,2.0,34.0,32.0,1.0,1.0,0.0,0.027361382,0.027361382,-41.054688,-0.9750614,-0.0051513687,-0.013049375,-0.004757192,-0.01846164,-0.11878021,-0.07467492,0.04410529,-0.050601255,-0.07475659,-0.024155337,-0.047192495,-0.08313053,-0.035938036,-0.058252323,-0.09051457,-0.032262247,2.0,34.0,32.0,0.051622998,0.07898438,0.027361382,0.010687872,0.05180379,0.041115917,0.054395743,0.0948065,0.040410757,0.040935125,0.02718059,-0.0137545355,-0.0027727447,-0.01582212,-0.013049375,0.0063157864,-0.0121458545,-0.01846164,0.0,0.0,0.0,5,5,0,3,0,-3,0.6,0.0,-0.6,1.4,12.2,10.799999999999999,0.05162299796938896,0.07898437976837158,0.02736138179898262,0.010834700614213943,0.0524141326546669,0.04157943204045296,0.04696374237537384,0.0922765776515007,0.04531283527612686,0.04078829810023308,0.026570247113704683,-0.014218050986528397,0.004659255594015121,-0.01329219788312912,-0.01795145347714424,-41.054688,-0.6
5,289,22967,1.0,181.0,180.0,1.0,1.0,0.0,0.006721046,0.006721046,-27.647491,-0.38022614,-0.019094791,-0.034243796,-0.018676823,-0.037097707,0.3275757,0.35008213,0.022506416,0.0018074282,0.12862201,0.12681459,0.013788617,0.16104305,0.14725444,0.060101554,0.19837017,0.13826862,1.0,181.0,180.0,0.057679232,0.06440028,0.006721046,0.0168617,0.051292524,0.034430824,0.052356876,0.09332172,0.04096484,0.040817533,0.013107754,-0.027709778,0.005322356,-0.02892144,-0.034243796,0.010026887,-0.02707082,-0.037097707,1.0,0.0,-1.0,11,11,0,11,0,-11,1.0,0.0,-1.0,1.0,56.36363636363637,55.36363636363637,0.05767923220992088,0.06440027803182602,0.006721045821905136,0.01693361591209065,0.051358750597997146,0.034425134685906494,0.04828788069161502,0.0917020629752766,0.043414182283661576,0.04074561528184197,0.013041527433828875,-0.0277040878480131,0.009391351518305864,-0.02730178494345058,-0.03669313646175645,-27.647491,-1.0
5,290,22993,2.0,11.0,9.0,4.0,2.0,-2.0,0.042464208,0.042464208,-68.75098,-3.1147842,0.009088542,-0.007054195,0.005493298,-0.011109304,0.24823979,0.08224161,-0.16599818,0.38359618,0.48130453,0.097708344,0.38810942,0.50376225,0.11565283,0.39402422,0.49548304,0.10145882,2.0,11.0,9.0,0.03673054,0.07919475,0.042464208,-0.0033635597,0.044348046,0.047711607,0.037210774,0.08672918,0.049518403,0.0400941,0.0348467,-0.005247399,-0.00048023462,-0.0075344294,-0.007054195,0.0054689758,-0.005640328,-0.011109304,0.0,0.0,0.0,10,10,0,5,1,-4,0.5,0.1,-0.4,1.5,4.3,2.8,0.03673053905367851,0.07919474691152573,0.042464207857847214,-0.00350467914249748,0.04459898583590984,0.048103664978407325,0.03286402840167284,0.08509991988539696,0.05223589148372412,0.04023521840572357,0.034595761075615884,-0.005639457330107685,0.0038665106520056726,-0.005905172973871231,-0.009771683625876904,-68.75098,-0.4
5,291,23036,1.0,265.0,264.0,1.0,1.0,0.0,0.01263658,0.01263658,-49.462677,-1.6260643,-0.0067282915,-0.035972,-0.007397916,-0.03843018,0.44987807,0.44014096,-0.009737104,0.55736625,0.48097387,-0.07639238,0.5509551,0.49600607,-0.054949045,0.5744975,0.50954974,-0.064947784,1.0,265.0,264.0,0.0448052,0.05744178,0.01263658,0.0039571705,0.046510104,0.042552933,0.039939344,0.08854792,0.04860858,0.040848028,0.010931674,-0.029916354,0.004865855,-0.031106144,-0.035972,0.00845192,-0.02997826,-0.03843018,1.0,0.0,-1.0,8,8,0,8,0,-8,1.0,0.0,-1.0,1.0,80.625,79.625,0.04480519890785217,0.05744177848100662,0.01263657957315445,0.004056207195390016,0.04696319857612252,0.042906991380732507,0.03704730700701475,0.08843830972909927,0.05139100272208452,0.040748991537839174,0.0104785799048841,-0.030270411632955074,0.007757891900837421,-0.03099653124809265,-0.03875442314893007,-49.462677,-1.0
5,292,23241,28.0,336.0,308.0,8.0,11.0,3.0,0.024248973,0.024248973,-27.449585,-0.36434937,0.0009885542,-0.0238503,0.0016559474,-0.024184164,-0.09402016,-0.04361551,0.05040465,-0.0666597,-0.056394283,0.010265414,-0.07349703,-0.058115598,0.015381429,-0.08240633,-0.06222303,0.020183299,28.0,336.0,308.0,0.03402046,0.058269434,0.024248973,0.013977921,0.05217268,0.03819476,0.04633806,0.09443733,0.048099272,0.02004254,0.006096754,-0.013945786,-0.012317598,-0.036167897,-0.0238503,-0.009772953,-0.033957116,-0.024184164,0.0,0.0,0.0,7,7,0,0,0,0,0.0,0.0,0.0,9.857142857142858,102.14285714285714,92.28571428571428,0.03402046114206314,0.0582694336771965,0.024248972535133362,0.01435584042753492,0.05241627884762628,0.03806043842009136,0.04483934332217489,0.09256458814655032,0.04772524482437543,0.01966462071452822,0.005853154829570225,-0.013811465884957994,-0.010818882180111749,-0.034295154469353814,-0.023476272289242067,-27.449585,0.0
5,293,23492,212.0,711.0,499.0,6.0,8.0,2.0,0.020777576,0.020777576,-23.515045,-0.02083397,-0.0008339174,-0.032691512,-0.001608355,-0.030783128,0.4405913,0.37003082,-0.070560485,-0.2062109,-0.026539966,0.17967093,-0.22685815,-0.026063446,0.20079471,-0.18201002,0.011416516,0.19342653,212.0,711.0,499.0,0.021934938,0.042712513,0.020777576,0.013843538,0.05193697,0.038093433,0.044258352,0.09772744,0.053469088,0.008091399,-0.009224456,-0.017315855,-0.022323415,-0.055014927,-0.032691512,-0.019390993,-0.05017412,-0.030783128,0.0,0.0,0.0,9,9,0,0,0,0,0.0,0.0,0.0,64.33333333333333,217.77777777777777,153.44444444444446,0.021934937685728073,0.042712513357400894,0.02077757567167282,0.014099436708622508,0.052512581977579326,0.03841314526895682,0.041474588215351105,0.09262409806251526,0.051149509847164154,0.007835500977105565,-0.009800068620178435,-0.017635569597284,-0.01953965052962303,-0.049911584705114365,-0.030371934175491333,-23.515045,0.0
5,294,23715,16.0,24.0,8.0,1.0,1.0,0.0,0.044336013,0.044336013,-41.74652,-0.8993473,-0.00025693327,0.0012894496,-0.0009754859,-0.0037550554,0.089045994,0.29139897,0.20235297,0.1453729,-0.10779969,-0.25317258,0.1002462,-0.15267457,-0.25292078,0.11009469,-0.09344461,-0.2035393,16.0,24.0,8.0,0.03876295,0.08309896,0.044336013,0.013453832,0.052443292,0.038989462,0.053806186,0.09685275,0.043046564,0.025309118,0.03065567,0.0053465534,-0.015043236,-0.013753787,0.0012894496,-0.008877926,-0.012632981,-0.0037550554,0.0,0.0,0.0,12,12,0,0,0,0,0.0,0.0,0.0,5.416666666666667,7.916666666666667,2.5,0.03876294940710068,0.08309896290302277,0.04433601349592209,0.013600261028235158,0.05257111508399248,0.03897085405575732,0.046738333689669766,0.09576069191098213,0.049022358221312366,0.025162688301255304,0.030527847819030285,0.00536515951777498,-0.00797538428256909,-0.012661729007959366,-0.004686344725390276,-41.74652,0.0
5,295,23729,1.0,441.0,440.0,1.0,1.0,0.0,0.008405015,0.008405015,-104.82071,-4.671755,-0.004103139,-0.05052074,-0.0053412,-0.043720935,-0.009845252,0.105520956,0.115366206,0.3540523,0.046703465,-0.30734885,0.35941324,0.039247226,-0.32016602,0.3503855,0.047034167,-0.3033513,1.0,441.0,440.0,0.036780316,0.04518533,0.008405015,-0.0018297143,0.042334445,0.04416416,0.035127275,0.09405303,0.058925755,0.03861003,0.0028508864,-0.035759144,0.0016530417,-0.0488677,-0.05052074,0.0046123266,-0.039108608,-0.043720935,1.0,0.0,-1.0,10,10,0,10,0,-10,1.0,0.0,-1.0,1.0,131.0,130.0,0.03678031638264656,0.045185331255197525,0.008405014872550964,-0.002239545213524252,0.04201413244009018,0.04425367765361443,0.031153530068695545,0.08628360629081726,0.05513007622212171,0.039019862189888954,0.0031711988151073454,-0.03584866337478161,0.005626786313951015,-0.04109827503561973,-0.046725061349570746,-104.82071,-1.0
5,296,23871,68.0,265.0,197.0,9.0,3.0,-6.0,0.036011893,0.036011893,-57.10327,-1.8196945,0.007194467,-0.019525547,0.0039598234,-0.01621461,0.23362535,0.15196425,-0.081661105,0.09647505,-0.16098206,-0.2574571,0.07920857,-0.21340555,-0.2926141,0.1093062,-0.18025596,-0.28956217,68.0,265.0,197.0,0.022025961,0.058037855,0.036011893,0.005748106,0.048098315,0.04235021,0.037666745,0.093204185,0.05553744,0.016277855,0.00993954,-0.006338315,-0.015640784,-0.03516633,-0.019525547,-0.014463209,-0.030677818,-0.01621461,0.0,0.0,0.0,10,10,0,0,0,0,0.0,0.0,0.0,21.3,83.1,61.8,0.02202596142888069,0.058037854731082916,0.036011893302202225,0.005751104140654206,0.04850282706320286,0.042751722922548654,0.036439194530248645,0.08908357545733452,0.05264438092708587,0.016274857334792614,0.009535027667880058,-0.006739829666912556,-0.01441323310136795,-0.031045720726251603,-0.016632487624883653,-57.10327,0.0
5,297,23876,2.0,2.0,0.0,1.0,1.0,0.0,0.047665637,0.047665637,-20.539703,-0.6831589,0.0017147027,0.003227789,0.0010697171,-0.0021686517,0.076423794,-0.00084267784,-0.07726647,-0.20094644,-0.21706755,-0.01612112,-0.19650263,-0.22680445,-0.030301824,-0.16716398,-0.20992959,-0.042765602,2.0,2.0,0.0,0.04312559,0.090791225,0.047665637,-0.00086801464,0.047302317,0.048170332,0.047157653,0.0915955,0.044437848,0.043993603,0.04348891,-0.0005046949,-0.004032064,-0.0008042753,0.003227789,0.0045194738,0.002350822,-0.0021686517,0.0,0.0,0.0,9,9,0,4,5,1,0.4444444444444444,0.5555555555555556,0.11111111111111116,1.5555555555555556,1.4444444444444444,-0.11111111111111116,0.043125588446855545,0.09079122543334961,0.047665636986494064,-0.0007803535113958383,0.047485178957382836,0.048265532468778675,0.04209754533237881,0.08963111788034439,0.04753357254796558,0.04390594239036242,0.043306046475966774,-0.0005998959143956456,0.0010280431144767338,0.0011601075530052185,0.00013206443852848467,-20.539703,0.11111111111111116
5,298,23883,71.0,671.0,600.0,78.0,32.0,-46.0,0.02353587,0.02353587,-16.756195,-0.266037,0.0036249766,-0.034475803,0.0059446255,-0.036220364,0.30443138,0.23151799,-0.07291339,0.12175808,0.16954242,0.047784336,0.09892458,0.15785822,0.058933645,0.13509648,0.18069136,0.045594886,71.0,671.0,600.0,0.012605804,0.036141675,0.02353587,-0.0063696033,0.04264737,0.04901697,0.03575404,0.09376571,0.058011673,0.018975407,-0.0065056942,-0.025481101,-0.023148235,-0.05762404,-0.034475803,-0.016412627,-0.05263299,-0.036220364,0.0,0.0,0.0,11,11,0,0,0,0,0.0,0.0,0.0,21.818181818181817,201.9090909090909,180.0909090909091,0.012605804018676281,0.03614167496562004,0.02353587094694376,-0.006656440609896725,0.04274862056428736,0.049405061174184084,0.028724036941474133,0.08872109583833,0.05999705889685587,0.019262244755571537,-0.006606945598667318,-0.025869190354238854,-0.016118232753466476,-0.05257942087270997,-0.036461188119243496,-16.756195,0.0
5,299,23993,2.0,2.0,0.0,1.0,1.0,0.0,0.054272406,0.054272406,-55.461914,-2.4428215,-0.0033206977,-0.0010985583,-0.0027791373,-0.00043592975,0.008222919,0.13689949,0.12867656,0.15576874,0.14395922,-0.011809513,0.17299783,0.15982348,-0.013174355,0.16300006,0.16477552,0.0017754585,2.0,2.0,0.0,0.046883777,0.10115618,0.054272406,-0.00033571568,0.046615303,0.04695102,0.04776991,0.103140876,0.055370964,0.047219492,0.05454088,0.0073213875,-0.0008861348,-0.001984693,-0.0010985583,0.009962384,0.009526454,-0.00043592975,0.0,0.0,0.0,13,13,0,11,8,-3,0.8461538461538461,0.6153846153846154,-0.23076923076923073,1.1538461538461537,1.3846153846153846,0.23076923076923084,0.046883776783943176,0.10115618258714676,0.05427240580320358,-0.00039993029965374333,0.04677280697685022,0.047172737276503965,0.0354383817085853,0.09402659879280971,0.05858821708422441,0.047283706756738514,0.05438337561029654,0.007099668853558026,0.011445395075357877,0.007129583794337053,-0.004315811281020824,-55.461914,-0.23076923076923073
5,300,24202,1.0,4.0,3.0,2.0,1.0,-1.0,0.037369434,0.037369434,-28.205017,-0.95033646,0.0021132566,-0.012648322,-0.0024574995,-0.014104456,0.18575817,0.37500188,0.1892437,0.2906074,0.2835662,-0.007041186,0.29451233,0.2853473,-0.009165019,0.29886153,0.31321678,0.014355242,1.0,4.0,3.0,0.05446468,0.09183411,0.037369434,0.0044547417,0.049766432,0.04531169,0.0453641,0.095381856,0.050017755,0.050009936,0.04206768,-0.007942256,0.009100579,-0.003547743,-0.012648322,0.0136400685,-0.00046438724,-0.014104456,1.0,0.0,-1.0,9,9,0,9,3,-6,1.0,0.3333333333333333,-0.6666666666666667,1.0,1.7777777777777777,0.7777777777777777,0.0544646792113781,0.09183411300182343,0.03736943379044533,0.004839800556914674,0.050143801503711276,0.0453040009467966,0.040449782792064876,0.09242691347996394,0.05197713068789907,0.04962487808532185,0.04169031149811215,-0.007934566587209702,0.014014896419313218,-0.0005928004781405131,-0.014607696897453731,-28.205017,-0.6666666666666667
5,301,24214,12.0,121.0,109.0,25.0,39.0,14.0,0.034132365,0.034132365,-25.15155,-0.5383873,0.0035501234,-0.01738026,0.003953714,-0.016577393,0.463192,0.46922907,0.0060370862,0.25702873,0.5209667,0.26393798,0.3006632,0.5423697,0.24170652,0.38182595,0.56775063,0.18592468,12.0,121.0,109.0,0.03424346,0.068375826,0.034132365,0.0017773227,0.048205025,0.046427704,0.04708248,0.098595105,0.051512625,0.03246614,0.0201708,-0.012295339,-0.012839019,-0.03021928,-0.01738026,-0.008886233,-0.025463626,-0.016577393,0.0,0.0,0.0,6,6,0,0,0,0,0.0,0.0,0.0,4.333333333333333,40.166666666666664,35.83333333333333,0.03424346074461937,0.06837582588195801,0.03413236513733864,0.0015619066931928198,0.04817161584893862,0.046609709155745804,0.04333865394194921,0.09424887597560883,0.050910222033659615,0.03268155331412951,0.020204210033019383,-0.012477343281110127,-0.00909519319732984,-0.025873050093650818,-0.016777856896320976,-25.15155,0.0
5,302,24264,1.0,6.0,5.0,1.0,1.0,0.0,0.026707448,0.026707448,-91.970856,-3.846075,-0.0034545138,-0.014488462,-0.005904544,-0.018579818,0.29461372,0.31791356,0.023299843,0.25499323,0.111306906,-0.14368632,0.25077978,0.107133225,-0.14364655,0.26837602,0.14907898,-0.11929704,1.0,6.0,5.0,0.06329777,0.09000522,0.026707448,3.8550334e-05,0.04590171,0.04586316,0.053905074,0.095100984,0.04119591,0.06325922,0.04410351,-0.019155711,0.009392697,-0.005095765,-0.014488462,0.015589237,-0.002990581,-0.018579818,1.0,0.0,-1.0,8,8,0,8,2,-6,1.0,0.25,-0.75,1.0,2.125,1.125,0.06329777091741562,0.09000521898269653,0.026707448065280914,-0.00029085830828989856,0.04604238923639059,0.04633324754468049,0.04871073877438903,0.09244389273226261,0.04373315395787358,0.06358862947672606,0.04396282974630594,-0.019625799730420113,0.01458703214302659,-0.002438673749566078,-0.01702570589259267,-91.970856,-0.75
5,303,24317,7.0,497.0,490.0,2.0,3.0,1.0,0.014219198,0.014219198,8.610382,1.6875,0.0021996088,-0.035102613,-0.0018308163,-0.038257584,0.342856,0.38478038,0.041924387,0.22662301,0.3115497,0.08492668,0.23108001,0.33840764,0.107327625,0.2656436,0.3758181,0.11017451,7.0,497.0,490.0,0.036372975,0.050592173,0.014219198,0.010691403,0.05029831,0.039606906,0.04550414,0.09482595,0.04932181,0.02568157,0.00029386207,-0.025387708,-0.009131167,-0.04423378,-0.035102613,-0.003528323,-0.041785907,-0.038257584,0.0,0.0,0.0,4,4,0,1,0,-1,0.25,0.0,-0.25,3.25,149.25,146.0,0.03637297451496124,0.050592172890901566,0.014219198375940323,0.010818890994414687,0.050634327344596386,0.0398154363501817,0.04092549066990614,0.09344394877552986,0.05251845810562372,0.025554084219038486,-4.2154453694820404e-05,-0.025596238672733307,-0.004552516154944897,-0.042851775884628296,-0.0382992597296834,8.610382,-0.25
5,304,24480,39.0,18.0,-21.0,4.0,29.0,25.0,0.04996729,0.04996729,-38.857727,-0.55402946,-0.00036006793,0.006786395,-0.002563838,0.004712146,0.05539053,-0.02569674,-0.08108727,0.018107438,-0.041762162,-0.059869602,0.018807322,-0.039475333,-0.058282655,0.023232961,-0.04016768,-0.06340064,39.0,18.0,-21.0,0.031732418,0.08169971,0.04996729,0.014824137,0.051229447,0.03640531,0.049588528,0.09276942,0.043180894,0.01690828,0.03047026,0.013561979,-0.01785611,-0.011069715,0.006786395,-0.012507189,-0.0077950433,0.004712146,0.0,0.0,0.0,12,12,0,0,0,0,0.0,0.0,0.0,12.416666666666666,7.083333333333333,-5.333333333333333,0.03173241764307022,0.08169970661401749,0.049967288970947266,0.014861489568526546,0.05149041302502155,0.03662892345649501,0.045946746754149594,0.09083352113763492,0.044886774383485324,0.01687092799693346,0.030209293588995934,0.013338365592062473,-0.014214329111079374,-0.009133814523617426,0.005080514587461948,-38.857727,0.0
5,305,24517,5.0,85.0,80.0,7.0,1.0,-6.0,0.036876958,0.036876958,-52.930084,-1.884203,0.006583236,-0.021331698,0.0034160577,-0.02195042,-0.009952826,0.027205588,0.037158415,0.06362772,0.15410885,0.09048113,0.04322398,0.1457541,0.10253012,0.042103983,0.14694484,0.10484085,5.0,85.0,80.0,0.035329584,0.07220654,0.036876958,0.0045361314,0.04876001,0.044223882,0.03957544,0.097784095,0.058208656,0.030793453,0.02344653,-0.0073469225,-0.004245855,-0.025577553,-0.021331698,-0.0016706325,-0.023621053,-0.02195042,0.0,0.0,0.0,8,8,0,2,0,-2,0.25,0.0,-0.25,2.25,29.0,26.75,0.035329584032297134,0.0722065418958664,0.03687695786356926,0.00478851082152687,0.04913642397150397,0.0443479131499771,0.03699789149686694,0.09666557889431715,0.05966768739745021,0.030541073065251112,0.02307011792436242,-0.007470955140888691,-0.001668307464569807,-0.024459036998450756,-0.02279072953388095,-52.930084,-0.25
5,306,24530,3.0,8.0,5.0,5.0,13.0,8.0,0.040290702,0.040290702,-27.707764,-0.08200264,0.0010046549,-0.0014201477,-0.0010591336,-0.0019191094,-0.3237236,-0.3239936,-0.00026997924,0.20109822,0.22685468,0.025756463,0.18417436,0.2504548,0.066280454,0.12392761,0.19725588,0.07332827,3.0,8.0,5.0,0.046630908,0.08692161,0.040290702,0.018882286,0.053255927,0.03437364,0.05032811,0.09203896,0.04171085,0.027748622,0.033665683,0.005917061,-0.0036972016,-0.0051173493,-0.0014201477,-0.0002820082,-0.0022011176,-0.0019191094,0.0,0.0,0.0,13,13,0,6,0,-6,0.46153846153846156,0.0,-0.46153846153846156,1.6153846153846154,3.3846153846153846,1.7692307692307692,0.04663090780377388,0.08692160993814468,0.040290702134370804,0.018897644602335416,0.05359894381119655,0.034701299208861135,0.047516852617263794,0.08897589261715229,0.041459039999888495,0.027733263201438464,0.03332266612694813,0.005589402925509669,-0.0008859448134899139,-0.0020542826790076038,-0.0011683378655176898,-27.707764,-0.46153846153846156
5,307,24560,1.0,398.0,397.0,1.0,1.0,0.0,0.011509519,0.011509519,-60.312958,-2.1374512,0.00044742227,-0.04060231,-0.0013733767,-0.040417876,0.43853733,0.41962925,-0.018908083,0.4745817,0.40981546,-0.06476623,0.49278313,0.42192844,-0.07085469,0.5024663,0.4430668,-0.059399515,1.0,398.0,397.0,0.039682798,0.051192317,0.011509519,0.0011332928,0.046899263,0.04576597,0.035071615,0.087183446,0.05211183,0.038549505,0.0042930543,-0.03425645,0.004611183,-0.03599113,-0.04060231,0.006588042,-0.033829834,-0.040417876,1.0,0.0,-1.0,5,5,0,5,0,-5,1.0,0.0,-1.0,1.0,121.6,120.6,0.03968279808759689,0.05119231715798378,0.011509519070386887,0.0010425850749015808,0.04692698791623116,0.04588440284132957,0.034339544177055356,0.08586037904024124,0.051520834863185885,0.03864021226763725,0.004265329241752625,-0.03437488302588463,0.005343253910541535,-0.03466806188225746,-0.040011315792799,-60.312958,-1.0
5,308,24638,2.0,67.0,65.0,2.0,2.0,0.0,0.030461986,0.030461986,-47.252106,-1.2744446,-7.782131e-06,-0.01747264,-0.0008593984,-0.018420804,0.055226095,0.20960106,0.15437496,0.0605623,-0.23265961,-0.29322192,0.11178405,-0.20409507,-0.3158791,0.11771741,-0.1816929,-0.2994103,2.0,67.0,65.0,0.046098795,0.07656078,0.030461986,0.012893646,0.052155577,0.03926193,0.04983915,0.097773775,0.047934625,0.033205148,0.024405204,-0.008799944,-0.0037403554,-0.021212995,-0.01747264,0.0019431002,-0.016477704,-0.018420804,0.0,0.0,0.0,10,10,0,4,0,-4,0.4,0.0,-0.4,1.6,22.0,20.4,0.04609879478812218,0.07656078040599823,0.030461985617876053,0.013130510970950127,0.05253291055560112,0.039402399584651,0.046757465600967406,0.09225095510482788,0.04549348950386047,0.03296828344464302,0.02402786985039711,-0.008940413594245907,-0.0006586708128452301,-0.01569017469882965,-0.015031503885984421,-47.252106,-0.4
5,309,24640,22.0,452.0,430.0,22.0,20.0,-2.0,0.022780545,0.022780545,-26.206665,-0.38112068,0.002480492,-0.03218045,0.0032471456,-0.036313184,-0.024722327,0.10647197,0.1311943,-0.019267796,-0.06338026,-0.04411246,-0.009605916,-0.04938029,-0.039774373,-0.012593964,-0.036181167,-0.023587203,22.0,452.0,430.0,0.025463026,0.04824357,0.022780545,0.0019183243,0.04639013,0.044471808,0.039569706,0.0945307,0.054960996,0.023544703,0.00185344,-0.021691263,-0.01410668,-0.04628713,-0.03218045,-0.006517183,-0.042830367,-0.036313184,0.0,0.0,0.0,4,4,0,0,0,0,0.0,0.0,0.0,5.5,140.5,135.0,0.025463026016950607,0.04824357107281685,0.02278054505586624,0.001604323711944744,0.04706291574984789,0.045458592037903145,0.029430496972054243,0.0934565681964159,0.06402607122436166,0.02385870274156332,0.0011806553229689598,-0.02267804741859436,-0.003967470955103636,-0.04521299712359905,-0.04124552616849542,-26.206665,0.0
5,310,24649,9.0,174.0,165.0,4.0,2.0,-2.0,0.020266347,0.020266347,-53.677002,-2.7014866,0.004237376,-0.018530503,0.0013639331,-0.01986111,0.5646813,0.58741087,0.022729576,0.3119763,0.3720175,0.06004119,0.31249166,0.37238228,0.059890628,0.37927976,0.43081722,0.051537454,9.0,174.0,165.0,0.037288148,0.057554495,0.020266347,-0.009077172,0.042744905,0.051822077,0.04625658,0.08505343,0.03879685,0.04636532,0.01480959,-0.03155573,-0.0089684315,-0.027498934,-0.018530503,-0.004488539,-0.024349649,-0.01986111,0.0,0.0,0.0,6,6,0,0,0,0,0.0,0.0,0.0,3.3333333333333335,55.833333333333336,52.5,0.03728814795613289,0.057554494589567184,0.020266346633434296,-0.008881433090815941,0.042870436484615006,0.051751869575430945,0.04189709511895975,0.08083237955967586,0.03893528444071611,0.0461695808917284,0.014684058104952177,-0.03148552278677622,-0.004608947162826856,-0.02327788497010867,-0.018668937807281814,-53.677002,0.0
5,311,24739,6.0,109.0,103.0,2.0,4.0,2.0,0.028591849,0.028591849,-33.743164,-0.70316315,-0.00096833706,-0.023818508,-0.002656687,-0.019686975,0.13424931,0.19176774,0.057518423,0.027286915,-0.01609591,-0.043382823,0.05993776,-0.024947878,-0.08488564,0.08372859,0.006606678,-0.07712191,6.0,109.0,103.0,0.043721884,0.07231373,0.028591849,0.0107395565,0.050816428,0.04007687,0.048453577,0.10086393,0.052410357,0.032982327,0.021497305,-0.011485022,-0.0047316924,-0.0285502,-0.023818508,-0.0027098432,-0.022396818,-0.019686975,0.0,0.0,0.0,11,11,0,1,0,-1,0.09090909090909091,0.0,-0.09090909090909091,2.3636363636363638,34.81818181818182,32.45454545454545,0.04372188448905945,0.07231373339891434,0.02859184890985489,0.01079713519323956,0.05106950889934193,0.04027237370610237,0.04535352506420829,0.09492920745502818,0.04957568239081989,0.03292474929581989,0.021244224499572407,-0.011680524796247486,-0.0016316405751488426,-0.02261547405611385,-0.020983833480965008,-33.743164,-0.09090909090909091
5,312,24740,1.0,1.0,0.0,1.0,1.0,0.0,0.04308855,0.04308855,-42.32617,-1.1273708,-0.0037872232,5.2846968e-05,-0.0080557875,-0.00048047677,0.30013305,0.2072788,-0.09285425,0.08976866,0.20512801,0.11535935,0.10003952,0.26722127,0.16718176,0.15031482,0.28901887,0.13870405,1.0,1.0,0.0,0.05001883,0.09310738,0.04308855,0.010853165,0.051110268,0.040257104,0.0490894,0.0921251,0.043035705,0.039165664,0.041997112,0.0028314479,0.0009294301,0.0009822771,5.2846968e-05,0.004015792,0.0035353154,-0.00048047677,1.0,1.0,0.0,12,12,0,12,12,0,1.0,1.0,0.0,1.0,1.0,0.0,0.050018828362226486,0.09310737997293472,0.04308855161070824,0.011322101345285773,0.051364277179042496,0.04004217583375672,0.046763077999154724,0.0897853747010231,0.04302229670186838,0.03869672709455093,0.04174310279389223,0.003046375699341297,0.0032557503630717597,0.003322005271911621,6.625490883986141e-05,-42.32617,0.0
5,313,24787,1.0,17.0,16.0,2.0,1.0,-1.0,0.038760364,0.038760364,-77.33557,-3.3552227,0.0041206926,-0.016042653,0.0005973987,-0.015560888,0.11176152,0.07336041,-0.038401105,0.09796127,0.18138589,0.08342462,0.11930616,0.21260613,0.09329997,0.123150915,0.20266771,0.0795168,1.0,17.0,16.0,0.039466932,0.0782273,0.038760364,-0.0001285913,0.044472337,0.044600926,0.037122894,0.09192591,0.054803018,0.039595522,0.03375496,-0.0058405623,0.0023440383,-0.013698615,-0.016042653,0.005961247,-0.009599641,-0.015560888,1.0,0.0,-1.0,9,9,0,9,0,-9,1.0,0.0,-1.0,1.0,5.888888888888889,4.888888888888889,0.03946693241596222,0.07822729647159576,0.038760364055633545,-0.0001184650868203284,0.04470139079623752,0.04481985588305785,0.031806413291229144,0.08750931753052606,0.05570290423929691,0.039585397061374455,0.03352590567535824,-0.006059491386016212,0.007660519124733077,-0.009282021058930291,-0.016942540183663368,-77.33557,-1.0
5,314,24846,4.0,324.0,320.0,5.0,3.0,-2.0,0.01128133,0.01128133,-68.14011,-2.243744,0.0013337657,-0.031169962,0.0014723726,-0.03423712,0.5968444,0.5146523,-0.08219206,-0.14853035,-0.1599892,-0.011458844,-0.16269724,-0.17705573,-0.014358491,-0.109577686,-0.13274391,-0.023166224,4.0,324.0,320.0,0.04077976,0.05206109,0.01128133,-0.0006690772,0.044278324,0.0449474,0.053487323,0.095938616,0.042451292,0.041448835,0.0077827647,-0.03366607,-0.012707565,-0.043877527,-0.031169962,-0.002892252,-0.037129372,-0.03423712,0.0,0.0,0.0,14,14,0,5,0,-5,0.35714285714285715,0.0,-0.35714285714285715,1.9285714285714286,98.5,96.57142857142857,0.040779758244752884,0.052061088383197784,0.0112813301384449,-0.0009006916778681833,0.04440541671855109,0.04530610839641927,0.04469369405082294,0.08743322002036231,0.04273952596953937,0.04168044961988926,0.007655671664646694,-0.034024777955242565,-0.003913935806070056,-0.035372131637164524,-0.031458195831094465,-68.14011,-0.35714285714285715
5,315,25059,87.0,324.0,237.0,42.0,12.0,-30.0,0.035045445,0.035045445,-70.8161,-2.7990608,0.011726672,-0.0112699885,0.009010525,-0.011513257,0.65029913,0.5890529,-0.061246216,0.5569854,0.529205,-0.027780354,0.5720252,0.52829254,-0.043732643,0.6010025,0.55463547,-0.04636705,87.0,324.0,237.0,0.019026218,0.054071665,0.035045445,0.003698525,0.04653987,0.042841345,0.04547042,0.091785856,0.046315435,0.015327693,0.0075317957,-0.0077958973,-0.026444202,-0.03771419,-0.0112699885,-0.021392567,-0.032905824,-0.011513257,0.0,0.0,0.0,7,7,0,0,0,0,0.0,0.0,0.0,26.571428571428573,102.28571428571429,75.71428571428572,0.019026217982172966,0.054071664810180664,0.0350454468280077,0.0037128886074892114,0.0468432397714683,0.04313035116397909,0.039558863533394675,0.0881909110716411,0.04863204753824643,0.015313329308160714,0.007228425038712365,-0.00808490426944835,-0.020532645551221713,-0.03411924626146044,-0.01358660071023873,-70.8161,0.0
5,316,25091,3.0,2.0,-1.0,16.0,30.0,14.0,0.045205563,0.045205563,-54.950745,-1.7575779,0.0051447116,0.002867218,0.0055570602,0.0011779703,-0.33093134,-0.3050636,0.02586773,-0.3920944,-0.07085459,0.32123983,-0.42987213,-0.06991644,0.35995567,-0.46118906,-0.112076186,0.34911287,3.0,2.0,-1.0,0.041151024,0.08635659,0.045205563,0.00820374,0.0490288,0.040825058,0.045970853,0.0883092,0.042338345,0.032947283,0.03732779,0.0043805055,-0.004819829,-0.0019526109,0.002867218,0.0012576766,0.002435647,0.0011779703,0.0,0.0,0.0,12,12,0,6,6,0,0.5,0.5,0.0,1.5,1.5,0.0,0.0411510244011879,0.08635658770799637,0.04520556330680847,0.00811595112706224,0.04916857245067755,0.04105262132361531,0.03953052032738924,0.08424878679215908,0.04471826646476984,0.033035073429346085,0.03718801525731882,0.004152941827972732,0.0016205040737986565,0.002107800915837288,0.00048729684203863144,-54.950745,0.0
5,317,25111,9.0,22.0,13.0,10.0,8.0,-2.0,0.044236075,0.044236075,-57.976044,-1.9048901,0.0072970837,-0.0023211502,0.004551068,-0.0050194673,0.5884475,0.5839214,-0.0045261383,0.09779793,0.08525963,-0.012538299,0.09261187,0.10626847,0.013656601,0.179415,0.18621159,0.0067965835,9.0,22.0,13.0,0.039293077,0.08352915,0.044236075,0.0064547155,0.049295694,0.04284098,0.052388944,0.09894617,0.046557225,0.03283836,0.03423346,0.0013950989,-0.013095867,-0.015417017,-0.0023211502,-0.0064993165,-0.011518784,-0.0050194673,0.0,0.0,0.0,10,10,0,1,0,-1,0.1,0.0,-0.1,3.2,7.8,4.6,0.0392930768430233,0.08352915197610855,0.04423607513308525,0.006424141442403197,0.04953167773783207,0.04310753629542887,0.0460367452353239,0.09464147314429283,0.04860472790896893,0.03286893479526043,0.03399747423827648,0.0011285394430160522,-0.006743668392300606,-0.01111232116818428,-0.004368652775883675,-57.976044,-0.1
5,318,25205,1.0,58.0,57.0,1.0,1.0,0.0,0.02686287,0.02686287,-54.28012,-1.369688,-0.00091220066,-0.021444827,-0.00070184097,-0.020466473,-0.23367156,-0.14356533,0.090106234,0.23402503,0.40549096,0.17146593,0.23641822,0.3697196,0.13330138,0.20075397,0.3446768,0.14392282,1.0,58.0,57.0,0.04411443,0.0709773,0.02686287,0.005459386,0.047490336,0.04203095,0.04007254,0.08838024,0.0483077,0.038655043,0.023486964,-0.015168078,0.004041888,-0.01740294,-0.021444827,0.0045905076,-0.015875965,-0.020466473,1.0,0.0,-1.0,10,10,0,10,0,-10,1.0,0.0,-1.0,1.0,18.7,17.7,0.044114429503679276,0.07097730040550232,0.026862870901823044,0.005292720720171928,0.04767655171453953,0.0423838309943676,0.0396197970956564,0.08614578321576119,0.04652598612010479,0.038821709156036374,0.02330074869096279,-0.015520960465073584,0.00449463240802288,-0.015168482810258866,-0.019663115218281745,-54.28012,-1.0
5,319,25250,1.0,81.0,80.0,1.0,1.0,0.0,0.0043604,0.0043604,-37.633575,-1.0966434,-0.01597771,-0.032078017,-0.01800977,-0.03569353,0.22139356,0.30120528,0.07981172,0.0053342683,0.049160395,0.043826126,0.02559786,0.060036972,0.034439113,0.045125186,0.0932335,0.048108317,1.0,81.0,80.0,0.06262891,0.06698931,0.0043604,0.0031427508,0.04487378,0.04173103,0.04869282,0.085131235,0.036438417,0.05948616,0.022115529,-0.03737063,0.013936091,-0.018141925,-0.032078017,0.019257512,-0.016436018,-0.03569353,1.0,0.0,-1.0,10,10,0,10,0,-10,1.0,0.0,-1.0,1.0,26.2,25.2,0.06262890994548798,0.06698931008577347,0.004360400140285492,0.0033805903745815157,0.04505619965493679,0.041675609280355276,0.04576200507581234,0.0826619178056717,0.03689991272985936,0.05924831964075565,0.021933110430836678,-0.03731520920991897,0.016866904869675636,-0.015672607719898222,-0.032539512589573855,-37.633575,-1.0
5,320,25268,1.0,22.0,21.0,2.0,1.0,-1.0,0.03669233,0.03669233,-32.664215,-1.1651001,0.002290044,-0.021919835,-0.002915252,-0.021116428,0.08577116,0.15287632,0.06710516,0.07629099,0.13270979,0.0564188,0.12980554,0.15638363,0.026578099,0.13654637,0.16757719,0.031030819,1.0,22.0,21.0,0.046284482,0.08297681,0.03669233,0.0011635629,0.047464367,0.046300802,0.040416587,0.09902875,0.058612164,0.045120917,0.035512444,-0.009608474,0.0058678947,-0.01605194,-0.021919835,0.009146057,-0.011970371,-0.021116428,1.0,0.0,-1.0,9,9,0,9,0,-9,1.0,0.0,-1.0,1.0,7.444444444444445,6.444444444444445,0.04628448188304901,0.0829768106341362,0.03669232875108719,0.0015289311025602121,0.047848648495144315,0.0463197173925841,0.037258603506618075,0.09571205410692427,0.05845345060030619,0.044755550722281136,0.035128162138991885,-0.00962738858328925,0.009025878376430936,-0.01273524347278807,-0.021761121849219005,-32.664215,-1.0
5,321,25284,2.0,20.0,18.0,1.0,1.0,0.0,0.033022452,0.033022452,-53.414093,-1.9290237,-0.005086951,-0.012971561,-0.006967474,-0.0146110095,0.22618023,0.043150235,-0.18303,0.43650517,0.29481706,-0.14168811,0.45460874,0.29353744,-0.1610713,0.46392715,0.29295078,-0.17097637,2.0,20.0,18.0,0.050752353,0.083774805,0.033022452,0.005197556,0.049737465,0.04453991,0.05322019,0.0992142,0.045994014,0.045554798,0.03403734,-0.011517458,-0.0024678372,-0.015439399,-0.012971561,0.003518749,-0.0110922605,-0.0146110095,0.0,0.0,0.0,13,13,0,9,0,-9,0.6923076923076923,0.0,-0.6923076923076923,1.3076923076923077,7.153846153846154,5.846153846153847,0.05075235292315483,0.08377480506896973,0.033022452145814896,0.005487163980992941,0.050015073556166426,0.04452790957517348,0.04782725182863382,0.09466047642322686,0.04683322459459304,0.0452651885839609,0.0337597315128033,-0.011505457071157597,0.002925101094521009,-0.010885671354257144,-0.013810772448778152,-53.414093,-0.6923076923076923
5,322,25287,1.0,8.0,7.0,5.0,1.0,-4.0,0.038265493,0.038265493,-61.828003,-2.5953178,0.0063904375,-0.012144718,0.0036979057,-0.014420953,0.035692897,-0.011963472,-0.04765637,0.07440773,0.07155,-0.0028577298,0.091675736,0.06557821,-0.026097529,0.090750284,0.06046765,-0.030282635,1.0,8.0,7.0,0.043427814,0.08169331,0.038265493,-0.0020727166,0.04354115,0.045613866,0.038287602,0.08869781,0.05041021,0.04550053,0.03815216,-0.0073483735,0.0051402114,-0.007004507,-0.012144718,0.010314506,-0.004106447,-0.014420953,1.0,0.0,-1.0,10,10,0,10,1,-9,1.0,0.1,-0.9,1.0,3.6,2.6,0.04342781379818916,0.08169330656528473,0.038265492767095566,-0.0020860139513388274,0.044259455800056455,0.04634546975139528,0.031976336240768434,0.0861013539135456,0.05412501767277717,0.0455138273537159,0.037433850765228274,-0.008079976588487622,0.011451477557420731,-0.004408047348260879,-0.01585952490568161,-61.828003,-0.9
5,323,25318,2.0,33.0,31.0,1.0,2.0,1.0,0.03291782,0.03291782,-44.817535,-1.5796223,-0.0005044788,-0.016412929,-0.00059447065,-0.021199375,0.011050578,0.06558875,0.05453817,0.2004247,0.257944,0.057519287,0.20009477,0.24985214,0.04975736,0.20224781,0.2545732,0.052325383,2.0,33.0,31.0,0.043770105,0.076687925,0.03291782,-0.0002874555,0.047998376,0.04828583,0.04493288,0.09426363,0.04933075,0.04405756,0.028689548,-0.015368011,-0.0011627749,-0.017575704,-0.016412929,0.00673607,-0.0144633055,-0.021199375,0.0,0.0,0.0,10,10,0,5,0,-5,0.5,0.0,-0.5,1.5,11.1,9.6,0.04377010464668274,0.07668792456388474,0.032917819917201996,-0.0005938853370025754,0.04765311814844608,0.04824700348544866,0.0399649403989315,0.09189186319708824,0.051926922798156736,0.044363989308476445,0.029034806415438652,-0.015329182893037793,0.003805164247751236,-0.015203938633203507,-0.019009102880954743,-44.817535,-0.5
5,324,25319,1.0,5.0,4.0,1.0,1.0,0.0,0.042166293,0.042166293,-60.011993,-1.972866,-0.006024141,-0.010695007,-0.008714005,-0.010831796,0.057415206,0.34794214,0.29052693,0.0019581832,-0.08425847,-0.08621665,0.0029189743,-0.072379455,-0.07529843,0.0072834687,-0.006281768,-0.013565237,1.0,5.0,4.0,0.051303856,0.09347015,0.042166293,0.007242906,0.04815152,0.040908612,0.047363404,0.1002247,0.0528613,0.04406095,0.04531863,0.0012576804,0.003940452,-0.006754555,-0.010695007,0.009703934,-0.0011278614,-0.010831796,1.0,0.0,-1.0,10,10,0,10,2,-8,1.0,0.2,-0.8,1.0,2.1,1.1,0.05130385607481003,0.09347014874219894,0.042166292667388916,0.007457353500649333,0.048614551872015,0.041157198371365666,0.04225722551345825,0.09481350257992745,0.0525562770664692,0.04384650215506554,0.04485559687018394,0.001009094715118404,0.009046630561351776,-0.0013433538377285003,-0.010389984399080275,-60.011993,-0.8
5,325,25371,2.0,112.0,110.0,1.0,1.0,0.0,0.023710959,0.023710959,-46.83426,-1.4680862,-0.0066625215,-0.026187848,-0.005467981,-0.031426333,0.345965,0.25049973,-0.09546527,0.24554662,0.27153906,0.025992438,0.24010803,0.27011004,0.030002013,0.26436046,0.28733042,0.022969961,2.0,112.0,110.0,0.043733947,0.067444906,0.023710959,0.002104335,0.047514975,0.04541064,0.04563139,0.0955302,0.049898807,0.041629612,0.01992993,-0.021699682,-0.0018974431,-0.028085291,-0.026187848,0.006060414,-0.025365919,-0.031426333,0.0,0.0,0.0,11,11,0,8,0,-8,0.7272727272727273,0.0,-0.7272727272727273,1.2727272727272727,35.90909090909091,34.63636363636363,0.04373394697904587,0.06744490563869476,0.023710958659648895,0.002462819472632625,0.048056179149584335,0.04559335967695171,0.037806940180334175,0.091929669407281,0.05412272922694683,0.04127112742174755,0.019388726489110428,-0.021882400932637124,0.00592700679871169,-0.024484763768586246,-0.030411770567297935,-46.83426,-0.7272727272727273
5,326,25454,1.0,18.0,17.0,1.0,1.0,0.0,0.031313423,0.031313423,-72.17212,-2.989664,0.0006721616,-0.021241352,-0.0020469986,-0.021255046,0.093859,0.14361095,0.049751952,0.07400937,0.041962218,-0.03204715,0.08959829,0.05230438,-0.03729391,0.102271706,0.070202366,-0.03206934,1.0,18.0,17.0,0.04881451,0.08012793,0.031313423,-0.00042592513,0.04612749,0.046553414,0.03992289,0.092477664,0.052554775,0.049240433,0.03400044,-0.015239991,0.00889162,-0.012349732,-0.021241352,0.011147812,-0.010107234,-0.021255046,1.0,0.0,-1.0,8,8,0,8,0,-8,1.0,0.0,-1.0,1.0,7.0,6.0,0.04881450906395912,0.08012793213129044,0.031313423067331314,-0.0006067437607271131,0.04592625191435218,0.04653299567507929,0.03777708485722542,0.08966543897986412,0.0518883541226387,0.049421252217143774,0.03420168021693826,-0.015219572000205517,0.011037424206733704,-0.009537506848573685,-0.02057493105530739,-72.17212,-1.0
5,327,25570,1.0,14.0,13.0,1.0,2.0,1.0,0.028400324,0.028400324,-26.821106,-0.2974701,-0.004538741,-0.012554016,-0.004613772,-0.014958512,0.12235669,0.16020794,0.03785125,0.023027677,-0.018451931,-0.04147961,0.010505493,-0.02972259,-0.040228084,0.028709127,-0.0044820807,-0.033191208,1.0,14.0,13.0,0.05078627,0.079186596,0.028400324,0.0055553317,0.04751709,0.04196176,0.0473073,0.08826164,0.04095434,0.04523094,0.031669505,-0.013561435,0.0034789704,-0.009075046,-0.012554016,0.0082458,-0.0067127123,-0.014958512,1.0,0.0,-1.0,9,9,0,9,0,-9,1.0,0.0,-1.0,1.0,5.111111111111111,4.111111111111111,0.05078627169132233,0.07918659597635269,0.028400324285030365,0.005738735509415467,0.047788588951031365,0.042049853441615895,0.0423629449473487,0.0864902635415395,0.044127318594190806,0.04504753649234772,0.03139800702532133,-0.01364952946702639,0.008423326743973626,-0.007303667565186818,-0.015726994309160445,-26.821106,-1.0
5,328,25578,2.0,47.0,45.0,2.0,3.0,1.0,0.0316066,0.0316066,-32.491516,-0.56619644,-0.003968682,-0.011398613,-0.0046166033,-0.014191471,-0.24209693,-0.32917854,-0.08708161,0.051575772,0.12525949,0.07368372,0.065314084,0.17422141,0.10890733,0.02884146,0.11125802,0.082416564,2.0,47.0,45.0,0.045081884,0.07668848,0.0316066,0.011119702,0.050487433,0.03936773,0.050609834,0.09361505,0.043005213,0.033962183,0.02620105,-0.007761132,-0.005527951,-0.016926564,-0.011398613,-6.145239e-05,-0.014252923,-0.014191471,0.0,0.0,0.0,7,7,0,4,0,-4,0.5714285714285714,0.0,-0.5714285714285714,1.4285714285714286,14.714285714285714,13.285714285714285,0.045081883668899536,0.0766884833574295,0.03160659968852997,0.011009805968829564,0.05067657200353486,0.0396667660347053,0.04609068695987974,0.09053729474544525,0.044446607785565515,0.0340720782322543,0.02601191135389464,-0.008060166878359656,-0.0010088032909802028,-0.013848811388015747,-0.012840008097035545,-32.491516,-0.5714285714285714
5,329,25581,12.0,312.0,300.0,25.0,16.0,-9.0,0.02600271,0.02600271,-35.873444,-1.1081371,0.005076589,-0.028992197,0.0048363414,-0.027733395,-0.22541331,-0.4578021,-0.23238878,-0.058066744,0.23944438,0.29751113,-0.074492685,0.23759332,0.31208602,-0.10467111,0.17233692,0.27700803,12.0,312.0,300.0,0.027308973,0.053311683,0.02600271,-0.0031583966,0.044751104,0.047909502,0.034721997,0.089716904,0.054994907,0.030467369,0.008560579,-0.02190679,-0.007413024,-0.03640522,-0.028992197,-0.0056631844,-0.03339658,-0.027733395,0.0,0.0,0.0,11,11,0,0,0,0,0.0,0.0,0.0,4.090909090909091,95.72727272727273,91.63636363636364,0.02730897255241871,0.05331168323755264,0.026002710685133934,-0.0030655470803718676,0.04504655978896401,0.04811210686933588,0.03251269561323253,0.08615775474093178,0.05364505912769925,0.030374519526958466,0.00826512344858863,-0.022109396078369835,-0.005203723060813817,-0.03284607150337913,-0.02764234844256531,-35.873444,0.0
5,330,25588,6.0,244.0,238.0,5.0,10.0,5.0,0.024353258,0.024353258,-15.090973,0.17197609,0.00035411865,-0.022378925,-0.00033570454,-0.026342243,0.7166692,0.7484248,0.031755626,0.68040246,0.63892496,-0.0414775,0.7131975,0.66689837,-0.04629916,0.7433116,0.7043187,-0.03899288,6.0,244.0,238.0,0.035627864,0.059981123,0.024353258,0.00312712,0.049334206,0.046207085,0.045080055,0.09181224,0.046732184,0.032500744,0.010646917,-0.021853827,-0.00945219,-0.031831115,-0.022378925,-0.0032426417,-0.029584885,-0.026342243,0.0,0.0,0.0,10,10,0,0,0,0,0.0,0.0,0.0,2.6,76.7,74.10000000000001,0.03562786430120468,0.059981122612953186,0.024353258311748505,0.003180452110245824,0.04986123442649841,0.046680782316252584,0.04059272557497025,0.08925452008843422,0.048661794513463974,0.03244741223752499,0.010119888186454772,-0.022327524051070215,-0.004964861273765564,-0.029273397475481033,-0.02430853620171547,-15.090973,0.0
5,331,25602,311.0,207.0,-104.0,487.0,446.0,-41.0,0.055405915,0.055405915,-44.652832,-1.3296013,0.015944138,-0.0018741041,0.01747489,-0.0034628287,0.40964425,0.39907774,-0.010566503,0.33166692,0.29646438,-0.035202533,0.33230305,0.30110657,-0.031196475,0.35419196,0.32481542,-0.029376537,311.0,207.0,-104.0,0.0057958933,0.061201807,0.055405915,0.000776258,0.047704466,0.04692821,0.03656715,0.09384717,0.05728002,0.0050196354,0.013497341,0.008477706,-0.03077126,-0.032645363,-0.0018741041,-0.026317041,-0.02977987,-0.0034628287,0.0,0.0,0.0,9,9,0,0,0,0,0.0,0.0,0.0,90.77777777777777,63.333333333333336,-27.444444444444436,0.005795893259346485,0.061201807111501694,0.05540591385215521,0.0006187837764931222,0.04768658346600003,0.0470677996895069,0.030636755749583244,0.09137068192164104,0.06073392617205779,0.005177109502255917,0.013515223645501666,0.00833811414324575,-0.02484086321459876,-0.03016887481013934,-0.005328011595540579,-44.652832,0.0
5,332,25693,3.0,5.0,2.0,10.0,12.0,2.0,0.049769524,0.049769524,-57.271057,-1.7303295,0.0017652437,0.0033044182,0.0012401193,-0.00088437647,-0.55454415,-0.47745153,0.07709262,-0.23139502,0.113498405,0.34489343,-0.2250649,0.12419355,0.34925845,-0.27271116,0.07367371,0.34638488,3.0,5.0,2.0,0.037919145,0.08768867,0.049769524,0.006190509,0.04989817,0.04370766,0.04826224,0.094727345,0.046465106,0.031728636,0.0377905,0.006061863,-0.010343093,-0.0070386752,0.0033044182,-0.0018345118,-0.0027188882,-0.00088437647,0.0,0.0,0.0,8,8,0,3,3,0,0.375,0.375,0.0,1.75,1.75,0.0,0.037919145077466965,0.08768866956233978,0.04976952448487282,0.006417078024242073,0.05015480564907193,0.04373772762482986,0.041564977494999766,0.08876400254666805,0.047199025051668286,0.031502067344263196,0.03753386391326785,0.006031796569004655,-0.0036458324175328016,-0.00107533298432827,0.0025704994332045317,-57.271057,0.0
5,333,25702,352.0,856.0,504.0,156.0,125.0,-31.0,0.023836628,0.023836628,-42.86493,-1.5471077,0.016325403,-0.033587243,0.012265164,-0.028856829,0.5064497,0.4742535,-0.032196194,0.16551045,-0.06211462,-0.22762507,0.16462342,-0.05539114,-0.22001457,0.22430311,0.006227889,-0.21807522,352.0,856.0,504.0,0.008420379,0.032257006,0.023836628,0.0041926713,0.04676867,0.042575996,0.03554127,0.09296514,0.05742387,0.0042277076,-0.0145116635,-0.01873937,-0.027120892,-0.060708135,-0.033587243,-0.024083495,-0.052940324,-0.028856829,0.0,0.0,0.0,9,9,0,0,0,0,0.0,0.0,0.0,104.66666666666667,258.77777777777777,154.1111111111111,0.008420378901064396,0.03225700557231903,0.023836626671254635,0.004022290542100866,0.04700572623146905,0.04298343568936818,0.0322484475457006,0.08956234819359249,0.05731390064789189,0.004398088333093458,-0.014748720659150017,-0.019146808992243476,-0.02382806936899821,-0.057305342621273465,-0.03347727325227526,-42.86493,0.0
5,334,25711,1.0,2.0,1.0,1.0,3.0,2.0,0.052202918,0.052202918,-26.987122,0.018894196,-0.0095249675,-0.0077901743,-0.007785853,-0.0039648823,0.39308482,0.32563913,-0.067445695,-0.15226026,-0.08349531,0.06876495,-0.19274914,-0.10943119,0.08331795,-0.12069292,-0.064522654,0.05617027,1.0,2.0,1.0,0.043862924,0.09606584,0.052202918,0.008839947,0.04868054,0.039840594,0.037108254,0.097101346,0.059993092,0.035022978,0.0473853,0.012362324,0.0067546703,-0.001035504,-0.0077901743,0.009263832,0.00529895,-0.0039648823,1.0,0.0,-1.0,9,9,0,9,7,-2,1.0,0.7777777777777778,-0.2222222222222222,1.0,1.2222222222222223,0.22222222222222232,0.043862923979759216,0.09606584161520004,0.052202917635440826,0.00882995780557394,0.04866068230734931,0.03983072450177537,0.03385188885860973,0.0891941496067577,0.05534226074814797,0.0350329652428627,0.04740515930785073,0.012372194064988032,0.010011035121149488,0.006871692008442349,-0.003139343112707139,-26.987122,-0.2222222222222222
5,335,25741,7.0,171.0,164.0,3.0,6.0,3.0,0.025905669,0.025905669,-49.848846,-1.380991,0.0030052997,-0.013438683,-0.0023039095,-0.016385466,0.3551534,0.32175714,-0.033396274,0.19810843,0.13926913,-0.058839306,0.19857289,0.13862707,-0.05994582,0.22802429,0.1679434,-0.060080886,7.0,171.0,164.0,0.035861127,0.061766796,0.025905669,0.0051095043,0.04719165,0.042082146,0.04699831,0.08634266,0.03934435,0.030751623,0.014575146,-0.016176477,-0.011137184,-0.024575867,-0.013438683,-0.005519122,-0.021904588,-0.016385466,0.0,0.0,0.0,5,5,0,0,0,0,0.0,0.0,0.0,3.6,53.2,49.6,0.03586112707853317,0.06176679581403732,0.02590566873550415,0.005446365382522344,0.04751848578453064,0.0420721204020083,0.045428451150655746,0.08463294804096222,0.03920449689030647,0.0304147619754076,0.014248310029506684,-0.01616645194590092,-0.009567324072122574,-0.022866152226924896,-0.013298828154802322,-49.848846,0.0
5,336,25746,3.0,129.0,126.0,1.0,3.0,2.0,0.021754127,0.021754127,-30.780914,-0.66350746,-0.008290384,-0.027486905,-0.007875577,-0.026169036,0.62667143,0.58518785,-0.04148358,0.567884,-0.12168387,-0.6895679,0.57721245,-0.12487173,-0.7020842,0.596225,-0.05662549,-0.6528505,3.0,129.0,126.0,0.046362367,0.06811649,0.021754127,0.010505142,0.050286338,0.039781198,0.04807211,0.09731314,0.049241032,0.035857223,0.017830156,-0.018027067,-0.0017097443,-0.02919665,-0.027486905,0.00072751567,-0.02544152,-0.026169036,0.0,0.0,0.0,5,5,0,2,0,-2,0.4,0.0,-0.4,1.6,35.2,33.6,0.046362366527318954,0.06811649352312088,0.021754126995801926,0.010444875992834567,0.05010583847761154,0.039660962484776976,0.046584303677082065,0.0913112685084343,0.04472696483135223,0.0359174907207489,0.01801065504550934,-0.01790683567523956,-0.0002219371497631073,-0.023194774985313416,-0.02297283783555031,-30.780914,-0.4
5,337,25881,1.0,43.0,42.0,1.0,3.0,2.0,0.026064247,0.026064247,-58.618866,-2.1993656,-0.0032834075,-0.020278625,-0.008556798,-0.021953002,-0.34094083,-0.12250283,0.218438,0.32736787,0.29147956,-0.035888314,0.32891232,0.2917273,-0.037185013,0.24666156,0.26101008,0.014348522,1.0,43.0,42.0,0.052146114,0.07821036,0.026064247,0.014003996,0.051337004,0.037333008,0.050303817,0.09664669,0.046342872,0.03814212,0.026873358,-0.011268761,0.0018422976,-0.018436328,-0.020278625,0.0070172995,-0.014935702,-0.021953002,1.0,0.0,-1.0,6,6,0,6,0,-6,1.0,0.0,-1.0,1.0,13.5,12.5,0.05214611440896988,0.07821036130189896,0.026064246892929077,0.013872957012305656,0.05127745866775513,0.03740450165544947,0.04678051918745041,0.09134877721468608,0.04456825802723567,0.03827315755188465,0.02693290263414383,-0.011340254917740822,0.00536559522151947,-0.013138415912787119,-0.018504011134306587,-58.618866,-1.0
5,338,25906,1.0,284.0,283.0,1.0,1.0,0.0,0.016712207,0.016712207,-18.34848,-0.12627792,-0.0016310252,-0.03866763,-0.0022042505,-0.036422674,0.41329366,0.40465912,-0.008634537,0.3148139,0.20603798,-0.10877593,0.33535945,0.22944139,-0.105918065,0.38123342,0.27328047,-0.10795295,1.0,284.0,283.0,0.03972042,0.056432627,0.016712207,0.005716904,0.04698815,0.041271243,0.037852436,0.093232274,0.055379838,0.034003515,0.009444479,-0.024559036,0.0018679835,-0.036799647,-0.03866763,0.0038802288,-0.032542445,-0.036422674,1.0,0.0,-1.0,10,10,0,10,0,-10,1.0,0.0,-1.0,1.0,88.0,87.0,0.03972041979432106,0.05643262714147568,0.016712207347154617,0.0059746042359620334,0.04732411317527294,0.04134950893931091,0.03652320876717567,0.09084208682179451,0.05431887805461884,0.033745815977454185,0.009108513966202736,-0.02463730201125145,0.003197211027145386,-0.03440945968031883,-0.03760667070746422,-18.34848,-1.0
5,339,25959,2.0,133.0,131.0,3.0,2.0,-1.0,0.022069804,0.022069804,-51.662537,-2.2549496,0.0018750727,-0.035289783,0.0035639517,-0.040311553,-0.07618622,0.049583565,0.12576978,0.13938615,0.12830533,-0.011080816,0.12562291,0.12210676,-0.0035161525,0.11265289,0.12044532,0.007792428,2.0,133.0,131.0,0.040146224,0.06221603,0.022069804,-0.010743964,0.042357575,0.05310154,0.045369957,0.102729544,0.057359587,0.05089019,0.019858453,-0.031031735,-0.0052237324,-0.040513515,-0.035289783,0.0038502514,-0.0364613,-0.040311553,0.0,0.0,0.0,11,11,0,8,0,-8,0.7272727272727273,0.0,-0.7272727272727273,1.2727272727272727,41.18181818181818,39.90909090909091,0.040146224200725555,0.062216028571128845,0.02206980437040329,-0.010729137638753111,0.04275758937001228,0.053486727008765396,0.03726804866032167,0.09845774485306306,0.061189696192741394,0.05087536200881004,0.019458439201116562,-0.03141692280769348,0.0028781755404038863,-0.03624171628193422,-0.039119891822338104,-51.662537,-0.7272727272727273
5,340,26119,15.0,88.0,73.0,8.0,1.0,-7.0,0.04018171,0.04018171,-51.81668,-2.3113232,0.009078121,-0.009943424,0.007448999,-0.010510029,0.3199303,0.29541677,-0.024513513,0.2195515,0.12115057,-0.098400936,0.23514491,0.11647034,-0.11867458,0.26279628,0.15188824,-0.11090805,15.0,88.0,73.0,0.028703855,0.068885565,0.04018171,-0.0028710782,0.045974422,0.0488455,0.04337204,0.09349717,0.050125133,0.031574935,0.022911143,-0.008663792,-0.014668183,-0.024611607,-0.009943424,-0.0114279,-0.02193793,-0.010510029,0.0,0.0,0.0,10,10,0,0,0,0,0.0,0.0,0.0,5.0,29.3,24.3,0.028703855350613594,0.06888556480407715,0.040181709453463554,-0.0026899531949311495,0.04644429497420788,0.04913424816913903,0.04228561073541641,0.0914563775062561,0.04917076677083969,0.031393808871507646,0.02244126982986927,-0.008952539041638376,-0.013581755384802819,-0.022570812702178956,-0.008989057317376137,-51.81668,0.0
5,341,26127,1.0,419.0,418.0,2.0,3.0,1.0,0.006136477,0.006136477,-29.3432,-0.26694298,0.0043562427,-0.04415418,-0.0030374527,-0.04550687,0.14413087,0.11886808,-0.025262788,-0.12700574,0.007130692,0.13413644,-0.1336127,0.008781349,0.14239405,-0.11273732,0.021027226,0.13376455,1.0,419.0,418.0,0.04669671,0.05283319,0.006136477,0.0109088365,0.049735136,0.0388263,0.04142004,0.091710694,0.050290655,0.035787873,0.003098052,-0.03268982,0.0052766725,-0.038877506,-0.04415418,0.007911928,-0.03759494,-0.04550687,1.0,0.0,-1.0,7,7,0,7,0,-7,1.0,0.0,-1.0,1.0,128.0,127.0,0.04669671133160591,0.0528331883251667,0.006136476993560791,0.01067515422723123,0.04980331180351121,0.03912815757627998,0.03777221004877772,0.0909125953912735,0.05314038534249578,0.036021557237420766,0.0030298765216554913,-0.032991680715765276,0.008924501282828195,-0.038079407066106796,-0.04700390834893499,-29.3432,-1.0
5,342,26163,2.0,91.0,89.0,1.0,1.0,0.0,0.031446937,0.031446937,-37.035797,-0.7397995,0.0022902936,-0.017461572,-0.00015843287,-0.021485668,0.1251094,-0.10474623,-0.22985563,-0.036596164,0.32809493,0.36469108,-0.03463378,0.33915383,0.3737876,-0.021580983,0.32867065,0.35025164,2.0,91.0,89.0,0.039056543,0.07050348,0.031446937,0.0050896355,0.049439766,0.04435013,0.046645604,0.09555411,0.04890851,0.033966906,0.021063715,-0.012903191,-0.007589061,-0.025050633,-0.017461572,0.00033856556,-0.021147102,-0.021485668,0.0,0.0,0.0,5,5,0,3,0,-3,0.6,0.0,-0.6,1.4,30.2,28.8,0.03905654326081276,0.07050348073244095,0.03144693747162819,0.0052188470959663395,0.0497695654630661,0.04455071836709976,0.04036792442202568,0.08857324868440627,0.0482053242623806,0.03383769616484642,0.020733915269374847,-0.013103780895471574,-0.0013113811612129212,-0.018069767951965333,-0.01675838679075241,-37.035797,-0.6
5,343,26243,4.0,80.0,76.0,1.0,1.0,0.0,0.027887896,0.027887896,-72.19449,-2.6077824,0.0027718917,-0.021835525,0.00433293,-0.020890798,0.31177485,0.2837885,-0.027986348,0.48859352,0.480095,-0.00849852,0.4863434,0.48463938,-0.0017040372,0.48932308,0.48318928,-0.006133795,4.0,80.0,76.0,0.042301327,0.07018922,0.027887896,0.0010156517,0.04712668,0.04611103,0.051309798,0.10103322,0.04972342,0.041285675,0.023062542,-0.018223133,-0.009008471,-0.030843996,-0.021835525,-0.001984883,-0.022875682,-0.020890798,0.0,0.0,0.0,8,8,0,2,0,-2,0.25,0.0,-0.25,2.375,24.5,22.125,0.042301326990127563,0.0701892226934433,0.027887895703315735,0.0010865629847103264,0.047015301417559385,0.04592873843284906,0.04535077465698123,0.09294598270207644,0.047595208045095205,0.04121476458385587,0.023173921275883913,-0.018040843307971954,-0.0030494476668536663,-0.022756760008633137,-0.01970731234177947,-72.19449,-0.25
5,344,26292,36.0,550.0,514.0,11.0,20.0,9.0,0.019412335,0.019412335,-18.901611,-0.21520805,0.0048027523,-0.03278591,0.0019308478,-0.032357644,0.33841693,0.33448946,-0.0039274693,0.14862545,0.19706888,0.048443437,0.15957056,0.199923,0.040352434,0.20452216,0.23948978,0.034967616,36.0,550.0,514.0,0.026415564,0.0458279,0.019412335,0.004604663,0.04753413,0.042929467,0.041595854,0.0937941,0.052198246,0.0218109,-0.0017062314,-0.023517132,-0.01518029,-0.0479662,-0.03278591,-0.011463441,-0.043821085,-0.032357644,0.0,0.0,0.0,8,8,0,0,0,0,0.0,0.0,0.0,11.125,166.375,155.25,0.026415564119815826,0.045827899128198624,0.019412335008382797,0.004623633780283853,0.047500919084995985,0.04287728530471213,0.036709933541715145,0.08886372298002243,0.052153789438307285,0.021791930543258786,-0.0016730199567973614,-0.023464950500056148,-0.010294369421899319,-0.04303582385182381,-0.03274145442992449,-18.901611,0.0
5,345,26307,2.0,8.0,6.0,1.0,1.0,0.0,0.036597554,0.036597554,-56.45761,-2.4183846,-3.1627715e-06,-0.0076833367,-0.0004322566,-0.008088946,-0.31051546,-0.22062573,0.089889735,-0.2606378,-0.1717598,0.08887799,-0.2390331,-0.092514195,0.14651892,-0.2657931,-0.12524977,0.14054334,2.0,8.0,6.0,0.04053847,0.077136025,0.036597554,-0.0034742595,0.043490086,0.046964344,0.042534266,0.086815156,0.04428089,0.04401273,0.03364594,-0.01036679,-0.0019957945,-0.009679131,-0.0076833367,0.0019522011,-0.006136745,-0.008088946,0.0,0.0,0.0,12,12,0,11,1,-10,0.9166666666666666,0.08333333333333333,-0.8333333333333333,1.0833333333333333,3.3333333333333335,2.25,0.040538471192121506,0.07713602483272552,0.03659755364060402,-0.003639753966126591,0.0437739621847868,0.04741371615091339,0.03778921952471137,0.08381963024536769,0.04603041072065632,0.044178225100040436,0.03336206264793873,-0.010816162452101707,0.0027492516674101353,-0.006683605412642161,-0.009432857080052297,-56.45761,-0.8333333333333333
5,346,26351,2.0,14.0,12.0,1.0,1.0,0.0,0.041971404,0.041971404,-34.25403,-0.40925026,-0.0041376315,-0.010068808,-0.003422035,-0.012290299,0.065929845,0.037377357,-0.028552487,-0.0034042858,0.04097442,0.044378705,-0.0065255975,0.056168806,0.0626944,0.005021178,0.06018952,0.05516834,2.0,14.0,12.0,0.04013064,0.082102045,0.041971404,0.0015630441,0.048474543,0.0469115,0.044569783,0.096609995,0.05204021,0.0385676,0.033627503,-0.0049400963,-0.0044391416,-0.014507949,-0.010068808,0.001472041,-0.010818258,-0.012290299,0.0,0.0,0.0,10,10,0,8,0,-8,0.8,0.0,-0.8,1.2,4.8,3.5999999999999996,0.04013064131140709,0.08210204541683197,0.04197140410542488,0.001852516533108428,0.04862569980323315,0.04677318327012472,0.038542577624320985,0.09237413555383682,0.053831557929515834,0.03827812485396862,0.03347634561359882,-0.0048017792403697995,0.0015880636870861053,-0.010272090137004853,-0.011860153824090959,-34.25403,-0.8
5,347,26372,11.0,650.0,639.0,10.0,49.0,39.0,0.006706685,0.006706685,-37.977814,-0.77220726,-0.00028378144,-0.041434832,-0.00095938146,-0.04147172,0.38719398,0.2530754,-0.13411859,0.14390838,0.22465703,0.08074865,0.1416678,0.2193247,0.077656895,0.19264095,0.24480693,0.052165985,11.0,650.0,639.0,0.036238484,0.04294517,0.006706685,0.007773895,0.048892178,0.041118283,0.04509011,0.093231626,0.048141517,0.02846459,-0.0059470087,-0.034411598,-0.008851625,-0.050286457,-0.041434832,-0.0070457235,-0.048517443,-0.04147172,0.0,0.0,0.0,15,15,0,0,0,0,0.0,0.0,0.0,3.4,196.2,192.79999999999998,0.03623848408460617,0.042945168912410736,0.006706684827804565,0.007573677568385998,0.048978221416473386,0.04140454384808739,0.042905196795860925,0.08951169153054556,0.04660649473468463,0.02866480660935243,-0.006033052504062652,-0.03469785911341508,-0.006666712711254756,-0.04656652261813481,-0.03989980990688006,-37.977814,0.0
5,348,26435,1.0,388.0,387.0,1.0,1.0,0.0,0.010034077,0.010034077,-78.15262,-3.0711155,-0.004467286,-0.039009422,-0.0055975765,-0.038708597,0.31396493,0.3195106,0.0055456758,0.33967847,0.37418422,0.034505755,0.33014154,0.3606844,0.03054285,0.34011003,0.364252,0.024141967,1.0,388.0,387.0,0.040122192,0.05015627,0.010034077,0.0077061537,0.046328306,0.038622152,0.03921076,0.08825426,0.0490435,0.03241604,0.003827963,-0.028588075,0.00091143325,-0.03809799,-0.039009422,0.0054118447,-0.033296753,-0.038708597,1.0,0.0,-1.0,6,6,0,6,0,-6,1.0,0.0,-1.0,1.0,121.16666666666667,120.16666666666667,0.04012219235301018,0.05015626922249794,0.010034076869487762,0.007714779116213322,0.04657120878497759,0.03885642966876427,0.03654623373101155,0.08119672040144603,0.04465048667043448,0.032407412926355995,0.003585060437520345,-0.02882235248883565,0.003575958621998628,-0.031040451178948086,-0.03461640980094671,-78.15262,-1.0
5,349,26458,1.0,1.0,0.0,1.0,1.0,0.0,0.043138087,0.043138087,-40.266846,-1.3400307,-0.004241042,-0.005717702,-0.003792826,-0.008196395,0.19884227,0.2230214,0.02417913,0.12050242,0.23360054,0.11309812,0.13539024,0.25047326,0.115083024,0.15833327,0.27485612,0.11652285,1.0,1.0,0.0,0.0485961,0.091734186,0.043138087,0.006271565,0.049135428,0.042863864,0.042246588,0.09110238,0.04885579,0.042324536,0.042598758,0.00027422234,0.0063495114,0.00063180923,-0.005717702,0.00977559,0.0015791953,-0.008196395,1.0,1.0,0.0,12,12,0,12,12,0,1.0,1.0,0.0,1.0,1.0,0.0,0.0485960990190506,0.09173418581485748,0.043138086795806885,0.0064286621830736594,0.04954845551401377,0.043119793330940105,0.03853970176229874,0.09006621812780698,0.051526516365508236,0.042167436331510544,0.042185730300843716,1.8293969333171844e-05,0.010056397256751856,0.0016679676870505016,-0.008388429569701355,-40.266846,0.0
5,350,26598,1.0,200.0,199.0,1.0,1.0,0.0,0.008278947,0.008278947,-62.40454,-2.4482822,-0.0046437904,-0.056327537,-0.0041024983,-0.048573963,0.65050066,0.6127988,-0.037701845,0.5316942,0.5406557,0.008961499,0.5724346,0.573234,0.0007994175,0.60702056,0.5990009,-0.008019686,1.0,200.0,199.0,0.051148266,0.059427213,0.008278947,-0.002885278,0.044924397,0.047809675,0.034755994,0.09936248,0.06460649,0.054033544,0.014502816,-0.039530728,0.016392272,-0.039935265,-0.056327537,0.018593173,-0.02998079,-0.048573963,1.0,0.0,-1.0,10,10,0,10,0,-10,1.0,0.0,-1.0,1.0,62.2,61.2,0.05114826560020447,0.05942721292376518,0.008278947323560715,-0.002670861082151532,0.045612674206495285,0.04828353528864682,0.03340349979698658,0.0900740534067154,0.05667055360972882,0.05381912738084793,0.013814538717269897,-0.04000458866357803,0.017744765803217887,-0.03064684048295021,-0.04839160628616809,-62.40454,-1.0
5,351,26720,1.0,29.0,28.0,1.0,1.0,0.0,0.036973223,0.036973223,-22.230072,0.02553749,-0.00018950552,-0.018443462,-0.0042040907,-0.015334807,0.6286772,0.5628227,-0.06585449,0.26048255,0.21493262,-0.04554993,0.26919857,0.21897398,-0.050224587,0.32561684,0.2684064,-0.057210445,1.0,29.0,28.0,0.043741196,0.08071442,0.036973223,0.014284026,0.050974447,0.03669042,0.04351416,0.09893084,0.055416685,0.02945717,0.029739972,0.0002828017,0.00022703782,-0.018216424,-0.018443462,0.0016087219,-0.013726085,-0.015334807,1.0,0.0,-1.0,11,11,0,11,0,-11,1.0,0.0,-1.0,1.0,8.727272727272727,7.727272727272727,0.043741196393966675,0.08071441948413849,0.036973223090171814,0.014275165528736332,0.051186442375183105,0.036911276846446774,0.04234548996795307,0.09298871593041853,0.05064322596246546,0.029466030780564655,0.029527977108955383,6.194632839072803e-05,0.0013957064260135996,-0.012274296446280046,-0.013670002872293646,-22.230072,-1.0
5,352,26780,8.0,23.0,15.0,3.0,1.0,-2.0,0.04514298,0.04514298,-10.672272,0.5664997,0.0033944324,-0.009604979,0.0004342012,-0.0063954704,0.19496913,0.21468918,0.019720048,0.0703935,0.168224,0.097830504,0.09248687,0.1917089,0.09922202,0.10770466,0.2097289,0.102024235,8.0,23.0,15.0,0.036975004,0.08211798,0.04514298,-0.00057832454,0.04612916,0.046707485,0.045883056,0.10063101,0.054747958,0.03755333,0.035988823,-0.0015645064,-0.008908052,-0.018513031,-0.009604979,-0.0055997036,-0.011995174,-0.0063954704,0.0,0.0,0.0,7,7,0,0,0,0,0.0,0.0,0.0,3.0,9.142857142857142,6.142857142857142,0.03697500377893448,0.08211798220872879,0.04514297842979431,-0.0005340941799139338,0.04648815467953682,0.047022248859450756,0.04209478252700397,0.09609809943607875,0.054003316909074776,0.03750909811684063,0.03562982752919197,-0.0018792705876486612,-0.005119778748069491,-0.013980117227349962,-0.008860338479280472,-10.672272,0.0
5,353,26895,1.0,3.0,2.0,1.0,1.0,0.0,0.03461838,0.03461838,-42.45334,-0.6262493,-0.009440046,-0.007429477,-0.009863604,-0.011081252,0.33387437,0.43417197,0.1002976,0.21013463,-0.026186418,-0.23632105,0.21051404,-0.036507647,-0.24702169,0.22571734,0.070572354,-0.15514499,1.0,3.0,2.0,0.057053376,0.09167176,0.03461838,0.01324536,0.052511398,0.03926604,0.051129036,0.093176894,0.04204786,0.043808017,0.03916036,-0.0046476573,0.0059243403,-0.0015051365,-0.007429477,0.0121658705,0.0010846183,-0.011081252,1.0,0.0,-1.0,9,9,0,9,6,-3,1.0,0.6666666666666666,-0.33333333333333337,1.0,1.4444444444444444,0.4444444444444444,0.057053375989198685,0.09167175740003586,0.03461838141083717,0.013008777466085222,0.052338671767049365,0.03932989430096415,0.0421473884748088,0.09007759475045735,0.04793020627564855,0.04404459893703461,0.03933308563298649,-0.004711513304048114,0.014905987514389886,0.0015941626495785182,-0.013311824864811368,-42.45334,-0.33333333333333337
5,354,26909,24.0,192.0,168.0,130.0,22.0,-108.0,0.038105693,0.038105693,-42.967102,-1.6119289,0.012070399,-0.015343692,0.012333475,-0.016129404,0.4227797,0.32512292,-0.09765679,0.084664345,0.09739067,0.012726322,0.084232695,0.08233134,-0.0019013584,0.115637705,0.113541715,-0.0020959899,24.0,192.0,168.0,0.021382969,0.05948866,0.038105693,-0.0045047794,0.044755418,0.0492602,0.03891027,0.092359655,0.053449385,0.025887748,0.014733244,-0.0111545045,-0.0175273,-0.032870993,-0.015343692,-0.013569608,-0.029699013,-0.016129404,0.0,0.0,0.0,10,10,0,0,0,0,0.0,0.0,0.0,8.1,61.8,53.699999999999996,0.021382968872785568,0.05948866158723831,0.038105692714452744,-0.004355009621940553,0.045311206951737404,0.04966621657367796,0.033984039537608625,0.09027898013591766,0.056294940598309036,0.0257379787042737,0.014177454635500908,-0.011560524068772792,-0.012601070664823055,-0.030790318548679353,-0.0181892478838563,-42.967102,0.0
5,355,26971,20.0,222.0,202.0,1.0,2.0,1.0,0.025981653,0.025981653,-64.295746,-2.540701,-0.0014356468,-0.021248616,-0.0037734192,-0.02047284,0.3096178,0.35586897,0.046251178,0.07369021,-0.05498231,-0.12867253,0.08895634,-0.04872271,-0.13767906,0.123702824,0.0090849,-0.11461792,20.0,222.0,202.0,0.032239188,0.05822084,0.025981653,0.0053375624,0.046662904,0.041325342,0.042992618,0.09022289,0.04723027,0.026901625,0.011557937,-0.015343688,-0.01075343,-0.032002047,-0.021248616,-0.007420592,-0.027893431,-0.02047284,0.0,0.0,0.0,13,13,0,0,0,0,0.0,0.0,0.0,5.769230769230769,68.76923076923077,63.00000000000001,0.03223918750882149,0.058220840990543365,0.025981653481721878,0.005156069779052184,0.04693798290995451,0.04178191313090233,0.03922077554922838,0.0872646111708421,0.04804383562161372,0.0270831178014095,0.011282858080588855,-0.015800259720820647,-0.006981588040406887,-0.02904377018029873,-0.022062182139891844,-64.295746,0.0
5,356,26990,1.0,25.0,24.0,3.0,1.0,-2.0,0.031040795,0.031040795,-51.48291,-1.7718582,0.008366138,-0.015543703,0.00463856,-0.024469893,0.08807064,0.062214497,-0.025856141,-0.22305608,-0.08984228,0.13321379,-0.23401563,-0.09686622,0.13714941,-0.22336301,-0.08342665,0.13993636,1.0,25.0,24.0,0.05009102,0.081131816,0.031040795,-0.0034797972,0.04649906,0.049978856,0.046073105,0.0926576,0.046584498,0.05357082,0.034632757,-0.01893806,0.0040179156,-0.011525787,-0.015543703,0.0142314695,-0.010238424,-0.024469893,1.0,0.0,-1.0,9,9,0,9,0,-9,1.0,0.0,-1.0,1.0,8.555555555555555,7.555555555555555,0.05009102076292038,0.08113181591033936,0.031040795147418976,-0.003131978860538867,0.0471266835100121,0.05025866237055097,0.03758006956842211,0.0909743458032608,0.053394276234838695,0.053222999804549746,0.03400513240032726,-0.01921786740422249,0.012510951194498274,-0.009842529892921448,-0.022353481087419722,-51.48291,-1.0
5,357,27242,4.0,199.0,195.0,3.0,1.0,-2.0,0.018638153,0.018638153,-49.93225,-1.5098457,0.0032238923,-0.030319113,0.002864778,-0.025487147,0.09821242,0.320413,0.22220057,-0.09514238,-0.12525728,-0.030114904,-0.080185235,-0.111676306,-0.03149107,-0.068766214,-0.07290233,-0.0041361153,4.0,199.0,195.0,0.044579986,0.06321814,0.018638153,0.009146707,0.04981722,0.040670514,0.04659956,0.095556825,0.048957266,0.035433277,0.01340092,-0.022032358,-0.002019573,-0.032338686,-0.030319113,4.711747e-05,-0.02544003,-0.025487147,0.0,0.0,0.0,9,9,0,1,0,-1,0.1111111111111111,0.0,-0.1111111111111111,2.0,63.77777777777778,61.77777777777778,0.04457998648285866,0.0632181391119957,0.01863815262913704,0.009280993913610777,0.05009764681259791,0.04081665289898713,0.04542900621891022,0.08839684890376197,0.04296784268485175,0.03529899236228731,0.013120492299397787,-0.022178500062889524,-0.0008490197360515594,-0.02517870979176627,-0.02432969005571471,-49.93225,-0.1111111111111111
5,358,27275,1.0,11.0,10.0,1.0,1.0,0.0,0.03342929,0.03342929,-75.193115,-3.3704033,-0.0023212843,-0.017024867,-0.0016223453,-0.016238287,0.029177064,0.05155616,0.022379095,0.02196432,0.08079475,0.058830433,0.039937954,0.076753855,0.0368159,0.042871185,0.08197216,0.039100975,1.0,11.0,10.0,0.048592377,0.08202167,0.03342929,-0.003701964,0.045902472,0.049604435,0.04169036,0.09214452,0.05045416,0.05229434,0.036119197,-0.016175143,0.0069020167,-0.010122851,-0.017024867,0.010773964,-0.005464323,-0.016238287,1.0,0.0,-1.0,11,11,0,11,1,-10,1.0,0.09090909090909091,-0.9090909090909091,1.0,4.0,3.0,0.048592377454042435,0.08202166855335236,0.03342929109930992,-0.0037749791094525294,0.04606290060010823,0.04983787970956076,0.03981288590214469,0.08667995238845999,0.0468670664863153,0.05236735702915625,0.035958767953244125,-0.016408589075912125,0.008779491551897743,-0.00465828383510763,-0.013437775387005373,-75.193115,-0.9090909090909091
5,359,27287,5.0,373.0,368.0,1.0,4.0,3.0,0.018671576,0.018671576,-31.431458,-1.0767212,-0.00405436,-0.038919117,-0.002650734,-0.03776208,0.3862042,0.45304382,0.066839606,0.2644655,0.22590666,-0.038558856,0.25734997,0.22587006,-0.03147991,0.3040556,0.28126448,-0.022791117,5.0,373.0,368.0,0.03281715,0.051488727,0.018671576,-0.0032771924,0.046170928,0.04944812,0.03858284,0.09617353,0.057590693,0.036094345,0.0053177997,-0.030776545,-0.0057656877,-0.044684805,-0.038919117,-0.0023023225,-0.040064402,-0.03776208,0.0,0.0,0.0,6,6,0,1,0,-1,0.16666666666666666,0.0,-0.16666666666666666,1.8333333333333333,118.0,116.16666666666667,0.03281715139746666,0.0514887273311615,0.01867157593369484,-0.003116921793359021,0.046823481718699135,0.049940403512058154,0.03405035783847173,0.09146569296717644,0.057415335128704705,0.03593407260874907,0.004665245612462361,-0.031268826996286705,-0.001233206441005071,-0.03997696563601494,-0.038743759195009865,-31.431458,-0.16666666666666666
5,360,27326,1.0,21.0,20.0,1.0,1.0,0.0,0.037286524,0.037286524,-49.23819,-1.6016903,-0.0002757609,-0.023625568,-0.0028279908,-0.019644383,-0.09173237,0.10620304,0.1979354,-0.104238145,0.020059764,0.12429791,-0.11967948,0.0077389213,0.1274184,-0.13011034,0.019989654,0.1501,1.0,21.0,20.0,0.045841258,0.08312778,0.037286524,0.004932095,0.048680816,0.04374872,0.037875313,0.098787405,0.06091209,0.040909164,0.034446966,-0.0064621978,0.007965945,-0.015659623,-0.023625568,0.009747479,-0.009896904,-0.019644383,1.0,0.0,-1.0,9,9,0,9,0,-9,1.0,0.0,-1.0,1.0,6.555555555555555,5.555555555555555,0.04584125801920891,0.08312778174877167,0.03728652372956276,0.00461636056813101,0.04881009997593032,0.04419373940779931,0.035620025669535,0.09442341410451466,0.058803388434979655,0.041224897321727544,0.03431768177284135,-0.006907215548886195,0.010221232349673906,-0.011295632355742984,-0.021516864705416888,-49.23819,-1.0
5,361,27435,1.0,24.0,23.0,1.0,1.0,0.0,0.01230032,0.01230032,-75.11694,-3.2103348,-0.00690205,-0.03382007,-0.0049317516,-0.03286182,0.29283205,0.36033353,0.067501485,0.68004024,0.67408645,-0.0059537888,0.68658745,0.69077224,0.0041847825,0.67565155,0.6875415,0.011889935,1.0,24.0,23.0,0.06400093,0.07630125,0.01230032,0.0020621961,0.047470007,0.04540781,0.044221036,0.09034143,0.04612039,0.06193873,0.02883124,-0.03310749,0.01977989,-0.01404018,-0.03382007,0.022229865,-0.010631956,-0.03286182,1.0,0.0,-1.0,9,9,0,9,0,-9,1.0,0.0,-1.0,1.0,6.444444444444445,5.444444444444445,0.0640009269118309,0.07630124688148499,0.012300319969654083,0.002223203708935115,0.04770577160848512,0.045482567899550005,0.03913114178511831,0.08569854001204173,0.04656739822692342,0.061777722918325,0.028595475272999868,-0.03318224764532513,0.024869785126712587,-0.009397293130556742,-0.03426707825726933,-75.11694,-1.0
5,362,27568,10.0,106.0,96.0,3.0,4.0,1.0,0.03563775,0.03563775,-56.88965,-1.9142647,-0.0014943276,-0.024880202,-0.0019058827,-0.021316005,0.12545653,0.10276823,-0.0226883,0.16295174,0.16915725,0.006205514,0.17181173,0.14023936,-0.03157237,0.17415525,0.14469941,-0.02945584,10.0,106.0,96.0,0.030734489,0.06637224,0.03563775,0.0035540562,0.04730145,0.04374739,0.03639265,0.0969106,0.06051795,0.027180433,0.01907079,-0.008109644,-0.0056581628,-0.030538365,-0.024880202,-0.0024777744,-0.02379378,-0.021316005,0.0,0.0,0.0,16,16,0,0,0,0,0.0,0.0,0.0,3.8125,31.5625,27.75,0.030734488740563393,0.06637223809957504,0.03563774935901165,0.003467027810984291,0.04719281941652298,0.04372579160553869,0.03328862017951906,0.09130125027149916,0.0580126300919801,0.027267460711300373,0.019179418683052063,-0.00808804202824831,-0.0025541314389556646,-0.024929012171924114,-0.02237488073296845,-56.88965,0.0
5,363,27580,43.0,113.0,70.0,64.0,18.0,-46.0,0.037511304,0.037511304,-36.887024,-1.0254803,0.011863792,-0.008972442,0.01121025,-0.007866142,0.3268739,0.25641936,-0.07045454,0.12675302,0.36625463,0.23950161,0.16200575,0.40866607,0.24666032,0.20136423,0.42103636,0.21967213,43.0,113.0,70.0,0.025539806,0.06305111,0.037511304,0.0053980765,0.04597108,0.040573005,0.042161085,0.08864483,0.046483748,0.02014173,0.017080031,-0.0030616987,-0.016621279,-0.02559372,-0.008972442,-0.013797814,-0.021663956,-0.007866142,0.0,0.0,0.0,9,9,0,0,0,0,0.0,0.0,0.0,12.555555555555555,35.111111111111114,22.555555555555557,0.025539806112647057,0.06305111199617386,0.0375113058835268,0.0053364310620559584,0.04578879723946253,0.04045236617740657,0.03937645173735089,0.08587467090951072,0.04649821917215983,0.02020337474015024,0.017262314756711323,-0.0029410599834389164,-0.013836645624703832,-0.02282355891333686,-0.008986913288633026,-36.887024,0.0
5,364,27830,2.0,69.0,67.0,1.0,1.0,0.0,0.025595516,0.025595516,-39.123016,-0.8011284,-0.0076030158,-0.0286006,-0.0066516027,-0.026905313,0.20933841,0.40059224,0.19125383,0.17333774,0.21156873,0.038230985,0.16744566,0.20615132,0.038705662,0.1884207,0.25264576,0.06422506,2.0,69.0,67.0,0.047387555,0.07298307,0.025595516,0.0047978046,0.048368122,0.043570317,0.047506694,0.10170281,0.054196116,0.04258975,0.024614949,-0.017974801,-0.00011913851,-0.028719738,-0.0286006,0.004645586,-0.022259727,-0.026905313,0.0,0.0,0.0,8,8,0,5,0,-5,0.625,0.0,-0.625,1.375,22.625,21.25,0.04738755524158478,0.07298307120800018,0.025595515966415405,0.0048154088435694575,0.048371071461588144,0.04355566261801869,0.042873778846114874,0.09463637042790651,0.05176259158179164,0.042572146747261286,0.02461199974641204,-0.017960147000849247,0.004513776395469904,-0.02165329921990633,-0.026167075615376234,-39.123016,-0.625
5,365,27878,1.0,14.0,13.0,1.0,1.0,0.0,0.03538575,0.03538575,-30.245972,-0.54945755,0.00053261966,-0.020786218,-0.0025205612,-0.01707308,0.25869754,0.1897478,-0.068949744,0.46945858,0.5086331,0.039174497,0.46523887,0.49926883,0.03402996,0.4834455,0.5153931,0.031947583,1.0,14.0,13.0,0.049321078,0.08470683,0.03538575,0.0071799727,0.05117308,0.043993108,0.0425338,0.09870577,0.05617197,0.042141106,0.03353375,-0.008607358,0.0067872778,-0.013998941,-0.020786218,0.008768305,-0.008304775,-0.01707308,1.0,0.0,-1.0,8,8,0,8,0,-8,1.0,0.0,-1.0,1.0,4.75,3.75,0.04932107776403427,0.08470682799816132,0.035385750234127045,0.007295064569916576,0.05128816096112132,0.043993096391204745,0.04040282312780619,0.09155648201704025,0.051153658889234066,0.04202601360157132,0.033418667037039995,-0.008607346564531326,0.008918254636228085,-0.006849654018878937,-0.01576790865510702,-30.245972,-1.0
5,366,27972,11.0,265.0,254.0,7.0,7.0,0.0,0.02560857,0.02560857,-39.215393,-1.3794193,0.00023948029,-0.026040886,0.0020068958,-0.025728274,0.27427778,0.39672405,0.12244627,0.13297132,0.22482786,0.09185654,0.13695624,0.22678831,0.08983207,0.16834933,0.28605458,0.117705256,11.0,265.0,254.0,0.028197162,0.05380573,0.02560857,0.00029670814,0.04442311,0.044126403,0.03759257,0.089242026,0.051649455,0.027900454,0.00938262,-0.018517833,-0.009395409,-0.035436295,-0.026040886,-0.0067576654,-0.03248594,-0.025728274,0.0,0.0,0.0,6,6,0,0,0,0,0.0,0.0,0.0,3.6666666666666665,85.16666666666667,81.5,0.028197161853313446,0.05380573123693466,0.025608569383621216,0.0004238906617501925,0.044885776937007904,0.04446188627525771,0.034720846762259804,0.08637850731611252,0.051657660553852715,0.02777327100435893,0.008919954299926758,-0.01885331670443217,-0.006523684908946355,-0.032572776079177856,-0.026049091170231502,-39.215393,0.0
5,367,28024,1.0,90.0,89.0,2.0,1.0,-1.0,0.019343097,0.019343097,-72.82623,-2.963047,0.0035534315,-0.023031235,0.00017031655,-0.023816366,0.3016775,0.29578227,-0.005895227,0.25052568,0.4328301,0.18230441,0.28123456,0.47097582,0.18974125,0.3020874,0.4783625,0.1762751,1.0,90.0,89.0,0.04579444,0.065137535,0.019343097,0.002508864,0.045566656,0.043057792,0.04496718,0.08734151,0.04237433,0.043285575,0.01957088,-0.023714695,0.0008272603,-0.022203974,-0.023031235,0.0064369477,-0.017379418,-0.023816366,1.0,0.0,-1.0,6,6,0,6,0,-6,1.0,0.0,-1.0,1.0,26.5,25.5,0.04579443857073784,0.06513753533363342,0.019343096762895584,0.002843862671094636,0.045933439706762634,0.043089577035668,0.03958082323273023,0.0820129041870435,0.04243208095431327,0.042950576171278954,0.019204095626870792,-0.02374648054440816,0.006213615338007609,-0.016875368853410084,-0.023088984191417694,-72.82623,-1.0
5,368,28068,2.0,13.0,11.0,1.0,1.0,0.0,0.0316242,0.0316242,-40.875305,-1.2842579,0.00062885135,-0.002887886,-0.0040266737,-0.008609906,0.58680755,0.53009367,-0.05671388,0.17497833,-0.056006737,-0.23098508,0.18361062,-0.061441205,-0.24505183,0.26765782,0.022435617,-0.2452222,2.0,13.0,11.0,0.054560255,0.08618446,0.0316242,0.009569736,0.048979223,0.03940949,0.0579506,0.09246269,0.034512088,0.044990517,0.037205234,-0.007785283,-0.0033903457,-0.0062782317,-0.002887886,0.004413776,-0.0041961297,-0.008609906,0.0,0.0,0.0,12,12,0,7,0,-7,0.5833333333333334,0.0,-0.5833333333333334,1.4166666666666667,5.166666666666667,3.75,0.054560255259275436,0.08618445694446564,0.0316242016851902,0.009443226580818495,0.04935063266505798,0.03990740608423948,0.052132959788044296,0.09065139045317967,0.03851843066513538,0.045117028368016086,0.03683382427940766,-0.008283204088608428,0.0024272954712311425,-0.00446693350871404,-0.006894228979945183,-40.875305,-0.5833333333333334
5,369,28096,15.0,206.0,191.0,1.0,2.0,1.0,0.023710966,0.023710966,-32.962006,-1.1109104,-0.0055813733,-0.013982844,-0.0044667386,-0.016466178,0.29386878,0.2906647,-0.0032040775,0.17505533,0.27404803,0.098992705,0.17304185,0.27318063,0.10013878,0.20262,0.29175153,0.089131534,15.0,206.0,191.0,0.034728877,0.058439843,0.023710966,-0.0024623848,0.043618895,0.04608128,0.048046086,0.085739896,0.03769381,0.03719126,0.014820948,-0.022370312,-0.013317209,-0.027300052,-0.013982844,-0.009671748,-0.026137926,-0.016466178,0.0,0.0,0.0,10,10,0,0,0,0,0.0,0.0,0.0,5.4,64.8,59.4,0.03472887724637985,0.058439843356609344,0.023710966110229492,-0.0023652110947296025,0.0438581358641386,0.046223346958868206,0.044454348459839824,0.08489068076014519,0.04043633230030537,0.03709408864378929,0.01458170749247074,-0.02251238115131855,-0.009725471213459968,-0.02645083740353584,-0.016725366190075874,-32.962006,0.0
5,370,28159,2.0,38.0,36.0,6.0,3.0,-3.0,0.02611496,0.02611496,-38.56534,-1.6488018,0.00030386448,-0.020271722,0.0015133135,-0.025394838,0.54947096,0.50344443,-0.046026528,0.3393787,0.312985,-0.026393712,0.33437747,0.3250765,-0.009300977,0.38253632,0.37166953,-0.010866791,2.0,38.0,36.0,0.046868067,0.07298303,0.02611496,-0.008797347,0.041015174,0.04981252,0.049305387,0.09569207,0.04638668,0.055665415,0.031967852,-0.023697563,-0.0024373196,-0.022709042,-0.020271722,0.008980025,-0.016414814,-0.025394838,0.0,0.0,0.0,13,13,0,5,0,-5,0.38461538461538464,0.0,-0.38461538461538464,1.6153846153846154,13.538461538461538,11.923076923076923,0.04686806723475456,0.0729830265045166,0.02611495926976204,-0.008569059965129081,0.04112495481967926,0.04969401478480834,0.04376923550780003,0.09293136803003457,0.049162132522234545,0.05543712698496305,0.03185807168483734,-0.02357905530012571,0.0030988317269545337,-0.019948341525517978,-0.023047173252472512,-38.56534,-0.38461538461538464
5,371,28189,19.0,26.0,7.0,11.0,53.0,42.0,0.046558656,0.046558656,-44.77594,-0.82533646,0.0024331957,0.0018618032,0.0016327389,-0.0030786805,0.22532417,0.30528665,0.07996248,0.34950197,0.27909553,-0.07040644,0.3493134,0.27572408,-0.073589325,0.36294731,0.28984788,-0.073099434,19.0,26.0,7.0,0.034409583,0.08096824,0.046558656,0.011896537,0.050451558,0.038555022,0.050321728,0.09501858,0.044696853,0.022513047,0.03051668,0.0080036335,-0.015912145,-0.014050342,0.0018618032,-0.0071306936,-0.010209374,-0.0030786805,0.0,0.0,0.0,9,9,0,0,0,0,0.0,0.0,0.0,7.777777777777778,9.222222222222221,1.4444444444444438,0.03440958261489868,0.08096823841333389,0.04655865579843521,0.011950499999026457,0.050693567014402814,0.03874306701537636,0.04299305586351289,0.09043688823779424,0.04744383237428135,0.022459082305431366,0.03027467139893108,0.007815589093499713,-0.008583473248614205,-0.009468649824460348,-0.000885176575846143,-44.77594,0.0
5,372,28286,63.0,46.0,-17.0,296.0,107.0,-189.0,0.05994795,0.05994795,-41.862732,-1.8986416,0.02097904,0.0046608523,0.019136142,-0.0011586323,0.2616061,0.28066695,0.01906085,-0.014626632,0.042745117,0.05737175,-0.01537998,0.041067738,0.05644772,0.02419914,0.07984579,0.055646654,63.0,46.0,-17.0,0.009729865,0.069677815,0.05994795,-0.012535821,0.041248765,0.053784586,0.03294201,0.088229105,0.055287097,0.022265686,0.02842905,0.0061633643,-0.023212142,-0.01855129,0.0046608523,-0.016692124,-0.017850757,-0.0011586323,0.0,0.0,0.0,8,8,0,0,0,0,0.0,0.0,0.0,20.125,15.875,-4.25,0.00972986500710249,0.06967781484127045,0.05994794983416796,-0.012288140947930515,0.04163221409544349,0.053920355043374,0.028545229230076075,0.0866764597594738,0.058131230529397726,0.022018005838617682,0.02804560074582696,0.006027594907209277,-0.018815363640896976,-0.016998644918203354,0.0018167187226936221,-41.862732,0.0
5,373,28303,1.0,201.0,200.0,1.0,1.0,0.0,0.01729678,0.01729678,-37.343353,-0.86743355,-0.0039166175,-0.037435118,-0.0079218205,-0.03883999,0.43205374,0.44110477,0.009051025,0.3672226,0.39974895,0.032526344,0.36748743,0.40883017,0.041342735,0.37990254,0.41875932,0.038856775,1.0,201.0,200.0,0.043069653,0.060366433,0.01729678,0.0014868123,0.047681253,0.04619444,0.038065873,0.09279777,0.054731898,0.04158284,0.01268518,-0.028897662,0.00500378,-0.032431338,-0.037435118,0.010220777,-0.028619211,-0.03883999,1.0,0.0,-1.0,9,9,0,9,0,-9,1.0,0.0,-1.0,1.0,63.55555555555556,62.55555555555556,0.04306965321302414,0.0603664331138134,0.01729677990078926,0.001554206349990434,0.04818228632211685,0.04662807997212642,0.03283239673409197,0.0900847531027264,0.05725235636863443,0.041515447199344635,0.012184146791696548,-0.029331300407648087,0.010237256478932168,-0.029718319988913007,-0.03995557646784517,-37.343353,-1.0
5,374,28319,3.0,728.0,725.0,1.0,1.0,0.0,0.0018348545,0.0018348545,-57.87497,-1.7333603,-0.004512891,-0.024353057,-0.0040999446,-0.04237129,0.34612116,0.3832122,0.037091047,0.24864435,0.29970905,0.0510647,0.24787591,0.31102046,0.06314455,0.2602419,0.32874122,0.06849933,3.0,728.0,725.0,0.039240003,0.041074857,0.0018348545,0.0041859974,0.049994025,0.04580803,0.06332396,0.08951187,0.026187912,0.035054006,-0.008919168,-0.043973174,-0.024083957,-0.048437014,-0.024353057,-0.0044906847,-0.046861976,-0.04237129,0.0,0.0,0.0,7,7,0,6,0,-6,0.8571428571428571,0.0,-0.8571428571428571,1.2857142857142858,217.71428571428572,216.42857142857144,0.03924000263214111,0.041074857115745544,0.0018348544836044312,0.003926836719204273,0.04983141805444445,0.045904581335240176,0.040993179593767436,0.0876249543258122,0.046631774732044766,0.03531316614576748,-0.008756560938698905,-0.04406972708446639,-0.0017531769616263254,-0.04655009721006666,-0.044796920248440335,-57.87497,-0.8571428571428571
5,375,28325,1.0,6.0,5.0,1.0,2.0,1.0,0.033876635,0.033876635,-51.014496,-1.5108242,-0.0024113096,-0.027067475,-0.0034703836,-0.020630449,0.3507437,0.45776656,0.10702285,0.070645526,0.16607934,0.09543382,0.057674523,0.16482064,0.107146114,0.107811585,0.22009037,0.11227879,1.0,6.0,5.0,0.053342395,0.08721903,0.033876635,0.005721735,0.04933689,0.043615155,0.042152002,0.10309611,0.06094411,0.04762066,0.037882138,-0.0097385235,0.011190392,-0.015877083,-0.027067475,0.015538223,-0.005092226,-0.020630449,1.0,0.0,-1.0,8,8,0,8,1,-7,1.0,0.125,-0.875,1.0,2.875,1.875,0.05334239453077316,0.08721902966499329,0.03387663513422012,0.005745363014284521,0.04950290219858289,0.043757539184298366,0.037833865731954575,0.09297135379165411,0.055137488059699535,0.0475970315746963,0.0377161274664104,-0.009880904108285904,0.015508528798818588,-0.005752324126660824,-0.021260852925479412,-51.014496,-0.875
5,376,28341,269.0,575.0,306.0,144.0,180.0,36.0,0.027983716,0.027983716,-49.24582,-1.0446682,0.010950552,-0.02107145,0.008004097,-0.021394389,0.20058809,0.2686654,0.06807731,0.15208673,0.18714896,0.035062224,0.14645682,0.18530768,0.03885086,0.16300125,0.22081865,0.0578174,269.0,575.0,306.0,0.01750776,0.045491476,0.027983716,0.01167483,0.048341677,0.036666848,0.039214432,0.0882696,0.049055167,0.00583293,-0.002850201,-0.008683131,-0.021706672,-0.042778123,-0.02107145,-0.0197989,-0.041193288,-0.021394389,0.0,0.0,0.0,5,5,0,0,0,0,0.0,0.0,0.0,85.6,176.0,90.4,0.017507759854197502,0.045491475611925125,0.027983715757727623,0.011702999658882617,0.0487138643860817,0.03701086472719908,0.03581414595246315,0.0878641352057457,0.052049989253282546,0.005804760195314884,-0.0032223887741565705,-0.009027148969471455,-0.018306386098265647,-0.04237265959382057,-0.024066273495554923,-49.24582,0.0
5,377,28349,9.0,199.0,190.0,8.0,44.0,36.0,0.029132001,0.029132001,-17.781921,0.5216522,-0.007974029,-0.020270333,-0.0037769005,-0.020919356,0.4673404,0.20149101,-0.2658494,0.16255063,0.09072066,-0.07182997,0.17046739,0.109521225,-0.060946167,0.20847532,0.123102404,-0.08537292,9.0,199.0,190.0,0.037151076,0.06628308,0.029132001,0.013409345,0.051825285,0.03841594,0.046381243,0.09578358,0.049402334,0.02374173,0.014457792,-0.0092839375,-0.009230167,-0.0295005,-0.020270333,-0.007456284,-0.02837564,-0.020919356,0.0,0.0,0.0,8,8,0,0,0,0,0.0,0.0,0.0,3.875,61.75,57.875,0.03715107589960098,0.06628307700157166,0.029132001101970673,0.013525592745281756,0.052008194383233786,0.03848260163795203,0.04508109064772725,0.09417275059968233,0.04909165995195508,0.023625483037903905,0.01427488261833787,-0.009350600419566035,-0.007930014748126268,-0.027889673598110676,-0.019959658849984407,-17.781921,0.0
5,378,28418,1.0,16.0,15.0,1.0,3.0,2.0,0.026844658,0.026844658,-54.928497,-1.5567112,-0.010306958,-0.021780215,-0.008565724,-0.018737964,0.092618965,0.08129657,-0.011322394,-0.007021868,0.06339145,0.070413314,0.016130792,0.039268687,0.023137895,0.024123669,0.04634821,0.022224542,1.0,16.0,15.0,0.05651453,0.08335919,0.026844658,0.010222763,0.051162872,0.04094011,0.049555212,0.098180085,0.048624873,0.04629177,0.032196317,-0.014095452,0.006959319,-0.014820896,-0.021780215,0.01059784,-0.008140124,-0.018737964,1.0,0.0,-1.0,10,10,0,10,0,-10,1.0,0.0,-1.0,1.0,5.6,4.6,0.05651453137397766,0.08335918933153152,0.026844657957553864,0.010330086760222911,0.05146248713135719,0.041132400371134276,0.04569318890571594,0.0896580122411251,0.04396482333540916,0.046184444800019264,0.031896702200174334,-0.01428774259984493,0.010821342468261719,-0.006298822909593582,-0.017120165377855302,-54.928497,-1.0
5,379,28487,3.0,251.0,248.0,3.0,3.0,0.0,0.021426339,0.021426339,-28.725464,-0.8709965,0.003326729,-0.029121011,0.002685722,-0.032594413,0.72435725,0.7015897,-0.022767544,0.3121528,0.2762442,-0.03590861,0.33366448,0.29065585,-0.043008626,0.40662965,0.35868025,-0.047949404,3.0,251.0,248.0,0.035400152,0.05682649,0.021426339,-0.003762414,0.046081252,0.049843665,0.04051603,0.09106338,0.05054735,0.039162565,0.0107452385,-0.028417327,-0.005115878,-0.03423689,-0.029121011,1.763925e-05,-0.032576773,-0.032594413,0.0,0.0,0.0,8,8,0,4,0,-4,0.5,0.0,-0.5,1.625,78.75,77.125,0.0354001522064209,0.05682649090886116,0.021426338702440262,-0.0036812871403526515,0.0464900778606534,0.05017136500100605,0.0354621687438339,0.08927930146455765,0.05381713272072375,0.03908143891021609,0.01033641304820776,-0.028745025862008333,-6.201653741300106e-05,-0.03245281055569649,-0.032390794018283486,-28.725464,-0.5
5,380,28524,6.0,21.0,15.0,1.0,2.0,1.0,0.04422709,0.04422709,-11.522919,0.5710316,-0.0031412616,-0.005261421,-0.0031631477,-0.006273955,0.48147616,0.41039643,-0.07107973,0.33074263,0.18462177,-0.14612086,0.33838552,0.19799468,-0.14039084,0.36871925,0.23220767,-0.13651158,6.0,21.0,15.0,0.040702682,0.08492977,0.04422709,0.012630234,0.05160342,0.03897319,0.046191517,0.09568003,0.04948851,0.028072448,0.03332635,0.0052539017,-0.0054888353,-0.0107502565,-0.005261421,-0.0022957772,-0.008569732,-0.006273955,0.0,0.0,0.0,7,7,0,0,0,0,0.0,0.0,0.0,3.0,10.142857142857142,7.142857142857142,0.04070268198847771,0.08492977172136307,0.04422708973288536,0.01304982669119324,0.05239495262503624,0.039345125933843,0.0443304218351841,0.09424119016953877,0.04991076833435468,0.02765285543033055,0.03253481909632683,0.0048819636659962785,-0.0036277398467063904,-0.009311418448175703,-0.005683678601469313,-11.522919,0.0
5,381,28595,10.0,336.0,326.0,4.0,1.0,-3.0,0.021119377,0.021119377,-103.803894,-4.397909,0.0066713523,-0.019845502,0.0036715884,-0.02191292,0.16506922,0.12864333,-0.03642589,0.13680042,0.20081455,0.06401412,0.15411887,0.20613939,0.05202052,0.16319868,0.19861901,0.03542033,10.0,336.0,326.0,0.030101316,0.051220693,0.021119377,0.0026146385,0.04435281,0.04173817,0.043215252,0.08418013,0.04096488,0.027486678,0.006867882,-0.020618796,-0.013113936,-0.03295944,-0.019845502,-0.009269079,-0.031181999,-0.02191292,0.0,0.0,0.0,10,10,0,1,0,-1,0.1,0.0,-0.1,2.9,100.2,97.3,0.030101316049695015,0.051220692694187164,0.02111937664449215,0.0025205478072166444,0.04425138048827648,0.041730832681059836,0.03729864861816168,0.08214881643652916,0.04485016781836748,0.027580768428742887,0.006969312205910683,-0.020611456222832204,-0.007197332568466663,-0.030928123742341995,-0.023730791173875332,-103.803894,-0.1
5,382,28689,18.0,351.0,333.0,1.0,7.0,6.0,0.022779007,0.022779007,-58.404724,-1.7370872,-0.005349003,-0.017436486,-0.006116325,-0.023978058,0.08880748,0.16717099,0.07836351,0.08500864,0.21427254,0.12926391,0.070681326,0.21995285,0.14927152,0.07724733,0.22696139,0.14971405,18.0,351.0,333.0,0.034063995,0.056843,0.022779007,0.012580121,0.05083848,0.03825836,0.051314943,0.091530435,0.040215492,0.021483874,0.0060045198,-0.015479354,-0.017250948,-0.034687433,-0.017436486,-0.008539192,-0.03251725,-0.023978058,0.0,0.0,0.0,11,11,0,0,0,0,0.0,0.0,0.0,6.909090909090909,107.63636363636364,100.72727272727273,0.03406399488449097,0.056843001395463943,0.022779006510972977,0.012757423587820747,0.051023774526335976,0.03826635093851523,0.04192419858141379,0.09005907855250618,0.04813487997109239,0.021306571127338844,0.005819226869127967,-0.015487344258210876,-0.007860203696922823,-0.033216077157042244,-0.025355873460119423,-58.404724,0.0
5,383,28745,3.0,61.0,58.0,2.0,5.0,3.0,0.03131589,0.03131589,-26.785522,-0.5622883,-0.002419252,-0.017322537,-0.0028027631,-0.01627341,0.42492872,0.32584175,-0.09908697,-0.009740655,0.07872638,0.08846704,-0.0073891087,0.09736969,0.1047588,0.03774903,0.1315944,0.093845375,3.0,61.0,58.0,0.042022455,0.073338345,0.03131589,0.0060513183,0.04945387,0.043402553,0.043612912,0.09225134,0.048638426,0.03597114,0.023884475,-0.012086663,-0.0015904568,-0.018912993,-0.017322537,0.001627624,-0.014645785,-0.01627341,0.0,0.0,0.0,14,14,0,7,0,-7,0.5,0.0,-0.5,1.6428571428571428,19.071428571428573,17.42857142857143,0.042022455483675,0.0733383446931839,0.031315889209508896,0.00636032985390297,0.04984053809727941,0.04348020824337644,0.04081172549298832,0.08854260614940099,0.04773088065641267,0.035662125796079636,0.023497806595904485,-0.01216431920017515,0.0012107299906866892,-0.015204261456217085,-0.016414991446903775,-26.785522,-0.5
5,384,28751,1.0,1.0,0.0,1.0,8.0,7.0,0.039690096,0.039690096,-42.156433,-0.95116425,-0.0063310415,-0.0051578283,-0.006166525,-0.007974494,0.093389496,0.11009566,0.016706161,0.0841849,-0.09275469,-0.17693959,0.11071301,-0.05620146,-0.16691448,0.11913869,-0.042535413,-0.1616741,1.0,1.0,0.0,0.053565856,0.09325595,0.039690096,0.010419027,0.05071518,0.040296152,0.048173,0.09302092,0.044847924,0.04314683,0.042540774,-0.0006060563,0.005392857,0.00023502856,-0.0051578283,0.010640945,0.002666451,-0.007974494,1.0,1.0,0.0,6,6,0,6,6,0,1.0,1.0,0.0,1.0,1.0,0.0,0.0535658560693264,0.09325595200061798,0.03969009593129158,0.010520811347911755,0.05072280950844288,0.040201998160531126,0.04372516646981239,0.09110644335548083,0.04738127688566844,0.04304504580795765,0.0425331424921751,-0.000511903315782547,0.009840689599514008,0.0021495086451371512,-0.007691180954376856,-42.156433,0.0
5,385,28755,1.0,213.0,212.0,2.0,1.0,-1.0,0.01062306,0.01062306,-39.313995,-1.3930988,0.0067958087,-0.036450684,-0.0020966753,-0.037092324,-0.4402293,-0.3798707,0.060358584,0.0060592033,-0.21741375,-0.22347295,0.069697104,-0.20407842,-0.27377552,-0.034128975,-0.26226544,-0.22813646,1.0,213.0,212.0,0.04866261,0.05928567,0.01062306,0.005557418,0.047932547,0.04237513,0.04280226,0.089876,0.047073744,0.043105192,0.011353124,-0.03175207,0.005860351,-0.030590333,-0.036450684,0.01013967,-0.026952654,-0.037092324,1.0,0.0,-1.0,7,7,0,7,0,-7,1.0,0.0,-1.0,1.0,67.85714285714286,66.85714285714286,0.04866261035203934,0.05928567051887512,0.010623060166835785,0.006100796761789492,0.04826257803610393,0.04216178127431444,0.03872977729354586,0.08605279241289411,0.04732301511934825,0.042561814188957214,0.011023092482771193,-0.03153872170618602,0.009932833058493478,-0.026767121894018992,-0.03669995495251247,-39.313995,-1.0
5,386,28788,1.0,287.0,286.0,1.0,1.0,0.0,0.0069006793,0.0069006793,-61.402405,-2.4757557,-0.0015306845,-0.044122566,-0.0047450773,-0.04422693,0.4253719,0.38587523,-0.03949666,0.16693813,0.14785516,-0.019082963,0.17298906,0.14950545,-0.023483604,0.23971081,0.20291975,-0.036791056,1.0,287.0,286.0,0.045254875,0.052155554,0.0069006793,-0.0008639356,0.043451853,0.04431579,0.041334502,0.09235775,0.051023245,0.04611881,0.008703701,-0.03741511,0.0039203726,-0.040202193,-0.044122566,0.0068249106,-0.03740202,-0.04422693,1.0,0.0,-1.0,9,9,0,9,0,-9,1.0,0.0,-1.0,1.0,92.0,91.0,0.04525487497448921,0.05215555429458618,0.00690067932009697,-0.0006706307370526096,0.043965009765492544,0.044635640502545156,0.03790486169358095,0.09071125172906452,0.052806390035483576,0.04592550587322977,0.008190544529093636,-0.037734961344136134,0.007350013280908267,-0.038555697434478335,-0.0459057107153866,-61.402405,-1.0
5,387,28898,2.0,114.0,112.0,1.0,1.0,0.0,0.019286461,0.019286461,-76.31119,-3.1473808,-0.00074907765,-0.026314143,-0.0034127533,-0.030577894,0.036146026,0.120926805,0.08478078,0.01456002,0.33330852,0.3187485,0.04525759,0.33135659,0.286099,0.048389442,0.33839536,0.29000592,2.0,114.0,112.0,0.045216113,0.064502575,0.019286461,-0.0005124553,0.04570869,0.046221144,0.048105683,0.09370629,0.045600604,0.045728568,0.018793885,-0.026934683,-0.0028895698,-0.029203713,-0.026314143,0.008167047,-0.022410847,-0.030577894,0.0,0.0,0.0,10,10,0,8,0,-8,0.8,0.0,-0.8,1.2,35.5,34.3,0.045216113328933716,0.06450257450342178,0.019286461174488068,-0.0006363594613503665,0.0460745345801115,0.046710894041461865,0.03646412454545498,0.08689131140708924,0.050427186861634256,0.045852473378181456,0.01842803992331028,-0.027424433454871177,0.008751988783478737,-0.02238873690366745,-0.031140725687146188,-76.31119,-0.8
5,388,28963,2.0,5.0,3.0,2.0,2.0,0.0,0.0460769,0.0460769,-47.86911,-1.4331169,0.00078429654,-0.0073935613,-0.0029799305,-0.008498825,0.3054405,0.08445917,-0.22098131,-0.023193277,0.09854235,0.121735625,0.002333938,0.12363021,0.12129627,0.038802903,0.12520978,0.08640687,2.0,5.0,3.0,0.04009659,0.08617349,0.0460769,0.005853961,0.048886772,0.04303281,0.04160323,0.09507369,0.053470463,0.034242626,0.037286717,0.0030440912,-0.0015066415,-0.008900203,-0.0073935613,0.0038967729,-0.0046020523,-0.008498825,0.0,0.0,0.0,10,10,0,10,2,-8,1.0,0.2,-0.8,1.0,2.3,1.2999999999999998,0.04009658843278885,0.08617348968982697,0.046076901257038116,0.005897034285590052,0.0492941215634346,0.04339708727784455,0.033418660424649714,0.09150575250387191,0.0580870920792222,0.03419955372810364,0.036879368126392365,0.002679814398288724,0.006677928008139133,-0.005332262814044952,-0.012010190822184085,-47.86911,-0.8
5,389,29010,244.0,414.0,170.0,20.0,15.0,-5.0,0.03478664,0.03478664,-3.6237488,1.1081581,0.005355375,-0.015875699,0.003386762,-0.018080404,0.29992592,0.2992949,-0.0006310344,0.14118755,0.07238116,-0.06880639,0.126577,0.050340045,-0.07623696,0.1598895,0.0912363,-0.0686532,244.0,414.0,170.0,0.019208068,0.05399471,0.03478664,0.012857773,0.050420262,0.03756249,0.04385143,0.094513774,0.050662342,0.0063502947,0.0035744496,-0.0027758451,-0.024643363,-0.040519062,-0.015875699,-0.019947542,-0.038027946,-0.018080404,0.0,0.0,0.0,9,9,0,0,0,0,0.0,0.0,0.0,74.88888888888889,127.55555555555556,52.66666666666667,0.019208068028092384,0.053994711488485336,0.03478664346039295,0.013045285931891866,0.05075537868671947,0.037710092754827604,0.038807002620564565,0.09192554569906658,0.053118543078502015,0.006162782096200519,0.0032393328017658657,-0.0029234492944346536,-0.01959893459247218,-0.03793083421058125,-0.01833189961810907,-3.6237488,0.0
5,390,29021,1.0,84.0,83.0,1.0,1.0,0.0,0.027737644,0.027737644,-83.479645,-3.4302158,-0.0016419068,-0.034423023,-0.0014214963,-0.026834581,-0.008097901,-0.013607788,-0.005509887,0.14830816,-0.060656168,-0.20896432,0.12401863,-0.10565165,-0.22967029,0.1103484,-0.09831909,-0.20866749,1.0,84.0,83.0,0.040284444,0.06802209,0.027737644,-0.00095973816,0.045957014,0.046916753,0.03717236,0.099333026,0.062160667,0.041244183,0.022065073,-0.01917911,0.0031120852,-0.03131094,-0.034423023,0.005950514,-0.020884067,-0.026834581,1.0,0.0,-1.0,4,4,0,4,0,-4,1.0,0.0,-1.0,1.0,24.25,23.25,0.04028444364666939,0.06802208721637726,0.02773764356970787,-0.0010044551600003615,0.04562261886894703,0.04662707402894739,0.0355101116001606,0.09281539916992188,0.057305287569761276,0.04128889925777912,0.02239946834743023,-0.018889430910348892,0.004774332046508789,-0.024793311953544617,-0.029567644000053406,-83.479645,-1.0
5,391,29381,2.0,80.0,78.0,1.0,2.0,1.0,0.030340891,0.030340891,-48.980103,-1.0149384,-0.008436792,-0.018029626,-0.00809487,-0.016814474,-0.020162186,0.017519452,0.03768164,-0.08629488,0.22787416,0.31416905,-0.07820771,0.23228285,0.31049055,-0.07233775,0.21965756,0.2919953,2.0,80.0,78.0,0.046037894,0.076378785,0.030340891,0.01830511,0.05274994,0.03444483,0.046265148,0.094635665,0.048370518,0.027732784,0.023628846,-0.004103938,-0.00022725388,-0.01825688,-0.018029626,0.00095995143,-0.015854523,-0.016814474,0.0,0.0,0.0,10,10,0,6,0,-6,0.6,0.0,-0.6,1.4,25.0,23.6,0.04603789374232292,0.07637878507375717,0.03034089133143425,0.01823876015841961,0.05266881063580513,0.03443005047738552,0.04538399837911129,0.09153135642409324,0.04614735804498195,0.02779913358390331,0.02370997443795204,-0.00408915914595127,0.0006538953632116318,-0.015152571350336074,-0.015806466713547705,-48.980103,-0.6
5,392,29568,13.0,34.0,21.0,1.0,1.0,0.0,0.04378109,0.04378109,-38.77466,-0.62555313,-0.003999632,0.001529254,-0.0030326396,-0.004494738,0.5355484,0.36351264,-0.17203575,0.093537375,0.063099116,-0.03043826,0.11112704,0.08594819,-0.02517885,0.19597717,0.13447692,-0.06150025,13.0,34.0,21.0,0.036676828,0.08045792,0.04378109,0.014023027,0.052399695,0.038376667,0.054117825,0.09636966,0.042251837,0.0226538,0.028058223,0.005404424,-0.017440997,-0.015911743,0.001529254,-0.007770706,-0.012265444,-0.004494738,0.0,0.0,0.0,5,5,0,0,0,0,0.0,0.0,0.0,3.4,12.0,8.6,0.03667682781815529,0.08045791834592819,0.0437810905277729,0.014176949858665466,0.052607377618551256,0.03843042775988579,0.04372681975364685,0.09430632591247559,0.05057950615882874,0.02249987833201885,0.027850540727376936,0.005350662395358086,-0.007049991935491562,-0.013848407566547394,-0.006798415631055832,-38.77466,0.0
5,393,29660,31.0,163.0,132.0,29.0,13.0,-16.0,0.037231177,0.037231177,-60.12494,-2.0426483,0.0024486799,-0.019046385,0.0032345727,-0.02083127,0.579265,0.5477603,-0.03150469,0.33883473,0.2394769,-0.09935783,0.3663211,0.26072603,-0.10559505,0.43783644,0.34241965,-0.095416784,31.0,163.0,132.0,0.022189066,0.059420243,0.037231177,0.000367846,0.044273246,0.0439054,0.034296665,0.09057423,0.056277562,0.02182122,0.015146997,-0.0066742226,-0.0121075995,-0.031153984,-0.019046385,-0.007951701,-0.028782971,-0.02083127,0.0,0.0,0.0,10,10,0,0,0,0,0.0,0.0,0.0,9.0,53.0,44.0,0.02218906581401825,0.05942024290561676,0.03723117709159851,0.0004246929463988636,0.04460412934422493,0.044179436397826066,0.029113845154643058,0.08678414970636368,0.05767030455172062,0.0217643728479743,0.014816113561391831,-0.006948259286582468,-0.0069247793406248094,-0.027363906800746917,-0.02043912746012211,-60.12494,0.0
5,394,29663,122.0,855.0,733.0,105.0,68.0,-37.0,0.014131326,0.014131326,-73.67145,-2.3899403,0.009841576,-0.036657225,0.008985471,-0.035897594,0.06385854,0.15173246,0.08787392,0.13087685,-0.011529361,-0.14240621,0.12821329,-0.0108367335,-0.13905002,0.12811461,0.0069242725,-0.12119034,122.0,855.0,733.0,0.017421596,0.031552922,0.014131326,0.003947991,0.048619207,0.044671215,0.045449194,0.09623774,0.050788548,0.013473605,-0.017066285,-0.030539889,-0.028027598,-0.06468482,-0.036657225,-0.021613762,-0.057511356,-0.035897594,0.0,0.0,0.0,6,6,0,0,0,0,0.0,0.0,0.0,39.0,254.0,215.0,0.017421595752239227,0.03155292198061943,0.014131326228380203,0.004053483329092463,0.04883383152385553,0.044780348194763064,0.03876955434679985,0.08925146361192067,0.05048190926512082,0.013368112500756979,-0.017280909543236096,-0.030649022043993075,-0.021347958594560623,-0.057698542873064675,-0.03635058427850405,-73.67145,0.0
5,395,29680,3.0,194.0,191.0,1.0,1.0,0.0,0.019158453,0.019158453,-38.60034,-1.2401791,-0.00020103157,-0.03160809,-0.00018974394,-0.030689538,0.43968192,0.47992343,0.04024151,0.33806652,0.42043543,0.08236891,0.36899573,0.439342,0.070346266,0.388132,0.45478237,0.06665036,3.0,194.0,191.0,0.04120057,0.060359024,0.019158453,0.0010415462,0.047108065,0.04606652,0.04811453,0.09888107,0.050766543,0.040159024,0.013250958,-0.026908066,-0.00691396,-0.03852205,-0.03160809,0.00062236935,-0.030067168,-0.030689538,0.0,0.0,0.0,9,9,0,4,0,-4,0.4444444444444444,0.0,-0.4444444444444444,1.6666666666666667,60.111111111111114,58.44444444444445,0.04120057076215744,0.06035902351140976,0.01915845274925232,0.0010543876285535386,0.047232762393024236,0.046178374764470696,0.04121585645609432,0.09148339927196503,0.05026754281587071,0.040146182808611125,0.013126261118385527,-0.027019921690225598,-1.5285693936877782e-05,-0.031124375760555267,-0.03110909006661839,-38.60034,-0.4444444444444444
5,396,29711,1.0,38.0,37.0,1.0,3.0,2.0,0.019508861,0.019508861,-1.6611938,1.2489758,-0.009919107,-0.024970926,-0.009767264,-0.026320376,0.5000554,0.53225434,0.032198966,0.26456523,0.25165042,-0.012914807,0.26579604,0.26135936,-0.0044366717,0.30707,0.30144453,-0.0056254566,1.0,38.0,37.0,0.060483783,0.079992644,0.019508861,0.014561251,0.05204428,0.03748303,0.05508525,0.09956504,0.044479787,0.045922533,0.027948365,-0.017974168,0.0053985342,-0.019572392,-0.024970926,0.011269301,-0.015051074,-0.026320376,1.0,0.0,-1.0,9,9,0,9,0,-9,1.0,0.0,-1.0,1.0,12.88888888888889,11.88888888888889,0.06048378348350525,0.07999264448881149,0.019508861005306244,0.014702571038570669,0.052388995885849,0.03768642484727833,0.048509900354676776,0.09514906257390976,0.046639162219232984,0.04578121296233601,0.027603648602962494,-0.018177564359373517,0.011973883128828473,-0.015156418085098267,-0.02713030121392674,-1.6611938,-1.0
5,397,29837,46.0,71.0,25.0,8.0,1.0,-7.0,0.05171327,0.05171327,-18.061523,-0.039711,0.0131364055,-0.0029856935,0.0068768486,-0.0039679185,0.2502714,0.13080569,-0.11946572,0.1584371,0.15049523,-0.007941872,0.16126817,0.14398398,-0.0172842,0.17680733,0.15103331,-0.025774017,46.0,71.0,25.0,0.023455698,0.07516897,0.05171327,0.0008470622,0.04982875,0.048981685,0.042715568,0.09741453,0.054698963,0.022608636,0.025340218,0.0027315821,-0.01925987,-0.022245564,-0.0029856935,-0.014511578,-0.018479496,-0.0039679185,0.0,0.0,0.0,8,8,0,0,0,0,0.0,0.0,0.0,15.875,27.25,11.375,0.023455698043107986,0.07516896724700928,0.05171326920390129,0.0014688758237753063,0.05067404452711344,0.04920516870333813,0.03852718137204647,0.09415268898010254,0.05562550760805607,0.021986822364851832,0.02449492271989584,0.0025081003550440073,-0.015071483328938484,-0.01898372173309326,-0.0039122384041547775,-18.061523,0.0
5,398,29886,2.0,416.0,414.0,1.0,1.0,0.0,0.00794483,0.00794483,-49.431305,-2.1564102,-0.0019085258,-0.0331001,-0.001959741,-0.041772656,0.66173714,0.65664846,-0.005088687,0.65378344,0.6661274,0.012343943,0.67693025,0.6738344,-0.0030958652,0.70425516,0.6916709,-0.012584269,2.0,416.0,414.0,0.041638665,0.049583495,0.00794483,-0.0030069808,0.04586161,0.04886859,0.050170176,0.091215104,0.041044928,0.044645645,0.0037218854,-0.04092376,-0.008531511,-0.04163161,-0.0331001,0.0025863796,-0.039186276,-0.041772656,0.0,0.0,0.0,8,8,0,3,0,-3,0.375,0.0,-0.375,1.625,124.125,122.5,0.04163866490125656,0.049583494663238525,0.007944829761981964,-0.0033313726307824254,0.04544502915814519,0.048776401788927615,0.04484631447121501,0.08972394559532404,0.04487763112410903,0.04497003788128495,0.004138465505093336,-0.040831572376191616,-0.0032076495699584484,-0.040140450932085514,-0.036932801362127066,-49.431305,-0.375
5,399,29919,1.0,7.0,6.0,1.0,1.0,0.0,0.03957014,0.03957014,-21.855743,-0.3998375,-0.009246118,-0.014256377,-0.008872669,-0.011925038,0.23419672,0.18767005,-0.04652667,0.26508912,0.1791445,-0.08594462,0.272384,0.16901799,-0.103366,0.28663754,0.18207651,-0.10456103,1.0,7.0,6.0,0.05232064,0.09189078,0.03957014,0.004914048,0.047992878,0.04307883,0.049598776,0.103425294,0.05382652,0.04740659,0.043897904,-0.003508687,0.0027218647,-0.011534512,-0.014256377,0.006765131,-0.005159907,-0.011925038,1.0,0.0,-1.0,12,12,0,12,1,-11,1.0,0.08333333333333333,-0.9166666666666666,1.0,3.0833333333333335,2.0833333333333335,0.05232064053416252,0.09189078211784363,0.03957014158368111,0.0051151678975050645,0.048256587547560535,0.04314141965005547,0.04756753736486038,0.09858401181797187,0.05101647445311149,0.04720547298590342,0.04363419457028309,-0.003571278415620327,0.004753103169302146,-0.006693229700128238,-0.011446332869430384,-21.855743,-0.9166666666666666
5,400,29980,2.0,58.0,56.0,7.0,17.0,10.0,0.030560393,0.030560393,-38.312042,-0.9861393,0.006131895,-0.014252808,0.0026868135,-0.020691667,0.49154383,0.51790017,0.02635634,0.38639808,0.53120476,0.14480668,0.38360614,0.53140247,0.14779633,0.417449,0.5519593,0.13451028,2.0,58.0,56.0,0.041764442,0.072324835,0.030560393,0.009664535,0.04868439,0.039019853,0.04863769,0.09345089,0.0448132,0.032099906,0.023640446,-0.00845946,-0.0068732463,-0.021126054,-0.014252808,0.0015402548,-0.019151412,-0.020691667,0.0,0.0,0.0,8,8,0,7,0,-7,0.875,0.0,-0.875,1.125,18.0,16.875,0.04176444187760353,0.07232483476400375,0.030560392886400223,0.009411809500306845,0.04875826835632324,0.0393464588560164,0.03788243792951107,0.09117483347654343,0.053292395547032356,0.032352632377296686,0.02356656640768051,-0.008786065969616175,0.0038820039480924606,-0.018849998712539673,-0.022732002660632133,-38.312042,-0.875
5,401,30081,25.0,575.0,550.0,15.0,15.0,0.0,0.02112122,0.02112122,-89.22302,-3.9904194,0.0043483954,-0.025738997,0.0018873811,-0.028381009,0.1958042,0.24910775,0.053303555,0.11750314,-0.03903244,-0.15653558,0.11472052,-0.038658194,-0.15337873,0.13306375,-0.018331498,-0.15139525,25.0,575.0,550.0,0.020759543,0.041880764,0.02112122,-0.0018822682,0.044008035,0.045890305,0.033740155,0.08060037,0.046860218,0.022641812,-0.0021272711,-0.024769083,-0.012980612,-0.03871961,-0.025738997,-0.008773763,-0.03715477,-0.028381009,0.0,0.0,0.0,7,7,0,0,0,0,0.0,0.0,0.0,7.0,174.0,167.0,0.020759543403983116,0.041880764067173004,0.021121220663189888,-0.002111878661837961,0.04431917305503573,0.04643105171687369,0.03176413928823812,0.07914846922670092,0.0473843299384628,0.0228714221822364,-0.002438408987862723,-0.02530983117009912,-0.011004595884255,-0.03726770515952792,-0.026263109275272915,-89.22302,0.0
5,402,30373,4.0,252.0,248.0,4.0,2.0,-2.0,0.02734283,0.02734283,-24.05484,-0.7269821,0.00896154,-0.029887266,0.004518956,-0.030854408,0.25566608,0.23244631,-0.023219764,0.02395713,-0.06579127,-0.0897484,0.010316642,-0.05898624,-0.06930288,0.050333068,-0.0143824,-0.06471547,4.0,252.0,248.0,0.0271528,0.05449563,0.02734283,-0.00862269,0.043988857,0.05261155,0.03301381,0.090243906,0.057230096,0.03577549,0.0105067715,-0.025268719,-0.0058610104,-0.035748277,-0.029887266,-0.0013976172,-0.032252025,-0.030854408,0.0,0.0,0.0,7,7,0,3,0,-3,0.42857142857142855,0.0,-0.42857142857142855,1.7142857142857142,77.14285714285714,75.42857142857143,0.02715279906988144,0.05449562892317772,0.02734282985329628,-0.008828950646732534,0.04424014634319714,0.053069096989929676,0.02688568750662463,0.08816406343664442,0.061278375930019786,0.03598174984966006,0.010255482579980577,-0.02572626726967948,0.0002671115632568087,-0.0336684345134667,-0.033935546076723506,-24.05484,-0.42857142857142855
5,403,30395,1.0,1.0,0.0,1.0,1.0,0.0,0.040203147,0.040203147,-43.831726,-1.6551857,-0.0013416819,-0.0033127628,-0.0015379302,-0.006579183,0.4480897,0.34904784,-0.09904185,0.10451348,0.24125531,0.13674183,0.11697973,0.26438242,0.14740269,0.18536054,0.29255283,0.10719229,1.0,1.0,0.0,0.06443764,0.10464079,0.040203147,0.002363353,0.04807552,0.045712166,0.05190451,0.09542042,0.04351591,0.06207429,0.05656527,-0.005509019,0.012533132,0.009220369,-0.0033127628,0.018574968,0.011995785,-0.006579183,1.0,1.0,0.0,8,8,0,8,8,0,1.0,1.0,0.0,1.0,1.0,0.0,0.06443764269351959,0.10464078933000565,0.04020314663648605,0.002517781045753509,0.048308341298252344,0.045790560252498835,0.0469058551825583,0.09233035426586866,0.045424499083310366,0.06191986193880439,0.0563324480317533,-0.005587413907051086,0.017531787510961294,0.012310435064136982,-0.005221352446824312,-43.831726,0.0
5,404,30407,98.0,564.0,466.0,25.0,13.0,-12.0,0.024004178,0.024004178,-67.60101,-2.105585,0.0044164564,-0.025285484,0.0028555896,-0.027145466,0.37593177,0.4334412,0.057509422,-0.07336148,-0.005287552,0.06807393,-0.06943439,0.0019796952,0.07141408,-0.0072281365,0.070097,0.077325135,98.0,564.0,466.0,0.021943802,0.04594798,0.024004178,0.008677682,0.048282053,0.039604373,0.04288393,0.09217359,0.049289662,0.01326612,-0.0023340732,-0.015600193,-0.020940127,-0.04622561,-0.025285484,-0.01669146,-0.043836925,-0.027145466,0.0,0.0,0.0,5,5,0,0,0,0,0.0,0.0,0.0,31.2,173.6,142.4,0.021943802013993263,0.045947980135679245,0.024004178121685982,0.008919590339064597,0.048383291065692904,0.039463700726628304,0.03838152959942818,0.09031384140253067,0.05193231180310249,0.013024211674928666,-0.002435310930013657,-0.015459522604942322,-0.016437727585434915,-0.04436586126685142,-0.027928133681416507,-67.60101,0.0
5,405,30430,1.0,43.0,42.0,3.0,1.0,-2.0,0.024223674,0.024223674,-48.11487,-1.5882149,0.004512809,-0.02406926,0.0032054298,-0.026584331,0.009123207,0.03756451,0.028441302,-0.31035316,-0.2286887,0.08166446,-0.29122478,-0.2257774,0.065447375,-0.28623223,-0.19015962,0.096072614,1.0,43.0,42.0,0.044416126,0.0686398,0.024223674,-0.0045913653,0.04123278,0.045824144,0.036729604,0.08502254,0.048292935,0.04900749,0.02740702,-0.02160047,0.007686522,-0.016382739,-0.02406926,0.011560623,-0.015023708,-0.026584331,1.0,0.0,-1.0,7,7,0,7,0,-7,1.0,0.0,-1.0,1.0,14.714285714285714,13.714285714285714,0.04441612586379051,0.06863979995250702,0.024223674088716507,-0.004303868261298963,0.041554228003535955,0.04585809626483492,0.03327427325504167,0.08394850896937507,0.0506742357143334,0.04871999419161251,0.027085571948971068,-0.021634422242641446,0.011141852608748845,-0.015308709016868047,-0.026450561625616893,-48.11487,-1.0
5,406,30563,1.0,43.0,42.0,1.0,1.0,0.0,0.018617753,0.018617753,-82.2702,-3.7971706,0.0003355369,-0.03655697,-0.004480757,-0.03312253,0.24992608,0.33013535,0.08020927,0.0864974,0.12338109,0.03688369,0.08698115,0.12023844,0.03325729,0.11597374,0.15581144,0.039837703,1.0,43.0,42.0,0.051525366,0.07014312,0.018617753,-0.0024268467,0.04294855,0.0453754,0.03417854,0.08935326,0.055174723,0.053952213,0.027194567,-0.026757646,0.017346825,-0.019210145,-0.03655697,0.019780848,-0.01334168,-0.03312253,1.0,0.0,-1.0,8,8,0,8,0,-8,1.0,0.0,-1.0,1.0,12.75,11.75,0.05152536556124687,0.07014311850070953,0.018617752939462662,-0.0021963864273857325,0.043265254236757755,0.04546164066414349,0.03134131943807006,0.08065008372068405,0.04930876428261399,0.05372175248339772,0.02687786426395178,-0.026843888219445944,0.020184046123176813,-0.010506965219974518,-0.03069101134315133,-82.2702,-1.0
5,407,30601,3.0,133.0,130.0,1.0,1.0,0.0,0.024230763,0.024230763,-56.085052,-2.2075882,0.0032867566,-0.01820197,-2.554804e-05,-0.023578264,0.60353714,0.6574136,0.05387646,0.53512156,0.6780003,0.14287871,0.5446534,0.68576044,0.14110702,0.57623404,0.7086326,0.13239855,3.0,133.0,130.0,0.038775727,0.06300649,0.024230763,-0.0028994558,0.043588266,0.046487723,0.049307346,0.09174008,0.042432733,0.041675184,0.019418225,-0.02225696,-0.010531619,-0.028733589,-0.01820197,-0.0022698566,-0.02584812,-0.023578264,0.0,0.0,0.0,13,13,0,7,0,-7,0.5384615384615384,0.0,-0.5384615384615384,1.6923076923076923,41.69230769230769,40.0,0.0387757271528244,0.06300649046897888,0.02423076331615448,-0.0029667300852732016,0.04376494999115284,0.04673168007642604,0.04133355760803589,0.08917262462469247,0.04783906701665658,0.04174245722018755,0.019241540477826044,-0.02250091674236151,-0.0025578304552114927,-0.026166134155713595,-0.0236083037005021,-56.085052,-0.5384615384615384
5,408,30632,1.0,330.0,329.0,1.0,1.0,0.0,0.010172702,0.010172702,-74.45767,-2.6774635,-0.004366651,-0.04443885,-0.005774107,-0.043656398,0.08432104,0.046047308,-0.03827373,0.15277235,0.14407924,-0.008693114,0.12546572,0.15732466,0.031858936,0.1323388,0.1539999,0.021661088,1.0,330.0,329.0,0.04451681,0.05468951,0.010172702,0.0036118866,0.04746634,0.043854456,0.037339028,0.09195058,0.054611553,0.040904924,0.0072231703,-0.033681754,0.0071777813,-0.03726107,-0.04443885,0.010312755,-0.033343643,-0.043656398,1.0,0.0,-1.0,11,11,0,11,0,-11,1.0,0.0,-1.0,1.0,103.36363636363636,102.36363636363636,0.04451680928468704,0.05468951165676117,0.010172702372074127,0.004011527889154174,0.04795547676357356,0.04394394887441939,0.033443830060687935,0.08873780410398137,0.055293974043293434,0.04050528122620149,0.00673403489318761,-0.033771246333013885,0.01107297922399911,-0.03404829244722019,-0.0451212716712193,-74.45767,-1.0
5,409,30672,1.0,5.0,4.0,1.0,1.0,0.0,0.038897377,0.038897377,-42.566925,-1.0299759,0.00024610385,-0.012847945,-0.000454057,-0.01233786,0.37659222,0.35702473,-0.01956749,0.18120375,0.18757655,0.0063727945,0.17356737,0.18966529,0.016097918,0.2310094,0.23639026,0.005380869,1.0,5.0,4.0,0.045454953,0.08435233,0.038897377,0.0027496975,0.04691578,0.044166084,0.036710653,0.088455975,0.05174532,0.042705256,0.03743655,-0.005268708,0.008744299,-0.0041036457,-0.012847945,0.010659691,-0.0016781688,-0.01233786,1.0,0.0,-1.0,10,10,0,10,2,-8,1.0,0.2,-0.8,1.0,2.2,1.2000000000000002,0.045454952865839005,0.08435232937335968,0.038897376507520676,0.0029079814907163382,0.04736250415444374,0.0444545226637274,0.034841401129961015,0.08693166971206664,0.05209026858210563,0.04254697151482105,0.03698982521891594,-0.005557146295905112,0.010613551735877991,-0.0025793403387069703,-0.013192892074584961,-42.566925,-0.8
5,410,30674,4.0,79.0,75.0,4.0,18.0,14.0,0.030836277,0.030836277,-44.847412,-1.0567875,-0.0013625063,-0.019516416,-0.0022900961,-0.02019317,0.20528568,0.17977022,-0.025515467,0.0046440787,0.144818,0.14017391,0.0076173823,0.14447951,0.13686213,0.02691723,0.1533231,0.12640586,4.0,79.0,75.0,0.03787539,0.06871167,0.030836277,0.007057359,0.04792783,0.040870473,0.042875275,0.09322797,0.050352693,0.030818032,0.020783838,-0.010034194,-0.0049998835,-0.0245163,-0.019516416,-0.00069746,-0.02089063,-0.02019317,0.0,0.0,0.0,9,9,0,5,0,-5,0.5555555555555556,0.0,-0.5555555555555556,1.5555555555555556,24.555555555555557,23.0,0.03787539154291153,0.06871166825294495,0.030836276710033417,0.006768342935376697,0.048026220666037664,0.04125787773066097,0.03733342099520895,0.0887652917040719,0.051431870708862945,0.03110704819361369,0.020685447586907282,-0.010421600606706407,0.0005419705477025774,-0.020053623451126948,-0.020595593998829525,-44.847412,-0.5555555555555556
5,411,30847,15.0,32.0,17.0,28.0,2.0,-26.0,0.04977758,0.04977758,-36.295807,-1.1807785,0.0073772147,-0.009467807,0.0084951855,-0.008656837,0.16100985,0.09810925,-0.062900595,-0.21281102,-0.21719426,-0.004383236,-0.22960183,-0.2405399,-0.010938063,-0.18602091,-0.21050528,-0.024484366,15.0,32.0,17.0,0.030150753,0.07992833,0.04977758,0.0008039847,0.048956584,0.0481526,0.035012633,0.09425802,0.059245385,0.029346768,0.030971747,0.0016249791,-0.00486188,-0.014329687,-0.009467807,-0.0032325462,-0.011889383,-0.008656837,0.0,0.0,0.0,12,12,0,0,0,0,0.0,0.0,0.0,5.166666666666667,11.333333333333334,6.166666666666667,0.030150752514600754,0.07992833107709885,0.04977757856249809,0.000831661151702671,0.04931093752384186,0.04847927637213919,0.0335699338465929,0.09205975010991096,0.05848981626331806,0.029319091389576595,0.03061739355325699,0.0012983021636803933,-0.0034191813319921494,-0.012131419032812119,-0.00871223770081997,-36.295807,0.0
5,412,30856,2.0,464.0,462.0,3.0,10.0,7.0,0.012452599,0.012452599,-48.25229,-1.2884178,-0.0050179735,-0.037071113,-0.0061739013,-0.035426725,0.44825152,0.48113167,0.032880157,0.6536053,0.59635824,-0.057247043,0.69966745,0.60702264,-0.09264481,0.68799305,0.6247961,-0.06319696,2.0,464.0,462.0,0.038513187,0.050965786,0.012452599,0.0067993286,0.049133193,0.042333864,0.041201822,0.09072553,0.04952371,0.03171386,0.0018325932,-0.029881265,-0.0026886351,-0.039759748,-0.037071113,0.0016986467,-0.033728078,-0.035426725,0.0,0.0,0.0,9,9,0,4,0,-4,0.4444444444444444,0.0,-0.4444444444444444,1.5555555555555556,143.88888888888889,142.33333333333334,0.0385131873190403,0.05096578598022461,0.012452598661184311,0.0068891832294563455,0.04966959895359145,0.04278041572413511,0.0387529619038105,0.08574994322326449,0.046996981319453984,0.03162400465872553,0.0012961870266331567,-0.03032781763209237,-0.00023977458477020264,-0.034784157243039876,-0.03454438265826967,-48.25229,-0.4444444444444444
5,413,30887,3.0,109.0,106.0,3.0,1.0,-2.0,0.030611303,0.030611303,-53.470245,-1.5243587,0.0028875954,-0.019866772,0.0021124035,-0.022335079,0.67207104,0.5757297,-0.09634131,0.6174056,0.36226678,-0.2551388,0.6111705,0.34934744,-0.26182303,0.65032333,0.42658925,-0.22373408,3.0,109.0,106.0,0.042651843,0.073263146,0.030611303,0.006468974,0.05215776,0.045688786,0.048027437,0.09850551,0.050478075,0.03618287,0.021105386,-0.015077483,-0.005375594,-0.025242366,-0.019866772,2.3629516e-05,-0.022311449,-0.022335079,0.0,0.0,0.0,10,10,0,2,0,-2,0.2,0.0,-0.2,1.9,32.1,30.200000000000003,0.04265184327960014,0.07326314598321915,0.030611302703619003,0.006595173990353942,0.052245551347732545,0.045650377357378605,0.04475868977606297,0.09601031988859177,0.0512516301125288,0.03605666942894459,0.0210175946354866,-0.015039074793457986,-0.002106846496462822,-0.02274717390537262,-0.0206403274089098,-53.470245,-0.2
5,414,30922,1.0,182.0,181.0,8.0,10.0,2.0,0.01852154,0.01852154,-26.42978,-0.57827187,0.001871217,-0.03597948,0.0012968034,-0.036933437,0.33602744,0.30762458,-0.028402865,0.2082412,0.1362066,-0.0720346,0.21252303,0.13084567,-0.08167736,0.2405586,0.1601119,-0.08044669,1.0,182.0,181.0,0.04264783,0.06116937,0.01852154,0.00016335741,0.046515204,0.046351846,0.03740318,0.0919042,0.05450102,0.042484473,0.014654167,-0.027830306,0.00524465,-0.03073483,-0.03597948,0.00949195,-0.027441487,-0.036933437,1.0,0.0,-1.0,9,9,0,9,0,-9,1.0,0.0,-1.0,1.0,58.111111111111114,57.111111111111114,0.0426478311419487,0.061169371008872986,0.018521539866924286,0.0005463523880785538,0.04705289502938589,0.04650654264130733,0.03575349454250601,0.09039498534467486,0.054641490802168846,0.0421014784110917,0.0141164759794871,-0.0279850024316046,0.006894336599442694,-0.029225614335801866,-0.03611995093524456,-26.42978,-1.0
5,415,30935,1.0,622.0,621.0,1.0,1.0,0.0,-0.0142634325,-0.0142634325,-82.48898,-3.0074844,-0.0063373186,-0.059780046,-0.007762857,-0.05838096,0.042202752,0.07673586,0.03453311,-0.21314293,-0.3336877,-0.12054476,-0.20267737,-0.3129855,-0.11030814,-0.19965792,-0.28606826,-0.08641034,1.0,622.0,621.0,0.055052876,0.040789444,-0.0142634325,0.005162153,0.04515302,0.03999087,0.0443174,0.08983401,0.045516614,0.049890723,-0.004363578,-0.0542543,0.010735478,-0.049044568,-0.059780046,0.013106566,-0.045274395,-0.05838096,1.0,0.0,-1.0,12,12,0,12,0,-12,1.0,0.0,-1.0,1.0,190.0,189.0,0.055052876472473145,0.040789443999528885,-0.01426343247294426,0.005163672807005544,0.04536195689191421,0.040198284084908664,0.04082919253657261,0.08597875821093719,0.045149565674364574,0.04988920378188292,-0.0045725128923853236,-0.054461716674268246,0.01422368393590053,-0.045189314211408295,-0.059412998147308826,-82.48898,-1.0
5,416,30954,5.0,359.0,354.0,1.0,1.0,0.0,0.015755568,0.015755568,-60.923645,-2.2633915,0.0010680333,-0.03436757,0.0012338422,-0.032948397,-0.16989064,-0.046591602,0.12329904,-0.2127602,-0.0015072807,0.21125291,-0.22844842,0.012237026,0.24068545,-0.24754106,0.0041853427,0.2517264,5.0,359.0,354.0,0.037344426,0.053099994,0.015755568,0.0031998174,0.04773856,0.044538744,0.04407465,0.09419779,0.050123136,0.03414461,0.005361434,-0.028783176,-0.006730225,-0.041097794,-0.03436757,-0.002674479,-0.035622876,-0.032948397,0.0,0.0,0.0,7,7,0,2,0,-2,0.2857142857142857,0.0,-0.2857142857142857,2.857142857142857,111.0,108.14285714285714,0.03734442591667175,0.053099993616342545,0.01575556769967079,0.0036139036861381362,0.04808925624404635,0.044475352557908215,0.040032697043248584,0.09038016200065613,0.050347464957407544,0.03373052233031818,0.005010737372296197,-0.028719784958021986,-0.0026882711265768322,-0.03728016838431358,-0.03459189725773675,-60.923645,-0.2857142857142857
5,417,31028,2.0,2.0,0.0,24.0,5.0,-19.0,0.059486292,0.059486292,-28.056427,-0.5921345,0.008739192,-0.0007450506,0.0070129707,0.0011120476,0.18473509,0.2487632,0.064028114,0.20822437,0.1450285,-0.06319587,0.2301588,0.14815141,-0.08200739,0.24131271,0.17378496,-0.067527756,2.0,2.0,0.0,0.040702686,0.10018898,0.059486292,0.0029306344,0.047959346,0.045028713,0.048593752,0.108825095,0.060231343,0.037772052,0.05222963,0.01445758,-0.007891066,-0.008636117,-0.0007450506,0.001466658,0.0025787055,0.0011120476,0.0,0.0,0.0,9,9,0,7,7,0,0.7777777777777778,0.7777777777777778,0.0,1.2222222222222223,1.2222222222222223,0.0,0.040702685713768005,0.1001889780163765,0.05948629230260849,0.003054970422656172,0.04820115284787284,0.04514618242521667,0.038808739433685936,0.09705300132433574,0.0582442618906498,0.03764771587318844,0.05198782516850366,0.014340109295315213,0.0018939462800820668,0.0031359766920407615,0.0012420304119586947,-28.056427,0.0
5,418,31049,1.0,44.0,43.0,1.0,1.0,0.0,0.02931051,0.02931051,-47.851074,-2.212265,-0.0033474416,-0.021599606,-0.0047739334,-0.01854286,0.19352742,0.18814766,-0.0053797513,0.10020236,0.08017875,-0.020023607,0.09316578,0.08508569,-0.008080088,0.10705402,0.10231681,-0.004737206,1.0,44.0,43.0,0.043404154,0.072714664,0.02931051,0.0025854039,0.045391653,0.04280625,0.041178457,0.09208857,0.050910115,0.04081875,0.027323011,-0.01349574,0.002225697,-0.019373909,-0.021599606,0.003121566,-0.015421294,-0.01854286,1.0,0.0,-1.0,9,9,0,9,0,-9,1.0,0.0,-1.0,1.0,13.444444444444445,12.444444444444445,0.04340415447950363,0.072714664041996,0.02931050956249237,0.0029907243895447915,0.045621488243341446,0.042630763853796654,0.04038937307066388,0.08658179806338416,0.046192424992720284,0.040413430167569056,0.027093175798654556,-0.0133202543689145,0.0030147814088397557,-0.01386713402138816,-0.016881915430227917,-47.851074,-1.0
5,419,31064,1.0,324.0,323.0,1.0,1.0,0.0,0.0051709525,0.0051709525,-58.90558,-2.3098927,0.0022702217,-0.04478748,-0.0010901988,-0.04213237,0.040038466,-0.17490397,-0.21494244,0.041622605,0.5340411,0.4924185,0.049611025,0.5274706,0.47785956,0.05048857,0.47018602,0.41969746,1.0,324.0,323.0,0.045907043,0.051077995,0.0051709525,-0.0012215293,0.045047544,0.046269074,0.037227523,0.08718596,0.049958434,0.047128573,0.0060304515,-0.04109812,0.00867952,-0.03610796,-0.04478748,0.012944948,-0.029187422,-0.04213237,1.0,0.0,-1.0,8,8,0,8,0,-8,1.0,0.0,-1.0,1.0,99.125,98.125,0.04590704292058945,0.05107799544930458,0.005170952528715134,-0.0010935485015579616,0.04527790751308203,0.04637145601463999,0.03536191233433783,0.08170684706419706,0.04634493472985923,0.04700059210881591,0.005800087936222553,-0.041200504172593355,0.010545130586251616,-0.030628851614892483,-0.0411739822011441,-58.90558,-1.0
5,420,31123,1.0,163.0,162.0,1.0,1.0,0.0,0.02546803,0.02546803,-31.038727,-0.67531395,-0.0005752817,-0.03403865,-0.0024275687,-0.031229287,-0.1232476,-0.046745565,0.07650204,-0.17317356,-0.17398514,-0.00081157684,-0.19120821,-0.19139563,-0.0001874119,-0.19591193,-0.19153817,0.004373759,1.0,163.0,162.0,0.036339182,0.06180721,0.02546803,0.0027471078,0.04530173,0.042554624,0.036112342,0.09561902,0.05950668,0.033592075,0.01650548,-0.017086595,0.00022684038,-0.03381181,-0.03403865,0.0020591728,-0.029170115,-0.031229287,1.0,0.0,-1.0,6,6,0,6,0,-6,1.0,0.0,-1.0,1.0,56.0,55.0,0.036339182406663895,0.061807211488485336,0.02546802908182144,0.0032307366685320935,0.04609827448924383,0.04286753782071173,0.033086564702292286,0.09167994186282158,0.05859337716052929,0.033108445505301155,0.015708936999241512,-0.017399508506059643,0.003252617704371611,-0.029872730374336243,-0.03312534807870785,-31.038727,-1.0
5,421,31233,1.0,36.0,35.0,2.0,1.0,-1.0,0.032557543,0.032557543,-33.606293,-0.68717384,0.0015369281,-0.021839257,-0.0010038055,-0.022093032,0.12258133,0.09580569,-0.026775643,0.035167105,0.070041835,0.03487473,0.043981712,0.06790357,0.023921859,0.058824442,0.07427017,0.015445724,1.0,36.0,35.0,0.047125082,0.079682626,0.032557543,0.005770336,0.048370413,0.042600077,0.04296124,0.09735804,0.0543968,0.041354746,0.031312212,-0.010042533,0.0041638426,-0.017675415,-0.021839257,0.006712515,-0.015380517,-0.022093032,1.0,0.0,-1.0,12,12,0,12,0,-12,1.0,0.0,-1.0,1.0,12.0,11.0,0.04712508246302605,0.07968262583017349,0.032557543367147446,0.005768097898301979,0.0487009488667051,0.042932850968403116,0.04097467722992102,0.09404019887248675,0.053065521642565734,0.0413569842154781,0.03098167696346839,-0.010375307252009709,0.006150405233105023,-0.014357573042313257,-0.02050797827541828,-33.606293,-1.0
5,422,31349,10.0,32.0,22.0,1.0,1.0,0.0,0.03938234,0.03938234,-24.102478,-0.40019417,-0.00027179718,-0.00604631,-0.0027291086,-0.0077635497,0.14782323,0.03774616,-0.11007707,0.2115209,-0.06359155,-0.27511245,0.2156357,-0.048217334,-0.26385304,0.22447486,-0.043480594,-0.26795545,10.0,32.0,22.0,0.03500849,0.07439083,0.03938234,0.007853531,0.047868043,0.040014513,0.046160378,0.091589026,0.04542865,0.02715496,0.026522785,-0.0006321743,-0.0111518875,-0.017198198,-0.00604631,-0.0067213476,-0.014484897,-0.0077635497,0.0,0.0,0.0,7,7,0,0,0,0,0.0,0.0,0.0,3.7142857142857144,11.571428571428571,7.857142857142857,0.03500849008560181,0.07439082860946655,0.039382338523864746,0.008230130919920546,0.04809029932532992,0.039860168405409374,0.04149516671895981,0.09059400750058037,0.049098840781620565,0.026778358966112137,0.026300529284136637,-0.00047782968197549944,-0.006486676633358002,-0.016203178891113827,-0.009716502257755825,-24.102478,0.0
5,423,31446,13.0,370.0,357.0,3.0,2.0,-1.0,0.019443009,0.019443009,-49.094727,-1.9964714,0.001039654,-0.022000104,7.0929527e-06,-0.02220285,0.38018507,0.38030794,0.00012287498,0.15645348,0.06989169,-0.086561784,0.1597452,0.08003,-0.0797152,0.20241693,0.1290065,-0.07341042,13.0,370.0,357.0,0.029074863,0.04851787,0.019443009,-0.005196063,0.041260928,0.046456993,0.04443175,0.08587486,0.041443113,0.034270927,0.0072569437,-0.027013984,-0.015356887,-0.03735699,-0.022000104,-0.011200707,-0.033403557,-0.02220285,0.0,0.0,0.0,10,10,0,2,0,-2,0.2,0.0,-0.2,4.4,113.4,109.0,0.029074862599372864,0.048517871648073196,0.019443009048700333,-0.0051281795836985115,0.041551205515861514,0.046679385099560024,0.036838453635573386,0.08074092790484429,0.0439024742692709,0.034203042089939115,0.006966666132211685,-0.02723637595772743,-0.007763591036200524,-0.03222305625677109,-0.02445946522057057,-49.094727,-0.2
5,424,31659,22.0,107.0,85.0,1.0,1.0,0.0,0.03567223,0.03567223,-65.844604,-2.6202412,0.0022588335,-0.019584838,-0.0011959914,-0.020015351,0.25718758,0.25918567,0.0019980967,0.40306216,0.47502732,0.07196516,0.40276822,0.47982585,0.07705763,0.4113433,0.48823693,0.07689363,22.0,107.0,85.0,0.033968408,0.06964064,0.03567223,0.001856094,0.046459064,0.04460297,0.043439776,0.09869684,0.055257067,0.032112315,0.023181573,-0.008930743,-0.009471368,-0.029056206,-0.019584838,-0.007691227,-0.027706578,-0.020015351,0.0,0.0,0.0,7,7,0,0,0,0,0.0,0.0,0.0,8.0,32.857142857142854,24.857142857142854,0.03396840766072273,0.0696406364440918,0.035672228783369064,0.0015657541475125722,0.04618552593248231,0.04461977178496974,0.04154181373970849,0.09457924323422569,0.053037429494517195,0.032402652981025834,0.023455110511609485,-0.008947542469416349,-0.007573406078985759,-0.024938606790133884,-0.017365200711148124,-65.844604,0.0
5,425,31747,2.0,4.0,2.0,1.0,1.0,0.0,0.04604472,0.04604472,-49.49942,-1.9937534,0.0009113103,-0.0010943972,0.0008752234,-0.008683708,0.3270985,0.31966233,-0.0074361563,0.13175774,-0.00048204086,-0.13223977,0.12666552,0.005294006,-0.121371515,0.15238826,0.046868056,-0.1055202,2.0,4.0,2.0,0.045857128,0.091901846,0.04604472,-0.0036748159,0.044667233,0.04834205,0.04936301,0.096502125,0.047139116,0.049531944,0.047234613,-0.0022973306,-0.0035058819,-0.004600279,-0.0010943972,0.007410381,-0.0012733266,-0.008683708,0.0,0.0,0.0,11,11,0,8,4,-4,0.7272727272727273,0.36363636363636365,-0.36363636363636365,1.2727272727272727,2.1818181818181817,0.909090909090909,0.045857127755880356,0.09190184623003006,0.046044718474149704,-0.0036118332169611344,0.04494865441864187,0.048560487635603,0.03951365432956002,0.09336224333806471,0.05384858900850469,0.04946896129033782,0.04695319181138819,-0.002515769478949631,0.006343473426320336,-0.0014603971080346541,-0.00780387053435499,-49.49942,-0.36363636363636365
5,426,31782,1.0,3.0,2.0,1.0,7.0,6.0,0.038754877,0.038754877,-13.230652,0.42960358,-0.0040638335,-0.008917712,-0.0059299096,-0.010540675,-0.055971287,-0.11875513,-0.062783845,-0.07867817,0.026290897,0.10496907,-0.061268445,0.0549699,0.11623834,-0.0671276,0.040963,0.1080906,1.0,3.0,2.0,0.052691597,0.091446474,0.038754877,0.00811783,0.04883874,0.04072091,0.04435428,0.09202687,0.04767259,0.04457377,0.042607736,-0.0019660331,0.008337319,-0.0005803928,-0.008917712,0.012215789,0.001675114,-0.010540675,1.0,0.0,-1.0,8,8,0,8,7,-1,1.0,0.875,-0.125,1.0,1.125,0.125,0.05269159749150276,0.09144647419452667,0.03875487670302391,0.008176445960998535,0.048917489126324654,0.04074104316532612,0.04017490101978183,0.08869750052690506,0.04852259950712323,0.0445151524618268,0.04252898506820202,-0.0019861673936247826,0.012516696471720934,0.0027489736676216125,-0.009767722804099321,-13.230652,-0.125
5,427,31801,8.0,114.0,106.0,1.0,3.0,2.0,0.030259605,0.030259605,-52.437775,-1.3888912,-0.0065613054,-0.016341753,-0.007294886,-0.01868293,-0.024665663,0.052922655,0.07758832,-0.16959308,-0.11354069,0.056052394,-0.16491534,-0.14766155,0.017253786,-0.16136445,-0.1244334,0.036931053,8.0,114.0,106.0,0.037840705,0.06810031,0.030259605,0.0097403,0.047929574,0.038189273,0.046336126,0.092937484,0.04660136,0.028100405,0.020170737,-0.007929668,-0.00849542,-0.024837174,-0.016341753,-0.0038226135,-0.022505544,-0.01868293,0.0,0.0,0.0,5,5,0,1,0,-1,0.2,0.0,-0.2,3.2,36.2,33.0,0.03784070536494255,0.06810031086206436,0.03025960549712181,0.009650208801031113,0.04793087840080261,0.0382806695997715,0.04061988443136215,0.0906435027718544,0.05002361834049225,0.028190496563911437,0.02016943246126175,-0.008021064102649689,-0.0027791790664196013,-0.02254319190979004,-0.019764012843370437,-52.437775,-0.2
5,428,31837,2.0,327.0,325.0,1.0,1.0,0.0,-0.0021280982,-0.0021280982,-67.62042,-2.6788502,-0.00021691993,-0.038325116,-0.006721046,-0.04304353,0.37629196,0.41495734,0.038665384,0.2625524,0.26377246,0.0012200475,0.24151771,0.25865144,0.017133728,0.27463314,0.28946123,0.014828086,2.0,327.0,325.0,0.05400906,0.051880963,-0.0021280982,0.006096587,0.04611742,0.040020835,0.055511188,0.091708206,0.036197018,0.047912475,0.005763542,-0.042148933,-0.0015021265,-0.039827242,-0.038325116,0.008727126,-0.034316406,-0.04304353,0.0,0.0,0.0,9,9,0,8,0,-8,0.8888888888888888,0.0,-0.8888888888888888,1.1111111111111112,100.55555555555556,99.44444444444444,0.05400906130671501,0.051880963146686554,-0.0021280981600284576,0.005988243967294693,0.04632703214883804,0.04033878818154335,0.04459583800699976,0.08572628762986925,0.04113044962286949,0.048020817753341466,0.005553930997848511,-0.042466886755492955,0.009413223299715254,-0.0338453244831827,-0.04325854778289795,-67.62042,-0.8888888888888888
5,429,31936,4.0,379.0,375.0,1.0,2.0,1.0,0.008030161,0.008030161,-43.605774,-1.712019,-0.0012167357,-0.023300089,-1.2759119e-05,-0.03164444,0.21802203,0.25923508,0.04121305,0.15669937,0.09386243,-0.062836945,0.14211586,0.08200751,-0.06010835,0.15716451,0.10491709,-0.052247427,4.0,379.0,375.0,0.041363735,0.049393896,0.008030161,0.003051485,0.04504556,0.041994072,0.061095707,0.09242596,0.03133025,0.03831225,0.0043483377,-0.03396391,-0.019731972,-0.04303206,-0.023300089,-0.0052383654,-0.036882807,-0.03164444,0.0,0.0,0.0,11,11,0,2,0,-2,0.18181818181818182,0.0,-0.18181818181818182,2.090909090909091,119.54545454545455,117.45454545454545,0.041363734751939774,0.049393896013498306,0.008030161261558533,0.0032447449735958467,0.04541771452535282,0.04217296955175698,0.04917065596038645,0.08669410442764108,0.03752344846725463,0.03811898996884173,0.003976181488145481,-0.03414280848069624,-0.007806921208446676,-0.037300208414142784,-0.029493287205696106,-43.605774,-0.18181818181818182
5,430,31964,1.0,12.0,11.0,1.0,1.0,0.0,0.032311466,0.032311466,-40.56015,-1.3124275,-0.0021346398,-0.014358491,-0.001266256,-0.020252861,0.6845931,0.7277392,0.043146133,0.5063445,0.54961425,0.043269753,0.5117211,0.5473716,0.03565055,0.56533396,0.6056395,0.040305555,1.0,12.0,11.0,0.050880123,0.08319159,0.032311466,-0.0035097094,0.046597112,0.05010682,0.048572626,0.09524258,0.046669956,0.05438983,0.036594477,-0.017795354,0.002307497,-0.012050994,-0.014358491,0.012775309,-0.0074775517,-0.020252861,1.0,0.0,-1.0,11,11,0,11,0,-11,1.0,0.0,-1.0,1.0,4.7272727272727275,3.7272727272727275,0.05088012292981148,0.08319158852100372,0.032311465591192245,-0.0036077287725426936,0.046660678630525414,0.05026840740306811,0.038219782947139305,0.09085114435716109,0.05263136141002178,0.054487852210348305,0.03653090989047831,-0.017956942319869995,0.01266033998267217,-0.007659555836157365,-0.020319895818829536,-40.56015,-1.0
5,431,32053,2.0,32.0,30.0,2.0,4.0,2.0,0.038518846,0.038518846,-48.203644,-1.5061913,-0.0014738813,-0.0037574023,-0.0044655353,-0.012901433,0.33059928,0.46924248,0.1386432,0.56010747,0.43092299,-0.12918448,0.58302534,0.4369921,-0.14603323,0.5883141,0.46457094,-0.12374318,2.0,32.0,30.0,0.0439004,0.08241925,0.038518846,0.0062933243,0.04978851,0.043495186,0.059702747,0.101978995,0.04227625,0.037607078,0.032630738,-0.0049763396,-0.015802346,-0.019559748,-0.0037574023,-0.0014936551,-0.014395088,-0.012901433,0.0,0.0,0.0,7,7,0,5,0,-5,0.7142857142857143,0.0,-0.7142857142857143,1.2857142857142858,11.0,9.714285714285714,0.04390040040016174,0.0824192464351654,0.03851884603500366,0.00622296506272895,0.050008032470941544,0.04378506740821259,0.047308879771402905,0.0957027439560209,0.04839386418461799,0.03767743493829455,0.03241121396422386,-0.005266220974070687,-0.003408479371241161,-0.013283497520855494,-0.009875018149614334,-48.203644,-0.7142857142857143
5,432,32232,4.0,174.0,170.0,1.0,1.0,0.0,0.024824698,0.024824698,-44.947662,-1.5663548,0.00032433122,-0.03229597,0.0013385192,-0.028143175,-0.105480336,-0.0740051,0.03147524,0.016232075,0.077442996,0.061210923,0.045798834,0.16212922,0.116330385,0.028843068,0.14187649,0.11303342,4.0,174.0,170.0,0.038151827,0.062976524,0.024824698,0.00045670822,0.04682501,0.0463683,0.042245343,0.09936601,0.057120666,0.037695117,0.016151514,-0.021543603,-0.0040935166,-0.036389485,-0.03229597,-0.0014709607,-0.029614136,-0.028143175,0.0,0.0,0.0,13,13,0,5,0,-5,0.38461538461538464,0.0,-0.38461538461538464,1.9230769230769231,56.92307692307692,55.0,0.038151826709508896,0.06297652423381805,0.02482469752430916,0.0005649326037830458,0.047301716242845245,0.046736783639062196,0.03910464822099759,0.09288384880010898,0.0537792005791114,0.037586893886327744,0.015674807990972813,-0.02191208589535493,-0.0009528215114886945,-0.02990732456629093,-0.028954503054802235,-44.947662,-0.38461538461538464
5,433,32303,1.0,395.0,394.0,1.0,1.0,0.0,0.014263175,0.014263175,-83.52966,-3.626442,-0.0010214262,-0.036174297,0.0005125664,-0.035725385,0.2150384,0.23084873,0.015810326,0.14142025,0.18416375,0.042743504,0.14514427,0.17599556,0.03085129,0.16060244,0.19028015,0.029677719,1.0,395.0,394.0,0.036156293,0.05041947,0.014263175,0.0043974575,0.04671858,0.042321123,0.035822578,0.08626005,0.050437473,0.031758837,0.0037008896,-0.028057948,0.00033371523,-0.035840582,-0.036174297,0.0022714473,-0.033453938,-0.035725385,1.0,0.0,-1.0,10,10,0,10,0,-10,1.0,0.0,-1.0,1.0,119.3,118.3,0.036156293004751205,0.05041946843266487,0.014263175427913666,0.004155031777918339,0.046912455931305885,0.04275742415338755,0.034190769866108896,0.08348696157336236,0.04929619170725346,0.03200126104056835,0.003507012501358986,-0.028494248539209364,0.001965523138642311,-0.03306749314069748,-0.03503301627933979,-83.52966,-1.0
5,434,32307,3.0,13.0,10.0,2.0,2.0,0.0,0.04050196,0.04050196,-40.76944,-1.3003807,0.0063727535,-0.009164456,-1.4953315e-05,-0.011095695,0.342026,0.545849,0.20382303,0.08469436,0.15513034,0.07043598,0.08869113,0.15618886,0.06749773,0.12203684,0.21626453,0.094227694,3.0,13.0,10.0,0.043233797,0.08373576,0.04050196,0.0049902904,0.0490845,0.04409421,0.04675178,0.096418194,0.049666416,0.038243506,0.034651257,-0.003592249,-0.0035179816,-0.012682438,-0.009164456,0.0018444583,-0.009251237,-0.011095695,0.0,0.0,0.0,9,9,0,2,0,-2,0.2222222222222222,0.0,-0.2222222222222222,1.8888888888888888,4.555555555555555,2.6666666666666665,0.04323379695415497,0.08373575657606125,0.04050195962190628,0.005217700834489531,0.04934445354673597,0.04412675271224644,0.044174647993511625,0.0936107478208012,0.049436099827289574,0.03801609617140558,0.034391303029325276,-0.003624793142080307,-0.0009408510393566556,-0.009874991244739957,-0.0089341402053833,-40.76944,-0.2222222222222222
5,435,32625,1.0,61.0,60.0,1.0,1.0,0.0,0.02813353,0.02813353,2.8059387,0.71790886,0.0022890083,-0.03845191,0.0018048771,-0.03220112,0.0943178,0.04332187,-0.05099593,0.006184355,-0.05980474,-0.0659891,0.028942859,-0.004925423,-0.033868283,0.041323546,0.0026297357,-0.03869381,1.0,61.0,60.0,0.04177739,0.06991092,0.02813353,-0.010283808,0.044284213,0.054568022,0.03269602,0.09928146,0.06658544,0.0520612,0.025626708,-0.026434492,0.009081371,-0.029370539,-0.03845191,0.0121132415,-0.020087875,-0.03220112,1.0,0.0,-1.0,8,8,0,8,0,-8,1.0,0.0,-1.0,1.0,20.5,19.5,0.041777390986680984,0.0699109211564064,0.028133530169725418,-0.009956825291737914,0.044582633767277,0.054539459059014916,0.029145536478608847,0.08921111933887005,0.0600655828602612,0.05173421651124954,0.0253282873891294,-0.026405929122120142,0.012631854508072138,-0.019300198182463646,-0.031932052690535784,2.8059387,-1.0
5,436,32643,37.0,92.0,55.0,3.0,1.0,-2.0,0.038804237,0.038804237,-42.887726,-0.75679207,0.0020630509,-0.009052489,0.00056545064,-0.008448768,-0.19637984,0.078306116,0.27468595,-0.19021569,0.122424655,0.31264034,-0.19647914,0.13963385,0.33611298,-0.2168671,0.14772236,0.36458945,37.0,92.0,55.0,0.034850243,0.07365448,0.038804237,0.017244482,0.05341198,0.036167495,0.048803583,0.09666031,0.047856726,0.017605761,0.020242501,0.00263674,-0.013953339,-0.023005828,-0.009052489,-0.008897681,-0.01734645,-0.008448768,0.0,0.0,0.0,17,17,0,0,0,0,0.0,0.0,0.0,12.117647058823529,29.41176470588235,17.294117647058822,0.03485024347901344,0.07365448027849197,0.03880423679947853,0.017350396250977236,0.05364642270347651,0.036296026452499276,0.04436982225845842,0.09083382916801117,0.04646400690955275,0.017499847228036207,0.02000805757501546,0.0025082103469792547,-0.009519578779444975,-0.017179348889519188,-0.007659770110074213,-42.887726,0.0
5,437,32716,1.0,136.0,135.0,1.0,1.0,0.0,0.008415375,0.008415375,-48.109955,-1.4799938,-0.007748749,-0.035249118,-0.01234654,-0.042551033,0.31812412,0.30719,-0.010934114,0.13665155,0.41637155,0.27972,0.14247668,0.4168989,0.27442223,0.16942883,0.4237941,0.25436527,1.0,136.0,135.0,0.056622002,0.06503738,0.008415375,0.0064208,0.046757832,0.040337034,0.049589865,0.09325436,0.043664493,0.050201204,0.018279545,-0.03192166,0.0070321374,-0.02821698,-0.035249118,0.017495349,-0.025055684,-0.042551033,1.0,0.0,-1.0,8,8,0,8,0,-8,1.0,0.0,-1.0,1.0,43.25,42.25,0.05662200227379799,0.06503737717866898,0.008415374904870987,0.006241319410037249,0.047024976927787066,0.040783657517749816,0.03460970311425626,0.08932570461183786,0.0547160014975816,0.05038068303838372,0.01801240025088191,-0.03236828278750181,0.022012299159541726,-0.024288327433168888,-0.046300626592710614,-48.109955,-1.0
5,438,32771,39.0,210.0,171.0,7.0,2.0,-5.0,0.037847217,0.037847217,-28.409485,-0.69394493,0.0067156106,-0.011303034,0.0066183805,-0.012610599,0.07422265,0.09325479,0.019032143,0.11044404,0.07246169,-0.037982352,0.09311131,0.09705506,0.003943756,0.10248263,0.10577252,0.0032898858,39.0,210.0,171.0,0.023954596,0.061801814,0.037847217,-0.00031930686,0.046590354,0.04690966,0.040715285,0.089865535,0.04915025,0.024273904,0.015211459,-0.009062445,-0.016760688,-0.028063722,-0.011303034,-0.013319083,-0.025929682,-0.012610599,0.0,0.0,0.0,8,8,0,0,0,0,0.0,0.0,0.0,12.125,65.625,53.5,0.023954596370458603,0.061801813542842865,0.03784721717238426,-0.00010444052986713359,0.046906826086342335,0.04701126661620947,0.03791006840765476,0.08726655133068562,0.04935648292303085,0.024059036979451776,0.01489498745650053,-0.009164049522951245,-0.01395547203719616,-0.02546473778784275,-0.011509265750646591,-28.409485,0.0
5,439,32772,33.0,414.0,381.0,46.0,34.0,-12.0,0.028695015,0.028695015,-17.28833,-0.12459755,0.005540604,-0.018421045,0.005251689,-0.021379864,0.1763528,0.20910853,0.032755733,0.09732861,0.15128392,0.05395531,0.088890925,0.13944364,0.05055271,0.108748,0.1579124,0.049164407,33.0,414.0,381.0,0.021038333,0.04973335,0.028695015,-0.0038112656,0.045824267,0.049635533,0.04144902,0.08856508,0.04711606,0.0248496,0.003909081,-0.020940518,-0.020410689,-0.038831733,-0.018421045,-0.014569851,-0.035949714,-0.021379864,0.0,0.0,0.0,10,10,0,0,0,0,0.0,0.0,0.0,10.2,126.3,116.1,0.02103833295404911,0.049733348190784454,0.028695015236735344,-0.003793710982427001,0.04605470448732376,0.04984841546975076,0.03628415353596211,0.08423644676804543,0.04795229323208332,0.024832043796777725,0.0036786437034606934,-0.02115340009331703,-0.015245820581912994,-0.03450309857726097,-0.019257277995347977,-17.28833,0.0
5,440,32857,4.0,133.0,129.0,1.0,1.0,0.0,0.025116425,0.025116425,-96.3754,-3.9450207,0.0009887964,-0.02188176,-0.0021851007,-0.023854394,0.046644125,0.06750934,0.020865213,0.22287883,0.22497872,0.0020998865,0.23598284,0.22885066,-0.0071321726,0.23307933,0.22482502,-0.0082543045,4.0,133.0,129.0,0.038405214,0.06352164,0.025116425,0.0058361576,0.046621185,0.040785026,0.041201983,0.08820017,0.046998184,0.032569055,0.016900454,-0.0156686,-0.0027967691,-0.024678528,-0.02188176,0.00023866072,-0.023615733,-0.023854394,0.0,0.0,0.0,6,6,0,2,0,-2,0.3333333333333333,0.0,-0.3333333333333333,1.8333333333333333,39.666666666666664,37.83333333333333,0.03840521350502968,0.06352163851261139,0.02511642500758171,0.0051860752670715255,0.04629730060696602,0.041111225339894496,0.038417517518003784,0.08506630236903827,0.046648784851034485,0.033219137539466224,0.01722433790564537,-0.015994799633820854,-1.2304012974103292e-05,-0.021544663856426876,-0.021532359843452774,-96.3754,-0.3333333333333333
5,441,32891,7.0,230.0,223.0,4.0,5.0,1.0,0.026220983,0.026220983,-56.584473,-2.1336632,0.0018991139,-0.028373605,0.00033479743,-0.027706271,0.29435426,0.2464459,-0.047908366,0.25805032,0.20063308,-0.057417244,0.27409962,0.21404186,-0.06005776,0.28313097,0.22971714,-0.05341384,7.0,230.0,223.0,0.029276645,0.055497628,0.026220983,-0.007052116,0.043820225,0.05087234,0.03430741,0.088902,0.054594588,0.036328763,0.011677403,-0.02465136,-0.0050307643,-0.03340437,-0.028373605,-0.0030113738,-0.030717645,-0.027706271,0.0,0.0,0.0,8,8,0,1,0,-1,0.125,0.0,-0.125,2.625,74.25,71.625,0.029276644811034203,0.05549762770533562,0.026220982894301414,-0.0069150657509453595,0.04432085296139121,0.05123591871233657,0.03196925390511751,0.08633369579911232,0.05436444189399481,0.03619171120226383,0.011176774743944407,-0.025014936458319426,-0.002692609094083309,-0.030836068093776703,-0.028143458999693394,-56.584473,-0.125
5,442,32910,10.0,52.0,42.0,41.0,33.0,-8.0,0.040065262,0.040065262,-12.6223755,0.44817543,0.008592311,-0.0126368515,0.006582048,-0.011032317,0.26077446,0.20950803,-0.05126643,-0.014846468,0.10131281,0.116159275,0.0023695114,0.116539665,0.11417016,0.045396913,0.13621816,0.09082125,10.0,52.0,42.0,0.03307556,0.07314082,0.040065262,0.0059062494,0.047651492,0.04174524,0.042076364,0.09477848,0.052702114,0.02716931,0.02548933,-0.0016799793,-0.009000804,-0.021637656,-0.0126368515,-0.006396476,-0.017428793,-0.011032317,0.0,0.0,0.0,6,6,0,0,0,0,0.0,0.0,0.0,4.833333333333333,17.333333333333332,12.5,0.03307555988430977,0.07314082235097885,0.04006526246666908,0.006168976115683715,0.047818255300323166,0.041649279184639454,0.0412646991511186,0.08993039652705193,0.04866569737593333,0.026906583458185196,0.02532256705065568,-0.0015840164075295142,-0.008189139266808828,-0.016789574176073074,-0.008600434909264246,-12.6223755,0.0
5,443,33131,2.0,61.0,59.0,2.0,3.0,1.0,0.026263747,0.026263747,-58.01535,-2.437317,-0.00083358213,-0.01632578,-0.0031221174,-0.023088034,0.09951517,0.13661408,0.037098914,0.04505932,-0.003034119,-0.04809344,0.06794157,0.011870493,-0.056071077,0.07785601,0.03128032,-0.04657569,2.0,61.0,59.0,0.046247292,0.07251104,0.026263747,0.0028655182,0.047062837,0.044197317,0.054261293,0.09685082,0.042589527,0.043381773,0.025448203,-0.01793357,-0.008014001,-0.02433978,-0.01632578,0.0040666945,-0.01902134,-0.023088034,0.0,0.0,0.0,7,7,0,5,0,-5,0.7142857142857143,0.0,-0.7142857142857143,1.2857142857142858,18.857142857142858,17.571428571428573,0.046247292309999466,0.07251103967428207,0.026263747364282608,0.002938136292089309,0.04719511579189982,0.04425697949981051,0.04185822632695947,0.09013635665178299,0.04827813032482352,0.043309155851602554,0.025315923882382258,-0.017993231969220296,0.0043890659830399924,-0.017625316977500916,-0.02201438296054091,-58.01535,-0.7142857142857143
5,444,33171,11.0,14.0,3.0,8.0,1.0,-7.0,0.05126994,0.05126994,-62.190186,-2.5420532,0.009545816,-0.0037574302,0.006101733,-0.003924055,0.00026708297,0.124466404,0.12419932,0.38082305,0.40424705,0.023424,0.38497248,0.39357975,0.008607268,0.38772997,0.4057275,0.017997533,11.0,14.0,3.0,0.029563105,0.08083305,0.05126994,0.0014906371,0.046264917,0.04477428,0.03436465,0.08939202,0.055027373,0.028072467,0.03456813,0.006495664,-0.0048015434,-0.008558974,-0.0037574302,-0.0037706215,-0.0076946765,-0.003924055,0.0,0.0,0.0,8,8,0,0,0,0,0.0,0.0,0.0,3.5,4.5,1.0,0.02956310473382473,0.08083304762840271,0.05126994289457798,0.0016919914196478203,0.04665475059300661,0.04496275917335879,0.033134880010038614,0.08813560102134943,0.055000721011310816,0.027871113503351808,0.0341782970353961,0.0063071835320442915,-0.0035717752762138844,-0.00730255339294672,-0.0037307781167328358,-62.190186,0.0
5,445,33189,3.0,29.0,26.0,8.0,2.0,-6.0,0.03720443,0.03720443,-46.409637,-1.4181576,0.0070702583,-0.010373823,0.005085662,-0.012512103,0.08262195,0.18158315,0.098961204,0.1690979,0.11321463,-0.055883273,0.1671043,0.122414775,-0.04468953,0.16534083,0.13681151,-0.028529316,3.0,29.0,26.0,0.043147467,0.0803519,0.03720443,0.01150979,0.051730353,0.040220562,0.04950224,0.09708049,0.047578253,0.031637676,0.028621543,-0.0030161329,-0.0063547716,-0.016728595,-0.010373823,-0.0003579259,-0.012870029,-0.012512103,0.0,0.0,0.0,8,8,0,3,0,-3,0.375,0.0,-0.375,2.0,9.5,7.5,0.04314746707677841,0.08035189658403397,0.037204429507255554,0.011747097130864859,0.051872702315449715,0.040125605184584856,0.0457542110234499,0.09340346325188875,0.047649252228438854,0.03140036994591355,0.02847919426858425,-0.002921175677329302,-0.002606743946671486,-0.013051566667854786,-0.0104448227211833,-46.409637,-0.375
5,446,33245,7.0,560.0,553.0,5.0,11.0,6.0,0.008192591,0.008192591,-40.84601,-0.5451412,-0.0036335364,-0.027172502,-0.0023590475,-0.034847308,0.37281662,0.34921637,-0.02360025,0.28465825,0.22001605,-0.064642206,0.23312332,0.17879227,-0.05433105,0.26718584,0.20759562,-0.05959022,7.0,560.0,553.0,0.039644442,0.047837034,0.008192591,0.013518575,0.049866464,0.03634789,0.056747895,0.09211299,0.035365093,0.026125867,-0.0020294301,-0.028155297,-0.017103452,-0.044275954,-0.027172502,-0.00700539,-0.041852698,-0.034847308,0.0,0.0,0.0,12,12,0,0,0,0,0.0,0.0,0.0,3.1666666666666665,170.5,167.33333333333334,0.03964444249868393,0.047837033867836,0.008192591369152069,0.013548720239972075,0.050202014235158764,0.036653293995186687,0.051721747033298016,0.08793925493955612,0.036217507906258106,0.0260957224915425,-0.002364980367322763,-0.02846070285886526,-0.012077304534614086,-0.04010222107172012,-0.028024916537106037,-40.84601,0.0
5,447,33289,4.0,13.0,9.0,8.0,8.0,0.0,0.040124252,0.040124252,-65.269135,-2.4033852,0.0026703998,-0.0073973797,3.9491802e-05,-0.0054541193,0.33025914,0.33865684,0.008397698,0.24774401,0.08051119,-0.16723281,0.25431153,0.0916994,-0.16261214,0.27179343,0.11968903,-0.1521044,4.0,13.0,9.0,0.04317367,0.08329792,0.040124252,0.008104264,0.049216162,0.041111898,0.04882938,0.09635101,0.047521632,0.035069406,0.03408176,-0.0009876452,-0.0056557097,-0.013053089,-0.0073973797,-0.0020517446,-0.007505864,-0.0054541193,0.0,0.0,0.0,11,11,0,4,0,-4,0.36363636363636365,0.0,-0.36363636363636365,1.9090909090909092,5.090909090909091,3.1818181818181817,0.04317367076873779,0.08329792320728302,0.04012425243854523,0.008327652065252716,0.04973777011036873,0.04141011804511601,0.04438164457678795,0.09181226993148978,0.04743062535470183,0.03484601866115223,0.03356015309691429,-0.0012858655642379382,-0.0012079738080501556,-0.008514346724206751,-0.007306372916156595,-65.269135,-0.36363636363636365
5,448,33521,3.0,74.0,71.0,2.0,12.0,10.0,0.035733152,0.035733152,-13.592346,0.7692127,-0.0022500418,-0.013318144,-0.0047255903,-0.017192267,0.42606243,0.26165417,-0.16440827,0.24902342,0.23784375,-0.011179671,0.28299662,0.25665283,-0.026343793,0.31833863,0.2707739,-0.047564745,3.0,74.0,71.0,0.03755631,0.07328946,0.035733152,0.012906591,0.0516008,0.038694207,0.04414538,0.093196675,0.049051296,0.024649717,0.021688662,-0.0029610544,-0.00658907,-0.019907214,-0.013318144,-0.0013291314,-0.018521398,-0.017192267,0.0,0.0,0.0,7,7,0,5,0,-5,0.7142857142857143,0.0,-0.7142857142857143,1.2857142857142858,23.571428571428573,22.28571428571429,0.03755630925297737,0.07328946143388748,0.03573315218091011,0.013035576923617296,0.05193161911198071,0.038896042188363414,0.036833571536200385,0.09031571022101811,0.05348213868481773,0.024520732196313993,0.02135784232190677,-0.0031628898744072223,0.0007227377167769841,-0.01702624878713063,-0.01774898650390761,-13.592346,-0.7142857142857143
5,449,33543,5.0,400.0,395.0,1.0,1.0,0.0,0.0085948,0.0085948,-45.613068,-1.439251,-0.0036666058,-0.034483355,-0.0068659857,-0.03353384,0.33570194,0.29901,-0.036691934,0.4331977,0.2849679,-0.14822981,0.45097902,0.3075774,-0.14340162,0.4599344,0.32381284,-0.13612157,5.0,400.0,395.0,0.043690626,0.052285425,0.0085948,0.0053474666,0.048272707,0.04292524,0.050069034,0.09314719,0.043078154,0.038343158,0.004012719,-0.03433044,-0.0063784085,-0.040861763,-0.034483355,-0.0033011362,-0.036834978,-0.03353384,0.0,0.0,0.0,6,6,0,0,0,0,0.0,0.0,0.0,2.5,128.16666666666666,125.66666666666666,0.043690625578165054,0.05228542536497116,0.008594799786806107,0.005697203955302636,0.048901608834664025,0.04320440487936139,0.048304821675022445,0.0892774760723114,0.040972654397288956,0.037993421157201133,0.003383816530307134,-0.034609604626894,-0.0046141960968573885,-0.03699205070734024,-0.03237785461048285,-45.613068,0.0
5,450,33752,12.0,104.0,92.0,63.0,68.0,5.0,0.0418353,0.0418353,-3.647522,0.7877083,0.0052615423,-0.014896849,0.005288398,-0.01727825,0.12732278,0.112837106,-0.014485672,-0.018107807,0.045191158,0.06329896,-0.02465174,0.025871215,0.050522953,-0.0030676192,0.039035894,0.042103514,12.0,104.0,92.0,0.022601029,0.06443633,0.0418353,-0.003652472,0.04647459,0.050127063,0.032617096,0.08934925,0.05673215,0.026253501,0.01796174,-0.00829176,-0.010016067,-0.024912916,-0.014896849,-0.0054528154,-0.022731066,-0.01727825,0.0,0.0,0.0,15,15,0,0,0,0,0.0,0.0,0.0,4.466666666666667,31.466666666666665,27.0,0.02260102890431881,0.06443633139133453,0.041835302487015724,-0.003819787688553333,0.04645094027121862,0.05027072795977195,0.029482172057032584,0.08567855606476465,0.05619638400773207,0.026420816282431283,0.017985391120115917,-0.008435425162315366,-0.006881143152713776,-0.021242224673430125,-0.01436108152071635,-3.647522,0.0
5,451,33813,3.0,130.0,127.0,1.0,4.0,3.0,0.026694082,0.026694082,-34.299072,-0.8600788,-0.008697208,-0.024271902,-0.008755054,-0.024637863,0.38285986,0.37036404,-0.012495816,0.05561032,-0.045132525,-0.10074285,0.06574226,-0.044648696,-0.11039096,0.12624502,0.030996077,-0.095248945,3.0,130.0,127.0,0.041473337,0.06816742,0.026694082,0.010671668,0.050407793,0.039736126,0.046271328,0.09723731,0.050965983,0.030801669,0.017759625,-0.013042044,-0.0047979914,-0.029069893,-0.024271902,0.0007532686,-0.023884594,-0.024637863,0.0,0.0,0.0,10,10,0,6,0,-6,0.6,0.0,-0.6,1.5,39.6,38.1,0.04147333651781082,0.06816741824150085,0.026694081723690033,0.010639853216707707,0.05039892084896565,0.03975906763225794,0.0408913005143404,0.09383624345064163,0.05294494293630123,0.030833482928574085,0.01776849739253521,-0.013064985536038874,0.0005820360034704209,-0.025668825209140777,-0.026250861212611196,-34.299072,-0.6
5,452,33906,5.0,37.0,32.0,1.0,1.0,0.0,0.03721759,0.03721759,-86.86417,-3.4804726,0.0009031631,-0.016108152,0.0013233982,-0.014209155,-0.117174566,-0.15709674,-0.039922178,0.041958924,0.16806199,0.12610306,0.07169079,0.18637127,0.11468048,0.057467807,0.16319554,0.10572773,5.0,37.0,32.0,0.037873704,0.075091295,0.03721759,0.0015063724,0.046643462,0.04513709,0.04166621,0.09499195,0.053325742,0.03636733,0.028447833,-0.007919498,-0.0037925057,-0.019900657,-0.016108152,-0.001879517,-0.016088672,-0.014209155,0.0,0.0,0.0,6,6,0,1,0,-1,0.16666666666666666,0.0,-0.16666666666666666,3.1666666666666665,12.166666666666666,9.0,0.037873703986406326,0.07509129494428635,0.03721759095788002,0.001567836181493476,0.04675893671810627,0.045191100536612794,0.040230117117365204,0.09285726522405942,0.052627148106694215,0.03630586713552475,0.028332358226180077,-0.007973508909344673,-0.002356413130958875,-0.017765970279773075,-0.0154095571488142,-86.86417,-0.16666666666666666
5,453,34068,5.0,415.0,410.0,2.0,5.0,3.0,0.020579778,0.020579778,-54.576965,-1.8097668,-0.0009154305,-0.031687737,-0.004155699,-0.033350155,0.3668576,0.4256766,0.058819026,0.35417843,0.38560256,0.031424135,0.37176853,0.40116528,0.029396743,0.38179,0.41548663,0.03369662,5.0,415.0,410.0,0.032365993,0.05294577,0.020579778,0.0023622953,0.04897625,0.046613954,0.040745065,0.09301258,0.052267514,0.030003697,0.0039695203,-0.026034176,-0.008379072,-0.04006681,-0.031687737,-0.0041909143,-0.03754107,-0.033350155,0.0,0.0,0.0,10,10,0,5,0,-5,0.5,0.0,-0.5,1.9,126.3,124.39999999999999,0.03236599266529083,0.05294577032327652,0.020579777657985687,0.002313939854502678,0.04917765595018864,0.04686371609568596,0.034835627488791945,0.09086405783891678,0.056028430350124836,0.03005205262452364,0.003768114373087883,-0.026283938251435757,-0.0024696348235011103,-0.03791828751564026,-0.03544865269213915,-54.576965,-0.5
5,454,34080,1.0,53.0,52.0,1.0,11.0,10.0,0.02840913,0.02840913,-41.20816,-1.370472,-0.008539319,-0.022636697,-0.008240726,-0.021693185,0.51603246,0.532346,0.016313553,0.31689066,0.36236903,0.045478374,0.32812434,0.37783173,0.049707383,0.3544239,0.41615087,0.061726958,1.0,53.0,52.0,0.045368828,0.07377796,0.02840913,0.011901248,0.050542135,0.038640887,0.03995157,0.0909974,0.051045828,0.03346758,0.023235824,-0.010231756,0.0054172575,-0.01721944,-0.022636697,0.006415054,-0.015278131,-0.021693185,1.0,0.0,-1.0,8,8,0,8,0,-8,1.0,0.0,-1.0,1.0,19.5,18.5,0.045368827879428864,0.07377795875072479,0.02840913087129593,0.012135803466662765,0.05091698095202446,0.038781177485361695,0.03875512024387717,0.089160087518394,0.05040496727451682,0.03323302464559674,0.022860977798700333,-0.01037204684689641,0.006613707635551691,-0.015382128767669201,-0.021995836403220892,-41.20816,-1.0
5,455,34089,1.0,21.0,20.0,1.0,1.0,0.0,0.02944842,0.02944842,-49.318054,-1.7220306,-0.0014669821,-0.018624365,-0.0015201345,-0.015016615,0.3505033,0.27974817,-0.070755124,-0.055698395,0.018311048,0.07400944,-0.05171705,0.027478954,0.079196006,0.012450947,0.07245519,0.06000424,1.0,21.0,20.0,0.0500928,0.07954122,0.02944842,-0.00045440297,0.04700819,0.047462594,0.046608537,0.09468132,0.048072785,0.050547205,0.03253303,-0.018014174,0.003484264,-0.015140101,-0.018624365,0.0064887404,-0.008527875,-0.015016615,1.0,0.0,-1.0,10,10,0,10,0,-10,1.0,0.0,-1.0,1.0,7.6,6.6,0.050092801451683044,0.07954122126102448,0.02944841980934143,-0.0002706714170926716,0.04722709134221077,0.047497762759303445,0.04215117990970611,0.0904187135398388,0.048267533630132683,0.05036347210407257,0.0323141299188137,-0.018049342185258867,0.007941621541976928,-0.010877492278814316,-0.018819113820791246,-49.318054,-1.0
5,456,34126,1.0,87.0,86.0,1.0,1.0,0.0,0.0091845505,0.0091845505,-100.47449,-3.9708614,-0.010600623,-0.04047251,-0.010486137,-0.03975888,0.5379553,0.5925786,0.054623306,0.27723482,0.4860108,0.20877597,0.2897996,0.512279,0.22247937,0.35786754,0.5571768,0.19930929,1.0,87.0,86.0,0.059226956,0.06841151,0.0091845505,0.004149039,0.046464913,0.042315874,0.041276634,0.090933695,0.04965706,0.055077918,0.021946594,-0.033131324,0.017950322,-0.022522189,-0.04047251,0.0194279,-0.02033098,-0.03975888,1.0,0.0,-1.0,9,9,0,9,0,-9,1.0,0.0,-1.0,1.0,27.88888888888889,26.88888888888889,0.059226956218481064,0.06841150671243668,0.009184550493955612,0.0043001976640274124,0.0465655881497595,0.042265390485732086,0.04045575732986132,0.08763270659579171,0.04717694926593039,0.05492675883902444,0.02184591856267717,-0.033080840276347265,0.01877119888861974,-0.019221199883355036,-0.03799239877197477,-100.47449,-1.0
5,457,34186,5.0,705.0,700.0,8.0,8.0,0.0,0.0019576289,0.0019576289,-41.199005,-1.250845,0.0019413717,-0.04171606,0.0019814111,-0.042751696,0.4872157,0.5127048,0.025489092,0.3887236,0.4464188,0.05769518,0.3852082,0.45306724,0.06785905,0.42731282,0.49148563,0.064172804,5.0,705.0,700.0,0.03745202,0.03940965,0.0019576289,0.0020676856,0.046339426,0.04427174,0.04998077,0.09365446,0.04367369,0.035384335,-0.0069297776,-0.042314112,-0.012528751,-0.054244813,-0.04171606,-0.005957812,-0.048709508,-0.042751696,0.0,0.0,0.0,11,11,0,4,0,-4,0.36363636363636365,0.0,-0.36363636363636365,2.090909090909091,211.0909090909091,209.0,0.03745201975107193,0.03940964862704277,0.0019576288759708405,0.0018964897714216602,0.04643887484615499,0.044542385074733334,0.044086466120048004,0.08775190805846994,0.04366544193842194,0.03555553000081669,-0.007029226219112223,-0.04258475621992891,-0.006634446368976073,-0.04834225943142718,-0.0417078130624511,-41.199005,-0.36363636363636365
5,458,34238,1.0,11.0,10.0,1.0,1.0,0.0,0.035296395,0.035296395,-62.542847,-2.6144276,0.0013145134,-0.018059772,-0.0025303103,-0.015498612,0.20093131,0.1573304,-0.043600917,-0.08294836,-0.13090014,-0.047951788,-0.09028127,-0.13566242,-0.04538115,-0.06040929,-0.11048261,-0.050073322,1.0,11.0,10.0,0.0470274,0.0823238,0.035296395,-0.0026973248,0.046887916,0.04958524,0.041064326,0.09442049,0.053356167,0.049724728,0.03543588,-0.014288846,0.005963076,-0.012096696,-0.018059772,0.009542067,-0.0059565455,-0.015498612,1.0,0.0,-1.0,9,9,0,9,0,-9,1.0,0.0,-1.0,1.0,2.7777777777777777,1.7777777777777777,0.04702740162611008,0.08232379704713821,0.03529639542102814,-0.002685731975361705,0.04707062409983741,0.04975635607519911,0.03788943009244071,0.08788475063112047,0.04999532053867976,0.04971313393778271,0.035253172947300807,-0.014459960990481906,0.009137971533669366,-0.005560953583982255,-0.014698925117651621,-62.542847,-1.0
5,459,34418,178.0,329.0,151.0,7.0,17.0,10.0,0.035238266,0.035238266,-32.050903,-0.59581757,0.0055435356,-0.013489729,-0.00013812445,-0.015324039,0.16889323,0.16583422,-0.0030590147,0.2262581,0.12138886,-0.10486924,0.2121725,0.12997429,-0.0821982,0.21855688,0.14143221,-0.07712467,178.0,329.0,151.0,0.023689197,0.05892746,0.035238266,0.0152697805,0.05204798,0.036778197,0.0470918,0.09581979,0.048727993,0.008419417,0.0068794824,-0.0015399344,-0.023402603,-0.036892332,-0.013489729,-0.019058527,-0.034382567,-0.015324039,0.0,0.0,0.0,8,8,0,0,0,0,0.0,0.0,0.0,59.25,106.25,47.0,0.02368919737637043,0.05892746150493622,0.03523826412856579,0.01566575584001839,0.05253137508407235,0.03686561924405396,0.04423735477030277,0.09236571006476879,0.04812835529446602,0.008023441536352038,0.006396086420863867,-0.0016273551154881716,-0.020548157393932343,-0.03343824855983257,-0.01289009116590023,-32.050903,0.0
5,460,34603,1.0,20.0,19.0,13.0,8.0,-5.0,0.03477577,0.03477577,-37.94275,-1.1228733,0.009464417,-0.016202379,0.005933769,-0.015864775,0.5283862,0.5519169,0.023530722,0.3569558,0.38558093,0.02862513,0.35804176,0.39185917,0.03381741,0.40390605,0.41964135,0.015735298,1.0,20.0,19.0,0.04101976,0.07579553,0.03477577,-0.0023645884,0.046189763,0.04855435,0.03779005,0.0887682,0.05097815,0.043384347,0.029605769,-0.0137785785,0.0032297112,-0.012972668,-0.016202379,0.0054086,-0.010456175,-0.015864775,1.0,0.0,-1.0,14,14,0,14,0,-14,1.0,0.0,-1.0,1.0,5.857142857142857,4.857142857142857,0.04101976007223129,0.07579553127288818,0.03477577120065689,-0.0026249223488516043,0.046381372692329545,0.04900629504118115,0.03333930617996624,0.08543951277221952,0.05210020659225328,0.04364468290337494,0.029414158580558642,-0.0142305243228163,0.007680453892265048,-0.009643981499331338,-0.017324435391596386,-37.94275,-1.0
5,461,34751,1.0,5.0,4.0,1.0,1.0,0.0,0.021732084,0.021732084,-74.95566,-2.835682,-0.011080153,-0.01776886,-0.014347486,-0.017576922,0.1512497,0.16512366,0.01387395,-0.12470805,0.012586416,0.13729447,-0.120795436,0.0306476,0.15144303,-0.07995922,0.05198577,0.13194498,1.0,5.0,4.0,0.063099496,0.08483158,0.021732084,0.0062349187,0.048485838,0.04225092,0.0514142,0.09091514,0.039500944,0.05686458,0.036345743,-0.020518836,0.011685297,-0.006083563,-0.01776886,0.015646871,-0.0019300506,-0.017576922,1.0,0.0,-1.0,8,8,0,8,0,-8,1.0,0.0,-1.0,1.0,2.75,1.75,0.06309949606657028,0.08483158051967621,0.021732084453105927,0.006501673080492765,0.04889397928491235,0.04239230620441958,0.04825717210769653,0.0872828271239996,0.03902565501630306,0.056597822811454535,0.03593760123476386,-0.020660221576690674,0.014842323958873749,-0.002451246604323387,-0.017293570563197136,-74.95566,-1.0
5,462,34829,18.0,475.0,457.0,2.0,12.0,10.0,0.016649745,0.016649745,-55.909424,-1.7394199,-0.004579913,-0.039392073,-0.005450394,-0.037523348,0.22351424,0.30301067,0.07949643,0.16496691,0.13949928,-0.025467634,0.15551016,0.13371648,-0.021793678,0.17606884,0.15981448,-0.016254365,18.0,475.0,457.0,0.033939444,0.05058919,0.016649745,0.009277962,0.049313705,0.040035743,0.043214206,0.099256024,0.056041818,0.024661481,0.0012754835,-0.023385998,-0.009274762,-0.048666835,-0.039392073,-0.006915439,-0.044438787,-0.037523348,0.0,0.0,0.0,10,10,0,0,0,0,0.0,0.0,0.0,5.6,143.2,137.6,0.03393944352865219,0.0505891889333725,0.016649745404720306,0.009217119310051203,0.0495612595230341,0.040344140212982896,0.03993323668837547,0.09551187753677368,0.055578640848398204,0.024722324311733247,0.0010279294103384018,-0.023694394901394845,-0.005993793159723282,-0.044922688603401185,-0.038928895443677905,-55.909424,0.0
5,463,34845,1.0,124.0,123.0,1.0,1.0,0.0,0.01936141,0.01936141,-33.0748,-0.8706093,0.00027293712,-0.03682201,-0.0018983185,-0.03251003,0.17477451,-0.13209608,-0.30687058,0.09075011,0.20325014,0.11250003,0.09491136,0.21162015,0.11670879,0.11479331,0.18087669,0.06608338,1.0,124.0,123.0,0.047270667,0.06663208,0.01936141,0.00439728,0.04682676,0.04242948,0.04443375,0.10061717,0.05618342,0.042873386,0.019805316,-0.02306807,0.0028369166,-0.033985093,-0.03682201,0.005861599,-0.026648432,-0.03251003,1.0,0.0,-1.0,9,9,0,9,0,-9,1.0,0.0,-1.0,1.0,40.77777777777778,39.77777777777778,0.04727066680788994,0.06663207709789276,0.019361410290002823,0.00439968668959207,0.04725503673156103,0.042855350041968956,0.03935145131415791,0.09498490062024859,0.055633449306090675,0.042870980583959155,0.019377040366331737,-0.023493940217627417,0.007919215493732028,-0.02835282352235582,-0.036272039016087845,-33.0748,-1.0
5,464,34850,1.0,66.0,65.0,7.0,3.0,-4.0,0.0351351,0.0351351,-18.582062,-0.15187454,0.0086657815,-0.022770852,0.004309818,-0.024478653,0.5381103,0.59522265,0.057112336,0.2815887,0.25692612,-0.024662584,0.2937397,0.28945512,-0.0042845905,0.34635505,0.34799942,0.0016443729,1.0,66.0,65.0,0.034690525,0.06982563,0.0351351,-0.0039834236,0.045736805,0.049720228,0.03453062,0.092436574,0.057905953,0.03867395,0.024088822,-0.014585126,0.00015990436,-0.022610947,-0.022770852,0.003579827,-0.020898826,-0.024478653,1.0,0.0,-1.0,9,9,0,9,0,-9,1.0,0.0,-1.0,1.0,21.444444444444443,20.444444444444443,0.03469052538275719,0.06982562690973282,0.03513510152697563,-0.0037595225860261256,0.046036578714847565,0.04979610130087369,0.03120562910205788,0.09069753934939702,0.05949191024733914,0.038450048201613955,0.023789048194885254,-0.014661000006728701,0.003484896280699306,-0.020871912439664204,-0.02435680872036351,-18.582062,-1.0
5,465,34874,10.0,479.0,469.0,1.0,1.0,0.0,0.014432348,0.014432348,-44.804688,-1.7881184,-0.0044610463,-0.038650457,-0.004035469,-0.034900248,0.4063909,0.31609955,-0.09029135,0.36102384,0.27977836,-0.08124548,0.35452318,0.28041953,-0.07410365,0.3904716,0.3071024,-0.083369195,10.0,479.0,469.0,0.034998048,0.049430396,0.014432348,0.003114551,0.048100483,0.04498593,0.045517083,0.09859989,0.053082805,0.031883497,0.0013299137,-0.030553583,-0.010519035,-0.049169492,-0.038650457,-0.007445175,-0.042345423,-0.034900248,0.0,0.0,0.0,7,7,0,1,0,-1,0.14285714285714285,0.0,-0.14285714285714285,3.4285714285714284,145.71428571428572,142.2857142857143,0.03499804809689522,0.049430396407842636,0.014432348310947418,0.0032195572275668383,0.048380251973867416,0.04516069474630058,0.040802152561289926,0.09345421620777675,0.05265206364648682,0.03177849070302078,0.0010501444339752197,-0.03072834626904556,-0.005804104464394706,-0.04402381979993412,-0.03821971533553941,-44.804688,-0.14285714285714285
5,466,34975,13.0,575.0,562.0,8.0,5.0,-3.0,0.011688232,0.011688232,-81.22809,-2.7669544,0.00030184165,-0.03642666,0.0029824115,-0.034326058,0.33529043,0.2018201,-0.13347033,0.15064803,0.34077716,0.19012913,0.16281803,0.35779077,0.19497274,0.2068168,0.35442778,0.14761098,13.0,575.0,562.0,0.031636965,0.043325197,0.011688232,-0.0011511889,0.046516143,0.047667332,0.04736248,0.09547737,0.048114892,0.032788154,-0.0031909458,-0.0359791,-0.015725516,-0.052152175,-0.03642666,-0.009729676,-0.044055734,-0.034326058,0.0,0.0,0.0,8,8,0,0,0,0,0.0,0.0,0.0,4.25,172.375,168.125,0.03163696452975273,0.04332519695162773,0.011688232421875,-0.0013826889462507097,0.04662281088531017,0.04800549983156088,0.04460799368098378,0.09041700139641762,0.045809007715433836,0.03301965398713946,-0.0032976139336824417,-0.036317267920821905,-0.01297102915123105,-0.047091804444789886,-0.034120775293558836,-81.22809,0.0
5,467,35094,18.0,12.0,-6.0,44.0,15.0,-29.0,0.05293081,0.05293081,-67.44882,-2.7532883,0.01067739,-0.0029378906,0.008825369,0.0031353794,0.39120194,0.37368324,-0.0175187,0.13665605,0.19091007,0.054254025,0.1566794,0.1841307,0.027451292,0.24908863,0.25733486,0.008246228,18.0,12.0,-6.0,0.025470287,0.078401096,0.05293081,0.002267907,0.047018077,0.04475017,0.036514938,0.09238364,0.0558687,0.02320238,0.03138302,0.008180639,-0.011044651,-0.013982542,-0.0029378906,-0.0100298785,-0.006894499,0.0031353794,0.0,0.0,0.0,9,9,0,0,0,0,0.0,0.0,0.0,5.888888888888889,4.111111111111111,-1.7777777777777786,0.02547028660774231,0.0784010961651802,0.0529308095574379,0.002179246693332162,0.04733121891816457,0.04515197222483241,0.03625097539689806,0.08448917667071025,0.04823820127381219,0.02329104021191597,0.031069877247015636,0.0077788370350996665,-0.010780688789155748,-0.00608808050553004,0.004692608283625708,-67.44882,0.0
5,468,35129,2.0,17.0,15.0,5.0,2.0,-3.0,0.03788903,0.03788903,-69.190125,-2.5691147,0.0052615516,-0.011767849,0.0030309632,-0.010940906,0.21664742,0.13828355,-0.078363866,0.10067766,-0.03229995,-0.1329776,0.09497533,-0.04340841,-0.13838375,0.1121791,-0.021745147,-0.13392425,2.0,17.0,15.0,0.044631775,0.082520805,0.03788903,-0.0004262822,0.046817206,0.047243487,0.0480419,0.09769878,0.04965688,0.045058057,0.0357036,-0.009354457,-0.0034101233,-0.015177973,-0.011767849,0.0019952096,-0.008945696,-0.010940906,0.0,0.0,0.0,10,10,0,6,0,-6,0.6,0.0,-0.6,1.4,6.6,5.199999999999999,0.044631775468587875,0.08252080529928207,0.0378890298306942,-0.0003825609994237311,0.046736161410808566,0.047118722410232294,0.04364017508924008,0.09244880676269532,0.04880863167345524,0.045014336705207825,0.03578464388847351,-0.009229692816734317,0.0009916003793478013,-0.009928001463413239,-0.01091960184276104,-69.190125,-0.6
5,469,35743,1.0,16.0,15.0,1.0,1.0,0.0,0.036365602,0.036365602,-40.89041,-0.80844307,-0.0045242757,-0.012484454,-0.010290815,-0.012498565,0.6836745,0.79227453,0.10860002,0.48569041,0.6334414,0.14775097,0.47080073,0.65724593,0.1864452,0.5257648,0.6965091,0.1707443,1.0,16.0,15.0,0.046936724,0.08330233,0.036365602,0.0068821628,0.049604952,0.04272279,0.043026138,0.091876194,0.048850056,0.04005456,0.033697374,-0.0063571855,0.0039105862,-0.008573867,-0.012484454,0.0061761662,-0.006322399,-0.012498565,1.0,0.0,-1.0,12,12,0,12,0,-12,1.0,0.0,-1.0,1.0,5.833333333333333,4.833333333333333,0.046936724334955215,0.0833023265004158,0.03636560216546059,0.007031302821512024,0.04981075692921877,0.04277945410770675,0.04104758085062107,0.09086916719873746,0.04982158634811639,0.03990542174627384,0.03349156957119703,-0.006413852175076805,0.005889143484334151,-0.00756684069832166,-0.013455984182655811,-40.89041,-1.0
5,470,35752,1.0,471.0,470.0,4.0,5.0,1.0,0.01013314,0.01013314,-33.2446,-0.55612564,-0.0010689609,-0.045478538,-0.00032352284,-0.04188835,0.5105324,0.49813494,-0.012397438,0.16623637,0.11735653,-0.04887984,0.16110674,0.13609642,-0.025010318,0.23924057,0.2090963,-0.030144274,1.0,471.0,470.0,0.037869588,0.048002727,0.01013314,0.0066527417,0.047014065,0.040361322,0.036148243,0.09175992,0.055611677,0.031216845,0.0009886622,-0.030228183,0.0017213449,-0.043757193,-0.045478538,0.0024174675,-0.03947088,-0.04188835,1.0,0.0,-1.0,7,7,0,7,0,-7,1.0,0.0,-1.0,1.0,139.71428571428572,138.71428571428572,0.037869587540626526,0.04800272732973099,0.010133139789104462,0.006559206904577357,0.04684610877718244,0.040286901872605085,0.0359247624874115,0.08598372553076063,0.05005896304334913,0.03131038110171046,0.0011566185525485448,-0.030153762549161914,0.0019448250532150269,-0.03798099820102964,-0.039925823254244666,-33.2446,-1.0
5,471,35790,1.0,28.0,27.0,1.0,2.0,1.0,0.022215676,0.022215676,-45.26709,-1.2994556,-0.009094521,-0.023940261,-0.0067446902,-0.02297059,-0.08222052,-0.18524525,-0.10302473,0.038652733,0.078592785,0.03994005,0.02611111,0.051729694,0.025618585,0.0092397155,0.021088956,0.01184924,1.0,28.0,27.0,0.05577841,0.077994086,0.022215676,0.0047267587,0.048131924,0.043405164,0.047635972,0.09379191,0.046155937,0.05105165,0.029862162,-0.021189488,0.008142438,-0.015797824,-0.023940261,0.012557652,-0.010412939,-0.02297059,1.0,0.0,-1.0,13,13,0,13,0,-13,1.0,0.0,-1.0,1.0,8.76923076923077,7.76923076923077,0.05577841028571129,0.07799408584833145,0.022215675562620163,0.004858432301821617,0.04854807544213075,0.04368964314030913,0.04436246620920988,0.08751012442203668,0.043147658212826796,0.05091997780478918,0.029446010406200703,-0.021473967398588475,0.011415944076501407,-0.009516038573705234,-0.02093198265020664,-45.26709,-1.0
5,472,35798,1.0,25.0,24.0,1.0,1.0,0.0,0.03150474,0.03150474,-55.288544,-1.9316368,-0.007294949,-0.014509771,-0.0077937283,-0.017750543,0.40237027,0.40996978,0.007599503,0.5706098,0.43413404,-0.13647577,0.5663243,0.42286608,-0.14345822,0.5892552,0.45914334,-0.13011187,1.0,25.0,24.0,0.047291633,0.07879637,0.03150474,0.0019341308,0.046980407,0.045046277,0.04416433,0.09017884,0.04601451,0.045357503,0.031815965,-0.013541538,0.003127303,-0.011382468,-0.014509771,0.009111498,-0.008639045,-0.017750543,1.0,0.0,-1.0,9,9,0,9,0,-9,1.0,0.0,-1.0,1.0,8.555555555555555,7.555555555555555,0.04729163274168968,0.0787963718175888,0.031504739075899124,0.001807667379681435,0.047220391117864184,0.045412723738182746,0.036380502084891,0.08740689522690243,0.05102639314201143,0.045483965426683426,0.03157598069972462,-0.013907984726958804,0.010911130656798681,-0.008610523409313627,-0.01952165406611231,-55.288544,-1.0
5,473,35986,1.0,24.0,23.0,1.0,1.0,0.0,0.020959795,0.020959795,-112.36444,-4.375725,-0.002798494,-0.038090028,-0.0046632886,-0.035851303,0.5003853,0.4634463,-0.036938995,0.5453545,0.55225396,0.006899476,0.571248,0.5721472,0.0008991957,0.6101117,0.5927722,-0.017339528,1.0,24.0,23.0,0.05849932,0.079459116,0.020959795,-0.0013875869,0.044234328,0.045621917,0.03666109,0.09571091,0.059049822,0.05988691,0.035224788,-0.024662122,0.021838233,-0.016251795,-0.038090028,0.02335811,-0.012493193,-0.035851303,1.0,0.0,-1.0,9,9,0,9,0,-9,1.0,0.0,-1.0,1.0,9.0,8.0,0.05849932134151459,0.07945911586284637,0.020959794521331787,-0.0012189451339913325,0.044521305710077286,0.04574025084406862,0.034645253585444555,0.09223684916893642,0.05759159558349186,0.05971826654341486,0.03493781015276909,-0.024780456390645772,0.023854067756070033,-0.012777733306090036,-0.03663180106216007,-112.36444,-1.0
5,474,36067,3.0,70.0,67.0,1.0,1.0,0.0,0.033817995,0.033817995,-30.403168,-0.7693825,0.00080908276,-0.024194296,0.0008694548,-0.024647344,0.07220962,0.096343875,0.024134256,0.20199102,0.07937907,-0.122611955,0.22109157,0.08521608,-0.1358755,0.21900624,0.09052812,-0.12847811,3.0,70.0,67.0,0.0366078,0.07042579,0.033817995,-0.0023549965,0.04689372,0.049248718,0.03899935,0.09701164,0.05801229,0.038962796,0.023532074,-0.015430722,-0.0023915507,-0.026585847,-0.024194296,0.0020658188,-0.022581525,-0.024647344,0.0,0.0,0.0,11,11,0,6,0,-6,0.5454545454545454,0.0,-0.5454545454545454,1.5454545454545454,23.09090909090909,21.545454545454543,0.03660779818892479,0.07042579352855682,0.033817995339632034,-0.0021994818446480417,0.04715839129957286,0.0493578731442209,0.03403417461297729,0.09193567660721866,0.05790150199424137,0.038807280361652374,0.023267402228983967,-0.015539878132668408,0.0025736235759475016,-0.02150988307866183,-0.024083506654609333,-30.403168,-0.5454545454545454
5,475,36258,3.0,213.0,210.0,1.0,1.0,0.0,0.015200902,0.015200902,-53.60675,-1.662735,-0.0042892583,-0.03029086,-0.006718695,-0.029367115,0.27193645,0.35635725,0.0844208,0.13363323,0.17432803,0.040694803,0.14237745,0.21375018,0.07137273,0.1851788,0.26856366,0.08338486,3.0,213.0,210.0,0.044429988,0.05963089,0.015200902,0.008193777,0.047395,0.039201222,0.047573537,0.0930653,0.045491762,0.03623621,0.012235891,-0.02400032,-0.003143549,-0.03343441,-0.03029086,-1.44168735e-05,-0.029381532,-0.029367115,0.0,0.0,0.0,10,10,0,4,0,-4,0.4,0.0,-0.4,1.9,67.4,65.5,0.04442998766899109,0.05963088944554329,0.0152009017765522,0.008342764945700765,0.047953571751713754,0.03961080680601299,0.04380379393696785,0.08975888341665268,0.04595508947968483,0.036087222024798395,0.011677317693829537,-0.02440990433096886,0.0006261937320232392,-0.03012799397110939,-0.030754187703132627,-53.60675,-0.4
5,476,36476,72.0,35.0,-37.0,16.0,19.0,3.0,0.055182647,0.055182647,-20.732666,-0.2577572,0.005619142,-0.000552278,0.0028436799,0.00040159002,0.18403089,0.24918029,0.0651494,0.15759791,-0.07389553,-0.23149344,0.17657252,-0.040195744,-0.21676826,0.18969813,-0.013878702,-0.20357683,72.0,35.0,-37.0,0.024327349,0.079509996,0.055182647,0.0058727777,0.04910805,0.043235272,0.04394532,0.099680245,0.055734925,0.01845457,0.030401945,0.011947375,-0.019617971,-0.020170249,-0.000552278,-0.017343786,-0.016942196,0.00040159002,0.0,0.0,0.0,12,12,0,0,0,0,0.0,0.0,0.0,20.083333333333332,11.916666666666666,-8.166666666666666,0.024327348917722702,0.07950999587774277,0.055182646960020065,0.0055738699932893114,0.048856973027189575,0.04328310303390026,0.04175314586609602,0.095996780321002,0.05424363445490599,0.01875347892443339,0.030653022850553196,0.011899543926119804,-0.017425796948373318,-0.01648678444325924,0.0009390125051140785,-20.732666,0.0
5,477,36569,1.0,119.0,118.0,1.0,1.0,0.0,0.019189302,0.019189302,-27.52884,-0.2850685,-0.005998049,-0.028388504,-0.008682251,-0.031456307,0.14941312,0.17441697,0.02500385,0.060582217,-0.081341945,-0.14192416,0.06968866,-0.07229947,-0.14198813,0.08924397,-0.042374033,-0.13161801,1.0,119.0,118.0,0.05104662,0.07023592,0.019189302,0.011520077,0.05049972,0.038979642,0.05085635,0.09843416,0.047577806,0.039526545,0.019736204,-0.01979034,0.0001902692,-0.028198235,-0.028388504,0.0055447817,-0.025911525,-0.031456307,1.0,0.0,-1.0,8,8,0,8,0,-8,1.0,0.0,-1.0,1.0,37.625,36.625,0.051046621054410934,0.07023592293262482,0.019189301878213882,0.011638136697001755,0.05065895291045308,0.039020816213451326,0.04413335816934705,0.09486818127334118,0.05073482310399413,0.039408484008163214,0.019576970022171736,-0.019831513985991478,0.006913262885063887,-0.024632258340716362,-0.03154552122578025,-27.52884,-1.0
5,478,36576,33.0,505.0,472.0,44.0,5.0,-39.0,0.028310852,0.028310852,-12.761108,0.3322792,0.011254219,-0.024533337,0.008683542,-0.026257506,0.6534491,0.6255752,-0.027873933,0.6567317,0.6345793,-0.022152424,0.67960805,0.65154284,-0.028065205,0.6980883,0.66825455,-0.029833734,33.0,505.0,472.0,0.018685764,0.046996616,0.028310852,-0.005351386,0.046906617,0.052258004,0.03626913,0.08911332,0.05284419,0.024037149,8.999929e-05,-0.02394715,-0.017583365,-0.0421167,-0.024533337,-0.014675083,-0.04093259,-0.026257506,0.0,0.0,0.0,10,10,0,0,0,0,0.0,0.0,0.0,12.2,157.1,144.9,0.01868576370179653,0.04699661582708359,0.028310852125287056,-0.004964982764795423,0.04742374755442143,0.05238873031921685,0.03460905775427818,0.08754117637872696,0.052932118624448785,0.02365074660629034,-0.00042713172733783723,-0.024077878333628178,-0.015923294052481652,-0.04054456055164337,-0.024621266499161718,-12.761108,0.0
5,479,36623,1.0,158.0,157.0,1.0,1.0,0.0,0.015750576,0.015750576,-59.24298,-1.9445152,-0.0028917193,-0.03352554,-0.004153561,-0.034772057,0.59361494,0.5922625,-0.0013524294,0.5607373,0.514657,-0.04608029,0.5361359,0.50822765,-0.027908266,0.5619627,0.5472126,-0.014750123,1.0,158.0,157.0,0.050934177,0.06668475,0.015750576,0.0074730157,0.04880355,0.041330535,0.04678918,0.0960653,0.049276117,0.043461163,0.017881203,-0.02557996,0.0041449964,-0.029380545,-0.03352554,0.009281736,-0.025490321,-0.034772057,1.0,0.0,-1.0,9,9,0,9,0,-9,1.0,0.0,-1.0,1.0,48.0,47.0,0.05093417689204216,0.06668475270271301,0.015750575810670853,0.0076710366023083525,0.04901174787018034,0.041340711267871984,0.04393543634149763,0.0925641159216563,0.048628679580158665,0.043263140651914805,0.01767300483253267,-0.025590135819382135,0.0069987405505445265,-0.02587936321894328,-0.032878103769487806,-59.24298,-1.0
5,480,36629,1.0,46.0,45.0,12.0,1.0,-11.0,0.032778326,0.032778326,-37.668335,-1.3368568,0.0052096285,-0.025769945,0.0054037087,-0.02420449,-0.017041814,-0.042339556,-0.025297742,-0.04163017,0.041892882,0.08352305,-0.04251393,0.04611039,0.08862432,-0.043538585,0.0374196,0.08095819,1.0,46.0,45.0,0.038057264,0.07083559,0.032778326,-0.006563373,0.04480584,0.051369213,0.030244984,0.088793255,0.05854827,0.044620637,0.02602975,-0.018590886,0.00781228,-0.017957665,-0.025769945,0.010824045,-0.013380446,-0.02420449,1.0,0.0,-1.0,10,10,0,10,0,-10,1.0,0.0,-1.0,1.0,15.2,14.2,0.03805726394057274,0.07083559036254883,0.03277832642197609,-0.00654022372327745,0.04506312757730484,0.05160335130058229,0.028458443470299244,0.08319176733493805,0.054733323864638805,0.04459748826920986,0.025772462785243987,-0.018825025483965873,0.009598820470273495,-0.012356176972389221,-0.021954997442662716,-37.668335,-1.0
5,481,36682,1.0,2.0,1.0,1.0,1.0,0.0,0.052155636,0.052155636,-20.33429,-0.12638283,0.00018069148,-0.0057894774,-0.0025724284,-0.00080773234,0.48086372,0.48341885,0.002555132,0.2686976,0.3206276,0.05193001,0.27264854,0.31982696,0.047178417,0.3097928,0.34690008,0.03710729,1.0,2.0,1.0,0.048025325,0.10018096,0.052155636,0.008395379,0.05085936,0.04246398,0.043051634,0.10099675,0.057945114,0.039629944,0.049321603,0.009691659,0.004973691,-0.0008157864,-0.0057894774,0.0062303096,0.0054225773,-0.00080773234,1.0,0.0,-1.0,8,8,0,8,7,-1,1.0,0.875,-0.125,1.0,1.125,0.125,0.04802532494068146,0.1001809611916542,0.05215563625097275,0.008935450576245785,0.051403946708887815,0.04246849613264203,0.042155496310442686,0.09435155056416988,0.0521960542537272,0.03908987436443567,0.04877701448276639,0.009687140118330717,0.0058698286302387714,0.005829410627484322,-4.0418002754449844e-05,-20.33429,-0.125
5,482,36731,2.0,507.0,505.0,1.0,1.0,0.0,0.00417817,0.00417817,-92.207886,-3.5715446,-0.0043032467,-0.043710984,-0.0030292347,-0.047071286,0.7132911,0.7343648,0.021073699,0.55710405,0.67101014,0.113906085,0.556275,0.6734313,0.11715627,0.6038742,0.69762933,0.093755126,2.0,507.0,505.0,0.04231617,0.04649434,0.00417817,0.0010686078,0.046525855,0.045457248,0.04456393,0.092453085,0.047889154,0.04124756,-3.1515956e-05,-0.041279078,-0.002247762,-0.045958746,-0.043710984,0.003275279,-0.043796007,-0.047071286,0.0,0.0,0.0,6,6,0,5,0,-5,0.8333333333333334,0.0,-0.8333333333333334,1.1666666666666667,149.0,147.83333333333334,0.042316168546676636,0.046494338661432266,0.0041781701147556305,0.000952960656528982,0.046290011455615364,0.045337050799086384,0.03958080274363359,0.09100115423401196,0.05142035149037837,0.04136320762336254,0.0002043272058169047,-0.04115888041754564,0.0027353658030430474,-0.044506815572579704,-0.04724218137562275,-92.207886,-0.8333333333333334
5,483,36759,2.0,50.0,48.0,1.0,1.0,0.0,0.02815491,0.02815491,-49.21881,-1.1495152,-0.0037424155,-0.02300604,-0.004971631,-0.018256702,0.108890325,-0.05137293,-0.16026326,0.7528609,0.70415,-0.048710883,0.7577937,0.7082668,-0.04952693,0.7558485,0.7124868,-0.043361723,2.0,50.0,48.0,0.047512956,0.075667866,0.02815491,0.010620323,0.051531672,0.04091135,0.047797132,0.09895808,0.05116095,0.036892634,0.024136193,-0.012756441,-0.00028417632,-0.023290217,-0.02300604,0.0017769039,-0.016479798,-0.018256702,0.0,0.0,0.0,11,11,0,8,0,-8,0.7272727272727273,0.0,-0.7272727272727273,1.2727272727272727,17.727272727272727,16.454545454545453,0.0475129559636116,0.0756678655743599,0.02815490961074829,0.010412058708342638,0.051641209897669876,0.04122915118932724,0.044856034219264984,0.09586243805560199,0.051006403836337005,0.03710089691660621,0.024026655676690014,-0.013074241239916195,0.0026569217443466187,-0.020194572481242092,-0.02285149422558871,-49.21881,-0.7272727272727273
5,484,36910,1.0,3.0,2.0,1.0,1.0,0.0,0.040662885,0.040662885,-67.41089,-2.4385223,-0.0071208477,-0.011057276,-0.008574247,-0.011823196,0.6048471,0.591497,-0.0133500695,0.4702538,0.45168126,-0.01857254,0.4795952,0.46559787,-0.013997346,0.5184443,0.525161,0.006716728,1.0,3.0,2.0,0.052549377,0.09321226,0.040662885,0.004881585,0.05102748,0.046145894,0.048116054,0.099836215,0.05172016,0.047667794,0.04218478,-0.0054830126,0.0044333227,-0.0066239536,-0.011057276,0.010385174,-0.0014380217,-0.011823196,1.0,0.0,-1.0,7,7,0,7,4,-3,1.0,0.5714285714285714,-0.4285714285714286,1.0,1.5714285714285714,0.5714285714285714,0.05254937708377838,0.09321226179599762,0.04066288471221924,0.004806050099432468,0.051080813365323205,0.046274763265890737,0.0416790922837598,0.09501178243330546,0.05333269014954566,0.0477433263191155,0.042131448430674415,-0.005611877888441086,0.010870284800018584,-0.0017995206373078482,-0.012669805437326431,-67.41089,-0.4285714285714286
5,485,36945,1.0,47.0,46.0,1.0,1.0,0.0,0.022807986,0.022807986,-63.98459,-2.5945396,0.00085591525,-0.036235273,-0.001127407,-0.03607683,-0.21433511,-0.28499055,-0.070655435,-0.35082132,-0.25173378,0.09908754,-0.3577402,-0.24253601,0.115204185,-0.3615906,-0.27004635,0.09154424,1.0,47.0,46.0,0.05330345,0.076111436,0.022807986,0.0010601978,0.04710929,0.046049092,0.039143562,0.09818682,0.05904326,0.05224325,0.029002145,-0.023241106,0.014159888,-0.022075385,-0.036235273,0.019495986,-0.016580842,-0.03607683,1.0,0.0,-1.0,11,11,0,11,0,-11,1.0,0.0,-1.0,1.0,17.09090909090909,16.09090909090909,0.05330345034599304,0.07611143589019775,0.022807985544204712,0.0013750090041536498,0.04770045117898421,0.046325442174830554,0.03466434302655133,0.09229836342009631,0.05763402039354498,0.05192844129421494,0.028410984711213547,-0.023517456583001396,0.018639107319441708,-0.016186927529898556,-0.034826034849340264,-63.98459,-1.0
5,486,36974,1.0,27.0,26.0,1.0,1.0,0.0,0.023778904,0.023778904,-17.690277,-0.09040451,-0.0030976646,-0.027749524,-0.004421007,-0.033485215,0.0843446,0.1449613,0.060616694,-0.13175175,-0.005694148,0.1260576,-0.1378828,-0.002253703,0.1356291,-0.124065414,0.021785349,0.14585076,1.0,27.0,26.0,0.054234218,0.07801312,0.023778904,-0.0034321838,0.04589738,0.049329564,0.039256822,0.09078525,0.051528428,0.057666402,0.032115743,-0.02555066,0.014977396,-0.012772128,-0.027749524,0.02215835,-0.011326864,-0.033485215,1.0,0.0,-1.0,11,11,0,11,0,-11,1.0,0.0,-1.0,1.0,9.181818181818182,8.181818181818182,0.05423421785235405,0.07801312208175659,0.023778904229402542,-0.0033284220421178775,0.04610913890329274,0.049437560945410616,0.03356565094806931,0.08970183540474284,0.05613618445667353,0.057562639767473396,0.03190398317846385,-0.025658656589009544,0.020668566904284737,-0.011688713322986256,-0.032357280227270996,-17.690277,-1.0
5,487,36978,6.0,22.0,16.0,5.0,1.0,-4.0,0.043150645,0.043150645,-20.554504,0.05846405,0.0025735423,-0.0058271587,0.0022268519,-0.0076967143,0.27375042,0.3276749,0.05392447,0.10301103,-0.057680644,-0.16069168,0.08271029,-0.08357674,-0.16628703,0.10637556,-0.04437551,-0.15075107,6.0,22.0,16.0,0.0376989,0.08084954,0.043150645,0.010489312,0.049983177,0.039493866,0.0449212,0.093899004,0.048977803,0.027209587,0.030866366,0.0036567785,-0.0072223023,-0.013049461,-0.0058271587,-0.0022955723,-0.009992287,-0.0076967143,0.0,0.0,0.0,11,11,0,1,0,-1,0.09090909090909091,0.0,-0.09090909090909091,2.4545454545454546,7.545454545454546,5.090909090909092,0.0376988984644413,0.0808495432138443,0.043150644749403,0.010522433217953552,0.05018772896040569,0.039665295742452145,0.040738782422109085,0.08994504673914476,0.049206264317035675,0.02717646516182206,0.030661814253438602,0.003485349091616543,-0.0030398839576677842,-0.009095503525300459,-0.006055619567632675,-20.554504,-0.09090909090909091
5,488,37059,3.0,87.0,84.0,4.0,1.0,-3.0,0.025351055,0.025351055,-18.853394,-0.10838699,0.002458319,-0.020163525,0.0022191368,-0.02201239,0.16205136,0.2001873,0.03813593,-0.055924058,0.13889852,0.19482258,-0.043043792,0.14620149,0.18924528,-0.017749831,0.16649374,0.18424357,3.0,87.0,84.0,0.04157985,0.066930905,0.025351055,-0.0011324086,0.04649874,0.04763115,0.045153882,0.09066846,0.04551458,0.04271226,0.020432167,-0.022280093,-0.0035740323,-0.023737557,-0.020163525,0.0022700876,-0.019742303,-0.02201239,0.0,0.0,0.0,8,8,0,4,0,-4,0.5,0.0,-0.5,1.5,26.75,25.25,0.041579850018024445,0.06693090498447418,0.025351054966449738,-0.0009931632739608176,0.04666882287710905,0.04766198615106987,0.0406124796718359,0.0873668510466814,0.046754371374845505,0.042573013342916965,0.02026208210736513,-0.022310931235551834,0.0009673703461885452,-0.020435946062207222,-0.021403316408395767,-18.853394,-0.5
5,489,37221,6.0,409.0,403.0,1.0,3.0,2.0,0.01335248,0.01335248,-4.3079224,0.66324043,-0.004204612,-0.038428824,-0.0037498027,-0.037922125,0.25625736,0.29476336,0.038506,0.01720973,0.0059057595,-0.01130397,0.015221634,0.0046556625,-0.010565972,0.048092622,0.039393846,-0.008698776,6.0,409.0,403.0,0.039407276,0.052759755,0.01335248,0.006506608,0.047057744,0.040551137,0.045172982,0.096954286,0.051781304,0.03290067,0.0057020113,-0.027198657,-0.0057657063,-0.04419453,-0.038428824,-0.0025938228,-0.040515948,-0.037922125,0.0,0.0,0.0,8,8,0,2,0,-2,0.25,0.0,-0.25,2.375,129.5,127.125,0.03940727561712265,0.05275975540280342,0.013352479785680771,0.007029626984149218,0.047914685215801,0.04088505823165178,0.04152464820072055,0.093634276650846,0.052109628450125456,0.032377648167312145,0.00484507018700242,-0.027532577980309725,-0.0021173725835978985,-0.04087452124804258,-0.038757148664444685,-4.3079224,-0.25
5,490,37224,1.0,217.0,216.0,4.0,3.0,-1.0,0.01690308,0.01690308,-76.96506,-3.1027527,0.0048801377,-0.030674897,0.0012877658,-0.031967405,0.5580569,0.50475043,-0.05330646,0.23715788,0.37996802,0.14281014,0.23856224,0.39202285,0.1534606,0.31493154,0.43484592,0.11991438,1.0,217.0,216.0,0.037969787,0.054872867,0.01690308,-0.0014541143,0.04273965,0.044193763,0.037135728,0.084713705,0.047577977,0.0394239,0.012133218,-0.027290683,0.00083405897,-0.029840838,-0.030674897,0.005473718,-0.026493687,-0.031967405,1.0,0.0,-1.0,11,11,0,11,0,-11,1.0,0.0,-1.0,1.0,68.63636363636364,67.63636363636364,0.037969786673784256,0.054872866719961166,0.01690308004617691,-0.0012846358635711526,0.04327305778861046,0.04455769365218161,0.03370244936509566,0.08169490437616002,0.04799245501106436,0.0392544228922237,0.011599808931350708,-0.027654613960872994,0.004267337308688598,-0.02682203765619885,-0.031089374964887447,-76.96506,-1.0
5,491,37436,2.0,582.0,580.0,5.0,15.0,10.0,0.0047117546,0.0047117546,-25.731934,-0.32182503,-0.0041479506,-0.03934845,-0.0036402345,-0.047046475,0.68087393,0.63118464,-0.049689293,0.35845864,0.3764737,0.018015057,0.37578088,0.42327556,0.04749468,0.44606748,0.4944049,0.04833743,2.0,582.0,580.0,0.03890763,0.043619383,0.0047117546,-0.003122901,0.04658788,0.04971078,0.048614856,0.09267506,0.044060204,0.04203053,-0.0029684976,-0.044999026,-0.009707227,-0.049055677,-0.03934845,0.00091868266,-0.046127792,-0.047046475,0.0,0.0,0.0,8,8,0,7,0,-7,0.875,0.0,-0.875,1.125,181.25,180.125,0.03890762850642204,0.04361938312649727,0.004711754620075226,-0.003015861861058511,0.04708468820899725,0.05010055007005576,0.03757962351664901,0.09093905054032803,0.05335942702367902,0.04192348988726735,-0.003465305082499981,-0.04538879496976733,0.001328004989773035,-0.04731966741383076,-0.04864767240360379,-25.731934,-0.875
5,492,37494,8.0,220.0,212.0,9.0,4.0,-5.0,0.026658697,0.026658697,-65.47974,-2.8446407,0.0103624035,-0.02666268,0.004318433,-0.023990726,0.5089541,0.45178738,-0.057166725,0.35007653,0.022116115,-0.3279604,0.37660557,0.018014273,-0.3585913,0.42493412,0.069942445,-0.35499167,8.0,220.0,212.0,0.028882397,0.055541094,0.026658697,-0.0033077777,0.0431871,0.04649488,0.037513673,0.09083505,0.053321376,0.032190174,0.012353994,-0.01983618,-0.008631276,-0.035293955,-0.02666268,-0.0053975936,-0.02938832,-0.023990726,0.0,0.0,0.0,5,5,0,1,0,-1,0.2,0.0,-0.2,3.0,69.0,66.0,0.028882397338747978,0.05554109439253807,0.026658697053790092,-0.003481618408113718,0.04350796863436699,0.046989587042480706,0.03471312895417213,0.08659855127334595,0.05188542231917382,0.03236401602625847,0.012033125758171082,-0.02033089026808739,-0.0058307316154241565,-0.031057456880807875,-0.02522672526538372,-65.47974,-0.2
5,493,37608,1.0,53.0,52.0,1.0,1.0,0.0,0.0032555833,0.0032555833,-62.329315,-2.3397903,-0.0040334538,-0.038141724,-0.008249238,-0.041510813,0.43351406,0.44093272,0.0074186623,0.4809426,0.4979404,0.016997784,0.48801377,0.48637486,-0.0016389191,0.49555495,0.49377775,-0.0017772019,1.0,53.0,52.0,0.07108198,0.074337564,0.0032555833,6.248108e-05,0.047382444,0.047319964,0.051750164,0.09314747,0.041397307,0.0710195,0.02695512,-0.04406438,0.019331817,-0.018809907,-0.038141724,0.026279837,-0.015230976,-0.041510813,1.0,0.0,-1.0,8,8,0,8,0,-8,1.0,0.0,-1.0,1.0,17.25,16.25,0.0710819810628891,0.07433756440877914,0.003255583345890045,0.00022826286340205115,0.04743907507508993,0.04721081221168788,0.04381617670878768,0.09198665246367455,0.048170475754886866,0.07085371855646372,0.026898489333689213,-0.043955229222774506,0.02726580435410142,-0.0176490880548954,-0.04491489240899682,-62.329315,-1.0
5,494,37736,60.0,280.0,220.0,8.0,8.0,0.0,0.031246856,0.031246856,0.4513855,0.79468536,-0.0021897368,-0.014225192,-0.0006910339,-0.0170402,0.5593563,0.49765366,-0.06170261,0.36544305,0.32152218,-0.043920875,0.3848465,0.33604324,-0.04880327,0.42746472,0.37841904,-0.049045682,60.0,280.0,220.0,0.02684401,0.058090866,0.031246856,0.0045711733,0.04827998,0.043708805,0.0473653,0.09283735,0.04547205,0.022272836,0.009810887,-0.012461949,-0.02052129,-0.034746483,-0.014225192,-0.0160162,-0.0330564,-0.0170402,0.0,0.0,0.0,10,10,0,0,0,0,0.0,0.0,0.0,19.8,86.6,66.8,0.02684400975704193,0.05809086561203003,0.031246855854988098,0.004792666295543313,0.048513250425457954,0.04372058412991464,0.04061510898172856,0.09147398993372917,0.05085888095200061,0.022051343508064748,0.009577615186572075,-0.012473728321492673,-0.013771099224686622,-0.03338312432169914,-0.019612025097012518,0.4513855,0.0
5,495,37801,1.0,5.0,4.0,1.0,1.0,0.0,0.037064515,0.037064515,-66.19116,-2.5360909,-0.0039154477,-0.014079399,-0.0048726685,-0.013183478,-0.08518369,-0.087991044,-0.0028073564,-0.12034903,-0.029065214,0.09128381,-0.12535489,-0.027589852,0.097765036,-0.123007074,-0.036823798,0.08618328,1.0,5.0,4.0,0.052398287,0.0894628,0.037064515,0.001096412,0.046972413,0.045876,0.04288605,0.09402996,0.051143914,0.051301874,0.04249039,-0.008811485,0.009512238,-0.004567161,-0.014079399,0.011425238,-0.0017582402,-0.013183478,1.0,0.0,-1.0,10,10,0,10,3,-7,1.0,0.3,-0.7,1.0,2.1,1.1,0.05239828675985336,0.08946280181407928,0.03706451505422592,0.0012678194558247923,0.047298689186573026,0.046030869730748235,0.040507339686155316,0.0911179505288601,0.05061061084270478,0.05113046728074551,0.04216411262750626,-0.00896635465323925,0.011890947073698043,-0.0016551487147808074,-0.013546095788478851,-66.19116,-0.7
5,496,37927,2.0,453.0,451.0,2.0,4.0,2.0,0.013514139,0.013514139,-40.339294,-1.1650963,-0.0033930615,-0.03618533,-0.0029436238,-0.03845052,0.45310348,0.34812498,-0.1049785,-0.0724899,0.19751512,0.27000502,-0.12134272,0.1843226,0.3056653,-0.041222177,0.2298703,0.27109247,2.0,453.0,451.0,0.033898193,0.047412332,0.013514139,-0.00017301842,0.046121117,0.046294134,0.036070764,0.085770234,0.04969947,0.03407121,0.0012912154,-0.032779995,-0.0021725707,-0.038357902,-0.03618533,0.0024986267,-0.035951894,-0.03845052,0.0,0.0,0.0,11,11,0,6,0,-6,0.5454545454545454,0.0,-0.5454545454545454,1.4545454545454546,138.63636363636363,137.18181818181816,0.03389819338917732,0.04741233214735985,0.013514138758182526,-0.00013650189992569557,0.04621389440514825,0.04635039630507394,0.03256896358322014,0.083263752812689,0.05069478922946886,0.03403469581495632,0.001198437742211602,-0.03283625807274472,0.0013292298059571874,-0.035851420665329155,-0.03718065047128634,-40.339294,-0.5454545454545454
5,497,38022,2.0,128.0,126.0,1.0,5.0,4.0,0.028188765,0.028188765,-8.1032715,0.36175537,-0.005868919,-0.021514472,-0.005210314,-0.02527707,0.38177234,0.30336696,-0.07840538,-0.019828683,0.49712232,0.516951,-0.007727641,0.5136842,0.52141184,0.043510538,0.51902527,0.47551474,2.0,128.0,126.0,0.041417606,0.06960637,0.028188765,0.00674638,0.050023124,0.043276742,0.044795092,0.09449833,0.049703237,0.034671225,0.019583248,-0.015087977,-0.003377486,-0.024891958,-0.021514472,0.0021830946,-0.023093976,-0.02527707,0.0,0.0,0.0,5,5,0,1,0,-1,0.2,0.0,-0.2,1.8,42.6,40.800000000000004,0.04141760617494583,0.06960637122392654,0.028188765048980713,0.0068593666888773445,0.0507171168923378,0.04385775020346046,0.04319754019379616,0.09307648092508317,0.04987894073128701,0.03455823957920075,0.018889254331588744,-0.015668985247612004,-0.0017799340188503266,-0.023470109701156615,-0.021690175682306287,-8.1032715,-0.2
5,498,38025,30.0,542.0,512.0,2.0,7.0,5.0,0.01581607,0.01581607,-48.471283,-1.2359657,-0.002939161,-0.027206711,-0.0033446793,-0.029906012,0.06807394,0.18146037,0.11338642,-0.019323671,-0.004065235,0.015258436,-0.023511162,-0.005355926,0.018155236,-0.01183574,0.012713537,0.024549276,30.0,542.0,512.0,0.032715876,0.048531946,0.01581607,0.009689245,0.04992969,0.040240444,0.05400166,0.09702444,0.04302278,0.02302663,-0.0013977438,-0.024424374,-0.021285783,-0.048492495,-0.027206711,-0.013470475,-0.043376487,-0.029906012,0.0,0.0,0.0,10,10,0,0,0,0,0.0,0.0,0.0,10.1,166.9,156.8,0.032715875655412674,0.048531945794820786,0.01581607013940811,0.00988249434158206,0.0503631915897131,0.04048069724813104,0.04730470888316631,0.09191252440214157,0.044607815518975254,0.022833381220698355,-0.001831245794892311,-0.024664627015590666,-0.01458883322775364,-0.04338057860732079,-0.02879174537956715,-48.471283,0.0
5,499,38060,1.0,16.0,15.0,2.0,1.0,-1.0,0.03386597,0.03386597,-60.21051,-2.1630783,0.008021865,-0.018018574,0.0041885898,-0.02011783,0.55814517,0.5811345,0.022989333,0.37622687,0.41579908,0.03957221,0.3670694,0.3960124,0.028943002,0.43578488,0.46056566,0.02478078,1.0,16.0,15.0,0.05214036,0.08600633,0.03386597,0.0074939164,0.050113484,0.042619567,0.04733954,0.09922408,0.051884543,0.044646442,0.035892844,-0.008753598,0.004800819,-0.013217755,-0.018018574,0.0092796795,-0.010838151,-0.02011783,1.0,0.0,-1.0,11,11,0,11,0,-11,1.0,0.0,-1.0,1.0,5.636363636363637,4.636363636363637,0.052140358835458755,0.08600632846355438,0.03386596962809563,0.00757824375548146,0.050274508920582855,0.042696265165101395,0.042392773045734924,0.09722161563959988,0.05482884259386496,0.04456211491064592,0.03573181954297153,-0.008830295367674393,0.00974758578972383,-0.011215287176045504,-0.020962872965769333,-60.21051,-1.0
5,500,38246,1.0,22.0,21.0,1.0,2.0,1.0,0.03150195,0.03150195,-40.075775,-1.1565933,-0.009403259,-0.018317852,-0.008715566,-0.016493723,0.18388812,0.1808354,-0.0030527264,-0.094859645,-0.07867713,0.016182512,-0.12299895,-0.114696935,0.008302018,-0.09492067,-0.088267796,0.0066528767,1.0,22.0,21.0,0.05082018,0.08232213,0.03150195,0.008230405,0.05074391,0.042513505,0.04679351,0.09661331,0.0498198,0.042589776,0.031578217,-0.0110115595,0.00402667,-0.014291182,-0.018317852,0.005967818,-0.010525905,-0.016493723,1.0,0.0,-1.0,5,5,0,5,0,-5,1.0,0.0,-1.0,1.0,7.6,6.6,0.05082017928361893,0.0823221281170845,0.031501948833465576,0.008399654179811478,0.05047023594379425,0.042070581763982776,0.045190519839525226,0.09163508862257004,0.046444568783044815,0.04242052435874939,0.03185189217329025,-0.010568632185459143,0.005629659444093704,-0.009312960505485534,-0.014942619949579239,-40.075775,-1.0
5,501,38278,1.0,252.0,251.0,1.0,3.0,2.0,0.0075068735,0.0075068735,-46.07782,-1.5206451,-0.0069904923,-0.039475337,-0.007058367,-0.038539443,0.28041816,0.29486638,0.0144482255,0.21414948,0.29918578,0.08503631,0.21532518,0.2879191,0.07259393,0.23161678,0.29289693,0.061280146,1.0,252.0,251.0,0.04997069,0.057477564,0.0075068735,0.006383858,0.046897504,0.040513646,0.039776567,0.08675878,0.04698221,0.04358683,0.010580059,-0.033006772,0.010194123,-0.029281214,-0.039475337,0.011932652,-0.02660679,-0.038539443,1.0,0.0,-1.0,8,8,0,8,0,-8,1.0,0.0,-1.0,1.0,78.125,77.125,0.04997069016098976,0.05747756361961365,0.007506873458623886,0.006357259349897504,0.047077198047190905,0.0407199386972934,0.03745308658108115,0.08236755430698395,0.044914467725902796,0.0436134310439229,0.010400365572422743,-0.03321306547150016,0.01251760357990861,-0.0248899906873703,-0.03740759426727891,-46.07782,-1.0
5,502,38297,13.0,120.0,107.0,1.0,1.0,0.0,0.03469659,0.03469659,-16.625275,0.17354012,0.0018883459,-0.019303076,8.732267e-05,-0.015683152,0.6245282,0.5776125,-0.04691571,0.43003842,0.4171879,-0.012850523,0.44528633,0.42644784,-0.018838495,0.49175125,0.46539018,-0.026361078,13.0,120.0,107.0,0.035298992,0.06999558,0.03469659,0.009123858,0.049647555,0.040523697,0.043601546,0.09760121,0.053999666,0.026175134,0.020348027,-0.0058271065,-0.0083025545,-0.02760563,-0.019303076,-0.0060132593,-0.021696411,-0.015683152,0.0,0.0,0.0,11,11,0,0,0,0,0.0,0.0,0.0,4.636363636363637,37.0,32.36363636363636,0.035298991948366165,0.06999558210372925,0.03469659015536308,0.009138261814686384,0.04985942454500632,0.040721162730319935,0.04100420901721174,0.09298090839927847,0.051976699382066734,0.02616073021834547,0.02013615755872293,-0.0060245726596225395,-0.005705217068845575,-0.02298532629554922,-0.017280109226703644,-16.625275,0.0
5,503,38310,1.0,8.0,7.0,2.0,1.0,-1.0,0.046476815,0.046476815,-37.369415,-1.324688,0.0057621673,-0.010477874,0.0025917701,-0.010592438,-0.14954299,-0.11147727,0.038065717,0.22350502,0.18978348,-0.033721536,0.24898411,0.21927826,-0.029705852,0.21671136,0.19694355,-0.019767806,1.0,8.0,7.0,0.04172169,0.088198505,0.046476815,-0.00040510748,0.04844062,0.048845727,0.039892554,0.09684724,0.05695469,0.042126797,0.039757885,-0.002368912,0.0018291362,-0.008648738,-0.010477874,0.0057316795,-0.004860759,-0.010592438,1.0,0.0,-1.0,9,9,0,9,0,-9,1.0,0.0,-1.0,1.0,3.0,2.0,0.04172169044613838,0.08819850534200668,0.0464768148958683,-0.000176325136433459,0.049111014852921166,0.049287339989354625,0.03664729661411709,0.0928187221288681,0.05617142551475101,0.041898015058702893,0.03908749048908552,-0.002810524569617376,0.0050743938320212895,-0.00462021678686142,-0.009694610618882708,-37.369415,-1.0
5,504,38358,1.0,14.0,13.0,1.0,1.0,0.0,0.021160964,0.021160964,-60.767212,-1.7171478,-0.012442607,-0.020997297,-0.011418097,-0.023506045,0.52639467,0.45829198,-0.06810269,0.273003,0.2070617,-0.06594132,0.27649665,0.2127064,-0.06379025,0.33715072,0.2689209,-0.068229824,1.0,14.0,13.0,0.062377606,0.08353857,0.021160964,0.010743977,0.05031106,0.039567083,0.05461604,0.0967743,0.04215826,0.05163363,0.03322751,-0.01840612,0.007761564,-0.013235733,-0.020997297,0.015331946,-0.008174099,-0.023506045,1.0,0.0,-1.0,10,10,0,10,0,-10,1.0,0.0,-1.0,1.0,4.6,3.5999999999999996,0.062377605587244034,0.08353856950998306,0.02116096392273903,0.010739619936794042,0.050431151315569876,0.03969153137877583,0.04772733934223652,0.09223119989037513,0.04450386054813862,0.051637985929846766,0.033107418194413187,-0.01853056773543358,0.014650266245007515,-0.008692630380392075,-0.023342896625399588,-60.767212,-1.0
5,505,38483,32.0,141.0,109.0,9.0,10.0,1.0,0.0375675,0.0375675,-34.814453,-0.74824715,0.002361402,-0.019268252,0.00080234185,-0.015123181,0.063900724,0.11766955,0.05376883,-0.027306555,0.08059653,0.107903086,-0.005139301,0.11205137,0.11719067,0.006413904,0.12456015,0.11814624,32.0,141.0,109.0,0.029334437,0.06690194,0.0375675,0.00864062,0.050237976,0.041597355,0.040958766,0.09779452,0.056835752,0.020693816,0.016663961,-0.004029855,-0.011624329,-0.03089258,-0.019268252,-0.008962065,-0.024085246,-0.015123181,0.0,0.0,0.0,6,6,0,0,0,0,0.0,0.0,0.0,9.166666666666666,44.5,35.333333333333336,0.02933443710207939,0.06690193712711334,0.03756750002503395,0.008783799906571707,0.05085676163434982,0.042072961727778115,0.03749708334604899,0.09045340990026791,0.052956326554218926,0.020550637195507686,0.01604517549276352,-0.004505461702744167,-0.008162646243969599,-0.023551472773154575,-0.015388826529184977,-34.814453,0.0
5,506,38486,1.0,171.0,170.0,1.0,1.0,0.0,0.012343038,0.012343038,-42.23999,-1.6410542,-0.0066836663,-0.045097962,-0.008983269,-0.039896205,0.09389656,0.103902146,0.010005586,-0.033070277,-0.18887682,-0.15580654,-0.023250146,-0.19005604,-0.1668059,-0.0072471574,-0.16283932,-0.15559217,1.0,171.0,170.0,0.04665444,0.05899748,0.012343038,-7.038645e-05,0.044200864,0.04427125,0.03531662,0.09275762,0.057441,0.046724826,0.014796615,-0.03192821,0.01133782,-0.03376014,-0.045097962,0.012208071,-0.027688134,-0.039896205,1.0,0.0,-1.0,10,10,0,10,0,-10,1.0,0.0,-1.0,1.0,52.9,51.9,0.046654440462589264,0.05899747833609581,0.012343037873506546,-0.00013888435996705083,0.04455694518983364,0.04469582954980069,0.03265944737941027,0.08778508380055428,0.05512563642114401,0.04679332450032234,0.01444053314626217,-0.032352791354060176,0.013994993083178997,-0.028787605464458466,-0.04278259854763746,-42.23999,-1.0
5,507,38494,1.0,291.0,290.0,1.0,1.0,0.0,0.006367136,0.006367136,-61.436035,-2.643652,-0.0054530166,-0.04097711,-0.0068634376,-0.044224877,0.46919817,0.5050185,0.035820305,0.23802483,0.16317868,-0.07484615,0.22876547,0.14711873,-0.08164674,0.28298151,0.20044956,-0.08253196,1.0,291.0,290.0,0.050543454,0.05691059,0.006367136,-0.001626239,0.048091166,0.049717404,0.044987343,0.09233159,0.047344245,0.05216969,0.008819424,-0.04335027,0.0055561103,-0.035421,-0.04097711,0.01159798,-0.032626897,-0.044224877,1.0,0.0,-1.0,9,9,0,9,0,-9,1.0,0.0,-1.0,1.0,88.77777777777777,87.77777777777777,0.05054345354437828,0.05691058933734894,0.006367135792970657,-0.0019603752945032385,0.04807251236504979,0.05003288765955303,0.03694464990662204,0.0891829530398051,0.05223830313318306,0.05250382795929909,0.008838076972299151,-0.043665750986999936,0.013598803637756241,-0.032272363702456154,-0.0458711673402124,-61.436035,-1.0
5,508,38641,15.0,161.0,146.0,3.0,1.0,-2.0,0.030250862,0.030250862,-11.023193,0.39377022,0.0028081648,-0.024329469,-3.3266842e-05,-0.024011191,0.5595849,0.581943,0.02235806,0.10242655,0.041849647,-0.060576905,0.14355232,0.09213784,-0.051414475,0.21655688,0.16481689,-0.05173999,15.0,161.0,146.0,0.03530401,0.06555487,0.030250862,0.0051342626,0.04856343,0.043429166,0.047334716,0.10191505,0.05458033,0.030169748,0.016991444,-0.013178304,-0.012030706,-0.036360174,-0.024329469,-0.006485183,-0.030496374,-0.024011191,0.0,0.0,0.0,9,9,0,0,0,0,0.0,0.0,0.0,5.444444444444445,47.44444444444444,42.0,0.03530400991439819,0.06555487215518951,0.03025086224079132,0.005052085758911239,0.048554662615060806,0.04350257685614957,0.04558646471963988,0.09856903884145948,0.0529825741218196,0.030251924155486956,0.017000209540128708,-0.013251714615358248,-0.010282454805241691,-0.03301416668626997,-0.02273171188102828,-11.023193,0.0
5,509,38794,1.0,11.0,10.0,2.0,1.0,-1.0,0.03215241,0.03215241,-59.286285,-2.2252464,0.0019805878,-0.009153478,-0.0027196668,-0.009930201,0.18030417,0.20075557,0.020451397,-0.025325296,-0.066984236,-0.041658938,-0.025720106,-0.07733283,-0.051612727,-0.00094408507,-0.05397823,-0.053034145,1.0,11.0,10.0,0.046287637,0.07844005,0.03215241,-0.00027776952,0.04425342,0.04453119,0.044385273,0.08569116,0.04130589,0.046565406,0.034186628,-0.012378778,0.0019023642,-0.0072511137,-0.009153478,0.004389785,-0.0055404156,-0.009930201,1.0,0.0,-1.0,11,11,0,11,0,-11,1.0,0.0,-1.0,1.0,4.2727272727272725,3.2727272727272725,0.04628763720393181,0.07844004780054092,0.032152410596609116,-0.00038697562178475147,0.04431348835880106,0.04470046398058582,0.040748936886137184,0.0849093645811081,0.04416042769497091,0.04667461257089268,0.03412655944173986,-0.012548053129152817,0.005538700317794626,-0.006469316780567169,-0.012008017098361795,-59.286285,-1.0
5,510,38817,1.0,46.0,45.0,1.0,1.0,0.0,0.021690976,0.021690976,-59.432587,-2.4604378,-0.0009222105,-0.034161128,-0.0053906366,-0.034856763,0.52506864,0.50491637,-0.02015227,0.36314148,0.38242126,0.019279778,0.3803732,0.3928923,0.012519091,0.41362327,0.42229784,0.008674562,1.0,46.0,45.0,0.05127957,0.07297055,0.021690976,-0.006147411,0.043997508,0.05014492,0.035735745,0.09158785,0.055852104,0.05742698,0.02897304,-0.028453942,0.015543826,-0.018617302,-0.034161128,0.017412532,-0.01744423,-0.034856763,1.0,0.0,-1.0,7,7,0,7,0,-7,1.0,0.0,-1.0,1.0,14.285714285714286,13.285714285714286,0.051279570907354355,0.07297054678201675,0.0216909758746624,-0.006040968133934906,0.04422632924148014,0.05026729737541505,0.03401900455355644,0.09083263788904462,0.05681363333548818,0.05732053890824318,0.028744217540536608,-0.028576321367706572,0.017260566353797913,-0.017862091107027873,-0.03512265746082578,-59.432587,-1.0
5,511,38829,7.0,35.0,28.0,1.0,1.0,0.0,0.033519067,0.033519067,-52.539703,-2.0363102,-0.0029407255,-0.014446545,-0.0032807142,-0.01133113,0.8132838,0.806219,-0.0070648193,0.4927966,0.5919264,0.099129796,0.52119565,0.61137766,0.09018201,0.6001684,0.6630667,0.06289828,7.0,35.0,28.0,0.043037668,0.076556735,0.033519067,0.00035775139,0.04681625,0.046458498,0.049753714,0.09771933,0.047965612,0.042679917,0.029740486,-0.012939431,-0.0067160465,-0.021162592,-0.014446545,-0.0040283985,-0.015359528,-0.01133113,0.0,0.0,0.0,9,9,0,1,0,-1,0.1111111111111111,0.0,-0.1111111111111111,3.3333333333333335,12.11111111111111,8.777777777777777,0.043037667870521545,0.0765567347407341,0.033519066870212555,0.0005693864788756602,0.047204880664745964,0.046635494185870305,0.0475995863477389,0.09328252491023806,0.04568293856249916,0.04246828125582801,0.029351854075988133,-0.013116427179839876,-0.004561918477217357,-0.016725790169503953,-0.012163871692286596,-52.539703,-0.1111111111111111
5,512,38853,1.0,63.0,62.0,1.0,1.0,0.0,0.016950816,0.016950816,-25.15805,-0.054985046,-0.0037159212,-0.03032701,-0.008023016,-0.02950491,0.5126795,0.56271935,0.050039828,0.5190475,0.45116812,-0.06787938,0.5371996,0.4769662,-0.060233414,0.55387104,0.50854456,-0.04532647,1.0,63.0,62.0,0.057328224,0.07427904,0.016950816,0.014757147,0.05159068,0.036833532,0.046531495,0.09380932,0.047277827,0.042571075,0.022688359,-0.019882716,0.0107967295,-0.019530281,-0.03032701,0.013218574,-0.016286336,-0.02950491,1.0,0.0,-1.0,7,7,0,7,0,-7,1.0,0.0,-1.0,1.0,20.285714285714285,19.285714285714285,0.057328224182128906,0.07427904009819031,0.0169508159160614,0.014928396392081465,0.05189975031784603,0.03697135392576456,0.04339755752256939,0.09169797173568181,0.04830041421311242,0.042399827390909195,0.022379289780344282,-0.020020537610564913,0.013930666659559523,-0.0174189316374915,-0.03134959829705102,-25.15805,-1.0
5,513,38978,8.0,444.0,436.0,2.0,1.0,-1.0,0.01916894,0.01916894,-5.1947327,0.5642338,0.0026649795,-0.029100314,0.0011586938,-0.03556288,0.10292292,0.173857,0.07093409,0.32284406,0.23764946,-0.0851946,0.33635524,0.26118025,-0.07517499,0.33088502,0.26858094,-0.06230408,8.0,444.0,436.0,0.030650817,0.049819756,0.01916894,-0.00035147648,0.04725695,0.047608428,0.0431544,0.09142365,0.048269253,0.031002294,0.002562806,-0.028439488,-0.012503583,-0.041603897,-0.029100314,-0.0046777613,-0.04024064,-0.03556288,0.0,0.0,0.0,13,13,0,1,0,-1,0.07692307692307693,0.0,-0.07692307692307693,3.230769230769231,134.92307692307693,131.6923076923077,0.03065081685781479,0.04981975629925728,0.01916893944144249,-0.0002790567198714528,0.04747599879136452,0.047755055511235975,0.03665471993959867,0.09055629831094009,0.053901578371341415,0.0309298736258195,0.0023437575078927553,-0.028586116117926746,-0.006003903081783881,-0.0407365420116828,-0.03473263892989892,-5.1947327,-0.07692307692307693
5,514,39047,1.0,7.0,6.0,1.0,1.0,0.0,0.032777827,0.032777827,-59.358704,-1.9976254,-0.0037476756,-0.02322106,-0.0041141063,-0.019473288,0.59743214,0.6294514,0.032019258,0.556492,0.57339495,0.016902983,0.54058415,0.5829387,0.042354524,0.5764983,0.6050661,0.028567791,1.0,7.0,6.0,0.050938744,0.08371657,0.032777827,0.002673896,0.046956327,0.04428243,0.039491158,0.095490046,0.055998888,0.048264846,0.036760245,-0.011504602,0.011447586,-0.0117734745,-0.02322106,0.014445942,-0.0050273463,-0.019473288,1.0,0.0,-1.0,6,6,0,6,1,-5,1.0,0.16666666666666666,-0.8333333333333334,1.0,2.5,1.5,0.050938744097948074,0.08371657133102417,0.032777827233076096,0.00242114340653643,0.04704670049250126,0.04462555708596483,0.03599923818061749,0.0869954526424408,0.05099621446182331,0.04851759970188141,0.03666987083852291,-0.011847728863358498,0.014939505917330584,-0.003278881311416626,-0.01821838722874721,-59.358704,-0.8333333333333334
5,515,39058,9.0,232.0,223.0,7.0,10.0,3.0,0.023119967,0.023119967,-30.541046,-0.7307739,0.0018755496,-0.021894522,-0.0004287474,-0.022546332,0.32065883,0.27657813,-0.044080704,0.12838607,0.23394956,0.10556349,0.117578335,0.22565347,0.108075134,0.14603347,0.2429684,0.09693493,9.0,232.0,223.0,0.036611237,0.059731204,0.023119967,0.004738657,0.04783242,0.043093763,0.043880116,0.088894606,0.04501449,0.031872578,0.011898786,-0.019973792,-0.0072688796,-0.029163402,-0.021894522,-0.00464426,-0.027190592,-0.022546332,0.0,0.0,0.0,6,6,0,0,0,0,0.0,0.0,0.0,3.8333333333333335,75.0,71.16666666666667,0.03661123663187027,0.05973120406270027,0.023119967430830002,0.005027760285884142,0.048227800677220024,0.04320004039133588,0.04043907734254996,0.08716142177581787,0.046722344433267914,0.031583476811647415,0.011503403385480246,-0.020080073426167168,-0.00382784071067969,-0.0274302177131176,-0.02360237700243791,-30.541046,0.0
5,516,39095,1.0,72.0,71.0,1.0,1.0,0.0,0.019330189,0.019330189,-31.727478,-0.435215,-0.0045336,-0.022560526,-0.0047637783,-0.025946796,-0.07819677,-0.10149732,-0.02330055,-0.009798998,0.24601646,0.25581545,-0.016657976,0.22934353,0.24600151,-0.02986995,0.228344,0.25821394,1.0,72.0,71.0,0.05448129,0.07381148,0.019330189,0.0133045735,0.052736625,0.039432053,0.048467103,0.09035782,0.041890714,0.041176718,0.021074854,-0.020101864,0.006014187,-0.016546339,-0.022560526,0.010385543,-0.015561253,-0.025946796,1.0,0.0,-1.0,10,10,0,10,0,-10,1.0,0.0,-1.0,1.0,22.8,21.8,0.05448129028081894,0.07381147891283035,0.019330188632011414,0.013246978819370269,0.052911799401044846,0.03966482058167457,0.044220398366451266,0.08947785347700118,0.04525745511054992,0.04123431146144867,0.020899679511785507,-0.02033463194966316,0.010260891914367676,-0.01566637456417084,-0.025927266478538515,-31.727478,-1.0
5,517,39289,151.0,338.0,187.0,48.0,51.0,3.0,0.036277436,0.036277436,-8.456146,0.6159153,0.006579481,-0.006065339,0.003997797,-0.005836673,0.07330081,0.07709199,0.0037911832,0.14307995,0.062334947,-0.080745004,0.15349191,0.06777669,-0.08571523,0.15313464,0.074046314,-0.07908833,151.0,338.0,187.0,0.020063676,0.05634111,0.036277436,0.008851703,0.04875278,0.039901078,0.050504148,0.09284692,0.042342775,0.011211973,0.0075883307,-0.003623642,-0.030440472,-0.03650581,-0.006065339,-0.025973335,-0.031810008,-0.005836673,0.0,0.0,0.0,10,10,0,0,0,0,0.0,0.0,0.0,46.7,104.5,57.8,0.020063675940036774,0.05634111166000366,0.03627743571996689,0.008907309407368303,0.04923068210482597,0.04032337269745767,0.04790203310549259,0.08940004706382751,0.04149801395833492,0.011156366486102343,0.007110429555177688,-0.004045936930924655,-0.027838357165455817,-0.033058935403823854,-0.005220578238368037,-8.456146,0.0
5,518,39298,1.0,27.0,26.0,1.0,1.0,0.0,0.019484766,0.019484766,-53.21164,-2.0028515,-0.006550655,-0.03445288,-0.009251609,-0.03210552,0.75054836,0.77651733,0.025968969,0.6031902,0.41915494,-0.18403524,0.6426451,0.45465618,-0.18798894,0.6921333,0.55331624,-0.13881707,1.0,27.0,26.0,0.057929173,0.07741394,0.019484766,-0.0029655402,0.045812473,0.048778012,0.03823639,0.09217404,0.053937647,0.060894713,0.031601466,-0.029293247,0.019692782,-0.014760099,-0.03445288,0.021085277,-0.011020243,-0.03210552,1.0,0.0,-1.0,6,6,0,6,0,-6,1.0,0.0,-1.0,1.0,9.666666666666666,8.666666666666666,0.05792917311191559,0.07741393893957138,0.019484765827655792,-0.0020718558322793492,0.04697794777651628,0.04904980360879563,0.03632659154633681,0.08869239191214244,0.05236580036580563,0.06000102870166302,0.030435991163055103,-0.029565037538607914,0.021602581565578777,-0.011278452972571055,-0.032881034538149834,-53.21164,-1.0
5,519,39369,1.0,36.0,35.0,1.0,1.0,0.0,0.02766132,0.02766132,-76.99869,-3.0705643,-0.0037148856,-0.027903486,-0.0054787733,-0.02448472,-0.044801872,-0.1619203,-0.11711842,0.13241205,0.08111105,-0.051300995,0.14137422,0.08585658,-0.055517636,0.13053676,0.07114865,-0.059388116,1.0,36.0,35.0,0.04789811,0.07555943,0.02766132,0.0052350513,0.04785422,0.04261917,0.040125206,0.09569001,0.055564806,0.04266306,0.027705211,-0.014957849,0.007772904,-0.020130582,-0.027903486,0.010331485,-0.014153235,-0.02448472,1.0,0.0,-1.0,7,7,0,7,0,-7,1.0,0.0,-1.0,1.0,12.0,11.0,0.04789811000227928,0.07555942982435226,0.027661319822072983,0.005186776364488261,0.048061806176389964,0.0428750298119017,0.036858679460627694,0.08838214405945369,0.051523464598825994,0.04271133350474494,0.027497623647962297,-0.01521370985678264,0.01103943054165159,-0.012822714235101427,-0.023862144776753018,-76.99869,-1.0
5,520,39402,1.0,154.0,153.0,3.0,4.0,1.0,0.0169583,0.0169583,-54.08853,-1.9955902,0.002289772,-0.03208297,0.0004698448,-0.032659635,0.04272347,0.0075681405,-0.03515533,-0.05490237,-0.041396484,0.013505887,-0.07417718,-0.06337911,0.010798074,-0.063806616,-0.058328427,0.0054781884,1.0,154.0,153.0,0.042837113,0.059795413,0.0169583,0.00057596003,0.043820616,0.043244656,0.04111299,0.09015426,0.04904127,0.042261153,0.015974797,-0.026286356,0.001724124,-0.030358847,-0.03208297,0.0056097023,-0.027049933,-0.032659635,1.0,0.0,-1.0,7,7,0,7,0,-7,1.0,0.0,-1.0,1.0,45.57142857142857,44.57142857142857,0.04283711314201355,0.05979541316628456,0.01695830002427101,0.00012792160019411573,0.04349357368690627,0.043365652086712156,0.03641096263059548,0.08675194212368556,0.050340979493090084,0.04270919199500765,0.016301839479378293,-0.02640735251562936,0.0064261505114180705,-0.026956528957401003,-0.03338267946881907,-54.08853,-1.0
5,521,39509,1.0,223.0,222.0,1.0,1.0,0.0,0.015968602,0.015968602,-49.25476,-1.4859123,-0.005045574,-0.031002112,-0.009284768,-0.030166686,0.5247919,0.43805143,-0.086740464,0.14156772,-0.04885401,-0.19042173,0.1300807,-0.06162532,-0.19170602,0.18501936,-0.009336222,-0.19435558,1.0,223.0,222.0,0.046047553,0.062016156,0.015968602,0.0102277035,0.049728163,0.03950046,0.045861628,0.09283234,0.046970714,0.03581985,0.012287993,-0.023531858,0.00018592551,-0.030816186,-0.031002112,0.0043493025,-0.025817383,-0.030166686,1.0,0.0,-1.0,9,9,0,9,0,-9,1.0,0.0,-1.0,1.0,68.44444444444444,67.44444444444444,0.046047553420066833,0.06201615557074547,0.015968602150678635,0.010240128367311425,0.04991945748527845,0.039679329117967024,0.041667408827278346,0.08888493561082417,0.04721752678354582,0.03580742453535398,0.01209669808546702,-0.023710726449886962,0.004380144592788484,-0.026868780040078692,-0.031248924632867176,-49.25476,-1.0
5,522,39547,1.0,251.0,250.0,6.0,5.0,-1.0,0.017293002,0.017293002,-46.27594,-1.7360287,0.0021441244,-0.040803444,0.0012864694,-0.036251884,-0.29856595,-0.23366411,0.06490184,-0.38468418,-0.34410554,0.040578634,-0.42291743,-0.3753091,0.047608316,-0.4370877,-0.37994185,0.057145864,1.0,251.0,250.0,0.04386148,0.06115448,0.017293002,0.006032304,0.049736172,0.04370387,0.04162194,0.099718384,0.058096446,0.037829176,0.011418309,-0.026410867,0.0022395402,-0.038563903,-0.040803444,0.0045926496,-0.031659234,-0.036251884,1.0,0.0,-1.0,9,9,0,9,0,-9,1.0,0.0,-1.0,1.0,76.77777777777777,75.77777777777777,0.04386147856712341,0.061154481023550034,0.01729300245642662,0.005947696252001656,0.04983662275804414,0.04388892650604248,0.0386931627160973,0.09232805089818107,0.05363488818208376,0.037913782315121755,0.011317858265505897,-0.02659592404961586,0.005168315851026111,-0.031173569874631032,-0.03634188572565714,-46.27594,-1.0
5,523,39553,1.0,31.0,30.0,2.0,5.0,3.0,0.02501363,0.02501363,-37.3584,-0.9129219,-0.00076240674,-0.028346527,-0.003584683,-0.027224042,0.17633478,0.32154095,0.14520617,0.120874725,0.16939516,0.04852044,0.15637733,0.16412863,0.007751301,0.17220412,0.20282985,0.03062573,1.0,31.0,30.0,0.057505894,0.082519524,0.02501363,0.01099882,0.050718505,0.039719686,0.04598183,0.09934199,0.053360157,0.046507075,0.03180102,-0.014706057,0.011524063,-0.016822465,-0.028346527,0.013546236,-0.013677806,-0.027224042,1.0,0.0,-1.0,10,10,0,10,0,-10,1.0,0.0,-1.0,1.0,10.4,9.4,0.05750589445233345,0.0825195237994194,0.025013629347085953,0.010998662188649177,0.05113324150443077,0.04013457931578159,0.04316436052322388,0.09589254036545754,0.05272817984223366,0.04650723189115524,0.03138628229498863,-0.01512094959616661,0.014341533929109574,-0.013373016566038131,-0.027714550495147705,-37.3584,-1.0
5,524,39841,1.0,2.0,1.0,2.0,2.0,0.0,0.048088625,0.048088625,-38.937958,-0.9024601,0.0008615926,-0.010018811,-0.001323957,-0.0054148287,0.18603575,0.18939705,0.0033612996,0.06482187,0.0021956968,-0.062626176,0.034303073,-0.009209723,-0.043512795,0.051949054,0.018484464,-0.03346459,1.0,2.0,1.0,0.0518066,0.099895224,0.048088625,0.0066074613,0.049354065,0.042746603,0.049611874,0.10771931,0.058107436,0.045199137,0.05054116,0.0053420216,0.002194725,-0.007824086,-0.010018811,0.0065667257,0.001151897,-0.0054148287,1.0,0.0,-1.0,8,8,0,8,8,0,1.0,1.0,0.0,1.0,1.0,0.0,0.05180659890174866,0.09989522397518158,0.04808862507343292,0.006888082891236991,0.04974548425525427,0.04285740136401728,0.043486746959388256,0.0967770628631115,0.05329031590372324,0.04491851571947336,0.05014973971992731,0.005231224000453949,0.008319851942360401,0.0031181611120700836,-0.0052016908302903175,-38.937958,0.0
5,525,39997,1.0,27.0,26.0,1.0,1.0,0.0,0.032486793,0.032486793,-85.849945,-3.3214111,-4.538521e-05,-0.022307098,-0.0021786839,-0.01913093,0.42429435,0.40858325,-0.015711099,0.41802678,0.39065582,-0.02737096,0.4166019,0.3896131,-0.026988804,0.43744978,0.41582423,-0.021625549,1.0,27.0,26.0,0.048954953,0.081441745,0.032486793,0.0031178768,0.04917291,0.046055034,0.04452617,0.09932006,0.05479389,0.045837075,0.032268833,-0.013568241,0.0044287816,-0.017878316,-0.022307098,0.006736651,-0.012394279,-0.01913093,1.0,0.0,-1.0,10,10,0,10,0,-10,1.0,0.0,-1.0,1.0,7.4,6.4,0.048954952508211136,0.08144174516201019,0.03248679265379906,0.0029289888218045233,0.048944541811943056,0.046015552990138535,0.04063096083700657,0.09379484727978707,0.0531638864427805,0.0460259635001421,0.03249720335006714,-0.01352876015007496,0.008323991671204567,-0.012353102117776871,-0.020677093788981436,-85.849945,-1.0
5,526,40153,1.0,106.0,105.0,1.0,1.0,0.0,0.014113683,0.014113683,-72.00864,-2.723629,-0.0039742775,-0.030680407,-0.004945144,-0.030399922,0.32731107,0.33522657,0.007915497,-0.023793831,-0.09273139,-0.068937555,0.002146299,-0.086227715,-0.08837401,0.043235272,-0.044441298,-0.08767657,1.0,106.0,105.0,0.05445603,0.06856971,0.014113683,0.003703635,0.04768212,0.043978486,0.053290263,0.09808435,0.04479409,0.050752394,0.020887591,-0.029864803,0.0011657663,-0.02951464,-0.030680407,0.004146781,-0.026253141,-0.030399922,1.0,0.0,-1.0,11,11,0,11,0,-11,1.0,0.0,-1.0,1.0,32.18181818181818,31.18181818181818,0.05445602908730507,0.06856971234083176,0.014113683253526688,0.003945970950140195,0.04795464466918598,0.044008673719045786,0.05124697969718413,0.0939472798596729,0.04270030016248877,0.050510058348829094,0.02061506767164577,-0.029894990677183323,0.0032090493901209397,-0.025377567518841137,-0.028586616908962078,-72.00864,-1.0
5,527,40235,6.0,115.0,109.0,4.0,14.0,10.0,0.02947319,0.02947319,-63.944366,-2.2087994,0.0006266013,-0.020369206,-0.0022209026,-0.01606699,0.20152345,0.11220846,-0.08931499,0.21081398,0.20474252,-0.006071463,0.21375243,0.21408041,0.00032797456,0.23410745,0.22587621,-0.0082312375,6.0,115.0,109.0,0.035756502,0.06522969,0.02947319,0.0056235306,0.046904676,0.041281145,0.044324934,0.09416733,0.049842395,0.030132972,0.018325016,-0.011807956,-0.008568432,-0.028937638,-0.020369206,-0.005462967,-0.021529958,-0.01606699,0.0,0.0,0.0,8,8,0,0,0,0,0.0,0.0,0.0,3.25,37.875,34.625,0.03575650230050087,0.06522969156503677,0.029473189264535904,0.00584186747437343,0.047163721174001694,0.041321853699628264,0.042576879262924194,0.0882388399913907,0.04566196072846651,0.029914635233581066,0.01806597039103508,-0.011848664842545986,-0.006820376962423325,-0.02300914842635393,-0.016188771463930607,-63.944366,0.0
5,528,40423,1.0,636.0,635.0,1.0,1.0,0.0,-0.0021811724,-0.0021811724,-60.351746,-2.0246983,-0.0062438175,-0.054516703,-0.0071650706,-0.053874314,0.20729809,0.1971232,-0.010174885,0.025551183,0.20755821,0.18200703,0.045659404,0.2438322,0.1981728,0.07782134,0.24618508,0.16836375,1.0,636.0,635.0,0.046826184,0.04464501,-0.0021811724,0.004862621,0.049151678,0.044289056,0.04000605,0.09234158,0.05233553,0.041963562,-0.004506666,-0.04647023,0.006820135,-0.047696568,-0.054516703,0.011065878,-0.042808436,-0.053874314,1.0,0.0,-1.0,10,10,0,10,0,-10,1.0,0.0,-1.0,1.0,194.5,193.5,0.046826183795928955,0.04464501142501831,-0.0021811723709106445,0.005008020903915167,0.04939531460404396,0.044387293700128796,0.03722849972546101,0.08896903023123741,0.0517405305057764,0.04181816354393959,-0.00475030317902565,-0.046568466722965246,0.00959768407046795,-0.0443240188062191,-0.053921702876687044,-60.351746,-1.0
5,529,40548,2.0,201.0,199.0,1.0,1.0,0.0,0.00875634,0.00875634,-70.01535,-2.453064,-0.0035057701,-0.030646432,-0.008675121,-0.03626325,0.23964576,0.20124915,-0.03839661,0.18703808,0.30813816,0.12110008,0.1974807,0.30821443,0.11073373,0.21940947,0.31807533,0.09866586,2.0,201.0,199.0,0.05008773,0.05884407,0.00875634,0.009534536,0.04690709,0.03737255,0.051103327,0.0905061,0.03940277,0.040553197,0.011936981,-0.028616216,-0.0010155961,-0.03166203,-0.030646432,0.0089123435,-0.027350906,-0.03626325,0.0,0.0,0.0,8,8,0,7,0,-7,0.875,0.0,-0.875,1.125,62.75,61.625,0.05008773133158684,0.05884407088160515,0.00875633955001831,0.009708129800856113,0.047079558949917555,0.03737142914906144,0.038893692661076784,0.08612603414803743,0.04723234148696065,0.040379601530730724,0.011764511931687593,-0.02861508959904313,0.011194038670510054,-0.027281963266432285,-0.03847600193694234,-70.01535,-0.875
5,530,40575,1.0,5.0,4.0,1.0,1.0,0.0,0.028716557,0.028716557,-76.70294,-3.3332138,-0.003434889,-0.028544527,-0.0048710257,-0.023811385,0.5554314,0.5736887,0.01825726,0.34412113,0.44862023,0.1044991,0.3520248,0.50075847,0.14873368,0.42179868,0.55948365,0.13768497,1.0,5.0,4.0,0.054899074,0.08361563,0.028716557,-0.0020894716,0.042582676,0.044672146,0.035794865,0.09305595,0.057261083,0.056988545,0.041032955,-0.01595559,0.019104209,-0.009440318,-0.028544527,0.020417303,-0.0033940822,-0.023811385,1.0,0.0,-1.0,9,9,0,9,1,-8,1.0,0.1111111111111111,-0.8888888888888888,1.0,2.2222222222222223,1.2222222222222223,0.054899074137210846,0.08361563086509705,0.0287165567278862,-0.0017833285965025425,0.043219371802277036,0.04500270039877958,0.03360450350575977,0.08851186848349041,0.05490736497773064,0.056682402475012675,0.04039625906282001,-0.016286143412192665,0.021294570631451078,-0.004896237618393368,-0.026190808249844447,-76.70294,-0.8888888888888888
5,531,40721,7.0,344.0,337.0,2.0,1.0,-1.0,0.016779613,0.016779613,-67.8526,-1.9854202,0.011956267,-0.024541672,0.006422106,-0.026312988,0.21704419,0.09587976,-0.121164426,0.06631915,0.47549126,0.40917212,0.020800909,0.45671907,0.43591815,0.07257228,0.43891057,0.36633828,7.0,344.0,337.0,0.03657312,0.053352732,0.016779613,0.0043627187,0.04806223,0.043699514,0.047778852,0.08910014,0.041321285,0.032210402,0.005290501,-0.026919901,-0.011205733,-0.035747405,-0.024541672,-0.007225983,-0.03353897,-0.026312988,0.0,0.0,0.0,8,8,0,2,0,-2,0.25,0.0,-0.25,2.75,103.0,100.25,0.03657311946153641,0.053352732211351395,0.016779612749814987,0.004253136750776321,0.04814538126811385,0.04389224451733753,0.04401503084227443,0.08779534418135881,0.04378031333908439,0.032319982536137104,0.005207350943237543,-0.02711263159289956,-0.00744191138073802,-0.03444261197000742,-0.0270007005892694,-67.8526,-0.25
5,532,40770,1.0,36.0,35.0,1.0,2.0,1.0,0.027238522,0.027238522,-51.845062,-1.570797,-0.0055083334,-0.022348255,-0.007511463,-0.020909894,0.7706742,0.6508335,-0.11984074,0.5945833,0.62736297,0.032779694,0.6159668,0.6437484,0.027781606,0.6621429,0.6677728,0.0056299567,1.0,36.0,35.0,0.046807263,0.074045785,0.027238522,0.0050829556,0.047443677,0.042360723,0.03979798,0.08938476,0.049586777,0.04172431,0.026602108,-0.015122201,0.0070092827,-0.015338972,-0.022348255,0.009400789,-0.011509106,-0.020909894,1.0,0.0,-1.0,12,12,0,12,0,-12,1.0,0.0,-1.0,1.0,11.166666666666666,10.166666666666666,0.04680726304650307,0.07404578477144241,0.027238521724939346,0.005048948689363897,0.04759869476159414,0.04254974607223024,0.03678798240919908,0.08690733276307583,0.05011935035387675,0.04175831408550342,0.026447090009848278,-0.015311224075655144,0.010019280637303988,-0.012861547991633415,-0.0228808286289374,-51.845062,-1.0
5,533,40840,4.0,321.0,317.0,1.0,2.0,1.0,0.018380962,0.018380962,-54.17804,-1.6648521,-0.0053783543,-0.031582613,-0.0056280866,-0.032427628,0.31824625,0.32006025,0.0018140078,0.22319542,0.2625208,0.03932537,0.23423518,0.29521883,0.060983643,0.25367084,0.31120405,0.057533205,4.0,321.0,317.0,0.039936345,0.058317307,0.018380962,0.0065272506,0.051088005,0.044560753,0.04284173,0.0928053,0.049963575,0.033409096,0.007229302,-0.026179794,-0.0029053837,-0.034487996,-0.031582613,-0.0006127879,-0.033040415,-0.032427628,0.0,0.0,0.0,13,13,0,4,0,-4,0.3076923076923077,0.0,-0.3076923076923077,2.076923076923077,99.46153846153847,97.38461538461539,0.03993634507060051,0.05831730738282204,0.018380962312221527,0.006846294953272893,0.05130945432644624,0.04446315937317335,0.04117996102342239,0.09149276579801853,0.05031280477459614,0.033090050117327616,0.007007853056375797,-0.026082197060951818,-0.0012436159528218783,-0.03317545841519649,-0.03193184246237461,-54.17804,-0.3076923076923077
5,534,40846,1.0,56.0,55.0,1.0,1.0,0.0,0.019862566,0.019862566,-52.29071,-1.4839039,-0.004868347,-0.040152837,-0.0072208866,-0.034281757,0.48662496,0.46185634,-0.02476862,0.45437536,0.055944614,-0.39843073,0.4712771,0.076176845,-0.39510024,0.4905609,0.12741739,-0.3631435,1.0,56.0,55.0,0.055517998,0.075380564,0.019862566,0.0074994783,0.0494971,0.041997623,0.04497061,0.10498601,0.060015403,0.04801852,0.025883462,-0.022135057,0.010547388,-0.029605448,-0.040152837,0.013491642,-0.020790115,-0.034281757,1.0,0.0,-1.0,8,8,0,8,0,-8,1.0,0.0,-1.0,1.0,17.875,16.875,0.05551799759268761,0.07538056373596191,0.019862566143274307,0.007157169980928302,0.04931985726580024,0.042162687284871936,0.04217420518398285,0.09851667657494545,0.0563424713909626,0.04836082737892866,0.026060706470161676,-0.022300120908766985,0.013343792408704758,-0.023136112838983536,-0.03647990524768829,-52.29071,-1.0
5,535,40909,1.0,95.0,94.0,1.0,1.0,0.0,0.019128185,0.019128185,-48.061676,-1.6411133,0.0037970282,-0.024721745,-0.0014393553,-0.027367808,0.1402607,0.1821923,0.0419316,0.10202652,0.2586584,0.15663189,0.08198967,0.24769709,0.16570741,0.09289895,0.2583022,0.16540326,1.0,95.0,94.0,0.04872043,0.067848615,0.019128185,0.0037033656,0.047435723,0.043732356,0.0404827,0.08433263,0.04384993,0.045017064,0.020412892,-0.024604172,0.008237731,-0.016484015,-0.024721745,0.011435695,-0.015932113,-0.027367808,1.0,0.0,-1.0,13,13,0,13,0,-13,1.0,0.0,-1.0,1.0,30.53846153846154,29.53846153846154,0.048720430582761765,0.06784861534833908,0.019128184765577316,0.00399438555065829,0.047958492659605466,0.04396410710894717,0.03779694896477919,0.08315077595985852,0.04535382699507933,0.04472604537239441,0.019890122688733615,-0.024835922683660798,0.01092348161798257,-0.015302160611519447,-0.026225642229502015,-48.061676,-1.0
5,536,40920,1.0,253.0,252.0,2.0,9.0,7.0,0.012179092,0.012179092,-44.94925,-1.8944225,0.0032375492,-0.034077,-0.0045028143,-0.035063684,0.13151741,0.16955195,0.038034543,-0.16435626,-0.16530466,-0.0009483993,-0.18455112,-0.17452279,0.0100283325,-0.15415472,-0.13196461,0.022190109,1.0,253.0,252.0,0.044555143,0.056734234,0.012179092,-0.0003600722,0.04508663,0.0454467,0.04269937,0.08895546,0.04625609,0.044915214,0.011647604,-0.03326761,0.001855772,-0.032221228,-0.034077,0.0048186406,-0.030245043,-0.035063684,1.0,0.0,-1.0,5,5,0,5,0,-5,1.0,0.0,-1.0,1.0,77.6,76.6,0.044555142521858215,0.05673423409461975,0.012179091572761536,5.9120284277014434e-05,0.045393025130033494,0.04533390484575648,0.03904273360967636,0.08403360396623612,0.044990870356559756,0.04449602290987968,0.011341208964586258,-0.033154813945293425,0.005512408912181854,-0.027299369871616363,-0.03281177878379822,-44.94925,-1.0
5,537,40924,1.0,44.0,43.0,1.0,1.0,0.0,0.03278588,0.03278588,-15.994843,0.15857315,-0.005527932,-0.018350147,-0.006651584,-0.018899351,0.45832735,0.4659411,0.0076137483,0.39920068,0.4282779,0.029077232,0.41453862,0.44411018,0.029571563,0.42854276,0.4548892,0.026346445,1.0,44.0,43.0,0.045973863,0.078759745,0.03278588,0.014202238,0.05255825,0.038356014,0.045260113,0.09639614,0.051136028,0.031771626,0.026201494,-0.0055701323,0.0007137507,-0.017636396,-0.018350147,0.0032154322,-0.01568392,-0.018899351,1.0,0.0,-1.0,7,7,0,7,0,-7,1.0,0.0,-1.0,1.0,15.428571428571429,14.428571428571429,0.04597386345267296,0.07875974476337433,0.03278588131070137,0.014610493688711099,0.05320422670670918,0.03859373301799808,0.04289898329547474,0.09430343231984548,0.05140444902437074,0.03136336963091578,0.025555518056665148,-0.0058078515742506324,0.003074880157198225,-0.015543687556471144,-0.01861856771366937,-15.994843,-1.0
5,538,40935,17.0,129.0,112.0,36.0,15.0,-21.0,0.036687322,0.036687322,-57.97281,-2.1819344,0.014103301,-0.02031491,0.008469846,-0.01987249,0.32898095,0.3102061,-0.018774867,0.29537892,0.34944054,0.05406162,0.31634882,0.3788186,0.06246978,0.33545804,0.38379395,0.04833591,17.0,129.0,112.0,0.028388157,0.06507548,0.036687322,0.00067085674,0.046777166,0.04610631,0.03838349,0.09538572,0.05700223,0.027717302,0.018298313,-0.009418989,-0.009995334,-0.030310243,-0.02031491,-0.008246619,-0.02811911,-0.01987249,0.0,0.0,0.0,11,11,0,0,0,0,0.0,0.0,0.0,6.0,42.63636363636363,36.63636363636363,0.02838815748691559,0.06507547944784164,0.036687321960926056,0.0009150664660740982,0.04722614281556823,0.046311076349494135,0.037245943465016106,0.09447243741967461,0.0572264939546585,0.027473090893842957,0.017849336632273415,-0.009623754261569542,-0.008857785978100517,-0.02939695797183297,-0.020539171993732452,-57.97281,0.0
5,539,40979,17.0,482.0,465.0,5.0,3.0,-2.0,0.018656448,0.018656448,-44.80713,-1.2314396,0.003099002,-0.024712332,0.0026683994,-0.0288941,0.1325612,0.29345438,0.16089317,0.15562712,0.16700318,0.011376068,0.18239416,0.17942178,-0.0029723793,0.17992063,0.19944008,0.019519448,17.0,482.0,465.0,0.031041343,0.04969779,0.018656448,0.004010179,0.048920315,0.044910137,0.047761112,0.09112989,0.04336878,0.027031165,0.00077747554,-0.02625369,-0.01671977,-0.0414321,-0.024712332,-0.0097776055,-0.038671706,-0.0288941,0.0,0.0,0.0,8,8,0,0,0,0,0.0,0.0,0.0,5.375,146.75,141.375,0.03104134276509285,0.049697790294885635,0.018656447529792786,0.004074223368661478,0.04941149475052953,0.04533727138186805,0.04298724187538028,0.08855999168008566,0.04557274980470538,0.026967119425535202,0.0002862955443561077,-0.026680823881179094,-0.011945899110287428,-0.038862201385200024,-0.026916302274912596,-44.80713,0.0
5,540,41056,1.0,34.0,33.0,3.0,1.0,-2.0,0.023920022,0.023920022,-95.58023,-3.6439362,0.0028576255,-0.020251717,-0.0008844845,-0.024126716,0.13494201,0.15551944,0.02057743,0.2876367,0.2884687,0.00083199143,0.30060142,0.28528643,-0.015314996,0.30411482,0.2908525,-0.0132623315,1.0,34.0,33.0,0.047886103,0.071806125,0.023920022,0.00070349005,0.043293875,0.042590383,0.046085995,0.090257734,0.04417174,0.047182612,0.02851225,-0.018670361,0.0018001087,-0.018451609,-0.020251717,0.008705117,-0.015421599,-0.024126716,1.0,0.0,-1.0,8,8,0,8,0,-8,1.0,0.0,-1.0,1.0,11.75,10.75,0.04788610339164734,0.07180612534284592,0.023920021951198578,0.000778104848905059,0.04367575328797102,0.04289764843906596,0.03799097775481641,0.08347465004771948,0.045483672292903066,0.04710799874737859,0.028130372054874897,-0.01897762669250369,0.009895125636830926,-0.011668524704873562,-0.021563650341704488,-95.58023,-1.0
5,541,41097,1.0,7.0,6.0,1.0,1.0,0.0,0.03811028,0.03811028,-58.250732,-1.3950729,-0.00631506,-0.009779997,-0.006442394,-0.010933761,0.0618377,0.15470079,0.09286308,0.10488522,-0.050139535,-0.15502475,0.080960676,-0.09214435,-0.17310503,0.09085237,-0.05048333,-0.1413357,1.0,7.0,6.0,0.0513748,0.08948508,0.03811028,0.012072555,0.052276388,0.040203832,0.046026208,0.09391648,0.047890276,0.039302245,0.03720869,-0.0020935535,0.005348593,-0.004431404,-0.009779997,0.0079337545,-0.003000006,-0.010933761,1.0,0.0,-1.0,3,3,0,3,0,-3,1.0,0.0,-1.0,1.0,3.3333333333333335,2.3333333333333335,0.05137480050325394,0.08948507905006409,0.03811027854681015,0.012269967856506506,0.05213448777794838,0.039864519921441875,0.04602620750665665,0.09340869635343552,0.04738248884677887,0.039104832957188286,0.03735059127211571,-0.0017542416850725787,0.00534859299659729,-0.0039236173033714294,-0.00927221029996872,-58.250732,-1.0
5,542,41116,19.0,326.0,307.0,18.0,5.0,-13.0,0.024097921,0.024097921,-70.881744,-2.5800457,0.013785703,-0.029377224,0.010411056,-0.029008811,0.2940643,0.19392481,-0.1001395,-0.06756177,-0.033781335,0.033780433,-0.087386526,-0.072397515,0.014989011,-0.060314383,-0.04835911,0.011955272,19.0,326.0,307.0,0.030868703,0.054966625,0.024097921,0.0019343968,0.046770856,0.044836458,0.04604986,0.099525005,0.053475145,0.028934307,0.008195769,-0.020738538,-0.015181156,-0.04455838,-0.029377224,-0.007507382,-0.036516193,-0.029008811,0.0,0.0,0.0,7,7,0,0,0,0,0.0,0.0,0.0,5.857142857142857,101.57142857142857,95.71428571428571,0.03086870349943638,0.054966624826192856,0.024097921326756477,0.002407580414520843,0.04714316502213478,0.04473558460761394,0.03963923028537205,0.09250061213970184,0.05286138185432979,0.02846112315143858,0.007823459804058075,-0.020637663347380503,-0.008770526785935675,-0.03753398731350899,-0.028763460527573313,-70.881744,0.0
5,543,41137,1.0,6.0,5.0,1.0,1.0,0.0,0.03019537,0.03019537,-64.86871,-2.8249874,0.0023922026,-0.01994649,-0.0014696941,-0.022959553,0.51968503,0.62738705,0.10770202,0.4148667,0.29614317,-0.11872351,0.42973128,0.31554392,-0.11418736,0.46189845,0.37821737,-0.08368108,1.0,6.0,5.0,0.05709301,0.08728838,0.03019537,0.0058448515,0.047498077,0.041653227,0.04266071,0.09280257,0.05014186,0.05124816,0.039790303,-0.011457857,0.0144323,-0.0055141896,-0.01994649,0.020835929,-0.002123624,-0.022959553,1.0,0.0,-1.0,10,10,0,10,4,-6,1.0,0.4,-0.6,1.0,2.1,1.1,0.05709300935268402,0.08728837966918945,0.030195370316505432,0.00614159693941474,0.04796675704419613,0.04182516010478139,0.036146197095513345,0.08863439187407493,0.052488194778561585,0.05095141232013702,0.03932162262499332,-0.011629789695143701,0.020946812257170676,-0.0013460122048854829,-0.02229282446205616,-64.86871,-0.6
5,544,41162,3.0,272.0,269.0,11.0,2.0,-9.0,0.01687013,0.01687013,-47.04419,-1.90699,0.012787741,-0.028618168,0.008696251,-0.032154873,0.39021957,0.34979734,-0.04042223,0.47318268,0.43733278,-0.0358499,0.45699328,0.45316902,-0.0038242638,0.4727815,0.4672422,-0.005539298,3.0,272.0,269.0,0.034665484,0.051535614,0.01687013,-0.0098886555,0.042773988,0.052662645,0.036610216,0.082098514,0.045488298,0.04455414,0.008761626,-0.035792515,-0.0019447319,-0.0305629,-0.028618168,0.0027139038,-0.02944097,-0.032154873,0.0,0.0,0.0,8,8,0,5,0,-5,0.625,0.0,-0.625,1.375,80.75,79.375,0.034665483981370926,0.05153561383485794,0.016870129853487015,-0.009818619000725448,0.04291563620790839,0.05273425520863384,0.03205356211401522,0.08114434313029051,0.04909078101627529,0.044484103098511696,0.008619977626949549,-0.03586412547156215,0.0026119218673557043,-0.029608729295432568,-0.03222065116278827,-47.04419,-0.625
5,545,41482,10.0,68.0,58.0,53.0,34.0,-19.0,0.04370917,0.04370917,-11.968414,0.2181282,0.012799498,-0.008993894,0.0066826865,-0.014749598,0.29727426,0.31144205,0.014167786,0.21979402,0.23531435,0.015520334,0.24378069,0.26170456,0.017923877,0.26077774,0.27997068,0.019192934,10.0,68.0,58.0,0.028411988,0.07212116,0.04370917,-0.0013067416,0.04689164,0.048198383,0.04008813,0.09279119,0.052703064,0.02971873,0.025229517,-0.004489213,-0.01167614,-0.020670034,-0.008993894,-0.0054245926,-0.02017419,-0.014749598,0.0,0.0,0.0,10,10,0,1,0,-1,0.1,0.0,-0.1,3.7,22.2,18.5,0.02841198816895485,0.07212115824222565,0.0437091700732708,-0.0009296985634136945,0.047270702198147774,0.04820040076156147,0.03473173305392265,0.09165929555892945,0.056927562505006794,0.029341686703264713,0.024850456044077873,-0.004491230659186839,-0.006319744884967804,-0.019538137316703796,-0.013218392431735991,-11.968414,-0.1
5,546,41566,40.0,278.0,238.0,25.0,5.0,-20.0,0.03175625,0.03175625,-26.900574,-0.4669342,0.0060099065,-0.031064238,0.0065239295,-0.027415428,0.5334618,0.4596906,-0.07377121,0.2976187,0.32127753,0.023658842,0.28804117,0.31163865,0.023597479,0.3302769,0.34934187,0.019064963,40.0,278.0,238.0,0.025427714,0.057183962,0.03175625,0.0019067427,0.04692536,0.045018617,0.04079721,0.1036177,0.06282049,0.02352097,0.010258604,-0.013262367,-0.015369497,-0.046433736,-0.031064238,-0.011811972,-0.0392274,-0.027415428,0.0,0.0,0.0,6,6,0,0,0,0,0.0,0.0,0.0,12.666666666666666,81.16666666666667,68.5,0.025427713990211487,0.05718396231532097,0.03175624832510948,0.0017398161095722269,0.04663501617809137,0.044895200068519145,0.03765114645163218,0.09700864180922508,0.0593574953575929,0.02368789818137884,0.010548946137229601,-0.01313895204414924,-0.012223432461420694,-0.039824679493904114,-0.02760124703248342,-26.900574,0.0
5,547,41574,1.0,248.0,247.0,1.0,2.0,1.0,0.007454749,0.007454749,-15.087433,0.20965958,-0.0050767437,-0.049110156,-0.0034625903,-0.049031418,0.5036124,0.58768266,0.084070265,0.3237489,0.22246194,-0.10128695,0.31091163,0.22175713,-0.0891545,0.35840487,0.28767142,-0.07073346,1.0,248.0,247.0,0.051552456,0.059007205,0.007454749,0.006813437,0.04865758,0.041844144,0.040042207,0.09660711,0.056564905,0.04473902,0.010349624,-0.034389395,0.011510249,-0.037599906,-0.049110156,0.013573948,-0.03545747,-0.049031418,1.0,0.0,-1.0,8,8,0,8,0,-8,1.0,0.0,-1.0,1.0,79.5,78.5,0.05155245587229729,0.059007205069065094,0.007454749196767807,0.006699423480313271,0.04893151763826609,0.042232094157952815,0.038585332687944174,0.09475158341228962,0.056166250724345446,0.044853032566607,0.010075687430799007,-0.03477734513580799,0.012967123184353113,-0.035744378343224525,-0.04871150152757764,-15.087433,-1.0
5,548,41623,5.0,438.0,433.0,2.0,4.0,2.0,0.017382966,0.017382966,-27.455475,-0.42827034,0.001025198,-0.03604892,-0.0019716546,-0.03571914,-0.038787503,-0.046576586,-0.007789083,0.016410444,-0.06359562,-0.08000606,0.024390787,-0.055373892,-0.07976468,0.019828338,-0.056700733,-0.07652907,5.0,438.0,433.0,0.030831056,0.048214022,0.017382966,9.428262e-05,0.04610768,0.046013396,0.033838637,0.08727052,0.053431883,0.030736772,0.0021063425,-0.02863043,-0.0030075815,-0.0390565,-0.03604892,-0.00094075315,-0.036659893,-0.03571914,0.0,0.0,0.0,9,9,0,3,0,-3,0.3333333333333333,0.0,-0.3333333333333333,1.8888888888888888,134.55555555555554,132.66666666666666,0.030831055715680122,0.04821402207016945,0.017382966354489326,0.00015856073393175998,0.04636633520325025,0.046207774469318494,0.030882013961672783,0.08446480085452397,0.05358278689285119,0.030672494942943256,0.0018476868669191997,-0.028824808076024055,-5.095824599266052e-05,-0.03625077878435453,-0.03619982053836187,-27.455475,-0.3333333333333333
5,549,41653,2.0,81.0,79.0,1.0,1.0,0.0,0.031101868,0.031101868,-58.50659,-1.8624516,0.0004755892,-0.017897986,-3.4853816e-05,-0.018700216,0.7990459,0.7643701,-0.034675837,0.6524755,0.5731303,-0.07934517,0.67695665,0.59191,-0.08504665,0.7189406,0.6393423,-0.07959831,2.0,81.0,79.0,0.0398933,0.07099517,0.031101868,0.009353585,0.05103801,0.041684423,0.04018794,0.08918779,0.048999853,0.030539714,0.019957159,-0.010582555,-0.00029464066,-0.018192627,-0.017897986,0.0030564405,-0.015643775,-0.018700216,0.0,0.0,0.0,7,7,0,4,0,-4,0.5714285714285714,0.0,-0.5714285714285714,1.4285714285714286,26.285714285714285,24.857142857142858,0.03989329934120178,0.07099516689777374,0.03110186755657196,0.009358163656932967,0.05120729122843061,0.04184912757149764,0.03797716328075954,0.08692183345556259,0.04894467017480305,0.030535135684268817,0.01978787566934313,-0.010747260014925687,0.0019161360604422434,-0.01592666655778885,-0.017842802618231093,-58.50659,-0.5714285714285714
5,550,41710,2.0,36.0,34.0,1.0,1.0,0.0,0.030645944,0.030645944,-61.12918,-2.655634,-0.00029851124,-0.020536892,-0.0009528883,-0.021532543,0.14417416,-0.04489313,-0.18906729,-0.1314638,0.078093566,0.20955735,-0.14370705,0.07861507,0.22232212,-0.13062939,0.07291389,0.20354328,2.0,36.0,34.0,0.042777218,0.07342316,0.030645944,0.0013922462,0.045204554,0.04381231,0.04456138,0.095744215,0.051182836,0.041384973,0.028218608,-0.013166364,-0.0017841607,-0.022321053,-0.020536892,0.0045362115,-0.016996332,-0.021532543,0.0,0.0,0.0,12,12,0,8,0,-8,0.6666666666666666,0.0,-0.6666666666666666,1.3333333333333333,10.833333333333334,9.5,0.04277721792459488,0.07342316210269928,0.0306459441781044,0.0015014600053670317,0.04539633573343357,0.04389487572806654,0.039854819575945534,0.08938607014715672,0.04953125057121118,0.0412757582962513,0.028026826369265716,-0.01324893192698558,0.002922398348649343,-0.015962908044457436,-0.018885306393106777,-61.12918,-0.6666666666666666
5,551,41778,4.0,303.0,299.0,13.0,9.0,-4.0,0.016743056,0.016743056,-56.286316,-2.1453228,0.004242301,-0.04680298,0.003104806,-0.038379483,-0.15705301,-0.14574179,0.011311218,-0.056960568,-0.06250415,-0.005543582,-0.05583964,-0.05743205,-0.0015924126,-0.07166201,-0.0722268,-0.00056479126,4.0,303.0,299.0,0.03761144,0.054354496,0.016743056,-0.0033060643,0.045173038,0.048479103,0.04193647,0.105482504,0.06354603,0.040917505,0.0091814585,-0.031736046,-0.0043250285,-0.051128007,-0.04680298,-0.0008700341,-0.039249517,-0.038379483,0.0,0.0,0.0,8,8,0,3,0,-3,0.375,0.0,-0.375,2.0,90.875,88.875,0.03761143982410431,0.05435449630022049,0.01674305647611618,-0.003370276652276516,0.04525025188922882,0.04862052854150534,0.03885071957483888,0.0927323754876852,0.05388165591284633,0.040981716476380825,0.009104244410991669,-0.031877472065389156,-0.0012392797507345676,-0.038377879187464714,-0.037138599436730146,-56.286316,-0.375
5,552,41814,1.0,84.0,83.0,1.0,1.0,0.0,0.0136439465,0.0136439465,-79.38254,-3.3377075,-0.0059781447,-0.033207767,-0.006655462,-0.033279337,0.30440247,0.45617718,0.1517747,0.1372511,0.2732002,0.13594912,0.15088987,0.3080668,0.15717691,0.18261287,0.34016326,0.1575504,1.0,84.0,83.0,0.050085757,0.0637297,0.0136439465,0.00033852155,0.044078454,0.043739934,0.04194315,0.088794865,0.046851713,0.049747236,0.019651249,-0.030095987,0.008142605,-0.025065161,-0.033207767,0.014168881,-0.019110456,-0.033279337,1.0,0.0,-1.0,10,10,0,10,0,-10,1.0,0.0,-1.0,1.0,26.6,25.6,0.05008575692772865,0.06372970342636108,0.013643946498632431,0.00028100182817070163,0.044229795411229136,0.043948793583058435,0.03893001340329647,0.08338367715477943,0.04445366375148296,0.0498047549277544,0.01949990801513195,-0.03030484691262245,0.011155743524432183,-0.01965397372841835,-0.030809717252850533,-79.38254,-1.0
5,553,41927,7.0,536.0,529.0,2.0,10.0,8.0,0.009788211,0.009788211,-87.18875,-2.6627483,-0.0030535497,-0.03678132,-0.004867047,-0.036722336,0.16499506,0.07824939,-0.08674567,0.13189636,0.074878246,-0.057018116,0.08693117,0.03457152,-0.052359648,0.10397106,0.04083635,-0.06313471,7.0,536.0,529.0,0.039908845,0.049697056,0.009788211,0.013807754,0.05041336,0.036605604,0.046879392,0.09344892,0.04656953,0.02610109,-0.00071630254,-0.026817393,-0.006970547,-0.043751866,-0.03678132,-0.0033262558,-0.04004859,-0.036722336,0.0,0.0,0.0,9,9,0,0,0,0,0.0,0.0,0.0,3.3333333333333335,163.44444444444446,160.11111111111111,0.039908844977617264,0.04969705641269684,0.009788211435079575,0.014047195203602314,0.05071405155791177,0.036666856354309454,0.04475422203540802,0.08852670093377431,0.04377247889836629,0.025861649877495237,-0.0010169951452149285,-0.026878645022710167,-0.004845377057790756,-0.038829644521077476,-0.03398426746328672,-87.18875,0.0
5,554,41934,1.0,27.0,26.0,1.0,1.0,0.0,0.0145731345,0.0145731345,-44.018494,-1.4592781,0.0030104332,-0.038655195,-0.00075634196,-0.03878256,0.6803434,0.6722494,-0.008094013,0.33554706,0.62324166,0.2876946,0.3126462,0.6324911,0.3198449,0.4089191,0.6574371,0.24851799,1.0,27.0,26.0,0.05724448,0.071817614,0.0145731345,-0.0032424952,0.045327112,0.04856961,0.035548303,0.08877663,0.05322833,0.060486976,0.026490502,-0.033996474,0.021696176,-0.016959019,-0.038655195,0.024632223,-0.014150336,-0.03878256,1.0,0.0,-1.0,10,10,0,10,0,-10,1.0,0.0,-1.0,1.0,8.2,7.199999999999999,0.05724447965621948,0.07181761413812637,0.014573134481906891,-0.003385043365415186,0.045187988132238385,0.048573031497653574,0.03230481706559658,0.0843848891556263,0.05208007209002971,0.060629522800445555,0.026629626005887985,-0.033999896794557574,0.024939662590622903,-0.012567275017499924,-0.03750693760812283,-44.018494,-1.0
5,555,42007,9.0,156.0,147.0,1.0,1.0,0.0,0.027842592,0.027842592,-61.52478,-2.3176441,-0.0016780682,-0.012773894,-0.004277857,-0.014998592,0.000538807,0.22148515,0.22094634,0.08194139,0.02513434,-0.05680705,0.06893774,0.002683606,-0.06625414,0.064531334,0.021139113,-0.04339222,9.0,156.0,147.0,0.03957827,0.06742086,0.027842592,0.01176717,0.051602107,0.039834935,0.054916654,0.09553314,0.040616486,0.027811099,0.015818756,-0.011992343,-0.015338384,-0.028112277,-0.012773894,-0.009705074,-0.024703667,-0.014998592,0.0,0.0,0.0,10,10,0,1,0,-1,0.1,0.0,-0.1,3.1,52.1,49.0,0.03957827016711235,0.06742086261510849,0.02784259244799614,0.011797124519944191,0.05200489349663258,0.04020776897668839,0.04904723577201366,0.09146610498428345,0.04241886921226979,0.027781145460903645,0.015415969118475915,-0.01236517634242773,-0.009468965604901314,-0.024045242369174956,-0.014576276764273642,-61.52478,-0.1
5,556,42126,1.0,9.0,8.0,1.0,1.0,0.0,0.022460058,0.022460058,-48.43637,-1.8352242,-0.0058606043,-0.017336816,-0.0086810365,-0.022367835,0.15509722,0.088305116,-0.0667921,0.35999805,0.4400102,0.08001214,0.39288464,0.46216705,0.06928241,0.38750592,0.4472755,0.05976957,1.0,9.0,8.0,0.061871402,0.08433146,0.022460058,0.0036615056,0.046790175,0.04312867,0.05488331,0.09468018,0.039796874,0.058209896,0.037541285,-0.02066861,0.0069880933,-0.010348722,-0.017336816,0.017428033,-0.004939802,-0.022367835,1.0,0.0,-1.0,14,14,0,14,0,-14,1.0,0.0,-1.0,1.0,3.5714285714285716,2.5714285714285716,0.061871401965618134,0.0843314602971077,0.022460058331489563,0.003828523464367858,0.047205404777612,0.043376881313244145,0.045142369877014844,0.08901964713420187,0.04387727725718702,0.05804287828505039,0.037126055519495695,-0.020916822765554698,0.016729032088603293,-0.0046881868370941705,-0.021417218925697465,-48.43637,-1.0
5,557,42166,1.0,83.0,82.0,1.0,1.0,0.0,0.018731087,0.018731087,-71.64322,-2.5255432,-0.0074084736,-0.0226557,-0.008998159,-0.023116615,0.33434072,0.47130916,0.13696843,0.41131344,0.26713315,-0.1441803,0.4121609,0.2735793,-0.1385816,0.44143108,0.311184,-0.13024709,1.0,83.0,82.0,0.054376967,0.073108055,0.018731087,0.007832804,0.04822415,0.04039135,0.050820854,0.09220764,0.041386787,0.046544164,0.024883904,-0.02166026,0.0035561137,-0.019099586,-0.0226557,0.0060900487,-0.017026566,-0.023116615,1.0,0.0,-1.0,7,7,0,7,0,-7,1.0,0.0,-1.0,1.0,25.142857142857142,24.142857142857142,0.05437696725130081,0.07310805469751358,0.01873108744621277,0.007651923889560359,0.0483393557369709,0.04068743184741054,0.04872928932309151,0.08902040336813245,0.040291114045040946,0.0467250437608787,0.02476869896054268,-0.021956344800336022,0.005647677928209305,-0.015912348670618876,-0.02156002659882818,-71.64322,-1.0
5,558,42171,1.0,89.0,88.0,1.0,1.0,0.0,0.006759271,0.006759271,-96.3692,-4.4804707,9.33595e-05,-0.042514533,-0.0030011237,-0.043987207,-0.3100274,-0.3162947,-0.006267309,0.3131316,0.479846,0.1667144,0.29630372,0.4730008,0.17669708,0.27402157,0.4542897,0.18026814,1.0,89.0,88.0,0.05433787,0.06109714,0.006759271,-0.0031945729,0.042173635,0.04536821,0.034399584,0.08367339,0.049273804,0.057532445,0.018923506,-0.03860894,0.019938286,-0.022576246,-0.042514533,0.024790602,-0.019196603,-0.043987207,1.0,0.0,-1.0,11,11,0,11,0,-11,1.0,0.0,-1.0,1.0,27.818181818181817,26.818181818181817,0.054337870329618454,0.06109714135527611,0.006759271025657654,-0.0030431752304800534,0.04223382337526842,0.04527699860574847,0.029148499058051544,0.0800746509974653,0.05092615193941376,0.057381045750596306,0.01886331798000769,-0.038517727770588615,0.025189371102235535,-0.018977509642189198,-0.044166880744424736,-96.3692,-1.0
5,559,42214,1.0,308.0,307.0,1.0,1.0,0.0,0.0034076907,0.0034076907,-45.069702,-1.5347271,-0.009343378,-0.04892036,-0.01124642,-0.04607868,0.5383091,0.540755,0.0024458766,0.5215603,0.579191,0.057630718,0.5262942,0.57560015,0.049305975,0.5542755,0.60762674,0.053351223,1.0,308.0,307.0,0.052275203,0.055682894,0.0034076907,0.008460367,0.04744673,0.038986363,0.042591654,0.094919704,0.05232805,0.043814838,0.008236162,-0.035578676,0.009683549,-0.03923681,-0.04892036,0.012226082,-0.033852596,-0.04607868,1.0,0.0,-1.0,13,13,0,13,0,-13,1.0,0.0,-1.0,1.0,94.3076923076923,93.3076923076923,0.05227520316839218,0.055682893842458725,0.0034076906740665436,0.008478632017683525,0.04745274810836865,0.03897411609068513,0.04048268726238838,0.08839518920733379,0.04791250194494541,0.04379657140144935,0.008230145734090071,-0.03556642566735928,0.011792515906003805,-0.03271229536487506,-0.044504811270878866,-45.069702,-1.0
5,560,42224,1.0,131.0,130.0,1.0,1.0,0.0,0.020077169,0.020077169,-24.847168,-0.47929764,-0.0029702447,-0.03242769,-0.0033343062,-0.03052025,0.35565576,0.30448788,-0.051167876,0.08559674,0.27313504,0.1875383,0.08062326,0.26057574,0.17995247,0.11884606,0.28062823,0.16178218,1.0,131.0,130.0,0.047257133,0.0673343,0.020077169,0.006432901,0.04847924,0.04204634,0.044275343,0.0967802,0.05250486,0.04082423,0.018855061,-0.02196917,0.0029817894,-0.029445902,-0.03242769,0.005329538,-0.025190711,-0.03052025,1.0,0.0,-1.0,4,4,0,4,0,-4,1.0,0.0,-1.0,1.0,38.0,37.0,0.047257132828235626,0.06733430176973343,0.020077168941497803,0.0068603468826040626,0.048665400594472885,0.04180505371186882,0.043421633541584015,0.09332629851996899,0.04990466497838497,0.040396785363554955,0.018668901175260544,-0.02172788418829441,0.0038354992866516113,-0.025991996750235558,-0.02982749603688717,-24.847168,-1.0
5,561,42238,1.0,89.0,88.0,3.0,1.0,-2.0,0.02437967,0.02437967,-35.78784,-1.1035347,0.002780307,-0.022718139,-0.0015392452,-0.023563273,0.3595413,0.40169927,0.042157978,0.12523448,0.1523331,0.027098611,0.101183444,0.13245632,0.031272873,0.1382805,0.17514579,0.036865294,1.0,89.0,88.0,0.041909046,0.06628872,0.02437967,0.00013676017,0.046278663,0.046141904,0.04110913,0.08820694,0.04709781,0.041772287,0.020010054,-0.021762233,0.0007999167,-0.021918222,-0.022718139,0.005488634,-0.01807464,-0.023563273,1.0,0.0,-1.0,7,7,0,7,0,-7,1.0,0.0,-1.0,1.0,30.857142857142858,29.857142857142858,0.04190904647111893,0.06628871709108353,0.0243796706199646,0.0005205297046424155,0.046905809215136936,0.04638527951049452,0.03809209992843015,0.08376786964280265,0.045675769714372504,0.0413885164473738,0.01938290787594659,-0.022005608571427207,0.0038169465426887783,-0.01747915255171912,-0.021296099094407897,-35.78784,-1.0
5,562,42299,3.0,97.0,94.0,1.0,1.0,0.0,0.02257527,0.02257527,-66.188324,-1.6661797,-0.0069009103,-0.018005244,-0.010195006,-0.022794433,0.3524421,0.30354893,-0.048893154,0.111213006,-0.019168284,-0.13038129,0.16312383,0.008552618,-0.1545712,0.20864387,0.059587892,-0.14905597,3.0,97.0,94.0,0.05255298,0.07512825,0.02257527,0.013377118,0.052501384,0.039124265,0.059710506,0.10029102,0.040580515,0.03917586,0.022626866,-0.016548995,-0.007157527,-0.025162771,-0.018005244,0.0009691939,-0.021825239,-0.022794433,0.0,0.0,0.0,7,7,0,3,0,-3,0.42857142857142855,0.0,-0.42857142857142855,1.7142857142857142,30.0,28.285714285714285,0.052552979439496994,0.07512824982404709,0.022575270384550095,0.013689752002911908,0.0527644045650959,0.039074652562183995,0.05494906912956919,0.09712252127272743,0.042173452143158235,0.038863226771354675,0.022363845258951187,-0.016499381512403488,-0.0023960896900721957,-0.021994271448680332,-0.019598181758608137,-66.188324,-0.42857142857142855
5,563,42473,1.0,37.0,36.0,1.0,1.0,0.0,0.032984346,0.032984346,-34.87726,-0.8426857,-0.007416066,-0.016171943,-0.0072731078,-0.016072497,0.43597752,0.44228148,0.006303966,0.40148184,0.43988356,0.038401723,0.40712357,0.43142706,0.024303496,0.41894484,0.44529474,0.026349902,1.0,37.0,36.0,0.043868095,0.07685244,0.032984346,0.006374039,0.049907684,0.043533646,0.042302836,0.091459125,0.04915629,0.037494056,0.026944757,-0.010549299,0.001565259,-0.014606684,-0.016171943,0.004257612,-0.011814885,-0.016072497,1.0,0.0,-1.0,10,10,0,10,0,-10,1.0,0.0,-1.0,1.0,12.5,11.5,0.04386809468269348,0.07685244083404541,0.03298434615135193,0.006559320725500584,0.05020323097705841,0.043643910251557824,0.03879898004233837,0.0888856090605259,0.05008662901818752,0.037308774143457415,0.026649209856987,-0.010659564286470417,0.0050691146403551105,-0.012033168226480484,-0.017102282866835593,-34.87726,-1.0
5,564,42563,1.0,20.0,19.0,1.0,1.0,0.0,0.040930577,0.040930577,-9.60202,0.25437546,-0.001899045,-0.01675057,-0.004174132,-0.015356753,0.2750462,0.24054007,-0.034506127,0.23767377,0.352623,0.11494921,0.2410025,0.35618582,0.11518332,0.25502107,0.35938933,0.10436827,1.0,20.0,19.0,0.04368511,0.084615685,0.040930577,0.0065298327,0.050400943,0.04387111,0.038174745,0.09585589,0.057681147,0.037155274,0.034214742,-0.0029405318,0.0055103637,-0.011240207,-0.01675057,0.0067054443,-0.008651309,-0.015356753,1.0,0.0,-1.0,10,10,0,10,0,-10,1.0,0.0,-1.0,1.0,7.0,6.0,0.04368510842323303,0.08461568504571915,0.040930576622486115,0.00664757527410984,0.050687485560774806,0.044039910286664964,0.037454331666231154,0.09390773177146912,0.056453400105237965,0.03703753352165222,0.03392819948494434,-0.003109334036707878,0.0062307767570018765,-0.009292046725749969,-0.015522823482751845,-9.60202,-1.0
5,565,42642,17.0,140.0,123.0,18.0,15.0,-3.0,0.036152028,0.036152028,-51.627045,-1.6423893,0.005709391,-0.017596524,0.0050587766,-0.016267419,0.28297907,0.2725017,-0.010477364,-0.008048805,-0.019857137,-0.011808331,-0.044686805,-0.067154795,-0.02246799,0.0011392975,-0.0294779,-0.030617198,17.0,140.0,123.0,0.030892186,0.06704421,0.036152028,0.004194435,0.04891291,0.044718474,0.041977722,0.095726274,0.05374855,0.026697751,0.018131305,-0.008566447,-0.011085536,-0.02868206,-0.017596524,-0.008726567,-0.024993986,-0.016267419,0.0,0.0,0.0,15,15,0,0,0,0,0.0,0.0,0.0,6.0,44.333333333333336,38.333333333333336,0.030892185866832733,0.0670442134141922,0.03615202754735947,0.004380179926132163,0.04940744663278262,0.04502726670665046,0.03955034489432971,0.09127871443827947,0.051728369543949757,0.026512005552649497,0.01763676678140958,-0.008875238771239916,-0.008658159027496974,-0.02423450102408727,-0.015576341996590295,-51.627045,0.0
5,566,42648,125.0,238.0,113.0,16.0,76.0,60.0,0.03759197,0.03759197,-69.417755,-1.8167095,0.00016910024,-0.011533344,1.723878e-05,-0.007768182,0.66918063,0.6582226,-0.010958016,0.48996335,0.1811343,-0.30882907,0.50564295,0.16083378,-0.34480917,0.56343836,0.24716908,-0.31626928,125.0,238.0,113.0,0.022857333,0.060449306,0.03759197,0.010199678,0.049706597,0.03950692,0.047296632,0.09642195,0.049125317,0.0126576545,0.010742709,-0.0019149454,-0.0244393,-0.035972644,-0.011533344,-0.021154655,-0.028922837,-0.007768182,0.0,0.0,0.0,8,8,0,0,0,0,0.0,0.0,0.0,36.25,72.875,36.625,0.022857332602143288,0.060449305921792984,0.037591973319649696,0.010169508983381093,0.04983391473069787,0.03966440574731678,0.044934562873095274,0.09327576588839293,0.04834120301529765,0.012687823618762195,0.010615391191095114,-0.0020724324276670814,-0.022077230270951986,-0.03282645996659994,-0.010749229695647955,-69.417755,0.0
5,567,42697,2.0,6.0,4.0,1.0,11.0,10.0,0.04363836,0.04363836,-41.609497,-0.92879677,-0.0026644617,-0.006721992,-0.0034416057,-0.008010913,0.09697828,0.19151747,0.094539195,0.12422819,0.002790118,-0.12143807,0.13466758,0.0010359703,-0.1336316,0.14375132,0.024509244,-0.11924208,2.0,6.0,4.0,0.04538532,0.08902368,0.04363836,0.007483239,0.04949981,0.04201657,0.0464667,0.09682705,0.05036035,0.03790208,0.03952387,0.0016217902,-0.001081381,-0.007803373,-0.006721992,0.003462512,-0.0045484006,-0.008010913,0.0,0.0,0.0,9,9,0,5,2,-3,0.5555555555555556,0.2222222222222222,-0.33333333333333337,1.4444444444444444,3.0,1.5555555555555556,0.045385319739580154,0.08902367949485779,0.043638359755277634,0.007480606850650575,0.04979750307069884,0.042316896220048264,0.042261704388591975,0.09367398007048501,0.051412275681893035,0.037904712475008435,0.039226176424158946,0.00132146394915051,0.003123615350988176,-0.004650300575627221,-0.0077739159266153966,-41.609497,-0.33333333333333337
5,568,42781,46.0,308.0,262.0,9.0,11.0,2.0,0.03374222,0.03374222,-52.156677,-1.7584743,0.0028949212,-0.022793747,0.0016585421,-0.02199116,0.33986238,0.38205224,0.042189866,-0.029297754,0.01929004,0.04858779,-0.039770633,0.0124114975,0.05218213,6.0360344e-05,0.06440749,0.06434713,46.0,308.0,262.0,0.018984016,0.052726235,0.03374222,0.00019529315,0.04445467,0.044259377,0.03435339,0.09088936,0.056535967,0.018788723,0.008271564,-0.0105171595,-0.015369374,-0.03816312,-0.022793747,-0.0119488835,-0.033940043,-0.02199116,0.0,0.0,0.0,8,8,0,0,0,0,0.0,0.0,0.0,15.875,96.75,80.875,0.01898401603102684,0.05272623524069786,0.03374221920967102,0.00012011960279778577,0.044788350351154804,0.04466823074835702,0.031318757915869355,0.08701175544410944,0.055692997528240085,0.01886389683932066,0.007937884889543056,-0.010926011949777603,-0.012334741884842515,-0.03428552020341158,-0.021950778318569064,-52.156677,0.0
5,569,42851,1.0,1.0,0.0,1.0,1.0,0.0,0.04677698,0.04677698,-10.754913,0.5059986,-0.008201234,-0.0042530783,-0.008130126,-0.010013394,0.11053899,0.19560266,0.085063666,0.024250139,0.0027628057,-0.021487333,0.014031348,-0.0007528339,-0.0147841815,0.022739507,0.015463922,-0.007275585,1.0,1.0,0.0,0.04989759,0.09667457,0.04677698,0.0099341,0.050225146,0.040291045,0.04513363,0.09616369,0.05103006,0.039963488,0.046449423,0.0064859353,0.004763957,0.00051087886,-0.0042530783,0.011700183,0.0016867891,-0.010013394,1.0,1.0,0.0,7,7,0,7,7,0,1.0,1.0,0.0,1.0,1.0,0.0,0.04989758878946304,0.09667456895112991,0.04677698016166687,0.01017614041588136,0.05090060617242541,0.04072446575654405,0.04322416494999613,0.0950893344623702,0.05186516951237406,0.039721447974443436,0.045773962778704505,0.006052514804261069,0.006673423839466912,0.001585234488759722,-0.005088189350707191,-10.754913,0.0
5,570,42912,4.0,36.0,32.0,7.0,1.0,-6.0,0.04221894,0.04221894,-22.292572,-0.5220947,0.008458022,-0.011075489,0.0042816326,-0.016055264,0.14750835,0.29801127,0.15050292,0.06838834,0.05189462,-0.016493723,0.06703271,0.05312736,-0.01390535,0.07867137,0.07929265,0.0006212741,4.0,36.0,32.0,0.035206415,0.07742535,0.04221894,0.00012991008,0.04802162,0.04789171,0.04540062,0.09869505,0.053294428,0.035076506,0.029403735,-0.0056727715,-0.010194205,-0.021269694,-0.011075489,-0.0030415952,-0.019096859,-0.016055264,0.0,0.0,0.0,9,9,0,4,0,-4,0.4444444444444444,0.0,-0.4444444444444444,2.0,13.0,11.0,0.03520641475915909,0.07742535322904587,0.04221893846988678,-6.098535312857065e-05,0.04798195469710562,0.048042940050234184,0.03813228466444545,0.09620030555460188,0.058068020890156426,0.03526739983095063,0.029443398531940248,-0.005824001299010385,-0.002925869905286365,-0.018774952325556014,-0.01584908242026965,-22.292572,-0.4444444444444444
5,571,42946,11.0,74.0,63.0,2.0,2.0,0.0,0.028594416,0.028594416,-23.922607,0.22746849,0.0045966804,-0.017797645,-0.006000351,-0.013086256,0.5903139,0.5579068,-0.032407105,0.45180443,0.16438873,-0.28741568,0.47339463,0.18456505,-0.28882957,0.5177196,0.2751844,-0.24253523,11.0,74.0,63.0,0.046119485,0.0747139,0.028594416,0.021958688,0.05370802,0.03174933,0.053961158,0.10035322,0.04639206,0.024160797,0.02100588,-0.0031549167,-0.007841673,-0.025639318,-0.017797645,-0.0067696013,-0.019855857,-0.013086256,0.0,0.0,0.0,9,9,0,0,0,0,0.0,0.0,0.0,4.0,22.0,18.0,0.046119485050439835,0.07471390068531036,0.02859441563487053,0.02201103067232503,0.05388928991225031,0.03187825923992528,0.053354926821258336,0.09658154100179672,0.043226614180538386,0.024108454378114805,0.020824610773060057,-0.0032838436050547475,-0.007235441770818498,-0.02186764031648636,-0.01463219854566786,-23.922607,0.0
5,572,42980,1.0,225.0,224.0,1.0,1.0,0.0,0.0071437694,0.0071437694,-50.78595,-2.1033,-0.0027010106,-0.04933305,-0.004679613,-0.049199235,0.4395813,0.3995402,-0.04004112,0.15101863,-0.048946578,-0.19996521,0.13796005,-0.043536905,-0.18149695,0.17934214,0.013344713,-0.16599742,1.0,225.0,224.0,0.048773695,0.055917464,0.0071437694,0.0008483977,0.04414663,0.043298233,0.036302637,0.09277946,0.05647682,0.047925297,0.011770833,-0.036154464,0.0124710575,-0.036861993,-0.04933305,0.014479358,-0.034719877,-0.049199235,1.0,0.0,-1.0,7,7,0,7,0,-7,1.0,0.0,-1.0,1.0,68.57142857142857,67.57142857142857,0.04877369478344917,0.055917464196681976,0.007143769413232803,0.000711144670536409,0.04411583234156881,0.0434046876710324,0.03466000354715756,0.09045248585087913,0.05579248230372157,0.048062550170081,0.011801631855113166,-0.03626091831496783,0.014113691236291612,-0.03453502165419715,-0.04864871289048876,-50.78595,-1.0
5,573,43107,6.0,41.0,35.0,5.0,2.0,-3.0,0.03873697,0.03873697,-36.336517,-1.4517612,0.0018945597,0.00039785355,0.0024482422,-0.0031252727,0.18365191,0.056123752,-0.12752816,-0.01783297,-0.22071561,-0.20288265,-0.019852644,-0.24258646,-0.22273383,0.011239643,-0.22235,-0.23358965,6.0,41.0,35.0,0.034346953,0.07308392,0.03873697,-0.005636124,0.045879282,0.051515408,0.04871214,0.08705126,0.038339116,0.03998308,0.02720464,-0.012778439,-0.014365189,-0.013967335,0.00039785355,-0.0083123,-0.011437573,-0.0031252727,0.0,0.0,0.0,5,5,0,0,0,0,0.0,0.0,0.0,2.8,13.2,10.399999999999999,0.03434695303440094,0.07308392226696014,0.038736969232559204,-0.005950643774121999,0.04615150839090347,0.05210215216502547,0.044913174211978914,0.08483317345380784,0.03991999924182892,0.0402975969016552,0.02693241387605667,-0.01336518302559853,-0.010566221177577972,-0.011749251186847687,-0.001183030009269715,-36.336517,0.0
5,574,43156,1.0,180.0,179.0,1.0,1.0,0.0,0.020548835,0.020548835,-70.661285,-2.434578,-0.00026343763,-0.035115656,-0.002535507,-0.035292603,0.24367882,0.11870738,-0.12497144,0.2020542,0.18403672,-0.018017486,0.20685954,0.18029676,-0.02656278,0.22467764,0.18434526,-0.040332377,1.0,180.0,179.0,0.041228663,0.0617775,0.020548835,0.0012380632,0.046159644,0.04492158,0.037068795,0.09273329,0.05566449,0.0399906,0.015617855,-0.024372745,0.0041598678,-0.030955788,-0.035115656,0.005614262,-0.029678341,-0.035292603,1.0,0.0,-1.0,7,7,0,7,0,-7,1.0,0.0,-1.0,1.0,54.0,53.0,0.04122866317629814,0.061777498573064804,0.020548835396766663,0.001193809015343764,0.04612096292631967,0.0449271539109759,0.0352862115417208,0.08980438645396914,0.05451817491224834,0.040034853986331394,0.015656535646745136,-0.024378318339586258,0.0059424516345773426,-0.028026887880904332,-0.03396933951548167,-70.661285,-1.0
5,575,43157,1.0,24.0,23.0,1.0,1.0,0.0,0.032694865,0.032694865,-108.03049,-4.289568,-0.0029179864,-0.014196113,-0.0042930692,-0.01702575,0.73476464,0.765175,0.03041035,0.5253757,0.59694713,0.07157141,0.5251495,0.58130324,0.056153715,0.5733267,0.6302069,0.056880176,1.0,24.0,23.0,0.048620153,0.08131502,0.032694865,0.0059212875,0.049770024,0.043848738,0.04577339,0.09266437,0.046890978,0.042698868,0.031544995,-0.011153873,0.0028467625,-0.01134935,-0.014196113,0.0077123754,-0.009313375,-0.01702575,1.0,0.0,-1.0,10,10,0,10,0,-10,1.0,0.0,-1.0,1.0,7.7,6.7,0.04862015321850777,0.08131501823663712,0.03269486501812935,0.0059168256353586916,0.049987408146262166,0.044070582510903476,0.03812426775693893,0.09077306538820266,0.05264879763126373,0.04270332790911198,0.03132761009037495,-0.01137571781873703,0.010495885461568832,-0.009458047151565552,-0.019953932613134384,-108.03049,-1.0
5,576,43159,1.0,4.0,3.0,6.0,3.0,-3.0,0.050274093,0.050274093,-87.414825,-3.3313046,0.0039498582,-0.010382935,0.0037089773,-0.007885549,0.44915697,0.39937472,-0.049782246,0.065106,0.03877233,-0.026333667,0.13091232,0.064497285,-0.066415034,0.22179945,0.13850431,-0.08329514,1.0,4.0,3.0,0.03950646,0.089780554,0.050274093,-0.003318097,0.046620972,0.04993907,0.035069373,0.0957264,0.060657028,0.04282456,0.04315958,0.0003350228,0.004437089,-0.0059458464,-0.010382935,0.0075390227,-0.0003465265,-0.007885549,1.0,0.0,-1.0,5,5,0,5,2,-3,1.0,0.4,-0.6,1.0,1.8,0.8,0.0395064614713192,0.08978055417537689,0.050274092704057693,-0.0032175779342651367,0.04709460064768791,0.05031217858195305,0.029285650327801706,0.09053660333156585,0.061250953003764146,0.04272403866052628,0.04268595352768898,-3.808513283729692e-05,0.010220811143517495,-0.0007560491561889648,-0.010976860299706459,-87.414825,-0.6
5,577,43164,1.0,43.0,42.0,2.0,1.0,-1.0,0.0302727,0.0302727,-23.239471,-0.4494667,0.009277217,-0.027506843,0.0031815916,-0.024416607,-0.0072896685,-0.028641036,-0.021351367,-0.1335156,0.11407067,0.24758627,-0.15007308,0.10953142,0.2596045,-0.14331378,0.107412465,0.25072625,1.0,43.0,42.0,0.04483266,0.07510536,0.0302727,0.003413483,0.050552398,0.047138914,0.03840618,0.09618572,0.057779543,0.04141918,0.024552964,-0.016866215,0.0064264834,-0.02108036,-0.027506843,0.008938011,-0.015478596,-0.024416607,1.0,0.0,-1.0,10,10,0,10,0,-10,1.0,0.0,-1.0,1.0,13.2,12.2,0.044832661747932434,0.07510536164045334,0.030272699892520905,0.003504459350369871,0.05077936314046383,0.047274903790093956,0.03709979951381683,0.08940691947937011,0.05230711996555328,0.04132820218801499,0.02432599849998951,-0.017002203688025477,0.0077328622341156,-0.01430155783891678,-0.022034420073032378,-23.239471,-1.0
5,578,43224,4.0,41.0,37.0,1.0,5.0,4.0,0.037600607,0.037600607,-47.312164,-1.4672356,-0.00353935,-0.020819861,-0.0048567913,-0.018570315,0.080023244,-0.064603984,-0.14462723,0.09537558,0.15092935,0.055553764,0.09352634,0.15180628,0.05827994,0.09686612,0.13754115,0.04067502,4.0,41.0,37.0,0.038918786,0.07651939,0.037600607,4.6441757e-05,0.046972975,0.046926532,0.040687826,0.09910829,0.058420468,0.038872343,0.029546417,-0.009325925,-0.0017690398,-0.022588901,-0.020819861,0.0007279478,-0.017842367,-0.018570315,0.0,0.0,0.0,12,12,0,4,0,-4,0.3333333333333333,0.0,-0.3333333333333333,1.75,14.166666666666666,12.416666666666666,0.038918785750865936,0.07651939243078232,0.03760060667991638,-4.588304606537955e-05,0.04718742581705252,0.0472333088631179,0.038101218175143,0.09488265526791413,0.05678143709277113,0.0389646685992678,0.029331966613729794,-0.00963270198553801,0.0008175675757229328,-0.018363262837131817,-0.01918083041285475,-47.312164,-0.3333333333333333
5,579,43250,10.0,320.0,310.0,4.0,9.0,5.0,0.01565973,0.01565973,-33.055115,-0.96655655,-0.0014818683,-0.022959962,-0.002191946,-0.023049261,0.12505569,0.21730599,0.0922503,0.047502685,-0.018276332,-0.065779015,0.07597405,-0.0015127572,-0.077486806,0.0885599,0.026682837,-0.061877064,10.0,320.0,310.0,0.037897445,0.053557176,0.01565973,-8.244038e-05,0.04536502,0.04544746,0.049536306,0.088156,0.038619693,0.037979886,0.0081921555,-0.02978773,-0.011638861,-0.034598824,-0.022959962,-0.007920049,-0.03096931,-0.023049261,0.0,0.0,0.0,11,11,0,0,0,0,0.0,0.0,0.0,4.181818181818182,104.0,99.81818181818181,0.037897445261478424,0.053557176142930984,0.01565973088145256,0.00043165096040034064,0.04608787867155942,0.04565622771115908,0.046937214718623596,0.08495251021601936,0.03801529549739577,0.037465794519944626,0.007469297471371564,-0.029996497048573063,-0.00903976945714517,-0.031395334073088386,-0.022355564615943214,-33.055115,0.0
5,580,43288,1.0,88.0,87.0,1.0,1.0,0.0,0.028804183,0.028804183,-65.39209,-2.6446152,-0.003148254,-0.02353751,-0.0033371523,-0.02560284,0.36800218,0.36628178,-0.0017203987,0.031775836,-0.023335181,-0.055111017,0.033207092,-0.049486984,-0.082694076,0.054158095,-0.014917174,-0.06907527,1.0,88.0,87.0,0.034413844,0.06321803,0.028804183,-0.0007364256,0.04448607,0.045222495,0.031386077,0.08372777,0.052341692,0.03515027,0.01873196,-0.016418312,0.003027767,-0.020509742,-0.02353751,0.00691247,-0.01869037,-0.02560284,1.0,0.0,-1.0,11,11,0,11,0,-11,1.0,0.0,-1.0,1.0,28.727272727272727,27.727272727272727,0.03441384434700012,0.06321802735328674,0.02880418300628662,-0.0006912173809144984,0.04482266002080657,0.04551387740172107,0.026903817091475834,0.07970715788277713,0.05280334079130129,0.0351050618019971,0.01839536733248017,-0.01670969446951693,0.007510027255524288,-0.016489130529490383,-0.02399915778501467,-65.39209,-1.0
5,581,43428,5.0,220.0,215.0,1.0,1.0,0.0,0.022094298,0.022094298,-61.072296,-2.4046955,-0.0072050057,-0.023072079,-0.0062490385,-0.024693985,0.54356194,0.5535211,0.009959161,0.3154669,0.37896764,0.06350073,0.30465317,0.34966427,0.045011103,0.4132583,0.43550587,0.022247553,5.0,220.0,215.0,0.03787946,0.059973758,0.022094298,0.0063887835,0.04710888,0.040720098,0.044358056,0.08952443,0.045166377,0.031490676,0.012864877,-0.0186258,-0.0064785965,-0.029550675,-0.023072079,-0.0027924478,-0.027486432,-0.024693985,0.0,0.0,0.0,5,5,0,2,0,-2,0.4,0.0,-0.4,1.8,62.8,61.0,0.03787945955991745,0.05997375771403313,0.022094298154115677,0.006413919385522604,0.047256346046924594,0.04084242666140199,0.03988897874951362,0.08675299137830735,0.04686401262879372,0.03146553933620453,0.012717411667108536,-0.018748127669095994,-0.002009519189596176,-0.026779233664274215,-0.024769714474678038,-61.072296,-0.4
5,582,43429,1.0,197.0,196.0,1.0,1.0,0.0,-0.0020867214,-0.0020867214,-40.333466,-1.3371716,-0.0010109656,-0.04518691,-0.0055051744,-0.044037547,0.5999867,0.5432889,-0.056697786,0.57265943,0.45345482,-0.11920461,0.5661684,0.4435945,-0.12257394,0.59178054,0.49357772,-0.098202825,1.0,197.0,196.0,0.060980696,0.058893975,-0.0020867214,0.005051335,0.045662854,0.04061152,0.043636408,0.0867366,0.04310019,0.055929363,0.013231121,-0.04269824,0.017344289,-0.027842622,-0.04518691,0.019177742,-0.024859805,-0.044037547,1.0,0.0,-1.0,6,6,0,6,0,-6,1.0,0.0,-1.0,1.0,64.16666666666667,63.16666666666667,0.060980696231126785,0.058893974870443344,-0.002086721360683441,0.005379200214520097,0.04618882512052854,0.040809624906008445,0.042186943193276726,0.08555659651756287,0.04336965332428614,0.05560149562855562,0.012705149749914805,-0.042896345878640815,0.018793753037850063,-0.026662621647119522,-0.04545637468496959,-40.333466,-1.0
5,583,43445,2.0,115.0,113.0,1.0,1.0,0.0,0.011870112,0.011870112,-86.44125,-3.6172066,-0.0043483377,-0.027937166,-0.005737558,-0.03738457,0.038812507,0.118876345,0.080063835,-0.04783933,-0.12906475,-0.081225425,-0.03388311,-0.12947069,-0.09558758,-0.026964407,-0.109476775,-0.082512364,2.0,115.0,113.0,0.04695915,0.058829263,0.011870112,-0.006672322,0.041051786,0.04772411,0.048748482,0.08855576,0.03980728,0.053631473,0.017777476,-0.035853997,-0.0017893314,-0.029726498,-0.027937166,0.013653345,-0.023731224,-0.03738457,0.0,0.0,0.0,8,8,0,7,0,-7,0.875,0.0,-0.875,1.125,34.125,33.0,0.046959150582551956,0.05882926285266876,0.011870112270116806,-0.006686824839562178,0.04111349768936634,0.04780032252892852,0.03057738207280636,0.0824119271710515,0.051834545098245144,0.05364597588777542,0.01771576516330242,-0.035930210724473,0.016381768509745598,-0.02358266431838274,-0.03996443282812834,-86.44125,-0.875
5,584,43465,10.0,37.0,27.0,11.0,14.0,3.0,0.043623883,0.043623883,-12.498657,0.33247566,0.0034511648,-0.0053772777,0.0032500066,-0.0064071864,0.029108007,-0.0014645848,-0.030572591,-0.008505001,-0.17885788,-0.17035288,-0.019193267,-0.16250892,-0.14331566,-0.01630196,-0.16131277,-0.14501081,10.0,37.0,27.0,0.036104944,0.07972883,0.043623883,0.01137509,0.051712815,0.040337726,0.04659463,0.09559579,0.04900116,0.024729853,0.028016012,0.0032861587,-0.010489687,-0.015866965,-0.0053772777,-0.007438615,-0.013845801,-0.0064071864,0.0,0.0,0.0,10,10,0,0,0,0,0.0,0.0,0.0,3.6,13.5,9.9,0.036104943603277206,0.07972882688045502,0.04362388327717781,0.011586642637848855,0.051889000460505486,0.040302357822656634,0.044620498269796374,0.09457606598734855,0.04995556771755218,0.024518300779163837,0.02783982641994953,0.003321525640785694,-0.008515554666519164,-0.014847239106893539,-0.006331684440374375,-12.498657,0.0
5,585,43500,1.0,28.0,27.0,2.0,3.0,1.0,0.030259725,0.030259725,-53.449036,-1.7138443,0.0012926385,-0.020026766,-0.00031373277,-0.025328342,0.5568693,0.53379846,-0.023070872,0.33718008,0.36201254,0.024832457,0.33035523,0.3708375,0.040482283,0.3766712,0.404177,0.027505815,1.0,28.0,27.0,0.045271087,0.07553081,0.030259725,-0.0009794097,0.04531322,0.04629263,0.043968078,0.09425457,0.05028649,0.046250496,0.030217592,-0.016032904,0.0013030097,-0.018723756,-0.020026766,0.00949451,-0.015833832,-0.025328342,1.0,0.0,-1.0,12,12,0,12,0,-12,1.0,0.0,-1.0,1.0,9.416666666666666,8.416666666666666,0.04527108743786812,0.07553081214427948,0.03025972470641136,-0.0010042653278408882,0.04555620967100064,0.04656047499884153,0.03429941227659583,0.09090880366663139,0.056609391390035554,0.04627535274873177,0.02997460247327884,-0.01630075027545293,0.010971675161272287,-0.0153779915223519,-0.026349666683624186,-53.449036,-1.0
5,586,43619,1.0,44.0,43.0,1.0,5.0,4.0,0.027812634,0.027812634,-60.431732,-2.3013744,-0.0028844401,-0.0276088,-0.0029599778,-0.02416879,0.6951572,0.6575069,-0.037650287,0.023851028,0.015994973,-0.007856054,0.054376777,0.03380512,-0.020571657,0.19809696,0.14587127,-0.052225694,1.0,44.0,43.0,0.048325058,0.07613769,0.027812634,0.003166691,0.047405012,0.04423832,0.043950245,0.09937168,0.055421434,0.045158368,0.02873268,-0.016425688,0.0043748133,-0.023233987,-0.0276088,0.009320959,-0.01484783,-0.02416879,1.0,0.0,-1.0,12,12,0,12,0,-12,1.0,0.0,-1.0,1.0,13.25,12.25,0.048325058072805405,0.07613769173622131,0.02781263366341591,0.0031321771481695273,0.04740857922782501,0.04427640207965548,0.040249619322518505,0.09108594494561355,0.05083632562309504,0.04519288086642822,0.02872911250839631,-0.01646376835803191,0.008075438750286898,-0.01494825320939223,-0.023023691959679127,-60.431732,-1.0
5,587,43675,1.0,266.0,265.0,1.0,1.0,0.0,0.010413881,0.010413881,-80.67145,-3.1213703,-0.003249526,-0.03603678,-0.0056435727,-0.0383972,0.08422561,0.095293604,0.011067994,0.0044459077,0.15475158,0.15030567,0.017033711,0.16781351,0.1507798,0.029067196,0.16562398,0.13655677,1.0,266.0,265.0,0.046613045,0.057026926,0.010413881,0.00014617223,0.046669953,0.04652378,0.044820778,0.09127144,0.04645066,0.046466872,0.010356974,-0.0361099,0.001792267,-0.03424451,-0.03603678,0.0068590753,-0.031538125,-0.0383972,1.0,0.0,-1.0,7,7,0,7,0,-7,1.0,0.0,-1.0,1.0,82.71428571428571,81.71428571428571,0.046613045036792755,0.057026926428079605,0.01041388139128685,0.0002821529965980777,0.04660978487559727,0.046327631878999194,0.04108864547950881,0.0885394641331264,0.04745081865361759,0.04633089208177158,0.010417141552482332,-0.035913750529289246,0.005524399557283947,-0.03151253770504679,-0.03703693726233074,-80.67145,-1.0
5,588,43689,1.0,4.0,3.0,6.0,2.0,-4.0,0.04739717,0.04739717,-34.38028,-0.9636059,0.0053002723,-0.013487782,0.005512096,-0.012989283,0.34961885,0.25791103,-0.091707826,0.31607872,0.23908526,-0.076993465,0.32609016,0.27233067,-0.053759485,0.35558948,0.29779947,-0.05779001,1.0,4.0,3.0,0.044661168,0.09205834,0.04739717,-0.00521001,0.0448364,0.050046407,0.039869495,0.10075445,0.060884953,0.049871176,0.04722194,-0.0026492365,0.0047916733,-0.008696109,-0.013487782,0.010456726,-0.0025325567,-0.012989283,1.0,0.0,-1.0,12,12,0,12,3,-9,1.0,0.25,-0.75,1.0,1.9166666666666667,0.9166666666666667,0.04466116800904274,0.09205833822488785,0.04739717021584511,-0.005366351339034736,0.04491708862284819,0.05028343996188293,0.03503075195476413,0.09510345198214054,0.06007270002737641,0.0500275194644928,0.04714124960203966,-0.0028862698624531405,0.009630416054278612,-0.003045113757252693,-0.012675529811531305,-34.38028,-0.75
5,589,43746,6.0,45.0,39.0,2.0,3.0,1.0,0.03229961,0.03229961,-22.085999,-0.70650864,-0.0028669313,-0.009135172,-0.0034470372,-0.009408329,0.3617528,0.3398314,-0.021921396,0.157369,0.19094828,0.033579275,0.1537269,0.19986053,0.046133623,0.21384251,0.26256797,0.048725456,6.0,45.0,39.0,0.0446846,0.07698421,0.03229961,0.0016419692,0.04938027,0.0477383,0.04813194,0.08956672,0.041434783,0.04304263,0.027603943,-0.015438687,-0.003447339,-0.012582511,-0.009135172,-0.0018224306,-0.011230759,-0.009408329,0.0,0.0,0.0,9,9,0,0,0,0,0.0,0.0,0.0,2.3333333333333335,17.22222222222222,14.888888888888888,0.044684600085020065,0.0769842118024826,0.03229961171746254,0.0019038208475750354,0.04947484367423587,0.047571022826660835,0.046858703096707664,0.08847758505079481,0.041618881954087146,0.04278077888819906,0.027509368128246732,-0.01527141075995233,-0.002174103011687597,-0.011493373248312209,-0.009319270236624612,-22.085999,0.0
5,590,43818,1.0,6.0,5.0,1.0,1.0,0.0,0.018545326,0.018545326,-67.718506,-2.9990845,-0.00068881735,-0.04173882,0.0005523488,-0.037222285,0.5368919,0.53590536,-0.0009865165,0.3543418,0.064754054,-0.28958774,0.36273998,0.0673369,-0.29540306,0.43107855,0.13889283,-0.29218572,1.0,6.0,5.0,0.061172206,0.07971753,0.018545326,-0.010831232,0.04455313,0.055384364,0.033191502,0.09347565,0.060284145,0.07200344,0.0351644,-0.036839038,0.027980704,-0.0137581155,-0.04173882,0.0326701,-0.0045521855,-0.037222285,1.0,0.0,-1.0,15,15,0,15,2,-13,1.0,0.13333333333333333,-0.8666666666666667,1.0,2.533333333333333,1.5333333333333332,0.061172205954790115,0.07971753180027008,0.018545325845479965,-0.011000885255634784,0.04476651325821877,0.05576739851385355,0.029320823277036348,0.08615738252798716,0.05683655925095081,0.07217309127251308,0.034951018542051314,-0.03722207273046176,0.031851382553577424,-0.0064398507277170815,-0.03829123328129451,-67.718506,-0.8666666666666667
5,591,43820,1.0,18.0,17.0,1.0,1.0,0.0,0.01889985,0.01889985,-71.532166,-2.6428852,-0.0015093759,-0.020579573,-0.0075471736,-0.02874738,0.431953,0.3046068,-0.12734622,-0.19267069,-0.20449057,-0.011819884,-0.20894082,-0.23341274,-0.024471924,-0.14325003,-0.18433428,-0.041084245,1.0,18.0,17.0,0.06596718,0.08486703,0.01889985,0.0057776105,0.049442183,0.043664575,0.053137634,0.09261706,0.039479423,0.060189568,0.035424847,-0.02476472,0.012829546,-0.007750027,-0.020579573,0.02276051,-0.0059868693,-0.02874738,1.0,0.0,-1.0,8,8,0,8,0,-8,1.0,0.0,-1.0,1.0,6.0,5.0,0.06596717983484268,0.08486703038215637,0.01889985054731369,0.006341144733596593,0.04986895062029362,0.043527805886697024,0.04384422581642866,0.09070143382996321,0.046857208013534546,0.05962603539228439,0.034998079761862755,-0.02462795563042164,0.02212295401841402,-0.005834403447806835,-0.027957357466220856,-71.532166,-1.0
5,592,43852,24.0,87.0,63.0,19.0,11.0,-8.0,0.045139905,0.045139905,-14.388123,0.40560913,0.006911371,-0.010108743,0.0066312253,-0.0072887503,0.8077989,0.818956,0.011157095,0.589825,0.46970603,-0.120118946,0.59974164,0.48420188,-0.11553976,0.65866745,0.582731,-0.07593644,24.0,87.0,63.0,0.02409054,0.069230445,0.045139905,0.0023217087,0.04829965,0.045977943,0.03874413,0.09399278,0.055248648,0.02176883,0.020930793,-0.0008380376,-0.01465359,-0.024762332,-0.010108743,-0.010727759,-0.01801651,-0.0072887503,0.0,0.0,0.0,13,13,0,0,0,0,0.0,0.0,0.0,7.846153846153846,26.076923076923077,18.23076923076923,0.024090539664030075,0.06923044472932816,0.04513990506529808,0.0023437640987909758,0.04839209037331434,0.04604832627452337,0.036608222442177624,0.08656367831505261,0.04995545587287499,0.021746775708519496,0.020838354356013812,-0.0009084213525056839,-0.01251768277814755,-0.017333233585724465,-0.004815550807576915,-14.388123,0.0
5,593,43950,1.0,1.0,0.0,2.0,1.0,-1.0,0.045284413,0.045284413,-99.282135,-4.5287704,0.003659431,-0.002786234,-0.00037666038,-0.003686998,0.6548438,0.60151917,-0.05332464,0.72055054,0.45292476,-0.26762578,0.7330639,0.46312046,-0.26994342,0.74223596,0.50720817,-0.23502779,1.0,1.0,0.0,0.045824356,0.09110877,0.045284413,0.00642256,0.047142334,0.040719774,0.041481704,0.08955235,0.048070647,0.039401796,0.043966435,0.004564639,0.004342653,0.0015564188,-0.002786234,0.0070299096,0.0033429116,-0.003686998,1.0,1.0,0.0,9,9,0,9,9,0,1.0,1.0,0.0,1.0,1.0,0.0,0.045824356377124786,0.0911087691783905,0.04528441280126572,0.006620693848364883,0.047355266080962286,0.0407345722325974,0.03929910187919935,0.08765010121795866,0.04835099933875931,0.03920366201135847,0.04375350309742822,0.0045498410860697475,0.006525254497925441,0.0034586679604318407,-0.0030665865374936,-99.282135,0.0
5,594,43984,1.0,49.0,48.0,1.0,4.0,3.0,0.031151958,0.031151958,-96.5394,-3.555153,-0.0028922446,-0.027661815,-0.0058304295,-0.025298797,-0.0053306506,0.110642284,0.115972936,-0.21411619,-0.025433488,0.1886827,-0.2405457,-0.05477095,0.18577476,-0.23861976,-0.031404078,0.20721568,1.0,49.0,48.0,0.041015267,0.072167225,0.031151958,0.0036646149,0.04700217,0.043337554,0.03606409,0.09487786,0.058813773,0.03735065,0.025165055,-0.012185596,0.004951179,-0.022710636,-0.027661815,0.007866874,-0.017431922,-0.025298797,1.0,0.0,-1.0,7,7,0,7,0,-7,1.0,0.0,-1.0,1.0,14.714285714285714,13.714285714285714,0.04101526737213135,0.07216722518205643,0.03115195780992508,0.0034647106658667326,0.04702130279370716,0.04355659212784043,0.03339690874729838,0.09024974810225624,0.05685283935495786,0.037550556872572215,0.02514592238834926,-0.012404634484222955,0.0076183586248329705,-0.018082522920199802,-0.02570088154503277,-96.5394,-1.0
5,595,44052,1.0,130.0,129.0,1.0,1.0,0.0,0.0021093115,0.0021093115,-44.46289,-1.2609959,-0.007291332,-0.044106156,-0.013659321,-0.04529722,0.02244038,0.108631045,0.08619066,0.3476095,0.37264076,0.025031269,0.3447457,0.3569383,0.012192607,0.3392747,0.35547265,0.01619795,1.0,130.0,129.0,0.06273596,0.06484527,0.0021093115,0.0051123193,0.046448726,0.041336406,0.04488048,0.09109595,0.046215467,0.05762364,0.018396545,-0.039227095,0.01785548,-0.026250675,-0.044106156,0.022832192,-0.022465028,-0.04529722,1.0,0.0,-1.0,7,7,0,7,0,-7,1.0,0.0,-1.0,1.0,42.0,41.0,0.06273595988750458,0.06484527140855789,0.002109311521053314,0.005582618261022227,0.04683744375194822,0.04125482549092599,0.041474947439772744,0.08804953417607717,0.04657458673630442,0.0571533420256206,0.01800782765660967,-0.039145514369010925,0.021261012447731837,-0.02320426276751927,-0.04446527521525111,-44.46289,-1.0
5,596,44097,3.0,77.0,74.0,1.0,1.0,0.0,0.026115894,0.026115894,-55.771423,-1.8754311,-0.0014644265,-0.021193102,-0.004397001,-0.020659111,0.089753956,0.075239114,-0.014514841,0.09660282,0.03461972,-0.0619831,0.10266583,0.031499267,-0.07116656,0.10877725,0.03830816,-0.07046909,3.0,77.0,74.0,0.046522975,0.07263887,0.026115894,0.006808085,0.049322978,0.042514894,0.048866794,0.09617579,0.047308996,0.03971489,0.023315892,-0.016399,-0.0023438185,-0.02353692,-0.021193102,0.0028885603,-0.017770551,-0.020659111,0.0,0.0,0.0,8,8,0,2,0,-2,0.25,0.0,-0.25,2.0,24.375,22.375,0.04652297496795654,0.0726388692855835,0.026115894317626953,0.006808775418903679,0.04958339920267463,0.04277462378377095,0.046643161214888096,0.08918439317494631,0.04254123196005821,0.0397141994908452,0.02305547008290887,-0.016658729407936335,-0.00012018624693155289,-0.016545523889362812,-0.01642533764243126,-55.771423,-0.25
5,597,44107,7.0,258.0,251.0,15.0,10.0,-5.0,0.027935263,0.027935263,-43.825867,-1.6557331,0.002011858,-0.031827815,0.00601463,-0.031763457,0.07294108,0.10527941,0.03233833,0.030013314,-0.027602423,-0.057615735,-0.043368038,-0.084053636,-0.040685598,-0.030117748,-0.06855625,-0.0384385,7.0,258.0,251.0,0.023435265,0.051370528,0.027935263,-0.0064197714,0.040150695,0.046570465,0.03668673,0.09644981,0.059763078,0.029855035,0.011219833,-0.018635202,-0.013251465,-0.04507928,-0.031827815,-0.006552672,-0.038316127,-0.031763457,0.0,0.0,0.0,16,16,0,0,0,0,0.0,0.0,0.0,3.0,81.125,78.125,0.023435264825820923,0.0513705275952816,0.027935262769460678,-0.006080658436985686,0.040711326058954,0.04679198449593969,0.031013175030238926,0.09107604390010238,0.06006286886986345,0.0295159233501181,0.0106592015363276,-0.0188567218137905,-0.0075779102044180036,-0.039705516304820776,-0.03212760610040277,-43.825867,0.0
5,598,44138,3.0,1.0,-2.0,2.0,1.0,-1.0,0.04481804,0.04481804,-51.466187,-2.1779842,0.0018234551,0.0054644234,0.000490278,4.1339546e-05,0.2930735,0.32373258,0.03065908,0.35247022,0.39669225,0.044222027,0.37513942,0.42242816,0.047288746,0.3846236,0.4305642,0.045940608,3.0,1.0,-2.0,0.04611754,0.09093558,0.04481804,0.002030806,0.046599403,0.0445686,0.04985261,0.089206226,0.039353617,0.044086736,0.044336177,0.0002494417,-0.0037350692,0.0017293543,0.0054644234,0.004064683,0.0041060224,4.1339546e-05,0.0,1.0,1.0,10,10,0,7,10,3,0.7,1.0,0.30000000000000004,1.3,1.0,-0.30000000000000004,0.04611754044890404,0.09093558043241501,0.04481803998351097,0.0023895588819868863,0.04724961593747139,0.0448600570554845,0.040581374615430835,0.08651723489165306,0.04593586027622222,0.04372798129916191,0.04368596449494362,-4.201680421828807e-05,0.005536165833473205,0.004418345540761948,-0.0011178202927112574,-51.466187,0.30000000000000004
5,599,44144,20.0,236.0,216.0,1.0,8.0,7.0,0.02539118,0.02539118,-20.159515,-0.29193687,-0.00504788,-0.014567252,-0.005123727,-0.017635234,0.17532416,0.14162429,-0.03369987,0.04544191,0.11002167,0.06457976,0.03429206,0.115657255,0.0813652,0.056683667,0.1253203,0.06863663,20.0,236.0,216.0,0.033475794,0.058866974,0.02539118,0.002135942,0.04720427,0.045068327,0.049812645,0.08977108,0.039958432,0.03133985,0.011662703,-0.019677147,-0.01633685,-0.030904103,-0.014567252,-0.010367025,-0.028002258,-0.017635234,0.0,0.0,0.0,8,8,0,0,0,0,0.0,0.0,0.0,7.625,75.125,67.5,0.03347579389810562,0.05886697396636009,0.02539118006825447,0.002514431471354328,0.04771846951916814,0.04520403804781381,0.0464109443128109,0.08627988304942846,0.039868938736617565,0.03096136264503002,0.011148504447191954,-0.019812858197838068,-0.012935150414705276,-0.02741290908306837,-0.014477758668363094,-20.159515,0.0
5,600,44184,50.0,66.0,16.0,4.0,6.0,2.0,0.046232723,0.046232723,-82.01849,-2.811596,0.0034463406,-0.0084107295,0.00063319877,-0.007292792,-0.17450501,-0.25566852,-0.08116351,-0.3312651,-0.2552654,0.07599968,-0.32902315,-0.2794673,0.049555838,-0.34164098,-0.29389828,0.047742695,50.0,66.0,16.0,0.02434548,0.0705782,0.046232723,0.0062287985,0.04735559,0.04112679,0.03611487,0.09075832,0.054643452,0.01811668,0.023222614,0.005105933,-0.011769392,-0.020180121,-0.0084107295,-0.010141946,-0.017434739,-0.007292792,0.0,0.0,0.0,9,9,0,0,0,0,0.0,0.0,0.0,14.88888888888889,19.77777777777778,4.888888888888889,0.024345479905605316,0.0705782026052475,0.04623272269964218,0.005969917660372125,0.04742306346694628,0.04145314580657416,0.03468772230876817,0.0867841127845976,0.05209639047582944,0.018375562503933907,0.023155139138301212,0.004779576634367306,-0.01034224240316285,-0.01620591017935011,-0.0058636677761872615,-82.01849,0.0
5,601,44324,1.0,1.0,0.0,1.0,1.0,0.0,0.050529208,0.050529208,-21.577118,-0.22930336,-0.0002994649,-0.006607063,0.00052109733,-0.0074635334,0.55856127,0.5228866,-0.03567469,0.32810748,0.3652275,0.037120014,0.33498862,0.37045127,0.035462648,0.37475815,0.4041509,0.02939275,1.0,1.0,0.0,0.047019128,0.097548336,0.050529208,0.0020846466,0.05036838,0.048283733,0.038243774,0.095380045,0.05713627,0.04493448,0.047179956,0.0022454746,0.008775353,0.0021682903,-0.006607063,0.012551498,0.0050879642,-0.0074635334,1.0,1.0,0.0,7,7,0,7,7,0,1.0,1.0,0.0,1.0,1.0,0.0,0.04701912775635719,0.09754833579063416,0.05052920803427696,0.002371994179806539,0.05061486629503114,0.0482428721152246,0.037082956305571964,0.09369780016796929,0.056614843862397325,0.04464713377611978,0.046933469495603015,0.0022863357194832373,0.009936171450785227,0.00385053562266486,-0.006085635828120367,-21.577118,0.0
5,602,44339,1.0,85.0,84.0,1.0,1.0,0.0,0.02481687,0.02481687,-41.07794,-1.2204628,-0.0033780038,-0.028370019,-0.005665764,-0.027189735,0.50543696,0.5047067,-0.0007302761,0.43428132,0.39196345,-0.042317867,0.46611962,0.40883365,-0.057285964,0.4932161,0.4420212,-0.051194906,1.0,85.0,84.0,0.0429677,0.06778457,0.02481687,-0.0027974392,0.045967437,0.048764877,0.04000659,0.09319348,0.05318689,0.04576514,0.021817133,-0.023948006,0.0029611103,-0.025408909,-0.028370019,0.006303873,-0.020885862,-0.027189735,1.0,0.0,-1.0,10,10,0,10,0,-10,1.0,0.0,-1.0,1.0,27.3,26.3,0.042967699468135834,0.06778457015752792,0.02481687068939209,-0.00259612409863621,0.04636598154902458,0.04896210564766079,0.03731819987297058,0.08905997201800346,0.05174177214503288,0.04556382335722446,0.02141858860850334,-0.02414523474872112,0.005649499595165253,-0.02127540186047554,-0.026924901455640794,-41.07794,-1.0
5,603,44369,23.0,187.0,164.0,2.0,2.0,0.0,0.028536903,0.028536903,-93.10684,-3.65728,0.0010846835,-0.021278715,-0.00057468005,-0.0202369,0.42190793,0.37156117,-0.050346762,0.35592356,0.36415142,0.008227855,0.36514872,0.3665923,0.0014435649,0.40819865,0.389918,-0.018280655,23.0,187.0,164.0,0.030726517,0.05926342,0.028536903,0.00050780136,0.044409834,0.043902032,0.045524947,0.095340565,0.049815618,0.030218715,0.0148535855,-0.015365129,-0.014798431,-0.036077145,-0.021278715,-0.010927958,-0.031164858,-0.0202369,0.0,0.0,0.0,8,8,0,0,0,0,0.0,0.0,0.0,7.125,52.875,45.75,0.030726516619324684,0.05926341935992241,0.028536902740597725,0.00022782347377869883,0.044206331949681044,0.043978508475902345,0.042080499697476625,0.09146451484411955,0.04938401514664292,0.03049869299866259,0.015057087410241365,-0.015441605588421226,-0.011353983078151941,-0.03220109548419714,-0.0208471124060452,-93.10684,0.0
5,604,44412,1.0,9.0,8.0,2.0,3.0,1.0,0.047755364,0.047755364,-13.185577,0.3496151,0.002924066,-0.010453422,0.0002834797,-0.0108159,0.26954174,0.20287862,-0.066663116,0.13514256,0.21556903,0.08042647,0.124532096,0.2228674,0.0983353,0.15817426,0.24137257,0.08319831,1.0,9.0,8.0,0.040982593,0.08873796,0.047755364,0.0015779708,0.047040403,0.045462433,0.039862983,0.09807177,0.058208786,0.039404623,0.041697554,0.002292931,0.0011196099,-0.009333812,-0.010453422,0.0044677965,-0.0063481033,-0.0108159,1.0,0.0,-1.0,7,7,0,7,1,-6,1.0,0.14285714285714285,-0.8571428571428572,1.0,2.857142857142857,1.8571428571428572,0.04098259285092354,0.08873795717954636,0.04775536432862282,0.0011953447745846851,0.04648116709930556,0.04528582232472088,0.03698675228016717,0.09471354527132851,0.05772679299116134,0.0397872483091695,0.042256790080240796,0.002469541771071296,0.003995840570756367,-0.005975588091782161,-0.009971428662538528,-13.185577,-0.8571428571428572
5,605,44705,87.0,450.0,363.0,17.0,49.0,32.0,0.02739726,0.02739726,-10.019653,0.6905575,-0.0014461726,-0.00889425,-0.0015670285,-0.016104259,0.0738045,0.10167276,0.027868263,0.0954083,0.056106105,-0.039302193,0.09272512,0.034910608,-0.057814512,0.0961771,0.044295233,-0.05188187,87.0,450.0,363.0,0.02578006,0.05317732,0.02739726,0.011781062,0.050751798,0.038970735,0.054227963,0.09051947,0.03629151,0.013998997,0.0024255216,-0.011573476,-0.028447904,-0.037342153,-0.00889425,-0.020013258,-0.036117516,-0.016104259,0.0,0.0,0.0,10,10,0,0,0,0,0.0,0.0,0.0,26.9,139.4,112.5,0.02578005939722061,0.05317731946706772,0.027397260069847107,0.011793327797204257,0.05136253461241722,0.03956920681521296,0.048413051292300224,0.0895811878144741,0.04116813652217388,0.013986731600016355,0.0018147848546504973,-0.012171946745365857,-0.022632991895079613,-0.03640386834740639,-0.013770876452326775,-10.019653,0.0
5,606,44720,1.0,54.0,53.0,1.0,1.0,0.0,0.019159045,0.019159045,-51.89142,-1.8492565,-0.0028356165,-0.035263307,-0.0058258325,-0.03436911,0.03218214,0.16604052,0.13385838,0.050774127,0.1913683,0.14059417,0.050988298,0.20254986,0.15156156,0.053612348,0.21559286,0.16198051,1.0,54.0,53.0,0.052309718,0.07146876,0.019159045,0.0038542992,0.047560524,0.043706223,0.039726477,0.09414883,0.054422352,0.048455417,0.023908239,-0.024547178,0.012583241,-0.022680067,-0.035263307,0.015485108,-0.018884003,-0.03436911,1.0,0.0,-1.0,8,8,0,8,0,-8,1.0,0.0,-1.0,1.0,15.75,14.75,0.05230971798300743,0.0714687630534172,0.019159045070409775,0.0039133823302108794,0.04725066525861621,0.04333728292840533,0.03602512995712459,0.08939409535378218,0.053368965396657586,0.04839633544906974,0.024218097794800997,-0.02417823765426874,0.01628458802588284,-0.01792533230036497,-0.03420992032624781,-51.89142,-1.0
5,607,44729,11.0,46.0,35.0,1.0,1.0,0.0,0.038546287,0.038546287,-49.78134,-1.520834,-0.002365034,0.0070361346,-0.004572138,-0.0053266473,0.1602458,0.20704015,0.04679434,0.13806966,0.16322562,0.025155962,0.1325161,0.14057842,0.008062318,0.15399882,0.17039931,0.016400486,11.0,46.0,35.0,0.03919013,0.077736415,0.038546287,0.01154378,0.050140038,0.038596258,0.06272458,0.094234735,0.031510152,0.027646348,0.027596377,-4.9971044e-05,-0.023534454,-0.01649832,0.0070361346,-0.009785499,-0.015112147,-0.0053266473,0.0,0.0,0.0,10,10,0,0,0,0,0.0,0.0,0.0,4.1,16.1,12.000000000000002,0.039190128445625305,0.07773641496896744,0.03854628652334213,0.011721434351056815,0.050450478494167325,0.038729044143110514,0.05205861926078796,0.09333392605185509,0.041275306791067126,0.027468694001436235,0.02728593647480011,-0.00018275752663612574,-0.01286849081516266,-0.01559751108288765,-0.00272902026772499,-49.78134,0.0
5,608,44736,8.0,376.0,368.0,1.0,1.0,0.0,0.017712213,0.017712213,-54.85144,-1.6794376,-0.005170066,-0.030719526,-0.0075209886,-0.02871437,-0.06512508,-0.10931753,-0.044192456,-0.13253392,-0.112316884,0.020217039,-0.1320404,-0.10820291,0.023837484,-0.12891369,-0.11258321,0.016330473,8.0,376.0,368.0,0.039711103,0.057423316,0.017712213,0.012468467,0.05229377,0.039825305,0.04578168,0.09421342,0.04843174,0.027242636,0.005129546,-0.02211309,-0.0060705766,-0.036790103,-0.030719526,-0.0033113249,-0.032025695,-0.02871437,0.0,0.0,0.0,10,10,0,1,0,-1,0.1,0.0,-0.1,3.0,114.0,111.0,0.03971110284328461,0.057423315942287445,0.017712213099002838,0.012353035155683756,0.05246510989964008,0.040112074743956325,0.04253418184816837,0.08908581286668778,0.046551631018519404,0.027358067594468592,0.004958206042647362,-0.02239986155182123,-0.002823079004883766,-0.03166249692440033,-0.028839417919516566,-54.85144,-0.1
5,609,44844,1.0,6.0,5.0,1.0,1.0,0.0,0.035168048,0.035168048,-22.782104,-0.15787506,-0.004176963,-0.021680754,-0.0059249774,-0.018623475,0.023083022,0.09883116,0.07574814,0.16052222,0.053410646,-0.10711157,0.17095163,0.05264652,-0.11830512,0.17147979,0.060911857,-0.110567935,1.0,6.0,5.0,0.05350552,0.08867357,0.035168048,0.004671542,0.04923931,0.04456777,0.044198997,0.1010478,0.0568488,0.04883398,0.039434258,-0.009399723,0.009306524,-0.01237423,-0.021680754,0.013766389,-0.0048570856,-0.018623475,1.0,0.0,-1.0,8,8,0,8,2,-6,1.0,0.25,-0.75,1.0,2.25,1.25,0.05350552126765251,0.08867356926202774,0.03516804799437523,0.004369833099190146,0.04927070951089263,0.044900876411702484,0.04095296375453472,0.09037980623543262,0.0494268424808979,0.04913568822667003,0.03940285975113511,-0.009732828475534916,0.01255255751311779,-0.0017062369734048843,-0.014258794486522675,-22.782104,-0.75
5,610,44971,292.0,17.0,-275.0,363.0,222.0,-141.0,0.068725914,0.068725914,-39.377167,-0.92808914,0.018003654,0.027126256,0.015498824,0.018225376,0.18865071,0.1715225,-0.017128214,0.13867928,0.23499323,0.09631395,0.12481774,0.22590446,0.10108673,0.13853884,0.22148514,0.0829463,292.0,17.0,-275.0,0.014094329,0.082820244,0.068725914,0.007978047,0.050858725,0.042880677,0.049531158,0.091130815,0.041599657,0.006116282,0.03196152,0.025845237,-0.035436828,-0.008310571,0.027126256,-0.024273116,-0.0060477406,0.018225376,0.0,0.0,0.0,11,11,0,0,0,0,0.0,0.0,0.0,88.72727272727273,6.0,-82.72727272727273,0.014094329439103603,0.08282024413347244,0.06872591469436884,0.008116787384179506,0.05094934762878851,0.042832560244609005,0.04400527782060883,0.08864720368927176,0.044641925868662925,0.005977542054924098,0.03187089650468393,0.02589335444975983,-0.029910947450182655,-0.005826959555799311,0.024083987894383346,-39.377167,0.0
5,611,44980,1.0,56.0,55.0,1.0,1.0,0.0,0.025204923,0.025204923,-59.783417,-2.6019878,0.005261354,-0.02913217,0.003894722,-0.031350918,0.362223,0.38262066,0.020397663,0.18267591,-0.005620086,-0.188296,0.18364373,0.0056407554,-0.17800297,0.22195454,0.073837005,-0.14811754,1.0,56.0,55.0,0.036058195,0.061263118,0.025204923,-0.012487669,0.03990722,0.05239489,0.028313583,0.08265068,0.05433709,0.048545863,0.021355897,-0.027189966,0.007744612,-0.021387558,-0.02913217,0.013366235,-0.017984685,-0.031350918,1.0,0.0,-1.0,7,7,0,7,0,-7,1.0,0.0,-1.0,1.0,16.428571428571427,15.428571428571427,0.03605819493532181,0.06126311793923378,0.025204923003911972,-0.011951649162386144,0.039979054991688044,0.05193070415407419,0.024249562195369175,0.07830785321337837,0.05405829101800919,0.048009843698569706,0.021284062947545732,-0.026725780751023973,0.011808632739952632,-0.01704473527414458,-0.028853368014097214,-59.783417,-1.0
5,612,45129,2.0,10.0,8.0,1.0,1.0,0.0,0.046415575,0.046415575,-30.521912,-0.5607834,0.00014437735,-0.008668404,-0.0039003342,-0.0058236346,0.115682855,0.34030014,0.22461729,0.26740345,0.117463954,-0.1499395,0.27220365,0.11749799,-0.15470567,0.27820426,0.16112061,-0.117083654,2.0,10.0,8.0,0.04045642,0.086872,0.046415575,0.006602165,0.05011792,0.043515757,0.043340016,0.098423995,0.05508398,0.033854257,0.036754075,0.0028998181,-0.0028835945,-0.011551999,-0.008668404,0.0016070232,-0.0042166114,-0.0058236346,0.0,0.0,0.0,13,13,0,8,0,-8,0.6153846153846154,0.0,-0.6153846153846154,1.3846153846153846,3.6923076923076925,2.307692307692308,0.04045642167329788,0.08687199652194977,0.046415574848651886,0.006836469070269511,0.050368755482710324,0.043532286412440814,0.03950016343822846,0.0928827438216943,0.05338258038346584,0.03361995260302837,0.036503241039239444,0.002883288436211072,0.0009562582350694216,-0.0060107472997445325,-0.006967005534813954,-30.521912,-0.6153846153846154
5,613,45213,5.0,59.0,54.0,1.0,2.0,1.0,0.0394453,0.0394453,-63.304535,-2.661129,-0.0008415915,-0.012661468,-0.0032043979,-0.01664146,0.09559212,0.11830312,0.022711001,0.11174035,0.16885604,0.05711569,0.11335789,0.17022398,0.056866094,0.12466026,0.17520757,0.05054731,5.0,59.0,54.0,0.034185532,0.07363083,0.0394453,0.0053480766,0.04803492,0.042686846,0.041853778,0.093960546,0.052106768,0.028837455,0.02559591,-0.0032415446,-0.0076682456,-0.020329714,-0.012661468,-0.0023747832,-0.019016244,-0.01664146,0.0,0.0,0.0,9,9,0,3,0,-3,0.3333333333333333,0.0,-0.3333333333333333,2.3333333333333335,20.22222222222222,17.88888888888889,0.03418553248047829,0.07363083213567734,0.03944529965519905,0.005345691305895646,0.04831076330608792,0.04296507200019227,0.036144810625248484,0.0927663106057379,0.05662149998048941,0.028839841071102355,0.02532006882958942,-0.0035197722415129355,-0.0019592781447701985,-0.01913547847006056,-0.017176200325290363,-63.304535,-0.3333333333333333
5,614,45356,1.0,2.0,1.0,1.0,1.0,0.0,0.026970811,0.026970811,-75.09592,-2.2169113,-0.0077055655,-0.031018712,-0.01135578,-0.028420635,0.5704522,0.5372398,-0.033212423,0.5319097,0.3023098,-0.2295999,0.5094886,0.27771083,-0.23177776,0.5439499,0.3196198,-0.2243301,1.0,2.0,1.0,0.07259048,0.09956129,0.026970811,0.005559007,0.04881298,0.043253973,0.041865997,0.09985552,0.057989523,0.06703147,0.050748307,-0.016283166,0.03072448,-0.00029423088,-0.031018712,0.032972187,0.0045515522,-0.028420635,1.0,0.0,-1.0,13,13,0,13,11,-2,1.0,0.8461538461538461,-0.15384615384615385,1.0,1.1538461538461537,0.15384615384615374,0.07259047776460648,0.09956128895282745,0.026970811188220978,0.005424826907423826,0.0487707916360635,0.04334596472863968,0.04038823195374929,0.09380572002667648,0.053417488072927184,0.06716565100046304,0.05079049731676395,-0.016375153683699087,0.032202245810857184,0.005755568926150982,-0.026446676884706203,-75.09592,-0.15384615384615385
5,615,45595,8.0,47.0,39.0,155.0,3.0,-152.0,0.051763564,0.051763564,-49.526398,-2.351677,0.01864416,-0.007515708,0.01720397,-0.010208456,0.23026387,0.28323817,0.0529743,-0.0057407687,-0.02664801,-0.02090724,-0.025766458,-0.043605387,-0.017838929,-0.0011575298,-0.012057873,-0.010900344,8.0,47.0,39.0,0.017211279,0.068974845,0.051763564,-0.013734371,0.04063861,0.05437298,0.028950017,0.08822929,0.059279274,0.030945651,0.028336234,-0.0026094168,-0.011738738,-0.019254446,-0.007515708,-0.005681807,-0.015890263,-0.010208456,0.0,0.0,0.0,11,11,0,2,0,-2,0.18181818181818182,0.0,-0.18181818181818182,2.6363636363636362,15.636363636363637,13.0,0.017211278900504112,0.06897484511137009,0.051763566210865974,-0.013730113225227053,0.04087598452513868,0.054606097750365734,0.021781202236359768,0.08534354106946425,0.06356233883310448,0.030941392210396854,0.028098860586231404,-0.002842531624165451,-0.0045699233358556576,-0.016368695958094162,-0.011798772622238505,-49.526398,-0.18181818181818182
5,616,45632,3.0,15.0,12.0,4.0,2.0,-2.0,0.043200318,0.043200318,-56.54065,-2.3774986,0.0070176683,-0.0076845847,0.0050122514,-0.0078688525,0.062830836,0.16379333,0.10096249,0.23630008,0.19051053,-0.045789555,0.24616466,0.19732015,-0.048844516,0.25002116,0.21644336,-0.0335778,3.0,15.0,12.0,0.04222318,0.0854235,0.043200318,0.003147867,0.04943459,0.046286725,0.04890766,0.09979256,0.050884902,0.039075315,0.03598891,-0.0030864067,-0.0066844784,-0.014369063,-0.0076845847,2.3487955e-05,-0.0078453645,-0.0078688525,0.0,0.0,0.0,8,8,0,5,0,-5,0.625,0.0,-0.625,1.5,4.75,3.25,0.04222318157553673,0.08542349934577942,0.04320031777024269,0.0030692395812366158,0.04965217038989067,0.046582930808654055,0.041879262775182724,0.09196842648088932,0.050089163705706596,0.03915394190698862,0.03577132895588875,-0.0033826129510998726,0.0003439188003540039,-0.006544927135109901,-0.006888845935463905,-56.54065,-0.625
5,617,45746,42.0,658.0,616.0,15.0,16.0,1.0,0.018092142,0.018092142,-17.152283,0.2528286,0.007293036,-0.034536526,0.0015219431,-0.03438262,0.2963738,0.28126386,-0.015109956,0.037262827,-0.16378434,-0.20104717,0.07916548,-0.13871036,-0.21787584,0.13043106,-0.05538033,-0.18581139,42.0,658.0,616.0,0.024653351,0.042745493,0.018092142,0.00671326,0.048272472,0.041559212,0.038763646,0.091392316,0.05262867,0.017940091,-0.0055269785,-0.02346707,-0.014110295,-0.048646823,-0.034536526,-0.011118444,-0.04550106,-0.03438262,0.0,0.0,0.0,10,10,0,0,0,0,0.0,0.0,0.0,14.2,196.8,182.60000000000002,0.024653350934386253,0.04274549335241318,0.018092142418026924,0.006899738917127252,0.048320045322179796,0.041420306405052544,0.03575102426111698,0.08754658326506615,0.051795559003949165,0.017753612250089645,-0.0055745519697666165,-0.023328164219856264,-0.011097673326730728,-0.04480108991265297,-0.03370341658592224,-17.152283,0.0
5,618,45750,57.0,486.0,429.0,5.0,3.0,-2.0,0.024960246,0.024960246,-60.25345,-2.1020794,0.0050721318,-0.020471402,0.00207364,-0.023276828,0.4408327,0.35240328,-0.08842942,0.43782163,0.41793767,-0.01988396,0.4989459,0.4749187,-0.024027199,0.5379804,0.4964796,-0.041500777,57.0,486.0,429.0,0.021545697,0.046505943,0.024960246,0.0029039243,0.04622431,0.043320388,0.03850049,0.08393214,0.045431647,0.018641774,0.00028163195,-0.018360142,-0.016954795,-0.037426196,-0.020471402,-0.012802459,-0.036079288,-0.023276828,0.0,0.0,0.0,7,7,0,0,0,0,0.0,0.0,0.0,20.142857142857142,148.42857142857142,128.28571428571428,0.02154569700360298,0.046505942940711975,0.024960245937108994,0.0027502195443958044,0.04620711345757757,0.04345689391318176,0.034138216504028866,0.08293466482843671,0.04879644832440785,0.018795477226376534,0.00029882948313440593,-0.01849664774324213,-0.012592519500425883,-0.03642872188772474,-0.023836202387298853,-60.25345,0.0
5,619,45837,11.0,356.0,345.0,2.0,1.0,-1.0,0.021194771,0.021194771,-91.83688,-3.689087,0.005681999,-0.022676677,0.00036595576,-0.025211874,-0.05526857,0.17450021,0.22976878,-0.26838347,-0.20457058,0.0638129,-0.27194488,-0.21750624,0.054438636,-0.26736745,-0.20409843,0.06326902,11.0,356.0,345.0,0.033508435,0.054703206,0.021194771,0.0064351335,0.048017073,0.04158194,0.04430213,0.088173576,0.043871447,0.027073301,0.0066861324,-0.020387169,-0.010793693,-0.03347037,-0.022676677,-0.0070349313,-0.032246806,-0.025211874,0.0,0.0,0.0,8,8,0,0,0,0,0.0,0.0,0.0,4.0,109.625,105.625,0.033508434891700745,0.054703205823898315,0.02119477093219757,0.006780654948670417,0.04835860524326563,0.04157795029459521,0.04058325896039605,0.08739994000643492,0.046816681046038866,0.02672778000123799,0.006344600580632687,-0.020383179420605302,-0.007074824068695307,-0.0326967341825366,-0.025621910113841295,-91.83688,0.0
5,620,45843,17.0,434.0,417.0,7.0,4.0,-3.0,0.016939903,0.016939903,-49.431488,-1.8370705,0.00059586205,-0.03482656,0.0023422558,-0.029575037,0.7418073,0.7174314,-0.024375856,0.7424542,0.68075037,-0.0617038,0.7591348,0.6998135,-0.059321344,0.7740834,0.72120404,-0.052879333,17.0,434.0,417.0,0.029982524,0.046922427,0.016939903,-0.007144906,0.044028115,0.05117302,0.04178074,0.0935472,0.051766463,0.03712743,0.0028943121,-0.03423312,-0.011798216,-0.046624776,-0.03482656,-0.009401405,-0.038976442,-0.029575037,0.0,0.0,0.0,3,3,0,0,0,0,0.0,0.0,0.0,3.6666666666666665,133.66666666666666,130.0,0.02998252399265766,0.04692242667078972,0.016939902678132057,-0.007100732841839393,0.044419957945744194,0.05152069078758359,0.03723053385814031,0.08335419992605846,0.046123666067918144,0.03708325574795405,0.002502468725045522,-0.034580787022908524,-0.007248009865482648,-0.03643177325526873,-0.029183763389786083,-49.431488,0.0
5,621,45945,34.0,109.0,75.0,27.0,18.0,-9.0,0.04126414,0.04126414,-40.615448,-0.9547882,0.007477492,-0.015197702,0.00603956,-0.014746852,-0.048233498,-0.031833827,0.01639967,0.10451936,0.29506359,0.19054422,0.10752982,0.30376753,0.19623771,0.09796751,0.2832684,0.18530089,34.0,109.0,75.0,0.028049678,0.06931382,0.04126414,0.006262069,0.049162917,0.04290085,0.04091297,0.09737481,0.05646184,0.021787608,0.0201509,-0.0016367082,-0.012863293,-0.028060995,-0.015197702,-0.010498919,-0.02524577,-0.014746852,0.0,0.0,0.0,8,8,0,0,0,0,0.0,0.0,0.0,11.875,34.625,22.75,0.02804967761039734,0.06931381672620773,0.041264139115810394,0.006208823062479496,0.049454559572041035,0.04324573650956154,0.03906787373125553,0.09423622209578753,0.055168348364531994,0.021840854082256556,0.0198592571541667,-0.001981596928089857,-0.011018196120858192,-0.024922405369579792,-0.0139042092487216,-40.615448,0.0
5,622,45981,5.0,337.0,332.0,8.0,10.0,2.0,0.019835189,0.019835189,-17.773071,-0.30709648,0.003960382,-0.02784485,0.002291903,-0.030992657,0.039072778,0.14759335,0.10852057,-0.09958055,-0.063973665,0.035606883,-0.114898965,-0.082786694,0.03211227,-0.10269777,-0.058794413,0.043903355,5.0,337.0,332.0,0.03470047,0.054535657,0.019835189,0.0020557246,0.047562297,0.045506574,0.043236736,0.090916775,0.04768004,0.032644745,0.0069733597,-0.025671385,-0.008536268,-0.036381118,-0.02784485,-0.00304503,-0.034037687,-0.030992657,0.0,0.0,0.0,9,9,0,1,0,-1,0.1111111111111111,0.0,-0.1111111111111111,2.3333333333333335,99.88888888888889,97.55555555555556,0.03470046818256378,0.05453565716743469,0.01983518898487091,0.0021026995576297245,0.04758520465758112,0.045482505099951394,0.03846717211935255,0.08861876610252592,0.05015159398317337,0.03259776863786909,0.006950452509853575,-0.025647316128015515,-0.003766703936788771,-0.03408310893509123,-0.030316404998302456,-17.773071,-0.1111111111111111
5,623,45982,11.0,74.0,63.0,4.0,1.0,-3.0,0.0374365,0.0374365,-31.66043,-0.5060501,0.0055171736,-0.007593561,0.0015704595,-0.008149967,0.28905115,0.3988934,0.10984224,0.1806457,0.21925172,0.038606018,0.16224772,0.21305546,0.050807744,0.1923815,0.25354943,0.061167926,11.0,74.0,63.0,0.034953453,0.07238995,0.0374365,0.004136296,0.048232403,0.044096105,0.046468046,0.09149811,0.04503006,0.030817157,0.02415755,-0.0066596065,-0.011514593,-0.019108154,-0.007593561,-0.008338347,-0.016488314,-0.008149967,0.0,0.0,0.0,11,11,0,0,0,0,0.0,0.0,0.0,3.8181818181818183,23.181818181818183,19.363636363636367,0.03495345264673233,0.07238995283842087,0.03743650019168854,0.004054119344800711,0.04849324409257282,0.04443912474777211,0.043281924656846306,0.08884516832503406,0.04556324366818775,0.030899333174933086,0.02389670874584805,-0.007002624429085037,-0.008328472010113976,-0.016455215486613186,-0.00812674347649921,-31.66043,0.0
5,624,45999,2.0,2.0,0.0,1.0,1.0,0.0,0.047071397,0.047071397,-59.87793,-1.9045982,-0.003481239,-0.00080614164,-0.0013398603,-0.00091246516,0.28876275,0.34185803,0.05309528,0.0657212,0.124186546,0.058465347,0.05979659,0.11337134,0.053574752,0.09102908,0.14965767,0.05862859,2.0,2.0,0.0,0.045041554,0.09211295,0.047071397,0.00478955,0.04856979,0.04378024,0.046417434,0.09429497,0.04787754,0.040252004,0.04354316,0.0032911561,-0.0013758801,-0.0021820217,-0.00080614164,0.0025236458,0.0016111806,-0.00091246516,0.0,0.0,0.0,9,9,0,9,6,-3,1.0,0.6666666666666666,-0.33333333333333337,1.0,1.3333333333333333,0.33333333333333326,0.04504155367612839,0.0921129509806633,0.04707139730453491,0.004854310459146897,0.04909163092573484,0.044237320466587945,0.040867484278149076,0.09165867583619224,0.05079119155804316,0.04018724337220192,0.04302132005492846,0.00283407668272654,0.004174069397979313,0.0004542751444710626,-0.00371979425350825,-59.87793,-0.33333333333333337
5,625,46002,2.0,52.0,50.0,12.0,2.0,-10.0,0.03900859,0.03900859,-25.900726,-0.46595764,0.0065974966,-0.008073568,0.0055022202,-0.015108824,0.22471134,0.16773732,-0.056974024,-0.046075236,-0.017192146,0.02888309,-0.05241079,-0.027494384,0.024916405,-0.016699083,0.0002400775,0.016939161,2.0,52.0,50.0,0.037879188,0.07688778,0.03900859,-0.0008115715,0.048132643,0.048944216,0.048306193,0.09538835,0.04708216,0.03869076,0.028755136,-0.009935625,-0.010427006,-0.018500574,-0.008073568,-0.00054543465,-0.015654258,-0.015108824,0.0,0.0,0.0,7,7,0,4,0,-4,0.5714285714285714,0.0,-0.5714285714285714,1.4285714285714286,15.285714285714286,13.857142857142858,0.03787918761372566,0.07688777893781662,0.03900859132409096,-0.000827939066117064,0.04857881473643439,0.049406753802551454,0.040739605735455243,0.09236375242471695,0.051624146689261706,0.03870712646416256,0.02830896420138223,-0.010398162262780328,-0.0028604181217295782,-0.01547597348690033,-0.012615555365170752,-25.900726,-0.5714285714285714
5,626,46036,2.0,15.0,13.0,1.0,1.0,0.0,0.02383031,0.02383031,-76.48764,-3.195118,-0.005954683,-0.019540865,-0.0057520866,-0.01907222,-0.014447595,-0.11443001,-0.09998242,0.13234937,0.04858885,-0.08376052,0.117381126,0.03231453,-0.085066594,0.10656381,0.01462671,-0.091937095,2.0,15.0,13.0,0.056904055,0.080734365,0.02383031,0.0035497954,0.045839936,0.04229014,0.05712687,0.10049804,0.043371174,0.05335426,0.03489443,-0.01845983,-0.00022281334,-0.019763678,-0.019540865,0.006231323,-0.012840897,-0.01907222,0.0,0.0,0.0,16,16,0,10,0,-10,0.625,0.0,-0.625,1.375,4.75,3.375,0.056904055178165436,0.08073436468839645,0.023830309510231018,0.0036531676159938797,0.04608211386948824,0.04242894625349436,0.050252227345481515,0.09366442915052176,0.04341220180504024,0.05325088696554303,0.034652250818908215,-0.018598636146634817,0.006651827832683921,-0.012930064462125301,-0.019581892294809222,-76.48764,-0.625
5,627,46101,5.0,83.0,78.0,1.0,1.0,0.0,0.029147647,0.029147647,-79.925415,-3.1227245,-0.004439354,-0.015909534,-0.0070263743,-0.016773313,0.73429745,0.72671336,-0.007584095,0.64862245,0.59190124,-0.05672121,0.65349364,0.59691066,-0.056582987,0.6768037,0.63990086,-0.036902845,5.0,83.0,78.0,0.042855255,0.0720029,0.029147647,0.004822812,0.049394373,0.04457156,0.04658601,0.09164319,0.04505718,0.038032442,0.02260853,-0.015423913,-0.0037307553,-0.01964029,-0.015909534,-0.001172334,-0.017945647,-0.016773313,0.0,0.0,0.0,7,7,0,4,0,-4,0.5714285714285714,0.0,-0.5714285714285714,1.4285714285714286,23.0,21.571428571428573,0.04285525530576706,0.07200290262699127,0.029147647321224213,0.004835677466222218,0.04916935147983687,0.044333674013614655,0.0415510247860636,0.09082516708544322,0.04927414229937962,0.03801957783954484,0.0228335511471544,-0.015186026692390442,0.0013042305197034562,-0.018822264458451952,-0.02012649497815541,-79.925415,-0.5714285714285714
5,628,46136,36.0,545.0,509.0,53.0,45.0,-8.0,0.019302767,0.019302767,-86.11487,-3.2471638,0.0033480637,-0.027036615,0.0048191845,-0.030598484,0.1348173,0.19032969,0.055512384,-0.052187618,-0.013169008,0.03901861,-0.017231766,-0.013878259,0.0033535073,0.008568857,0.034711573,0.026142716,36.0,545.0,509.0,0.021623913,0.04092668,0.019302767,-0.0002761969,0.04282458,0.043100778,0.041900437,0.08823982,0.04633938,0.02190011,-0.0018979013,-0.023798011,-0.020276524,-0.04731314,-0.027036615,-0.015320532,-0.045919016,-0.030598484,0.0,0.0,0.0,7,7,0,0,0,0,0.0,0.0,0.0,13.0,166.57142857142858,153.57142857142858,0.021623913198709488,0.04092667996883392,0.019302766770124435,0.00011055937336225594,0.0432446151971817,0.04313405582381945,0.038109391927719116,0.08627392032316752,0.04816452839544841,0.021513354033231735,-0.0023179352283477783,-0.023831289261579514,-0.01648547872900963,-0.04534724035433361,-0.02886176162532398,-86.11487,0.0
5,629,46150,3.0,132.0,129.0,4.0,1.0,-3.0,0.03072979,0.03072979,-70.91681,-2.9406624,0.0040903576,-0.033290364,0.004441865,-0.02727466,0.35962424,0.28287464,-0.07674959,0.3392966,0.3091154,-0.0301812,0.34667328,0.3248058,-0.021867484,0.35615993,0.33442712,-0.021732807,3.0,132.0,129.0,0.03583389,0.06656368,0.03072979,-0.00096594146,0.04818601,0.049151953,0.041793626,0.10581378,0.06402016,0.036799833,0.01837767,-0.018422164,-0.0059597343,-0.0392501,-0.033290364,-0.00086388737,-0.028138548,-0.02727466,0.0,0.0,0.0,8,8,0,5,0,-5,0.625,0.0,-0.625,1.5,40.875,39.375,0.03583389148116112,0.066563680768013,0.030729789286851883,-0.0009931497402249079,0.04840887850150466,0.04940202824172957,0.03695314843207598,0.09296137373894453,0.05600822530686855,0.03682704083621502,0.01815480226650834,-0.01867223856970668,-0.0011192569509148598,-0.02639769297093153,-0.02527843602001667,-70.91681,-0.625
5,630,46160,1.0,2.0,1.0,1.0,1.0,0.0,0.035130855,0.035130855,-37.06372,-1.0717335,-0.006618943,-0.019304123,-0.005924072,-0.012386095,0.40121475,0.43695214,0.035737395,0.38493887,0.50447637,0.1195375,0.4067305,0.5294598,0.12272927,0.42939484,0.5410776,0.11168277,1.0,2.0,1.0,0.059397165,0.09452802,0.035130855,0.0037683214,0.047895182,0.04412686,0.04665515,0.101090126,0.054434977,0.055628844,0.046632838,-0.008996006,0.012742016,-0.0065621063,-0.019304123,0.01561616,0.003230065,-0.012386095,1.0,0.0,-1.0,3,3,0,3,2,-1,1.0,0.6666666666666666,-0.33333333333333337,1.0,1.3333333333333333,0.33333333333333326,0.05939716473221779,0.09452801942825317,0.035130854696035385,0.004927207405368487,0.04939878235260645,0.04447157494723797,0.04243826369444529,0.09270832190910976,0.050270058214664466,0.05446995794773102,0.04512923707564672,-0.009340720872084297,0.016958901037772495,0.0018196975191434224,-0.015139203518629072,-37.06372,-0.33333333333333337
5,631,46274,2.0,82.0,80.0,1.0,1.0,0.0,0.026793674,0.026793674,-27.106934,-0.2837944,-0.0051827654,-0.018097527,-0.004878372,-0.020534776,0.25370032,0.26230374,0.008603424,0.16976117,0.17506039,0.0052992254,0.17079823,0.18723142,0.016433194,0.19653358,0.20837145,0.01183787,2.0,82.0,80.0,0.04621779,0.073011465,0.026793674,0.008343127,0.051505305,0.04316218,0.04808817,0.09297937,0.0448912,0.037874665,0.02150616,-0.016368505,-0.0018703789,-0.019967906,-0.018097527,0.0025183111,-0.018016465,-0.020534776,0.0,0.0,0.0,9,9,0,6,0,-6,0.6666666666666666,0.0,-0.6666666666666666,1.3333333333333333,28.444444444444443,27.11111111111111,0.046217791736125946,0.07301146537065506,0.026793673634529114,0.00852090772241354,0.051991131570604115,0.043470223848190576,0.04474626936846309,0.09117616381910112,0.04642989445063803,0.03769688391023212,0.021020333800050948,-0.01667655011018117,0.0014715223676628536,-0.01816469844844606,-0.019636220816108916,-27.106934,-0.6666666666666666
5,632,46321,1.0,49.0,48.0,1.0,1.0,0.0,0.01752939,0.01752939,-96.14627,-4.807024,-0.0005224608,-0.0301232,-0.0017504245,-0.029171135,0.08339607,0.07249216,-0.01090391,0.17264634,0.13099037,-0.041655973,0.18973309,0.08045122,-0.10928187,0.18534085,0.08556237,-0.09977848,1.0,49.0,48.0,0.050217018,0.06774641,0.01752939,-0.004270871,0.04101607,0.04528694,0.039964933,0.087617524,0.04765259,0.054487888,0.02673034,-0.027757548,0.010252085,-0.019871116,-0.0301232,0.01598848,-0.013182655,-0.029171135,1.0,0.0,-1.0,8,8,0,8,0,-8,1.0,0.0,-1.0,1.0,16.875,15.875,0.05021701753139496,0.06774640828371048,0.01752939075231552,-0.0039361722592730075,0.04154923325404525,0.045485405513318256,0.0327758826315403,0.08009480405598879,0.04731892142444849,0.05415318952873349,0.02619717502966523,-0.02795601449906826,0.01744113489985466,-0.012348395772278309,-0.02978953067213297,-96.14627,-1.0
5,633,46372,13.0,116.0,103.0,1.0,1.0,0.0,0.031052083,0.031052083,-27.077637,-0.273283,0.00031508878,-0.012767661,-0.004339164,-0.011497192,-0.067673,0.027325507,0.09499851,0.16032512,-0.037775315,-0.19810045,0.15258649,-0.03811461,-0.1907011,0.14647825,-0.034942888,-0.18142113,13.0,116.0,103.0,0.038401708,0.06945379,0.031052083,0.0147303175,0.050658964,0.035928644,0.04893313,0.092752874,0.043819744,0.02367139,0.018794827,-0.0048765633,-0.010531422,-0.023299083,-0.012767661,-0.008317746,-0.019814938,-0.011497192,0.0,0.0,0.0,9,9,0,0,0,0,0.0,0.0,0.0,5.222222222222222,39.111111111111114,33.88888888888889,0.038401708006858826,0.06945379078388214,0.031052082777023315,0.015179260323445002,0.05120372730824682,0.03602446698480182,0.04630014341738489,0.08855570604403813,0.04225556262665324,0.023222447683413822,0.018250063475635316,-0.004972384207778506,-0.007898435410526063,-0.019101915260155995,-0.011203479849629931,-27.077637,0.0
5,634,46380,1.0,93.0,92.0,1.0,1.0,0.0,0.021896847,0.021896847,-41.908783,-1.4730587,-0.0070351474,-0.030744392,-0.007016927,-0.032459132,0.52347696,0.51664805,-0.006828904,0.36664674,0.401118,0.034471273,0.39098325,0.42170462,0.030721366,0.43456885,0.45820376,0.02363491,1.0,93.0,92.0,0.04956782,0.071464665,0.021896847,0.005562811,0.049758453,0.04419564,0.047586907,0.100228146,0.05264124,0.044005007,0.021706212,-0.022298794,0.001980912,-0.02876348,-0.030744392,0.0076507926,-0.02480834,-0.032459132,1.0,0.0,-1.0,3,3,0,3,0,-3,1.0,0.0,-1.0,1.0,28.333333333333332,27.333333333333332,0.0495678186416626,0.0714646652340889,0.0218968465924263,0.005887721199542284,0.05011611804366112,0.044228396844118834,0.04250210523605347,0.09663814802964528,0.05413604279359181,0.0436800979077816,0.02134854719042778,-0.02233155071735382,0.007065713405609131,-0.025173482795556385,-0.03223919620116551,-41.908783,-1.0
5,635,46460,2.0,83.0,81.0,1.0,1.0,0.0,0.01817083,0.01817083,-41.81601,-1.3190193,-0.004457228,-0.023930278,-0.0058844723,-0.032249127,0.2563491,0.4140071,0.15765801,0.24026293,0.11388555,-0.12637737,0.25533777,0.11997446,-0.13536331,0.28303465,0.18227914,-0.10075551,2.0,83.0,81.0,0.052892204,0.071063034,0.01817083,0.008283441,0.0475235,0.03924006,0.059348658,0.101449765,0.042101108,0.044608764,0.023539536,-0.021069229,-0.0064564534,-0.030386731,-0.023930278,0.0068294294,-0.025419697,-0.032249127,0.0,0.0,0.0,9,9,0,5,0,-5,0.5555555555555556,0.0,-0.5555555555555556,1.4444444444444444,28.0,26.555555555555557,0.052892204374074936,0.07106303423643112,0.018170829862356186,0.008498327547891272,0.04794057665599717,0.0394422491081059,0.05024179692069689,0.09749642345640394,0.04725462653570705,0.04439387718836466,0.02312245758043395,-0.021271419607930712,0.0026504074533780417,-0.026433389219972823,-0.029083796673350863,-41.81601,-0.5555555555555556
5,636,46462,1.0,53.0,52.0,1.0,1.0,0.0,0.020420209,0.020420209,-50.34973,-1.5098286,-0.004623983,-0.02329402,-0.004571896,-0.024838068,-0.5744677,-0.5927576,-0.018289864,-0.23308714,-0.39069307,-0.15760593,-0.21025194,-0.39758515,-0.18733321,-0.26346284,-0.43553925,-0.1720764,1.0,53.0,52.0,0.052955493,0.0733757,0.020420209,0.010971483,0.05066666,0.039695177,0.046660867,0.090375096,0.04371423,0.04198401,0.022709042,-0.019274969,0.0062946267,-0.016999394,-0.02329402,0.010072537,-0.014765531,-0.024838068,1.0,0.0,-1.0,9,9,0,9,0,-9,1.0,0.0,-1.0,1.0,14.444444444444445,13.444444444444445,0.052955493330955505,0.07337570190429688,0.02042020857334137,0.010996508412063122,0.05079536843631002,0.0397988600242469,0.04003166572915183,0.08745930592219035,0.04742764019303852,0.041958984401490956,0.022580333467986848,-0.019378650933504108,0.012923827601803673,-0.014083604017893473,-0.027007431619697146,-50.34973,-1.0
5,637,46480,1.0,22.0,21.0,1.0,1.0,0.0,0.025976602,0.025976602,-78.480225,-2.7356567,-0.0038037077,-0.021788776,-0.00271843,-0.02350922,0.26440692,0.31300175,0.048594832,0.45331496,0.2577007,-0.19561425,0.4367094,0.2589092,-0.17780021,0.46077535,0.2859992,-0.17477614,1.0,22.0,21.0,0.054890435,0.08086704,0.025976602,0.005797249,0.047519937,0.04172269,0.047576595,0.09534197,0.047765378,0.049093187,0.0333471,-0.015746087,0.00731384,-0.014474936,-0.021788776,0.010846227,-0.012662992,-0.02350922,1.0,0.0,-1.0,4,4,0,4,0,-4,1.0,0.0,-1.0,1.0,7.75,6.75,0.05489043518900871,0.08086703717708588,0.025976601988077164,0.006343827350065112,0.048292214050889015,0.0419483867008239,0.044921924360096455,0.09216713905334473,0.04724521469324827,0.04854660853743553,0.03257482312619686,-0.01597178541123867,0.009968510828912258,-0.01130010187625885,-0.021268612705171108,-78.480225,-1.0
5,638,46523,3.0,26.0,23.0,1.0,1.0,0.0,0.03552265,0.03552265,-38.251312,-1.1060619,-0.0023977011,-0.01039362,-0.0030398108,-0.015631296,0.3619211,0.34041607,-0.021505028,0.33056,0.35866308,0.028103083,0.34229997,0.35399464,0.01169467,0.3731834,0.3783656,0.0051822066,3.0,26.0,23.0,0.044921737,0.08044439,0.03552265,0.0079411,0.050276577,0.042335477,0.0506703,0.09658657,0.04591627,0.036980636,0.03016781,-0.006812826,-0.0057485625,-0.016142182,-0.01039362,0.0021587163,-0.013472579,-0.015631296,0.0,0.0,0.0,10,10,0,5,0,-5,0.5,0.0,-0.5,1.6,8.5,6.9,0.04492173716425896,0.08044438809156418,0.03552265092730522,0.008288877690210939,0.050518755614757535,0.0422298779245466,0.0428196057677269,0.09395148009061813,0.05113187432289123,0.036632859334349635,0.02992563247680664,-0.006707226857542995,0.0021021313965320586,-0.013507091999053955,-0.015609223395586014,-38.251312,-0.5
5,639,46642,1.0,169.0,168.0,1.0,1.0,0.0,0.0122617595,0.0122617595,-35.95511,-0.97008514,-0.0002418533,-0.02921116,-0.0058355965,-0.028524742,0.41252825,0.40788034,-0.0046479106,0.23594496,0.18459603,-0.051348925,0.21807797,0.17404398,-0.04403399,0.2574591,0.21499425,-0.042464852,1.0,169.0,168.0,0.05101485,0.06327661,0.0122617595,0.0074484665,0.04818564,0.040737174,0.04876204,0.09023496,0.04147292,0.043566383,0.015090972,-0.028475411,0.0022528134,-0.026958346,-0.02921116,0.0054743662,-0.023050375,-0.028524742,1.0,0.0,-1.0,8,8,0,8,0,-8,1.0,0.0,-1.0,1.0,53.625,52.625,0.05101485177874565,0.06327661126852036,0.012261759489774704,0.007465970469638705,0.0485551287420094,0.041089158272370696,0.045876726508140564,0.08484791498631239,0.038971188478171825,0.04354888200759888,0.014721482526510954,-0.028827399481087923,0.005138125270605087,-0.021571303717792034,-0.02670942898839712,-35.95511,-1.0
5,640,46661,5.0,18.0,13.0,4.0,9.0,5.0,0.047314208,0.047314208,-48.339813,-1.6630116,0.00077289715,-0.0111055225,-0.0007447414,-0.00450195,0.103976876,0.1382071,0.034230217,-0.022261383,0.017501358,0.039762743,-0.034682937,0.027024422,0.06170736,-0.015082351,0.04532556,0.06040791,5.0,18.0,13.0,0.03396895,0.08128316,0.047314208,0.0015716312,0.047101315,0.045529682,0.039501417,0.09792115,0.05841973,0.03239732,0.034181844,0.0017845258,-0.005532466,-0.016637988,-0.0111055225,-0.003240455,-0.007742405,-0.00450195,0.0,0.0,0.0,13,13,0,2,0,-2,0.15384615384615385,0.0,-0.15384615384615385,2.4615384615384617,6.0,3.5384615384615383,0.03396895155310631,0.08128315955400467,0.04731420800089836,0.0015224527361659477,0.04696849704935001,0.04544604431318406,0.03733550370312654,0.08935742366772431,0.05202191996459777,0.032446498481126934,0.03431466250465466,0.001868164023527727,-0.0033665521500202324,-0.008074264113719646,-0.0047077119636994135,-48.339813,-0.15384615384615385
5,641,46806,27.0,440.0,413.0,1.0,2.0,1.0,0.015788354,0.015788354,-52.57138,-1.3866577,-0.01060955,-0.026975121,-0.0107115,-0.026477095,-0.22942016,-0.25291428,-0.023494124,-0.2843192,-0.17704938,0.10726981,-0.2770106,-0.17879203,0.09821856,-0.28873613,-0.20349343,0.0852427,27.0,440.0,413.0,0.03908074,0.054869093,0.015788354,0.01802934,0.05223734,0.034208,0.054416012,0.09717949,0.042763475,0.0210514,0.0026317537,-0.018419646,-0.015335273,-0.042310394,-0.026975121,-0.011897784,-0.03837488,-0.026477095,0.0,0.0,0.0,7,7,0,0,0,0,0.0,0.0,0.0,9.428571428571429,133.42857142857142,123.99999999999999,0.03908073902130127,0.054869093000888824,0.015788353979587555,0.018148518034390042,0.052621573741946905,0.03447305570755686,0.05119220007743154,0.0939387498157365,0.042746549738304954,0.020932220986911228,0.002247519258941923,-0.018684701727969304,-0.012111461056130273,-0.03906965681484768,-0.026958195758717406,-52.57138,0.0
5,642,46835,1.0,442.0,441.0,1.0,1.0,0.0,0.0076800548,0.0076800548,-64.623535,-2.3049774,0.0026493557,-0.037929844,0.001265265,-0.040217098,0.7522462,0.77825946,0.026013255,0.66927004,0.8172946,0.14802456,0.7253431,0.8266535,0.10131037,0.75058895,0.8543764,0.10378742,1.0,442.0,441.0,0.040850375,0.04853043,0.0076800548,-0.00011635638,0.046455476,0.046571832,0.040303126,0.085913025,0.0456099,0.04096673,0.0020749532,-0.038891777,0.00054724887,-0.037382595,-0.037929844,0.0043461956,-0.035870902,-0.040217098,1.0,0.0,-1.0,9,9,0,9,0,-9,1.0,0.0,-1.0,1.0,135.88888888888889,134.88888888888889,0.04085037484765053,0.04853042960166931,0.007680054754018784,0.00019214677740819752,0.046708433578411736,0.04651628680100354,0.03705751026670138,0.08473260121213065,0.04767509094542927,0.040658227685425014,0.0018219960232575734,-0.03883623166216744,0.0037928645809491477,-0.03620217161046134,-0.03999503619141049,-64.623535,-1.0
5,643,46861,1.0,14.0,13.0,1.0,1.0,0.0,0.028510354,0.028510354,-58.83365,-2.249937,-0.0024613254,-0.025789808,-0.0023056604,-0.0273196,0.3446535,0.41978973,0.075136244,0.32459277,0.12479694,-0.19979583,0.3493763,0.15205285,-0.19732344,0.42016366,0.19918136,-0.2209823,1.0,14.0,13.0,0.049458258,0.07796861,0.028510354,-0.010107086,0.040616143,0.05072323,0.03352653,0.08782669,0.054300163,0.059565343,0.03735247,-0.022212874,0.01593173,-0.009858079,-0.025789808,0.021250768,-0.006068833,-0.0273196,1.0,0.0,-1.0,6,6,0,6,0,-6,1.0,0.0,-1.0,1.0,4.166666666666667,3.166666666666667,0.04945825785398483,0.07796861231327057,0.028510354459285736,-0.009901065845042467,0.041268727431694664,0.05116979327673713,0.025422795365254085,0.08339975277582805,0.05797695741057396,0.05935932323336601,0.036699884881575905,-0.022659438351790108,0.024035462488730747,-0.005431140462557475,-0.029466602951288223,-58.83365,-1.0
5,644,47033,10.0,16.0,6.0,2.0,1.0,-1.0,0.042607993,0.042607993,-99.863556,-4.2233677,0.008447275,0.0055631623,0.0061525423,0.0010356978,0.56048244,0.48185247,-0.07862997,0.53934646,0.40920883,-0.13013762,0.54490733,0.40673354,-0.13817379,0.5649765,0.43034413,-0.13463238,10.0,16.0,6.0,0.032861926,0.07546992,0.042607993,-0.0010614361,0.04319764,0.044259075,0.051082455,0.088127285,0.03704483,0.03392336,0.03227228,-0.0016510822,-0.018220529,-0.012657367,0.0055631623,-0.0076092705,-0.0065735728,0.0010356978,0.0,0.0,0.0,13,13,0,1,0,-1,0.07692307692307693,0.0,-0.07692307692307693,4.153846153846154,5.076923076923077,0.9230769230769225,0.03286192566156387,0.07546991854906082,0.04260799288749695,-0.0007251598245392626,0.043605138189517535,0.044330298014056795,0.04219998276004425,0.0826801210641861,0.04048013830414185,0.03358708551296821,0.031864780359543286,-0.001722305153424926,-0.009338057098480372,-0.007210202515125275,0.002127854583355097,-99.863556,-0.07692307692307693
5,645,47070,7.0,50.0,43.0,3.0,2.0,-1.0,0.029571697,0.029571697,-48.522736,-2.091898,0.0049962588,0.00080235675,0.00020633265,-0.0032336712,0.53467023,0.5605706,0.025900364,0.41460264,0.27493897,-0.13966367,0.40377283,0.26661697,-0.13715586,0.4458267,0.3509211,-0.094905615,7.0,50.0,43.0,0.0370659,0.0666376,0.029571697,-0.0044020093,0.04215989,0.046561897,0.056491386,0.08526073,0.02876934,0.04146791,0.02447771,-0.0169902,-0.019425485,-0.018623129,0.00080235675,-0.011952542,-0.015186213,-0.0032336712,0.0,0.0,0.0,9,9,0,0,0,0,0.0,0.0,0.0,3.5555555555555554,17.666666666666668,14.111111111111112,0.03706590086221695,0.06663759797811508,0.029571697115898132,-0.004058754744215144,0.042701909939448036,0.04676066468366318,0.053845536377694875,0.08210336416959763,0.02825782779190275,0.04112465555469195,0.023935688038667042,-0.017188967516024906,-0.016779635515477922,-0.015465766191482544,0.001313869323995378,-48.522736,0.0
5,646,47099,1.0,93.0,92.0,1.0,1.0,0.0,0.025638785,0.025638785,-74.20505,-2.8903103,-0.006063953,-0.034691993,-0.007497575,-0.03133718,0.23554063,0.22221068,-0.013329953,0.19547181,0.20840193,0.012930125,0.17577294,0.20379677,0.028023839,0.18547758,0.21093628,0.025458694,1.0,93.0,92.0,0.041774224,0.06741301,0.025638785,0.0014640625,0.04722403,0.04575997,0.03856407,0.09889485,0.06033078,0.040310163,0.02018898,-0.020121183,0.0032101534,-0.03148184,-0.034691993,0.007925786,-0.023411393,-0.03133718,1.0,0.0,-1.0,10,10,0,10,0,-10,1.0,0.0,-1.0,1.0,29.4,28.4,0.04177422448992729,0.06741300970315933,0.02563878521323204,0.0015317906509153545,0.04734881818294525,0.045817027532029896,0.03400486558675766,0.09130245298147202,0.05729758739471436,0.04024243354797363,0.020064191520214082,-0.02017824202775955,0.007769358903169632,-0.02388944327831268,-0.031658802181482315,-74.20505,-1.0
5,647,47200,2.0,36.0,34.0,4.0,10.0,6.0,0.03141382,0.03141382,-45.618683,-1.0613136,-0.0037906133,-0.007387869,-0.0040287003,-0.011991855,0.2516442,0.23940562,-0.012238577,0.31594655,0.20099473,-0.11495182,0.28021878,0.19955648,-0.080662295,0.29340434,0.2144739,-0.07893044,2.0,36.0,34.0,0.046554882,0.0779687,0.03141382,0.013735293,0.051732596,0.0379973,0.049510736,0.088312425,0.03880169,0.032819588,0.026236106,-0.006583482,-0.002955854,-0.010343723,-0.007387869,0.0026624016,-0.009329453,-0.011991855,0.0,0.0,0.0,8,8,0,6,0,-6,0.75,0.0,-0.75,1.25,10.625,9.375,0.04655488207936287,0.07796870172023773,0.03141381964087486,0.013814831618219614,0.05160809867084026,0.03779326705262065,0.043625029269605875,0.08686840161681175,0.04324337234720588,0.03274004999548197,0.02636060304939747,-0.006379446946084499,0.0029298528097569942,-0.00889969989657402,-0.011829552706331015,-45.618683,-0.75
5,648,47290,10.0,70.0,60.0,5.0,16.0,11.0,0.034572747,0.034572747,7.98703,1.6045151,0.003166765,-0.0212125,-0.0015857704,-0.018395241,0.63969284,0.5870993,-0.05259353,0.25565818,0.3477693,0.09211111,0.3458158,0.4047105,0.058894694,0.43235937,0.471564,0.039204627,10.0,70.0,60.0,0.03757931,0.072152056,0.034572747,0.010790856,0.04970417,0.038913317,0.043017685,0.09880293,0.055785246,0.026788455,0.022447884,-0.0043405704,-0.005438376,-0.026650876,-0.0212125,-0.004031945,-0.022427186,-0.018395241,0.0,0.0,0.0,8,8,0,0,0,0,0.0,0.0,0.0,4.25,21.375,17.125,0.037579309195280075,0.07215205579996109,0.034572746604681015,0.010881395195610821,0.050007148645818233,0.03912575345020741,0.0414289990440011,0.0926846256479621,0.05125562660396099,0.02669791365042329,0.022144907154142857,-0.004553006496280432,-0.0038496898487210274,-0.020532569848001003,-0.016682879999279976,7.98703,0.0
5,649,47293,15.0,64.0,49.0,3.0,1.0,-2.0,0.037025962,0.037025962,-67.71735,-2.2470284,0.0041379444,-0.00915486,0.0035703182,-0.010435611,0.2886438,0.31322432,0.024580508,0.3351084,0.27879226,-0.056316137,0.33637196,0.26230153,-0.074070424,0.3472147,0.29014507,-0.05706963,15.0,64.0,49.0,0.036382023,0.073407985,0.037025962,0.007855243,0.049714334,0.04185909,0.047675498,0.09385632,0.046180822,0.02852678,0.023693651,-0.0048331283,-0.011293475,-0.020448335,-0.00915486,-0.008067772,-0.018503383,-0.010435611,0.0,0.0,0.0,9,9,0,0,0,0,0.0,0.0,0.0,6.111111111111111,19.333333333333332,13.222222222222221,0.03638202324509621,0.07340798527002335,0.03702596202492714,0.008142530245499479,0.04979912978079584,0.041656599535296365,0.04566051231490241,0.09238037301434411,0.0467198606994417,0.028239493154817157,0.023608855489227507,-0.004630637665589649,-0.009278489069806205,-0.018972387744320765,-0.00969389867451456,-67.71735,0.0
5,650,47321,11.0,325.0,314.0,2.0,1.0,-1.0,0.021766406,0.021766406,-43.313416,-1.4412041,0.0021366589,-0.0358924,3.296882e-06,-0.032233994,0.07802265,0.121424146,0.043401495,0.046018157,-0.11475417,-0.16077232,0.067554,-0.107312076,-0.17486608,0.0759127,-0.0791776,-0.1550903,11.0,325.0,314.0,0.03335979,0.055126194,0.021766406,0.0026941942,0.046743695,0.0440495,0.043861628,0.101520434,0.057658806,0.030665595,0.008382499,-0.022283096,-0.010501839,-0.04639424,-0.0358924,-0.0057312027,-0.037965197,-0.032233994,0.0,0.0,0.0,7,7,0,0,0,0,0.0,0.0,0.0,4.714285714285714,100.14285714285714,95.42857142857143,0.03335978835821152,0.05512619391083717,0.021766405552625656,0.002539894942726408,0.046797268092632294,0.04425737314990589,0.039543730872018,0.09080576364483152,0.05126203277281352,0.030819893681577275,0.00832892581820488,-0.022490967863372395,-0.0061839425138064796,-0.035679569733994346,-0.029495627220187864,-43.313416,0.0
5,651,47408,2.0,42.0,40.0,3.0,3.0,0.0,0.03212579,0.03212579,-77.95578,-3.471798,0.0016760454,-0.02201764,0.00039137527,-0.018677805,0.5875467,0.67559326,0.08804655,0.4329599,0.4939284,0.06096849,0.4139409,0.51444,0.10049909,0.45929417,0.5535244,0.094230205,2.0,42.0,40.0,0.04146025,0.07358604,0.03212579,0.0002489421,0.04681331,0.046564367,0.042807482,0.09695091,0.05414343,0.041211307,0.02677273,-0.014438577,-0.0013472326,-0.023364872,-0.02201764,0.0037177838,-0.014960021,-0.018677805,0.0,0.0,0.0,9,9,0,6,0,-6,0.6666666666666666,0.0,-0.6666666666666666,1.3333333333333333,13.0,11.666666666666666,0.041460249572992325,0.07358603924512863,0.03212578967213631,0.0005648831106049733,0.047373356918493904,0.04680847380788893,0.03945960642562972,0.08745271960894267,0.04799311318331295,0.04089536642034849,0.026212682326634724,-0.014682684093713764,0.002000643147362603,-0.013866680363814035,-0.01586732351117664,-77.95578,-0.6666666666666666
5,652,47598,1.0,128.0,127.0,7.0,11.0,4.0,0.015274707,0.015274707,-71.50748,-2.6716175,-0.00036615506,-0.032272924,0.0012638979,-0.031394314,0.16224274,0.10200612,-0.060236618,0.0742106,0.105389744,0.031179145,0.0864904,0.09572751,0.009237111,0.106783114,0.10740544,0.00062232465,1.0,128.0,127.0,0.05184305,0.06711776,0.015274707,0.0072859474,0.04788305,0.0405971,0.04228331,0.08983094,0.04754763,0.044557102,0.01923471,-0.025322393,0.009559739,-0.022713184,-0.032272924,0.010399785,-0.02099453,-0.031394314,1.0,0.0,-1.0,11,11,0,11,0,-11,1.0,0.0,-1.0,1.0,38.63636363636363,37.63636363636363,0.05184305086731911,0.06711775809526443,0.015274707227945328,0.0073018260300159454,0.04800043085759336,0.040698604827577416,0.04108609292994846,0.0880123024637049,0.04692620953375643,0.04454122517596592,0.01911732723767107,-0.02542389793829485,0.010756957937370647,-0.020894544368440456,-0.031651502305811104,-71.50748,-1.0
5,653,47600,5.0,78.0,73.0,3.0,6.0,3.0,0.03263844,0.03263844,-75.43683,-2.4515877,-0.0038433596,-0.0174767,-0.0023672618,-0.016523551,0.13778974,0.2125577,0.07476796,0.23711096,0.20176792,-0.035343036,0.23712674,0.20346533,-0.03366141,0.23440096,0.21599703,-0.018403932,5.0,78.0,73.0,0.038561802,0.071200244,0.03263844,0.0060584196,0.048139166,0.042080745,0.046029482,0.096144624,0.050115142,0.03250338,0.023061078,-0.009442303,-0.0074676797,-0.02494438,-0.0174767,-0.0035989694,-0.02012252,-0.016523551,0.0,0.0,0.0,7,7,0,2,0,-2,0.2857142857142857,0.0,-0.2857142857142857,2.142857142857143,26.142857142857142,24.0,0.038561802357435226,0.07120024412870407,0.032638441771268845,0.0061823176220059395,0.04853684348719461,0.04235452586518867,0.04271122972880091,0.09041642610515867,0.047705196376357756,0.03237948513456753,0.022663400641509464,-0.009716084493058066,-0.004149427371365684,-0.0192161819764546,-0.015066754605088916,-75.43683,-0.2857142857142857
5,654,47614,41.0,449.0,408.0,14.0,7.0,-7.0,0.025847828,0.025847828,-7.626068,0.4611225,0.004823897,-0.023544272,0.0040725637,-0.026012892,0.15558034,0.09933836,-0.05624198,0.13688713,-0.08695337,-0.2238405,0.13379978,-0.098795995,-0.23259577,0.15278523,-0.08579329,-0.23857851,41.0,449.0,408.0,0.023730388,0.049578216,0.025847828,0.002715226,0.04724286,0.044527635,0.040564757,0.08995686,0.0493921,0.021015162,0.0023353547,-0.018679807,-0.016834369,-0.04037864,-0.023544272,-0.013278859,-0.03929175,-0.026012892,0.0,0.0,0.0,5,5,0,0,0,0,0.0,0.0,0.0,12.8,139.0,126.2,0.023730387911200523,0.049578215926885605,0.02584782801568508,0.0029156457632780073,0.04784456193447113,0.04492891617119313,0.037657012790441514,0.08775202631950378,0.05009501352906227,0.020814741775393487,0.0017336539924144745,-0.01908108778297901,-0.01392662487924099,-0.03817381039261818,-0.024247185513377185,-7.626068,0.0
5,655,47656,3.0,255.0,252.0,2.0,7.0,5.0,0.013492454,0.013492454,-26.247314,-0.28217888,-1.661852e-05,-0.02371502,-0.0035437755,-0.028457928,0.00082770037,0.023634244,0.022806544,0.23357108,0.25395957,0.020388484,0.18111269,0.20609683,0.024984136,0.16623275,0.19292991,0.026697159,3.0,255.0,252.0,0.04729846,0.060790915,0.013492454,0.010575175,0.04903918,0.038464006,0.053956967,0.09116444,0.037207473,0.036723286,0.011751734,-0.024971552,-0.0066585056,-0.030373525,-0.02371502,-0.00030769408,-0.028765623,-0.028457928,0.0,0.0,0.0,10,10,0,6,0,-6,0.6,0.0,-0.6,1.4,82.7,81.3,0.04729846119880676,0.06079091504216194,0.013492453843355179,0.010739422962069511,0.049647555127739905,0.03890813216567039,0.04782095365226269,0.08965202122926712,0.04183106757700443,0.03655903823673725,0.011143359914422035,-0.025415678322315213,-0.000522492453455925,-0.02886110618710518,-0.028338613733649255,-26.247314,-0.6
5,656,47687,1.0,62.0,61.0,1.0,1.0,0.0,0.030454416,0.030454416,-48.60254,-1.7520485,-0.0042774975,-0.025830097,-0.0061062463,-0.020867992,0.18337154,0.16281097,-0.020560578,0.12713546,0.18923385,0.0620984,0.12783436,0.1957084,0.06787403,0.14190224,0.20760052,0.06569828,1.0,62.0,61.0,0.042906333,0.07336075,0.030454416,0.010309941,0.049120173,0.03881023,0.040158387,0.0964429,0.056284513,0.03259639,0.024240576,-0.008355815,0.0027479455,-0.023082152,-0.025830097,0.0033478253,-0.017520167,-0.020867992,1.0,0.0,-1.0,10,10,0,10,0,-10,1.0,0.0,-1.0,1.0,19.2,18.2,0.04290633276104927,0.07336074858903885,0.030454415827989578,0.010584334656596184,0.049637102708220485,0.039052768051624304,0.03938207998871803,0.09224977344274521,0.05286769345402718,0.03232199810445309,0.023723645880818368,-0.008598352223634722,0.003524252772331238,-0.01888902485370636,-0.0224132776260376,-48.60254,-1.0
5,657,48157,38.0,468.0,430.0,10.0,10.0,0.0,0.02149575,0.02149575,-10.88678,0.34972954,0.0005169865,-0.030681754,0.0012958683,-0.03241703,0.23114055,0.12353255,-0.107608005,0.020754516,0.05792384,0.037169322,0.023482354,0.056946654,0.033464298,0.05041886,0.071373805,0.020954944,38.0,468.0,430.0,0.026691413,0.048187163,0.02149575,0.005441261,0.046770427,0.041329168,0.044460364,0.09663787,0.052177504,0.021250151,0.0014167354,-0.019833416,-0.017768951,-0.048450705,-0.030681754,-0.013807179,-0.04622421,-0.03241703,0.0,0.0,0.0,6,6,0,0,0,0,0.0,0.0,0.0,13.333333333333334,147.83333333333334,134.5,0.026691412553191185,0.04818716272711754,0.021495750173926353,0.005854945474614699,0.047684344152609505,0.0418293986779948,0.04260554350912571,0.09655995666980743,0.053954413160681725,0.0208364666129152,0.0005028185745080312,-0.02033364803840717,-0.015914130955934525,-0.048372793942689896,-0.03245866298675537,-10.88678,0.0
5,658,48260,2.0,53.0,51.0,2.0,12.0,10.0,0.035199247,0.035199247,-29.242462,-0.4350624,-0.0045193173,-0.006574884,-0.0067645647,-0.010233246,0.11653551,0.16258566,0.046050154,-0.031616643,-0.06010441,-0.028487768,-0.03718986,-0.07456226,-0.0373724,-0.024541443,-0.05234232,-0.027800879,2.0,53.0,51.0,0.04100216,0.07620141,0.035199247,0.013227367,0.050897527,0.03767016,0.049098946,0.09087308,0.04177413,0.027774796,0.025303882,-0.0024709143,-0.008096784,-0.014671668,-0.006574884,-0.0005121082,-0.010745354,-0.010233246,0.0,0.0,0.0,7,7,0,6,0,-6,0.8571428571428571,0.0,-0.8571428571428571,1.1428571428571428,16.571428571428573,15.42857142857143,0.04100216180086136,0.0762014091014862,0.03519924730062485,0.013578025757202081,0.05129226563232286,0.03771423987512078,0.04121423991663115,0.08738378009625844,0.04616954017962729,0.02742413617670536,0.02490914346916335,-0.0025149927075420117,-0.00021207811576979502,-0.01118237099477223,-0.010970292879002435,-29.242462,-0.8571428571428571
5,659,48374,11.0,214.0,203.0,8.0,12.0,4.0,0.025158975,0.025158975,-79.92224,-3.1878948,-0.0027948357,-0.017164115,-0.0015920065,-0.020378064,0.15093477,0.10979977,-0.041135,0.11394046,0.011381298,-0.102559164,0.15064782,0.05171727,-0.09893055,0.16276044,0.06878391,-0.09397653,11.0,214.0,203.0,0.03158006,0.056739036,0.025158975,0.0036409856,0.04575113,0.04211014,0.04437294,0.08669603,0.04232309,0.027939076,0.010987908,-0.016951168,-0.012792878,-0.029956993,-0.017164115,-0.0075649098,-0.027942974,-0.020378064,0.0,0.0,0.0,9,9,0,0,0,0,0.0,0.0,0.0,4.111111111111111,67.55555555555556,63.44444444444444,0.031580060720443726,0.05673903599381447,0.025158975273370743,0.0035559115931391716,0.04584461202224096,0.04228870042910179,0.036900448302427925,0.08462918135854933,0.0477287330561214,0.028024148609903123,0.010894423971573511,-0.01712972463832961,-0.005320387581984202,-0.027890145364734862,-0.02256975778275066,-79.92224,0.0
5,660,48379,4.0,215.0,211.0,3.0,9.0,6.0,0.022595312,0.022595312,-26.334564,-0.40469933,0.0017100535,-0.030801207,-0.0009357706,-0.031686064,0.34039664,0.19303007,-0.14736657,-0.011018789,-0.04432164,-0.03330285,-0.0019941193,-0.044523112,-0.042528994,0.03669969,-0.017085163,-0.053784855,4.0,215.0,211.0,0.03746437,0.06005968,0.022595312,0.0065709394,0.047387324,0.040816385,0.041839372,0.09523589,0.05339652,0.03089343,0.012672357,-0.018221073,-0.0043750033,-0.03517621,-0.030801207,-0.0007493906,-0.032435454,-0.031686064,0.0,0.0,0.0,6,6,0,1,0,-1,0.16666666666666666,0.0,-0.16666666666666666,2.3333333333333335,67.66666666666667,65.33333333333334,0.03746436908841133,0.06005968153476715,0.02259531244635582,0.006470878530914585,0.047753445183237396,0.041282566652322814,0.03930997165540854,0.09431385124723117,0.05500387959182263,0.030993490169445675,0.012306236351529757,-0.018687253817915916,-0.0018456025669972103,-0.03425416971246401,-0.032408567145466805,-26.334564,-0.16666666666666666
5,661,48393,1.0,25.0,24.0,1.0,1.0,0.0,0.020309858,0.020309858,-55.66153,-2.2381477,-0.0031578206,-0.022476148,-0.0036780573,-0.024313696,0.24570073,0.327531,0.08183028,0.09584019,-0.095875755,-0.19171596,0.07777718,-0.12555435,-0.20333153,0.11685431,-0.061434798,-0.17828912,1.0,25.0,24.0,0.05249966,0.07280952,0.020309858,-0.00086926896,0.042404447,0.043273717,0.045560222,0.08834623,0.042786006,0.05336893,0.03040507,-0.02296386,0.0069394372,-0.015536711,-0.022476148,0.014309004,-0.010004692,-0.024313696,1.0,0.0,-1.0,5,5,0,5,0,-5,1.0,0.0,-1.0,1.0,7.6,6.6,0.05249965935945511,0.07280951738357544,0.02030985802412033,-0.0008198187977541238,0.0429265558719635,0.043746374669717626,0.03849868923425674,0.0803577408194542,0.041859051585197454,0.0533194787800312,0.02988296151161194,-0.023436517268419263,0.014000970125198364,-0.007548223435878754,-0.021549193561077117,-55.66153,-1.0
5,662,48422,1.0,33.0,32.0,2.0,1.0,-1.0,0.035532504,0.035532504,-13.309174,0.04346466,0.0043683127,-0.0259084,0.0016079955,-0.025192827,0.3732723,0.3361368,-0.03713551,0.36612266,0.23547521,-0.13064745,0.36879495,0.23646541,-0.13232954,0.38665193,0.2565154,-0.13013652,1.0,33.0,32.0,0.04150804,0.077040546,0.035532504,-0.005236156,0.04629269,0.051528845,0.036079664,0.09752057,0.061440904,0.046744198,0.030747857,-0.01599634,0.0054283775,-0.020480022,-0.0259084,0.009463944,-0.015728883,-0.025192827,1.0,0.0,-1.0,13,13,0,13,0,-13,1.0,0.0,-1.0,1.0,12.153846153846153,11.153846153846153,0.04150804132223129,0.07704054564237595,0.03553250432014465,-0.005233864299952984,0.04650481389119075,0.051738678191143736,0.03024903183373121,0.09417872990553196,0.06392969807180074,0.04674190569382448,0.030535731751185197,-0.01620617394263928,0.011259009488500081,-0.01713818426315601,-0.028397193751656093,-13.309174,-1.0
5,663,48508,4.0,38.0,34.0,22.0,1.0,-21.0,0.040991325,0.040991325,-78.12698,-3.3417473,0.012105893,-0.0020215511,0.012223572,-0.0086083375,0.20306265,0.1982812,-0.004781455,0.04426392,0.09003047,0.045766547,0.07181939,0.09985263,0.028033242,0.112414785,0.13598049,0.023565702,4.0,38.0,34.0,0.03455576,0.075547084,0.040991325,-0.0059980694,0.045005046,0.051003113,0.045787927,0.0888008,0.043012876,0.04055383,0.030542038,-0.010011792,-0.0112321675,-0.013253719,-0.0020215511,-0.002857875,-0.011466213,-0.0086083375,0.0,0.0,0.0,10,10,0,4,0,-4,0.4,0.0,-0.4,2.0,11.9,9.9,0.03455575928092003,0.07554708421230316,0.04099132493138313,-0.005708184977993369,0.045294967293739316,0.05100315227173269,0.03765593394637108,0.08673726171255111,0.04908132776618003,0.04026394411921501,0.030252116918563842,-0.010011827200651167,-0.00310017466545105,-0.011190177500247955,-0.008090002834796904,-78.12698,-0.4
5,664,48530,9.0,379.0,370.0,6.0,8.0,2.0,0.01750854,0.01750854,-49.391663,-1.0495853,0.003887523,-0.0308868,0.0008535236,-0.030534465,0.48814687,0.3745164,-0.11363047,0.24957487,0.043061387,-0.20651348,0.2515555,0.06682505,-0.18473046,0.29815182,0.11443132,-0.1837205,9.0,379.0,370.0,0.037885338,0.05539388,0.01750854,0.010879096,0.05030134,0.039422244,0.050121557,0.0985169,0.04839534,0.027006242,0.005092539,-0.021913704,-0.012236219,-0.043123018,-0.0308868,-0.0066757128,-0.037210178,-0.030534465,0.0,0.0,0.0,10,10,0,1,0,-1,0.1,0.0,-0.1,3.0,113.3,110.3,0.03788533806800842,0.05539387837052345,0.01750854030251503,0.010782067943364382,0.05009529441595077,0.03931322647258639,0.044949070736765864,0.09288101494312287,0.047931944206357005,0.027103270031511785,0.005298583954572678,-0.021804686076939108,-0.007063732668757439,-0.03748713657259941,-0.03042340390384197,-49.391663,-0.1
5,665,48617,8.0,140.0,132.0,7.0,17.0,10.0,0.027659155,0.027659155,-13.506622,0.6316166,0.0029328652,-0.021787003,0.0006423928,-0.01835768,0.026615474,-0.009192116,-0.03580759,0.064874426,0.021038773,-0.043835655,0.08182116,0.024995059,-0.0568261,0.07392442,0.019172283,-0.05475214,8.0,140.0,132.0,0.039454,0.06711315,0.027659155,0.012725292,0.051479552,0.038754262,0.044860706,0.094306864,0.049446158,0.026728706,0.015633602,-0.011095105,-0.0054067075,-0.02719371,-0.021787003,-0.003610842,-0.021968521,-0.01835768,0.0,0.0,0.0,5,5,0,0,0,0,0.0,0.0,0.0,3.6,46.6,43.0,0.03945399820804596,0.06711315363645554,0.027659155428409576,0.013149633444845677,0.05218595564365387,0.0390363221988082,0.04376699924468994,0.08576612025499344,0.0419991210103035,0.026304364576935767,0.014927197992801667,-0.0113771665841341,-0.004313001036643982,-0.0186529666185379,-0.01433996558189392,-13.506622,0.0
5,666,48618,2.0,113.0,111.0,1.0,2.0,1.0,0.029735487,0.029735487,-26.163757,-0.0051994324,-0.007433042,-0.0198473,-0.008127186,-0.021642562,0.22538523,0.16541708,-0.05996816,0.3111464,0.23334657,-0.07779984,0.3151942,0.23855235,-0.07664184,0.32387245,0.24256703,-0.081305414,2.0,113.0,111.0,0.040093932,0.06982942,0.029735487,0.0101386765,0.05200341,0.041864734,0.04278464,0.092367426,0.049582787,0.029955257,0.01782601,-0.012129247,-0.0026907064,-0.022538006,-0.0198473,0.0020111762,-0.019631386,-0.021642562,0.0,0.0,0.0,6,6,0,6,0,-6,1.0,0.0,-1.0,1.0,33.833333333333336,32.833333333333336,0.040093932300806046,0.06982941925525665,0.029735486954450607,0.010135024009893337,0.052138339107235275,0.04200331509734194,0.035843356202046074,0.08939746022224426,0.05355410402019819,0.02995890813569228,0.01769108014802138,-0.012267827987670898,0.004250576098759969,-0.01956804096698761,-0.023818617065747578,-26.163757,-1.0
5,667,48622,8.0,91.0,83.0,1.0,2.0,1.0,0.03452125,0.03452125,-29.901642,-0.49534607,-0.0046776496,-0.013040721,-0.0057285894,-0.016497768,0.01800605,0.04398338,0.025977332,0.010829113,-0.012015396,-0.022844508,0.005120587,-0.0073475433,-0.01246813,0.007207841,-0.0019337932,-0.009141634,8.0,91.0,83.0,0.03724805,0.0717693,0.03452125,0.010837674,0.04918228,0.038344607,0.04863145,0.09619342,0.04756197,0.026410375,0.022587016,-0.0038233586,-0.011383399,-0.02442412,-0.013040721,-0.004492767,-0.020990536,-0.016497768,0.0,0.0,0.0,11,11,0,1,0,-1,0.09090909090909091,0.0,-0.09090909090909091,3.1818181818181817,28.454545454545453,25.272727272727273,0.037248048931360245,0.07176929712295532,0.03452124819159508,0.010833802124993368,0.04919898747043176,0.038365185345438396,0.040906148200685326,0.09333851662549106,0.05243236842480573,0.026414246721701187,0.02257030965252356,-0.0038439370691776276,-0.003658099269325083,-0.021569219502535732,-0.017911120233210648,-29.901642,-0.09090909090909091
5,668,48679,32.0,57.0,25.0,23.0,8.0,-15.0,0.04563147,0.04563147,-60.93808,-2.2218704,0.0049074255,-0.008246824,0.0050720647,-0.009570628,0.049221106,0.097482644,0.04826154,0.1479821,0.08891073,-0.059071377,0.15618014,0.08676654,-0.0694136,0.15871546,0.094992094,-0.06372336,32.0,57.0,25.0,0.02640871,0.07204018,0.04563147,0.0038122379,0.048247263,0.044435024,0.046161212,0.100039504,0.053878292,0.022596471,0.023792915,0.001196444,-0.019752502,-0.027999327,-0.008246824,-0.010098286,-0.019668914,-0.009570628,0.0,0.0,0.0,8,8,0,0,0,0,0.0,0.0,0.0,11.375,19.5,8.125,0.026408709585666656,0.07204017788171768,0.045631468296051025,0.0037363917217589915,0.04835647391155362,0.04462008218979463,0.040297748520970345,0.09495094697922468,0.05465319845825434,0.022672317922115326,0.02368370397016406,0.0010113860480487347,-0.013889038935303688,-0.022910769097507,-0.009021730162203312,-60.93808,0.0
5,669,48681,19.0,108.0,89.0,2.0,1.0,-1.0,0.036572583,0.036572583,-46.59314,-1.4334297,0.0038447063,-0.01240327,0.00089637376,-0.008649951,0.32380694,0.5021776,0.17837065,0.27822733,0.04333437,-0.23489296,0.28999758,0.056250554,-0.23374702,0.3092463,0.12666078,-0.18258552,19.0,108.0,89.0,0.02780039,0.06437297,0.036572583,-0.002664462,0.04547297,0.04813743,0.042824958,0.09180081,0.04897585,0.030464852,0.018900003,-0.011564849,-0.015024567,-0.027427837,-0.01240327,-0.012672896,-0.021322846,-0.008649951,0.0,0.0,0.0,6,6,0,0,0,0,0.0,0.0,0.0,6.0,37.333333333333336,31.333333333333336,0.027800390496850014,0.0643729716539383,0.03657258115708828,-0.0025005366187542677,0.04626150491336981,0.04876204153212408,0.038708275804917015,0.086724903434515,0.048016627629597984,0.030300927348434925,0.018111466740568478,-0.012189460607866447,-0.010907885308067003,-0.022351931780576706,-0.011444046472509703,-46.59314,0.0
5,670,48802,1.0,27.0,26.0,1.0,1.0,0.0,0.030372627,0.030372627,-29.796997,-0.38187408,-0.0017102361,-0.021881495,-0.0057700425,-0.023521837,0.38731235,0.44170594,0.05439359,0.17516129,0.34377787,0.16861658,0.20996419,0.36503166,0.15506747,0.25214145,0.38828826,0.13614681,1.0,27.0,26.0,0.051167563,0.08154019,0.030372627,0.007768023,0.04993282,0.042164795,0.04128774,0.09354186,0.05225412,0.04339954,0.03160737,-0.011792168,0.009879824,-0.012001671,-0.021881495,0.0136440955,-0.009877741,-0.023521837,1.0,0.0,-1.0,9,9,0,9,0,-9,1.0,0.0,-1.0,1.0,10.333333333333334,9.333333333333334,0.0511675626039505,0.08154018968343735,0.030372627079486847,0.00789543293002579,0.050246341774861016,0.04235090884483522,0.037820617771810956,0.09150339166323344,0.05368277389142249,0.043272129777404994,0.03129384790857633,-0.011978281868828662,0.013346944832139544,-0.009963201979796091,-0.023310146811935634,-29.796997,-1.0
5,671,48832,5.0,611.0,606.0,1.0,2.0,1.0,0.0050808378,0.0050808378,-50.382538,-1.051115,-0.012803491,-0.04355897,-0.0140244085,-0.03825451,0.19959305,0.29148594,0.09189288,0.37038812,0.42599493,0.055606812,0.37778723,0.4205379,0.042750657,0.39882648,0.44556725,0.04674077,5.0,611.0,606.0,0.043859076,0.048939914,0.0050808378,0.019555263,0.05244887,0.032893606,0.048785444,0.09742525,0.048639808,0.024303813,-0.0035089552,-0.027812768,-0.0049263686,-0.04848534,-0.04355897,-0.0026082508,-0.04086276,-0.03825451,0.0,0.0,0.0,9,9,0,0,0,0,0.0,0.0,0.0,3.2222222222222223,187.66666666666666,184.44444444444443,0.043859075754880905,0.048939913511276245,0.00508083775639534,0.019589218000570934,0.05279779268635644,0.0332085746857855,0.04823338695698314,0.08918322457207574,0.0409498376150926,0.02426985775430997,-0.0038578791750801932,-0.028127736929390162,-0.004374311202102237,-0.040243311060799494,-0.03586899985869726,-50.382538,0.0
5,672,48839,11.0,165.0,154.0,1.0,1.0,0.0,0.022804935,0.022804935,-50.265778,-1.5305729,-0.005971197,-0.017580088,-0.007831931,-0.019034293,0.45267925,0.65355766,0.20087841,0.5994358,0.47260472,-0.12683108,0.6124752,0.48213273,-0.13034248,0.62488896,0.5106795,-0.11420947,11.0,165.0,154.0,0.044301767,0.0671067,0.022804935,0.011670458,0.049723174,0.038052715,0.058352083,0.098737106,0.040385023,0.032631308,0.017383527,-0.015247781,-0.014050316,-0.031630404,-0.017580088,-0.006938655,-0.025972947,-0.019034293,0.0,0.0,0.0,8,8,0,0,0,0,0.0,0.0,0.0,4.625,52.875,48.25,0.04430176690220833,0.0671067014336586,0.02280493453145027,0.011865905369631946,0.05003510694950819,0.038169201579876244,0.05602541286498308,0.09683757368475199,0.040812160819768906,0.03243586141616106,0.01707159448415041,-0.01536426693201065,-0.011723645962774754,-0.029730872251093388,-0.018007226288318634,-50.265778,0.0
5,673,49076,15.0,214.0,199.0,2.0,1.0,-1.0,0.026676059,0.026676059,-36.482666,-0.86073303,0.0030116402,-0.024633717,-0.00012145378,-0.022372365,-0.006800087,-0.032167338,-0.02536725,-0.07503305,-0.040358707,0.03467434,-0.08424384,-0.038762502,0.04548134,-0.0823818,-0.042111665,0.040270135,15.0,214.0,199.0,0.03155269,0.05822875,0.026676059,0.0054740105,0.04538806,0.03991405,0.042502735,0.09381251,0.051309776,0.02607868,0.012840688,-0.013237992,-0.010950044,-0.03558376,-0.024633717,-0.008342031,-0.030714396,-0.022372365,0.0,0.0,0.0,8,8,0,0,0,0,0.0,0.0,0.0,4.375,65.875,61.5,0.031552691012620926,0.058228749781847,0.026676058769226074,0.005488758266437799,0.045619046315550804,0.040130288049113005,0.04103811224922538,0.09084913041442633,0.04981101816520095,0.026063932804390788,0.012609703466296196,-0.013454229338094592,-0.009485421236604452,-0.03262038063257933,-0.023134959395974874,-36.482666,0.0
5,674,49152,1.0,1.0,0.0,8.0,1.0,-7.0,0.04972567,0.04972567,-42.789917,-1.5023041,0.009057134,0.0018305965,0.0065864064,0.001508385,0.003494819,0.065157406,0.06166259,0.16367131,0.13496749,-0.028703824,0.16545913,0.13677436,-0.028684765,0.16697587,0.1398101,-0.02716577,1.0,1.0,0.0,0.043602068,0.09332774,0.04972567,0.0047037597,0.04670945,0.04200569,0.042733453,0.09062853,0.047895074,0.038898308,0.046618287,0.0077199787,0.00086861476,0.0026992112,0.0018305965,0.0054878667,0.0069962516,0.001508385,1.0,1.0,0.0,9,9,0,9,9,0,1.0,1.0,0.0,1.0,1.0,0.0,0.04360206797719002,0.09332773834466934,0.049725670367479324,0.004732906404468749,0.04698003249035941,0.042247126085890666,0.03806494755877389,0.08567198697063658,0.04760703941186269,0.03886916157272127,0.04634770585430993,0.007478544281588659,0.005537120418416129,0.007655751374032762,0.0021186309556166325,-42.789917,0.0
5,675,49156,41.0,834.0,793.0,16.0,23.0,7.0,0.009459708,0.009459708,-55.88855,-1.6245213,-0.0013280511,-0.045683242,-0.0008320175,-0.04438729,0.46347138,0.5522185,0.088747114,0.49682584,0.49271244,-0.004113406,0.48600185,0.49537998,0.009378135,0.49439517,0.51197875,0.017583579,41.0,834.0,793.0,0.024416175,0.033875883,0.009459708,0.0024830303,0.048802804,0.046319775,0.040491145,0.095634095,0.05514295,0.021933144,-0.014926922,-0.036860064,-0.01607497,-0.061758213,-0.045683242,-0.012112148,-0.056499436,-0.04438729,0.0,0.0,0.0,10,10,0,0,0,0,0.0,0.0,0.0,13.5,251.1,237.6,0.024416174739599228,0.033875882625579834,0.009459707885980606,0.002381043403875083,0.04897376038134098,0.04659271697746589,0.03569454196840525,0.08805519938468934,0.05236065741628409,0.02203513141721487,-0.015097877755761147,-0.03713300917297602,-0.011278367228806018,-0.054179316759109496,-0.042900949530303475,-55.88855,0.0
5,676,49234,22.0,260.0,238.0,4.0,1.0,-3.0,0.027000804,0.027000804,-50.174835,-1.4349422,0.0029376075,-0.025448654,0.0027902462,-0.022457615,0.0863033,0.09774059,0.011437289,0.13933758,0.0075548487,-0.13178274,0.1297665,-0.0043345876,-0.13410108,0.1376685,0.006698576,-0.13096993,22.0,260.0,238.0,0.035399772,0.062400576,0.027000804,0.014258687,0.052162793,0.037904106,0.049465925,0.10191538,0.052449457,0.021141086,0.010237783,-0.010903303,-0.014066152,-0.039514806,-0.025448654,-0.00837392,-0.030831534,-0.022457615,0.0,0.0,0.0,12,12,0,0,0,0,0.0,0.0,0.0,7.166666666666667,82.91666666666667,75.75,0.035399772226810455,0.06240057572722435,0.027000803500413895,0.014535536679128805,0.05262593645602465,0.03809039977689584,0.04570825956761837,0.09698166325688362,0.05127340368926525,0.02086423585812251,0.009774639271199703,-0.011089596586922806,-0.010308487340807915,-0.03458108752965927,-0.024272600188851357,-50.174835,0.0
5,677,49466,1.0,58.0,57.0,1.0,1.0,0.0,0.025751438,0.025751438,-74.11902,-2.9085865,-0.00048521534,-0.023068022,-0.0033053681,-0.022243854,0.18762234,0.17048159,-0.017140746,0.1496611,0.15547527,0.00581418,0.14490137,0.17644215,0.03154078,0.17553696,0.19032207,0.014785111,1.0,58.0,57.0,0.045365315,0.07111675,0.025751438,0.0020237383,0.046037085,0.044013347,0.04260619,0.09142565,0.04881946,0.043341577,0.025079668,-0.01826191,0.002759125,-0.020308897,-0.023068022,0.005798284,-0.01644557,-0.022243854,1.0,0.0,-1.0,8,8,0,8,0,-8,1.0,0.0,-1.0,1.0,18.75,17.75,0.045365314930677414,0.07111675292253494,0.02575143799185753,0.0021794050553580746,0.04666885919868946,0.044489454143331386,0.04053032537922263,0.08676808048039675,0.046237755101174116,0.04318591021001339,0.024447893723845482,-0.018738016486167908,0.0048349895514547825,-0.015651327557861805,-0.020486317109316587,-74.11902,-1.0
5,678,49480,4.0,58.0,54.0,12.0,14.0,2.0,0.030171584,0.030171584,-53.263916,-2.2917519,0.00023857877,-0.008871619,0.00040567666,-0.013738897,-0.2536249,-0.027662316,0.22596256,-0.032795157,-0.073991574,-0.041196417,-0.031948388,-0.078941666,-0.046993278,-0.0488727,-0.0790065,-0.030133799,4.0,58.0,54.0,0.035886545,0.06605813,0.030171584,-0.00089738873,0.043474987,0.044372376,0.044269927,0.08331313,0.039043203,0.036783934,0.022583142,-0.014200792,-0.008383382,-0.017255,-0.008871619,-0.0011825971,-0.014921494,-0.013738897,0.0,0.0,0.0,13,13,0,5,0,-5,0.38461538461538464,0.0,-0.38461538461538464,1.7692307692307692,18.76923076923077,17.0,0.03588654473423958,0.06605812907218933,0.030171584337949753,-0.000938267185119912,0.04347559150594931,0.04441385869106922,0.036418854187314324,0.08020427192632969,0.04378541773901536,0.036824811823092975,0.022582537566240016,-0.014242274256852958,-0.0005323094530747487,-0.014146142854140354,-0.013613833401065605,-53.263916,-0.38461538461538464
5,679,49622,1.0,28.0,27.0,1.0,1.0,0.0,0.018629748,0.018629748,-38.017426,-1.2346478,-0.004085511,-0.039044797,-0.003631208,-0.03733656,0.24382955,0.21112804,-0.032701507,0.13102606,-0.044342276,-0.17536834,0.1384264,-0.023887878,-0.16231427,0.15636362,-0.004284693,-0.16064832,1.0,28.0,27.0,0.05467261,0.07330236,0.018629748,-0.003002912,0.04541571,0.048418622,0.035235126,0.09290967,0.057674546,0.05767552,0.027886648,-0.029788874,0.019437484,-0.019607313,-0.039044797,0.023499023,-0.013837539,-0.03733656,1.0,0.0,-1.0,14,14,0,14,0,-14,1.0,0.0,-1.0,1.0,9.357142857142858,8.357142857142858,0.05467261001467705,0.07330235838890076,0.01862974837422371,-0.002934790848355208,0.04581076093018055,0.048745551778535755,0.030949167774191925,0.0881208676312651,0.057171699857073176,0.05760740089629378,0.027491597458720207,-0.03011580343757357,0.023723442240485122,-0.01481850924236434,-0.03854195148284946,-38.017426,-1.0
5,680,49731,1.0,2.0,1.0,5.0,4.0,-1.0,0.044042513,0.044042513,-21.578766,-0.2556095,0.007361587,-0.011470921,0.0033138208,-0.010123514,0.35356045,0.22155474,-0.1320057,0.018680425,-0.044872243,-0.06355267,0.024389002,-0.051341377,-0.07573038,0.066273026,-0.028719068,-0.094992094,1.0,2.0,1.0,0.048144497,0.09218701,0.044042513,0.0021084093,0.04770051,0.0455921,0.037432514,0.09294595,0.055513434,0.046036087,0.0444865,-0.0015495867,0.010711983,-0.0007589385,-0.011470921,0.012244314,0.0021208003,-0.010123514,1.0,0.0,-1.0,9,9,0,9,8,-1,1.0,0.8888888888888888,-0.11111111111111116,1.0,1.1111111111111112,0.11111111111111116,0.048144496977329254,0.09218700975179672,0.04404251277446747,0.0024562484015607173,0.04816638305783272,0.045710134656272,0.0354891601536009,0.0885267737838957,0.0530376136302948,0.045688248756859035,0.044020626693964005,-0.00166762206289503,0.012655336823728349,0.003660235967901018,-0.008995100855827332,-21.578766,-0.11111111111111116
5,681,49923,1.0,41.0,40.0,1.0,1.0,0.0,0.023617111,0.023617111,-82.97751,-3.5022106,-0.00037635863,-0.023999479,-0.0027793236,-0.023040079,0.447884,0.43171176,-0.01617223,0.4079174,0.18857265,-0.21934476,0.40313578,0.23545514,-0.16768064,0.4173387,0.3008119,-0.11652681,1.0,41.0,40.0,0.050371535,0.073988646,0.023617111,-0.0014020161,0.044987675,0.04638969,0.04757523,0.09519182,0.04761659,0.05177355,0.029000971,-0.02277258,0.0027963035,-0.021203175,-0.023999479,0.006202057,-0.016838022,-0.023040079,1.0,0.0,-1.0,8,8,0,8,0,-8,1.0,0.0,-1.0,1.0,12.25,11.25,0.05037153512239456,0.0739886462688446,0.023617111146450043,-0.002181945223128423,0.04473490361124277,0.046916848834371194,0.04136301949620247,0.0901268245652318,0.04876380506902933,0.05255348049104214,0.029253742657601833,-0.023299737833440304,0.009008515626192093,-0.016138178296387196,-0.02514669392257929,-82.97751,-1.0
5,682,49944,1.0,181.0,180.0,1.0,7.0,6.0,0.016624875,0.016624875,-52.467743,-1.3072414,-0.0065581873,-0.033627808,-0.009876996,-0.03145136,0.6120451,0.5430408,-0.0690043,0.6713388,0.5346803,-0.13665849,0.67976886,0.529524,-0.15024483,0.6916005,0.5568199,-0.13478059,1.0,181.0,180.0,0.047633618,0.06425849,0.016624875,0.013834732,0.051136658,0.037301928,0.04455904,0.09481172,0.050252683,0.03379889,0.013121836,-0.020677052,0.003074579,-0.03055323,-0.033627808,0.005340345,-0.026111014,-0.03145136,1.0,0.0,-1.0,11,11,0,11,0,-11,1.0,0.0,-1.0,1.0,58.0,57.0,0.047633618116378784,0.06425849348306656,0.016624875366687775,0.014045311138033867,0.05153303322466937,0.037487722086635505,0.04184562137181109,0.08888867903839458,0.04704305766658349,0.033588306470350784,0.012725460258397188,-0.020862846211953598,0.0057879967445676975,-0.024630185555328022,-0.03041818229989572,-52.467743,-1.0
5,683,49955,2.0,231.0,229.0,1.0,1.0,0.0,0.024752442,0.024752442,-62.45215,-2.3283749,-0.0063652843,-0.027437873,-0.005288543,-0.025737774,0.23744418,0.19645894,-0.04098524,-0.0032531677,0.23683514,0.2400883,-0.012573239,0.20996779,0.22254103,0.018000986,0.22910964,0.21110865,2.0,231.0,229.0,0.03238483,0.057137273,0.024752442,0.003585204,0.045851003,0.0422658,0.034299973,0.08649029,0.052190315,0.028799627,0.01128627,-0.017513357,-0.0019151419,-0.029353015,-0.027437873,0.00070392713,-0.025033846,-0.025737774,0.0,0.0,0.0,6,6,0,6,0,-6,1.0,0.0,-1.0,1.0,68.33333333333333,67.33333333333333,0.032384831458330154,0.057137273252010345,0.02475244179368019,0.0034153781986484924,0.04593282379209995,0.04251744559345146,0.030495059676468372,0.08398991326491038,0.05349485358844201,0.028969453026851017,0.011204449459910393,-0.017765003566940624,0.001889771781861782,-0.026852640012900036,-0.028742411794761818,-62.45215,-1.0
5,684,49957,2.0,101.0,99.0,1.0,1.0,0.0,0.022328593,0.022328593,-112.7142,-4.338333,-0.003521178,-0.028776158,-0.0026637614,-0.026414525,-0.02311093,0.09885608,0.121967,-0.14136472,-0.09457701,0.046787716,-0.16183369,-0.106230356,0.055603333,-0.14813493,-0.085309185,0.06282575,2.0,101.0,99.0,0.04345861,0.0657872,0.022328593,0.00287804,0.044451017,0.041572977,0.04375382,0.09485857,0.05110475,0.04058057,0.021336187,-0.019244384,-0.00029521063,-0.029071368,-0.028776158,0.0016953982,-0.024719127,-0.026414525,0.0,0.0,0.0,8,8,0,8,0,-8,1.0,0.0,-1.0,1.0,32.125,31.125,0.04345861077308655,0.06578720360994339,0.022328592836856842,0.002846120420144871,0.04478255845606327,0.0419364380359184,0.040337851736694574,0.08881686814129353,0.04847901640459895,0.04061249038204551,0.02100464515388012,-0.019607845228165388,0.0031207590363919735,-0.023029664531350136,-0.02615042356774211,-112.7142,-1.0
5,685,49969,2.0,364.0,362.0,2.0,1.0,-1.0,0.0128314905,0.0128314905,-75.52594,-3.0870438,0.003935639,-0.029454112,0.0027365386,-0.03545007,0.517355,0.37216264,-0.14519238,0.35704377,0.5776425,0.22059873,0.3835518,0.6216187,0.23806688,0.45290297,0.6253019,0.17239892,2.0,364.0,362.0,0.03634637,0.04917786,0.0128314905,-0.0004899053,0.044254545,0.04474445,0.040091526,0.08237713,0.042285603,0.036836274,0.004923314,-0.03191296,-0.0037451573,-0.03319927,-0.029454112,0.0029999875,-0.032450084,-0.03545007,0.0,0.0,0.0,13,13,0,10,0,-10,0.7692307692307693,0.0,-0.7692307692307693,1.2307692307692308,110.84615384615384,109.61538461538461,0.03634636849164963,0.0491778589785099,0.012831490486860275,-0.00035574247494178754,0.04446511916243113,0.044820861637372915,0.03381607294655763,0.08144643501593517,0.047630362069377534,0.03670211136341095,0.004712739816078773,-0.031989371547332175,0.002530295545091996,-0.032268576037425264,-0.03479887158251726,-75.52594,-0.7692307692307693
5,686,49979,2.0,272.0,270.0,2.0,2.0,0.0,0.013410792,0.013410792,-67.8811,-2.7029076,-0.0012473613,-0.03643874,-0.0021717772,-0.03572464,-0.31926608,-0.298347,0.020919085,0.08006814,0.17757124,0.097503096,0.06951346,0.17230877,0.10279531,0.022671837,0.13036121,0.10768938,2.0,272.0,270.0,0.042764544,0.056175336,0.013410792,0.004341699,0.047315203,0.042973503,0.04347705,0.09332658,0.049849533,0.038422845,0.008860134,-0.029562712,-0.0007125065,-0.037151247,-0.03643874,0.0022957623,-0.033428878,-0.03572464,0.0,0.0,0.0,7,7,0,3,0,-3,0.42857142857142855,0.0,-0.42857142857142855,1.5714285714285714,79.71428571428571,78.14285714285714,0.04276454448699951,0.05617533624172211,0.013410791754722595,0.004399822525946158,0.047198883656944544,0.042799061130998385,0.041575400424855094,0.09084850549697876,0.049273105072123666,0.03836472172822271,0.008976452584777559,-0.02938826914344515,0.0011891440621444158,-0.03467316925525665,-0.03586231331740107,-67.8811,-0.42857142857142855
5,687,50026,2.0,16.0,14.0,1.0,6.0,5.0,0.0437391,0.0437391,-58.656616,-2.4403934,-0.0071179494,-0.011004005,-0.006126724,-0.010830041,0.32062948,0.34735158,0.026722103,0.2479742,0.22078125,-0.02719295,0.25473338,0.22628957,-0.028443813,0.2714211,0.2526023,-0.018818796,2.0,16.0,14.0,0.040839035,0.084578134,0.0437391,0.006250721,0.0479762,0.04172548,0.04603201,0.100775115,0.054743104,0.034588315,0.036601935,0.00201362,-0.0051929764,-0.016196981,-0.011004005,5.626306e-05,-0.010773778,-0.010830041,0.0,0.0,0.0,7,7,0,5,0,-5,0.7142857142857143,0.0,-0.7142857142857143,1.2857142857142858,6.142857142857143,4.857142857142858,0.04083903506398201,0.08457813411951065,0.04373909905552864,0.0064058081646050724,0.04805382500801768,0.04164801684341261,0.04157661433730807,0.09740407445601054,0.055827460118702474,0.03443322756460735,0.03652430911149297,0.0020910815468856217,-0.0007375792733260564,-0.012825940336499895,-0.012088361063173838,-58.656616,-0.7142857142857143
5,688,50114,5.0,5.0,0.0,5.0,1.0,-4.0,0.053433035,0.053433035,-53.693542,-1.844305,0.008904092,-0.002307985,0.004559178,-0.0012510382,-0.030647308,0.10111888,0.13176619,0.056264475,0.12186838,0.065603904,0.0648891,0.124170266,0.059281163,0.053015567,0.13739833,0.084382765,5.0,5.0,0.0,0.03649288,0.089925915,0.053433035,0.0034854684,0.04891343,0.045427963,0.04020901,0.09595003,0.05574102,0.033007413,0.041012485,0.008005071,-0.0037161298,-0.006024115,-0.002307985,-0.0014188848,-0.002669923,-0.0012510382,0.0,0.0,0.0,10,10,0,2,2,0,0.2,0.2,0.0,2.7,2.3,-0.40000000000000036,0.036492880433797836,0.08992591500282288,0.05343303456902504,0.0036004808032885196,0.049376697093248365,0.04577621628995984,0.03875335156917572,0.09305551126599312,0.054302159696817405,0.03289239928126335,0.04054921790957451,0.007656818628311163,-0.002260471135377884,-0.0031295962631702422,-0.0008691251277923584,-53.693542,0.0
5,689,50170,3.0,52.0,49.0,1.0,2.0,1.0,0.030891158,0.030891158,-74.32272,-2.9906063,-0.009772591,-0.0110491365,-0.007357223,-0.013129361,0.5170814,0.5337341,0.016652703,0.14873034,0.14102705,-0.0077032894,0.12002948,0.19124451,0.07121503,0.17639443,0.24953113,0.0731367,3.0,52.0,49.0,0.041320942,0.0722121,0.030891158,0.005233112,0.04792398,0.042690866,0.049051568,0.09099186,0.041940294,0.03608783,0.024288122,-0.011799708,-0.0077306256,-0.018779762,-0.0110491365,-0.0015869439,-0.014716305,-0.013129361,0.0,0.0,0.0,12,12,0,5,0,-5,0.4166666666666667,0.0,-0.4166666666666667,1.6666666666666667,16.25,14.583333333333334,0.04132094234228134,0.0722121000289917,0.030891157686710358,0.005224086926318705,0.048092667013406754,0.04286858008708805,0.04421683059384426,0.08637690109511216,0.0421600705012679,0.03609685537715753,0.024119433015584946,-0.011977422361572586,-0.0028958882515629134,-0.014164801066120466,-0.011268912814557552,-74.32272,-0.4166666666666667
5,690,50500,15.0,29.0,14.0,6.0,63.0,57.0,0.04250799,0.04250799,-30.389557,-0.09812546,-0.0027282275,-0.01095083,-0.004858017,-0.0074285194,0.15027158,0.16710816,0.016836584,0.17888176,0.13711318,-0.04176858,0.18380782,0.13371348,-0.050094336,0.19813402,0.15095045,-0.047183573,15.0,29.0,14.0,0.034484662,0.07699265,0.04250799,0.0131588,0.050368767,0.037209965,0.040007252,0.09346607,0.05345882,0.021325862,0.026623886,0.005298024,-0.00552259,-0.01647342,-0.01095083,-0.0045093223,-0.011937842,-0.0074285194,0.0,0.0,0.0,9,9,0,0,0,0,0.0,0.0,0.0,5.333333333333333,8.555555555555555,3.2222222222222223,0.03448466211557388,0.07699265331029892,0.04250799119472504,0.013009709306061268,0.0504060834646225,0.03739637415856123,0.03842750812570254,0.08872685581445694,0.0502993476887544,0.021474953326914046,0.026586569845676422,0.005111616518762376,-0.003942846010128657,-0.01173420250415802,-0.007791356494029363,-30.389557,0.0
5,691,50653,1.0,41.0,40.0,1.0,1.0,0.0,0.025666054,0.025666054,-64.6586,-2.4799232,-0.0036729984,-0.02277837,-0.0064060353,-0.02454926,0.22838418,0.074435376,-0.15394881,0.030164301,-0.043000463,-0.07316476,0.029291335,-0.060961287,-0.09025262,0.056166887,-0.050149806,-0.10631669,1.0,41.0,40.0,0.046035286,0.07170134,0.025666054,0.0023285495,0.045882825,0.043554276,0.03994606,0.088390484,0.048444424,0.043706737,0.025818516,-0.017888222,0.0060892254,-0.016689144,-0.02277837,0.010735281,-0.01381398,-0.02454926,1.0,0.0,-1.0,8,8,0,8,0,-8,1.0,0.0,-1.0,1.0,13.875,12.875,0.046035286039114,0.07170134037733078,0.02566605433821678,0.0026977400993928313,0.04617969412356615,0.04348195402417332,0.03420620760880411,0.0834955358877778,0.0492893282789737,0.043337545823305845,0.02552164625376463,-0.017815899569541216,0.011829078430309892,-0.011794195510447025,-0.023623273940756917,-64.6586,-1.0
5,692,50734,2.0,30.0,28.0,1.0,1.0,0.0,0.031364158,0.031364158,-32.905975,-0.795969,-0.004785873,-0.012002446,-0.004940212,-0.015539132,0.61611044,0.588623,-0.027487457,0.4951045,0.50205237,0.006947875,0.49167496,0.51761395,0.025938988,0.54111254,0.5519904,0.010877848,2.0,30.0,28.0,0.04569693,0.07706109,0.031364158,0.00081468595,0.046992853,0.046178166,0.055218384,0.09858499,0.043366604,0.04488224,0.030068234,-0.014814008,-0.009521455,-0.0215239,-0.012002446,0.0010092035,-0.014529929,-0.015539132,0.0,0.0,0.0,9,9,0,8,0,-8,0.8888888888888888,0.0,-0.8888888888888888,1.1111111111111112,10.444444444444445,9.333333333333334,0.0456969290971756,0.07706108689308167,0.03136415779590607,0.0007281990999925054,0.04706706893112925,0.04633886983113674,0.0433761038713985,0.08925219542450374,0.04587609155310524,0.04496872963176833,0.029994017961952422,-0.01497471166981591,0.002320825225777096,-0.012191108531422086,-0.014511933757199183,-32.905975,-0.8888888888888888
5,693,50755,1.0,7.0,6.0,13.0,2.0,-11.0,0.047388624,0.047388624,-39.08908,-1.3065357,0.005581178,-0.011226919,0.007152278,-0.010117032,0.14890969,0.10532622,-0.043583468,-0.06427015,-0.1135567,-0.049286544,-0.07944759,-0.14160673,-0.062159143,-0.05959228,-0.11895015,-0.05935787,1.0,7.0,6.0,0.03985103,0.08723965,0.047388624,-0.001450478,0.04758985,0.04904033,0.0360616,0.09467714,0.058615543,0.041301508,0.039649803,-0.0016517043,0.0037894286,-0.00743749,-0.011226919,0.0067095906,-0.003407441,-0.010117032,1.0,0.0,-1.0,8,8,0,8,0,-8,1.0,0.0,-1.0,1.0,3.0,2.0,0.039851028472185135,0.08723965287208557,0.047388624399900436,-0.0014360486311488785,0.04761375766247511,0.04904980629362399,0.03386316681280732,0.09094173647463322,0.057078569661825895,0.041287077125161886,0.03962589520961046,-0.001661181915551424,0.005987861659377813,-0.0037020836025476456,-0.009689945261925459,-39.08908,-1.0
5,694,50811,1.0,7.0,6.0,2.0,3.0,1.0,0.03411266,0.03411266,-57.73419,-1.4305668,-0.000846833,-0.019702371,-0.0051309206,-0.019837167,0.24439374,0.23495825,-0.00943549,-0.02225403,-0.0069109527,0.015343077,-0.031011766,0.004929207,0.03594097,0.009954851,0.053897567,0.043942716,1.0,7.0,6.0,0.05275831,0.08687097,0.03411266,0.006698425,0.049187202,0.042488776,0.041619137,0.09543417,0.05381503,0.046059884,0.037683766,-0.008376118,0.011139173,-0.008563198,-0.019702371,0.014747869,-0.005089298,-0.019837167,1.0,0.0,-1.0,9,9,0,9,0,-9,1.0,0.0,-1.0,1.0,2.7777777777777777,1.7777777777777777,0.05275830999016762,0.08687096834182739,0.034112658351659775,0.006844915760060151,0.04923019434014956,0.042385278580089406,0.03961863782670763,0.09378188931279713,0.0541632514860895,0.04591339371270604,0.03764077400167783,-0.008272619711028203,0.01313967216345999,-0.00691092097096973,-0.02005059313442972,-57.73419,-1.0
5,695,50882,1.0,14.0,13.0,1.0,1.0,0.0,0.030094035,0.030094035,-44.661346,-1.65415,-0.0055761933,-0.009177238,-0.0057571568,-0.016990803,0.5297074,0.5709697,0.04126233,0.3169302,0.22381367,-0.09311654,0.33890584,0.28482795,-0.054077893,0.3957065,0.3514302,-0.044276297,1.0,14.0,13.0,0.05467903,0.08477306,0.030094035,0.0025237151,0.04913177,0.046608053,0.0509433,0.09021457,0.039271273,0.052155312,0.035641294,-0.016514018,0.0037357286,-0.005441509,-0.009177238,0.012358591,-0.004632212,-0.016990803,1.0,0.0,-1.0,10,10,0,10,0,-10,1.0,0.0,-1.0,1.0,4.7,3.7,0.0546790286898613,0.08477306365966797,0.03009403496980667,0.002860839630011469,0.04935851059854031,0.04649767096852884,0.043464286252856255,0.08904638141393661,0.04558209516108036,0.051818189397454265,0.03541455306112766,-0.016403636336326605,0.011214742437005043,-0.004273317754268646,-0.01548806019127369,-44.661346,-1.0
5,696,51051,3.0,208.0,205.0,2.0,2.0,0.0,0.01811837,0.01811837,-53.844604,-1.6473484,0.00630169,-0.02541615,-0.0037269108,-0.027539026,0.08109943,0.16128722,0.08018779,0.0920879,0.13306227,0.04097437,0.08702847,0.14015721,0.053128734,0.08935504,0.15095529,0.061600253,3.0,208.0,205.0,0.0419185,0.06003687,0.01811837,0.0063600712,0.04726794,0.040907867,0.052553322,0.09608784,0.04353452,0.03555843,0.012768932,-0.022789497,-0.010634821,-0.03605097,-0.02541615,-0.0016186982,-0.029157724,-0.027539026,0.0,0.0,0.0,8,8,0,5,0,-5,0.625,0.0,-0.625,1.375,66.5,65.125,0.04191850125789642,0.06003687158226967,0.018118370324373245,0.006475426082033664,0.04745942121371627,0.040983995131682605,0.04168287385255098,0.09170246124267578,0.0500195873901248,0.035443075466901064,0.0125774503685534,-0.022865625098347664,0.0002356274053454399,-0.03166558966040611,-0.03190121706575155,-53.844604,-0.625
5,697,51052,3.0,78.0,75.0,3.0,4.0,1.0,0.03194792,0.03194792,-32.40042,-0.7728901,0.0004373826,-0.016140953,-0.0012173839,-0.016797706,0.4507798,0.4123982,-0.038381606,0.23128161,-0.10992542,-0.34120703,0.24062653,-0.1257867,-0.36641324,0.2732257,-0.07004378,-0.34326947,3.0,78.0,75.0,0.03822889,0.07017681,0.03194792,0.0012583507,0.047202542,0.04594419,0.043352798,0.09144167,0.04808887,0.03697054,0.022974268,-0.013996273,-0.005123906,-0.021264859,-0.016140953,-0.00031721592,-0.017114922,-0.016797706,0.0,0.0,0.0,8,8,0,2,0,-2,0.25,0.0,-0.25,1.875,23.875,22.0,0.03822889178991318,0.07017681002616882,0.031947918236255646,0.0013805622220388614,0.04742108378559351,0.04604052156355465,0.040784446988254786,0.08713995665311813,0.04635550966486335,0.03684832947328687,0.022755726240575314,-0.014092603232711554,-0.002555555198341608,-0.01696314662694931,-0.014407591428607702,-32.40042,-0.25
5,698,51062,1.0,51.0,50.0,1.0,1.0,0.0,0.019226998,0.019226998,-38.972534,-1.0385132,-0.003182821,-0.035040617,-0.0062048063,-0.033790458,0.14402828,0.005394253,-0.13863403,0.005100222,-0.0025102994,-0.0076105213,0.0022346033,-0.018836156,-0.02107076,0.016250394,-0.016916364,-0.03316676,1.0,51.0,50.0,0.054909788,0.074136786,0.019226998,0.010385677,0.047528792,0.037143115,0.042488836,0.09675645,0.054267615,0.04452411,0.026607994,-0.017916117,0.012420952,-0.022619665,-0.035040617,0.014232535,-0.019557923,-0.033790458,1.0,0.0,-1.0,7,7,0,7,0,-7,1.0,0.0,-1.0,1.0,14.571428571428571,13.571428571428571,0.05490978807210922,0.07413678616285324,0.01922699809074402,0.010564009259854044,0.047822660101311545,0.037258650841457505,0.04112071863242558,0.09325151039021355,0.052130791757787974,0.04434577854616301,0.026314126061541692,-0.01803165248462132,0.013789069439683641,-0.019114724227360318,-0.03290379366704396,-38.972534,-1.0
5,699,51077,1.0,63.0,62.0,1.0,1.0,0.0,0.003466539,0.003466539,-41.403564,-1.6235065,-6.327778e-05,-0.048668772,-0.003352847,-0.047785655,0.19430889,0.17149362,-0.022815272,0.14216742,0.15860379,0.016436368,0.1217857,0.1506218,0.028836101,0.13929738,0.16337554,0.02407816,1.0,63.0,62.0,0.067725144,0.07119168,0.003466539,-0.0033092494,0.045906626,0.049215876,0.042504556,0.09463987,0.05213531,0.071034394,0.025285058,-0.045749336,0.025220588,-0.023448184,-0.048668772,0.030407712,-0.017377943,-0.047785655,1.0,0.0,-1.0,13,13,0,13,0,-13,1.0,0.0,-1.0,1.0,20.53846153846154,19.53846153846154,0.06772514432668686,0.0711916834115982,0.0034665390849113464,-0.0034585145230476675,0.04607679580266659,0.04953531032571426,0.03404433710070757,0.0889806139927644,0.05493627689205683,0.07118365856317374,0.025114887608931616,-0.046068770954242125,0.0336808069394185,-0.017788930581166193,-0.051469737520584695,-41.403564,-1.0
5,700,51148,2.0,228.0,226.0,1.0,2.0,1.0,0.011662371,0.011662371,-65.05005,-2.2213726,-0.0031436533,-0.032053363,-0.008233406,-0.03463009,0.45246547,0.554524,0.10205853,0.10318735,0.15422584,0.05103849,0.08175777,0.12027218,0.038514413,0.15010174,0.2271882,0.07708646,2.0,228.0,226.0,0.04853238,0.060194753,0.011662371,0.012365638,0.049039036,0.036673397,0.050781477,0.09449721,0.043715734,0.036166742,0.011155717,-0.025011025,-0.0022490956,-0.03430246,-0.032053363,0.0038263798,-0.03080371,-0.03463009,0.0,0.0,0.0,7,7,0,4,0,-4,0.5714285714285714,0.0,-0.5714285714285714,1.4285714285714286,71.85714285714286,70.42857142857143,0.048532381653785706,0.06019475311040878,0.011662371456623077,0.012657880916127138,0.049339067190885544,0.03668118627475841,0.04765857170735087,0.09139479164566312,0.043736219938312254,0.03587450033852032,0.01085568591952324,-0.02501881441899708,0.0008738099464348384,-0.031200038535254344,-0.032073848481689184,-65.05005,-0.5714285714285714
5,701,51171,1.0,61.0,60.0,1.0,1.0,0.0,0.022895314,0.022895314,-56.329193,-2.7244225,0.0008910112,-0.022401858,-0.001968138,-0.024812058,0.16012092,0.024770107,-0.13535081,0.013061654,0.11687093,0.10380928,-0.0044257124,0.11527512,0.119700834,0.018592307,0.11621421,0.0976219,1.0,61.0,60.0,0.04656662,0.069461934,0.022895314,-0.005981908,0.04429122,0.050273128,0.044066157,0.08936333,0.045297172,0.052548528,0.025170714,-0.027377814,0.0025004633,-0.019901395,-0.022401858,0.007580392,-0.017231666,-0.024812058,1.0,0.0,-1.0,8,8,0,8,0,-8,1.0,0.0,-1.0,1.0,18.875,17.875,0.04656662046909332,0.06946193426847458,0.022895313799381256,-0.0058360525872558355,0.044615128077566624,0.05045118066482246,0.03927084477618337,0.08617754280567169,0.046906698029488325,0.0524026732891798,0.024846806190907955,-0.027555867098271847,0.007295775692909956,-0.016715608537197113,-0.02401138423010707,-56.329193,-1.0
5,702,51185,1.0,103.0,102.0,1.0,6.0,5.0,0.022276338,0.022276338,-52.4451,-1.6258698,-0.006909184,-0.029687919,-0.0056650676,-0.026946463,0.28448477,0.3980256,0.11354083,0.0019768625,0.14963683,0.14765997,-0.0010159725,0.14786737,0.14888334,0.038318686,0.20011097,0.16179228,1.0,103.0,102.0,0.04381297,0.06608931,0.022276338,0.004663529,0.046712648,0.042049117,0.043538194,0.09550245,0.051964257,0.03914944,0.019376662,-0.01977278,0.0002747774,-0.029413141,-0.029687919,0.0036428869,-0.023303576,-0.026946463,1.0,0.0,-1.0,7,7,0,7,0,-7,1.0,0.0,-1.0,1.0,35.285714285714285,34.285714285714285,0.04381297156214714,0.06608930975198746,0.022276338189840317,0.004862195679119655,0.04702735160078321,0.042165155921663554,0.038150492523397715,0.0901515856385231,0.05200109311512539,0.038950775883027484,0.019061958151204244,-0.01988881773182324,0.005662479038749423,-0.024062275886535645,-0.029724754925285066,-52.4451,-1.0
5,703,51521,2.0,210.0,208.0,11.0,13.0,2.0,0.020953521,0.020953521,-26.546326,-0.6288872,0.0059213936,-0.0269599,0.0051881187,-0.028664254,0.34908333,0.31138045,-0.03770289,0.063944764,0.18626744,0.12232267,0.049140383,0.17675664,0.12761626,0.08831888,0.20753723,0.11921836,2.0,210.0,208.0,0.038943477,0.059896998,0.020953521,-0.00026483665,0.046222214,0.046487052,0.043929774,0.091843195,0.04791342,0.039208315,0.013674784,-0.02553353,-0.0049862973,-0.031946197,-0.0269599,0.000284411,-0.028379843,-0.028664254,0.0,0.0,0.0,10,10,0,6,0,-6,0.6,0.0,-0.6,1.4,67.0,65.6,0.03894347697496414,0.05989699810743332,0.020953521132469177,-1.7167606711154803e-05,0.04641455598175526,0.04643172358846641,0.03946621641516686,0.0882073163986206,0.048741099983453745,0.038960644602775575,0.013482442125678062,-0.025478202477097513,-0.000522739440202713,-0.028310318291187287,-0.027787578850984575,-26.546326,-0.6
5,704,51745,4.0,161.0,157.0,2.0,2.0,0.0,0.021300416,0.021300416,-10.799652,0.22929382,0.0031181723,-0.024982713,-0.004963342,-0.023632072,0.0021714543,-0.02820963,-0.030381085,-0.13983908,-0.18005913,-0.040220052,-0.1420211,-0.1805109,-0.03848979,-0.13452314,-0.17816536,-0.043642223,4.0,161.0,157.0,0.046860386,0.0681608,0.021300416,0.010935168,0.051876158,0.04094099,0.05494533,0.10122846,0.04628313,0.035925217,0.016284645,-0.019640572,-0.008084945,-0.03306766,-0.024982713,-0.001995489,-0.02562756,-0.023632072,0.0,0.0,0.0,9,9,0,2,0,-2,0.2222222222222222,0.0,-0.2222222222222222,2.0,54.0,52.0,0.046860385686159134,0.06816080212593079,0.021300416439771652,0.011265773015717665,0.052337793426381216,0.04107202041066355,0.05120160554846128,0.0941317801674207,0.04293017461895942,0.03559461277392176,0.01582300869954957,-0.019771604074372187,-0.004341219862302144,-0.025970978041489918,-0.021629758179187775,-10.799652,-0.2222222222222222
5,705,51788,25.0,741.0,716.0,6.0,3.0,-3.0,0.008928165,0.008928165,-78.30652,-2.6543617,0.0020037964,-0.033849116,0.0026263818,-0.03448005,0.6056593,0.12498334,-0.48067597,0.6332036,0.30917257,-0.32403105,0.62514424,0.30778915,-0.3173551,0.64465445,0.2873043,-0.35735014,25.0,741.0,716.0,0.029933155,0.03886132,0.008928165,0.005481723,0.047965355,0.04248363,0.046791013,0.089568295,0.04277728,0.02445143,-0.009104036,-0.033555467,-0.016857859,-0.050706975,-0.033849116,-0.0112482235,-0.045728274,-0.03448005,0.0,0.0,0.0,13,13,0,0,0,0,0.0,0.0,0.0,8.538461538461538,226.23076923076923,217.69230769230768,0.029933154582977295,0.03886131942272186,0.008928164839744568,0.005717095023450943,0.048192439457544915,0.042475344434093974,0.04204989425264872,0.0856619397035012,0.043612045450852475,0.024216059452066056,-0.00933112003482305,-0.03354717948688911,-0.012116739669671426,-0.046800620280779325,-0.0346838806111079,-78.30652,0.0
5,706,51843,1.0,6.0,5.0,1.0,1.0,0.0,0.032810003,0.032810003,-71.80795,-2.7189865,-0.0017509311,-0.016394392,-0.004715964,-0.0135157555,0.23468472,0.110953495,-0.123731226,0.43885523,0.4256583,-0.013196945,0.43461168,0.4202322,-0.014379472,0.4518445,0.4293175,-0.02252701,1.0,6.0,5.0,0.057232834,0.09004284,0.032810003,0.008878268,0.049395565,0.040517297,0.048040286,0.09724468,0.049204394,0.048354566,0.040647272,-0.007707294,0.009192549,-0.007201843,-0.016394392,0.010512896,-0.0030028597,-0.0135157555,1.0,0.0,-1.0,9,9,0,9,2,-7,1.0,0.2222222222222222,-0.7777777777777778,1.0,2.6666666666666665,1.6666666666666665,0.05723283439874649,0.0900428369641304,0.03281000256538391,0.00866924360808399,0.04960838249988026,0.040939138891796276,0.046917994817097984,0.09278502811988194,0.04586703330278396,0.0485635900663005,0.04043445446425014,-0.008129135602050357,0.010314839581648508,-0.0027421911557515464,-0.013057030737400055,-71.80795,-0.7777777777777778
5,707,51907,10.0,108.0,98.0,2.0,2.0,0.0,0.036416635,0.036416635,-41.365387,-1.3441448,0.003053259,-0.013701968,0.0007314235,-0.014641166,0.39667162,0.43452477,0.03785315,0.56139827,0.69069445,0.12929618,0.5625653,0.68387145,0.12130612,0.57343876,0.68500507,0.111566305,10.0,108.0,98.0,0.032101333,0.06851797,0.036416635,0.0026520474,0.04805611,0.04540406,0.039984062,0.090102665,0.050118603,0.029449286,0.020461857,-0.008987429,-0.007882729,-0.021584697,-0.013701968,-0.005724363,-0.020365529,-0.014641166,0.0,0.0,0.0,8,8,0,0,0,0,0.0,0.0,0.0,3.75,32.25,28.5,0.032101333141326904,0.06851796805858612,0.036416634917259216,0.002566760405898094,0.04841025685891509,0.045843496453016996,0.03839942067861557,0.08807584550231695,0.04967642482370138,0.029534572968259454,0.02010771119967103,-0.009426861768588424,-0.006298087537288666,-0.01955787744373083,-0.013259789906442165,-41.365387,0.0
5,708,51928,6.0,547.0,541.0,3.0,11.0,8.0,0.010385796,0.010385796,-61.584167,-2.2064857,-0.00059521943,-0.046081066,-0.0025593862,-0.044536166,0.18994261,0.25128734,0.061344728,-0.028335705,-0.03535054,-0.0070148334,-0.033182077,-0.036253586,-0.0030715093,-0.004799017,-0.0035473092,0.001251708,6.0,547.0,541.0,0.033873525,0.04425932,0.010385796,0.0043753986,0.045840915,0.041465517,0.04770504,0.1041719,0.056466863,0.029498126,-0.0015815943,-0.03107972,-0.013831515,-0.05991258,-0.046081066,-0.00499342,-0.049529586,-0.044536166,0.0,0.0,0.0,9,9,0,2,0,-2,0.2222222222222222,0.0,-0.2222222222222222,2.4444444444444446,162.0,159.55555555555554,0.03387352451682091,0.04425932094454765,0.010385796427726746,0.004221153730112646,0.045594396276606455,0.04137324254649381,0.04094433867269092,0.09522181997696559,0.05427748130427467,0.029652371381719906,-0.0013350753320588006,-0.030987446713778708,-0.007070814155870014,-0.05096249903241793,-0.04389168487654792,-61.584167,-0.2222222222222222
5,709,51965,1.0,98.0,97.0,1.0,1.0,0.0,0.014540158,0.014540158,-60.538605,-1.8848267,-0.0084669255,-0.03214365,-0.009229746,-0.031897664,0.26539218,0.26697338,0.001581192,0.37090036,0.33690077,-0.033999592,0.382755,0.34287298,-0.039882034,0.38767695,0.34594947,-0.041727483,1.0,98.0,97.0,0.055443257,0.069983415,0.014540158,0.007269814,0.04758341,0.040313594,0.048195224,0.09487903,0.046683807,0.048173442,0.022400007,-0.025773436,0.007248033,-0.024895616,-0.03214365,0.010183193,-0.021714471,-0.031897664,1.0,0.0,-1.0,6,6,0,6,0,-6,1.0,0.0,-1.0,1.0,32.5,31.5,0.055443257093429565,0.06998341530561447,0.014540158212184906,0.0073408272583037615,0.047791616370280586,0.040450789111976825,0.045393151541550956,0.09434127807617188,0.04894812653462092,0.04810242913663387,0.02219179893533389,-0.025910630201299984,0.01005010555187861,-0.024357862770557404,-0.03440796832243601,-60.538605,-1.0
5,710,51983,32.0,297.0,265.0,2.0,3.0,1.0,0.023290947,0.023290947,-68.71402,-2.0291939,-0.0005447827,-0.018339474,-0.0010056775,-0.01896492,0.116116665,0.060903575,-0.05521309,0.09064026,0.17666717,0.08602691,0.09944865,0.19728127,0.09783262,0.106841385,0.19694707,0.09010568,32.0,297.0,265.0,0.03227211,0.05556306,0.023290947,0.0044953125,0.04690277,0.042407457,0.055585083,0.0972155,0.04163042,0.0277768,0.00866029,-0.01911651,-0.023312971,-0.041652445,-0.018339474,-0.01791355,-0.03687847,-0.01896492,0.0,0.0,0.0,11,11,0,0,0,0,0.0,0.0,0.0,9.727272727272727,88.54545454545455,78.81818181818181,0.032272111624479294,0.0555630587041378,0.02329094707965851,0.004277246538549662,0.047075203535231674,0.04279795699668201,0.052861144935542885,0.09143840927969325,0.03857726434415037,0.027994865043596787,0.008487855168906126,-0.01950700987469066,-0.020589033311063595,-0.03587535057555546,-0.015286317264491863,-68.71402,0.0
5,711,51988,140.0,851.0,711.0,25.0,7.0,-18.0,0.01579889,0.01579889,-103.80853,-4.8539467,0.0072148023,-0.024040502,0.007413226,-0.028057832,-0.11742692,-0.085991606,0.03143531,0.18405358,0.319891,0.13583742,0.19008948,0.31794345,0.12785397,0.15922989,0.27902633,0.11979644,140.0,851.0,711.0,0.012191462,0.02799035,0.01579889,-0.00075370155,0.04304756,0.04380126,0.03850121,0.0783406,0.039839387,0.012945164,-0.015057208,-0.028002372,-0.026309747,-0.05035025,-0.024040502,-0.021232244,-0.049290076,-0.028057832,0.0,0.0,0.0,9,9,0,0,0,0,0.0,0.0,0.0,40.77777777777778,255.22222222222223,214.44444444444446,0.012191462330520153,0.027990350499749184,0.01579888816922903,-0.0008674064301885664,0.04304235221611129,0.043909758646299854,0.033337397707833186,0.07757256511184904,0.044235167404015854,0.013058868754241202,-0.015052001716362106,-0.02811087047060331,-0.021145934445990458,-0.049582216474745006,-0.028436282028754548,-103.80853,0.0
5,712,52070,1.0,55.0,54.0,7.0,3.0,-4.0,0.03221946,0.03221946,-74.51282,-2.462864,0.005501043,-0.017752938,0.004374843,-0.019519553,0.47048017,0.47804776,0.0075675845,0.48300427,0.37568027,-0.107324004,0.48728263,0.37328702,-0.11399561,0.5078632,0.3989546,-0.10890862,1.0,55.0,54.0,0.043903764,0.07612322,0.03221946,0.0072517116,0.048906304,0.041654594,0.043652315,0.09362471,0.049972396,0.03665205,0.027216919,-0.009435132,0.00025144964,-0.017501488,-0.017752938,0.003874287,-0.015645266,-0.019519553,1.0,0.0,-1.0,10,10,0,10,0,-10,1.0,0.0,-1.0,1.0,18.4,17.4,0.043903764337301254,0.07612322270870209,0.03221945837140083,0.007600684417411685,0.04970008470118046,0.042099400283768774,0.04024352766573429,0.09200414717197418,0.05176061950623989,0.03630307987332344,0.026423138007521628,-0.009879941865801815,0.0036602366715669634,-0.015880924463272095,-0.019541161134839058,-74.51282,-1.0
5,713,52216,1.0,125.0,124.0,1.0,1.0,0.0,0.009691287,0.009691287,-85.6044,-3.5195923,-0.004844621,-0.03708866,-0.005758509,-0.038787875,0.36850712,0.42048538,0.05197826,0.45806682,0.44211605,-0.01595077,0.49586138,0.47545332,-0.020408064,0.5232677,0.50831854,-0.014949143,1.0,125.0,124.0,0.052335106,0.062026393,0.009691287,0.0005160802,0.04483632,0.04432024,0.0491466,0.095926546,0.046779945,0.051819026,0.017190073,-0.034628954,0.0031885058,-0.033900153,-0.03708866,0.012078829,-0.026709046,-0.038787875,1.0,0.0,-1.0,11,11,0,11,0,-11,1.0,0.0,-1.0,1.0,39.27272727272727,38.27272727272727,0.05233510583639145,0.06202639266848564,0.009691286832094193,0.00067834054723128,0.04526320167563178,0.0445848611284005,0.04097308066080917,0.09029360996051268,0.04932052929970351,0.05165676467797973,0.01676319099285386,-0.03489357368512587,0.01136202517558228,-0.02826721729202704,-0.03962924246760932,-85.6044,-1.0
5,714,52302,1.0,13.0,12.0,1.0,1.0,0.0,0.02942466,0.02942466,-50.511444,-1.1324806,-0.0004988611,-0.01863496,-0.0067730397,-0.019299693,0.35822225,0.31639695,-0.041825294,0.41268697,-0.0320265,-0.44471347,0.4266246,-0.0118381595,-0.43846276,0.44490704,0.040231556,-0.40467548,1.0,13.0,12.0,0.055663772,0.08508843,0.02942466,0.0073385537,0.049438264,0.04209971,0.050232626,0.09829225,0.04805962,0.04832522,0.035650168,-0.012675051,0.0054311454,-0.013203815,-0.01863496,0.011122905,-0.008176789,-0.019299693,1.0,0.0,-1.0,6,6,0,6,0,-6,1.0,0.0,-1.0,1.0,4.666666666666667,3.666666666666667,0.05566377192735672,0.08508843183517456,0.02942465990781784,0.006960359091560046,0.04894978987673918,0.04198943078517914,0.048064508785804115,0.094659723341465,0.04659521455566088,0.048703412214914955,0.03613864195843538,-0.012564770256479577,0.0075992631415526075,-0.009571291506290436,-0.017170554647843044,-50.511444,-1.0
5,715,52328,3.0,69.0,66.0,8.0,12.0,4.0,0.022826448,0.022826448,-14.807343,-0.029651642,0.0060921386,-0.014193628,0.0014885701,-0.01812796,0.2738309,0.23214376,-0.04168713,0.124570854,0.10176085,-0.022810005,0.11268214,0.10075025,-0.011931889,0.14083166,0.124586046,-0.016245618,3.0,69.0,66.0,0.046600275,0.06942672,0.022826448,0.0019754483,0.047054276,0.04507883,0.052057255,0.08907733,0.037020076,0.044624828,0.022372447,-0.02225238,-0.0054569803,-0.019650608,-0.014193628,0.0017831065,-0.016344853,-0.01812796,0.0,0.0,0.0,8,8,0,4,0,-4,0.5,0.0,-0.5,1.5,24.125,22.625,0.04660027474164963,0.06942672282457352,0.02282644808292389,0.002348679321585223,0.04757498251274228,0.04522630319115706,0.045987322460860014,0.08530652429908514,0.039319201838225126,0.04425159515812993,0.021851740311831236,-0.022399854846298695,0.0006129522807896137,-0.015879801474511623,-0.016492753755301237,-14.807343,-0.5
5,716,52375,3.0,663.0,660.0,2.0,4.0,2.0,0.0030754805,0.0030754805,-45.13266,-1.4248505,-0.0018978305,-0.052216407,-0.004772857,-0.04764346,0.20189315,0.2352551,0.033361956,-0.04012757,-0.029641453,0.0104861185,-0.076102905,-0.061889697,0.014213208,-0.050658125,-0.03413198,0.016526144,3.0,663.0,660.0,0.037944753,0.041020233,0.0030754805,0.0054188226,0.047733255,0.042314433,0.03890233,0.09419422,0.055291887,0.03252593,-0.0067130215,-0.039238952,-0.0009575784,-0.053173985,-0.052216407,0.0005762838,-0.047067177,-0.04764346,0.0,0.0,0.0,10,10,0,5,0,-5,0.5,0.0,-0.5,1.6,201.4,199.8,0.03794475272297859,0.0410202331840992,0.0030754804611206055,0.005330829927697778,0.04790828339755535,0.04257745346985758,0.0376314327120781,0.08808753192424774,0.05045609921216965,0.032613922655582425,-0.0068880502134561535,-0.03950197286903858,0.0003133200109004974,-0.04706729874014855,-0.04738061875104904,-45.13266,-0.5
5,717,52394,1.0,5.0,4.0,1.0,1.0,0.0,0.028537784,0.028537784,-61.390198,-2.4932613,-0.0036192574,-0.00986727,-0.007012885,-0.01181813,0.10396999,0.1710171,0.067047104,0.25165227,0.11689352,-0.13475874,0.24268936,0.10968109,-0.13300827,0.23669043,0.12267392,-0.11401651,1.0,5.0,4.0,0.05659421,0.085131995,0.028537784,0.0016950596,0.045669805,0.043974746,0.05206149,0.090466544,0.038405053,0.054899152,0.03946219,-0.015436962,0.004532721,-0.0053345487,-0.00986727,0.00990646,-0.00191167,-0.01181813,1.0,0.0,-1.0,4,4,0,4,0,-4,1.0,0.0,-1.0,1.0,3.0,2.0,0.05659421160817146,0.08513199537992477,0.02853778377175331,0.0018424781155772507,0.046095987781882286,0.044253509666305035,0.04959491174668074,0.08852440118789673,0.03892948944121599,0.05475173331797123,0.03903600759804249,-0.01571572571992874,0.0069992998614907265,-0.0033924058079719543,-0.01039170566946268,-61.390198,-1.0
5,718,52527,1.0,1.0,0.0,2.0,1.0,-1.0,0.058928452,0.058928452,-64.16269,-1.906435,0.007255338,0.006176617,-0.00080230087,0.0071051195,-0.07019497,-0.06215098,0.008043986,-0.21850371,0.13006672,0.34857044,-0.2151178,0.1392269,0.3543447,-0.20863487,0.12031997,0.32895485,1.0,1.0,0.0,0.049137913,0.108066365,0.058928452,0.00640982,0.0488876,0.04247778,0.04738773,0.100139566,0.052751835,0.042728093,0.059178766,0.016450673,0.0017501824,0.007926799,0.006176617,0.0056856126,0.012790732,0.0071051195,1.0,1.0,0.0,7,7,0,7,7,0,1.0,1.0,0.0,1.0,1.0,0.0,0.049137912690639496,0.1080663651227951,0.05892845243215561,0.006775803464863982,0.04925705971462386,0.042481256249759874,0.046384357448135106,0.09998446702957153,0.05360010958143643,0.042362109891005924,0.058809305408171246,0.016447195517165322,0.0027535552425043924,0.008081898093223572,0.005328342850719179,-64.16269,0.0
5,719,52554,1.0,115.0,114.0,1.0,1.0,0.0,0.012947667,0.012947667,-40.611725,-0.9484062,-0.0070708618,-0.029763203,-0.006740354,-0.035401247,0.43109944,0.447081,0.015981555,0.2895734,-0.013745269,-0.30331868,0.284642,-0.035299163,-0.31994116,0.33209252,0.05189431,-0.28019822,1.0,115.0,114.0,0.05133302,0.06428069,0.012947667,0.00041289657,0.047010675,0.04659778,0.04638482,0.08909569,0.04271087,0.050920125,0.017270014,-0.03365011,0.0049482025,-0.024815,-0.029763203,0.01238627,-0.023014978,-0.035401247,1.0,0.0,-1.0,8,8,0,8,0,-8,1.0,0.0,-1.0,1.0,38.0,37.0,0.051333021372556686,0.0642806887626648,0.012947667390108109,0.00047838118553045206,0.04729068139567971,0.04681230021014926,0.03715520864352584,0.08765813894569874,0.0505029303021729,0.050854640547186136,0.016990007366985083,-0.033864633180201054,0.014177812729030848,-0.023377450183033943,-0.03755526291206479,-40.611725,-1.0
5,720,52596,1.0,126.0,125.0,1.0,1.0,0.0,0.006640371,0.006640371,-31.543488,-1.1022644,-0.0037753358,-0.03674964,-0.0077049695,-0.038313936,0.29402873,0.059073545,-0.23495519,0.13472572,0.0694139,-0.06531182,0.16561699,0.088251844,-0.077365145,0.19548295,0.09469128,-0.10079168,1.0,126.0,125.0,0.055684637,0.06232501,0.006640371,-0.009826175,0.043203317,0.053029492,0.04492015,0.08831016,0.04339001,0.06551081,0.019121692,-0.046389118,0.010764487,-0.025985152,-0.03674964,0.01501042,-0.023303516,-0.038313936,1.0,0.0,-1.0,5,5,0,5,0,-5,1.0,0.0,-1.0,1.0,41.4,40.4,0.055684637278318405,0.06232500821352005,0.006640370935201645,-0.010309936478734016,0.04278653487563133,0.05309647135436535,0.04329347908496857,0.08637413978576661,0.04308066070079804,0.06599457561969757,0.019538473337888718,-0.04645610228180885,0.012391158193349839,-0.02404913157224655,-0.03644028976559639,-31.543488,-1.0
5,721,52598,1.0,8.0,7.0,1.0,2.0,1.0,0.035422552,0.035422552,-33.706543,-0.6406059,-0.004224144,-0.013895072,-0.004525386,-0.0171073,0.20413373,0.13531989,-0.068813846,0.22466959,0.298668,0.07399841,0.24441127,0.30779606,0.063384786,0.2529404,0.30579564,0.052855253,1.0,8.0,7.0,0.046134125,0.08155668,0.035422552,0.00618859,0.047831744,0.041643154,0.040885825,0.09020345,0.049317624,0.039945535,0.033724934,-0.0062206015,0.0052483007,-0.008646771,-0.013895072,0.009791113,-0.007316187,-0.0171073,1.0,0.0,-1.0,12,12,0,12,2,-10,1.0,0.16666666666666666,-0.8333333333333334,1.0,2.9166666666666665,1.9166666666666665,0.04613412544131279,0.08155667781829834,0.03542255237698555,0.006134063626329104,0.04817109555006027,0.04203703192373117,0.0366434675330917,0.0882184598594904,0.05157499232639869,0.04000006212542454,0.03338558226823807,-0.006614479857186474,0.009490657908221086,-0.006661782041192055,-0.016152439949413143,-33.706543,-0.8333333333333334
5,722,52652,4.0,201.0,197.0,17.0,10.0,-7.0,0.027454741,0.027454741,-6.178833,0.7381916,0.005055465,-0.026337001,0.0038718395,-0.029607616,0.58147186,0.57325155,-0.008220315,0.2121392,0.23633282,0.024193615,0.21953763,0.25721255,0.03767492,0.28091845,0.3086661,0.02774766,4.0,201.0,197.0,0.033104632,0.060559373,0.027454741,-0.001335074,0.046550225,0.0478853,0.042651277,0.09644302,0.053791743,0.034439705,0.014009148,-0.020430557,-0.009546645,-0.035883646,-0.026337001,-0.003630247,-0.033237863,-0.029607616,0.0,0.0,0.0,9,9,0,3,0,-3,0.3333333333333333,0.0,-0.3333333333333333,1.7777777777777777,63.666666666666664,61.888888888888886,0.033104632049798965,0.06055937334895134,0.027454741299152374,-0.0012758197327558366,0.04679382426871194,0.04806964400146778,0.03850500782330831,0.09289159708552891,0.0543865892622206,0.034380451672607,0.013765549080239402,-0.020614902592367597,-0.005400375773509343,-0.03233222373657756,-0.02693184796306822,-6.178833,-0.3333333333333333
5,723,52892,6.0,186.0,180.0,1.0,2.0,1.0,0.028834019,0.028834019,-58.753967,-1.9715157,-0.001282949,-0.02326189,-0.0029145796,-0.021365277,0.38930696,0.42239618,0.03308922,0.2793342,0.21124655,-0.06808764,0.24985489,0.17778358,-0.072071314,0.29124826,0.23612683,-0.055121437,6.0,186.0,180.0,0.03287065,0.06170467,0.028834019,0.0029142695,0.048104916,0.045190647,0.036532734,0.08862864,0.05209591,0.029956382,0.013599753,-0.016356628,-0.0036620833,-0.026923973,-0.02326189,-0.0029785223,-0.0243438,-0.021365277,0.0,0.0,0.0,8,8,0,2,0,-2,0.25,0.0,-0.25,2.0,55.5,53.5,0.03287065029144287,0.061704669147729874,0.028834018856287003,0.0026764113281387836,0.047885818872600794,0.04520940754446201,0.0347202280536294,0.08585909567773342,0.05113886762410402,0.030194238759577274,0.01381885027512908,-0.016375388484448195,-0.0018495777621865273,-0.024154426530003548,-0.02230484876781702,-58.753967,-0.25
5,724,52931,7.0,318.0,311.0,1.0,1.0,0.0,0.022780456,0.022780456,-33.795166,-1.1655903,0.00064332597,-0.0117066465,-0.0014685895,-0.02189498,0.48122406,0.47653937,-0.0046846867,0.22442912,0.339825,0.11539589,0.22831061,0.3538106,0.1255,0.2917138,0.3925756,0.10086179,7.0,318.0,311.0,0.031641975,0.05442243,0.022780456,-0.0010959125,0.046890244,0.047986157,0.0508488,0.0853359,0.034487102,0.03273789,0.007532187,-0.025205702,-0.019206826,-0.030913472,-0.0117066465,-0.006610561,-0.028505541,-0.02189498,0.0,0.0,0.0,8,8,0,0,0,0,0.0,0.0,0.0,2.75,97.625,94.875,0.03164197504520416,0.05442243069410324,0.02278045564889908,-0.0008696668837728794,0.0470781521871686,0.04794781907094148,0.0429761353880167,0.0836761686950922,0.0407000333070755,0.03251164173707366,0.007344278506934643,-0.025167363230139017,-0.011334160342812538,-0.02925373800098896,-0.017919577658176422,-33.795166,0.0
5,725,52990,25.0,201.0,176.0,5.0,10.0,5.0,0.031361535,0.031361535,-14.830536,0.18352509,0.0061110165,-0.018468669,0.0014450308,-0.016450295,0.056842886,0.09255375,0.035710864,0.079418145,0.16023283,0.08081468,0.05738008,0.14616166,0.08878158,0.06011111,0.14451335,0.08440225,25.0,201.0,176.0,0.030826854,0.062188387,0.031361535,0.0075683338,0.0490105,0.041442167,0.044187758,0.09401796,0.049830202,0.02325852,0.013177887,-0.010080634,-0.0133609045,-0.031829573,-0.018468669,-0.011211967,-0.027662262,-0.016450295,0.0,0.0,0.0,7,7,0,0,0,0,0.0,0.0,0.0,8.285714285714286,61.57142857142857,53.285714285714285,0.030826853588223457,0.06218838691711426,0.0313615333288908,0.0074474032569144455,0.049115145312888284,0.04166774205597384,0.04077762471778052,0.09063216405255455,0.049854539334774024,0.02337945013173989,0.013073241604225976,-0.010306208527513913,-0.009950771129557065,-0.02844377713544028,-0.018493006005883217,-14.830536,0.0
5,726,53052,18.0,224.0,206.0,97.0,99.0,2.0,0.03525908,0.03525908,-60.333954,-3.0827866,0.007007256,-0.013630856,0.005795275,-0.016119525,0.31297663,0.28116596,-0.03181067,0.1274031,0.08484055,-0.042562544,0.12189925,0.084806465,-0.037092783,0.1622983,0.12374991,-0.038548395,18.0,224.0,206.0,0.012744616,0.048003696,0.03525908,-0.021998582,0.036137063,0.058135644,0.03257811,0.081468046,0.048889935,0.034743197,0.011866633,-0.022876564,-0.019833494,-0.03346435,-0.013630856,-0.013198727,-0.02931825,-0.016119525,0.0,0.0,0.0,12,12,0,0,0,0,0.0,0.0,0.0,5.333333333333333,69.83333333333333,64.5,0.012744615785777569,0.04800369590520859,0.03525908011943102,-0.02190362863863508,0.036367193485299744,0.05827082212393482,0.022816452275340755,0.07880706340074539,0.05599061112540464,0.03464824426919222,0.011636502419908842,-0.023011741849283375,-0.010071836334342757,-0.030803367495536804,-0.02073153116119405,-60.333954,0.0
5,727,53070,10.0,58.0,48.0,11.0,4.0,-7.0,0.037793692,0.037793692,-19.71634,-0.21670723,0.0059259236,-0.017536178,0.004007362,-0.013266984,0.0105361985,-0.10937725,-0.11991345,-0.1419698,-0.1472748,-0.005305007,-0.15442821,-0.1722438,-0.01781559,-0.14766052,-0.17450428,-0.026843756,10.0,58.0,48.0,0.033421133,0.071214825,0.037793692,-0.00090399163,0.045453373,0.046357363,0.042314615,0.097644486,0.05532987,0.034325123,0.025761452,-0.008563671,-0.008893482,-0.02642966,-0.017536178,-0.006200861,-0.019467846,-0.013266984,0.0,0.0,0.0,7,7,0,1,0,-1,0.14285714285714285,0.0,-0.14285714285714285,3.142857142857143,17.857142857142858,14.714285714285715,0.03342113271355629,0.07121482491493225,0.03779369220137596,-0.0008249394595623016,0.04574370543871607,0.046568644898278375,0.03885500665221896,0.09032937245709556,0.051474365804876604,0.03424607217311859,0.02547111947621618,-0.00877495269690241,-0.0054338739386626655,-0.019114547542163303,-0.013680673603500637,-19.71634,-0.14285714285714285
5,728,53152,8.0,367.0,359.0,4.0,3.0,-1.0,0.014204059,0.014204059,-67.46863,-2.769827,0.003226053,-0.034258284,0.0013301708,-0.033405207,-0.03699387,0.003113202,0.04010707,0.11779357,-0.048838086,-0.16663165,0.12375027,-0.059817,-0.18356727,0.11467439,-0.05589684,-0.17057124,8.0,367.0,359.0,0.035594948,0.049799006,0.014204059,0.005832448,0.045079723,0.039247274,0.042530026,0.09099237,0.048462342,0.029762499,0.0047192834,-0.025043216,-0.0069350787,-0.041193362,-0.034258284,-0.0042003803,-0.037605587,-0.033405207,0.0,0.0,0.0,11,11,0,1,0,-1,0.09090909090909091,0.0,-0.09090909090909091,3.5454545454545454,112.81818181818181,109.27272727272727,0.03559494763612747,0.049799006432294846,0.014204058796167374,0.005970591848546808,0.045252196829427375,0.03928160498088057,0.03995963660153476,0.0866157818924297,0.04665614529089494,0.02962435612624342,0.004546809602867474,-0.025077546523375946,-0.004364688965407285,-0.03681677546013485,-0.03245208649472756,-67.46863,-0.09090909090909091
5,729,53155,1.0,40.0,39.0,1.0,1.0,0.0,0.01830772,0.01830772,-39.148926,-1.295044,-0.004479099,-0.029488143,-0.004403658,-0.03308071,-0.43594757,-0.4481985,-0.01225093,0.04905219,-0.17640954,-0.22546174,0.054690026,-0.19396247,-0.24865249,0.008985277,-0.23269479,-0.24168007,1.0,40.0,39.0,0.055820223,0.07412794,0.01830772,-0.00033659738,0.045548942,0.04588554,0.04711821,0.09491407,0.047795862,0.05615682,0.028579,-0.027577821,0.008702014,-0.020786129,-0.029488143,0.016661372,-0.016419336,-0.03308071,1.0,0.0,-1.0,8,8,0,8,0,-8,1.0,0.0,-1.0,1.0,14.125,13.125,0.055820222944021225,0.07412794232368469,0.018307719379663467,-0.00032566971094638575,0.0459309290163219,0.04625659872726828,0.03994765318930149,0.09079168271273375,0.050844029523432255,0.056145892944186926,0.028197013307362795,-0.02794887963682413,0.015872569754719734,-0.016663740389049053,-0.03253631014376879,-39.148926,-1.0
5,730,53157,5.0,6.0,1.0,1.0,3.0,2.0,0.05049468,0.05049468,-44.279816,-1.4156303,-0.0019846708,-0.007700801,-0.005225122,-0.0037977174,-0.062950775,-0.1243581,-0.061407328,0.030298108,0.06980449,0.039506383,0.044071604,0.07212885,0.028057244,0.038480047,0.06054909,0.022069044,5.0,6.0,1.0,0.04178717,0.09228185,0.05049468,0.005345619,0.046726067,0.041380446,0.049388252,0.10758373,0.05819548,0.03644155,0.04555578,0.009114232,-0.0076010823,-0.015301883,-0.007700801,-0.0034079626,-0.00720568,-0.0037977174,0.0,0.0,0.0,9,9,0,2,2,0,0.2222222222222222,0.2222222222222222,0.0,2.5555555555555554,2.7777777777777777,0.22222222222222232,0.04178716987371445,0.09228184819221497,0.05049467831850052,0.005707711653990878,0.047357813351684146,0.041650101697693266,0.04561638625131713,0.10061162875758277,0.05499524250626564,0.03607945889234543,0.04492403484053082,0.008844575948185392,-0.0038292163776026834,-0.008329780565367805,-0.0045005641877651215,-44.279816,0.0
5,731,53270,1.0,19.0,18.0,2.0,2.0,0.0,0.033474345,0.033474345,-55.862,-1.6296978,-0.0004833825,-0.018111594,0.001313448,-0.01722211,0.4922885,0.54979783,0.057509333,0.6106802,0.66045123,0.04977101,0.6046827,0.6492576,0.044574916,0.6100719,0.65521485,0.04514295,1.0,19.0,18.0,0.04773057,0.08120491,0.033474345,0.0029908314,0.04745333,0.0444625,0.04367776,0.0952637,0.05158594,0.044739738,0.033751585,-0.0109881535,0.0040528104,-0.014058784,-0.018111594,0.006352607,-0.010869503,-0.01722211,1.0,0.0,-1.0,11,11,0,11,0,-11,1.0,0.0,-1.0,1.0,6.454545454545454,5.454545454545454,0.047730568796396255,0.08120491355657578,0.03347434476017952,0.0030281493143940515,0.0473162399774248,0.044288090663030744,0.03950168937444687,0.09215341169725765,0.052651722322810776,0.044702419503168625,0.03388867357915098,-0.010813745924017647,0.008228879421949387,-0.010948498140681873,-0.01917737756263126,-55.862,-1.0
5,732,53370,66.0,641.0,575.0,15.0,5.0,-10.0,0.019030072,0.019030072,-59.79483,-2.5216732,0.007495042,-0.024107065,0.0040816255,-0.02717071,0.18417077,0.20496501,0.020794243,0.11925291,-0.04019047,-0.15944338,0.11547459,-0.039921485,-0.15539607,0.12883213,-0.013335559,-0.14216769,66.0,641.0,575.0,0.018522646,0.037552718,0.019030072,0.00023715751,0.04295131,0.042714152,0.042398218,0.085535355,0.043137137,0.018285489,-0.00539859,-0.023684079,-0.023875572,-0.047982637,-0.024107065,-0.016924668,-0.04409538,-0.02717071,0.0,0.0,0.0,7,7,0,0,0,0,0.0,0.0,0.0,20.428571428571427,192.28571428571428,171.85714285714286,0.01852264627814293,0.037552718073129654,0.019030071794986725,2.1299081709003076e-05,0.043029985789741786,0.04300868670803278,0.03623635162200246,0.08115408143826894,0.044917729816266475,0.0185013474630458,-0.005477267716612134,-0.023978615179657936,-0.017713705343859538,-0.04360136336513928,-0.02588765802127974,-59.79483,0.0
5,733,53489,230.0,707.0,477.0,97.0,38.0,-59.0,0.027800597,0.027800597,-24.12613,-0.40928268,0.014504921,-0.029602021,0.013264377,-0.027679287,0.07207798,0.019884694,-0.052193288,0.07913518,0.22430433,0.14516915,0.07762636,0.2370242,0.15939784,0.08358636,0.22930436,0.14571801,230.0,707.0,477.0,0.013547952,0.04134855,0.027800597,0.005868726,0.049062584,0.043193858,0.03696178,0.0943644,0.05740262,0.0076792263,-0.007714033,-0.015393259,-0.023413826,-0.053015847,-0.029602021,-0.021724071,-0.04940336,-0.027679287,0.0,0.0,0.0,12,12,0,0,0,0,0.0,0.0,0.0,68.66666666666667,211.16666666666666,142.5,0.01354795228689909,0.04134855046868324,0.027800598181784153,0.005739110832413037,0.04913584546496471,0.04339673463255167,0.03518065623939037,0.0914027610172828,0.056222104777892426,0.007808841415680945,-0.007787294996281465,-0.015596136411962409,-0.02163270302116871,-0.05005421054859956,-0.028421507527430855,-24.12613,0.0
5,734,53511,11.0,304.0,293.0,2.0,1.0,-1.0,0.01940358,0.01940358,-62.44989,-2.101448,0.0036758408,-0.034735695,0.00039939024,-0.033635315,-0.09112716,-0.038541302,0.052585855,-0.10705402,-0.051039916,0.056014102,-0.088670895,-0.039772343,0.04889855,-0.10083158,-0.044312026,0.056519557,11.0,304.0,293.0,0.033799432,0.053203013,0.01940358,0.0018495014,0.04605787,0.044208366,0.041246038,0.09538531,0.054139275,0.03194993,0.007145144,-0.024804786,-0.0074466057,-0.0421823,-0.034735695,-0.004165679,-0.037800994,-0.033635315,0.0,0.0,0.0,10,10,0,0,0,0,0.0,0.0,0.0,4.1,93.3,89.2,0.0337994322180748,0.05320301279425621,0.019403580576181412,0.0016715031903004273,0.04614564590156078,0.04447414271126036,0.03808032125234604,0.09057090133428573,0.05249058008193969,0.03212792836129665,0.007057366892695427,-0.025070561468601225,-0.00428088903427124,-0.03736788854002952,-0.03308699950575828,-62.44989,0.0
5,735,53570,2.0,545.0,543.0,1.0,2.0,1.0,0.000563208,0.000563208,-68.11868,-2.5748634,-0.0046078525,-0.04029079,-0.006819427,-0.04639995,-0.23010173,0.008967176,0.23906891,-0.33061478,-0.6116709,-0.28105614,-0.31949946,-0.6155021,-0.29600266,-0.32121766,-0.57519525,-0.2539776,2.0,545.0,543.0,0.04790834,0.048471548,0.000563208,0.0013992559,0.04933474,0.047935482,0.048839092,0.08969309,0.040854,0.046509083,-0.00086319074,-0.047372274,-0.0009307526,-0.041221544,-0.04029079,0.008000046,-0.038399905,-0.04639995,0.0,0.0,0.0,6,6,0,3,0,-3,0.5,0.0,-0.5,1.5,164.0,162.5,0.04790833964943886,0.04847154766321182,0.0005632080137729645,0.0016437452043949936,0.049294578532377877,0.04765083332798288,0.04361383927365144,0.0867297612130642,0.04311592193941275,0.046264595041672386,-0.0008230308691660563,-0.04708762591083844,0.004294500375787417,-0.03825821354985237,-0.042552713925639786,-68.11868,-0.5
5,736,53727,3.0,53.0,50.0,10.0,14.0,4.0,0.03661668,0.03661668,-59.049103,-2.1421661,0.002033621,-0.016108103,0.00030257925,-0.01840926,0.3733832,0.46737888,0.09399569,0.21105535,0.33576855,0.1247132,0.21433394,0.347308,0.13297407,0.24371374,0.36810043,0.1243867,3.0,53.0,50.0,0.03699306,0.07360974,0.03661668,0.003649887,0.04843366,0.044783775,0.043244686,0.09596947,0.052724782,0.033343174,0.025176078,-0.0081670955,-0.0062516257,-0.022359729,-0.016108103,-0.00036681443,-0.018776074,-0.01840926,0.0,0.0,0.0,6,6,0,4,0,-4,0.6666666666666666,0.0,-0.6666666666666666,1.3333333333333333,15.5,14.166666666666666,0.036993060261011124,0.07360973954200745,0.03661667928099632,0.0036112949019297957,0.0482489379743735,0.0446376430724437,0.03603940395017465,0.0935073234140873,0.057467919463912644,0.03338176508744558,0.025360801567633946,-0.008020963519811634,0.0009536563108364741,-0.01989758387207985,-0.020851240182916325,-59.049103,-0.6666666666666666
5,737,53728,1.0,2.0,1.0,1.0,1.0,0.0,0.041122325,0.041122325,-57.323914,-2.6104012,-0.0018006116,-0.023326455,-0.0019348785,-0.019000974,0.13563953,0.15753034,0.021890804,-0.0065375604,0.07945899,0.08599655,-0.018818581,0.0810588,0.09987738,0.00488524,0.09976507,0.09487983,1.0,2.0,1.0,0.04599417,0.087116495,0.041122325,-0.015642796,0.04067085,0.056313645,0.02662007,0.09106885,0.06444878,0.061636966,0.046445645,-0.01519132,0.0193741,-0.003952354,-0.023326455,0.021326665,0.0023256913,-0.019000974,1.0,0.0,-1.0,9,9,0,9,9,0,1.0,1.0,0.0,1.0,1.0,0.0,0.045994170010089874,0.08711649477481842,0.041122324764728546,-0.01559846724073092,0.041118822164005704,0.05671728940473662,0.024403517237967916,0.08244359658824073,0.05804007935027281,0.06159263725082079,0.045997672610812716,-0.015594964640008077,0.02159065277212196,0.004672898186577691,-0.016917754585544266,-57.323914,0.0
5,738,53773,10.0,25.0,15.0,24.0,3.0,-21.0,0.046650756,0.046650756,-20.603271,0.056425095,0.005915828,-0.0038256384,0.0062969625,-0.006542977,0.4843613,0.4977779,0.013416618,0.16695458,0.3047575,0.13780293,0.15756838,0.2994628,0.14189442,0.23185012,0.35079417,0.11894405,10.0,25.0,15.0,0.03307322,0.07972398,0.046650756,0.0040098587,0.047851607,0.04384175,0.04569672,0.096173115,0.050476395,0.029063363,0.03187237,0.0028090067,-0.0126235,-0.016449139,-0.0038256384,-0.0074252672,-0.013968244,-0.006542977,0.0,0.0,0.0,16,16,0,2,0,-2,0.125,0.0,-0.125,3.8125,8.875,5.0625,0.033073220402002335,0.07972397655248642,0.046650756150484085,0.00412900595983956,0.04817259847186506,0.0440435925120255,0.0389829307096079,0.09411130286753178,0.05512837215792388,0.028944214689545333,0.03155137808062136,0.0026071633910760283,-0.005909710307605565,-0.014387326315045357,-0.008477616007439792,-20.603271,-0.125
5,739,53858,1.0,181.0,180.0,1.0,1.0,0.0,0.01508883,0.01508883,-43.2106,-1.1892147,-0.006724909,-0.033707008,-0.008444119,-0.033128854,0.6129833,0.5519161,-0.061067164,0.48086053,0.49186474,0.0110042095,0.5097176,0.50611126,-0.0036063194,0.5618273,0.5422252,-0.01960212,1.0,181.0,180.0,0.046180975,0.061269805,0.01508883,0.007722699,0.04720358,0.039480884,0.044088196,0.092884034,0.048795838,0.038458277,0.014066223,-0.024392053,0.0020927787,-0.03161423,-0.033707008,0.0054637156,-0.027665138,-0.033128854,1.0,0.0,-1.0,5,5,0,5,0,-5,1.0,0.0,-1.0,1.0,57.0,56.0,0.04618097469210625,0.06126980483531952,0.015088830143213272,0.0077234357595443726,0.04739276319742203,0.039669327437877655,0.04245908260345459,0.0887620434165001,0.04630296081304551,0.038457538932561874,0.013877041637897491,-0.024580497294664383,0.0037218920886516573,-0.02749223858118057,-0.031214130669832228,-43.2106,-1.0
5,740,53881,1.0,56.0,55.0,2.0,1.0,-1.0,0.0315582,0.0315582,-40.969757,-1.3923111,0.007028561,-0.015355438,-0.0011803508,-0.016515244,0.195103,0.18359636,-0.011506647,0.06292409,0.04194498,-0.020979106,0.04446777,0.010130722,-0.034337047,0.06578869,0.043119483,-0.022669204,1.0,56.0,55.0,0.04365988,0.07521808,0.0315582,-0.0013972056,0.048059892,0.0494571,0.04301048,0.08992412,0.04691364,0.045057088,0.02715819,-0.017898899,0.00064940006,-0.014706038,-0.015355438,0.003408406,-0.013106838,-0.016515244,1.0,0.0,-1.0,11,11,0,11,0,-11,1.0,0.0,-1.0,1.0,17.636363636363637,16.636363636363637,0.04365988075733185,0.0752180814743042,0.03155820071697235,-0.0013755224327641454,0.04818189313465899,0.04955741556742314,0.040590589019385254,0.08720442043109373,0.04661383141170848,0.04503540288318287,0.027036188339645214,-0.017999214543537655,0.003069291737946597,-0.011986338956789537,-0.015055630694736134,-40.969757,-1.0
5,741,53891,99.0,275.0,176.0,263.0,65.0,-198.0,0.045805216,0.045805216,-38.83899,-1.5434093,0.013890352,-0.023126693,0.012816053,-0.017379409,0.18321,0.14275411,-0.040455893,0.116372466,0.12197881,0.005606346,0.10872387,0.118918106,0.010194235,0.12391337,0.12624577,0.0023323968,99.0,275.0,176.0,0.009539472,0.055344686,0.045805216,-0.005331806,0.045252934,0.05058474,0.030338936,0.09927084,0.06893191,0.014871278,0.010091752,-0.004779526,-0.020799464,-0.043926157,-0.023126693,-0.017756054,-0.035135463,-0.017379409,0.0,0.0,0.0,7,7,0,0,0,0,0.0,0.0,0.0,27.571428571428573,84.71428571428571,57.14285714285714,0.009539471939206123,0.05534468591213226,0.04580521397292614,-0.0056349352401282105,0.04520558725510325,0.05084052249523146,0.0286247440214668,0.08951999779258456,0.060895253771117756,0.015174407378903456,0.010139098657029015,-0.005035308721874441,-0.019085272082260678,-0.034175311880452294,-0.015090039798191617,-38.83899,0.0
5,742,54078,37.0,639.0,602.0,6.0,2.0,-4.0,0.016418573,0.016418573,-28.625885,-0.6477604,0.0058751516,-0.037091553,0.003875304,-0.035706144,0.08085851,0.15173599,0.07087748,0.1451064,0.16108406,0.01597765,0.14343189,0.17670472,0.033272833,0.14687333,0.1848632,0.03798987,37.0,639.0,602.0,0.022577431,0.038996004,0.016418573,0.0018383581,0.044437893,0.042599536,0.038127754,0.09163788,0.053510126,0.020739073,-0.005441889,-0.026180962,-0.015550323,-0.052641876,-0.037091553,-0.014260586,-0.04996673,-0.035706144,0.0,0.0,0.0,9,9,0,0,0,0,0.0,0.0,0.0,11.555555555555555,190.11111111111111,178.55555555555557,0.022577431052923203,0.038996003568172455,0.016418572515249252,0.001873301574960351,0.04439866294463476,0.04252536136967441,0.03723803203966883,0.08835486157072915,0.05111682953106032,0.02070412950383292,-0.0054026593764623,-0.02610678888029522,-0.014660600986745622,-0.049358858002556696,-0.03469825701581107,-28.625885,0.0
5,743,54147,1.0,3.0,2.0,2.0,1.0,-1.0,0.03761736,0.03761736,-50.6102,-1.6043243,0.0070005767,-0.018271953,0.0028346963,-0.017216008,0.5295972,0.33624274,-0.19335449,0.45451292,0.24706079,-0.20745213,0.45957094,0.2721772,-0.18739375,0.49045885,0.30661663,-0.18384221,1.0,3.0,2.0,0.05161127,0.08922863,0.03761736,-0.00042084142,0.04698003,0.047400873,0.035950657,0.09183997,0.055889312,0.052032113,0.0422486,-0.009783514,0.015660614,-0.002611339,-0.018271953,0.017199058,-1.695007e-05,-0.017216008,1.0,0.0,-1.0,9,9,0,9,3,-6,1.0,0.3333333333333333,-0.6666666666666667,1.0,1.7777777777777777,0.7777777777777777,0.051611270755529404,0.08922863006591797,0.037617359310388565,-0.0004689180560591113,0.04708066085974375,0.047549578915802866,0.0343375684072574,0.08946481926573648,0.055127250858479075,0.052080188774400286,0.04214796920617422,-0.00993221956822607,0.017273702348272007,-0.00023618919981850518,-0.017509891548090514,-50.6102,-0.6666666666666667
5,744,54257,17.0,395.0,378.0,11.0,6.0,-5.0,0.020895677,0.020895677,-84.23584,-3.1261044,0.005662704,-0.031000433,0.0058155116,-0.029370865,0.29753157,0.3163428,0.018811226,-0.02941168,-0.23468983,-0.20527816,-0.06233436,-0.25873464,-0.19640028,0.0074843373,-0.19963692,-0.20712125,17.0,395.0,378.0,0.030904574,0.05180025,0.020895677,0.0025273724,0.04678545,0.04425808,0.046452507,0.09834862,0.05189611,0.028377201,0.0050147995,-0.023362402,-0.015547933,-0.046548367,-0.031000433,-0.010643268,-0.040014133,-0.029370865,0.0,0.0,0.0,10,10,0,0,0,0,0.0,0.0,0.0,5.8,122.4,116.60000000000001,0.030904574319720268,0.05180025100708008,0.02089567668735981,0.002930187154561281,0.04733932465314865,0.04440913749858737,0.04093197211623192,0.09151722192764282,0.0505852498114109,0.027974387258291246,0.004460926353931427,-0.02351346090435982,-0.01002739779651165,-0.03971697092056274,-0.029689573124051093,-84.23584,0.0
5,745,54361,1.0,112.0,111.0,2.0,3.0,1.0,0.012387138,0.012387138,-59.799164,-2.2612114,-0.002831336,-0.037681494,-0.0016401522,-0.03935686,0.7516871,0.7497624,-0.0019246936,-0.18693538,0.18562846,0.37256384,-0.15097848,0.2442797,0.3952582,0.017084088,0.38797906,0.37089497,1.0,112.0,111.0,0.048715167,0.061102305,0.012387138,-0.00252307,0.043780413,0.04630348,0.03619086,0.08625949,0.05006863,0.051238235,0.017321892,-0.033916343,0.012524307,-0.025157187,-0.037681494,0.016039342,-0.02331752,-0.03935686,1.0,0.0,-1.0,11,11,0,11,0,-11,1.0,0.0,-1.0,1.0,34.54545454545455,33.54545454545455,0.04871516674757004,0.061102304607629776,0.012387137860059738,-0.0025303367610004816,0.043902379206635735,0.046432715967636214,0.03179159811274572,0.08285257965326309,0.05106098154051737,0.05124550346623768,0.01719992540099404,-0.03404557806524364,0.016923568634824318,-0.021750275045633316,-0.038673843680457634,-59.799164,-1.0
5,746,54389,16.0,48.0,32.0,12.0,7.0,-5.0,0.043046255,0.043046255,-65.2092,-2.373701,0.0062090866,0.00012823194,0.0033698194,-0.0019629858,-0.10379063,-0.08723602,0.016554616,0.049199093,0.17765847,0.12845938,0.006745363,0.17041814,0.16367278,-0.014601322,0.14814906,0.16275038,16.0,48.0,32.0,0.035628866,0.07867512,0.043046255,0.009735712,0.051181186,0.041445475,0.047474798,0.09039282,0.042918023,0.025893155,0.027493935,0.0016007796,-0.011845931,-0.0117176995,0.00012823194,-0.009333979,-0.011296965,-0.0019629858,0.0,0.0,0.0,8,8,0,0,0,0,0.0,0.0,0.0,5.0,17.375,12.375,0.03562886640429497,0.07867512106895447,0.0430462546646595,0.009663942269980907,0.05136268259957433,0.04169874032959342,0.04348413133993745,0.09006928279995918,0.046585151460021734,0.02596492413431406,0.02731243846938014,0.00134751433506608,-0.00785526493564248,-0.011394161731004715,-0.003538896795362234,-65.2092,0.0
5,747,54643,4.0,90.0,86.0,2.0,2.0,0.0,0.027603947,0.027603947,-68.43036,-2.828804,0.004972268,-0.014403876,-0.0004979335,-0.018493809,0.032410145,0.01722013,-0.015190015,0.039315067,0.06251643,0.023201361,0.031272907,0.028730474,-0.0025424324,0.034338836,0.030590087,-0.0037487485,4.0,90.0,86.0,0.03970968,0.06731363,0.027603947,0.002701268,0.04784707,0.045145802,0.046958867,0.08896669,0.042007823,0.037008412,0.019466557,-0.017541856,-0.0072491877,-0.021653064,-0.014403876,-0.0013848394,-0.019878648,-0.018493809,0.0,0.0,0.0,12,12,0,6,0,-6,0.5,0.0,-0.5,1.5833333333333333,30.25,28.666666666666668,0.039709679782390594,0.06731362640857697,0.02760394662618637,0.0025657351846651486,0.04833410276720921,0.04576836758254406,0.0407436927780509,0.08719907887279987,0.046455386094748974,0.03714394445220629,0.018979523641367752,-0.01816442081083854,-0.001034012995660305,-0.019885452464222908,-0.018851439468562603,-68.43036,-0.5
5,748,54683,3.0,181.0,178.0,1.0,1.0,0.0,0.020381518,0.020381518,-76.42438,-2.648531,-0.0033687502,-0.019447722,-0.0031182282,-0.022924416,0.23105504,0.20919338,-0.021861658,0.0721609,0.0047536287,-0.06740727,0.064137995,0.023316585,-0.04082141,0.09421642,0.043518834,-0.050697587,3.0,181.0,178.0,0.04195417,0.06233569,0.020381518,0.005244595,0.048573095,0.0433285,0.04938831,0.08921755,0.03982924,0.036709577,0.013762593,-0.022946984,-0.007434141,-0.026881862,-0.019447722,-0.00059053674,-0.023514953,-0.022924416,0.0,0.0,0.0,8,8,0,6,0,-6,0.75,0.0,-0.75,1.25,56.125,54.875,0.041954170912504196,0.06233568862080574,0.020381517708301544,0.005164564528968185,0.04882174963131547,0.043657185102347285,0.03966820752248168,0.08507508877664804,0.045406881254166365,0.03678960632532835,0.01351393898949027,-0.02327566733583808,0.0022859633900225163,-0.022739400155842304,-0.02502536354586482,-76.42438,-0.75
5,749,54698,1.0,104.0,103.0,1.0,1.0,0.0,0.018524844,0.018524844,-104.999054,-4.321085,0.0029677749,-0.032278903,0.0020189807,-0.028857607,0.3527344,0.44094184,0.08820745,0.27282038,0.31224972,0.039429337,0.2729713,0.28846017,0.015488863,0.30105034,0.32961524,0.0285649,1.0,104.0,103.0,0.048733126,0.06725797,0.018524844,0.0020419245,0.045905158,0.043863233,0.046906132,0.09770988,0.050803747,0.0466912,0.021352813,-0.025338389,0.0018269941,-0.030451909,-0.032278903,0.0034275986,-0.025430009,-0.028857607,1.0,0.0,-1.0,9,9,0,9,0,-9,1.0,0.0,-1.0,1.0,30.77777777777778,29.77777777777778,0.04873312637209892,0.06725797057151794,0.01852484419941902,0.0017819429760695333,0.04594976372188992,0.04416782074582039,0.045257931782139674,0.09440507574213876,0.049147143959999084,0.04695118384228812,0.021308206849628024,-0.025642976992660098,0.0034751945899592507,-0.027147105170620814,-0.030622299760580063,-104.999054,-1.0
5,750,54743,1.0,14.0,13.0,1.0,1.0,0.0,0.023053795,0.023053795,-40.363678,-0.7335396,-0.012089856,-0.021948822,-0.01144591,-0.018470727,0.161191,0.1772654,0.016074404,0.1607016,0.16442798,0.003726378,0.14777452,0.159061,0.011286482,0.15827969,0.16933225,0.011052564,1.0,14.0,13.0,0.058506295,0.08156009,0.023053795,0.012473485,0.048337117,0.03586363,0.04846117,0.093463786,0.045002617,0.04603281,0.033222973,-0.012809835,0.010045126,-0.011903696,-0.021948822,0.012013614,-0.0064571127,-0.018470727,1.0,0.0,-1.0,7,7,0,7,0,-7,1.0,0.0,-1.0,1.0,4.857142857142857,3.8571428571428568,0.05850629508495331,0.08156009018421173,0.023053795099258423,0.012508121053022998,0.04814711053456579,0.03563898948154279,0.04776459559798241,0.08586490899324417,0.038100313395261765,0.04599817469716072,0.033412979649645944,-0.012585195047514777,0.010741699486970901,-0.00430481880903244,-0.015046518296003342,-40.363678,-1.0
5,751,54812,5.0,82.0,77.0,1.0,1.0,0.0,0.031135723,0.031135723,-64.41568,-2.4967976,0.0008067209,-0.020686097,-0.0016840063,-0.018536098,0.08357714,0.022304757,-0.061272383,0.039970584,-0.06813489,-0.10810547,0.050109968,-0.040339995,-0.09044996,0.056254715,-0.035215497,-0.09147021,5.0,82.0,77.0,0.03596486,0.067100585,0.031135723,0.006223941,0.045688383,0.039464444,0.038235843,0.09005766,0.05182182,0.02974092,0.021412201,-0.008328719,-0.0022709817,-0.02295708,-0.020686097,-0.00046039373,-0.018996492,-0.018536098,0.0,0.0,0.0,11,11,0,1,0,-1,0.09090909090909091,0.0,-0.09090909090909091,2.5454545454545454,25.818181818181817,23.27272727272727,0.03596486151218414,0.06710058450698853,0.031135722994804382,0.006460678848353299,0.04613329300826246,0.03967261415990916,0.03719318996776234,0.08772663365710866,0.05053344368934632,0.029504182663830845,0.020967291498726063,-0.008536891165104782,-0.0012283284555781972,-0.02062604915012013,-0.01939772069454193,-64.41568,-0.09090909090909091
5,752,54824,1.0,595.0,594.0,1.0,1.0,0.0,-0.004311044,-0.004311044,-101.58728,-3.881134,-0.0055841804,-0.045078404,-0.0065492652,-0.046405505,0.48851347,0.507998,0.01948452,0.3864246,0.5298421,0.14341748,0.40577736,0.5309466,0.12516925,0.43682092,0.55849653,0.12167561,1.0,595.0,594.0,0.046701714,0.04239067,-0.004311044,0.0055340705,0.04590256,0.04036849,0.04278631,0.08355367,0.04076736,0.041167643,-0.0035118908,-0.044679534,0.003915403,-0.041163,-0.045078404,0.0069243982,-0.039481107,-0.046405505,1.0,0.0,-1.0,8,8,0,8,0,-8,1.0,0.0,-1.0,1.0,182.0,181.0,0.046701714396476746,0.042390670627355576,-0.00431104376912117,0.005220635386649519,0.04599426407366991,0.04077362868702039,0.04082310991361737,0.0809474466368556,0.04012433672323823,0.04148107906803489,-0.003603593446314335,-0.04508467251434922,0.005878604482859373,-0.03855677600950003,-0.0444353804923594,-101.58728,-1.0
5,753,54913,1.0,107.0,106.0,1.0,2.0,1.0,0.025688555,0.025688555,-79.56903,-3.166048,-0.0020903535,-0.025051646,-0.0036919527,-0.020563923,0.42838448,0.43730646,0.008921981,0.32209185,0.28039977,-0.041692078,0.3238501,0.29366368,-0.030186415,0.35314673,0.3234375,-0.02970922,1.0,107.0,106.0,0.039623577,0.06531213,0.025688555,0.0026120169,0.04476662,0.042154603,0.038576182,0.08931638,0.0507402,0.03701156,0.020545512,-0.016466048,0.0010473952,-0.02400425,-0.025051646,0.0014341176,-0.019129805,-0.020563923,1.0,0.0,-1.0,11,11,0,11,0,-11,1.0,0.0,-1.0,1.0,34.18181818181818,33.18181818181818,0.039623577147722244,0.06531213223934174,0.02568855509161949,0.002497161251746795,0.044885485687039116,0.04238832443529232,0.03773408789526333,0.08510378748178482,0.04736969958652149,0.03712641617113894,0.02042664655230262,-0.01669976961883632,0.0018894892524589193,-0.019791655242443085,-0.021681144494902004,-79.56903,-1.0
5,754,54959,7.0,95.0,88.0,4.0,2.0,-2.0,0.030669961,0.030669961,-69.25113,-2.595461,0.003126569,-0.011797816,0.0014469214,-0.013883594,-0.03234665,0.13690044,0.16924709,-0.21867332,-0.30203363,-0.083360314,-0.22478524,-0.3420576,-0.11727235,-0.21806876,-0.3061678,-0.08809905,7.0,95.0,88.0,0.03800572,0.06867568,0.030669961,0.0072299154,0.04925877,0.04202885,0.044846546,0.08731432,0.042467777,0.030775806,0.019416913,-0.011358893,-0.006840825,-0.01863864,-0.011797816,-0.0038723536,-0.017755948,-0.013883594,0.0,0.0,0.0,8,8,0,0,0,0,0.0,0.0,0.0,2.875,31.375,28.5,0.03800572082400322,0.0686756819486618,0.030669961124658585,0.007127908931579441,0.049599191173911095,0.042471282242331654,0.041831471025943756,0.08662437368184328,0.044792902655899525,0.030877811834216118,0.01907649077475071,-0.011801321059465408,-0.0038257502019405365,-0.017948691733181477,-0.01412294153124094,-69.25113,0.0
5,755,55005,7.0,204.0,197.0,1.0,1.0,0.0,0.0214083,0.0214083,-43.09494,-1.2734241,-0.0023419186,-0.024343167,-0.0026298799,-0.022719752,0.49655437,0.40680936,-0.089745015,0.4959244,0.48549423,-0.010430187,0.5117739,0.5053439,-0.0064299703,0.52298963,0.5022918,-0.020697832,7.0,204.0,197.0,0.039812915,0.061221216,0.0214083,0.00065201276,0.04870582,0.04805381,0.046416424,0.09216789,0.045751467,0.039160904,0.012515396,-0.026645508,-0.006603509,-0.030946676,-0.024343167,-0.00425753,-0.026977282,-0.022719752,0.0,0.0,0.0,9,9,0,0,0,0,0.0,0.0,0.0,2.7777777777777777,63.0,60.22222222222222,0.03981291502714157,0.06122121587395668,0.02140830084681511,0.0008871079351390816,0.049007839212814965,0.04812073127767588,0.04423447698354721,0.0879485880335172,0.043714111049969986,0.03892580709523625,0.012213376661141714,-0.026712430434094533,-0.00442156195640564,-0.02672737215956052,-0.02230581020315488,-43.09494,0.0
5,756,55107,6.0,396.0,390.0,7.0,6.0,-1.0,0.011948377,0.011948377,-48.817383,-1.9437046,-0.0013249256,-0.028672729,0.0018357486,-0.027031578,0.0959747,0.0729902,-0.022984497,-0.037627812,-0.19419998,-0.15657216,-0.034841426,-0.22479989,-0.18995845,-0.024199808,-0.20417315,-0.17997333,6.0,396.0,390.0,0.038122926,0.050071303,0.011948377,0.0040635434,0.045973897,0.041910354,0.04698709,0.087608196,0.040621106,0.034059383,0.004097406,-0.029961977,-0.008864164,-0.037536893,-0.028672729,-0.0051618703,-0.03219345,-0.027031578,0.0,0.0,0.0,6,6,0,1,0,-1,0.16666666666666666,0.0,-0.16666666666666666,2.1666666666666665,119.33333333333333,117.16666666666666,0.03812292590737343,0.05007130280137062,0.011948376893997192,0.0041269832678760094,0.045948962991436325,0.04182197972356032,0.041976294169823326,0.08419556667407353,0.042219272504250206,0.0339959425230821,0.0041223398099342985,-0.0298736027131478,-0.0038533682624499,-0.03412426387270292,-0.030270895610253017,-48.817383,-0.16666666666666666
5,757,55163,3.0,301.0,298.0,3.0,2.0,-1.0,0.011061497,0.011061497,-60.677185,-2.0748672,0.0018952414,-0.02806615,0.0017808899,-0.034689713,0.6500523,0.61150193,-0.038550377,0.49585256,0.4980362,0.002183646,0.524475,0.5432491,0.018774092,0.5721789,0.583386,0.011207104,3.0,301.0,298.0,0.044764213,0.05582571,0.011061497,0.009626042,0.04858575,0.038959708,0.054291606,0.093419254,0.039127648,0.03513817,0.00723996,-0.027898211,-0.009527393,-0.037593544,-0.02806615,-0.0012086742,-0.035898387,-0.034689713,0.0,0.0,0.0,11,11,0,7,0,-7,0.6363636363636364,0.0,-0.6363636363636364,1.5454545454545454,92.0909090909091,90.54545454545455,0.044764213263988495,0.05582571029663086,0.011061497032642365,0.009388083930719982,0.04853859171271324,0.03915050778199326,0.04600588503209027,0.09085902097550305,0.04485313594341278,0.035376129163937134,0.007287118583917618,-0.028089010580019516,-0.001241671768101779,-0.03503331067887219,-0.033791638910770416,-60.677185,-0.6363636363636364
5,758,55405,4.0,271.0,267.0,1.0,3.0,2.0,0.016470503,0.016470503,-86.29288,-3.7114449,-0.0057496894,-0.029606074,-0.005526431,-0.029311229,0.19225492,0.21741576,0.02516085,0.16151823,0.016822645,-0.14469558,0.16274455,0.011658312,-0.15108624,0.18311714,0.04009619,-0.14302094,4.0,271.0,267.0,0.034182698,0.0506532,0.016470503,0.0013786958,0.041565783,0.040187087,0.040591013,0.08666759,0.046076577,0.032804,0.009087417,-0.023716584,-0.006408315,-0.03601439,-0.029606074,-0.0013395846,-0.030650813,-0.029311229,0.0,0.0,0.0,9,9,0,4,0,-4,0.4444444444444444,0.0,-0.4444444444444444,1.8888888888888888,79.33333333333333,77.44444444444444,0.03418269753456116,0.05065320059657097,0.01647050306200981,0.0013833095824035506,0.041389709131585226,0.04000639954918168,0.035335471025771566,0.08200105941957897,0.046665588393807404,0.03279938797156016,0.009263491464985741,-0.023535896506574415,-0.0011527734912104076,-0.03134785882300801,-0.0301950853317976,-86.29288,-0.4444444444444444
5,759,55408,10.0,261.0,251.0,1.0,4.0,3.0,0.020950478,0.020950478,-10.87796,0.30768394,-0.006800715,-0.01969022,-0.0053778365,-0.023681927,0.4519099,0.36906615,-0.08284375,-0.13707814,-0.030819079,0.106259055,-0.15526073,-0.058993213,0.096267514,-0.11306375,-0.010401229,0.102662526,10.0,261.0,251.0,0.039221264,0.060171742,0.020950478,0.012898649,0.050399534,0.037500884,0.05071179,0.091352485,0.040640697,0.026322614,0.009772208,-0.016550407,-0.011490524,-0.031180743,-0.01969022,-0.0060190856,-0.029701013,-0.023681927,0.0,0.0,0.0,6,6,0,0,0,0,0.0,0.0,0.0,4.333333333333333,82.66666666666667,78.33333333333334,0.03922126442193985,0.060171741992235184,0.020950477570295334,0.01313818758353591,0.050691003600756325,0.037552816017220415,0.04788075325389703,0.0908105547229449,0.04292980146904787,0.02608307699362437,0.009480738391478857,-0.016602338602145515,-0.008659488831957182,-0.030638812730709713,-0.021979323898752533,-10.87796,0.0
5,760,55526,1.0,2.0,1.0,1.0,1.0,0.0,0.045273677,0.045273677,-48.26602,-0.9442978,-0.0019985214,-0.005210303,-0.0035755448,-0.0028854422,0.3113869,0.26557833,-0.045808583,0.1828845,0.22894429,0.046059787,0.1866225,0.24323294,0.056610435,0.20759103,0.2555361,0.047945082,1.0,2.0,1.0,0.04623825,0.09151193,0.045273677,0.0075784307,0.049107257,0.04152883,0.04316725,0.09365123,0.05048398,0.03865982,0.04240467,0.0037448518,0.0030710027,-0.0021393,-0.005210303,0.0063117407,0.0034262985,-0.0028854422,1.0,0.0,-1.0,8,8,0,8,8,0,1.0,1.0,0.0,1.0,1.0,0.0,0.0462382510304451,0.09151192754507065,0.04527367651462555,0.007602955854963511,0.0493735633790493,0.04177060752408579,0.03893843153491616,0.08595492504537106,0.04701649351045489,0.03863529488444328,0.04213836416602135,0.003503069281578064,0.007299819495528936,0.005557002499699593,-0.0017428169958293438,-48.26602,0.0
5,761,55649,1.0,16.0,15.0,1.0,1.0,0.0,0.020414628,0.020414628,-84.95657,-3.6510315,-0.006384924,-0.015884146,-0.0048591793,-0.020981018,0.24548231,0.17700852,-0.068473786,0.16668941,-0.041077405,-0.20776682,0.15960957,-0.021767344,-0.18137692,0.18481858,0.002946057,-0.18187252,1.0,16.0,15.0,0.057957426,0.078372054,0.020414628,0.0019237243,0.04581522,0.043891493,0.050929844,0.08722862,0.036298774,0.0560337,0.032556836,-0.023476865,0.0070275813,-0.008856565,-0.015884146,0.014544297,-0.0064367205,-0.020981018,1.0,0.0,-1.0,4,4,0,4,0,-4,1.0,0.0,-1.0,1.0,5.75,4.75,0.057957425713539124,0.0783720538020134,0.020414628088474274,0.0020357088942546397,0.04588854964822531,0.04385284075397067,0.04388239607214928,0.08549753203988075,0.041615135967731476,0.05592171661555767,0.03248350415378809,-0.02343821246176958,0.014075029641389847,-0.007125478237867355,-0.021200507879257202,-84.95657,-1.0
5,762,55669,5.0,181.0,176.0,5.0,6.0,1.0,0.02908723,0.02908723,-39.164307,-1.2780533,0.002548091,-0.02450398,0.0013689473,-0.023872852,0.3100595,0.1474542,-0.16260529,0.057593923,0.19330323,0.1357093,0.040195987,0.19207923,0.15188324,0.081698276,0.20147282,0.11977454,5.0,181.0,176.0,0.033613145,0.062700376,0.02908723,0.0037350673,0.048910737,0.04517567,0.040047046,0.093638256,0.05359121,0.029878078,0.013789639,-0.01608844,-0.0064339004,-0.03093788,-0.02450398,-0.0022325143,-0.026105367,-0.023872852,0.0,0.0,0.0,10,10,0,4,0,-4,0.4,0.0,-0.4,2.1,56.9,54.8,0.03361314535140991,0.06270037591457367,0.029087230563163757,0.003776718908920884,0.049227019771933556,0.045450300863012674,0.03410403728485108,0.08854371383786201,0.054439676553010935,0.029836426302790642,0.013473356142640114,-0.01636307016015053,-0.0004908919334411621,-0.025843337923288346,-0.025352445989847185,-39.164307,-0.4
5,763,55678,3.0,92.0,89.0,3.0,2.0,-1.0,0.02837615,0.02837615,-66.70407,-1.9334412,0.002301138,-0.022290863,0.00090959296,-0.019329458,-0.052595146,0.30108815,0.3536833,-0.20166679,-0.11418332,0.087483466,-0.24745712,-0.1382318,0.10922532,-0.23923355,-0.09483559,0.14439797,3.0,92.0,89.0,0.044532593,0.072908744,0.02837615,0.010944741,0.050870907,0.039926164,0.050977286,0.1016443,0.050667014,0.03358785,0.022037838,-0.011550013,-0.0064446926,-0.028735556,-0.022290863,-0.0015956983,-0.020925157,-0.019329458,0.0,0.0,0.0,6,6,0,3,0,-3,0.5,0.0,-0.5,1.6666666666666667,27.5,25.833333333333332,0.044532593339681625,0.07290874421596527,0.028376150876283646,0.010976680709669987,0.05100391432642937,0.04002723361675938,0.046978628262877464,0.09532660245895386,0.04834797419607639,0.03355591185390949,0.021904829889535904,-0.011651081964373589,-0.002446034923195839,-0.022417858242988586,-0.019971823319792747,-66.70407,-0.5
5,764,55680,2.0,76.0,74.0,1.0,1.0,0.0,0.018446434,0.018446434,-40.00995,-1.6397781,-0.00422569,-0.022304177,-0.0036564171,-0.025029637,0.5051487,0.4622068,-0.042941898,0.3227753,0.38230598,0.059530675,0.30805793,0.38109174,0.07303381,0.3661616,0.41698804,0.05082643,2.0,76.0,74.0,0.04950041,0.067946844,0.018446434,-0.00032428163,0.044240505,0.044564787,0.05253249,0.0932831,0.04075061,0.049824692,0.02370634,-0.026118353,-0.0030320808,-0.025336258,-0.022304177,0.0051431507,-0.019886486,-0.025029637,0.0,0.0,0.0,7,7,0,5,0,-5,0.7142857142857143,0.0,-0.7142857142857143,1.2857142857142858,26.857142857142858,25.571428571428573,0.04950040951371193,0.06794684380292892,0.018446434289216995,0.00025805724102870693,0.04483907829437937,0.04458102105335066,0.04495693264263017,0.08913258888891765,0.04417565624628748,0.04924235226852553,0.023107765508549555,-0.026134586759975976,0.004543476871081761,-0.021185745085988725,-0.025729221957070485,-40.00995,-0.7142857142857143
5,765,55857,1.0,6.0,5.0,1.0,1.0,0.0,0.024967104,0.024967104,-60.86789,-2.5305958,-0.0020261705,-0.025580883,-0.0058393665,-0.020746343,0.38988975,0.3138864,-0.07600334,0.17643073,0.26095006,0.08451933,0.19663002,0.27941802,0.082788005,0.25149852,0.30399004,0.052491516,1.0,6.0,5.0,0.05892799,0.083895095,0.024967104,0.007196652,0.048211426,0.041014776,0.044962496,0.09551048,0.050547987,0.05173134,0.03568367,-0.016047671,0.013965495,-0.011615388,-0.025580883,0.016674995,-0.0040713474,-0.020746343,1.0,0.0,-1.0,9,9,0,9,1,-8,1.0,0.1111111111111111,-0.8888888888888888,1.0,2.4444444444444446,1.4444444444444446,0.0589279904961586,0.08389509469270706,0.024967104196548462,0.007394623218311204,0.0488244021932284,0.041429778974917196,0.04207315585679478,0.08819955504602855,0.04612639918923377,0.05153336665696568,0.03507069249947866,-0.01646267415748702,0.016854834639363818,-0.004304460353321499,-0.021159294992685318,-60.86789,-0.8888888888888888
5,766,55933,2.0,136.0,134.0,2.0,4.0,2.0,0.027980514,0.027980514,-26.662079,-0.20661163,-0.002733443,-0.029045057,-0.0017150007,-0.028456118,-0.17572427,-0.21143731,-0.035713047,-0.049965393,-0.17999043,-0.13002503,-0.046441134,-0.18930796,-0.14286682,-0.06453363,-0.20948964,-0.14495602,2.0,136.0,134.0,0.040065512,0.068046026,0.027980514,0.008550982,0.050974026,0.042423043,0.040342916,0.097368486,0.05702557,0.03151453,0.017072,-0.0144425295,-0.00027740374,-0.02932246,-0.029045057,0.0037630312,-0.024693087,-0.028456118,0.0,0.0,0.0,12,12,0,9,0,-9,0.75,0.0,-0.75,1.25,42.166666666666664,40.916666666666664,0.04006551206111908,0.06804602593183517,0.027980513870716095,0.008456896369655928,0.05102168427159389,0.04256478790193796,0.03631118405610323,0.094862911850214,0.058551727794110775,0.03160861553624272,0.017024341660241287,-0.014584273876001436,0.00375432800501585,-0.02681688591837883,-0.03057121392339468,-26.662079,-0.75
5,767,55968,2.0,99.0,97.0,1.0,1.0,0.0,0.019913308,0.019913308,-41.973846,-1.2923317,-0.008281257,-0.021802098,-0.008786149,-0.02706863,0.63214225,0.6123759,-0.01976633,0.5842292,0.59262574,0.008396566,0.59812385,0.6033328,0.005208969,0.6412812,0.6320269,-0.009254277,2.0,99.0,97.0,0.05054927,0.07046258,0.019913308,0.0071097664,0.049267914,0.04215815,0.056664146,0.09837955,0.041715406,0.043439504,0.021194663,-0.02224484,-0.0061148778,-0.027916975,-0.021802098,0.005118124,-0.021950506,-0.02706863,0.0,0.0,0.0,11,11,0,6,0,-6,0.5454545454545454,0.0,-0.5454545454545454,1.4545454545454546,31.0,29.545454545454547,0.05054926872253418,0.07046257704496384,0.019913308322429657,0.0074054629711264915,0.04953457787632942,0.04212911490520293,0.04720137979496609,0.09083795615217903,0.04363657635721294,0.04314380579374053,0.020927999168634415,-0.022215806625106117,0.003347888927568089,-0.020375379107215187,-0.023723268034783276,-41.973846,-0.5454545454545454
5,768,55969,8.0,168.0,160.0,11.0,5.0,-6.0,0.025358971,0.025358971,-56.85379,-2.0832062,0.0059132837,-0.015181962,0.0034960695,-0.019703884,0.27306402,0.31877548,0.045711458,0.07692523,0.22460142,0.14767618,0.081001796,0.22999611,0.14899433,0.11123688,0.25367454,0.14243767,8.0,168.0,160.0,0.02989043,0.0552494,0.025358971,-0.0041132784,0.041744374,0.045857653,0.04443524,0.084976174,0.040540934,0.03400371,0.013505027,-0.020498682,-0.014544811,-0.029726774,-0.015181962,-0.0065716393,-0.026275523,-0.019703884,0.0,0.0,0.0,10,10,0,2,0,-2,0.2,0.0,-0.2,3.2,53.0,49.8,0.029890429228544235,0.055249400436878204,0.02535897120833397,-0.0042341688182204965,0.04197929613292217,0.04621346495114267,0.036088400334119794,0.08090601339936257,0.044817613065242776,0.034124598279595374,0.013270104303956032,-0.020854493975639342,-0.006197971105575561,-0.02565661296248436,-0.019458641856908796,-56.85379,-0.2
5,769,56042,1.0,12.0,11.0,1.0,1.0,0.0,0.035380803,0.035380803,-33.82727,-0.80047417,-0.00045705214,-0.023192052,-0.0021891594,-0.022417635,0.3890456,0.36787,-0.021175593,0.28817046,0.2803427,-0.007827759,0.27047643,0.267008,-0.003468424,0.35719854,0.3244771,-0.03272143,1.0,12.0,11.0,0.046287313,0.081668116,0.035380803,-0.00028413677,0.046522748,0.046806883,0.03439105,0.092963904,0.058572855,0.04657145,0.03514537,-0.01142608,0.011896264,-0.011295788,-0.023192052,0.013687298,-0.008730337,-0.022417635,1.0,0.0,-1.0,6,6,0,6,0,-6,1.0,0.0,-1.0,1.0,4.0,3.0,0.04628731310367584,0.08166811615228653,0.03538080304861069,0.00011291865181798737,0.04661184983948866,0.04649893118767068,0.03324723740418752,0.08865909402569135,0.05541185662150382,0.04617439520855745,0.03505626631279787,-0.011118128895759583,0.013040075699488321,-0.0069909778734048205,-0.020031053572893143,-33.82727,-1.0
5,770,56066,1.0,1.0,0.0,2.0,1.0,-1.0,0.045917284,0.045917284,-46.669617,-1.9283886,0.004305143,-0.0058396235,0.0003251098,-0.00308289,0.026625857,-0.04348881,-0.07011467,-0.101372965,0.13239813,0.23377109,-0.12249491,0.08644446,0.20893937,-0.10521598,0.069008656,0.17422464,1.0,1.0,0.0,0.04847732,0.0943946,0.045917284,0.0012567017,0.047537327,0.046280626,0.04021522,0.09197213,0.051756907,0.047220618,0.046857275,-0.00036334246,0.008262098,0.0024224743,-0.0058396235,0.010450792,0.0073679015,-0.00308289,1.0,1.0,0.0,10,10,0,10,10,0,1.0,1.0,0.0,1.0,1.0,0.0,0.04847731813788414,0.09439460188150406,0.04591728374361992,0.0012683244538493454,0.0476360559463501,0.04636773149250075,0.03806729428470135,0.08598322197794914,0.04791592769324779,0.04720899350941181,0.04675854593515396,-0.00045044757425784926,0.010410023853182793,0.008411379903554917,-0.001998643949627876,-46.669617,0.0
5,771,56126,152.0,650.0,498.0,22.0,16.0,-6.0,0.026017355,0.026017355,-33.199036,-0.7392292,0.008483896,-0.025026591,0.003828831,-0.025204232,0.2248987,0.15959252,-0.06530617,0.17229143,0.046454042,-0.12583739,0.17180787,0.057729036,-0.114078835,0.1931111,0.06989598,-0.123215124,152.0,650.0,498.0,0.016542712,0.042560067,0.026017355,0.0064632175,0.048696175,0.042232957,0.047718454,0.0987624,0.051043946,0.010079495,-0.006136108,-0.016215604,-0.031175742,-0.056202333,-0.025026591,-0.025198175,-0.050402407,-0.025204232,0.0,0.0,0.0,10,10,0,0,0,0,0.0,0.0,0.0,46.1,196.1,150.0,0.016542712226510048,0.042560067027807236,0.026017354801297188,0.006413869000971318,0.04902130924165249,0.04260744024068117,0.040275564044713975,0.0927558571100235,0.052480293065309526,0.010128843039274216,-0.006461242213845253,-0.016590085253119467,-0.023732851818203927,-0.050195790082216266,-0.026462938264012338,-33.199036,0.0
5,772,56154,1.0,7.0,6.0,1.0,1.0,0.0,0.037109118,0.037109118,-45.787506,-1.4486885,-0.0069487356,-0.011585258,-0.0074858963,-0.015289735,-0.029335381,-0.053609412,-0.02427403,0.00319461,0.067183495,0.06398889,-0.008370909,0.04901909,0.05739,-0.0114332335,0.039002508,0.05043574,1.0,7.0,6.0,0.048593763,0.08570288,0.037109118,0.0038122467,0.047460772,0.043648526,0.046173047,0.09486742,0.048694376,0.044781517,0.03824211,-0.006539408,0.002420716,-0.009164542,-0.011585258,0.011103492,-0.004186243,-0.015289735,1.0,0.0,-1.0,8,8,0,8,2,-6,1.0,0.25,-0.75,1.0,2.0,1.0,0.04859376326203346,0.08570288121700287,0.037109117954969406,0.0038911389419808984,0.04797959513962269,0.04408845619764179,0.03573151328600943,0.0870995931327343,0.05136807984672487,0.0447026239708066,0.03772328607738018,-0.006979337893426418,0.012862249976024032,-0.00139671191573143,-0.014258961891755462,-45.787506,-0.75
5,773,56269,1.0,13.0,12.0,2.0,4.0,2.0,0.039597623,0.039597623,-28.220001,-0.70762634,-0.00046065822,-0.024544653,-0.0027693436,-0.014235828,0.5090693,0.48756418,-0.021505147,0.5482667,0.5198921,-0.028374612,0.5663765,0.561733,-0.0046435,0.6081541,0.58954716,-0.01860696,1.0,13.0,12.0,0.044049084,0.08364671,0.039597623,0.0046011363,0.04919847,0.044597335,0.03627557,0.100417845,0.06414227,0.03944795,0.034448236,-0.004999712,0.007773515,-0.016771138,-0.024544653,0.00831167,-0.005924158,-0.014235828,1.0,0.0,-1.0,8,8,0,8,0,-8,1.0,0.0,-1.0,1.0,5.5,4.5,0.044049084186553955,0.08364670723676682,0.03959762305021286,0.004386930144391954,0.049020854756236076,0.04463392461184412,0.03592092031612992,0.09338447917252779,0.05746355885639787,0.03966215439140797,0.03462585248053074,-0.005036301910877228,0.008128163870424032,-0.009737771935760975,-0.017865935806185007,-28.220001,-1.0
5,774,56290,2.0,313.0,311.0,1.0,2.0,1.0,0.0057550743,0.0057550743,-95.15378,-2.8798923,-0.007554032,-0.03192652,-0.008678485,-0.036338165,0.27297416,0.19748712,-0.07548705,0.104697816,0.08362995,-0.021067865,0.08835759,0.067169406,-0.021188185,0.11731566,0.088513054,-0.028802603,2.0,313.0,311.0,0.050873656,0.05662873,0.0057550743,0.009687987,0.049773466,0.04008548,0.053813793,0.09149539,0.037681594,0.04118567,0.0068552643,-0.034330405,-0.002940137,-0.034866657,-0.03192652,0.0038737021,-0.032464463,-0.036338165,0.0,0.0,0.0,8,8,0,4,0,-4,0.5,0.0,-0.5,1.5,96.375,94.875,0.05087365582585335,0.05662873014807701,0.005755074322223663,0.009692891268059611,0.05003413092344999,0.04034123965539038,0.04922404745593667,0.08856712467968464,0.03934307722374797,0.04118076525628567,0.006594599224627018,-0.03458616603165865,0.0016496083699166775,-0.03193839453160763,-0.033588002901524305,-95.15378,-0.5
5,775,56314,95.0,523.0,428.0,99.0,80.0,-19.0,0.025763402,0.025763402,-48.240356,-1.6601105,0.008462613,-0.020062564,0.0065777916,-0.024114398,0.015203388,0.0057158186,-0.009487569,-0.08974603,0.05631076,0.14605679,-0.09182063,0.064826235,0.15664686,-0.08818516,0.06480531,0.15299046,95.0,523.0,428.0,0.023360016,0.049123418,0.025763402,0.00895207,0.04946042,0.04050835,0.047478832,0.0933048,0.045825966,0.014407946,-0.00033700094,-0.014744947,-0.024118816,-0.04418138,-0.020062564,-0.01890531,-0.04301971,-0.024114398,0.0,0.0,0.0,7,7,0,0,0,0,0.0,0.0,0.0,31.428571428571427,162.57142857142858,131.14285714285717,0.02336001582443714,0.04912341758608818,0.02576340176165104,0.009431961790791579,0.05001944835696902,0.04058748656617744,0.04299544223717281,0.0923776456287929,0.04938220339162009,0.013928054033645563,-0.0008960307708808354,-0.014824084804526398,-0.019635426412735666,-0.04325422804270472,-0.023618801629969054,-48.240356,0.0
5,776,56418,1.0,38.0,37.0,1.0,3.0,2.0,0.037579536,0.037579536,-49.80237,-1.4614487,-0.0058296956,-0.024986662,-0.00656111,-0.020990178,0.34139502,0.42225495,0.08085993,0.3326918,0.15353881,-0.17915298,0.32378712,0.1590901,-0.16469702,0.34075382,0.19852546,-0.14222836,1.0,38.0,37.0,0.03689277,0.07447231,0.037579536,0.0017935142,0.047622126,0.04582861,0.03385087,0.09641707,0.0625662,0.035099257,0.026850183,-0.008249074,0.0030419007,-0.021944761,-0.024986662,0.003893219,-0.017096959,-0.020990178,1.0,0.0,-1.0,7,7,0,7,0,-7,1.0,0.0,-1.0,1.0,10.571428571428571,9.571428571428571,0.03689277172088623,0.07447230815887451,0.03757953643798828,0.0013982213817403785,0.04753331041761807,0.04613508903587769,0.03250078670680523,0.08902109095028468,0.05652030424347945,0.03549454999821527,0.02693899774125644,-0.008555552256958827,0.004391985014081001,-0.014548782791410173,-0.018940767805491174,-49.80237,-1.0
5,777,56454,1.0,19.0,18.0,11.0,7.0,-4.0,0.03355204,0.03355204,-18.785645,-0.31864738,0.0051647834,-0.0152671635,0.0033569299,-0.017840322,0.19497627,0.2621323,0.06715602,0.041058745,0.06997735,0.028918605,0.044235837,0.06235893,0.018123094,0.069439664,0.09281891,0.023379244,1.0,19.0,18.0,0.04755168,0.08110372,0.03355204,0.0021772706,0.048489973,0.0463127,0.04426265,0.093081854,0.048819203,0.04537441,0.032613747,-0.012760662,0.003289029,-0.0119781345,-0.0152671635,0.009249646,-0.008590676,-0.017840322,1.0,0.0,-1.0,10,10,0,10,0,-10,1.0,0.0,-1.0,1.0,6.2,5.2,0.047551680356264114,0.08110371977090836,0.03355203941464424,0.0024132955120876433,0.048757629841566084,0.04634433432947844,0.03835410736501217,0.0895699605345726,0.05121585316956043,0.04513838440179825,0.03234608992934227,-0.01279229447245598,0.009197572991251946,-0.008466240763664246,-0.017663813754916192,-18.785645,-1.0
5,778,56471,1.0,184.0,183.0,6.0,5.0,-1.0,0.012133695,0.012133695,-42.040955,-1.2671223,0.0071107894,-0.027763773,0.0038505532,-0.028494086,0.43462756,0.40665278,-0.027974784,-0.124895446,-0.03643607,0.08845937,-0.13955589,-0.09092995,0.04862594,-0.052304257,-0.016676331,0.035627924,1.0,184.0,183.0,0.049838383,0.061972078,0.012133695,0.008893381,0.048565645,0.039672263,0.048016723,0.08791419,0.039897468,0.040945,0.013406433,-0.027538568,0.0018216595,-0.025942113,-0.027763773,0.006497629,-0.021996457,-0.028494086,1.0,0.0,-1.0,10,10,0,10,0,-10,1.0,0.0,-1.0,1.0,58.8,57.8,0.04983838275074959,0.06197207793593407,0.012133695185184479,0.009142301976680756,0.04901558607816696,0.0398732841014862,0.04379330761730671,0.08409411311149598,0.04030080549418927,0.04069608114659786,0.012956491857767104,-0.027739589288830756,0.006045075133442879,-0.022122035175561904,-0.028167110309004782,-42.040955,-1.0
5,779,56670,4.0,18.0,14.0,3.0,36.0,33.0,0.045781147,0.045781147,-29.57483,-0.40610313,-0.003528677,-0.0023897178,-0.0050740577,-0.007778939,-0.1324388,-0.12633228,0.0061065108,-0.06444719,-0.09045305,-0.026005864,-0.073078975,-0.095520705,-0.02244173,-0.082787246,-0.10593468,-0.023147434,4.0,18.0,14.0,0.034722116,0.08050326,0.045781147,0.0065468033,0.046859972,0.04031317,0.044424906,0.09259577,0.048170865,0.028175313,0.03364329,0.0054679774,-0.0097027905,-0.012092508,-0.0023897178,-0.00290123,-0.010680169,-0.007778939,0.0,0.0,0.0,13,13,0,5,0,-5,0.38461538461538464,0.0,-0.38461538461538464,1.6153846153846154,6.230769230769231,4.615384615384615,0.034722115844488144,0.08050326257944107,0.04578114673495293,0.006570763599414092,0.04702735033172827,0.040456586732314184,0.037005514766161256,0.08946600212500645,0.0524604873588452,0.028151352245074052,0.0334759122477128,0.005324560002638746,-0.0022833989216731144,-0.008962739545565385,-0.006679340623892271,-29.57483,-0.38461538461538464
5,780,56681,5.0,181.0,176.0,16.0,15.0,-1.0,0.026836287,0.026836287,-21.368866,-0.5611534,0.010124698,-0.025781434,0.0039902627,-0.022303317,0.12013993,0.0901333,-0.030006625,0.08404489,0.17314914,0.08910425,0.098615654,0.18990919,0.091293536,0.10608713,0.1870786,0.08099146,5.0,181.0,176.0,0.02945676,0.056293048,0.026836287,-0.00821997,0.043093767,0.051313736,0.034138843,0.086756565,0.05261772,0.03767673,0.013199281,-0.024477448,-0.0046820827,-0.030463517,-0.025781434,-0.0029480495,-0.025251366,-0.022303317,0.0,0.0,0.0,8,8,0,3,0,-3,0.375,0.0,-0.375,2.25,56.875,54.625,0.029456760734319687,0.056293047964572906,0.02683628723025322,-0.008320769236888736,0.043389197904616594,0.05170996714150533,0.03108142060227692,0.08020031359046698,0.049118892988190055,0.03777753049507737,0.012903850059956312,-0.02487368043512106,-0.0016246598679572344,-0.02390726562589407,-0.022282605757936835,-21.368866,-0.375
5,781,56695,2.0,106.0,104.0,1.0,2.0,1.0,0.021344345,0.021344345,-35.402252,-0.7912178,-0.004913509,-0.021314826,-0.006518692,-0.02198663,0.05195997,0.15141085,0.09945088,0.13723315,0.16388495,0.0266518,0.13718094,0.17055048,0.03336954,0.14066401,0.18492173,0.044257715,2.0,106.0,104.0,0.046265747,0.06761009,0.021344345,0.014721978,0.049745347,0.03502337,0.048317723,0.090976894,0.04265917,0.03154377,0.017864745,-0.013679024,-0.0020519756,-0.023366801,-0.021314826,0.0029109605,-0.01907567,-0.02198663,0.0,0.0,0.0,8,8,0,6,0,-6,0.75,0.0,-0.75,1.25,36.5,35.25,0.046265747398138046,0.06761009246110916,0.021344345062971115,0.014954778482206166,0.05012739449739456,0.035172616015188396,0.04403912229463458,0.08842115756124258,0.044382035266608,0.0313109690323472,0.0174826979637146,-0.013828271068632603,0.0022266251035034657,-0.02081106510013342,-0.023037690203636885,-35.402252,-0.75
5,782,56723,13.0,677.0,664.0,2.0,3.0,1.0,0.00562137,0.00562137,-32.21054,-0.19968605,-0.0011264384,-0.03687572,-0.003487669,-0.04096484,0.23534478,0.49476957,0.2594248,0.026583117,-0.042648293,-0.069231406,0.01789962,-0.05554752,-0.07344714,0.04423999,0.0037201694,-0.040519822,13.0,677.0,664.0,0.038836606,0.044457976,0.00562137,0.014963211,0.05163503,0.03667182,0.053134143,0.095631234,0.04249709,0.023873396,-0.007177055,-0.031050451,-0.0142975375,-0.05117326,-0.03687572,-0.008134101,-0.049098942,-0.04096484,0.0,0.0,0.0,8,8,0,0,0,0,0.0,0.0,0.0,5.25,202.625,197.375,0.038836605846881866,0.04445797577500343,0.005621369928121567,0.014916053623892367,0.05181191861629486,0.036895864992402494,0.04927414935082197,0.093239382840693,0.043965233489871025,0.023920552106574178,-0.007353942841291428,-0.031274494947865605,-0.010437543503940105,-0.048781407065689564,-0.03834386356174946,-32.21054,0.0
5,783,56751,28.0,336.0,308.0,6.0,7.0,1.0,0.022152677,0.022152677,-15.765381,0.2023201,0.004156526,-0.021694943,0.0014296584,-0.024975587,0.16636087,0.093376756,-0.072984114,-0.024978427,-0.1282502,-0.10327177,-0.027197408,-0.13515788,-0.10796048,-0.009777571,-0.12181754,-0.11203997,28.0,336.0,308.0,0.03375061,0.055903286,0.022152677,0.011488416,0.04883337,0.037344955,0.05227174,0.09611936,0.04384762,0.022262193,0.0070699155,-0.015192278,-0.01852113,-0.040216073,-0.021694943,-0.01132248,-0.036298066,-0.024975587,0.0,0.0,0.0,11,11,0,0,0,0,0.0,0.0,0.0,10.363636363636363,108.36363636363636,98.0,0.03375060856342316,0.05590328574180603,0.022152677178382874,0.011901887218383226,0.049545861441980706,0.03764397422359748,0.04824542525139722,0.0946732833981514,0.04642785814675418,0.021848721091042866,0.006357424299825321,-0.015491296791217544,-0.014494816687974062,-0.03876999765634537,-0.024275180968371307,-15.765381,0.0
5,784,56782,5.0,30.0,25.0,7.0,29.0,22.0,0.039642893,0.039642893,-30.750183,-0.39933777,6.420165e-05,-0.004083883,-0.0022698678,-0.0077365264,0.24222946,0.31033027,0.06810081,0.056255445,0.007352684,-0.04890276,0.04929163,0.006642405,-0.042649224,0.078911796,0.053358413,-0.025553383,5.0,30.0,25.0,0.03683728,0.07648017,0.039642893,0.008216788,0.048771534,0.040554747,0.04484729,0.08857407,0.043726776,0.028620493,0.027708638,-0.0009118542,-0.008010011,-0.012093894,-0.004083883,-0.0030765235,-0.01081305,-0.0077365264,0.0,0.0,0.0,13,13,0,3,0,-3,0.23076923076923078,0.0,-0.23076923076923078,2.1538461538461537,10.615384615384615,8.461538461538462,0.03683727979660034,0.07648017257452011,0.03964289277791977,0.008298655649503836,0.04924798412964894,0.040949328480145104,0.039077828996456586,0.08671153336763382,0.047633704371177234,0.028538624111276407,0.02723218844487117,-0.0013064356664052382,-0.0022405491998562445,-0.010231360793113708,-0.007990811593257464,-30.750183,-0.23076923076923078
5,785,56784,23.0,102.0,79.0,1.0,2.0,1.0,0.036694616,0.036694616,-70.74805,-2.2162685,-0.0020831488,-0.009904079,-0.003150802,-0.01155768,0.024393907,0.08981378,0.06541987,0.17672612,0.121343195,-0.055382922,0.17462648,0.1305183,-0.044108182,0.17378424,0.13629246,-0.037491783,23.0,102.0,79.0,0.03419096,0.07088558,0.036694616,0.014071203,0.0511539,0.037082694,0.051070526,0.09766922,0.046598695,0.020119756,0.019731678,-0.0003880784,-0.016879566,-0.026783645,-0.009904079,-0.009632017,-0.021189697,-0.01155768,0.0,0.0,0.0,11,11,0,0,0,0,0.0,0.0,0.0,9.545454545454545,32.18181818181818,22.636363636363633,0.034190960228443146,0.07088557630777359,0.036694616079330444,0.014056311496956781,0.05123691599477421,0.037180604497817425,0.046050210229375145,0.0919248258525675,0.04587461562319236,0.0201346484774893,0.019648660312999378,-0.0004859881644899214,-0.011859250000932,-0.02103924954479391,-0.009179999543861912,-70.74805,0.0
5,786,56850,1.0,239.0,238.0,1.0,1.0,0.0,0.019768909,0.019768909,-49.480927,-1.6221275,0.00063287094,-0.039835855,-0.0013597496,-0.03682166,-0.06357017,0.052429102,0.115999274,-0.035412244,-0.12671156,-0.09129932,-0.021248776,-0.1228873,-0.101638526,-0.030676939,-0.11048049,-0.07980355,1.0,239.0,238.0,0.0389635,0.05873241,0.019768909,0.00032423518,0.047724314,0.04740008,0.037094317,0.09669908,0.059604764,0.038639266,0.011008095,-0.027631171,0.001869183,-0.037966672,-0.039835855,0.0055779144,-0.031243745,-0.03682166,1.0,0.0,-1.0,5,5,0,5,0,-5,1.0,0.0,-1.0,1.0,72.6,71.6,0.038963500410318375,0.05873240903019905,0.019768908619880676,8.293032879009843e-05,0.047904590517282485,0.04782166018849238,0.03498914167284965,0.0918780192732811,0.056888877600431445,0.03888057023286819,0.010827818512916565,-0.028052751719951627,0.00397435873746872,-0.033145610243082047,-0.03711996898055077,-49.480927,-1.0
5,787,56867,1.0,12.0,11.0,1.0,1.0,0.0,0.035723314,0.035723314,-38.345123,-1.4402294,0.0023941807,-0.014655504,0.0013377741,-0.012746256,-0.33709273,-0.2214204,0.11567232,0.20425846,0.07778018,-0.12647828,0.22509499,0.089748465,-0.13534653,0.18160753,0.059366293,-0.122241236,1.0,12.0,11.0,0.04666795,0.08239126,0.035723314,-0.003665546,0.044238705,0.047904253,0.043475877,0.093854696,0.050378818,0.050333492,0.038152557,-0.012180936,0.0031920709,-0.0114634335,-0.014655504,0.004970785,-0.0077754706,-0.012746256,1.0,0.0,-1.0,12,12,0,12,0,-12,1.0,0.0,-1.0,1.0,4.5,3.5,0.04666794836521149,0.08239126205444336,0.03572331368923187,-0.0035513777596255145,0.04465363174676895,0.04820500950639447,0.04118182106564442,0.08915700825552146,0.04797518718987704,0.05021932596961657,0.03773763030767441,-0.012481695661942162,0.005486127299567063,-0.006765746201078097,-0.01225187350064516,-38.345123,-1.0
5,788,56911,7.0,44.0,37.0,1.0,1.0,0.0,0.03766444,0.03766444,-21.054047,-0.028747559,-0.0017609671,-0.016925197,-0.0024918504,-0.014635216,0.30441523,0.51254064,0.20812541,0.3233553,0.38048524,0.05712995,0.3505905,0.39214653,0.04155603,0.37126118,0.43981752,0.06855634,7.0,44.0,37.0,0.03942297,0.07708741,0.03766444,0.008231033,0.049443565,0.041212533,0.0431747,0.097764336,0.054589637,0.031191938,0.027643844,-0.0035480931,-0.0037517287,-0.020676926,-0.016925197,-0.0018630438,-0.01649826,-0.014635216,0.0,0.0,0.0,13,13,0,0,0,0,0.0,0.0,0.0,3.0,14.846153846153847,11.846153846153847,0.03942297026515007,0.0770874097943306,0.03766443952918053,0.008561477423287354,0.049785614300232664,0.04122413687694531,0.04127246256058033,0.09447118754570301,0.05319872498512268,0.030861492340381328,0.02730179549409793,-0.0035596968462833986,-0.0018494922954302568,-0.017383777751372412,-0.015534285455942156,-21.054047,0.0
5,789,56948,1.0,70.0,69.0,1.0,1.0,0.0,0.019676376,0.019676376,-12.507294,0.3521328,-0.009351999,-0.02819679,-0.0074327104,-0.028928552,0.45235988,0.42214113,-0.03021875,0.14194842,-0.0472056,-0.18915401,0.14114577,-0.053267725,-0.19441348,0.18900776,-0.008093952,-0.19710171,1.0,70.0,69.0,0.050673444,0.07034982,0.019676376,0.0073892525,0.04868795,0.0412987,0.045416605,0.09328977,0.047873165,0.043284193,0.02166187,-0.021622322,0.005256839,-0.02293995,-0.02819679,0.00970206,-0.019226491,-0.028928552,1.0,0.0,-1.0,11,11,0,11,0,-11,1.0,0.0,-1.0,1.0,21.818181818181817,20.818181818181817,0.05067344382405281,0.07034981995820999,0.01967637613415718,0.007397545586255464,0.04885711859573017,0.041459573009474705,0.0408554615622217,0.09002932364290411,0.04917386208068241,0.04327589747580615,0.021492701362479816,-0.021783196113326336,0.00981798226183111,-0.01967950368469412,-0.02949748594652523,-12.507294,-1.0
5,790,57046,1.0,407.0,406.0,1.0,1.0,0.0,0.01106897,0.01106897,-11.953674,-0.0011062622,-0.0027083792,-0.05388217,-0.0029870719,-0.043904964,0.126149,0.10099499,-0.02515401,0.40000287,0.38154233,-0.018460542,0.4474772,0.40996048,-0.037516713,0.44304565,0.40391418,-0.039131463,1.0,407.0,406.0,0.038178492,0.049247462,0.01106897,-0.002238677,0.045174006,0.047412682,0.03466605,0.09961719,0.06495114,0.04041717,0.004073456,-0.036343712,0.003512442,-0.05036973,-0.05388217,0.004931107,-0.038973857,-0.043904964,1.0,0.0,-1.0,6,6,0,6,0,-6,1.0,0.0,-1.0,1.0,125.66666666666667,124.66666666666667,0.038178492337465286,0.049247462302446365,0.011068969964981079,-0.002135146758519113,0.04559445877869924,0.047729605537218354,0.03382445188860098,0.08977854872743289,0.05595409683883191,0.04031363936762015,0.003653003523747126,-0.036660635843873024,0.004354040448864301,-0.04053108642498652,-0.04488512687385082,-11.953674,-1.0
5,791,57060,2.0,273.0,271.0,2.0,4.0,2.0,0.0140199065,0.0140199065,-50.385223,-1.6541023,0.0021575093,-0.03075318,-0.0002373755,-0.036256764,0.6812293,0.663059,-0.018170297,0.52871937,0.4401708,-0.08854857,0.530773,0.45411363,-0.07665935,0.57825935,0.5137748,-0.06448454,2.0,273.0,271.0,0.039727826,0.053747732,0.0140199065,-0.0022930945,0.044449486,0.04674258,0.043334,0.08810709,0.044773087,0.04202092,0.009298246,-0.032722674,-0.0036061741,-0.034359355,-0.03075318,0.0030609444,-0.03319582,-0.036256764,0.0,0.0,0.0,10,10,0,8,0,-8,0.8,0.0,-0.8,1.2,83.9,82.7,0.0397278256714344,0.05374773219227791,0.014019906520843506,-0.0021515328087843956,0.04447993747889996,0.04663147028768436,0.036940396577119824,0.08661178573966026,0.049671389162540436,0.04187935814261436,0.009267794713377953,-0.032611563429236406,0.0027874290943145754,-0.03286405354738235,-0.03565148264169693,-50.385223,-0.8
5,792,57435,4.0,82.0,78.0,1.0,1.0,0.0,0.035167214,0.035167214,-66.78137,-2.4239693,-0.0025234558,-0.016360927,-0.0029762257,-0.01713802,-0.023078037,0.00951063,0.03258867,0.03283433,0.17601927,0.14318493,0.024958877,0.18944715,0.16448827,0.022009052,0.18793963,0.16593057,4.0,82.0,78.0,0.0348547,0.07002191,0.035167214,0.0074268235,0.049040843,0.04161402,0.038086317,0.08961446,0.05152814,0.027427875,0.02098107,-0.006446805,-0.0032316186,-0.019592546,-0.016360927,-0.0005544424,-0.017692462,-0.01713802,0.0,0.0,0.0,4,4,0,1,0,-1,0.25,0.0,-0.25,2.5,21.75,19.25,0.0348546989262104,0.07002191245555878,0.03516721352934837,0.007364222197793424,0.048718829639256,0.041354607441462576,0.03712494298815727,0.0878308080136776,0.050705865025520325,0.027490477077662945,0.021303082816302776,-0.0061873942613601685,-0.002270244061946869,-0.01780889555811882,-0.015538651496171951,-66.78137,-0.25
5,793,57443,1.0,40.0,39.0,1.0,1.0,0.0,0.01002983,0.01002983,-71.59512,-2.7012672,-0.004833307,-0.033165287,-0.0030634664,-0.033538852,0.76797795,0.8054908,0.03751284,0.8087216,0.8130788,0.0043572187,0.81849587,0.8215012,0.0030053258,0.8279518,0.82743555,-0.0005162358,1.0,40.0,39.0,0.06311758,0.07314741,0.01002983,0.0022839003,0.04669737,0.04441347,0.04740617,0.09060129,0.043195117,0.060833678,0.026450038,-0.03438364,0.015711408,-0.01745388,-0.033165287,0.020082716,-0.013456136,-0.033538852,1.0,0.0,-1.0,12,12,0,12,0,-12,1.0,0.0,-1.0,1.0,13.083333333333334,12.083333333333334,0.06311757862567902,0.07314740866422653,0.010029830038547516,0.002301872610890617,0.04688841663300991,0.04458654402211929,0.04101636105527481,0.08833457964162032,0.047318218586345516,0.06081570591777563,0.02625899203121662,-0.03455671388655901,0.022101217570404213,-0.015187170977393786,-0.037288388547798,-71.59512,-1.0
5,794,57478,1.0,3.0,2.0,1.0,1.0,0.0,0.031744305,0.031744305,-30.503113,-0.7508774,-0.0026063472,-0.01741089,-0.0024505742,-0.018579997,-0.19095875,-0.04014686,0.1508119,0.16503522,0.18980443,0.024769217,0.13678269,0.15366518,0.016882494,0.11190839,0.14538321,0.033474818,1.0,3.0,2.0,0.054939363,0.08668367,0.031744305,-0.0028235037,0.045213778,0.048037283,0.040514912,0.08967011,0.049155194,0.05776287,0.04146989,-0.016292978,0.014424451,-0.0029864386,-0.01741089,0.019447014,0.0008670166,-0.018579997,1.0,0.0,-1.0,8,8,0,8,3,-5,1.0,0.375,-0.625,1.0,1.625,0.625,0.05493936315178871,0.08668366819620132,0.03174430504441261,-0.00308328281971626,0.045237913727760315,0.048321196547476575,0.0357924485579133,0.08614987321197987,0.05035742465406656,0.058022646233439445,0.04144575446844101,-0.016576891764998436,0.019146914593875408,0.0005337949842214584,-0.01861311960965395,-30.503113,-0.625
5,795,57542,19.0,144.0,125.0,1.0,1.0,0.0,0.029234998,0.029234998,-65.63776,-2.3315544,-0.0007343218,-0.014474459,-0.00083578937,-0.016264457,-0.0761284,0.05023872,0.12636712,-0.2726242,-0.00020570144,0.2724185,-0.27742285,0.02823837,0.3056612,-0.2751141,0.033960976,0.30907506,19.0,144.0,125.0,0.035392925,0.06462792,0.029234998,0.00761025,0.048569314,0.040959064,0.048375674,0.09208513,0.043709457,0.027782675,0.016058609,-0.011724066,-0.012982748,-0.027457207,-0.014474459,-0.007923577,-0.024188034,-0.016264457,0.0,0.0,0.0,7,7,0,0,0,0,0.0,0.0,0.0,5.428571428571429,42.0,36.57142857142857,0.03539292514324188,0.06462792307138443,0.029234997928142548,0.00728526950946876,0.04849574874554362,0.041210479236074855,0.04420884219663484,0.0877808194075312,0.04357197721089636,0.028107655899865285,0.016132174325840815,-0.01197548157402447,-0.008815917053392954,-0.023152896336146762,-0.014336979282753808,-65.63776,0.0
5,796,57553,18.0,656.0,638.0,12.0,20.0,8.0,0.010182565,0.010182565,2.3544617,0.9737358,-0.0011716876,-0.04941024,-0.00040001608,-0.044476733,0.0025156115,-0.13753521,-0.14005083,-0.24216542,-0.22416267,0.018002748,-0.24240907,-0.23492207,0.007486999,-0.2305918,-0.23746467,-0.0068728626,18.0,656.0,638.0,0.03106031,0.041242875,0.010182565,0.0052187345,0.04738937,0.042170636,0.04067058,0.10026339,0.059592806,0.025841575,-0.0061464943,-0.03198807,-0.009610271,-0.05902051,-0.04941024,-0.0071386155,-0.05161535,-0.044476733,0.0,0.0,0.0,9,9,0,0,0,0,0.0,0.0,0.0,6.111111111111111,195.33333333333334,189.22222222222223,0.03106031008064747,0.041242875158786774,0.010182565078139305,0.005156459286808968,0.04734182564748658,0.042185366360677615,0.040229885942406125,0.096158300836881,0.05592841489447487,0.025903851000799075,-0.006098950488699807,-0.03200280148949888,-0.009169575861758657,-0.05491542567809423,-0.045745849816335574,2.3544617,0.0
5,797,57648,55.0,287.0,232.0,1.0,2.0,1.0,0.029650934,0.029650934,-70.279205,-2.4605732,-0.0016041398,-0.017750807,-0.0008236207,-0.017661206,0.24186258,0.2051012,-0.036761373,0.3809012,0.412734,0.031832814,0.3786266,0.4198433,0.04121667,0.38217813,0.41910034,0.036922216,55.0,287.0,232.0,0.027825445,0.05747638,0.029650934,0.008830324,0.047897805,0.03906748,0.049605675,0.097007416,0.04740174,0.018995121,0.009578574,-0.009416547,-0.02178023,-0.039531037,-0.017750807,-0.018227942,-0.03588915,-0.017661206,0.0,0.0,0.0,8,8,0,0,0,0,0.0,0.0,0.0,17.25,90.0,72.75,0.02782544493675232,0.05747637897729874,0.029650934040546417,0.0086941096233204,0.04803631454706192,0.03934220492374152,0.04745556879788637,0.09217735752463341,0.044721788726747036,0.019131335197016597,0.009440064430236816,-0.00969127076677978,-0.019630123861134052,-0.03470097854733467,-0.015070854686200619,-70.279205,0.0
5,798,57650,3.0,423.0,420.0,1.0,1.0,0.0,0.004252311,0.004252311,-27.08551,-0.6919651,0.0017445199,-0.03971869,-0.0042469464,-0.039781515,0.35234934,0.27764973,-0.07469961,0.34677646,0.13366896,-0.2131075,0.3603775,0.14605947,-0.21431802,0.37967244,0.1824355,-0.19723694,3.0,423.0,420.0,0.044644147,0.048896458,0.004252311,0.00455315,0.045713354,0.041160204,0.049162887,0.09313389,0.043971002,0.040090997,0.003183104,-0.036907893,-0.00451874,-0.04423743,-0.03971869,0.0011171997,-0.038664315,-0.039781515,0.0,0.0,0.0,8,8,0,5,0,-5,0.625,0.0,-0.625,1.5,128.5,127.0,0.04464414715766907,0.04889645799994469,0.0042523108422756195,0.004566920862998813,0.045731838792562485,0.04116491792956367,0.04259725660085678,0.08812505099922419,0.045527794398367405,0.04007722670212388,0.003164619207382202,-0.03691260749474168,0.0020468905568122864,-0.0392285929992795,-0.041275483556091785,-27.08551,-0.625
5,799,57681,2.0,179.0,177.0,1.0,1.0,0.0,0.019098952,0.019098952,-27.009338,-1.0133362,-0.0070053115,-0.024987131,-0.008219082,-0.032410566,0.20119146,0.20262635,0.0014348924,0.17369139,0.14986327,-0.023828119,0.17296514,0.15486258,-0.018102556,0.19307348,0.1753889,-0.017684579,2.0,179.0,177.0,0.04317978,0.062278733,0.019098952,0.0013245384,0.045904096,0.044579558,0.052220874,0.09630696,0.044086084,0.041855242,0.016374636,-0.025480606,-0.009041093,-0.034028225,-0.024987131,0.0030495264,-0.02936104,-0.032410566,0.0,0.0,0.0,8,8,0,3,0,-3,0.375,0.0,-0.375,1.625,54.625,53.0,0.04317978024482727,0.062278732657432556,0.019098952412605286,0.0011688834310916718,0.045960504561662674,0.044791621130571,0.047165743075311184,0.09417716972529888,0.0470114266499877,0.04201089637354016,0.016318228095769882,-0.02569266827777028,-0.003985962830483913,-0.031898437067866325,-0.027912474237382412,-27.009338,-0.375
5,800,57822,1.0,210.0,209.0,1.0,1.0,0.0,0.0033422075,0.0033422075,-52.87805,-2.0919743,-0.015922397,-0.044695236,-0.013868678,-0.043212585,0.38511547,0.30379778,-0.08131769,-0.03915265,0.038433447,0.0775861,-0.04965783,0.0294919,0.07914973,0.0021218206,0.06972884,0.067607015,1.0,210.0,209.0,0.053986356,0.057328563,0.0033422075,0.0020975815,0.044509545,0.042411964,0.038847845,0.08688529,0.048037443,0.051888775,0.012819018,-0.039069757,0.015138511,-0.029556725,-0.044695236,0.016398761,-0.026813824,-0.043212585,1.0,0.0,-1.0,9,9,0,9,0,-9,1.0,0.0,-1.0,1.0,64.66666666666667,63.66666666666667,0.053986355662345886,0.057328563183546066,0.00334220752120018,0.002241501494103836,0.044701615555418864,0.04246011406131503,0.03739167004823685,0.08401521212524837,0.046623542077011526,0.051744854284657374,0.012626947628127204,-0.03911790665653017,0.01659468561410904,-0.026686648941702314,-0.04328133455581135,-52.87805,-1.0
5,801,57838,1.0,2.0,1.0,1.0,1.0,0.0,0.029939685,0.029939685,-72.06729,-3.0967388,-0.0014737472,-0.020509865,-0.004753601,-0.021140669,0.76124024,0.73673904,-0.024501204,0.59014666,0.5251227,-0.06502396,0.6009123,0.537123,-0.06378925,0.642039,0.5964767,-0.045562327,1.0,2.0,1.0,0.06143679,0.091376476,0.029939685,0.0010185855,0.048410885,0.0473923,0.043658294,0.094107844,0.05044955,0.060418207,0.04296559,-0.017452616,0.017778497,-0.002731368,-0.020509865,0.022143956,0.0010032877,-0.021140669,1.0,0.0,-1.0,7,7,0,7,5,-2,1.0,0.7142857142857143,-0.2857142857142857,1.0,1.2857142857142858,0.2857142857142858,0.061436790972948074,0.09137647598981857,0.0299396850168705,0.001352585037238896,0.04858393647841045,0.047231351441171555,0.038367590201752524,0.09040389742170062,0.05203630721994809,0.06008420565298626,0.04279253951140812,-0.017291666141578135,0.023069200771195546,0.0009725785681179591,-0.022096622203077586,-72.06729,-0.2857142857142857
5,802,57906,3.0,207.0,204.0,1.0,1.0,0.0,0.022711266,0.022711266,-83.03378,-3.240076,-0.00459731,-0.020767476,-0.003771264,-0.024735656,0.19029449,0.19027425,-2.0235777e-05,0.13583805,0.1041176,-0.031720445,0.13320611,0.08271505,-0.050491065,0.1511396,0.10817614,-0.04296346,3.0,207.0,204.0,0.04066774,0.063379005,0.022711266,0.0072868164,0.04999103,0.042704213,0.046233565,0.08971231,0.043478742,0.033380922,0.013387974,-0.019992948,-0.005565826,-0.026333302,-0.020767476,-0.00016370043,-0.024899356,-0.024735656,0.0,0.0,0.0,10,10,0,4,0,-4,0.4,0.0,-0.4,1.8,63.0,61.2,0.040667738765478134,0.06337900459766388,0.022711265832185745,0.007478345045819878,0.05029096119105816,0.04281261614523828,0.04284922890365124,0.08900766894221306,0.046158440038561815,0.03318939357995987,0.01308804340660572,-0.020101350173354147,-0.0021814901381731035,-0.02562866434454918,-0.023447174206376077,-83.03378,-0.4
5,803,58096,2.0,103.0,101.0,1.0,1.0,0.0,0.020562217,0.020562217,-59.35547,-1.680584,-0.0045726597,-0.02186681,-0.0045604184,-0.029271,-0.0332426,-0.11506496,-0.081822366,0.11398663,0.16825645,0.054269813,0.12990895,0.18761402,0.057705075,0.115924776,0.16255942,0.046634644,2.0,103.0,101.0,0.047690593,0.06825281,0.020562217,0.0057276725,0.04763433,0.04190666,0.047924448,0.090353474,0.042429026,0.04196292,0.02061848,-0.021344442,-0.0002338551,-0.022100665,-0.02186681,0.008525312,-0.020745687,-0.029271,0.0,0.0,0.0,9,9,0,7,0,-7,0.7777777777777778,0.0,-0.7777777777777778,1.2222222222222223,28.88888888888889,27.666666666666668,0.04769059270620346,0.0682528093457222,0.020562216639518738,0.005866421231379111,0.0479704054693381,0.04210398423795898,0.04111234719554583,0.08756464802556568,0.04645230083001985,0.041824171526564494,0.020282403876384098,-0.021541767650180395,0.006578245510657628,-0.019311838679843478,-0.025890084190501105,-59.35547,-0.7777777777777778
5,804,58144,1.0,36.0,35.0,1.0,1.0,0.0,0.032805454,0.032805454,-61.203796,-2.9756336,0.0023283735,-0.020394506,0.003168866,-0.025997367,0.17827141,0.27899688,0.10072547,0.11138767,0.13607365,0.024685979,0.0905294,0.121126994,0.030597597,0.107599795,0.14598326,0.03838347,1.0,36.0,35.0,0.033875126,0.06668058,0.032805454,-0.02096132,0.03597968,0.056941003,0.030491086,0.083691046,0.05319996,0.054836445,0.0307009,-0.024135545,0.0033840407,-0.017010465,-0.020394506,0.014667358,-0.0113300085,-0.025997367,1.0,0.0,-1.0,13,13,0,13,0,-13,1.0,0.0,-1.0,1.0,12.0,11.0,0.033875126391649246,0.06668058037757874,0.03280545398592949,-0.020971832080529287,0.03640468905751522,0.057376521138044506,0.016923626240056295,0.07883489303863965,0.06191126679858336,0.05484695875873932,0.030275891320063517,-0.024571067438675806,0.01695149979339196,-0.01215431266106092,-0.02910581245445288,-61.203796,-1.0
5,805,58164,1.0,8.0,7.0,2.0,1.0,-1.0,0.03776222,0.03776222,-51.599762,-1.4565907,0.0036416836,-0.012260865,-0.0018764734,-0.016649943,0.2521101,0.28533542,0.033225328,0.15778694,0.10064416,-0.05714278,0.18568149,0.11430602,-0.071375474,0.20876558,0.1439772,-0.064788386,1.0,8.0,7.0,0.048124176,0.0858864,0.03776222,0.0026526288,0.0464231,0.04377047,0.044827685,0.09485077,0.050023086,0.045471545,0.039463297,-0.006008249,0.0032964908,-0.008964375,-0.012260865,0.011842076,-0.004807867,-0.016649943,1.0,0.0,-1.0,4,4,0,4,2,-2,1.0,0.5,-0.5,1.0,1.5,0.5,0.048124175518751144,0.0858863964676857,0.037762220948934555,0.0024038586125243455,0.04622415080666542,0.043820292194141075,0.03641233500093222,0.08606832101941109,0.04965598601847887,0.04572031646966934,0.03966224566102028,-0.006058070808649063,0.011711840517818928,-0.00018192455172538757,-0.011893765069544315,-51.599762,-0.5
5,806,58187,1.0,165.0,164.0,1.0,1.0,0.0,0.014528584,0.014528584,-28.408173,-0.39353943,-0.011537101,-0.03409732,-0.012168121,-0.03622708,0.23253715,0.24985234,0.017315194,0.003940937,0.009423443,0.005482506,0.012689882,0.014104922,0.0014150403,0.033044316,0.03610048,0.0030561648,1.0,165.0,164.0,0.052146,0.06667458,0.014528584,0.013622725,0.05089548,0.03727275,0.047510143,0.09613605,0.048625905,0.03852327,0.015779104,-0.022744168,0.0046358556,-0.029461466,-0.03409732,0.008300129,-0.027926952,-0.03622708,1.0,0.0,-1.0,13,13,0,13,0,-13,1.0,0.0,-1.0,1.0,52.61538461538461,51.61538461538461,0.05214599892497063,0.06667458266019821,0.014528583735227585,0.013779292527872782,0.05127631271114716,0.037497020183274374,0.04426890926865431,0.09477477692640744,0.05050586765775313,0.03836670632545765,0.01539826994905105,-0.022968436376406595,0.007877089656316318,-0.028100194266209237,-0.035977283922525555,-28.408173,-1.0
5,807,58404,3.0,25.0,22.0,1.0,1.0,0.0,0.041453194,0.041453194,-20.556366,-0.18253136,-0.004503276,-0.016194612,-0.0048143864,-0.015314341,0.30266178,0.30452135,0.0018595755,0.18111719,0.17248099,-0.008636206,0.17659476,0.18504412,0.008449361,0.19934475,0.20417836,0.004833609,3.0,25.0,22.0,0.04064655,0.08209974,0.041453194,0.006901623,0.048384942,0.04148332,0.041215133,0.09886294,0.057647806,0.033744927,0.0337148,-3.0126423e-05,-0.0005685836,-0.016763195,-0.016194612,0.0015700385,-0.013744302,-0.015314341,0.0,0.0,0.0,10,10,0,6,0,-6,0.6,0.0,-0.6,1.4,9.7,8.299999999999999,0.04064654931426048,0.08209974318742752,0.04145319387316704,0.0073704740032553675,0.049056804925203326,0.041686330921947956,0.03967917375266552,0.09673734456300735,0.057058170810341834,0.0332760751247406,0.033042938262224195,-0.00023313686251640736,0.000967375561594963,-0.014637601375579835,-0.015604976937174797,-20.556366,-0.6
5,808,58668,2.0,132.0,130.0,1.0,8.0,7.0,0.020048134,0.020048134,-57.742126,-2.125351,-0.007258605,-0.024423953,-0.0074368194,-0.026495274,0.046398453,0.15059882,0.10420037,-0.02394515,0.0667064,0.09065155,-0.02511792,0.06234139,0.08745931,-0.019722933,0.07727133,0.09699426,2.0,132.0,130.0,0.04447881,0.064526945,0.020048134,0.0050877705,0.046805065,0.041717295,0.047477853,0.09194994,0.044472087,0.03939104,0.01772188,-0.02166916,-0.0029990412,-0.027422994,-0.024423953,0.0029084347,-0.02358684,-0.026495274,0.0,0.0,0.0,14,14,0,9,0,-9,0.6428571428571429,0.0,-0.6428571428571429,1.3571428571428572,41.57142857142857,40.214285714285715,0.04447881132364273,0.06452694535255432,0.02004813402891159,0.00517226369785411,0.047021693150912015,0.041849429453057904,0.04155885082270418,0.0881577767431736,0.04659892592046942,0.0393065477588347,0.01750525220164231,-0.02180129555719239,0.0029199605009385516,-0.023630831390619278,-0.026550791891557828,-57.742126,-0.6428571428571429
5,809,58681,1.0,98.0,97.0,1.0,2.0,1.0,0.013872948,0.013872948,-74.51602,-2.472025,-0.008051224,-0.031371918,-0.013151471,-0.032431245,0.10531461,0.111176655,0.0058620423,0.24392872,0.16414452,-0.0797842,0.23689982,0.18764515,-0.04925467,0.2278002,0.19010316,-0.037697047,1.0,98.0,97.0,0.051819656,0.0656926,0.013872948,0.0064354492,0.04614246,0.03970701,0.043467827,0.08871269,0.045244865,0.045384206,0.019550145,-0.025834061,0.008351829,-0.023020089,-0.031371918,0.012741171,-0.019690074,-0.032431245,1.0,0.0,-1.0,6,6,0,6,0,-6,1.0,0.0,-1.0,1.0,27.666666666666668,26.666666666666668,0.051819656044244766,0.06569260358810425,0.013872947543859482,0.006556182323644559,0.046523389096061386,0.03996720677241683,0.03938134325047334,0.08485829830169678,0.045476955051223435,0.04526347294449806,0.019169214492042858,-0.026094258452455204,0.012438312793771425,-0.01916569471359253,-0.03160400750736395,-74.51602,-1.0
5,810,59023,5.0,136.0,131.0,4.0,7.0,3.0,0.030564483,0.030564483,-32.79831,-0.6002922,0.0008468665,-0.018388856,-0.001326669,-0.018024273,0.31761873,0.33252546,0.014906734,-0.09233606,-0.124192625,-0.031856567,-0.12042878,-0.1500355,-0.029606722,-0.0791675,-0.09610859,-0.016941093,5.0,136.0,131.0,0.038120274,0.06868476,0.030564483,0.009084001,0.05131541,0.042231407,0.041403428,0.09035677,0.04895334,0.029036272,0.017369349,-0.011666924,-0.0032831542,-0.02167201,-0.018388856,-0.0013554543,-0.019379728,-0.018024273,0.0,0.0,0.0,9,9,0,1,0,-1,0.1111111111111111,0.0,-0.1111111111111111,2.7777777777777777,44.888888888888886,42.11111111111111,0.03812027350068092,0.06868475675582886,0.030564483255147934,0.009324200658334626,0.051783588197496205,0.04245938753916158,0.040323792232407465,0.0876192922393481,0.04729550000694063,0.028796072842346296,0.016901168558332656,-0.01189490428401364,-0.0022035187317265403,-0.018934535483519237,-0.0167310167517927,-32.79831,-0.1111111111111111
5,811,59039,3.0,36.0,33.0,5.0,8.0,3.0,0.038349397,0.038349397,-54.159668,-1.5906754,0.0013724156,-0.003874138,-4.2304397e-05,-0.0113442615,0.27451348,0.27019274,-0.0043207407,-0.024952583,-0.1529383,-0.12798572,-0.052754022,-0.17556146,-0.122807436,-0.007846573,-0.12661874,-0.11877217,3.0,36.0,33.0,0.04004565,0.07839505,0.038349397,0.008542768,0.049625628,0.04108286,0.049834333,0.09205787,0.042223535,0.03150288,0.028769419,-0.0027334616,-0.009788685,-0.013662823,-0.003874138,-0.0010865256,-0.012430787,-0.0113442615,0.0,0.0,0.0,10,10,0,7,0,-7,0.7,0.0,-0.7,1.4,12.7,11.299999999999999,0.04004564881324768,0.0783950462937355,0.038349397480487823,0.008670374937355518,0.04986088089644909,0.04119050595909357,0.04114568643271923,0.08965803012251854,0.04851234368979931,0.031375274434685706,0.028534165397286416,-0.00284110903739929,-0.00110003761947155,-0.011262983828783036,-0.010162946209311486,-54.159668,-0.7
5,812,59046,19.0,180.0,161.0,25.0,33.0,8.0,0.032892052,0.032892052,-52.86264,-1.8034687,0.005657155,-0.01600166,0.004660815,-0.016197007,0.36710286,0.20241441,-0.16468845,0.20144314,0.07080907,-0.13063407,0.21318074,0.07452888,-0.13865185,0.24568361,0.09261219,-0.15307142,19.0,180.0,161.0,0.030392792,0.063284844,0.032892052,0.004786562,0.04935272,0.04456616,0.044521064,0.093414776,0.048893712,0.02560623,0.013932124,-0.011674106,-0.0141282715,-0.030129932,-0.01600166,-0.010269199,-0.026466206,-0.016197007,0.0,0.0,0.0,11,11,0,0,0,0,0.0,0.0,0.0,6.090909090909091,53.81818181818182,47.72727272727273,0.03039279207587242,0.06328484416007996,0.032892052084207535,0.004833431702784516,0.04955374923619357,0.044720317533409056,0.04175724597139792,0.09083078530701724,0.04907353933561932,0.025559360500086437,0.013731094923886385,-0.011828265576200052,-0.0113644538955255,-0.027545941146937283,-0.01618148725141178,-52.86264,0.0
5,813,59079,1.0,75.0,74.0,1.0,1.0,0.0,0.024837099,0.024837099,-67.0733,-2.6826973,-0.0029725954,-0.026883718,-0.0034784563,-0.027426392,0.6986182,0.68800956,-0.0106086135,0.47653896,0.27240244,-0.20413652,0.5017915,0.2943449,-0.20744658,0.54497224,0.37021193,-0.17476031,1.0,75.0,74.0,0.04508552,0.06992262,0.024837099,0.00069815764,0.047091585,0.046393428,0.040574115,0.09229493,0.051720817,0.044387363,0.022831034,-0.021556329,0.004511405,-0.022372313,-0.026883718,0.008895703,-0.01853069,-0.027426392,1.0,0.0,-1.0,9,9,0,9,0,-9,1.0,0.0,-1.0,1.0,24.333333333333332,23.333333333333332,0.045085519552230835,0.06992261856794357,0.024837099015712738,0.000813543243566528,0.04726685997512606,0.04645331673155953,0.03517501304546992,0.08724269270896912,0.0520676796634992,0.044271976583533816,0.02265575859281752,-0.021616217990716297,0.009910506506760916,-0.017320074141025543,-0.02723058064778646,-67.0733,-1.0
5,814,59091,1.0,20.0,19.0,3.0,3.0,0.0,0.025525842,0.025525842,-62.048798,-2.0371685,-0.0037781,-0.020556476,-0.0031554028,-0.019284885,0.56629276,0.59466314,0.02837038,0.51093906,0.5336357,0.022696614,0.5211757,0.55569863,0.03452295,0.5391191,0.56940025,0.030281126,1.0,20.0,19.0,0.05539656,0.0809224,0.025525842,0.011466977,0.049769994,0.038303018,0.047081992,0.09316431,0.046082318,0.043929584,0.031152409,-0.012777176,0.008314569,-0.012241907,-0.020556476,0.011009987,-0.008274898,-0.019284885,1.0,0.0,-1.0,9,9,0,9,0,-9,1.0,0.0,-1.0,1.0,7.111111111111111,6.111111111111111,0.055396560579538345,0.08092240244150162,0.025525841861963272,0.011608182763059935,0.050115960753626294,0.03850777799056636,0.04405081851614846,0.08929548246992959,0.04524466395378113,0.04378837802343898,0.030806441687875323,-0.01298193633556366,0.011345742063389884,-0.008373080028427972,-0.019718822091817856,-62.048798,-1.0
5,815,59194,1.0,1.0,0.0,1.0,1.0,0.0,0.049421623,0.049421623,-67.045105,-2.17066,-0.0077949837,0.00015951693,-0.0063447542,-0.00039767474,0.41790015,0.2991981,-0.118702054,0.11080113,0.06609787,-0.04470326,0.08247966,0.042677935,-0.039801728,0.13308606,0.08432048,-0.048765577,1.0,1.0,0.0,0.04746797,0.09688959,0.049421623,0.004757436,0.04910903,0.044351593,0.043836035,0.09309814,0.049262106,0.042710535,0.047780562,0.005070027,0.0036319345,0.0037914515,0.00015951693,0.006131783,0.0057341084,-0.00039767474,1.0,1.0,0.0,7,7,0,7,7,0,1.0,1.0,0.0,1.0,1.0,0.0,0.04746796935796738,0.09688959270715714,0.04942162334918976,0.0046961220380451,0.04935591933982713,0.04465979730178203,0.04161509871482849,0.0909219863159316,0.049306887601103105,0.042771847652537484,0.047533673367330005,0.004761825714792521,0.0058528706431388855,0.005967606391225543,0.00011473574808665721,-67.045105,0.0
5,816,59284,14.0,322.0,308.0,3.0,1.0,-2.0,0.025361983,0.025361983,-63.134583,-2.6476479,0.0014376901,-0.009219522,0.0021699276,-0.019582374,0.088806264,0.2799197,0.19111344,0.13188589,0.1542153,0.02232942,0.106632754,0.13310578,0.02647303,0.11374919,0.15327744,0.03952825,14.0,322.0,308.0,0.02757428,0.052936263,0.025361983,-0.0017036112,0.045665592,0.047369204,0.048925884,0.08350739,0.034581505,0.02927789,0.0072706714,-0.02200722,-0.021351604,-0.030571125,-0.009219522,-0.009123469,-0.028705843,-0.019582374,0.0,0.0,0.0,14,14,0,1,0,-1,0.07142857142857142,0.0,-0.07142857142857142,4.5,99.85714285714286,95.35714285714286,0.02757428027689457,0.052936263382434845,0.025361983105540276,-0.0014355502467619122,0.04599266951637609,0.047428219763138,0.038563060840325694,0.08145601249166898,0.042892951651343283,0.02900983047272478,0.006943593866058758,-0.022066236606666022,-0.010988780563431126,-0.02851974910923413,-0.017530968545803,-63.134583,-0.07142857142857142
5,817,59419,10.0,233.0,223.0,2.0,1.0,-1.0,0.025484823,0.025484823,-22.987457,-0.37034035,0.00661901,-0.017032433,0.0026101246,-0.02133488,-0.20599726,-0.17696404,0.029033214,-0.001115634,-0.04338805,-0.042272415,0.015079626,-0.040188976,-0.0552686,-0.018692221,-0.06643088,-0.04773866,10.0,233.0,223.0,0.034661457,0.06014628,0.025484823,0.0035325638,0.04951282,0.045980256,0.049652617,0.09216987,0.042517256,0.031128893,0.010633461,-0.020495431,-0.0149911605,-0.032023594,-0.017032433,-0.008212589,-0.029547468,-0.02133488,0.0,0.0,0.0,7,7,0,0,0,0,0.0,0.0,0.0,3.142857142857143,69.85714285714286,66.71428571428572,0.03466145694255829,0.0601462796330452,0.025484822690486908,0.0030637443165427874,0.049271898078066964,0.04620815376152418,0.04051509712423597,0.08819872460194997,0.047683627477714,0.031597712742430825,0.010874381554978234,-0.020723331187452593,-0.005853640181677682,-0.028052444968904768,-0.022198804787227085,-22.987457,0.0
5,818,59420,1.0,87.0,86.0,5.0,7.0,2.0,0.02756513,0.02756513,-37.44153,-1.0538044,0.0010215491,-0.03197615,-0.00023779273,-0.030032404,-0.15558669,-0.022911707,0.13267498,-0.10317345,-0.34018528,-0.23701183,-0.090787895,-0.35094097,-0.26015308,-0.10217477,-0.3489961,-0.24682134,1.0,87.0,86.0,0.040264204,0.06782933,0.02756513,-0.0014755198,0.047211304,0.048686825,0.03574553,0.09528681,0.059541278,0.041739725,0.020618029,-0.021121696,0.004518673,-0.027457476,-0.03197615,0.0074438006,-0.022588603,-0.030032404,1.0,0.0,-1.0,4,4,0,4,0,-4,1.0,0.0,-1.0,1.0,25.5,24.5,0.040264204144477844,0.06782933324575424,0.027565129101276398,-0.0015547798539046198,0.04726797062903643,0.048822750482941046,0.034402220509946346,0.08922408893704414,0.0548218684270978,0.04181898385286331,0.020561362616717815,-0.021257621236145496,0.005861983634531498,-0.0213947556912899,-0.0272567393258214,-37.44153,-1.0
5,819,59585,2.0,430.0,428.0,1.0,1.0,0.0,0.009017322,0.009017322,-22.595825,-0.037065506,0.0017961971,-0.045095444,-0.00030495226,-0.042787474,0.112333804,0.112679034,0.0003452301,0.06413639,-0.1589647,-0.22310108,0.056259345,-0.1955449,-0.25180423,0.06564927,-0.18239945,-0.24804872,2.0,430.0,428.0,0.04204767,0.05106499,0.009017322,0.0063669994,0.04801915,0.04165215,0.042212125,0.09632489,0.054112766,0.03568067,0.003045842,-0.03263483,-0.00016445667,-0.0452599,-0.045095444,0.0017581321,-0.04102934,-0.042787474,0.0,0.0,0.0,8,8,0,3,0,-3,0.375,0.0,-0.375,1.625,133.0,131.375,0.04204766824841499,0.05106499046087265,0.009017322212457657,0.00641224579885602,0.04854157846421003,0.04212933266535401,0.04101199423894286,0.09292417205870152,0.051912177819758654,0.03563542244955897,0.0025234119966626167,-0.03311201045289636,0.0010356740094721317,-0.041859181597828865,-0.042894855607301,-22.595825,-0.375
5,820,59595,1.0,242.0,241.0,1.0,1.0,0.0,0.009500079,0.009500079,-83.25867,-3.679041,-0.0049935468,-0.03465818,-0.005959641,-0.035741813,0.2254897,0.23175257,0.0062628686,-0.081670746,-0.07329464,0.008376107,-0.06143397,-0.065697655,-0.004263684,-0.03404883,-0.017398845,0.016649984,1.0,242.0,241.0,0.047549035,0.057049114,0.009500079,-0.0005802328,0.044878747,0.04545898,0.04159414,0.0857524,0.044158258,0.048129268,0.012170367,-0.0359589,0.005954895,-0.028703284,-0.03465818,0.009023,-0.026718814,-0.035741813,1.0,0.0,-1.0,9,9,0,9,0,-9,1.0,0.0,-1.0,1.0,76.66666666666667,75.66666666666667,0.047549035400152206,0.057049114257097244,0.009500078856945038,-5.146029434399679e-05,0.04547601938247681,0.0455274796768208,0.037587994088729225,0.08369095706277424,0.046102962974045016,0.04760049573249287,0.011573094874620438,-0.036027400857872434,0.009961041311422983,-0.02664184280567699,-0.03660288411709997,-83.25867,-1.0
5,821,59631,1.0,1.0,0.0,1.0,1.0,0.0,0.05276714,0.05276714,-48.262238,-1.6681252,0.00052978843,0.006649412,-0.00067813694,0.0064787827,0.26012167,0.35896367,0.098841995,0.014960474,0.3830192,0.36805874,-0.009077031,0.37040183,0.37947887,0.026073286,0.38564435,0.35957107,1.0,1.0,0.0,0.047348347,0.100115485,0.05276714,0.0025258164,0.046847243,0.044321425,0.04628339,0.09240112,0.046117727,0.04482253,0.053268243,0.008445714,0.0010649562,0.0077143684,0.006649412,0.0026313402,0.009110123,0.0064787827,1.0,1.0,0.0,12,12,0,12,12,0,1.0,1.0,0.0,1.0,1.0,0.0,0.047348346561193466,0.10011548548936844,0.05276713892817497,0.002670631375319014,0.047375764387349285,0.044705133012030274,0.04476416173080603,0.09139686450362206,0.046632702772816025,0.04467771481722593,0.05273972110201915,0.00806200628479322,0.0025841848303874335,0.008718620985746384,0.00613443615535895,-48.262238,0.0
5,822,59699,4.0,235.0,231.0,6.0,5.0,-1.0,0.02451095,0.02451095,-63.963684,-2.7902966,0.0067363605,-0.028781977,0.005212363,-0.030012652,0.31482357,0.17557548,-0.13924809,0.36743194,0.243495,-0.123936936,0.365704,0.26138058,-0.10432342,0.36965767,0.26458585,-0.10507181,4.0,235.0,231.0,0.03286516,0.05737611,0.02451095,-0.0045563364,0.046971124,0.05152746,0.0394496,0.092742525,0.053292926,0.037421495,0.010404985,-0.02701651,-0.0065844394,-0.035366416,-0.028781977,-0.00130824,-0.031320892,-0.030012652,0.0,0.0,0.0,13,13,0,4,0,-4,0.3076923076923077,0.0,-0.3076923076923077,2.076923076923077,72.92307692307692,70.84615384615384,0.03286515921354294,0.057376109063625336,0.024510949850082397,-0.004395695098747428,0.04716089081305724,0.05155658591180466,0.03459445501749332,0.08906605266607724,0.05447159764858392,0.03726085390035923,0.010215218250568096,-0.027045635649791133,-0.001729295803950383,-0.03168994360245191,-0.02996064779850153,-63.963684,-0.3076923076923077
5,823,59817,17.0,169.0,152.0,4.0,5.0,1.0,0.032152824,0.032152824,-41.929382,-1.0137768,-0.0019158386,-0.01904025,-0.0015000813,-0.018526483,0.17958744,0.16204402,-0.01754342,-0.11664624,-0.050543692,0.06610255,-0.11565691,-0.034589674,0.081067234,-0.09151035,-0.007916694,0.08359365,17.0,169.0,152.0,0.033705622,0.065858446,0.032152824,0.008350329,0.05052088,0.04217055,0.044845223,0.0960383,0.051193073,0.025355294,0.015337568,-0.010017727,-0.0111396015,-0.03017985,-0.01904025,-0.008080516,-0.026607,-0.018526483,0.0,0.0,0.0,4,4,0,0,0,0,0.0,0.0,0.0,6.0,52.75,46.75,0.03370562195777893,0.06585844606161118,0.032152824103832245,0.008359867613762617,0.05058618262410164,0.04222631501033902,0.04418697860091925,0.0944788008928299,0.05029182229191065,0.025345753878355026,0.015272263437509537,-0.01007349044084549,-0.010481356643140316,-0.02862035483121872,-0.018138998188078403,-41.929382,0.0
5,824,59994,96.0,170.0,74.0,10.0,25.0,15.0,0.039798353,0.039798353,-10.993408,0.5866661,0.0023998283,-0.00691133,0.0011595208,-0.009019587,0.0068635447,0.05535524,0.048491694,-0.030946132,0.11225446,0.14320059,-0.017999878,0.111420415,0.1294203,-0.015746184,0.11199005,0.12773624,96.0,170.0,74.0,0.025625397,0.06542375,0.039798353,0.011986167,0.051410418,0.03942425,0.048798125,0.09550781,0.046709683,0.013639229,0.014013331,0.00037410203,-0.023172729,-0.030084059,-0.00691133,-0.01748458,-0.026504166,-0.009019587,0.0,0.0,0.0,10,10,0,0,0,0,0.0,0.0,0.0,28.8,51.0,22.2,0.02562539651989937,0.06542374938726425,0.03979835286736488,0.011997587513178587,0.05152201764285565,0.03952443012967706,0.04162429571151734,0.09161126539111138,0.04998696967959404,0.013627809006720781,0.013901731744408608,0.00027392273768782685,-0.015998899191617965,-0.02618751600384712,-0.010188616812229156,-10.993408,0.0
5,825,60094,2.0,65.0,63.0,1.0,1.0,0.0,0.031862836,0.031862836,-22.190338,-0.05256653,-0.005122181,-0.022069417,-0.0058812536,-0.026931293,0.39734197,0.38288024,-0.014461726,0.12902783,0.32120875,0.19218092,0.121956006,0.34107682,0.21912082,0.15787777,0.37232134,0.21444356,2.0,65.0,63.0,0.040300082,0.07216292,0.031862836,0.0041092215,0.048091143,0.04398192,0.042188305,0.09612056,0.053932253,0.03619086,0.024071775,-0.012119085,-0.001888223,-0.02395764,-0.022069417,0.0048402026,-0.02209109,-0.026931293,0.0,0.0,0.0,10,10,0,7,0,-7,0.7,0.0,-0.7,1.3,19.4,18.099999999999998,0.04030008241534233,0.0721629187464714,0.031862836331129074,0.004237487190403044,0.04828433021903038,0.04404684302862733,0.03559773620218039,0.09334398731589318,0.05774625111371279,0.036062595620751384,0.023878588527441024,-0.01218400709331036,0.004702346213161945,-0.021181068569421767,-0.025883414782583714,-22.190338,-0.7
5,826,60119,11.0,100.0,89.0,5.0,7.0,2.0,0.039738167,0.039738167,-17.210266,0.21167755,-4.056841e-06,-0.014354434,-0.0007539205,-0.014619265,0.8198309,0.81905365,-0.00077724457,0.6435492,0.6290225,-0.014526725,0.6363815,0.61365354,-0.022727966,0.68167406,0.67726636,-0.004407704,11.0,100.0,89.0,0.030204613,0.06994278,0.039738167,0.007124955,0.050896667,0.043771714,0.037415937,0.09150854,0.0540926,0.023079658,0.019046113,-0.004033545,-0.007211324,-0.021565758,-0.014354434,-0.0050858893,-0.019705154,-0.014619265,0.0,0.0,0.0,11,11,0,0,0,0,0.0,0.0,0.0,4.454545454545454,33.36363636363637,28.909090909090914,0.030204612761735916,0.06994277983903885,0.03973816707730293,0.0073613686995072794,0.05132195996967229,0.04396059127016501,0.0365341766314073,0.08941060169176622,0.05287642506035892,0.02284324389289726,0.018620819869366558,-0.004222424023530701,-0.006329563869671388,-0.01946782185272737,-0.013138257983055984,-17.210266,0.0
5,827,60186,1.0,2.0,1.0,3.0,4.0,1.0,0.044127263,0.044127263,-38.109528,-1.2482986,-0.00013813376,-0.010531791,-0.0013847426,-0.010094363,0.31709743,0.24183713,-0.0752603,0.0029369732,0.12325148,0.12031451,-0.01391508,0.11551564,0.12943073,0.03371855,0.13854332,0.104824774,1.0,2.0,1.0,0.049501866,0.09362913,0.044127263,0.0017077066,0.044294007,0.0425863,0.043421656,0.09808071,0.054659054,0.04779416,0.049335122,0.0015409626,0.00608021,-0.0044515803,-0.010531791,0.013352703,0.00325834,-0.010094363,1.0,0.0,-1.0,8,8,0,8,7,-1,1.0,0.875,-0.125,1.0,1.125,0.125,0.04950186610221863,0.0936291292309761,0.04412726312875748,0.0016364465263905004,0.04454932641237974,0.04291287988598924,0.03866028133779764,0.08808404486626387,0.049423763528466225,0.047865419648587704,0.04907980281859636,0.0012143831700086594,0.010841584764420986,0.005545084364712238,-0.005296500399708748,-38.109528,-0.125
5,828,60251,1.0,1.0,0.0,1.0,2.0,1.0,0.04447954,0.04447954,-34.025024,-1.0293427,-0.002546057,-0.020025585,-0.0018572733,-0.0155407,0.86401415,0.8549632,-0.009050965,0.66643304,0.6356143,-0.03081876,0.69239694,0.6684285,-0.023968458,0.7482328,0.73552173,-0.012711048,1.0,1.0,0.0,0.056865767,0.10134531,0.04447954,-0.0038148535,0.04656102,0.050375875,0.0358213,0.10032643,0.06450513,0.06068062,0.054784287,-0.0058963336,0.021044467,0.0010188818,-0.020025585,0.023094583,0.007553883,-0.0155407,1.0,1.0,0.0,9,9,0,9,9,0,1.0,1.0,0.0,1.0,1.0,0.0,0.056865766644477844,0.10134530812501907,0.04447954148054123,-0.0033310025723444093,0.0471475658317407,0.05047856840408511,0.034155618813302785,0.0955783368812667,0.06142271806796391,0.06019676932030254,0.054197742293278374,-0.005999027027024165,0.022710147831175063,0.005766971243752373,-0.01694317658742269,-34.025024,0.0
5,829,60305,1.0,67.0,66.0,1.0,1.0,0.0,0.020046242,0.020046242,-76.74686,-3.281454,0.00026698783,-0.038486637,-0.001178246,-0.037002794,0.11308134,0.23396464,0.12088329,0.39143404,0.54463524,0.1532012,0.38890705,0.55752593,0.16861889,0.385914,0.556945,0.17103103,1.0,67.0,66.0,0.046785563,0.066831805,0.020046242,-0.00539029,0.0428688,0.04825909,0.040887132,0.09942001,0.05853288,0.052175853,0.023963004,-0.028212849,0.005898431,-0.032588206,-0.038486637,0.011236556,-0.025766239,-0.037002794,1.0,0.0,-1.0,12,12,0,12,0,-12,1.0,0.0,-1.0,1.0,22.083333333333332,21.083333333333332,0.046785563230514526,0.0668318048119545,0.020046241581439972,-0.00553361710626632,0.042967877040306725,0.048501494146573045,0.033788969895491995,0.09376790560781956,0.05997893571232756,0.05231917959948381,0.02386392777164777,-0.02845525182783604,0.01299659333502253,-0.02693610079586506,-0.03993269413088759,-76.74686,-1.0
5,830,60456,4.0,165.0,161.0,29.0,19.0,-10.0,0.02331521,0.02331521,-42.86908,-1.7331581,0.013939586,-0.021113902,0.008196335,-0.022551034,-0.18791358,-0.14320618,0.044707403,-0.17963299,-0.17098562,0.008647367,-0.20100583,-0.18947181,0.01153402,-0.20944136,-0.19073242,0.018708944,4.0,165.0,161.0,0.03224175,0.05555696,0.02331521,-0.0075033074,0.04000691,0.047510218,0.03724357,0.08167268,0.044429112,0.03974506,0.015550051,-0.024195008,-0.0050018206,-0.026115723,-0.021113902,-0.001727555,-0.024278589,-0.022551034,0.0,0.0,0.0,8,8,0,1,0,-1,0.125,0.0,-0.125,2.25,50.25,48.0,0.03224175050854683,0.05555696040391922,0.02331520989537239,-0.00762880640104413,0.04011325957253575,0.047742065973579884,0.03499952098354697,0.07930114679038525,0.044301625806838274,0.03987055690959096,0.015443700831383467,-0.024426856078207493,-0.002757770475000143,-0.023744186386466026,-0.020986415911465883,-42.86908,-0.125
5,831,60505,2.0,69.0,67.0,1.0,1.0,0.0,0.02943208,0.02943208,-49.986145,-1.6732979,0.005399812,-0.017472144,0.0014768355,-0.019164648,0.05558884,0.1820109,0.12642206,0.2706836,0.22725949,-0.0434241,0.28749213,0.2299319,-0.05756022,0.26194274,0.23907088,-0.022871867,2.0,69.0,67.0,0.037648,0.06708008,0.02943208,-0.00212237,0.044072643,0.04619501,0.041519146,0.08842337,0.046904225,0.03977037,0.023007438,-0.01676293,-0.0038711466,-0.02134329,-0.017472144,0.002482999,-0.016681649,-0.019164648,0.0,0.0,0.0,10,10,0,7,0,-7,0.7,0.0,-0.7,1.3,21.7,20.4,0.037647999823093414,0.06708008050918579,0.029432080686092377,-0.002209745300933719,0.04429739974439144,0.04650714504532516,0.03520034458488226,0.08495465144515038,0.04975430686026812,0.039857744425535205,0.02278268076479435,-0.017075063660740856,0.0024476552382111548,-0.017874570935964583,-0.02032222617417574,-49.986145,-0.7
5,832,60519,10.0,345.0,335.0,1.0,1.0,0.0,0.01997557,0.01997557,-67.68643,-2.549841,-0.0025062077,-0.028544314,-0.0029386822,-0.02766553,0.41990986,0.49434128,0.07443142,0.26562983,0.18262674,-0.08300309,0.23913783,0.15992163,-0.0792162,0.27881977,0.21672411,-0.062095657,10.0,345.0,335.0,0.035969093,0.055944663,0.01997557,0.009026485,0.04972624,0.040699758,0.047492716,0.0960126,0.048519883,0.026942609,0.006218422,-0.020724187,-0.011523623,-0.040067937,-0.028544314,-0.007359326,-0.035024855,-0.02766553,0.0,0.0,0.0,12,12,0,0,0,0,0.0,0.0,0.0,3.5833333333333335,106.83333333333333,103.25,0.035969093441963196,0.05594466254115105,0.01997556909918785,0.008986913521463672,0.050197760884960495,0.041210847363496825,0.045070226614673935,0.09133214503526688,0.04626191842059294,0.02698217968766888,0.005746901656190555,-0.021235278031478323,-0.009101133172710737,-0.03538748249411583,-0.02628634932140509,-67.68643,0.0
5,833,60553,15.0,302.0,287.0,25.0,4.0,-21.0,0.025161482,0.025161482,-104.235535,-4.5857506,0.0064766984,-0.024612408,0.005185351,-0.025251491,0.039112505,0.15650207,0.11738956,-0.35305667,-0.034521997,0.31853467,-0.3652282,0.0043777893,0.369606,-0.35536605,0.029016005,0.38438207,15.0,302.0,287.0,0.02127909,0.04644057,0.025161482,-0.0056737815,0.03888894,0.04456272,0.034595598,0.08436949,0.04977389,0.02695287,0.007551633,-0.019401237,-0.013316508,-0.037928917,-0.024612408,-0.008957418,-0.03420891,-0.025251491,0.0,0.0,0.0,7,7,0,0,0,0,0.0,0.0,0.0,5.285714285714286,95.42857142857143,90.14285714285714,0.021279089152812958,0.046440571546554565,0.025161482393741608,-0.005811120117349284,0.039045670202800205,0.04485679032014949,0.0313989980412381,0.08142508779253278,0.05002608975129468,0.02709020913711616,0.00739490134375436,-0.0196953077933618,-0.010119908888425146,-0.03498451624597822,-0.02486460735755307,-104.235535,0.0
5,834,60725,6.0,10.0,4.0,5.0,1.0,-4.0,0.05367107,0.05367107,-66.637054,-2.234806,0.008576499,-0.008370655,0.007393824,-0.0035083797,0.5071624,0.55041933,0.04325694,0.44536075,0.42609057,-0.019270182,0.45589155,0.43257955,-0.023312002,0.4774817,0.4655179,-0.011963785,6.0,10.0,4.0,0.030608231,0.0842793,0.05367107,0.0005114808,0.04833503,0.04782355,0.03693471,0.09897643,0.062041722,0.03009675,0.035944268,0.0058475174,-0.00632648,-0.0146971345,-0.008370655,-0.0027059186,-0.0062142983,-0.0035083797,0.0,0.0,0.0,11,11,0,0,0,0,0.0,0.0,0.0,2.5454545454545454,3.4545454545454546,0.9090909090909092,0.03060823120176792,0.08427929878234863,0.05367106758058071,0.0008975495848889378,0.048708480867472564,0.047810931282583624,0.03492245196618817,0.08834401043978604,0.05342155847359787,0.02971068126234141,0.03557081791487607,0.005860136652534657,-0.004314220764420249,-0.004064711657437411,0.0002495091069828377,-66.637054,0.0
5,835,60834,2.0,218.0,216.0,1.0,3.0,2.0,0.019475996,0.019475996,-56.71991,-2.037424,-0.00694824,-0.024073757,-0.0040304475,-0.030180242,0.059360396,0.10582963,0.04646923,0.15094097,0.118505545,-0.032435425,0.18581018,0.13207321,-0.05373697,0.18654138,0.14096558,-0.045575798,2.0,218.0,216.0,0.040180113,0.05965611,0.019475996,0.001784164,0.046882633,0.04509847,0.04427088,0.087820634,0.043549754,0.03839595,0.012773477,-0.025622472,-0.0040907674,-0.028164525,-0.024073757,0.002925828,-0.027254414,-0.030180242,0.0,0.0,0.0,10,10,0,5,0,-5,0.5,0.0,-0.5,1.5,68.4,66.9,0.04018011316657066,0.059656109660863876,0.019475996494293213,0.001878404268063605,0.04727643132209778,0.045398027054034173,0.040125026181340215,0.08698409721255303,0.04685907103121281,0.03830170892179012,0.012379678338766098,-0.025922030583024024,5.508698523044586e-05,-0.027327987551689147,-0.027383074536919592,-56.71991,-0.5
5,836,60845,4.0,119.0,115.0,1.0,2.0,1.0,0.027223218,0.027223218,-14.716644,0.60380936,-0.0047176853,-0.024310216,-0.0026989765,-0.02241895,0.53777957,0.543962,0.006182432,0.18074493,0.21674182,0.035996884,0.20771617,0.24509189,0.03737572,0.26030925,0.30195394,0.041644692,4.0,119.0,115.0,0.04137374,0.06859696,0.027223218,0.013779966,0.050574455,0.03679449,0.042348865,0.0938823,0.051533435,0.027593775,0.018022504,-0.009571271,-0.00097512454,-0.02528534,-0.024310216,-4.059449e-05,-0.022459544,-0.02241895,0.0,0.0,0.0,11,11,0,2,0,-2,0.18181818181818182,0.0,-0.18181818181818182,2.3636363636363638,38.54545454545455,36.18181818181818,0.04137374088168144,0.06859695911407471,0.027223218232393265,0.013907978057184002,0.050687132233923134,0.03677915417673913,0.041018057614564896,0.09101681275801225,0.04999875514344736,0.027465762739831753,0.017909826880151577,-0.009555935859680176,0.00035568326711654663,-0.022419853643937546,-0.022775536911054092,-14.716644,-0.18181818181818182
5,837,60867,4.0,18.0,14.0,1.0,1.0,0.0,0.042637885,0.042637885,-53.378326,-1.8225327,0.0045385994,-0.014226422,0.0029754937,-0.009152636,0.08293059,-0.0049645063,-0.087895095,-0.027933992,0.06507544,0.093009435,-0.04433152,0.06851546,0.11284698,-0.030169973,0.062074706,0.09224468,4.0,18.0,14.0,0.039959937,0.08259782,0.042637885,0.005425036,0.04874741,0.043322373,0.044193737,0.10105804,0.056864306,0.0345349,0.033850413,-0.00068448856,-0.0042338,-0.018460222,-0.014226422,-0.0009867027,-0.010139339,-0.009152636,0.0,0.0,0.0,10,10,0,2,0,-2,0.2,0.0,-0.2,2.1,6.5,4.4,0.03995993733406067,0.08259782195091248,0.04263788461685181,0.005797570059075952,0.04932038672268391,0.04352281666360795,0.04081796705722809,0.09470377564430237,0.05388580858707428,0.034162367880344394,0.03327743522822857,-0.0008849326521158246,-0.0008580297231674195,-0.012105953693389893,-0.011247923970222473,-53.378326,-0.2
5,838,60978,1.0,65.0,64.0,1.0,1.0,0.0,0.032264814,0.032264814,-44.00711,-1.4270573,-0.0041529126,-0.026109032,-0.0046318434,-0.02328121,-0.16151299,-0.27797845,-0.116465464,0.013155738,0.24389413,0.23073839,-0.034246515,0.23460515,0.26885167,-0.05076467,0.20721184,0.2579765,1.0,65.0,64.0,0.040607706,0.07287252,0.032264814,0.007960444,0.049433522,0.041473076,0.039689198,0.098063044,0.058373846,0.03264726,0.023438998,-0.009208262,0.0009185076,-0.025190525,-0.026109032,0.0023572668,-0.020923942,-0.02328121,1.0,0.0,-1.0,7,7,0,7,0,-7,1.0,0.0,-1.0,1.0,20.857142857142858,19.857142857142858,0.04060770571231842,0.07287251949310303,0.03226481378078461,0.008114704862236977,0.04974224045872688,0.041627535596489906,0.038388547620603015,0.09258243973766055,0.05419389211705753,0.03249300005180495,0.023130279034376144,-0.009362721017428806,0.002219158091715404,-0.019709920244557515,-0.02192907833627292,-44.00711,-1.0
5,839,61122,3.0,35.0,32.0,1.0,1.0,0.0,0.032398816,0.032398816,-70.60382,-2.34338,-0.007068321,-0.016840953,-0.0066353492,-0.016512722,0.16083005,0.2296405,0.06881045,0.038555034,0.033099566,-0.005455468,0.021636093,0.022541584,0.0009054914,0.040417418,0.052951917,0.012534499,3.0,35.0,32.0,0.045800094,0.07819891,0.032398816,0.009622205,0.051209323,0.041587118,0.049236685,0.098476455,0.04923977,0.03617789,0.026989587,-0.009188302,-0.0034365915,-0.020277545,-0.016840953,0.0004916638,-0.016021058,-0.016512722,0.0,0.0,0.0,6,6,0,2,0,-2,0.3333333333333333,0.0,-0.3333333333333333,2.0,13.333333333333334,11.333333333333334,0.045800093561410904,0.07819890975952148,0.03239881619811058,0.01012969141205152,0.0518797654658556,0.04175007405380408,0.04674073867499828,0.09663611526290576,0.04989537658790748,0.035670402770241104,0.026319144293665886,-0.009351258476575218,-0.0009406451135873795,-0.018437205503384273,-0.017496560389796894,-70.60382,-0.3333333333333333
5,840,61133,2.0,111.0,109.0,1.0,1.0,0.0,0.028084774,0.028084774,-40.637054,-1.0266857,-0.005759686,-0.016682927,-0.006327525,-0.020371959,0.6818338,0.61765313,-0.06418067,0.58330715,0.6287313,0.045424163,0.5866297,0.6350831,0.04845339,0.61631966,0.6530471,0.03672743,2.0,111.0,109.0,0.043832313,0.07191709,0.028084774,0.013486515,0.0528925,0.039405983,0.046468437,0.09123614,0.0447677,0.030345798,0.019024588,-0.011321209,-0.0026361234,-0.01931905,-0.016682927,0.0022536367,-0.018118322,-0.020371959,0.0,0.0,0.0,9,9,0,3,0,-3,0.3333333333333333,0.0,-0.3333333333333333,1.6666666666666667,34.111111111111114,32.44444444444445,0.043832313269376755,0.0719170868396759,0.02808477357029915,0.013604253840943178,0.052855025976896286,0.039250772135953106,0.04468965902924538,0.09032120803991954,0.04563154901067416,0.030228059117992718,0.019062060862779617,-0.0111659982552131,-0.0008573457598686218,-0.018404121200243633,-0.01754677544037501,-40.637054,-0.3333333333333333
5,841,61177,33.0,384.0,351.0,15.0,51.0,36.0,0.025653519,0.025653519,-16.483612,0.24064255,-3.959611e-05,-0.029613141,0.00028143823,-0.025516015,0.064188175,0.119461596,0.05527342,0.056984127,0.086861186,0.02987706,0.0497717,0.0653934,0.015621703,0.05376852,0.0756826,0.021914084,33.0,384.0,351.0,0.02862893,0.05428245,0.025653519,0.00773635,0.049334135,0.041597784,0.03919283,0.09445949,0.05526666,0.020892581,0.0049483143,-0.015944267,-0.010563899,-0.04017704,-0.029613141,-0.009148356,-0.03466437,-0.025516015,0.0,0.0,0.0,8,8,0,0,0,0,0.0,0.0,0.0,12.5,119.625,107.125,0.02862893044948578,0.054282449185848236,0.025653518736362457,0.007816012890543789,0.04984151665121317,0.04202550376066938,0.03788514668121934,0.091480553150177,0.05359540646895766,0.020812917267903686,0.004440932534635067,-0.01637198473326862,-0.00925621623173356,-0.037198103964328766,-0.027941887732595205,-16.483612,0.0
5,842,61216,16.0,218.0,202.0,16.0,9.0,-7.0,0.03106972,0.03106972,-14.616089,0.27612114,0.006432237,-0.022838099,0.005137669,-0.02308024,-0.1516273,-0.18341409,-0.031786785,-0.051418584,-0.0698265,-0.018407915,-0.05247393,-0.058740567,-0.0062666386,-0.07073729,-0.0809204,-0.010183111,16.0,218.0,202.0,0.029056052,0.060125772,0.03106972,0.0043781213,0.04780287,0.043424748,0.038174845,0.092082664,0.05390782,0.02467793,0.012322903,-0.012355028,-0.0091187935,-0.031956892,-0.022838099,-0.0053344984,-0.028414737,-0.02308024,0.0,0.0,0.0,11,11,0,0,0,0,0.0,0.0,0.0,6.454545454545454,72.18181818181819,65.72727272727273,0.02905605174601078,0.060125771909952164,0.031069720163941383,0.004717192570255561,0.04849421334537593,0.04377702077512037,0.03641296482898972,0.09060671722347086,0.05419375239448113,0.02433885938741944,0.011631558564576235,-0.012707300822843206,-0.007356913082978942,-0.030480945313518696,-0.023124032230539753,-14.616089,0.0
5,843,61510,1.0,3.0,2.0,2.0,1.0,-1.0,0.036916748,0.036916748,-63.340637,-2.2362843,0.0014859028,-0.015850037,0.00058878213,-0.013055295,0.24531014,0.3416885,0.09637837,0.3247086,0.270563,-0.054145604,0.3136743,0.23060429,-0.08307001,0.3288346,0.26058352,-0.06825107,1.0,3.0,2.0,0.050986074,0.08790282,0.036916748,0.0039981105,0.047678836,0.043680724,0.040838294,0.09360508,0.052766785,0.046987962,0.040223986,-0.006763976,0.01014778,-0.005702257,-0.015850037,0.013219446,0.00016415119,-0.013055295,1.0,0.0,-1.0,6,6,0,6,4,-2,1.0,0.6666666666666666,-0.33333333333333337,1.0,1.3333333333333333,0.33333333333333326,0.05098607391119003,0.08790282160043716,0.03691674768924713,0.003736735903657973,0.047641207774480186,0.04390447187082221,0.03577302178988854,0.08796349167823792,0.052190469888349376,0.047249337658286095,0.04026161382595698,-0.006987723832329117,0.015213052121301493,-6.067007780075073e-05,-0.015273722199102243,-63.340637,-0.33333333333333337
5,844,61513,1.0,112.0,111.0,1.0,3.0,2.0,0.025972448,0.025972448,-44.26648,-1.1279755,-0.0017925948,-0.032748777,-0.003675662,-0.02776317,-0.16786486,-0.15178019,0.016084671,-0.024543526,-0.11191297,-0.08736945,-0.04501725,-0.12562528,-0.08060803,-0.06051798,-0.13740268,-0.0768847,1.0,112.0,111.0,0.043075003,0.06904745,0.025972448,0.0065741492,0.048712224,0.042138074,0.03886288,0.097584106,0.058721226,0.036500853,0.020335227,-0.016165625,0.0042121224,-0.028536655,-0.032748777,0.0061301775,-0.021632992,-0.02776317,1.0,0.0,-1.0,11,11,0,11,0,-11,1.0,0.0,-1.0,1.0,34.18181818181818,33.18181818181818,0.04307500272989273,0.06904745101928711,0.02597244828939438,0.006623632782562213,0.04876217889514836,0.04213854611258615,0.03513572466644374,0.0897965905341235,0.054660865867679764,0.03645137020132758,0.020285272124138744,-0.01616609807718884,0.007939278063448992,-0.0207491395148364,-0.028688417578285393,-44.26648,-1.0
5,845,61677,6.0,18.0,12.0,2.0,1.0,-1.0,0.041885916,0.041885916,-72.03421,-2.731779,0.0041884854,-0.008273065,0.0013853684,-0.011332858,0.39421713,0.6027225,0.20850539,0.2709179,0.27372265,0.0028047562,0.28388673,0.26373518,-0.020151556,0.31456548,0.31084067,-0.0037248135,6.0,18.0,12.0,0.037573565,0.07945948,0.041885916,0.00066875364,0.04657376,0.04590501,0.04861785,0.09877683,0.05015898,0.03690481,0.03288572,-0.004019093,-0.011044286,-0.019317351,-0.008273065,-0.0035444088,-0.014877267,-0.011332858,0.0,0.0,0.0,15,15,0,3,0,-3,0.2,0.0,-0.2,2.466666666666667,6.2,3.7333333333333334,0.03757356479763985,0.07945948094129562,0.04188591614365578,0.0006331203100368535,0.04677122856179873,0.04613810825176188,0.041634317487478256,0.09435346772273381,0.05271915023525556,0.03694044475754102,0.03268825237949689,-0.004252192378044126,-0.004060752689838409,-0.014893986781438192,-0.010833234091599782,-72.03421,-0.2
5,846,61738,29.0,223.0,194.0,47.0,10.0,-37.0,0.037518315,0.037518315,-3.400055,0.4323101,0.012592422,-0.020517165,0.010405535,-0.019738121,0.45893133,0.40443856,-0.05449277,-0.028081127,0.05727744,0.08535857,-0.06366746,0.01657297,0.08024043,-0.015920281,0.056646086,0.07256637,29.0,223.0,194.0,0.02335759,0.060875904,0.037518315,-0.00034687575,0.0483654,0.048712276,0.03731633,0.09535181,0.058035478,0.023704465,0.012510505,-0.011193961,-0.013958739,-0.034475904,-0.020517165,-0.011627724,-0.031365845,-0.019738121,0.0,0.0,0.0,11,11,0,0,0,0,0.0,0.0,0.0,9.272727272727273,68.0909090909091,58.81818181818182,0.023357590660452843,0.06087590381503105,0.03751831315457821,-0.0002642253470681184,0.048414845019578934,0.04867907036664705,0.03404250131411986,0.09226332333954898,0.05822082202542912,0.02362181601876562,0.012461058795452118,-0.011160757223313503,-0.010684910653667017,-0.03138741952451793,-0.020702508870850914,-3.400055,0.0
5,847,61748,1.0,86.0,85.0,1.0,1.0,0.0,0.0036488473,0.0036488473,-83.39383,-3.0385876,-0.008005157,-0.043676432,-0.010008335,-0.048147283,0.60989386,0.66029304,0.050399184,-0.12769145,0.54826653,0.675958,-0.16005254,0.545153,0.70520556,-0.01920502,0.6009951,0.62020016,1.0,86.0,85.0,0.06212776,0.06577661,0.0036488473,0.00085202744,0.044938624,0.044086598,0.044041816,0.091367096,0.04732528,0.061275735,0.020837985,-0.04043775,0.018085945,-0.025590487,-0.043676432,0.024887621,-0.023259662,-0.048147283,1.0,0.0,-1.0,10,10,0,10,0,-10,1.0,0.0,-1.0,1.0,27.4,26.4,0.06212776154279709,0.06577660888433456,0.0036488473415374756,0.0009751248115208,0.04532341323792934,0.04434828842640854,0.03838372118771076,0.08774541169404984,0.04936169050633908,0.06115263625979424,0.02045319564640522,-0.04069944061338902,0.023744040355086326,-0.02196880280971527,-0.04571284316480159,-83.39383,-1.0
5,848,61752,1.0,5.0,4.0,1.0,1.0,0.0,0.02890046,0.02890046,-48.62094,-1.323597,-0.008747015,-0.028330695,-0.01278463,-0.027225647,0.29643226,0.30073294,0.0043006837,0.3613282,0.3070364,-0.054291815,0.36457345,0.32394475,-0.0406287,0.38152692,0.34485647,-0.036670446,1.0,5.0,4.0,0.06313296,0.092033416,0.02890046,0.01006793,0.049752735,0.039684802,0.04061773,0.097848885,0.057231154,0.053065024,0.04228068,-0.010784343,0.022515226,-0.0058154687,-0.028330695,0.024616074,-0.0026095733,-0.027225647,1.0,0.0,-1.0,4,4,0,4,2,-2,1.0,0.5,-0.5,1.0,2.25,1.25,0.06313295662403107,0.09203341603279114,0.02890045940876007,0.010631985729560256,0.05040461104363203,0.039772625314071774,0.03873532451689243,0.09319880045950413,0.054463475942611694,0.05250097066164017,0.04162880498915911,-0.01087216567248106,0.024397632107138634,-0.0011653844267129898,-0.025563016533851624,-48.62094,-0.5
5,849,61797,1.0,45.0,44.0,1.0,1.0,0.0,0.026842013,0.026842013,-47.343933,-1.9804173,-0.0026187748,-0.03158355,-0.0032237247,-0.028352045,0.075478636,-0.05682786,-0.1323065,0.12885402,0.15968055,0.030826524,0.116693646,0.17238195,0.055688307,0.12296046,0.16133685,0.03837639,1.0,45.0,44.0,0.052244745,0.07908676,0.026842013,0.00334774,0.049886413,0.046538673,0.04229406,0.10071962,0.058425564,0.048897006,0.029200345,-0.01969666,0.009950686,-0.021632865,-0.03158355,0.012483716,-0.015868329,-0.028352045,1.0,0.0,-1.0,4,4,0,4,0,-4,1.0,0.0,-1.0,1.0,14.25,13.25,0.05224474519491196,0.07908675819635391,0.026842013001441956,0.0030386719736270607,0.04919181391596794,0.04615314194234088,0.04117146506905556,0.0964099820703268,0.05523851700127125,0.04920607339590788,0.02989494428038597,-0.019311129115521908,0.0110732801258564,-0.017323223873972893,-0.028396503999829292,-47.343933,-1.0
5,850,61801,8.0,177.0,169.0,1.0,1.0,0.0,0.026564784,0.026564784,-36.54367,-1.0799427,0.0015231445,-0.020831045,-0.003730422,-0.019234292,0.31854036,0.31772336,-0.00081700087,0.4053049,0.23869652,-0.1666084,0.42137915,0.25060627,-0.17077288,0.44338295,0.29085717,-0.15252578,8.0,177.0,169.0,0.037730314,0.0642951,0.026564784,0.0067751626,0.04908222,0.042307056,0.04233576,0.08973159,0.04739583,0.03095515,0.015212879,-0.015742272,-0.004605446,-0.02543649,-0.020831045,-0.002906032,-0.022140324,-0.019234292,0.0,0.0,0.0,8,8,0,0,0,0,0.0,0.0,0.0,2.375,53.0,50.625,0.03773031383752823,0.06429509818553925,0.026564784348011017,0.006657383404672146,0.049471661914139986,0.04281427850946784,0.040675177704542875,0.08775315713137388,0.04707797942683101,0.031072930432856083,0.01482343627139926,-0.016249494161456823,-0.0029448638670146465,-0.023458058945834637,-0.02051319507881999,-36.54367,0.0
5,851,61809,21.0,436.0,415.0,10.0,3.0,-7.0,0.021553019,0.021553019,-30.633148,-0.7076397,0.0055332575,-0.016076358,0.0038429964,-0.021585794,0.45227325,0.4493624,-0.0029108524,0.3109426,0.31973973,0.008797139,0.30789986,0.32431787,0.01641801,0.3468846,0.36155486,0.014670253,21.0,436.0,415.0,0.029600812,0.05115383,0.021553019,0.0012238427,0.04734612,0.046122275,0.051940557,0.08956993,0.037629377,0.028376969,0.0038077123,-0.024569256,-0.022339744,-0.038416103,-0.016076358,-0.012817679,-0.034403473,-0.021585794,0.0,0.0,0.0,7,7,0,0,0,0,0.0,0.0,0.0,8.0,139.28571428571428,131.28571428571428,0.02960081212222576,0.05115383118391037,0.02155301906168461,0.0011495055597541587,0.04794273631913321,0.04679323075937905,0.04889876182590212,0.08542395276682717,0.036525190940925045,0.028451306745409966,0.0032110948647771564,-0.025240211880632808,-0.01929794970367636,-0.034270121582916806,-0.014972171879240447,-30.633148,0.0
5,852,61873,1.0,32.0,31.0,4.0,1.0,-3.0,0.029728193,0.029728193,-124.577576,-5.6671715,0.0068823956,-0.020147968,0.0059611537,-0.02126706,-0.07028486,-0.07205671,-0.0017718524,-0.05658285,-0.29738352,-0.24080066,-0.0860017,-0.2979817,-0.21198002,-0.09556306,-0.28549558,-0.18993253,1.0,32.0,31.0,0.041872125,0.07160032,0.029728193,-0.0072002155,0.038966823,0.04616704,0.0355153,0.08539146,0.04987616,0.04907234,0.032633495,-0.016438846,0.006356824,-0.013791144,-0.020147968,0.008960906,-0.012306154,-0.02126706,1.0,0.0,-1.0,8,8,0,8,0,-8,1.0,0.0,-1.0,1.0,10.25,9.25,0.04187212511897087,0.07160031795501709,0.02972819283604622,-0.0072443324024789035,0.039039215072989464,0.04628354747546837,0.03381984354928136,0.08311433345079422,0.04929448990151286,0.049116456881165504,0.032561102882027626,-0.01655535399913788,0.008052281569689512,-0.01151401549577713,-0.019566297065466642,-124.577576,-1.0
5,853,61972,1.0,30.0,29.0,1.0,1.0,0.0,0.0150828995,0.0150828995,-60.512115,-2.419012,0.003910836,-0.024407111,-0.0033324026,-0.027352672,0.5670921,0.5173712,-0.049720943,0.53207403,0.5185086,-0.013565421,0.5489465,0.5221869,-0.026759624,0.57543164,0.54886985,-0.026561797,1.0,30.0,29.0,0.057895612,0.07297851,0.0150828995,0.00029438603,0.04492818,0.04463379,0.048405107,0.08789512,0.03949001,0.057601225,0.028050333,-0.029550891,0.009490505,-0.014916606,-0.024407111,0.015410814,-0.011941858,-0.027352672,1.0,0.0,-1.0,13,13,0,13,0,-13,1.0,0.0,-1.0,1.0,9.615384615384615,8.615384615384615,0.057895611971616745,0.07297851145267487,0.01508289948105812,0.00016086510200134048,0.045122031695567645,0.044961166593566304,0.04229570581362797,0.0859803047317725,0.043684598918144524,0.057734747345630937,0.02785647975710722,-0.029878267588523716,0.015599906157988768,-0.01300179327909763,-0.028601699437086396,-60.512115,-1.0
5,854,62006,13.0,383.0,370.0,2.0,9.0,7.0,0.022501439,0.022501439,-13.884064,0.11198807,-0.0034889542,-0.03359557,-0.004176341,-0.03149818,0.4407847,0.45568812,0.014903426,0.34915432,0.2494744,-0.09967992,0.37040994,0.26840505,-0.102004886,0.3901193,0.30743784,-0.08268148,13.0,383.0,370.0,0.03126682,0.05376826,0.022501439,0.0038659566,0.049062386,0.04519643,0.040991046,0.097088054,0.05609701,0.027400862,0.0047058724,-0.02269499,-0.009724226,-0.043319795,-0.03359557,-0.008139294,-0.039637472,-0.03149818,0.0,0.0,0.0,16,16,0,0,0,0,0.0,0.0,0.0,4.6875,117.9375,113.25,0.031266819685697556,0.053768258541822433,0.022501438856124878,0.0040432790701743215,0.04936249344609678,0.045319214375922456,0.040049149887636304,0.09464193182066083,0.054592781933024526,0.027223540586419404,0.0044057650957256556,-0.022817775490693748,-0.008782330201938748,-0.040873673278838396,-0.03209134307689965,-13.884064,0.0
5,855,62015,6.0,450.0,444.0,6.0,17.0,11.0,0.016230412,0.016230412,-33.071716,-0.6638737,-0.0024192035,-0.028946102,-0.0016324334,-0.030684143,0.12845147,0.1846496,0.056198135,0.08846434,0.18878028,0.100315936,0.059135098,0.15590209,0.09676699,0.07625205,0.17005591,0.09380386,6.0,450.0,444.0,0.031950563,0.048180975,0.016230412,0.00469163,0.046354007,0.041662376,0.03834246,0.083518974,0.045176513,0.027258933,0.001826968,-0.025431965,-0.006391898,-0.035338,-0.028946102,-0.003448777,-0.03413292,-0.030684143,0.0,0.0,0.0,10,10,0,1,0,-1,0.1,0.0,-0.1,2.5,135.3,132.8,0.031950563192367554,0.04818097501993179,0.01623041182756424,0.004538652952760458,0.04636179730296135,0.04182314435020089,0.03519504778087139,0.0825670100748539,0.04737196229398251,0.02741191051900387,0.0018191777169704437,-0.025592732802033426,-0.0032444845885038374,-0.034386035054922104,-0.031141550466418266,-33.071716,-0.1
5,856,62209,1.0,86.0,85.0,1.0,1.0,0.0,0.009167407,0.009167407,-34.16858,-1.1012058,-0.0009237714,-0.051527746,-0.00654855,-0.047519993,0.51337266,0.48678342,-0.026589245,0.33275768,0.27555543,-0.05720225,0.32713458,0.2745853,-0.052549273,0.37292767,0.3268902,-0.046037465,1.0,86.0,85.0,0.059805084,0.06897249,0.009167407,-0.0035682013,0.04659051,0.050158713,0.038843784,0.09953894,0.060695153,0.06337328,0.02238198,-0.040991303,0.0209613,-0.030566446,-0.051527746,0.0233997,-0.024120294,-0.047519993,1.0,0.0,-1.0,12,12,0,12,0,-12,1.0,0.0,-1.0,1.0,27.083333333333332,26.083333333333332,0.05980508401989937,0.06897249072790146,0.00916740670800209,-0.003500745127288004,0.04671671583006779,0.0502174609573558,0.03593133312339584,0.09392393752932549,0.05799260440592965,0.06330582872033119,0.022255774897833664,-0.04105005382249753,0.023873751051723957,-0.024951446801424026,-0.048825197853147984,-34.16858,-1.0
5,857,62228,1.0,518.0,517.0,2.0,2.0,0.0,0.00797949,0.00797949,-27.186798,-0.48158073,0.0017044581,-0.04316582,-0.003927592,-0.042837627,0.7412214,0.76448596,0.023264527,0.30130866,0.26532272,-0.035985947,0.33792353,0.29838094,-0.039542586,0.4199561,0.4046025,-0.01535359,1.0,518.0,517.0,0.04087927,0.048858758,0.00797949,0.0042121764,0.048615612,0.044403434,0.03636102,0.08750633,0.05114531,0.036667094,0.00024314597,-0.036423948,0.004518248,-0.038647573,-0.04316582,0.0063692518,-0.036468375,-0.042837627,1.0,0.0,-1.0,12,12,0,12,0,-12,1.0,0.0,-1.0,1.0,159.33333333333334,158.33333333333334,0.0408792681992054,0.04885875806212425,0.007979489862918854,0.004139565591079493,0.048807057862480484,0.04466749227140099,0.03411538510893782,0.08588451022903125,0.05176912512009343,0.036739702646931015,5.170019964377085e-05,-0.036688002447287246,0.006763883090267579,-0.03702575216690699,-0.04378963525717457,-27.186798,-1.0
5,858,62275,14.0,278.0,264.0,2.0,1.0,-1.0,0.01858792,0.01858792,-38.81073,-1.7447586,0.0017463453,-0.019121815,0.001288753,-0.01928801,0.64326984,0.6264535,-0.016816318,0.32670262,0.36562872,0.038926095,0.3709355,0.3822191,0.011283606,0.45880926,0.47441012,0.01560086,14.0,278.0,264.0,0.035775397,0.054363318,0.01858792,-0.0038728479,0.044429723,0.048302572,0.050449893,0.08815963,0.037709735,0.039648246,0.009933595,-0.029714651,-0.014674496,-0.03379631,-0.019121815,-0.009074308,-0.028362319,-0.01928801,0.0,0.0,0.0,5,5,0,0,0,0,0.0,0.0,0.0,5.8,88.4,82.60000000000001,0.03577539697289467,0.05436331778764725,0.01858792081475258,-0.003419251414015889,0.044840539991855624,0.04825979140587151,0.04510575234889984,0.08582495301961898,0.040719200670719144,0.039194647967815396,0.009522777795791627,-0.02967187017202377,-0.009330355376005173,-0.03146163523197174,-0.02213127985596657,-38.81073,0.0
5,859,62302,1.0,8.0,7.0,2.0,9.0,7.0,0.037537314,0.037537314,-27.549286,-0.5903797,-0.0020196326,-0.018703043,-0.0052435696,-0.01228708,0.5307936,0.3663599,-0.16443372,0.092313856,0.31571782,0.22340396,0.12282495,0.3297046,0.20687966,0.19007236,0.35407507,0.16400272,1.0,8.0,7.0,0.04762116,0.085158475,0.037537314,0.0043908744,0.048243605,0.04385273,0.04012806,0.09636842,0.056240357,0.043230288,0.03691487,-0.0063154176,0.007493101,-0.011209942,-0.018703043,0.007897139,-0.0043899417,-0.01228708,1.0,0.0,-1.0,7,7,0,7,0,-7,1.0,0.0,-1.0,1.0,3.142857142857143,2.142857142857143,0.04762116074562073,0.08515847474336624,0.037537313997745514,0.004629261525613921,0.04902197739907673,0.04439271587346281,0.03892809312258448,0.08933145659310478,0.050403363470520296,0.0429919000182833,0.03613649734428951,-0.006855402673993788,0.008693067623036248,-0.00417298184973853,-0.012866049472774779,-27.549286,-1.0
5,860,62365,1.0,87.0,86.0,1.0,1.0,0.0,0.023769245,0.023769245,-51.506805,-1.7847271,-0.0006992519,-0.027912587,-0.00046643987,-0.026152715,0.71574545,0.7341417,0.018396258,0.38387108,0.53453076,0.15065968,0.40247303,0.5510329,0.14855987,0.48952648,0.61211133,0.12258485,1.0,87.0,86.0,0.043913484,0.06768273,0.023769245,0.0005044443,0.046098623,0.04559418,0.04172729,0.09340912,0.05168183,0.04340904,0.021584105,-0.021824934,0.002186194,-0.025726393,-0.027912587,0.0039017722,-0.022250943,-0.026152715,1.0,0.0,-1.0,9,9,0,9,0,-9,1.0,0.0,-1.0,1.0,25.88888888888889,24.88888888888889,0.04391348361968994,0.06768272817134857,0.02376924455165863,0.0007915973288214041,0.046426629440652,0.04563503211183059,0.03946688253846434,0.08806168205208248,0.04859479951361814,0.04312188633614116,0.021256098730696574,-0.021865787605444588,0.0044466010812256075,-0.020378953880733915,-0.024825554961959522,-51.506805,-1.0
5,861,62479,2.0,54.0,52.0,1.0,1.0,0.0,0.031642955,0.031642955,-34.64032,-0.9189358,-0.0016556345,-0.02021261,-0.002114404,-0.024526682,0.055791512,0.05623466,0.00044314936,-0.084264174,0.0037077584,0.08797193,-0.07872783,0.009404849,0.08813268,-0.06934185,0.018294187,0.08763604,2.0,54.0,52.0,0.042862576,0.07450553,0.031642955,0.000644557,0.04867696,0.048032403,0.047043502,0.09889907,0.051855564,0.04221802,0.02582857,-0.016389448,-0.004180927,-0.024393536,-0.02021261,0.0037915446,-0.020735137,-0.024526682,0.0,0.0,0.0,12,12,0,8,0,-8,0.6666666666666666,0.0,-0.6666666666666666,1.3333333333333333,20.0,18.666666666666668,0.04286257550120354,0.0745055302977562,0.03164295479655266,0.0009863207518113388,0.049407413539787136,0.048421092787975795,0.040566240747769676,0.09590700765450795,0.055340766906738274,0.041876254603266716,0.025098116757969063,-0.016778137845297653,0.002296334753433863,-0.02140147735675176,-0.023697812110185623,-34.64032,-0.6666666666666666
5,862,62544,1.0,27.0,26.0,2.0,3.0,1.0,0.031029385,0.031029385,-57.52246,-1.503109,0.0011493638,-0.022149991,-0.002283387,-0.019259375,0.41427138,0.4262235,0.011952102,-0.35100907,-0.27658576,0.07442331,-0.33150688,-0.25867835,0.07282853,-0.28049985,-0.18964341,0.09085643,1.0,27.0,26.0,0.04752611,0.078555495,0.031029385,0.0067620827,0.04910143,0.042339347,0.043661706,0.09684108,0.053179376,0.040764026,0.029454064,-0.011309963,0.0038644038,-0.018285587,-0.022149991,0.005628202,-0.0136311725,-0.019259375,1.0,0.0,-1.0,3,3,0,3,0,-3,1.0,0.0,-1.0,1.0,7.666666666666667,6.666666666666667,0.04752610996365547,0.07855549454689026,0.031029384583234787,0.006692852824926376,0.04978053644299507,0.043087683618068695,0.042099169145027794,0.08660821119944255,0.044509042054414756,0.04083325589696566,0.028774958103895187,-0.012058297793070473,0.005426940818627675,-0.008052716652552286,-0.013479657471179962,-57.52246,-1.0
5,863,62561,27.0,120.0,93.0,2.0,3.0,1.0,0.035392564,0.035392564,-47.902832,-1.5793095,0.0005064197,-0.019659504,-0.0037367288,-0.017240252,0.7137892,0.6812076,-0.032581627,0.49440047,0.52238184,0.02798137,0.5196091,0.5398069,0.020197809,0.5762382,0.5765045,0.00026631355,27.0,120.0,93.0,0.031456467,0.06684903,0.035392564,0.008365063,0.049203444,0.040838383,0.040895138,0.095947206,0.055052068,0.023091404,0.017645586,-0.0054458175,-0.009438671,-0.029098175,-0.019659504,-0.0077661015,-0.025006354,-0.017240252,0.0,0.0,0.0,8,8,0,0,0,0,0.0,0.0,0.0,9.875,37.875,28.0,0.031456466764211655,0.06684903055429459,0.03539256379008293,0.008530814782716334,0.049455958884209394,0.04092514410149306,0.03962214710190892,0.09176281094551086,0.05214066384360194,0.02292565186508,0.01739307167008519,-0.005532580194994807,-0.008165680337697268,-0.024913780391216278,-0.01674810005351901,-47.902832,0.0
5,864,62683,20.0,36.0,16.0,7.0,10.0,3.0,0.04612532,0.04612532,-66.504425,-1.8770084,0.00205902,0.004075367,-0.00035100803,-0.0053330697,0.069834575,0.07089834,0.0010637641,-0.3923168,-0.32011363,0.07220316,-0.39642823,-0.32434252,0.07208571,-0.38513288,-0.31503415,0.07009873,20.0,36.0,16.0,0.034059573,0.08018489,0.04612532,0.010030611,0.049663696,0.039633084,0.052849546,0.0948995,0.04204995,0.02402896,0.030521195,0.0064922348,-0.018789973,-0.014714606,0.004075367,-0.007807698,-0.013140768,-0.0053330697,0.0,0.0,0.0,7,7,0,0,0,0,0.0,0.0,0.0,7.571428571428571,13.428571428571429,5.857142857142858,0.03405957296490669,0.08018489181995392,0.046125318855047226,0.01008003284888608,0.05006792609180723,0.039987893242921145,0.049213528633117676,0.09320517310074397,0.043991644467626295,0.023979539849928448,0.030116965728146688,0.00613742587821824,-0.015153955668210983,-0.013020281280790056,0.0021336743874209273,-66.504425,0.0
5,865,62748,1.0,18.0,17.0,1.0,2.0,1.0,0.024278097,0.024278097,-56.387238,-2.19911,-0.0010947958,-0.029228806,-0.0015302673,-0.029364135,0.22609898,0.2867244,0.060625404,0.48533288,0.4124823,-0.072850585,0.50494033,0.41401875,-0.09092158,0.5007613,0.42448032,-0.07628095,1.0,18.0,17.0,0.05167426,0.07595236,0.024278097,-0.0047959434,0.044180166,0.04897611,0.039351203,0.092858106,0.053506903,0.056470204,0.031772193,-0.024698012,0.012323059,-0.016905747,-0.029228806,0.017994259,-0.011369877,-0.029364135,1.0,0.0,-1.0,9,9,0,9,0,-9,1.0,0.0,-1.0,1.0,5.888888888888889,4.888888888888889,0.051674261689186096,0.07595235854387283,0.024278096854686737,-0.004854094262959229,0.044140569037861295,0.04899466330082052,0.03677352579931418,0.08895968645811081,0.05218616065879663,0.0565283563401964,0.03181178950601154,-0.024716566834184862,0.014900735889871916,-0.013007327914237976,-0.027908063804109894,-56.387238,-1.0
5,866,62960,1.0,71.0,70.0,2.0,2.0,0.0,0.02399686,0.02399686,-32.18689,-0.8383503,0.001642622,-0.028157998,-4.870817e-05,-0.025259733,0.37085932,0.38630262,0.015443295,0.17269361,0.14710647,-0.025587142,0.15699263,0.13404167,-0.022950962,0.19566591,0.17567995,-0.019985959,1.0,71.0,70.0,0.042120896,0.066117756,0.02399686,-0.0034240044,0.043012343,0.046436347,0.03601448,0.08816934,0.052154858,0.0455449,0.023105413,-0.022439487,0.0061064176,-0.02205158,-0.028157998,0.006816469,-0.018443264,-0.025259733,1.0,0.0,-1.0,12,12,0,12,0,-12,1.0,0.0,-1.0,1.0,22.75,21.75,0.04212089627981186,0.06611775606870651,0.023996859788894653,-0.0034031490601288774,0.043060426600277424,0.0464635756604063,0.03553640966614088,0.08554376289248466,0.05000735322634379,0.04552404582500458,0.02305732946842909,-0.02246671635657549,0.006584486613670985,-0.019426006823778152,-0.02601049343744914,-32.18689,-1.0
5,867,63081,89.0,591.0,502.0,30.0,40.0,10.0,0.021857252,0.021857252,-33.05258,-0.55480194,0.005420478,-0.029403696,0.0028193947,-0.029425683,-0.2958658,-0.33387637,-0.038010567,-0.19637033,-0.17568891,0.020681426,-0.20513135,-0.19285709,0.012274265,-0.2222834,-0.23301606,-0.010732666,89.0,591.0,502.0,0.026509667,0.04836692,0.021857252,0.011834051,0.051497974,0.039663922,0.04388886,0.09514981,0.05126095,0.014675615,-0.0031310543,-0.01780667,-0.017379193,-0.04678289,-0.029403696,-0.014163611,-0.043589294,-0.029425683,0.0,0.0,0.0,12,12,0,0,0,0,0.0,0.0,0.0,28.666666666666668,180.83333333333334,152.16666666666669,0.026509666815400124,0.04836691915988922,0.021857252344489098,0.01200925923573474,0.051754867968459926,0.03974560873272519,0.04076566702375809,0.09168303509553273,0.05091736807177464,0.014500407579665383,-0.003387948808570703,-0.017888356388236087,-0.01425600020835797,-0.043316115935643516,-0.02906011572728555,-33.05258,0.0
5,868,63182,6.0,455.0,449.0,1.0,1.0,0.0,0.016558327,0.016558327,-3.537506,0.9616642,-0.0011719018,-0.03531708,-0.0011359528,-0.036588393,0.040627997,-0.0045193736,-0.04514737,-0.035656575,-0.049137406,-0.013480831,-0.03239679,-0.04816278,-0.015765991,-0.02495737,-0.04752739,-0.022570021,6.0,455.0,449.0,0.03638341,0.052941736,0.016558327,0.010843542,0.0513035,0.040459957,0.043260604,0.09513601,0.051875405,0.025539868,0.0016382374,-0.02390163,-0.006877195,-0.042194273,-0.03531708,-0.0023687668,-0.03895716,-0.036588393,0.0,0.0,0.0,8,8,0,2,0,-2,0.25,0.0,-0.25,2.25,141.25,139.0,0.036383409053087234,0.052941735833883286,0.01655832678079605,0.011198970838449895,0.05178815312683582,0.04058918228838593,0.03854996245354414,0.09339991211891174,0.0548499496653676,0.025184437865391374,0.0011535827070474625,-0.02403085515834391,-0.0021665534004569054,-0.04045817628502846,-0.03829162288457155,-3.537506,-0.25
5,869,63345,11.0,85.0,74.0,2.0,2.0,0.0,0.031592686,0.031592686,-72.50171,-3.0640392,0.00017352775,-0.00906682,-0.00086735934,-0.011580557,0.5464859,0.64423007,0.09774417,0.061702814,0.17803967,0.11633685,0.08443667,0.19166476,0.107228085,0.15812464,0.27583396,0.117709324,11.0,85.0,74.0,0.03867464,0.07026733,0.031592686,0.00024693925,0.04628347,0.04603653,0.05293427,0.093593776,0.040659506,0.038427703,0.023983859,-0.014443845,-0.014259629,-0.02332645,-0.00906682,-0.008296818,-0.019877374,-0.011580557,0.0,0.0,0.0,6,6,0,0,0,0,0.0,0.0,0.0,3.8333333333333335,28.5,24.666666666666668,0.03867464140057564,0.07026732712984085,0.03159268572926521,9.079290192441174e-05,0.04652905215819677,0.04643825925627236,0.04668728138009707,0.08883191893498103,0.042144637554883964,0.03858384800453981,0.023738274971644085,-0.014845573032895725,-0.008012639979521433,-0.01856459180514018,-0.010551951825618746,-72.50171,0.0
5,870,63449,3.0,84.0,81.0,3.0,13.0,10.0,0.029531341,0.029531341,-37.350433,-0.96072006,0.0008281283,-0.018543128,-0.0020341054,-0.019637015,0.20183122,0.16903484,-0.032796383,0.0749088,0.16353112,0.088622324,0.065352194,0.16017178,0.09481958,0.0853606,0.17407307,0.08871247,3.0,84.0,81.0,0.038827445,0.06835879,0.029531341,0.0029852462,0.046711005,0.04372576,0.047463447,0.095537916,0.04807447,0.0358422,0.021647781,-0.014194418,-0.0086360015,-0.02717913,-0.018543128,-0.0011507906,-0.020787805,-0.019637015,0.0,0.0,0.0,9,9,0,3,0,-3,0.3333333333333333,0.0,-0.3333333333333333,1.6666666666666667,27.22222222222222,25.555555555555554,0.03882744535803795,0.06835878640413284,0.029531341046094894,0.003106253247501122,0.04694896895024511,0.04384271570274399,0.04079569814105829,0.09224368300702837,0.05144798486597008,0.035721191929446325,0.021409817453887727,-0.014311374475558598,-0.0019682527830203376,-0.023884896602895524,-0.021916643819875188,-37.350433,-0.3333333333333333
5,871,63746,1.0,43.0,42.0,1.0,2.0,1.0,0.027332868,0.027332868,-58.210083,-1.8779831,-0.0036182553,-0.021907847,-0.006192103,-0.022700459,-0.13573205,-0.10391186,0.031820193,0.08624053,0.13915251,0.052911982,0.111647926,0.17106888,0.05942095,0.08436723,0.1502783,0.06591107,1.0,43.0,42.0,0.046923917,0.074256785,0.027332868,0.0061655873,0.046513204,0.040347617,0.04002258,0.0892633,0.049240716,0.04075833,0.027743582,-0.013014749,0.006901335,-0.015006512,-0.021907847,0.0101013705,-0.012599088,-0.022700459,1.0,0.0,-1.0,4,4,0,4,0,-4,1.0,0.0,-1.0,1.0,14.5,13.5,0.0469239167869091,0.0742567852139473,0.027332868427038193,0.006289884680882096,0.04607363510876894,0.039783750427886844,0.03576958645135164,0.08489460870623589,0.04912502225488424,0.04063403233885765,0.028183150105178356,-0.012450882233679295,0.01115433033555746,-0.01063782349228859,-0.02179215382784605,-58.210083,-1.0
5,872,63781,1.0,52.0,51.0,1.0,1.0,0.0,0.0219075,0.0219075,-34.104828,-1.1924286,-0.0029052868,-0.02393112,-0.002305232,-0.02239985,0.019596897,0.10173322,0.082136326,0.029483082,0.056703858,0.027220776,0.056589413,0.05351642,-0.003072992,0.060473632,0.07191369,0.011440057,1.0,52.0,51.0,0.050524987,0.07243249,0.0219075,-0.0018761951,0.046452343,0.048328537,0.042872634,0.088711254,0.04583862,0.05240118,0.025980145,-0.026421037,0.0076523535,-0.016278766,-0.02393112,0.008605003,-0.013794847,-0.02239985,1.0,0.0,-1.0,9,9,0,9,0,-9,1.0,0.0,-1.0,1.0,16.22222222222222,15.222222222222221,0.050524987280368805,0.0724324882030487,0.0219075009226799,-0.0020761762409367496,0.046312944342692695,0.048389120583629444,0.04153215057320065,0.08706162124872208,0.045529470675521426,0.05260116317205959,0.026119543860356014,-0.026481619311703574,0.008992836707168154,-0.01462913304567337,-0.023621969752841525,-34.104828,-1.0
5,873,63825,6.0,396.0,390.0,8.0,9.0,1.0,0.01544065,0.01544065,-36.69165,-1.1408939,0.00034959242,-0.031951413,-0.00017336756,-0.031593658,0.6960653,0.655292,-0.040773332,0.63925064,0.6179928,-0.021257818,0.6549325,0.6401683,-0.01476419,0.6728036,0.6564614,-0.016342163,6.0,396.0,390.0,0.036050554,0.051491205,0.01544065,-0.0014430081,0.0468371,0.04828011,0.046350993,0.093743056,0.047392063,0.037493564,0.0046541058,-0.03283946,-0.010300439,-0.04225185,-0.031951413,-0.005224142,-0.0368178,-0.031593658,0.0,0.0,0.0,8,8,0,1,0,-1,0.125,0.0,-0.125,2.375,118.5,116.125,0.03605055436491966,0.051491204649209976,0.015440650284290314,-0.0016470693462906638,0.04666141327470541,0.048308482620996074,0.04243082320317626,0.08886879216879606,0.0464379689656198,0.03769762394949794,0.004829791374504566,-0.03286783257499337,-0.0063802688382565975,-0.037377587519586086,-0.03099731868132949,-36.69165,-0.125
5,874,63922,13.0,75.0,62.0,41.0,7.0,-34.0,0.04222727,0.04222727,-54.57376,-2.390648,0.011976,-0.021017235,0.012188524,-0.01644665,0.06937965,0.008749122,-0.06063053,-0.22052824,-0.16851233,0.052015916,-0.21425726,-0.15782055,0.056436703,-0.18691646,-0.14422306,0.04269339,13.0,75.0,62.0,0.027527474,0.06975474,0.04222727,-0.0027401387,0.0465835,0.049323637,0.039344285,0.10258879,0.06324451,0.030267613,0.023171242,-0.0070963707,-0.011816811,-0.032834046,-0.021017235,-0.007246375,-0.023693025,-0.01644665,0.0,0.0,0.0,6,6,0,0,0,0,0.0,0.0,0.0,3.8333333333333335,28.5,24.666666666666668,0.027527473866939545,0.06975474208593369,0.04222726821899414,-0.002553512225858867,0.04713660478591919,0.04969011701177806,0.032214912585914135,0.09217869614561398,0.05996378355969985,0.030080986209213734,0.022618137300014496,-0.007462848909199238,-0.00468743871897459,-0.022423954059680302,-0.01773651534070571,-54.57376,0.0
5,875,63931,1.0,6.0,5.0,1.0,1.0,0.0,0.036024217,0.036024217,-35.50833,-0.85085106,-0.008238517,-0.016379371,-0.0073426813,-0.01534608,0.12144682,0.05734803,-0.06409879,0.06783358,0.20239441,0.13456082,0.07932145,0.24124032,0.16191888,0.089893885,0.23409116,0.14419729,1.0,6.0,5.0,0.05292796,0.088952176,0.036024217,0.005521802,0.049706798,0.044184998,0.045625653,0.09802924,0.052403588,0.04740616,0.03924538,-0.008160781,0.0073023066,-0.009077065,-0.016379371,0.011294946,-0.004051134,-0.01534608,1.0,0.0,-1.0,13,13,0,13,2,-11,1.0,0.15384615384615385,-0.8461538461538461,1.0,2.4615384615384617,1.4615384615384617,0.05292795971035957,0.08895217627286911,0.03602421656250954,0.005567356872443969,0.049825140489981726,0.04425778361753776,0.042862081756958596,0.092847350698251,0.0499852689412924,0.04736060247971462,0.039127035782887384,-0.008233566696827233,0.010065877953400979,-0.0038951744253818807,-0.013961052378782859,-35.50833,-0.8461538461538461
5,876,63944,1.0,33.0,32.0,1.0,1.0,0.0,0.019376915,0.019376915,-41.618347,-1.1072731,-0.0029094778,-0.032990392,-0.0053061508,-0.0335262,0.09584795,0.23653693,0.14068899,0.051184997,0.14866117,0.09747617,0.042197097,0.14631401,0.10411692,0.05250064,0.17425202,0.12175138,1.0,33.0,32.0,0.06232852,0.081705436,0.019376915,0.00923752,0.049819995,0.040582474,0.04771144,0.10007875,0.052367307,0.053091,0.03188544,-0.02120556,0.014617082,-0.01837331,-0.032990392,0.018597316,-0.014928885,-0.0335262,1.0,0.0,-1.0,9,9,0,9,0,-9,1.0,0.0,-1.0,1.0,11.666666666666666,10.666666666666666,0.0623285211622715,0.08170543611049652,0.01937691494822502,0.009515602245099015,0.0503386797176467,0.04082307747254769,0.0428872551355097,0.0951230741209454,0.052235818985435695,0.052812918606731624,0.03136675639284982,-0.021446162213881806,0.019441266026761796,-0.01341763801044888,-0.03285890403721067,-41.618347,-1.0
5,877,64004,122.0,147.0,25.0,6.0,11.0,5.0,0.045067728,0.045067728,-20.343475,-0.14264297,0.004911663,-0.010745859,0.0028286409,-0.0045262706,-0.068711035,-0.040893987,0.027817048,0.094054945,0.070099585,-0.02395536,0.082225196,0.09252086,0.010295667,0.06780739,0.08468638,0.016878992,122.0,147.0,25.0,0.022495998,0.06756373,0.045067728,0.010580385,0.05186739,0.041287005,0.041320235,0.09713382,0.05581359,0.011915613,0.01569634,0.0037807263,-0.018824236,-0.029570095,-0.010745859,-0.017193453,-0.021719724,-0.0045262706,0.0,0.0,0.0,6,6,0,0,0,0,0.0,0.0,0.0,36.333333333333336,45.0,8.666666666666664,0.022495998069643974,0.0675637274980545,0.04506772942841053,0.010511727693180243,0.051770783960819244,0.041259056267639004,0.04051304794847965,0.0886863407989343,0.048173292850454644,0.011984270376463732,0.01579294353723526,0.0038086731607715283,-0.018017049878835678,-0.021122613300879795,-0.003105563422044117,-20.343475,0.0
5,878,64096,53.0,217.0,164.0,194.0,32.0,-162.0,0.04377489,0.04377489,-19.24179,-0.38348198,0.015802283,-0.02304171,0.015269697,-0.018343389,0.35276213,0.4616247,0.10886258,0.255008,0.29709288,0.042084873,0.2684327,0.29646415,0.028031439,0.29174805,0.32887524,0.037127197,53.0,217.0,164.0,0.015522383,0.059297275,0.04377489,-0.0060648206,0.046087965,0.052152786,0.032927517,0.09974412,0.0668166,0.021587204,0.013209309,-0.008377895,-0.017405134,-0.040446844,-0.02304171,-0.0151549615,-0.03349835,-0.018343389,0.0,0.0,0.0,10,10,0,0,0,0,0.0,0.0,0.0,16.4,66.6,50.199999999999996,0.015522383153438568,0.05929727479815483,0.04377489164471626,-0.00589897958561778,0.04626421928405762,0.0521631988696754,0.03025825098156929,0.09434006959199906,0.06408181861042977,0.02142136264592409,0.013033055514097214,-0.008388307131826877,-0.014735867828130722,-0.03504279479384422,-0.020306926965713498,-19.24179,0.0
5,879,64295,2.0,25.0,23.0,1.0,1.0,0.0,0.030480433,0.030480433,-38.401062,-1.4403152,-0.0019484386,-0.009170376,-0.0025748238,-0.015028153,0.033298705,0.0619457,0.028646994,0.048527617,0.14735498,0.09882736,0.047792304,0.1317448,0.0839525,0.050010223,0.13421988,0.084209666,2.0,25.0,23.0,0.043254208,0.07373464,0.030480433,-0.0012507149,0.04521496,0.046465673,0.046481173,0.08613198,0.03965081,0.044504922,0.028519683,-0.01598524,-0.0032269657,-0.012397341,-0.009170376,0.0037104674,-0.011317685,-0.015028153,0.0,0.0,0.0,9,9,0,6,0,-6,0.6666666666666666,0.0,-0.6666666666666666,1.3333333333333333,8.666666666666666,7.333333333333333,0.04325420781970024,0.07373464107513428,0.030480433255434036,-0.001180693888778074,0.04551675708757506,0.04669745097635314,0.04007537580198712,0.08547594894965489,0.04540057314766777,0.04443490091297361,0.028217883987559214,-0.0162170169254144,0.003178832017713123,-0.01174130787452062,-0.014920139892233744,-38.401062,-0.6666666666666666
5,880,64483,27.0,106.0,79.0,13.0,31.0,18.0,0.040902466,0.040902466,-22.280243,0.24222755,-0.0006526131,-0.008999107,-0.00063338317,-0.007344691,0.20317864,0.18073839,-0.022440255,-0.2659885,-0.20365243,0.062336072,-0.3049133,-0.26556912,0.03934419,-0.28088272,-0.23308381,0.0477989,27.0,106.0,79.0,0.0298442,0.07074667,0.040902466,0.008024384,0.050209988,0.042185605,0.04600279,0.095904365,0.049901575,0.021819815,0.02053668,-0.0012831353,-0.01615859,-0.025157697,-0.008999107,-0.0117235575,-0.019068249,-0.007344691,0.0,0.0,0.0,11,11,0,0,0,0,0.0,0.0,0.0,8.818181818181818,33.27272727272727,24.454545454545453,0.029844200238585472,0.07074666768312454,0.04090246744453907,0.008079136129130016,0.05033484439958225,0.04225570827045223,0.04292096570134163,0.09171637824990532,0.04879541254856369,0.0217650637707927,0.020411823283542286,-0.0013532404872504157,-0.013076765462756157,-0.020969710566780785,-0.007892945104024628,-22.280243,0.0
5,881,64498,243.0,169.0,-74.0,181.0,123.0,-58.0,0.04714776,0.04714776,-28.53421,-0.24011803,0.010272156,-0.0030536242,0.008378096,-0.000786297,-0.12546614,-0.13223875,-0.0067726076,-0.042029783,-0.09914201,-0.057112224,-0.04805667,-0.08951017,-0.041453503,-0.060270708,-0.09925865,-0.03898794,243.0,169.0,-74.0,0.015663922,0.06281168,0.04714776,0.008976662,0.049564764,0.040588103,0.04210083,0.09230221,0.050201382,0.0066872602,0.013246916,0.006559656,-0.026436906,-0.02949053,-0.0030536242,-0.022476979,-0.023263276,-0.000786297,0.0,0.0,0.0,6,6,0,0,0,0,0.0,0.0,0.0,76.33333333333333,52.166666666666664,-24.166666666666664,0.01566392183303833,0.06281168013811111,0.047147758305072784,0.009094601652274529,0.049756006648143135,0.04066140499586861,0.037880055606365204,0.08621089160442352,0.04833083599805832,0.006569320180763801,0.013055673489967981,0.006486353309204181,-0.022216133773326874,-0.02339921146631241,-0.0011830776929855347,-28.53421,0.0
5,882,64615,45.0,32.0,-13.0,11.0,23.0,12.0,0.04941404,0.04941404,-35.775696,-0.5709324,0.00053626485,-0.001975095,0.0008102078,-0.001989564,0.41567063,0.34754574,-0.06812489,0.06068435,0.1721095,0.11142515,0.075720616,0.19672705,0.12100644,0.15115473,0.24939525,0.098240525,45.0,32.0,-13.0,0.029236449,0.07865049,0.04941404,0.011512205,0.05137126,0.039859056,0.041369244,0.09275838,0.051389135,0.017724244,0.027279228,0.009554984,-0.0121327955,-0.01410789,-0.001975095,-0.010349894,-0.012339458,-0.001989564,0.0,0.0,0.0,9,9,0,0,0,0,0.0,0.0,0.0,13.777777777777779,9.777777777777779,-4.0,0.0292364489287138,0.07865048944950104,0.04941404052078724,0.011555201270514064,0.05169624793860647,0.04014104666809241,0.03915888402197096,0.09131873895724614,0.05215985493527518,0.017681247865160305,0.026954241510894563,0.009272993645734258,-0.009922435093257163,-0.012668249507745108,-0.002745814414487945,-35.775696,0.0
5,883,64621,5.0,514.0,509.0,2.0,4.0,2.0,0.013043631,0.013043631,-9.308777,0.6346359,-0.0027117245,-0.03832156,-0.0060416255,-0.037795104,-0.025006082,0.0370845,0.062090583,-0.015664639,0.16097218,0.17663682,-0.032269917,0.163494,0.19576392,-0.033811945,0.16367292,0.19748487,5.0,514.0,509.0,0.03574406,0.04878769,0.013043631,0.010461443,0.04908671,0.038625266,0.039417326,0.090782516,0.05136519,0.025282618,-0.00029901788,-0.025581636,-0.0036732666,-0.041994825,-0.03832156,-0.0014386028,-0.039233707,-0.037795104,0.0,0.0,0.0,7,7,0,3,0,-3,0.42857142857142855,0.0,-0.42857142857142855,2.142857142857143,156.28571428571428,154.14285714285714,0.03574405983090401,0.048787690699100494,0.013043630868196487,0.01050141959318093,0.04927469630326543,0.0387732767100845,0.03631176320569856,0.09059537308556694,0.054283609879868376,0.025242639971630915,-0.000487005604164941,-0.025729645575795858,-0.0005677033747945513,-0.041807682386466434,-0.04123997901167188,-9.308777,-0.42857142857142855
5,884,64687,13.0,119.0,106.0,10.0,4.0,-6.0,0.037460312,0.037460312,-49.171173,-1.1318779,0.00056107715,-0.014215222,0.0015271176,-0.012138428,0.4927611,0.42141408,-0.07134703,0.23066616,0.2124234,-0.018242761,0.19079708,0.19583607,0.0050389916,0.24299066,0.23237543,-0.01061523,13.0,119.0,106.0,0.027960023,0.06542034,0.037460312,0.0056438856,0.04850831,0.042864423,0.03875546,0.090431,0.051675536,0.022316137,0.016912028,-0.005404109,-0.010795439,-0.02501066,-0.014215222,-0.008158183,-0.02029661,-0.012138428,0.0,0.0,0.0,5,5,0,0,0,0,0.0,0.0,0.0,4.6,35.4,30.799999999999997,0.027960022911429405,0.06542033702135086,0.037460314109921455,0.005415462329983712,0.048554166406393054,0.043138704076409344,0.03386354744434357,0.08444309830665589,0.05057955086231232,0.022544560581445695,0.01686617061495781,-0.005678389966487885,-0.005903524532914162,-0.019022761285305022,-0.01311923675239086,-49.171173,0.0
5,885,64771,2.0,4.0,2.0,9.0,4.0,-5.0,0.057345968,0.057345968,-38.33319,-1.1022472,0.0071273707,-0.0022660606,0.0042127445,-0.0039247796,0.5277127,0.45842728,-0.06928542,0.46523774,0.471503,0.006265253,0.46564665,0.4885235,0.022876859,0.497234,0.50648606,0.009252071,2.0,4.0,2.0,0.035951015,0.09329698,0.057345968,-0.0036949238,0.045498777,0.049193703,0.0378574,0.09746943,0.05961203,0.03964594,0.047798205,0.008152265,-0.0019063838,-0.0041724443,-0.0022660606,0.002999857,-0.0009249225,-0.0039247796,0.0,0.0,0.0,7,7,0,6,5,-1,0.8571428571428571,0.7142857142857143,-0.1428571428571428,1.1428571428571428,1.2857142857142858,0.14285714285714302,0.03595101460814476,0.09329698234796524,0.05734596773982048,-0.0038281389778213842,0.04550169089010784,0.04932982986792922,0.031056860461831093,0.09090926711048399,0.05985240664865289,0.03977915325335094,0.0477952914578574,0.00801613820450646,0.004894154146313667,0.0023877152374812533,-0.002506438908832414,-38.33319,-0.1428571428571428
5,886,64867,2.0,173.0,171.0,4.0,4.0,0.0,0.021696158,0.021696158,-32.5972,-0.55722046,0.00064465404,-0.02935072,-0.00024715066,-0.028101604,0.47539136,0.43294737,-0.04244399,0.05531938,0.044695325,-0.010624055,0.05918293,0.052361537,-0.006821394,0.12010132,0.10565725,-0.014444068,2.0,173.0,171.0,0.040070567,0.061766725,0.021696158,0.006339778,0.046705455,0.040365677,0.04084968,0.09189656,0.051046878,0.03373079,0.01506127,-0.01866952,-0.00077911094,-0.030129831,-0.02935072,0.0008671954,-0.027234409,-0.028101604,0.0,0.0,0.0,11,11,0,6,0,-6,0.5454545454545454,0.0,-0.5454545454545454,1.4545454545454546,56.63636363636363,55.18181818181818,0.04007056728005409,0.06176672503352165,0.02169615775346756,0.006593973756852475,0.04723055728457191,0.040636583527719435,0.03939198194579645,0.08918370035561649,0.04979171840982004,0.033476593480868774,0.014536167748949745,-0.01894042573191903,0.0006785853342576461,-0.02741697532209483,-0.028095560656352474,-32.5972,-0.5454545454545454
5,887,64880,17.0,134.0,117.0,2.0,12.0,10.0,0.037012868,0.037012868,-56.689575,-1.1270142,-0.0018206835,-0.010584656,-0.004097741,-0.013433352,-0.26982838,-0.115614384,0.154214,-0.047983784,-0.018552618,0.029431166,-0.016585559,-0.015234047,0.001351512,-0.039289612,-0.024354383,0.014935229,17.0,134.0,117.0,0.030234784,0.06724765,0.037012868,0.0069996696,0.0505429,0.043543227,0.049118992,0.096716516,0.047597524,0.023235114,0.016704753,-0.0065303613,-0.018884208,-0.029468864,-0.010584656,-0.01163239,-0.025065742,-0.013433352,0.0,0.0,0.0,13,13,0,0,0,0,0.0,0.0,0.0,5.3076923076923075,42.53846153846154,37.23076923076923,0.03023478388786316,0.0672476515173912,0.037012867629528046,0.0068757237436679695,0.050812430966358915,0.04393670722269095,0.03957005446920028,0.09219070638601597,0.05262065191681568,0.023359060287475586,0.016435220551032286,-0.0069238397364433,-0.009335270581337122,-0.02494305486862476,-0.01560778428728764,-56.689575,0.0
5,888,64893,24.0,702.0,678.0,19.0,42.0,23.0,0.013911821,0.013911821,-11.835632,0.5057888,0.0043425933,-0.0356879,0.0025179796,-0.040528,0.111834876,0.18684378,0.07500891,-0.024345955,0.15999201,0.18433796,-0.033641353,0.16152152,0.19516288,-0.011392814,0.17447989,0.1858727,24.0,702.0,678.0,0.025721446,0.039633267,0.013911821,0.0048709163,0.047448006,0.042577088,0.045717947,0.09531767,0.049599722,0.02085053,-0.007814739,-0.028665269,-0.019996502,-0.055684403,-0.0356879,-0.011544637,-0.052072637,-0.040528,0.0,0.0,0.0,4,4,0,0,0,0,0.0,0.0,0.0,7.25,205.75,198.5,0.025721445679664612,0.039633266627788544,0.013911820948123932,0.00431212387047708,0.046985263004899025,0.042673139134421945,0.041197107173502445,0.08927375078201294,0.048076643608510494,0.021409322042018175,-0.007351996377110481,-0.028761318419128656,-0.015475661493837833,-0.049640484154224396,-0.03416482266038656,-11.835632,0.0
5,889,64979,1.0,1.0,0.0,1.0,5.0,4.0,0.038123604,0.038123604,-26.335052,-0.4808426,-0.0047916137,-0.008012529,-0.0037367977,-0.007690776,0.5600659,0.52052206,-0.039543867,0.15920901,0.30891684,0.14970782,0.15923898,0.30266696,0.14342798,0.21746017,0.34830695,0.13084678,1.0,1.0,0.0,0.052096363,0.09021997,0.038123604,0.005518347,0.048361916,0.04284357,0.04348339,0.089619525,0.046136133,0.046578016,0.04185805,-0.004719965,0.008612972,0.0006004423,-0.008012529,0.009890337,0.0021995604,-0.007690776,1.0,1.0,0.0,12,12,0,12,12,0,1.0,1.0,0.0,1.0,1.0,0.0,0.05209636315703392,0.09021996706724167,0.03812360391020775,0.0057173395762220025,0.04852782345066468,0.042810483874442674,0.04187252465635538,0.08756987129648526,0.04569734664012988,0.046379023852447666,0.04169214361657699,-0.004686880235870675,0.01022383850067854,0.0026500957707564035,-0.007573742729922136,-26.335052,0.0
5,890,65010,5.0,32.0,27.0,4.0,3.0,-1.0,0.037796393,0.037796393,-58.48181,-1.799551,0.00287636,-0.009909064,0.0016318895,-0.009889983,0.10342299,0.37636095,0.27293795,0.18092082,0.09578066,-0.08514016,0.19997251,0.09600115,-0.10397136,0.20225748,0.12742507,-0.07483241,5.0,32.0,27.0,0.037977003,0.075773396,0.037796393,0.004308986,0.046479017,0.04217003,0.04497481,0.09268027,0.047705457,0.033668015,0.029294379,-0.004373636,-0.006997809,-0.016906872,-0.009909064,-0.0042179823,-0.014107965,-0.009889983,0.0,0.0,0.0,8,8,0,1,0,-1,0.125,0.0,-0.125,2.375,10.5,8.125,0.03797700256109238,0.07577339559793472,0.037796393036842346,0.00409114858484827,0.0467296177521348,0.04263846916728653,0.04284710390493274,0.09003906883299351,0.04719196492806077,0.033885853830724955,0.029043777845799923,-0.004842075984925032,-0.004870101343840361,-0.014265673235058784,-0.009395571891218424,-58.48181,-0.125
5,891,65069,1.0,23.0,22.0,1.0,1.0,0.0,0.03077874,0.03077874,-75.02402,-3.0133362,-0.0025848038,-0.025558874,-0.0043062232,-0.025145322,0.031437885,0.19071634,0.15927845,-0.042315066,0.4837741,0.5260892,-0.047131933,0.5091505,0.55628246,-0.041587602,0.5258225,0.5674101,1.0,23.0,22.0,0.04803734,0.07881608,0.03077874,0.0017752058,0.044385005,0.0426098,0.046024267,0.10236188,0.056337614,0.046262134,0.034431074,-0.01183106,0.0020130724,-0.023545802,-0.025558874,0.009043597,-0.016101725,-0.025145322,1.0,0.0,-1.0,6,6,0,6,0,-6,1.0,0.0,-1.0,1.0,8.333333333333334,7.333333333333334,0.048037339001894,0.07881607860326767,0.030778739601373672,0.0016456822534867872,0.044606360917290054,0.042960678663803264,0.03842743020504713,0.09401809920867284,0.055590669003625706,0.046391657243172325,0.034209717685977616,-0.01218193955719471,0.009609908796846867,-0.015202020605405172,-0.02481192940225204,-75.02402,-1.0
5,892,65148,1.0,55.0,54.0,2.0,1.0,-1.0,0.019252982,0.019252982,-39.273926,-1.2008381,0.00023804605,-0.020946816,-0.0070534274,-0.024722628,0.844983,0.83155894,-0.013424039,0.65428185,0.7474278,0.09314597,0.67438626,0.75134295,0.07695669,0.730953,0.7879684,0.05701542,1.0,55.0,54.0,0.05597608,0.07522906,0.019252982,0.008063314,0.05060523,0.042541917,0.052947145,0.09314694,0.040199798,0.04791277,0.024623834,-0.023288935,0.0030289367,-0.017917879,-0.020946816,0.008967221,-0.015755408,-0.024722628,1.0,0.0,-1.0,8,8,0,8,0,-8,1.0,0.0,-1.0,1.0,18.125,17.125,0.055976081639528275,0.07522906363010406,0.01925298199057579,0.008037715684622526,0.0508193071000278,0.04278159141540527,0.04651542706415057,0.09088458400219679,0.04436915693804622,0.04793836595490575,0.024409756530076265,-0.023528609424829483,0.009460654575377703,-0.015655520372092724,-0.025116174947470427,-39.273926,-1.0
5,893,65187,8.0,303.0,295.0,1.0,2.0,1.0,0.015539765,0.015539765,-29.285675,-0.39225006,-0.008147396,-0.030265588,-0.007886361,-0.027059145,0.25364757,0.25540176,0.0017541945,-0.042025104,0.24201043,0.28403553,-0.033166192,0.26039284,0.29355904,0.013377746,0.27256224,0.25918448,8.0,303.0,295.0,0.042477153,0.05801692,0.015539765,0.0066268067,0.050004408,0.0433776,0.045928266,0.09173362,0.045805354,0.035850346,0.008012511,-0.027837835,-0.0034511127,-0.0337167,-0.030265588,-0.0029785186,-0.030037664,-0.027059145,0.0,0.0,0.0,13,13,0,0,0,0,0.0,0.0,0.0,3.6923076923076925,93.23076923076923,89.53846153846153,0.04247715324163437,0.05801691859960556,0.015539765357971191,0.006942566412572677,0.05025607376144482,0.04331350734887215,0.0455886205801597,0.08962831302331044,0.04403969244315074,0.03553458733054308,0.007760844838160735,-0.027773742492382344,-0.003111467338525332,-0.03161139442370488,-0.028499927085179545,-29.285675,0.0
5,894,65232,12.0,62.0,50.0,4.0,21.0,17.0,0.040238354,0.040238354,-7.740753,0.8900757,-0.002503384,-0.0037318952,-0.0027390867,-0.0117402,0.3902204,0.4501879,0.059967488,0.16714245,-0.12462455,-0.291767,0.20679054,-0.102863386,-0.30965394,0.2633993,-0.050135974,-0.31353527,12.0,62.0,50.0,0.032378715,0.07261707,0.040238354,0.006541776,0.047802646,0.04126087,0.05072678,0.09469703,0.04397025,0.025836939,0.024814423,-0.0010225158,-0.018348064,-0.02207996,-0.0037318952,-0.007967435,-0.019707635,-0.0117402,0.0,0.0,0.0,12,12,0,0,0,0,0.0,0.0,0.0,4.416666666666667,19.833333333333332,15.416666666666664,0.03237871453166008,0.0726170688867569,0.04023835435509682,0.006737348507158458,0.04824850335717201,0.041511154850013554,0.04109394767632087,0.09241318888962269,0.051319241213301815,0.025641366218527157,0.024368565529584885,-0.0012728006889422723,-0.008715233144660791,-0.01979612000286579,-0.011080886858205,-7.740753,0.0
5,895,65253,2.0,590.0,588.0,1.0,1.0,0.0,0.0032123625,0.0032123625,-6.6609497,0.72587204,-0.0037322529,-0.043585815,-0.0044306554,-0.047477376,0.5744593,0.51454157,-0.059917748,0.46901962,0.6348137,0.1657941,0.49351382,0.66401213,0.17049831,0.5315631,0.6798863,0.14832318,2.0,590.0,588.0,0.042545952,0.045758314,0.0032123625,0.005141012,0.048695132,0.04355412,0.046586446,0.09338462,0.046798177,0.03740494,-0.0029368177,-0.040341757,-0.0040404946,-0.04762631,-0.043585815,0.002284702,-0.045192674,-0.047477376,0.0,0.0,0.0,5,5,0,3,0,-3,0.6,0.0,-0.6,1.4,179.8,178.4,0.042545951902866364,0.045758314430713654,0.00321236252784729,0.004763783887028694,0.048985586315393445,0.04422180242836475,0.041806057840585706,0.09179012924432754,0.04998407140374184,0.03778216913342476,-0.003227271884679794,-0.04100944101810455,0.0007398940622806549,-0.04603181481361389,-0.046771708875894547,-6.6609497,-0.6
5,896,65267,2.0,16.0,14.0,1.0,3.0,2.0,0.037411824,0.037411824,-58.72879,-2.1874962,-0.0054544657,-0.0070972256,-0.00613166,-0.013005413,0.33046687,0.38678417,0.0563173,-0.1650384,0.19274059,0.357779,-0.1687258,0.21218121,0.380907,-0.10822643,0.26941738,0.37764382,2.0,16.0,14.0,0.0409377,0.07834952,0.037411824,0.002424453,0.04649064,0.044066187,0.04938249,0.09389154,0.04450905,0.038513247,0.031858884,-0.006654363,-0.00844479,-0.015542015,-0.0070972256,0.004409477,-0.008595936,-0.013005413,0.0,0.0,0.0,13,13,0,10,0,-10,0.7692307692307693,0.0,-0.7692307692307693,1.2307692307692308,5.461538461538462,4.230769230769231,0.040937699377536774,0.0783495232462883,0.037411823868751526,0.002530957581117176,0.046686336111563906,0.04415537853044673,0.0363434454282889,0.08517947735694739,0.04883603192865849,0.03840674173373442,0.031663187134724394,-0.006743554599010028,0.004594253949247873,-0.006829954110659086,-0.01142420805990696,-58.72879,-0.7692307692307693
5,897,65376,1.0,1.0,0.0,1.0,1.0,0.0,0.03242285,0.03242285,-37.14563,-0.8049011,-0.011654232,-0.016201615,-0.012384839,-0.016682275,0.33164486,0.29973796,-0.031906903,0.008274647,0.019896943,0.011622296,-0.022810293,-0.044783756,-0.021973463,0.016378213,5.974354e-05,-0.016318468,1.0,1.0,0.0,0.06090874,0.09333159,0.03242285,0.007046017,0.048094243,0.041048225,0.041853856,0.09047832,0.048624467,0.05386272,0.045237347,-0.008625373,0.019054882,0.002853267,-0.016201615,0.020165622,0.0034833476,-0.016682275,1.0,1.0,0.0,9,9,0,9,9,0,1.0,1.0,0.0,1.0,1.0,0.0,0.060908738523721695,0.09333159029483795,0.03242285177111626,0.006959262924889724,0.04859889753990703,0.04163963461501731,0.040796701692872576,0.08961441616217296,0.04881771446930038,0.05394947570231226,0.04473269275493092,-0.00921678294738134,0.02011203683084912,0.0037171741326649985,-0.01639486269818412,-37.14563,0.0
5,898,65414,3.0,132.0,129.0,1.0,1.0,0.0,0.026041713,0.026041713,-36.279266,-1.0609493,0.002305545,-0.023560908,9.36985e-05,-0.024603885,0.13217597,0.13260132,0.00042535365,-0.2065516,-0.18224162,0.024309978,-0.22528856,-0.19627999,0.029008567,-0.19426687,-0.16420618,0.030060694,3.0,132.0,129.0,0.04124583,0.06728754,0.026041713,-0.0043396135,0.04738713,0.051726744,0.047452435,0.097055055,0.04960262,0.045585442,0.019900411,-0.025685031,-0.0062066056,-0.029767513,-0.023560908,-0.0003268905,-0.024930775,-0.024603885,0.0,0.0,0.0,13,13,0,4,0,-4,0.3076923076923077,0.0,-0.3076923076923077,1.9230769230769231,43.92307692307692,42.0,0.041245829313993454,0.06728754192590714,0.02604171261191368,-0.004090495891152666,0.04787134751677513,0.051961843407927796,0.04374553635716438,0.092946629684705,0.04920109332754062,0.04533632558125716,0.019416194409132004,-0.025920131172125153,-0.002499707043170929,-0.025659087758797865,-0.023159380715626936,-36.279266,-0.3076923076923077
5,899,65445,1.0,57.0,56.0,1.0,1.0,0.0,0.034391552,0.034391552,-55.73236,-1.6686764,-5.7302415e-05,-0.019241046,0.0006334521,-0.018134609,0.49076897,0.49685317,0.0060842037,0.38381687,0.51305026,0.12923339,0.39238894,0.51785517,0.12546623,0.43362647,0.5444499,0.11082345,1.0,57.0,56.0,0.039249107,0.07364066,0.034391552,0.005489264,0.049417704,0.04392844,0.038651887,0.092284486,0.0536326,0.033759844,0.024222955,-0.009536888,0.0005972199,-0.018643826,-0.019241046,0.0032940581,-0.014840551,-0.018134609,1.0,0.0,-1.0,10,10,0,10,0,-10,1.0,0.0,-1.0,1.0,18.4,17.4,0.039249107241630554,0.07364065945148468,0.034391552209854126,0.005482459580525756,0.049494409933686256,0.0440119503531605,0.03754115849733353,0.08964119255542755,0.05210003405809402,0.033766647428274156,0.024146249517798424,-0.009620397910475732,0.0017079487442970276,-0.016000533103942872,-0.0177084818482399,-55.73236,-1.0
5,900,65639,1.0,38.0,37.0,1.0,1.0,0.0,0.0236824,0.0236824,-63.260315,-2.7293167,-0.0024782158,-0.02043879,-0.002894856,-0.02274422,0.15307456,0.17794926,0.024874702,0.18836056,-0.034078,-0.22243856,0.2108538,-0.020704431,-0.23155823,0.21765998,-0.0023455631,-0.22000554,1.0,38.0,37.0,0.049159653,0.072842054,0.0236824,0.0034840177,0.045390613,0.041906595,0.042961158,0.08708235,0.04412119,0.045675635,0.02745144,-0.018224195,0.0061984956,-0.014240295,-0.02043879,0.010607827,-0.012136392,-0.02274422,1.0,0.0,-1.0,7,7,0,7,0,-7,1.0,0.0,-1.0,1.0,12.857142857142858,11.857142857142858,0.04915965348482132,0.0728420540690422,0.023682400584220886,0.0034510300029069185,0.04559861921838352,0.0421475892154766,0.037931681743689945,0.08470553691898074,0.04677385517529079,0.0457086233156068,0.02724343485065869,-0.01846518846494811,0.011227971741131373,-0.011863482849938529,-0.023091454591069902,-63.260315,-1.0
5,901,65654,10.0,272.0,262.0,10.0,2.0,-8.0,0.025504012,0.025504012,-60.282867,-2.4545326,0.0060533807,-0.020181403,0.006027341,-0.0236263,0.10172914,0.13241315,0.03068401,-0.008175669,0.07533122,0.08350689,0.006156613,0.070570126,0.06441351,0.024155663,0.085079536,0.060923874,10.0,272.0,262.0,0.026320625,0.051824637,0.025504012,-0.0077644223,0.042773396,0.050537817,0.03644057,0.082125984,0.045685414,0.034085046,0.009051241,-0.025033806,-0.010119945,-0.030301347,-0.020181403,-0.004072627,-0.027698927,-0.0236263,0.0,0.0,0.0,10,10,0,0,0,0,0.0,0.0,0.0,3.4,84.5,81.1,0.026320625096559525,0.05182463675737381,0.025504011660814285,-0.007743002194911241,0.043100711330771445,0.050843713525682684,0.02975897192955017,0.08019074350595475,0.05043177157640458,0.03406362719833851,0.008723925426602363,-0.025339701771736146,-0.003438346832990646,-0.028366106748580932,-0.024927759915590285,-60.282867,0.0
5,902,65686,9.0,518.0,509.0,2.0,1.0,-1.0,0.015409751,0.015409751,-53.56952,-1.8197498,0.008354975,-0.03499324,0.0032252874,-0.035617672,0.19150841,0.12865676,-0.06285165,0.11485935,0.21418701,0.09932766,0.113909975,0.23022978,0.116319805,0.13229023,0.23725432,0.10496409,9.0,518.0,509.0,0.028004045,0.043413796,0.015409751,0.00079129793,0.04389743,0.043106135,0.037528004,0.08793099,0.050402988,0.027212746,-0.0004836358,-0.027696382,-0.00952396,-0.044517197,-0.03499324,-0.0072131585,-0.042830832,-0.035617672,0.0,0.0,0.0,9,9,0,2,0,-2,0.2222222222222222,0.0,-0.2222222222222222,2.888888888888889,155.88888888888889,153.0,0.02800404466688633,0.04341379553079605,0.015409750863909721,0.00048489976971824135,0.04364044922921392,0.04315554945949568,0.033322956413030624,0.08548784752686818,0.052164891113837555,0.0275191447387139,-0.0002266536984178755,-0.027745798437131777,-0.005318911746144295,-0.042074051996072136,-0.03675514024992784,-53.56952,-0.2222222222222222
5,903,65769,1.0,23.0,22.0,3.0,4.0,1.0,0.028714567,0.028714567,-43.18576,-1.3626118,-0.0009876788,-0.02103569,-0.0011326224,-0.020201378,0.08273559,0.03082235,-0.05191324,0.2836662,0.3372638,0.0535976,0.2647669,0.33481064,0.07004374,0.25205868,0.31817552,0.06611684,1.0,23.0,22.0,0.047860377,0.076574944,0.028714567,0.0050980547,0.04833232,0.043234263,0.043139223,0.09288948,0.049750257,0.04276232,0.028242625,-0.014519695,0.0047211535,-0.016314536,-0.02103569,0.0079063475,-0.01229503,-0.020201378,1.0,0.0,-1.0,5,5,0,5,0,-5,1.0,0.0,-1.0,1.0,6.4,5.4,0.04786037653684616,0.07657494395971298,0.02871456742286682,0.005536992009729147,0.048562430590391156,0.04302543858066201,0.04051839113235474,0.09052813202142715,0.05000974088907241,0.04232338517904281,0.028012513369321822,-0.014310871809720991,0.007341985404491424,-0.013953188061714172,-0.021295173466205596,-43.18576,-1.0
5,904,65799,1.0,67.0,66.0,4.0,2.0,-2.0,0.034600947,0.034600947,-25.861755,-0.37898254,0.0019115731,-0.028391324,0.001459714,-0.026854482,0.4627541,0.45881823,-0.0039358735,0.2742134,0.28862497,0.014411569,0.2939001,0.30899575,0.015095651,0.33495995,0.34618834,0.011228383,1.0,67.0,66.0,0.03715067,0.07175162,0.034600947,0.0028098142,0.047238678,0.044428863,0.03477257,0.09776484,0.062992275,0.034340855,0.02451294,-0.009827916,0.0023780987,-0.026013225,-0.028391324,0.004642319,-0.022212163,-0.026854482,1.0,0.0,-1.0,11,11,0,11,0,-11,1.0,0.0,-1.0,1.0,23.454545454545453,22.454545454545453,0.03715066984295845,0.07175161689519882,0.03460094705224037,0.0029865359379486604,0.04769603908061981,0.04470950314267115,0.033081211149692535,0.09258642047643661,0.05950520932674408,0.03416413475166668,0.02405557781457901,-0.010108556937087669,0.004069458693265915,-0.020834803581237793,-0.024904262274503708,-25.861755,-1.0
5,905,65821,3.0,5.0,2.0,2.0,6.0,4.0,0.043631565,0.043631565,-59.40036,-1.6915798,-0.00196179,-0.0005074106,-0.003146965,-0.0015015751,0.17145605,0.17394313,0.0024870783,-0.07680877,0.10958922,0.186398,-0.06987576,0.108426526,0.17830229,-0.0535068,0.12268817,0.17619497,3.0,5.0,2.0,0.047360685,0.09099225,0.043631565,-0.00031211242,0.046265215,0.046577327,0.052340373,0.09647935,0.044138975,0.047672797,0.044727035,-0.0029457621,-0.0049796887,-0.0054870993,-0.0005074106,-0.00016120076,-0.0016627759,-0.0015015751,0.0,0.0,0.0,7,7,0,3,1,-2,0.42857142857142855,0.14285714285714285,-0.2857142857142857,1.5714285714285714,2.5714285714285716,1.0000000000000002,0.04736068472266197,0.09099224954843521,0.04363156482577324,-0.00031433560486350743,0.04641860989587648,0.04673294550073998,0.04814618559820311,0.09306950334991727,0.04492331775171416,0.04767502046057156,0.044573639652558734,-0.003101380808012824,-0.000785500875541142,-0.0020772538014820646,-0.0012917529259409226,-59.40036,-0.2857142857142857
5,906,65872,1.0,164.0,163.0,20.0,71.0,51.0,0.02203063,0.02203063,-44.290955,-1.5684547,0.0003495738,-0.027716052,0.0005879402,-0.026083775,0.2179951,0.21125604,-0.006739065,0.30461058,0.28920287,-0.015407711,0.30516243,0.2781766,-0.026985824,0.30807853,0.28393322,-0.024145305,1.0,164.0,163.0,0.037619963,0.059650593,0.02203063,0.0006462916,0.04474578,0.044099487,0.037339468,0.08708615,0.04974668,0.03697367,0.014904812,-0.022068858,0.00028049573,-0.027435556,-0.027716052,0.003681615,-0.02240216,-0.026083775,1.0,0.0,-1.0,8,8,0,8,0,-8,1.0,0.0,-1.0,1.0,51.25,50.25,0.03761996328830719,0.059650592505931854,0.022030629217624664,0.0012453915987862274,0.04500019736588001,0.043754805767093785,0.03331470652483404,0.08151623327285051,0.04820152674801648,0.03637457126751542,0.014650395140051842,-0.02172417612746358,0.004305256763473153,-0.02186564076691866,-0.026170897530391812,-44.290955,-1.0
5,907,65920,2.0,17.0,15.0,1.0,1.0,0.0,0.038061578,0.038061578,-36.546112,-0.77313423,-0.0010030381,-0.0074444674,-0.0015809797,-0.010689635,-0.10966122,-0.07808686,0.03157436,-0.169336,-0.16468586,0.004650146,-0.14969552,-0.15407695,-0.004381433,-0.16161183,-0.16197403,-0.00036220253,2.0,17.0,15.0,0.04436038,0.08242196,0.038061578,0.0040423493,0.048542798,0.044500448,0.046754718,0.09226076,0.045506045,0.04031803,0.03387916,-0.00643887,-0.0023943372,-0.009838805,-0.0074444674,0.004565906,-0.006123729,-0.010689635,0.0,0.0,0.0,8,8,0,7,0,-7,0.875,0.0,-0.875,1.125,5.875,4.75,0.04436038061976433,0.08242195844650269,0.03806157782673836,0.004227654309943318,0.0489025036804378,0.044674849370494485,0.03769139386713505,0.08668060135096312,0.04898920748382807,0.040132726076990366,0.03351945476606488,-0.006613271310925484,0.00666898675262928,-0.00425864290446043,-0.01092762965708971,-36.546112,-0.875
5,908,65943,14.0,132.0,118.0,1.0,1.0,0.0,0.033232853,0.033232853,-27.758362,-0.5135517,0.00093615614,-0.017640878,-0.0017981064,-0.015957844,0.40797895,0.38336125,-0.024617702,0.21356909,0.10354737,-0.11002172,0.2137232,0.10969727,-0.10402593,0.23779689,0.1559046,-0.08189228,14.0,132.0,118.0,0.032653414,0.06588627,0.033232853,0.007951505,0.050097972,0.042146467,0.041184675,0.092058405,0.05087373,0.024701908,0.015788294,-0.008913614,-0.008531261,-0.026172139,-0.017640878,-0.0064732917,-0.022431135,-0.015957844,0.0,0.0,0.0,6,6,0,0,0,0,0.0,0.0,0.0,5.0,41.833333333333336,36.833333333333336,0.03265341371297836,0.06588626652956009,0.033232852816581726,0.008021842998762926,0.050409785782297455,0.04238794278353453,0.03971073217689991,0.08746175343791644,0.04775102126101653,0.024631571024656296,0.015476480747262636,-0.00915509027739366,-0.007057318463921547,-0.02157548690835635,-0.014518168444434803,-27.758362,0.0
5,909,66004,16.0,200.0,184.0,2.0,1.0,-1.0,0.032024853,0.032024853,-48.277283,-1.5144157,0.0008360818,-0.015272189,0.00021479279,-0.017870262,0.028849177,0.010701196,-0.01814798,0.025091307,-0.06131937,-0.08641068,0.0254115,-0.07138338,-0.09679488,0.027877832,-0.066585205,-0.094463035,16.0,200.0,184.0,0.032050945,0.0640758,0.032024853,0.003686073,0.049134277,0.045448203,0.043214913,0.090511955,0.047297042,0.028364873,0.014941521,-0.013423352,-0.011163969,-0.026436158,-0.015272189,-0.007022187,-0.02489245,-0.017870262,0.0,0.0,0.0,7,7,0,0,0,0,0.0,0.0,0.0,5.571428571428571,61.0,55.42857142857143,0.03205094486474991,0.06407579779624939,0.03202485293149948,0.0037629401444324423,0.04949212393590382,0.045729183791471374,0.040331425943544934,0.08873808916125979,0.048406663217714856,0.028288004653794423,0.014583673860345567,-0.013704330793448856,-0.008280481078795024,-0.024662291365010396,-0.016381810286215374,-48.277283,0.0
5,910,66214,6.0,77.0,71.0,23.0,6.0,-17.0,0.037134904,0.037134904,-58.63974,-2.33222,0.01179646,-0.013586957,0.0081150755,-0.012982689,-0.0039959047,-0.043723196,-0.039727293,-0.044257168,0.11071398,0.15497115,-0.046261862,0.112593636,0.1588555,-0.042551987,0.09958436,0.14213635,6.0,77.0,71.0,0.033431318,0.07056622,0.037134904,-0.0029943504,0.047676146,0.050670497,0.036613747,0.08733561,0.05072186,0.03642567,0.022890076,-0.013535593,-0.0031824298,-0.016769387,-0.013586957,-0.0017655417,-0.014748231,-0.012982689,0.0,0.0,0.0,9,9,0,0,0,0,0.0,0.0,0.0,3.0,23.77777777777778,20.77777777777778,0.033431317657232285,0.07056622207164764,0.03713490441441536,-0.0027908802601612276,0.04804513148135609,0.05083601174151732,0.03618880485494932,0.08633683704667622,0.0501480321917269,0.03622219752934244,0.022521090590291552,-0.01370110693905089,-0.002757487197717031,-0.015770614975028567,-0.013013127777311536,-58.63974,0.0
5,911,66216,5.0,17.0,12.0,5.0,12.0,7.0,0.03934045,0.03934045,-47.656464,-0.92944145,-0.0010708682,-0.0010025166,-0.0016515777,-0.0057348013,0.093604416,0.10796943,0.014365017,0.41782993,0.5197607,0.1019308,0.4268573,0.5228177,0.09596038,0.42280903,0.51887405,0.096065015,5.0,17.0,12.0,0.04436794,0.08370839,0.03934045,0.014628464,0.05196545,0.037336983,0.05650508,0.09684805,0.040342968,0.029739475,0.03174294,0.0020034667,-0.012137141,-0.013139658,-0.0010025166,-0.0038088262,-0.0095436275,-0.0057348013,0.0,0.0,0.0,8,8,0,3,0,-3,0.375,0.0,-0.375,2.0,5.875,3.875,0.04436793923377991,0.08370839059352875,0.03934045135974884,0.014669916592538357,0.05240024207159877,0.03773032547906041,0.04905890999361873,0.09322840813547373,0.044169498141855,0.029698022408410907,0.03130814852192998,0.0016101261135190725,-0.0046909707598388195,-0.00952001754194498,-0.004829046782106161,-47.656464,-0.375
5,912,66278,1.0,21.0,20.0,1.0,1.0,0.0,0.004350461,0.004350461,-84.276245,-3.4595165,-0.010016542,-0.037345413,-0.008082088,-0.03697981,0.23820275,0.30430007,0.06609732,0.36055613,0.27726087,-0.083295256,0.36580583,0.37005207,0.004246235,0.35749453,0.38073948,0.023244947,1.0,21.0,20.0,0.06840376,0.07275422,0.004350461,0.00034668157,0.043629717,0.043283034,0.048289273,0.08998515,0.041695874,0.068057075,0.029124502,-0.038932573,0.020114485,-0.017230928,-0.037345413,0.025703616,-0.011276193,-0.03697981,1.0,0.0,-1.0,9,9,0,9,0,-9,1.0,0.0,-1.0,1.0,7.0,6.0,0.06840375810861588,0.07275421917438507,0.0043504610657691956,0.000243934412234618,0.04362666234374046,0.04338272793150585,0.04010365944769648,0.08449213951826096,0.04438848007056448,0.06815982444418801,0.029127556830644608,-0.039032267613543406,0.028300098660919402,-0.011737920343875885,-0.04003801900479528,-84.276245,-1.0
5,913,66330,64.0,854.0,790.0,18.0,7.0,-11.0,0.007668888,0.007668888,-67.65341,-2.517313,0.006529646,-0.048312634,0.0051846188,-0.042254858,0.29685748,0.20971204,-0.08714543,-0.12861148,-0.34434873,-0.21573725,-0.12249629,-0.34515825,-0.22266196,-0.04306293,-0.30794197,-0.26487905,64.0,854.0,790.0,0.021323724,0.028992612,0.007668888,0.0033491014,0.04562731,0.042278208,0.037913516,0.09389503,0.055981517,0.017974623,-0.016634699,-0.03460932,-0.016589792,-0.064902425,-0.048312634,-0.014871774,-0.05712663,-0.042254858,0.0,0.0,0.0,6,6,0,0,0,0,0.0,0.0,0.0,19.666666666666668,256.5,236.83333333333334,0.02132372371852398,0.028992611914873123,0.007668888196349144,0.003206561979216834,0.045731568709015846,0.04252500672979901,0.03571363507459561,0.08814046159386635,0.05242682651927074,0.018117161467671394,-0.016738956794142723,-0.03485611826181412,-0.01438991135607163,-0.059147851541638374,-0.044757940185566746,-67.65341,0.0
5,914,66342,1.0,44.0,43.0,2.0,1.0,-1.0,0.028532669,0.028532669,-12.764008,-0.0670414,0.0042420737,-0.025878362,0.00089041144,-0.023485586,0.39507008,0.26310948,-0.1319606,0.21063611,0.30591643,0.09528032,0.23395088,0.3365912,0.10264033,0.27346137,0.3550581,0.08159673,1.0,44.0,43.0,0.045778513,0.07431118,0.028532669,0.0022614081,0.04634391,0.044082504,0.040008426,0.09441946,0.05441103,0.043517105,0.02796727,-0.015549835,0.0057700872,-0.020108275,-0.025878362,0.0071900636,-0.016295522,-0.023485586,1.0,0.0,-1.0,9,9,0,9,0,-9,1.0,0.0,-1.0,1.0,15.777777777777779,14.777777777777779,0.045778512954711914,0.07431118190288544,0.028532668948173523,0.0025718138656682437,0.04693108217583762,0.04435926831016938,0.038460828363895416,0.09062151279714373,0.05216068443324831,0.043206699606445104,0.027380099727047816,-0.015826599879397288,0.007317684590816498,-0.016310330894258287,-0.023628015485074785,-12.764008,-1.0
5,915,66421,3.0,147.0,144.0,1.0,2.0,1.0,0.01823325,0.01823325,-47.116547,-1.4940414,-0.00998703,-0.027529452,-0.009924147,-0.025918953,-0.06767542,-0.07477695,-0.0071015283,-0.104870655,0.017795764,0.12266642,-0.10781644,0.014036564,0.12185301,-0.110187374,0.0078005353,0.11798791,3.0,147.0,144.0,0.049119387,0.06735264,0.01823325,0.009002309,0.049826298,0.04082399,0.051786326,0.09754903,0.045762703,0.040117078,0.01752634,-0.022590738,-0.002666939,-0.030196391,-0.027529452,0.00024719536,-0.025671758,-0.025918953,0.0,0.0,0.0,7,7,0,2,0,-2,0.2857142857142857,0.0,-0.2857142857142857,1.8571428571428572,47.42857142857143,45.57142857142858,0.049119386821985245,0.06735263764858246,0.018233250826597214,0.009263490326702595,0.05013057536312512,0.04086708503642252,0.04952845509563174,0.09241401617016111,0.04288556107452937,0.03985589583005224,0.017222062285457338,-0.0226338335445949,-0.0004090682736464909,-0.025061378521578654,-0.024652310247932165,-47.116547,-0.2857142857142857
5,916,66464,4.0,10.0,6.0,7.0,5.0,-2.0,0.04293027,0.04293027,-53.952972,-1.8358383,0.0051784925,-0.0013791695,0.002710104,-0.0034932457,-0.33736148,-0.33843914,-0.001077652,-0.1365478,-0.2680549,-0.1315071,-0.1313342,-0.2757265,-0.1443923,-0.16039191,-0.28850204,-0.12811013,4.0,10.0,6.0,0.037883777,0.08081405,0.04293027,0.0020429778,0.0454055,0.04336252,0.04441158,0.08872102,0.04430944,0.0358408,0.03540855,-0.00043224916,-0.006527804,-0.007906973,-0.0013791695,-0.0019706674,-0.005463913,-0.0034932457,0.0,0.0,0.0,10,10,0,3,0,-3,0.3,0.0,-0.3,1.9,3.1,1.2000000000000002,0.03788377717137337,0.08081404864788055,0.04293027147650719,0.0019628734909929333,0.04553663320839405,0.04357375971740112,0.040446197241544725,0.08438832461833953,0.04394212737679481,0.03592090383172035,0.0352774154394865,-0.0006434883922338472,-0.0025624200701713563,-0.0035742759704589845,-0.0010118559002876282,-53.952972,-0.3
5,917,66479,4.0,586.0,582.0,3.0,14.0,11.0,0.008567836,0.008567836,-47.54126,-1.2548084,-0.004665084,-0.038806725,-0.0061476715,-0.040818665,0.15226099,0.05274002,-0.09952097,0.30341268,0.2717557,-0.03165698,0.32177043,0.3136002,-0.008170217,0.31242016,0.29887006,-0.013550103,4.0,586.0,582.0,0.039226655,0.04779449,0.008567836,0.00824768,0.051064137,0.042816456,0.04594227,0.09331683,0.04737456,0.030978974,-0.0032696463,-0.03424862,-0.0067156143,-0.04552234,-0.038806725,-0.0012870543,-0.04210572,-0.040818665,0.0,0.0,0.0,11,11,0,2,0,-2,0.18181818181818182,0.0,-0.18181818181818182,2.090909090909091,179.0,176.9090909090909,0.039226654917001724,0.047794491052627563,0.00856783613562584,0.008398214482109655,0.051386521282521164,0.042988306800411505,0.04135847091674805,0.08970168029720132,0.04834320938045328,0.03082844005389647,-0.0035920302298935976,-0.03442047028379007,-0.0021318159997463226,-0.04190718924457377,-0.039775373244827446,-47.54126,-0.18181818181818182
5,918,66489,19.0,96.0,77.0,94.0,1.0,-93.0,0.043372504,0.043372504,-35.185455,-1.1243572,0.013662323,-0.021312688,0.014402892,-0.020006,0.14379561,0.111635484,-0.032160126,0.058092643,0.046172146,-0.011920497,0.06627819,0.047496095,-0.018782094,0.08152937,0.06107503,-0.02045434,19.0,96.0,77.0,0.021550812,0.064923316,0.043372504,-0.010404392,0.0415948,0.051999193,0.03257068,0.09725587,0.064685196,0.031955205,0.023328517,-0.008626688,-0.011019867,-0.032332554,-0.021312688,-0.008394705,-0.028400704,-0.020006,0.0,0.0,0.0,12,12,0,0,0,0,0.0,0.0,0.0,6.416666666666667,31.25,24.833333333333332,0.02155081182718277,0.06492331624031067,0.0433725044131279,-0.01033095526508987,0.0419513201341033,0.05228227539919317,0.029677990823984146,0.09508441264430682,0.06540642182032268,0.03188176701466242,0.02297199610620737,-0.008909770908455052,-0.008127178996801376,-0.03016109640399615,-0.022033917407194775,-35.185455,0.0
5,919,66580,1.0,77.0,76.0,1.0,1.0,0.0,0.019040514,0.019040514,-77.8006,-2.668581,-0.0046714023,-0.0393065,-0.006487027,-0.037363283,0.11450754,0.26220474,0.1476972,-0.06216501,0.026395928,0.08856094,-0.058217388,0.039130986,0.09734838,-0.04137419,0.072022006,0.1133962,1.0,77.0,76.0,0.052894343,0.07193486,0.019040514,0.006149097,0.04831067,0.042161573,0.040441584,0.0987886,0.058347013,0.046745244,0.023624185,-0.023121059,0.012452759,-0.02685374,-0.0393065,0.013846599,-0.023516685,-0.037363283,1.0,0.0,-1.0,7,7,0,7,0,-7,1.0,0.0,-1.0,1.0,27.857142857142858,26.857142857142858,0.05289434269070625,0.07193485647439957,0.019040513783693314,0.006108857358672789,0.04860003452215876,0.04249117716348597,0.03787891300661223,0.09485865810087749,0.056979745094265254,0.046785486063786914,0.02333482195224081,-0.023450664111546105,0.01501542968409402,-0.022923801626477922,-0.03793923131057194,-77.8006,-1.0
5,920,66643,13.0,470.0,457.0,1.0,2.0,1.0,0.008780096,0.008780096,-48.02649,-1.5952663,-0.0021153763,-0.029758614,-0.0014628395,-0.030487496,0.5637388,0.5747072,0.010968387,0.26187605,0.2917822,0.029906154,0.26113358,0.29193404,0.030800462,0.3235276,0.3565685,0.03304088,13.0,470.0,457.0,0.04186211,0.050642207,0.008780096,0.008571799,0.049838822,0.041267022,0.05444991,0.09298862,0.03853871,0.03329031,0.00080338493,-0.032486927,-0.012587797,-0.04234641,-0.029758614,-0.0077250414,-0.038212538,-0.030487496,0.0,0.0,0.0,8,8,0,0,0,0,0.0,0.0,0.0,4.625,144.875,140.25,0.041862111538648605,0.05064220726490021,0.008780095726251602,0.008828522986732423,0.04981321468949318,0.040984691702760756,0.04983225045725703,0.08853306248784065,0.03870081203058362,0.03303358843550086,0.0008289925754070282,-0.03220459586009383,-0.007970138918608427,-0.037890855222940445,-0.029920716304332018,-48.02649,0.0
5,921,66773,1.0,3.0,2.0,1.0,1.0,0.0,0.034639686,0.034639686,-47.605133,-1.1663532,-0.010428816,-0.019052368,-0.007818911,-0.016373083,-0.017291704,0.07982664,0.09711834,0.12712255,0.053837467,-0.07328509,0.07530867,0.033071287,-0.042237386,0.06583634,0.04021957,-0.025616769,1.0,3.0,2.0,0.05610554,0.090745226,0.034639686,0.0059591504,0.050140396,0.044181246,0.04439162,0.098083675,0.053692054,0.05014639,0.04060483,-0.00954156,0.011713918,-0.0073384494,-0.019052368,0.015998282,-0.00037480146,-0.016373083,1.0,0.0,-1.0,8,8,0,8,2,-6,1.0,0.25,-0.75,1.0,1.875,0.875,0.056105539202690125,0.0907452255487442,0.03463968634605408,0.006183293473441154,0.050387210212647915,0.04420391673920676,0.04106110846623778,0.09403051156550646,0.052969403099268675,0.04992224555462599,0.04035801533609629,-0.009564230218529701,0.015044430736452341,-0.0032852860167622566,-0.018329716753214598,-47.605133,-0.75
5,922,66836,1.0,272.0,271.0,1.0,1.0,0.0,0.0014944263,0.0014944263,-73.12729,-2.969473,-0.012811091,-0.041089647,-0.012833551,-0.043573327,0.56727767,0.53641003,-0.030867636,0.44896463,0.4357738,-0.013190836,0.45112547,0.4423694,-0.008756071,0.49637523,0.48000184,-0.016373396,1.0,272.0,271.0,0.056182455,0.05767688,0.0014944263,0.0043772645,0.048529007,0.044151742,0.046490084,0.08907416,0.042584073,0.05180519,0.009147875,-0.042657316,0.009692371,-0.031397276,-0.041089647,0.014880203,-0.028693125,-0.043573327,1.0,0.0,-1.0,8,8,0,8,0,-8,1.0,0.0,-1.0,1.0,80.125,79.125,0.05618245527148247,0.057676881551742554,0.001494426280260086,0.004492181877139956,0.04858626704663038,0.04409408516949043,0.042201220989227295,0.08639013301581144,0.04418891202658415,0.05169027345255017,0.009090614505112171,-0.042599658947438,0.013981234282255173,-0.02871325146406889,-0.04269448574632406,-73.12729,-1.0
5,923,66946,3.0,4.0,1.0,1.0,1.0,0.0,0.046824455,0.046824455,-49.37079,-1.5405197,-8.578226e-05,0.0016599819,-0.0025445186,-0.0013188682,0.49695474,0.5532885,0.05633378,0.12446515,0.37701413,0.252549,0.16491736,0.4062729,0.24135552,0.21626882,0.4350147,0.21874587,3.0,4.0,1.0,0.042796806,0.08962126,0.046824455,0.010134181,0.051450435,0.041316256,0.046202756,0.09136723,0.045164473,0.032662623,0.038170826,0.005508203,-0.003405951,-0.001745969,0.0016599819,0.00079026446,-0.0005286038,-0.0013188682,0.0,0.0,0.0,9,9,0,8,4,-4,0.8888888888888888,0.4444444444444444,-0.4444444444444444,1.1111111111111112,1.7777777777777777,0.6666666666666665,0.04279680550098419,0.08962126076221466,0.04682445526123047,0.010322021630903086,0.05201348248455259,0.041691460853649505,0.03929378464818001,0.08962744888332155,0.050333664235141545,0.032474783145719104,0.03760777827766207,0.005132995131942965,0.003503020852804184,-6.188121106889513e-06,-0.0035092089739110735,-49.37079,-0.4444444444444444
5,924,66976,36.0,138.0,102.0,25.0,11.0,-14.0,0.038224667,0.038224667,-23.70163,-0.035806656,0.007350279,-0.012470366,0.007184932,-0.01611255,-0.20172319,-0.104764774,0.09695841,0.015104589,-0.051292088,-0.066396676,0.018018994,-0.052315757,-0.07033475,-0.010293952,-0.06569175,-0.055397794,36.0,138.0,102.0,0.029591246,0.067815915,0.038224667,0.012125842,0.051513895,0.039388053,0.04365262,0.094347656,0.050695036,0.017465403,0.01630202,-0.001163384,-0.014061375,-0.026531741,-0.012470366,-0.008655736,-0.024768285,-0.01611255,0.0,0.0,0.0,6,6,0,0,0,0,0.0,0.0,0.0,10.166666666666666,43.5,33.333333333333336,0.02959124557673931,0.06781591475009918,0.03822466917335987,0.012271898332983255,0.051639851182699203,0.03936795284971595,0.03836765264471372,0.09226885810494423,0.05390120546023051,0.01731934677809477,0.01617606356739998,-0.0011432832106947899,-0.008776407067974409,-0.024452943354845047,-0.015676536286870636,-23.70163,0.0
5,925,67045,8.0,341.0,333.0,17.0,9.0,-8.0,0.020622842,0.020622842,-28.312378,-0.36191177,0.015097331,-0.03619773,0.008431602,-0.031988252,0.21929196,0.15684803,-0.062443927,0.050462563,0.24809413,0.19763157,0.06613519,0.27182263,0.20568743,0.09321974,0.27627075,0.183051,8.0,341.0,333.0,0.030462697,0.05108554,0.020622842,-0.0013013891,0.044902842,0.04620423,0.03761697,0.09443754,0.05682057,0.031764086,0.0061826967,-0.02558139,-0.007154271,-0.043352,-0.03619773,-0.0037637986,-0.03575205,-0.031988252,0.0,0.0,0.0,8,8,0,1,0,-1,0.125,0.0,-0.125,3.0,101.5,98.5,0.03046269714832306,0.051085539162158966,0.020622842013835907,-0.001409865013556555,0.04475294845178723,0.04616281346534379,0.03450054535642266,0.08998600207269192,0.055485456716269255,0.031872562132775784,0.006332590710371733,-0.02553997142240405,-0.004037848208099604,-0.03890046291053295,-0.03486261470243335,-28.312378,-0.125
5,926,67113,4.0,191.0,187.0,2.0,2.0,0.0,0.022791099,0.022791099,-27.131927,-0.48718452,-0.0048285015,-0.027564134,-0.0010961667,-0.027279478,0.6908533,0.62417376,-0.06667954,0.49887112,0.507464,0.008592874,0.5169416,0.5271979,0.01025629,0.55547684,0.569938,0.01446116,4.0,191.0,187.0,0.04148591,0.06427701,0.022791099,0.008437878,0.050214455,0.041776575,0.048826464,0.0991817,0.050355233,0.03304803,0.014062554,-0.018985476,-0.007340554,-0.03490469,-0.027564134,-0.003065344,-0.030344822,-0.027279478,0.0,0.0,0.0,9,9,0,2,0,-2,0.2222222222222222,0.0,-0.2222222222222222,2.0,58.666666666666664,56.666666666666664,0.04148590937256813,0.06427700817584991,0.022791098803281784,0.008482307557844453,0.050271140618456736,0.041788833060612283,0.04481433125005828,0.09416385740041733,0.04934952615035905,0.03300360176298353,0.01400586755739318,-0.018997734205590353,-0.00332842187749015,-0.029886849224567413,-0.026558427347077265,-27.131927,-0.2222222222222222
5,927,67168,4.0,43.0,39.0,5.0,5.0,0.0,0.034785226,0.034785226,-43.05493,-0.8334751,0.0017109476,-0.010980997,-0.00040642172,-0.012431376,-0.055752475,-0.082635045,-0.02688257,-0.03178273,-0.0026674331,0.029115299,-0.04879266,-0.023929263,0.024863398,-0.052122783,-0.033816673,0.01830611,4.0,43.0,39.0,0.04511375,0.079898976,0.034785226,0.011182105,0.051646136,0.04046403,0.0530996,0.09886582,0.045766223,0.033931643,0.02825284,-0.0056788027,-0.007985849,-0.018966846,-0.010980997,-0.0010827407,-0.013514116,-0.012431376,0.0,0.0,0.0,9,9,0,5,0,-5,0.5555555555555556,0.0,-0.5555555555555556,1.8888888888888888,14.222222222222221,12.333333333333332,0.04511374980211258,0.07989897578954697,0.03478522598743439,0.011303785774442885,0.0518095340165827,0.040505748242139816,0.04612193753321966,0.09178372058603498,0.045661783052815326,0.0338099640276697,0.028089441772964265,-0.0057205222547054325,-0.001008187731107076,-0.01188474479648802,-0.010876557065380944,-43.05493,-0.5555555555555556
5,928,67204,1.0,132.0,131.0,2.0,6.0,4.0,0.021333616,0.021333616,-6.1401367,0.9070072,-0.00088923424,-0.03289831,-0.0024858937,-0.03172216,0.21061322,0.24141993,0.030806705,0.20672671,0.18571553,-0.021011189,0.20457043,0.18343794,-0.021132484,0.21361111,0.1949628,-0.018648311,1.0,132.0,131.0,0.04745209,0.068785705,0.021333616,0.012208295,0.050619368,0.038411073,0.041618727,0.095850654,0.054231927,0.035243794,0.018166337,-0.017077457,0.0058333613,-0.02706495,-0.03289831,0.006899141,-0.024823017,-0.03172216,1.0,0.0,-1.0,13,13,0,13,0,-13,1.0,0.0,-1.0,1.0,40.46153846153846,39.46153846153846,0.047452088445425034,0.06878570467233658,0.021333616226911545,0.012304843689959783,0.050689784093545034,0.038384940403585255,0.040969427388447985,0.09257671982049942,0.051607292432051435,0.03514724482710545,0.018095920578791544,-0.017051324248313904,0.006482661056977052,-0.023791015148162842,-0.030273676205139894,-6.1401367,-1.0
5,929,67237,3.0,151.0,148.0,1.0,2.0,1.0,0.018820766,0.018820766,-53.880615,-1.7798519,-0.007578712,-0.025213841,-0.006402377,-0.025276247,0.2506909,0.1585374,-0.092153504,0.13745008,0.13552849,-0.0019215941,0.14027648,0.12813765,-0.012138829,0.16168423,0.1393738,-0.022310436,3.0,151.0,148.0,0.045003187,0.06382395,0.018820766,0.00777141,0.046815738,0.039044328,0.047190353,0.09122496,0.044034608,0.037231777,0.017008215,-0.020223562,-0.0021871664,-0.027401008,-0.025213841,0.0013156049,-0.023960643,-0.025276247,0.0,0.0,0.0,8,8,0,3,0,-3,0.375,0.0,-0.375,1.75,46.5,44.75,0.04500318691134453,0.06382395327091217,0.018820766359567642,0.007910573913250118,0.04705684771761298,0.03914627380436286,0.043595556169748306,0.08756001200526953,0.04396445583552122,0.03709261259064078,0.01676710555329919,-0.020325507037341595,0.001407630741596222,-0.023736058734357357,-0.02514368947595358,-53.880615,-0.375
5,930,67252,8.0,101.0,93.0,1.0,1.0,0.0,0.036261205,0.036261205,-41.0968,-1.5220909,0.00058256276,-0.020471573,-0.0014611185,-0.021279838,0.34480098,0.38207856,0.03727758,0.30459827,0.3308384,0.02624014,0.30610567,0.34450093,0.038395256,0.32333606,0.3645046,0.04116854,8.0,101.0,93.0,0.033095475,0.06935668,0.036261205,0.0025530506,0.0479532,0.04540015,0.038131807,0.094864585,0.056732778,0.030542424,0.02140348,-0.009138944,-0.0050363317,-0.025507905,-0.020471573,-0.0025141425,-0.02379398,-0.021279838,0.0,0.0,0.0,4,4,0,1,0,-1,0.25,0.0,-0.25,3.0,33.5,30.5,0.033095475286245346,0.06935667991638184,0.03626120463013649,0.0029176489333622158,0.04846625495702028,0.04554860602365807,0.03552909102290869,0.09113166108727455,0.055602570064365864,0.0301778269931674,0.020890424959361553,-0.009287402033805847,-0.0024336157366633415,-0.021774981170892715,-0.019341365434229374,-41.0968,-0.25
5,931,67295,484.0,367.0,-117.0,622.0,482.0,-140.0,0.05360443,0.05360443,-56.42462,-2.2533894,0.019891031,0.002453912,0.01868936,0.0020197816,-0.10504658,-0.079829015,0.025217563,0.020911139,-0.038774792,-0.05968593,0.011844558,-0.05034838,-0.062192935,-0.0019209578,-0.057762425,-0.05584147,484.0,367.0,-117.0,0.0010908985,0.05469533,0.05360443,0.0012510632,0.048080966,0.0468299,0.04295521,0.09410573,0.05115052,-0.00016016467,0.0066143647,0.0067745293,-0.04186431,-0.039410397,0.002453912,-0.038343746,-0.036323965,0.0020197816,0.0,0.0,0.0,9,9,0,0,0,0,0.0,0.0,0.0,148.88888888888889,113.22222222222223,-35.66666666666666,0.001090898527763784,0.05469533056020737,0.05360443203244358,0.0015733708148925668,0.04865332610077328,0.047079955285880715,0.03818430792954233,0.08905786607000563,0.05087355814046329,-0.00048247228712878295,0.0060420044594340855,0.006524476746562868,-0.03709340881970194,-0.03436253550979826,0.002730873309903681,-56.42462,0.0
5,932,67363,2.0,43.0,41.0,3.0,3.0,0.0,0.034493774,0.034493774,-99.82614,-4.62397,0.004145976,-0.020987768,-0.0013370812,-0.02102417,0.17657292,0.048941575,-0.12763134,-0.03310953,0.020360267,0.0534698,-0.040271673,0.0199256,0.06019727,-0.010461692,0.026211658,0.036673352,2.0,43.0,41.0,0.03132928,0.065823056,0.034493774,-0.0033119102,0.040798776,0.044110686,0.0358277,0.09130924,0.055481542,0.03464119,0.02502428,-0.009616911,-0.0044984184,-0.025486186,-0.020987768,0.0023317952,-0.018692374,-0.02102417,0.0,0.0,0.0,5,5,0,4,0,-4,0.8,0.0,-0.8,1.2,14.2,13.0,0.031329281628131866,0.06582305580377579,0.03449377417564392,-0.0033129749353975058,0.04089708775281906,0.04421006268821657,0.027678702399134635,0.08188208490610123,0.054203382506966595,0.03464225605130196,0.024925968050956725,-0.009716288000345234,0.0036505792289972306,-0.01605902910232544,-0.01970960833132267,-99.82614,-0.8
5,933,67742,1.0,189.0,188.0,1.0,1.0,0.0,0.014275629,0.014275629,-74.79346,-3.1592808,-0.0067500025,-0.039704524,-0.006318234,-0.03479897,0.04666626,0.10556048,0.05889422,0.23176563,0.07288862,-0.15887702,0.25036103,0.06414372,-0.18621731,0.24861884,0.079492494,-0.16912635,1.0,189.0,188.0,0.047079615,0.061355244,0.014275629,0.0053111017,0.047685392,0.04237429,0.045679513,0.09965967,0.053980153,0.041768514,0.013669852,-0.028098661,0.0014001019,-0.038304422,-0.039704524,0.005965069,-0.0288339,-0.03479897,1.0,0.0,-1.0,9,9,0,9,0,-9,1.0,0.0,-1.0,1.0,58.44444444444444,57.44444444444444,0.04707961529493332,0.06135524436831474,0.014275629073381424,0.005363900783575243,0.047990862280130386,0.04262696149655514,0.041274063703086644,0.08994086003965801,0.048666796336571366,0.04171571508049965,0.013364382088184357,-0.028351332992315292,0.005805551591846678,-0.028585615671343274,-0.034391167263189956,-74.79346,-1.0
5,934,67802,1.0,69.0,68.0,1.0,1.0,0.0,0.02177377,0.02177377,-81.67325,-2.686306,-0.0034810603,-0.027517281,-0.004910901,-0.027081735,0.41398126,0.38104475,-0.032936513,0.391222,0.5498585,0.15863651,0.4067309,0.55081785,0.14408696,0.42646092,0.5553461,0.12888515,1.0,69.0,68.0,0.050102167,0.07187594,0.02177377,0.0050299787,0.047831453,0.042801473,0.047913134,0.097204186,0.049291052,0.045072187,0.024044484,-0.021027703,0.0021890327,-0.025328249,-0.027517281,0.0062975883,-0.020784147,-0.027081735,1.0,0.0,-1.0,6,6,0,6,0,-6,1.0,0.0,-1.0,1.0,20.666666666666668,19.666666666666668,0.05010216683149338,0.07187593728303909,0.021773770451545715,0.004752900451421738,0.048410639787713684,0.04365773933629195,0.043924061581492424,0.09102460741996765,0.04710054583847523,0.045349265759189926,0.023465297495325405,-0.02188396826386452,0.006178105250000954,-0.01914867013692856,-0.025326775386929512,-81.67325,-1.0
5,935,67829,48.0,306.0,258.0,13.0,19.0,6.0,0.029882636,0.029882636,-50.918884,-1.3274841,0.00056851655,-0.024405148,0.0015329532,-0.023233853,0.100974455,0.07711535,-0.023859106,0.28031874,0.040808685,-0.23951006,0.25718793,0.033125527,-0.22406241,0.25471723,0.03788811,-0.21682912,48.0,306.0,258.0,0.027199041,0.057081677,0.029882636,0.0053663924,0.047836922,0.04247053,0.04472775,0.099015534,0.054287784,0.021832649,0.009244755,-0.012587894,-0.017528709,-0.041933857,-0.024405148,-0.016137548,-0.0393714,-0.023233853,0.0,0.0,0.0,9,9,0,0,0,0,0.0,0.0,0.0,15.444444444444445,94.22222222222223,78.77777777777779,0.027199041098356247,0.0570816770195961,0.029882635921239853,0.005413063336163759,0.0481752103401555,0.04276214700399174,0.043481396718157664,0.09839904722240236,0.0549176505042447,0.02178597781393263,0.008906466679440605,-0.012879511134492027,-0.016282355619801417,-0.041317370202806264,-0.025035014583004847,-50.918884,0.0
5,936,68023,2.0,144.0,142.0,1.0,1.0,0.0,0.017146558,0.017146558,-43.106293,-1.4218788,-0.0063899644,-0.021840274,-0.008401545,-0.023357525,0.76153344,0.7110007,-0.05053276,0.7423371,0.61303467,-0.12930244,0.74735564,0.61092335,-0.13643229,0.77694744,0.6705717,-0.106375754,2.0,144.0,142.0,0.044839423,0.06198598,0.017146558,0.005947965,0.047173586,0.04122562,0.046858184,0.085845016,0.038986832,0.038891457,0.014812395,-0.024079062,-0.002018761,-0.023859035,-0.021840274,0.0034387372,-0.019918788,-0.023357525,0.0,0.0,0.0,13,13,0,7,0,-7,0.5384615384615384,0.0,-0.5384615384615384,1.4615384615384615,45.53846153846154,44.07692307692308,0.04483942314982414,0.06198598071932793,0.017146557569503784,0.005933764748848402,0.047481971291395336,0.041548206542546935,0.04299559243596517,0.08339302356426533,0.04039743112830015,0.03890565840097574,0.014504009427932592,-0.02440164897304315,0.0018438307138589711,-0.0214070428449374,-0.02325087355879637,-43.106293,-0.5384615384615384
5,937,68168,7.0,49.0,42.0,1.0,1.0,0.0,0.038063787,0.038063787,-57.459778,-1.9923115,0.00064763054,-0.009394474,-0.00064296275,-0.012782175,0.06368177,-0.16355433,-0.22723609,-0.22215231,-0.109429516,0.11272279,-0.23280469,-0.1313493,0.10145539,-0.21879749,-0.14201565,0.07678184,7.0,49.0,42.0,0.035818912,0.0738827,0.038063787,-0.0010875586,0.04544529,0.046532847,0.04785811,0.09531637,0.04745826,0.03690647,0.02843741,-0.00846906,-0.0120391995,-0.021433674,-0.009394474,-0.005416494,-0.018198669,-0.012782175,0.0,0.0,0.0,8,8,0,2,0,-2,0.25,0.0,-0.25,2.25,15.125,12.875,0.035818912088871,0.07388269901275635,0.038063786923885345,-0.0016146560665220022,0.04555033799260855,0.04716499405913055,0.03999614389613271,0.09223552420735359,0.052239380311220884,0.03743356792256236,0.0283323610201478,-0.00910120690241456,-0.004177231807261705,-0.018352825194597244,-0.014175593387335539,-57.459778,-0.25
5,938,68278,62.0,68.0,6.0,7.0,12.0,5.0,0.043645523,0.043645523,-31.429047,-0.046470642,-0.0010616947,0.0005239714,-0.0016561244,-0.0011038464,0.61272967,0.5999759,-0.012753785,0.048732694,0.26342,0.21468729,0.027684812,0.2646334,0.23694858,0.10878693,0.35266182,0.24387488,62.0,68.0,6.0,0.029392695,0.07303822,0.043645523,0.014360148,0.05057741,0.03621726,0.04968486,0.092806414,0.043121554,0.015032547,0.02246081,0.0074282642,-0.020292165,-0.019768193,0.0005239714,-0.015972184,-0.01707603,-0.0011038464,0.0,0.0,0.0,13,13,0,0,0,0,0.0,0.0,0.0,22.0,23.23076923076923,1.23076923076923,0.029392695054411888,0.07303822040557861,0.043645525351166725,0.014455102599011017,0.050837154571826644,0.036382051972815625,0.045358552382542536,0.09129302203655243,0.04593446965400989,0.014937592312120475,0.022201065833751973,0.007263473521631498,-0.015965857328130648,-0.018254801630973816,-0.0022889443028431683,-31.429047,0.0
5,939,68311,1.0,105.0,104.0,1.0,2.0,1.0,0.026276235,0.026276235,-55.512238,-1.9278374,-0.0056861043,-0.02497333,-0.008374367,-0.026526794,0.11135714,0.06520135,-0.046155788,0.062674254,0.1257905,0.06311625,0.025701944,0.09917524,0.07347329,0.03764504,0.10308302,0.06543799,1.0,105.0,104.0,0.039966952,0.06624319,0.026276235,0.005195151,0.047916558,0.042721406,0.038313642,0.089563206,0.051249564,0.0347718,0.018326629,-0.016445171,0.0016533099,-0.02332002,-0.02497333,0.005129665,-0.021397129,-0.026526794,1.0,0.0,-1.0,6,6,0,6,0,-6,1.0,0.0,-1.0,1.0,32.666666666666664,31.666666666666664,0.03996695205569267,0.06624318659305573,0.026276234537363052,0.00516413152217865,0.047951645528276764,0.042787514006098114,0.03413254457215468,0.0878122163315614,0.05367967175940672,0.03480282053351402,0.018291541064778965,-0.016511279468735058,0.0058344074835379916,-0.02156902973850568,-0.02740343722204367,-55.512238,-1.0
5,940,68339,1.0,24.0,23.0,1.0,1.0,0.0,0.030136377,0.030136377,-14.518097,0.19445038,0.0016736314,-0.022393543,-0.0026914738,-0.021772854,0.250048,0.4395792,0.18953118,0.21484365,0.26721895,0.0523753,0.24686636,0.3019998,0.055133447,0.2724679,0.34650084,0.07403293,1.0,24.0,23.0,0.05031649,0.08045287,0.030136377,0.009090156,0.051322762,0.042232607,0.039818373,0.09234829,0.05252992,0.041226335,0.029130105,-0.01209623,0.010498118,-0.011895426,-0.022393543,0.012897909,-0.008874945,-0.021772854,1.0,0.0,-1.0,8,8,0,8,0,-8,1.0,0.0,-1.0,1.0,8.5,7.5,0.05031649023294449,0.08045286685228348,0.03013637661933899,0.009383340366184711,0.051637784112244844,0.04225444374606013,0.03766707656905055,0.09010285325348377,0.05243577668443322,0.04093314986675978,0.028815082740038633,-0.012118067126721144,0.012649413663893938,-0.009649986401200294,-0.022299400065094233,-14.518097,-1.0
5,941,68418,1.0,128.0,127.0,1.0,1.0,0.0,0.016371872,0.016371872,-66.09042,-2.5551186,3.8277358e-05,-0.025128428,-0.0035221837,-0.03146021,0.27646577,0.22505899,-0.051406786,0.21754706,0.22288606,0.0053389966,0.21499246,0.20336236,-0.011630103,0.22602877,0.21635109,-0.009677678,1.0,128.0,127.0,0.050218713,0.066590585,0.016371872,0.0014635931,0.04843741,0.046973817,0.04672297,0.08822327,0.0415003,0.04875512,0.018153176,-0.030601945,0.0034957416,-0.021632686,-0.025128428,0.010281235,-0.021178976,-0.03146021,1.0,0.0,-1.0,11,11,0,11,0,-11,1.0,0.0,-1.0,1.0,38.81818181818182,37.81818181818182,0.05021871253848076,0.06659058481454849,0.016371872276067734,0.001630018020726063,0.048528856513175095,0.04689883849244903,0.04235674965788017,0.08815305950966748,0.04579630985178731,0.04858869449658827,0.018061728301373394,-0.030526966195214878,0.007861962880600582,-0.021562474695118992,-0.029424437575719574,-66.09042,-1.0
5,942,68471,7.0,120.0,113.0,4.0,2.0,-2.0,0.031798776,0.031798776,-27.02124,-0.16877747,-0.00039935485,-0.022507653,0.0003697835,-0.019873362,0.3541132,0.41416234,0.060049146,-0.0095562665,0.028709685,0.03826595,-0.010815227,0.007437948,0.018253176,0.025112351,0.05541584,0.030303488,7.0,120.0,113.0,0.038258243,0.07005702,0.031798776,0.01041588,0.051078085,0.040662207,0.04417665,0.09848308,0.05430643,0.027842363,0.018978935,-0.008863429,-0.005918406,-0.028426059,-0.022507653,-0.0019133277,-0.02178669,-0.019873362,0.0,0.0,0.0,9,9,0,1,0,-1,0.1111111111111111,0.0,-0.1111111111111111,2.4444444444444446,36.888888888888886,34.44444444444444,0.03825824335217476,0.07005701959133148,0.03179877623915672,0.01027674258997043,0.05107110655970044,0.040794363969730005,0.03990366972155041,0.09305442952447468,0.05315075980292427,0.027981500865684614,0.018985913031631045,-0.008995587834053569,-0.0016454263693756526,-0.02299740993314319,-0.021351983563767538,-27.02124,-0.1111111111111111
5,943,68741,1.0,214.0,213.0,1.0,1.0,0.0,-0.0046539083,-0.0046539083,-74.025116,-3.1137695,-0.007609144,-0.037836522,-0.00693338,-0.04184792,0.54351175,0.52529705,-0.018214703,0.5467855,0.49022704,-0.05655843,0.54040027,0.50215584,-0.038244426,0.55137897,0.5182718,-0.03310716,1.0,214.0,213.0,0.05658985,0.05193594,-0.0046539083,-0.006573783,0.040797006,0.047370788,0.047104068,0.08028668,0.033182614,0.06316363,0.011138935,-0.052024696,0.009485781,-0.02835074,-0.037836522,0.017915685,-0.023932233,-0.04184792,1.0,0.0,-1.0,12,12,0,12,0,-12,1.0,0.0,-1.0,1.0,67.33333333333333,66.33333333333333,0.056589849293231964,0.051935940980911255,-0.004653908312320709,-0.006889362392636637,0.0409464364250501,0.04783579881768674,0.03614192999278506,0.07631064330538113,0.040168713312596076,0.0634792111814022,0.010989504555861155,-0.052489706625541054,0.02044791930044691,-0.024374702324469883,-0.04482262162491679,-74.025116,-1.0
5,944,68814,3.0,105.0,102.0,1.0,1.0,0.0,0.01954215,0.01954215,-67.9707,-3.0535316,-0.0067016818,-0.01956483,-0.007165864,-0.02339422,0.23054142,0.21825223,-0.012289196,0.25782555,0.24873978,-0.009085774,0.24189441,0.23854744,-0.0033469647,0.25787753,0.2457313,-0.0121462345,3.0,105.0,102.0,0.04212514,0.06166729,0.01954215,-0.0017694882,0.042839542,0.04460903,0.0465077,0.08561468,0.03910698,0.043894626,0.018827748,-0.025066879,-0.004382562,-0.023947392,-0.01956483,0.0043193586,-0.019074861,-0.02339422,0.0,0.0,0.0,11,11,0,8,0,-8,0.7272727272727273,0.0,-0.7272727272727273,1.3636363636363635,34.72727272727273,33.36363636363636,0.04212513938546181,0.06166728958487511,0.0195421501994133,-0.0016914366278797388,0.04319027371027253,0.04488171033815227,0.03483152050863613,0.0809417421167547,0.04611022160811857,0.043816576627167786,0.018477015874602577,-0.02533956075256521,0.00729361887682568,-0.019274452531879597,-0.026568071408705277,-67.9707,-0.7272727272727273
5,945,68842,2.0,50.0,48.0,3.0,2.0,-1.0,0.030526076,0.030526076,-49.242157,-1.9912567,1.0021031e-05,-0.014385626,0.00038982183,-0.021873042,0.69193,0.6592212,-0.032708824,0.35384685,0.31819344,-0.035653412,0.37406558,0.33166865,-0.042396933,0.44451827,0.39356312,-0.050955147,2.0,50.0,48.0,0.043121997,0.07364807,0.030526076,-0.0071743065,0.044044927,0.051219232,0.046254043,0.091165744,0.0449117,0.050296303,0.029603146,-0.020693157,-0.0031320453,-0.017517671,-0.014385626,0.005875297,-0.015997745,-0.021873042,0.0,0.0,0.0,7,7,0,7,0,-7,1.0,0.0,-1.0,1.0,15.857142857142858,14.857142857142858,0.04312199726700783,0.07364807277917862,0.03052607551217079,-0.0073403676173516685,0.04391483377133097,0.05125520138868264,0.03487548764262881,0.08939974116427558,0.054524253521646776,0.05046236515045166,0.02973323900784765,-0.02072912614260401,0.008246509624379022,-0.015751668385096958,-0.023998178009475978,-49.242157,-1.0
5,946,68858,11.0,41.0,30.0,14.0,13.0,-1.0,0.041402914,0.041402914,-41.342896,-0.9054699,0.0013630986,-0.0062086657,0.002879504,-0.009220637,0.116740406,0.09407799,-0.022662416,0.046615865,0.028912706,-0.017703159,0.040278383,0.026594186,-0.013684196,0.046807207,0.03519642,-0.011610787,11.0,41.0,30.0,0.03465975,0.076062664,0.041402914,0.009027799,0.049159497,0.0401317,0.046407156,0.094018735,0.04761158,0.025631953,0.026903167,0.0012712143,-0.011747405,-0.01795607,-0.0062086657,-0.0057918355,-0.015012473,-0.009220637,0.0,0.0,0.0,11,11,0,0,0,0,0.0,0.0,0.0,3.8181818181818183,14.545454545454545,10.727272727272727,0.03465975075960159,0.07606266438961029,0.0414029136300087,0.009019009006971663,0.049332774498245933,0.04031376549127427,0.03886101598089391,0.09054532647132874,0.05168431049043482,0.025640741498632866,0.026729889891364357,0.0010891483927314913,-0.004201265221292322,-0.014482662081718445,-0.010281396860426123,-41.342896,0.0
5,947,68897,3.0,2.0,-1.0,4.0,1.0,-3.0,0.05456448,0.05456448,-41.81906,-1.2016392,0.0037519597,-0.0020477735,0.0022523515,0.0018341206,-0.25932682,-0.2696806,-0.010353774,-0.14968066,-0.07958457,0.07009609,-0.14686422,-0.08521442,0.0616498,-0.16131824,-0.107251726,0.054066516,3.0,2.0,-1.0,0.044392493,0.09895697,0.05456448,0.008061831,0.05126186,0.04320003,0.046098076,0.10271033,0.056612253,0.036330663,0.04769511,0.011364449,-0.0017055832,-0.0037533566,-0.0020477735,0.0020955987,0.0039297193,0.0018341206,0.0,0.0,0.0,10,10,0,3,6,3,0.3,0.6,0.3,1.9,1.4,-0.5,0.04439249262213707,0.09895697236061096,0.05456447973847389,0.00810949904844165,0.0511961530894041,0.04308665404096246,0.043987156450748445,0.09583989307284355,0.0518527366220951,0.036282993480563165,0.04776081927120686,0.011477825790643693,0.0004053361713886261,0.00311707928776741,0.002711743116378784,-41.81906,0.3
5,948,69007,2.0,614.0,612.0,2.0,30.0,28.0,0.009654004,0.009654004,-33.585327,-0.35724068,-0.009043377,-0.044025235,-0.009660777,-0.045448627,0.3362196,0.39580184,0.059582233,0.14663391,0.06663099,-0.08000292,0.16113748,0.090703785,-0.07043369,0.1893828,0.13825321,-0.051129594,2.0,614.0,612.0,0.03458017,0.044234175,0.009654004,0.0034438774,0.048388727,0.04494485,0.038681965,0.092361204,0.05367924,0.031136293,-0.004154552,-0.035290845,-0.004101794,-0.04812703,-0.044025235,0.0025448203,-0.042903807,-0.045448627,0.0,0.0,0.0,13,13,0,11,0,-11,0.8461538461538461,0.0,-0.8461538461538461,1.1538461538461537,189.15384615384616,188.0,0.03458017110824585,0.044234175235033035,0.009654004126787186,0.003522924380376935,0.04881984711839603,0.045296922738019094,0.03276549308345868,0.08666042983531952,0.05389493675186084,0.03105724660249857,-0.00458567188336299,-0.035642918485861555,0.0018146780247871692,-0.042426254600286484,-0.044240932625073656,-33.585327,-0.8461538461538461
5,949,69025,5.0,3.0,-2.0,4.0,5.0,1.0,0.045353137,0.045353137,-40.07672,-1.1806221,0.001732856,6.936118e-05,0.00034358725,0.0017940067,0.30307677,0.26526868,-0.03780809,0.1311095,0.085296616,-0.04581289,0.13153818,0.06250643,-0.06903175,0.16395663,0.09412984,-0.06982679,5.0,3.0,-2.0,0.040747464,0.0861006,0.045353137,0.0087032,0.04908212,0.04037892,0.04519834,0.090482116,0.045283776,0.03204426,0.03701848,0.00497422,-0.0044508763,-0.004381515,6.936118e-05,-0.0019403882,-0.00014638156,0.0017940067,0.0,0.0,0.0,10,10,0,3,3,0,0.3,0.3,0.0,2.0,1.8,-0.19999999999999996,0.04074746370315552,0.08610060065984726,0.04535313695669174,0.008757241535931826,0.04917808398604393,0.040420842450112106,0.041738180443644524,0.08687926232814788,0.04514108188450336,0.03199022226035595,0.03692251667380333,0.004932294413447377,-0.000990716740489006,-0.0007786616683006286,0.0002120550721883774,-40.07672,0.0
5,950,69030,78.0,639.0,561.0,21.0,20.0,-1.0,0.02566161,0.02566161,-58.0036,-2.2234726,0.005242277,-0.027320914,0.004081333,-0.025711086,0.31331468,0.40183094,0.088516265,0.09734006,0.36169627,0.2643562,0.066539556,0.37023842,0.30369887,0.103894345,0.39442098,0.29052663,78.0,639.0,561.0,0.017502595,0.043164205,0.02566161,0.002475618,0.047880217,0.045404598,0.035974957,0.08895748,0.052982524,0.015026977,-0.0047160126,-0.01974299,-0.018472362,-0.045793276,-0.027320914,-0.016517475,-0.04222856,-0.025711086,0.0,0.0,0.0,8,8,0,0,0,0,0.0,0.0,0.0,22.625,192.625,170.0,0.017502594739198685,0.0431642048060894,0.025661610066890717,0.0023687150242039934,0.047829958610236645,0.04546124358603265,0.03411205089651048,0.08524524047970772,0.051133189583197236,0.015133879729546607,-0.0046657538041472435,-0.01979963353369385,-0.016609456157311797,-0.04208103567361832,-0.02547157951630652,-58.0036,0.0
5,951,69130,1.0,16.0,15.0,1.0,1.0,0.0,0.027401134,0.027401134,-61.731964,-2.1067638,-0.008578494,-0.033589803,-0.008358039,-0.030424535,-0.25337344,-0.35239476,-0.099021316,-0.103945784,0.10721452,0.2111603,-0.114568554,0.11171857,0.22628713,-0.14419463,0.026123278,0.17031792,1.0,16.0,15.0,0.05424141,0.081642546,0.027401134,0.002564465,0.048220195,0.04565573,0.034665152,0.09565609,0.060990937,0.051676948,0.03342235,-0.018254597,0.019576259,-0.014013544,-0.033589803,0.020886168,-0.009538367,-0.030424535,1.0,0.0,-1.0,5,5,0,5,0,-5,1.0,0.0,-1.0,1.0,6.8,5.8,0.05424141138792038,0.08164254575967789,0.027401134371757507,0.003289085999131203,0.04927002936601639,0.045980943366885185,0.03356636092066765,0.09266113191843033,0.059094770997762676,0.05095232576131821,0.032372516393661496,-0.018579809367656713,0.02067505046725273,-0.011018586158752442,-0.031693636626005176,-61.731964,-1.0
5,952,69214,1.0,413.0,412.0,1.0,1.0,0.0,-0.006500803,-0.006500803,-70.58359,-2.598362,-0.008860331,-0.04804868,-0.01083901,-0.04729099,0.7550201,0.7999644,0.044944346,0.5339461,0.62617505,0.09222895,0.5510426,0.63868636,0.08764374,0.607196,0.6879977,0.080801725,1.0,413.0,412.0,0.054939363,0.04843856,-0.006500803,-0.00011224623,0.0449129,0.045025147,0.048152346,0.08970022,0.041547876,0.05505161,0.0035256594,-0.05152595,0.006787017,-0.04126166,-0.04804868,0.011565778,-0.03572521,-0.04729099,1.0,0.0,-1.0,12,12,0,12,0,-12,1.0,0.0,-1.0,1.0,127.58333333333333,126.58333333333333,0.05493936315178871,0.04843856021761894,-0.006500802934169769,0.00019707322841592637,0.04543099210908016,0.045233918880664234,0.04538789577782154,0.0849090963602066,0.03952120058238506,0.05474229032794634,0.0030075681085387864,-0.05173472221940756,0.00955146737396717,-0.03647053614258766,-0.04602200351655483,-70.58359,-1.0
5,953,69240,63.0,544.0,481.0,14.0,1.0,-13.0,0.023806361,0.023806361,-16.516998,0.012134552,0.0067982674,-0.035440333,0.004350206,-0.031398267,0.6521237,0.6813039,0.029180229,0.45281312,0.387353,-0.065460116,0.4786891,0.42243567,-0.056253433,0.5246729,0.49259987,-0.03207305,63.0,544.0,481.0,0.020420393,0.044226754,0.023806361,-0.0005384264,0.045285493,0.04582392,0.03890104,0.098147735,0.059246697,0.020958818,-0.0010587387,-0.022017557,-0.018480645,-0.05392098,-0.035440333,-0.015894594,-0.047292862,-0.031398267,0.0,0.0,0.0,5,5,0,0,0,0,0.0,0.0,0.0,20.0,165.6,145.6,0.020420392975211143,0.0442267544567585,0.023806361481547356,-0.00014901358517818152,0.04551590234041214,0.04566491592559032,0.03769430443644524,0.09192484319210052,0.05423053875565528,0.020569406822323798,-0.0012891478836536407,-0.02185855470597744,-0.017273911461234092,-0.04769808873534202,-0.03042417727410793,-16.516998,0.0
5,954,69442,1.0,1.0,0.0,1.0,1.0,0.0,0.036408134,0.036408134,-76.3367,-3.0037231,-0.0019585118,-0.0038754754,-0.009737745,-0.0051992536,0.09163171,0.11609347,0.024461761,0.07140916,-0.07646262,-0.14787178,0.06282358,-0.09584698,-0.15867056,0.07144512,-0.07707226,-0.14851739,1.0,1.0,0.0,0.06310481,0.09951294,0.036408134,0.015105833,0.049288556,0.034182724,0.054063503,0.09434711,0.04028361,0.047998976,0.050224386,0.0022254102,0.009041306,0.0051658303,-0.0038754754,0.014212199,0.009012945,-0.0051992536,1.0,1.0,0.0,13,13,0,13,13,0,1.0,1.0,0.0,1.0,1.0,0.0,0.06310480833053589,0.09951294213533401,0.036408133804798126,0.015178949787066532,0.04960644015899071,0.03442749037192418,0.04838307431110969,0.09188377971832569,0.043500705407216,0.047925858543469355,0.049906501976343304,0.001980643432873949,0.014721734019426199,0.007629162417008326,-0.007092571602417872,-76.3367,0.0
5,955,69502,1.0,29.0,28.0,1.0,1.0,0.0,0.017564528,0.017564528,-60.137848,-2.2636204,-0.002534721,-0.039105777,-0.0037120618,-0.034159545,0.56819236,0.54779464,-0.020397723,0.49647436,0.31485018,-0.18162417,0.5011072,0.3179061,-0.1832011,0.530528,0.36120144,-0.16932657,1.0,29.0,28.0,0.05847878,0.07604331,0.017564528,0.0045284964,0.047288783,0.042760286,0.036869127,0.09353943,0.056670304,0.053950284,0.028754525,-0.025195759,0.021609653,-0.017496124,-0.039105777,0.022582244,-0.011577301,-0.034159545,1.0,0.0,-1.0,6,6,0,6,0,-6,1.0,0.0,-1.0,1.0,9.5,8.5,0.05847878009080887,0.07604330778121948,0.017564527690410614,0.004608311535169681,0.04770269120732943,0.04309437967215975,0.03463770014544328,0.08509208013614018,0.0504543799906969,0.05387046871085962,0.02834061657389005,-0.02552985213696957,0.02384107994536559,-0.009048772354920706,-0.03288985230028629,-60.137848,-1.0
5,956,69614,4.0,207.0,203.0,1.0,2.0,1.0,0.01528671,0.01528671,-74.000305,-2.5655708,-0.0027286336,-0.030747611,-0.008817926,-0.029326327,0.3934319,0.44868982,0.055257916,0.22246686,0.20522681,-0.017240047,0.21804792,0.2103891,-0.0076588243,0.260036,0.25918263,-0.0008533597,4.0,207.0,203.0,0.04613709,0.0614238,0.01528671,0.010809824,0.048043475,0.03723365,0.052015983,0.098050304,0.04603432,0.035327267,0.013380326,-0.02194694,-0.005878892,-0.036626503,-0.030747611,-0.0018568933,-0.03118322,-0.029326327,0.0,0.0,0.0,12,12,0,3,0,-3,0.25,0.0,-0.25,2.0833333333333335,67.16666666666667,65.08333333333334,0.046137090772390366,0.06142380088567734,0.015286710113286972,0.010925475119923552,0.04835922922939062,0.03743375410946707,0.04864490466813246,0.09352559968829155,0.04488069502015909,0.03521161526441574,0.013064571656286716,-0.022147043608129025,-0.0025078138957420983,-0.03210179880261421,-0.029593984906872112,-74.000305,-0.25
5,957,69616,18.0,279.0,261.0,1.0,1.0,0.0,0.026250724,0.026250724,-38.134552,-1.3411484,0.0015807934,-0.02062659,-0.0019722935,-0.019657414,0.43199614,0.4098686,-0.022127539,0.16381842,0.1926437,0.028825283,0.14920901,0.1819032,0.03269419,0.18085912,0.21723786,0.03637874,18.0,279.0,261.0,0.0314541,0.057704825,0.026250724,0.0062947916,0.048881393,0.042586602,0.042776156,0.08965347,0.046877313,0.02515931,0.008823432,-0.016335879,-0.011322055,-0.031948645,-0.02062659,-0.009264596,-0.02892201,-0.019657414,0.0,0.0,0.0,13,13,0,0,0,0,0.0,0.0,0.0,6.615384615384615,84.23076923076923,77.61538461538461,0.03145410120487213,0.057704824954271317,0.026250723749399185,0.0063956532842264725,0.049053436575027615,0.042657783290801145,0.04128967483456318,0.08689574152231216,0.04560606668774898,0.025058447741545163,0.008651388379243704,-0.01640705936230146,-0.009835573629691051,-0.029190916568040848,-0.019355342938349798,-38.134552,0.0
5,958,69785,4.0,6.0,2.0,1.0,1.0,0.0,0.047465272,0.047465272,-39.775604,-0.97976685,0.00019421056,0.0010640547,-0.00112091,-0.0022378303,0.1877786,0.2866784,0.0988998,0.120986946,0.12938778,0.008400835,0.11511653,0.1393835,0.024266966,0.12667398,0.16669488,0.040020898,4.0,6.0,2.0,0.043665305,0.09113058,0.047465272,0.0010246626,0.04829743,0.047272768,0.055653036,0.10205425,0.046401218,0.04264064,0.042833146,0.00019250438,-0.011987731,-0.010923676,0.0010640547,-0.001414638,-0.0036524683,-0.0022378303,0.0,0.0,0.0,10,10,0,2,1,-1,0.2,0.1,-0.1,2.0,2.8,0.7999999999999998,0.04366530478000641,0.0911305770277977,0.04746527224779129,0.0009314729453762993,0.048412854224443434,0.047481381279067134,0.04869622215628624,0.09531043916940689,0.04661421701312065,0.0427338320761919,0.042717722803354265,-1.610927283763469e-05,-0.005030917376279831,-0.004179862141609192,0.0008510552346706396,-39.775604,-0.1
5,959,69813,1.0,1.0,0.0,1.0,1.0,0.0,0.040143892,0.040143892,-54.200134,-1.815815,0.00037611276,-0.009569507,-0.0015797913,-0.007445447,-0.06097263,-0.18442285,-0.12345022,-0.21367942,-0.36219987,-0.14852045,-0.21003987,-0.36744913,-0.15740927,-0.20801014,-0.36990047,-0.16189033,1.0,1.0,0.0,0.05088857,0.09103246,0.040143892,0.008714241,0.048977174,0.040262934,0.04079551,0.09050891,0.0497134,0.042174328,0.042055286,-0.00011904165,0.010093059,0.0005235523,-0.009569507,0.012893431,0.0054479837,-0.007445447,1.0,1.0,0.0,7,7,0,7,7,0,1.0,1.0,0.0,1.0,1.0,0.0,0.05088856816291809,0.09103246033191681,0.04014389216899872,0.008288942077862365,0.048948977674756734,0.04066003559689437,0.038058950432709286,0.08512562939098903,0.04706667895827974,0.0425996258854866,0.042083482657160075,-0.000516143228326528,0.012829617730208806,0.005906830940927778,-0.006922786789281029,-54.200134,0.0
5,960,69831,154.0,355.0,201.0,44.0,46.0,2.0,0.034740537,0.034740537,-65.51575,-2.3229027,0.006054025,-0.011590552,0.001423277,-0.011127502,-0.11358634,-0.04650916,0.067077175,0.16056052,0.15544662,-0.0051138997,0.15537792,0.16011699,0.004739061,0.1362814,0.15100169,0.014720291,154.0,355.0,201.0,0.015604328,0.050344866,0.034740537,0.003380058,0.044509422,0.041129366,0.05109902,0.09743011,0.04633109,0.01222427,0.0058354437,-0.0063888263,-0.035494693,-0.047085244,-0.011590552,-0.02790628,-0.03903378,-0.011127502,0.0,0.0,0.0,13,13,0,0,0,0,0.0,0.0,0.0,48.15384615384615,107.3076923076923,59.15384615384615,0.015604328364133835,0.05034486576914787,0.03474053740501404,0.003479080543351861,0.04474732881555191,0.04126824827220005,0.041651976509736136,0.0904216726238911,0.048769696114154965,0.012125247874512123,0.005597536953595968,-0.006527710920916155,-0.0260476481456023,-0.04007680685474323,-0.014029158709140926,-65.51575,0.0
5,961,69839,32.0,130.0,98.0,27.0,3.0,-24.0,0.041500513,0.041500513,-48.371124,-2.2837963,0.009167708,-0.008695636,0.0064575598,-0.007611554,-0.13948496,-0.09477018,0.04471478,-0.08142592,0.023832317,0.10525824,-0.08502019,0.026736699,0.11175689,-0.09738016,0.017738739,0.1151189,32.0,130.0,98.0,0.020143922,0.061644435,0.041500513,-0.002664941,0.044964205,0.047629148,0.036094718,0.086290866,0.05019615,0.022808863,0.01668023,-0.0061286334,-0.015950795,-0.024646431,-0.008695636,-0.013933163,-0.021544717,-0.007611554,0.0,0.0,0.0,12,12,0,0,0,0,0.0,0.0,0.0,9.583333333333334,40.0,30.416666666666664,0.020143922418355942,0.06164443492889404,0.0415005125105381,-0.002509744343115017,0.04523802176117897,0.04774776610429399,0.03398439443359772,0.08363010610143344,0.04964571166783572,0.02265366679057479,0.016406413167715073,-0.006247253622859716,-0.013840472015241781,-0.021985671172539394,-0.008145199157297613,-48.371124,0.0
5,962,69854,1.0,83.0,82.0,1.0,1.0,0.0,0.015634451,0.015634451,-63.991913,-2.818596,-0.00023694709,-0.043315858,-0.00025361776,-0.045950998,0.36389047,0.34249324,-0.021397233,0.301668,0.34765282,0.045984834,0.29511243,0.34872505,0.05361262,0.31046066,0.36901426,0.058553606,1.0,83.0,82.0,0.051508535,0.067142986,0.015634451,-0.00881679,0.044047054,0.052863844,0.039873306,0.098823614,0.05895031,0.060325325,0.023095932,-0.037229393,0.011635229,-0.03168063,-0.043315858,0.0189736,-0.026977398,-0.045950998,1.0,0.0,-1.0,6,6,0,6,0,-6,1.0,0.0,-1.0,1.0,27.0,26.0,0.05150853469967842,0.06714298576116562,0.015634451061487198,-0.008780008337150017,0.04436876252293587,0.05314877086008588,0.03264822158962488,0.09537901480992635,0.06273079322030146,0.06028854288160801,0.02277422323822975,-0.03751431964337826,0.01886031311005354,-0.02823602904876073,-0.04709634215881427,-63.991913,-1.0
5,963,69918,2.0,281.0,279.0,5.0,10.0,5.0,0.015486531,0.015486531,-44.84088,-1.2521534,-0.0023467839,-0.038458623,-0.0030109584,-0.03941828,-0.26807427,-0.27901605,-0.010941774,-0.33884543,-0.33708882,0.0017566085,-0.33799642,-0.33426666,0.0037297606,-0.3452269,-0.34387776,0.0013491511,2.0,281.0,279.0,0.04176864,0.05725517,0.015486531,0.005565493,0.047473826,0.04190833,0.043379396,0.09732455,0.053945154,0.036203146,0.009781346,-0.0264218,-0.0016107559,-0.04006938,-0.038458623,0.0021776631,-0.037240617,-0.03941828,0.0,0.0,0.0,10,10,0,8,0,-8,0.8,0.0,-0.8,1.2,85.5,84.3,0.0417686402797699,0.05725517123937607,0.01548653095960617,0.005466348119080066,0.04757560715079308,0.04210925903171301,0.039726163074374196,0.094245545566082,0.054519382491707805,0.03630229160189628,0.009679564088582993,-0.02662272751331329,0.0020424772053956987,-0.03699037432670593,-0.039032851532101634,-44.84088,-0.8
5,964,70038,3.0,87.0,84.0,1.0,2.0,1.0,0.016878333,0.016878333,-92.22574,-3.836628,-0.0033191144,-0.028144356,-0.0026119389,-0.026380409,0.5199352,0.56806177,0.04812658,0.47123536,0.48253152,0.011296153,0.46145448,0.48980767,0.028353184,0.48942727,0.51110995,0.02168268,3.0,87.0,84.0,0.05262981,0.06950814,0.016878333,0.00070637674,0.04554485,0.044838473,0.05410298,0.09912567,0.04502269,0.05192343,0.023963291,-0.02796014,-0.0014731698,-0.029617526,-0.028144356,0.005036805,-0.021343604,-0.026380409,0.0,0.0,0.0,9,9,0,6,0,-6,0.6666666666666666,0.0,-0.6666666666666666,1.3333333333333333,27.11111111111111,25.77777777777778,0.05262980982661247,0.0695081427693367,0.016878332942724228,0.0004761325164710999,0.04573957829011811,0.045263445773647014,0.04656672394937939,0.09267883085542256,0.046112106906043164,0.052153677162196904,0.023768564479218587,-0.028385112682978317,0.0060630858772330815,-0.02317068808608585,-0.02923377396331893,-92.22574,-0.6666666666666666
5,965,70075,2.0,100.0,98.0,1.0,1.0,0.0,0.02038436,0.02038436,-43.976044,-1.561943,-0.0022895746,-0.02746525,-0.004345592,-0.026545893,0.25521863,0.17403574,-0.08118288,0.11615745,-0.05440677,-0.17056422,0.103234425,-0.04369245,-0.14692688,0.1500204,-0.009213574,-0.15923399,2.0,100.0,98.0,0.050156068,0.07054043,0.02038436,0.00976787,0.049257487,0.039489616,0.052341864,0.100191474,0.04784961,0.040388197,0.021282941,-0.019105256,-0.0021857955,-0.029651046,-0.02746525,0.0043485574,-0.022197336,-0.026545893,0.0,0.0,0.0,8,8,0,4,0,-4,0.5,0.0,-0.5,1.5,31.5,30.0,0.05015606805682182,0.0705404281616211,0.02038436010479927,0.009852433344349265,0.049288580659776926,0.03943614731542766,0.04749191924929619,0.09164190199226141,0.04414998274296522,0.0403036349453032,0.021251847501844168,-0.019051787443459034,0.0026641488075256348,-0.021101473830640316,-0.02376562263816595,-43.976044,-0.5
5,966,70095,20.0,95.0,75.0,14.0,36.0,22.0,0.034882598,0.034882598,-84.02313,-3.2687263,-0.0003983155,-0.015475869,-0.0021233968,-0.013178736,0.16160032,0.1448423,-0.016758025,0.2910429,0.4133212,0.1222783,0.27846372,0.41740957,0.13894585,0.29437345,0.41447446,0.120101005,20.0,95.0,75.0,0.02978114,0.06466374,0.034882598,0.0024579796,0.043948647,0.041490667,0.044875167,0.095233634,0.050358467,0.02732316,0.020715091,-0.006608069,-0.015094027,-0.030569896,-0.015475869,-0.013086677,-0.026265413,-0.013178736,0.0,0.0,0.0,10,10,0,0,0,0,0.0,0.0,0.0,6.7,29.8,23.1,0.029781140387058258,0.06466373801231384,0.034882597625255585,0.002384387468919158,0.044209695607423785,0.04182530813850463,0.043724683299660685,0.09278310835361481,0.04905842505395412,0.027396753244102002,0.02045404240489006,-0.006942710839211941,-0.013943542912602424,-0.028119370341300964,-0.01417582742869854,-84.02313,0.0
5,967,70193,4.0,38.0,34.0,2.0,7.0,5.0,0.029211324,0.029211324,-47.254944,-1.5573063,0.0006302148,-0.008115891,-0.005827777,-0.012395453,0.25307125,0.40299657,0.14992532,0.3937944,0.39771387,0.003919482,0.40074536,0.40250805,0.0017626882,0.40364608,0.42246053,0.018814445,4.0,38.0,34.0,0.047768306,0.07697963,0.029211324,0.012247017,0.05187206,0.03962504,0.056903005,0.09423022,0.037327215,0.03552129,0.02510757,-0.010413721,-0.009134699,-0.01725059,-0.008115891,-0.00079064444,-0.013186097,-0.012395453,0.0,0.0,0.0,12,12,0,5,0,-5,0.4166666666666667,0.0,-0.4166666666666667,1.9166666666666667,11.666666666666666,9.75,0.047768305987119675,0.0769796296954155,0.029211323708295822,0.012276088120415807,0.05205389050145944,0.039777802381043635,0.04943240030358235,0.08969959678749244,0.04026719648391009,0.03549221778909365,0.02492573919395606,-0.010566478595137593,-0.0016640943164626758,-0.012719967092076937,-0.011055872775614262,-47.254944,-0.4166666666666667
5,968,70232,4.0,97.0,93.0,8.0,11.0,3.0,0.03356236,0.03356236,-47.78775,-1.3938122,0.0050204135,-0.01732885,0.0010468513,-0.020210844,0.090445526,0.027165115,-0.06328041,0.021823607,-0.04684853,-0.068672135,-0.05317344,-0.10472691,-0.05155347,-0.039814126,-0.09965234,-0.059838217,4.0,97.0,93.0,0.036770444,0.0703328,0.03356236,0.003746162,0.049253795,0.045507632,0.042771276,0.093662485,0.05089121,0.03302428,0.021079008,-0.011945274,-0.0060008317,-0.023329683,-0.01732885,-0.0015310608,-0.021741904,-0.020210844,0.0,0.0,0.0,6,6,0,4,0,-4,0.6666666666666666,0.0,-0.6666666666666666,1.5,31.666666666666668,30.166666666666668,0.03677044436335564,0.07033280283212662,0.03356235846877098,0.003741910409492751,0.04965004945794741,0.04590813904845466,0.03582672898968061,0.09267156198620796,0.05684483299652735,0.03302853492399057,0.020682753374179203,-0.012345781549811367,0.0009437153736750284,-0.022338759154081345,-0.023282474527756374,-47.78775,-0.6666666666666666
5,969,70335,1.0,6.0,5.0,2.0,1.0,-1.0,0.049536705,0.049536705,-61.243988,-2.6565342,0.015486933,-0.0145764835,0.010308377,-0.013150886,-0.17503804,-0.19027871,-0.015240669,-0.21803996,-0.08831299,0.12972698,-0.24097502,-0.105443425,0.1355316,-0.24605028,-0.12806359,0.117986694,1.0,6.0,5.0,0.03724055,0.086777255,0.049536705,-0.012958163,0.04236725,0.05532541,0.029188033,0.09330122,0.064113185,0.05019871,0.044410005,-0.0057887062,0.008052517,-0.006523967,-0.0145764835,0.008571282,-0.0045796037,-0.013150886,1.0,0.0,-1.0,10,10,0,10,2,-8,1.0,0.2,-0.8,1.0,2.4,1.4,0.03724054992198944,0.08677725493907928,0.049536705017089844,-0.01296603437513113,0.04298999197781086,0.05595602635294199,0.028758605010807514,0.0912536323070526,0.06249502729624509,0.05020658448338509,0.043787262961268426,-0.006419321522116661,0.008481944911181927,-0.004476377367973327,-0.012958322279155254,-61.243988,-0.8
5,970,70360,25.0,582.0,557.0,3.0,1.0,-2.0,0.011786092,0.011786092,-73.582855,-2.6571693,0.0076115318,-0.01951246,0.0016580969,-0.023550536,0.47671893,0.53283644,0.056117505,0.41914213,0.42215598,0.0030138493,0.4261049,0.44048777,0.014382869,0.46479443,0.49649888,0.031704456,25.0,582.0,557.0,0.03191919,0.04370528,0.011786092,0.005145903,0.046095163,0.04094926,0.061317254,0.092615806,0.03129855,0.026773285,-0.0023898818,-0.029163167,-0.029398065,-0.048910525,-0.01951246,-0.02112919,-0.044679727,-0.023550536,0.0,0.0,0.0,3,3,0,0,0,0,0.0,0.0,0.0,7.333333333333333,177.0,169.66666666666666,0.03191918879747391,0.043705280870199203,0.011786092072725296,0.004770417387286822,0.04676025484999021,0.04198983746270339,0.05330689003070196,0.08775285134712855,0.0344459613164266,0.027148771410187084,-0.0030549739797910056,-0.03020374538997809,-0.021387701233228047,-0.044047570476929344,-0.022659869243701298,-73.582855,0.0
5,971,70368,5.0,17.0,12.0,1.0,1.0,0.0,0.044167247,0.044167247,-77.56354,-2.7880802,-0.00097385794,-0.013975877,-0.0008474849,-0.00875321,-0.016834676,0.08754261,0.104377285,0.03356187,0.10723841,0.07367654,0.02630761,0.09003011,0.0637225,0.023646124,0.09618874,0.072542615,5.0,17.0,12.0,0.03678153,0.08094878,0.044167247,0.006563587,0.048625983,0.042062394,0.042149283,0.10029241,0.058143124,0.030217944,0.032322794,0.0021048505,-0.005367752,-0.01934363,-0.013975877,-0.0015534535,-0.010306664,-0.00875321,0.0,0.0,0.0,15,15,0,7,0,-7,0.4666666666666667,0.0,-0.4666666666666667,1.8,6.466666666666667,4.666666666666667,0.03678153082728386,0.08094877749681473,0.04416724666953087,0.006489883890996377,0.04877325842777888,0.042283374536782506,0.03746237630645434,0.09148126244544982,0.054018886138995484,0.030291646843155225,0.032175519069035846,0.0018838722258806215,-0.0006808454791704814,-0.010532484948635101,-0.009851639469464619,-77.56354,-0.4666666666666667
5,972,70427,5.0,106.0,101.0,2.0,1.0,-1.0,0.036808543,0.036808543,-65.18262,-2.2345734,0.0054094642,-0.02501836,0.0013789497,-0.020714615,0.57835513,0.5873535,0.008998394,0.53557646,0.40354055,-0.13203591,0.5349729,0.40952626,-0.12544665,0.5480869,0.44430426,-0.103782624,5.0,106.0,101.0,0.0321533,0.068961844,0.036808543,0.0067889155,0.05063679,0.043847874,0.03560901,0.097435914,0.061826903,0.025364386,0.018325053,-0.0070393328,-0.0034557097,-0.02847407,-0.02501836,-0.0018671043,-0.022581719,-0.020714615,0.0,0.0,0.0,9,9,0,0,0,0,0.0,0.0,0.0,2.3333333333333335,32.55555555555556,30.222222222222225,0.03215330094099045,0.06896184384822845,0.03680854290723801,0.006826560116476483,0.05092346171538035,0.044096901598903865,0.03449408585826556,0.09174267119831508,0.05724858534004953,0.025326741031474538,0.018038382132848103,-0.007288358898626435,-0.0023407849172751107,-0.022780827350086637,-0.020440042432811525,-65.18262,0.0
5,973,70505,6.0,419.0,413.0,5.0,3.0,-2.0,0.010530651,0.010530651,-62.3656,-2.7656174,0.0022374503,-0.026691541,0.001573503,-0.031162176,0.5388477,0.6601247,0.121277034,0.12981585,0.017800452,-0.1120154,0.1357876,-0.0017497338,-0.13753735,0.24281955,0.14466807,-0.098151475,6.0,419.0,413.0,0.036104634,0.046635285,0.010530651,-0.005149,0.042770837,0.047919836,0.048431054,0.085653245,0.03722219,0.041253634,0.0038644485,-0.037389185,-0.012326419,-0.03901796,-0.026691541,-0.0049173795,-0.036079556,-0.031162176,0.0,0.0,0.0,9,9,0,1,0,-1,0.1111111111111111,0.0,-0.1111111111111111,3.0,127.55555555555556,124.55555555555556,0.036104634404182434,0.04663528501987457,0.010530650615692139,-0.004793586933778392,0.04304792649216122,0.04784151342593961,0.04330880112118191,0.08160710914267434,0.03829830802149243,0.0408982208205594,0.003587358527713352,-0.037310862292846046,-0.007204166716999478,-0.03497182412279977,-0.02776765740580029,-62.3656,-0.1111111111111111
5,974,70585,100.0,147.0,47.0,32.0,15.0,-17.0,0.043465402,0.043465402,-7.631012,0.69223595,0.009467881,-0.011953384,0.010714319,-0.011161964,0.22219665,0.2609232,0.038726553,0.043591253,0.20125793,0.15766668,0.019552216,0.2044868,0.18493459,0.054520886,0.22409865,0.16957776,100.0,147.0,47.0,0.024589855,0.06805526,0.043465402,0.012159992,0.05104009,0.0388801,0.04200509,0.097423874,0.055418786,0.012429863,0.017015167,0.0045853034,-0.017415233,-0.029368617,-0.011953384,-0.014425639,-0.025587603,-0.011161964,0.0,0.0,0.0,9,9,0,0,0,0,0.0,0.0,0.0,29.555555555555557,46.44444444444444,16.888888888888886,0.02458985522389412,0.06805525720119476,0.043465401977300644,0.012337780557572842,0.051316474460893206,0.038978693903320365,0.03958659122387568,0.0935637570089764,0.05397716578510072,0.012252074666321278,0.016738782740301557,0.004486708073980279,-0.014996735999981562,-0.025508499807781644,-0.010511763807800082,-7.631012,0.0
5,975,70589,48.0,34.0,-14.0,10.0,52.0,42.0,0.04641291,0.04641291,-55.137512,-1.9241257,-0.00055393204,0.0015280619,-0.0033893771,0.00043530017,-0.07140203,0.0064609046,0.07786293,0.15957512,0.09767592,-0.0618992,0.13595045,0.08144413,-0.054506317,0.109991364,0.07563522,-0.034356147,48.0,34.0,-14.0,0.03252301,0.07893592,0.04641291,0.01098399,0.049442362,0.038458373,0.052867677,0.09775253,0.04488485,0.021539021,0.02949356,0.007954538,-0.020344667,-0.018816605,0.0015280619,-0.015386544,-0.014951244,0.00043530017,0.0,0.0,0.0,9,9,0,0,0,0,0.0,0.0,0.0,14.88888888888889,10.11111111111111,-4.777777777777779,0.032523009926080704,0.07893592119216919,0.046412911266088486,0.01111881724662251,0.049203286982244916,0.038084469735622406,0.048549539099136986,0.0930350265569157,0.044485487457778715,0.021404192886418767,0.029732634209924273,0.008328441323505506,-0.016026529173056286,-0.014099105364746518,0.0019274238083097674,-55.137512,0.0
5,976,70671,1.0,16.0,15.0,1.0,2.0,1.0,0.028644,0.028644,-43.214233,-1.2287159,-0.006827943,-0.016346548,-0.007563822,-0.018025897,0.3894925,0.39368492,0.004192412,0.1475036,0.3223683,0.1748647,0.15085247,0.32573166,0.1748792,0.19044678,0.35044587,0.15999909,1.0,16.0,15.0,0.052751195,0.081395194,0.028644,0.008297574,0.048158355,0.03986078,0.046492442,0.09148299,0.044990547,0.04445362,0.03323684,-0.011216782,0.006258752,-0.010087796,-0.016346548,0.009731047,-0.008294851,-0.018025897,1.0,0.0,-1.0,10,10,0,10,0,-10,1.0,0.0,-1.0,1.0,5.5,4.5,0.052751194685697556,0.08139519393444061,0.028643999248743057,0.008110031997784973,0.04807779416441917,0.039967762166634196,0.04377318099141121,0.08957485929131508,0.045801678299903864,0.04464116282761097,0.03331739977002144,-0.011323763057589531,0.008978013694286347,-0.008179665356874467,-0.017157679051160814,-43.214233,-1.0
5,977,70758,37.0,512.0,475.0,19.0,6.0,-13.0,0.019723143,0.019723143,-33.83429,-0.4725685,0.010241307,-0.020549312,0.0078114048,-0.025863934,0.3058432,0.40157157,0.09572837,0.4114334,0.22809117,-0.18334223,0.4270773,0.23512846,-0.19194883,0.43526804,0.26570195,-0.1695661,37.0,512.0,475.0,0.028405238,0.04812838,0.019723143,0.008552101,0.04766174,0.03910964,0.049243364,0.08951582,0.040272456,0.019853137,0.00046664104,-0.019386496,-0.020838127,-0.04138744,-0.020549312,-0.013706733,-0.039570667,-0.025863934,0.0,0.0,0.0,9,9,0,0,0,0,0.0,0.0,0.0,13.444444444444445,157.0,143.55555555555554,0.028405237942934036,0.04812838137149811,0.01972314342856407,0.008789406054549746,0.04812922618455357,0.039339820130003825,0.04599830094310972,0.08866740100913578,0.04266910006602606,0.019615831681423716,-8.448130554623074e-07,-0.01961667649447918,-0.01759306300017569,-0.04053901963763767,-0.02294595663746198,-33.83429,0.0
5,978,70764,1.0,77.0,76.0,1.0,1.0,0.0,0.012989797,0.012989797,-57.185394,-2.2805996,0.0009447597,-0.027200889,-0.0018201247,-0.031439494,0.49379247,0.536798,0.043005526,0.6585107,0.704366,0.045855343,0.6704461,0.709339,0.038892925,0.6863884,0.725724,0.03933561,1.0,77.0,76.0,0.05004715,0.06303695,0.012989797,-0.0010340918,0.044887807,0.0459219,0.042325992,0.08251668,0.040190686,0.051081244,0.018149141,-0.032932103,0.0077211596,-0.01947973,-0.027200889,0.015393537,-0.016045958,-0.031439494,1.0,0.0,-1.0,11,11,0,11,0,-11,1.0,0.0,-1.0,1.0,23.818181818181817,22.818181818181817,0.05004715174436569,0.0630369484424591,0.012989796698093414,-0.0011169067927932535,0.04490588436072523,0.04602279115351848,0.036049761047417465,0.07910601726987145,0.04305625622245398,0.051164058460430664,0.018131064081733875,-0.03303299437869679,0.013997390696948225,-0.016069068827412346,-0.030066459524360573,-57.185394,-1.0
5,979,70947,22.0,146.0,124.0,5.0,2.0,-3.0,0.04049333,0.04049333,-21.7453,-0.15635109,0.0069107935,-0.018601406,0.005343985,-0.015903838,-0.088613406,-0.07406108,0.014552325,-0.11777678,-0.0799051,0.03787168,-0.11284434,-0.07462141,0.03822293,-0.11516533,-0.07733116,0.037834167,22.0,146.0,124.0,0.025533117,0.06602645,0.04049333,0.0029416077,0.04875303,0.045811422,0.038095515,0.09719025,0.05909474,0.022591509,0.017273419,-0.0053180903,-0.012562398,-0.031163804,-0.018601406,-0.008763641,-0.02466748,-0.015903838,0.0,0.0,0.0,8,8,0,0,0,0,0.0,0.0,0.0,6.125,43.625,37.5,0.025533117353916168,0.06602644920349121,0.04049333184957504,0.0027351623139111325,0.04859191086143255,0.04585674854752142,0.0359651749022305,0.09000538568943739,0.05404021078720689,0.022797954734414816,0.01743453834205866,-0.005363416392356157,-0.010432057548314333,-0.02397893648594618,-0.013546878937631845,-21.7453,0.0
5,980,71025,246.0,177.0,-69.0,85.0,60.0,-25.0,0.047856092,0.047856092,1.7677307,1.4112167,0.009652007,-0.006669607,0.00800145,-0.007475324,0.40317604,0.4939697,0.09079367,0.14884128,0.12744068,-0.0214006,0.15623656,0.14225316,-0.013983399,0.19244832,0.19787972,0.0054313987,246.0,177.0,-69.0,0.018320173,0.066176265,0.047856092,0.01176434,0.051904544,0.040140204,0.04053917,0.09506487,0.0545257,0.006555833,0.014271721,0.0077158883,-0.022218999,-0.028888606,-0.006669607,-0.020503506,-0.02797883,-0.007475324,0.0,0.0,0.0,13,13,0,0,0,0,0.0,0.0,0.0,78.0,58.53846153846154,-19.46153846153846,0.018320173025131226,0.06617626547813416,0.04785609245300293,0.012115378076067338,0.05250166155971014,0.0403862834836428,0.03831141040875362,0.0942251539001098,0.05591374349135618,0.006204794949063888,0.01367460391842402,0.007469808969360132,-0.01999123738362239,-0.02804888842197565,-0.00805765103835326,1.7677307,0.0
5,981,71186,1.0,48.0,47.0,1.0,1.0,0.0,0.025978375,0.025978375,-45.310974,-1.4039803,-0.002495546,-0.022777759,-0.0057949238,-0.020894948,0.39934954,0.3148534,-0.08449614,0.27186412,0.22076197,-0.051102147,0.26202798,0.19663416,-0.06539382,0.2978535,0.23462082,-0.063232675,1.0,48.0,47.0,0.04449809,0.070476465,0.025978375,0.0047377665,0.047001474,0.04226371,0.04039931,0.08915544,0.048756134,0.03976032,0.023474991,-0.01628533,0.0040987805,-0.018678978,-0.022777759,0.0056680404,-0.015226908,-0.020894948,1.0,0.0,-1.0,6,6,0,6,0,-6,1.0,0.0,-1.0,1.0,16.166666666666668,15.166666666666668,0.04449808970093727,0.0704764649271965,0.02597837522625923,0.004805966396816075,0.04721633903682232,0.042410372640006244,0.03866033380230268,0.08767676477630933,0.049016430974006646,0.03969212373097738,0.023260125890374184,-0.016431997840603195,0.005837755898634593,-0.017200299849112827,-0.02303805574774742,-45.310974,-1.0
5,982,71229,2.0,32.0,30.0,1.0,1.0,0.0,0.023932233,0.023932233,-77.02905,-3.361084,0.0012515374,-0.013516139,-0.00079767033,-0.015993856,0.64437747,0.56646216,-0.07791531,0.47100446,0.48529437,0.014289916,0.50487995,0.5058831,0.0010031462,0.5467388,0.5526868,0.005948007,2.0,32.0,30.0,0.0491141,0.073046334,0.023932233,0.0014598577,0.045548715,0.044088855,0.05002137,0.08746974,0.037448373,0.04765424,0.02749762,-0.020156622,-0.0009072684,-0.014423408,-0.013516139,0.004754767,-0.011239089,-0.015993856,0.0,0.0,0.0,7,7,0,6,0,-6,0.8571428571428571,0.0,-0.8571428571428571,1.1428571428571428,11.142857142857142,10.0,0.04911410063505173,0.07304633408784866,0.023932233452796936,0.0013709819385050131,0.04560961627534458,0.04423863433683957,0.043335115270955224,0.08444348084075111,0.041108365569795885,0.04774311876722744,0.027436717812504088,-0.020306400954723355,0.005778985364096505,-0.01139714675290244,-0.017176132116998945,-77.02905,-0.8571428571428571
5,983,71232,1.0,15.0,14.0,1.0,1.0,0.0,0.03064527,0.03064527,-45.355255,-1.384592,0.005355485,-0.020455468,0.0016987696,-0.019879896,-0.11289698,-0.114386186,-0.0014892071,-0.020565195,-0.2291936,-0.2086284,-0.008312328,-0.221442,-0.21312967,-0.028108267,-0.20887089,-0.18076262,1.0,15.0,14.0,0.0496178,0.08026307,0.03064527,0.001203864,0.04760363,0.046399765,0.038004205,0.08910494,0.05110074,0.048413936,0.03265944,-0.015754495,0.011613596,-0.008841872,-0.020455468,0.013478372,-0.006401524,-0.019879896,1.0,0.0,-1.0,13,13,0,13,0,-13,1.0,0.0,-1.0,1.0,5.153846153846154,4.153846153846154,0.04961780086159706,0.08026307076215744,0.03064526990056038,0.0013207170525744844,0.04771493891110787,0.04639422185853338,0.03617641530357874,0.08640498438706765,0.050228569083488904,0.048297083721711084,0.03254813185104957,-0.015748951870661512,0.013441385558018317,-0.0061419136249102075,-0.019583299182928525,-45.355255,-1.0
5,984,71241,1.0,30.0,29.0,1.0,1.0,0.0,0.033832535,0.033832535,-38.61139,-1.5233021,-0.0007628724,-0.023595449,-0.0030862354,-0.021747697,0.16043027,0.228292,0.067861736,0.04908093,0.1341667,0.08508577,0.02937105,0.12113701,0.091765955,0.04753327,0.14066929,0.09313601,1.0,30.0,29.0,0.042207308,0.07603984,0.033832535,-0.0012656285,0.04394367,0.0452093,0.033999998,0.09142798,0.057427984,0.04347294,0.032096174,-0.011376765,0.00820731,-0.015388139,-0.023595449,0.009418506,-0.012329191,-0.021747697,1.0,0.0,-1.0,9,9,0,9,0,-9,1.0,0.0,-1.0,1.0,11.666666666666666,10.666666666666666,0.04220730811357498,0.07603984326124191,0.03383253514766693,-0.00106257080915384,0.04448560666706827,0.04554817747622211,0.03334933312402831,0.08840739064746433,0.055058057523436024,0.04326987928814358,0.03155423659417364,-0.011715642693969942,0.00885797498954667,-0.012367547386222415,-0.021225522375769086,-38.61139,-1.0
5,985,71410,1.0,56.0,55.0,1.0,1.0,0.0,0.02373473,0.02373473,-33.179657,-0.88879204,-0.00035021454,-0.026064392,-0.0055778623,-0.025065862,0.15457173,0.11544551,-0.039126217,0.080486625,0.04490347,-0.035583157,0.08140515,0.048982438,-0.03242271,0.097199954,0.060337976,-0.03686198,1.0,56.0,55.0,0.052310627,0.07604536,0.02373473,0.0055488315,0.047734946,0.042186115,0.041319013,0.091118135,0.049799122,0.046761796,0.02831041,-0.018451385,0.010991614,-0.015072778,-0.026064392,0.012339078,-0.012726784,-0.025065862,1.0,0.0,-1.0,13,13,0,13,0,-13,1.0,0.0,-1.0,1.0,18.846153846153847,17.846153846153847,0.052310626953840256,0.07604535669088364,0.02373472973704338,0.005795275649199119,0.04809912036244686,0.04230384471324774,0.03954535722732544,0.0890341171851525,0.04948875995782706,0.046515351018080346,0.027946236328436777,-0.01856911468964357,0.012765269726514816,-0.012988760494268857,-0.025754030220783673,-33.179657,-1.0
5,986,71450,1.0,192.0,191.0,1.0,1.0,0.0,0.011053406,0.011053406,-47.77472,-1.5109501,-0.012078751,-0.034432467,-0.012554351,-0.03771404,0.11760089,0.0771348,-0.040466085,0.052256823,0.11148741,0.05923059,0.075638674,0.13155228,0.055913605,0.084747985,0.130941,0.04619302,1.0,192.0,191.0,0.053759634,0.06481304,0.011053406,0.008836239,0.050939795,0.042103555,0.052023735,0.09750961,0.045485873,0.044923395,0.013873246,-0.03105015,0.0017358996,-0.032696567,-0.034432467,0.010273412,-0.02744063,-0.03771404,1.0,0.0,-1.0,9,9,0,9,0,-9,1.0,0.0,-1.0,1.0,60.22222222222222,59.22222222222222,0.053759634494781494,0.0648130401968956,0.011053405702114105,0.00904711563554075,0.051163338124752045,0.04211622248921129,0.04860843428307109,0.09248372332917319,0.0438752890461021,0.044712519066201314,0.013649702072143555,-0.03106281699405776,0.0051512002117104,-0.027670683132277593,-0.032821883343987994,-47.77472,-1.0
5,987,71753,2.0,2.0,0.0,3.0,1.0,-2.0,0.050455663,0.050455663,-52.33658,-2.4594822,0.010826152,-0.0014411919,0.0056089647,-0.0011738613,0.35351926,0.37517887,0.021659613,0.24671254,0.22781903,-0.01889351,0.25731182,0.24472234,-0.012589484,0.28767878,0.27982038,-0.007858396,2.0,2.0,0.0,0.04365282,0.094108485,0.050455663,-0.010383071,0.04333936,0.053722434,0.04557208,0.097468935,0.051896855,0.054035895,0.050769124,-0.0032667704,-0.0019192584,-0.0033604503,-0.0014411919,0.0027759522,0.0016020909,-0.0011738613,0.0,0.0,0.0,11,11,0,8,9,1,0.7272727272727273,0.8181818181818182,0.09090909090909094,1.2727272727272727,1.1818181818181819,-0.09090909090909083,0.04365282133221626,0.09410848468542099,0.05045566335320473,-0.010108178735456684,0.0437455956231464,0.053853774358603085,0.03957036256112836,0.09235798906196248,0.05278762650083412,0.053760999983007256,0.05036288906227459,-0.0033981109207326665,0.004082458771087907,0.0017504956234585154,-0.0023319631476293916,-52.33658,0.09090909090909094
5,988,71894,4.0,8.0,4.0,1.0,1.0,0.0,0.0397344,0.0397344,-49.37964,-0.88690186,-0.008660968,0.0010426119,-0.0070877746,-0.0029867291,0.47207817,0.43472913,-0.037349045,0.4234214,0.4436875,0.020266086,0.43713656,0.47504383,0.037907273,0.48611608,0.517076,0.030959934,4.0,8.0,4.0,0.049364857,0.08909926,0.0397344,0.014521903,0.05150022,0.036978316,0.05692017,0.09561196,0.03869179,0.034842953,0.03759904,0.0027560852,-0.0075553134,-0.0065127015,0.0010426119,-0.0016693026,-0.0046560317,-0.0029867291,0.0,0.0,0.0,8,8,0,6,2,-4,0.75,0.25,-0.5,1.5,2.5,1.0,0.049364857375621796,0.08909925818443298,0.03973440080881119,0.014554255525581539,0.05190696660429239,0.037352711078710854,0.04826869908720255,0.09251614194363356,0.04424744285643101,0.03481060126796365,0.03719229158014059,0.002381690312176943,0.0010961582884192467,-0.003416883759200573,-0.00451304204761982,-49.37964,-0.5
5,989,71928,2.0,413.0,411.0,1.0,2.0,1.0,0.008644935,0.008644935,-47.950592,-1.3325634,-0.007362943,-0.040922932,-0.0086435005,-0.039230447,0.06874254,0.14294855,0.07420601,0.12722367,0.012814696,-0.11440898,0.13609764,-0.017924724,-0.15402237,0.1398502,-0.0061318157,-0.14598201,2.0,413.0,411.0,0.04336947,0.052014403,0.008644935,0.011707476,0.04878713,0.03707965,0.04435497,0.09392284,0.049567867,0.03166199,0.0032272749,-0.028434716,-0.0009855032,-0.041908436,-0.040922932,0.0012326427,-0.037997805,-0.039230447,0.0,0.0,0.0,11,11,0,8,0,-8,0.7272727272727273,0.0,-0.7272727272727273,1.2727272727272727,125.72727272727273,124.45454545454547,0.04336946830153465,0.05201440304517746,0.008644934743642807,0.01184094629504464,0.049065299670804634,0.037224353375759994,0.0422038771212101,0.08952745659784837,0.047323579476638275,0.03152852217582139,0.002949103374372829,-0.02857941880144856,0.0011655911803245544,-0.037513053552670914,-0.03867864473299547,-47.950592,-0.7272727272727273
5,990,72015,1.0,2.0,1.0,2.0,2.0,0.0,0.045014184,0.045014184,-54.819366,-1.7316666,0.0043976977,-0.006025713,0.0019398369,-0.005644962,0.21462522,0.4077911,0.19316588,0.40179828,0.40666112,0.004862845,0.41567272,0.41345862,-0.002214104,0.42066917,0.4268322,0.006163031,1.0,2.0,1.0,0.04687589,0.091890074,0.045014184,0.006277214,0.05046836,0.044191144,0.04086189,0.09190179,0.051039897,0.040598676,0.041421715,0.00082303956,0.0060140006,-1.1712313e-05,-0.006025713,0.007750258,0.0021052957,-0.005644962,1.0,0.0,-1.0,9,9,0,9,7,-2,1.0,0.7777777777777778,-0.2222222222222222,1.0,1.2222222222222223,0.22222222222222232,0.04687589034438133,0.09189007431268692,0.04501418396830559,0.006443189043137763,0.05108435327808062,0.044641164234942854,0.03816975363426738,0.08994075407584508,0.051771000441577696,0.04043270150820414,0.0408057210346063,0.0003730195264021602,0.00870613671011395,0.0019493202368418376,-0.006756816473272112,-54.819366,-0.2222222222222222
5,991,72080,1.0,6.0,5.0,3.0,1.0,-2.0,0.040163055,0.040163055,-56.413574,-2.5683022,0.0057992376,-0.012592178,0.003783241,-0.01849451,0.4144947,0.44105905,0.02656436,0.36348015,0.3274992,-0.03598094,0.3701258,0.3312548,-0.03887099,0.40401047,0.36394727,-0.040063202,1.0,6.0,5.0,0.047371715,0.08753477,0.040163055,-0.012143808,0.041436616,0.053580426,0.040092032,0.092847265,0.052755233,0.059515525,0.046098154,-0.013417371,0.007279683,-0.005312495,-0.012592178,0.014421724,-0.0040727854,-0.01849451,1.0,0.0,-1.0,7,7,0,7,1,-6,1.0,0.14285714285714285,-0.8571428571428572,1.0,2.7142857142857144,1.7142857142857144,0.04737171530723572,0.08753477036952972,0.040163055062294006,-0.01223482470959425,0.041754955159766335,0.053989779869360585,0.036254823207855225,0.09144012310675212,0.055185299898896895,0.059606539351599555,0.04577981520976339,-0.013826724141836166,0.011116892099380493,-0.003905352737222399,-0.015022244836602892,-56.413574,-0.8571428571428572
5,992,72170,8.0,93.0,85.0,7.0,12.0,5.0,0.032870565,0.032870565,-69.766785,-2.8274841,-0.0029430017,-0.012585513,-0.0026420169,-0.013873782,0.17136629,0.16764954,-0.003716752,0.07608572,0.060952492,-0.015133224,0.02891946,0.06519799,0.03627853,0.052861996,0.09032771,0.037465714,8.0,93.0,85.0,0.035681043,0.06855161,0.032870565,0.006200566,0.047663018,0.04146245,0.047589738,0.093045816,0.045456078,0.029480476,0.02088859,-0.008591887,-0.011908695,-0.024494208,-0.012585513,-0.005134795,-0.019008577,-0.013873782,0.0,0.0,0.0,9,9,0,1,0,-1,0.1111111111111111,0.0,-0.1111111111111111,3.3333333333333335,28.666666666666668,25.333333333333336,0.035681042820215225,0.06855160742998123,0.032870564609766006,0.0061914269915885395,0.047675632354285985,0.041484205362697445,0.039680401898092695,0.09035643107361263,0.050676029175519936,0.029489615518185828,0.02087597507569525,-0.008613640442490578,-0.0039993590778774684,-0.021804823643631406,-0.017805464565753937,-69.766785,-0.1111111111111111
5,993,72209,1.0,28.0,27.0,2.0,1.0,-1.0,0.023785148,0.023785148,-91.52405,-4.280548,0.0022300482,-0.01905056,0.0010581426,-0.022678759,0.23947734,0.27637735,0.036900014,0.06618482,0.113230065,0.047045246,0.053011604,0.10009903,0.047087424,0.086578086,0.14919356,0.06261547,1.0,28.0,27.0,0.046780672,0.07056582,0.023785148,-0.006479916,0.042118777,0.04859869,0.043196786,0.086032495,0.04283571,0.053260587,0.028447043,-0.024813544,0.0035838857,-0.015466675,-0.01905056,0.01003604,-0.012642719,-0.022678759,1.0,0.0,-1.0,9,9,0,9,0,-9,1.0,0.0,-1.0,1.0,8.88888888888889,7.888888888888889,0.046780671924352646,0.07056581974029541,0.023785147815942764,-0.006650616725285848,0.04211293160915375,0.0487635483344396,0.03672805925210317,0.08157415605253643,0.044846096800433256,0.05343128906355964,0.028452888131141663,-0.024978400932417974,0.010052612672249476,-0.011008336312241025,-0.0210609489844905,-91.52405,-1.0
5,994,72257,9.0,133.0,124.0,6.0,23.0,17.0,0.02816939,0.02816939,-68.56326,-2.5972729,-0.0007136427,-0.012515068,-0.0022488758,-0.016347222,0.32571903,0.47005153,0.1443325,0.23388903,0.095896564,-0.13799247,0.2555628,0.09507014,-0.16049267,0.2908542,0.15798053,-0.13287365,9.0,133.0,124.0,0.04031596,0.06848535,0.02816939,0.012814824,0.050515592,0.03770077,0.05461557,0.095300026,0.040684458,0.027501136,0.017969757,-0.009531379,-0.014299609,-0.026814677,-0.012515068,-0.008900896,-0.025248118,-0.016347222,0.0,0.0,0.0,11,11,0,1,0,-1,0.09090909090909091,0.0,-0.09090909090909091,3.5454545454545454,40.54545454545455,37.0,0.040315959602594376,0.06848534941673279,0.028169389814138412,0.012743769975548441,0.05054104802283374,0.0377972780472853,0.04964702373201197,0.09371988678520377,0.044072863053191795,0.027572189711711624,0.01794430139389905,-0.009627888317812573,-0.009331064129417593,-0.025234537368470974,-0.015903473239053383,-68.56326,-0.09090909090909091
5,995,72312,23.0,657.0,634.0,2.0,2.0,0.0,0.01012855,0.01012855,-75.35193,-3.138937,-0.0010265447,-0.03492137,-0.00012212619,-0.033404037,0.2149019,0.2627906,0.047888696,0.5223956,0.12920585,-0.39318976,0.53464913,0.13861126,-0.39603788,0.52930284,0.17725746,-0.35204536,23.0,657.0,634.0,0.02973469,0.03986324,0.01012855,0.0041289353,0.045855958,0.04172702,0.047274902,0.09232482,0.04504992,0.025605755,-0.005992718,-0.03159847,-0.017540213,-0.052461583,-0.03492137,-0.0138491355,-0.047253173,-0.033404037,0.0,0.0,0.0,9,9,0,0,0,0,0.0,0.0,0.0,7.222222222222222,198.22222222222223,191.0,0.029734689742326736,0.03986323997378349,0.010128550231456757,0.0038922574733280474,0.0459396056830883,0.042047348209760256,0.04507764677206675,0.08627964639001423,0.04120199961794748,0.025842432346608903,-0.00607636570930481,-0.031918798055913716,-0.015342957029740015,-0.04641640641623073,-0.031073449386490717,-75.35193,0.0
5,996,72510,1.0,172.0,171.0,7.0,11.0,4.0,0.022304967,0.022304967,-19.442383,-0.033273697,-0.0037371442,-0.029524498,-0.00025185198,-0.02793961,0.8189451,0.80589473,-0.013050377,0.65645015,0.7326174,0.076167226,0.6737527,0.7420495,0.06829679,0.7240912,0.77063894,0.04654777,1.0,172.0,171.0,0.037744775,0.060049742,0.022304967,0.00026726464,0.04626523,0.045997966,0.036765628,0.08859509,0.051829465,0.037477512,0.013784513,-0.023692999,0.0009791479,-0.02854535,-0.029524498,0.0031698793,-0.02476973,-0.02793961,1.0,0.0,-1.0,8,8,0,8,0,-8,1.0,0.0,-1.0,1.0,52.25,51.25,0.03774477541446686,0.060049742460250854,0.022304967045783997,0.0004044929301016964,0.046478730626404285,0.04607423769630259,0.03580730548128486,0.08468320593237877,0.04887590045109391,0.03734028246253729,0.013571011833846569,-0.02376927062869072,0.0019374699331820011,-0.024633463472127914,-0.026570933405309916,-19.442383,-1.0
5,997,72605,1.0,6.0,5.0,1.0,1.0,0.0,0.022338852,0.022338852,-85.4003,-3.637106,-0.0053492226,-0.017161649,-0.005777076,-0.020644002,0.83693033,0.83038855,-0.0065417886,0.8137797,0.84814554,0.034365833,0.80927366,0.8501444,0.040870726,0.8389856,0.86831146,0.029325843,1.0,6.0,5.0,0.061331302,0.083670154,0.022338852,0.0045311204,0.04696256,0.04243144,0.052244913,0.091745414,0.0395005,0.056800183,0.036707595,-0.020092588,0.009086389,-0.00807526,-0.017161649,0.017741248,-0.0029027537,-0.020644002,1.0,0.0,-1.0,11,11,0,11,3,-8,1.0,0.2727272727272727,-0.7272727272727273,1.0,2.272727272727273,1.272727272727273,0.06133130192756653,0.08367015421390533,0.022338852286338806,0.004424683220515197,0.047065975991162384,0.04264129277064719,0.04515359245918014,0.0860960761254484,0.04094248366626826,0.056906618516553535,0.03660417822274295,-0.020302440293810585,0.01617770946838639,-0.002425921911543066,-0.01860363137992946,-85.4003,-0.7272727272727273
5,998,72719,2.0,10.0,8.0,8.0,4.0,-4.0,0.04534635,0.04534635,-86.560455,-3.493864,0.0040967353,-5.0079077e-05,0.002491627,-0.005159363,0.5964826,0.61875504,0.022272468,0.46419317,0.51110166,0.046908498,0.4856299,0.52558357,0.03995368,0.51894647,0.5651461,0.04619962,2.0,10.0,8.0,0.034929834,0.080276184,0.04534635,0.0032848744,0.0453946,0.042109724,0.04100808,0.08640451,0.04539643,0.03164496,0.034881584,0.0032366253,-0.006078247,-0.006128326,-5.0079077e-05,0.0010543466,-0.0041050166,-0.005159363,0.0,0.0,0.0,14,14,0,9,0,-9,0.6428571428571429,0.0,-0.6428571428571429,1.3571428571428572,3.5714285714285716,2.2142857142857144,0.03492983430624008,0.08027618378400803,0.045346349477767944,0.0033730051779587355,0.04565257392823696,0.042279568750278225,0.03509372925119741,0.08446555371795382,0.04937182446675641,0.031556829277958186,0.034623609855771065,0.003066780577812879,-0.00016389494495732443,-0.004189369933945792,-0.004025474988988468,-86.560455,-0.6428571428571429
5,999,72948,1.0,83.0,82.0,1.0,2.0,1.0,0.01902904,0.01902904,-13.037842,0.48023987,-0.003341332,-0.031382937,-0.0048306286,-0.03296407,0.25485414,0.015977075,-0.23887707,0.3242867,0.3319318,0.0076451004,0.3449852,0.34042937,-0.0045558214,0.36023542,0.32392988,-0.036305547,1.0,83.0,82.0,0.0512223,0.07025134,0.01902904,0.010465832,0.049349066,0.03888323,0.043802448,0.094214424,0.050411977,0.040756464,0.020902272,-0.019854192,0.0074198507,-0.023963086,-0.031382937,0.010449391,-0.022514679,-0.03296407,1.0,0.0,-1.0,10,10,0,10,0,-10,1.0,0.0,-1.0,1.0,27.7,26.7,0.0512222982943058,0.07025133818387985,0.01902903988957405,0.01054683355614543,0.04934604540467262,0.03879921184852719,0.0408542562276125,0.09151926711201668,0.05066501088440418,0.04067546427249909,0.02090529277920723,-0.01977017149329186,0.010368042066693306,-0.021267928928136826,-0.031635970994830134,-13.037842,-1.0
