eval_index,nsd_image_id,image_rank_topo0,image_rank_topo_low,image_rank_delta_low_minus_zero,brain_rank_topo0,brain_rank_topo_low,brain_rank_delta_low_minus_zero,image_score_delta_low_minus_zero,brain_score_delta_low_minus_zero,teacher_top1_rank_topo0,teacher_top1_rank_topo_low,teacher_top1_rank_delta_low_minus_zero,teacher_neighbor_overlap5_topo0,teacher_neighbor_overlap5_topo_low,teacher_neighbor_overlap5_delta_low_minus_zero,pixcorr_topo0,pixcorr_topo_low,pixcorr_delta_low_minus_zero
0,2950,22.0,81.0,59.0,27.0,68.0,41.0,0.00021644309,0.00021644309,129.0,115.0,-14.0,0.0,0.0,0.0,0.13192347,0.22753334,0.09560987
1,2990,125.0,235.0,110.0,98.0,139.0,41.0,0.0038141217,0.0038141217,319.0,270.0,-49.0,0.0,0.0,0.0,0.0039440542,-0.019813698,-0.023757752
2,3049,4.0,2.0,-2.0,20.0,13.0,-7.0,0.015636072,0.015636072,4.0,2.0,-2.0,0.2,0.2,0.0,-0.05689904,-0.07521196,-0.018312916
3,3077,1.0,1.0,0.0,1.0,1.0,0.0,0.008935861,0.008935861,991.0,996.0,5.0,0.0,0.0,0.0,-0.016839635,-0.114671305,-0.09783167
4,3146,1.0,1.0,0.0,6.0,3.0,-3.0,0.009158887,0.009158887,112.0,46.0,-66.0,0.2,0.2,0.0,0.5360935,0.5180842,-0.018009245
5,3157,4.0,7.0,3.0,1.0,1.0,0.0,0.0019299984,0.0019299984,125.0,172.0,47.0,0.4,0.4,0.0,0.46389526,0.33238256,-0.1315127
6,3164,2.0,16.0,14.0,1.0,1.0,0.0,-0.0054249093,-0.0054249093,88.0,64.0,-24.0,0.0,0.0,0.0,0.22480728,0.23079745,0.0059901774
7,3171,6.0,2.0,-4.0,4.0,1.0,-3.0,0.011607435,0.011607435,53.0,185.0,132.0,0.0,0.0,0.0,0.27760625,0.4691655,0.19155926
8,3181,2.0,3.0,1.0,4.0,1.0,-3.0,0.007793609,0.007793609,118.0,92.0,-26.0,0.2,0.2,0.0,0.13451473,0.33755323,0.2030385
9,3386,2.0,5.0,3.0,1.0,1.0,0.0,0.0040211976,0.0040211976,350.0,406.0,56.0,0.2,0.4,0.2,0.056031935,-0.0057592457,-0.06179118
10,3434,7.0,5.0,-2.0,1.0,1.0,0.0,0.0077822916,0.0077822916,11.0,5.0,-6.0,0.4,0.6,0.20000002,0.152971,0.03774303,-0.11522797
11,3449,1.0,1.0,0.0,2.0,2.0,0.0,0.011253968,0.011253968,44.0,18.0,-26.0,0.2,0.2,0.0,-0.11852052,0.011821298,0.13034181
12,3489,1.0,1.0,0.0,1.0,1.0,0.0,0.006721765,0.006721765,151.0,64.0,-87.0,0.2,0.2,0.0,0.5178411,0.5393134,0.021472275
13,3626,1.0,1.0,0.0,1.0,1.0,0.0,0.0046213716,0.0046213716,8.0,2.0,-6.0,0.0,0.2,0.2,0.08595163,0.2197611,0.13380948
14,3682,2.0,1.0,-1.0,1.0,1.0,0.0,0.00940128,0.00940128,13.0,4.0,-9.0,0.0,0.4,0.4,0.85258293,0.80368304,-0.04889989
15,3687,11.0,13.0,2.0,2.0,2.0,0.0,0.005988445,0.005988445,258.0,200.0,-58.0,0.4,0.2,-0.2,0.55229616,0.53173494,-0.020561218
16,3729,69.0,26.0,-43.0,3.0,3.0,0.0,0.0106224865,0.0106224865,389.0,269.0,-120.0,0.0,0.0,0.0,0.014724839,-0.12104888,-0.13577372
17,3809,5.0,11.0,6.0,3.0,7.0,4.0,0.0038773566,0.0038773566,88.0,90.0,2.0,0.2,0.2,0.0,0.24237655,0.21930948,-0.023067072
18,3842,3.0,4.0,1.0,1.0,1.0,0.0,0.0056739748,0.0056739748,287.0,141.0,-146.0,0.0,0.0,0.0,-0.058652848,-0.03208037,0.026572477
19,3847,22.0,43.0,21.0,16.0,10.0,-6.0,0.004764136,0.004764136,26.0,39.0,13.0,0.0,0.2,0.2,0.42226496,0.3640006,-0.058264375
20,3856,116.0,144.0,28.0,62.0,41.0,-21.0,0.008816307,0.008816307,116.0,64.0,-52.0,0.0,0.0,0.0,-0.12866932,-0.07215677,0.05651255
21,3913,1.0,2.0,1.0,1.0,1.0,0.0,0.0044659004,0.0044659004,88.0,36.0,-52.0,0.2,0.2,0.0,-0.17790551,-0.26861605,-0.090710536
22,3951,1.0,1.0,0.0,2.0,2.0,0.0,0.006374307,0.006374307,8.0,8.0,0.0,0.4,0.4,0.0,0.63916683,0.56479573,-0.0743711
23,4051,4.0,2.0,-2.0,18.0,11.0,-7.0,0.013823226,0.013823226,134.0,112.0,-22.0,0.0,0.0,0.0,0.2988964,0.1288605,-0.1700359
24,4058,1.0,1.0,0.0,1.0,1.0,0.0,0.007154431,0.007154431,130.0,62.0,-68.0,0.0,0.0,0.0,0.2610555,0.29420865,0.033153147
25,4129,313.0,268.0,-45.0,20.0,11.0,-9.0,0.009482367,0.009482367,133.0,110.0,-23.0,0.0,0.0,0.0,0.09038178,0.21731998,0.1269382
26,4156,25.0,28.0,3.0,2.0,6.0,4.0,0.0037519261,0.0037519261,34.0,18.0,-16.0,0.0,0.0,0.0,0.15370516,0.010623632,-0.14308153
27,4249,1.0,1.0,0.0,1.0,1.0,0.0,0.0039710067,0.0039710067,23.0,20.0,-3.0,0.2,0.2,0.0,0.52285457,0.55989015,0.037035584
28,4325,1.0,1.0,0.0,2.0,1.0,-1.0,0.004114926,0.004114926,466.0,447.0,-19.0,0.0,0.0,0.0,0.23664328,0.15460013,-0.082043156
29,4423,4.0,4.0,0.0,1.0,2.0,1.0,0.008474708,0.008474708,64.0,58.0,-6.0,0.0,0.0,0.0,-0.02136886,-0.04028053,-0.018911669
30,4436,1.0,1.0,0.0,1.0,4.0,3.0,0.0052880123,0.0052880123,192.0,180.0,-12.0,0.0,0.0,0.0,0.26221418,-0.18921779,-0.451432
31,4612,1.0,1.0,0.0,1.0,1.0,0.0,0.0045072027,0.0045072027,79.0,91.0,12.0,0.0,0.0,0.0,0.21349292,0.35385922,0.1403663
32,4667,26.0,31.0,5.0,113.0,331.0,218.0,0.005237261,0.005237261,193.0,138.0,-55.0,0.0,0.0,0.0,0.16048557,0.15143438,-0.009051189
33,4690,4.0,1.0,-3.0,1.0,1.0,0.0,0.012529377,0.012529377,123.0,87.0,-36.0,0.2,0.2,0.0,0.4542279,0.43327576,-0.020952135
34,4768,18.0,23.0,5.0,8.0,6.0,-2.0,0.0032446384,0.0032446384,273.0,477.0,204.0,0.0,0.0,0.0,0.17651907,0.18474817,0.008229107
35,4786,1.0,1.0,0.0,1.0,1.0,0.0,0.0074793734,0.0074793734,201.0,93.0,-108.0,0.2,0.2,0.0,0.48162606,0.47854406,-0.0030820072
36,4835,6.0,5.0,-1.0,2.0,4.0,2.0,0.007840078,0.007840078,23.0,69.0,46.0,0.0,0.0,0.0,0.5859867,0.53105754,-0.054929137
37,4869,2.0,6.0,4.0,1.0,1.0,0.0,-0.000550285,-0.000550285,78.0,44.0,-34.0,0.0,0.0,0.0,0.3939855,0.29465494,-0.099330574
38,4892,17.0,16.0,-1.0,1.0,1.0,0.0,0.009738054,0.009738054,46.0,19.0,-27.0,0.0,0.0,0.0,0.10900692,0.15597236,0.046965443
39,4930,1.0,1.0,0.0,1.0,1.0,0.0,-0.0038443655,-0.0038443655,154.0,86.0,-68.0,0.2,0.2,0.0,-0.07118759,0.14175175,0.21293935
40,5034,1.0,1.0,0.0,1.0,1.0,0.0,0.0068693645,0.0068693645,489.0,457.0,-32.0,0.0,0.0,0.0,0.27630827,0.56579,0.28948173
41,5106,6.0,4.0,-2.0,6.0,2.0,-4.0,0.010065578,0.010065578,750.0,765.0,15.0,0.2,0.2,0.0,-0.24438156,0.35169533,0.5960769
42,5204,73.0,123.0,50.0,3.0,3.0,0.0,0.0057648234,0.0057648234,392.0,153.0,-239.0,0.0,0.0,0.0,0.6446393,0.61331457,-0.031324744
43,5285,1.0,2.0,1.0,1.0,1.0,0.0,0.00052111596,0.00052111596,27.0,7.0,-20.0,0.0,0.0,0.0,0.19093893,0.13523713,-0.055701807
44,5301,1.0,1.0,0.0,1.0,1.0,0.0,0.0022555739,0.0022555739,192.0,241.0,49.0,0.0,0.0,0.0,0.25947115,-0.17159437,-0.4310655
45,5338,13.0,23.0,10.0,1.0,1.0,0.0,0.004839327,0.004839327,1.0,1.0,0.0,0.6,0.4,-0.20000002,0.46694136,0.44198638,-0.024954975
46,5427,120.0,35.0,-85.0,20.0,7.0,-13.0,0.0166343,0.0166343,38.0,15.0,-23.0,0.2,0.2,0.0,0.22906825,0.15079394,-0.07827431
47,5459,1.0,1.0,0.0,6.0,5.0,-1.0,0.010457173,0.010457173,610.0,525.0,-85.0,0.0,0.0,0.0,0.29126775,0.31198335,0.020715594
48,5502,384.0,364.0,-20.0,111.0,109.0,-2.0,0.010742029,0.010742029,621.0,392.0,-229.0,0.0,0.0,0.0,-0.008849273,0.4358579,0.44470716
49,5542,1.0,1.0,0.0,2.0,2.0,0.0,0.0014307275,0.0014307275,57.0,70.0,13.0,0.0,0.0,0.0,0.53898215,0.5462431,0.0072609186
50,5574,2.0,2.0,0.0,3.0,3.0,0.0,0.006883148,0.006883148,30.0,18.0,-12.0,0.0,0.0,0.0,-0.011164548,0.1854982,0.19666274
51,5583,1.0,1.0,0.0,1.0,1.0,0.0,0.00958471,0.00958471,5.0,4.0,-1.0,0.2,0.2,0.0,0.0971195,-0.036347616,-0.13346712
52,5602,2.0,2.0,0.0,1.0,1.0,0.0,0.0046130344,0.0046130344,220.0,235.0,15.0,0.0,0.0,0.0,0.41489226,0.32850388,-0.08638838
53,5714,1.0,1.0,0.0,1.0,1.0,0.0,0.006275911,0.006275911,62.0,28.0,-34.0,0.0,0.0,0.0,0.3744215,0.40759778,0.033176273
54,5878,1.0,1.0,0.0,1.0,1.0,0.0,-0.000407964,-0.000407964,352.0,138.0,-214.0,0.0,0.0,0.0,0.18673852,0.036806554,-0.14993197
55,5890,496.0,559.0,63.0,48.0,70.0,22.0,0.0035655405,0.0035655405,401.0,318.0,-83.0,0.0,0.0,0.0,0.36352885,0.32452914,-0.038999707
56,6132,6.0,11.0,5.0,1.0,1.0,0.0,0.0073244087,0.0073244087,372.0,367.0,-5.0,0.0,0.0,0.0,0.15991916,0.27295852,0.11303936
57,6199,1.0,5.0,4.0,2.0,8.0,6.0,-0.00048593432,-0.00048593432,11.0,9.0,-2.0,0.0,0.0,0.0,0.6025721,0.75079525,0.14822316
58,6222,2.0,2.0,0.0,2.0,2.0,0.0,0.0038412139,0.0038412139,352.0,554.0,202.0,0.4,0.4,0.0,-0.2862282,-0.26286045,0.023367763
59,6431,1.0,1.0,0.0,1.0,1.0,0.0,0.010727383,0.010727383,192.0,118.0,-74.0,0.0,0.0,0.0,0.12002351,0.10709743,-0.012926079
60,6444,3.0,5.0,2.0,1.0,1.0,0.0,0.0098038465,0.0098038465,51.0,8.0,-43.0,0.0,0.0,0.0,0.53319514,0.5667268,0.033531666
61,6489,7.0,5.0,-2.0,2.0,2.0,0.0,0.009097207,0.009097207,35.0,35.0,0.0,0.0,0.0,0.0,0.51825607,0.33706817,-0.1811879
62,6514,28.0,37.0,9.0,1.0,1.0,0.0,0.007922407,0.007922407,69.0,23.0,-46.0,0.2,0.2,0.0,0.14207809,0.330744,0.18866591
63,6521,1.0,2.0,1.0,1.0,1.0,0.0,0.0017914698,0.0017914698,5.0,6.0,1.0,0.4,0.4,0.0,0.42117012,0.4331461,0.011975974
64,6524,25.0,16.0,-9.0,21.0,16.0,-5.0,0.009458028,0.009458028,5.0,8.0,3.0,0.4,0.2,-0.2,0.14960451,0.10330801,-0.046296507
65,6558,2.0,4.0,2.0,2.0,2.0,0.0,0.0017550737,0.0017550737,597.0,712.0,115.0,0.0,0.0,0.0,0.054401062,0.21625236,0.16185129
66,6640,23.0,61.0,38.0,1.0,1.0,0.0,0.0016406812,0.0016406812,28.0,18.0,-10.0,0.2,0.2,0.0,0.06275097,0.13519964,0.07244866
67,6713,1.0,1.0,0.0,1.0,1.0,0.0,-0.0015550889,-0.0015550889,128.0,97.0,-31.0,0.0,0.0,0.0,0.29033178,0.38961658,0.0992848
68,6801,12.0,3.0,-9.0,1.0,1.0,0.0,0.01305097,0.01305097,763.0,658.0,-105.0,0.0,0.0,0.0,0.15384139,0.43469134,0.28084993
69,7007,25.0,13.0,-12.0,1.0,1.0,0.0,0.010020547,0.010020547,131.0,78.0,-53.0,0.0,0.0,0.0,0.31953055,0.44379258,0.124262035
70,7039,1.0,1.0,0.0,1.0,1.0,0.0,0.0025442988,0.0025442988,749.0,523.0,-226.0,0.0,0.0,0.0,0.4996321,0.5295188,0.029886693
71,7120,2.0,1.0,-1.0,1.0,1.0,0.0,0.0058891103,0.0058891103,291.0,270.0,-21.0,0.0,0.0,0.0,0.084144324,0.110017836,0.025873512
72,7207,1.0,1.0,0.0,1.0,1.0,0.0,0.0042579025,0.0042579025,38.0,21.0,-17.0,0.0,0.0,0.0,0.116736546,0.15955754,0.04282099
73,7336,3.0,3.0,0.0,2.0,2.0,0.0,0.00574404,0.00574404,195.0,172.0,-23.0,0.2,0.0,-0.2,-0.048819125,0.1043716,0.15319073
74,7366,2.0,1.0,-1.0,1.0,1.0,0.0,0.015150022,0.015150022,49.0,87.0,38.0,0.0,0.0,0.0,0.5593806,0.47016352,-0.08921707
75,7409,1.0,1.0,0.0,1.0,1.0,0.0,-0.0019898303,-0.0019898303,90.0,113.0,23.0,0.0,0.0,0.0,0.07198387,0.17327237,0.101288505
76,7418,1.0,1.0,0.0,1.0,1.0,0.0,0.0024078079,0.0024078079,93.0,103.0,10.0,0.0,0.0,0.0,-0.08053495,0.046687394,0.12722234
77,7480,3.0,28.0,25.0,2.0,1.0,-1.0,-0.00044071302,-0.00044071302,275.0,254.0,-21.0,0.2,0.2,0.0,-0.27842802,-0.47970697,-0.20127895
78,7654,4.0,6.0,2.0,1.0,2.0,1.0,0.0037075765,0.0037075765,227.0,133.0,-94.0,0.0,0.0,0.0,0.12992026,0.14894208,0.019021824
79,7659,1.0,1.0,0.0,1.0,2.0,1.0,0.009921931,0.009921931,274.0,232.0,-42.0,0.0,0.0,0.0,0.65751547,0.5627987,-0.09471679
80,7840,5.0,24.0,19.0,1.0,1.0,0.0,0.00026028976,0.00026028976,220.0,174.0,-46.0,0.0,0.0,0.0,0.46183524,0.37763187,-0.08420336
81,7859,1.0,15.0,14.0,1.0,2.0,1.0,-0.004428014,-0.004428014,416.0,400.0,-16.0,0.0,0.0,0.0,0.12877505,0.13763984,0.00886479
82,7944,1.0,1.0,0.0,2.0,2.0,0.0,0.0025728792,0.0025728792,105.0,198.0,93.0,0.0,0.0,0.0,-0.24645574,-0.21979575,0.026659995
83,7948,1.0,1.0,0.0,1.0,1.0,0.0,0.013521217,0.013521217,999.0,998.0,-1.0,0.0,0.0,0.0,0.2674253,0.2837627,0.016337395
84,7954,39.0,82.0,43.0,35.0,20.0,-15.0,0.0057684034,0.0057684034,10.0,14.0,4.0,0.0,0.0,0.0,-0.13065813,0.056975808,0.18763395
85,8006,1.0,1.0,0.0,1.0,1.0,0.0,0.0054857954,0.0054857954,3.0,4.0,1.0,0.2,0.2,0.0,-0.16036867,0.009250668,0.16961934
86,8109,3.0,2.0,-1.0,1.0,1.0,0.0,0.011313945,0.011313945,229.0,200.0,-29.0,0.2,0.0,-0.2,0.19130531,0.21427266,0.022967353
87,8204,1.0,1.0,0.0,1.0,2.0,1.0,0.014161941,0.014161941,240.0,92.0,-148.0,0.0,0.0,0.0,-0.2075124,-0.50992185,-0.30240947
88,8225,1.0,1.0,0.0,1.0,1.0,0.0,0.0012435466,0.0012435466,519.0,351.0,-168.0,0.0,0.0,0.0,-0.009093227,0.25915787,0.2682511
89,8262,455.0,377.0,-78.0,147.0,59.0,-88.0,0.011157315,0.011157315,452.0,426.0,-26.0,0.0,0.0,0.0,-0.16898437,-0.19629294,-0.027308568
90,8274,3.0,2.0,-1.0,1.0,1.0,0.0,0.007125195,0.007125195,476.0,398.0,-78.0,0.0,0.0,0.0,0.5538502,0.60004014,0.046189964
91,8318,19.0,36.0,17.0,1.0,3.0,2.0,0.0042719916,0.0042719916,224.0,110.0,-114.0,0.0,0.0,0.0,0.40425307,0.43139592,0.027142853
92,8387,6.0,1.0,-5.0,14.0,2.0,-12.0,0.013638619,0.013638619,470.0,345.0,-125.0,0.0,0.0,0.0,0.06185986,0.097525366,0.035665505
93,8394,1.0,1.0,0.0,1.0,1.0,0.0,0.00044991449,0.00044991449,309.0,560.0,251.0,0.0,0.0,0.0,0.2820056,0.03781105,-0.24419457
94,8415,2.0,2.0,0.0,2.0,2.0,0.0,0.0045359842,0.0045359842,10.0,10.0,0.0,0.0,0.2,0.2,0.5765216,-0.14247063,-0.71899223
95,8435,3.0,9.0,6.0,1.0,2.0,1.0,0.004527658,0.004527658,29.0,10.0,-19.0,0.0,0.0,0.0,0.29523504,0.117715925,-0.17751911
96,8465,7.0,7.0,0.0,2.0,4.0,2.0,0.0027556606,0.0027556606,10.0,6.0,-4.0,0.2,0.2,0.0,0.2726448,0.1626868,-0.10995799
97,8509,5.0,1.0,-4.0,10.0,5.0,-5.0,0.01560289,0.01560289,141.0,81.0,-60.0,0.0,0.0,0.0,0.08772632,0.3083014,0.22057506
98,8631,6.0,14.0,8.0,1.0,1.0,0.0,-0.0003870614,-0.0003870614,422.0,537.0,115.0,0.0,0.0,0.0,0.08610296,-0.010633597,-0.09673656
99,8646,25.0,20.0,-5.0,3.0,3.0,0.0,0.0081573725,0.0081573725,490.0,362.0,-128.0,0.2,0.2,0.0,0.1745391,0.16215913,-0.012379974
100,8807,1.0,1.0,0.0,1.0,1.0,0.0,0.01008223,0.01008223,53.0,76.0,23.0,0.2,0.0,-0.2,-0.11773904,0.16456789,0.2823069
101,8843,4.0,6.0,2.0,6.0,4.0,-2.0,0.0077653453,0.0077653453,532.0,585.0,53.0,0.0,0.0,0.0,-0.038079917,-0.017938787,0.02014113
102,8925,32.0,5.0,-27.0,9.0,5.0,-4.0,0.0151492655,0.0151492655,417.0,329.0,-88.0,0.0,0.0,0.0,0.24472651,0.2984246,0.053698093
103,8933,1.0,7.0,6.0,4.0,4.0,0.0,0.006366767,0.006366767,4.0,5.0,1.0,0.2,0.2,0.0,0.22346655,0.16557392,-0.05789262
104,9027,2.0,1.0,-1.0,1.0,1.0,0.0,0.0014757141,0.0014757141,76.0,48.0,-28.0,0.0,0.0,0.0,-0.23586312,0.17511845,0.41098157
105,9048,1.0,1.0,0.0,1.0,1.0,0.0,-0.003912613,-0.003912613,6.0,7.0,1.0,0.2,0.2,0.0,0.57185864,0.590766,0.018907368
106,9147,1.0,1.0,0.0,1.0,1.0,0.0,0.00889907,0.00889907,798.0,860.0,62.0,0.0,0.0,0.0,-0.21230973,-0.30674392,-0.09443419
107,9230,1.0,1.0,0.0,1.0,1.0,0.0,0.003361404,0.003361404,63.0,61.0,-2.0,0.2,0.2,0.0,0.7991009,0.67938614,-0.11971474
108,9434,1.0,1.0,0.0,1.0,1.0,0.0,0.0042534545,0.0042534545,550.0,498.0,-52.0,0.0,0.2,0.2,0.31065238,0.29848787,-0.012164503
109,9462,114.0,113.0,-1.0,113.0,64.0,-49.0,0.007484978,0.007484978,252.0,130.0,-122.0,0.0,0.0,0.0,-0.1816194,-0.13882117,0.042798236
110,9680,17.0,21.0,4.0,1.0,6.0,5.0,0.002250336,0.002250336,79.0,30.0,-49.0,0.0,0.0,0.0,-0.022578087,-0.15585604,-0.13327795
111,9722,1.0,1.0,0.0,4.0,6.0,2.0,0.0028262846,0.0028262846,5.0,6.0,1.0,0.4,0.2,-0.2,0.29003406,0.32745218,0.037418127
112,9804,12.0,14.0,2.0,7.0,6.0,-1.0,0.005451001,0.005451001,40.0,41.0,1.0,0.2,0.2,0.0,-0.1478228,0.13775177,0.28557456
113,9847,1.0,1.0,0.0,1.0,1.0,0.0,0.016257927,0.016257927,18.0,10.0,-8.0,0.2,0.2,0.0,0.12643936,0.3668495,0.24041015
114,9865,34.0,47.0,13.0,3.0,2.0,-1.0,0.008801576,0.008801576,192.0,260.0,68.0,0.0,0.0,0.0,0.23652594,0.18438469,-0.05214125
115,9917,1.0,2.0,1.0,1.0,1.0,0.0,0.0026276968,0.0026276968,38.0,26.0,-12.0,0.6,0.6,0.0,0.5993174,0.5992189,-9.846687e-05
116,9978,376.0,184.0,-192.0,60.0,44.0,-16.0,0.014852088,0.014852088,216.0,309.0,93.0,0.0,0.0,0.0,0.05529787,0.1536251,0.098327234
117,10006,8.0,39.0,31.0,2.0,2.0,0.0,0.0012585782,0.0012585782,22.0,35.0,13.0,0.4,0.2,-0.2,0.31928006,0.35779992,0.03851986
118,10046,1.0,1.0,0.0,1.0,1.0,0.0,-0.0008113906,-0.0008113906,83.0,51.0,-32.0,0.0,0.0,0.0,-0.2118058,-0.17968574,0.032120064
119,10064,1.0,1.0,0.0,1.0,1.0,0.0,0.0063695423,0.0063695423,1.0,1.0,0.0,0.4,0.4,0.0,0.39505848,0.2816689,-0.11338958
120,10105,6.0,12.0,6.0,5.0,3.0,-2.0,0.0029345788,0.0029345788,5.0,2.0,-3.0,0.2,0.2,0.0,0.64868456,0.60267943,-0.04600513
121,10107,36.0,18.0,-18.0,4.0,1.0,-3.0,0.012372792,0.012372792,77.0,13.0,-64.0,0.0,0.0,0.0,0.35602838,0.23349933,-0.122529045
122,10244,1.0,1.0,0.0,1.0,1.0,0.0,0.008250359,0.008250359,6.0,6.0,0.0,0.0,0.0,0.0,0.26148444,0.24279515,-0.01868929
123,10393,21.0,16.0,-5.0,20.0,19.0,-1.0,0.007764831,0.007764831,3.0,5.0,2.0,0.6,0.6,0.0,0.049494628,0.091427185,0.041932557
124,10471,1.0,1.0,0.0,1.0,1.0,0.0,0.010334972,0.010334972,527.0,571.0,44.0,0.0,0.0,0.0,0.0472935,-0.008334413,-0.055627912
125,10507,1.0,1.0,0.0,1.0,1.0,0.0,0.0011258982,0.0011258982,15.0,16.0,1.0,0.0,0.0,0.0,0.099472165,0.045952123,-0.053520042
126,10586,124.0,239.0,115.0,25.0,18.0,-7.0,0.005234601,0.005234601,5.0,22.0,17.0,0.2,0.0,-0.2,0.4245242,0.3516874,-0.07283679
127,10600,76.0,243.0,167.0,42.0,18.0,-24.0,0.0023743752,0.0023743752,41.0,39.0,-2.0,0.0,0.0,0.0,0.36570618,0.4183147,0.05260852
128,10610,4.0,1.0,-3.0,1.0,1.0,0.0,0.0129892975,0.0129892975,259.0,108.0,-151.0,0.0,0.0,0.0,0.083443716,0.011097934,-0.07234578
129,10907,1.0,1.0,0.0,1.0,1.0,0.0,0.005544696,0.005544696,33.0,21.0,-12.0,0.0,0.2,0.2,0.46644992,0.5256246,0.059174657
130,11159,2.0,2.0,0.0,1.0,1.0,0.0,0.0015923195,0.0015923195,15.0,18.0,3.0,0.0,0.0,0.0,0.057209913,0.09464825,0.037438337
131,11333,12.0,28.0,16.0,1.0,1.0,0.0,0.0034934804,0.0034934804,731.0,569.0,-162.0,0.0,0.0,0.0,-0.031968582,-0.06923852,-0.03726994
132,11487,1.0,1.0,0.0,4.0,5.0,1.0,0.007499423,0.007499423,300.0,234.0,-66.0,0.0,0.0,0.0,-0.054375548,0.019515885,0.07389143
133,11521,15.0,11.0,-4.0,2.0,2.0,0.0,0.0061218888,0.0061218888,40.0,73.0,33.0,0.2,0.2,0.0,0.046935875,0.26191905,0.21498318
134,11566,1.0,1.0,0.0,7.0,5.0,-2.0,0.008319885,0.008319885,555.0,536.0,-19.0,0.0,0.0,0.0,0.45543358,0.53879637,0.08336279
135,11617,6.0,12.0,6.0,3.0,2.0,-1.0,0.005778957,0.005778957,5.0,10.0,5.0,0.2,0.0,-0.2,-0.09210635,-0.10756664,-0.01546029
136,11635,1.0,2.0,1.0,1.0,2.0,1.0,0.0025748424,0.0025748424,437.0,455.0,18.0,0.0,0.0,0.0,0.53924775,0.5358616,-0.0033861399
137,11689,1.0,1.0,0.0,1.0,1.0,0.0,0.00914989,0.00914989,35.0,104.0,69.0,0.0,0.0,0.0,0.098286904,0.23681037,0.13852346
138,11725,5.0,4.0,-1.0,3.0,2.0,-1.0,0.01190234,0.01190234,291.0,285.0,-6.0,0.0,0.0,0.0,0.21730979,0.17923442,-0.038075373
139,11796,1.0,1.0,0.0,1.0,1.0,0.0,0.0017738417,0.0017738417,730.0,650.0,-80.0,0.0,0.0,0.0,0.013767262,0.054187395,0.040420134
140,11827,341.0,66.0,-275.0,43.0,37.0,-6.0,0.017634427,0.017634427,104.0,102.0,-2.0,0.0,0.0,0.0,-0.11205367,0.023055714,0.13510938
141,11837,1.0,1.0,0.0,1.0,3.0,2.0,0.007322781,0.007322781,187.0,37.0,-150.0,0.0,0.0,0.0,0.32439524,0.2138794,-0.11051583
142,11844,1.0,1.0,0.0,1.0,1.0,0.0,0.00019454584,0.00019454584,575.0,365.0,-210.0,0.0,0.0,0.0,0.45325238,0.352517,-0.10073537
143,11932,2.0,3.0,1.0,2.0,2.0,0.0,0.006238457,0.006238457,42.0,30.0,-12.0,0.2,0.2,0.0,0.09788051,0.109104365,0.011223853
144,11942,2.0,2.0,0.0,1.0,1.0,0.0,0.0013957731,0.0013957731,66.0,75.0,9.0,0.0,0.0,0.0,-0.04911354,-0.03056959,0.018543951
145,11952,2.0,1.0,-1.0,2.0,2.0,0.0,0.0023754574,0.0023754574,225.0,64.0,-161.0,0.0,0.0,0.0,-0.013855591,-0.2801827,-0.26632708
146,12065,7.0,37.0,30.0,40.0,69.0,29.0,0.001068715,0.001068715,38.0,25.0,-13.0,0.0,0.0,0.0,-0.2997308,-0.26968658,0.030044228
147,12075,2.0,1.0,-1.0,1.0,1.0,0.0,0.008551985,0.008551985,267.0,331.0,64.0,0.0,0.0,0.0,0.1916972,-0.06773134,-0.25942853
148,12214,1.0,1.0,0.0,1.0,1.0,0.0,0.0047882833,0.0047882833,59.0,21.0,-38.0,0.0,0.0,0.0,0.30998564,0.25355616,-0.056429476
149,12308,1.0,1.0,0.0,1.0,1.0,0.0,-0.003954798,-0.003954798,7.0,6.0,-1.0,0.0,0.0,0.0,0.07090959,-0.05817228,-0.12908188
150,12487,2.0,1.0,-1.0,1.0,1.0,0.0,0.008151863,0.008151863,4.0,5.0,1.0,0.4,0.6,0.20000002,0.16306572,0.12112793,-0.041937783
151,12495,37.0,134.0,97.0,48.0,54.0,6.0,0.0006025955,0.0006025955,24.0,19.0,-5.0,0.0,0.0,0.0,0.18179788,0.18669233,0.0048944503
152,12634,4.0,7.0,3.0,1.0,1.0,0.0,0.00789253,0.00789253,10.0,11.0,1.0,0.0,0.0,0.0,0.45108494,-0.47243202,-0.923517
153,12685,1.0,1.0,0.0,1.0,1.0,0.0,-0.0039923266,-0.0039923266,14.0,16.0,2.0,0.0,0.0,0.0,0.1446366,0.0996666,-0.04497
154,12796,1.0,1.0,0.0,1.0,1.0,0.0,0.006435331,0.006435331,166.0,76.0,-90.0,0.0,0.0,0.0,-0.18811956,-0.08320207,0.10491749
155,12798,1.0,1.0,0.0,1.0,1.0,0.0,0.0044249482,0.0044249482,283.0,174.0,-109.0,0.0,0.0,0.0,-0.15082029,0.04621349,0.19703378
156,12922,1.0,1.0,0.0,1.0,1.0,0.0,0.009253729,0.009253729,32.0,28.0,-4.0,0.0,0.0,0.0,0.31791174,0.31096846,-0.0069432855
157,12937,4.0,26.0,22.0,1.0,11.0,10.0,0.002274707,0.002274707,48.0,39.0,-9.0,0.0,0.0,0.0,0.5072621,0.4114667,-0.09579542
158,13138,1.0,1.0,0.0,1.0,1.0,0.0,0.0069466606,0.0069466606,23.0,10.0,-13.0,0.0,0.0,0.0,0.16836585,0.40026987,0.23190401
159,13230,2.0,6.0,4.0,1.0,1.0,0.0,0.0022054724,0.0022054724,198.0,198.0,0.0,0.0,0.0,0.0,0.07036597,0.00905187,-0.061314102
160,13312,1.0,1.0,0.0,1.0,1.0,0.0,0.0052815564,0.0052815564,153.0,165.0,12.0,0.0,0.0,0.0,0.19447501,0.20976904,0.01529403
161,13314,1.0,1.0,0.0,1.0,1.0,0.0,0.012856174,0.012856174,54.0,83.0,29.0,0.0,0.0,0.0,0.5003773,0.3536556,-0.14672169
162,13613,2.0,2.0,0.0,1.0,2.0,1.0,0.0065476224,0.0065476224,127.0,116.0,-11.0,0.0,0.0,0.0,0.45946476,0.5224369,0.06297216
163,13653,1.0,1.0,0.0,1.0,1.0,0.0,0.01074161,0.01074161,12.0,17.0,5.0,0.0,0.0,0.0,0.3136001,0.3458383,0.032238215
164,13662,19.0,23.0,4.0,3.0,1.0,-2.0,0.008890193,0.008890193,8.0,5.0,-3.0,0.0,0.2,0.2,-0.1532937,-0.10953169,0.043762006
165,13720,16.0,7.0,-9.0,31.0,7.0,-24.0,0.010824513,0.010824513,24.0,23.0,-1.0,0.0,0.0,0.0,0.45604342,0.41811466,-0.03792876
166,13846,19.0,2.0,-17.0,6.0,1.0,-5.0,0.020279635,0.020279635,239.0,273.0,34.0,0.0,0.0,0.0,0.74642986,0.7424391,-0.0039907694
167,14110,5.0,4.0,-1.0,10.0,6.0,-4.0,0.0061124973,0.0061124973,188.0,175.0,-13.0,0.0,0.0,0.0,0.16043662,0.09806973,-0.062366888
168,14121,1.0,2.0,1.0,1.0,2.0,1.0,0.0027816966,0.0027816966,50.0,24.0,-26.0,0.0,0.0,0.0,0.27979875,0.28535923,0.0055604875
169,14165,1.0,1.0,0.0,1.0,1.0,0.0,0.0038430467,0.0038430467,79.0,83.0,4.0,0.0,0.0,0.0,-0.17226642,-0.102929994,0.06933643
170,14179,166.0,241.0,75.0,143.0,232.0,89.0,0.0046941526,0.0046941526,204.0,161.0,-43.0,0.0,0.0,0.0,0.22920455,0.19918884,-0.030015707
171,14443,1.0,2.0,1.0,1.0,1.0,0.0,-0.0015277304,-0.0015277304,879.0,827.0,-52.0,0.0,0.0,0.0,0.054894973,-0.11121591,-0.16611089
172,14528,1.0,2.0,1.0,34.0,64.0,30.0,-0.00062007457,-0.00062007457,469.0,483.0,14.0,0.2,0.0,-0.2,-0.020925073,0.1747061,0.19563118
173,14567,1.0,1.0,0.0,1.0,1.0,0.0,0.008991756,0.008991756,185.0,167.0,-18.0,0.0,0.0,0.0,0.03576469,-0.015835552,-0.05160024
174,14594,2.0,1.0,-1.0,1.0,1.0,0.0,0.00736019,0.00736019,207.0,256.0,49.0,0.2,0.2,0.0,0.29712588,0.33879682,0.04167095
175,14610,2.0,4.0,2.0,5.0,5.0,0.0,0.00013854727,0.00013854727,2.0,2.0,0.0,0.4,0.4,0.0,0.342195,0.47125894,0.12906393
176,14644,1.0,2.0,1.0,2.0,2.0,0.0,0.006503798,0.006503798,268.0,196.0,-72.0,0.0,0.0,0.0,0.60543054,0.5238826,-0.081547916
177,14793,35.0,43.0,8.0,3.0,3.0,0.0,0.004112594,0.004112594,119.0,52.0,-67.0,0.0,0.0,0.0,0.40580592,0.43351993,0.027714014
178,14808,1.0,1.0,0.0,1.0,1.0,0.0,0.00790403,0.00790403,89.0,128.0,39.0,0.0,0.0,0.0,0.09454884,0.07914258,-0.015406258
179,14820,344.0,423.0,79.0,296.0,169.0,-127.0,0.009947963,0.009947963,390.0,257.0,-133.0,0.0,0.2,0.2,0.18743773,0.10926965,-0.07816808
180,14898,1.0,2.0,1.0,6.0,6.0,0.0,0.0065282136,0.0065282136,174.0,262.0,88.0,0.0,0.0,0.0,-0.22763014,-0.07030433,0.1573258
181,14931,9.0,13.0,4.0,2.0,2.0,0.0,0.0032405816,0.0032405816,12.0,11.0,-1.0,0.4,0.4,0.0,0.7071307,0.6716001,-0.035530567
182,15003,1.0,1.0,0.0,1.0,1.0,0.0,0.005564153,0.005564153,148.0,266.0,118.0,0.0,0.0,0.0,0.46468362,0.5080541,0.043370456
183,15025,1.0,4.0,3.0,1.0,1.0,0.0,-0.0042482726,-0.0042482726,142.0,72.0,-70.0,0.0,0.0,0.0,0.33226502,0.30714872,-0.025116295
184,15128,55.0,68.0,13.0,1.0,1.0,0.0,0.0044969134,0.0044969134,633.0,743.0,110.0,0.0,0.0,0.0,0.27632123,0.24419041,-0.032130823
185,15364,1.0,3.0,2.0,1.0,1.0,0.0,-0.00018894672,-0.00018894672,1.0,1.0,0.0,0.2,0.2,0.0,0.7483486,0.72105634,-0.027292252
186,15492,1.0,1.0,0.0,1.0,1.0,0.0,0.0073221996,0.0073221996,4.0,11.0,7.0,0.2,0.0,-0.2,0.3641926,0.49366736,0.12947476
187,15506,2.0,2.0,0.0,1.0,1.0,0.0,0.0064662285,0.0064662285,158.0,257.0,99.0,0.0,0.0,0.0,0.19798961,0.24406296,0.046073347
188,15793,1.0,1.0,0.0,1.0,1.0,0.0,-0.0035633668,-0.0035633668,549.0,610.0,61.0,0.0,0.0,0.0,0.17742716,0.033223648,-0.14420351
189,15819,1.0,1.0,0.0,1.0,1.0,0.0,0.0052988715,0.0052988715,173.0,176.0,3.0,0.0,0.0,0.0,-0.026639225,-0.01398061,0.012658615
190,15939,1.0,2.0,1.0,1.0,1.0,0.0,-0.005251739,-0.005251739,276.0,398.0,122.0,0.2,0.2,0.0,0.18215947,-0.0339885,-0.21614796
191,16063,2.0,3.0,1.0,3.0,2.0,-1.0,0.0072277747,0.0072277747,91.0,147.0,56.0,0.0,0.2,0.2,0.29796565,0.32270566,0.02474001
192,16252,1.0,10.0,9.0,1.0,1.0,0.0,-0.00068145245,-0.00068145245,228.0,218.0,-10.0,0.0,0.0,0.0,0.09545244,0.10444447,0.008992024
193,16344,15.0,6.0,-9.0,1.0,1.0,0.0,0.010951985,0.010951985,141.0,119.0,-22.0,0.0,0.0,0.0,0.60283285,0.548851,-0.05398184
194,16421,7.0,7.0,0.0,1.0,2.0,1.0,0.0070992373,0.0070992373,292.0,156.0,-136.0,0.0,0.0,0.0,0.16309159,0.21896851,0.055876926
195,16466,1.0,2.0,1.0,1.0,1.0,0.0,0.0005715154,0.0005715154,88.0,69.0,-19.0,0.0,0.0,0.0,0.12509632,-0.0034601886,-0.1285565
196,16616,1.0,1.0,0.0,1.0,1.0,0.0,0.0063018687,0.0063018687,316.0,335.0,19.0,0.0,0.0,0.0,0.2993442,0.35831723,0.058973014
197,16635,5.0,11.0,6.0,4.0,2.0,-2.0,0.006650094,0.006650094,597.0,484.0,-113.0,0.0,0.0,0.0,0.1270204,-0.028838579,-0.15585898
198,16655,44.0,108.0,64.0,25.0,61.0,36.0,0.0025484562,0.0025484562,59.0,88.0,29.0,0.0,0.0,0.0,-0.45723575,-0.3580149,0.09922084
199,16702,1.0,5.0,4.0,1.0,2.0,1.0,0.0010114759,0.0010114759,96.0,91.0,-5.0,0.0,0.0,0.0,0.35810807,0.3396347,-0.018473387
200,16723,1.0,1.0,0.0,1.0,2.0,1.0,0.0053451024,0.0053451024,66.0,19.0,-47.0,0.2,0.2,0.0,0.8092365,0.77703524,-0.03220129
201,16823,1.0,1.0,0.0,1.0,1.0,0.0,0.006300807,0.006300807,43.0,20.0,-23.0,0.0,0.0,0.0,0.08733684,0.034255434,-0.053081404
202,16841,52.0,17.0,-35.0,8.0,4.0,-4.0,0.012993727,0.012993727,84.0,79.0,-5.0,0.0,0.0,0.0,-0.03493577,-0.1604306,-0.12549482
203,16865,1.0,2.0,1.0,1.0,1.0,0.0,0.0040097535,0.0040097535,306.0,232.0,-74.0,0.0,0.0,0.0,0.3841738,0.5693457,0.1851719
204,16868,1.0,1.0,0.0,1.0,3.0,2.0,-0.0016365349,-0.0016365349,8.0,11.0,3.0,0.0,0.0,0.0,-0.292041,-0.21565665,0.07638435
205,16917,1.0,1.0,0.0,1.0,1.0,0.0,0.007630009,0.007630009,1.0,2.0,1.0,0.2,0.2,0.0,0.3081089,0.028059827,-0.28004906
206,17048,10.0,38.0,28.0,1.0,6.0,5.0,0.0016241409,0.0016241409,3.0,4.0,1.0,0.2,0.2,0.0,0.27849078,0.302341,0.023850232
207,17230,47.0,193.0,146.0,3.0,8.0,5.0,-4.053116e-05,-4.053116e-05,8.0,25.0,17.0,0.0,0.0,0.0,0.016497964,0.07705408,0.06055612
208,17238,1.0,4.0,3.0,2.0,3.0,1.0,-0.0038458258,-0.0038458258,31.0,22.0,-9.0,0.0,0.0,0.0,0.27243876,0.10558676,-0.166852
209,17369,7.0,7.0,0.0,4.0,7.0,3.0,0.0076061375,0.0076061375,8.0,3.0,-5.0,0.0,0.2,0.2,0.17250627,0.24666332,0.074157044
210,17374,2.0,2.0,0.0,1.0,1.0,0.0,0.0015654936,0.0015654936,588.0,548.0,-40.0,0.2,0.2,0.0,0.09716247,-0.09336199,-0.19052446
211,17450,9.0,10.0,1.0,1.0,1.0,0.0,0.002240818,0.002240818,14.0,19.0,5.0,0.4,0.4,0.0,0.4327476,0.41564545,-0.017102152
212,17463,9.0,6.0,-3.0,4.0,2.0,-2.0,0.010126147,0.010126147,96.0,100.0,4.0,0.0,0.0,0.0,0.7135798,0.80138624,0.08780646
213,17485,23.0,9.0,-14.0,2.0,3.0,1.0,0.012014553,0.012014553,1.0,1.0,0.0,0.2,0.4,0.2,0.50146043,0.4412543,-0.060206145
214,17549,2.0,1.0,-1.0,1.0,1.0,0.0,0.010864522,0.010864522,326.0,159.0,-167.0,0.2,0.2,0.0,-0.09977089,0.028569493,0.12834038
215,17595,1.0,1.0,0.0,1.0,1.0,0.0,0.0018372983,0.0018372983,14.0,18.0,4.0,0.2,0.2,0.0,-0.029764952,0.291423,0.32118794
216,17776,12.0,10.0,-2.0,4.0,1.0,-3.0,0.0072388276,0.0072388276,143.0,60.0,-83.0,0.4,0.4,0.0,0.21212932,0.5403574,0.3282281
217,17794,1.0,2.0,1.0,1.0,1.0,0.0,-0.0002512224,-0.0002512224,3.0,4.0,1.0,0.4,0.2,-0.2,-0.1299483,0.03337424,0.16332254
218,17934,111.0,53.0,-58.0,1.0,1.0,0.0,0.012360822,0.012360822,11.0,8.0,-3.0,0.0,0.0,0.0,0.1045064,0.1178211,0.013314694
219,17942,13.0,13.0,0.0,1.0,2.0,1.0,0.0020281598,0.0020281598,9.0,4.0,-5.0,0.4,0.4,0.0,0.25228688,0.16208777,-0.09019911
220,18268,16.0,4.0,-12.0,1.0,1.0,0.0,0.017212909,0.017212909,118.0,58.0,-60.0,0.0,0.0,0.0,0.17114545,0.17832987,0.007184416
221,18434,1.0,1.0,0.0,1.0,1.0,0.0,3.774464e-05,3.774464e-05,8.0,11.0,3.0,0.2,0.2,0.0,0.62797177,0.5721797,-0.055792093
222,18483,1.0,4.0,3.0,1.0,1.0,0.0,4.8086047e-05,4.8086047e-05,13.0,4.0,-9.0,0.2,0.4,0.2,0.12913749,0.17183419,0.0426967
223,18505,15.0,4.0,-11.0,11.0,6.0,-5.0,0.012940183,0.012940183,176.0,207.0,31.0,0.0,0.0,0.0,-0.010677429,0.0115582775,0.022235706
224,18535,1.0,3.0,2.0,3.0,11.0,8.0,0.0024130642,0.0024130642,246.0,213.0,-33.0,0.0,0.0,0.0,0.53558093,0.45167476,-0.08390617
225,18543,1.0,6.0,5.0,1.0,4.0,3.0,-0.0040482543,-0.0040482543,997.0,998.0,1.0,0.0,0.0,0.0,0.38805217,0.40088898,0.012836814
226,18690,1.0,1.0,0.0,1.0,1.0,0.0,0.010212652,0.010212652,89.0,62.0,-27.0,0.0,0.0,0.0,0.026918637,0.07024705,0.043328412
227,18796,4.0,20.0,16.0,6.0,18.0,12.0,-0.0020107515,-0.0020107515,159.0,40.0,-119.0,0.0,0.0,0.0,0.028807072,-0.0010745041,-0.029881576
228,19074,6.0,3.0,-3.0,2.0,2.0,0.0,0.009324633,0.009324633,19.0,17.0,-2.0,0.0,0.0,0.0,0.056042086,0.1282487,0.07220662
229,19181,26.0,23.0,-3.0,8.0,4.0,-4.0,0.010288592,0.010288592,4.0,5.0,1.0,0.2,0.2,0.0,0.21898733,0.2970248,0.078037456
230,19199,1.0,1.0,0.0,1.0,1.0,0.0,0.0013469309,0.0013469309,48.0,36.0,-12.0,0.0,0.0,0.0,0.5770614,0.6036086,0.026547194
231,19200,1.0,1.0,0.0,1.0,1.0,0.0,0.0010446236,0.0010446236,98.0,35.0,-63.0,0.0,0.0,0.0,0.700581,0.691433,-0.009148002
232,19292,20.0,42.0,22.0,15.0,27.0,12.0,0.0044381097,0.0044381097,72.0,72.0,0.0,0.2,0.2,0.0,0.19049591,0.48153085,0.29103494
233,19436,2.0,2.0,0.0,1.0,1.0,0.0,0.0024353787,0.0024353787,65.0,26.0,-39.0,0.0,0.0,0.0,0.36356565,0.41556388,0.051998228
234,19573,341.0,72.0,-269.0,179.0,163.0,-16.0,0.018589837,0.018589837,535.0,486.0,-49.0,0.0,0.0,0.0,-0.074056,0.37147388,0.44552988
235,19642,55.0,21.0,-34.0,1.0,1.0,0.0,0.01517811,0.01517811,395.0,301.0,-94.0,0.0,0.0,0.0,-0.042746186,-0.097484425,-0.05473824
236,19672,249.0,596.0,347.0,22.0,41.0,19.0,0.0015998259,0.0015998259,560.0,443.0,-117.0,0.0,0.0,0.0,0.302617,0.42038938,0.11777237
237,19690,61.0,25.0,-36.0,47.0,40.0,-7.0,0.013132811,0.013132811,488.0,415.0,-73.0,0.0,0.0,0.0,0.104191355,0.10863715,0.0044457912
238,19933,4.0,4.0,0.0,2.0,1.0,-1.0,0.008232892,0.008232892,761.0,541.0,-220.0,0.0,0.0,0.0,-0.01741251,0.06590612,0.083318636
239,20054,1.0,1.0,0.0,1.0,1.0,0.0,-0.002008818,-0.002008818,1.0,1.0,0.0,0.2,0.2,0.0,0.49451923,0.5686577,0.07413846
240,20064,6.0,1.0,-5.0,1.0,3.0,2.0,0.008220755,0.008220755,268.0,112.0,-156.0,0.0,0.0,0.0,-0.093989104,-0.033141904,0.0608472
241,20080,9.0,5.0,-4.0,6.0,2.0,-4.0,0.010085691,0.010085691,348.0,308.0,-40.0,0.0,0.0,0.0,0.28564847,0.33578318,0.05013472
242,20206,10.0,7.0,-3.0,8.0,10.0,2.0,0.007342063,0.007342063,67.0,67.0,0.0,0.0,0.2,0.2,-0.02014316,-0.028485246,-0.008342085
243,20223,1.0,1.0,0.0,1.0,1.0,0.0,0.0035984404,0.0035984404,225.0,157.0,-68.0,0.0,0.0,0.0,0.051118746,0.058946125,0.007827379
244,20265,1.0,1.0,0.0,1.0,1.0,0.0,0.0053977147,0.0053977147,408.0,509.0,101.0,0.0,0.0,0.0,0.50757396,0.43477488,-0.07279909
245,20307,4.0,7.0,3.0,1.0,1.0,0.0,0.007956903,0.007956903,643.0,465.0,-178.0,0.0,0.0,0.0,0.533004,0.57967347,0.046669483
246,20442,1.0,1.0,0.0,1.0,1.0,0.0,0.005742546,0.005742546,96.0,102.0,6.0,0.2,0.2,0.0,0.12608342,0.082495116,-0.043588303
247,20633,2.0,1.0,-1.0,1.0,1.0,0.0,0.009593442,0.009593442,9.0,14.0,5.0,0.0,0.2,0.2,0.5206645,0.48533607,-0.035328448
248,20650,70.0,221.0,151.0,2.0,3.0,1.0,0.0015518107,0.0015518107,28.0,13.0,-15.0,0.0,0.0,0.0,0.090305105,-0.044423632,-0.13472873
249,20702,1.0,1.0,0.0,1.0,1.0,0.0,0.0060702004,0.0060702004,112.0,87.0,-25.0,0.0,0.0,0.0,0.43401447,0.54315865,0.10914418
250,20738,1.0,1.0,0.0,1.0,1.0,0.0,0.00073938817,0.00073938817,180.0,169.0,-11.0,0.2,0.2,0.0,0.5976246,0.6395799,0.041955292
251,20777,5.0,6.0,1.0,1.0,1.0,0.0,0.0062171854,0.0062171854,93.0,61.0,-32.0,0.0,0.0,0.0,-0.26928473,-0.008574106,0.26071063
252,20820,7.0,1.0,-6.0,2.0,1.0,-1.0,0.016454577,0.016454577,6.0,4.0,-2.0,0.2,0.2,0.0,0.1317928,0.016785538,-0.11500726
253,21108,2.0,1.0,-1.0,1.0,1.0,0.0,0.013263382,0.013263382,14.0,4.0,-10.0,0.0,0.2,0.2,0.07421597,0.067524925,-0.006691046
254,21192,1.0,1.0,0.0,1.0,1.0,0.0,0.004776381,0.004776381,50.0,22.0,-28.0,0.0,0.2,0.2,0.18003011,0.24293604,0.06290594
255,21194,2.0,3.0,1.0,1.0,1.0,0.0,0.0072716214,0.0072716214,101.0,76.0,-25.0,0.0,0.0,0.0,0.13805202,0.28784707,0.14979506
256,21197,92.0,312.0,220.0,120.0,132.0,12.0,-0.00021326542,-0.00021326542,514.0,371.0,-143.0,0.0,0.0,0.0,-0.18991412,-0.29340288,-0.10348876
257,21218,24.0,11.0,-13.0,11.0,4.0,-7.0,0.014373183,0.014373183,377.0,242.0,-135.0,0.0,0.0,0.0,-0.1355521,-0.06323844,0.07231365
258,21253,1.0,1.0,0.0,1.0,1.0,0.0,0.005848471,0.005848471,6.0,8.0,2.0,0.0,0.2,0.2,0.6379413,0.6552399,0.01729858
259,21279,1.0,1.0,0.0,1.0,1.0,0.0,0.009900283,0.009900283,46.0,66.0,20.0,0.0,0.0,0.0,0.40111187,0.41985184,0.018739969
260,21318,67.0,10.0,-57.0,76.0,40.0,-36.0,0.018592924,0.018592924,351.0,280.0,-71.0,0.0,0.0,0.0,-0.045436654,-0.1153085,-0.06987184
261,21508,12.0,45.0,33.0,4.0,3.0,-1.0,0.0013539344,0.0013539344,13.0,12.0,-1.0,0.2,0.2,0.0,0.28944123,0.21534057,-0.07410066
262,21526,108.0,95.0,-13.0,39.0,34.0,-5.0,0.0086687375,0.0086687375,2.0,1.0,-1.0,0.2,0.2,0.0,0.08162201,-0.08587073,-0.16749275
263,21553,1.0,1.0,0.0,1.0,1.0,0.0,0.0075405426,0.0075405426,520.0,369.0,-151.0,0.0,0.0,0.0,0.7545297,0.7693048,0.014775097
264,21601,1.0,1.0,0.0,1.0,1.0,0.0,0.0027066171,0.0027066171,165.0,91.0,-74.0,0.0,0.0,0.0,0.11016774,0.16778143,0.057613686
265,21703,2.0,1.0,-1.0,7.0,14.0,7.0,0.008396301,0.008396301,89.0,107.0,18.0,0.0,0.2,0.2,0.068873756,-0.02160912,-0.090482876
266,21950,1.0,2.0,1.0,1.0,1.0,0.0,0.002029568,0.002029568,208.0,232.0,24.0,0.0,0.0,0.0,0.2119328,0.36877704,0.15684424
267,21989,6.0,12.0,6.0,1.0,8.0,7.0,0.00864058,0.00864058,396.0,538.0,142.0,0.0,0.0,0.0,0.12600775,-0.003091707,-0.12909946
268,22138,6.0,1.0,-5.0,1.0,2.0,1.0,0.009197738,0.009197738,5.0,11.0,6.0,0.2,0.0,-0.2,0.4246207,0.23713514,-0.18748555
269,22143,2.0,4.0,2.0,1.0,1.0,0.0,0.0048717335,0.0048717335,669.0,802.0,133.0,0.0,0.0,0.0,0.06744258,0.051046763,-0.016395818
270,22155,274.0,79.0,-195.0,564.0,310.0,-254.0,0.0185485,0.0185485,255.0,228.0,-27.0,0.0,0.0,0.0,-0.22932887,-0.25883698,-0.029508114
271,22263,2.0,2.0,0.0,1.0,1.0,0.0,0.009147733,0.009147733,2.0,3.0,1.0,0.2,0.2,0.0,0.09061477,0.10769562,0.017080843
272,22387,1.0,1.0,0.0,1.0,1.0,0.0,0.004494451,0.004494451,224.0,208.0,-16.0,0.2,0.2,0.0,0.24135879,0.13479696,-0.106561825
273,22495,1.0,3.0,2.0,1.0,2.0,1.0,0.0059057362,0.0059057362,56.0,83.0,27.0,0.4,0.4,0.0,0.33885306,0.24047084,-0.09838222
274,22505,2.0,3.0,1.0,4.0,2.0,-2.0,0.0061602145,0.0061602145,344.0,304.0,-40.0,0.0,0.0,0.0,0.23391245,0.14969975,-0.084212705
275,22515,13.0,40.0,27.0,1.0,2.0,1.0,0.003050223,0.003050223,282.0,245.0,-37.0,0.0,0.0,0.0,0.008800783,-0.02338819,-0.032188974
276,22523,1.0,1.0,0.0,1.0,1.0,0.0,0.008989647,0.008989647,2.0,4.0,2.0,0.4,0.4,0.0,0.2990442,0.18897732,-0.110066876
277,22530,23.0,4.0,-19.0,3.0,1.0,-2.0,0.015973028,0.015973028,202.0,281.0,79.0,0.0,0.0,0.0,0.45377377,0.42096013,-0.03281364
278,22585,6.0,1.0,-5.0,2.0,2.0,0.0,0.014741685,0.014741685,390.0,195.0,-195.0,0.0,0.0,0.0,0.1017382,0.0877011,-0.014037102
279,22587,1.0,1.0,0.0,1.0,1.0,0.0,0.0057174712,0.0057174712,98.0,96.0,-2.0,0.0,0.2,0.2,0.102462225,0.043777816,-0.05868441
280,22772,5.0,2.0,-3.0,1.0,2.0,1.0,0.010720219,0.010720219,79.0,89.0,10.0,0.0,0.0,0.0,-0.16498631,-0.0021846301,0.16280168
281,22782,1.0,1.0,0.0,1.0,1.0,0.0,0.0067360513,0.0067360513,97.0,52.0,-45.0,0.0,0.0,0.0,-0.3203321,-0.24218841,0.0781437
282,22794,1.0,1.0,0.0,2.0,4.0,2.0,0.0015638508,0.0015638508,8.0,6.0,-2.0,0.0,0.0,0.0,0.074548066,0.1320935,0.05754544
283,22809,4.0,4.0,0.0,1.0,1.0,0.0,0.006265871,0.006265871,1.0,1.0,0.0,0.6,0.6,0.0,0.2754351,0.23001273,-0.04542236
284,22845,57.0,189.0,132.0,74.0,63.0,-11.0,0.0011408329,0.0011408329,280.0,130.0,-150.0,0.0,0.0,0.0,0.5408669,0.61312246,0.07225555
285,22873,17.0,11.0,-6.0,1.0,1.0,0.0,0.010520313,0.010520313,392.0,165.0,-227.0,0.0,0.0,0.0,-0.04496806,-0.13319819,-0.088230126
286,22879,1.0,1.0,0.0,1.0,1.0,0.0,0.008572325,0.008572325,335.0,338.0,3.0,0.0,0.0,0.0,0.123051465,0.20164733,0.07859586
287,22886,3.0,6.0,3.0,2.0,3.0,1.0,0.002585709,0.002585709,148.0,97.0,-51.0,0.0,0.2,0.2,-0.04871851,-0.03750429,0.011214219
288,22957,1.0,9.0,8.0,1.0,1.0,0.0,-0.0003198795,-0.0003198795,15.0,9.0,-6.0,0.0,0.0,0.0,-0.08305984,0.04401966,0.1270795
289,22967,1.0,1.0,0.0,1.0,1.0,0.0,-0.0023397207,-0.0023397207,126.0,44.0,-82.0,0.2,0.2,0.0,0.20738131,0.011218404,-0.19616291
290,22993,15.0,27.0,12.0,1.0,1.0,0.0,0.0042519793,0.0042519793,23.0,25.0,2.0,0.0,0.0,0.0,0.5714909,0.6983449,0.126854
291,23036,1.0,2.0,1.0,1.0,1.0,0.0,-0.0032911338,-0.0032911338,43.0,57.0,14.0,0.0,0.0,0.0,0.50310993,0.53940254,0.036292613
292,23241,104.0,65.0,-39.0,47.0,18.0,-29.0,0.013433529,0.013433529,363.0,333.0,-30.0,0.0,0.0,0.0,-0.19282506,-0.10862352,0.084201545
293,23492,144.0,140.0,-4.0,5.0,1.0,-4.0,0.010063125,0.010063125,258.0,199.0,-59.0,0.2,0.2,0.0,0.1696632,0.016031722,-0.15363148
294,23715,1.0,1.0,0.0,1.0,1.0,0.0,0.004130069,0.004130069,88.0,191.0,103.0,0.0,0.0,0.0,0.12355892,0.110675916,-0.0128830075
295,23729,1.0,1.0,0.0,1.0,2.0,1.0,-0.0018353648,-0.0018353648,46.0,37.0,-9.0,0.0,0.0,0.0,0.22695754,0.23350477,0.0065472275
296,23871,34.0,12.0,-22.0,9.0,8.0,-1.0,0.013739333,0.013739333,73.0,63.0,-10.0,0.0,0.0,0.0,0.3468647,0.31058607,-0.036278635
297,23876,9.0,34.0,25.0,8.0,8.0,0.0,-0.00062346086,-0.00062346086,60.0,11.0,-49.0,0.0,0.0,0.0,-0.012575817,-0.09919667,-0.08662085
298,23883,1.0,1.0,0.0,27.0,15.0,-12.0,0.0017082803,0.0017082803,218.0,264.0,46.0,0.0,0.0,0.0,0.04524047,0.1006148,0.05537433
299,23993,1.0,2.0,1.0,1.0,1.0,0.0,0.0067670606,0.0067670606,95.0,60.0,-35.0,0.0,0.0,0.0,0.014035574,0.057729606,0.04369403
300,24202,1.0,2.0,1.0,2.0,2.0,0.0,0.00529192,0.00529192,10.0,4.0,-6.0,0.0,0.2,0.2,-0.01922577,0.058249287,0.077475056
301,24214,2.0,2.0,0.0,2.0,1.0,-1.0,0.008435722,0.008435722,55.0,116.0,61.0,0.0,0.0,0.0,0.5365814,0.5040867,-0.032494724
302,24264,1.0,1.0,0.0,1.0,1.0,0.0,-0.0028523207,-0.0028523207,28.0,21.0,-7.0,0.0,0.0,0.0,0.60571045,0.6864633,0.08075285
303,24317,1.0,1.0,0.0,1.0,1.0,0.0,0.0004922971,0.0004922971,106.0,24.0,-82.0,0.0,0.0,0.0,0.5237234,0.40072843,-0.12299499
304,24480,21.0,64.0,43.0,8.0,10.0,2.0,0.0033385903,0.0033385903,6.0,8.0,2.0,0.0,0.0,0.0,-0.14090447,-0.03617137,0.1047331
305,24517,7.0,13.0,6.0,1.0,2.0,1.0,0.007544752,0.007544752,121.0,44.0,-77.0,0.0,0.0,0.0,-0.082184196,-0.11631698,-0.034132786
306,24530,519.0,383.0,-136.0,347.0,310.0,-37.0,0.013671637,0.013671637,568.0,638.0,70.0,0.0,0.0,0.0,-0.007167602,-0.16128567,-0.15411806
307,24560,2.0,3.0,1.0,1.0,1.0,0.0,-0.002636291,-0.002636291,10.0,19.0,9.0,0.0,0.0,0.0,0.5094509,0.39366412,-0.11578679
308,24638,3.0,6.0,3.0,5.0,5.0,0.0,0.0045267493,0.0045267493,369.0,317.0,-52.0,0.0,0.0,0.0,0.052593067,0.103470765,0.050877698
309,24640,9.0,4.0,-5.0,8.0,7.0,-1.0,0.011254337,0.011254337,126.0,127.0,1.0,0.0,0.0,0.0,0.24644102,-0.16375662,-0.41019765
310,24649,9.0,42.0,33.0,12.0,19.0,7.0,0.00015112013,0.00015112013,543.0,545.0,2.0,0.0,0.2,0.2,0.0049019293,0.0019789494,-0.0029229799
311,24739,34.0,19.0,-15.0,5.0,5.0,0.0,0.008918844,0.008918844,4.0,4.0,0.0,0.2,0.2,0.0,-0.14347367,-0.18245493,-0.03898126
312,24740,3.0,2.0,-1.0,2.0,1.0,-1.0,0.007969264,0.007969264,37.0,43.0,6.0,0.2,0.2,0.0,0.16522254,0.23884243,0.07361989
313,24787,3.0,1.0,-2.0,2.0,1.0,-1.0,0.013716474,0.013716474,303.0,224.0,-79.0,0.0,0.0,0.0,-0.10951913,0.1827543,0.29227343
314,24846,1.0,1.0,0.0,1.0,1.0,0.0,0.0005086921,0.0005086921,169.0,201.0,32.0,0.2,0.2,0.0,0.7425363,0.6998965,-0.042639792
315,25059,4.0,7.0,3.0,1.0,1.0,0.0,0.0057662837,0.0057662837,47.0,20.0,-27.0,0.0,0.0,0.0,0.53671473,0.566679,0.029964268
316,25091,1.0,1.0,0.0,5.0,5.0,0.0,0.009177916,0.009177916,511.0,522.0,11.0,0.0,0.0,0.0,0.17107327,0.15514988,-0.015923396
317,25111,4.0,2.0,-2.0,1.0,1.0,0.0,0.011402186,0.011402186,1.0,1.0,0.0,0.2,0.2,0.0,0.11180722,0.04943342,-0.0623738
318,25205,12.0,12.0,0.0,12.0,25.0,13.0,0.005020585,0.005020585,17.0,18.0,1.0,0.0,0.0,0.0,-0.34893405,0.10732733,0.4562614
319,25250,1.0,1.0,0.0,1.0,1.0,0.0,0.00608173,0.00608173,10.0,26.0,16.0,0.0,0.0,0.0,0.052529097,0.1370896,0.0845605
320,25268,1.0,1.0,0.0,1.0,1.0,0.0,0.0046526305,0.0046526305,413.0,297.0,-116.0,0.0,0.0,0.0,0.03672014,0.0065861926,-0.03013395
321,25284,1.0,1.0,0.0,1.0,2.0,1.0,-0.00030982494,-0.00030982494,180.0,135.0,-45.0,0.0,0.2,0.2,-0.009365026,0.04708715,0.056452177
322,25287,1.0,2.0,1.0,3.0,3.0,0.0,0.0009767413,0.0009767413,196.0,169.0,-27.0,0.0,0.0,0.0,0.23315176,0.23438536,0.0012335926
323,25318,2.0,2.0,0.0,1.0,1.0,0.0,0.010077,0.010077,11.0,20.0,9.0,0.0,0.0,0.0,0.27282262,0.24962239,-0.023200229
324,25319,14.0,28.0,14.0,1.0,1.0,0.0,0.0062599517,0.0062599517,85.0,105.0,20.0,0.0,0.0,0.0,-0.22714967,-0.08986555,0.13728411
325,25371,3.0,1.0,-2.0,1.0,1.0,0.0,0.013704732,0.013704732,881.0,551.0,-330.0,0.2,0.2,0.0,-0.17660667,-0.14200649,0.034600183
326,25454,41.0,32.0,-9.0,3.0,6.0,3.0,0.009400584,0.009400584,191.0,199.0,8.0,0.0,0.0,0.0,0.012247788,0.007666222,-0.004581566
327,25570,1.0,4.0,3.0,1.0,1.0,0.0,-0.0007757023,-0.0007757023,23.0,12.0,-11.0,0.0,0.0,0.0,0.019894365,-0.0008356773,-0.020730043
328,25578,1.0,2.0,1.0,1.0,1.0,0.0,0.0024056286,0.0024056286,45.0,20.0,-25.0,0.2,0.2,0.0,0.040581558,-0.045949683,-0.08653124
329,25581,2.0,4.0,2.0,1.0,1.0,0.0,-0.0011282861,-0.0011282861,13.0,17.0,4.0,0.0,0.0,0.0,0.24242212,0.1628498,-0.07957232
330,25588,7.0,1.0,-6.0,2.0,4.0,2.0,0.014048211,0.014048211,102.0,79.0,-23.0,0.0,0.0,0.0,0.60263413,0.68525827,0.08262414
331,25602,423.0,406.0,-17.0,292.0,256.0,-36.0,0.011913396,0.011913396,81.0,53.0,-28.0,0.0,0.0,0.0,0.23383538,0.043311767,-0.19052362
332,25693,11.0,2.0,-9.0,32.0,4.0,-28.0,0.019038513,0.019038513,337.0,375.0,38.0,0.0,0.0,0.0,0.15601715,0.2598605,0.10384333
333,25702,8.0,4.0,-4.0,1.0,1.0,0.0,0.010913163,0.010913163,463.0,341.0,-122.0,0.0,0.0,0.0,0.027324097,0.33556902,0.3082449
334,25711,9.0,5.0,-4.0,2.0,2.0,0.0,0.007022731,0.007022731,125.0,238.0,113.0,0.0,0.0,0.0,-0.07803239,-0.13875124,-0.06071885
335,25741,2.0,2.0,0.0,14.0,16.0,2.0,0.009485599,0.009485599,370.0,246.0,-124.0,0.0,0.0,0.0,0.2634679,0.3012705,0.037802607
336,25746,18.0,2.0,-16.0,1.0,1.0,0.0,0.015864778,0.015864778,104.0,81.0,-23.0,0.0,0.0,0.0,0.5033474,0.46176073,-0.041586667
337,25881,2.0,5.0,3.0,3.0,4.0,1.0,0.0009713173,0.0009713173,129.0,114.0,-15.0,0.2,0.2,0.0,0.5620952,0.602797,0.040701747
338,25906,1.0,32.0,31.0,1.0,1.0,0.0,-0.0015496127,-0.0015496127,15.0,19.0,4.0,0.4,0.2,-0.2,-0.0044084233,0.027048701,0.031457126
339,25959,1.0,1.0,0.0,1.0,1.0,0.0,0.0076671094,0.0076671094,143.0,70.0,-73.0,0.2,0.2,0.0,-0.13581645,-0.09570448,0.040111974
340,26119,3.0,3.0,0.0,2.0,2.0,0.0,0.0060686357,0.0060686357,88.0,55.0,-33.0,0.0,0.0,0.0,0.07192644,0.16518997,0.09326353
341,26127,2.0,18.0,16.0,1.0,1.0,0.0,-0.0053520575,-0.0053520575,67.0,45.0,-22.0,0.0,0.0,0.0,0.21671604,0.16813733,-0.04857871
342,26163,3.0,28.0,25.0,2.0,3.0,1.0,0.0015756674,0.0015756674,139.0,139.0,0.0,0.0,0.0,0.0,-0.21918818,-0.2563781,-0.03718993
343,26243,49.0,41.0,-8.0,24.0,7.0,-17.0,0.01271354,0.01271354,152.0,118.0,-34.0,0.0,0.0,0.0,0.33547556,0.19349255,-0.14198302
344,26292,94.0,102.0,8.0,28.0,26.0,-2.0,0.008345049,0.008345049,28.0,28.0,0.0,0.0,0.0,0.0,0.2880357,0.24486597,-0.043169722
345,26307,1.0,1.0,0.0,1.0,1.0,0.0,0.0038920864,0.0038920864,705.0,702.0,-3.0,0.0,0.0,0.0,0.27593723,0.3773126,0.10137537
346,26351,2.0,2.0,0.0,4.0,7.0,3.0,0.0025885291,0.0025885291,93.0,64.0,-29.0,0.0,0.2,0.2,0.19246213,0.20693809,0.014475957
347,26372,1.0,17.0,16.0,1.0,1.0,0.0,-0.0033091009,-0.0033091009,185.0,128.0,-57.0,0.0,0.0,0.0,0.097226925,0.1271888,0.029961877
348,26435,1.0,1.0,0.0,1.0,1.0,0.0,0.006463632,0.006463632,264.0,106.0,-158.0,0.0,0.2,0.2,0.35551417,0.2777701,-0.07774407
349,26458,11.0,1.0,-10.0,1.0,1.0,0.0,0.013236914,0.013236914,635.0,502.0,-133.0,0.0,0.0,0.0,0.15751162,0.31567097,0.15815935
350,26598,1.0,7.0,6.0,1.0,1.0,0.0,0.003270477,0.003270477,186.0,106.0,-80.0,0.2,0.0,-0.2,0.4229569,0.6019341,0.17897716
351,26720,17.0,13.0,-4.0,13.0,19.0,6.0,0.007526107,0.007526107,61.0,54.0,-7.0,0.2,0.2,0.0,0.5263251,0.6073538,0.0810287
352,26780,44.0,59.0,15.0,86.0,45.0,-41.0,0.008504085,0.008504085,63.0,16.0,-47.0,0.0,0.0,0.0,-0.031167112,0.010847909,0.042015024
353,26895,1.0,1.0,0.0,1.0,1.0,0.0,0.0069309287,0.0069309287,9.0,15.0,6.0,0.2,0.2,0.0,0.24809645,0.23926951,-0.008826941
354,26909,23.0,31.0,8.0,12.0,12.0,0.0,0.006506514,0.006506514,109.0,103.0,-6.0,0.0,0.0,0.0,0.16121626,0.16547944,0.0042631775
355,26971,191.0,203.0,12.0,6.0,11.0,5.0,0.007023422,0.007023422,83.0,74.0,-9.0,0.2,0.2,0.0,0.044632997,-0.0945968,-0.1392298
356,26990,1.0,6.0,5.0,1.0,2.0,1.0,0.003964655,0.003964655,563.0,551.0,-12.0,0.0,0.0,0.0,0.00839065,0.12213431,0.11374366
357,27242,3.0,5.0,2.0,2.0,1.0,-1.0,-0.0010514483,-0.0010514483,41.0,49.0,8.0,0.0,0.0,0.0,0.54176396,0.4323746,-0.109389365
358,27275,1.0,1.0,0.0,2.0,2.0,0.0,0.0024572872,0.0024572872,137.0,107.0,-30.0,0.0,0.0,0.0,0.06493065,0.1752003,0.11026965
359,27287,5.0,9.0,4.0,2.0,2.0,0.0,0.00031606853,0.00031606853,295.0,219.0,-76.0,0.0,0.0,0.0,0.1433487,0.18727878,0.043930084
360,27326,10.0,3.0,-7.0,3.0,2.0,-1.0,0.010779932,0.010779932,297.0,302.0,5.0,0.0,0.0,0.0,0.016199535,-0.037065253,-0.05326479
361,27435,1.0,1.0,0.0,1.0,1.0,0.0,0.010927029,0.010927029,467.0,498.0,31.0,0.0,0.0,0.0,0.64161587,0.5554055,-0.08621037
362,27568,16.0,21.0,5.0,6.0,4.0,-2.0,0.0067450665,0.0067450665,132.0,190.0,58.0,0.0,0.0,0.0,0.110633634,0.061697695,-0.04893594
363,27580,5.0,2.0,-3.0,5.0,1.0,-4.0,0.009239614,0.009239614,13.0,6.0,-7.0,0.0,0.0,0.0,0.23320468,0.3661126,0.13290791
364,27830,87.0,58.0,-29.0,52.0,31.0,-21.0,0.010996485,0.010996485,183.0,64.0,-119.0,0.0,0.0,0.0,-0.15076634,-0.12684321,0.023923129
365,27878,7.0,2.0,-5.0,5.0,2.0,-3.0,0.015092712,0.015092712,446.0,492.0,46.0,0.0,0.0,0.0,0.18570222,0.10011622,-0.085586
366,27972,14.0,40.0,26.0,1.0,4.0,3.0,0.0016627945,0.0016627945,618.0,578.0,-40.0,0.2,0.2,0.0,-0.04965801,-0.021620251,0.02803776
367,28024,2.0,1.0,-1.0,2.0,5.0,3.0,0.0035844222,0.0035844222,2.0,2.0,0.0,0.4,0.4,0.0,0.4173386,0.46040314,0.043064535
368,28068,2.0,6.0,4.0,1.0,1.0,0.0,0.0031268299,0.0031268299,49.0,78.0,29.0,0.2,0.2,0.0,0.2354623,0.39568663,0.16022433
369,28096,15.0,16.0,1.0,1.0,1.0,0.0,0.009646535,0.009646535,44.0,100.0,56.0,0.2,0.2,0.0,0.4372878,0.52338177,0.08609396
370,28159,1.0,1.0,0.0,1.0,1.0,0.0,0.004865911,0.004865911,17.0,9.0,-8.0,0.2,0.2,0.0,-0.0844167,0.2222731,0.3066898
371,28189,10.0,38.0,28.0,63.0,72.0,9.0,0.0038220286,0.0038220286,12.0,6.0,-6.0,0.0,0.0,0.0,0.2997448,0.26620206,-0.033542752
372,28286,2.0,1.0,-1.0,1.0,1.0,0.0,0.0040235594,0.0040235594,159.0,59.0,-100.0,0.0,0.0,0.0,0.43133116,0.4288299,-0.0025012493
373,28303,2.0,2.0,0.0,1.0,1.0,0.0,0.00933953,0.00933953,6.0,5.0,-1.0,0.0,0.2,0.2,0.10379206,0.047793765,-0.05599829
374,28319,1.0,1.0,0.0,2.0,2.0,0.0,0.00031663105,0.00031663105,73.0,112.0,39.0,0.4,0.2,-0.2,0.41414675,0.2538204,-0.16032636
375,28325,12.0,16.0,4.0,2.0,4.0,2.0,0.0065304153,0.0065304153,164.0,185.0,21.0,0.2,0.2,0.0,0.09833656,0.10867464,0.010338075
376,28341,2.0,1.0,-1.0,1.0,1.0,0.0,0.004949391,0.004949391,98.0,168.0,70.0,0.0,0.0,0.0,-0.023495018,0.0027246738,0.026219692
377,28349,1.0,1.0,0.0,1.0,1.0,0.0,0.0052654,0.0052654,186.0,109.0,-77.0,0.0,0.2,0.2,0.70441353,0.69845986,-0.0059536695
378,28418,69.0,27.0,-42.0,54.0,25.0,-29.0,0.0129658915,0.0129658915,390.0,305.0,-85.0,0.2,0.2,0.0,0.10624042,0.04562259,-0.06061783
379,28487,18.0,34.0,16.0,2.0,2.0,0.0,0.0037893318,0.0037893318,41.0,25.0,-16.0,0.0,0.0,0.0,0.633197,0.62290984,-0.010287166
380,28524,1.0,1.0,0.0,1.0,1.0,0.0,0.0010184795,0.0010184795,68.0,129.0,61.0,0.2,0.0,-0.2,0.46715346,0.46778002,0.000626564
381,28595,1.0,1.0,0.0,1.0,1.0,0.0,0.0033232458,0.0033232458,105.0,58.0,-47.0,0.2,0.2,0.0,0.21348661,0.16258124,-0.050905377
382,28689,1.0,1.0,0.0,2.0,2.0,0.0,0.004024349,0.004024349,11.0,13.0,2.0,0.0,0.0,0.0,0.025352366,-0.094597585,-0.11994995
383,28745,12.0,6.0,-6.0,3.0,1.0,-2.0,0.01444044,0.01444044,54.0,36.0,-18.0,0.0,0.0,0.0,0.14065833,0.14538327,0.0047249347
384,28751,1.0,1.0,0.0,1.0,1.0,0.0,0.010294817,0.010294817,3.0,3.0,0.0,0.8,0.4,-0.4,0.08230199,0.20772363,0.12542164
385,28755,1.0,1.0,0.0,1.0,1.0,0.0,0.012714006,0.012714006,518.0,350.0,-168.0,0.2,0.2,0.0,0.24419807,0.14141464,-0.10278343
386,28788,2.0,3.0,1.0,1.0,1.0,0.0,0.0036457144,0.0036457144,177.0,75.0,-102.0,0.4,0.4,0.0,0.38575238,0.40263695,0.016884565
387,28898,1.0,2.0,1.0,1.0,1.0,0.0,0.008031353,0.008031353,37.0,14.0,-23.0,0.0,0.0,0.0,0.015196162,-0.019779256,-0.034975417
388,28963,1.0,1.0,0.0,1.0,1.0,0.0,0.005485583,0.005485583,178.0,95.0,-83.0,0.0,0.0,0.0,0.3393083,0.27143335,-0.06787494
389,29010,3.0,16.0,13.0,3.0,1.0,-2.0,0.0026316456,0.0026316456,10.0,40.0,30.0,0.2,0.2,0.0,0.16991785,0.3142838,0.14436594
390,29021,17.0,6.0,-11.0,3.0,2.0,-1.0,0.011534944,0.011534944,4.0,4.0,0.0,0.2,0.2,0.0,0.3708572,-0.10549429,-0.4763515
391,29381,1.0,1.0,0.0,1.0,1.0,0.0,0.011709515,0.011709515,159.0,186.0,27.0,0.2,0.2,0.0,0.23815176,0.23399502,-0.0041567385
392,29568,1.0,1.0,0.0,1.0,1.0,0.0,0.008719124,0.008719124,45.0,18.0,-27.0,0.0,0.0,0.0,0.37611675,0.24898711,-0.12712964
393,29660,1.0,8.0,7.0,5.0,7.0,2.0,-0.002707947,-0.002707947,12.0,28.0,16.0,0.0,0.0,0.0,0.36891252,0.44420594,0.07529342
394,29663,6.0,70.0,64.0,5.0,12.0,7.0,-0.0052826777,-0.0052826777,580.0,552.0,-28.0,0.0,0.0,0.0,0.24932794,0.30961087,0.06028293
395,29680,1.0,1.0,0.0,1.0,1.0,0.0,0.0072713904,0.0072713904,49.0,24.0,-25.0,0.2,0.2,0.0,0.6319054,0.6126453,-0.019260049
396,29711,1.0,1.0,0.0,1.0,1.0,0.0,0.0042101853,0.0042101853,1.0,1.0,0.0,0.2,0.2,0.0,0.27279437,0.33092558,0.058131218
397,29837,10.0,7.0,-3.0,7.0,5.0,-2.0,0.008599736,0.008599736,127.0,108.0,-19.0,0.0,0.0,0.0,0.11832309,0.13331914,0.014996052
398,29886,2.0,3.0,1.0,1.0,1.0,0.0,0.008656513,0.008656513,2.0,2.0,0.0,0.2,0.2,0.0,0.44248974,0.5056889,0.06319916
399,29919,1.0,1.0,0.0,1.0,1.0,0.0,0.0019153357,0.0019153357,21.0,30.0,9.0,0.0,0.0,0.0,0.35467523,0.032472134,-0.3222031
400,29980,115.0,108.0,-7.0,3.0,2.0,-1.0,0.0068390295,0.0068390295,233.0,186.0,-47.0,0.0,0.0,0.0,0.018328687,0.26027608,0.2419474
401,30081,1.0,1.0,0.0,1.0,1.0,0.0,0.0021583661,0.0021583661,126.0,70.0,-56.0,0.2,0.2,0.0,0.52853537,0.40687948,-0.12165588
402,30373,18.0,18.0,0.0,44.0,18.0,-26.0,0.010505216,0.010505216,459.0,300.0,-159.0,0.0,0.0,0.0,0.09351849,0.016505724,-0.07701276
403,30395,1.0,1.0,0.0,1.0,1.0,0.0,0.005218856,0.005218856,117.0,88.0,-29.0,0.2,0.0,-0.2,0.5146255,0.51108855,-0.0035369396
404,30407,46.0,39.0,-7.0,2.0,1.0,-1.0,0.0084848665,0.0084848665,723.0,767.0,44.0,0.0,0.0,0.0,-0.20481114,-0.2024001,0.0024110377
405,30430,1.0,1.0,0.0,1.0,1.0,0.0,0.011262853,0.011262853,175.0,231.0,56.0,0.2,0.2,0.0,0.08911278,0.029402887,-0.05970989
406,30563,2.0,2.0,0.0,1.0,1.0,0.0,0.007700272,0.007700272,930.0,925.0,-5.0,0.0,0.0,0.0,0.12849261,-0.03367331,-0.16216591
407,30601,1.0,1.0,0.0,1.0,1.0,0.0,0.0017607249,0.0017607249,4.0,8.0,4.0,0.2,0.0,-0.2,0.67468464,0.5852693,-0.08941537
408,30632,9.0,30.0,21.0,4.0,3.0,-1.0,0.0024442524,0.0024442524,1.0,4.0,3.0,0.2,0.2,0.0,0.23333655,0.10704421,-0.12629235
409,30672,1.0,1.0,0.0,1.0,1.0,0.0,0.009132292,0.009132292,317.0,235.0,-82.0,0.0,0.0,0.0,0.22241805,0.20032929,-0.022088766
410,30674,1.0,3.0,2.0,1.0,1.0,0.0,-0.0014253296,-0.0014253296,507.0,462.0,-45.0,0.0,0.0,0.0,-0.16678613,-0.031138375,0.13564776
411,30847,153.0,129.0,-24.0,29.0,39.0,10.0,0.009805601,0.009805601,440.0,321.0,-119.0,0.0,0.0,0.0,0.070139654,-0.021402316,-0.09154197
412,30856,5.0,7.0,2.0,3.0,3.0,0.0,0.0061104074,0.0061104074,286.0,146.0,-140.0,0.2,0.2,0.0,0.4288185,0.45754293,0.028724432
413,30887,1.0,4.0,3.0,1.0,1.0,0.0,-0.004481297,-0.004481297,496.0,320.0,-176.0,0.2,0.2,0.0,0.43339056,0.6134541,0.18006355
414,30922,1.0,1.0,0.0,1.0,1.0,0.0,0.004609175,0.004609175,125.0,97.0,-28.0,0.2,0.2,0.0,0.17782184,0.04022385,-0.137598
415,30935,3.0,2.0,-1.0,1.0,1.0,0.0,0.0076261833,0.0076261833,516.0,637.0,121.0,0.0,0.0,0.0,0.18764418,0.5656437,0.37799954
416,30954,4.0,1.0,-3.0,1.0,1.0,0.0,0.017538674,0.017538674,51.0,80.0,29.0,0.0,0.0,0.0,0.33217177,0.19589469,-0.13627708
417,31028,1.0,1.0,0.0,1.0,1.0,0.0,0.010130279,0.010130279,69.0,25.0,-44.0,0.0,0.0,0.0,0.17596836,0.29544216,0.1194738
418,31049,120.0,70.0,-50.0,9.0,8.0,-1.0,0.006673593,0.006673593,134.0,93.0,-41.0,0.0,0.0,0.0,0.21413201,0.1415888,-0.072543204
419,31064,3.0,3.0,0.0,1.0,1.0,0.0,0.0077579096,0.0077579096,362.0,186.0,-176.0,0.0,0.0,0.0,0.50131017,0.5698144,0.068504214
420,31123,2.0,2.0,0.0,1.0,1.0,0.0,0.009322826,0.009322826,50.0,36.0,-14.0,0.0,0.0,0.0,-0.0843744,-0.13289136,-0.04851696
421,31233,1.0,1.0,0.0,1.0,1.0,0.0,0.005010817,0.005010817,398.0,411.0,13.0,0.0,0.0,0.0,0.25442904,0.19710775,-0.057321295
422,31349,3.0,4.0,1.0,24.0,28.0,4.0,0.008155238,0.008155238,256.0,307.0,51.0,0.0,0.0,0.0,-0.0931918,0.21524577,0.3084376
423,31446,27.0,40.0,13.0,2.0,1.0,-1.0,0.0071702413,0.0071702413,66.0,151.0,85.0,0.2,0.2,0.0,0.31901413,0.36251658,0.04350245
424,31659,46.0,87.0,41.0,1.0,1.0,0.0,0.005056802,0.005056802,233.0,212.0,-21.0,0.0,0.0,0.0,0.39014038,0.37691295,-0.013227433
425,31747,32.0,14.0,-18.0,5.0,3.0,-2.0,0.013203539,0.013203539,17.0,8.0,-9.0,0.0,0.0,0.0,-0.025967684,-0.032261617,-0.006293934
426,31782,7.0,6.0,-1.0,127.0,96.0,-31.0,0.008557934,0.008557934,238.0,155.0,-83.0,0.0,0.0,0.0,-0.12582418,-0.028398445,0.09742574
427,31801,2.0,3.0,1.0,1.0,1.0,0.0,0.0068254024,0.0068254024,291.0,245.0,-46.0,0.2,0.2,0.0,0.20458058,0.15914324,-0.045437336
428,31837,1.0,1.0,0.0,1.0,1.0,0.0,0.004462231,0.004462231,18.0,19.0,1.0,0.4,0.4,0.0,0.14632234,0.12125661,-0.025065728
429,31936,1.0,4.0,3.0,1.0,1.0,0.0,0.0029226989,0.0029226989,72.0,58.0,-14.0,0.2,0.4,0.2,0.1669919,0.19772676,0.030734852
430,31964,1.0,1.0,0.0,1.0,1.0,0.0,0.008847795,0.008847795,2.0,1.0,-1.0,0.2,0.2,0.0,0.47057584,0.5883987,0.117822856
431,32053,50.0,184.0,134.0,2.0,2.0,0.0,0.0017838031,0.0017838031,591.0,540.0,-51.0,0.0,0.0,0.0,0.51587915,0.5673234,0.051444232
432,32232,141.0,104.0,-37.0,49.0,44.0,-5.0,0.009623954,0.009623954,144.0,84.0,-60.0,0.2,0.2,0.0,-0.037852515,0.018808307,0.056660824
433,32303,1.0,1.0,0.0,1.0,1.0,0.0,0.009278338,0.009278338,756.0,614.0,-142.0,0.0,0.0,0.0,0.34572187,0.34116742,-0.0045544505
434,32307,1.0,1.0,0.0,1.0,1.0,0.0,0.0076563098,0.0076563098,1.0,1.0,0.0,0.4,0.2,-0.2,0.08609249,0.12506266,0.038970172
435,32625,24.0,11.0,-13.0,38.0,26.0,-12.0,0.010353133,0.010353133,4.0,6.0,2.0,0.4,0.0,-0.4,-0.001726293,0.062155955,0.06388225
436,32643,21.0,77.0,56.0,1.0,1.0,0.0,0.00076135993,0.00076135993,707.0,704.0,-3.0,0.0,0.0,0.0,-0.23943828,-0.2257318,0.0137064755
437,32716,1.0,1.0,0.0,1.0,1.0,0.0,0.0030576102,0.0030576102,98.0,49.0,-49.0,0.0,0.0,0.0,0.021042472,0.09267241,0.071629934
438,32771,1.0,1.0,0.0,1.0,1.0,0.0,0.010635003,0.010635003,2.0,1.0,-1.0,0.2,0.2,0.0,0.10384837,0.009472524,-0.09437584
439,32772,64.0,20.0,-44.0,3.0,3.0,0.0,0.01494946,0.01494946,155.0,162.0,7.0,0.0,0.0,0.0,-0.0068942956,0.10560608,0.11250038
440,32857,3.0,1.0,-2.0,1.0,3.0,2.0,0.010135155,0.010135155,311.0,265.0,-46.0,0.0,0.0,0.0,0.28223068,-0.041420154,-0.32365084
441,32891,4.0,5.0,1.0,7.0,5.0,-2.0,0.008125566,0.008125566,215.0,153.0,-62.0,0.0,0.0,0.0,0.28959256,0.29307678,0.0034842193
442,32910,1.0,1.0,0.0,1.0,7.0,6.0,0.007814802,0.007814802,27.0,30.0,3.0,0.0,0.0,0.0,0.1929603,0.21437554,0.021415234
443,33131,6.0,2.0,-4.0,1.0,1.0,0.0,0.011496078,0.011496078,13.0,5.0,-8.0,0.0,0.2,0.2,0.17069234,0.050318226,-0.12037411
444,33171,2.0,3.0,1.0,28.0,20.0,-8.0,0.009885881,0.009885881,618.0,486.0,-132.0,0.0,0.0,0.0,0.17240699,0.26755965,0.09515266
445,33189,25.0,11.0,-14.0,8.0,5.0,-3.0,0.012415312,0.012415312,448.0,444.0,-4.0,0.0,0.0,0.0,0.21373665,0.22243066,0.008694008
446,33245,32.0,34.0,2.0,13.0,14.0,1.0,0.0061308257,0.0061308257,35.0,21.0,-14.0,0.0,0.0,0.0,-0.090461306,-0.23511128,-0.14464998
447,33289,150.0,155.0,5.0,47.0,10.0,-37.0,0.010927927,0.010927927,5.0,9.0,4.0,0.2,0.0,-0.2,-0.06266511,0.0056327493,0.06829786
448,33521,8.0,11.0,3.0,1.0,1.0,0.0,0.007453244,0.007453244,86.0,39.0,-47.0,0.2,0.2,0.0,0.40067425,0.53761727,0.13694301
449,33543,1.0,1.0,0.0,1.0,1.0,0.0,0.005956717,0.005956717,2.0,4.0,2.0,0.2,0.4,0.2,0.48469678,0.20056883,-0.28412795
450,33752,5.0,3.0,-2.0,4.0,3.0,-1.0,0.006546695,0.006546695,65.0,83.0,18.0,0.2,0.2,0.0,0.04783788,0.029572885,-0.018264994
451,33813,40.0,83.0,43.0,12.0,23.0,11.0,0.0070415027,0.0070415027,28.0,33.0,5.0,0.0,0.0,0.0,0.13982765,0.04946721,-0.09036045
452,33906,28.0,9.0,-19.0,32.0,27.0,-5.0,0.0126527175,0.0126527175,89.0,77.0,-12.0,0.0,0.0,0.0,0.10410101,0.13050622,0.026405208
453,34068,100.0,127.0,27.0,14.0,8.0,-6.0,0.007589087,0.007589087,325.0,364.0,39.0,0.0,0.0,0.0,0.50749856,0.5421907,0.03469211
454,34080,8.0,141.0,133.0,16.0,38.0,22.0,-0.0043327697,-0.0043327697,253.0,330.0,77.0,0.0,0.0,0.0,0.15934286,0.27772057,0.118377715
455,34089,3.0,26.0,23.0,1.0,2.0,1.0,-0.0033284463,-0.0033284463,21.0,29.0,8.0,0.0,0.0,0.0,0.017258175,-0.02311799,-0.040376164
456,34126,2.0,1.0,-1.0,1.0,1.0,0.0,0.0102271475,0.0102271475,110.0,91.0,-19.0,0.2,0.2,0.0,0.14432329,0.26430988,0.11998659
457,34186,6.0,12.0,6.0,5.0,3.0,-2.0,0.006945491,0.006945491,183.0,88.0,-95.0,0.0,0.2,0.2,0.43991295,0.39771467,-0.04219827
458,34238,6.0,6.0,0.0,1.0,1.0,0.0,0.0060934834,0.0060934834,57.0,16.0,-41.0,0.2,0.2,0.0,0.037743546,-0.030164542,-0.067908086
459,34418,624.0,729.0,105.0,250.0,196.0,-54.0,0.010948732,0.010948732,158.0,39.0,-119.0,0.0,0.0,0.0,0.11726068,0.0004100452,-0.11685064
460,34603,2.0,1.0,-1.0,1.0,1.0,0.0,0.009235628,0.009235628,58.0,46.0,-12.0,0.2,0.0,-0.2,0.05688519,0.104390666,0.047505476
461,34751,1.0,1.0,0.0,1.0,1.0,0.0,0.010903627,0.010903627,92.0,45.0,-47.0,0.0,0.0,0.0,0.22243637,0.054115914,-0.16832045
462,34829,6.0,14.0,8.0,1.0,1.0,0.0,0.0020883344,0.0020883344,296.0,309.0,13.0,0.0,0.0,0.0,0.056236546,-0.17379868,-0.23003523
463,34845,9.0,29.0,20.0,1.0,1.0,0.0,-0.0024665669,-0.0024665669,197.0,173.0,-24.0,0.0,0.0,0.0,0.5798538,0.6535074,0.07365364
464,34850,1.0,24.0,23.0,1.0,1.0,0.0,-0.004325997,-0.004325997,226.0,83.0,-143.0,0.0,0.2,0.2,0.3281619,0.5230969,0.19493502
465,34874,1.0,1.0,0.0,1.0,1.0,0.0,0.0042654015,0.0042654015,2.0,2.0,0.0,0.4,0.4,0.0,0.28688392,0.4312453,0.14436138
466,34975,69.0,464.0,395.0,17.0,41.0,24.0,-0.008628558,-0.008628558,255.0,165.0,-90.0,0.0,0.0,0.0,-0.10202307,-0.11435375,-0.012330681
467,35094,3.0,1.0,-2.0,1.0,1.0,0.0,0.01468445,0.01468445,21.0,14.0,-7.0,0.2,0.2,0.0,0.075110905,-0.015588409,-0.090699315
468,35129,2.0,5.0,3.0,4.0,2.0,-2.0,0.0035966411,0.0035966411,98.0,98.0,0.0,0.0,0.0,0.0,0.20524608,0.19410275,-0.011143327
469,35743,3.0,3.0,0.0,2.0,1.0,-1.0,0.0053013302,0.0053013302,226.0,317.0,91.0,0.0,0.0,0.0,0.4205803,0.47579348,0.055213183
470,35752,5.0,3.0,-2.0,2.0,2.0,0.0,0.008434657,0.008434657,919.0,866.0,-53.0,0.0,0.4,0.4,0.24663793,0.2850823,0.038444385
471,35790,21.0,10.0,-11.0,1.0,1.0,0.0,0.009149667,0.009149667,8.0,24.0,16.0,0.2,0.2,0.0,-0.164758,-0.053433202,0.111324795
472,35798,2.0,15.0,13.0,9.0,17.0,8.0,0.00022244453,0.00022244453,15.0,17.0,2.0,0.0,0.0,0.0,0.22837795,0.1945532,-0.033824757
473,35986,1.0,7.0,6.0,1.0,1.0,0.0,-0.0019509457,-0.0019509457,206.0,199.0,-7.0,0.0,0.0,0.0,-0.07313386,0.07260105,0.1457349
474,36067,1.0,1.0,0.0,1.0,1.0,0.0,0.0064890794,0.0064890794,714.0,573.0,-141.0,0.0,0.0,0.0,-0.12738566,-0.21251214,-0.085126474
475,36258,2.0,1.0,-1.0,1.0,1.0,0.0,0.0068875514,0.0068875514,7.0,4.0,-3.0,0.2,0.4,0.2,0.31222254,0.25961396,-0.05260858
476,36476,41.0,12.0,-29.0,1.0,1.0,0.0,0.010416426,0.010416426,53.0,25.0,-28.0,0.0,0.0,0.0,-0.04355026,0.018999388,0.06254965
477,36569,32.0,13.0,-19.0,2.0,1.0,-1.0,0.010585606,0.010585606,340.0,119.0,-221.0,0.0,0.0,0.0,0.1373949,0.16231805,0.024923146
478,36576,6.0,3.0,-3.0,1.0,1.0,0.0,0.011963367,0.011963367,121.0,65.0,-56.0,0.0,0.0,0.0,0.5596522,0.6342129,0.0745607
479,36623,1.0,4.0,3.0,1.0,1.0,0.0,0.001628492,0.001628492,2.0,3.0,1.0,0.2,0.2,0.0,0.5844404,0.53549165,-0.048948765
480,36629,1.0,1.0,0.0,1.0,1.0,0.0,0.0027817711,0.0027817711,503.0,580.0,77.0,0.0,0.0,0.0,-0.033067357,-0.088706695,-0.055639338
481,36682,1.0,4.0,3.0,3.0,2.0,-1.0,0.0034764074,0.0034764074,52.0,63.0,11.0,0.0,0.0,0.0,0.45830896,0.34090447,-0.11740449
482,36731,1.0,1.0,0.0,1.0,1.0,0.0,0.0063322075,0.0063322075,15.0,41.0,26.0,0.2,0.4,0.2,0.62613475,0.58694744,-0.039187312
483,36759,4.0,2.0,-2.0,2.0,2.0,0.0,0.008326728,0.008326728,20.0,27.0,7.0,0.2,0.2,0.0,0.2093637,0.030473834,-0.17888987
484,36910,1.0,1.0,0.0,1.0,1.0,0.0,0.010557242,0.010557242,187.0,216.0,29.0,0.0,0.0,0.0,0.46382055,0.45619732,-0.0076232255
485,36945,12.0,72.0,60.0,10.0,8.0,-2.0,0.0015529282,0.0015529282,287.0,320.0,33.0,0.0,0.0,0.0,0.047603216,0.027216822,-0.020386394
486,36974,1.0,1.0,0.0,2.0,3.0,1.0,0.005782053,0.005782053,302.0,283.0,-19.0,0.0,0.0,0.0,-0.0550922,-0.10479343,-0.04970123
487,36978,1.0,1.0,0.0,1.0,1.0,0.0,0.0028851815,0.0028851815,138.0,149.0,11.0,0.0,0.0,0.0,0.11052217,0.103539325,-0.006982848
488,37059,7.0,1.0,-6.0,42.0,5.0,-37.0,0.019193906,0.019193906,284.0,316.0,32.0,0.2,0.0,-0.2,0.19925329,0.14016272,-0.05909057
489,37221,4.0,9.0,5.0,14.0,5.0,-9.0,0.009386685,0.009386685,1.0,1.0,0.0,0.2,0.2,0.0,0.06872751,0.039819777,-0.028907731
490,37224,1.0,1.0,0.0,1.0,1.0,0.0,0.0052422136,0.0052422136,197.0,158.0,-39.0,0.4,0.4,0.0,0.060751073,0.12567833,0.06492726
491,37436,20.0,22.0,2.0,39.0,28.0,-11.0,0.009316098,0.009316098,11.0,11.0,0.0,0.2,0.2,0.0,0.55793446,0.53229296,-0.025641501
492,37494,1.0,1.0,0.0,1.0,1.0,0.0,0.0034627318,0.0034627318,36.0,85.0,49.0,0.4,0.4,0.0,0.2774111,-0.0021009569,-0.27951205
493,37608,1.0,1.0,0.0,1.0,1.0,0.0,0.0016069263,0.0016069263,1.0,3.0,2.0,0.2,0.2,0.0,0.3251484,0.32463118,-0.0005172193
494,37736,4.0,5.0,1.0,1.0,1.0,0.0,0.005306445,0.005306445,71.0,31.0,-40.0,0.0,0.0,0.0,0.28980935,0.17328972,-0.11651963
495,37801,1.0,1.0,0.0,1.0,1.0,0.0,0.0003265813,0.0003265813,837.0,815.0,-22.0,0.2,0.2,0.0,-0.12674649,-0.20719147,-0.08044498
496,37927,17.0,45.0,28.0,8.0,11.0,3.0,0.00323914,0.00323914,210.0,271.0,61.0,0.0,0.0,0.0,0.04397451,0.6013046,0.5573301
497,38022,1.0,1.0,0.0,1.0,1.0,0.0,0.010376163,0.010376163,103.0,144.0,41.0,0.0,0.0,0.0,0.7534978,0.8161527,0.06265491
498,38025,120.0,178.0,58.0,12.0,33.0,21.0,0.006803829,0.006803829,95.0,141.0,46.0,0.0,0.0,0.0,0.0270335,0.005444578,-0.021588922
499,38060,1.0,2.0,1.0,1.0,1.0,0.0,0.0072366446,0.0072366446,97.0,88.0,-9.0,0.2,0.2,0.0,0.2926884,-0.004920357,-0.29760876
500,38246,2.0,1.0,-1.0,1.0,1.0,0.0,0.015897252,0.015897252,87.0,100.0,13.0,0.0,0.0,0.0,-0.19260731,-0.108287014,0.0843203
501,38278,7.0,15.0,8.0,2.0,6.0,4.0,-0.0021666288,-0.0021666288,109.0,178.0,69.0,0.2,0.2,0.0,0.17030142,0.26466894,0.09436752
502,38297,1.0,6.0,5.0,1.0,1.0,0.0,0.003120847,0.003120847,682.0,770.0,88.0,0.0,0.0,0.0,0.405095,0.45516953,0.050074518
503,38310,6.0,13.0,7.0,2.0,1.0,-1.0,0.004979085,0.004979085,30.0,29.0,-1.0,0.0,0.0,0.0,0.13476944,0.010537282,-0.12423216
504,38358,11.0,18.0,7.0,51.0,42.0,-9.0,0.004759781,0.004759781,270.0,297.0,27.0,0.0,0.0,0.0,0.088542536,0.06220475,-0.026337788
505,38483,1.0,1.0,0.0,6.0,4.0,-2.0,0.008370027,0.008370027,9.0,10.0,1.0,0.0,0.0,0.0,-0.10282227,0.1686151,0.27143738
506,38486,3.0,3.0,0.0,1.0,1.0,0.0,0.0067498647,0.0067498647,351.0,255.0,-96.0,0.2,0.2,0.0,0.27768713,-0.051752772,-0.3294399
507,38494,1.0,1.0,0.0,1.0,1.0,0.0,0.001845479,0.001845479,69.0,51.0,-18.0,0.0,0.0,0.0,-0.13505521,0.031823866,0.16687909
508,38641,1.0,1.0,0.0,1.0,1.0,0.0,0.0023179576,0.0023179576,239.0,185.0,-54.0,0.0,0.0,0.0,0.22035646,0.4959527,0.27559623
509,38794,1.0,1.0,0.0,1.0,1.0,0.0,0.005202003,0.005202003,7.0,8.0,1.0,0.4,0.4,0.0,0.51108944,0.37064645,-0.140443
510,38817,1.0,1.0,0.0,1.0,1.0,0.0,-0.0005919151,-0.0005919151,100.0,84.0,-16.0,0.2,0.2,0.0,0.34940538,0.3254891,-0.023916274
511,38829,11.0,10.0,-1.0,3.0,4.0,1.0,0.0059611425,0.0059611425,5.0,9.0,4.0,0.4,0.2,-0.2,0.6771388,0.6622407,-0.014898121
512,38853,1.0,13.0,12.0,2.0,5.0,3.0,-0.0039678738,-0.0039678738,101.0,48.0,-53.0,0.0,0.0,0.0,0.562943,0.46937647,-0.09356651
513,38978,1.0,1.0,0.0,1.0,1.0,0.0,0.0022265129,0.0022265129,14.0,11.0,-3.0,0.2,0.0,-0.2,0.38191834,0.13569954,-0.2462188
514,39047,7.0,10.0,3.0,4.0,8.0,4.0,0.009426098,0.009426098,46.0,21.0,-25.0,0.0,0.0,0.0,0.43715283,0.3488637,-0.08828914
515,39058,11.0,8.0,-3.0,3.0,3.0,0.0,0.009853791,0.009853791,123.0,89.0,-34.0,0.0,0.0,0.0,0.2349315,0.14775963,-0.08717187
516,39095,1.0,2.0,1.0,11.0,12.0,1.0,0.0017964542,0.0017964542,286.0,315.0,29.0,0.0,0.0,0.0,-0.07920372,-0.32783118,-0.24862745
517,39289,1.0,1.0,0.0,1.0,1.0,0.0,0.0051225163,0.0051225163,11.0,11.0,0.0,0.0,0.0,0.0,0.3601907,0.28161353,-0.07857716
518,39298,1.0,1.0,0.0,1.0,1.0,0.0,0.001637362,0.001637362,97.0,106.0,9.0,0.0,0.0,0.0,0.7950184,0.7780521,-0.016966283
519,39369,2.0,4.0,2.0,1.0,1.0,0.0,0.003021501,0.003021501,76.0,75.0,-1.0,0.0,0.0,0.0,-0.07013834,-0.023350205,0.046788137
520,39402,1.0,1.0,0.0,1.0,1.0,0.0,0.0022611395,0.0022611395,137.0,82.0,-55.0,0.2,0.2,0.0,0.0014529198,-0.006475136,-0.007928056
521,39509,24.0,57.0,33.0,2.0,2.0,0.0,0.002925884,0.002925884,51.0,67.0,16.0,0.2,0.2,0.0,0.047106694,-0.031660773,-0.07876746
522,39547,1.0,4.0,3.0,1.0,1.0,0.0,0.0037706196,0.0037706196,658.0,721.0,63.0,0.0,0.0,0.0,0.19232807,-0.116848305,-0.3091764
523,39553,2.0,21.0,19.0,2.0,2.0,0.0,0.00052428246,0.00052428246,103.0,155.0,52.0,0.0,0.0,0.0,0.33097142,0.40359384,0.07262242
524,39841,1.0,1.0,0.0,1.0,1.0,0.0,0.0062318034,0.0062318034,26.0,25.0,-1.0,0.2,0.2,0.0,0.0071866834,0.024649266,0.017462583
525,39997,1.0,1.0,0.0,1.0,1.0,0.0,0.010840863,0.010840863,23.0,22.0,-1.0,0.0,0.0,0.0,0.40913394,0.44687268,0.03773874
526,40153,2.0,10.0,8.0,3.0,2.0,-1.0,5.2493066e-05,5.2493066e-05,327.0,159.0,-168.0,0.0,0.0,0.0,0.066544995,0.07358183,0.007036835
527,40235,19.0,14.0,-5.0,23.0,37.0,14.0,0.0071541592,0.0071541592,104.0,32.0,-72.0,0.0,0.0,0.0,0.5209409,0.5153648,-0.005576074
528,40423,1.0,1.0,0.0,1.0,1.0,0.0,0.0042502396,0.0042502396,96.0,90.0,-6.0,0.0,0.0,0.0,0.19964822,0.15196295,-0.047685266
529,40548,16.0,13.0,-3.0,1.0,1.0,0.0,0.009145912,0.009145912,41.0,26.0,-15.0,0.4,0.4,0.0,-0.040038582,0.11906567,0.15910426
530,40575,1.0,1.0,0.0,1.0,1.0,0.0,0.008312743,0.008312743,152.0,87.0,-65.0,0.0,0.0,0.0,0.2950502,0.49218097,0.19713077
531,40721,50.0,92.0,42.0,11.0,15.0,4.0,0.0059623197,0.0059623197,447.0,326.0,-121.0,0.0,0.0,0.0,0.012474678,-0.08719564,-0.09967032
532,40770,1.0,1.0,0.0,1.0,1.0,0.0,0.009930294,0.009930294,100.0,116.0,16.0,0.0,0.0,0.0,0.6758493,0.5823713,-0.093478024
533,40840,1.0,3.0,2.0,1.0,1.0,0.0,-0.0012082048,-0.0012082048,18.0,18.0,0.0,0.0,0.0,0.0,-0.009861497,0.13834509,0.14820659
534,40846,21.0,29.0,8.0,3.0,1.0,-2.0,0.0037117898,0.0037117898,695.0,602.0,-93.0,0.0,0.0,0.0,-0.06799026,-0.031554274,0.036435984
535,40909,1.0,4.0,3.0,1.0,1.0,0.0,0.0013604276,0.0013604276,170.0,175.0,5.0,0.2,0.2,0.0,-0.16350833,0.083751366,0.24725969
536,40920,18.0,13.0,-5.0,15.0,19.0,4.0,0.009451583,0.009451583,5.0,1.0,-4.0,0.2,0.2,0.0,0.24915305,0.18359853,-0.065554515
537,40924,1.0,1.0,0.0,1.0,1.0,0.0,0.0072607175,0.0072607175,99.0,151.0,52.0,0.0,0.0,0.0,0.3461661,0.3519647,0.005798608
538,40935,3.0,8.0,5.0,5.0,12.0,7.0,0.0033444278,0.0033444278,133.0,153.0,20.0,0.0,0.0,0.0,0.21734461,0.22313647,0.005791858
539,40979,2.0,2.0,0.0,12.0,20.0,8.0,0.0039010346,0.0039010346,199.0,233.0,34.0,0.0,0.0,0.0,0.075321116,0.062909715,-0.012411401
540,41056,1.0,1.0,0.0,1.0,1.0,0.0,0.0031144917,0.0031144917,96.0,80.0,-16.0,0.4,0.4,0.0,0.40955746,0.22971348,-0.17984398
541,41097,2.0,5.0,3.0,1.0,1.0,0.0,-0.0022884607,-0.0022884607,41.0,39.0,-2.0,0.2,0.2,0.0,0.27924794,0.043401003,-0.23584694
542,41116,1.0,3.0,2.0,1.0,1.0,0.0,0.00071322545,0.00071322545,136.0,46.0,-90.0,0.0,0.2,0.2,-0.17974287,-0.16107559,0.01866728
543,41137,1.0,1.0,0.0,1.0,1.0,0.0,-0.004903689,-0.004903689,2.0,3.0,1.0,0.4,0.4,0.0,0.59947836,0.62166214,0.022183776
544,41162,1.0,1.0,0.0,1.0,1.0,0.0,0.0034145676,0.0034145676,35.0,29.0,-6.0,0.2,0.2,0.0,0.32179192,0.28953865,-0.032253265
545,41482,1.0,1.0,0.0,1.0,1.0,0.0,0.002536364,0.002536364,173.0,85.0,-88.0,0.4,0.2,-0.2,0.36368138,0.28048638,-0.083195
546,41566,6.0,4.0,-2.0,1.0,1.0,0.0,0.006348353,0.006348353,157.0,29.0,-128.0,0.0,0.0,0.0,0.33096567,0.32549143,-0.0054742396
547,41574,2.0,1.0,-1.0,1.0,1.0,0.0,0.0037065856,0.0037065856,29.0,25.0,-4.0,0.0,0.0,0.0,0.5468119,0.53171694,-0.015094936
548,41623,52.0,47.0,-5.0,5.0,25.0,20.0,0.006214779,0.006214779,1.0,3.0,2.0,0.2,0.2,0.0,0.29042953,0.1789561,-0.111473426
549,41653,1.0,1.0,0.0,1.0,2.0,1.0,0.0033929683,0.0033929683,413.0,253.0,-160.0,0.0,0.0,0.0,0.7754789,0.81863964,0.043160737
550,41710,4.0,11.0,7.0,2.0,2.0,0.0,0.00076659024,0.00076659024,19.0,11.0,-8.0,0.0,0.0,0.0,-0.066085726,-0.026953634,0.039132092
551,41778,6.0,5.0,-1.0,1.0,1.0,0.0,0.0048626065,0.0048626065,5.0,4.0,-1.0,0.2,0.2,0.0,-0.096318774,-0.14113976,-0.044820987
552,41814,2.0,3.0,1.0,1.0,1.0,0.0,0.0045847,0.0045847,151.0,223.0,72.0,0.0,0.0,0.0,0.41460702,0.21300857,-0.20159845
553,41927,1.0,3.0,2.0,1.0,1.0,0.0,-0.0001940988,-0.0001940988,381.0,291.0,-90.0,0.0,0.0,0.0,0.14577456,0.09112292,-0.05465164
554,41934,1.0,1.0,0.0,1.0,1.0,0.0,0.0080929585,0.0080929585,121.0,69.0,-52.0,0.0,0.0,0.0,0.4688378,0.52404886,0.055211067
555,42007,11.0,20.0,9.0,14.0,38.0,24.0,0.003964126,0.003964126,340.0,267.0,-73.0,0.0,0.0,0.0,0.19869164,0.11878537,-0.07990627
556,42126,5.0,5.0,0.0,12.0,9.0,-3.0,0.010791153,0.010791153,109.0,92.0,-17.0,0.0,0.0,0.0,-0.36904573,-0.33725983,0.031785905
557,42166,19.0,49.0,30.0,2.0,2.0,0.0,0.002827961,0.002827961,446.0,335.0,-111.0,0.0,0.0,0.0,0.011372591,0.6771719,0.6657993
558,42171,1.0,1.0,0.0,1.0,1.0,0.0,0.00386931,0.00386931,170.0,171.0,1.0,0.0,0.0,0.0,0.43316957,0.5194126,0.086243
559,42214,1.0,3.0,2.0,1.0,1.0,0.0,-0.0027031973,-0.0027031973,58.0,50.0,-8.0,0.0,0.0,0.0,0.23260781,0.15062872,-0.081979096
560,42224,1.0,1.0,0.0,1.0,1.0,0.0,0.007846005,0.007846005,186.0,209.0,23.0,0.0,0.0,0.0,0.082676016,0.1721534,0.08947738
561,42238,48.0,192.0,144.0,3.0,6.0,3.0,0.0027002953,0.0027002953,95.0,121.0,26.0,0.0,0.0,0.0,-0.19160454,-0.08847838,0.10312616
562,42299,9.0,18.0,9.0,6.0,3.0,-3.0,0.0059296377,0.0059296377,494.0,734.0,240.0,0.2,0.2,0.0,-0.11012989,-0.06348898,0.04664091
563,42473,84.0,64.0,-20.0,9.0,4.0,-5.0,0.008744277,0.008744277,755.0,664.0,-91.0,0.0,0.2,0.2,0.3398965,0.40520135,0.065304846
564,42563,3.0,1.0,-2.0,1.0,1.0,0.0,0.006154608,0.006154608,149.0,146.0,-3.0,0.4,0.2,-0.2,0.29424998,0.24389125,-0.050358728
565,42642,162.0,499.0,337.0,133.0,122.0,-11.0,-0.00018803962,-0.00018803962,39.0,51.0,12.0,0.2,0.2,0.0,-0.08956352,0.033904415,0.12346794
566,42648,55.0,39.0,-16.0,22.0,8.0,-14.0,0.01091814,0.01091814,63.0,187.0,124.0,0.0,0.0,0.0,0.65831304,0.56008893,-0.0982241
567,42697,1.0,1.0,0.0,1.0,1.0,0.0,0.0069302022,0.0069302022,160.0,84.0,-76.0,0.0,0.0,0.0,0.14956689,0.15510315,0.005536258
568,42781,5.0,18.0,13.0,1.0,1.0,0.0,0.0035978295,0.0035978295,156.0,176.0,20.0,0.0,0.0,0.0,0.116677575,-0.040382598,-0.15706018
569,42851,1.0,10.0,9.0,1.0,1.0,0.0,-0.0078016333,-0.0078016333,567.0,437.0,-130.0,0.0,0.0,0.0,0.04438415,0.053276587,0.008892436
570,42912,52.0,53.0,1.0,4.0,5.0,1.0,0.0073890015,0.0073890015,559.0,430.0,-129.0,0.2,0.2,0.0,-0.0122634545,0.024781603,0.037045058
571,42946,5.0,34.0,29.0,26.0,124.0,98.0,0.0017876849,0.0017876849,1.0,1.0,0.0,0.2,0.2,0.0,0.470962,0.42661065,-0.04435134
572,42980,1.0,1.0,0.0,1.0,1.0,0.0,0.012645643,0.012645643,5.0,5.0,0.0,0.4,0.4,0.0,0.4841464,0.36781237,-0.11633402
573,43107,22.0,39.0,17.0,1.0,1.0,0.0,0.005353991,0.005353991,121.0,165.0,44.0,0.0,0.0,0.0,0.14519994,0.15671282,0.011512876
574,43156,12.0,20.0,8.0,1.0,1.0,0.0,0.008465305,0.008465305,5.0,6.0,1.0,0.2,0.0,-0.2,-0.17685896,-0.17967844,-0.0028194785
575,43157,1.0,1.0,0.0,1.0,1.0,0.0,0.015006799,0.015006799,156.0,195.0,39.0,0.0,0.0,0.0,0.4731127,0.5878845,0.11477178
576,43159,1.0,4.0,3.0,3.0,4.0,1.0,0.0042701364,0.0042701364,1.0,2.0,1.0,0.2,0.2,0.0,-0.016314663,-0.13007589,-0.113761224
577,43164,1.0,1.0,0.0,1.0,1.0,0.0,0.00047799945,0.00047799945,312.0,306.0,-6.0,0.0,0.0,0.0,0.14659767,0.21174784,0.06515017
578,43224,2.0,1.0,-1.0,1.0,1.0,0.0,0.009829354,0.009829354,60.0,77.0,17.0,0.0,0.0,0.0,-0.0975363,-0.10919822,-0.011661917
579,43250,12.0,45.0,33.0,4.0,7.0,3.0,0.0021977983,0.0021977983,67.0,66.0,-1.0,0.0,0.0,0.0,0.14224957,0.018907417,-0.12334216
580,43288,1.0,1.0,0.0,1.0,1.0,0.0,0.006443817,0.006443817,553.0,320.0,-233.0,0.0,0.0,0.0,0.07051831,0.21630839,0.14579007
581,43428,1.0,1.0,0.0,1.0,1.0,0.0,0.003105864,0.003105864,22.0,8.0,-14.0,0.0,0.0,0.0,0.20321234,0.47904143,0.27582908
582,43429,12.0,3.0,-9.0,9.0,12.0,3.0,0.012995545,0.012995545,81.0,114.0,33.0,0.0,0.0,0.0,0.09715437,0.422393,0.32523862
583,43445,1.0,1.0,0.0,1.0,1.0,0.0,0.0027549192,0.0027549192,12.0,26.0,14.0,0.2,0.2,0.0,0.31195015,0.41016123,0.09821108
584,43465,2.0,2.0,0.0,1.0,2.0,1.0,0.005721487,0.005721487,54.0,44.0,-10.0,0.0,0.0,0.0,0.2212295,0.2441977,0.022968203
585,43500,3.0,9.0,6.0,1.0,1.0,0.0,0.004079599,0.004079599,97.0,121.0,24.0,0.0,0.0,0.0,0.27863365,0.23122823,-0.04740542
586,43619,6.0,5.0,-1.0,1.0,1.0,0.0,0.007886924,0.007886924,1.0,2.0,1.0,0.2,0.2,0.0,-0.02159945,-0.10551242,-0.08391297
587,43675,1.0,1.0,0.0,1.0,1.0,0.0,0.0057488605,0.0057488605,105.0,104.0,-1.0,0.0,0.0,0.0,0.14376357,0.09275063,-0.05101294
588,43689,1.0,1.0,0.0,1.0,1.0,0.0,0.0071972013,0.0071972013,30.0,33.0,3.0,0.0,0.0,0.0,0.3416361,0.33363587,-0.008000225
589,43746,10.0,3.0,-7.0,12.0,9.0,-3.0,0.012615647,0.012615647,40.0,32.0,-8.0,0.0,0.0,0.0,-0.05494642,-0.0110480925,0.043898325
590,43818,1.0,1.0,0.0,1.0,1.0,0.0,-0.008625027,-0.008625027,280.0,298.0,18.0,0.0,0.0,0.0,0.5762705,0.5714985,-0.0047720075
591,43820,2.0,5.0,3.0,3.0,1.0,-2.0,0.007324472,0.007324472,2.0,4.0,2.0,0.4,0.4,0.0,0.1503155,0.22159114,0.07127565
592,43852,20.0,10.0,-10.0,1.0,1.0,0.0,0.013185769,0.013185769,10.0,8.0,-2.0,0.2,0.2,0.0,0.1841333,0.5452041,0.3610708
593,43950,1.0,1.0,0.0,1.0,1.0,0.0,0.0069938637,0.0069938637,298.0,255.0,-43.0,0.0,0.0,0.0,0.35311633,0.42276815,0.06965181
594,43984,1.0,1.0,0.0,1.0,1.0,0.0,0.0008298233,0.0008298233,31.0,78.0,47.0,0.2,0.0,-0.2,-0.08096781,-0.110123575,-0.029155768
595,44052,1.0,7.0,6.0,1.0,1.0,0.0,0.0029769167,0.0029769167,89.0,120.0,31.0,0.0,0.0,0.0,0.6065826,0.33898467,-0.2675979
596,44097,2.0,3.0,1.0,1.0,1.0,0.0,0.0037566237,0.0037566237,303.0,274.0,-29.0,0.2,0.2,0.0,0.055186268,0.25446677,0.1992805
597,44107,26.0,12.0,-14.0,2.0,2.0,0.0,0.008400757,0.008400757,23.0,23.0,0.0,0.0,0.0,0.0,0.08112741,0.094352596,0.013225183
598,44138,2.0,2.0,0.0,1.0,1.0,0.0,0.012877833,0.012877833,100.0,91.0,-9.0,0.2,0.2,0.0,0.29432228,0.1401819,-0.15414038
599,44144,20.0,7.0,-13.0,4.0,4.0,0.0,0.012999449,0.012999449,8.0,9.0,1.0,0.0,0.0,0.0,-0.05398184,-0.052081306,0.0019005351
600,44184,3.0,6.0,3.0,1.0,1.0,0.0,0.0020192303,0.0020192303,98.0,119.0,21.0,0.0,0.0,0.0,0.31861195,0.26786444,-0.050747514
601,44324,1.0,5.0,4.0,4.0,8.0,4.0,-0.00018855184,-0.00018855184,523.0,709.0,186.0,0.0,0.0,0.0,0.31758264,0.33386976,0.016287118
602,44339,26.0,53.0,27.0,8.0,10.0,2.0,0.0056759156,0.0056759156,196.0,130.0,-66.0,0.2,0.2,0.0,0.53754646,0.4870313,-0.050515145
603,44369,5.0,5.0,0.0,1.0,1.0,0.0,0.005475413,0.005475413,1.0,1.0,0.0,0.4,0.4,0.0,0.07862861,0.3383532,0.2597246
604,44412,46.0,32.0,-14.0,3.0,7.0,4.0,0.0063452423,0.0063452423,25.0,26.0,1.0,0.0,0.0,0.0,0.058046777,-0.06043317,-0.11847995
605,44705,19.0,2.0,-17.0,8.0,10.0,2.0,0.015352923,0.015352923,39.0,16.0,-23.0,0.0,0.0,0.0,0.19852886,0.22264478,0.02411592
606,44720,1.0,1.0,0.0,1.0,1.0,0.0,0.006562639,0.006562639,22.0,25.0,3.0,0.2,0.2,0.0,0.1044993,0.18492639,0.08042709
607,44729,9.0,18.0,9.0,10.0,6.0,-4.0,0.0036316141,0.0036316141,312.0,178.0,-134.0,0.0,0.0,0.0,0.042193916,-0.0013029826,-0.0434969
608,44736,1.0,1.0,0.0,1.0,1.0,0.0,0.006554637,0.006554637,498.0,453.0,-45.0,0.0,0.0,0.0,0.023661895,0.25731277,0.23365088
609,44844,33.0,11.0,-22.0,1.0,1.0,0.0,0.011310358,0.011310358,67.0,72.0,5.0,0.0,0.0,0.0,0.16643696,0.20077644,0.034339488
610,44971,3.0,1.0,-2.0,6.0,3.0,-3.0,0.009966072,0.009966072,5.0,10.0,5.0,0.2,0.0,-0.2,0.13149239,0.19552957,0.064037174
611,44980,1.0,1.0,0.0,1.0,1.0,0.0,0.007850803,0.007850803,87.0,47.0,-40.0,0.2,0.2,0.0,0.4153971,0.52067345,0.105276346
612,45129,99.0,54.0,-45.0,31.0,18.0,-13.0,0.010367926,0.010367926,497.0,453.0,-44.0,0.0,0.0,0.0,0.42709345,0.2676292,-0.15946424
613,45213,2.0,2.0,0.0,1.0,1.0,0.0,0.0061460733,0.0061460733,41.0,17.0,-24.0,0.0,0.2,0.2,0.015506094,0.10498393,0.08947784
614,45356,2.0,15.0,13.0,1.0,1.0,0.0,-0.0012273975,-0.0012273975,239.0,309.0,70.0,0.2,0.2,0.0,0.04294764,0.16509089,0.12214325
615,45595,22.0,11.0,-11.0,41.0,76.0,35.0,0.0145299435,0.0145299435,237.0,96.0,-141.0,0.0,0.0,0.0,0.0049219416,-0.011654052,-0.016575994
616,45632,1.0,1.0,0.0,1.0,1.0,0.0,0.010842048,0.010842048,83.0,24.0,-59.0,0.4,0.4,0.0,0.07388005,0.068508305,-0.005371742
617,45746,2.0,1.0,-1.0,4.0,3.0,-1.0,0.0035596378,0.0035596378,61.0,24.0,-37.0,0.0,0.0,0.0,0.25188968,0.1483734,-0.10351628
618,45750,150.0,143.0,-7.0,3.0,4.0,1.0,0.00914013,0.00914013,24.0,50.0,26.0,0.0,0.0,0.0,0.008559415,0.013969987,0.0054105716
619,45837,1.0,1.0,0.0,1.0,1.0,0.0,0.0018838234,0.0018838234,667.0,700.0,33.0,0.0,0.0,0.0,0.16129509,0.12564671,-0.035648376
620,45843,2.0,5.0,3.0,2.0,2.0,0.0,0.0073113553,0.0073113553,205.0,278.0,73.0,0.4,0.0,-0.4,0.677563,0.68440914,0.00684613
621,45945,3.0,6.0,3.0,3.0,3.0,0.0,0.008368768,0.008368768,93.0,86.0,-7.0,0.2,0.2,0.0,0.115944184,0.1868497,0.070905514
622,45981,3.0,10.0,7.0,1.0,6.0,5.0,0.0010475814,0.0010475814,5.0,11.0,6.0,0.4,0.2,-0.2,-0.14916159,-0.15895428,-0.0097926855
623,45982,75.0,88.0,13.0,1.0,1.0,0.0,0.008795742,0.008795742,52.0,105.0,53.0,0.0,0.0,0.0,0.38010177,0.2454705,-0.13463128
624,45999,3.0,19.0,16.0,1.0,1.0,0.0,-0.0029092878,-0.0029092878,676.0,619.0,-57.0,0.2,0.0,-0.2,0.23068528,0.311263,0.080577716
625,46002,58.0,16.0,-42.0,151.0,61.0,-90.0,0.018054623,0.018054623,710.0,651.0,-59.0,0.0,0.0,0.0,0.14424756,0.015160381,-0.12908718
626,46036,4.0,4.0,0.0,7.0,3.0,-4.0,0.011980522,0.011980522,27.0,23.0,-4.0,0.2,0.0,-0.2,0.3272966,0.14525117,-0.18204544
627,46101,4.0,2.0,-2.0,3.0,2.0,-1.0,0.009840641,0.009840641,336.0,469.0,133.0,0.0,0.0,0.0,0.002397173,0.071035,0.068637826
628,46136,31.0,29.0,-2.0,2.0,1.0,-1.0,0.0088295005,0.0088295005,607.0,773.0,166.0,0.0,0.0,0.0,0.17149644,0.105905496,-0.06559094
629,46150,1.0,6.0,5.0,1.0,1.0,0.0,0.0039762,0.0039762,106.0,84.0,-22.0,0.0,0.0,0.0,0.3304129,0.39147174,0.06105885
630,46160,1.0,1.0,0.0,1.0,1.0,0.0,0.004487917,0.004487917,22.0,10.0,-12.0,0.0,0.0,0.0,0.45176154,0.3240293,-0.12773225
631,46274,428.0,389.0,-39.0,268.0,321.0,53.0,0.0116649475,0.0116649475,729.0,725.0,-4.0,0.0,0.0,0.0,0.39414346,0.40688774,0.012744278
632,46321,1.0,1.0,0.0,1.0,1.0,0.0,0.0062020123,0.0062020123,530.0,578.0,48.0,0.0,0.0,0.0,0.30588263,0.25490153,-0.050981104
633,46372,152.0,195.0,43.0,87.0,82.0,-5.0,0.008106381,0.008106381,4.0,11.0,7.0,0.2,0.0,-0.2,0.22493304,0.14299421,-0.08193883
634,46380,1.0,3.0,2.0,1.0,1.0,0.0,0.0048084967,0.0048084967,48.0,51.0,3.0,0.0,0.0,0.0,0.18309179,0.3504751,0.16738331
635,46460,1.0,1.0,0.0,1.0,1.0,0.0,0.009702168,0.009702168,22.0,27.0,5.0,0.0,0.0,0.0,0.43998298,0.20566285,-0.23432013
636,46462,1.0,1.0,0.0,1.0,1.0,0.0,0.00453075,0.00453075,26.0,4.0,-22.0,0.0,0.2,0.2,-0.35313764,0.49133804,0.8444757
637,46480,40.0,97.0,57.0,162.0,251.0,89.0,0.0019451268,0.0019451268,397.0,406.0,9.0,0.0,0.0,0.0,-0.06565274,-0.08542409,-0.019771345
638,46523,7.0,7.0,0.0,3.0,2.0,-1.0,0.005311817,0.005311817,2.0,3.0,1.0,0.2,0.2,0.0,0.2123459,0.12557651,-0.08676939
639,46642,5.0,28.0,23.0,1.0,15.0,14.0,-0.0038199872,-0.0038199872,196.0,179.0,-17.0,0.2,0.2,0.0,0.19894125,0.1037449,-0.095196344
640,46661,4.0,7.0,3.0,3.0,2.0,-1.0,0.004436638,0.004436638,285.0,333.0,48.0,0.0,0.0,0.0,0.05844157,0.09643236,0.03799079
641,46806,1.0,2.0,1.0,1.0,1.0,0.0,0.0028144121,0.0028144121,322.0,320.0,-2.0,0.0,0.0,0.0,-0.0817717,0.025272213,0.107043914
642,46835,1.0,1.0,0.0,2.0,10.0,8.0,-0.0033888705,-0.0033888705,212.0,280.0,68.0,0.2,0.4,0.2,0.5997464,0.7880773,0.18833089
643,46861,1.0,1.0,0.0,3.0,2.0,-1.0,0.0071070604,0.0071070604,107.0,93.0,-14.0,0.0,0.0,0.0,0.3125032,0.28941983,-0.023083359
644,47033,1.0,1.0,0.0,1.0,1.0,0.0,0.0002887696,0.0002887696,57.0,27.0,-30.0,0.0,0.0,0.0,0.5428752,0.69177496,0.1488998
645,47070,1.0,1.0,0.0,1.0,1.0,0.0,0.0054554306,0.0054554306,322.0,457.0,135.0,0.2,0.2,0.0,0.32542902,0.061622683,-0.26380634
646,47099,2.0,3.0,1.0,2.0,1.0,-1.0,0.006809648,0.006809648,1.0,1.0,0.0,0.2,0.2,0.0,0.3966743,0.37536174,-0.021312565
647,47200,1.0,1.0,0.0,1.0,1.0,0.0,0.009774189,0.009774189,16.0,10.0,-6.0,0.2,0.4,0.2,0.13222986,-0.19131443,-0.3235443
648,47290,1.0,4.0,3.0,13.0,45.0,32.0,0.003767535,0.003767535,48.0,87.0,39.0,0.0,0.0,0.0,0.41137868,0.5120074,0.10062873
649,47293,2.0,6.0,4.0,1.0,1.0,0.0,-0.0012841076,-0.0012841076,538.0,321.0,-217.0,0.0,0.0,0.0,0.37219793,0.1805197,-0.19167823
650,47321,9.0,10.0,1.0,1.0,1.0,0.0,0.0092079975,0.0092079975,457.0,282.0,-175.0,0.0,0.0,0.0,-0.005193091,0.1257214,0.13091448
651,47408,11.0,4.0,-7.0,3.0,4.0,1.0,0.014995623,0.014995623,16.0,16.0,0.0,0.2,0.0,-0.2,0.5726536,0.71219146,0.13953787
652,47598,7.0,13.0,6.0,2.0,1.0,-1.0,0.006578915,0.006578915,2.0,3.0,1.0,0.2,0.2,0.0,-0.07526141,-0.0066108853,0.06865052
653,47600,7.0,6.0,-1.0,1.0,2.0,1.0,0.009733085,0.009733085,522.0,450.0,-72.0,0.0,0.0,0.0,0.16032688,0.25719064,0.09686376
654,47614,145.0,157.0,12.0,19.0,2.0,-17.0,0.009163665,0.009163665,129.0,98.0,-31.0,0.0,0.0,0.0,0.117670916,0.01985335,-0.09781757
655,47656,1.0,1.0,0.0,1.0,3.0,2.0,0.0017563328,0.0017563328,105.0,87.0,-18.0,0.0,0.0,0.0,0.4009592,0.26185602,-0.13910317
656,47687,1.0,1.0,0.0,1.0,2.0,1.0,0.0017946959,0.0017946959,25.0,9.0,-16.0,0.0,0.0,0.0,0.08746767,0.18463969,0.09717202
657,48157,3.0,3.0,0.0,1.0,1.0,0.0,0.0039175674,0.0039175674,54.0,62.0,8.0,0.2,0.2,0.0,-0.22842263,-0.09299014,0.13543248
658,48260,2.0,1.0,-1.0,1.0,1.0,0.0,0.009817373,0.009817373,593.0,631.0,38.0,0.0,0.0,0.0,-0.009936881,-0.005436811,0.00450007
659,48374,1.0,2.0,1.0,2.0,1.0,-1.0,0.0013678223,0.0013678223,496.0,559.0,63.0,0.0,0.0,0.0,-0.03565823,-0.089600354,-0.053942125
660,48379,4.0,8.0,4.0,1.0,2.0,1.0,0.0056357384,0.0056357384,39.0,44.0,5.0,0.0,0.0,0.0,0.27483422,0.21596444,-0.05886978
661,48393,15.0,13.0,-2.0,10.0,13.0,3.0,0.00726692,0.00726692,277.0,207.0,-70.0,0.2,0.2,0.0,0.08637216,0.15311813,0.066745974
662,48422,1.0,3.0,2.0,6.0,5.0,-1.0,0.0056989565,0.0056989565,19.0,15.0,-4.0,0.0,0.0,0.0,0.60036993,0.5694894,-0.03088051
663,48508,10.0,67.0,57.0,6.0,9.0,3.0,-0.00074050575,-0.00074050575,172.0,189.0,17.0,0.0,0.0,0.0,0.012121984,0.034254935,0.022132952
664,48530,2.0,4.0,2.0,1.0,1.0,0.0,0.0055752844,0.0055752844,25.0,7.0,-18.0,0.0,0.0,0.0,0.19457403,0.29947808,0.104904056
665,48617,1.0,1.0,0.0,1.0,1.0,0.0,0.0052795224,0.0052795224,664.0,720.0,56.0,0.0,0.0,0.0,0.01712385,0.2556808,0.23855695
666,48618,47.0,41.0,-6.0,56.0,33.0,-23.0,0.009299047,0.009299047,420.0,455.0,35.0,0.0,0.0,0.0,0.26213127,0.26722622,0.0050949454
667,48622,1.0,1.0,0.0,1.0,1.0,0.0,0.0050413497,0.0050413497,34.0,30.0,-4.0,0.0,0.0,0.0,0.18988572,0.20435847,0.014472753
668,48679,11.0,4.0,-7.0,7.0,3.0,-4.0,0.012892917,0.012892917,264.0,230.0,-34.0,0.0,0.0,0.0,-0.15828197,-0.09361426,0.06466771
669,48681,2.0,1.0,-1.0,2.0,2.0,0.0,0.010158248,0.010158248,53.0,41.0,-12.0,0.0,0.0,0.0,0.34920013,0.39160895,0.042408824
670,48802,1.0,1.0,0.0,1.0,1.0,0.0,0.0056661777,0.0056661777,563.0,633.0,70.0,0.0,0.0,0.0,0.48308626,0.20471959,-0.27836668
671,48832,6.0,13.0,7.0,1.0,1.0,0.0,0.003923092,0.003923092,266.0,229.0,-37.0,0.2,0.2,0.0,0.35243562,0.18516594,-0.16726968
672,48839,1.0,1.0,0.0,1.0,1.0,0.0,0.0043633953,0.0043633953,69.0,65.0,-4.0,0.0,0.0,0.0,0.55336004,0.6217813,0.068421245
673,49076,1.0,2.0,1.0,3.0,3.0,0.0,0.004112292,0.004112292,4.0,9.0,5.0,0.4,0.0,-0.4,0.018745966,0.15662111,0.13787514
674,49152,1.0,3.0,2.0,2.0,1.0,-1.0,0.006665133,0.006665133,149.0,97.0,-52.0,0.0,0.0,0.0,0.312363,0.29813513,-0.014227867
675,49156,130.0,229.0,99.0,32.0,26.0,-6.0,0.0053340215,0.0053340215,53.0,51.0,-2.0,0.0,0.0,0.0,0.65518254,0.63088274,-0.0242998
676,49234,2.0,1.0,-1.0,3.0,3.0,0.0,0.013908677,0.013908677,174.0,156.0,-18.0,0.0,0.0,0.0,0.1401468,0.07736171,-0.0627851
677,49466,1.0,2.0,1.0,1.0,1.0,0.0,0.0001815185,0.0001815185,199.0,181.0,-18.0,0.2,0.2,0.0,0.16843358,0.1664744,-0.0019591749
678,49480,4.0,7.0,3.0,3.0,1.0,-2.0,0.0060512684,0.0060512684,122.0,146.0,24.0,0.0,0.0,0.0,0.111769035,-0.07697345,-0.18874249
679,49622,3.0,5.0,2.0,2.0,4.0,2.0,0.003027901,0.003027901,38.0,26.0,-12.0,0.0,0.0,0.0,0.11774225,0.10466353,-0.013078719
680,49731,228.0,105.0,-123.0,64.0,44.0,-20.0,0.012837317,0.012837317,834.0,825.0,-9.0,0.0,0.0,0.0,0.27871922,-0.008463426,-0.28718263
681,49923,3.0,20.0,17.0,30.0,17.0,-13.0,0.0019471124,0.0019471124,9.0,8.0,-1.0,0.0,0.0,0.0,-0.09152581,-0.26081577,-0.16928996
682,49944,1.0,1.0,0.0,1.0,1.0,0.0,0.0066502094,0.0066502094,123.0,135.0,12.0,0.0,0.0,0.0,0.6319481,0.6776657,0.045717597
683,49955,1.0,1.0,0.0,1.0,1.0,0.0,0.005227059,0.005227059,68.0,65.0,-3.0,0.0,0.0,0.0,0.33312607,0.3998917,0.066765636
684,49957,1.0,2.0,1.0,1.0,1.0,0.0,0.0014413111,0.0014413111,320.0,310.0,-10.0,0.2,0.2,0.0,0.4932776,-0.37703615,-0.87031376
685,49969,1.0,1.0,0.0,1.0,1.0,0.0,0.0047507435,0.0047507435,3.0,2.0,-1.0,0.2,0.2,0.0,0.56870425,0.5551049,-0.013599336
686,49979,1.0,2.0,1.0,1.0,1.0,0.0,0.0026025474,0.0026025474,2.0,1.0,-1.0,0.2,0.2,0.0,-0.0051916307,-0.06305799,-0.057866357
687,50026,2.0,1.0,-1.0,1.0,1.0,0.0,0.005218208,0.005218208,227.0,210.0,-17.0,0.0,0.0,0.0,0.33360162,0.4854539,0.15185228
688,50114,15.0,6.0,-9.0,2.0,1.0,-1.0,0.012373071,0.012373071,326.0,316.0,-10.0,0.0,0.0,0.0,0.13724104,0.11092912,-0.02631192
689,50170,1.0,1.0,0.0,1.0,1.0,0.0,0.0104160085,0.0104160085,119.0,100.0,-19.0,0.2,0.2,0.0,0.19571017,0.23737082,0.04166065
690,50500,33.0,17.0,-16.0,16.0,51.0,35.0,0.008117981,0.008117981,405.0,466.0,61.0,0.0,0.0,0.0,0.28076062,0.2643608,-0.01639983
691,50653,2.0,2.0,0.0,1.0,1.0,0.0,0.008545887,0.008545887,450.0,421.0,-29.0,0.0,0.0,0.0,0.17057137,0.121936664,-0.048634708
692,50734,1.0,1.0,0.0,1.0,1.0,0.0,0.0055836253,0.0055836253,53.0,88.0,35.0,0.0,0.0,0.0,0.5688479,0.5516981,-0.017149806
693,50755,1.0,1.0,0.0,1.0,1.0,0.0,0.00351879,0.00351879,8.0,10.0,2.0,0.2,0.2,0.0,-0.24973133,-0.062324964,0.18740636
694,50811,1.0,7.0,6.0,1.0,1.0,0.0,-0.006827306,-0.006827306,60.0,92.0,32.0,0.2,0.2,0.0,0.112090535,0.027972851,-0.08411768
695,50882,5.0,12.0,7.0,2.0,3.0,1.0,0.0045353584,0.0045353584,172.0,266.0,94.0,0.0,0.0,0.0,0.50348973,-0.109525755,-0.6130155
696,51051,1.0,1.0,0.0,1.0,1.0,0.0,-0.00022873655,-0.00022873655,4.0,4.0,0.0,0.2,0.2,0.0,0.07523015,0.10986956,0.03463941
697,51052,10.0,59.0,49.0,3.0,4.0,1.0,0.0012991056,0.0012991056,556.0,654.0,98.0,0.0,0.0,0.0,0.42466918,0.029498361,-0.3951708
698,51062,2.0,1.0,-1.0,1.0,1.0,0.0,0.0059090704,0.0059090704,151.0,209.0,58.0,0.0,0.0,0.0,-0.24455243,-0.21970981,0.02484262
699,51077,2.0,1.0,-1.0,2.0,1.0,-1.0,0.00947459,0.00947459,137.0,172.0,35.0,0.0,0.0,0.0,0.019045709,0.25810614,0.23906043
700,51148,1.0,1.0,0.0,1.0,1.0,0.0,0.0015086159,0.0015086159,196.0,274.0,78.0,0.0,0.0,0.0,0.031464085,0.17826156,0.14679748
701,51171,5.0,34.0,29.0,11.0,12.0,1.0,-0.0036914982,-0.0036914982,356.0,364.0,8.0,0.0,0.0,0.0,0.122969046,0.3136216,0.19065256
702,51185,1.0,1.0,0.0,1.0,1.0,0.0,0.008071337,0.008071337,162.0,146.0,-16.0,0.0,0.0,0.0,0.33870912,0.15539008,-0.18331903
703,51521,2.0,1.0,-1.0,1.0,2.0,1.0,0.007734854,0.007734854,118.0,174.0,56.0,0.0,0.0,0.0,0.3198983,0.28414956,-0.03574875
704,51745,3.0,9.0,6.0,18.0,19.0,1.0,0.0020969063,0.0020969063,530.0,580.0,50.0,0.2,0.2,0.0,-0.01843301,-0.025712844,-0.007279834
705,51788,1.0,1.0,0.0,1.0,1.0,0.0,-0.0011588186,-0.0011588186,135.0,168.0,33.0,0.0,0.0,0.0,0.8553363,0.81820095,-0.037135363
706,51843,3.0,6.0,3.0,1.0,1.0,0.0,0.006110519,0.006110519,223.0,169.0,-54.0,0.0,0.0,0.0,0.00063423655,0.27071327,0.27007905
707,51907,3.0,4.0,1.0,2.0,2.0,0.0,0.008375086,0.008375086,51.0,42.0,-9.0,0.0,0.0,0.0,0.5170281,0.68338203,0.16635394
708,51928,5.0,4.0,-1.0,1.0,1.0,0.0,0.0078713335,0.0078713335,14.0,20.0,6.0,0.0,0.2,0.2,-0.006584363,0.022695227,0.02927959
709,51965,1.0,1.0,0.0,1.0,1.0,0.0,0.0013187453,0.0013187453,87.0,29.0,-58.0,0.2,0.2,0.0,0.2556682,0.23690379,-0.018764406
710,51983,1.0,1.0,0.0,1.0,2.0,1.0,0.0003046468,0.0003046468,387.0,348.0,-39.0,0.2,0.2,0.0,0.3144538,0.43066624,0.11621243
711,51988,230.0,285.0,55.0,15.0,14.0,-1.0,0.007310346,0.007310346,2.0,19.0,17.0,0.2,0.0,-0.2,-0.08949369,-0.27740628,-0.18791258
712,52070,1.0,1.0,0.0,1.0,1.0,0.0,0.004715875,0.004715875,225.0,147.0,-78.0,0.0,0.0,0.0,0.28757593,0.1235841,-0.16399184
713,52216,21.0,16.0,-5.0,7.0,4.0,-3.0,0.01251062,0.01251062,138.0,160.0,22.0,0.0,0.0,0.0,0.53659964,0.4626569,-0.07394275
714,52302,1.0,1.0,0.0,1.0,1.0,0.0,0.0033343583,0.0033343583,162.0,337.0,175.0,0.0,0.0,0.0,0.20739834,-0.010669078,-0.21806742
715,52328,16.0,19.0,3.0,3.0,4.0,1.0,0.005569957,0.005569957,28.0,28.0,0.0,0.0,0.0,0.0,0.34147987,0.3996871,0.058207244
716,52375,4.0,2.0,-2.0,1.0,1.0,0.0,0.007317599,0.007317599,1.0,2.0,1.0,0.2,0.2,0.0,-0.053402636,-0.067099,-0.013696361
717,52394,1.0,1.0,0.0,1.0,1.0,0.0,0.0032622218,0.0032622218,110.0,88.0,-22.0,0.2,0.2,0.0,0.10742057,-0.11925704,-0.22667761
718,52527,2.0,6.0,4.0,2.0,6.0,4.0,-0.00017429516,-0.00017429516,211.0,254.0,43.0,0.0,0.0,0.0,0.29114023,0.0483664,-0.24277383
719,52554,1.0,2.0,1.0,1.0,1.0,0.0,-0.0015371107,-0.0015371107,391.0,245.0,-146.0,0.0,0.0,0.0,0.4109811,0.44544756,0.034466475
720,52596,2.0,2.0,0.0,1.0,1.0,0.0,-0.0007361211,-0.0007361211,301.0,306.0,5.0,0.0,0.0,0.0,0.19227664,0.14518523,-0.04709141
721,52598,1.0,1.0,0.0,1.0,1.0,0.0,0.009396248,0.009396248,150.0,127.0,-23.0,0.0,0.0,0.0,0.2394223,0.16917357,-0.07024874
722,52652,159.0,158.0,-1.0,4.0,8.0,4.0,0.009285349,0.009285349,134.0,179.0,45.0,0.0,0.0,0.0,0.254998,0.37826717,0.12326917
723,52892,16.0,1.0,-15.0,5.0,4.0,-1.0,0.01765804,0.01765804,9.0,19.0,10.0,0.0,0.0,0.0,0.3173327,0.33956933,0.022236615
724,52931,5.0,1.0,-4.0,1.0,1.0,0.0,0.014509231,0.014509231,20.0,15.0,-5.0,0.4,0.4,0.0,0.31237105,0.3159625,0.003591448
725,52990,126.0,108.0,-18.0,85.0,30.0,-55.0,0.009673977,0.009673977,275.0,284.0,9.0,0.0,0.0,0.0,0.07294442,0.016749617,-0.0561948
726,53052,12.0,35.0,23.0,8.0,3.0,-5.0,0.0022921264,0.0022921264,291.0,496.0,205.0,0.0,0.0,0.0,0.12955074,0.18399115,0.05444041
727,53070,1.0,4.0,3.0,3.0,4.0,1.0,-0.0046510175,-0.0046510175,39.0,43.0,4.0,0.0,0.0,0.0,-0.13234313,-0.15606695,-0.023723826
728,53152,1.0,1.0,0.0,1.0,1.0,0.0,0.0041396916,0.0041396916,5.0,4.0,-1.0,0.2,0.2,0.0,-0.0139727285,0.052079584,0.06605231
729,53155,2.0,7.0,5.0,3.0,2.0,-1.0,0.0018807352,0.0018807352,422.0,447.0,25.0,0.0,0.0,0.0,0.15345246,-0.13543452,-0.28888696
730,53157,2.0,1.0,-1.0,1.0,1.0,0.0,0.004446123,0.004446123,175.0,41.0,-134.0,0.0,0.0,0.0,-0.033363566,0.12190644,0.15527001
731,53270,31.0,47.0,16.0,16.0,6.0,-10.0,0.008152418,0.008152418,7.0,4.0,-3.0,0.0,0.4,0.4,0.38447553,0.16242112,-0.2220544
732,53370,3.0,2.0,-1.0,1.0,1.0,0.0,0.008620024,0.008620024,93.0,108.0,15.0,0.2,0.2,0.0,0.10541986,0.3098896,0.20446976
733,53489,63.0,40.0,-23.0,7.0,1.0,-6.0,0.010364536,0.010364536,3.0,3.0,0.0,0.4,0.4,0.0,-0.034313552,-0.06529367,-0.030980118
734,53511,9.0,6.0,-3.0,1.0,1.0,0.0,0.008915566,0.008915566,18.0,19.0,1.0,0.0,0.0,0.0,-0.086534716,-0.18475315,-0.09821843
735,53570,1.0,1.0,0.0,1.0,1.0,0.0,0.0064339936,0.0064339936,34.0,42.0,8.0,0.0,0.0,0.0,-0.8140318,-0.3537228,0.46030897
736,53727,1.0,3.0,2.0,1.0,1.0,0.0,-0.0053297356,-0.0053297356,42.0,59.0,17.0,0.0,0.0,0.0,0.29736602,0.4002696,0.102903575
737,53728,1.0,1.0,0.0,1.0,1.0,0.0,0.0043216944,0.0043216944,13.0,11.0,-2.0,0.0,0.0,0.0,0.004602569,0.12071172,0.116109155
738,53773,2.0,2.0,0.0,1.0,1.0,0.0,0.005918011,0.005918011,220.0,183.0,-37.0,0.0,0.0,0.0,0.28206798,0.3283526,0.046284616
739,53858,1.0,1.0,0.0,1.0,1.0,0.0,0.004072115,0.004072115,135.0,192.0,57.0,0.2,0.4,0.2,0.55811834,0.5262812,-0.031837165
740,53881,1.0,1.0,0.0,1.0,1.0,0.0,0.009858094,0.009858094,9.0,9.0,0.0,0.0,0.0,0.0,0.20126373,0.118378304,-0.08288542
741,53891,18.0,64.0,46.0,1.0,4.0,3.0,0.0016797446,0.0016797446,161.0,70.0,-91.0,0.0,0.0,0.0,0.1576656,0.16363993,0.0059743375
742,54078,2.0,1.0,-1.0,1.0,1.0,0.0,0.0124857575,0.0124857575,8.0,9.0,1.0,0.6,0.6,0.0,0.29609504,0.29801756,0.001922518
743,54147,46.0,13.0,-33.0,15.0,13.0,-2.0,0.016551346,0.016551346,64.0,96.0,32.0,0.2,0.2,0.0,0.05643541,0.22978051,0.1733451
744,54257,12.0,17.0,5.0,2.0,1.0,-1.0,0.006221514,0.006221514,156.0,103.0,-53.0,0.0,0.0,0.0,0.32911247,0.27596182,-0.053150654
745,54361,2.0,2.0,0.0,2.0,3.0,1.0,0.006512016,0.006512016,1.0,1.0,0.0,0.6,0.6,0.0,0.14591123,0.27578077,0.12986954
746,54389,33.0,35.0,2.0,20.0,14.0,-6.0,0.008365247,0.008365247,1.0,1.0,0.0,0.2,0.2,0.0,0.25961363,0.3615088,0.10189515
747,54643,39.0,117.0,78.0,2.0,2.0,0.0,0.0034478307,0.0034478307,197.0,243.0,46.0,0.2,0.2,0.0,0.06537906,0.18106131,0.11568225
748,54683,1.0,1.0,0.0,1.0,1.0,0.0,0.005776271,0.005776271,10.0,18.0,8.0,0.0,0.0,0.0,0.63011783,0.58381724,-0.04630059
749,54698,1.0,1.0,0.0,1.0,1.0,0.0,0.008572765,0.008572765,76.0,138.0,62.0,0.0,0.0,0.0,0.49406204,0.4423371,-0.05172494
750,54743,1.0,1.0,0.0,1.0,1.0,0.0,0.0051564053,0.0051564053,77.0,88.0,11.0,0.0,0.0,0.0,-0.1430043,-0.13009977,0.012904525
751,54812,4.0,1.0,-3.0,18.0,5.0,-13.0,0.019973896,0.019973896,85.0,91.0,6.0,0.0,0.0,0.0,-0.049992032,-0.02157256,0.028419472
752,54824,8.0,108.0,100.0,1.0,1.0,0.0,-0.0026180707,-0.0026180707,92.0,158.0,66.0,0.0,0.0,0.0,0.51896954,0.5447441,0.025774539
753,54913,1.0,1.0,0.0,2.0,3.0,1.0,0.0074275695,0.0074275695,7.0,10.0,3.0,0.0,0.0,0.0,0.27356747,0.23065704,-0.042910427
754,54959,6.0,4.0,-2.0,1.0,1.0,0.0,0.009575218,0.009575218,70.0,16.0,-54.0,0.0,0.0,0.0,-0.34476057,0.055083588,0.39984417
755,55005,2.0,4.0,2.0,1.0,1.0,0.0,-0.00020964444,-0.00020964444,57.0,48.0,-9.0,0.0,0.4,0.4,0.52648413,0.5160395,-0.010444641
756,55107,2.0,1.0,-1.0,1.0,1.0,0.0,0.0084106475,0.0084106475,51.0,20.0,-31.0,0.4,0.2,-0.2,0.12372916,0.20174357,0.07801441
757,55163,1.0,1.0,0.0,1.0,1.0,0.0,0.003137432,0.003137432,17.0,7.0,-10.0,0.0,0.2,0.2,0.4341205,0.32992047,-0.104200035
758,55405,2.0,21.0,19.0,4.0,1.0,-3.0,-0.0017886907,-0.0017886907,353.0,352.0,-1.0,0.0,0.0,0.0,-0.194823,-0.07158137,0.123241626
759,55408,1.0,3.0,2.0,2.0,4.0,2.0,-0.002745442,-0.002745442,103.0,77.0,-26.0,0.2,0.0,-0.2,-0.052671533,0.006020024,0.058691557
760,55526,1.0,1.0,0.0,1.0,1.0,0.0,0.004069023,0.004069023,75.0,59.0,-16.0,0.0,0.0,0.0,0.3226493,0.09439712,-0.22825217
761,55649,1.0,1.0,0.0,1.0,1.0,0.0,0.0062064454,0.0062064454,3.0,1.0,-2.0,0.4,0.4,0.0,0.11204376,0.07277482,-0.03926894
762,55669,15.0,13.0,-2.0,5.0,3.0,-2.0,0.00914428,0.00914428,189.0,105.0,-84.0,0.0,0.0,0.0,-0.059486028,-0.06467884,-0.0051928125
763,55678,1.0,4.0,3.0,1.0,1.0,0.0,0.00069618225,0.00069618225,7.0,6.0,-1.0,0.2,0.2,0.0,-0.25044447,-0.21452163,0.03592284
764,55680,38.0,15.0,-23.0,49.0,36.0,-13.0,0.013515551,0.013515551,341.0,314.0,-27.0,0.0,0.0,0.0,-0.11657932,-0.011015654,0.10556366
765,55857,2.0,5.0,3.0,8.0,18.0,10.0,0.0030813627,0.0030813627,328.0,243.0,-85.0,0.0,0.0,0.0,0.4463566,0.38013148,-0.06622511
766,55933,1.0,3.0,2.0,4.0,5.0,1.0,-0.004319705,-0.004319705,47.0,63.0,16.0,0.2,0.2,0.0,0.112843305,0.14252312,0.02967982
767,55968,1.0,1.0,0.0,1.0,1.0,0.0,0.00916424,0.00916424,120.0,108.0,-12.0,0.0,0.0,0.0,0.48114768,0.53577393,0.054626256
768,55969,52.0,57.0,5.0,99.0,107.0,8.0,0.009941831,0.009941831,41.0,48.0,7.0,0.0,0.0,0.0,0.38545886,0.29062295,-0.09483591
769,56042,2.0,3.0,1.0,8.0,2.0,-6.0,0.005076494,0.005076494,17.0,3.0,-14.0,0.0,0.2,0.2,0.09177215,0.22614823,0.13437608
770,56066,1.0,1.0,0.0,3.0,3.0,0.0,0.010023199,0.010023199,19.0,13.0,-6.0,0.0,0.0,0.0,-0.0058013783,-0.17802854,-0.17222716
771,56126,2.0,27.0,25.0,1.0,1.0,0.0,0.0003758669,0.0003758669,161.0,134.0,-27.0,0.0,0.2,0.2,0.13703974,0.15521616,0.018176422
772,56154,1.0,1.0,0.0,1.0,1.0,0.0,-0.0031133816,-0.0031133816,17.0,9.0,-8.0,0.0,0.0,0.0,0.06304159,0.041992042,-0.021049548
773,56269,1.0,3.0,2.0,2.0,5.0,3.0,0.0009660423,0.0009660423,1.0,1.0,0.0,0.2,0.2,0.0,-0.13859518,-0.22295007,-0.08435489
774,56290,9.0,2.0,-7.0,6.0,3.0,-3.0,0.011836126,0.011836126,6.0,7.0,1.0,0.0,0.0,0.0,-0.02950475,0.2298062,0.25931096
775,56314,1.0,3.0,2.0,1.0,1.0,0.0,0.0028647892,0.0028647892,259.0,360.0,101.0,0.0,0.0,0.0,0.2315295,0.37740162,0.14587212
776,56418,3.0,3.0,0.0,8.0,4.0,-4.0,0.009102598,0.009102598,91.0,293.0,202.0,0.2,0.2,0.0,0.12093062,0.23114192,0.110211305
777,56454,1.0,1.0,0.0,5.0,2.0,-3.0,0.0110847205,0.0110847205,109.0,114.0,5.0,0.0,0.0,0.0,0.072719246,0.02062064,-0.052098606
778,56471,142.0,14.0,-128.0,120.0,64.0,-56.0,0.019481817,0.019481817,676.0,788.0,112.0,0.0,0.0,0.0,0.32211128,0.33601722,0.013905942
779,56670,1.0,2.0,1.0,1.0,1.0,0.0,0.008793704,0.008793704,6.0,4.0,-2.0,0.0,0.2,0.2,-0.025910314,-0.059401203,-0.03349089
780,56681,1.0,1.0,0.0,1.0,1.0,0.0,0.0016288236,0.0016288236,18.0,28.0,10.0,0.0,0.2,0.2,0.1701026,0.10233819,-0.06776441
781,56695,3.0,7.0,4.0,1.0,1.0,0.0,0.006081056,0.006081056,414.0,374.0,-40.0,0.0,0.0,0.0,0.07967418,-0.023181546,-0.10285573
782,56723,1.0,1.0,0.0,1.0,1.0,0.0,0.0018887818,0.0018887818,90.0,70.0,-20.0,0.0,0.0,0.0,0.14328827,-0.069359906,-0.21264818
783,56751,52.0,3.0,-49.0,13.0,7.0,-6.0,0.01799657,0.01799657,7.0,6.0,-1.0,0.2,0.2,0.0,0.18694468,0.3444702,0.15752552
784,56782,22.0,29.0,7.0,6.0,2.0,-4.0,0.0074102916,0.0074102916,536.0,477.0,-59.0,0.0,0.0,0.0,-0.30914512,0.016610796,0.32575592
785,56784,67.0,51.0,-16.0,6.0,21.0,15.0,0.009453524,0.009453524,770.0,666.0,-104.0,0.0,0.0,0.0,-0.01541239,0.05945927,0.07487166
786,56850,2.0,14.0,12.0,1.0,1.0,0.0,0.0025695711,0.0025695711,168.0,133.0,-35.0,0.0,0.0,0.0,0.018986233,-0.0012416242,-0.020227857
787,56867,3.0,12.0,9.0,4.0,5.0,1.0,-0.0024717115,-0.0024717115,4.0,3.0,-1.0,0.4,0.4,0.0,0.19329603,0.34253326,0.14923723
788,56911,1.0,1.0,0.0,1.0,1.0,0.0,0.0032568201,0.0032568201,919.0,704.0,-215.0,0.0,0.0,0.0,-0.12545694,-0.15085106,-0.025394112
789,56948,55.0,159.0,104.0,3.0,5.0,2.0,0.0011624694,0.0011624694,816.0,676.0,-140.0,0.0,0.0,0.0,0.12066509,0.36278838,0.24212329
790,57046,39.0,6.0,-33.0,5.0,5.0,0.0,0.015917294,0.015917294,289.0,253.0,-36.0,0.0,0.2,0.2,0.37444198,0.3219238,-0.05251819
791,57060,1.0,1.0,0.0,2.0,2.0,0.0,0.005709816,0.005709816,6.0,11.0,5.0,0.2,0.2,0.0,0.32060048,0.5060721,0.18547162
792,57435,3.0,4.0,1.0,1.0,2.0,1.0,0.011115368,0.011115368,304.0,295.0,-9.0,0.0,0.0,0.0,0.09453644,0.13561982,0.04108338
793,57443,1.0,1.0,0.0,1.0,1.0,0.0,0.005711574,0.005711574,202.0,197.0,-5.0,0.0,0.0,0.0,0.67862624,0.64862514,-0.030001104
794,57478,37.0,36.0,-1.0,26.0,36.0,10.0,0.008943006,0.008943006,8.0,8.0,0.0,0.2,0.2,0.0,0.14934003,0.08506633,-0.0642737
795,57542,3.0,7.0,4.0,1.0,1.0,0.0,0.0010842569,0.0010842569,5.0,4.0,-1.0,0.2,0.2,0.0,-0.22093458,-0.36287758,-0.141943
796,57553,11.0,3.0,-8.0,10.0,2.0,-8.0,0.015290614,0.015290614,212.0,192.0,-20.0,0.2,0.2,0.0,-0.094433546,-0.10771248,-0.013278931
797,57648,187.0,119.0,-68.0,39.0,69.0,30.0,0.014349299,0.014349299,45.0,50.0,5.0,0.0,0.0,0.0,0.39364266,0.22558886,-0.1680538
798,57650,17.0,16.0,-1.0,8.0,4.0,-4.0,0.00979105,0.00979105,51.0,44.0,-7.0,0.0,0.0,0.0,0.31668863,0.32037532,0.0036866963
799,57681,1.0,1.0,0.0,1.0,1.0,0.0,0.008680686,0.008680686,319.0,337.0,18.0,0.2,0.2,0.0,-0.06887869,-0.098818,-0.029939309
800,57822,11.0,8.0,-3.0,1.0,1.0,0.0,0.0075298026,0.0075298026,126.0,98.0,-28.0,0.2,0.2,0.0,0.3401375,0.33859763,-0.001539886
801,57838,1.0,1.0,0.0,1.0,1.0,0.0,0.007231623,0.007231623,14.0,16.0,2.0,0.0,0.0,0.0,0.65574443,0.6143731,-0.041371346
802,57906,3.0,1.0,-2.0,1.0,1.0,0.0,0.011169899,0.011169899,562.0,494.0,-68.0,0.2,0.2,0.0,-0.122624844,0.015353406,0.13797826
803,58096,14.0,81.0,67.0,14.0,12.0,-2.0,0.0024255998,0.0024255998,243.0,269.0,26.0,0.0,0.0,0.0,-0.15386595,-0.019551188,0.13431476
804,58144,1.0,1.0,0.0,2.0,2.0,0.0,0.017352622,0.017352622,56.0,50.0,-6.0,0.0,0.0,0.0,0.2802264,0.09882886,-0.18139756
805,58164,1.0,1.0,0.0,1.0,1.0,0.0,0.0030580983,0.0030580983,1.0,1.0,0.0,0.2,0.2,0.0,0.033081267,0.017383618,-0.015697649
806,58187,2.0,8.0,6.0,2.0,4.0,2.0,0.004818108,0.004818108,329.0,226.0,-103.0,0.0,0.0,0.0,-0.05151081,0.16958433,0.22109514
807,58404,1.0,1.0,0.0,1.0,1.0,0.0,0.009819016,0.009819016,115.0,87.0,-28.0,0.0,0.0,0.0,0.07866879,0.120116875,0.041448087
808,58668,10.0,9.0,-1.0,6.0,5.0,-1.0,0.0066414475,0.0066414475,886.0,914.0,28.0,0.0,0.0,0.0,-0.33499628,-0.25237727,0.08261901
809,58681,1.0,1.0,0.0,2.0,3.0,1.0,0.009071715,0.009071715,39.0,53.0,14.0,0.0,0.0,0.0,0.38728106,0.24246438,-0.14481668
810,59023,1.0,3.0,2.0,1.0,1.0,0.0,0.0005649142,0.0005649142,44.0,88.0,44.0,0.2,0.0,-0.2,-0.08023994,-0.08181568,-0.0015757456
811,59039,1.0,2.0,1.0,1.0,1.0,0.0,0.007008899,0.007008899,60.0,25.0,-35.0,0.0,0.0,0.0,0.34815666,0.40268204,0.054525375
812,59046,2.0,12.0,10.0,3.0,3.0,0.0,0.00038072094,0.00038072094,38.0,10.0,-28.0,0.0,0.0,0.0,0.53122383,0.44532138,-0.08590245
813,59079,8.0,1.0,-7.0,1.0,1.0,0.0,0.013245296,0.013245296,65.0,77.0,12.0,0.0,0.0,0.0,0.4130554,0.3863358,-0.0267196
814,59091,3.0,4.0,1.0,6.0,9.0,3.0,0.010118607,0.010118607,261.0,345.0,84.0,0.0,0.0,0.0,0.44897702,0.5882913,0.13931426
815,59194,4.0,4.0,0.0,18.0,21.0,3.0,0.01213279,0.01213279,180.0,71.0,-109.0,0.2,0.2,0.0,-0.048245836,0.06651221,0.114758044
816,59284,151.0,135.0,-16.0,61.0,30.0,-31.0,0.013319228,0.013319228,47.0,79.0,32.0,0.0,0.0,0.0,0.048743624,-0.03739985,-0.08614348
817,59419,20.0,13.0,-7.0,7.0,6.0,-1.0,0.007715706,0.007715706,55.0,41.0,-14.0,0.0,0.0,0.0,0.06940739,-0.027836055,-0.09724344
818,59420,18.0,12.0,-6.0,4.0,3.0,-1.0,0.0065455884,0.0065455884,45.0,35.0,-10.0,0.2,0.4,0.2,0.22501764,0.062969,-0.16204864
819,59585,23.0,22.0,-1.0,6.0,9.0,3.0,0.006821174,0.006821174,109.0,91.0,-18.0,0.0,0.0,0.0,-0.09660997,0.05360353,0.15021351
820,59595,2.0,1.0,-1.0,1.0,1.0,0.0,0.016958077,0.016958077,203.0,57.0,-146.0,0.0,0.0,0.0,0.10373437,-0.07498442,-0.17871878
821,59631,4.0,7.0,3.0,16.0,47.0,31.0,0.0013782978,0.0013782978,624.0,440.0,-184.0,0.0,0.0,0.0,0.21384509,0.70518255,0.49133748
822,59699,111.0,118.0,7.0,107.0,77.0,-30.0,0.010939261,0.010939261,304.0,259.0,-45.0,0.0,0.0,0.0,0.29584545,0.21008293,-0.085762516
823,59817,3.0,1.0,-2.0,1.0,1.0,0.0,0.009769708,0.009769708,65.0,42.0,-23.0,0.0,0.0,0.0,0.23247722,0.10561381,-0.1268634
824,59994,15.0,65.0,50.0,1.0,4.0,3.0,-6.264076e-05,-6.264076e-05,914.0,872.0,-42.0,0.0,0.0,0.0,0.02653726,-0.06923776,-0.09577502
825,60094,36.0,62.0,26.0,305.0,299.0,-6.0,0.0070890915,0.0070890915,206.0,186.0,-20.0,0.0,0.0,0.0,0.15409012,0.31583527,0.16174515
826,60119,11.0,22.0,11.0,3.0,17.0,14.0,0.005491413,0.005491413,678.0,465.0,-213.0,0.0,0.0,0.0,0.61082417,0.72193015,0.11110598
827,60186,1.0,1.0,0.0,1.0,1.0,0.0,0.0025698394,0.0025698394,2.0,3.0,1.0,0.2,0.2,0.0,-0.015039659,0.14581914,0.1608588
828,60251,1.0,1.0,0.0,1.0,1.0,0.0,0.0023966134,0.0023966134,7.0,7.0,0.0,0.0,0.0,0.0,0.66169935,0.7704114,0.10871202
829,60305,1.0,1.0,0.0,1.0,1.0,0.0,0.005605433,0.005605433,30.0,21.0,-9.0,0.0,0.0,0.0,-0.15867448,0.16003014,0.3187046
830,60456,38.0,35.0,-3.0,39.0,89.0,50.0,0.00592386,0.00592386,66.0,97.0,31.0,0.2,0.2,0.0,-0.20877784,0.16198812,0.37076598
831,60505,1.0,1.0,0.0,1.0,1.0,0.0,-0.0027895086,-0.0027895086,269.0,173.0,-96.0,0.0,0.0,0.0,0.46626714,0.36552134,-0.1007458
832,60519,1.0,1.0,0.0,2.0,2.0,0.0,0.013125937,0.013125937,420.0,366.0,-54.0,0.0,0.0,0.0,0.69048166,0.6349652,-0.05551648
833,60553,1.0,1.0,0.0,1.0,1.0,0.0,-0.0016067512,-0.0016067512,86.0,76.0,-10.0,0.2,0.2,0.0,0.20461555,0.19149275,-0.013122797
834,60725,31.0,31.0,0.0,15.0,46.0,31.0,0.007374238,0.007374238,16.0,21.0,5.0,0.0,0.0,0.0,0.27771336,0.45975792,0.18204457
835,60834,4.0,13.0,9.0,7.0,9.0,2.0,0.005466394,0.005466394,4.0,3.0,-1.0,0.2,0.4,0.2,-0.06957245,0.03598205,0.1055545
836,60845,24.0,30.0,6.0,3.0,2.0,-1.0,0.0067889243,0.0067889243,22.0,26.0,4.0,0.0,0.0,0.0,0.27728465,0.35866493,0.08138028
837,60867,2.0,1.0,-1.0,1.0,1.0,0.0,0.006263625,0.006263625,53.0,53.0,0.0,0.2,0.2,0.0,0.13111684,0.19951941,0.06840257
838,60978,43.0,19.0,-24.0,2.0,4.0,2.0,0.01171742,0.01171742,225.0,140.0,-85.0,0.0,0.0,0.0,0.05362705,0.13019049,0.07656344
839,61122,12.0,28.0,16.0,1.0,1.0,0.0,0.006116938,0.006116938,125.0,143.0,18.0,0.0,0.0,0.0,0.051015858,0.06334848,0.012332622
840,61133,22.0,36.0,14.0,10.0,12.0,2.0,0.0069714077,0.0069714077,112.0,108.0,-4.0,0.2,0.2,0.0,0.63098043,0.48116016,-0.14982027
841,61177,1.0,1.0,0.0,1.0,1.0,0.0,0.0016925596,0.0016925596,3.0,3.0,0.0,0.2,0.2,0.0,0.20689653,0.21227121,0.005374685
842,61216,60.0,158.0,98.0,32.0,52.0,20.0,0.003771197,0.003771197,92.0,41.0,-51.0,0.0,0.0,0.0,0.084844634,0.10682619,0.02198156
843,61510,7.0,8.0,1.0,1.0,1.0,0.0,0.008719165,0.008719165,4.0,9.0,5.0,0.2,0.0,-0.2,0.20825541,0.088661894,-0.119593516
844,61513,1.0,3.0,2.0,2.0,2.0,0.0,0.0063541196,0.0063541196,43.0,69.0,26.0,0.0,0.0,0.0,-0.11244628,-0.21069917,-0.09825289
845,61677,2.0,2.0,0.0,2.0,2.0,0.0,0.005334925,0.005334925,2.0,3.0,1.0,0.2,0.2,0.0,0.19444169,0.20664528,0.012203589
846,61738,276.0,244.0,-32.0,35.0,19.0,-16.0,0.011755928,0.011755928,53.0,53.0,0.0,0.0,0.2,0.2,0.1723665,0.29194883,0.119582325
847,61748,1.0,1.0,0.0,1.0,1.0,0.0,0.0030447803,0.0030447803,449.0,378.0,-71.0,0.0,0.2,0.2,0.62838805,0.48343745,-0.1449506
848,61752,4.0,3.0,-1.0,2.0,1.0,-1.0,0.0078044645,0.0078044645,337.0,540.0,203.0,0.0,0.0,0.0,0.2671143,0.22033443,-0.046779886
849,61797,1.0,1.0,0.0,1.0,1.0,0.0,0.003286153,0.003286153,64.0,36.0,-28.0,0.2,0.4,0.2,-0.08435808,-0.05740001,0.02695807
850,61801,47.0,173.0,126.0,86.0,224.0,138.0,0.0013494194,0.0013494194,136.0,109.0,-27.0,0.0,0.0,0.0,0.30285245,0.116010524,-0.18684193
851,61809,17.0,6.0,-11.0,2.0,1.0,-1.0,0.014782634,0.014782634,11.0,17.0,6.0,0.0,0.0,0.0,0.32449666,0.31648794,-0.0080087185
852,61873,1.0,1.0,0.0,1.0,1.0,0.0,-0.0015469342,-0.0015469342,36.0,40.0,4.0,0.2,0.0,-0.2,0.2803269,0.013299293,-0.26702762
853,61972,1.0,2.0,1.0,2.0,5.0,3.0,0.000349164,0.000349164,118.0,36.0,-82.0,0.0,0.0,0.0,0.36181465,0.47020015,0.1083855
854,62006,1.0,1.0,0.0,1.0,1.0,0.0,0.005474083,0.005474083,969.0,905.0,-64.0,0.0,0.0,0.0,0.3381473,0.41925868,0.08111137
855,62015,10.0,9.0,-1.0,4.0,4.0,0.0,0.010673057,0.010673057,17.0,9.0,-8.0,0.0,0.0,0.0,0.23357758,0.08622721,-0.14735037
856,62209,1.0,1.0,0.0,1.0,2.0,1.0,0.0007096827,0.0007096827,181.0,105.0,-76.0,0.0,0.0,0.0,0.34200686,0.5443233,0.20231646
857,62228,1.0,5.0,4.0,1.0,1.0,0.0,0.0031986982,0.0031986982,97.0,97.0,0.0,0.0,0.0,0.0,0.59441537,0.62803483,0.033619463
858,62275,61.0,393.0,332.0,75.0,225.0,150.0,-0.008149088,-0.008149088,15.0,27.0,12.0,0.2,0.2,0.0,0.101433,0.14572082,0.044287823
859,62302,1.0,1.0,0.0,1.0,1.0,0.0,0.009835668,0.009835668,1.0,1.0,0.0,0.4,0.4,0.0,0.5345963,0.5813747,0.04677838
860,62365,5.0,8.0,3.0,12.0,14.0,2.0,0.008913703,0.008913703,149.0,177.0,28.0,0.0,0.0,0.0,0.6379913,0.7095967,0.071605384
861,62479,32.0,182.0,150.0,19.0,9.0,-10.0,0.0011214763,0.0011214763,256.0,238.0,-18.0,0.0,0.0,0.0,0.117688805,0.12625805,0.008569241
862,62544,10.0,6.0,-4.0,5.0,5.0,0.0,0.010929957,0.010929957,4.0,11.0,7.0,0.4,0.2,-0.2,-0.025958642,-0.034572292,-0.00861365
863,62561,10.0,2.0,-8.0,1.0,2.0,1.0,0.010645464,0.010645464,80.0,74.0,-6.0,0.0,0.0,0.0,0.6842916,0.6687618,-0.015529811
864,62683,1.0,2.0,1.0,1.0,1.0,0.0,0.0046575367,0.0046575367,806.0,769.0,-37.0,0.0,0.0,0.0,-0.31455207,-0.26890448,0.04564759
865,62748,3.0,3.0,0.0,5.0,3.0,-2.0,0.0089950785,0.0089950785,344.0,379.0,35.0,0.2,0.2,0.0,-0.056931276,-0.050964825,0.005966451
866,62960,8.0,8.0,0.0,1.0,1.0,0.0,0.009599052,0.009599052,57.0,40.0,-17.0,0.0,0.0,0.0,0.055590548,0.14055188,0.08496133
867,63081,1.0,2.0,1.0,1.0,1.0,0.0,0.0049570054,0.0049570054,4.0,5.0,1.0,0.6,0.6,0.0,-0.07104935,-0.24327445,-0.1722251
868,63182,3.0,3.0,0.0,2.0,2.0,0.0,0.0068078786,0.0068078786,9.0,13.0,4.0,0.2,0.2,0.0,-0.017838186,0.0017794291,0.019617615
869,63345,2.0,2.0,0.0,1.0,1.0,0.0,0.0036948882,0.0036948882,156.0,179.0,23.0,0.0,0.0,0.0,0.37445292,0.17319672,-0.2012562
870,63449,2.0,3.0,1.0,6.0,3.0,-3.0,0.0076436475,0.0076436475,103.0,238.0,135.0,0.0,0.0,0.0,0.26296884,0.107609496,-0.15535934
871,63746,4.0,1.0,-3.0,4.0,2.0,-2.0,0.012630336,0.012630336,522.0,504.0,-18.0,0.0,0.0,0.0,0.1538912,0.16787304,0.013981834
872,63781,2.0,10.0,8.0,2.0,7.0,5.0,-0.0025995746,-0.0025995746,374.0,367.0,-7.0,0.0,0.0,0.0,0.10048951,-0.018268095,-0.118757606
873,63825,15.0,34.0,19.0,2.0,3.0,1.0,0.0047181062,0.0047181062,216.0,189.0,-27.0,0.0,0.0,0.0,0.7005549,0.68438673,-0.016168177
874,63922,37.0,84.0,47.0,9.0,9.0,0.0,0.00504452,0.00504452,979.0,977.0,-2.0,0.2,0.2,0.0,0.08437438,0.13310915,0.04873477
875,63931,1.0,1.0,0.0,1.0,1.0,0.0,0.00671082,0.00671082,38.0,10.0,-28.0,0.0,0.2,0.2,-0.06714706,-0.12237758,-0.05523052
876,63944,4.0,5.0,1.0,13.0,11.0,-2.0,0.009856105,0.009856105,195.0,155.0,-40.0,0.0,0.0,0.0,0.22773676,0.13268082,-0.09505594
877,64004,1.0,1.0,0.0,1.0,1.0,0.0,0.008930918,0.008930918,185.0,134.0,-51.0,0.0,0.0,0.0,-0.018359652,0.11837408,0.13673373
878,64096,9.0,6.0,-3.0,36.0,27.0,-9.0,0.0094120875,0.0094120875,401.0,258.0,-143.0,0.0,0.0,0.0,0.101453714,0.11603398,0.014580265
879,64295,2.0,7.0,5.0,1.0,1.0,0.0,1.1190772e-05,1.1190772e-05,4.0,3.0,-1.0,0.2,0.4,0.2,0.30186036,0.062179565,-0.2396808
880,64483,37.0,142.0,105.0,6.0,8.0,2.0,0.00023996457,0.00023996457,30.0,9.0,-21.0,0.0,0.0,0.0,0.0013745568,-0.21152468,-0.21289924
881,64498,1.0,48.0,47.0,26.0,31.0,5.0,-0.0053435788,-0.0053435788,25.0,66.0,41.0,0.0,0.0,0.0,-0.06599253,-0.05466268,0.011329848
882,64615,25.0,31.0,6.0,3.0,2.0,-1.0,0.010133177,0.010133177,13.0,21.0,8.0,0.4,0.2,-0.2,0.2671324,0.25945833,-0.007674068
883,64621,20.0,2.0,-18.0,5.0,2.0,-3.0,0.017435838,0.017435838,3.0,2.0,-1.0,0.2,0.2,0.0,0.00328191,-0.13431582,-0.13759772
884,64687,1.0,43.0,42.0,3.0,3.0,0.0,-0.006039262,-0.006039262,422.0,352.0,-70.0,0.2,0.0,-0.2,0.055493243,0.22628391,0.17079067
885,64771,9.0,16.0,7.0,13.0,15.0,2.0,0.009159781,0.009159781,44.0,27.0,-17.0,0.0,0.0,0.0,0.32267064,0.41733342,0.094662786
886,64867,2.0,1.0,-1.0,9.0,5.0,-4.0,0.009327158,0.009327158,32.0,31.0,-1.0,0.2,0.0,-0.2,0.14009339,0.120441295,-0.019652091
887,64880,35.0,78.0,43.0,12.0,5.0,-7.0,0.0073018745,0.0073018745,20.0,44.0,24.0,0.0,0.0,0.0,-0.0748633,0.13149558,0.20635888
888,64893,393.0,548.0,155.0,12.0,35.0,23.0,0.006040411,0.006040411,26.0,27.0,1.0,0.0,0.0,0.0,0.13608734,0.06382048,-0.07226686
889,64979,75.0,133.0,58.0,37.0,85.0,48.0,0.00030583143,0.00030583143,686.0,619.0,-67.0,0.0,0.0,0.0,0.21593317,0.29808748,0.082154304
890,65010,1.0,1.0,0.0,1.0,1.0,0.0,0.0040887706,0.0040887706,242.0,295.0,53.0,0.0,0.0,0.0,0.3020037,0.30363935,0.0016356409
891,65069,1.0,1.0,0.0,1.0,1.0,0.0,0.0056544244,0.0056544244,101.0,88.0,-13.0,0.0,0.0,0.0,0.14835516,0.0033076725,-0.14504749
892,65148,1.0,1.0,0.0,1.0,2.0,1.0,0.0076287277,0.0076287277,710.0,600.0,-110.0,0.2,0.2,0.0,0.7106523,0.59334743,-0.11730486
893,65187,72.0,47.0,-25.0,2.0,1.0,-1.0,0.0102787055,0.0102787055,55.0,49.0,-6.0,0.0,0.0,0.0,0.16375786,0.20834862,0.044590756
894,65232,4.0,2.0,-2.0,3.0,5.0,2.0,0.0087088235,0.0087088235,33.0,32.0,-1.0,0.0,0.0,0.0,0.091169976,0.25260484,0.16143486
895,65253,94.0,25.0,-69.0,292.0,150.0,-142.0,0.016447391,0.016447391,406.0,225.0,-181.0,0.0,0.0,0.0,-0.03436064,0.48953792,0.52389854
896,65267,5.0,5.0,0.0,1.0,1.0,0.0,0.008079708,0.008079708,62.0,46.0,-16.0,0.0,0.0,0.0,0.4472165,0.297936,-0.14928052
897,65376,1.0,2.0,1.0,3.0,2.0,-1.0,0.0033646077,0.0033646077,500.0,679.0,179.0,0.0,0.2,0.2,0.007691585,-0.17131007,-0.17900166
898,65414,1.0,3.0,2.0,1.0,1.0,0.0,0.0008217208,0.0008217208,52.0,35.0,-17.0,0.0,0.0,0.0,0.29329246,0.14604838,-0.14724408
899,65445,25.0,16.0,-9.0,52.0,38.0,-14.0,0.01350623,0.01350623,104.0,116.0,12.0,0.0,0.0,0.0,0.57757425,0.56735325,-0.0102210045
900,65639,1.0,1.0,0.0,1.0,1.0,0.0,3.491342e-05,3.491342e-05,3.0,3.0,0.0,0.2,0.2,0.0,0.016065834,-0.025037583,-0.041103415
901,65654,18.0,14.0,-4.0,6.0,4.0,-2.0,0.010104805,0.010104805,59.0,50.0,-9.0,0.0,0.2,0.2,0.006606695,0.026970783,0.020364089
902,65686,41.0,145.0,104.0,17.0,18.0,1.0,-0.00025378726,-0.00025378726,184.0,120.0,-64.0,0.2,0.2,0.0,0.058481567,0.18302697,0.1245454
903,65769,4.0,7.0,3.0,2.0,2.0,0.0,0.0039273463,0.0039273463,132.0,161.0,29.0,0.0,0.0,0.0,0.2156062,0.26072758,0.045121387
904,65799,3.0,1.0,-2.0,1.0,1.0,0.0,0.0059683546,0.0059683546,44.0,80.0,36.0,0.0,0.0,0.0,0.36283424,0.3400592,-0.022775054
905,65821,4.0,3.0,-1.0,1.0,1.0,0.0,0.005638361,0.005638361,19.0,15.0,-4.0,0.0,0.0,0.0,-0.018443612,0.17310758,0.1915512
906,65872,2.0,4.0,2.0,1.0,1.0,0.0,0.0074439086,0.0074439086,239.0,258.0,19.0,0.0,0.0,0.0,0.23364672,0.16399336,-0.06965336
907,65920,7.0,6.0,-1.0,7.0,4.0,-3.0,0.0077547245,0.0077547245,455.0,167.0,-288.0,0.0,0.2,0.2,0.2344642,0.19489393,-0.039570272
908,65943,29.0,23.0,-6.0,31.0,6.0,-25.0,0.009830561,0.009830561,657.0,741.0,84.0,0.0,0.0,0.0,0.3233208,0.0125582805,-0.31076252
909,66004,1.0,6.0,5.0,1.0,1.0,0.0,-0.001736071,-0.001736071,38.0,34.0,-4.0,0.2,0.2,0.0,0.17172225,0.15683496,-0.014887288
910,66214,8.0,84.0,76.0,2.0,6.0,4.0,-0.0020326339,-0.0020326339,75.0,60.0,-15.0,0.0,0.0,0.0,-0.08723566,-0.05779867,0.02943699
911,66216,5.0,12.0,7.0,1.0,3.0,2.0,0.00497362,0.00497362,65.0,70.0,5.0,0.0,0.0,0.0,0.32629088,0.45363,0.12733912
912,66278,1.0,1.0,0.0,1.0,1.0,0.0,0.0014055148,0.0014055148,235.0,180.0,-55.0,0.2,0.2,0.0,0.5030349,0.5005422,-0.0024926662
913,66330,6.0,15.0,9.0,1.0,2.0,1.0,0.0016604215,0.0016604215,21.0,12.0,-9.0,0.0,0.0,0.0,-0.11362384,0.38766202,0.50128585
914,66342,1.0,15.0,14.0,1.0,4.0,3.0,-0.004891079,-0.004891079,215.0,157.0,-58.0,0.0,0.0,0.0,0.21975264,0.14176236,-0.07799028
915,66421,150.0,53.0,-97.0,32.0,31.0,-1.0,0.014174752,0.014174752,409.0,217.0,-192.0,0.0,0.0,0.0,0.009282081,0.0760924,0.06681032
916,66464,10.0,11.0,1.0,3.0,3.0,0.0,0.008964192,0.008964192,57.0,30.0,-27.0,0.0,0.0,0.0,-0.107145324,0.15646724,0.26361257
917,66479,83.0,39.0,-44.0,14.0,23.0,9.0,0.010670248,0.010670248,69.0,107.0,38.0,0.0,0.0,0.0,0.3474557,0.5764126,0.22895691
918,66489,18.0,11.0,-7.0,25.0,11.0,-14.0,0.009064615,0.009064615,54.0,113.0,59.0,0.2,0.0,-0.2,0.02787641,0.06670356,0.038827147
919,66580,5.0,4.0,-1.0,1.0,1.0,0.0,0.0030049905,0.0030049905,945.0,987.0,42.0,0.2,0.4,0.2,-0.050941885,0.08514482,0.1360867
920,66643,2.0,6.0,4.0,2.0,2.0,0.0,0.0038277656,0.0038277656,1.0,1.0,0.0,0.2,0.2,0.0,0.44929624,0.03667928,-0.41261697
921,66773,1.0,2.0,1.0,1.0,1.0,0.0,0.0041229874,0.0041229874,312.0,329.0,17.0,0.0,0.0,0.0,-0.005065585,-0.059128564,-0.054062977
922,66836,1.0,1.0,0.0,1.0,1.0,0.0,0.0055737197,0.0055737197,1.0,1.0,0.0,0.2,0.2,0.0,0.5403112,0.57207024,0.031759024
923,66946,1.0,1.0,0.0,70.0,42.0,-28.0,0.013268784,0.013268784,394.0,487.0,93.0,0.0,0.0,0.0,0.49982557,-0.152803,-0.65262854
924,66976,3.0,27.0,24.0,1.0,1.0,0.0,-0.0006204061,-0.0006204061,177.0,166.0,-11.0,0.0,0.0,0.0,0.23778549,-0.13127227,-0.36905777
925,67045,1.0,1.0,0.0,1.0,1.0,0.0,0.01060706,0.01060706,45.0,13.0,-32.0,0.0,0.0,0.0,0.31337062,0.37743974,0.06406912
926,67113,2.0,1.0,-1.0,1.0,1.0,0.0,0.010874879,0.010874879,173.0,87.0,-86.0,0.0,0.0,0.0,0.5600989,0.5964319,0.036333025
927,67168,5.0,10.0,5.0,1.0,1.0,0.0,0.0027306303,0.0027306303,64.0,29.0,-35.0,0.0,0.0,0.0,0.039417036,0.034245465,-0.005171571
928,67204,6.0,5.0,-1.0,1.0,1.0,0.0,0.009370677,0.009370677,363.0,305.0,-58.0,0.2,0.2,0.0,0.06387231,0.1723231,0.108450785
929,67237,1.0,1.0,0.0,2.0,4.0,2.0,0.0014393888,0.0014393888,114.0,86.0,-28.0,0.0,0.2,0.2,0.06543448,-0.09407301,-0.15950748
930,67252,3.0,1.0,-2.0,10.0,2.0,-8.0,0.016258039,0.016258039,552.0,208.0,-344.0,0.0,0.0,0.0,-0.08627999,0.23649278,0.32277277
931,67295,23.0,16.0,-7.0,6.0,15.0,9.0,0.0069538504,0.0069538504,654.0,620.0,-34.0,0.0,0.0,0.0,-0.008027479,0.032489765,0.040517244
932,67363,2.0,2.0,0.0,1.0,1.0,0.0,0.0100988,0.0100988,726.0,750.0,24.0,0.0,0.0,0.0,0.0596948,-0.015447751,-0.07514255
933,67742,6.0,2.0,-4.0,1.0,1.0,0.0,0.011237964,0.011237964,296.0,432.0,136.0,0.0,0.0,0.0,0.05239855,0.07352804,0.021129485
934,67802,2.0,1.0,-1.0,4.0,1.0,-3.0,0.010530103,0.010530103,62.0,31.0,-31.0,0.0,0.0,0.0,0.19598383,0.16136327,-0.034620553
935,67829,23.0,22.0,-1.0,1.0,1.0,0.0,0.010360673,0.010360673,459.0,414.0,-45.0,0.0,0.0,0.0,0.35884157,0.18909046,-0.16975111
936,68023,209.0,173.0,-36.0,37.0,40.0,3.0,0.0108363405,0.0108363405,48.0,25.0,-23.0,0.0,0.0,0.0,0.6360372,0.71625084,0.080213666
937,68168,29.0,20.0,-9.0,3.0,1.0,-2.0,0.010901824,0.010901824,6.0,6.0,0.0,0.0,0.0,0.0,-0.06681814,-0.069048695,-0.0022305548
938,68278,4.0,4.0,0.0,1.0,1.0,0.0,0.005927056,0.005927056,146.0,187.0,41.0,0.0,0.0,0.0,0.13254659,0.090071015,-0.042475574
939,68311,1.0,1.0,0.0,1.0,1.0,0.0,0.00017395988,0.00017395988,546.0,664.0,118.0,0.0,0.0,0.0,-0.11329895,-0.03905072,0.07424823
940,68339,14.0,18.0,4.0,8.0,9.0,1.0,0.0055985376,0.0055985376,282.0,269.0,-13.0,0.0,0.0,0.0,-0.27623343,-0.24604553,0.030187905
941,68418,1.0,1.0,0.0,1.0,1.0,0.0,0.009967148,0.009967148,3.0,3.0,0.0,0.2,0.2,0.0,0.088905364,0.21968977,0.1307844
942,68471,1.0,1.0,0.0,1.0,1.0,0.0,0.010290239,0.010290239,59.0,57.0,-2.0,0.4,0.2,-0.2,0.03431171,-0.003348714,-0.037660427
943,68741,1.0,1.0,0.0,1.0,1.0,0.0,-0.00049767643,-0.00049767643,21.0,8.0,-13.0,0.0,0.0,0.0,0.54823667,0.5155119,-0.032724798
944,68814,1.0,1.0,0.0,1.0,1.0,0.0,0.0023725927,0.0023725927,95.0,120.0,25.0,0.0,0.0,0.0,0.0922934,0.13667317,0.04437977
945,68842,2.0,1.0,-1.0,1.0,1.0,0.0,0.009438172,0.009438172,48.0,33.0,-15.0,0.0,0.0,0.0,0.74274737,0.7087371,-0.03401029
946,68858,12.0,7.0,-5.0,7.0,4.0,-3.0,0.010160532,0.010160532,70.0,93.0,23.0,0.0,0.0,0.0,0.128515,0.24417111,0.11565611
947,68897,1.0,1.0,0.0,1.0,1.0,0.0,0.0040655807,0.0040655807,322.0,183.0,-139.0,0.0,0.0,0.0,0.007042298,0.07660587,0.069563575
948,69007,27.0,22.0,-5.0,11.0,28.0,17.0,0.00795491,0.00795491,272.0,147.0,-125.0,0.0,0.0,0.0,0.22946773,0.25713345,0.02766572
949,69025,21.0,7.0,-14.0,12.0,6.0,-6.0,0.012043577,0.012043577,1.0,1.0,0.0,0.2,0.2,0.0,0.29297167,0.2496596,-0.043312073
950,69030,373.0,593.0,220.0,265.0,298.0,33.0,0.0062600216,0.0062600216,879.0,846.0,-33.0,0.0,0.0,0.0,-0.21719053,-0.21136689,0.005823642
951,69130,1.0,1.0,0.0,1.0,1.0,0.0,0.006808553,0.006808553,190.0,135.0,-55.0,0.0,0.0,0.0,0.32002178,-0.06856776,-0.38858953
952,69214,1.0,1.0,0.0,1.0,1.0,0.0,0.0046482496,0.0046482496,40.0,10.0,-30.0,0.2,0.2,0.0,0.6105932,0.5308773,-0.07971591
953,69240,10.0,32.0,22.0,1.0,1.0,0.0,0.0020675398,0.0020675398,2.0,12.0,10.0,0.2,0.0,-0.2,0.66454756,0.64751565,-0.017031908
954,69442,1.0,4.0,3.0,2.0,2.0,0.0,-0.005957164,-0.005957164,28.0,57.0,29.0,0.0,0.0,0.0,-0.012986623,-0.08964537,-0.07665875
955,69502,9.0,7.0,-2.0,1.0,2.0,1.0,0.008477762,0.008477762,167.0,203.0,36.0,0.0,0.0,0.0,0.3464136,0.14259715,-0.20381646
956,69614,8.0,5.0,-3.0,2.0,1.0,-1.0,0.0143262595,0.0143262595,557.0,477.0,-80.0,0.0,0.0,0.0,0.23767777,0.11199231,-0.12568545
957,69616,279.0,283.0,4.0,306.0,189.0,-117.0,0.010703508,0.010703508,790.0,829.0,39.0,0.0,0.0,0.0,0.099206746,-0.0072474605,-0.10645421
958,69785,61.0,71.0,10.0,77.0,74.0,-3.0,0.0069966875,0.0069966875,99.0,51.0,-48.0,0.0,0.0,0.0,-0.015951551,0.08250074,0.09845229
959,69813,1.0,1.0,0.0,1.0,1.0,0.0,0.007839102,0.007839102,276.0,187.0,-89.0,0.0,0.0,0.0,0.3395287,0.163962,-0.1755667
960,69831,47.0,161.0,114.0,15.0,31.0,16.0,0.002172403,0.002172403,51.0,56.0,5.0,0.0,0.0,0.0,-0.055370234,-0.043954402,0.011415832
961,69839,155.0,207.0,52.0,17.0,29.0,12.0,0.008513929,0.008513929,127.0,109.0,-18.0,0.0,0.0,0.0,-0.019651935,-0.0069017913,0.012750143
962,69854,3.0,14.0,11.0,1.0,1.0,0.0,0.0019304305,0.0019304305,27.0,13.0,-14.0,0.0,0.0,0.0,-0.33140758,0.19092624,0.5223338
963,69918,4.0,2.0,-2.0,8.0,3.0,-5.0,0.01617435,0.01617435,33.0,31.0,-2.0,0.0,0.0,0.0,-0.14322992,-0.14881195,-0.0055820346
964,70038,9.0,27.0,18.0,22.0,22.0,0.0,0.0023613013,0.0023613013,332.0,249.0,-83.0,0.0,0.0,0.0,0.41729,0.47142404,0.05413404
965,70075,1.0,1.0,0.0,1.0,1.0,0.0,0.010937471,0.010937471,5.0,3.0,-2.0,0.4,0.4,0.0,0.23910892,0.21829249,-0.02081643
966,70095,3.0,2.0,-1.0,2.0,1.0,-1.0,0.003539484,0.003539484,189.0,316.0,127.0,0.0,0.0,0.0,0.20367543,0.26971775,0.06604232
967,70193,10.0,11.0,1.0,37.0,42.0,5.0,0.0073842555,0.0073842555,490.0,553.0,63.0,0.0,0.0,0.0,0.21011953,0.25014552,0.040025994
968,70232,8.0,5.0,-3.0,1.0,1.0,0.0,0.0071843155,0.0071843155,64.0,29.0,-35.0,0.0,0.0,0.0,0.03876093,0.26504,0.22627908
969,70335,1.0,1.0,0.0,1.0,1.0,0.0,0.008409068,0.008409068,181.0,171.0,-10.0,0.2,0.2,0.0,-0.020067295,0.17378438,0.19385166
970,70360,1.0,9.0,8.0,1.0,1.0,0.0,0.0038799867,0.0038799867,3.0,11.0,8.0,0.2,0.0,-0.2,0.5581916,0.5044272,-0.053764403
971,70368,8.0,9.0,1.0,2.0,2.0,0.0,0.009728387,0.009728387,38.0,52.0,14.0,0.0,0.0,0.0,0.005202399,0.05219298,0.04699058
972,70427,1.0,5.0,4.0,2.0,1.0,-1.0,0.0076541454,0.0076541454,99.0,145.0,46.0,0.0,0.0,0.0,0.39384994,0.4668009,0.07295096
973,70505,10.0,17.0,7.0,4.0,9.0,5.0,0.004560102,0.004560102,97.0,89.0,-8.0,0.4,0.2,-0.2,0.21956328,0.14905643,-0.07050684
974,70585,1.0,2.0,1.0,5.0,1.0,-4.0,0.0073253512,0.0073253512,160.0,148.0,-12.0,0.2,0.0,-0.2,0.14861602,0.21024773,0.06163171
975,70589,2.0,2.0,0.0,1.0,2.0,1.0,0.0039816163,0.0039816163,30.0,11.0,-19.0,0.0,0.0,0.0,0.38395274,0.25255644,-0.1313963
976,70671,13.0,2.0,-11.0,1.0,1.0,0.0,0.014591675,0.014591675,97.0,170.0,73.0,0.0,0.0,0.0,0.05488881,-0.053947233,-0.10883604
977,70758,1.0,2.0,1.0,3.0,1.0,-2.0,0.005781412,0.005781412,288.0,232.0,-56.0,0.0,0.0,0.0,0.3318288,0.26081106,-0.07101774
978,70764,1.0,1.0,0.0,1.0,1.0,0.0,0.0067208037,0.0067208037,25.0,42.0,17.0,0.0,0.0,0.0,0.5601196,0.63962424,0.07950461
979,70947,23.0,13.0,-10.0,2.0,1.0,-1.0,0.010619123,0.010619123,14.0,8.0,-6.0,0.0,0.0,0.0,0.019771503,0.024044186,0.0042726826
980,71025,15.0,32.0,17.0,17.0,13.0,-4.0,0.004127428,0.004127428,54.0,55.0,1.0,0.2,0.2,0.0,0.3691562,0.45546925,0.08631304
981,71186,8.0,3.0,-5.0,3.0,1.0,-2.0,0.012874793,0.012874793,62.0,68.0,6.0,0.0,0.0,0.0,0.33781317,0.3817687,0.043955535
982,71229,1.0,1.0,0.0,1.0,1.0,0.0,0.0012543797,0.0012543797,5.0,3.0,-2.0,0.6,0.6,0.0,0.3368495,0.25217232,-0.08467719
983,71232,1.0,1.0,0.0,1.0,1.0,0.0,0.010088209,0.010088209,1.0,1.0,0.0,0.2,0.2,0.0,0.03444143,0.14130414,0.10686271
984,71241,1.0,1.0,0.0,3.0,3.0,0.0,0.006878916,0.006878916,11.0,11.0,0.0,0.0,0.0,0.0,0.17788862,0.18600233,0.008113712
985,71410,2.0,2.0,0.0,4.0,4.0,0.0,0.00921838,0.00921838,73.0,63.0,-10.0,0.0,0.0,0.0,0.10471321,0.08217259,-0.022540621
986,71450,1.0,1.0,0.0,1.0,1.0,0.0,-0.0034708753,-0.0034708753,328.0,276.0,-52.0,0.0,0.0,0.0,0.16230725,0.15954459,-0.0027626604
987,71753,1.0,1.0,0.0,1.0,1.0,0.0,0.0047220923,0.0047220923,103.0,35.0,-68.0,0.0,0.0,0.0,0.20790458,0.15622644,-0.051678136
988,71894,6.0,13.0,7.0,4.0,3.0,-1.0,0.006869789,0.006869789,162.0,255.0,93.0,0.0,0.0,0.0,0.33263907,0.48172957,0.1490905
989,71928,16.0,45.0,29.0,1.0,2.0,1.0,0.0026922934,0.0026922934,8.0,10.0,2.0,0.0,0.0,0.0,0.11415813,0.14102869,0.026870556
990,72015,1.0,1.0,0.0,1.0,1.0,0.0,0.0027380213,0.0027380213,398.0,409.0,11.0,0.0,0.0,0.0,0.55202705,0.4631637,-0.08886334
991,72080,1.0,1.0,0.0,1.0,1.0,0.0,0.0046500675,0.0046500675,65.0,49.0,-16.0,0.0,0.0,0.0,0.3569137,0.31022137,-0.04669231
992,72170,2.0,6.0,4.0,1.0,1.0,0.0,-0.00028912723,-0.00028912723,163.0,269.0,106.0,0.0,0.0,0.0,-0.024278322,0.04429858,0.0685769
993,72209,2.0,8.0,6.0,1.0,1.0,0.0,-0.0005698055,-0.0005698055,111.0,133.0,22.0,0.0,0.0,0.0,0.15491338,0.24040665,0.08549327
994,72257,20.0,72.0,52.0,2.0,2.0,0.0,0.0017046519,0.0017046519,219.0,164.0,-55.0,0.0,0.0,0.0,0.21059754,0.36364007,0.15304253
995,72312,1.0,1.0,0.0,1.0,1.0,0.0,0.0077116787,0.0077116787,171.0,171.0,0.0,0.0,0.0,0.0,-0.16852619,-0.1900235,-0.02149731
996,72510,64.0,26.0,-38.0,12.0,8.0,-4.0,0.012041856,0.012041856,182.0,134.0,-48.0,0.2,0.2,0.0,0.87152517,0.7476158,-0.123909354
997,72605,1.0,1.0,0.0,1.0,1.0,0.0,0.0077960044,0.0077960044,55.0,43.0,-12.0,0.2,0.2,0.0,0.50161046,0.6525679,0.15095747
998,72719,1.0,3.0,2.0,1.0,2.0,1.0,0.0039967783,0.0039967783,361.0,390.0,29.0,0.0,0.0,0.0,0.54510725,0.4925563,-0.05255094
999,72948,15.0,23.0,8.0,25.0,13.0,-12.0,0.0087516345,0.0087516345,137.0,94.0,-43.0,0.0,0.0,0.0,0.27825207,0.094393365,-0.1838587
