eval_index,nsd_image_id,image_rank_topo0,image_rank_topo_low,image_rank_delta_low_minus_zero,brain_rank_topo0,brain_rank_topo_low,brain_rank_delta_low_minus_zero,image_score_delta_low_minus_zero,brain_score_delta_low_minus_zero,teacher_top1_rank_topo0,teacher_top1_rank_topo_low,teacher_top1_rank_delta_low_minus_zero,teacher_neighbor_overlap5_topo0,teacher_neighbor_overlap5_topo_low,teacher_neighbor_overlap5_delta_low_minus_zero,pixcorr_topo0,pixcorr_topo_low,pixcorr_delta_low_minus_zero
0,2950,2.0,20.0,18.0,2.0,5.0,3.0,-0.0014680885,-0.0014680885,2.0,2.0,0.0,0.2,0.4,0.2,0.15312518,0.17008674,0.01696156
1,2990,2.0,6.0,4.0,1.0,1.0,0.0,0.0039513223,0.0039513223,120.0,242.0,122.0,0.0,0.0,0.0,0.2015752,0.11111161,-0.09046359
2,3049,4.0,1.0,-3.0,4.0,2.0,-2.0,0.021779757,0.021779757,1.0,1.0,0.0,0.2,0.2,0.0,0.09571923,0.08006999,-0.015649244
3,3077,19.0,21.0,2.0,24.0,4.0,-20.0,0.0128271505,0.0128271505,929.0,903.0,-26.0,0.0,0.0,0.0,0.1309542,0.24698626,0.11603205
4,3146,9.0,2.0,-7.0,33.0,16.0,-17.0,0.014723271,0.014723271,231.0,154.0,-77.0,0.0,0.0,0.0,0.34838814,0.351932,0.0035438538
5,3157,2.0,2.0,0.0,9.0,13.0,4.0,0.005105857,0.005105857,34.0,37.0,3.0,0.4,0.4,0.0,0.013527896,0.126904,0.113376096
6,3164,92.0,118.0,26.0,26.0,40.0,14.0,0.0059531145,0.0059531145,61.0,99.0,38.0,0.0,0.0,0.0,0.15567607,0.20760791,0.051931843
7,3171,153.0,118.0,-35.0,16.0,11.0,-5.0,0.013472429,0.013472429,57.0,52.0,-5.0,0.2,0.2,0.0,0.599843,0.6742675,0.074424446
8,3181,1.0,1.0,0.0,1.0,1.0,0.0,0.00112978,0.00112978,21.0,14.0,-7.0,0.0,0.2,0.2,-0.06371621,-0.027224673,0.036491536
9,3386,43.0,23.0,-20.0,43.0,53.0,10.0,0.010568518,0.010568518,18.0,35.0,17.0,0.0,0.0,0.0,-0.0034902804,-0.055397887,-0.051907606
10,3434,3.0,2.0,-1.0,1.0,2.0,1.0,0.008617915,0.008617915,1.0,1.0,0.0,0.4,0.6,0.20000002,0.58445364,0.40727776,-0.17717588
11,3449,1.0,1.0,0.0,1.0,1.0,0.0,0.003098078,0.003098078,38.0,71.0,33.0,0.0,0.0,0.0,0.2044595,0.20888188,0.0044223815
12,3489,7.0,9.0,2.0,14.0,9.0,-5.0,0.008558538,0.008558538,5.0,7.0,2.0,0.2,0.2,0.0,0.4293116,0.2909538,-0.13835782
13,3626,4.0,5.0,1.0,1.0,1.0,0.0,0.0019886196,0.0019886196,13.0,6.0,-7.0,0.0,0.0,0.0,0.18998164,0.16734679,-0.022634849
14,3682,2.0,6.0,4.0,1.0,1.0,0.0,0.006092068,0.006092068,5.0,3.0,-2.0,0.4,0.4,0.0,0.87806684,0.87834764,0.00028079748
15,3687,1.0,1.0,0.0,1.0,1.0,0.0,0.007890012,0.007890012,54.0,55.0,1.0,0.0,0.0,0.0,0.5136701,0.46488973,-0.048780352
16,3729,2.0,4.0,2.0,1.0,1.0,0.0,0.00133387,0.00133387,1.0,1.0,0.0,0.2,0.2,0.0,-0.0050126975,-0.068403095,-0.0633904
17,3809,17.0,8.0,-9.0,27.0,36.0,9.0,0.013383951,0.013383951,41.0,54.0,13.0,0.0,0.0,0.0,0.39069656,0.34332308,-0.047373474
18,3842,11.0,62.0,51.0,15.0,18.0,3.0,-0.00029002875,-0.00029002875,101.0,100.0,-1.0,0.0,0.0,0.0,0.010010242,0.054364104,0.04435386
19,3847,2.0,1.0,-1.0,4.0,4.0,0.0,0.003295485,0.003295485,2.0,4.0,2.0,0.2,0.2,0.0,0.35482648,0.351536,-0.0032904744
20,3856,6.0,2.0,-4.0,5.0,3.0,-2.0,0.0071220286,0.0071220286,51.0,80.0,29.0,0.0,0.0,0.0,0.13067338,0.17049994,0.039826557
21,3913,1.0,1.0,0.0,1.0,2.0,1.0,0.003210079,0.003210079,3.0,4.0,1.0,0.4,0.4,0.0,0.11359345,-0.19315654,-0.30675
22,3951,2.0,1.0,-1.0,1.0,1.0,0.0,0.009900149,0.009900149,1.0,1.0,0.0,0.6,0.6,0.0,0.56529963,0.61727977,0.051980138
23,4051,58.0,24.0,-34.0,19.0,5.0,-14.0,0.013418756,0.013418756,106.0,84.0,-22.0,0.0,0.0,0.0,0.15084365,0.0524914,-0.09835225
24,4058,2.0,1.0,-1.0,1.0,1.0,0.0,0.008765638,0.008765638,5.0,7.0,2.0,0.2,0.2,0.0,0.40413022,0.44598815,0.041857928
25,4129,4.0,3.0,-1.0,1.0,1.0,0.0,0.007808868,0.007808868,545.0,603.0,58.0,0.0,0.0,0.0,0.012373052,0.08541018,0.073037125
26,4156,2.0,3.0,1.0,1.0,1.0,0.0,0.01046839,0.01046839,147.0,109.0,-38.0,0.0,0.0,0.0,-0.023965385,0.14202425,0.16598964
27,4249,1.0,1.0,0.0,1.0,1.0,0.0,0.0020192116,0.0020192116,4.0,3.0,-1.0,0.4,0.4,0.0,-0.098038964,0.41303998,0.51107895
28,4325,1.0,1.0,0.0,1.0,1.0,0.0,0.009695888,0.009695888,89.0,194.0,105.0,0.2,0.2,0.0,0.16865522,0.18093996,0.012284741
29,4423,19.0,45.0,26.0,8.0,10.0,2.0,0.0029386245,0.0029386245,137.0,151.0,14.0,0.0,0.0,0.0,-0.035562895,-0.00808428,0.027478615
30,4436,7.0,10.0,3.0,1.0,1.0,0.0,0.0072869025,0.0072869025,37.0,51.0,14.0,0.0,0.0,0.0,0.057565108,-0.30598947,-0.3635546
31,4612,3.0,2.0,-1.0,1.0,1.0,0.0,0.0031510592,0.0031510592,198.0,237.0,39.0,0.0,0.0,0.0,0.24514155,0.049311765,-0.19582978
32,4667,1.0,6.0,5.0,4.0,7.0,3.0,0.004572775,0.004572775,83.0,54.0,-29.0,0.0,0.0,0.0,0.1478462,0.03959256,-0.10825364
33,4690,4.0,15.0,11.0,1.0,1.0,0.0,0.0031481609,0.0031481609,297.0,239.0,-58.0,0.0,0.2,0.2,0.15724175,0.095851935,-0.06138981
34,4768,30.0,41.0,11.0,1.0,1.0,0.0,0.008551793,0.008551793,104.0,93.0,-11.0,0.0,0.0,0.0,0.23071134,0.13828611,-0.09242523
35,4786,9.0,5.0,-4.0,31.0,18.0,-13.0,0.015763238,0.015763238,190.0,113.0,-77.0,0.0,0.0,0.0,0.4166008,0.5502701,0.13366929
36,4835,3.0,6.0,3.0,7.0,8.0,1.0,0.003025476,0.003025476,25.0,23.0,-2.0,0.0,0.0,0.0,0.59335744,0.58793473,-0.0054227114
37,4869,2.0,2.0,0.0,1.0,3.0,2.0,0.006042078,0.006042078,2.0,2.0,0.0,0.2,0.2,0.0,0.49266863,0.5454399,0.05277127
38,4892,11.0,2.0,-9.0,1.0,1.0,0.0,0.014936704,0.014936704,200.0,166.0,-34.0,0.0,0.0,0.0,0.42370248,0.5065587,0.08285624
39,4930,1.0,1.0,0.0,1.0,1.0,0.0,0.0031631738,0.0031631738,18.0,26.0,8.0,0.0,0.0,0.0,0.6589708,0.706705,0.0477342
40,5034,2.0,5.0,3.0,1.0,1.0,0.0,0.009962175,0.009962175,283.0,264.0,-19.0,0.0,0.0,0.0,0.30353743,0.24395953,-0.059577897
41,5106,8.0,3.0,-5.0,5.0,1.0,-4.0,0.015661687,0.015661687,1.0,1.0,0.0,0.2,0.2,0.0,0.0010597641,0.2868725,0.28581274
42,5204,17.0,17.0,0.0,21.0,31.0,10.0,0.010483323,0.010483323,185.0,189.0,4.0,0.0,0.0,0.0,0.46028224,0.6400729,0.17979065
43,5285,2.0,2.0,0.0,7.0,8.0,1.0,0.00324874,0.00324874,1.0,1.0,0.0,0.4,0.4,0.0,-0.074096866,-0.010002991,0.06409387
44,5301,1.0,1.0,0.0,2.0,4.0,2.0,0.0022823326,0.0022823326,27.0,13.0,-14.0,0.0,0.0,0.0,-0.14913908,0.25339463,0.4025337
45,5338,2.0,2.0,0.0,1.0,1.0,0.0,0.007360477,0.007360477,1.0,2.0,1.0,0.2,0.2,0.0,0.71570563,0.7010531,-0.01465255
46,5427,1.0,1.0,0.0,1.0,1.0,0.0,0.010864332,0.010864332,4.0,5.0,1.0,0.4,0.4,0.0,0.15983847,0.24860069,0.08876222
47,5459,1.0,2.0,1.0,1.0,2.0,1.0,0.009262107,0.009262107,50.0,52.0,2.0,0.0,0.0,0.0,0.0040733716,0.08077217,0.076698795
48,5502,1.0,1.0,0.0,1.0,1.0,0.0,0.009550415,0.009550415,162.0,124.0,-38.0,0.0,0.0,0.0,0.11589773,0.27783993,0.1619422
49,5542,1.0,1.0,0.0,1.0,1.0,0.0,0.008346252,0.008346252,73.0,166.0,93.0,0.2,0.2,0.0,0.48242518,0.48014033,-0.0022848547
50,5574,1.0,7.0,6.0,6.0,4.0,-2.0,0.0020812526,0.0020812526,189.0,53.0,-136.0,0.0,0.0,0.0,0.21765205,0.1463073,-0.07134475
51,5583,291.0,335.0,44.0,149.0,106.0,-43.0,0.009922383,0.009922383,130.0,138.0,8.0,0.0,0.0,0.0,0.5309551,0.52816796,-0.0027871132
52,5602,6.0,15.0,9.0,59.0,162.0,103.0,0.0027084071,0.0027084071,209.0,379.0,170.0,0.0,0.0,0.0,0.22060224,0.08387955,-0.13672268
53,5714,1.0,1.0,0.0,2.0,2.0,0.0,0.01674183,0.01674183,89.0,53.0,-36.0,0.0,0.0,0.0,0.241689,0.40021065,0.15852165
54,5878,1.0,1.0,0.0,5.0,4.0,-1.0,0.011259977,0.011259977,68.0,58.0,-10.0,0.2,0.0,-0.2,0.09302318,-0.27776346,-0.37078664
55,5890,10.0,9.0,-1.0,1.0,1.0,0.0,0.007972848,0.007972848,219.0,120.0,-99.0,0.0,0.0,0.0,0.4272867,0.22247179,-0.20481493
56,6132,3.0,4.0,1.0,3.0,2.0,-1.0,0.0073077306,0.0073077306,571.0,559.0,-12.0,0.0,0.0,0.0,0.38519928,0.34463578,-0.040563494
57,6199,1.0,3.0,2.0,16.0,23.0,7.0,0.0069885403,0.0069885403,202.0,158.0,-44.0,0.0,0.0,0.0,0.6230394,0.69058394,0.06754452
58,6222,7.0,4.0,-3.0,1.0,1.0,0.0,0.009093929,0.009093929,259.0,334.0,75.0,0.0,0.0,0.0,0.14977475,0.07985246,-0.06992228
59,6431,9.0,2.0,-7.0,1.0,1.0,0.0,0.015284762,0.015284762,196.0,129.0,-67.0,0.0,0.0,0.0,0.0012431364,-0.013811519,-0.015054656
60,6444,1.0,2.0,1.0,1.0,1.0,0.0,0.0034776665,0.0034776665,17.0,10.0,-7.0,0.0,0.0,0.0,0.47727022,0.43600902,-0.041261196
61,6489,1.0,2.0,1.0,1.0,1.0,0.0,0.005652573,0.005652573,55.0,63.0,8.0,0.0,0.0,0.0,0.2872711,0.3847073,0.09743619
62,6514,85.0,51.0,-34.0,7.0,5.0,-2.0,0.012651121,0.012651121,8.0,6.0,-2.0,0.2,0.2,0.0,-0.09375015,-0.045954794,0.047795355
63,6521,3.0,3.0,0.0,1.0,1.0,0.0,0.0014969148,0.0014969148,9.0,7.0,-2.0,0.0,0.2,0.2,0.12986203,0.060862564,-0.06899946
64,6524,4.0,5.0,1.0,13.0,7.0,-6.0,0.0122743845,0.0122743845,36.0,53.0,17.0,0.2,0.2,0.0,0.500018,0.27511436,-0.22490364
65,6558,1.0,1.0,0.0,2.0,2.0,0.0,0.0030769147,0.0030769147,496.0,552.0,56.0,0.0,0.0,0.0,0.4178859,0.36453405,-0.05335185
66,6640,2.0,2.0,0.0,1.0,1.0,0.0,0.008499738,0.008499738,12.0,15.0,3.0,0.0,0.2,0.2,0.06738204,-0.012019855,-0.079401895
67,6713,1.0,1.0,0.0,1.0,1.0,0.0,0.00838488,0.00838488,191.0,385.0,194.0,0.0,0.0,0.0,0.5421931,0.4040912,-0.1381019
68,6801,15.0,27.0,12.0,4.0,7.0,3.0,0.0054072775,0.0054072775,137.0,101.0,-36.0,0.0,0.0,0.0,0.48139232,0.42679986,-0.05459246
69,7007,3.0,2.0,-1.0,1.0,1.0,0.0,0.011909708,0.011909708,10.0,8.0,-2.0,0.0,0.0,0.0,0.49438232,0.48822844,-0.0061538815
70,7039,1.0,1.0,0.0,1.0,2.0,1.0,0.004347801,0.004347801,279.0,280.0,1.0,0.2,0.4,0.2,-0.018447287,0.39279243,0.4112397
71,7120,1.0,1.0,0.0,1.0,1.0,0.0,0.008473344,0.008473344,264.0,265.0,1.0,0.0,0.0,0.0,0.19719248,0.16750091,-0.029691562
72,7207,5.0,4.0,-1.0,2.0,5.0,3.0,0.0047022887,0.0047022887,34.0,29.0,-5.0,0.0,0.0,0.0,-0.106323026,-0.17813212,-0.07180909
73,7336,5.0,3.0,-2.0,2.0,1.0,-1.0,0.007473178,0.007473178,22.0,18.0,-4.0,0.2,0.2,0.0,0.08427534,-0.09584584,-0.18012118
74,7366,1.0,2.0,1.0,1.0,1.0,0.0,0.0046157427,0.0046157427,5.0,4.0,-1.0,0.2,0.4,0.2,0.053804155,0.7586162,0.70481205
75,7409,5.0,5.0,0.0,2.0,2.0,0.0,0.0064082965,0.0064082965,17.0,9.0,-8.0,0.2,0.2,0.0,0.21640293,0.32926944,0.112866506
76,7418,1.0,1.0,0.0,1.0,1.0,0.0,0.00426564,0.00426564,127.0,178.0,51.0,0.0,0.2,0.2,-0.14060216,-0.19673271,-0.05613056
77,7480,1.0,3.0,2.0,1.0,1.0,0.0,0.0072014146,0.0072014146,69.0,41.0,-28.0,0.0,0.2,0.2,0.031709872,0.21303491,0.18132505
78,7654,1.0,1.0,0.0,2.0,2.0,0.0,0.007502172,0.007502172,105.0,75.0,-30.0,0.0,0.0,0.0,0.11523868,0.4400753,0.3248366
79,7659,1.0,1.0,0.0,2.0,2.0,0.0,0.010599982,0.010599982,42.0,79.0,37.0,0.0,0.0,0.0,0.44818607,0.42805073,-0.020135343
80,7840,3.0,30.0,27.0,3.0,8.0,5.0,-0.0067249127,-0.0067249127,266.0,174.0,-92.0,0.2,0.2,0.0,0.38247338,0.32089907,-0.06157431
81,7859,26.0,22.0,-4.0,1.0,1.0,0.0,0.008791372,0.008791372,77.0,55.0,-22.0,0.0,0.0,0.0,0.09556703,0.09058032,-0.004986711
82,7944,1.0,1.0,0.0,1.0,1.0,0.0,0.007614035,0.007614035,107.0,107.0,0.0,0.0,0.0,0.0,0.019879792,0.18179737,0.16191758
83,7948,14.0,2.0,-12.0,5.0,1.0,-4.0,0.015746009,0.015746009,799.0,692.0,-107.0,0.0,0.0,0.0,-0.013501141,-0.016078966,-0.0025778245
84,7954,234.0,308.0,74.0,172.0,88.0,-84.0,0.010874515,0.010874515,1.0,2.0,1.0,0.4,0.4,0.0,0.39378068,0.6628405,0.2690598
85,8006,1.0,1.0,0.0,1.0,2.0,1.0,0.015171152,0.015171152,24.0,31.0,7.0,0.4,0.2,-0.2,0.016949419,0.0526292,0.03567978
86,8109,14.0,4.0,-10.0,71.0,18.0,-53.0,0.020315023,0.020315023,341.0,289.0,-52.0,0.0,0.0,0.0,0.06925601,0.062397465,-0.0068585426
87,8204,58.0,43.0,-15.0,6.0,10.0,4.0,0.008320965,0.008320965,159.0,137.0,-22.0,0.0,0.0,0.0,0.0047800187,0.00045075998,-0.0043292586
88,8225,68.0,47.0,-21.0,53.0,25.0,-28.0,0.013753913,0.013753913,53.0,82.0,29.0,0.0,0.2,0.2,0.50149804,0.4519505,-0.049547553
89,8262,16.0,14.0,-2.0,7.0,5.0,-2.0,0.011060929,0.011060929,492.0,495.0,3.0,0.0,0.0,0.0,-0.024447698,0.12365959,0.14810729
90,8274,1.0,1.0,0.0,1.0,1.0,0.0,0.010116037,0.010116037,143.0,73.0,-70.0,0.2,0.2,0.0,0.75952876,0.766095,0.0065662265
91,8318,1.0,2.0,1.0,2.0,4.0,2.0,-0.002093453,-0.002093453,11.0,15.0,4.0,0.0,0.0,0.0,0.24041547,0.37067202,0.13025655
92,8387,4.0,4.0,0.0,2.0,2.0,0.0,0.00987434,0.00987434,70.0,129.0,59.0,0.0,0.0,0.0,0.22588755,-0.0057386826,-0.23162623
93,8394,3.0,5.0,2.0,59.0,53.0,-6.0,0.008054918,0.008054918,8.0,26.0,18.0,0.0,0.0,0.0,-0.049393516,-0.10165516,-0.052261647
94,8415,1.0,2.0,1.0,1.0,1.0,0.0,0.0006682761,0.0006682761,2.0,2.0,0.0,0.4,0.6,0.20000002,-0.027208744,0.52599204,0.5532008
95,8435,1.0,1.0,0.0,1.0,1.0,0.0,0.011222843,0.011222843,2.0,2.0,0.0,0.2,0.2,0.0,-0.08727225,0.025213514,0.11248577
96,8465,6.0,9.0,3.0,5.0,7.0,2.0,0.011012115,0.011012115,1.0,1.0,0.0,0.2,0.2,0.0,-0.2831435,-0.17062785,0.11251564
97,8509,10.0,9.0,-1.0,1.0,1.0,0.0,0.011317376,0.011317376,2.0,4.0,2.0,0.2,0.2,0.0,0.28979346,0.13737509,-0.15241838
98,8631,1.0,1.0,0.0,1.0,1.0,0.0,-0.0022231601,-0.0022231601,11.0,10.0,-1.0,0.0,0.0,0.0,0.5086355,0.5232563,0.014620781
99,8646,6.0,4.0,-2.0,1.0,1.0,0.0,0.008121904,0.008121904,206.0,134.0,-72.0,0.2,0.2,0.0,0.102267385,0.08853877,-0.013728611
100,8807,4.0,5.0,1.0,19.0,24.0,5.0,0.006167941,0.006167941,45.0,69.0,24.0,0.0,0.0,0.0,-0.13780382,-0.2468405,-0.109036684
101,8843,91.0,33.0,-58.0,2.0,6.0,4.0,0.013575196,0.013575196,195.0,130.0,-65.0,0.0,0.0,0.0,-0.068017334,-0.051018532,0.016998801
102,8925,1.0,1.0,0.0,1.0,1.0,0.0,0.009339217,0.009339217,199.0,186.0,-13.0,0.0,0.0,0.0,0.29549903,0.46410695,0.16860792
103,8933,3.0,5.0,2.0,2.0,1.0,-1.0,0.006622672,0.006622672,14.0,7.0,-7.0,0.2,0.0,-0.2,-0.034280814,0.04353831,0.077819124
104,9027,34.0,29.0,-5.0,26.0,2.0,-24.0,0.012368614,0.012368614,504.0,302.0,-202.0,0.0,0.0,0.0,-0.17915912,-0.27844748,-0.09928836
105,9048,4.0,2.0,-2.0,1.0,1.0,0.0,0.0074235722,0.0074235722,50.0,77.0,27.0,0.0,0.0,0.0,0.10076526,0.17071234,0.06994708
106,9147,1.0,1.0,0.0,1.0,1.0,0.0,0.011136971,0.011136971,720.0,620.0,-100.0,0.2,0.0,-0.2,-0.034003064,-0.27417713,-0.24017407
107,9230,1.0,1.0,0.0,1.0,1.0,0.0,0.0046308264,0.0046308264,34.0,32.0,-2.0,0.0,0.0,0.0,0.7148286,0.58198816,-0.13284045
108,9434,1.0,12.0,11.0,2.0,3.0,1.0,-0.0005571097,-0.0005571097,607.0,461.0,-146.0,0.0,0.0,0.0,0.3547223,0.351976,-0.002746284
109,9462,1.0,1.0,0.0,1.0,1.0,0.0,0.0056147464,0.0056147464,49.0,65.0,16.0,0.0,0.0,0.0,-0.11627965,-0.08818106,0.028098583
110,9680,5.0,10.0,5.0,3.0,2.0,-1.0,0.006076321,0.006076321,45.0,51.0,6.0,0.0,0.0,0.0,-0.19936328,-0.221668,-0.022304729
111,9722,2.0,2.0,0.0,1.0,1.0,0.0,0.0062740594,0.0062740594,37.0,30.0,-7.0,0.2,0.2,0.0,0.030274281,0.08163837,0.051364094
112,9804,6.0,24.0,18.0,1.0,1.0,0.0,0.0032728128,0.0032728128,276.0,160.0,-116.0,0.0,0.0,0.0,-0.07265173,-0.14662564,-0.07397391
113,9847,10.0,9.0,-1.0,2.0,1.0,-1.0,0.013884798,0.013884798,10.0,10.0,0.0,0.2,0.2,0.0,-0.24167651,-0.07375648,0.16792002
114,9865,10.0,8.0,-2.0,2.0,2.0,0.0,0.008878406,0.008878406,3.0,2.0,-1.0,0.4,0.4,0.0,0.19786894,0.122978576,-0.07489037
115,9917,2.0,2.0,0.0,5.0,6.0,1.0,0.008667957,0.008667957,34.0,27.0,-7.0,0.4,0.4,0.0,0.6937259,0.7964251,0.10269922
116,9978,187.0,161.0,-26.0,136.0,135.0,-1.0,0.014320468,0.014320468,647.0,548.0,-99.0,0.0,0.0,0.0,0.18852863,0.12213678,-0.06639185
117,10006,2.0,1.0,-1.0,1.0,2.0,1.0,0.010521386,0.010521386,109.0,190.0,81.0,0.0,0.0,0.0,0.5136702,0.4675279,-0.04614231
118,10046,1.0,2.0,1.0,1.0,1.0,0.0,0.0051812977,0.0051812977,1.0,2.0,1.0,0.2,0.4,0.2,0.037485432,-0.22037566,-0.25786108
119,10064,8.0,10.0,2.0,2.0,3.0,1.0,0.00067626685,0.00067626685,4.0,4.0,0.0,0.2,0.2,0.0,-0.095259815,0.0010840144,0.09634383
120,10105,40.0,90.0,50.0,15.0,19.0,4.0,0.0055290125,0.0055290125,2.0,5.0,3.0,0.4,0.4,0.0,0.64700264,0.68470794,0.037705302
121,10107,6.0,1.0,-5.0,7.0,5.0,-2.0,0.01096195,0.01096195,8.0,7.0,-1.0,0.0,0.0,0.0,0.10161698,0.03461152,-0.067005455
122,10244,3.0,6.0,3.0,3.0,3.0,0.0,0.011745445,0.011745445,17.0,20.0,3.0,0.0,0.0,0.0,0.116709046,0.2261475,0.10943846
123,10393,7.0,6.0,-1.0,7.0,11.0,4.0,0.0077822767,0.0077822767,58.0,43.0,-15.0,0.0,0.0,0.0,-0.056745593,-0.067557685,-0.010812093
124,10471,734.0,449.0,-285.0,382.0,293.0,-89.0,0.022079363,0.022079363,901.0,840.0,-61.0,0.0,0.0,0.0,0.044819243,0.0747349,0.029915653
125,10507,1.0,2.0,1.0,3.0,5.0,2.0,-0.0020239912,-0.0020239912,8.0,6.0,-2.0,0.2,0.2,0.0,0.17352816,0.15093264,-0.022595525
126,10586,40.0,61.0,21.0,3.0,3.0,0.0,0.005575273,0.005575273,27.0,31.0,4.0,0.2,0.0,-0.2,0.5052264,0.47654238,-0.02868399
127,10600,1.0,1.0,0.0,2.0,3.0,1.0,0.0019839332,0.0019839332,6.0,13.0,7.0,0.0,0.0,0.0,0.2383843,0.3623386,0.123954296
128,10610,3.0,3.0,0.0,1.0,1.0,0.0,0.009190556,0.009190556,89.0,157.0,68.0,0.0,0.0,0.0,-0.109903365,-0.1616718,-0.051768437
129,10907,1.0,1.0,0.0,1.0,1.0,0.0,0.010359235,0.010359235,66.0,105.0,39.0,0.2,0.2,0.0,0.4785006,0.48647967,0.007979065
130,11159,2.0,1.0,-1.0,2.0,1.0,-1.0,0.0073662736,0.0073662736,2.0,1.0,-1.0,0.2,0.2,0.0,0.26384336,0.4373318,0.17348844
131,11333,1.0,1.0,0.0,1.0,1.0,0.0,0.011637591,0.011637591,47.0,31.0,-16.0,0.0,0.0,0.0,-0.037677735,-0.11655581,-0.078878075
132,11487,1.0,1.0,0.0,2.0,3.0,1.0,0.0054506026,0.0054506026,18.0,11.0,-7.0,0.0,0.0,0.0,-0.07061597,-0.06468114,0.005934827
133,11521,20.0,41.0,21.0,14.0,33.0,19.0,0.004471941,0.004471941,2.0,1.0,-1.0,0.2,0.2,0.0,-0.018308379,-0.082304575,-0.063996196
134,11566,1.0,1.0,0.0,1.0,1.0,0.0,0.015439101,0.015439101,80.0,71.0,-9.0,0.2,0.2,0.0,0.7510713,0.7170638,-0.03400749
135,11617,1.0,1.0,0.0,1.0,1.0,0.0,0.0023415796,0.0023415796,59.0,61.0,2.0,0.0,0.0,0.0,0.25721678,0.17358921,-0.08362757
136,11635,26.0,112.0,86.0,41.0,108.0,67.0,-0.00079379976,-0.00079379976,737.0,774.0,37.0,0.0,0.0,0.0,0.46164012,0.42877325,-0.032866865
137,11689,2.0,1.0,-1.0,4.0,6.0,2.0,0.016717197,0.016717197,604.0,532.0,-72.0,0.2,0.2,0.0,0.4151522,0.31349906,-0.10165313
138,11725,12.0,5.0,-7.0,1.0,1.0,0.0,0.020163909,0.020163909,270.0,211.0,-59.0,0.0,0.0,0.0,0.16760379,0.16681081,-0.0007929802
139,11796,8.0,24.0,16.0,7.0,2.0,-5.0,0.008113377,0.008113377,50.0,42.0,-8.0,0.0,0.0,0.0,0.15286298,0.3019062,0.14904322
140,11827,32.0,26.0,-6.0,24.0,32.0,8.0,0.010240637,0.010240637,22.0,27.0,5.0,0.2,0.0,-0.2,0.08209162,0.13958345,0.05749183
141,11837,1.0,1.0,0.0,1.0,1.0,0.0,0.006466396,0.006466396,26.0,22.0,-4.0,0.0,0.0,0.0,0.37811217,0.3562657,-0.021846473
142,11844,1.0,1.0,0.0,1.0,1.0,0.0,0.004933659,0.004933659,252.0,181.0,-71.0,0.0,0.0,0.0,-0.011072496,0.22678816,0.23786066
143,11932,9.0,15.0,6.0,14.0,9.0,-5.0,0.008448392,0.008448392,124.0,59.0,-65.0,0.0,0.0,0.0,0.021894123,0.03563086,0.013736736
144,11942,5.0,11.0,6.0,4.0,4.0,0.0,0.008956822,0.008956822,153.0,150.0,-3.0,0.0,0.0,0.0,-0.110274024,-0.1839446,-0.07367057
145,11952,163.0,301.0,138.0,40.0,38.0,-2.0,0.0030781701,0.0030781701,176.0,193.0,17.0,0.0,0.0,0.0,-0.38898522,-0.48028767,-0.091302454
146,12065,1.0,1.0,0.0,1.0,1.0,0.0,0.007878989,0.007878989,156.0,81.0,-75.0,0.0,0.0,0.0,0.33457813,0.10795332,-0.22662482
147,12075,30.0,27.0,-3.0,18.0,16.0,-2.0,0.014165906,0.014165906,1.0,3.0,2.0,0.2,0.4,0.2,0.43353513,0.32759148,-0.10594365
148,12214,1.0,1.0,0.0,1.0,1.0,0.0,0.008028153,0.008028153,171.0,126.0,-45.0,0.4,0.4,0.0,0.2972334,0.35543236,0.05819896
149,12308,1.0,4.0,3.0,1.0,1.0,0.0,0.0005796701,0.0005796701,10.0,6.0,-4.0,0.0,0.0,0.0,0.19479118,0.022829602,-0.17196158
150,12487,19.0,27.0,8.0,14.0,27.0,13.0,0.008405959,0.008405959,8.0,6.0,-2.0,0.4,0.4,0.0,0.23804499,0.39622074,0.15817575
151,12495,3.0,8.0,5.0,1.0,1.0,0.0,0.010710765,0.010710765,3.0,1.0,-2.0,0.4,0.4,0.0,0.08367344,0.2205002,0.13682675
152,12634,1.0,1.0,0.0,1.0,1.0,0.0,0.010184411,0.010184411,21.0,14.0,-7.0,0.0,0.0,0.0,0.29391977,0.3603955,0.06647572
153,12685,48.0,105.0,57.0,57.0,51.0,-6.0,0.003247233,0.003247233,395.0,398.0,3.0,0.6,0.6,0.0,-0.29368776,-0.35639575,-0.06270799
154,12796,3.0,1.0,-2.0,1.0,1.0,0.0,0.018218007,0.018218007,10.0,12.0,2.0,0.0,0.0,0.0,0.056430396,0.11992797,0.06349757
155,12798,20.0,4.0,-16.0,4.0,2.0,-2.0,0.013326541,0.013326541,59.0,66.0,7.0,0.0,0.0,0.0,0.23327364,0.19480348,-0.038470164
156,12922,1.0,1.0,0.0,1.0,1.0,0.0,0.0044595785,0.0044595785,142.0,144.0,2.0,0.0,0.0,0.0,0.61079586,0.52074087,-0.09005499
157,12937,1.0,1.0,0.0,1.0,1.0,0.0,0.0061963163,0.0061963163,2.0,1.0,-1.0,0.2,0.2,0.0,0.45408818,0.34503078,-0.1090574
158,13138,1.0,1.0,0.0,1.0,1.0,0.0,0.0064459518,0.0064459518,5.0,2.0,-3.0,0.4,0.6,0.20000002,0.060154982,0.16172174,0.101566754
159,13230,1.0,1.0,0.0,1.0,1.0,0.0,0.00701309,0.00701309,78.0,75.0,-3.0,0.0,0.0,0.0,0.31637162,0.2561827,-0.06018892
160,13312,1.0,1.0,0.0,1.0,1.0,0.0,0.006965272,0.006965272,40.0,52.0,12.0,0.0,0.0,0.0,0.27498925,0.20754065,-0.0674486
161,13314,1.0,1.0,0.0,1.0,1.0,0.0,-0.0019515604,-0.0019515604,84.0,84.0,0.0,0.0,0.0,0.0,-0.18898132,-0.068859965,0.12012136
162,13613,1.0,1.0,0.0,1.0,1.0,0.0,0.005413294,0.005413294,13.0,18.0,5.0,0.0,0.0,0.0,0.4580209,0.5431218,0.08510092
163,13653,1.0,1.0,0.0,9.0,14.0,5.0,0.010635633,0.010635633,6.0,7.0,1.0,0.6,0.4,-0.20000002,0.18058157,-0.06945233,-0.25003392
164,13662,83.0,46.0,-37.0,5.0,2.0,-3.0,0.013305604,0.013305604,88.0,183.0,95.0,0.2,0.0,-0.2,-0.27644542,-0.11579666,0.16064876
165,13720,4.0,3.0,-1.0,8.0,10.0,2.0,0.0054525957,0.0054525957,191.0,76.0,-115.0,0.4,0.4,0.0,0.2929682,0.52819663,0.23522842
166,13846,1.0,1.0,0.0,1.0,1.0,0.0,0.007798936,0.007798936,9.0,9.0,0.0,0.0,0.0,0.0,0.70961577,0.7669429,0.05732715
167,14110,1.0,1.0,0.0,3.0,1.0,-2.0,0.011836749,0.011836749,6.0,3.0,-3.0,0.0,0.2,0.2,0.21277681,0.21267252,-0.00010429323
168,14121,1.0,13.0,12.0,1.0,2.0,1.0,-0.00437868,-0.00437868,56.0,59.0,3.0,0.0,0.0,0.0,0.20568469,0.11711163,-0.08857306
169,14165,27.0,7.0,-20.0,27.0,23.0,-4.0,0.013484407,0.013484407,49.0,17.0,-32.0,0.0,0.0,0.0,-0.29462332,-0.29164115,0.0029821694
170,14179,7.0,10.0,3.0,13.0,18.0,5.0,0.007177701,0.007177701,113.0,101.0,-12.0,0.2,0.2,0.0,-0.1591982,-0.12280971,0.036388487
171,14443,8.0,2.0,-6.0,5.0,5.0,0.0,0.011680841,0.011680841,60.0,114.0,54.0,0.0,0.0,0.0,-0.2093562,-0.20109877,0.008257434
172,14528,2.0,2.0,0.0,27.0,72.0,45.0,-0.0019140057,-0.0019140057,17.0,20.0,3.0,0.2,0.2,0.0,-0.18428086,-0.08823209,0.096048765
173,14567,1.0,2.0,1.0,1.0,1.0,0.0,0.012577884,0.012577884,21.0,74.0,53.0,0.2,0.2,0.0,0.13288465,0.34527692,0.21239227
174,14594,1.0,1.0,0.0,1.0,1.0,0.0,0.009880852,0.009880852,395.0,366.0,-29.0,0.2,0.2,0.0,0.21844494,0.20423323,-0.014211714
175,14610,1.0,1.0,0.0,5.0,5.0,0.0,0.0021094345,0.0021094345,1.0,1.0,0.0,0.6,0.6,0.0,0.56184494,0.37897143,-0.18287352
176,14644,1.0,4.0,3.0,1.0,1.0,0.0,0.0037235916,0.0037235916,5.0,6.0,1.0,0.2,0.0,-0.2,-0.08495469,-0.06504231,0.019912377
177,14793,2.0,5.0,3.0,1.0,1.0,0.0,0.0059072115,0.0059072115,568.0,528.0,-40.0,0.0,0.0,0.0,0.2661069,0.36969352,0.103586614
178,14808,1.0,2.0,1.0,1.0,1.0,0.0,0.0012650937,0.0012650937,907.0,864.0,-43.0,0.0,0.2,0.2,0.103954084,0.0764893,-0.027464785
179,14820,118.0,150.0,32.0,26.0,52.0,26.0,0.008075483,0.008075483,262.0,155.0,-107.0,0.2,0.2,0.0,0.5122548,0.4473906,-0.06486419
180,14898,99.0,127.0,28.0,50.0,57.0,7.0,0.00765723,0.00765723,426.0,444.0,18.0,0.0,0.0,0.0,0.012736933,0.16345207,0.15071514
181,14931,2.0,2.0,0.0,1.0,1.0,0.0,0.009879485,0.009879485,122.0,54.0,-68.0,0.0,0.0,0.0,0.6277806,0.730453,0.1026724
182,15003,1.0,1.0,0.0,2.0,1.0,-1.0,0.0020296052,0.0020296052,252.0,167.0,-85.0,0.0,0.0,0.0,0.16454566,0.09582524,-0.068720415
183,15025,1.0,3.0,2.0,2.0,2.0,0.0,1.8943101e-05,1.8943101e-05,258.0,142.0,-116.0,0.2,0.0,-0.2,0.47178033,0.42788503,-0.043895304
184,15128,3.0,3.0,0.0,1.0,1.0,0.0,0.005620707,0.005620707,621.0,582.0,-39.0,0.0,0.0,0.0,0.1985816,0.323342,0.12476039
185,15364,1.0,1.0,0.0,2.0,1.0,-1.0,0.0045255683,0.0045255683,7.0,12.0,5.0,0.0,0.0,0.0,-0.21449867,-0.5111516,-0.29665294
186,15492,16.0,40.0,24.0,2.0,3.0,1.0,0.008989837,0.008989837,341.0,325.0,-16.0,0.0,0.0,0.0,-0.16573533,-0.0015894438,0.16414589
187,15506,1.0,1.0,0.0,2.0,3.0,1.0,0.0012989603,0.0012989603,3.0,3.0,0.0,0.2,0.2,0.0,0.050569814,-0.022353489,-0.0729233
188,15793,1.0,1.0,0.0,7.0,3.0,-4.0,0.01089571,0.01089571,543.0,536.0,-7.0,0.0,0.0,0.0,0.48159903,0.45528397,-0.026315063
189,15819,1.0,2.0,1.0,1.0,1.0,0.0,0.0008417368,0.0008417368,7.0,8.0,1.0,0.0,0.0,0.0,-0.019553391,-0.004765567,0.014787825
190,15939,1.0,2.0,1.0,1.0,1.0,0.0,0.0004605092,0.0004605092,240.0,122.0,-118.0,0.0,0.0,0.0,-0.25195634,-0.23688053,0.015075818
191,16063,1.0,1.0,0.0,1.0,1.0,0.0,-0.00093659386,-0.00093659386,2.0,3.0,1.0,0.2,0.2,0.0,0.060908258,0.39911896,0.3382107
192,16252,15.0,31.0,16.0,14.0,24.0,10.0,0.005185263,0.005185263,169.0,239.0,70.0,0.2,0.2,0.0,0.067010835,0.04649687,-0.020513963
193,16344,49.0,98.0,49.0,2.0,2.0,0.0,0.006784944,0.006784944,10.0,11.0,1.0,0.0,0.0,0.0,0.41130462,0.35161668,-0.059687942
194,16421,12.0,27.0,15.0,3.0,5.0,2.0,0.0046070106,0.0046070106,178.0,135.0,-43.0,0.0,0.0,0.0,-0.17252809,0.04549373,0.21802181
195,16466,1.0,2.0,1.0,1.0,1.0,0.0,-0.0005534701,-0.0005534701,3.0,1.0,-2.0,0.2,0.2,0.0,-0.071738005,0.04240964,0.11414765
196,16616,1.0,1.0,0.0,1.0,1.0,0.0,0.010367848,0.010367848,128.0,155.0,27.0,0.0,0.0,0.0,0.22570679,0.3120263,0.086319506
197,16635,4.0,15.0,11.0,1.0,1.0,0.0,-6.5822154e-05,-6.5822154e-05,52.0,25.0,-27.0,0.0,0.0,0.0,-0.11849545,-0.12753128,-0.009035826
198,16655,6.0,3.0,-3.0,2.0,2.0,0.0,0.018005218,0.018005218,14.0,10.0,-4.0,0.0,0.0,0.0,0.024181735,-0.19048765,-0.21466939
199,16702,2.0,8.0,6.0,2.0,2.0,0.0,0.0014083795,0.0014083795,155.0,102.0,-53.0,0.0,0.0,0.0,0.39881536,0.4285592,0.02974385
200,16723,1.0,1.0,0.0,1.0,1.0,0.0,0.0012517162,0.0012517162,78.0,32.0,-46.0,0.2,0.2,0.0,0.705983,0.78965527,0.083672285
201,16823,3.0,2.0,-1.0,1.0,1.0,0.0,0.012722611,0.012722611,44.0,36.0,-8.0,0.2,0.2,0.0,-0.02742868,0.034044072,0.06147275
202,16841,1.0,1.0,0.0,1.0,1.0,0.0,0.008596942,0.008596942,37.0,18.0,-19.0,0.0,0.0,0.0,0.4497774,0.4501747,0.00039729476
203,16865,1.0,1.0,0.0,1.0,1.0,0.0,0.0036099665,0.0036099665,208.0,110.0,-98.0,0.2,0.0,-0.2,0.6101008,0.48643848,-0.12366232
204,16868,5.0,5.0,0.0,1.0,1.0,0.0,0.0049441196,0.0049441196,2.0,3.0,1.0,0.2,0.2,0.0,0.016765589,-0.19232525,-0.20909084
205,16917,31.0,11.0,-20.0,1.0,1.0,0.0,0.013395492,0.013395492,2.0,1.0,-1.0,0.4,0.4,0.0,-0.2699402,-0.35684907,-0.08690888
206,17048,6.0,4.0,-2.0,1.0,1.0,0.0,0.0100535005,0.0100535005,2.0,1.0,-1.0,0.2,0.2,0.0,0.44310597,0.4569319,0.013825923
207,17230,53.0,24.0,-29.0,179.0,81.0,-98.0,0.015109442,0.015109442,13.0,10.0,-3.0,0.2,0.2,0.0,0.034078874,0.39977223,0.36569336
208,17238,1.0,1.0,0.0,3.0,1.0,-2.0,0.0037808642,0.0037808642,26.0,16.0,-10.0,0.0,0.2,0.2,-0.040420283,-0.08172471,-0.041304428
209,17369,4.0,4.0,0.0,7.0,3.0,-4.0,0.012201339,0.012201339,14.0,6.0,-8.0,0.2,0.2,0.0,0.33939743,0.315604,-0.02379343
210,17374,1.0,2.0,1.0,1.0,1.0,0.0,0.0031145029,0.0031145029,22.0,28.0,6.0,0.0,0.0,0.0,-0.21398516,-0.26297337,-0.04898821
211,17450,14.0,16.0,2.0,10.0,16.0,6.0,0.0058639757,0.0058639757,211.0,194.0,-17.0,0.2,0.2,0.0,0.5632954,0.56924427,0.0059488416
212,17463,6.0,8.0,2.0,2.0,1.0,-1.0,0.009387035,0.009387035,7.0,5.0,-2.0,0.2,0.4,0.2,0.7555698,0.8260298,0.07045996
213,17485,2.0,3.0,1.0,1.0,1.0,0.0,0.011715677,0.011715677,37.0,32.0,-5.0,0.2,0.0,-0.2,0.40843597,0.45685977,0.048423797
214,17549,1.0,1.0,0.0,1.0,1.0,0.0,0.008201983,0.008201983,4.0,6.0,2.0,0.2,0.0,-0.2,0.20386799,0.23662789,0.032759905
215,17595,1.0,3.0,2.0,2.0,1.0,-1.0,0.0030944385,0.0030944385,5.0,5.0,0.0,0.4,0.4,0.0,0.010284963,0.08265749,0.07237253
216,17776,1.0,1.0,0.0,1.0,1.0,0.0,0.0014992245,0.0014992245,254.0,132.0,-122.0,0.0,0.0,0.0,0.2287782,0.24261706,0.013838857
217,17794,2.0,1.0,-1.0,1.0,2.0,1.0,0.012574423,0.012574423,1.0,1.0,0.0,0.6,0.6,0.0,-0.13644214,-0.28141958,-0.14497744
218,17934,5.0,13.0,8.0,1.0,2.0,1.0,0.0056044683,0.0056044683,4.0,6.0,2.0,0.4,0.4,0.0,0.18933105,0.2554945,0.06616345
219,17942,21.0,29.0,8.0,10.0,12.0,2.0,0.0068434663,0.0068434663,3.0,1.0,-2.0,0.4,0.4,0.0,0.3908622,0.3362795,-0.054582685
220,18268,1.0,1.0,0.0,1.0,1.0,0.0,0.0021471083,0.0021471083,33.0,29.0,-4.0,0.2,0.0,-0.2,-0.054639384,0.21672519,0.27136457
221,18434,1.0,1.0,0.0,1.0,1.0,0.0,0.0016276129,0.0016276129,74.0,151.0,77.0,0.2,0.2,0.0,0.6335517,0.37301618,-0.26053554
222,18483,9.0,7.0,-2.0,30.0,31.0,1.0,0.016368564,0.016368564,4.0,3.0,-1.0,0.4,0.4,0.0,0.21172039,0.23462573,0.022905335
223,18505,1.0,1.0,0.0,1.0,1.0,0.0,0.010754861,0.010754861,200.0,171.0,-29.0,0.0,0.0,0.0,0.22014464,0.1726874,-0.047457248
224,18535,1.0,1.0,0.0,1.0,1.0,0.0,0.011077009,0.011077009,273.0,257.0,-16.0,0.0,0.0,0.0,-0.07361189,-0.18173885,-0.10812696
225,18543,1.0,1.0,0.0,1.0,1.0,0.0,0.007975861,0.007975861,918.0,944.0,26.0,0.0,0.0,0.0,0.011625303,0.37846592,0.36684063
226,18690,2.0,1.0,-1.0,1.0,1.0,0.0,0.012225933,0.012225933,736.0,638.0,-98.0,0.0,0.0,0.0,0.42862657,0.6311384,0.20251182
227,18796,1.0,1.0,0.0,1.0,1.0,0.0,0.0063167736,0.0063167736,51.0,55.0,4.0,0.0,0.0,0.0,0.16133018,0.17217222,0.01084204
228,19074,3.0,4.0,1.0,2.0,1.0,-1.0,0.0096585415,0.0096585415,195.0,118.0,-77.0,0.2,0.0,-0.2,-0.055366054,0.08774966,0.14311571
229,19181,14.0,5.0,-9.0,109.0,77.0,-32.0,0.0176534,0.0176534,10.0,10.0,0.0,0.2,0.2,0.0,-0.042613484,-0.042455718,0.00015776604
230,19199,1.0,1.0,0.0,1.0,1.0,0.0,0.01083304,0.01083304,6.0,7.0,1.0,0.2,0.2,0.0,0.5663434,0.5958844,0.029540956
231,19200,1.0,2.0,1.0,1.0,1.0,0.0,0.00435872,0.00435872,16.0,24.0,8.0,0.0,0.0,0.0,0.6178302,0.6634424,0.045612156
232,19292,1.0,1.0,0.0,1.0,2.0,1.0,0.0023817718,0.0023817718,10.0,20.0,10.0,0.2,0.2,0.0,0.36363372,0.2792131,-0.08442062
233,19436,2.0,1.0,-1.0,1.0,1.0,0.0,0.0038825423,0.0038825423,127.0,140.0,13.0,0.0,0.2,0.2,0.20673361,0.3836807,0.17694709
234,19573,3.0,16.0,13.0,3.0,7.0,4.0,0.0017366186,0.0017366186,1.0,1.0,0.0,0.2,0.2,0.0,0.6065612,0.67245597,0.06589478
235,19642,5.0,2.0,-3.0,7.0,6.0,-1.0,0.011235166,0.011235166,642.0,810.0,168.0,0.0,0.0,0.0,0.16493572,0.058805555,-0.10613017
236,19672,114.0,129.0,15.0,14.0,10.0,-4.0,0.008986812,0.008986812,59.0,58.0,-1.0,0.0,0.0,0.0,-0.19376475,-0.14864466,0.04512009
237,19690,3.0,2.0,-1.0,2.0,1.0,-1.0,0.012311857,0.012311857,164.0,67.0,-97.0,0.0,0.0,0.0,0.33992186,0.24358813,-0.09633373
238,19933,38.0,84.0,46.0,18.0,21.0,3.0,0.0025957935,0.0025957935,83.0,125.0,42.0,0.2,0.2,0.0,0.078360386,0.030419417,-0.04794097
239,20054,1.0,6.0,5.0,2.0,1.0,-1.0,-0.002890233,-0.002890233,4.0,4.0,0.0,0.2,0.2,0.0,0.1226631,-0.07545818,-0.19812128
240,20064,2.0,2.0,0.0,1.0,1.0,0.0,0.00834671,0.00834671,61.0,36.0,-25.0,0.0,0.0,0.0,-0.002800874,-0.036873844,-0.03407297
241,20080,1.0,4.0,3.0,5.0,6.0,1.0,0.006342195,0.006342195,561.0,568.0,7.0,0.0,0.0,0.0,0.44904295,0.29780918,-0.15123376
242,20206,1.0,1.0,0.0,1.0,1.0,0.0,0.0033735223,0.0033735223,84.0,85.0,1.0,0.2,0.4,0.2,-0.048915308,-0.119990446,-0.07107514
243,20223,1.0,1.0,0.0,3.0,2.0,-1.0,0.009490982,0.009490982,3.0,9.0,6.0,0.2,0.2,0.0,0.7267678,0.6208867,-0.105881095
244,20265,167.0,243.0,76.0,17.0,15.0,-2.0,0.0068252273,0.0068252273,751.0,738.0,-13.0,0.0,0.0,0.0,0.010958787,0.51205295,0.50109416
245,20307,1.0,5.0,4.0,1.0,1.0,0.0,0.0044853278,0.0044853278,82.0,55.0,-27.0,0.2,0.0,-0.2,0.75376177,0.60544246,-0.1483193
246,20442,1.0,1.0,0.0,1.0,1.0,0.0,0.0041269846,0.0041269846,17.0,10.0,-7.0,0.0,0.0,0.0,0.107802995,0.10514627,-0.002656728
247,20633,34.0,4.0,-30.0,8.0,1.0,-7.0,0.02200609,0.02200609,3.0,4.0,1.0,0.4,0.4,0.0,-0.032605357,0.16618286,0.19878823
248,20650,20.0,22.0,2.0,1.0,1.0,0.0,0.009940414,0.009940414,11.0,7.0,-4.0,0.2,0.0,-0.2,-0.08875787,-0.064723365,0.024034508
249,20702,1.0,1.0,0.0,2.0,1.0,-1.0,0.0075096376,0.0075096376,57.0,78.0,21.0,0.0,0.0,0.0,-0.08160937,-0.2325974,-0.15098803
250,20738,1.0,1.0,0.0,1.0,1.0,0.0,0.0065983534,0.0065983534,128.0,73.0,-55.0,0.2,0.2,0.0,0.60615176,0.6576059,0.051454127
251,20777,61.0,117.0,56.0,3.0,5.0,2.0,0.00403093,0.00403093,80.0,102.0,22.0,0.0,0.0,0.0,0.2643753,-0.12890096,-0.39327627
252,20820,11.0,10.0,-1.0,25.0,30.0,5.0,0.00891269,0.00891269,6.0,4.0,-2.0,0.0,0.2,0.2,-0.039623495,-0.074972995,-0.0353495
253,21108,2.0,2.0,0.0,3.0,3.0,0.0,0.013622072,0.013622072,1.0,1.0,0.0,0.2,0.2,0.0,0.3418524,0.25418246,-0.08766994
254,21192,1.0,1.0,0.0,1.0,1.0,0.0,-0.0008761436,-0.0008761436,1.0,1.0,0.0,0.2,0.2,0.0,0.019483157,0.20020741,0.18072426
255,21194,10.0,18.0,8.0,9.0,22.0,13.0,0.0028203912,0.0028203912,87.0,40.0,-47.0,0.0,0.0,0.0,0.13631652,0.101108864,-0.03520766
256,21197,1.0,1.0,0.0,1.0,1.0,0.0,0.0036001578,0.0036001578,114.0,100.0,-14.0,0.0,0.0,0.0,0.30262983,0.07941363,-0.2232162
257,21218,9.0,19.0,10.0,4.0,17.0,13.0,0.00225842,0.00225842,52.0,129.0,77.0,0.0,0.0,0.0,-0.030143129,-0.030954653,-0.0008115247
258,21253,1.0,1.0,0.0,1.0,1.0,0.0,0.00454922,0.00454922,4.0,6.0,2.0,0.2,0.2,0.0,0.7475963,0.715331,-0.032265306
259,21279,14.0,9.0,-5.0,1.0,3.0,2.0,0.013058335,0.013058335,4.0,7.0,3.0,0.4,0.2,-0.2,0.5510523,0.38665622,-0.16439605
260,21318,2.0,6.0,4.0,1.0,1.0,0.0,0.0067346357,0.0067346357,7.0,4.0,-3.0,0.0,0.2,0.2,-0.28545767,-0.27174455,0.013713121
261,21508,15.0,22.0,7.0,3.0,1.0,-2.0,0.00583636,0.00583636,11.0,9.0,-2.0,0.4,0.2,-0.2,0.40834346,0.38982916,-0.018514305
262,21526,1.0,1.0,0.0,1.0,1.0,0.0,0.009939477,0.009939477,9.0,4.0,-5.0,0.0,0.2,0.2,0.3851998,0.19056948,-0.19463031
263,21553,4.0,3.0,-1.0,1.0,2.0,1.0,0.006837733,0.006837733,1.0,1.0,0.0,0.2,0.4,0.2,0.72845507,0.7586944,0.030239344
264,21601,1.0,1.0,0.0,1.0,1.0,0.0,0.0019277036,0.0019277036,957.0,933.0,-24.0,0.0,0.0,0.0,0.16196848,0.1187629,-0.04320558
265,21703,5.0,8.0,3.0,6.0,4.0,-2.0,0.011236809,0.011236809,81.0,73.0,-8.0,0.0,0.0,0.0,0.15239659,0.08783566,-0.06456093
266,21950,1.0,1.0,0.0,1.0,1.0,0.0,0.0018165633,0.0018165633,355.0,250.0,-105.0,0.0,0.2,0.2,0.3118315,0.25621724,-0.055614263
267,21989,3.0,6.0,3.0,1.0,1.0,0.0,0.0075208135,0.0075208135,779.0,686.0,-93.0,0.2,0.0,-0.2,0.06116088,0.035266437,-0.025894444
268,22138,4.0,4.0,0.0,2.0,2.0,0.0,0.0066469386,0.0066469386,26.0,92.0,66.0,0.0,0.0,0.0,-0.47039488,-0.25117815,0.21921673
269,22143,6.0,5.0,-1.0,2.0,1.0,-1.0,0.009921126,0.009921126,118.0,68.0,-50.0,0.0,0.0,0.0,0.20024891,0.22610512,0.025856212
270,22155,12.0,12.0,0.0,2.0,7.0,5.0,0.008725025,0.008725025,3.0,2.0,-1.0,0.2,0.2,0.0,0.31159815,0.49914157,0.18754342
271,22263,5.0,3.0,-2.0,1.0,1.0,0.0,0.018949803,0.018949803,22.0,13.0,-9.0,0.0,0.0,0.0,0.13225925,0.043309305,-0.08894995
272,22387,1.0,1.0,0.0,1.0,1.0,0.0,0.0024741255,0.0024741255,105.0,102.0,-3.0,0.2,0.2,0.0,0.06224654,0.046820644,-0.015425894
273,22495,4.0,4.0,0.0,1.0,1.0,0.0,0.010033265,0.010033265,8.0,12.0,4.0,0.4,0.4,0.0,0.32019383,0.2341461,-0.086047724
274,22505,5.0,23.0,18.0,4.0,2.0,-2.0,0.002677951,0.002677951,23.0,12.0,-11.0,0.0,0.0,0.0,0.071049444,0.11534433,0.044294886
275,22515,4.0,20.0,16.0,2.0,1.0,-1.0,0.00041049346,0.00041049346,218.0,127.0,-91.0,0.2,0.4,0.2,0.0036774436,-0.010178006,-0.01385545
276,22523,1.0,1.0,0.0,1.0,1.0,0.0,0.0060501397,0.0060501397,135.0,48.0,-87.0,0.0,0.0,0.0,0.1754302,0.09614331,-0.07928688
277,22530,44.0,20.0,-24.0,3.0,2.0,-1.0,0.01492418,0.01492418,623.0,728.0,105.0,0.0,0.0,0.0,0.58217865,0.56026304,-0.021915615
278,22585,2.0,1.0,-1.0,1.0,1.0,0.0,0.012784254,0.012784254,10.0,5.0,-5.0,0.0,0.2,0.2,0.02869283,-0.088108696,-0.11680153
279,22587,2.0,3.0,1.0,1.0,1.0,0.0,0.008912798,0.008912798,72.0,87.0,15.0,0.2,0.2,0.0,-0.018416703,0.08680044,0.105217144
280,22772,4.0,1.0,-3.0,1.0,1.0,0.0,0.011278801,0.011278801,23.0,13.0,-10.0,0.0,0.0,0.0,0.37835905,0.43375236,0.05539331
281,22782,18.0,17.0,-1.0,2.0,3.0,1.0,0.0092567485,0.0092567485,17.0,10.0,-7.0,0.4,0.4,0.0,-0.28224596,-0.24576025,0.036485717
282,22794,7.0,2.0,-5.0,2.0,1.0,-1.0,0.012394305,0.012394305,104.0,54.0,-50.0,0.0,0.0,0.0,0.18282682,0.15131898,-0.031507835
283,22809,2.0,4.0,2.0,1.0,2.0,1.0,0.0048587173,0.0048587173,2.0,3.0,1.0,0.8,0.6,-0.19999999,0.025508868,0.05066875,0.025159882
284,22845,1.0,3.0,2.0,1.0,1.0,0.0,0.006821312,0.006821312,106.0,102.0,-4.0,0.0,0.0,0.0,0.5318957,0.6123226,0.08042693
285,22873,5.0,14.0,9.0,9.0,4.0,-5.0,0.00850055,0.00850055,35.0,19.0,-16.0,0.0,0.0,0.0,0.21467787,0.328754,0.11407614
286,22879,4.0,3.0,-1.0,1.0,1.0,0.0,0.010163609,0.010163609,72.0,52.0,-20.0,0.0,0.0,0.0,0.10099723,0.17411715,0.073119916
287,22886,1.0,1.0,0.0,2.0,3.0,1.0,0.007061649,0.007061649,425.0,537.0,112.0,0.0,0.0,0.0,0.08095183,-0.009251403,-0.09020323
288,22957,2.0,2.0,0.0,1.0,1.0,0.0,0.007019013,0.007019013,8.0,5.0,-3.0,0.0,0.2,0.2,-0.059668634,-0.017893804,0.04177483
289,22967,1.0,1.0,0.0,1.0,1.0,0.0,0.0029302426,0.0029302426,20.0,21.0,1.0,0.0,0.0,0.0,0.060862225,0.13284405,0.07198182
290,22993,2.0,2.0,0.0,4.0,6.0,2.0,0.007447593,0.007447593,158.0,205.0,47.0,0.0,0.0,0.0,0.39782268,0.38605735,-0.011765331
291,23036,1.0,1.0,0.0,1.0,1.0,0.0,0.009291191,0.009291191,143.0,143.0,0.0,0.0,0.0,0.0,0.5841674,0.5680932,-0.01607424
292,23241,28.0,5.0,-23.0,8.0,3.0,-5.0,0.017750215,0.017750215,256.0,146.0,-110.0,0.0,0.0,0.0,-0.082835495,-0.014722707,0.06811279
293,23492,212.0,364.0,152.0,6.0,5.0,-1.0,0.00787342,0.00787342,14.0,12.0,-2.0,0.0,0.0,0.0,-0.1832839,0.19937326,0.38265717
294,23715,16.0,32.0,16.0,1.0,1.0,0.0,0.0049336515,0.0049336515,277.0,201.0,-76.0,0.0,0.0,0.0,0.110811934,0.038770057,-0.07204188
295,23729,1.0,1.0,0.0,1.0,1.0,0.0,0.007988319,0.007988319,1.0,1.0,0.0,0.2,0.2,0.0,0.35335636,0.38878986,0.0354335
296,23871,68.0,18.0,-50.0,9.0,1.0,-8.0,0.018967474,0.018967474,211.0,168.0,-43.0,0.0,0.0,0.0,0.1108435,-0.17824928,-0.28909278
297,23876,2.0,2.0,0.0,1.0,3.0,2.0,0.0023385733,0.0023385733,98.0,45.0,-53.0,0.0,0.0,0.0,-0.16940758,-0.034605615,0.13480195
298,23883,71.0,65.0,-6.0,78.0,41.0,-37.0,0.013522467,0.013522467,78.0,70.0,-8.0,0.2,0.2,0.0,0.13605776,0.17720851,0.04115075
299,23993,2.0,1.0,-1.0,1.0,1.0,0.0,0.0107003,0.0107003,81.0,62.0,-19.0,0.2,0.2,0.0,0.16661963,0.06104076,-0.10557887
300,24202,1.0,1.0,0.0,2.0,1.0,-1.0,0.00060180575,0.00060180575,67.0,35.0,-32.0,0.0,0.0,0.0,0.30106467,0.3493995,0.048334837
301,24214,12.0,2.0,-10.0,25.0,17.0,-8.0,0.017011974,0.017011974,442.0,405.0,-37.0,0.0,0.0,0.0,0.3875779,0.6403094,0.2527315
302,24264,1.0,1.0,0.0,1.0,1.0,0.0,0.0054196343,0.0054196343,21.0,24.0,3.0,0.0,0.0,0.0,0.26968926,0.22022161,-0.049467653
303,24317,7.0,12.0,5.0,2.0,3.0,1.0,0.0058124065,0.0058124065,41.0,49.0,8.0,0.2,0.2,0.0,0.26835027,0.2909532,0.022602916
304,24480,39.0,17.0,-22.0,4.0,2.0,-2.0,0.015942056,0.015942056,211.0,206.0,-5.0,0.0,0.0,0.0,0.02347671,0.012651855,-0.010824855
305,24517,5.0,9.0,4.0,7.0,7.0,0.0,0.005662583,0.005662583,82.0,76.0,-6.0,0.0,0.0,0.0,0.043103892,0.08498183,0.041877937
306,24530,3.0,7.0,4.0,5.0,3.0,-2.0,0.010619339,0.010619339,528.0,498.0,-30.0,0.0,0.0,0.0,0.12486742,0.1540928,0.029225387
307,24560,1.0,1.0,0.0,1.0,1.0,0.0,0.007830892,0.007830892,54.0,80.0,26.0,0.0,0.0,0.0,0.5052072,0.40351814,-0.10168904
308,24638,2.0,8.0,6.0,2.0,1.0,-1.0,0.00051221997,0.00051221997,73.0,116.0,43.0,0.2,0.2,0.0,0.11952816,0.083443984,-0.036084175
309,24640,22.0,6.0,-16.0,22.0,16.0,-6.0,0.011957224,0.011957224,59.0,52.0,-7.0,0.0,0.0,0.0,-0.01249062,-0.13799621,-0.1255056
310,24649,9.0,11.0,2.0,4.0,3.0,-1.0,0.0074551664,0.0074551664,11.0,16.0,5.0,0.2,0.2,0.0,0.3812009,0.37132233,-0.009878576
311,24739,6.0,5.0,-1.0,2.0,1.0,-1.0,0.008702356,0.008702356,20.0,15.0,-5.0,0.0,0.0,0.0,0.08465904,-0.044520613,-0.12917966
312,24740,1.0,3.0,2.0,1.0,1.0,0.0,0.0055158064,0.0055158064,159.0,106.0,-53.0,0.0,0.0,0.0,0.1524485,0.22519733,0.072748825
313,24787,1.0,1.0,0.0,2.0,1.0,-1.0,0.010733381,0.010733381,167.0,186.0,19.0,0.2,0.0,-0.2,0.12432852,0.16349392,0.0391654
314,24846,4.0,4.0,0.0,5.0,1.0,-4.0,0.011931229,0.011931229,166.0,96.0,-70.0,0.0,0.0,0.0,-0.11109585,-0.18235824,-0.07126238
315,25059,87.0,75.0,-12.0,42.0,29.0,-13.0,0.011835903,0.011835903,29.0,29.0,0.0,0.0,0.0,0.0,0.60728675,0.5680636,-0.039223135
316,25091,3.0,7.0,4.0,16.0,81.0,65.0,-0.00020883232,-0.00020883232,412.0,514.0,102.0,0.0,0.0,0.0,-0.4640543,-0.24467851,0.21937577
317,25111,9.0,10.0,1.0,10.0,6.0,-4.0,0.01614296,0.01614296,5.0,6.0,1.0,0.4,0.0,-0.4,0.18068933,0.4258505,0.24516118
318,25205,1.0,1.0,0.0,1.0,3.0,2.0,0.010899793,0.010899793,235.0,275.0,40.0,0.0,0.0,0.0,0.20215425,-0.029052787,-0.23120704
319,25250,1.0,1.0,0.0,1.0,1.0,0.0,0.0013333336,0.0013333336,7.0,5.0,-2.0,0.2,0.4,0.2,0.045657624,0.12528783,0.07963021
320,25268,1.0,1.0,0.0,2.0,2.0,0.0,0.007776156,0.007776156,56.0,52.0,-4.0,0.0,0.0,0.0,0.13866988,0.19376664,0.05509676
321,25284,2.0,8.0,6.0,1.0,1.0,0.0,-0.0040836222,-0.0040836222,367.0,255.0,-112.0,0.0,0.0,0.0,0.46611246,0.37980068,-0.08631179
322,25287,1.0,1.0,0.0,5.0,5.0,0.0,0.009685785,0.009685785,95.0,76.0,-19.0,0.0,0.0,0.0,0.09133109,-0.029197346,-0.12052843
323,25318,2.0,2.0,0.0,1.0,2.0,1.0,0.0071327724,0.0071327724,9.0,27.0,18.0,0.0,0.0,0.0,0.20594163,0.21120727,0.005265638
324,25319,1.0,1.0,0.0,1.0,1.0,0.0,0.0031682998,0.0031682998,27.0,26.0,-1.0,0.0,0.0,0.0,0.0072551076,0.28330743,0.27605233
325,25371,2.0,2.0,0.0,1.0,1.0,0.0,0.014418419,0.014418419,854.0,657.0,-197.0,0.0,0.0,0.0,0.26686895,0.26738685,0.00051790476
326,25454,1.0,1.0,0.0,1.0,1.0,0.0,0.015961967,0.015961967,94.0,94.0,0.0,0.0,0.0,0.0,0.10510723,0.048306104,-0.05680113
327,25570,1.0,11.0,10.0,1.0,1.0,0.0,-0.0032383166,-0.0032383166,16.0,20.0,4.0,0.0,0.0,0.0,0.028948843,0.04002789,0.011079047
328,25578,2.0,5.0,3.0,2.0,2.0,0.0,0.008272134,0.008272134,35.0,38.0,3.0,0.0,0.0,0.0,0.029272972,0.07948453,0.050211556
329,25581,12.0,7.0,-5.0,25.0,22.0,-3.0,0.0130502675,0.0130502675,23.0,22.0,-1.0,0.0,0.0,0.0,-0.10506851,-0.042874757,0.062193755
330,25588,6.0,3.0,-3.0,5.0,3.0,-2.0,0.0111161545,0.0111161545,204.0,170.0,-34.0,0.0,0.0,0.0,0.7495353,0.7834863,0.033950984
331,25602,311.0,397.0,86.0,487.0,446.0,-41.0,0.012792736,0.012792736,40.0,13.0,-27.0,0.0,0.0,0.0,0.36144754,0.35443002,-0.007017523
332,25693,3.0,15.0,12.0,10.0,11.0,1.0,0.0046653226,0.0046653226,98.0,38.0,-60.0,0.0,0.0,0.0,-0.2745779,-0.3326966,-0.0581187
333,25702,352.0,106.0,-246.0,156.0,82.0,-74.0,0.02037675,0.02037675,195.0,122.0,-73.0,0.0,0.0,0.0,0.22548854,0.0852429,-0.14024565
334,25711,1.0,1.0,0.0,1.0,2.0,1.0,0.006002318,0.006002318,240.0,133.0,-107.0,0.2,0.0,-0.2,-0.12228429,-0.10171019,0.0205741
335,25741,7.0,6.0,-1.0,3.0,2.0,-1.0,0.0145057775,0.0145057775,108.0,60.0,-48.0,0.0,0.0,0.0,0.2293039,0.232241,0.0029371083
336,25746,3.0,4.0,1.0,1.0,1.0,0.0,0.0046380535,0.0046380535,336.0,440.0,104.0,0.0,0.0,0.0,0.6001527,0.47106278,-0.12908989
337,25881,1.0,2.0,1.0,1.0,1.0,0.0,0.0074345767,0.0074345767,21.0,4.0,-17.0,0.0,0.2,0.2,0.2497756,0.06588243,-0.18389317
338,25906,1.0,2.0,1.0,1.0,1.0,0.0,0.005398933,0.005398933,86.0,120.0,34.0,0.2,0.2,0.0,0.38516295,0.16273844,-0.2224245
339,25959,2.0,2.0,0.0,3.0,2.0,-1.0,0.009092025,0.009092025,55.0,41.0,-14.0,0.0,0.0,0.0,0.113283,0.24502598,0.13174298
340,26119,15.0,20.0,5.0,8.0,5.0,-3.0,0.006798763,0.006798763,4.0,5.0,1.0,0.6,0.6,0.0,0.26580304,0.3263317,0.060528666
341,26127,1.0,1.0,0.0,2.0,2.0,0.0,0.0029479377,0.0029479377,6.0,8.0,2.0,0.0,0.0,0.0,-0.114157595,1.5909767e-05,0.1141735
342,26163,2.0,2.0,0.0,1.0,1.0,0.0,0.014292039,0.014292039,75.0,104.0,29.0,0.2,0.2,0.0,-0.021783926,0.38582793,0.40761185
343,26243,4.0,5.0,1.0,1.0,1.0,0.0,0.009356365,0.009356365,45.0,49.0,4.0,0.0,0.0,0.0,0.4948242,0.46173048,-0.03309372
344,26292,36.0,17.0,-19.0,11.0,10.0,-1.0,0.011912623,0.011912623,13.0,2.0,-11.0,0.2,0.2,0.0,0.2078408,0.2726851,0.06484431
345,26307,2.0,2.0,0.0,1.0,2.0,1.0,0.009464309,0.009464309,47.0,58.0,11.0,0.0,0.0,0.0,-0.2682145,-0.16862664,0.09958786
346,26351,2.0,9.0,7.0,1.0,1.0,0.0,0.0018282905,0.0018282905,319.0,122.0,-197.0,0.0,0.0,0.0,0.005209559,-0.0022889257,-0.007498485
347,26372,11.0,10.0,-1.0,10.0,10.0,0.0,0.009717308,0.009717308,75.0,39.0,-36.0,0.0,0.0,0.0,0.19549492,0.23372683,0.03823191
348,26435,1.0,12.0,11.0,1.0,1.0,0.0,4.827231e-05,4.827231e-05,148.0,98.0,-50.0,0.2,0.2,0.0,0.34460962,0.32470834,-0.019901276
349,26458,1.0,1.0,0.0,1.0,1.0,0.0,0.0039720573,0.0039720573,168.0,44.0,-124.0,0.2,0.0,-0.2,0.15980764,-0.06071973,-0.22052737
350,26598,1.0,1.0,0.0,1.0,1.0,0.0,0.0057161786,0.0057161786,6.0,11.0,5.0,0.0,0.0,0.0,0.6128818,0.5947166,-0.018165171
351,26720,1.0,1.0,0.0,1.0,1.0,0.0,0.012655448,0.012655448,301.0,244.0,-57.0,0.2,0.0,-0.2,0.32756466,0.33058572,0.0030210614
352,26780,8.0,3.0,-5.0,3.0,3.0,0.0,0.010137282,0.010137282,3.0,9.0,6.0,0.2,0.2,0.0,0.10963031,0.17511763,0.06548732
353,26895,1.0,1.0,0.0,1.0,1.0,0.0,0.0047849827,0.0047849827,10.0,30.0,20.0,0.2,0.2,0.0,0.22850248,0.34680864,0.11830616
354,26909,24.0,23.0,-1.0,130.0,91.0,-39.0,0.011176338,0.011176338,45.0,76.0,31.0,0.2,0.2,0.0,0.11817221,0.09247575,-0.025696464
355,26971,20.0,18.0,-2.0,1.0,1.0,0.0,0.010654923,0.010654923,2.0,2.0,0.0,0.2,0.2,0.0,0.12487324,0.0037534772,-0.12111977
356,26990,1.0,1.0,0.0,3.0,2.0,-1.0,0.009470195,0.009470195,24.0,39.0,15.0,0.0,0.0,0.0,-0.2262066,-0.08114691,0.14505969
357,27242,4.0,5.0,1.0,3.0,1.0,-2.0,0.0038728751,0.0038728751,2.0,2.0,0.0,0.2,0.2,0.0,-0.0688694,-0.041917864,0.026951533
358,27275,1.0,1.0,0.0,1.0,1.0,0.0,0.013317764,0.013317764,53.0,26.0,-27.0,0.0,0.0,0.0,0.04361078,0.06487162,0.021260835
359,27287,5.0,22.0,17.0,1.0,2.0,1.0,0.00087848306,0.00087848306,62.0,95.0,33.0,0.0,0.0,0.0,0.31013593,0.18584402,-0.12429191
360,27326,1.0,1.0,0.0,1.0,2.0,1.0,0.004179828,0.004179828,78.0,122.0,44.0,0.0,0.0,0.0,-0.1316742,-0.1489375,-0.017263293
361,27435,1.0,1.0,0.0,1.0,1.0,0.0,-0.0062999055,-0.0062999055,954.0,937.0,-17.0,0.0,0.0,0.0,0.67970616,0.6678771,-0.011829078
362,27568,10.0,26.0,16.0,3.0,8.0,5.0,0.005883049,0.005883049,25.0,33.0,8.0,0.0,0.0,0.0,0.17726286,0.17177159,-0.0054912716
363,27580,43.0,15.0,-28.0,64.0,35.0,-29.0,0.014543746,0.014543746,61.0,91.0,30.0,0.0,0.0,0.0,0.203997,0.3645469,0.1605499
364,27830,2.0,1.0,-1.0,1.0,1.0,0.0,0.006709136,0.006709136,28.0,15.0,-13.0,0.0,0.0,0.0,0.18965207,0.1620853,-0.027566776
365,27878,1.0,1.0,0.0,1.0,1.0,0.0,0.011017185,0.011017185,45.0,23.0,-22.0,0.6,0.4,-0.20000002,0.4915327,0.38019446,-0.11133826
366,27972,11.0,27.0,16.0,7.0,21.0,14.0,0.0001627747,0.0001627747,26.0,25.0,-1.0,0.2,0.2,0.0,0.16891664,0.24587515,0.07695851
367,28024,1.0,1.0,0.0,2.0,2.0,0.0,0.006320901,0.006320901,6.0,7.0,1.0,0.0,0.0,0.0,0.30629465,0.42740276,0.121108115
368,28068,2.0,2.0,0.0,1.0,1.0,0.0,0.006091725,0.006091725,4.0,1.0,-3.0,0.2,0.2,0.0,0.2697528,0.12043197,-0.14932084
369,28096,15.0,21.0,6.0,1.0,1.0,0.0,0.006385576,0.006385576,12.0,14.0,2.0,0.2,0.2,0.0,0.20458123,0.29458424,0.09000301
370,28159,2.0,1.0,-1.0,6.0,7.0,1.0,0.009080224,0.009080224,1.0,1.0,0.0,0.4,0.4,0.0,0.38686842,0.39574036,0.008871943
371,28189,19.0,11.0,-8.0,11.0,18.0,7.0,0.011253346,0.011253346,27.0,13.0,-14.0,0.0,0.2,0.2,0.36738357,0.32720003,-0.040183544
372,28286,63.0,46.0,-17.0,296.0,204.0,-92.0,0.014737192,0.014737192,41.0,19.0,-22.0,0.0,0.2,0.2,0.024970751,0.05609087,0.031120118
373,28303,1.0,1.0,0.0,1.0,1.0,0.0,0.0073816516,0.0073816516,46.0,114.0,68.0,0.0,0.0,0.0,0.38190877,0.34334582,-0.038562953
374,28319,3.0,3.0,0.0,1.0,1.0,0.0,0.012093209,0.012093209,4.0,4.0,0.0,0.4,0.4,0.0,0.26141316,0.325497,0.064083844
375,28325,1.0,1.0,0.0,1.0,2.0,1.0,0.006678045,0.006678045,9.0,13.0,4.0,0.2,0.2,0.0,0.11014183,0.16321947,0.05307764
376,28341,269.0,241.0,-28.0,144.0,56.0,-88.0,0.011468312,0.011468312,59.0,65.0,6.0,0.2,0.2,0.0,0.16445492,0.12464604,-0.039808884
377,28349,9.0,81.0,72.0,8.0,10.0,2.0,0.0025582016,0.0025582016,335.0,489.0,154.0,0.0,0.0,0.0,0.20953506,0.1256219,-0.08391316
378,28418,1.0,1.0,0.0,1.0,1.0,0.0,0.011661943,0.011661943,11.0,22.0,11.0,0.0,0.0,0.0,0.024672834,-0.106981434,-0.13165426
379,28487,3.0,14.0,11.0,3.0,2.0,-1.0,-0.00048521906,-0.00048521906,74.0,81.0,7.0,0.0,0.0,0.0,0.4095861,0.32870495,-0.08088115
380,28524,6.0,6.0,0.0,1.0,2.0,1.0,0.009849723,0.009849723,347.0,227.0,-120.0,0.2,0.0,-0.2,0.37185398,0.3821831,0.010329127
381,28595,10.0,8.0,-2.0,4.0,4.0,0.0,0.012153029,0.012153029,21.0,32.0,11.0,0.6,0.6,0.0,0.16421662,0.129151,-0.03506562
382,28689,18.0,59.0,41.0,1.0,2.0,1.0,0.0048473366,0.0048473366,41.0,54.0,13.0,0.0,0.0,0.0,0.07784301,0.071245365,-0.0065976456
383,28745,3.0,4.0,1.0,2.0,1.0,-1.0,0.0130791105,0.0130791105,1.0,3.0,2.0,0.4,0.4,0.0,0.038670484,0.0014801408,-0.037190344
384,28751,1.0,1.0,0.0,1.0,1.0,0.0,0.01333617,0.01333617,1.0,1.0,0.0,0.6,0.6,0.0,0.120335065,0.17857274,0.05823768
385,28755,1.0,1.0,0.0,2.0,2.0,0.0,0.01012798,0.01012798,25.0,20.0,-5.0,0.0,0.0,0.0,-0.034218334,-0.10739072,-0.07317238
386,28788,1.0,2.0,1.0,1.0,1.0,0.0,0.008447453,0.008447453,47.0,36.0,-11.0,0.2,0.4,0.2,0.240872,0.22991402,-0.010957971
387,28898,2.0,1.0,-1.0,1.0,1.0,0.0,0.013483543,0.013483543,1.0,1.0,0.0,0.2,0.2,0.0,0.049157385,0.30298367,0.2538263
388,28963,2.0,17.0,15.0,2.0,1.0,-1.0,-0.00036597252,-0.00036597252,28.0,26.0,-2.0,0.0,0.0,0.0,0.038823895,0.053635687,0.0148117915
389,29010,244.0,80.0,-164.0,20.0,8.0,-12.0,0.017210232,0.017210232,75.0,81.0,6.0,0.0,0.0,0.0,0.16072726,0.0048350557,-0.15589221
390,29021,1.0,1.0,0.0,1.0,1.0,0.0,0.013261478,0.013261478,4.0,6.0,2.0,0.2,0.0,-0.2,0.11069978,-0.0041949195,-0.1148947
391,29381,2.0,4.0,2.0,1.0,1.0,0.0,0.008357521,0.008357521,56.0,56.0,0.0,0.2,0.2,0.0,-0.07471429,-0.094674714,-0.019960426
392,29568,13.0,93.0,80.0,1.0,1.0,0.0,0.0012036972,0.0012036972,98.0,101.0,3.0,0.0,0.0,0.0,0.1988769,0.07855732,-0.12031958
393,29660,31.0,35.0,4.0,29.0,24.0,-5.0,0.01048024,0.01048024,85.0,63.0,-22.0,0.0,0.2,0.2,0.44059733,0.53750217,0.096904844
394,29663,122.0,123.0,1.0,105.0,126.0,21.0,0.010684503,0.010684503,457.0,514.0,57.0,0.0,0.0,0.0,0.13219853,-0.026019357,-0.15821788
395,29680,3.0,1.0,-2.0,1.0,1.0,0.0,0.00974144,0.00974144,10.0,17.0,7.0,0.0,0.0,0.0,0.38971856,0.43751597,0.04779741
396,29711,1.0,1.0,0.0,1.0,1.0,0.0,-3.0394644e-05,-3.0394644e-05,3.0,3.0,0.0,0.2,0.2,0.0,0.308722,0.28183386,-0.026888132
397,29837,46.0,121.0,75.0,8.0,16.0,8.0,0.0054751914,0.0054751914,311.0,245.0,-66.0,0.0,0.0,0.0,0.17808174,0.23231767,0.054235935
398,29886,2.0,3.0,1.0,1.0,1.0,0.0,0.014715303,0.014715303,2.0,1.0,-1.0,0.2,0.2,0.0,0.71156836,0.6762095,-0.035358846
399,29919,1.0,2.0,1.0,1.0,1.0,0.0,-0.0004746206,-0.0004746206,303.0,246.0,-57.0,0.0,0.0,0.0,0.29170716,0.31901205,0.027304888
400,29980,2.0,5.0,3.0,7.0,7.0,0.0,0.004850842,0.004850842,160.0,103.0,-57.0,0.0,0.0,0.0,0.41974452,0.549929,0.1301845
401,30081,25.0,19.0,-6.0,15.0,28.0,13.0,0.008674307,0.008674307,124.0,105.0,-19.0,0.2,0.2,0.0,0.13412933,0.22211546,0.08798613
402,30373,4.0,9.0,5.0,4.0,5.0,1.0,0.0065507423,0.0065507423,94.0,94.0,0.0,0.0,0.0,0.0,0.050778322,-0.019214695,-0.06999302
403,30395,1.0,1.0,0.0,1.0,1.0,0.0,0.006314777,0.006314777,43.0,43.0,0.0,0.2,0.2,0.0,0.18608338,0.064150766,-0.12193261
404,30407,98.0,75.0,-23.0,25.0,4.0,-21.0,0.013020335,0.013020335,158.0,212.0,54.0,0.0,0.0,0.0,-0.0074450304,-0.03708701,-0.029641978
405,30430,1.0,1.0,0.0,3.0,3.0,0.0,0.012472354,0.012472354,369.0,357.0,-12.0,0.2,0.2,0.0,-0.28948736,-0.23563157,0.05385579
406,30563,1.0,1.0,0.0,1.0,1.0,0.0,0.0025527887,0.0025527887,467.0,503.0,36.0,0.0,0.0,0.0,0.117730275,0.054422345,-0.063307926
407,30601,3.0,5.0,2.0,1.0,1.0,0.0,0.010327417,0.010327417,75.0,83.0,8.0,0.0,0.0,0.0,0.58002096,0.5563019,-0.023719072
408,30632,1.0,1.0,0.0,1.0,2.0,1.0,0.006048359,0.006048359,30.0,22.0,-8.0,0.2,0.2,0.0,0.13416831,0.044402953,-0.089765355
409,30672,1.0,1.0,0.0,1.0,4.0,3.0,0.0074902996,0.0074902996,244.0,194.0,-50.0,0.0,0.0,0.0,0.23447561,0.25744742,0.022971809
410,30674,4.0,11.0,7.0,4.0,8.0,4.0,0.0026371516,0.0026371516,721.0,556.0,-165.0,0.0,0.0,0.0,0.027826004,-0.024659334,-0.05248534
411,30847,15.0,3.0,-12.0,28.0,10.0,-18.0,0.016922545,0.016922545,49.0,113.0,64.0,0.0,0.0,0.0,-0.19146968,-0.15786704,0.03360264
412,30856,2.0,6.0,4.0,3.0,2.0,-1.0,0.007609226,0.007609226,3.0,2.0,-1.0,0.2,0.2,0.0,0.6928098,0.61849,-0.07431984
413,30887,3.0,4.0,1.0,3.0,1.0,-2.0,0.010797381,0.010797381,4.0,3.0,-1.0,0.2,0.2,0.0,0.65530854,0.66307056,0.007762015
414,30922,1.0,2.0,1.0,8.0,10.0,2.0,0.0020411387,0.0020411387,153.0,191.0,38.0,0.0,0.0,0.0,0.24396583,0.2996876,0.05572176
415,30935,1.0,1.0,0.0,1.0,1.0,0.0,-0.0018031783,-0.0018031783,41.0,24.0,-17.0,0.2,0.2,0.0,-0.20013936,-0.23533487,-0.035195515
416,30954,5.0,4.0,-1.0,1.0,1.0,0.0,0.008409608,0.008409608,62.0,105.0,43.0,0.2,0.2,0.0,-0.24882069,-0.27384478,-0.025024086
417,31028,2.0,2.0,0.0,24.0,12.0,-12.0,0.009090945,0.009090945,1.0,1.0,0.0,0.2,0.2,0.0,0.24365461,0.16549918,-0.07815543
418,31049,1.0,1.0,0.0,1.0,1.0,0.0,0.0064299256,0.0064299256,6.0,6.0,0.0,0.0,0.0,0.0,0.107988454,0.02505957,-0.08292888
419,31064,1.0,1.0,0.0,1.0,1.0,0.0,0.001992736,0.001992736,65.0,111.0,46.0,0.2,0.4,0.2,0.050502762,0.51997846,0.4694757
420,31123,1.0,1.0,0.0,1.0,1.0,0.0,0.014506046,0.014506046,37.0,42.0,5.0,0.0,0.0,0.0,-0.19716693,-0.116742246,0.08042469
421,31233,1.0,1.0,0.0,2.0,2.0,0.0,0.008976139,0.008976139,106.0,131.0,25.0,0.2,0.2,0.0,0.05918486,0.048311643,-0.010873217
422,31349,10.0,12.0,2.0,1.0,1.0,0.0,0.005968418,0.005968418,3.0,9.0,6.0,0.2,0.0,-0.2,0.22535037,-0.042085703,-0.26743606
423,31446,13.0,17.0,4.0,3.0,6.0,3.0,0.010257451,0.010257451,34.0,33.0,-1.0,0.2,0.2,0.0,0.20392679,0.15357915,-0.05034764
424,31659,22.0,8.0,-14.0,1.0,1.0,0.0,0.013224978,0.013224978,245.0,389.0,144.0,0.0,0.0,0.0,0.4157543,0.36470905,-0.05104524
425,31747,2.0,2.0,0.0,1.0,1.0,0.0,0.008560151,0.008560151,17.0,21.0,4.0,0.0,0.0,0.0,0.1554654,0.09740037,-0.058065027
426,31782,1.0,1.0,0.0,1.0,2.0,1.0,0.007208571,0.007208571,7.0,18.0,11.0,0.2,0.2,0.0,-0.06920946,0.015516281,0.08472574
427,31801,8.0,9.0,1.0,1.0,1.0,0.0,0.008821193,0.008821193,48.0,59.0,11.0,0.0,0.0,0.0,-0.16271538,-0.015684238,0.14703114
428,31837,2.0,1.0,-1.0,1.0,1.0,0.0,0.0055021793,0.0055021793,10.0,15.0,5.0,0.4,0.6,0.20000002,0.27622357,0.2825486,0.0063250363
429,31936,4.0,5.0,1.0,1.0,2.0,1.0,0.0040068924,0.0040068924,5.0,6.0,1.0,0.2,0.0,-0.2,0.15789254,0.08691453,-0.07097801
430,31964,1.0,1.0,0.0,1.0,1.0,0.0,0.009748772,0.009748772,1.0,2.0,1.0,0.2,0.2,0.0,0.568126,0.5228825,-0.0452435
431,32053,2.0,7.0,5.0,2.0,1.0,-1.0,0.0073766746,0.0073766746,56.0,39.0,-17.0,0.2,0.2,0.0,0.59702337,0.42962167,-0.1674017
432,32232,4.0,12.0,8.0,1.0,4.0,3.0,1.347065e-05,1.347065e-05,169.0,130.0,-39.0,0.2,0.2,0.0,0.028950471,0.09250583,0.06355536
433,32303,1.0,30.0,29.0,1.0,1.0,0.0,0.0016952641,0.0016952641,77.0,64.0,-13.0,0.2,0.2,0.0,0.16366826,0.19571118,0.03204292
434,32307,3.0,1.0,-2.0,2.0,2.0,0.0,0.010819521,0.010819521,2.0,2.0,0.0,0.6,0.6,0.0,0.122887515,0.18540864,0.06252112
435,32625,1.0,2.0,1.0,1.0,2.0,1.0,0.0051622726,0.0051622726,38.0,29.0,-9.0,0.2,0.2,0.0,0.04220049,0.059043694,0.016843203
436,32643,37.0,11.0,-26.0,3.0,3.0,0.0,0.0118217245,0.0118217245,159.0,171.0,12.0,0.0,0.0,0.0,-0.21897408,0.036903188,0.25587726
437,32716,1.0,1.0,0.0,1.0,1.0,0.0,-0.0019315071,-0.0019315071,44.0,32.0,-12.0,0.0,0.0,0.0,0.17062497,0.1948981,0.024273127
438,32771,39.0,49.0,10.0,7.0,8.0,1.0,0.011958491,0.011958491,21.0,8.0,-13.0,0.0,0.0,0.0,0.10615637,0.09646301,-0.009693362
439,32772,33.0,37.0,4.0,46.0,35.0,-11.0,0.010569876,0.010569876,2.0,4.0,2.0,0.2,0.2,0.0,0.11014867,0.08315027,-0.0269984
440,32857,4.0,6.0,2.0,1.0,1.0,0.0,0.007993907,0.007993907,364.0,350.0,-14.0,0.2,0.0,-0.2,0.23517129,0.10463684,-0.13053444
441,32891,7.0,6.0,-1.0,4.0,6.0,2.0,0.009451823,0.009451823,10.0,5.0,-5.0,0.2,0.4,0.2,0.2864366,0.34688103,0.060444444
442,32910,10.0,6.0,-4.0,41.0,38.0,-3.0,0.010585859,0.010585859,93.0,72.0,-21.0,0.0,0.2,0.2,0.045821056,0.2297882,0.18396714
443,33131,2.0,2.0,0.0,2.0,1.0,-1.0,0.007313885,0.007313885,16.0,6.0,-10.0,0.4,0.6,0.20000002,0.07861372,0.037896194,-0.040717527
444,33171,11.0,3.0,-8.0,8.0,7.0,-1.0,0.014581822,0.014581822,13.0,19.0,6.0,0.4,0.4,0.0,0.39225844,0.26349026,-0.12876818
445,33189,3.0,6.0,3.0,8.0,6.0,-2.0,0.0035547055,0.0035547055,805.0,714.0,-91.0,0.0,0.2,0.2,0.16658102,0.09560576,-0.07097526
446,33245,7.0,10.0,3.0,5.0,2.0,-3.0,0.0061849616,0.0061849616,145.0,141.0,-4.0,0.0,0.0,0.0,0.2682195,0.2861081,0.017888606
447,33289,4.0,4.0,0.0,8.0,6.0,-2.0,0.008683912,0.008683912,96.0,72.0,-24.0,0.0,0.0,0.0,0.2755614,0.46166143,0.18610004
448,33521,3.0,6.0,3.0,2.0,4.0,2.0,0.008288328,0.008288328,38.0,24.0,-14.0,0.0,0.0,0.0,0.32064173,0.41895893,0.098317206
449,33543,5.0,2.0,-3.0,1.0,1.0,0.0,0.0074265786,0.0074265786,3.0,5.0,2.0,0.6,0.6,0.0,0.46394637,0.42266026,-0.04128611
450,33752,12.0,2.0,-10.0,63.0,72.0,9.0,0.013324879,0.013324879,1.0,1.0,0.0,0.2,0.2,0.0,-0.0025627383,0.06316561,0.06572835
451,33813,3.0,2.0,-1.0,1.0,1.0,0.0,0.009652775,0.009652775,44.0,51.0,7.0,0.0,0.0,0.0,0.12752418,0.039732803,-0.08779138
452,33906,5.0,6.0,1.0,1.0,2.0,1.0,0.010198344,0.010198344,8.0,8.0,0.0,0.0,0.0,0.0,0.05787202,0.15107484,0.09320282
453,34068,5.0,5.0,0.0,2.0,2.0,0.0,0.012647975,0.012647975,2.0,3.0,1.0,0.2,0.2,0.0,0.3881621,0.43084666,0.042684555
454,34080,1.0,6.0,5.0,1.0,2.0,1.0,0.002080951,0.002080951,6.0,3.0,-3.0,0.0,0.2,0.2,0.35622126,0.50236857,0.14614731
455,34089,1.0,1.0,0.0,1.0,1.0,0.0,0.008472424,0.008472424,10.0,10.0,0.0,0.4,0.2,-0.2,0.013066202,0.017365903,0.0042997003
456,34126,1.0,1.0,0.0,1.0,1.0,0.0,0.008252673,0.008252673,16.0,25.0,9.0,0.4,0.4,0.0,0.36100617,0.50411254,0.14310637
457,34186,5.0,21.0,16.0,8.0,11.0,3.0,-0.0044118874,-0.0044118874,6.0,9.0,3.0,0.2,0.2,0.0,0.43034503,0.4720972,0.04175216
458,34238,1.0,1.0,0.0,1.0,1.0,0.0,0.013245821,0.013245821,3.0,1.0,-2.0,0.2,0.2,0.0,-0.062668614,0.089361966,0.15203059
459,34418,178.0,198.0,20.0,7.0,4.0,-3.0,0.011382662,0.011382662,116.0,234.0,118.0,0.0,0.0,0.0,0.22101255,0.1130131,-0.107999444
460,34603,1.0,3.0,2.0,13.0,17.0,4.0,0.0077098943,0.0077098943,26.0,51.0,25.0,0.2,0.2,0.0,0.40613967,0.50675,0.100610316
461,34751,1.0,1.0,0.0,1.0,1.0,0.0,0.0012673438,0.0012673438,44.0,5.0,-39.0,0.0,0.2,0.2,-0.08013165,0.050481204,0.13061285
462,34829,18.0,54.0,36.0,2.0,1.0,-1.0,0.008495599,0.008495599,16.0,13.0,-3.0,0.0,0.0,0.0,0.17723201,0.16690372,-0.010328293
463,34845,1.0,1.0,0.0,1.0,1.0,0.0,0.0039249435,0.0039249435,108.0,67.0,-41.0,0.0,0.0,0.0,0.11731415,0.3882961,0.27098194
464,34850,1.0,3.0,2.0,7.0,2.0,-5.0,0.0071456805,0.0071456805,232.0,222.0,-10.0,0.4,0.4,0.0,0.35145122,0.306466,-0.044985205
465,34874,10.0,17.0,7.0,1.0,1.0,0.0,0.0077646673,0.0077646673,36.0,41.0,5.0,0.0,0.0,0.0,0.39185712,0.25581306,-0.13604406
466,34975,13.0,24.0,11.0,8.0,8.0,0.0,0.006531559,0.006531559,59.0,45.0,-14.0,0.2,0.2,0.0,0.2090345,0.30078524,0.09175074
467,35094,18.0,5.0,-13.0,44.0,23.0,-21.0,0.022294508,0.022294508,2.0,2.0,0.0,0.2,0.2,0.0,0.25352994,0.15748318,-0.09604676
468,35129,2.0,1.0,-1.0,5.0,12.0,7.0,0.007784635,0.007784635,1.0,1.0,0.0,0.4,0.4,0.0,0.11428066,-0.048182443,-0.1624631
469,35743,1.0,1.0,0.0,1.0,1.0,0.0,0.0058726035,0.0058726035,1.0,1.0,0.0,0.2,0.2,0.0,0.53003466,0.6061991,0.076164424
470,35752,1.0,2.0,1.0,4.0,5.0,1.0,0.009875633,0.009875633,9.0,10.0,1.0,0.2,0.0,-0.2,0.24158587,0.2651462,0.02356033
471,35790,1.0,1.0,0.0,1.0,1.0,0.0,0.013391778,0.013391778,34.0,27.0,-7.0,0.0,0.0,0.0,0.009163181,-0.020087263,-0.029250443
472,35798,1.0,2.0,1.0,1.0,1.0,0.0,0.0112652145,0.0112652145,35.0,27.0,-8.0,0.2,0.2,0.0,0.6021557,0.39546034,-0.20669535
473,35986,1.0,1.0,0.0,1.0,1.0,0.0,-0.0016882308,-0.0016882308,126.0,21.0,-105.0,0.0,0.0,0.0,0.61194175,0.46788588,-0.14405587
474,36067,3.0,3.0,0.0,1.0,1.0,0.0,0.009979591,0.009979591,64.0,70.0,6.0,0.0,0.0,0.0,0.22162741,0.021599699,-0.20002772
475,36258,3.0,2.0,-1.0,1.0,1.0,0.0,0.013469301,0.013469301,2.0,2.0,0.0,0.2,0.2,0.0,0.18753591,0.2698037,0.08226779
476,36476,72.0,107.0,35.0,16.0,14.0,-2.0,0.009359235,0.009359235,71.0,59.0,-12.0,0.0,0.0,0.0,0.19347969,0.16721103,-0.026268661
477,36569,1.0,1.0,0.0,1.0,1.0,0.0,0.0075033195,0.0075033195,19.0,10.0,-9.0,0.0,0.0,0.0,0.09009292,-0.05335221,-0.14344513
478,36576,33.0,39.0,6.0,44.0,16.0,-28.0,0.009274712,0.009274712,40.0,26.0,-14.0,0.0,0.2,0.2,0.7021855,0.6688716,-0.03331393
479,36623,1.0,1.0,0.0,1.0,1.0,0.0,0.0077655166,0.0077655166,2.0,7.0,5.0,0.2,0.0,-0.2,0.56920475,0.56534266,-0.003862083
480,36629,1.0,1.0,0.0,12.0,6.0,-6.0,0.0037458949,0.0037458949,518.0,415.0,-103.0,0.0,0.0,0.0,-0.044978954,0.011802454,0.056781407
481,36682,1.0,1.0,0.0,1.0,1.0,0.0,0.008259695,0.008259695,5.0,6.0,1.0,0.2,0.0,-0.2,0.3120979,0.26809862,-0.043999285
482,36731,2.0,1.0,-1.0,1.0,1.0,0.0,0.013033014,0.013033014,382.0,218.0,-164.0,0.4,0.2,-0.2,0.6061651,0.67832404,0.07215893
483,36759,2.0,1.0,-1.0,1.0,1.0,0.0,0.00832814,0.00832814,24.0,13.0,-11.0,0.0,0.2,0.2,0.76047385,0.65933883,-0.101135015
484,36910,1.0,1.0,0.0,1.0,1.0,0.0,0.0068902336,0.0068902336,63.0,63.0,0.0,0.0,0.0,0.0,0.52521485,0.5369619,0.011747062
485,36945,1.0,1.0,0.0,1.0,1.0,0.0,0.001424592,0.001424592,4.0,3.0,-1.0,0.2,0.2,0.0,-0.36667502,-0.29847205,0.06820297
486,36974,1.0,1.0,0.0,1.0,1.0,0.0,0.0025930814,0.0025930814,329.0,388.0,59.0,0.0,0.0,0.0,-0.12785053,-0.12666969,0.0011808425
487,36978,6.0,5.0,-1.0,5.0,4.0,-1.0,0.006362278,0.006362278,14.0,7.0,-7.0,0.0,0.0,0.0,0.107310824,0.07418995,-0.03312087
488,37059,3.0,2.0,-1.0,4.0,5.0,1.0,0.011009574,0.011009574,26.0,33.0,7.0,0.0,0.0,0.0,-0.017444517,0.31943154,0.33687606
489,37221,6.0,10.0,4.0,1.0,2.0,1.0,0.005223345,0.005223345,47.0,58.0,11.0,0.0,0.0,0.0,0.04881347,0.021755787,-0.027057683
490,37224,1.0,1.0,0.0,4.0,2.0,-2.0,0.013846975,0.013846975,161.0,100.0,-61.0,0.0,0.0,0.0,0.31760085,0.51876897,0.20116812
491,37436,2.0,6.0,4.0,5.0,7.0,2.0,0.004128307,0.004128307,63.0,46.0,-17.0,0.2,0.2,0.0,0.45073494,0.5532533,0.10251835
492,37494,8.0,1.0,-7.0,9.0,3.0,-6.0,0.012428019,0.012428019,36.0,47.0,11.0,0.4,0.4,0.0,0.42699155,0.4972677,0.07027614
493,37608,1.0,1.0,0.0,1.0,2.0,1.0,0.00028068572,0.00028068572,50.0,71.0,21.0,0.4,0.6,0.20000002,0.5072509,0.47142398,-0.03582692
494,37736,60.0,27.0,-33.0,8.0,5.0,-3.0,0.012567816,0.012567816,17.0,6.0,-11.0,0.0,0.0,0.0,0.4325179,0.53886294,0.10634506
495,37801,1.0,1.0,0.0,1.0,1.0,0.0,0.0060681663,0.0060681663,322.0,363.0,41.0,0.0,0.0,0.0,-0.12403249,-0.20795353,-0.08392104
496,37927,2.0,1.0,-1.0,2.0,1.0,-1.0,0.009864964,0.009864964,26.0,13.0,-13.0,0.0,0.0,0.0,-0.041368753,-0.39865232,-0.35728356
497,38022,2.0,3.0,1.0,1.0,5.0,4.0,0.006140854,0.006140854,66.0,131.0,65.0,0.0,0.0,0.0,0.04370115,0.62226725,0.5785661
498,38025,30.0,13.0,-17.0,2.0,2.0,0.0,0.011384241,0.011384241,57.0,50.0,-7.0,0.0,0.0,0.0,-0.012007687,-0.018434787,-0.0064271
499,38060,1.0,3.0,2.0,2.0,4.0,2.0,0.0013785325,0.0013785325,5.0,3.0,-2.0,0.2,0.2,0.0,0.4387476,0.52053213,0.08178452
500,38246,1.0,1.0,0.0,1.0,1.0,0.0,0.013318177,0.013318177,5.0,7.0,2.0,0.2,0.2,0.0,-0.09713682,-0.10653793,-0.009401113
501,38278,1.0,1.0,0.0,1.0,3.0,2.0,0.008091651,0.008091651,144.0,135.0,-9.0,0.0,0.0,0.0,0.23762368,0.3900531,0.15242942
502,38297,13.0,6.0,-7.0,1.0,1.0,0.0,0.014474846,0.014474846,124.0,59.0,-65.0,0.2,0.2,0.0,0.49809325,0.4909448,-0.0071484447
503,38310,1.0,2.0,1.0,2.0,1.0,-1.0,0.010916945,0.010916945,50.0,51.0,1.0,0.0,0.0,0.0,0.21942921,0.07944645,-0.13998276
504,38358,1.0,1.0,0.0,1.0,1.0,0.0,0.008702967,0.008702967,134.0,114.0,-20.0,0.0,0.0,0.0,0.35012054,0.3557892,0.00566867
505,38483,32.0,25.0,-7.0,9.0,8.0,-1.0,0.012587255,0.012587255,55.0,49.0,-6.0,0.0,0.2,0.2,0.0063493084,0.10900365,0.10265434
506,38486,1.0,1.0,0.0,1.0,1.0,0.0,0.004430551,0.004430551,29.0,18.0,-11.0,0.0,0.0,0.0,-0.00740313,-0.105379716,-0.09797659
507,38494,1.0,2.0,1.0,1.0,1.0,0.0,-0.0036512315,-0.0036512315,1.0,1.0,0.0,0.2,0.2,0.0,0.28416413,0.20651251,-0.07765162
508,38641,15.0,18.0,3.0,3.0,3.0,0.0,0.008219615,0.008219615,299.0,308.0,9.0,0.2,0.2,0.0,0.21783961,0.3504549,0.13261528
509,38794,1.0,1.0,0.0,2.0,1.0,-1.0,0.013028245,0.013028245,8.0,5.0,-3.0,0.2,0.6,0.40000004,-0.0007273784,-0.044007543,-0.043280166
510,38817,1.0,1.0,0.0,1.0,1.0,0.0,-0.0045350604,-0.0045350604,34.0,18.0,-16.0,0.4,0.2,-0.2,0.4182694,0.37939414,-0.038875252
511,38829,7.0,2.0,-5.0,1.0,1.0,0.0,0.015298922,0.015298922,35.0,28.0,-7.0,0.2,0.2,0.0,0.6035694,0.7297043,0.12613493
512,38853,1.0,1.0,0.0,1.0,1.0,0.0,0.0060627423,0.0060627423,509.0,301.0,-208.0,0.4,0.2,-0.2,0.55651534,0.5165281,-0.039987206
513,38978,8.0,19.0,11.0,2.0,4.0,2.0,0.0056217816,0.0056217816,7.0,13.0,6.0,0.2,0.2,0.0,0.33347088,0.15541992,-0.17805097
514,39047,1.0,1.0,0.0,1.0,1.0,0.0,0.005359821,0.005359821,28.0,25.0,-3.0,0.0,0.0,0.0,0.5813158,0.61666197,0.03534615
515,39058,9.0,3.0,-6.0,7.0,8.0,1.0,0.016509168,0.016509168,5.0,17.0,12.0,0.2,0.0,-0.2,0.14719784,0.27953312,0.13233528
516,39095,1.0,1.0,0.0,1.0,1.0,0.0,0.011001289,0.011001289,164.0,113.0,-51.0,0.0,0.0,0.0,-0.030526407,-0.33481637,-0.30428997
517,39289,151.0,200.0,49.0,48.0,66.0,18.0,0.007814689,0.007814689,12.0,14.0,2.0,0.0,0.0,0.0,0.15397537,0.11331057,-0.0406648
518,39298,1.0,1.0,0.0,1.0,1.0,0.0,0.005540658,0.005540658,34.0,41.0,7.0,0.2,0.0,-0.2,0.69554067,0.6624684,-0.033072293
519,39369,1.0,2.0,1.0,1.0,1.0,0.0,0.0014318563,0.0014318563,16.0,22.0,6.0,0.0,0.0,0.0,0.1315247,-0.011711402,-0.1432361
520,39402,1.0,1.0,0.0,3.0,2.0,-1.0,0.0032409392,0.0032409392,3.0,3.0,0.0,0.4,0.4,0.0,-0.06439307,0.05595662,0.12034969
521,39509,1.0,8.0,7.0,1.0,1.0,0.0,0.0041894987,0.0041894987,1.0,1.0,0.0,0.4,0.4,0.0,0.18993054,-0.04141262,-0.23134317
522,39547,1.0,8.0,7.0,6.0,3.0,-3.0,0.0011961013,0.0011961013,722.0,691.0,-31.0,0.0,0.0,0.0,-0.43940434,-0.3325263,0.10687804
523,39553,1.0,1.0,0.0,2.0,4.0,2.0,-0.0006608479,-0.0006608479,26.0,20.0,-6.0,0.0,0.0,0.0,0.17397238,0.27483022,0.10085784
524,39841,1.0,2.0,1.0,2.0,2.0,0.0,0.0049186163,0.0049186163,1.0,1.0,0.0,0.4,0.4,0.0,0.05235942,0.01736106,-0.03499836
525,39997,1.0,1.0,0.0,1.0,1.0,0.0,0.01591722,0.01591722,37.0,35.0,-2.0,0.2,0.2,0.0,0.44451702,0.4040801,-0.040436924
526,40153,1.0,5.0,4.0,1.0,1.0,0.0,0.00096755475,0.00096755475,12.0,12.0,0.0,0.0,0.0,0.0,0.043439943,0.059058636,0.015618693
527,40235,6.0,6.0,0.0,4.0,4.0,0.0,0.0051832125,0.0051832125,2.0,2.0,0.0,0.2,0.2,0.0,0.23484889,-0.14400114,-0.37885004
528,40423,1.0,1.0,0.0,1.0,1.0,0.0,0.0065348446,0.0065348446,115.0,114.0,-1.0,0.0,0.2,0.2,0.07843094,0.20020786,0.121776916
529,40548,2.0,2.0,0.0,1.0,1.0,0.0,0.004267987,0.004267987,65.0,63.0,-2.0,0.2,0.2,0.0,0.22026406,-0.20365457,-0.42391863
530,40575,1.0,1.0,0.0,1.0,1.0,0.0,-0.001842048,-0.001842048,219.0,184.0,-35.0,0.2,0.2,0.0,0.4232816,0.4236641,0.000382483
531,40721,7.0,2.0,-5.0,2.0,3.0,1.0,0.015395876,0.015395876,96.0,67.0,-29.0,0.2,0.0,-0.2,0.07295414,0.030357588,-0.042596553
532,40770,1.0,1.0,0.0,1.0,1.0,0.0,0.012627948,0.012627948,9.0,6.0,-3.0,0.0,0.0,0.0,0.6665798,0.67956346,0.01298368
533,40840,4.0,15.0,11.0,1.0,1.0,0.0,0.007923868,0.007923868,1.0,1.0,0.0,0.2,0.2,0.0,0.2590366,0.32368997,0.06465337
534,40846,1.0,1.0,0.0,1.0,1.0,0.0,0.0031326264,0.0031326264,163.0,76.0,-87.0,0.0,0.2,0.2,0.49327102,0.31883365,-0.17443737
535,40909,1.0,1.0,0.0,1.0,1.0,0.0,0.01052589,0.01052589,30.0,20.0,-10.0,0.0,0.0,0.0,0.09387016,0.23980628,0.14593612
536,40920,1.0,1.0,0.0,2.0,6.0,4.0,0.007492952,0.007492952,26.0,20.0,-6.0,0.2,0.0,-0.2,-0.15484986,-0.16798635,-0.013136491
537,40924,1.0,1.0,0.0,1.0,1.0,0.0,0.008935176,0.008935176,3.0,10.0,7.0,0.4,0.2,-0.2,0.4350598,0.46270785,0.027648062
538,40935,17.0,6.0,-11.0,36.0,33.0,-3.0,0.012871042,0.012871042,46.0,29.0,-17.0,0.0,0.0,0.0,0.33878937,0.33123624,-0.0075531304
539,40979,17.0,7.0,-10.0,5.0,3.0,-2.0,0.015669756,0.015669756,167.0,137.0,-30.0,0.0,0.0,0.0,0.18101676,0.22620463,0.045187876
540,41056,1.0,2.0,1.0,3.0,1.0,-2.0,0.0038225874,0.0038225874,15.0,11.0,-4.0,0.6,0.6,0.0,0.30771327,0.41312405,0.105410784
541,41097,1.0,3.0,2.0,1.0,1.0,0.0,0.0044696294,0.0044696294,74.0,54.0,-20.0,0.0,0.0,0.0,0.091446035,0.018628193,-0.07281784
542,41116,19.0,6.0,-13.0,18.0,11.0,-7.0,0.011763368,0.011763368,24.0,18.0,-6.0,0.0,0.0,0.0,-0.060677413,0.023443758,0.08412117
543,41137,1.0,1.0,0.0,1.0,1.0,0.0,-0.000108819455,-0.000108819455,4.0,12.0,8.0,0.2,0.0,-0.2,0.46294105,0.36734584,-0.09559521
544,41162,3.0,1.0,-2.0,11.0,17.0,6.0,0.012277849,0.012277849,1.0,1.0,0.0,0.2,0.2,0.0,0.4808967,0.47437945,-0.0065172613
545,41482,10.0,10.0,0.0,53.0,26.0,-27.0,0.011356423,0.011356423,3.0,3.0,0.0,0.6,0.6,0.0,0.26441875,0.26992133,0.0055025816
546,41566,40.0,35.0,-5.0,25.0,19.0,-6.0,0.012664042,0.012664042,22.0,21.0,-1.0,0.0,0.0,0.0,0.33186486,0.30066797,-0.031196892
547,41574,1.0,1.0,0.0,1.0,1.0,0.0,0.006723888,0.006723888,18.0,10.0,-8.0,0.2,0.2,0.0,0.36083168,0.34927344,-0.011558235
548,41623,5.0,1.0,-4.0,2.0,4.0,2.0,0.01395409,0.01395409,2.0,2.0,0.0,0.2,0.2,0.0,0.020085292,-0.025243368,-0.04532866
549,41653,2.0,2.0,0.0,1.0,5.0,4.0,0.006216936,0.006216936,3.0,8.0,5.0,0.4,0.4,0.0,0.7216111,0.71698636,-0.0046247244
550,41710,2.0,3.0,1.0,1.0,1.0,0.0,-0.0012830049,-0.0012830049,3.0,1.0,-2.0,0.2,0.2,0.0,-0.13212198,-0.019195642,0.112926334
551,41778,4.0,5.0,1.0,13.0,21.0,8.0,0.006892193,0.006892193,1.0,1.0,0.0,0.2,0.2,0.0,-0.075324416,-0.17643285,-0.10110843
552,41814,1.0,1.0,0.0,1.0,1.0,0.0,0.014153201,0.014153201,356.0,315.0,-41.0,0.2,0.2,0.0,0.18429317,0.3237025,0.13940935
553,41927,7.0,22.0,15.0,2.0,1.0,-1.0,0.004407678,0.004407678,2.0,2.0,0.0,0.2,0.2,0.0,0.10473127,0.22843239,0.12370112
554,41934,1.0,1.0,0.0,1.0,1.0,0.0,0.0029051453,0.0029051453,84.0,68.0,-16.0,0.0,0.0,0.0,0.41086397,0.50789416,0.09703019
555,42007,9.0,5.0,-4.0,1.0,1.0,0.0,0.010779332,0.010779332,73.0,47.0,-26.0,0.0,0.2,0.2,0.065009765,0.09949497,0.034485206
556,42126,1.0,1.0,0.0,1.0,1.0,0.0,0.0041884407,0.0041884407,11.0,22.0,11.0,0.2,0.2,0.0,0.38844493,0.21237296,-0.17607197
557,42166,1.0,2.0,1.0,1.0,1.0,0.0,0.0031545162,0.0031545162,77.0,94.0,17.0,0.0,0.0,0.0,0.44314298,0.57803684,0.13489386
558,42171,1.0,1.0,0.0,1.0,1.0,0.0,0.0037098005,0.0037098005,78.0,52.0,-26.0,0.2,0.2,0.0,0.2761072,0.12505807,-0.15104912
559,42214,1.0,1.0,0.0,1.0,1.0,0.0,0.0022915602,0.0022915602,141.0,121.0,-20.0,0.2,0.0,-0.2,0.5556499,0.44301713,-0.11263275
560,42224,1.0,2.0,1.0,1.0,1.0,0.0,0.0009943545,0.0009943545,313.0,321.0,8.0,0.0,0.0,0.0,0.12045493,0.11004812,-0.010406807
561,42238,1.0,2.0,1.0,3.0,1.0,-2.0,0.0024344288,0.0024344288,17.0,24.0,7.0,0.0,0.0,0.0,0.1390898,0.12936457,-0.009725228
562,42299,3.0,3.0,0.0,1.0,1.0,0.0,0.003543388,0.003543388,129.0,73.0,-56.0,0.0,0.0,0.0,0.21065965,0.076140925,-0.13451873
563,42473,1.0,2.0,1.0,1.0,1.0,0.0,0.00932895,0.00932895,433.0,311.0,-122.0,0.0,0.0,0.0,0.4204863,0.41214612,-0.00834018
564,42563,1.0,1.0,0.0,1.0,1.0,0.0,0.012185153,0.012185153,9.0,5.0,-4.0,0.0,0.2,0.2,0.25845265,0.37492937,0.116476715
565,42642,17.0,17.0,0.0,18.0,10.0,-8.0,0.015040463,0.015040463,42.0,36.0,-6.0,0.0,0.0,0.0,0.0011502032,0.06764706,0.06649686
566,42648,125.0,83.0,-42.0,16.0,34.0,18.0,0.009623092,0.009623092,246.0,318.0,72.0,0.2,0.2,0.0,0.5660279,-0.24430996,-0.81033784
567,42697,2.0,1.0,-1.0,1.0,2.0,1.0,0.008496854,0.008496854,292.0,113.0,-179.0,0.0,0.0,0.0,0.14601351,0.105684355,-0.04032916
568,42781,46.0,13.0,-33.0,9.0,4.0,-5.0,0.019339569,0.019339569,69.0,61.0,-8.0,0.0,0.0,0.0,4.6599158e-05,0.09158673,0.091540135
569,42851,1.0,10.0,9.0,1.0,1.0,0.0,-0.006748732,-0.006748732,358.0,212.0,-146.0,0.0,0.0,0.0,0.023253074,0.034097355,0.010844281
570,42912,4.0,10.0,6.0,7.0,7.0,0.0,0.0030228943,0.0030228943,232.0,109.0,-123.0,0.0,0.2,0.2,0.0796785,0.034088764,-0.045589734
571,42946,11.0,5.0,-6.0,2.0,2.0,0.0,0.008290276,0.008290276,1.0,1.0,0.0,0.2,0.2,0.0,0.5202911,0.55172014,0.031429052
572,42980,1.0,1.0,0.0,1.0,1.0,0.0,0.012568712,0.012568712,10.0,18.0,8.0,0.4,0.4,0.0,0.17952459,-0.036923178,-0.21644777
573,43107,6.0,6.0,0.0,5.0,4.0,-1.0,0.011336897,0.011336897,127.0,100.0,-27.0,0.2,0.2,0.0,0.011309769,-0.16747752,-0.17878729
574,43156,1.0,4.0,3.0,1.0,1.0,0.0,0.0054907165,0.0054907165,67.0,45.0,-22.0,0.0,0.2,0.2,0.22769143,0.2829607,0.055269286
575,43157,1.0,1.0,0.0,1.0,1.0,0.0,0.014150601,0.014150601,6.0,6.0,0.0,0.0,0.0,0.0,0.5741339,0.6912064,0.11707252
576,43159,1.0,1.0,0.0,6.0,1.0,-5.0,0.015599228,0.015599228,4.0,2.0,-2.0,0.2,0.2,0.0,0.22399102,0.3289563,0.104965284
577,43164,1.0,2.0,1.0,2.0,2.0,0.0,-0.00033242255,-0.00033242255,211.0,82.0,-129.0,0.0,0.0,0.0,-0.14713633,-0.17526457,-0.028128237
578,43224,4.0,4.0,0.0,1.0,1.0,0.0,0.003974743,0.003974743,176.0,100.0,-76.0,0.0,0.0,0.0,0.09811044,0.18643002,0.088319585
579,43250,10.0,24.0,14.0,4.0,2.0,-2.0,0.0038664266,0.0038664266,13.0,14.0,1.0,0.2,0.2,0.0,0.090717815,0.095092066,0.004374251
580,43288,1.0,7.0,6.0,1.0,1.0,0.0,0.0048816614,0.0048816614,31.0,49.0,18.0,0.0,0.0,0.0,0.054900073,0.20727909,0.152379
581,43428,5.0,3.0,-2.0,1.0,1.0,0.0,0.0128372535,0.0128372535,4.0,7.0,3.0,0.6,0.4,-0.20000002,0.420144,0.47130868,0.051164687
582,43429,1.0,1.0,0.0,1.0,1.0,0.0,0.01044558,0.01044558,23.0,16.0,-7.0,0.2,0.2,0.0,0.59290457,0.47588053,-0.117024034
583,43445,2.0,2.0,0.0,1.0,1.0,0.0,0.0012279674,0.0012279674,1.0,1.0,0.0,0.2,0.2,0.0,-0.026798453,-0.3098256,-0.28302714
584,43465,10.0,28.0,18.0,11.0,11.0,0.0,0.0065164044,0.0065164044,92.0,92.0,0.0,0.0,0.0,0.0,-0.017243207,-0.04063116,-0.023387954
585,43500,1.0,1.0,0.0,2.0,3.0,1.0,0.010617938,0.010617938,13.0,13.0,0.0,0.2,0.0,-0.2,0.38664147,0.40241724,0.01577577
586,43619,1.0,1.0,0.0,1.0,3.0,2.0,0.009199712,0.009199712,5.0,4.0,-1.0,0.2,0.2,0.0,0.19935441,0.115181886,-0.084172525
587,43675,1.0,1.0,0.0,1.0,1.0,0.0,0.0061192513,0.0061192513,208.0,138.0,-70.0,0.0,0.0,0.0,0.02927347,0.18271673,0.15344326
588,43689,1.0,1.0,0.0,6.0,7.0,1.0,0.010702305,0.010702305,6.0,7.0,1.0,0.2,0.2,0.0,0.359411,0.38593078,0.026519775
589,43746,6.0,1.0,-5.0,2.0,1.0,-1.0,0.012687694,0.012687694,29.0,26.0,-3.0,0.0,0.0,0.0,0.21852578,0.24937001,0.030844226
590,43818,1.0,1.0,0.0,1.0,1.0,0.0,0.0010276474,0.0010276474,61.0,101.0,40.0,0.2,0.2,0.0,0.43584657,0.42778563,-0.008060932
591,43820,1.0,1.0,0.0,1.0,1.0,0.0,0.0039457455,0.0039457455,7.0,2.0,-5.0,0.0,0.2,0.2,-0.14427692,0.5201324,0.66440934
592,43852,24.0,14.0,-10.0,19.0,17.0,-2.0,0.012396982,0.012396982,66.0,53.0,-13.0,0.0,0.0,0.0,0.66218734,0.5928414,-0.06934595
593,43950,1.0,2.0,1.0,2.0,2.0,0.0,0.0068151467,0.0068151467,18.0,37.0,19.0,0.0,0.0,0.0,0.74576765,0.48794162,-0.25782603
594,43984,1.0,1.0,0.0,1.0,1.0,0.0,0.012940049,0.012940049,9.0,3.0,-6.0,0.2,0.4,0.2,-0.24191847,0.2842823,0.5262008
595,44052,1.0,1.0,0.0,1.0,1.0,0.0,-0.0012651458,-0.0012651458,1.0,1.0,0.0,0.2,0.2,0.0,0.34078726,0.36289817,0.02211091
596,44097,3.0,4.0,1.0,1.0,2.0,1.0,0.002782166,0.002782166,34.0,15.0,-19.0,0.0,0.2,0.2,0.10977783,-0.051093124,-0.16087095
597,44107,7.0,7.0,0.0,15.0,18.0,3.0,0.00914049,0.00914049,662.0,546.0,-116.0,0.0,0.0,0.0,-0.030251017,0.015896743,0.04614776
598,44138,3.0,1.0,-2.0,2.0,2.0,0.0,0.013730448,0.013730448,3.0,3.0,0.0,0.6,0.6,0.0,0.3863968,0.30325273,-0.08314407
599,44144,20.0,32.0,12.0,1.0,1.0,0.0,0.0068181977,0.0068181977,46.0,27.0,-19.0,0.0,0.2,0.2,0.057189032,0.035340227,-0.021848805
600,44184,50.0,208.0,158.0,4.0,10.0,6.0,0.00014960393,0.00014960393,163.0,97.0,-66.0,0.0,0.0,0.0,-0.34504598,-0.35699967,-0.011953682
601,44324,1.0,1.0,0.0,1.0,1.0,0.0,0.01567217,0.01567217,304.0,204.0,-100.0,0.0,0.0,0.0,0.38298547,0.41597632,0.032990843
602,44339,1.0,2.0,1.0,1.0,1.0,0.0,0.0054995343,0.0054995343,33.0,8.0,-25.0,0.0,0.0,0.0,0.49937022,0.539102,0.0397318
603,44369,23.0,16.0,-7.0,2.0,2.0,0.0,0.012352301,0.012352301,3.0,2.0,-1.0,0.2,0.2,0.0,0.41153726,0.35952315,-0.052014112
604,44412,1.0,1.0,0.0,2.0,1.0,-1.0,0.012109522,0.012109522,184.0,144.0,-40.0,0.0,0.0,0.0,0.16053966,0.061644293,-0.09889536
605,44705,87.0,23.0,-64.0,17.0,13.0,-4.0,0.015531123,0.015531123,252.0,173.0,-79.0,0.0,0.0,0.0,0.0978083,0.058123067,-0.039685234
606,44720,1.0,1.0,0.0,1.0,1.0,0.0,-0.0011375993,-0.0011375993,85.0,70.0,-15.0,0.0,0.0,0.0,0.053988345,0.29932407,0.24533573
607,44729,11.0,14.0,3.0,1.0,1.0,0.0,0.011997424,0.011997424,165.0,98.0,-67.0,0.0,0.0,0.0,0.15520401,0.14362542,-0.01157859
608,44736,8.0,6.0,-2.0,1.0,1.0,0.0,0.0065614358,0.0065614358,298.0,309.0,11.0,0.0,0.0,0.0,-0.13032305,-0.14330594,-0.01298289
609,44844,1.0,1.0,0.0,1.0,1.0,0.0,0.009527877,0.009527877,115.0,187.0,72.0,0.0,0.0,0.0,0.17346433,-0.010870167,-0.1843345
610,44971,292.0,278.0,-14.0,363.0,313.0,-50.0,0.011071661,0.011071661,24.0,29.0,5.0,0.0,0.0,0.0,0.14116411,0.29454517,0.15338106
611,44980,1.0,1.0,0.0,1.0,1.0,0.0,0.008048493,0.008048493,84.0,75.0,-9.0,0.2,0.2,0.0,0.22226457,0.18201701,-0.04024756
612,45129,2.0,3.0,1.0,1.0,1.0,0.0,0.006562397,0.006562397,473.0,260.0,-213.0,0.0,0.0,0.0,0.28137398,0.25117016,-0.03020382
613,45213,5.0,25.0,20.0,1.0,1.0,0.0,0.002025228,0.002025228,36.0,32.0,-4.0,0.2,0.2,0.0,0.12578438,0.1309429,0.005158514
614,45356,1.0,1.0,0.0,1.0,1.0,0.0,-0.0068055615,-0.0068055615,206.0,70.0,-136.0,0.2,0.0,-0.2,0.54656583,0.5505217,0.003955841
615,45595,8.0,7.0,-1.0,155.0,176.0,21.0,0.0089971665,0.0089971665,359.0,265.0,-94.0,0.0,0.0,0.0,-0.0010803989,-0.028900612,-0.027820213
616,45632,3.0,1.0,-2.0,4.0,3.0,-1.0,0.014493488,0.014493488,9.0,10.0,1.0,0.0,0.0,0.0,0.25563222,0.2142497,-0.04138252
617,45746,42.0,61.0,19.0,15.0,11.0,-4.0,0.009544563,0.009544563,160.0,146.0,-14.0,0.0,0.0,0.0,0.13077118,0.18232214,0.05155097
618,45750,57.0,36.0,-21.0,5.0,6.0,1.0,0.014683533,0.014683533,81.0,95.0,14.0,0.0,0.0,0.0,0.5406224,0.5785205,0.037898064
619,45837,11.0,30.0,19.0,2.0,4.0,2.0,0.003093008,0.003093008,300.0,332.0,32.0,0.0,0.0,0.0,-0.27180102,-0.16628224,0.10551879
620,45843,17.0,11.0,-6.0,7.0,4.0,-3.0,0.011516705,0.011516705,237.0,202.0,-35.0,0.2,0.4,0.2,0.77620435,0.78147054,0.0052661896
621,45945,34.0,51.0,17.0,27.0,24.0,-3.0,0.007094756,0.007094756,206.0,284.0,78.0,0.0,0.2,0.2,0.100426,0.110257894,0.00983189
622,45981,5.0,2.0,-3.0,8.0,9.0,1.0,0.011183292,0.011183292,65.0,77.0,12.0,0.2,0.2,0.0,-0.10370221,-0.14340429,-0.03970208
623,45982,11.0,12.0,1.0,4.0,2.0,-2.0,0.010685589,0.010685589,283.0,178.0,-105.0,0.2,0.2,0.0,0.19529554,0.2983787,0.10308316
624,45999,2.0,2.0,0.0,1.0,1.0,0.0,0.008668516,0.008668516,32.0,58.0,26.0,0.0,0.0,0.0,0.092507735,0.23584118,0.14333345
625,46002,2.0,4.0,2.0,12.0,11.0,-1.0,0.011665639,0.011665639,156.0,174.0,18.0,0.2,0.2,0.0,-0.016850712,0.054876696,0.07172741
626,46036,2.0,3.0,1.0,1.0,1.0,0.0,0.0070876293,0.0070876293,6.0,6.0,0.0,0.2,0.2,0.0,0.106669,0.047781076,-0.058887925
627,46101,5.0,10.0,5.0,1.0,1.0,0.0,0.0029732026,0.0029732026,174.0,192.0,18.0,0.0,0.0,0.0,0.68072724,0.49220982,-0.18851742
628,46136,36.0,27.0,-9.0,53.0,52.0,-1.0,0.009731401,0.009731401,4.0,3.0,-1.0,0.6,0.6,0.0,0.008608527,0.02973078,0.021122254
629,46150,3.0,5.0,2.0,4.0,4.0,0.0,0.007885125,0.007885125,112.0,101.0,-11.0,0.0,0.0,0.0,0.35927743,0.358737,-0.0005404353
630,46160,1.0,1.0,0.0,1.0,1.0,0.0,0.00092998147,0.00092998147,79.0,41.0,-38.0,0.2,0.2,0.0,0.43071875,0.6051644,0.17444566
631,46274,2.0,2.0,0.0,1.0,1.0,0.0,0.010027945,0.010027945,167.0,162.0,-5.0,0.0,0.2,0.2,0.19843143,0.288484,0.090052575
632,46321,1.0,1.0,0.0,1.0,1.0,0.0,-0.0053191483,-0.0053191483,230.0,114.0,-116.0,0.0,0.0,0.0,0.18669564,0.23686588,0.050170243
633,46372,13.0,35.0,22.0,1.0,1.0,0.0,0.005854573,0.005854573,9.0,9.0,0.0,0.0,0.0,0.0,0.14777261,0.051664215,-0.09610839
634,46380,1.0,3.0,2.0,1.0,1.0,0.0,-2.6375055e-05,-2.6375055e-05,6.0,2.0,-4.0,0.0,0.2,0.2,0.43889102,0.4624316,0.023540586
635,46460,2.0,1.0,-1.0,1.0,1.0,0.0,0.0071521774,0.0071521774,31.0,24.0,-7.0,0.0,0.0,0.0,0.2855874,0.5628347,0.27724728
636,46462,1.0,1.0,0.0,1.0,1.0,0.0,0.0075809397,0.0075809397,11.0,12.0,1.0,0.2,0.2,0.0,-0.26416075,-0.2745002,-0.010339439
637,46480,1.0,1.0,0.0,1.0,1.0,0.0,0.009101488,0.009101488,55.0,19.0,-36.0,0.2,0.2,0.0,0.46586412,0.318912,-0.14695212
638,46523,3.0,1.0,-2.0,1.0,1.0,0.0,0.011877511,0.011877511,45.0,35.0,-10.0,0.0,0.0,0.0,0.37526438,0.2562259,-0.11903846
639,46642,1.0,2.0,1.0,1.0,1.0,0.0,0.005414482,0.005414482,98.0,65.0,-33.0,0.2,0.2,0.0,0.259671,0.17452726,-0.085143745
640,46661,5.0,1.0,-4.0,4.0,6.0,2.0,0.014970183,0.014970183,651.0,691.0,40.0,0.0,0.0,0.0,-0.01557862,0.08787714,0.10345576
641,46806,27.0,23.0,-4.0,1.0,1.0,0.0,0.009531323,0.009531323,142.0,244.0,102.0,0.2,0.2,0.0,-0.29090232,-0.08476677,0.20613554
642,46835,1.0,1.0,0.0,1.0,1.0,0.0,0.014296208,0.014296208,27.0,19.0,-8.0,0.2,0.2,0.0,0.75349057,0.8397058,0.08621526
643,46861,1.0,1.0,0.0,1.0,1.0,0.0,0.008920874,0.008920874,5.0,3.0,-2.0,0.2,0.2,0.0,0.42153808,0.27175963,-0.14977846
644,47033,10.0,5.0,-5.0,2.0,1.0,-1.0,0.011553578,0.011553578,24.0,22.0,-2.0,0.4,0.4,0.0,0.5673955,0.57881117,0.01141566
645,47070,7.0,7.0,0.0,3.0,2.0,-1.0,0.0073373467,0.0073373467,15.0,24.0,9.0,0.0,0.0,0.0,0.44881603,0.38372958,-0.065086454
646,47099,1.0,1.0,0.0,1.0,1.0,0.0,0.009770464,0.009770464,3.0,4.0,1.0,0.2,0.2,0.0,0.18751605,0.27154222,0.08402617
647,47200,2.0,3.0,1.0,4.0,6.0,2.0,0.005919896,0.005919896,61.0,32.0,-29.0,0.4,0.2,-0.2,0.29610947,0.24713708,-0.048972383
648,47290,10.0,5.0,-5.0,5.0,6.0,1.0,0.00898866,0.00898866,1.0,1.0,0.0,0.2,0.2,0.0,0.43549705,0.4640867,0.028589666
649,47293,15.0,11.0,-4.0,3.0,1.0,-2.0,0.011275139,0.011275139,11.0,14.0,3.0,0.0,0.2,0.2,0.35077882,0.45858273,0.10780391
650,47321,11.0,2.0,-9.0,2.0,2.0,0.0,0.010779973,0.010779973,184.0,116.0,-68.0,0.2,0.2,0.0,0.07630802,0.06468285,-0.011625171
651,47408,2.0,1.0,-1.0,3.0,11.0,8.0,0.005001262,0.005001262,142.0,178.0,36.0,0.0,0.0,0.0,0.46134233,0.42470917,-0.036633164
652,47598,1.0,1.0,0.0,7.0,6.0,-1.0,0.009469897,0.009469897,48.0,62.0,14.0,0.0,0.0,0.0,0.10750863,0.16343838,0.05592975
653,47600,5.0,12.0,7.0,3.0,10.0,7.0,0.0026459768,0.0026459768,508.0,388.0,-120.0,0.2,0.2,0.0,0.23665285,0.3374213,0.10076845
654,47614,41.0,91.0,50.0,14.0,26.0,12.0,0.0040771645,0.0040771645,337.0,228.0,-109.0,0.2,0.0,-0.2,0.15394117,-0.09226074,-0.2462019
655,47656,3.0,5.0,2.0,2.0,2.0,0.0,0.008222073,0.008222073,46.0,38.0,-8.0,0.0,0.0,0.0,0.16738442,0.11493086,-0.052453555
656,47687,1.0,1.0,0.0,1.0,1.0,0.0,0.006722808,0.006722808,60.0,75.0,15.0,0.0,0.0,0.0,0.14341736,0.2162508,0.07283345
657,48157,38.0,38.0,0.0,10.0,7.0,-3.0,0.010287562,0.010287562,50.0,63.0,13.0,0.0,0.0,0.0,0.050579812,-0.15261056,-0.20319037
658,48260,2.0,2.0,0.0,2.0,2.0,0.0,0.010282189,0.010282189,194.0,165.0,-29.0,0.0,0.0,0.0,-0.025111526,-0.02364448,0.0014670454
659,48374,11.0,19.0,8.0,8.0,12.0,4.0,0.0038824156,0.0038824156,20.0,21.0,1.0,0.0,0.2,0.2,0.16617322,0.10321935,-0.06295387
660,48379,4.0,1.0,-3.0,3.0,2.0,-1.0,0.016999193,0.016999193,109.0,117.0,8.0,0.0,0.0,0.0,0.03694153,0.0994352,0.062493674
661,48393,1.0,1.0,0.0,1.0,1.0,0.0,0.002571106,0.002571106,36.0,22.0,-14.0,0.0,0.0,0.0,0.11794765,-0.009345487,-0.12729314
662,48422,1.0,2.0,1.0,2.0,2.0,0.0,0.0019146651,0.0019146651,607.0,410.0,-197.0,0.0,0.0,0.0,0.39064822,0.42858595,0.03793773
663,48508,4.0,2.0,-2.0,22.0,7.0,-15.0,0.02127792,0.02127792,15.0,13.0,-2.0,0.2,0.2,0.0,0.11835342,0.19358796,0.07523454
664,48530,9.0,8.0,-1.0,6.0,9.0,3.0,0.011388008,0.011388008,76.0,46.0,-30.0,0.0,0.0,0.0,0.30003744,0.019065375,-0.28097206
665,48617,8.0,15.0,7.0,7.0,17.0,10.0,0.0031524375,0.0031524375,182.0,106.0,-76.0,0.0,0.0,0.0,0.074809484,0.08155382,0.0067443326
666,48618,2.0,2.0,0.0,1.0,1.0,0.0,0.008443914,0.008443914,38.0,14.0,-24.0,0.0,0.0,0.0,0.32801098,0.20298271,-0.12502827
667,48622,8.0,38.0,30.0,1.0,1.0,0.0,0.0033298768,0.0033298768,93.0,71.0,-22.0,0.0,0.0,0.0,0.0070258346,0.112177975,0.10515214
668,48679,32.0,14.0,-18.0,23.0,9.0,-14.0,0.014404461,0.014404461,4.0,9.0,5.0,0.2,0.0,-0.2,0.16032837,0.115656085,-0.044672288
669,48681,19.0,11.0,-8.0,2.0,6.0,4.0,0.0131642,0.0131642,74.0,66.0,-8.0,0.2,0.2,0.0,0.31086418,0.2315777,-0.079286486
670,48802,1.0,1.0,0.0,1.0,1.0,0.0,0.009483296,0.009483296,40.0,27.0,-13.0,0.0,0.0,0.0,0.25548673,0.3975695,0.14208278
671,48832,5.0,2.0,-3.0,1.0,1.0,0.0,0.011685114,0.011685114,6.0,8.0,2.0,0.0,0.0,0.0,0.40132245,0.381498,-0.019824445
672,48839,11.0,41.0,30.0,1.0,1.0,0.0,0.0011986308,0.0011986308,348.0,214.0,-134.0,0.0,0.2,0.2,0.6302506,0.55919397,-0.071056604
673,49076,15.0,9.0,-6.0,2.0,3.0,1.0,0.011335045,0.011335045,29.0,43.0,14.0,0.2,0.2,0.0,-0.08280191,-0.09076402,-0.007962115
674,49152,1.0,4.0,3.0,8.0,9.0,1.0,0.0039562546,0.0039562546,6.0,3.0,-3.0,0.0,0.2,0.2,0.16829799,-0.076013215,-0.24431121
675,49156,41.0,129.0,88.0,16.0,7.0,-9.0,0.0066082682,0.0066082682,15.0,16.0,1.0,0.0,0.0,0.0,0.498111,0.4182235,-0.07988751
676,49234,22.0,10.0,-12.0,4.0,1.0,-3.0,0.0113209,0.0113209,309.0,201.0,-108.0,0.0,0.0,0.0,0.13844614,-0.014757292,-0.15320343
677,49466,1.0,1.0,0.0,1.0,1.0,0.0,0.014172126,0.014172126,382.0,292.0,-90.0,0.2,0.2,0.0,0.18555872,0.18533075,-0.00022797287
678,49480,4.0,4.0,0.0,12.0,18.0,6.0,0.001689069,0.001689069,37.0,59.0,22.0,0.2,0.2,0.0,-0.049151875,0.0666892,0.115841076
679,49622,1.0,1.0,0.0,1.0,1.0,0.0,0.0015394129,0.0015394129,289.0,308.0,19.0,0.0,0.0,0.0,0.15832351,0.17889443,0.020570919
680,49731,1.0,1.0,0.0,5.0,4.0,-1.0,0.016216006,0.016216006,269.0,260.0,-9.0,0.0,0.0,0.0,0.066753976,0.040307697,-0.02644628
681,49923,1.0,1.0,0.0,1.0,1.0,0.0,0.0059611835,0.0059611835,7.0,8.0,1.0,0.2,0.2,0.0,0.421703,0.26905528,-0.15264773
682,49944,1.0,4.0,3.0,1.0,1.0,0.0,0.0052039623,0.0052039623,56.0,32.0,-24.0,0.2,0.4,0.2,0.69453144,0.5710805,-0.123450935
683,49955,2.0,10.0,8.0,1.0,1.0,0.0,0.010464013,0.010464013,29.0,24.0,-5.0,0.2,0.2,0.0,0.018643586,0.080323294,0.061679706
684,49957,2.0,6.0,4.0,1.0,2.0,1.0,0.0041733347,0.0041733347,195.0,160.0,-35.0,0.0,0.0,0.0,-0.1493573,-0.060286626,0.08907068
685,49969,2.0,2.0,0.0,2.0,1.0,-1.0,0.007839698,0.007839698,25.0,17.0,-8.0,0.0,0.4,0.4,0.45542592,0.56082433,0.10539842
686,49979,2.0,2.0,0.0,2.0,2.0,0.0,0.009293772,0.009293772,17.0,23.0,6.0,0.0,0.0,0.0,0.022934971,0.16192299,0.13898802
687,50026,2.0,8.0,6.0,1.0,3.0,2.0,0.0027019158,0.0027019158,78.0,78.0,0.0,0.0,0.0,0.0,0.27349344,0.41330048,0.13980705
688,50114,5.0,9.0,4.0,5.0,2.0,-3.0,0.01331266,0.01331266,7.0,6.0,-1.0,0.0,0.0,0.0,0.05446357,0.019391285,-0.035072282
689,50170,3.0,2.0,-1.0,1.0,1.0,0.0,0.013030224,0.013030224,24.0,47.0,23.0,0.2,0.0,-0.2,0.17726243,0.07410658,-0.103155844
690,50500,15.0,9.0,-6.0,6.0,16.0,10.0,0.008708119,0.008708119,444.0,360.0,-84.0,0.2,0.0,-0.2,0.19907622,0.180107,-0.018969223
691,50653,1.0,1.0,0.0,1.0,1.0,0.0,0.007813562,0.007813562,288.0,184.0,-104.0,0.0,0.0,0.0,0.05656369,-0.0071605537,-0.06372424
692,50734,2.0,3.0,1.0,1.0,1.0,0.0,0.007127855,0.007127855,222.0,123.0,-99.0,0.0,0.0,0.0,0.5484627,0.57580096,0.027338266
693,50755,1.0,1.0,0.0,13.0,12.0,-1.0,0.012196649,0.012196649,1.0,1.0,0.0,0.2,0.2,0.0,-0.0611777,-0.036965124,0.024212576
694,50811,1.0,2.0,1.0,2.0,2.0,0.0,-0.0054161362,-0.0054161362,67.0,62.0,-5.0,0.0,0.0,0.0,0.009109676,0.09738918,0.0882795
695,50882,1.0,1.0,0.0,1.0,1.0,0.0,0.011231564,0.011231564,114.0,137.0,23.0,0.2,0.2,0.0,0.3980691,0.49432167,0.09625256
696,51051,3.0,13.0,10.0,2.0,2.0,0.0,0.0009997822,0.0009997822,204.0,116.0,-88.0,0.0,0.0,0.0,0.08961092,0.10647964,0.016868718
697,51052,3.0,4.0,1.0,3.0,4.0,1.0,0.005824648,0.005824648,309.0,271.0,-38.0,0.2,0.0,-0.2,0.27609542,0.13304996,-0.14304546
698,51062,1.0,1.0,0.0,1.0,1.0,0.0,0.006672725,0.006672725,171.0,110.0,-61.0,0.4,0.2,-0.2,0.016309796,-0.080611445,-0.09692124
699,51077,1.0,1.0,0.0,1.0,1.0,0.0,0.0021396875,0.0021396875,411.0,280.0,-131.0,0.0,0.0,0.0,0.14042188,0.16569695,0.025275066
700,51148,2.0,3.0,1.0,1.0,1.0,0.0,0.0002168268,0.0002168268,63.0,44.0,-19.0,0.2,0.2,0.0,0.1514437,0.25395167,0.102507964
701,51171,1.0,1.0,0.0,1.0,1.0,0.0,0.006991744,0.006991744,521.0,383.0,-138.0,0.0,0.0,0.0,0.018855048,0.09908855,0.0802335
702,51185,1.0,2.0,1.0,1.0,1.0,0.0,0.004696425,0.004696425,83.0,66.0,-17.0,0.0,0.0,0.0,0.038814522,0.19523625,0.15642172
703,51521,2.0,1.0,-1.0,11.0,14.0,3.0,0.012022946,0.012022946,61.0,59.0,-2.0,0.0,0.0,0.0,0.08920173,0.08673532,-0.0024664104
704,51745,4.0,7.0,3.0,2.0,2.0,0.0,0.004311867,0.004311867,302.0,497.0,195.0,0.0,0.0,0.0,-0.13724303,-0.09666546,0.040577576
705,51788,25.0,17.0,-8.0,6.0,5.0,-1.0,0.010019155,0.010019155,347.0,386.0,39.0,0.0,0.0,0.0,0.64630127,0.16174151,-0.48455977
706,51843,1.0,1.0,0.0,1.0,1.0,0.0,0.00893138,0.00893138,70.0,43.0,-27.0,0.0,0.0,0.0,0.45775008,0.22793797,-0.22981212
707,51907,10.0,31.0,21.0,2.0,3.0,1.0,0.008387383,0.008387383,85.0,88.0,3.0,0.2,0.2,0.0,0.5767642,0.6668188,0.09005457
708,51928,6.0,15.0,9.0,3.0,2.0,-1.0,0.00411921,0.00411921,36.0,43.0,7.0,0.0,0.0,0.0,-0.0047487505,-0.0028822261,0.0018665243
709,51965,1.0,1.0,0.0,1.0,1.0,0.0,0.00552658,0.00552658,56.0,65.0,9.0,0.0,0.0,0.0,0.39197302,0.28341255,-0.10856047
710,51983,32.0,43.0,11.0,2.0,1.0,-1.0,0.008807663,0.008807663,148.0,107.0,-41.0,0.4,0.4,0.0,0.108592235,0.30165586,0.19306362
711,51988,140.0,27.0,-113.0,25.0,6.0,-19.0,0.02005272,0.02005272,28.0,11.0,-17.0,0.2,0.4,0.2,0.15957877,0.18623118,0.02665241
712,52070,1.0,3.0,2.0,7.0,6.0,-1.0,0.0066923313,0.0066923313,16.0,24.0,8.0,0.0,0.0,0.0,0.5124441,0.52611285,0.013668776
713,52216,1.0,1.0,0.0,1.0,1.0,0.0,0.013467394,0.013467394,152.0,192.0,40.0,0.0,0.0,0.0,0.5278269,-0.0945368,-0.6223637
714,52302,1.0,1.0,0.0,1.0,1.0,0.0,0.008788411,0.008788411,484.0,336.0,-148.0,0.0,0.0,0.0,0.45144433,-0.13412635,-0.5855707
715,52328,3.0,6.0,3.0,8.0,8.0,0.0,0.0018695034,0.0018695034,22.0,16.0,-6.0,0.2,0.2,0.0,0.1414625,0.17022364,0.028761134
716,52375,3.0,2.0,-1.0,2.0,1.0,-1.0,0.01239229,0.01239229,58.0,44.0,-14.0,0.0,0.0,0.0,-0.050935365,-0.07373887,-0.022803508
717,52394,1.0,1.0,0.0,1.0,1.0,0.0,0.0044769123,0.0044769123,7.0,15.0,8.0,0.4,0.4,0.0,0.23799953,0.02610575,-0.21189378
718,52527,1.0,2.0,1.0,2.0,1.0,-1.0,0.0011820272,0.0011820272,89.0,36.0,-53.0,0.0,0.0,0.0,-0.20947324,-0.039621405,0.16985184
719,52554,1.0,1.0,0.0,1.0,1.0,0.0,8.1989914e-05,8.1989914e-05,90.0,145.0,55.0,0.0,0.0,0.0,0.33620483,0.05956995,-0.27663487
720,52596,1.0,1.0,0.0,1.0,1.0,0.0,0.005901184,0.005901184,186.0,149.0,-37.0,0.4,0.4,0.0,0.19753975,0.2852997,0.08775994
721,52598,1.0,2.0,1.0,1.0,2.0,1.0,0.0044176355,0.0044176355,17.0,15.0,-2.0,0.0,0.0,0.0,0.25726056,0.13627057,-0.12098999
722,52652,4.0,5.0,1.0,17.0,25.0,8.0,0.006864205,0.006864205,270.0,205.0,-65.0,0.0,0.0,0.0,0.28368923,0.3375488,0.05385956
723,52892,6.0,4.0,-2.0,1.0,3.0,2.0,0.010546945,0.010546945,9.0,7.0,-2.0,0.0,0.0,0.0,0.29958746,0.21354733,-0.086040124
724,52931,7.0,11.0,4.0,1.0,1.0,0.0,0.011443209,0.011443209,5.0,6.0,1.0,0.2,0.2,0.0,0.2943031,0.4225823,0.12827921
725,52990,25.0,32.0,7.0,5.0,6.0,1.0,0.0073799044,0.0073799044,16.0,20.0,4.0,0.0,0.0,0.0,0.060415123,0.084972,0.024556879
726,53052,18.0,36.0,18.0,97.0,162.0,65.0,0.006187546,0.006187546,313.0,227.0,-86.0,0.0,0.0,0.0,0.16735095,0.19985202,0.03250107
727,53070,10.0,16.0,6.0,11.0,4.0,-7.0,0.0072477683,0.0072477683,195.0,206.0,11.0,0.2,0.2,0.0,-0.14962469,-0.13467075,0.014953941
728,53152,8.0,1.0,-7.0,4.0,3.0,-1.0,0.013996903,0.013996903,77.0,42.0,-35.0,0.0,0.2,0.2,0.11492541,0.18008901,0.065163605
729,53155,1.0,1.0,0.0,1.0,1.0,0.0,0.0023103133,0.0023103133,117.0,169.0,52.0,0.0,0.0,0.0,0.008763786,-0.3628237,-0.37158749
730,53157,5.0,6.0,1.0,1.0,1.0,0.0,0.00425737,0.00425737,15.0,10.0,-5.0,0.2,0.2,0.0,0.039070025,-0.009554479,-0.048624504
731,53270,1.0,1.0,0.0,2.0,2.0,0.0,0.0059459247,0.0059459247,12.0,9.0,-3.0,0.4,0.4,0.0,0.61374754,0.62793416,0.014186621
732,53370,66.0,132.0,66.0,15.0,9.0,-6.0,0.0042908154,0.0042908154,343.0,313.0,-30.0,0.0,0.0,0.0,0.12926014,0.006248586,-0.12301155
733,53489,230.0,428.0,198.0,97.0,87.0,-10.0,0.006752626,0.006752626,14.0,7.0,-7.0,0.0,0.0,0.0,0.08415067,0.11795128,0.03380061
734,53511,11.0,11.0,0.0,2.0,1.0,-1.0,0.010190818,0.010190818,3.0,3.0,0.0,0.4,0.4,0.0,-0.10187664,0.009244796,0.11112143
735,53570,2.0,2.0,0.0,1.0,1.0,0.0,0.0052608885,0.0052608885,261.0,221.0,-40.0,0.0,0.0,0.0,-0.32268488,-0.49444768,-0.1717628
736,53727,3.0,21.0,18.0,10.0,16.0,6.0,0.0028479882,0.0028479882,200.0,85.0,-115.0,0.0,0.0,0.0,0.24669197,0.3217345,0.075042516
737,53728,1.0,1.0,0.0,1.0,1.0,0.0,0.0050352775,0.0050352775,7.0,5.0,-2.0,0.0,0.2,0.2,0.0049739224,0.12334955,0.11837562
738,53773,10.0,3.0,-7.0,24.0,6.0,-18.0,0.014488418,0.014488418,628.0,467.0,-161.0,0.0,0.0,0.0,0.23384371,0.34823933,0.11439562
739,53858,1.0,1.0,0.0,1.0,1.0,0.0,0.0076997876,0.0076997876,141.0,132.0,-9.0,0.0,0.0,0.0,0.5630596,0.6025517,0.03949207
740,53881,1.0,1.0,0.0,2.0,2.0,0.0,0.011547197,0.011547197,117.0,124.0,7.0,0.2,0.2,0.0,0.066764966,0.028904825,-0.03786014
741,53891,99.0,138.0,39.0,263.0,113.0,-150.0,0.013264938,0.013264938,20.0,20.0,0.0,0.0,0.0,0.0,0.12623847,0.17636888,0.050130412
742,54078,37.0,27.0,-10.0,6.0,5.0,-1.0,0.011534888,0.011534888,19.0,15.0,-4.0,0.0,0.2,0.2,0.14837082,0.08241093,-0.065959886
743,54147,1.0,1.0,0.0,2.0,6.0,4.0,0.0064381957,0.0064381957,3.0,5.0,2.0,0.2,0.2,0.0,0.4918913,0.5133184,0.021427125
744,54257,17.0,10.0,-7.0,11.0,4.0,-7.0,0.015395034,0.015395034,2.0,2.0,0.0,0.2,0.2,0.0,0.0074865753,-0.19858038,-0.20606697
745,54361,1.0,1.0,0.0,2.0,2.0,0.0,0.0073642805,0.0073642805,1.0,1.0,0.0,0.6,0.4,-0.20000002,0.01716452,0.17114279,0.15397826
746,54389,16.0,9.0,-7.0,12.0,4.0,-8.0,0.018140636,0.018140636,10.0,5.0,-5.0,0.0,0.4,0.4,-0.015037958,-0.067292996,-0.05225504
747,54643,4.0,12.0,8.0,2.0,3.0,1.0,-0.0012703985,-0.0012703985,44.0,26.0,-18.0,0.2,0.2,0.0,0.035032444,0.09062557,0.055593126
748,54683,3.0,3.0,0.0,1.0,1.0,0.0,0.012356773,0.012356773,21.0,16.0,-5.0,0.0,0.0,0.0,0.09486124,0.25457475,0.1597135
749,54698,1.0,1.0,0.0,1.0,1.0,0.0,0.011310857,0.011310857,28.0,34.0,6.0,0.2,0.2,0.0,0.30194682,0.18498494,-0.11696188
750,54743,1.0,1.0,0.0,1.0,1.0,0.0,0.0028231405,0.0028231405,7.0,13.0,6.0,0.0,0.0,0.0,0.15962805,0.17878023,0.01915218
751,54812,5.0,1.0,-4.0,1.0,1.0,0.0,0.013062771,0.013062771,286.0,165.0,-121.0,0.0,0.0,0.0,0.057064004,-0.102352925,-0.15941693
752,54824,1.0,1.0,0.0,1.0,1.0,0.0,0.009230424,0.009230424,75.0,58.0,-17.0,0.2,0.4,0.2,0.43783408,0.48811302,0.05027893
753,54913,1.0,1.0,0.0,1.0,2.0,1.0,0.008841101,0.008841101,16.0,14.0,-2.0,0.0,0.0,0.0,0.3591877,0.3805019,0.021314204
754,54959,7.0,11.0,4.0,4.0,5.0,1.0,0.008338753,0.008338753,1.0,1.0,0.0,0.2,0.2,0.0,-0.2204598,-0.33671603,-0.11625622
755,55005,7.0,22.0,15.0,1.0,1.0,0.0,-0.0014891513,-0.0014891513,17.0,15.0,-2.0,0.4,0.4,0.0,0.52725714,0.50336903,-0.023888111
756,55107,6.0,7.0,1.0,7.0,9.0,2.0,0.004084088,0.004084088,448.0,409.0,-39.0,0.0,0.0,0.0,-0.02440849,0.07059942,0.09500791
757,55163,3.0,2.0,-1.0,3.0,1.0,-2.0,0.012442339,0.012442339,18.0,23.0,5.0,0.4,0.2,-0.2,0.57417583,0.4857611,-0.08841473
758,55405,4.0,19.0,15.0,1.0,2.0,1.0,0.005725831,0.005725831,22.0,22.0,0.0,0.2,0.4,0.2,0.18449041,0.15968102,-0.02480939
759,55408,10.0,97.0,87.0,1.0,1.0,0.0,-0.001459416,-0.001459416,539.0,480.0,-59.0,0.2,0.2,0.0,-0.11366565,-0.07280725,0.040858395
760,55526,1.0,3.0,2.0,1.0,2.0,1.0,0.0005462356,0.0005462356,209.0,135.0,-74.0,0.0,0.0,0.0,0.20904295,0.23953342,0.030490473
761,55649,1.0,1.0,0.0,1.0,1.0,0.0,0.006693531,0.006693531,1.0,1.0,0.0,0.4,0.4,0.0,0.18922506,0.06213933,-0.12708573
762,55669,5.0,21.0,16.0,5.0,29.0,24.0,0.00064848363,0.00064848363,2.0,6.0,4.0,0.4,0.2,-0.2,0.08319115,-0.07572001,-0.15891117
763,55678,3.0,1.0,-2.0,3.0,1.0,-2.0,0.02118088,0.02118088,1.0,1.0,0.0,0.2,0.2,0.0,-0.24096692,-0.2751038,-0.03413689
764,55680,2.0,1.0,-1.0,1.0,1.0,0.0,0.011581805,0.011581805,6.0,10.0,4.0,0.2,0.2,0.0,0.36730042,0.3826633,0.015362889
765,55857,1.0,1.0,0.0,1.0,1.0,0.0,0.0054741427,0.0054741427,83.0,43.0,-40.0,0.2,0.2,0.0,0.25246677,0.16751303,-0.08495374
766,55933,2.0,4.0,2.0,2.0,1.0,-1.0,0.0056196153,0.0056196153,242.0,245.0,3.0,0.0,0.0,0.0,-0.06581991,-0.1197372,-0.05391729
767,55968,2.0,3.0,1.0,1.0,1.0,0.0,0.0013779029,0.0013779029,21.0,16.0,-5.0,0.4,0.4,0.0,0.6466291,0.63981116,-0.006817937
768,55969,8.0,6.0,-2.0,11.0,12.0,1.0,0.0073795225,0.0073795225,35.0,57.0,22.0,0.0,0.0,0.0,0.11262255,0.2135516,0.100929044
769,56042,1.0,1.0,0.0,1.0,1.0,0.0,0.0155094825,0.0155094825,74.0,83.0,9.0,0.0,0.0,0.0,0.36345586,0.3465439,-0.016911954
770,56066,1.0,1.0,0.0,2.0,2.0,0.0,0.0054313764,0.0054313764,31.0,35.0,4.0,0.0,0.0,0.0,-0.1074457,-0.17452857,-0.06708287
771,56126,152.0,243.0,91.0,22.0,11.0,-11.0,0.009210922,0.009210922,126.0,83.0,-43.0,0.2,0.2,0.0,0.1950143,-0.0071408,-0.2021551
772,56154,1.0,1.0,0.0,1.0,1.0,0.0,0.0033723414,0.0033723414,9.0,4.0,-5.0,0.0,0.2,0.2,-0.011798879,-0.0010776342,0.010721245
773,56269,1.0,2.0,1.0,2.0,2.0,0.0,0.004649993,0.004649993,6.0,7.0,1.0,0.0,0.0,0.0,0.61733407,0.45457822,-0.16275585
774,56290,2.0,5.0,3.0,1.0,1.0,0.0,0.0026304051,0.0026304051,549.0,599.0,50.0,0.0,0.0,0.0,0.12036853,0.117682785,-0.002685748
775,56314,95.0,31.0,-64.0,99.0,59.0,-40.0,0.014104532,0.014104532,223.0,320.0,97.0,0.0,0.0,0.0,-0.08966098,0.14962056,0.23928154
776,56418,1.0,1.0,0.0,1.0,2.0,1.0,0.013736181,0.013736181,15.0,24.0,9.0,0.2,0.2,0.0,0.34862268,0.015249806,-0.33337286
777,56454,1.0,1.0,0.0,11.0,17.0,6.0,0.007732641,0.007732641,40.0,44.0,4.0,0.0,0.0,0.0,0.07102489,-0.025166882,-0.09619177
778,56471,1.0,1.0,0.0,6.0,4.0,-2.0,0.0073796995,0.0073796995,56.0,52.0,-4.0,0.2,0.2,0.0,-0.052910738,-0.04189021,0.011020526
779,56670,4.0,2.0,-2.0,3.0,1.0,-2.0,0.012471329,0.012471329,220.0,210.0,-10.0,0.0,0.0,0.0,-0.08435039,-0.12337508,-0.03902469
780,56681,5.0,11.0,6.0,16.0,14.0,-2.0,0.007867625,0.007867625,30.0,28.0,-2.0,0.2,0.2,0.0,0.106951945,0.1546067,0.047654755
781,56695,2.0,4.0,2.0,1.0,1.0,0.0,0.0037580319,0.0037580319,199.0,195.0,-4.0,0.2,0.2,0.0,0.14126241,0.058257077,-0.08300534
782,56723,13.0,37.0,24.0,2.0,2.0,0.0,0.00043686852,0.00043686852,25.0,12.0,-13.0,0.0,0.0,0.0,0.04451826,0.06687124,0.022352982
783,56751,28.0,15.0,-13.0,6.0,6.0,0.0,0.010714937,0.010714937,13.0,21.0,8.0,0.0,0.0,0.0,-0.010039688,-0.043875955,-0.033836268
784,56782,5.0,7.0,2.0,7.0,12.0,5.0,0.0073121153,0.0073121153,81.0,67.0,-14.0,0.0,0.0,0.0,0.07972697,0.13066983,0.05094286
785,56784,23.0,9.0,-14.0,1.0,1.0,0.0,0.015274283,0.015274283,39.0,31.0,-8.0,0.2,0.2,0.0,0.17572287,0.09016735,-0.085555516
786,56850,1.0,2.0,1.0,1.0,1.0,0.0,0.008223198,0.008223198,115.0,90.0,-25.0,0.0,0.0,0.0,-0.03156991,-0.01872141,0.0128485
787,56867,1.0,2.0,1.0,1.0,1.0,0.0,0.009799719,0.009799719,10.0,9.0,-1.0,0.4,0.4,0.0,0.18302491,-0.2684362,-0.4514611
788,56911,7.0,4.0,-3.0,1.0,1.0,0.0,0.009374853,0.009374853,11.0,21.0,10.0,0.0,0.0,0.0,0.37256184,0.1268875,-0.24567434
789,56948,1.0,1.0,0.0,1.0,1.0,0.0,0.0070903674,0.0070903674,261.0,379.0,118.0,0.0,0.0,0.0,0.19046701,0.10763438,-0.082832634
790,57046,1.0,1.0,0.0,1.0,1.0,0.0,0.010379735,0.010379735,2.0,2.0,0.0,0.2,0.2,0.0,0.45112705,0.36390805,-0.087219
791,57060,2.0,1.0,-1.0,2.0,6.0,4.0,0.011643313,0.011643313,9.0,5.0,-4.0,0.2,0.4,0.2,0.58306557,0.616728,0.03366244
792,57435,4.0,1.0,-3.0,1.0,1.0,0.0,0.010941908,0.010941908,12.0,20.0,8.0,0.0,0.0,0.0,0.022592342,0.17928657,0.15669423
793,57443,1.0,1.0,0.0,1.0,1.0,0.0,-0.002340883,-0.002340883,2.0,3.0,1.0,0.6,0.6,0.0,0.83433264,0.846717,0.012384355
794,57478,1.0,1.0,0.0,1.0,2.0,1.0,0.005132545,0.005132545,17.0,16.0,-1.0,0.0,0.2,0.2,0.1130072,0.04352817,-0.06947903
795,57542,19.0,23.0,4.0,1.0,1.0,0.0,0.009375129,0.009375129,1.0,1.0,0.0,0.2,0.4,0.2,-0.27794692,0.21977495,0.49772185
796,57553,18.0,7.0,-11.0,12.0,6.0,-6.0,0.013369357,0.013369357,11.0,7.0,-4.0,0.0,0.0,0.0,-0.232242,-0.22974814,0.0024938583
797,57648,55.0,37.0,-18.0,1.0,2.0,1.0,0.013921674,0.013921674,45.0,42.0,-3.0,0.0,0.0,0.0,0.38449028,0.44862184,0.06413156
798,57650,3.0,1.0,-2.0,1.0,1.0,0.0,0.008297734,0.008297734,4.0,1.0,-3.0,0.2,0.2,0.0,0.38177785,0.18850794,-0.19326991
799,57681,2.0,1.0,-1.0,1.0,1.0,0.0,0.015216757,0.015216757,15.0,13.0,-2.0,0.0,0.0,0.0,0.19563143,0.14323986,-0.052391574
800,57822,1.0,1.0,0.0,1.0,1.0,0.0,0.0018954799,0.0018954799,68.0,89.0,21.0,0.0,0.0,0.0,0.0019907502,0.07701234,0.07502159
801,57838,1.0,1.0,0.0,1.0,1.0,0.0,0.003764324,0.003764324,7.0,6.0,-1.0,0.0,0.0,0.0,0.6438993,0.68303865,0.03913933
802,57906,3.0,6.0,3.0,1.0,1.0,0.0,0.0075855143,0.0075855143,20.0,20.0,0.0,0.0,0.0,0.0,0.15606008,0.17347401,0.01741393
803,58096,2.0,1.0,-1.0,1.0,1.0,0.0,0.017702773,0.017702773,157.0,147.0,-10.0,0.2,0.2,0.0,0.117597945,0.06692681,-0.050671138
804,58144,1.0,1.0,0.0,1.0,2.0,1.0,0.012533229,0.012533229,47.0,29.0,-18.0,0.0,0.0,0.0,0.10856121,0.11327065,0.0047094375
805,58164,1.0,1.0,0.0,2.0,1.0,-1.0,0.0067551695,0.0067551695,229.0,130.0,-99.0,0.2,0.2,0.0,0.21257417,0.14228928,-0.07028489
806,58187,1.0,1.0,0.0,1.0,1.0,0.0,0.007106617,0.007106617,152.0,202.0,50.0,0.2,0.2,0.0,0.033402447,0.0999224,0.06651996
807,58404,3.0,1.0,-2.0,1.0,1.0,0.0,0.0123084225,0.0123084225,97.0,97.0,0.0,0.0,0.0,0.0,0.20155513,0.18566385,-0.015891284
808,58668,2.0,8.0,6.0,1.0,2.0,1.0,-0.001460813,-0.001460813,16.0,9.0,-7.0,0.2,0.2,0.0,-0.01978534,-0.009374362,0.010410978
809,58681,1.0,1.0,0.0,1.0,2.0,1.0,0.0064144284,0.0064144284,4.0,7.0,3.0,0.2,0.0,-0.2,0.22947533,0.27856597,0.04909064
810,59023,5.0,183.0,178.0,4.0,5.0,1.0,-0.0066869594,-0.0066869594,111.0,161.0,50.0,0.0,0.0,0.0,-0.080379516,-0.041300435,0.03907908
811,59039,3.0,5.0,2.0,5.0,3.0,-2.0,0.0085493475,0.0085493475,16.0,13.0,-3.0,0.2,0.4,0.2,-0.007765338,0.11410836,0.1218737
812,59046,19.0,42.0,23.0,25.0,19.0,-6.0,0.0066304393,0.0066304393,86.0,86.0,0.0,0.0,0.0,0.0,0.24892668,0.38879463,0.13986795
813,59079,1.0,1.0,0.0,1.0,1.0,0.0,0.008422371,0.008422371,460.0,327.0,-133.0,0.0,0.0,0.0,0.5488087,0.56776386,0.018955171
814,59091,1.0,1.0,0.0,3.0,3.0,0.0,0.0064511783,0.0064511783,397.0,586.0,189.0,0.0,0.0,0.0,0.5459262,0.572515,0.026588798
815,59194,1.0,1.0,0.0,1.0,1.0,0.0,0.011525683,0.011525683,2.0,2.0,0.0,0.2,0.4,0.2,0.13554618,0.16306528,0.027519107
816,59284,14.0,24.0,10.0,3.0,8.0,5.0,0.0048966985,0.0048966985,25.0,19.0,-6.0,0.0,0.0,0.0,0.1146826,0.022019666,-0.09266293
817,59419,10.0,10.0,0.0,2.0,1.0,-1.0,0.007060718,0.007060718,136.0,184.0,48.0,0.0,0.0,0.0,-0.018407142,0.09332206,0.111729205
818,59420,1.0,1.0,0.0,5.0,7.0,2.0,0.009558644,0.009558644,31.0,12.0,-19.0,0.0,0.2,0.2,-0.10280577,-0.21613021,-0.11332444
819,59585,2.0,3.0,1.0,1.0,1.0,0.0,0.006637078,0.006637078,9.0,17.0,8.0,0.0,0.0,0.0,0.066356584,-0.1493498,-0.21570638
820,59595,1.0,1.0,0.0,1.0,1.0,0.0,0.004155513,0.004155513,28.0,27.0,-1.0,0.0,0.0,0.0,-0.034270383,0.101633295,0.13590369
821,59631,1.0,7.0,6.0,1.0,2.0,1.0,0.005402714,0.005402714,2.0,4.0,2.0,0.4,0.4,0.0,0.026079612,0.31293023,0.2868506
822,59699,4.0,4.0,0.0,6.0,15.0,9.0,0.008315824,0.008315824,3.0,2.0,-1.0,0.2,0.2,0.0,0.3725035,0.32623905,-0.04626444
823,59817,17.0,4.0,-13.0,4.0,5.0,1.0,0.0155639015,0.0155639015,271.0,93.0,-178.0,0.0,0.0,0.0,-0.09539228,-0.051499538,0.04389274
824,59994,96.0,42.0,-54.0,10.0,3.0,-7.0,0.013574863,0.013574863,221.0,231.0,10.0,0.0,0.0,0.0,-0.015887195,0.0137182865,0.029605482
825,60094,2.0,1.0,-1.0,1.0,1.0,0.0,0.011120085,0.011120085,113.0,107.0,-6.0,0.0,0.0,0.0,0.15915768,0.33338228,0.1742246
826,60119,11.0,2.0,-9.0,5.0,5.0,0.0,0.01697182,0.01697182,97.0,72.0,-25.0,0.0,0.0,0.0,0.6847935,0.8121438,0.12735033
827,60186,1.0,1.0,0.0,3.0,6.0,3.0,0.002086591,0.002086591,63.0,56.0,-7.0,0.0,0.0,0.0,0.03390004,0.2153175,0.18141747
828,60251,1.0,1.0,0.0,1.0,2.0,1.0,0.009094432,0.009094432,1.0,2.0,1.0,0.2,0.2,0.0,0.75034535,0.7969277,0.04658234
829,60305,1.0,1.0,0.0,1.0,1.0,0.0,0.0043817833,0.0043817833,21.0,12.0,-9.0,0.2,0.2,0.0,0.38933128,0.42369643,0.034365147
830,60456,4.0,2.0,-2.0,29.0,36.0,7.0,0.010403708,0.010403708,1.0,2.0,1.0,0.2,0.4,0.2,-0.21130113,-0.06960363,0.1416975
831,60505,2.0,6.0,4.0,1.0,1.0,0.0,0.0040642656,0.0040642656,119.0,110.0,-9.0,0.0,0.0,0.0,0.2632186,0.4259179,0.16269928
832,60519,10.0,10.0,0.0,1.0,1.0,0.0,0.012702081,0.012702081,631.0,493.0,-138.0,0.2,0.2,0.0,0.27986547,0.4320347,0.15216923
833,60553,15.0,16.0,1.0,25.0,9.0,-16.0,0.009670319,0.009670319,183.0,155.0,-28.0,0.4,0.4,0.0,-0.35684216,-0.1533025,0.20353965
834,60725,6.0,8.0,2.0,5.0,3.0,-2.0,0.00863928,0.00863928,676.0,760.0,84.0,0.0,0.0,0.0,0.48598692,0.5141708,0.028183907
835,60834,2.0,4.0,2.0,1.0,2.0,1.0,0.00878872,0.00878872,2.0,2.0,0.0,0.2,0.2,0.0,0.19005133,0.14920032,-0.040851012
836,60845,4.0,1.0,-3.0,1.0,1.0,0.0,0.00974289,0.00974289,55.0,86.0,31.0,0.0,0.0,0.0,0.26276487,0.3958622,0.13309732
837,60867,4.0,8.0,4.0,1.0,2.0,1.0,0.0049211234,0.0049211234,84.0,38.0,-46.0,0.4,0.4,0.0,-0.030193016,0.11547388,0.1456669
838,60978,1.0,6.0,5.0,1.0,1.0,0.0,0.0042356215,0.0042356215,1.0,1.0,0.0,0.2,0.2,0.0,-0.05103968,0.31582397,0.36686367
839,61122,3.0,3.0,0.0,1.0,1.0,0.0,0.0061524026,0.0061524026,322.0,255.0,-67.0,0.2,0.2,0.0,0.04088606,0.08947521,0.048589148
840,61133,2.0,2.0,0.0,1.0,1.0,0.0,0.011073049,0.011073049,103.0,63.0,-40.0,0.2,0.2,0.0,0.6215826,0.6352428,0.0136601925
841,61177,33.0,52.0,19.0,15.0,15.0,0.0,0.007445272,0.007445272,29.0,20.0,-9.0,0.0,0.0,0.0,0.054388978,-0.0018595763,-0.056248553
842,61216,16.0,39.0,23.0,16.0,9.0,-7.0,0.0069076866,0.0069076866,123.0,101.0,-22.0,0.0,0.0,0.0,-0.07174914,-0.025853468,0.045895673
843,61510,1.0,1.0,0.0,2.0,1.0,-1.0,0.007637743,0.007637743,81.0,40.0,-41.0,0.0,0.0,0.0,0.33139008,0.25282413,-0.078565955
844,61513,1.0,1.0,0.0,1.0,3.0,2.0,0.005350873,0.005350873,27.0,14.0,-13.0,0.0,0.0,0.0,-0.061009515,-0.08255361,-0.021544095
845,61677,6.0,8.0,2.0,2.0,3.0,1.0,0.004238382,0.004238382,32.0,26.0,-6.0,0.0,0.0,0.0,0.3156259,0.3275187,0.011892796
846,61738,29.0,22.0,-7.0,47.0,31.0,-16.0,0.013516398,0.013516398,62.0,30.0,-32.0,0.0,0.2,0.2,-0.015970977,0.1799805,0.19595148
847,61748,1.0,1.0,0.0,1.0,1.0,0.0,-0.004152637,-0.004152637,32.0,27.0,-5.0,0.6,0.6,0.0,-0.018945266,0.5833303,0.60227555
848,61752,1.0,1.0,0.0,1.0,1.0,0.0,0.00969775,0.00969775,10.0,9.0,-1.0,0.0,0.0,0.0,0.38716328,0.34339806,-0.043765217
849,61797,1.0,1.0,0.0,1.0,1.0,0.0,0.004305795,0.004305795,9.0,7.0,-2.0,0.0,0.0,0.0,0.124043494,0.12431638,0.00027288496
850,61801,8.0,17.0,9.0,1.0,1.0,0.0,0.008667357,0.008667357,1.0,1.0,0.0,0.2,0.2,0.0,0.44666052,0.33024567,-0.116414845
851,61809,21.0,16.0,-5.0,10.0,3.0,-7.0,0.011947345,0.011947345,6.0,12.0,6.0,0.2,0.2,0.0,0.3503277,0.32359034,-0.026737362
852,61873,1.0,2.0,1.0,4.0,2.0,-2.0,0.0019522943,0.0019522943,2.0,2.0,0.0,0.4,0.4,0.0,-0.09675281,-0.095791064,0.0009617433
853,61972,1.0,1.0,0.0,1.0,1.0,0.0,0.0121444985,0.0121444985,1.0,1.0,0.0,0.2,0.2,0.0,0.5763555,0.5786467,0.0022912025
854,62006,13.0,9.0,-4.0,2.0,2.0,0.0,0.009750102,0.009750102,694.0,753.0,59.0,0.0,0.0,0.0,0.39517024,0.4175008,0.022330552
855,62015,6.0,14.0,8.0,6.0,25.0,19.0,0.0033246651,0.0033246651,108.0,113.0,5.0,0.2,0.2,0.0,0.07657282,0.13028105,0.053708225
856,62209,1.0,1.0,0.0,1.0,1.0,0.0,0.009166963,0.009166963,27.0,32.0,5.0,0.0,0.0,0.0,0.37685147,0.48102826,0.10417679
857,62228,1.0,5.0,4.0,2.0,3.0,1.0,-0.0003817901,-0.0003817901,24.0,31.0,7.0,0.0,0.0,0.0,0.42217815,0.60929567,0.18711752
858,62275,14.0,8.0,-6.0,2.0,3.0,1.0,0.0093083605,0.0093083605,2.0,2.0,0.0,0.4,0.4,0.0,0.4627762,0.24060631,-0.2221699
859,62302,1.0,5.0,4.0,2.0,8.0,6.0,0.0005749576,0.0005749576,7.0,18.0,11.0,0.0,0.0,0.0,0.1906585,-0.088268355,-0.27892685
860,62365,1.0,1.0,0.0,1.0,1.0,0.0,0.010654695,0.010654695,141.0,215.0,74.0,0.0,0.0,0.0,0.49253324,0.6405929,0.14805964
861,62479,2.0,3.0,1.0,1.0,1.0,0.0,0.0052703284,0.0052703284,103.0,159.0,56.0,0.2,0.2,0.0,-0.07082666,-0.047484893,0.023341764
862,62544,1.0,1.0,0.0,2.0,3.0,1.0,0.014521223,0.014521223,19.0,20.0,1.0,0.4,0.2,-0.2,-0.28208655,-0.020262994,0.26182356
863,62561,27.0,13.0,-14.0,2.0,2.0,0.0,0.012993574,0.012993574,445.0,369.0,-76.0,0.0,0.0,0.0,0.57962316,0.6577062,0.07808304
864,62683,20.0,17.0,-3.0,7.0,4.0,-3.0,0.012138378,0.012138378,46.0,50.0,4.0,0.2,0.2,0.0,-0.38931853,-0.07489688,0.31442165
865,62748,1.0,1.0,0.0,1.0,1.0,0.0,0.015691172,0.015691172,48.0,54.0,6.0,0.2,0.2,0.0,0.50493765,0.33754024,-0.16739741
866,62960,1.0,1.0,0.0,2.0,2.0,0.0,0.008427702,0.008427702,18.0,21.0,3.0,0.0,0.0,0.0,0.1975975,0.1784648,-0.019132704
867,63081,89.0,83.0,-6.0,30.0,32.0,2.0,0.008597232,0.008597232,1.0,1.0,0.0,0.2,0.2,0.0,-0.22561827,-0.20834433,0.017273948
868,63182,6.0,2.0,-4.0,1.0,1.0,0.0,0.010629401,0.010629401,60.0,41.0,-19.0,0.0,0.2,0.2,-0.02533048,-0.045200873,-0.019870393
869,63345,11.0,4.0,-7.0,2.0,1.0,-1.0,0.0132643655,0.0132643655,92.0,94.0,2.0,0.0,0.2,0.2,0.15897453,0.16812411,0.009149581
870,63449,3.0,2.0,-1.0,3.0,4.0,1.0,0.008280415,0.008280415,13.0,18.0,5.0,0.0,0.2,0.2,0.08581706,0.013263187,-0.07255387
871,63746,1.0,1.0,0.0,1.0,1.0,0.0,0.0073987767,0.0073987767,228.0,156.0,-72.0,0.4,0.4,0.0,0.08555645,0.057329513,-0.028226934
872,63781,1.0,1.0,0.0,1.0,1.0,0.0,0.0069795623,0.0069795623,289.0,249.0,-40.0,0.0,0.0,0.0,0.062147215,0.04810255,-0.014044665
873,63825,6.0,4.0,-2.0,8.0,11.0,3.0,0.013796862,0.013796862,163.0,130.0,-33.0,0.0,0.0,0.0,0.6793203,0.6044171,-0.07490319
874,63922,13.0,29.0,16.0,41.0,58.0,17.0,0.0041301306,0.0041301306,994.0,993.0,-1.0,0.0,0.0,0.0,-0.18872392,-0.13088843,0.05783549
875,63931,1.0,1.0,0.0,1.0,1.0,0.0,0.0058358125,0.0058358125,61.0,21.0,-40.0,0.0,0.0,0.0,0.09095586,0.12282312,0.03186726
876,63944,1.0,1.0,0.0,1.0,1.0,0.0,0.0020146035,0.0020146035,671.0,517.0,-154.0,0.0,0.0,0.0,0.053521547,0.13434099,0.08081944
877,64004,122.0,104.0,-18.0,6.0,12.0,6.0,0.0131132845,0.0131132845,89.0,51.0,-38.0,0.0,0.0,0.0,0.068762854,0.09685341,0.028090559
878,64096,53.0,174.0,121.0,194.0,264.0,70.0,0.0069412403,0.0069412403,116.0,174.0,58.0,0.0,0.0,0.0,0.2945471,0.2688064,-0.025740713
879,64295,2.0,10.0,8.0,1.0,1.0,0.0,0.0014782287,0.0014782287,76.0,90.0,14.0,0.0,0.0,0.0,0.05068044,0.19449946,0.14381902
880,64483,27.0,15.0,-12.0,13.0,20.0,7.0,0.014072653,0.014072653,295.0,198.0,-97.0,0.0,0.0,0.0,-0.29298735,-0.14231192,0.15067543
881,64498,243.0,447.0,204.0,181.0,87.0,-94.0,0.0071331523,0.0071331523,481.0,535.0,54.0,0.0,0.0,0.0,-0.06084173,0.029601216,0.09044295
882,64615,45.0,256.0,211.0,11.0,25.0,14.0,0.0017775595,0.0017775595,16.0,23.0,7.0,0.2,0.2,0.0,0.15296206,0.28548238,0.13252032
883,64621,5.0,2.0,-3.0,2.0,2.0,0.0,0.008200776,0.008200776,22.0,17.0,-5.0,0.0,0.0,0.0,-0.034159675,-0.086954065,-0.05279439
884,64687,13.0,14.0,1.0,10.0,2.0,-8.0,0.013022706,0.013022706,140.0,248.0,108.0,0.0,0.2,0.2,0.2463501,0.2834717,0.03712161
885,64771,2.0,1.0,-1.0,9.0,7.0,-2.0,0.012216181,0.012216181,13.0,13.0,0.0,0.0,0.0,0.0,0.50406086,0.44748607,-0.05657479
886,64867,2.0,1.0,-1.0,4.0,1.0,-3.0,0.00862829,0.00862829,63.0,56.0,-7.0,0.0,0.2,0.2,0.12060039,0.22163147,0.10103108
887,64880,17.0,32.0,15.0,2.0,6.0,4.0,0.005025562,0.005025562,50.0,57.0,7.0,0.0,0.0,0.0,-0.040110756,0.10766841,0.14777917
888,64893,24.0,4.0,-20.0,19.0,15.0,-4.0,0.01601001,0.01601001,33.0,23.0,-10.0,0.0,0.0,0.0,-0.011507186,0.17055628,0.18206346
889,64979,1.0,1.0,0.0,1.0,3.0,2.0,0.004320301,0.004320301,64.0,50.0,-14.0,0.0,0.0,0.0,0.21927336,0.20685698,-0.012416378
890,65010,5.0,16.0,11.0,4.0,3.0,-1.0,0.003076829,0.003076829,324.0,254.0,-70.0,0.0,0.0,0.0,0.20352273,0.1090557,-0.09446703
891,65069,1.0,2.0,1.0,1.0,1.0,0.0,0.012961332,0.012961332,64.0,52.0,-12.0,0.0,0.0,0.0,-0.041978315,0.11679139,0.1587697
892,65148,1.0,1.0,0.0,2.0,1.0,-1.0,0.008205906,0.008205906,1.0,1.0,0.0,0.2,0.4,0.2,0.73340005,0.781677,0.04827696
893,65187,8.0,11.0,3.0,1.0,1.0,0.0,0.00022312254,0.00022312254,30.0,27.0,-3.0,0.0,0.0,0.0,0.01358746,0.19458456,0.1809971
894,65232,12.0,16.0,4.0,4.0,5.0,1.0,0.007698849,0.007698849,8.0,3.0,-5.0,0.4,0.4,0.0,0.26534116,0.46727782,0.20193666
895,65253,2.0,2.0,0.0,1.0,1.0,0.0,0.009250689,0.009250689,172.0,195.0,23.0,0.2,0.2,0.0,0.53209555,0.6503477,0.11825216
896,65267,2.0,4.0,2.0,1.0,3.0,2.0,0.0019172877,0.0019172877,22.0,18.0,-4.0,0.0,0.0,0.0,-0.10893663,-0.06762425,0.04131238
897,65376,1.0,1.0,0.0,1.0,1.0,0.0,0.0012061149,0.0012061149,37.0,55.0,18.0,0.2,0.2,0.0,0.016669737,0.017973522,0.0013037845
898,65414,3.0,3.0,0.0,1.0,1.0,0.0,0.0055971257,0.0055971257,5.0,5.0,0.0,0.2,0.2,0.0,-0.19645642,-0.1490909,0.047365516
899,65445,1.0,1.0,0.0,1.0,4.0,3.0,0.011180434,0.011180434,29.0,21.0,-8.0,0.2,0.2,0.0,0.442,0.61562747,0.17362747
900,65639,1.0,1.0,0.0,1.0,1.0,0.0,0.010139074,0.010139074,7.0,5.0,-2.0,0.2,0.6,0.40000004,0.21919057,0.24425225,0.025061682
901,65654,10.0,1.0,-9.0,10.0,9.0,-1.0,0.017161626,0.017161626,34.0,28.0,-6.0,0.2,0.2,0.0,0.02442302,0.17540014,0.15097712
902,65686,9.0,19.0,10.0,2.0,3.0,1.0,0.008030217,0.008030217,48.0,38.0,-10.0,0.0,0.0,0.0,0.13325842,0.05006175,-0.08319667
903,65769,1.0,1.0,0.0,3.0,3.0,0.0,0.010675546,0.010675546,190.0,237.0,47.0,0.2,0.2,0.0,0.25386304,0.08172904,-0.172134
904,65799,1.0,1.0,0.0,4.0,1.0,-3.0,0.00992259,0.00992259,29.0,27.0,-2.0,0.2,0.2,0.0,0.3387435,0.36060202,0.021858513
905,65821,3.0,5.0,2.0,2.0,6.0,4.0,0.0066011883,0.0066011883,2.0,1.0,-1.0,0.4,0.2,-0.2,-0.054261234,0.060156256,0.11441749
906,65872,1.0,9.0,8.0,20.0,72.0,52.0,0.0027011856,0.0027011856,5.0,14.0,9.0,0.2,0.0,-0.2,0.31008822,0.30426478,-0.0058234334
907,65920,2.0,2.0,0.0,1.0,1.0,0.0,0.00742374,0.00742374,66.0,43.0,-23.0,0.2,0.0,-0.2,-0.16489013,-0.053895462,0.11099467
908,65943,14.0,11.0,-3.0,1.0,3.0,2.0,0.00861774,0.00861774,322.0,393.0,71.0,0.0,0.0,0.0,0.23986293,0.2452391,0.00537616
909,66004,16.0,15.0,-1.0,2.0,1.0,-1.0,0.0144777,0.0144777,53.0,52.0,-1.0,0.0,0.0,0.0,0.029638683,0.022691086,-0.0069475975
910,66214,6.0,1.0,-5.0,23.0,21.0,-2.0,0.017946102,0.017946102,1.0,1.0,0.0,0.2,0.2,0.0,-0.04447282,-0.020615103,0.023857718
911,66216,5.0,3.0,-2.0,5.0,1.0,-4.0,0.016311709,0.016311709,13.0,18.0,5.0,0.0,0.0,0.0,0.43227068,0.29609737,-0.13617331
912,66278,1.0,1.0,0.0,1.0,1.0,0.0,0.004424207,0.004424207,5.0,4.0,-1.0,0.4,0.4,0.0,0.35861176,0.40713555,0.048523784
913,66330,64.0,7.0,-57.0,18.0,4.0,-14.0,0.021962669,0.021962669,14.0,15.0,1.0,0.0,0.0,0.0,-0.043789025,0.26248336,0.3062724
914,66342,1.0,1.0,0.0,2.0,3.0,1.0,0.008301619,0.008301619,148.0,230.0,82.0,0.0,0.0,0.0,0.27656245,0.21991175,-0.0566507
915,66421,3.0,1.0,-2.0,1.0,1.0,0.0,0.011538181,0.011538181,70.0,45.0,-25.0,0.0,0.2,0.2,-0.11261158,-0.06765018,0.0449614
916,66464,4.0,10.0,6.0,7.0,25.0,18.0,0.0012522005,0.0012522005,30.0,23.0,-7.0,0.0,0.0,0.0,-0.16236115,-0.27524558,-0.11288443
917,66479,4.0,4.0,0.0,3.0,4.0,1.0,0.007832598,0.007832598,24.0,93.0,69.0,0.0,0.0,0.0,0.3137435,0.28444874,-0.029294759
918,66489,19.0,2.0,-17.0,94.0,61.0,-33.0,0.019003294,0.019003294,70.0,69.0,-1.0,0.0,0.2,0.2,0.0826517,0.029405141,-0.053246558
919,66580,1.0,1.0,0.0,1.0,1.0,0.0,0.0010875985,0.0010875985,444.0,482.0,38.0,0.0,0.0,0.0,-0.041515768,0.007383053,0.04889882
920,66643,13.0,9.0,-4.0,1.0,1.0,0.0,0.0052098297,0.0052098297,1.0,2.0,1.0,0.2,0.2,0.0,0.32481983,0.46084407,0.13602424
921,66773,1.0,1.0,0.0,1.0,1.0,0.0,0.002658613,0.002658613,2.0,1.0,-1.0,0.2,0.2,0.0,0.0665101,0.028043242,-0.038466863
922,66836,1.0,1.0,0.0,1.0,1.0,0.0,0.0068960935,0.0068960935,15.0,8.0,-7.0,0.4,0.4,0.0,0.49876636,0.51383674,0.015070379
923,66946,3.0,2.0,-1.0,1.0,1.0,0.0,0.011691846,0.011691846,5.0,9.0,4.0,0.2,0.0,-0.2,0.21834646,0.60014683,0.38180035
924,66976,36.0,135.0,99.0,25.0,30.0,5.0,0.003418943,0.003418943,144.0,144.0,0.0,0.0,0.0,0.0,-0.010216181,0.042847313,0.053063493
925,67045,8.0,3.0,-5.0,17.0,10.0,-7.0,0.013799287,0.013799287,81.0,64.0,-17.0,0.0,0.2,0.2,0.09408508,0.14520961,0.051124528
926,67113,4.0,4.0,0.0,2.0,3.0,1.0,0.006468434,0.006468434,131.0,94.0,-37.0,0.0,0.0,0.0,0.5609828,0.5046154,-0.056367397
927,67168,4.0,26.0,22.0,5.0,5.0,0.0,0.0019040667,0.0019040667,8.0,4.0,-4.0,0.0,0.2,0.2,-0.052502535,-0.14858918,-0.09608664
928,67204,1.0,2.0,1.0,2.0,8.0,6.0,0.0016950592,0.0016950592,8.0,15.0,7.0,0.2,0.2,0.0,0.21629654,0.19371547,-0.02258107
929,67237,3.0,1.0,-2.0,1.0,1.0,0.0,0.0072974935,0.0072974935,16.0,19.0,3.0,0.2,0.2,0.0,0.1627668,0.09612041,-0.06664639
930,67252,8.0,5.0,-3.0,1.0,1.0,0.0,0.010930102,0.010930102,456.0,275.0,-181.0,0.0,0.0,0.0,0.32765713,0.35342038,0.025763243
931,67295,484.0,481.0,-3.0,622.0,658.0,36.0,0.013241595,0.013241595,448.0,560.0,112.0,0.0,0.0,0.0,-0.0019558074,0.030211205,0.032167014
932,67363,2.0,2.0,0.0,3.0,3.0,0.0,0.011319742,0.011319742,841.0,948.0,107.0,0.0,0.0,0.0,-0.011262882,0.058181506,0.06944439
933,67742,1.0,1.0,0.0,1.0,1.0,0.0,0.003934361,0.003934361,678.0,649.0,-29.0,0.0,0.0,0.0,0.2506747,0.3256316,0.074956894
934,67802,1.0,1.0,0.0,1.0,1.0,0.0,0.015948746,0.015948746,147.0,96.0,-51.0,0.0,0.2,0.2,0.42887658,0.5039709,0.07509434
935,67829,48.0,15.0,-33.0,13.0,9.0,-4.0,0.015461763,0.015461763,17.0,26.0,9.0,0.0,0.0,0.0,0.2562772,0.09605896,-0.16021824
936,68023,2.0,1.0,-1.0,1.0,1.0,0.0,0.0050137267,0.0050137267,214.0,149.0,-65.0,0.0,0.0,0.0,0.7790747,0.6609172,-0.118157506
937,68168,7.0,3.0,-4.0,1.0,3.0,2.0,0.011655174,0.011655174,149.0,102.0,-47.0,0.0,0.0,0.0,-0.22140053,-0.15024108,0.07115945
938,68278,62.0,106.0,44.0,7.0,15.0,8.0,0.003974719,0.003974719,128.0,118.0,-10.0,0.0,0.0,0.0,0.1091808,0.015250282,-0.09393052
939,68311,1.0,11.0,10.0,1.0,2.0,1.0,-0.0014612935,-0.0014612935,559.0,625.0,66.0,0.0,0.0,0.0,0.03886744,0.088114895,0.049247455
940,68339,1.0,1.0,0.0,1.0,1.0,0.0,0.004228588,0.004228588,36.0,16.0,-20.0,0.0,0.0,0.0,0.27377892,0.46119648,0.18741757
941,68418,1.0,1.0,0.0,1.0,2.0,1.0,0.0097686425,0.0097686425,6.0,7.0,1.0,0.2,0.2,0.0,0.22839423,0.24870512,0.020310894
942,68471,7.0,7.0,0.0,4.0,2.0,-2.0,0.014212742,0.014212742,25.0,18.0,-7.0,0.2,0.2,0.0,0.025765117,0.059458133,0.033693016
943,68741,1.0,1.0,0.0,1.0,1.0,0.0,0.004235681,0.004235681,10.0,5.0,-5.0,0.4,0.6,0.20000002,0.55547446,0.5220904,-0.033384085
944,68814,3.0,3.0,0.0,1.0,1.0,0.0,0.008122273,0.008122273,12.0,20.0,8.0,0.0,0.2,0.2,0.25963858,0.2556972,-0.003941387
945,68842,2.0,1.0,-1.0,3.0,1.0,-2.0,0.010248233,0.010248233,65.0,52.0,-13.0,0.2,0.2,0.0,0.44642603,0.55464005,0.10821402
946,68858,11.0,6.0,-5.0,14.0,12.0,-2.0,0.013985459,0.013985459,93.0,104.0,11.0,0.0,0.0,0.0,0.047383275,-0.010703429,-0.058086704
947,68897,3.0,9.0,6.0,4.0,1.0,-3.0,0.0051514916,0.0051514916,123.0,195.0,72.0,0.0,0.0,0.0,-0.16662577,-0.104682125,0.061943643
948,69007,2.0,5.0,3.0,2.0,8.0,6.0,0.008968219,0.008968219,84.0,102.0,18.0,0.0,0.0,0.0,0.19040269,0.19631806,0.0059153736
949,69025,5.0,2.0,-3.0,4.0,9.0,5.0,0.011697747,0.011697747,28.0,44.0,16.0,0.2,0.2,0.0,0.1661042,0.25649822,0.09039402
950,69030,78.0,63.0,-15.0,21.0,18.0,-3.0,0.012729693,0.012729693,21.0,22.0,1.0,0.0,0.0,0.0,0.10535106,0.30480784,0.19945678
951,69130,1.0,1.0,0.0,1.0,1.0,0.0,0.0027287565,0.0027287565,20.0,34.0,14.0,0.0,0.0,0.0,-0.1447342,-0.14975262,-0.005018413
952,69214,1.0,1.0,0.0,1.0,1.0,0.0,0.0015894063,0.0015894063,12.0,11.0,-1.0,0.2,0.2,0.0,0.60902923,0.6722495,0.06322026
953,69240,63.0,56.0,-7.0,14.0,4.0,-10.0,0.013226217,0.013226217,9.0,10.0,1.0,0.0,0.0,0.0,0.52878094,0.5274918,-0.0012891293
954,69442,1.0,1.0,0.0,1.0,1.0,0.0,0.0014470816,0.0014470816,278.0,177.0,-101.0,0.0,0.0,0.0,0.0735994,0.06823693,-0.005362466
955,69502,1.0,1.0,0.0,1.0,1.0,0.0,0.009942777,0.009942777,49.0,63.0,14.0,0.0,0.0,0.0,0.53254676,-0.12565838,-0.65820515
956,69614,4.0,4.0,0.0,1.0,1.0,0.0,0.010037944,0.010037944,423.0,383.0,-40.0,0.0,0.2,0.2,0.26451808,0.22783664,-0.036681443
957,69616,18.0,21.0,3.0,1.0,1.0,0.0,0.010332949,0.010332949,102.0,126.0,24.0,0.0,0.0,0.0,0.18451121,0.3564267,0.17191547
958,69785,4.0,6.0,2.0,1.0,1.0,0.0,0.0062589385,0.0062589385,41.0,62.0,21.0,0.0,0.0,0.0,0.12979297,0.121968895,-0.007824078
959,69813,1.0,1.0,0.0,1.0,1.0,0.0,0.00035641342,0.00035641342,39.0,32.0,-7.0,0.0,0.0,0.0,-0.2096184,0.11717026,0.32678866
960,69831,154.0,133.0,-21.0,44.0,25.0,-19.0,0.0076791393,0.0076791393,57.0,36.0,-21.0,0.0,0.0,0.0,0.13692798,-0.25823686,-0.39516485
961,69839,32.0,4.0,-28.0,27.0,17.0,-10.0,0.017592978,0.017592978,137.0,130.0,-7.0,0.0,0.0,0.0,-0.09964264,-0.08812614,0.011516504
962,69854,1.0,1.0,0.0,1.0,1.0,0.0,0.0034536049,0.0034536049,354.0,328.0,-26.0,0.4,0.4,0.0,0.31551075,0.39011636,0.074605614
963,69918,2.0,3.0,1.0,5.0,4.0,-1.0,0.0076943524,0.0076943524,131.0,170.0,39.0,0.0,0.0,0.0,-0.34786335,-0.35252416,-0.004660815
964,70038,3.0,3.0,0.0,1.0,2.0,1.0,0.007458888,0.007458888,223.0,161.0,-62.0,0.0,0.0,0.0,0.49334165,0.56015867,0.066817015
965,70075,2.0,1.0,-1.0,1.0,1.0,0.0,0.00966854,0.00966854,132.0,57.0,-75.0,0.0,0.0,0.0,0.15078726,-0.0066625113,-0.15744978
966,70095,20.0,26.0,6.0,14.0,19.0,5.0,0.008370649,0.008370649,179.0,161.0,-18.0,0.0,0.0,0.0,0.2967174,0.34835064,0.05163324
967,70193,4.0,16.0,12.0,2.0,3.0,1.0,-0.0051209778,-0.0051209778,286.0,354.0,68.0,0.0,0.0,0.0,0.40531835,0.34958947,-0.055728883
968,70232,4.0,3.0,-1.0,8.0,12.0,4.0,0.010603454,0.010603454,56.0,83.0,27.0,0.0,0.0,0.0,-0.04056989,0.12025917,0.16082907
969,70335,1.0,1.0,0.0,2.0,2.0,0.0,0.011724018,0.011724018,4.0,4.0,0.0,0.2,0.2,0.0,-0.25186184,-0.20926285,0.042598993
970,70360,25.0,17.0,-8.0,3.0,3.0,0.0,0.012102958,0.012102958,8.0,9.0,1.0,0.2,0.2,0.0,0.46771544,0.5176446,0.049929142
971,70368,5.0,4.0,-1.0,1.0,1.0,0.0,0.010038581,0.010038581,88.0,59.0,-29.0,0.0,0.0,0.0,0.02416077,-0.028522693,-0.052683465
972,70427,5.0,8.0,3.0,2.0,1.0,-1.0,0.010716144,0.010716144,98.0,213.0,115.0,0.0,0.0,0.0,0.55437636,0.6038379,0.049461544
973,70505,6.0,9.0,3.0,5.0,2.0,-3.0,0.0065290965,0.0065290965,31.0,18.0,-13.0,0.4,0.2,-0.2,0.24353392,0.1562469,-0.08728702
974,70585,100.0,44.0,-56.0,32.0,21.0,-11.0,0.012955997,0.012955997,18.0,24.0,6.0,0.0,0.0,0.0,0.0544617,-0.04214734,-0.09660904
975,70589,48.0,78.0,30.0,10.0,7.0,-3.0,0.008297015,0.008297015,8.0,12.0,4.0,0.2,0.2,0.0,0.1110252,0.14310285,0.032077655
976,70671,1.0,1.0,0.0,1.0,1.0,0.0,0.0012672693,0.0012672693,23.0,20.0,-3.0,0.2,0.2,0.0,0.19125822,0.27958164,0.088323414
977,70758,37.0,8.0,-29.0,19.0,20.0,1.0,0.011411924,0.011411924,40.0,39.0,-1.0,0.0,0.0,0.0,0.44148082,0.37381235,-0.06766847
978,70764,1.0,1.0,0.0,1.0,1.0,0.0,0.0029109158,0.0029109158,4.0,2.0,-2.0,0.4,0.4,0.0,0.6933875,0.72451717,0.031129658
979,70947,22.0,11.0,-11.0,5.0,4.0,-1.0,0.016944345,0.016944345,6.0,9.0,3.0,0.0,0.0,0.0,-0.118050106,-0.08703103,0.031019077
980,71025,246.0,349.0,103.0,85.0,118.0,33.0,0.0083379205,0.0083379205,313.0,317.0,4.0,0.0,0.0,0.0,0.1972071,0.23614849,0.0389414
981,71186,1.0,2.0,1.0,1.0,1.0,0.0,0.012675256,0.012675256,1.0,1.0,0.0,0.2,0.2,0.0,0.29884365,0.1308961,-0.16794755
982,71229,2.0,1.0,-1.0,1.0,1.0,0.0,0.0155965835,0.0155965835,2.0,2.0,0.0,0.6,0.8,0.19999999,0.55116934,0.5581868,0.0070174932
983,71232,1.0,1.0,0.0,1.0,1.0,0.0,0.012258116,0.012258116,2.0,3.0,1.0,0.2,0.2,0.0,-0.028267251,-0.22136064,-0.19309339
984,71241,1.0,1.0,0.0,1.0,1.0,0.0,0.012085132,0.012085132,58.0,52.0,-6.0,0.0,0.0,0.0,0.04817318,0.14657906,0.098405875
985,71410,1.0,1.0,0.0,1.0,1.0,0.0,0.00822093,0.00822093,14.0,11.0,-3.0,0.0,0.0,0.0,0.099448636,0.11934785,0.019899212
986,71450,1.0,1.0,0.0,1.0,1.0,0.0,0.0075299293,0.0075299293,397.0,432.0,35.0,0.2,0.2,0.0,0.08572044,0.086967275,0.0012468323
987,71753,2.0,4.0,2.0,3.0,3.0,0.0,0.0010389052,0.0010389052,4.0,3.0,-1.0,0.2,0.2,0.0,0.29463354,0.31822643,0.02359289
988,71894,4.0,2.0,-2.0,1.0,1.0,0.0,0.014463834,0.014463834,349.0,296.0,-53.0,0.0,0.0,0.0,0.49358705,0.55785114,0.06426409
989,71928,2.0,2.0,0.0,1.0,1.0,0.0,0.00959786,0.00959786,8.0,8.0,0.0,0.0,0.0,0.0,0.14058591,0.24750882,0.10692291
990,72015,1.0,1.0,0.0,2.0,3.0,1.0,0.006082732,0.006082732,682.0,654.0,-28.0,0.2,0.2,0.0,0.4259602,0.2674325,-0.1585277
991,72080,1.0,1.0,0.0,3.0,1.0,-2.0,0.01032709,0.01032709,14.0,23.0,9.0,0.0,0.2,0.2,0.41086566,0.21042565,-0.20044002
992,72170,8.0,63.0,55.0,7.0,5.0,-2.0,0.0020184442,0.0020184442,114.0,88.0,-26.0,0.0,0.0,0.0,0.05560248,0.01485141,-0.04075107
993,72209,1.0,1.0,0.0,2.0,2.0,0.0,0.008336928,0.008336928,15.0,10.0,-5.0,0.2,0.4,0.2,0.08687743,0.14135763,0.054480202
994,72257,9.0,42.0,33.0,6.0,7.0,1.0,0.002940625,0.002940625,306.0,190.0,-116.0,0.0,0.0,0.0,0.29311472,0.3981345,0.10501978
995,72312,23.0,8.0,-15.0,2.0,1.0,-1.0,0.017218016,0.017218016,87.0,35.0,-52.0,0.0,0.0,0.0,0.53029597,0.16837457,-0.3619214
996,72510,1.0,2.0,1.0,7.0,11.0,4.0,0.0038935766,0.0038935766,116.0,118.0,2.0,0.4,0.4,0.0,0.72551626,0.61456215,-0.110954106
997,72605,1.0,1.0,0.0,1.0,1.0,0.0,0.011138625,0.011138625,3.0,2.0,-1.0,0.2,0.2,0.0,0.8418081,0.8467264,0.004918337
998,72719,2.0,4.0,2.0,8.0,6.0,-2.0,0.007514268,0.007514268,611.0,551.0,-60.0,0.0,0.0,0.0,0.52212316,0.5524875,0.030364335
999,72948,1.0,2.0,1.0,1.0,2.0,1.0,9.537116e-05,9.537116e-05,2.0,2.0,0.0,0.6,0.6,0.0,0.36314613,0.36966875,0.0065226257
