eval_index,nsd_image_id,predclip_image_rank_neighbor0,predclip_image_rank_neighbor_low,predclip_image_rank_delta_low_minus_zero,predclip_brain_rank_neighbor0,predclip_brain_rank_neighbor_low,predclip_brain_rank_delta_low_minus_zero,predclip_image_score_delta_low_minus_zero,predclip_brain_score_delta_low_minus_zero,blurry_pixcorr_neighbor0,blurry_pixcorr_neighbor_low,blurry_pixcorr_delta_low_minus_zero,recons_pixcorr_neighbor0,recons_pixcorr_neighbor_low,recons_pixcorr_delta_low_minus_zero,enhanced_pixcorr_neighbor0,enhanced_pixcorr_neighbor_low,enhanced_pixcorr_delta_low_minus_zero,enhanced_evalmix_pixcorr_neighbor0,enhanced_evalmix_pixcorr_neighbor_low,enhanced_evalmix_pixcorr_delta_low_minus_zero
0,2950,22.0,68.0,46.0,27.0,57.0,30.0,-0.005281016,-0.005281016,-0.120829135,0.03802807,0.1588572,0.14809865,0.19733861,0.049239963,0.14239351,0.21908255,0.076689035,0.12977234,0.22040807,0.09063573
1,2990,125.0,269.0,144.0,98.0,144.0,46.0,-0.0050849672,-0.0050849672,0.15018399,0.20798302,0.057799026,-0.0064025824,0.054774918,0.0611775,-0.0071899556,0.061320245,0.068510205,0.003895617,0.07952559,0.07562997
2,3049,4.0,2.0,-2.0,20.0,7.0,-13.0,0.010151297,0.010151297,-0.27775908,-0.39987186,-0.12211278,-0.051374365,0.047154564,0.09852893,-0.01552418,0.08023391,0.09575809,-0.056396045,0.011410884,0.06780693
3,3077,1.0,1.0,0.0,1.0,1.0,0.0,0.0030685551,0.0030685551,-0.12434707,-0.33651835,-0.21217129,-0.0029031557,-0.20993197,-0.20702882,0.0010957093,-0.22139208,-0.22248779,-0.016522862,-0.24494107,-0.2284182
4,3146,1.0,2.0,1.0,6.0,3.0,-3.0,-0.00066138804,-0.00066138804,0.5997562,0.5775959,-0.022160292,0.48718655,0.40174398,-0.08544257,0.50407934,0.41585207,-0.08822727,0.5330116,0.4705448,-0.06246683
5,3157,4.0,5.0,1.0,1.0,2.0,1.0,-0.0045776814,-0.0045776814,0.63011765,0.58193904,-0.048178613,0.35137373,0.10690935,-0.24446438,0.39418226,0.12905768,-0.2651246,0.4620917,0.22187737,-0.24021435
6,3164,2.0,11.0,9.0,1.0,1.0,0.0,-0.010914449,-0.010914449,0.47729185,0.42151287,-0.05577898,0.17157482,0.07060283,-0.10097199,0.17513922,0.059091266,-0.11604795,0.22203146,0.09805036,-0.123981096
7,3171,6.0,4.0,-2.0,4.0,2.0,-2.0,0.0058513694,0.0058513694,0.50424355,0.18615061,-0.31809294,0.17581935,0.23696277,0.061143413,0.21903571,0.26377565,0.04473993,0.27461362,0.2770045,0.0023908913
8,3181,2.0,2.0,0.0,4.0,1.0,-3.0,0.00350843,0.00350843,0.11154934,0.07225742,-0.03929192,0.12573127,0.0919071,-0.033824176,0.12882292,0.095705874,-0.03311705,0.13375536,0.0999401,-0.033815257
9,3386,2.0,6.0,4.0,1.0,1.0,0.0,-0.0010706112,-0.0010706112,-0.044129673,-0.08900416,-0.044874486,0.039672658,0.0074766623,-0.032195996,0.0753527,0.0238679,-0.0514848,0.055843093,0.0010113366,-0.054831754
10,3434,7.0,8.0,1.0,1.0,1.0,0.0,-0.0012368411,-0.0012368411,0.5263201,0.62490886,0.098588765,0.06821035,0.088278644,0.020068295,0.067115776,0.08422686,0.017111085,0.15182003,0.1653714,0.013551369
11,3449,1.0,1.0,0.0,2.0,2.0,0.0,0.0027181879,0.0027181879,0.5962125,0.6317241,0.035511613,-0.29723993,0.23395388,0.5311938,-0.28160933,0.2765262,0.5581355,-0.11771642,0.43873084,0.55644727
12,3489,1.0,1.0,0.0,1.0,1.0,0.0,-0.00016697124,-0.00016697124,0.060297262,0.24207981,0.18178254,0.5045704,0.39704645,-0.10752398,0.53322935,0.435489,-0.09774035,0.5130895,0.45837742,-0.054712057
13,3626,1.0,1.0,0.0,1.0,1.0,0.0,0.0015285611,0.0015285611,0.21048082,0.25658995,0.046109125,0.054958206,0.2088686,0.15391038,0.059917923,0.21039565,0.15047772,0.085424036,0.22267413,0.1372501
14,3682,2.0,1.0,-1.0,1.0,1.0,0.0,0.00085597485,0.00085597485,0.8455807,0.862254,0.016673326,0.8116755,0.771197,-0.040478468,0.8294017,0.8027349,-0.02666676,0.85074466,0.8346331,-0.016111553
15,3687,11.0,13.0,2.0,2.0,3.0,1.0,-0.0027942546,-0.0027942546,0.6500615,0.6823349,0.03227341,0.50267476,0.2779597,-0.22471505,0.51219094,0.28455845,-0.2276325,0.5505922,0.36967808,-0.1809141
16,3729,69.0,72.0,3.0,3.0,2.0,-1.0,0.001225479,0.001225479,-0.14897327,-0.1616119,-0.0126386285,0.05109603,-0.24472395,-0.29581997,0.033753943,-0.2516951,-0.28544903,0.014812375,-0.26639482,-0.2812072
17,3809,5.0,34.0,29.0,3.0,10.0,7.0,-0.0061505362,-0.0061505362,0.34642634,0.30235198,-0.044074357,0.23686191,0.6028707,0.3660088,0.18244758,0.5989367,0.4164891,0.24086326,0.5626487,0.32178545
18,3842,3.0,4.0,1.0,1.0,1.0,0.0,0.0025068633,0.0025068633,0.054048162,0.10429095,0.050242785,-0.06768116,-0.04945696,0.018224202,-0.066158846,-0.056214195,0.009944651,-0.058013324,-0.041075677,0.016937647
19,3847,22.0,44.0,22.0,16.0,14.0,-2.0,-0.0017325096,-0.0017325096,0.5203447,0.5387555,0.018410802,0.41606337,0.3051845,-0.110878855,0.37710667,0.28013644,-0.09697023,0.4206301,0.3379815,-0.082648605
20,3856,116.0,162.0,46.0,62.0,45.0,-17.0,-0.00081801414,-0.00081801414,0.091887295,0.06444287,-0.027444422,-0.11778442,0.04100105,0.15878546,-0.14176369,0.04042637,0.18219006,-0.12724155,0.04825362,0.17549518
21,3913,1.0,1.0,0.0,1.0,1.0,0.0,-0.0025280826,-0.0025280826,-0.14711475,-0.33835503,-0.19124028,-0.15842861,-0.2143213,-0.05589269,-0.16682261,-0.23293309,-0.06611048,-0.17567718,-0.253932,-0.07825482
22,3951,1.0,1.0,0.0,2.0,2.0,0.0,-0.0035295673,-0.0035295673,0.6029778,0.63509774,0.03211993,0.5707677,0.51780546,-0.052962244,0.6007867,0.53591144,-0.064875245,0.6310357,0.57181257,-0.059223115
23,4051,4.0,17.0,13.0,18.0,29.0,11.0,-0.004729055,-0.004729055,0.28384924,0.36896446,0.085115224,0.2622511,0.047643878,-0.21460724,0.27050525,0.056516297,-0.21398896,0.2951956,0.115033254,-0.18016236
24,4058,1.0,1.0,0.0,1.0,1.0,0.0,0.0032463819,0.0032463819,0.33092427,0.3366042,0.005679935,0.24408986,0.20481147,-0.039278388,0.22583275,0.18082197,-0.045010775,0.25812027,0.2139423,-0.044177964
25,4129,313.0,220.0,-93.0,20.0,9.0,-11.0,0.0046090167,0.0046090167,0.31546807,0.38424256,0.06877449,0.06382126,0.25663853,0.19281727,0.046186827,0.24995773,0.2037709,0.08947373,0.27181002,0.1823363
26,4156,25.0,25.0,0.0,2.0,5.0,3.0,-0.00022032112,-0.00022032112,0.27605775,0.30036896,0.024311215,0.12409051,0.13180077,0.007710263,0.12806265,0.15667301,0.028610364,0.15327421,0.1811119,0.027837694
27,4249,1.0,1.0,0.0,1.0,1.0,0.0,0.00059865415,0.00059865415,0.25101095,0.2795103,0.028499335,0.48633236,0.49193713,0.0056047738,0.5005219,0.51652515,0.016003251,0.5186017,0.5384958,0.019894063
28,4325,1.0,1.0,0.0,2.0,2.0,0.0,0.0006697215,0.0006697215,0.081263244,0.09123702,0.009973779,0.21555603,0.17187622,-0.043679804,0.23553205,0.215915,-0.01961705,0.23365715,0.21293262,-0.020724535
29,4423,4.0,3.0,-1.0,1.0,1.0,0.0,0.0027538203,0.0027538203,0.19911875,0.23504898,0.03593023,-0.032421354,-0.06475305,-0.032331694,-0.04171064,-0.06074707,-0.019036427,-0.021360852,-0.0366585,-0.015297648
30,4436,1.0,1.0,0.0,1.0,1.0,0.0,0.0026215836,0.0026215836,0.2784047,0.0004529187,-0.2779518,0.22502059,-0.029004492,-0.25402507,0.2473429,-0.029186482,-0.27652937,0.2612854,-0.028293848,-0.28957924
31,4612,1.0,2.0,1.0,1.0,1.0,0.0,-0.0020670667,-0.0020670667,0.2908263,0.30880812,0.017981827,0.19841507,0.3853063,0.18689123,0.19280082,0.39335987,0.20055905,0.21197584,0.3984827,0.18650687
32,4667,26.0,22.0,-4.0,113.0,163.0,50.0,0.00021644868,0.00021644868,0.10984473,0.1952222,0.08537747,0.14339769,0.059581142,-0.08381654,0.15989096,0.0738809,-0.08601006,0.1592843,0.09395347,-0.065330826
33,4690,4.0,2.0,-2.0,1.0,1.0,0.0,0.0021898896,0.0021898896,0.4134696,0.5298287,0.116359115,0.42626452,0.37658212,-0.04968241,0.4275133,0.37907195,-0.04844135,0.45030385,0.43198442,-0.018319428
34,4768,18.0,27.0,9.0,8.0,4.0,-4.0,-0.0011426583,-0.0011426583,0.18344136,0.20685261,0.023411259,0.19259964,0.024289252,-0.16831039,0.1590473,0.0052372073,-0.1538101,0.17460372,0.034500077,-0.14010364
35,4786,1.0,1.0,0.0,1.0,1.0,0.0,-0.0006181896,-0.0006181896,0.7143542,0.68142503,-0.032929182,0.39556262,0.50305635,0.10749373,0.41427493,0.5216814,0.1074065,0.47769338,0.57047683,0.09278345
36,4835,6.0,8.0,2.0,2.0,1.0,-1.0,0.0015082955,0.0015082955,0.63260126,0.66088575,0.02828449,0.5289553,0.59619635,0.06724107,0.5381254,0.6116772,0.07355183,0.5751154,0.6428233,0.067707896
37,4869,2.0,4.0,2.0,1.0,1.0,0.0,-0.0036643595,-0.0036643595,0.5855829,0.6441502,0.058567286,0.3538189,0.29445413,-0.059364766,0.3541819,0.2939977,-0.06018418,0.39268333,0.3537893,-0.038894027
38,4892,17.0,7.0,-10.0,1.0,1.0,0.0,0.0060087256,0.0060087256,-0.13751455,-0.29695335,-0.1594388,0.15633593,0.012162038,-0.14417389,0.12905268,-0.013187684,-0.14224038,0.10832952,-0.050964657,-0.15929417
39,4930,1.0,1.0,0.0,1.0,1.0,0.0,-0.00983287,-0.00983287,-0.0819517,-0.2611402,-0.17918849,-0.065543786,-0.167423,-0.10187921,-0.066633396,-0.18606718,-0.11943378,-0.07055514,-0.20040987,-0.12985474
40,5034,1.0,1.0,0.0,1.0,1.0,0.0,0.00385632,0.00385632,0.19401686,0.33538213,0.14136527,0.25273934,0.27529126,0.022551924,0.254085,0.30837315,0.05428815,0.27552465,0.3374399,0.06191525
41,5106,6.0,11.0,5.0,6.0,8.0,2.0,0.0012364574,0.0012364574,-0.11374463,-0.09777405,0.01597058,-0.20572798,-0.061194334,0.14453365,-0.23752248,-0.09887729,0.1386452,-0.24238013,-0.107560866,0.13481927
42,5204,73.0,228.0,155.0,3.0,6.0,3.0,-0.005746346,-0.005746346,0.6432809,0.6331268,-0.010154128,0.5942082,0.562291,-0.031917155,0.6053606,0.5619597,-0.043400943,0.6388053,0.5967004,-0.04210496
43,5285,1.0,1.0,0.0,1.0,1.0,0.0,0.0021732152,0.0021732152,0.45000035,0.34914094,-0.1008594,0.16802318,0.12746686,-0.040556327,0.14840215,0.118846744,-0.02955541,0.18941997,0.15465726,-0.03476271
44,5301,1.0,1.0,0.0,1.0,1.0,0.0,-0.005437877,-0.005437877,0.15836866,0.2568291,0.09846045,0.24424866,0.054388743,-0.18985991,0.2532996,0.0424467,-0.21085289,0.25807244,0.08302773,-0.17504472
45,5338,13.0,39.0,26.0,1.0,1.0,0.0,-0.0050212536,-0.0050212536,0.47129756,0.42742878,-0.04386878,0.43896866,0.22542502,-0.21354364,0.42741403,0.26130813,-0.1661059,0.46495342,0.30858612,-0.1563673
46,5427,120.0,93.0,-27.0,20.0,14.0,-6.0,0.0017767139,0.0017767139,0.070769325,0.14706767,0.07629834,0.23435834,-0.0003057909,-0.23466413,0.2353765,-0.002569744,-0.23794626,0.22720282,0.018576402,-0.20862642
47,5459,1.0,1.0,0.0,6.0,11.0,5.0,-0.00027940795,-0.00027940795,0.2718614,0.2951516,0.023290187,0.279414,0.2665403,-0.012873709,0.27710757,0.2549593,-0.022148281,0.28395176,0.26651883,-0.017432928
48,5502,384.0,328.0,-56.0,111.0,74.0,-37.0,0.0047814324,0.0047814324,0.16513315,0.17161076,0.0064776093,-0.027961653,-0.10631641,-0.07835476,-0.018737152,-0.1109663,-0.09222915,-0.008383611,-0.09249026,-0.084106654
49,5542,1.0,1.0,0.0,2.0,2.0,0.0,-0.001533065,-0.001533065,0.23444521,0.32155916,0.08711395,0.5186782,0.47986647,-0.038811713,0.5212612,0.47822168,-0.04303953,0.5299004,0.5002493,-0.029651046
50,5574,2.0,2.0,0.0,3.0,2.0,-1.0,0.0070916303,0.0070916303,0.106015414,0.13287728,0.026861861,-0.0234874,0.20608573,0.22957313,-0.02245561,0.20827298,0.2307286,-0.011112429,0.22214314,0.23325557
51,5583,1.0,1.0,0.0,1.0,1.0,0.0,0.00034164637,0.00034164637,0.108156994,-0.020965168,-0.12912217,0.08879967,-0.041490678,-0.13029034,0.08840126,-0.062262837,-0.15066409,0.09666185,-0.06357658,-0.16023843
52,5602,2.0,2.0,0.0,1.0,1.0,0.0,-0.0027150065,-0.0027150065,0.4277138,0.42160693,-0.0061068833,0.37912065,0.27494135,-0.10417929,0.38887617,0.28359723,-0.10527894,0.40986398,0.3323366,-0.077527374
53,5714,1.0,1.0,0.0,1.0,1.0,0.0,-0.0021971315,-0.0021971315,0.41446182,0.22166197,-0.19279985,0.3504747,0.44500223,0.09452754,0.34294742,0.44993636,0.10698894,0.37138355,0.46441746,0.09303391
54,5878,1.0,1.0,0.0,1.0,1.0,0.0,-0.005764328,-0.005764328,0.14457096,0.03861146,-0.105959505,0.16766226,-0.4398844,-0.6075467,0.18094406,-0.46302748,-0.64397156,0.18634506,-0.44091105,-0.6272561
55,5890,496.0,611.0,115.0,48.0,47.0,-1.0,-0.00095240586,-0.00095240586,0.3750645,0.38083187,0.005767375,0.32734108,0.1416785,-0.18566258,0.33688748,0.14589147,-0.190996,0.36118624,0.18962777,-0.17155847
56,6132,6.0,1.0,-5.0,1.0,1.0,0.0,0.0052085593,0.0052085593,0.25209558,0.3405726,0.088477015,0.10199296,0.25727323,0.15528026,0.12814297,0.27713427,0.1489913,0.15779509,0.2963429,0.13854782
57,6199,1.0,1.0,0.0,2.0,7.0,5.0,-0.0054421388,-0.0054421388,0.79010636,0.78334713,-0.0067592263,0.5244934,0.57084745,0.046354055,0.5494415,0.587277,0.03783548,0.5977817,0.6292978,0.031516075
58,6222,2.0,2.0,0.0,2.0,2.0,0.0,0.0024517141,0.0024517141,-0.21178336,-0.14819993,0.06358343,-0.23565069,-0.12368241,0.11196828,-0.2745074,-0.111568816,0.1629386,-0.28449708,-0.12178973,0.16270736
59,6431,1.0,1.0,0.0,1.0,1.0,0.0,0.0034671128,0.0034671128,0.10181728,0.0072500254,-0.094567254,0.09969323,0.123624206,0.023930974,0.11090425,0.12751418,0.016609937,0.11920004,0.12468178,0.005481735
60,6444,3.0,5.0,2.0,1.0,1.0,0.0,0.00084205717,0.00084205717,0.605536,0.6102079,0.0046719313,0.49834645,0.6345412,0.13619477,0.49414098,0.6398408,0.1456998,0.52825654,0.65182644,0.123569906
61,6489,7.0,4.0,-3.0,2.0,3.0,1.0,0.0023130774,0.0023130774,0.5003413,0.5080625,0.0077211857,0.4895327,0.2740389,-0.2154938,0.5013564,0.2795756,-0.22178084,0.5148999,0.32357326,-0.19132665
62,6514,28.0,17.0,-11.0,1.0,1.0,0.0,0.0033144318,0.0033144318,0.026730701,0.08481073,0.058080025,0.17081028,0.23653096,0.06572068,0.14301038,0.20169678,0.058686405,0.14056085,0.21366648,0.07310563
63,6521,1.0,1.0,0.0,1.0,1.0,0.0,0.0012588948,0.0012588948,0.48413855,0.53738606,0.05324751,0.37983128,0.37290046,-0.006930828,0.37175035,0.35469672,-0.017053634,0.41826698,0.41052586,-0.0077411234
64,6524,25.0,39.0,14.0,21.0,26.0,5.0,0.001626417,0.001626417,-0.027331578,-0.23919334,-0.21186176,0.1293363,-0.15046002,-0.2797963,0.1478361,-0.13223788,-0.280074,0.1482965,-0.14792682,-0.29622334
65,6558,2.0,1.0,-1.0,2.0,3.0,1.0,-0.0010817684,-0.0010817684,0.43106204,0.390881,-0.04018104,0.046555243,0.024123365,-0.022431878,0.010963946,0.0117920395,0.00082809385,0.05423058,0.05327615,-0.0009544268
66,6640,23.0,24.0,1.0,1.0,1.0,0.0,0.002023168,0.002023168,0.33102956,0.051064655,-0.27996492,-0.036293928,0.09315148,0.1294454,-0.024315376,0.11715416,0.14146954,0.06231123,0.11843063,0.0561194
67,6713,1.0,1.0,0.0,1.0,1.0,0.0,-0.003767155,-0.003767155,0.1537587,-0.0055744587,-0.15933317,0.28385082,0.27862465,-0.005226165,0.29053208,0.28905654,-0.0014755428,0.28834504,0.27075627,-0.017588764
68,6801,12.0,10.0,-2.0,1.0,1.0,0.0,0.0015523583,0.0015523583,0.4104526,0.43594,0.025487393,0.110983826,0.33671027,0.22572646,0.11676557,0.3326469,0.21588133,0.1524785,0.35758933,0.20511083
69,7007,25.0,24.0,-1.0,1.0,1.0,0.0,0.0005787574,0.0005787574,-0.007097882,-0.0075706826,-0.00047280034,0.34777343,0.23293284,-0.1148406,0.32547292,0.21595389,-0.109519035,0.3076323,0.18165286,-0.12597944
70,7039,1.0,1.0,0.0,1.0,1.0,0.0,-0.003789723,-0.003789723,0.5480825,0.54445964,-0.00362283,0.4548963,0.47612423,0.021227926,0.46759918,0.48361692,0.016017735,0.49076548,0.5017364,0.01097092
71,7120,2.0,1.0,-1.0,1.0,1.0,0.0,-0.0009367913,-0.0009367913,0.11090121,-0.08672448,-0.1976257,0.06673272,0.067038774,0.00030605495,0.0753342,0.07045348,-0.004880719,0.083695,0.056437373,-0.027257629
72,7207,1.0,1.0,0.0,1.0,1.0,0.0,7.382035e-05,7.382035e-05,0.3449374,0.3402299,-0.0047075152,0.08750253,0.11534099,0.027838461,0.07285581,0.091061674,0.018205866,0.11493841,0.12995926,0.015020847
73,7336,3.0,1.0,-2.0,2.0,2.0,0.0,0.0031611733,0.0031611733,0.37353912,0.39955038,0.026011258,-0.09044915,-0.078148864,0.012300283,-0.10313883,-0.075310275,0.027828552,-0.048742983,-0.014168164,0.03457482
74,7366,2.0,1.0,-1.0,1.0,1.0,0.0,0.006011199,0.006011199,0.48668993,0.494405,0.007715076,0.5044328,0.34038267,-0.16405013,0.55859107,0.37597626,-0.1826148,0.5567377,0.41726685,-0.13947088
75,7409,1.0,1.0,0.0,1.0,1.0,0.0,-0.0058232285,-0.0058232285,0.22407438,0.089879215,-0.13419516,0.049503252,0.2253232,0.17581995,0.056718253,0.23984393,0.18312567,0.07127183,0.23945852,0.1681867
76,7418,1.0,1.0,0.0,1.0,1.0,0.0,-0.0065299794,-0.0065299794,0.28894386,0.37181225,0.0828684,-0.11238099,0.020262737,0.13264373,-0.116755836,0.01991155,0.13666739,-0.07998812,0.049239628,0.12922776
77,7480,3.0,5.0,2.0,2.0,2.0,0.0,-0.0019356385,-0.0019356385,-0.15233584,-0.039764293,0.112571545,-0.26273692,-0.24181397,0.020922944,-0.26688418,-0.25713387,0.009750307,-0.27644953,-0.25126654,0.025182992
78,7654,4.0,19.0,15.0,1.0,1.0,0.0,-0.0052460358,-0.0052460358,0.13272473,0.1784758,0.045751065,0.1349982,0.4914836,0.3564854,0.1221205,0.4823649,0.3602444,0.12883916,0.47343948,0.34460032
79,7659,1.0,1.0,0.0,1.0,1.0,0.0,0.0012774318,0.0012774318,0.7221163,0.7127336,-0.009382665,0.5999175,0.6560041,0.0560866,0.6141589,0.6500005,0.035841584,0.6553443,0.67682284,0.021478534
80,7840,5.0,4.0,-1.0,1.0,1.0,0.0,-0.0019858554,-0.0019858554,0.5255356,0.56901395,0.04347837,0.4282377,0.38999593,-0.038241774,0.4155325,0.3884182,-0.027114302,0.45753828,0.43315113,-0.024387151
81,7859,1.0,14.0,13.0,1.0,1.0,0.0,-0.009232938,-0.009232938,0.112221465,0.14539014,0.033168674,0.11629274,0.09306372,-0.023229018,0.11999497,0.09415819,-0.02583678,0.12562644,0.102230534,-0.02339591
82,7944,1.0,1.0,0.0,2.0,1.0,-1.0,0.0021236911,0.0021236911,-0.26813382,-0.29621598,-0.028082162,-0.18438792,-0.286605,-0.10221708,-0.2139318,-0.3039064,-0.08997461,-0.2410201,-0.3184063,-0.077386215
83,7948,1.0,1.0,0.0,1.0,1.0,0.0,0.0013061948,0.0013061948,0.28957894,0.2990557,0.009476751,0.23773761,0.21328554,-0.024452075,0.24850142,0.21770947,-0.030791953,0.26178098,0.24030373,-0.021477252
84,7954,39.0,40.0,1.0,35.0,18.0,-17.0,0.0014700219,0.0014700219,0.5002893,0.42495194,-0.07533738,-0.20420146,0.5509955,0.755197,-0.21283154,0.58045477,0.7932863,-0.13006923,0.5899132,0.7199824
85,8006,1.0,1.0,0.0,1.0,2.0,1.0,0.0010799915,0.0010799915,-0.15334773,-0.21816503,-0.064817294,-0.13747382,-0.16212289,-0.024649069,-0.15095599,-0.15234004,-0.0013840497,-0.15975435,-0.17205334,-0.012298986
86,8109,3.0,1.0,-2.0,1.0,1.0,0.0,0.00836115,0.00836115,0.54141843,0.5473817,0.005963266,0.1516759,0.21099707,0.05932118,0.12677968,0.17053893,0.043759257,0.19051173,0.23473638,0.04422465
87,8204,1.0,2.0,1.0,1.0,4.0,3.0,0.00019971281,0.00019971281,0.50537324,0.16900235,-0.3363709,-0.28700584,-0.43153858,-0.14453274,-0.27706227,-0.42245877,-0.1453965,-0.20696703,-0.4066744,-0.19970739
88,8225,1.0,1.0,0.0,1.0,1.0,0.0,0.0025935099,0.0025935099,0.29623914,0.313311,0.017071873,-0.03336833,0.17099595,0.20436428,-0.07510639,0.15344387,0.22855026,-0.009043242,0.19835293,0.20739618
89,8262,455.0,347.0,-108.0,147.0,101.0,-46.0,0.0057132635,0.0057132635,-0.038091917,-0.12619926,-0.08810735,-0.15636271,-0.3587817,-0.20241898,-0.17129964,-0.40572447,-0.23442483,-0.1674326,-0.41106832,-0.24363571
90,8274,3.0,6.0,3.0,1.0,1.0,0.0,-0.0050479844,-0.0050479844,0.77231926,0.7459315,-0.026387751,0.41974956,0.57833844,0.15858889,0.4383475,0.6231976,0.18485013,0.5510781,0.6827935,0.13171542
91,8318,19.0,29.0,10.0,1.0,2.0,1.0,0.0013500452,0.0013500452,0.40841475,0.46202984,0.053615093,0.4051582,0.33702436,-0.06813383,0.38880697,0.33218595,-0.056621015,0.40186983,0.36520103,-0.036668807
92,8387,6.0,7.0,1.0,14.0,3.0,-11.0,0.003554441,0.003554441,0.16716851,0.1274526,-0.039715916,0.036204506,0.063547924,0.027343418,0.050894435,0.07485388,0.023959447,0.060617715,0.081363164,0.020745449
93,8394,1.0,1.0,0.0,1.0,1.0,0.0,-0.0035702512,-0.0035702512,0.3561488,0.32213175,-0.034017056,0.2314249,0.051492203,-0.1799327,0.24873023,0.062520124,-0.1862101,0.2798936,0.10099101,-0.1789026
94,8415,2.0,5.0,3.0,2.0,1.0,-1.0,-0.004756283,-0.004756283,0.23793608,0.033064935,-0.20487115,0.54646605,0.4304476,-0.116018444,0.55304533,0.44004747,-0.11299786,0.5739345,0.4381287,-0.13580579
95,8435,3.0,14.0,11.0,1.0,6.0,5.0,-0.0061304383,-0.0061304383,0.10677184,0.09867404,-0.008097805,0.2766243,0.22878967,-0.04783462,0.29023877,0.25326777,-0.036971003,0.29151762,0.25527203,-0.036245584
96,8465,7.0,4.0,-3.0,2.0,4.0,2.0,0.0006803982,0.0006803982,0.05769128,0.017513476,-0.040177803,0.2372842,-0.073465556,-0.31074977,0.26376572,-0.05611478,-0.31988052,0.26968974,-0.051325332,-0.32101506
97,8509,5.0,3.0,-2.0,10.0,2.0,-8.0,0.009932276,0.009932276,0.630122,0.6476562,0.017534196,0.012355587,0.15827647,0.14592089,0.023122896,0.16674696,0.14362407,0.08734478,0.23740534,0.15006056
98,8631,6.0,3.0,-3.0,1.0,1.0,0.0,0.0013880096,0.0013880096,0.5876106,0.5392028,-0.048407793,0.0017582005,0.06857288,0.066814676,0.0153630655,0.08328224,0.06791917,0.08595995,0.14946909,0.063509144
99,8646,25.0,13.0,-12.0,3.0,3.0,0.0,0.0034665205,0.0034665205,0.19164917,0.14503478,-0.046614394,0.13743941,0.14948946,0.0120500475,0.1592429,0.15391198,-0.00533092,0.17285952,0.15940064,-0.013458878
100,8807,1.0,1.0,0.0,1.0,1.0,0.0,0.0049846396,0.0049846396,-0.2677627,-0.25666004,0.011102647,-0.05498874,-0.018584995,0.036403745,-0.07397942,-0.033141363,0.04083806,-0.11655158,-0.08249385,0.03405773
101,8843,4.0,8.0,4.0,6.0,6.0,0.0,-0.00044443458,-0.00044443458,-0.04927331,-0.117763266,-0.068489954,-0.033118706,-0.066573195,-0.03345449,-0.033090215,-0.07106348,-0.037973266,-0.03750571,-0.08261668,-0.04511097
102,8925,32.0,23.0,-9.0,9.0,3.0,-6.0,0.0046830066,0.0046830066,0.22042257,0.25605926,0.035636693,0.22621743,0.48807564,0.26185822,0.2285201,0.5059141,0.277394,0.24329478,0.51603144,0.27273667
103,8933,1.0,7.0,6.0,4.0,4.0,0.0,-0.0006225519,-0.0006225519,0.37273264,0.2669017,-0.10583094,0.21560793,0.11530853,-0.100299396,0.19290063,0.08319036,-0.10971027,0.21754542,0.1090877,-0.10845772
104,9027,2.0,3.0,1.0,1.0,1.0,0.0,-0.005439028,-0.005439028,0.08659142,-0.124483675,-0.2110751,-0.26218367,-0.069026954,0.19315672,-0.25847206,-0.08657112,0.17190093,-0.23415965,-0.095219485,0.13894016
105,9048,1.0,1.0,0.0,1.0,1.0,0.0,-0.0071599185,-0.0071599185,0.6994578,0.7068177,0.0073598623,0.51685745,0.52635217,0.009494722,0.5222858,0.52579576,0.0035099387,0.5684568,0.5766402,0.00818336
106,9147,1.0,1.0,0.0,1.0,1.0,0.0,0.002208054,0.002208054,-0.4362878,-0.45138595,-0.015098155,-0.17898232,-0.3061359,-0.12715358,-0.17191458,-0.30391148,-0.1319969,-0.21070385,-0.34836972,-0.13766587
107,9230,1.0,1.0,0.0,1.0,1.0,0.0,0.0014374107,0.0014374107,0.8097064,0.8189616,0.00925523,0.71685123,0.7417282,0.024876952,0.7591965,0.7563804,-0.0028161407,0.7963992,0.78946656,-0.0069326162
108,9434,1.0,1.0,0.0,1.0,1.0,0.0,0.002343323,0.002343323,0.12683044,0.17942044,0.052589998,0.28886285,0.20860147,-0.08026138,0.30736014,0.23348728,-0.073872864,0.30847377,0.23928937,-0.06918439
109,9462,114.0,156.0,42.0,113.0,69.0,-44.0,-0.0015063137,-0.0015063137,-0.1411679,-0.11834494,0.022822954,-0.1759058,-0.19271277,-0.016806975,-0.1717679,-0.18548395,-0.013716042,-0.17885527,-0.1931374,-0.014282137
110,9680,17.0,41.0,24.0,1.0,2.0,1.0,-0.0035059974,-0.0035059974,-0.16482101,-0.13124597,0.033575043,-0.020282254,-0.14964722,-0.12936497,-0.0001435563,-0.14451493,-0.14437138,-0.021888167,-0.14812389,-0.12623572
111,9722,1.0,1.0,0.0,4.0,1.0,-3.0,0.001185704,0.001185704,0.27361667,0.22272234,-0.050894335,0.2599398,0.27810782,0.018168032,0.26706195,0.28401592,0.016953975,0.2828803,0.2937661,0.010885805
112,9804,12.0,16.0,4.0,7.0,5.0,-2.0,0.00037515536,0.00037515536,0.037756585,0.056065336,0.018308751,-0.16594961,-0.007144172,0.15880544,-0.1717702,-0.0063904757,0.16537972,-0.1473014,0.0048024277,0.15210383
113,9847,1.0,1.0,0.0,1.0,1.0,0.0,0.003244251,0.003244251,0.48880762,0.4392108,-0.049596816,0.026147509,0.025235642,-0.00091186725,0.01978604,0.02682905,0.0070430115,0.12536396,0.1339518,0.008587837
114,9865,34.0,58.0,24.0,3.0,9.0,6.0,-0.0041255895,-0.0041255895,0.39757556,0.41296533,0.01538977,0.19147636,0.22439091,0.03291455,0.18778035,0.215132,0.027351648,0.2336099,0.2600899,0.026480004
115,9917,1.0,1.0,0.0,1.0,1.0,0.0,0.0021605603,0.0021605603,0.8142524,0.8226604,0.00840801,0.48736292,0.51774454,0.03038162,0.512908,0.53221047,0.019302487,0.5963974,0.6089836,0.012586176
116,9978,376.0,184.0,-192.0,60.0,84.0,24.0,0.008797646,0.008797646,0.32406121,0.20913841,-0.11492281,0.041159082,0.06855565,0.02739657,0.02458852,0.02693262,0.0023440998,0.054768555,0.06343489,0.008666337
117,10006,8.0,5.0,-3.0,2.0,1.0,-1.0,0.006857749,0.006857749,0.49825603,0.51188,0.013623953,0.28755507,0.34624264,0.058687568,0.26794213,0.33078626,0.06284413,0.31457165,0.39084345,0.0762718
118,10046,1.0,1.0,0.0,1.0,1.0,0.0,-0.004295476,-0.004295476,-0.06944749,-0.091684945,-0.022237457,-0.20637983,-0.23617344,-0.029793605,-0.21163039,-0.2449508,-0.033320412,-0.20949592,-0.24588254,-0.036386624
119,10064,1.0,1.0,0.0,1.0,1.0,0.0,-0.00032900646,-0.00032900646,0.5025825,0.5848619,0.082279384,0.352725,0.18649216,-0.16623284,0.3512313,0.19976237,-0.15146893,0.3932657,0.272054,-0.12121171
120,10105,6.0,11.0,5.0,5.0,5.0,0.0,-0.0025868453,-0.0025868453,0.74898565,0.7288067,-0.020178974,0.5616119,0.62029773,0.05868584,0.59083766,0.64515454,0.05431688,0.64479625,0.6917858,0.04698956
121,10107,36.0,12.0,-24.0,4.0,1.0,-3.0,0.007652506,0.007652506,0.37385094,0.21488188,-0.15896906,0.31118459,0.4717009,0.16051632,0.32641748,0.4849057,0.15848821,0.34918165,0.48831978,0.13913813
122,10244,1.0,1.0,0.0,1.0,1.0,0.0,-0.0029964708,-0.0029964708,0.29109412,0.36860213,0.077508,0.24590126,0.24242933,-0.0034719259,0.24267632,0.24710889,0.004432574,0.25896665,0.2717892,0.012822539
123,10393,21.0,8.0,-13.0,20.0,9.0,-11.0,0.00352462,0.00352462,0.03863,0.18850516,0.14987516,0.051312782,0.12759392,0.07628114,0.048472516,0.13229114,0.08381862,0.049436618,0.14779854,0.098361924
124,10471,1.0,1.0,0.0,1.0,1.0,0.0,0.006287623,0.006287623,0.045560453,0.058207482,0.012647029,0.042195108,0.04330929,0.0011141822,0.044603914,0.04221589,-0.0023880228,0.047058444,0.046750136,-0.00030830875
125,10507,1.0,1.0,0.0,1.0,1.0,0.0,0.0011381768,0.0011381768,0.15600567,0.10501583,-0.050989836,0.081683464,0.24221566,0.1605322,0.08162565,0.2470328,0.16540715,0.09803771,0.24710405,0.14906633
126,10586,124.0,129.0,5.0,25.0,44.0,19.0,-0.0009245835,-0.0009245835,0.462601,0.64072,0.178119,0.391708,0.36229512,-0.029412866,0.39237037,0.36912465,-0.023245722,0.42159075,0.41416013,-0.007430613
127,10600,76.0,180.0,104.0,42.0,25.0,-17.0,-0.0011234414,-0.0011234414,0.33727166,0.40961063,0.07233897,0.30655116,0.25135475,-0.055196404,0.3491406,0.29521435,-0.05392626,0.36359012,0.3274989,-0.03609121
128,10610,4.0,7.0,3.0,1.0,1.0,0.0,0.00198441,0.00198441,0.3734319,0.40264484,0.029212952,0.03898464,-0.05465951,-0.09364415,0.03415133,-0.06758379,-0.10173512,0.082582384,-0.007078668,-0.089661054
129,10907,1.0,1.0,0.0,1.0,1.0,0.0,-0.002627436,-0.002627436,0.67021435,0.66644347,-0.0037708879,0.39306024,0.46567708,0.072616845,0.38776854,0.4700693,0.08230075,0.4647202,0.5264034,0.061683238
130,11159,2.0,2.0,0.0,1.0,1.0,0.0,-0.0017742477,-0.0017742477,0.06945349,0.09583697,0.026383474,0.040981255,-0.10101248,-0.14199373,0.047455817,-0.10799662,-0.15545243,0.056101598,-0.08575457,-0.14185616
131,11333,12.0,5.0,-7.0,1.0,1.0,0.0,0.0044051223,0.0044051223,-0.12885869,-0.07296402,0.055894665,-0.008384086,-0.069242045,-0.06085796,-0.01771536,-0.075829014,-0.058113657,-0.031200005,-0.07808078,-0.046880774
132,11487,1.0,2.0,1.0,4.0,5.0,1.0,-0.0019905865,-0.0019905865,0.04488039,0.1591868,0.114306405,-0.0812565,-0.09522505,-0.01396855,-0.059343137,-0.09399223,-0.034649096,-0.05300332,-0.07855847,-0.025555149
133,11521,15.0,1.0,-14.0,2.0,1.0,-1.0,0.010264631,0.010264631,-0.041045684,-0.04195476,-0.00090907514,0.060091518,0.28738633,0.2272948,0.05716765,0.29798508,0.24081743,0.04650472,0.28049433,0.23398961
134,11566,1.0,1.0,0.0,7.0,6.0,-1.0,0.004362695,0.004362695,0.6528902,0.5785228,-0.074367404,0.3516637,0.3530314,0.0013676882,0.39113188,0.38390952,-0.0072223544,0.45042965,0.4288545,-0.021575153
135,11617,6.0,6.0,0.0,3.0,4.0,1.0,0.0008604117,0.0008604117,-0.13875616,-0.34891877,-0.21016261,-0.07630901,-0.07826063,-0.00195162,-0.076984115,-0.042134102,0.034850013,-0.09130077,-0.09562688,-0.0043261126
136,11635,1.0,1.0,0.0,1.0,1.0,0.0,0.0015369579,0.0015369579,0.6473119,0.69991606,0.05260414,0.46064585,0.46643522,0.0057893693,0.4766777,0.4873702,0.010692507,0.535528,0.5570006,0.021472573
137,11689,1.0,1.0,0.0,1.0,1.0,0.0,-0.0018488355,-0.0018488355,0.084579065,0.2010484,0.11646934,0.060954288,0.34992564,0.28897136,0.09518665,0.37880257,0.28361592,0.09677233,0.37493682,0.2781645
138,11725,5.0,1.0,-4.0,3.0,2.0,-1.0,0.011037506,0.011037506,0.3159921,0.2987912,-0.017200887,0.16892257,0.08163701,-0.08728556,0.17755093,0.07808405,-0.099466875,0.21083924,0.11687116,-0.09396808
139,11796,1.0,1.0,0.0,1.0,1.0,0.0,-0.010500025,-0.010500025,0.26453036,0.33785805,0.07332769,-0.013895712,-0.01407758,-0.00018186774,-0.02750725,-0.014758476,0.012748773,0.013731063,0.03887632,0.025145259
140,11827,341.0,81.0,-260.0,43.0,28.0,-15.0,0.010339556,0.010339556,0.3434445,0.24576126,-0.097683236,-0.122580126,-0.0923976,0.030182526,-0.1467451,-0.11958114,0.02716396,-0.11176852,-0.0950271,0.016741425
141,11837,1.0,1.0,0.0,1.0,1.0,0.0,-0.00083299726,-0.00083299726,0.41818285,0.3960908,-0.022092044,0.30068418,0.23400176,-0.06668243,0.28937507,0.23344068,-0.055934384,0.3200792,0.26172674,-0.05835247
142,11844,1.0,1.0,0.0,1.0,1.0,0.0,-0.0024559796,-0.0024559796,0.34691697,0.3664595,0.019542515,0.42829692,0.51472765,0.08643073,0.43601036,0.50384456,0.0678342,0.45225605,0.51463825,0.06238219
143,11932,2.0,2.0,0.0,2.0,2.0,0.0,-0.0030980445,-0.0030980445,0.20369591,0.288333,0.08463709,0.07164887,0.08548849,0.013839617,0.07533485,0.095536865,0.020202018,0.09662399,0.13053472,0.033910736
144,11942,2.0,1.0,-1.0,1.0,1.0,0.0,-0.002376318,-0.002376318,-0.13873379,-0.117492296,0.021241494,-0.020419937,-0.104238786,-0.08381885,-0.03381203,-0.118922524,-0.08511049,-0.048532665,-0.124254376,-0.07572171
145,11952,2.0,1.0,-1.0,2.0,2.0,0.0,-0.0012763329,-0.0012763329,-0.2043974,-0.1309071,0.07349029,0.017006874,-0.39441457,-0.41142145,0.013677484,-0.39906636,-0.41274384,-0.013808582,-0.3994912,-0.3856826
146,12065,7.0,34.0,27.0,40.0,76.0,36.0,-0.007053554,-0.007053554,-0.11851034,-0.09196594,0.0265444,-0.29538092,-0.35297003,-0.057589114,-0.30580842,-0.34455502,-0.038746595,-0.29755583,-0.3264361,-0.028880268
147,12075,2.0,2.0,0.0,1.0,1.0,0.0,0.0046238936,0.0046238936,0.37143224,0.139684,-0.23174824,0.15644632,0.13163675,-0.02480957,0.15761039,0.122306235,-0.03530415,0.18958385,0.13036625,-0.059217602
148,12214,1.0,1.0,0.0,1.0,1.0,0.0,-0.0025310777,-0.0025310777,-0.21515577,-0.26810554,-0.05294977,0.38990545,0.2781451,-0.11176035,0.34801543,0.24215804,-0.10585739,0.3084645,0.18441322,-0.12405127
149,12308,1.0,1.0,0.0,1.0,1.0,0.0,-0.0016856045,-0.0016856045,0.0882767,0.07721761,-0.0110590905,0.058019012,0.061935768,0.0039167553,0.060103565,0.040841337,-0.019262228,0.069708236,0.05218189,-0.017526347
150,12487,2.0,2.0,0.0,1.0,1.0,0.0,-0.0033755451,-0.0033755451,0.5085679,0.4644272,-0.044140726,0.09977404,0.17124008,0.071466036,0.09678008,0.1688073,0.07202722,0.1622713,0.21489353,0.05262223
151,12495,37.0,30.0,-7.0,48.0,49.0,1.0,0.0012692586,0.0012692586,0.12006228,0.16760659,0.047544315,0.16303498,0.2547777,0.091742724,0.17172569,0.2741363,0.102410614,0.1777908,0.274629,0.09683819
152,12634,4.0,16.0,12.0,1.0,1.0,0.0,-0.0022144653,-0.0022144653,0.034107067,0.08844689,0.054339826,0.4324733,0.29319718,-0.13927612,0.44869068,0.3194747,-0.12921599,0.44975322,0.31720686,-0.13254637
153,12685,1.0,1.0,0.0,1.0,1.0,0.0,-0.008538336,-0.008538336,0.057523906,0.12687333,0.06934942,0.13172933,0.09252934,-0.039199993,0.14166713,0.11369156,-0.027975567,0.14364184,0.121974535,-0.02166731
154,12796,1.0,1.0,0.0,1.0,1.0,0.0,-0.001925882,-0.001925882,-0.03318567,-0.13915703,-0.10597136,-0.16751915,0.3495255,0.51704466,-0.19436204,0.31898353,0.5133456,-0.18736374,0.28567034,0.47303408
155,12798,1.0,1.0,0.0,1.0,1.0,0.0,0.00051127374,0.00051127374,-0.178944,-0.1774063,0.0015377104,-0.06550663,0.22053352,0.28604016,-0.11651723,0.19921784,0.31573507,-0.14648688,0.16356061,0.3100475
156,12922,1.0,1.0,0.0,1.0,1.0,0.0,-0.00032552332,-0.00032552332,0.4577176,0.55747795,0.09976035,0.26688176,0.22149195,-0.045389816,0.27762252,0.23567346,-0.041949064,0.31536144,0.29854804,-0.016813397
157,12937,4.0,15.0,11.0,1.0,8.0,7.0,-0.0004682243,-0.0004682243,0.51242375,0.5297575,0.017333746,0.4644752,0.3602373,-0.104237914,0.48101962,0.35005397,-0.13096565,0.5040352,0.40061343,-0.10342175
158,13138,1.0,1.0,0.0,1.0,1.0,0.0,0.00025159866,0.00025159866,0.4091687,0.42220253,0.013033837,0.08869916,0.29921478,0.21051562,0.103165135,0.30176535,0.19860022,0.16762626,0.34917763,0.18155137
159,13230,2.0,1.0,-1.0,1.0,1.0,0.0,0.0011276603,0.0011276603,0.21264489,0.2728205,0.060175613,0.05726602,0.105800085,0.048534065,0.036744516,0.1118646,0.07512008,0.06890606,0.15433386,0.0854278
160,13312,1.0,1.0,0.0,1.0,1.0,0.0,0.003341183,0.003341183,0.1508678,0.20449556,0.05362776,0.18879217,0.17890435,-0.0098878145,0.18311332,0.16831851,-0.014794812,0.19279507,0.18094093,-0.011854142
161,13314,1.0,1.0,0.0,1.0,1.0,0.0,0.008955333,0.008955333,0.42557403,0.48614568,0.06057164,0.4564193,0.5946266,0.13820732,0.48242167,0.5993946,0.11697295,0.49813643,0.6031563,0.1050199
162,13613,2.0,1.0,-1.0,1.0,1.0,0.0,0.008375898,0.008375898,0.40821826,0.22315203,-0.18506624,0.40780663,0.2959641,-0.11184254,0.42475367,0.32310528,-0.10164839,0.44956282,0.33918825,-0.11037457
163,13653,1.0,1.0,0.0,1.0,1.0,0.0,0.004709143,0.004709143,0.40719965,0.34171015,-0.0654895,0.2442686,0.14503852,-0.09923008,0.27553597,0.15475121,-0.12078476,0.31031188,0.19105984,-0.11925204
164,13662,19.0,24.0,5.0,3.0,3.0,0.0,0.0004954785,0.0004954785,0.024596917,0.24609706,0.22150014,-0.17139333,-0.117049366,0.05434397,-0.15934542,-0.11608857,0.04325685,-0.1526164,-0.08405974,0.06855666
165,13720,16.0,17.0,1.0,31.0,24.0,-7.0,-0.0017722994,-0.0017722994,0.36701116,0.46152678,0.09451562,0.39335722,0.4607425,0.067385286,0.4190582,0.4717667,0.052708507,0.4508078,0.504732,0.053924203
166,13846,19.0,7.0,-12.0,6.0,4.0,-2.0,0.002964113,0.002964113,0.82447433,0.8406397,0.016165376,0.68283546,0.70415205,0.021316588,0.6983035,0.70688754,0.0085840225,0.7435457,0.7508244,0.007278681
167,14110,5.0,5.0,0.0,10.0,2.0,-8.0,0.0015470907,0.0015470907,0.28330383,0.11482988,-0.16847394,0.134988,0.08960791,-0.045380086,0.13159174,0.08318086,-0.048410878,0.15569542,0.09158729,-0.06410813
168,14121,1.0,6.0,5.0,1.0,1.0,0.0,-0.007323608,-0.007323608,0.36839858,0.2835241,-0.08487448,0.27034372,0.24873595,-0.021607772,0.2544204,0.23692803,-0.017492369,0.27437577,0.24962297,-0.024752796
169,14165,1.0,2.0,1.0,1.0,1.0,0.0,-0.0036298744,-0.0036298744,-0.26952705,-0.16808029,0.10144676,-0.14678057,-0.0637716,0.08300897,-0.1414153,-0.06463416,0.07678114,-0.1677264,-0.08110495,0.08662145
170,14179,166.0,200.0,34.0,143.0,278.0,135.0,0.00016629137,0.00016629137,0.30474988,0.3427863,0.038036436,0.1880784,0.25048742,0.062409014,0.19155973,0.25006315,0.05850342,0.22659463,0.28278372,0.05618909
171,14443,1.0,1.0,0.0,1.0,1.0,0.0,-0.0027728975,-0.0027728975,0.3026908,0.23164544,-0.07104537,0.012537836,-0.06841546,-0.0809533,0.022679666,-0.085208334,-0.107888,0.054332584,-0.05523274,-0.109565325
172,14528,1.0,2.0,1.0,34.0,74.0,40.0,-0.0011439994,-0.0011439994,0.10098917,0.1148133,0.013824128,-0.0036404901,0.0327274,0.036367893,-0.032030817,0.02232607,0.054356888,-0.021039981,0.033329055,0.054369036
173,14567,1.0,1.0,0.0,1.0,3.0,2.0,-0.00199328,-0.00199328,-0.3439396,-0.20578568,0.13815393,0.0562358,0.09411959,0.037883792,0.07275913,0.12026118,0.04750205,0.03534765,0.08547315,0.0501255
174,14594,2.0,1.0,-1.0,1.0,1.0,0.0,0.002772674,0.002772674,0.48842943,0.5636124,0.075182974,0.21682008,0.21858728,0.0017672032,0.22822382,0.2434687,0.015244886,0.29561046,0.3173951,0.021784633
175,14610,2.0,11.0,9.0,5.0,6.0,1.0,-0.006445337,-0.006445337,0.5052333,0.63855046,0.13331717,0.2829788,0.30692136,0.02394256,0.2742373,0.28995717,0.01571986,0.34011337,0.3824379,0.042324543
176,14644,1.0,2.0,1.0,2.0,4.0,2.0,-0.0035343394,-0.0035343394,0.74895805,0.67278695,-0.0761711,0.52371246,0.46759588,-0.05611658,0.5518499,0.4908,-0.06104991,0.60440964,0.54479146,-0.059618175
177,14793,35.0,66.0,31.0,3.0,2.0,-1.0,-0.0012217518,-0.0012217518,0.14036396,0.15743291,0.017068952,0.41958094,0.466139,0.046558052,0.4026827,0.4637455,0.061062813,0.4040579,0.46136346,0.057305574
178,14808,1.0,1.0,0.0,1.0,1.0,0.0,0.00036884844,0.00036884844,0.07599328,0.06865505,-0.007338226,0.081972025,0.1062065,0.024234474,0.09045781,0.10385892,0.013401106,0.09403548,0.1054985,0.011463024
179,14820,344.0,358.0,14.0,296.0,431.0,135.0,0.0015793862,0.0015793862,0.4846486,0.53739923,0.052750647,0.1313134,0.09327272,-0.038040675,0.11407668,0.050989162,-0.06308752,0.18556584,0.1527114,-0.032854438
180,14898,1.0,2.0,1.0,6.0,6.0,0.0,0.0006211959,0.0006211959,-0.21906854,-0.1478609,0.07120764,-0.20584121,-0.08901462,0.116826594,-0.20055598,-0.105119735,0.095436245,-0.22564518,-0.11999971,0.10564548
181,14931,9.0,14.0,5.0,2.0,2.0,0.0,-0.001386907,-0.001386907,0.79445964,0.75659883,-0.03786081,0.6679448,0.46911323,-0.19883156,0.67725897,0.48249754,-0.19476143,0.70155346,0.5544717,-0.14708179
182,15003,1.0,1.0,0.0,1.0,1.0,0.0,0.0013620034,0.0013620034,0.21000575,0.31299248,0.10298674,0.45787612,0.48515728,0.027281165,0.4583729,0.4790581,0.020685196,0.46238944,0.48441073,0.022021294
183,15025,1.0,3.0,2.0,1.0,1.0,0.0,-0.005313508,-0.005313508,0.49576998,0.4092078,-0.08656219,0.21821581,0.22020346,0.001987651,0.28003582,0.26353216,-0.016503662,0.32956094,0.2915039,-0.03805703
184,15128,55.0,37.0,-18.0,1.0,1.0,0.0,0.0049536563,0.0049536563,0.12996109,0.15728107,0.027319983,0.27283671,0.20499317,-0.06784354,0.2725047,0.21608421,-0.056420475,0.27458954,0.2321762,-0.04241334
185,15364,1.0,3.0,2.0,1.0,2.0,1.0,-0.005339563,-0.005339563,0.78689826,0.77733856,-0.009559691,0.70301944,0.7058261,0.0028066635,0.71059287,0.71472454,0.0041316748,0.7460045,0.750008,0.004003465
186,15492,1.0,1.0,0.0,1.0,1.0,0.0,-0.0010371953,-0.0010371953,0.44812518,0.4445695,-0.0035556853,0.342082,0.30489433,-0.037187666,0.31774348,0.3092261,-0.0085173845,0.36005902,0.35636067,-0.003698349
187,15506,2.0,3.0,1.0,1.0,1.0,0.0,-0.0036568046,-0.0036568046,-0.001699539,-0.10887003,-0.10717049,0.17929667,0.24583283,0.06653616,0.208506,0.2631012,0.054595187,0.19559161,0.23799658,0.042404965
188,15793,1.0,1.0,0.0,1.0,1.0,0.0,-0.006539788,-0.006539788,0.5015307,0.3875514,-0.11397931,0.13727592,0.34760928,0.21033336,0.13216795,0.33942506,0.2072571,0.17694035,0.36211202,0.18517166
189,15819,1.0,1.0,0.0,1.0,1.0,0.0,0.00939947,0.00939947,-0.053768516,0.026799811,0.08056833,-0.018352775,0.041811872,0.060164645,-0.019521713,0.023021083,0.042542797,-0.026253229,0.025625957,0.051879186
190,15939,1.0,1.0,0.0,1.0,1.0,0.0,-0.0015549809,-0.0015549809,0.0308271,-0.022216182,-0.053043284,0.17201225,0.12294799,-0.049064264,0.17810027,0.13227883,-0.045821443,0.18034066,0.124410935,-0.055929728
191,16063,2.0,3.0,1.0,3.0,1.0,-2.0,0.0021132343,0.0021132343,0.2639458,0.36815405,0.10420826,0.24328163,0.30781838,0.06453675,0.2729214,0.31956828,0.046646863,0.29405564,0.3486187,0.054563046
192,16252,1.0,8.0,7.0,1.0,1.0,0.0,-0.0059612803,-0.0059612803,0.39978173,0.35483396,-0.044947773,0.04784399,0.18408501,0.13624102,0.03185088,0.18809943,0.15624855,0.092954196,0.22729148,0.13433728
193,16344,15.0,9.0,-6.0,1.0,1.0,0.0,0.0043423995,0.0043423995,0.54458284,0.43821052,-0.10637233,0.5461255,0.43522847,-0.110897005,0.5689873,0.46339425,-0.105593055,0.59997684,0.5039235,-0.09605336
194,16421,7.0,5.0,-2.0,1.0,1.0,0.0,0.005657643,0.005657643,0.278754,0.22720987,-0.05154413,0.10170499,0.18999721,0.08829222,0.13146324,0.2099973,0.07853405,0.16201201,0.22164571,0.059633702
195,16466,1.0,1.0,0.0,1.0,1.0,0.0,-0.002705127,-0.002705127,0.3824207,0.34102398,-0.041396707,0.101261266,0.0118517345,-0.08940953,0.093809575,0.00649019,-0.08731938,0.12334218,0.034931205,-0.08841097
196,16616,1.0,1.0,0.0,1.0,1.0,0.0,-0.0046176426,-0.0046176426,0.40467224,0.369575,-0.03509724,0.2602492,0.3652662,0.10501701,0.2560237,0.3799126,0.12388891,0.2949198,0.39191535,0.09699556
197,16635,5.0,15.0,10.0,4.0,3.0,-1.0,-0.00033428892,-0.00033428892,0.13228875,0.19337164,0.061082885,0.11222476,-0.008066312,-0.12029107,0.11556267,-0.0048746797,-0.12043735,0.12431607,0.013798582,-0.11051749
198,16655,44.0,105.0,61.0,25.0,38.0,13.0,-0.0021003857,-0.0021003857,-0.25211605,-0.27437153,-0.02225548,-0.41752928,-0.24170476,0.17582452,-0.45264992,-0.27234825,0.18030167,-0.4474845,-0.28931352,0.15817097
199,16702,1.0,3.0,2.0,1.0,2.0,1.0,-0.0059339106,-0.0059339106,0.45720017,0.40783364,-0.049366534,0.30425456,0.3723497,0.06809515,0.31597272,0.36723617,0.05126345,0.3535016,0.38889408,0.035392493
200,16723,1.0,1.0,0.0,1.0,2.0,1.0,0.0017593503,0.0017593503,0.80507946,0.8314246,0.026345134,0.7441525,0.6956435,-0.048509,0.7727688,0.70329946,-0.06946933,0.8061967,0.74103224,-0.06516445
201,16823,1.0,1.0,0.0,1.0,1.0,0.0,-0.001813285,-0.001813285,0.24511366,0.19855198,-0.046561673,0.047092315,0.013815559,-0.033276755,0.054271106,0.018804405,-0.0354667,0.086934894,0.052230325,-0.03470457
202,16841,52.0,25.0,-27.0,8.0,3.0,-5.0,0.004948199,0.004948199,0.4013996,0.46649614,0.06509653,-0.07510627,0.18310161,0.2582079,-0.07570502,0.1755592,0.2512642,-0.034795832,0.21822095,0.25301677
203,16865,1.0,3.0,2.0,1.0,1.0,0.0,-0.000474561,-0.000474561,0.5750726,0.5907376,0.015664995,0.3237386,0.54080224,0.21706364,0.31311435,0.53276694,0.2196526,0.38185135,0.5810055,0.19915417
204,16868,1.0,1.0,0.0,1.0,3.0,2.0,-0.007127296,-0.007127296,0.3668948,0.055531997,-0.3113628,-0.35313502,-0.12309638,0.23003864,-0.34308675,-0.077642225,0.26544452,-0.28855482,-0.061951924,0.2266029
205,16917,1.0,1.0,0.0,1.0,1.0,0.0,-0.0076312125,-0.0076312125,0.2713293,0.245582,-0.025747314,0.29992974,0.14555843,-0.1543713,0.2880027,0.122966625,-0.16503608,0.3056323,0.14892131,-0.15671098
206,17048,10.0,53.0,43.0,1.0,1.0,0.0,-0.0043539107,-0.0043539107,0.36959836,0.36799604,-0.0016023219,0.24139354,0.20656022,-0.034833312,0.2510633,0.21744004,-0.03362325,0.27348998,0.24858005,-0.024909928
207,17230,47.0,75.0,28.0,3.0,4.0,1.0,-0.0024947561,-0.0024947561,0.15581861,0.28535074,0.12953213,-0.021652393,0.21540515,0.23705754,-0.013284126,0.22668394,0.23996808,0.016477862,0.26586503,0.24938716
208,17238,1.0,1.0,0.0,2.0,2.0,0.0,-0.0050887205,-0.0050887205,-0.021624746,0.05877954,0.08040429,0.27507496,0.13523148,-0.13984348,0.27878624,0.13675044,-0.1420358,0.2695993,0.13620041,-0.13339888
209,17369,7.0,11.0,4.0,4.0,3.0,-1.0,0.0024089888,0.0024089888,0.3572161,0.4449021,0.087686,0.14065622,0.26218992,0.12153371,0.1433503,0.27119857,0.12784827,0.17044091,0.30023026,0.12978935
210,17374,2.0,1.0,-1.0,1.0,1.0,0.0,0.0026174076,0.0026174076,0.4216294,0.47699192,0.055362523,0.003074481,-0.060004212,-0.063078694,0.024186762,-0.044527642,-0.0687144,0.096276894,0.013868834,-0.08240806
211,17450,9.0,7.0,-2.0,1.0,1.0,0.0,-0.002139084,-0.002139084,0.5669444,0.49954507,-0.06739935,0.3629487,0.33439773,-0.028550953,0.38061428,0.35753128,-0.023083001,0.42995372,0.39762673,-0.032326996
212,17463,9.0,7.0,-2.0,4.0,1.0,-3.0,0.0025690533,0.0025690533,0.8829702,0.8773384,-0.0056318045,0.62382066,0.63381714,0.009996474,0.6571924,0.67690134,0.019708931,0.70782703,0.7370087,0.02918166
213,17485,23.0,11.0,-12.0,2.0,2.0,0.0,0.0015460365,0.0015460365,0.58464956,0.56919724,-0.015452325,0.4540842,0.31980392,-0.13428026,0.4566981,0.33473727,-0.12196082,0.49951065,0.38163444,-0.1178762
214,17549,2.0,1.0,-1.0,1.0,1.0,0.0,0.006228596,0.006228596,0.22291404,0.20679902,-0.016115025,-0.12222746,-0.008212988,0.11401447,-0.13969077,-0.030521344,0.10916942,-0.099166505,0.0027133413,0.10187985
215,17595,1.0,1.0,0.0,1.0,1.0,0.0,-0.00016846508,-0.00016846508,0.3441646,0.34625039,0.0020857751,-0.08412297,0.3591438,0.44326675,-0.09058111,0.3404521,0.43103322,-0.02944658,0.36122155,0.39066812
216,17776,12.0,18.0,6.0,4.0,1.0,-3.0,-5.381927e-05,-5.381927e-05,0.14318196,0.08892185,-0.054260112,0.20409891,0.2618456,0.05774668,0.2077322,0.27265668,0.06492448,0.21010837,0.27286574,0.06275737
217,17794,1.0,1.0,0.0,1.0,1.0,0.0,-0.0020418465,-0.0020418465,-0.27951646,-0.019302985,0.26021346,-0.095655,0.034734137,0.13038914,-0.102272764,0.03364242,0.13591519,-0.12922946,0.030059963,0.15928942
218,17934,111.0,100.0,-11.0,1.0,1.0,0.0,0.0010392033,0.0010392033,0.49054596,0.5163765,0.025830537,0.07706641,0.051657367,-0.02540904,0.059765644,0.052250452,-0.007515192,0.10324693,0.10880118,0.0055542514
219,17942,13.0,14.0,1.0,1.0,1.0,0.0,-0.0018733628,-0.0018733628,0.067163356,0.20938003,0.14221668,0.25971204,0.1984105,-0.061301544,0.2517678,0.1869466,-0.06482121,0.24943863,0.20787485,-0.04156378
220,18268,16.0,5.0,-11.0,1.0,1.0,0.0,0.006722741,0.006722741,0.19271488,0.2738678,0.0811529,0.15126792,0.13206962,-0.019198298,0.15399675,0.13457748,-0.019419268,0.17045188,0.16841413,-0.0020377487
221,18434,1.0,1.0,0.0,1.0,1.0,0.0,-0.008532979,-0.008532979,0.691264,0.6919362,0.0006722212,0.5819624,0.5715939,-0.010368526,0.59808415,0.5800814,-0.018002748,0.6245437,0.6175292,-0.007014513
222,18483,1.0,1.0,0.0,1.0,1.0,0.0,-0.0031100996,-0.0031100996,0.24726345,0.2895926,0.042329147,0.12147974,0.11809116,-0.0033885837,0.09127444,0.11256297,0.021288529,0.12325262,0.14494538,0.02169276
223,18505,15.0,14.0,-1.0,11.0,9.0,-2.0,0.0037623122,0.0037623122,0.16936298,0.2224903,0.05312732,-0.032928444,-0.072420105,-0.03949166,-0.045791984,-0.066853456,-0.021061473,-0.010571863,-0.030269185,-0.019697323
224,18535,1.0,3.0,2.0,3.0,8.0,5.0,-0.0005814284,-0.0005814284,0.5601684,0.6569249,0.09675652,0.49397585,0.3678229,-0.12615296,0.49664915,0.3516342,-0.14501494,0.5320059,0.40888363,-0.123122275
225,18543,1.0,2.0,1.0,1.0,2.0,1.0,-0.0025620498,-0.0025620498,0.5247652,0.5629286,0.038163424,0.3471009,0.44013107,0.093030155,0.34700117,0.42161515,0.07461399,0.38675508,0.4583002,0.071545124
226,18690,1.0,1.0,0.0,1.0,1.0,0.0,0.002069287,0.002069287,0.22175921,0.23856705,0.01680784,0.0011757214,0.0663709,0.06519517,0.0033249403,0.098717146,0.095392205,0.026732408,0.13261035,0.10587794
227,18796,4.0,7.0,3.0,6.0,6.0,0.0,-0.00279833,-0.00279833,0.0848373,0.0071081836,-0.07772912,0.027420357,0.053226538,0.025806181,0.01988595,0.046543706,0.026657756,0.028250776,0.043415412,0.015164636
228,19074,6.0,6.0,0.0,2.0,2.0,0.0,0.003582593,0.003582593,0.1776857,0.17806052,0.0003748238,0.02056937,-0.0038303877,-0.024399757,0.036325894,0.006238403,-0.030087491,0.055159993,0.02656271,-0.028597284
229,19181,26.0,23.0,-3.0,8.0,4.0,-4.0,0.0027308986,0.0027308986,0.30296993,0.3329823,0.03001237,0.1924185,0.18711567,-0.0053028315,0.18453054,0.17134993,-0.0131806135,0.21609877,0.21020499,-0.005893782
230,19199,1.0,1.0,0.0,1.0,1.0,0.0,0.00085058063,0.00085058063,0.6023618,0.65486366,0.052501857,0.5233954,0.4404342,-0.08296123,0.5435425,0.45358884,-0.08995366,0.5662483,0.51205224,-0.05419606
231,19200,1.0,1.0,0.0,1.0,1.0,0.0,-0.009867914,-0.009867914,0.73310584,0.7680231,0.034917235,0.6511068,0.65111077,3.993511e-06,0.6643149,0.6699477,0.005632758,0.6966071,0.70306104,0.0064539313
232,19292,20.0,45.0,25.0,15.0,34.0,19.0,-0.003365863,-0.003365863,0.014419057,0.13160463,0.11718557,0.17009322,0.10903122,-0.061062,0.20127994,0.11166612,-0.08961382,0.18997222,0.122439064,-0.06753316
233,19436,2.0,2.0,0.0,1.0,1.0,0.0,-0.005235046,-0.005235046,0.53971404,0.5479289,0.008214891,0.33522612,0.38175476,0.046528637,0.32224336,0.37134475,0.049101382,0.36037946,0.40857968,0.04820022
234,19573,341.0,379.0,38.0,179.0,265.0,86.0,0.0014184769,0.0014184769,0.21569198,0.20452914,-0.011162847,-0.06537334,0.35919642,0.42456976,-0.11859335,0.37062398,0.48921734,-0.07378237,0.37166405,0.44544643
235,19642,55.0,25.0,-30.0,1.0,1.0,0.0,0.0061686486,0.0061686486,-0.041122183,0.03282763,0.073949814,-0.056533683,-0.023977505,0.032556176,-0.039345603,-0.023454586,0.015891017,-0.04263247,-0.01855268,0.024079792
236,19672,249.0,501.0,252.0,22.0,21.0,-1.0,-0.003522534,-0.003522534,0.2562812,0.3174717,0.061190516,0.2799778,0.29914063,0.019162834,0.28094265,0.30584913,0.024906486,0.30089444,0.32027215,0.019377708
237,19690,61.0,35.0,-26.0,47.0,25.0,-22.0,0.008129712,0.008129712,-0.035817314,0.018856943,0.054674257,0.110247366,0.10847084,-0.0017765239,0.11229398,0.1264256,0.014131613,0.10338506,0.12243325,0.019048192
238,19933,4.0,5.0,1.0,2.0,3.0,1.0,-0.0016070381,-0.0016070381,0.05363231,-0.015582917,-0.06921523,-0.006081905,-0.058116432,-0.052034527,-0.024852047,-0.08103917,-0.056187123,-0.017474443,-0.079653725,-0.062179282
239,20054,1.0,1.0,0.0,1.0,1.0,0.0,-0.00093604624,-0.00093604624,0.47651076,0.5580287,0.081517935,0.37150764,0.7203813,0.34887367,0.4465981,0.7492405,0.3026424,0.49316907,0.7472902,0.25412112
240,20064,6.0,4.0,-2.0,1.0,5.0,4.0,-7.772446e-05,-7.772446e-05,-0.08936407,0.007971779,0.097335845,-0.06930848,-0.11689305,-0.04758457,-0.08519917,-0.1457923,-0.060593136,-0.093387775,-0.1324421,-0.039054327
241,20080,9.0,9.0,0.0,6.0,6.0,0.0,0.0011446141,0.0011446141,0.4031187,0.25117537,-0.15194333,0.21962725,0.38681036,0.16718312,0.2415498,0.408099,0.16654919,0.28425056,0.4061473,0.121896744
242,20206,10.0,6.0,-4.0,8.0,7.0,-1.0,0.0022838227,0.0022838227,0.08959934,0.086475655,-0.0031236857,-0.02566731,-0.04767069,-0.022003379,-0.03975989,-0.056066103,-0.016306214,-0.020329446,-0.036159866,-0.01583042
243,20223,1.0,1.0,0.0,1.0,1.0,0.0,0.0011176653,0.0011176653,0.10292966,0.023267202,-0.07966246,-0.025543999,-0.24590786,-0.22036386,0.039563186,-0.17715903,-0.21672222,0.051083505,-0.16124032,-0.21232383
244,20265,1.0,1.0,0.0,1.0,1.0,0.0,-0.00044415146,-0.00044415146,0.701591,0.70238584,0.00079482794,0.39594695,0.30863804,-0.08730891,0.44403356,0.34990054,-0.09413302,0.50479466,0.42882925,-0.075965405
245,20307,4.0,8.0,4.0,1.0,1.0,0.0,-0.0008872673,-0.0008872673,0.6253804,0.6568572,0.031476796,0.48203567,0.49354637,0.0115107,0.4838739,0.5083518,0.0244779,0.52907044,0.5455462,0.016475737
246,20442,1.0,1.0,0.0,1.0,1.0,0.0,-0.0018386506,-0.0018386506,0.0503543,0.058853313,0.008499015,0.12496344,0.10053006,-0.024433382,0.1333576,0.113851614,-0.019505985,0.12439297,0.10992945,-0.014463522
247,20633,2.0,2.0,0.0,1.0,1.0,0.0,-0.00056662783,-0.00056662783,0.5652529,0.56402296,-0.0012299418,0.46243253,0.4523117,-0.010120839,0.46777236,0.44772226,-0.020050108,0.51634437,0.5013272,-0.015017152
248,20650,70.0,72.0,2.0,2.0,2.0,0.0,0.0017963685,0.0017963685,0.48298424,0.4734884,-0.009495854,-0.055738874,0.1500308,0.20576969,-0.008366666,0.19559613,0.20396279,0.08970027,0.256423,0.16672273
249,20702,1.0,1.0,0.0,1.0,1.0,0.0,0.0015460066,0.0015460066,0.51799667,0.47660694,-0.041389734,0.40020993,0.55130804,0.1510981,0.39798254,0.5562413,0.15825874,0.4299107,0.57868576,0.14877507
250,20738,1.0,1.0,0.0,1.0,1.0,0.0,-0.008938849,-0.008938849,0.585662,0.59708697,0.011424959,0.52031124,0.49061516,-0.029696077,0.56627506,0.5693535,0.0030784607,0.59222263,0.6052414,0.013018787
251,20777,5.0,7.0,2.0,1.0,1.0,0.0,0.00030291453,0.00030291453,-0.087416336,-0.0843635,0.0030528381,-0.2674405,0.08182487,0.34926537,-0.26735103,0.047462747,0.3148138,-0.26827174,0.03227361,0.30054536
252,20820,7.0,5.0,-2.0,2.0,2.0,0.0,0.0048918203,0.0048918203,0.16931544,0.23364125,0.06432581,0.10825486,-0.045795817,-0.15405068,0.11809706,-0.032333396,-0.15043046,0.12861341,-0.0077399123,-0.13635333
253,21108,2.0,1.0,-1.0,1.0,1.0,0.0,0.005832821,0.005832821,0.350292,0.39955407,0.049262077,-0.052041564,0.041969623,0.09401119,-0.0041873227,0.080612935,0.08480026,0.073514484,0.1681646,0.09465011
254,21192,1.0,2.0,1.0,1.0,1.0,0.0,-0.0087287575,-0.0087287575,0.22854498,0.13470846,-0.093836516,0.13048288,0.02238523,-0.10809765,0.14830638,0.045044072,-0.10326231,0.17955954,0.06963075,-0.109928794
255,21194,2.0,7.0,5.0,1.0,1.0,0.0,-0.0009160638,-0.0009160638,0.51325077,0.5692739,0.05602312,0.0894252,0.16491558,0.07549038,0.08334341,0.1401498,0.056806393,0.13759896,0.22193964,0.08434068
256,21197,92.0,254.0,162.0,120.0,105.0,-15.0,-0.0048957746,-0.0048957746,-0.32720953,-0.2966684,0.030541122,-0.1423492,-0.2646992,-0.12234999,-0.14737937,-0.26902956,-0.12165019,-0.18204956,-0.28423935,-0.102189794
257,21218,24.0,17.0,-7.0,11.0,6.0,-5.0,0.0030240305,0.0030240305,-0.0033512493,0.101716995,0.105068244,-0.13411963,-0.13460395,-0.00048431754,-0.13664685,-0.13367188,0.0029749721,-0.13375857,-0.12398025,0.009778328
258,21253,1.0,1.0,0.0,1.0,1.0,0.0,-0.00022699684,-0.00022699684,0.74950224,0.7741028,0.024600565,0.5613653,0.6455834,0.084218085,0.5772958,0.65113926,0.07384348,0.63581574,0.69674605,0.06093031
259,21279,1.0,1.0,0.0,1.0,1.0,0.0,0.00074648485,0.00074648485,0.34012854,0.26459816,-0.07553038,0.3537451,0.088730164,-0.26501495,0.38570836,0.09648404,-0.28922433,0.3983896,0.11688348,-0.28150612
260,21318,67.0,66.0,-1.0,76.0,116.0,40.0,0.0010147914,0.0010147914,-0.071868174,-0.042971008,0.028897166,-0.02230314,0.09441112,0.11671426,-0.03556888,0.07638848,0.11195736,-0.04412096,0.059258476,0.103379436
261,21508,12.0,26.0,14.0,4.0,3.0,-1.0,-0.0020559467,-0.0020559467,0.6739378,0.7578755,0.083937705,0.20688255,0.34340614,0.13652359,0.20437224,0.34509757,0.14072533,0.28849223,0.41637608,0.12788385
262,21526,108.0,62.0,-46.0,39.0,27.0,-12.0,0.004760327,0.004760327,0.006782953,0.005633517,-0.001149436,0.07478763,0.1651851,0.09039746,0.07999895,0.19026619,0.110267244,0.08119032,0.18576248,0.10457216
263,21553,1.0,1.0,0.0,1.0,1.0,0.0,-0.0031426474,-0.0031426474,0.8218847,0.8333749,0.011490226,0.7100445,0.6236901,-0.086354375,0.7187923,0.63013273,-0.088659585,0.7509531,0.6979016,-0.05305147
264,21601,1.0,1.0,0.0,1.0,1.0,0.0,0.0007474832,0.0007474832,0.18461528,0.20041528,0.0158,0.10365097,0.16608426,0.062433288,0.09423816,0.15291178,0.05867362,0.1089891,0.16475907,0.055769973
265,21703,2.0,1.0,-1.0,7.0,11.0,4.0,0.003184829,0.003184829,0.051591545,0.09460427,0.043012723,0.015980376,0.1174598,0.10147942,0.06482119,0.1522967,0.087475516,0.06790902,0.15821268,0.09030366
266,21950,1.0,1.0,0.0,1.0,1.0,0.0,0.0034626946,0.0034626946,0.5365535,0.47512344,-0.061430067,0.14830685,0.30325532,0.15494847,0.16606554,0.3168848,0.15081924,0.20940827,0.3481727,0.13876443
267,21989,6.0,16.0,10.0,1.0,3.0,2.0,0.0027899183,0.0027899183,0.40158808,0.4286046,0.02701652,0.054000497,0.1470948,0.093094304,0.060610037,0.11167394,0.051063906,0.122547366,0.19393831,0.07139095
268,22138,6.0,3.0,-3.0,1.0,1.0,0.0,0.0036064684,0.0036064684,0.73377717,0.70136434,-0.032412827,0.32996812,0.32370666,-0.006261468,0.3298859,0.32700872,-0.0028771758,0.4218497,0.3841544,-0.03769529
269,22143,2.0,2.0,0.0,1.0,1.0,0.0,0.0024400577,0.0024400577,0.5589336,0.5992502,0.04031658,0.02170938,0.25864226,0.23693287,0.0043073623,0.25083065,0.24652329,0.06693961,0.30064026,0.23370065
270,22155,274.0,210.0,-64.0,564.0,569.0,5.0,0.0029610246,0.0029610246,-0.26748657,-0.30620426,-0.038717687,-0.18478383,0.072153874,0.2569377,-0.20397885,-0.0017293083,0.20224954,-0.22606735,-0.046703473,0.17936388
271,22263,2.0,2.0,0.0,1.0,1.0,0.0,-0.0008996278,-0.0008996278,-0.0042429725,0.04874717,0.052990142,0.06897357,0.12735185,0.05837828,0.0954033,0.12701163,0.03160833,0.08817376,0.12385476,0.035680994
272,22387,1.0,1.0,0.0,1.0,1.0,0.0,0.0043724775,0.0043724775,0.006000288,0.04492497,0.038924683,0.24551149,0.16715571,-0.078355774,0.2580985,0.190488,-0.06761052,0.23893571,0.18313548,-0.05580023
273,22495,1.0,3.0,2.0,1.0,2.0,1.0,-0.0035084449,-0.0035084449,0.29557967,0.27678567,-0.018794,0.30901566,0.23342527,-0.07559039,0.31147087,0.24067883,-0.070792034,0.3345943,0.2697112,-0.06488311
274,22505,2.0,2.0,0.0,4.0,14.0,10.0,-0.0013938174,-0.0013938174,0.13135861,0.116034724,-0.015323885,0.21779615,0.13303863,-0.08475752,0.23117207,0.13600573,-0.09516634,0.23205411,0.14201984,-0.090034276
275,22515,13.0,31.0,18.0,1.0,3.0,2.0,-0.0035459772,-0.0035459772,0.20430478,0.22993682,0.025632039,-0.023419954,0.021621991,0.045041945,-0.024150262,0.031735178,0.05588544,0.008731987,0.06822634,0.05949435
276,22523,1.0,1.0,0.0,1.0,1.0,0.0,-0.0022644624,-0.0022644624,-0.017011771,0.13661924,0.15363102,0.2809794,0.2911647,0.010185301,0.30791503,0.32572317,0.01780814,0.29735953,0.3251947,0.02783516
277,22530,23.0,8.0,-15.0,3.0,3.0,0.0,0.0057928488,0.0057928488,0.36281586,0.43693635,0.07412049,0.42248592,0.4859617,0.06347579,0.43657997,0.49635404,0.05977407,0.44692802,0.50974125,0.06281322
278,22585,6.0,6.0,0.0,2.0,4.0,2.0,0.0009110756,0.0009110756,0.099933796,0.25715792,0.15722412,0.10992528,0.08185978,-0.028065495,0.096023075,0.06579086,-0.030232213,0.101302974,0.08506601,-0.01623696
279,22587,1.0,1.0,0.0,1.0,1.0,0.0,0.0027443469,0.0027443469,0.08139372,0.08418298,0.002789259,0.053853005,0.05967839,0.0058253855,0.09639783,0.089883715,-0.006514117,0.10176772,0.097829215,-0.0039385036
280,22772,5.0,3.0,-2.0,1.0,1.0,0.0,0.005054064,0.005054064,-0.13949254,-0.17883767,-0.03934513,-0.12928724,-0.015417285,0.11386996,-0.15859273,-0.05170146,0.106891274,-0.16291092,-0.07674455,0.086166374
281,22782,1.0,1.0,0.0,1.0,1.0,0.0,-0.0016167462,-0.0016167462,-0.29414606,-0.34992337,-0.05577731,-0.2972171,-0.22452512,0.07269198,-0.30897248,-0.22411661,0.08485587,-0.31693554,-0.25732058,0.059614956
282,22794,1.0,1.0,0.0,2.0,4.0,2.0,-0.002857808,-0.002857808,0.1490356,0.1445339,-0.0045017004,0.052273016,0.22842216,0.17614914,0.05668256,0.235259,0.17857644,0.073264375,0.23020814,0.15694377
283,22809,4.0,8.0,4.0,1.0,1.0,0.0,-0.004352454,-0.004352454,0.33168328,0.34202847,0.010345191,0.23697516,0.1830688,-0.053906366,0.24132937,0.18884364,-0.052485734,0.27121556,0.2214223,-0.04979326
284,22845,57.0,153.0,96.0,74.0,59.0,-15.0,-0.002739815,-0.002739815,0.36676887,0.4939517,0.12718284,0.5031153,0.42544383,-0.07767147,0.51618713,0.44210675,-0.07408038,0.533753,0.48275137,-0.05100161
285,22873,17.0,5.0,-12.0,1.0,1.0,0.0,0.007504452,0.007504452,0.18261231,0.07565447,-0.106957845,-0.07005073,-0.099545866,-0.029495135,-0.06181255,-0.10665641,-0.04484386,-0.044596583,-0.098817684,-0.0542211
286,22879,1.0,1.0,0.0,1.0,1.0,0.0,0.0012861975,0.0012861975,0.14359401,0.11874047,-0.024853542,0.09218144,0.21209405,0.11991262,0.109308355,0.24158777,0.13227943,0.12185808,0.24340025,0.12154216
287,22886,3.0,8.0,5.0,2.0,3.0,1.0,-0.0011818409,-0.0011818409,0.14974499,0.13919973,-0.010545254,-0.028745832,0.048331257,0.07707709,-0.07182603,0.034108773,0.105934806,-0.04863261,0.051392674,0.10002528
288,22957,1.0,1.0,0.0,1.0,1.0,0.0,-0.0011458434,-0.0011458434,-0.013004915,0.015242188,0.028247103,-0.09054305,0.03777953,0.12832257,-0.08870429,0.050080054,0.13878435,-0.081512876,0.047163013,0.1286759
289,22967,1.0,1.0,0.0,1.0,1.0,0.0,-0.0044012964,-0.0044012964,0.0456351,0.050148763,0.0045136623,0.21747273,0.15497258,-0.06250015,0.22122441,0.15100439,-0.07022002,0.20537397,0.14161393,-0.06376004
290,22993,15.0,21.0,6.0,1.0,1.0,0.0,0.0019564033,0.0019564033,0.64585084,0.67775387,0.03190303,0.5287271,0.15674886,-0.37197825,0.5376942,0.12717034,-0.4105239,0.56600434,0.2219731,-0.3440312
291,23036,1.0,1.0,0.0,1.0,1.0,0.0,-0.0028715283,-0.0028715283,0.30061057,0.4268191,0.12620851,0.4506262,0.32627755,-0.12434864,0.47380066,0.32916814,-0.14463252,0.49481523,0.3743384,-0.12047684
292,23241,104.0,86.0,-18.0,47.0,13.0,-34.0,0.0072154608,0.0072154608,-0.19267961,-0.09603048,0.09664913,-0.1829004,-0.14367059,0.03922981,-0.17972003,-0.1546469,0.025073126,-0.19170552,-0.16229285,0.029412672
293,23492,144.0,188.0,44.0,5.0,4.0,-1.0,-0.0006209165,-0.0006209165,0.21671243,0.13163574,-0.08507669,0.12716356,0.16385232,0.03668876,0.14925736,0.18054622,0.031288862,0.16859627,0.18570846,0.017112195
294,23715,1.0,1.0,0.0,1.0,1.0,0.0,-0.00048492476,-0.00048492476,0.41046238,0.28623128,-0.1242311,0.10690262,0.078042746,-0.028859876,0.087589875,0.06871487,-0.018875003,0.12275902,0.094342306,-0.028416716
295,23729,1.0,1.0,0.0,1.0,2.0,1.0,0.00012878329,0.00012878329,0.10486691,-0.07345103,-0.17831793,0.22385119,0.24715838,0.02330719,0.22456087,0.2471724,0.022611529,0.22475216,0.23962943,0.014877275
296,23871,34.0,6.0,-28.0,9.0,3.0,-6.0,0.012090541,0.012090541,0.35715863,0.32897344,-0.028185189,0.30539182,0.3260377,0.020645887,0.31895506,0.32859856,0.009643495,0.34208658,0.3443397,0.0022531152
297,23876,9.0,8.0,-1.0,8.0,8.0,0.0,0.004699163,0.004699163,-0.008005428,-0.09514142,-0.08713599,-0.012866955,-0.088521235,-0.07565428,-0.012485731,-0.09417235,-0.081686616,-0.012805787,-0.10249616,-0.08969037
298,23883,1.0,2.0,1.0,27.0,15.0,-12.0,-0.0006982386,-0.0006982386,0.18064213,0.11059177,-0.07005036,0.016132645,-0.06678944,-0.082922086,0.019699361,-0.055212043,-0.0749114,0.044779878,-0.029498028,-0.07427791
299,23993,1.0,3.0,2.0,1.0,1.0,0.0,-0.0012401752,-0.0012401752,0.15933953,0.14797592,-0.011363611,-0.0108443685,0.059989445,0.07083382,-0.001061431,0.0694567,0.07051813,0.013919981,0.08000362,0.06608364
300,24202,1.0,1.0,0.0,2.0,1.0,-1.0,0.005310867,0.005310867,0.22586834,0.18908861,-0.03677973,-0.029161159,-0.037063494,-0.007902335,-0.060623053,-0.059392527,0.0012305267,-0.019098906,-0.014286756,0.0048121503
301,24214,2.0,2.0,0.0,2.0,2.0,0.0,0.0009458102,0.0009458102,0.36026675,0.3680118,0.0077450573,0.48699525,0.15077214,-0.33622313,0.5206502,0.15229844,-0.36835176,0.5285614,0.19152728,-0.33703414
302,24264,1.0,1.0,0.0,1.0,1.0,0.0,-0.00029397756,-0.00029397756,0.71544075,0.68908787,-0.026352882,0.56793135,0.5919652,0.024033844,0.5721829,0.60110533,0.028922439,0.602445,0.63493085,0.032485843
303,24317,1.0,1.0,0.0,1.0,1.0,0.0,-2.996996e-05,-2.996996e-05,0.5558214,0.5487378,-0.007083595,0.45312113,0.37466183,-0.07845929,0.47708958,0.38708982,-0.089999765,0.519443,0.45701057,-0.06243241
304,24480,21.0,34.0,13.0,8.0,8.0,0.0,-0.0010397434,-0.0010397434,0.06618633,0.026601741,-0.039584592,-0.14314318,-0.047717657,0.09542552,-0.14613926,-0.048673313,0.09746595,-0.13779247,-0.044032484,0.093759984
305,24517,7.0,6.0,-1.0,1.0,3.0,2.0,0.0019824319,0.0019824319,-0.1745317,-0.25312865,-0.07859695,-0.01703566,-0.25322178,-0.23618612,-0.058577143,-0.28132203,-0.22274488,-0.08067732,-0.30740643,-0.2267291
306,24530,519.0,389.0,-130.0,347.0,325.0,-22.0,0.0075094104,0.0075094104,-0.025096858,0.05315609,0.07825295,-0.021453302,-0.05745669,-0.03600339,-0.0029187307,-0.06488549,-0.06196676,-0.007015019,-0.054626666,-0.047611646
307,24560,2.0,2.0,0.0,1.0,1.0,0.0,-0.004572239,-0.004572239,0.6462987,0.6432837,-0.0030149817,0.42988974,0.47154912,0.041659385,0.46955502,0.5006207,0.031065702,0.5066313,0.54177934,0.035148025
308,24638,3.0,1.0,-2.0,5.0,6.0,1.0,0.003587883,0.003587883,0.2550379,0.19794989,-0.057088017,-0.011600717,0.10339574,0.114996456,0.018745903,0.1579876,0.1392417,0.05189143,0.18763277,0.13574134
309,24640,9.0,54.0,45.0,8.0,25.0,17.0,-0.005161669,-0.005161669,0.10337231,0.03821857,-0.06515375,0.22376998,-0.059607867,-0.28337786,0.24543987,-0.06447556,-0.30991542,0.24420467,-0.05437551,-0.29858017
310,24649,9.0,3.0,-6.0,12.0,10.0,-2.0,0.0046300516,0.0046300516,0.37506467,0.3635851,-0.011479557,-0.033280242,0.05675304,0.09003328,-0.04071609,0.03840085,0.07911694,0.0049066357,0.07537426,0.07046762
311,24739,34.0,20.0,-14.0,5.0,6.0,1.0,0.002403032,0.002403032,-0.078496285,-0.18766274,-0.10916645,-0.13883394,-0.16950855,-0.030674607,-0.13927792,-0.16640504,-0.027127117,-0.14205758,-0.17805248,-0.035994902
312,24740,3.0,1.0,-2.0,2.0,1.0,-1.0,0.0014557093,0.0014557093,0.16695651,0.15763016,-0.009326354,0.14155528,0.039602518,-0.10195276,0.15063913,0.080927745,-0.06971139,0.16272922,0.09970173,-0.063027486
313,24787,3.0,1.0,-2.0,2.0,2.0,0.0,0.004464902,0.004464902,0.1463195,0.08470067,-0.061618827,-0.12622575,-0.10505784,0.021167912,-0.127199,-0.09292861,0.034270383,-0.10884603,-0.071300015,0.037546016
314,24846,1.0,1.0,0.0,1.0,1.0,0.0,-0.0062375925,-0.0062375925,0.57993245,0.484324,-0.09560844,0.69255626,0.66635054,-0.026205719,0.7051722,0.680167,-0.025005162,0.7334336,0.68450385,-0.04892975
315,25059,4.0,3.0,-1.0,1.0,1.0,0.0,-0.0010203347,-0.0010203347,0.6548913,0.6548284,-6.28829e-05,0.47457883,0.4979253,0.023346484,0.4833907,0.51171076,0.028320074,0.53080356,0.55775124,0.026947677
316,25091,1.0,1.0,0.0,5.0,4.0,-1.0,0.0028963871,0.0028963871,0.23849991,0.1436129,-0.094887,0.15819237,0.104994394,-0.053197972,0.15120006,0.10768933,-0.043510728,0.1702744,0.119810104,-0.050464302
317,25111,4.0,3.0,-1.0,1.0,1.0,0.0,0.0021150112,0.0021150112,0.36068955,0.43735865,0.0766691,0.083867684,0.031075027,-0.052792657,0.069636025,0.024468694,-0.04516733,0.11105567,0.08689129,-0.024164379
318,25205,12.0,15.0,3.0,12.0,16.0,4.0,0.0001777485,0.0001777485,-0.44982764,-0.65282637,-0.20299873,-0.2842773,-0.44221306,-0.15793577,-0.3061453,-0.42263663,-0.11649132,-0.34610778,-0.48507008,-0.1389623
319,25250,1.0,1.0,0.0,1.0,1.0,0.0,0.00018931925,0.00018931925,0.085938156,0.15363865,0.06770049,0.03219245,0.019331228,-0.012861222,0.044854894,0.038955964,-0.00589893,0.051987913,0.054977253,0.0029893406
320,25268,1.0,1.0,0.0,1.0,1.0,0.0,0.000116452575,0.000116452575,0.16144735,0.1741865,0.012739152,0.008723608,-0.002925749,-0.011649357,0.0072712046,-0.0028979694,-0.0101691745,0.036153924,0.0329068,-0.0032471232
321,25284,1.0,1.0,0.0,1.0,1.0,0.0,-0.0023202375,-0.0023202375,0.29148573,0.3548684,0.063382685,-0.056433566,0.14453496,0.20096853,-0.058420967,0.14999633,0.2084173,-0.009495888,0.19501348,0.20450936
322,25287,1.0,1.0,0.0,3.0,2.0,-1.0,-0.0008878298,-0.0008878298,0.2737404,0.22715767,-0.046582744,0.21375689,0.21339868,-0.000358209,0.2180289,0.21431588,-0.0037130266,0.23143794,0.22049753,-0.010940403
323,25318,2.0,1.0,-1.0,1.0,1.0,0.0,0.008284755,0.008284755,0.23273833,0.22197783,-0.010760501,0.26409516,0.22811691,-0.035978243,0.24245283,0.20476225,-0.03769058,0.26791787,0.22970508,-0.03821279
324,25319,14.0,10.0,-4.0,1.0,1.0,0.0,0.0035264082,0.0035264082,-0.12376841,0.00940874,0.13317715,-0.23502034,-0.11555903,0.11946131,-0.22514683,-0.08228013,0.1428667,-0.22604331,-0.07623342,0.1498099
325,25371,3.0,1.0,-2.0,1.0,1.0,0.0,0.0021083057,0.0021083057,0.047948476,0.2461802,0.19823173,-0.17452702,-0.07988504,0.094641976,-0.18479183,-0.07830707,0.10648476,-0.17492679,-0.0416388,0.133288
326,25454,41.0,45.0,4.0,3.0,19.0,16.0,0.0020476766,0.0020476766,0.15461293,0.1756691,0.021056175,-0.008362389,0.12709208,0.13545446,0.002222225,0.13017215,0.12794992,0.011646332,0.1394345,0.12778817
327,25570,1.0,1.0,0.0,1.0,1.0,0.0,0.0002473779,0.0002473779,0.00888873,0.10609242,0.097203694,0.023199242,0.0306387,0.0074394587,0.020316508,0.0327042,0.012387693,0.019742725,0.047957208,0.028214483
328,25578,1.0,1.0,0.0,1.0,1.0,0.0,-0.00067323074,-0.00067323074,-0.035884015,0.053402036,0.08928605,0.016601108,0.06760229,0.051001184,0.04659009,0.08221864,0.03562855,0.039851792,0.08160527,0.04175348
329,25581,2.0,1.0,-1.0,1.0,1.0,0.0,0.0018575452,0.0018575452,-0.029397327,-0.12333918,-0.09394185,0.21665116,0.1334172,-0.08323395,0.26844063,0.18969479,-0.07874584,0.24182023,0.15187484,-0.08994539
330,25588,7.0,3.0,-4.0,2.0,3.0,1.0,0.00384802,0.00384802,0.80837417,0.8088085,0.00043433905,0.51332253,0.72059673,0.2072742,0.51568115,0.73393506,0.21825391,0.5976402,0.76451516,0.16687495
331,25602,423.0,438.0,15.0,292.0,229.0,-63.0,0.004480589,0.004480589,0.017106984,0.079257324,0.06215034,0.22531667,0.32900915,0.10369247,0.23479828,0.33788294,0.10308465,0.22920828,0.33160698,0.10239871
332,25693,11.0,12.0,1.0,32.0,29.0,-3.0,0.0030427016,0.0030427016,-0.21605708,-0.48248088,-0.26642382,0.18534073,-0.17173596,-0.3570767,0.1748037,-0.1647022,-0.3395059,0.15500003,-0.1969683,-0.35196835
333,25702,8.0,7.0,-1.0,1.0,1.0,0.0,0.00289201,0.00289201,0.53023344,0.32028317,-0.20995027,-0.04898598,0.37179884,0.42078483,-0.036264088,0.37129974,0.40756384,0.02728573,0.4057051,0.37841937
334,25711,9.0,15.0,6.0,2.0,4.0,2.0,-0.0024682023,-0.0024682023,0.327467,0.15698919,-0.17047781,-0.09927774,-0.104445286,-0.005167544,-0.116662875,-0.13532956,-0.018666685,-0.07701777,-0.10979213,-0.03277436
335,25741,2.0,4.0,2.0,14.0,24.0,10.0,-0.00074853003,-0.00074853003,0.5555372,0.5491218,-0.0064154267,0.19650465,0.11772373,-0.07878092,0.21391508,0.12735891,-0.08655617,0.26204222,0.17876919,-0.08327304
336,25746,18.0,8.0,-10.0,1.0,1.0,0.0,0.0065421984,0.0065421984,0.5320455,0.5952436,0.06319809,0.46355242,0.29087397,-0.17267844,0.4762146,0.29611182,-0.18010277,0.50019187,0.36613142,-0.13406044
337,25881,2.0,6.0,4.0,3.0,5.0,2.0,-0.0048859343,-0.0048859343,0.38732907,0.3018506,-0.085478485,0.53295887,0.49205863,-0.04090023,0.5412311,0.50589967,-0.035331428,0.5550805,0.51333696,-0.041743517
338,25906,1.0,6.0,5.0,1.0,1.0,0.0,-0.0023338683,-0.0023338683,0.20863111,0.18003283,-0.028598279,-0.03090145,0.047245488,0.078146935,-0.027175229,0.06015189,0.08732712,-0.0048306673,0.07881587,0.083646536
339,25959,1.0,1.0,0.0,1.0,1.0,0.0,-0.00063692406,-0.00063692406,-0.050552543,-0.16689451,-0.11634196,-0.118231684,-0.09973978,0.018491901,-0.13534832,-0.11219057,0.023157753,-0.13461201,-0.124852374,0.009759635
340,26119,3.0,2.0,-1.0,2.0,1.0,-1.0,0.0042241067,0.0042241067,0.330719,0.3771741,0.046455115,0.04777722,0.18421236,0.13643514,0.042479943,0.17866994,0.13619,0.071023665,0.20852417,0.1375005
341,26127,2.0,5.0,3.0,1.0,1.0,0.0,-0.003958259,-0.003958259,0.24508257,0.2870473,0.041964725,0.19271578,0.15521684,-0.037498936,0.1981805,0.1641903,-0.03399019,0.21351703,0.18828672,-0.025230303
342,26163,3.0,14.0,11.0,2.0,2.0,0.0,-0.0033390634,-0.0033390634,-0.2752354,-0.33220625,-0.056970835,-0.16755699,-0.18857983,-0.021022841,-0.19669355,-0.19225986,0.0044336915,-0.21735384,-0.22667871,-0.009324878
343,26243,49.0,48.0,-1.0,24.0,29.0,5.0,0.0035783798,0.0035783798,0.030284867,-0.17188774,-0.2021726,0.3343342,0.101262935,-0.23307127,0.342036,0.097288564,-0.24474744,0.33145124,0.06830034,-0.2631509
344,26292,94.0,65.0,-29.0,28.0,18.0,-10.0,0.0047687627,0.0047687627,0.28421926,0.28980982,0.005590558,0.26860824,0.25245795,-0.016150296,0.2702054,0.23558721,-0.0346182,0.28354776,0.254658,-0.028889745
345,26307,1.0,1.0,0.0,1.0,1.0,0.0,0.0026968643,0.0026968643,0.5041242,0.50823563,0.004111409,0.20164761,0.18110879,-0.020538822,0.22473684,0.22405867,-0.00067816675,0.2735972,0.28562194,0.01202473
346,26351,2.0,2.0,0.0,4.0,3.0,-1.0,0.0050756857,0.0050756857,0.23022594,0.22126535,-0.00896059,0.1573603,0.12605618,-0.03130412,0.1602306,0.14481573,-0.015414879,0.19030035,0.16552986,-0.024770483
347,26372,1.0,3.0,2.0,1.0,1.0,0.0,-0.004705727,-0.004705727,0.13752203,0.19036837,0.052846342,0.084534734,0.25391042,0.16937569,0.08376702,0.25465146,0.17088443,0.095799804,0.26701483,0.17121503
348,26435,1.0,1.0,0.0,1.0,1.0,0.0,0.0029688925,0.0029688925,0.44504777,0.37493998,-0.07010779,0.31115654,0.28270996,-0.028446585,0.31014153,0.28079247,-0.029349059,0.3514622,0.30341074,-0.048051447
349,26458,11.0,2.0,-9.0,1.0,1.0,0.0,0.009672541,0.009672541,0.27075425,0.29297006,0.022215813,0.101126276,0.25724018,0.1561139,0.11247737,0.28567606,0.1731987,0.15596722,0.31343597,0.15746875
350,26598,1.0,4.0,3.0,1.0,1.0,0.0,-0.0010671765,-0.0010671765,0.5145412,0.57984596,0.065304756,0.3597871,0.51692784,0.15714073,0.38131726,0.5408008,0.15948355,0.41898754,0.5678602,0.14887264
351,26720,17.0,6.0,-11.0,13.0,8.0,-5.0,0.006106712,0.006106712,0.5014238,0.48919213,-0.012231648,0.4894212,0.49489272,0.0054715276,0.5030707,0.51670957,0.013638854,0.52261394,0.5381768,0.015562832
352,26780,44.0,53.0,9.0,86.0,76.0,-10.0,0.0004982501,0.0004982501,0.17341706,0.14449966,-0.028917402,-0.058046848,-0.08427453,-0.026227683,-0.053980954,-0.06686288,-0.012881927,-0.031150762,-0.049045384,-0.017894622
353,26895,1.0,1.0,0.0,1.0,1.0,0.0,0.0026110597,0.0026110597,0.29098114,0.166283,-0.12469815,0.2163176,0.2498971,0.0335795,0.2228523,0.2540568,0.031204507,0.24499673,0.25403446,0.009037733
354,26909,23.0,50.0,27.0,12.0,16.0,4.0,-0.0030130707,-0.0030130707,0.42921206,0.42512834,-0.004083723,0.117107876,0.12868702,0.0115791485,0.116426155,0.12390809,0.0074819326,0.15820281,0.16700526,0.008802444
355,26971,191.0,157.0,-34.0,6.0,18.0,12.0,0.001894379,0.001894379,0.2503385,0.112261295,-0.1380772,-0.0044127833,-0.047964666,-0.043551885,0.012071244,-0.06699964,-0.07907088,0.04423477,-0.051110465,-0.09534524
356,26990,1.0,6.0,5.0,1.0,2.0,1.0,-0.0014957637,-0.0014957637,0.042909306,0.14472613,0.10181682,0.0066002943,0.0006752138,-0.0059250803,0.0019640161,-0.004831511,-0.0067955274,0.007899055,0.015864095,0.007965039
357,27242,3.0,3.0,0.0,2.0,2.0,0.0,-0.0017600693,-0.0017600693,0.15139824,0.34680352,0.19540527,0.5108876,0.43026668,-0.080620944,0.52943456,0.44281882,-0.08661574,0.541042,0.47877783,-0.062264144
358,27275,1.0,1.0,0.0,2.0,2.0,0.0,0.0010587722,0.0010587722,0.040129382,0.020515308,-0.019614074,0.051233027,-0.003936241,-0.05516927,0.060206044,0.019359918,-0.040846124,0.063820176,0.02071217,-0.043108005
359,27287,5.0,10.0,5.0,2.0,2.0,0.0,-0.0039501265,-0.0039501265,-0.021134093,-0.082870774,-0.06173668,0.15549338,0.17891002,0.023416638,0.14306247,0.16790788,0.024845406,0.14078243,0.15929179,0.018509358
360,27326,10.0,13.0,3.0,3.0,2.0,-1.0,0.0008763671,0.0008763671,0.14318639,0.057739854,-0.08544654,0.01142584,-0.01673172,-0.02815756,0.004769519,-0.016129676,-0.020899195,0.015892942,-0.011076107,-0.02696905
361,27435,1.0,1.0,0.0,1.0,1.0,0.0,-0.0015690438,-0.0015690438,0.50747365,0.5602601,0.05278647,0.5920113,0.6155909,0.023579597,0.61643964,0.6511398,0.034700155,0.6377193,0.6796957,0.041976452
362,27568,16.0,15.0,-1.0,6.0,1.0,-5.0,0.0017549247,0.0017549247,0.13507901,0.14879738,0.013718367,0.122943796,0.09057191,-0.032371886,0.095111005,0.07693295,-0.018178053,0.108415306,0.09078916,-0.017626144
363,27580,5.0,1.0,-4.0,5.0,2.0,-3.0,0.007079374,0.007079374,0.41964442,0.3312473,-0.088397115,0.17704387,0.09371065,-0.08333322,0.18244322,0.12276484,-0.059678376,0.23070683,0.16411595,-0.066590875
364,27830,87.0,61.0,-26.0,52.0,59.0,7.0,0.0038540345,0.0038540345,0.07116551,0.10564715,0.034481637,-0.14001203,0.15761459,0.2976266,-0.15588863,0.15240148,0.30829012,-0.14940777,0.15732291,0.3067307
365,27878,7.0,7.0,0.0,5.0,3.0,-2.0,0.0016618669,0.0016618669,0.23286001,0.16737407,-0.06548594,0.19238017,0.2235364,0.031156227,0.15629211,0.17879747,0.022505358,0.18238862,0.18939514,0.007006526
366,27972,14.0,15.0,1.0,1.0,1.0,0.0,0.0033782162,0.0033782162,0.6064692,0.52627337,-0.080195844,-0.1577642,0.090582505,0.2483467,-0.17751649,0.1332738,0.3107903,-0.049505312,0.21591538,0.2654207
367,28024,2.0,2.0,0.0,2.0,6.0,4.0,-0.0026711188,-0.0026711188,0.3075288,0.38054842,0.073019624,0.38217112,0.42516375,0.04299262,0.40507048,0.44463617,0.039565682,0.4119844,0.4525871,0.040602684
368,28068,2.0,2.0,0.0,1.0,2.0,1.0,0.0022249222,0.0022249222,0.38739678,0.3258921,-0.06150469,0.17660934,0.28310376,0.10649443,0.18267225,0.2885605,0.10588826,0.23352754,0.3149947,0.08146715
369,28096,15.0,17.0,2.0,1.0,1.0,0.0,0.0015669651,0.0015669651,0.49236363,0.49663714,0.004273504,0.41041473,0.4424287,0.032013983,0.3970112,0.42246425,0.02545306,0.43312216,0.46214387,0.02902171
370,28159,1.0,1.0,0.0,1.0,1.0,0.0,-0.003973596,-0.003973596,0.27296683,0.30502418,0.032057345,-0.11460002,-0.030346187,0.08425383,-0.11768362,-0.02796856,0.08971506,-0.08346345,0.010074168,0.09353762
371,28189,10.0,20.0,10.0,63.0,33.0,-30.0,0.0019414052,0.0019414052,0.445962,0.47189415,0.025932133,0.25640002,0.08781803,-0.16858199,0.2610538,0.086267486,-0.17478631,0.2960638,0.15623747,-0.13982634
372,28286,2.0,1.0,-1.0,1.0,1.0,0.0,-0.0007006265,-0.0007006265,0.40693805,0.47839978,0.07146174,0.38785252,0.12866636,-0.25918615,0.38320363,0.12618208,-0.25702155,0.41898748,0.1938081,-0.22517939
373,28303,2.0,2.0,0.0,1.0,1.0,0.0,-0.0008918233,-0.0008918233,-0.043814395,-0.2337939,-0.18997951,0.12964213,0.14480586,0.015163735,0.1119157,0.12547866,0.013562955,0.10318687,0.08481473,-0.01837214
374,28319,1.0,1.0,0.0,2.0,2.0,0.0,-0.004566774,-0.004566774,0.69195056,0.6128275,-0.07912308,0.3105533,0.2686691,-0.041884214,0.32369354,0.28757647,-0.036117077,0.4120575,0.35318536,-0.058872133
375,28325,12.0,13.0,1.0,2.0,5.0,3.0,-0.0003425777,-0.0003425777,0.3273335,0.2540636,-0.0732699,0.072870284,-0.013047425,-0.08591771,0.06065758,-0.0071667433,-0.06782432,0.09633057,0.0235741,-0.07275647
376,28341,2.0,1.0,-1.0,1.0,1.0,0.0,0.0012594946,0.0012594946,0.012642237,0.17788027,0.16523804,-0.025318246,-0.017008308,0.008309938,-0.023826035,-0.012554547,0.011271488,-0.022989137,0.003416385,0.026405523
377,28349,1.0,1.0,0.0,1.0,1.0,0.0,-0.0068150684,-0.0068150684,0.7657833,0.7406916,-0.025091708,0.663906,0.66945577,0.0055497885,0.66690487,0.68204844,0.015143573,0.7008935,0.70422274,0.0033292174
378,28418,69.0,17.0,-52.0,54.0,21.0,-33.0,0.009839054,0.009839054,-0.017223796,-0.13263181,-0.11540801,0.10535644,0.09386012,-0.01149632,0.109923825,0.09589842,-0.014025405,0.10480699,0.07137826,-0.03342873
379,28487,18.0,17.0,-1.0,2.0,2.0,0.0,0.00011438131,0.00011438131,0.69309783,0.7241197,0.031021893,0.55517274,0.5690834,0.013910651,0.5803674,0.5993216,0.018954217,0.62832546,0.6368477,0.0085222125
380,28524,1.0,1.0,0.0,1.0,1.0,0.0,-0.0042368546,-0.0042368546,0.6323969,0.6487778,0.016380906,0.3864615,0.34515214,-0.041309357,0.39463443,0.3539588,-0.04067564,0.4631885,0.43821648,-0.024972022
381,28595,1.0,1.0,0.0,1.0,1.0,0.0,-0.0045011267,-0.0045011267,0.36140567,0.3982502,0.03684452,0.18162847,0.12685727,-0.0547712,0.18295354,0.12732786,-0.055625677,0.21216178,0.167073,-0.045088783
382,28689,1.0,1.0,0.0,2.0,2.0,0.0,-0.0031330287,-0.0031330287,0.1327756,0.08287718,-0.049898423,0.021160133,-0.04520661,-0.06636675,0.015553399,-0.05713627,-0.07268967,0.02512651,-0.04805968,-0.07318619
383,28745,12.0,11.0,-1.0,3.0,1.0,-2.0,0.0061169155,0.0061169155,0.2580176,0.32614857,0.06813097,0.11776792,0.03543689,-0.08233103,0.11212,0.027803587,-0.08431642,0.13841052,0.06697476,-0.071435764
384,28751,1.0,1.0,0.0,1.0,1.0,0.0,0.007152684,0.007152684,0.07203012,0.15074587,0.07871575,0.044501666,0.20670944,0.16220778,0.07508979,0.22760838,0.1525186,0.08152501,0.23284982,0.15132481
385,28755,1.0,1.0,0.0,1.0,1.0,0.0,0.0037964731,0.0037964731,-0.29692236,-0.361117,-0.06419465,0.2704108,-0.020542543,-0.29095334,0.2850538,-0.0040032933,-0.28905708,0.24358317,-0.032823388,-0.27640656
386,28788,2.0,2.0,0.0,1.0,2.0,1.0,-0.002874963,-0.002874963,0.33120272,0.32846457,-0.002738148,0.36955574,0.40657938,0.037023634,0.37536874,0.41923097,0.043862224,0.3839031,0.42125496,0.037351876
387,28898,1.0,1.0,0.0,1.0,1.0,0.0,0.0042288974,0.0042288974,0.16354465,0.03964,-0.12390466,0.0049527795,-0.17072216,-0.17567493,0.0015157172,-0.175209,-0.17672472,0.01504137,-0.16137403,-0.1764154
388,28963,1.0,1.0,0.0,1.0,1.0,0.0,0.0025691353,0.0025691353,0.3003023,0.3379472,0.037644893,0.31809136,0.13757552,-0.18051584,0.3285713,0.13403031,-0.19454098,0.33853352,0.17843331,-0.1601002
389,29010,3.0,4.0,1.0,3.0,1.0,-2.0,0.0018622614,0.0018622614,0.34623072,0.33412603,-0.01210469,0.16711849,0.19588889,0.028770402,0.13731912,0.17695513,0.039636016,0.16905694,0.21482877,0.045771837
390,29021,17.0,8.0,-9.0,3.0,2.0,-1.0,0.003931891,0.003931891,-0.018110832,-0.21068695,-0.19257613,0.39815295,0.0016700866,-0.39648286,0.37883362,-0.009836295,-0.3886699,0.36927745,-0.040254388,-0.40953183
391,29381,1.0,1.0,0.0,1.0,1.0,0.0,0.0036978945,0.0036978945,0.028220477,0.09514407,0.066923596,0.24408112,0.064953476,-0.17912765,0.22874093,0.05105759,-0.17768334,0.23139429,0.06245063,-0.16894366
392,29568,1.0,1.0,0.0,1.0,1.0,0.0,0.0063152537,0.0063152537,0.3287521,0.38809144,0.059339345,0.34694108,0.2134765,-0.13346459,0.3498135,0.19647461,-0.15333888,0.37079167,0.2450888,-0.12570287
393,29660,1.0,1.0,0.0,5.0,3.0,-2.0,-0.0009838864,-0.0009838864,0.48626828,0.48279625,-0.0034720302,0.3218773,0.34531707,0.023439765,0.32823652,0.34395844,0.015721917,0.36691687,0.37521133,0.008294463
394,29663,6.0,28.0,22.0,5.0,4.0,-1.0,-0.005021263,-0.005021263,0.20276532,-0.03830458,-0.2410699,0.24713159,0.31096563,0.06383404,0.23477557,0.316124,0.08134842,0.24172705,0.3016631,0.059936047
395,29680,1.0,1.0,0.0,1.0,1.0,0.0,-0.0018423088,-0.0018423088,0.6348444,0.6218623,-0.01298213,0.5940289,0.56202376,-0.03200513,0.6066395,0.58636135,-0.020278156,0.6290564,0.612937,-0.01611942
396,29711,1.0,1.0,0.0,1.0,1.0,0.0,-0.003048867,-0.003048867,0.576282,0.5296364,-0.04664564,0.22380918,0.40530393,0.18149474,0.22273938,0.41029468,0.1875553,0.2713121,0.448173,0.1768609
397,29837,10.0,1.0,-9.0,7.0,3.0,-4.0,0.0060578845,0.0060578845,0.23483661,0.25533432,0.02049771,0.10564859,0.08176717,-0.02388142,0.09794843,0.067665406,-0.030283026,0.11751525,0.09005001,-0.02746524
398,29886,2.0,4.0,2.0,1.0,1.0,0.0,-0.0006787665,-0.0006787665,0.6478203,0.7060859,0.058265626,0.3817651,0.59397894,0.21221384,0.39240924,0.5941758,0.20176658,0.43806174,0.6275267,0.18946496
399,29919,1.0,1.0,0.0,1.0,1.0,0.0,-0.0010662302,-0.0010662302,0.3698576,0.4094814,0.039623797,0.30532637,0.052281585,-0.25304478,0.3170347,0.057160005,-0.2598747,0.34904477,0.117325254,-0.23171952
400,29980,115.0,214.0,99.0,3.0,3.0,0.0,-0.0023539178,-0.0023539178,0.42617595,0.44153547,0.015359521,-0.019624427,-0.08626809,-0.06664366,-0.044210803,-0.10670214,-0.06249134,0.018053839,-0.046320386,-0.06437422
401,30081,1.0,2.0,1.0,1.0,1.0,0.0,-0.0063089617,-0.0063089617,0.48857707,0.54125255,0.052675486,0.48422405,0.33668065,-0.1475434,0.49897125,0.3462768,-0.15269446,0.5252345,0.39727142,-0.1279631
402,30373,18.0,22.0,4.0,44.0,31.0,-13.0,0.00436881,0.00436881,0.24125257,0.2648115,0.023558915,0.050406173,-0.015000213,-0.06540638,0.062309444,-0.0063866097,-0.06869605,0.09285209,0.035956804,-0.05689529
403,30395,1.0,1.0,0.0,1.0,1.0,0.0,-0.0013815984,-0.0013815984,0.40877748,0.45563513,0.046857655,0.49563748,0.49296746,-0.0026700199,0.50243425,0.4863615,-0.01607275,0.5123612,0.505113,-0.007248223
404,30407,46.0,30.0,-16.0,2.0,1.0,-1.0,0.0051328614,0.0051328614,0.051678702,0.24135485,0.18967615,-0.18735552,-0.17704336,0.010312155,-0.22144496,-0.19564229,0.025802672,-0.198304,-0.16402107,0.034282923
405,30430,1.0,1.0,0.0,1.0,1.0,0.0,0.0031515174,0.0031515174,0.17806979,0.07787168,-0.100198105,0.04185744,-0.003598554,-0.045455992,0.06804028,0.0011531316,-0.06688715,0.08810561,0.010904174,-0.07720144
406,30563,2.0,1.0,-1.0,1.0,1.0,0.0,0.0016510114,0.0016510114,0.41645554,0.36180618,-0.054649353,0.09393451,0.1212988,0.027364284,0.0712023,0.14328574,0.072083436,0.12645502,0.17307958,0.046624556
407,30601,1.0,1.0,0.0,1.0,1.0,0.0,-0.0029789843,-0.0029789843,0.57560414,0.5893558,0.013751686,0.63958395,0.50965613,-0.12992781,0.64973456,0.4989397,-0.15079486,0.6700681,0.53604853,-0.13401955
408,30632,9.0,42.0,33.0,4.0,4.0,0.0,-0.0030930564,-0.0030930564,0.23990624,0.24018034,0.00027410686,0.21121883,0.059793826,-0.151425,0.21629307,0.056089714,-0.16020335,0.23028886,0.09190765,-0.13838121
409,30672,1.0,1.0,0.0,1.0,1.0,0.0,-0.0036962517,-0.0036962517,0.2845336,0.26288202,-0.021651566,0.17665578,0.17429563,-0.0023601502,0.19089048,0.18411608,-0.0067743957,0.21923013,0.20826416,-0.010965973
410,30674,1.0,1.0,0.0,1.0,1.0,0.0,0.0004922189,0.0004922189,-0.059848007,-0.06710818,-0.00726017,-0.16090131,-0.14732812,0.013573185,-0.16726679,-0.14064048,0.026626304,-0.16190545,-0.13557012,0.026335329
411,30847,153.0,113.0,-40.0,29.0,15.0,-14.0,0.0044042356,0.0044042356,0.33935636,0.3009053,-0.038451076,-0.017960694,0.071108945,0.089069635,-0.0021769272,0.04898668,0.051163606,0.06802113,0.10239886,0.034377724
412,30856,5.0,15.0,10.0,3.0,3.0,0.0,-0.003910113,-0.003910113,0.48995033,0.49116436,0.0012140274,0.3669717,0.3627233,-0.0042484105,0.39450362,0.396201,0.0016973913,0.4257597,0.42416883,-0.0015908778
413,30887,1.0,1.0,0.0,1.0,1.0,0.0,-0.0010639615,-0.0010639615,0.7555091,0.7070754,-0.04843366,0.30493674,0.5352493,0.23031256,0.3181805,0.5561323,0.23795182,0.43003553,0.6212165,0.19118094
414,30922,1.0,2.0,1.0,1.0,1.0,0.0,-0.00042241067,-0.00042241067,0.031761717,-0.11594817,-0.14770989,0.17944859,-0.044835735,-0.22428432,0.17274596,-0.05269877,-0.22544473,0.1750869,-0.06408433,-0.23917124
415,30935,3.0,2.0,-1.0,1.0,1.0,0.0,0.00018905103,0.00018905103,0.34862855,0.5593302,0.21070167,0.11089788,-0.02183974,-0.13273762,0.1363799,-0.03486924,-0.17124914,0.18706332,0.040754873,-0.14630845
416,30954,4.0,2.0,-2.0,1.0,2.0,1.0,0.0051610544,0.0051610544,0.10653674,0.055939335,-0.050597403,0.30891868,0.23036373,-0.07855496,0.32584348,0.2529826,-0.0728609,0.330204,0.25810796,-0.07209605
417,31028,1.0,1.0,0.0,1.0,1.0,0.0,0.0041067563,0.0041067563,0.10582651,0.13406296,0.028236449,0.17569982,0.115889415,-0.0598104,0.17172486,0.11154383,-0.06018103,0.17456974,0.12219774,-0.052372
418,31049,120.0,113.0,-7.0,9.0,8.0,-1.0,-0.0014197007,-0.0014197007,0.3205103,0.27577698,-0.044733316,0.1693047,0.21322565,0.04392095,0.17652667,0.2290431,0.05251643,0.21237002,0.25544184,0.04307182
419,31064,3.0,9.0,6.0,1.0,1.0,0.0,-0.0012341812,-0.0012341812,0.4641734,0.5376334,0.07346001,0.44944465,0.49460685,0.0451622,0.4724995,0.5398517,0.067352235,0.49899533,0.56948143,0.0704861
420,31123,2.0,3.0,1.0,1.0,1.0,0.0,-0.0021916814,-0.0021916814,-0.113628,-0.15805575,-0.044427752,-0.08255692,-0.04074412,0.0418128,-0.07702113,-0.041039437,0.035981692,-0.08379975,-0.060522046,0.023277704
421,31233,1.0,1.0,0.0,1.0,1.0,0.0,-0.00029780343,-0.00029780343,0.25544655,0.26590005,0.010453492,0.23255502,0.23944725,0.006892234,0.23503652,0.25227663,0.017240107,0.25210997,0.27223548,0.020125508
422,31349,3.0,4.0,1.0,24.0,31.0,7.0,0.0004415922,0.0004415922,-0.00092805363,0.033884805,0.03481286,-0.10500985,0.083657615,0.18866746,-0.100852944,0.08290385,0.1837568,-0.09305207,0.08082149,0.17387356
423,31446,27.0,16.0,-11.0,2.0,1.0,-1.0,0.0047835447,0.0047835447,0.48134804,0.50544566,0.024097621,0.25748155,0.18645486,-0.07102668,0.2601702,0.19452703,-0.06564316,0.31656295,0.25817707,-0.05838588
424,31659,46.0,36.0,-10.0,1.0,1.0,0.0,0.0025791824,0.0025791824,0.30430955,0.2948331,-0.009476453,0.37394246,0.20000704,-0.17393543,0.37464854,0.21048082,-0.16416772,0.38573766,0.23849809,-0.14723957
425,31747,32.0,28.0,-4.0,5.0,2.0,-3.0,0.005247388,0.005247388,0.25393355,0.36306134,0.10912779,-0.040584635,-0.05719167,-0.016607035,-0.05281149,-0.059813347,-0.007001858,-0.025338484,-0.01862689,0.0067115948
426,31782,7.0,12.0,5.0,127.0,157.0,30.0,0.0011420697,0.0011420697,-0.11657529,-0.12725787,-0.010682575,-0.1365511,-0.034795724,0.10175537,-0.109561905,0.029616904,0.13917881,-0.12238914,0.006302863,0.128692
427,31801,2.0,6.0,4.0,1.0,1.0,0.0,-0.0045771226,-0.0045771226,0.3560403,0.3360444,-0.019995898,0.17973447,0.25204542,0.072310954,0.16180925,0.24879114,0.08698189,0.20295975,0.29117146,0.088211715
428,31837,1.0,1.0,0.0,1.0,1.0,0.0,-0.0009242594,-0.0009242594,0.34748417,0.14943561,-0.19804856,0.14133145,0.11960299,-0.021728456,0.121227086,0.116444215,-0.0047828704,0.14540526,0.12311504,-0.022290222
429,31936,1.0,1.0,0.0,1.0,1.0,0.0,1.7881393e-07,1.7881393e-07,0.2750256,0.21231726,-0.06270835,0.15328178,0.120297484,-0.032984294,0.1430636,0.10524484,-0.037818767,0.1661182,0.12914167,-0.03697653
430,31964,1.0,1.0,0.0,1.0,1.0,0.0,-0.0027904734,-0.0027904734,0.5356891,0.5021108,-0.033578336,0.44050682,0.40234077,-0.038166046,0.43403903,0.39226755,-0.04177147,0.46829447,0.4227367,-0.045557767
431,32053,50.0,121.0,71.0,2.0,5.0,3.0,-0.0032650381,-0.0032650381,0.5542183,0.37087142,-0.18334687,0.46508,0.21881075,-0.24626924,0.47053102,0.23016159,-0.24036942,0.5085245,0.2848604,-0.22366408
432,32232,141.0,70.0,-71.0,49.0,45.0,-4.0,0.0045429487,0.0045429487,-0.040210146,-0.0352239,0.004986245,-0.0400796,-0.009481301,0.030598301,-0.03375965,0.024873225,0.058632873,-0.03762111,0.017503073,0.055124186
433,32303,1.0,1.0,0.0,1.0,1.0,0.0,0.005953796,0.005953796,0.088665575,0.035985302,-0.052680273,0.34899837,0.24725814,-0.101740226,0.34939694,0.2552957,-0.09410125,0.33953282,0.25102735,-0.08850548
434,32307,1.0,1.0,0.0,1.0,1.0,0.0,-1.3183802e-05,-1.3183802e-05,0.50239414,0.56884277,0.06644863,0.016648592,0.3461476,0.329499,0.012879536,0.34870946,0.3358299,0.085362084,0.41282302,0.32746094
435,32625,24.0,12.0,-12.0,38.0,26.0,-12.0,0.0019323938,0.0019323938,-0.027851248,-0.1212571,-0.09340585,-0.018950516,-0.21644741,-0.19749689,0.0034248868,-0.17474128,-0.17816617,-0.0021422186,-0.17389728,-0.17175506
436,32643,21.0,40.0,19.0,1.0,2.0,1.0,-0.0031485967,-0.0031485967,-0.2437567,-0.23339513,0.010361567,-0.22758259,-0.17964016,0.04794243,-0.21795458,-0.20012596,0.017828614,-0.2373077,-0.22018066,0.017127037
437,32716,1.0,1.0,0.0,1.0,1.0,0.0,0.0025081895,0.0025081895,0.24528337,0.23881064,-0.0064727217,-0.023009926,0.029638544,0.05264847,-0.013933959,0.026536763,0.040470723,0.02076907,0.05400286,0.033233788
438,32771,1.0,2.0,1.0,1.0,1.0,0.0,0.0029390529,0.0029390529,-0.0041624755,-0.018318228,-0.014155753,0.085913256,0.06362892,-0.022284336,0.10532613,0.08835887,-0.01696726,0.100803055,0.08353479,-0.017268263
439,32772,64.0,65.0,1.0,3.0,2.0,-1.0,0.0029470548,0.0029470548,0.12427148,0.09276288,-0.031508602,-0.0030652774,0.049641185,0.05270646,-0.019198231,0.028291946,0.04749018,-0.006858024,0.037399665,0.04425769
440,32857,3.0,1.0,-2.0,1.0,1.0,0.0,0.007887494,0.007887494,0.15843104,0.20480876,0.04637772,0.28872895,0.039118193,-0.24961075,0.27781788,0.035111036,-0.24270684,0.2797441,0.048194643,-0.23154944
441,32891,4.0,5.0,1.0,7.0,2.0,-5.0,0.00018407032,0.00018407032,0.30910593,0.27294204,-0.036163896,0.25186276,0.34343135,0.09156859,0.27038944,0.3545077,0.08411828,0.28643194,0.35278058,0.06634864
442,32910,1.0,1.0,0.0,1.0,2.0,1.0,0.0055822395,0.0055822395,0.10473257,0.021977784,-0.08275479,0.19746897,0.15715286,-0.040316105,0.19587034,0.14579071,-0.05007963,0.19082522,0.12726928,-0.06355594
443,33131,6.0,5.0,-1.0,1.0,2.0,1.0,0.0003752485,0.0003752485,0.219901,0.14895503,-0.07094596,0.14386836,-0.015573509,-0.15944186,0.15557088,-0.020377755,-0.17594863,0.16906172,-0.004821597,-0.17388332
444,33171,2.0,3.0,1.0,28.0,20.0,-8.0,0.0021633804,0.0021633804,0.2570195,0.21402822,-0.042991266,0.1549995,0.23462817,0.079628676,0.14486124,0.23711292,0.09225169,0.17015181,0.25335655,0.08320473
445,33189,25.0,36.0,11.0,8.0,8.0,0.0,-0.0010206103,-0.0010206103,0.28667367,0.47768858,0.19101492,0.20842622,0.28310516,0.07467894,0.1930506,0.2771689,0.08411831,0.21231043,0.30845782,0.09614739
446,33245,32.0,27.0,-5.0,13.0,12.0,-1.0,0.0024040379,0.0024040379,0.15663908,0.07922998,-0.0774091,-0.09786668,-0.10048599,-0.0026193112,-0.119357444,-0.13741156,-0.01805412,-0.09006128,-0.11119962,-0.02113834
447,33289,150.0,76.0,-74.0,47.0,12.0,-35.0,0.0071547367,0.0071547367,0.09671504,-0.030352414,-0.12706745,-0.069576114,-0.014530523,0.05504559,-0.0707304,-0.008510267,0.062220134,-0.06191768,-0.010584535,0.051333144
448,33521,8.0,14.0,6.0,1.0,1.0,0.0,-0.0020924956,-0.0020924956,0.04398885,0.13772549,0.09373663,0.394661,0.3192583,-0.07540271,0.40434858,0.34009558,-0.064253,0.3978349,0.33687747,-0.06095743
449,33543,1.0,1.0,0.0,1.0,1.0,0.0,0.00049034506,0.00049034506,0.47762686,0.45789063,-0.01973623,0.435542,0.19329858,-0.24224341,0.45253906,0.20175914,-0.25077993,0.48046157,0.247539,-0.23292257
450,33752,5.0,6.0,1.0,4.0,2.0,-2.0,-0.0018287301,-0.0018287301,0.25752172,0.3321444,0.07462269,0.017393468,0.010304152,-0.007089316,0.004923229,0.0065685525,0.0016453234,0.046302114,0.06653122,0.020229105
451,33813,40.0,209.0,169.0,12.0,42.0,30.0,-0.0037481766,-0.0037481766,0.23963752,0.28420457,0.04456705,0.11471729,-0.035049714,-0.14976701,0.119241975,-0.014197602,-0.13343957,0.13856307,0.018083107,-0.120479956
452,33906,28.0,10.0,-18.0,32.0,13.0,-19.0,0.007698305,0.007698305,0.22743577,0.336609,0.10917324,0.04399551,-0.11317667,-0.15717219,0.08310391,-0.022154367,-0.10525828,0.103419155,0.037910376,-0.06550878
453,34068,100.0,115.0,15.0,14.0,13.0,-1.0,-0.0002344884,-0.0002344884,0.54448074,0.53823924,-0.0062415004,0.44824943,0.44562447,-0.0026249588,0.4685437,0.4669853,-0.001558423,0.49922264,0.50726616,0.008043528
454,34080,8.0,39.0,31.0,16.0,11.0,-5.0,-0.0041336417,-0.0041336417,0.5413036,0.5979576,0.056654036,0.116430804,0.3329011,0.21647029,0.11146778,0.33546942,0.22400165,0.15854464,0.37964046,0.22109582
455,34089,3.0,16.0,13.0,1.0,1.0,0.0,-0.00728878,-0.00728878,0.28817487,0.26376057,-0.0244143,-0.024198523,0.09556931,0.11976784,-0.034927137,0.08567873,0.12060586,0.016542884,0.11535811,0.098815225
456,34126,2.0,1.0,-1.0,1.0,1.0,0.0,-0.0009602271,-0.0009602271,0.43756846,0.32704273,-0.11052573,0.079286,0.10819387,0.028907865,0.058855522,0.096960895,0.038105372,0.14306998,0.14288862,-0.00018136203
457,34186,6.0,7.0,1.0,5.0,2.0,-3.0,0.0033521913,0.0033521913,0.5568745,0.5123248,-0.044549704,0.3068043,0.32330242,0.016498119,0.3559039,0.3423731,-0.013530791,0.43692762,0.40849146,-0.028436154
458,34238,6.0,8.0,2.0,1.0,1.0,0.0,-0.0014171861,-0.0014171861,0.19349793,0.2779292,0.08443126,-0.00037894436,-0.053910464,-0.05353152,0.003086282,-0.063842595,-0.06692888,0.03654913,-0.019821012,-0.05637014
459,34418,624.0,486.0,-138.0,250.0,139.0,-111.0,0.006440648,0.006440648,-0.031910226,-0.043686304,-0.0117760785,0.13022958,-0.022638327,-0.1528679,0.12057734,-0.051806953,-0.17238429,0.11603424,-0.05369204,-0.16972628
460,34603,2.0,2.0,0.0,1.0,1.0,0.0,0.00090141594,0.00090141594,0.33671117,0.19241838,-0.14429279,0.04571507,0.05600719,0.01029212,0.016353609,0.045608267,0.029254658,0.056563415,0.06921848,0.012655064
461,34751,1.0,1.0,0.0,1.0,1.0,0.0,0.0035635978,0.0035635978,0.08198092,0.35295206,0.27097115,0.22520997,-0.025079725,-0.25028968,0.22511464,-0.042519867,-0.2676345,0.22158243,0.019238863,-0.20234357
462,34829,6.0,4.0,-2.0,1.0,1.0,0.0,0.003163606,0.003163606,0.4156204,0.4629999,0.047379524,0.00918874,0.34584323,0.33665448,0.0054651904,0.35264823,0.34718305,0.055958085,0.40525696,0.34929886
463,34845,9.0,13.0,4.0,1.0,1.0,0.0,-0.0021526143,-0.0021526143,0.54429936,0.4915147,-0.05278465,0.51603526,0.5127769,-0.0032583475,0.53038996,0.5192284,-0.011161566,0.56667894,0.54572374,-0.020955205
464,34850,1.0,3.0,2.0,1.0,1.0,0.0,-0.0055222735,-0.0055222735,0.5154537,0.44680676,-0.06864694,0.27536106,0.4985229,0.22316185,0.27177092,0.51061434,0.23884341,0.3231787,0.53239405,0.20921534
465,34874,1.0,1.0,0.0,1.0,1.0,0.0,-0.0016854107,-0.0016854107,0.2436264,0.20636976,-0.037256643,0.24009699,0.290818,0.05072102,0.25995952,0.28914413,0.02918461,0.2858091,0.30471456,0.01890546
466,34975,69.0,165.0,96.0,17.0,35.0,18.0,-0.005667703,-0.005667703,-0.19691283,-0.3257996,-0.12888679,-0.116727,0.07090333,0.18763033,-0.0804058,0.12632339,0.20672919,-0.100926064,0.058105405,0.15903147
467,35094,3.0,5.0,2.0,1.0,3.0,2.0,-0.0019266009,-0.0019266009,0.0068963985,-0.009392289,-0.016288688,0.07097572,0.005668795,-0.065306924,0.075567566,-0.0046751634,-0.08024273,0.073888324,-0.0054173763,-0.0793057
468,35129,2.0,4.0,2.0,4.0,2.0,-2.0,-0.0005209707,-0.0005209707,0.20264365,0.15270929,-0.049934357,0.21474285,0.11610749,-0.09863536,0.1859843,0.10362411,-0.082360186,0.20162603,0.11904231,-0.082583725
469,35743,3.0,1.0,-2.0,2.0,1.0,-1.0,0.0044181347,0.0044181347,0.52947176,0.42040268,-0.10906908,0.38094297,0.45138136,0.070438385,0.3728127,0.44323283,0.070420146,0.41710594,0.45843986,0.041333914
470,35752,5.0,15.0,10.0,2.0,4.0,2.0,-0.004293602,-0.004293602,-0.02178633,0.25848967,0.280276,0.2501514,0.2684534,0.018301994,0.2536187,0.26063755,0.007018864,0.2439372,0.27530208,0.031364888
471,35790,21.0,17.0,-4.0,1.0,9.0,8.0,0.0005657412,0.0005657412,-0.30415514,-0.2474715,0.056683645,-0.13890177,-0.0054144077,0.13348736,-0.11477421,-0.0007062784,0.114067934,-0.16352737,-0.031867463,0.13165991
472,35798,2.0,7.0,5.0,9.0,26.0,17.0,-0.0046113506,-0.0046113506,0.16737492,0.08387421,-0.08350071,0.20987806,0.393742,0.18386394,0.20606923,0.42185178,0.21578255,0.22350396,0.4254427,0.20193873
473,35986,1.0,1.0,0.0,1.0,1.0,0.0,-0.00075093284,-0.00075093284,0.40920317,0.3598636,-0.049339563,-0.16581918,-0.007778931,0.15804026,-0.15245402,0.0064678895,0.15892191,-0.07296283,0.06209245,0.13505527
474,36067,1.0,1.0,0.0,1.0,1.0,0.0,0.00024625286,0.00024625286,-0.008592467,0.102912456,0.11150492,-0.12598835,0.06372343,0.18971178,-0.12335824,0.0579815,0.18133974,-0.12590227,0.06510216,0.19100443
475,36258,2.0,1.0,-1.0,1.0,1.0,0.0,0.0058652423,0.0058652423,0.5079324,0.50992686,0.001994431,0.24777949,0.2762028,0.02842331,0.25968677,0.30938438,0.049697608,0.30838713,0.3540347,0.04564756
476,36476,41.0,17.0,-24.0,1.0,1.0,0.0,0.0045089163,0.0045089163,0.049283754,0.08399218,0.03470843,-0.09644618,-0.1858135,-0.08936732,-0.05321335,-0.19201992,-0.13880658,-0.042708304,-0.17525423,-0.13254592
477,36569,32.0,10.0,-22.0,2.0,1.0,-1.0,0.004930228,0.004930228,0.34780985,0.43664193,0.08883208,0.089203544,0.015330635,-0.07387291,0.09158787,0.013845862,-0.07774201,0.13570325,0.077570796,-0.058132455
478,36576,6.0,9.0,3.0,1.0,1.0,0.0,-0.0016704202,-0.0016704202,0.7543622,0.70951134,-0.044850886,0.44561902,0.579366,0.13374701,0.4517913,0.5872372,0.1354459,0.55640674,0.633767,0.07736027
479,36623,1.0,5.0,4.0,1.0,1.0,0.0,-0.0033025518,-0.0033025518,0.5184287,0.31231898,-0.2061097,0.55822337,0.31526396,-0.24295941,0.56028235,0.33107904,-0.22920331,0.57681113,0.3461649,-0.23064622
480,36629,1.0,1.0,0.0,1.0,1.0,0.0,-0.0020598099,-0.0020598099,-0.09576292,0.024071373,0.1198343,-0.021061284,-0.05598582,-0.034924537,-0.017971665,-0.06629382,-0.048322156,-0.03233942,-0.061958313,-0.029618893
481,36682,1.0,1.0,0.0,3.0,3.0,0.0,0.0018500648,0.0018500648,0.35570142,0.2910082,-0.06469321,0.42361915,0.37926054,-0.04435861,0.432154,0.39100537,-0.041148633,0.45485836,0.4044189,-0.050439477
482,36731,1.0,1.0,0.0,1.0,1.0,0.0,-0.0033892393,-0.0033892393,0.67086107,0.6713407,0.00047963858,0.567557,0.47674057,-0.09081641,0.56556237,0.4933626,-0.07219976,0.62380064,0.56544214,-0.05835849
483,36759,4.0,6.0,2.0,2.0,2.0,0.0,0.000713069,0.000713069,-0.1758359,-0.390791,-0.2149551,0.22618353,0.15016975,-0.07601379,0.23104967,0.16574886,-0.06530081,0.20823722,0.10993054,-0.09830668
484,36910,1.0,1.0,0.0,1.0,1.0,0.0,0.00025782734,0.00025782734,0.5019478,0.60406834,0.10212052,0.42688853,0.36995602,-0.05693251,0.40613744,0.35536426,-0.050773174,0.45781535,0.43332133,-0.024494022
485,36945,12.0,26.0,14.0,10.0,7.0,-3.0,-9.4328076e-05,-9.4328076e-05,-0.21074499,-0.2532649,-0.042519912,0.077695,-0.02074288,-0.098437876,0.06968429,-0.022826483,-0.092510775,0.046786245,-0.049180567,-0.095966816
486,36974,1.0,5.0,4.0,2.0,3.0,1.0,-0.0074169897,-0.0074169897,0.10141795,0.13602284,0.034604885,-0.07406916,-0.15485221,-0.080783054,-0.06851591,-0.1632569,-0.09474099,-0.05309157,-0.14271708,-0.08962551
487,36978,1.0,1.0,0.0,1.0,1.0,0.0,-0.000450287,-0.000450287,0.11266323,0.082428716,-0.030234516,0.1212847,0.19551249,0.07422779,0.103175245,0.17758338,0.07440814,0.10996537,0.17691578,0.06695041
488,37059,7.0,2.0,-5.0,42.0,22.0,-20.0,0.0061082393,0.0061082393,-0.11399481,-0.06562514,0.04836967,0.20606773,-0.04312943,-0.24919716,0.20933646,-0.040682364,-0.25001884,0.19678624,-0.047366574,-0.24415281
489,37221,4.0,5.0,1.0,14.0,6.0,-8.0,0.0032596253,0.0032596253,0.19779526,0.32437405,0.1265788,0.06259151,0.080418125,0.017826617,0.04665695,0.09224463,0.04558768,0.06796431,0.12792368,0.059959374
490,37224,1.0,1.0,0.0,1.0,1.0,0.0,-0.002049677,-0.002049677,0.22969666,0.27477565,0.045078993,0.024981419,0.24614386,0.22116244,0.02862272,0.23739657,0.20877385,0.06020639,0.25691256,0.19670618
491,37436,20.0,37.0,17.0,39.0,44.0,5.0,-0.00036905333,-0.00036905333,0.6954718,0.76351386,0.06804204,0.48324072,0.3956684,-0.087572336,0.5001993,0.41829264,-0.08190668,0.55239725,0.49453452,-0.05786273
492,37494,1.0,1.0,0.0,1.0,1.0,0.0,-0.0067767315,-0.0067767315,0.4115765,0.47354105,0.06196454,0.19397783,0.25643247,0.06245464,0.22109386,0.27145782,0.050363958,0.27607015,0.33106548,0.05499533
493,37608,1.0,1.0,0.0,1.0,1.0,0.0,-0.0006733984,-0.0006733984,0.40723392,0.38867489,-0.018559039,0.27784416,0.29975283,0.02190867,0.2890578,0.31237236,0.023314565,0.3175013,0.33702967,0.01952836
494,37736,4.0,8.0,4.0,1.0,1.0,0.0,-0.0036501326,-0.0036501326,0.5555159,0.55606496,0.000549078,0.22332513,0.4003584,0.17703328,0.23546208,0.4267892,0.19132711,0.2863809,0.46622002,0.17983913
495,37801,1.0,2.0,1.0,1.0,1.0,0.0,-0.008927483,-0.008927483,0.062211942,0.038582318,-0.023629624,-0.14893009,-0.1687201,-0.019790009,-0.1563467,-0.18270613,-0.026359439,-0.1258457,-0.15199317,-0.02614747
496,37927,17.0,33.0,16.0,8.0,13.0,5.0,-0.0015597548,-0.0015597548,0.36637583,0.597856,0.23148015,0.033371896,0.53038394,0.49701205,-0.009907521,0.5153929,0.52530044,0.044031177,0.5829298,0.5388986
497,38022,1.0,2.0,1.0,1.0,1.0,0.0,-0.002500262,-0.002500262,0.8403521,0.8212156,-0.019136488,0.65675676,0.69988924,0.043132484,0.6892481,0.7308129,0.041564822,0.7507418,0.7716413,0.020899534
498,38025,120.0,161.0,41.0,12.0,31.0,19.0,-0.0006233938,-0.0006233938,0.1966925,0.20543732,0.008744821,0.027824288,-0.012029098,-0.039853387,-0.0028668882,-0.022839077,-0.019972188,0.026605573,0.004698006,-0.021907566
499,38060,1.0,1.0,0.0,1.0,1.0,0.0,-0.0019315891,-0.0019315891,0.35720566,0.4856687,0.12846303,0.25502315,0.09179501,-0.16322814,0.26426405,0.106558815,-0.15770523,0.29080978,0.1706834,-0.12012638
500,38246,2.0,1.0,-1.0,1.0,1.0,0.0,0.00815694,0.00815694,0.1939226,0.15577923,-0.038143367,-0.19593264,-0.16602498,0.029907659,-0.2192174,-0.22226365,-0.0030462444,-0.18856181,-0.18807147,0.0004903376
501,38278,7.0,26.0,19.0,2.0,7.0,5.0,-0.008737631,-0.008737631,0.15578565,0.16119118,0.0054055303,0.16826132,0.13978551,-0.028475806,0.15575932,0.13213861,-0.02362071,0.16591519,0.14445284,-0.021462351
502,38297,1.0,1.0,0.0,1.0,1.0,0.0,0.0015812926,0.0015812926,0.5419031,0.5073251,-0.034577966,0.34502414,0.44821724,0.103193104,0.35814518,0.47385052,0.11570534,0.39983332,0.49838403,0.09855071
503,38310,6.0,11.0,5.0,2.0,2.0,0.0,-0.0020135976,-0.0020135976,-0.04064121,-0.018396234,0.022244977,0.1211231,0.04459878,-0.07652432,0.14962465,0.06386746,-0.08575719,0.13332774,0.057269476,-0.07605826
504,38358,11.0,8.0,-3.0,51.0,70.0,19.0,-0.00082262605,-0.00082262605,0.21820867,0.26866147,0.0504528,0.06761753,0.16003774,0.09242021,0.05921085,0.16156265,0.1023518,0.084953204,0.19453263,0.10957943
505,38483,1.0,1.0,0.0,6.0,3.0,-3.0,0.0035763942,0.0035763942,0.26344368,0.28686896,0.023425281,-0.14055613,-0.14252885,-0.00197272,-0.12314172,-0.14554761,-0.022405893,-0.09979329,-0.12329315,-0.023499854
506,38486,3.0,3.0,0.0,1.0,1.0,0.0,-0.00012937188,-0.00012937188,-0.046732716,-0.086810976,-0.04007826,0.28369185,0.068703264,-0.21498859,0.3028408,0.07797093,-0.22486988,0.2759388,0.06520142,-0.21073739
507,38494,1.0,1.0,0.0,1.0,1.0,0.0,-0.0065412223,-0.0065412223,0.2504672,0.28965035,0.03918314,-0.17542885,0.16322257,0.33865142,-0.19674343,0.1151627,0.31190613,-0.13434915,0.14594617,0.2802953
508,38641,1.0,1.0,0.0,1.0,1.0,0.0,-0.0038840137,-0.0038840137,0.38353175,0.4246305,0.041098744,0.15048735,0.22836475,0.0778774,0.19377577,0.28722215,0.093446374,0.21906745,0.31437784,0.09531039
509,38794,1.0,1.0,0.0,1.0,1.0,0.0,0.0059978366,0.0059978366,0.47624788,0.3297323,-0.14651558,0.49284738,0.37419584,-0.11865154,0.47798294,0.37002102,-0.10796192,0.5091323,0.3763967,-0.13273564
510,38817,1.0,1.0,0.0,1.0,1.0,0.0,-0.006622076,-0.006622076,0.49649534,0.5339685,0.037473172,0.27491117,0.38395822,0.109047055,0.2931848,0.39592895,0.10274416,0.34511575,0.436278,0.091162235
511,38829,11.0,12.0,1.0,3.0,5.0,2.0,-0.0032171384,-0.0032171384,0.7963484,0.7394356,-0.05691278,0.61467314,0.61265415,-0.0020189881,0.6275466,0.62816995,0.0006233454,0.6734143,0.66998905,-0.0034252405
512,38853,1.0,10.0,9.0,2.0,3.0,1.0,-0.009639792,-0.009639792,0.53611594,0.54017735,0.004061401,0.51304513,0.45398834,-0.05905679,0.5392882,0.4742849,-0.065003335,0.5603061,0.4987082,-0.061597884
513,38978,1.0,1.0,0.0,1.0,1.0,0.0,-0.0016827881,-0.0016827881,0.1619516,0.19552106,0.033569455,0.35371864,0.21633981,-0.13737883,0.37969327,0.23851435,-0.14117892,0.37923762,0.24762845,-0.13160917
514,39047,7.0,4.0,-3.0,4.0,5.0,1.0,0.0049109347,0.0049109347,0.6286666,0.68032664,0.05166006,0.3464173,0.5046678,0.15825051,0.33481044,0.48534957,0.15053913,0.43352446,0.5398221,0.10629764
515,39058,11.0,5.0,-6.0,3.0,2.0,-1.0,0.009583302,0.009583302,0.37890112,0.39395288,0.015051752,0.19010349,0.10814947,-0.08195402,0.1859198,0.092309654,-0.09361015,0.23355925,0.15581824,-0.07774101
516,39095,1.0,2.0,1.0,11.0,11.0,0.0,-0.0012401305,-0.0012401305,-0.3520315,-0.2841783,0.06785321,0.03983403,-0.26526377,-0.3050978,-0.016140513,-0.2827308,-0.26659027,-0.07799956,-0.30014244,-0.22214288
517,39289,1.0,1.0,0.0,1.0,1.0,0.0,-0.0032784939,-0.0032784939,0.37152925,0.38841587,0.016886622,0.3153196,0.26468375,-0.050635844,0.3353524,0.2680232,-0.0673292,0.35815445,0.3034092,-0.054745257
518,39298,1.0,1.0,0.0,1.0,1.0,0.0,-0.0073159225,-0.0073159225,0.7953707,0.8141155,0.018744826,0.7658673,0.8015031,0.03563583,0.77363104,0.8050067,0.031375647,0.7909706,0.82148814,0.030517519
519,39369,2.0,2.0,0.0,1.0,1.0,0.0,0.003862258,0.003862258,-0.05604718,-0.037782565,0.018264614,-0.07712064,-0.137893,-0.060772367,-0.065186255,-0.13530754,-0.07012128,-0.06942661,-0.13463879,-0.065212175
520,39402,1.0,1.0,0.0,1.0,1.0,0.0,-0.00025558472,-0.00025558472,0.07038329,0.14790551,0.077522226,0.012354696,0.06969389,0.0573392,-0.008425419,0.06299941,0.071424834,0.001280275,0.081709415,0.08042914
521,39509,24.0,29.0,5.0,2.0,1.0,-1.0,-0.00015428662,-0.00015428662,0.3069536,0.49761367,0.19066006,0.03028931,-0.0036850695,-0.03397438,0.008477144,-0.04254154,-0.051018685,0.04581791,0.01910971,-0.026708202
522,39547,1.0,5.0,4.0,1.0,2.0,1.0,-0.0049429424,-0.0049429424,0.2546665,0.3454932,0.09082669,0.16510193,0.30093464,0.13583271,0.1598934,0.32202545,0.16213205,0.19126779,0.350456,0.15918821
523,39553,2.0,7.0,5.0,2.0,2.0,0.0,-0.0018647611,-0.0018647611,0.46027702,0.31078658,-0.14949045,0.24434313,0.34230995,0.09796682,0.28763744,0.37028876,0.08265132,0.32785106,0.38856196,0.060710907
524,39841,1.0,2.0,1.0,1.0,1.0,0.0,-0.0010420345,-0.0010420345,0.051001668,0.043869026,-0.007132642,-0.00058355066,-0.005965314,-0.005381763,0.0016172221,-0.027904587,-0.029521808,0.007138084,-0.022641558,-0.029779643
525,39997,1.0,1.0,0.0,1.0,1.0,0.0,0.0014110096,0.0014110096,0.5209783,0.5120444,-0.008933842,0.33197427,0.33970946,0.007735193,0.35149002,0.32553962,-0.025950402,0.40257823,0.38439566,-0.018182576
526,40153,2.0,5.0,3.0,3.0,2.0,-1.0,-0.0027945414,-0.0027945414,0.15237883,0.114317685,-0.038061142,0.033544667,0.19915023,0.16560557,0.050662976,0.21042323,0.15976025,0.06597474,0.21884301,0.15286827
527,40235,19.0,10.0,-9.0,23.0,51.0,28.0,0.0019089915,0.0019089915,0.42258844,0.5145547,0.09196624,0.4904922,0.4621975,-0.028294683,0.5055363,0.4754043,-0.030132025,0.51929003,0.5026973,-0.016592741
528,40423,1.0,1.0,0.0,1.0,1.0,0.0,0.0027694218,0.0027694218,0.22155873,0.23030418,0.008745447,0.16490348,0.23198338,0.0670799,0.18677689,0.24989325,0.06311636,0.19794323,0.26208344,0.064140216
529,40548,16.0,15.0,-1.0,1.0,1.0,0.0,0.003392227,0.003392227,0.48295805,0.5844831,0.10152504,-0.09778914,0.22642918,0.32421833,-0.123392284,0.21783672,0.34122902,-0.040131576,0.2834011,0.32353267
530,40575,1.0,1.0,0.0,1.0,1.0,0.0,-0.00018747523,-0.00018747523,0.47813356,0.27608427,-0.20204929,0.23601553,0.39155376,0.15553823,0.25662908,0.410959,0.15432993,0.2939629,0.42182073,0.12785783
531,40721,50.0,68.0,18.0,11.0,5.0,-6.0,0.0025299005,0.0025299005,-0.12648839,0.05531225,0.18180063,0.09849295,-0.25441906,-0.352912,0.03680125,-0.2887292,-0.32553044,0.012456811,-0.270794,-0.2832508
532,40770,1.0,1.0,0.0,1.0,1.0,0.0,-0.0043115877,-0.0043115877,0.6743448,0.71124214,0.03689736,0.6031901,0.6651428,0.06195265,0.62007743,0.6739892,0.053911746,0.6712316,0.7007864,0.029554784
533,40840,1.0,1.0,0.0,1.0,1.0,0.0,2.7410686e-05,2.7410686e-05,0.0845247,-0.008958859,-0.09348356,-0.01997713,0.111952,0.13192913,-0.024417693,0.13106808,0.15548578,-0.009894412,0.1253834,0.13527782
534,40846,21.0,15.0,-6.0,3.0,1.0,-2.0,0.002611149,0.002611149,-0.08419174,0.06365687,0.1478486,-0.08181935,0.041699223,0.12351857,-0.054774527,0.0689555,0.12373003,-0.0676592,0.074827604,0.14248681
535,40909,1.0,2.0,1.0,1.0,1.0,0.0,0.0033980869,0.0033980869,0.21162362,0.26773852,0.056114897,-0.15266255,-0.019812685,0.13284986,-0.19274865,-0.047915928,0.14483273,-0.16211894,-0.016374178,0.14574477
536,40920,18.0,26.0,8.0,15.0,31.0,16.0,-0.0034085177,-0.0034085177,0.22672649,0.22682585,9.936094e-05,0.24081922,0.21533151,-0.025487706,0.23292004,0.20776768,-0.025152355,0.24809596,0.22835454,-0.019741416
537,40924,1.0,1.0,0.0,1.0,1.0,0.0,-0.00093049556,-0.00093049556,0.27476168,0.2751363,0.0003746152,0.31949383,0.28804362,-0.031450212,0.3270591,0.31383336,-0.013225734,0.34111106,0.32389712,-0.01721394
538,40935,3.0,7.0,4.0,5.0,7.0,2.0,-0.0031808056,-0.0031808056,0.36410183,0.31431657,-0.049785256,0.15398706,0.15520519,0.0012181252,0.17710043,0.18571678,0.008616343,0.21504666,0.21939544,0.0043487847
539,40979,2.0,15.0,13.0,12.0,33.0,21.0,-0.0051377043,-0.0051377043,0.18669935,0.025430534,-0.16126882,0.04278695,-0.069772355,-0.1125593,0.047628604,-0.029428773,-0.07705738,0.07482858,-0.021576123,-0.0964047
540,41056,1.0,1.0,0.0,1.0,1.0,0.0,-0.00039076805,-0.00039076805,0.46238577,0.52187395,0.059488177,0.34714666,0.4369852,0.089838535,0.3533101,0.4403827,0.08707258,0.40476546,0.46918184,0.06441638
541,41097,2.0,2.0,0.0,1.0,1.0,0.0,-0.002182655,-0.002182655,0.094578676,0.12878609,0.03420741,0.2810483,0.18264902,-0.09839928,0.27417776,0.17082287,-0.103354886,0.27695358,0.18037072,-0.09658286
542,41116,1.0,1.0,0.0,1.0,1.0,0.0,-0.0019634888,-0.0019634888,0.057541605,-0.0637777,-0.12131931,-0.16922858,-0.11610196,0.053126626,-0.19500987,-0.13747065,0.057539225,-0.17871678,-0.13737173,0.041345045
543,41137,1.0,1.0,0.0,1.0,1.0,0.0,0.0007264465,0.0007264465,0.7594899,0.81793094,0.058441043,0.5435995,0.5597263,0.016126812,0.55170447,0.56053317,0.0088287,0.5980697,0.61451757,0.016447842
544,41162,1.0,1.0,0.0,1.0,1.0,0.0,-0.0037464611,-0.0037464611,0.3106333,0.2090177,-0.10161561,0.30393982,0.345366,0.04142618,0.2891272,0.33209395,0.042966753,0.31646612,0.3431786,0.026712477
545,41482,1.0,1.0,0.0,1.0,2.0,1.0,-0.0057554767,-0.0057554767,0.3654802,0.36934698,0.003866762,0.3357594,0.2697831,-0.06597629,0.33092603,0.26480648,-0.06611955,0.35835078,0.29892355,-0.05942723
546,41566,6.0,7.0,1.0,1.0,1.0,0.0,-0.0007781759,-0.0007781759,0.48495504,0.4833309,-0.0016241372,0.3110596,0.25345254,-0.057607055,0.28659785,0.23888062,-0.04771723,0.32991347,0.29168984,-0.038223624
547,41574,2.0,1.0,-1.0,1.0,1.0,0.0,0.00026994944,0.00026994944,0.5691306,0.59594476,0.026814163,0.5164618,0.42186475,-0.09459704,0.51914644,0.42557475,-0.09357169,0.5431323,0.45893162,-0.08420068
548,41623,52.0,37.0,-15.0,5.0,6.0,1.0,0.0024991818,0.0024991818,0.35271317,0.27900916,-0.073704004,0.22117418,0.09968133,-0.12149285,0.2590389,0.10645299,-0.15258591,0.2873661,0.13084094,-0.15652515
549,41653,1.0,1.0,0.0,1.0,6.0,5.0,-0.0038905703,-0.0038905703,0.81152266,0.8209904,0.009467721,0.733459,0.72180843,-0.011650562,0.7434069,0.74362445,0.00021755695,0.7726167,0.7733027,0.00068598986
550,41710,4.0,6.0,2.0,2.0,2.0,0.0,-0.0011991784,-0.0011991784,0.035517156,-0.0016100387,-0.037127193,-0.0743737,-0.037033573,0.037340127,-0.072364226,-0.025139188,0.047225036,-0.06542946,-0.024227971,0.041201487
551,41778,6.0,3.0,-3.0,1.0,1.0,0.0,0.0036320686,0.0036320686,-0.09112612,-0.1275538,-0.036427684,-0.07120738,-0.14832212,-0.07711474,-0.08645578,-0.15658948,-0.0701337,-0.0922825,-0.16314252,-0.07086002
552,41814,2.0,2.0,0.0,1.0,1.0,0.0,0.00062453374,0.00062453374,0.1858844,-0.005190143,-0.19107455,0.37351215,0.15449908,-0.21901307,0.40342087,0.1797551,-0.22366576,0.41099152,0.16885318,-0.24213834
553,41927,1.0,1.0,0.0,1.0,1.0,0.0,0.0012679249,0.0012679249,0.09936851,0.15394841,0.0545799,0.15982981,-0.07362505,-0.23345485,0.1314919,-0.111986466,-0.24347836,0.14502409,-0.08052673,-0.22555083
554,41934,1.0,1.0,0.0,1.0,1.0,0.0,0.0036754943,0.0036754943,0.57529473,0.6102097,0.03491497,0.44069895,0.39289927,-0.047799677,0.43248823,0.38143757,-0.051050663,0.466663,0.42946798,-0.037195027
555,42007,11.0,23.0,12.0,14.0,24.0,10.0,-0.0018187463,-0.0018187463,0.5252131,0.46708503,-0.05812809,0.15014422,0.16250548,0.012361258,0.15040044,0.14762299,-0.0027774572,0.19756067,0.19008967,-0.007470995
556,42126,5.0,2.0,-3.0,12.0,6.0,-6.0,0.0056650713,0.0056650713,-0.46782878,-0.28672287,0.18110591,-0.36995935,-0.4193149,-0.049355537,-0.326202,-0.4274013,-0.1011993,-0.3682228,-0.43926963,-0.07104683
557,42166,19.0,30.0,11.0,2.0,1.0,-1.0,0.0011987425,0.0011987425,0.5049702,0.58592135,0.080951154,-0.037682585,0.46473303,0.5024156,-0.04569029,0.48525012,0.5309404,0.011285123,0.5418757,0.5305906
558,42171,1.0,1.0,0.0,1.0,1.0,0.0,-0.00083841756,-0.00083841756,0.5754427,0.57136345,-0.0040792227,0.3566286,0.48532012,0.12869152,0.3560029,0.47894526,0.12294236,0.43024313,0.5224262,0.09218305
559,42214,1.0,1.0,0.0,1.0,1.0,0.0,-0.002751127,-0.002751127,0.29663005,0.23096383,-0.06566623,0.15987632,0.19012903,0.03025271,0.19073962,0.19707708,0.006337464,0.23195432,0.22432458,-0.0076297373
560,42224,1.0,2.0,1.0,1.0,1.0,0.0,-0.0030003637,-0.0030003637,0.39341024,0.44486806,0.051457822,0.04439015,0.034612328,-0.009777822,0.03806077,0.026836269,-0.011224501,0.0815873,0.08753448,0.00594718
561,42238,48.0,174.0,126.0,3.0,4.0,1.0,-0.0022234954,-0.0022234954,0.28460035,0.2098004,-0.07479994,-0.2080021,-0.07823198,0.12977013,-0.25765175,-0.11156954,0.14608221,-0.18959181,-0.052059405,0.13753241
562,42299,9.0,19.0,10.0,6.0,5.0,-1.0,4.6078116e-05,4.6078116e-05,0.058746748,0.09179751,0.03305076,-0.13014834,0.048713554,0.17886189,-0.12170454,0.07818552,0.19989006,-0.108960904,0.093908556,0.20286946
563,42473,84.0,69.0,-15.0,9.0,6.0,-3.0,0.002703607,0.002703607,0.37345564,0.40475824,0.0313026,0.32356575,0.35709605,0.033530295,0.3153368,0.3663498,0.051012993,0.33870247,0.3843086,0.045606136
564,42563,3.0,1.0,-2.0,1.0,1.0,0.0,0.0035892576,0.0035892576,0.17047036,0.23025995,0.059789598,0.29117155,0.13877536,-0.15239619,0.29832923,0.14869493,-0.1496343,0.29019907,0.17065208,-0.119546995
565,42642,162.0,275.0,113.0,133.0,134.0,1.0,-0.0012545511,-0.0012545511,0.30304068,0.27169633,-0.031344354,-0.08128698,0.022369942,0.103656925,-0.11778609,-0.038154617,0.07963147,-0.08665803,0.008788354,0.095446385
566,42648,55.0,45.0,-10.0,22.0,10.0,-12.0,0.0028549805,0.0028549805,0.7243018,0.74903816,0.024736345,0.600705,0.609252,0.008546948,0.6137944,0.58812654,-0.025667846,0.655125,0.6256804,-0.029444635
567,42697,1.0,1.0,0.0,1.0,1.0,0.0,1.8313527e-05,1.8313527e-05,0.2222275,0.2104855,-0.011741996,0.07378114,0.10399706,0.030215919,0.11019514,0.13160089,0.021405749,0.14678627,0.16217388,0.01538761
568,42781,5.0,6.0,1.0,1.0,1.0,0.0,-0.00066174567,-0.00066174567,0.30819297,0.27845442,-0.029738545,0.09585447,0.026595723,-0.06925875,0.08431452,0.031395193,-0.052919324,0.11532604,0.059435993,-0.055890046
569,42851,1.0,1.0,0.0,1.0,1.0,0.0,-0.00845046,-0.00845046,0.09065088,0.006160609,-0.08449027,0.03610344,-0.028192239,-0.06429568,0.035649344,-0.03377838,-0.06942773,0.04376436,-0.032567695,-0.076332055
570,42912,52.0,73.0,21.0,4.0,8.0,4.0,-0.0021471381,-0.0021471381,0.13575666,0.19438924,0.058632582,-0.024409987,0.07262611,0.09703609,-0.034038045,0.05989121,0.09392925,-0.012237944,0.08756344,0.099801384
571,42946,5.0,18.0,13.0,26.0,108.0,82.0,-0.0045322366,-0.0045322366,0.6186087,0.6245452,0.0059365034,0.41685155,0.32410172,-0.092749834,0.42505735,0.33994967,-0.085107684,0.4687938,0.39225248,-0.076541334
572,42980,1.0,1.0,0.0,1.0,1.0,0.0,0.0020870678,0.0020870678,0.43890926,0.47813568,0.039226413,0.45351988,0.42593774,-0.027582139,0.46843016,0.43029547,-0.038134694,0.4828713,0.45708066,-0.025790632
573,43107,22.0,6.0,-16.0,1.0,1.0,0.0,0.008348171,0.008348171,-0.053710368,0.12136907,0.17507944,0.10586177,0.16936716,0.063505396,0.15104881,0.200221,0.049172193,0.1415122,0.20675875,0.06524655
574,43156,12.0,8.0,-4.0,1.0,1.0,0.0,0.007874522,0.007874522,-0.19041824,-0.28974664,-0.0993284,-0.10660077,-0.14992718,-0.043326415,-0.15641978,-0.1674524,-0.011032611,-0.1748516,-0.18966363,-0.014812037
575,43157,1.0,1.0,0.0,1.0,1.0,0.0,0.005505979,0.005505979,0.64500195,0.60803986,-0.036962092,0.41844657,0.53915465,0.12070808,0.42299226,0.55004096,0.1270487,0.47248185,0.57945675,0.1069749
576,43159,1.0,1.0,0.0,3.0,1.0,-2.0,0.0009518899,0.0009518899,0.17419349,0.064582296,-0.10961119,-0.06432831,-0.023082417,0.041245896,-0.04370519,0.0060629006,0.04976809,-0.01640005,0.014152928,0.03055298
577,43164,1.0,1.0,0.0,1.0,1.0,0.0,-0.006156452,-0.006156452,0.28844276,0.26415926,-0.024283499,0.12129119,0.1549564,0.03366521,0.11848764,0.16195622,0.04346858,0.14259283,0.18393369,0.041340858
578,43224,2.0,4.0,2.0,1.0,1.0,0.0,-0.0017526224,-0.0017526224,0.22191478,0.11015069,-0.111764096,-0.10953853,0.037779015,0.14731754,-0.12773348,0.012418266,0.14015175,-0.09614956,0.02404718,0.12019674
579,43250,12.0,26.0,14.0,4.0,3.0,-1.0,-0.00075274706,-0.00075274706,0.1617465,0.20705777,0.045311272,0.088515885,-0.050289042,-0.13880493,0.12698677,-0.019685186,-0.14667195,0.13953233,8.477836e-05,-0.13944755
580,43288,1.0,1.0,0.0,1.0,1.0,0.0,0.0027977936,0.0027977936,0.25093472,0.27682814,0.02589342,0.032732014,0.039490793,0.0067587793,0.039478328,0.039389145,-8.918345e-05,0.069920726,0.054601625,-0.0153191015
581,43428,1.0,1.0,0.0,1.0,1.0,0.0,-0.0019319877,-0.0019319877,0.4961797,0.51197773,0.015798032,0.13915412,0.36965436,0.23050024,0.14810592,0.37357208,0.22546616,0.19984227,0.4183738,0.21853152
582,43429,12.0,4.0,-8.0,9.0,6.0,-3.0,0.0045975856,0.0045975856,0.50301933,0.56115574,0.058136404,0.038365528,0.38704902,0.34868348,0.030580297,0.379077,0.34849668,0.09702179,0.42630965,0.32928786
583,43445,1.0,1.0,0.0,1.0,1.0,0.0,-0.00088612735,-0.00088612735,-0.11259649,-0.11868735,-0.006090857,0.32695267,0.38359737,0.056644708,0.32431588,0.40627232,0.081956446,0.3103845,0.3986088,0.08822429
584,43465,2.0,2.0,0.0,1.0,1.0,0.0,0.004999891,0.004999891,0.30771008,0.33459067,0.026880592,0.17689379,0.23682414,0.059930354,0.18838903,0.23763347,0.049244434,0.2146694,0.26090208,0.04623267
585,43500,3.0,4.0,1.0,1.0,1.0,0.0,0.00195048,0.00195048,0.27216867,0.25546318,-0.016705483,0.26597068,0.31878453,0.052813858,0.23846379,0.30412862,0.06566483,0.27161366,0.3221919,0.050578237
586,43619,6.0,6.0,0.0,1.0,1.0,0.0,-0.00140623,-0.00140623,0.38247815,0.37212193,-0.010356218,-0.13333131,0.13931684,0.27264816,-0.09715706,0.15866953,0.2558266,-0.021482335,0.21373068,0.23521301
587,43675,1.0,5.0,4.0,1.0,1.0,0.0,-0.0038465224,-0.0038465224,0.14530843,0.091770485,-0.05353795,0.109768696,0.026544664,-0.08322403,0.13136372,0.034764644,-0.09659907,0.14328556,0.0453236,-0.09796196
588,43689,1.0,1.0,0.0,1.0,1.0,0.0,0.0038714856,0.0038714856,0.37501583,0.45330632,0.07829049,0.2549896,0.21790521,-0.037084386,0.30245313,0.24876975,-0.053683385,0.33798945,0.2981211,-0.039868355
589,43746,10.0,11.0,1.0,12.0,5.0,-7.0,0.006620329,0.006620329,0.32540402,0.2514396,-0.07396442,-0.118159324,0.17522448,0.2933838,-0.12232719,0.19952673,0.32185394,-0.05387075,0.2285361,0.28240684
590,43818,1.0,1.0,0.0,1.0,1.0,0.0,-0.0023353472,-0.0023353472,0.64500135,0.56383425,-0.0811671,0.5189929,0.573746,0.054753125,0.53377736,0.56909347,0.03531611,0.5698759,0.5876467,0.017770827
591,43820,2.0,7.0,5.0,3.0,2.0,-1.0,-0.0028513223,-0.0028513223,0.38521072,0.33514968,-0.050061047,0.1014467,0.3066393,0.20519261,0.09967701,0.3286883,0.22901128,0.14933987,0.35701752,0.20767765
592,43852,20.0,28.0,8.0,1.0,1.0,0.0,0.0021006614,0.0021006614,0.5783827,0.7336014,0.15521872,0.13118295,0.44356564,0.3123827,0.12558654,0.4550591,0.32947257,0.1830048,0.50890076,0.32589597
593,43950,1.0,1.0,0.0,1.0,1.0,0.0,-0.0018963702,-0.0018963702,0.37664536,0.48412505,0.10747969,0.30781832,0.2555927,-0.05222562,0.3274219,0.27202782,-0.055394083,0.3513272,0.31915852,-0.032168686
594,43984,1.0,1.0,0.0,1.0,1.0,0.0,-0.0023054034,-0.0023054034,-0.05841894,-0.021881778,0.036537163,-0.062884755,-0.059053823,0.003830932,-0.07414945,-0.1110669,-0.036917448,-0.0801518,-0.10359305,-0.023441255
595,44052,1.0,8.0,7.0,1.0,5.0,4.0,-0.007548023,-0.007548023,0.5604441,0.5569654,-0.0034787059,0.56259173,0.17383912,-0.3887526,0.5707088,0.17308716,-0.39762163,0.6042734,0.26448306,-0.3397903
596,44097,2.0,2.0,0.0,1.0,1.0,0.0,0.0019413196,0.0019413196,0.21119192,0.14341503,-0.06777689,0.018180823,0.052649476,0.03446865,0.022588845,0.056634244,0.0340454,0.054856572,0.08117828,0.026321705
597,44107,26.0,30.0,4.0,2.0,4.0,2.0,-0.002004873,-0.002004873,0.05350948,0.023049932,-0.03045955,0.12142592,0.06982258,-0.05160334,0.075627014,0.032825623,-0.04280139,0.080920696,0.03475797,-0.046162724
598,44138,2.0,2.0,0.0,1.0,1.0,0.0,0.006541211,0.006541211,0.3479652,0.35256052,0.0045953095,0.25532836,0.31293246,0.057604104,0.26324716,0.33261657,0.069369406,0.29299724,0.35260716,0.05960992
599,44144,20.0,44.0,24.0,4.0,11.0,7.0,-0.004107889,-0.004107889,0.15223528,0.14639015,-0.0058451295,-0.07663984,0.13450707,0.21114692,-0.07596607,0.14904714,0.2250132,-0.05324663,0.16128556,0.2145322
600,44184,3.0,2.0,-1.0,1.0,1.0,0.0,0.00070052966,0.00070052966,0.24407494,0.4213977,0.17732275,0.30639777,0.17459963,-0.13179813,0.30820146,0.18399517,-0.12420629,0.31561977,0.22872189,-0.08689788
601,44324,1.0,1.0,0.0,4.0,2.0,-2.0,0.0013699345,0.0013699345,0.35620394,0.42618713,0.069983184,0.28098634,0.2817374,0.0007510483,0.28927863,0.2939292,0.004650563,0.31089982,0.32405218,0.013152361
602,44339,26.0,17.0,-9.0,8.0,7.0,-1.0,0.0040430836,0.0040430836,0.4511905,0.46820113,0.01701063,0.5177054,0.41503903,-0.10266635,0.5337469,0.44116196,-0.09258494,0.5308866,0.46611303,-0.06477356
603,44369,5.0,3.0,-2.0,1.0,1.0,0.0,0.0036590323,0.0036590323,0.31725356,0.37652478,0.059271216,0.058449868,0.22517402,0.16672416,0.037256222,0.24112682,0.2038706,0.07820935,0.27624562,0.19803628
604,44412,46.0,23.0,-23.0,3.0,1.0,-2.0,0.0032669902,0.0032669902,0.094549894,0.014463738,-0.08008616,0.05646826,-0.10825245,-0.16472071,0.050638285,-0.12188613,-0.17252441,0.057177085,-0.111925155,-0.16910224
605,44705,19.0,2.0,-17.0,8.0,2.0,-6.0,0.007982936,0.007982936,0.27123544,0.27750483,0.0062693954,0.19532341,0.24599984,0.050676435,0.18057418,0.24508822,0.06451404,0.19550446,0.25840867,0.06290421
606,44720,1.0,1.0,0.0,1.0,1.0,0.0,0.0016604625,0.0016604625,0.04366938,0.121442,0.07777262,0.08891855,-0.027596364,-0.116514914,0.10121642,-0.032235507,-0.13345192,0.104062565,-0.017588254,-0.121650815
607,44729,9.0,11.0,2.0,10.0,2.0,-8.0,0.0030148774,0.0030148774,0.0139541505,0.1634904,0.14953625,0.051970635,0.00093439315,-0.051036242,0.04071008,-0.011712013,-0.05242209,0.041864444,0.01594227,-0.025922174
608,44736,1.0,1.0,0.0,1.0,1.0,0.0,0.00034049526,0.00034049526,0.031771462,0.14693111,0.115159646,-0.0012802274,0.1518933,0.15317354,0.019248728,0.2016506,0.18240188,0.021923326,0.21831478,0.19639146
609,44844,33.0,38.0,5.0,1.0,4.0,3.0,0.0003429316,0.0003429316,0.2582229,0.22406337,-0.03415954,0.11447046,0.21076144,0.09629098,0.12918642,0.20321056,0.07402414,0.16472769,0.21726191,0.052534223
610,44971,3.0,9.0,6.0,6.0,16.0,10.0,-0.0047677755,-0.0047677755,0.17144692,0.14349584,-0.027951077,0.123575084,0.28172603,0.15815094,0.11633006,0.28013417,0.16380411,0.12911423,0.2839005,0.15478627
611,44980,1.0,1.0,0.0,1.0,1.0,0.0,0.0032046773,0.0032046773,0.4693602,0.52285486,0.053494662,0.35821667,0.48075503,0.12253836,0.36414498,0.5043126,0.1401676,0.41485122,0.5384574,0.123606175
612,45129,99.0,32.0,-67.0,31.0,22.0,-9.0,0.006228097,0.006228097,0.34228852,0.3504628,0.00817427,0.39490688,0.30567643,-0.08923045,0.40323737,0.30362344,-0.099613935,0.4217544,0.3289973,-0.092757076
613,45213,2.0,2.0,0.0,1.0,1.0,0.0,-0.0005307384,-0.0005307384,0.22336869,0.16615498,-0.05721371,-0.006762346,0.042464506,0.04922685,-0.0040521296,0.053526293,0.057578422,0.015713753,0.06538514,0.04967139
614,45356,2.0,10.0,8.0,1.0,1.0,0.0,-0.005693935,-0.005693935,0.18300764,0.15675727,-0.026250377,0.04128226,0.26826513,0.22698286,0.011429448,0.21761207,0.20618263,0.04267958,0.23156235,0.18888277
615,45595,22.0,10.0,-12.0,41.0,116.0,75.0,0.002558006,0.002558006,0.09701156,0.13075387,0.033742316,-0.0017305395,0.036764868,0.038495407,-0.004863429,0.028205026,0.033068456,0.00495334,0.04145405,0.03650071
616,45632,1.0,1.0,0.0,1.0,1.0,0.0,0.0035074577,0.0035074577,0.12441343,0.0005943031,-0.12381913,0.06410601,0.17498843,0.110882424,0.05151916,0.20633607,0.15481691,0.071870446,0.19239122,0.12052077
617,45746,2.0,1.0,-1.0,4.0,1.0,-3.0,0.0014995001,0.0014995001,0.17203088,0.13983354,-0.03219734,0.23767117,0.047010213,-0.19066095,0.2543505,0.069677725,-0.18467279,0.25106597,0.08402796,-0.16703801
618,45750,150.0,74.0,-76.0,3.0,5.0,2.0,0.0062435605,0.0062435605,0.058069143,-0.0140996175,-0.07216876,-0.015416269,0.057166155,0.07258242,0.00050761184,0.06995731,0.06944969,0.008769465,0.05670039,0.047930926
619,45837,1.0,1.0,0.0,1.0,1.0,0.0,-0.0013706237,-0.0013706237,0.28935674,0.2391127,-0.050244033,0.11762187,0.03453636,-0.08308551,0.13041605,0.04607118,-0.08434487,0.15872346,0.0658577,-0.09286576
620,45843,2.0,5.0,3.0,2.0,3.0,1.0,-0.00418761,-0.00418761,0.7768458,0.7494069,-0.027438939,0.59818166,0.6345441,0.03636241,0.6117866,0.6581087,0.046322107,0.6756666,0.71129423,0.035627663
621,45945,3.0,5.0,2.0,3.0,3.0,0.0,0.0003274791,0.0003274791,0.18986614,0.10343025,-0.08643589,0.0952845,0.2685368,0.17325231,0.09226989,0.28600264,0.19373274,0.113557644,0.2843123,0.17075467
622,45981,3.0,11.0,8.0,1.0,5.0,4.0,-0.0059210844,-0.0059210844,0.3168573,0.20129699,-0.11556032,-0.15165496,-0.17193556,-0.0202806,-0.18268919,-0.19293094,-0.010241747,-0.14791042,-0.1654747,-0.017564282
623,45982,75.0,30.0,-45.0,1.0,1.0,0.0,0.008091595,0.008091595,0.5274511,0.4090703,-0.118380785,0.3052487,0.4278823,0.122633606,0.31705573,0.42302826,0.10597253,0.3744061,0.4495154,0.0751093
624,45999,3.0,24.0,21.0,1.0,1.0,0.0,-0.0068380833,-0.0068380833,0.42444524,0.4276295,0.003184259,0.16363478,0.42360222,0.25996745,0.1708724,0.44019017,0.26931775,0.2269521,0.47394258,0.24699047
625,46002,58.0,33.0,-25.0,151.0,47.0,-104.0,0.012374215,0.012374215,0.3253912,0.31140745,-0.013983756,0.099324234,-0.088429496,-0.18775374,0.0833575,-0.12363884,-0.20699634,0.14241503,-0.064638175,-0.20705321
626,46036,4.0,3.0,-1.0,7.0,8.0,1.0,0.0047229975,0.0047229975,0.3282995,0.28231102,-0.04598847,0.32439882,0.3075653,-0.016833514,0.30450892,0.29128152,-0.013227403,0.32580107,0.3020827,-0.023718387
627,46101,4.0,5.0,1.0,3.0,1.0,-2.0,0.0009964034,0.0009964034,0.5392294,0.6192478,0.0800184,-0.060588095,0.5223601,0.5829482,-0.09656186,0.52562517,0.622187,0.0023185394,0.563642,0.56132346
628,46136,31.0,56.0,25.0,2.0,1.0,-1.0,0.0010911599,0.0010911599,0.12949704,0.21473104,0.085234,0.13322817,0.2725119,0.13928373,0.16408126,0.27690613,0.11282487,0.17105752,0.28265777,0.11160025
629,46150,1.0,3.0,2.0,1.0,1.0,0.0,0.0003791377,0.0003791377,0.4350875,0.39534396,-0.039743543,0.27332574,0.26651227,-0.0068134665,0.28388554,0.269563,-0.014322549,0.3275887,0.3098172,-0.017771512
630,46160,1.0,1.0,0.0,1.0,1.0,0.0,-0.0015156567,-0.0015156567,0.1708539,0.19706413,0.026210234,0.42400238,0.33372828,-0.090274096,0.44901308,0.38834623,-0.06066686,0.45037106,0.3926475,-0.057723552
631,46274,428.0,218.0,-210.0,268.0,136.0,-132.0,0.009265324,0.009265324,0.34379184,0.31078643,-0.033005416,0.37844455,0.2817049,-0.09673965,0.37994716,0.29762772,-0.08231944,0.39019966,0.31358156,-0.076618105
632,46321,1.0,1.0,0.0,1.0,1.0,0.0,-0.0022836477,-0.0022836477,0.25443283,0.25662145,0.002188623,0.28086105,0.18722983,-0.09363122,0.29050085,0.2153614,-0.07513945,0.30324736,0.23620409,-0.067043275
633,46372,152.0,219.0,67.0,87.0,109.0,22.0,-0.000794176,-0.000794176,0.07828874,0.081592746,0.0033040047,0.21379964,0.00889193,-0.20490772,0.22201543,0.013298667,-0.20871677,0.22299118,0.020256788,-0.2027344
634,46380,1.0,4.0,3.0,1.0,1.0,0.0,-0.004963275,-0.004963275,0.4208835,0.5015929,0.08070937,0.115596525,0.29679012,0.18119359,0.12161567,0.3602297,0.23861402,0.18143475,0.4229599,0.24152514
635,46460,1.0,1.0,0.0,1.0,1.0,0.0,-0.00067435205,-0.00067435205,0.4507544,0.4683803,0.017625898,0.3940086,0.34650385,-0.047504753,0.41230243,0.36002612,-0.052276313,0.43637663,0.39935237,-0.03702426
636,46462,1.0,1.0,0.0,1.0,1.0,0.0,-0.0006193407,-0.0006193407,0.3480182,0.08985959,-0.25815862,-0.44808856,0.012488443,0.460577,-0.40855232,0.051768314,0.46032062,-0.35212165,0.06669446,0.41881612
637,46480,40.0,138.0,98.0,162.0,272.0,110.0,-0.006870901,-0.006870901,0.25150323,0.24065074,-0.010852486,-0.09024982,-0.1025935,-0.012343675,-0.10024736,-0.11307275,-0.012825392,-0.06480092,-0.081274725,-0.016473807
638,46523,7.0,5.0,-2.0,3.0,2.0,-1.0,0.0029218532,0.0029218532,-0.03415756,-0.07961527,-0.045457713,0.21613659,0.20377827,-0.012358323,0.21783906,0.19775227,-0.020086795,0.21115315,0.1786697,-0.032483444
639,46642,5.0,14.0,9.0,1.0,12.0,11.0,-0.006753687,-0.006753687,0.25234026,0.32226622,0.069925964,0.18148395,0.076648735,-0.10483522,0.17703584,0.068279244,-0.108756594,0.19720963,0.10031726,-0.096892364
640,46661,4.0,3.0,-1.0,3.0,4.0,1.0,-0.003071811,-0.003071811,0.13775341,0.15871106,0.020957649,0.046387397,0.04151452,-0.004872877,0.040080253,0.033960607,-0.006119646,0.056774676,0.051468987,-0.005305689
641,46806,1.0,1.0,0.0,1.0,1.0,0.0,0.0025169626,0.0025169626,-0.17470126,-0.14347005,0.03123121,-0.035980564,-0.102967605,-0.06698704,-0.048655327,-0.100647524,-0.051992197,-0.08128685,-0.114643864,-0.033357017
642,46835,1.0,2.0,1.0,2.0,4.0,2.0,-0.003911324,-0.003911324,0.6282619,0.63181067,0.0035487413,0.42191067,0.6675027,0.24559203,0.4826855,0.71384096,0.23115546,0.59721255,0.7364507,0.13923812
643,46861,1.0,1.0,0.0,3.0,3.0,0.0,0.00225918,0.00225918,0.49760184,0.25942641,-0.23817542,0.2641885,0.2010796,-0.06310889,0.2767295,0.20495725,-0.07177225,0.31139413,0.22293822,-0.0884559
644,47033,1.0,1.0,0.0,1.0,1.0,0.0,-0.004858624,-0.004858624,0.64989847,0.6024789,-0.047419548,0.5066376,0.45905316,-0.047584414,0.49594265,0.45878813,-0.037154526,0.54057664,0.508075,-0.032501638
645,47070,1.0,1.0,0.0,1.0,1.0,0.0,-0.005335871,-0.005335871,0.5753054,0.54044324,-0.03486216,0.25773767,0.098692715,-0.15904495,0.25006703,0.07164804,-0.178419,0.32312158,0.1503097,-0.17281188
646,47099,2.0,2.0,0.0,2.0,1.0,-1.0,0.0013460703,0.0013460703,0.44316605,0.42819273,-0.014973313,0.27901226,0.2769694,-0.0020428598,0.32283983,0.2781867,-0.044653118,0.39325368,0.32415107,-0.069102615
647,47200,1.0,1.0,0.0,1.0,1.0,0.0,0.0025383607,0.0025383607,-0.37661415,-0.4011245,-0.024510354,0.31450823,0.05187668,-0.26263154,0.29922256,0.024412332,-0.27481022,0.13124043,-0.10036991,-0.23161033
648,47290,1.0,1.0,0.0,13.0,24.0,11.0,-0.0021825396,-0.0021825396,0.5399985,0.6149185,0.07492,0.35898173,0.389947,0.030965269,0.3744863,0.41797456,0.043488264,0.40849453,0.45196533,0.0434708
649,47293,2.0,6.0,4.0,1.0,1.0,0.0,-0.008141771,-0.008141771,0.4366373,0.12312197,-0.31351534,0.27849823,0.21162859,-0.06686965,0.31627676,0.3033999,-0.012876868,0.36858866,0.312,-0.05658865
650,47321,9.0,6.0,-3.0,1.0,1.0,0.0,0.0025309958,0.0025309958,0.0947791,0.052815698,-0.0419634,-0.036453415,0.18105738,0.21751079,-0.018243145,0.19858982,0.21683297,-0.004964666,0.1979114,0.20287606
651,47408,11.0,7.0,-4.0,3.0,1.0,-2.0,0.0047691576,0.0047691576,0.76404643,0.7946926,0.030646145,0.452324,0.55704457,0.10472056,0.47154856,0.5738483,0.10229975,0.57022345,0.65020853,0.07998508
652,47598,7.0,7.0,0.0,2.0,1.0,-1.0,0.0008427389,0.0008427389,0.07826299,-0.045358784,-0.12362178,-0.08194457,-0.030499656,0.051444914,-0.09114268,-0.036635727,0.05450695,-0.07490004,-0.042349152,0.032550886
653,47600,7.0,8.0,1.0,1.0,1.0,0.0,-0.00076109916,-0.00076109916,0.2922928,0.252209,-0.040083796,0.13188711,0.40670037,0.27481326,0.13015836,0.43095887,0.3008005,0.15890712,0.438036,0.27912888
654,47614,145.0,244.0,99.0,19.0,5.0,-14.0,-0.0013947971,-0.0013947971,-0.14946733,-0.21456604,-0.0650987,0.15566032,0.12764606,-0.028014258,0.14813553,0.11832173,-0.029813796,0.11668792,0.07799146,-0.03869646
655,47656,1.0,1.0,0.0,1.0,1.0,0.0,-0.0022268817,-0.0022268817,0.23406379,0.4076585,0.1735947,0.41717064,0.3485773,-0.06859335,0.38477823,0.31944776,-0.065330476,0.3987444,0.35426775,-0.044476658
656,47687,1.0,1.0,0.0,1.0,1.0,0.0,0.0011605397,0.0011605397,0.08926467,0.098513916,0.009249248,0.072934434,0.11786388,0.044929445,0.08026758,0.118477225,0.038209647,0.08651638,0.12148249,0.03496611
657,48157,3.0,3.0,0.0,1.0,1.0,0.0,0.0021382421,0.0021382421,-0.06318949,0.15617806,0.21936755,-0.24709709,-0.091584615,0.15551248,-0.2377412,-0.08658917,0.15115203,-0.22738498,-0.057612963,0.16977203
658,48260,2.0,1.0,-1.0,1.0,1.0,0.0,0.0038998537,0.0038998537,0.11462221,0.04389178,-0.07073043,-0.017569903,0.012498222,0.030068126,-0.032486662,-0.006755092,0.025731571,-0.009879397,0.0007025012,0.0105818985
659,48374,1.0,2.0,1.0,2.0,4.0,2.0,-0.005839795,-0.005839795,-0.13323306,-0.10190587,0.031327188,-0.04118434,-0.119019866,-0.07783553,-0.015498284,-0.11117963,-0.09568134,-0.034851268,-0.118237406,-0.08338614
660,48379,4.0,6.0,2.0,1.0,2.0,1.0,-0.0007447377,-0.0007447377,0.19507644,0.29967844,0.10460201,0.22379676,0.3318853,0.10808855,0.25401405,0.35184443,0.097830385,0.27312452,0.36942178,0.096297264
661,48393,15.0,34.0,19.0,10.0,15.0,5.0,-0.0026300028,-0.0026300028,0.13544376,0.10584659,-0.02959717,0.09533558,0.21450023,0.11916465,0.07211756,0.19139138,0.11927382,0.085789815,0.19457588,0.10878606
662,48422,1.0,3.0,2.0,6.0,9.0,3.0,-0.0038124993,-0.0038124993,0.59654576,0.57542247,-0.02112329,0.55247843,0.5436964,-0.008782029,0.5677786,0.56166655,-0.006112039,0.59451336,0.5933971,-0.0011162758
663,48508,10.0,22.0,12.0,6.0,5.0,-1.0,-0.000550732,-0.000550732,0.1921001,0.20139909,0.009298995,-0.019707024,0.035316613,0.055023637,-0.022495598,0.048341446,0.07083704,0.011482277,0.0797147,0.068232425
664,48530,2.0,2.0,0.0,1.0,1.0,0.0,0.0020974725,0.0020974725,0.13730605,0.1128605,-0.024445549,0.13437474,0.14567052,0.011295781,0.1830726,0.20506215,0.021989554,0.19345033,0.21568619,0.022235855
665,48617,1.0,2.0,1.0,1.0,1.0,0.0,-0.001976993,-0.001976993,-0.01786202,-0.073173106,-0.055311084,-0.006810339,0.15810739,0.16491772,0.021366505,0.15900092,0.13763441,0.016861228,0.1421839,0.12532267
666,48618,47.0,54.0,7.0,56.0,46.0,-10.0,0.0024740808,0.0024740808,0.2613454,0.25079447,-0.010550916,0.24385221,0.15080824,-0.09304397,0.24183519,0.17262131,-0.06921388,0.2584069,0.19510153,-0.06330538
667,48622,1.0,1.0,0.0,1.0,1.0,0.0,0.0032387823,0.0032387823,0.18231936,0.20039369,0.018074334,0.15604748,0.04113024,-0.11491723,0.16874106,0.03987936,-0.1288617,0.18799433,0.06575457,-0.12223976
668,48679,11.0,5.0,-6.0,7.0,11.0,4.0,0.003628347,0.003628347,-0.27248457,-0.24510123,0.027383342,-0.12458705,-0.08108406,0.043502994,-0.1371435,-0.08062812,0.056515373,-0.15677556,-0.097979344,0.05879622
669,48681,2.0,2.0,0.0,2.0,2.0,0.0,0.004166648,0.004166648,0.41427642,0.4343386,0.020062178,0.3074642,0.20276959,-0.10469462,0.31592062,0.20642982,-0.1094908,0.34743124,0.25013614,-0.097295105
670,48802,1.0,1.0,0.0,1.0,1.0,0.0,-0.0024750307,-0.0024750307,0.49541897,0.3878913,-0.10752767,0.4378345,0.3689295,-0.068904996,0.45629907,0.39767548,-0.058623582,0.47685373,0.41050053,-0.0663532
671,48832,6.0,11.0,5.0,1.0,1.0,0.0,-0.0005186908,-0.0005186908,0.43186077,0.34410205,-0.08775872,0.31358737,0.42306203,0.10947466,0.31443357,0.42537516,0.11094159,0.35013378,0.4436924,0.09355861
672,48839,1.0,2.0,1.0,1.0,1.0,0.0,-0.0033449605,-0.0033449605,0.25269997,0.22408678,-0.028613195,0.54645103,0.52497536,-0.021475673,0.53933287,0.51332307,-0.026009798,0.5485983,0.52009284,-0.028505445
673,49076,1.0,2.0,1.0,3.0,2.0,-1.0,0.0010165982,0.0010165982,-0.038498156,0.009274783,0.047772937,0.037436616,0.095552854,0.05811624,0.02734449,0.07852194,0.05117745,0.018765928,0.07304077,0.054274842
674,49152,1.0,1.0,0.0,2.0,1.0,-1.0,0.0065236874,0.0065236874,0.09704694,0.17120233,0.07415539,0.30038327,0.07977362,-0.22060965,0.30929574,0.08447865,-0.2248171,0.30975342,0.11196594,-0.19778748
675,49156,130.0,155.0,25.0,32.0,11.0,-21.0,0.0021749511,0.0021749511,0.62568724,0.64297616,0.017288923,0.64388233,0.5761837,-0.06769866,0.62436265,0.57831055,-0.0460521,0.6504515,0.62125903,-0.029192448
676,49234,2.0,1.0,-1.0,3.0,3.0,0.0,0.005566269,0.005566269,0.15739338,0.17624211,0.018848732,0.13660502,0.100553095,-0.03605193,0.12830418,0.09386411,-0.03444007,0.13929118,0.109243,-0.030048184
677,49466,1.0,1.0,0.0,1.0,1.0,0.0,-0.005492665,-0.005492665,0.094555855,0.19223292,0.09767707,0.12820756,0.15369274,0.025485173,0.15236087,0.15210481,-0.00025606155,0.15956399,0.1760698,0.016505808
678,49480,4.0,5.0,1.0,3.0,1.0,-2.0,0.0005587116,0.0005587116,-0.009880292,-0.02408012,-0.014199828,0.11076514,-0.08616288,-0.19692802,0.11323522,-0.07681519,-0.19005041,0.111380465,-0.077636465,-0.18901694
679,49622,3.0,4.0,1.0,2.0,2.0,0.0,0.00042379275,0.00042379275,0.18676005,0.2219067,0.035146654,0.09432329,0.017963722,-0.07635957,0.099187426,0.029887553,-0.06929988,0.11648211,0.05401202,-0.06247009
680,49731,228.0,152.0,-76.0,64.0,50.0,-14.0,0.004945647,0.004945647,0.2853414,0.474398,0.18905658,0.24681868,-0.02465558,-0.27147424,0.2588744,-0.041751817,-0.30062622,0.276855,0.016698524,-0.26015645
681,49923,3.0,15.0,12.0,30.0,44.0,14.0,-0.004704941,-0.004704941,-0.05199708,-0.14804316,-0.096046075,-0.13445558,-0.31390896,-0.17945339,-0.08593018,-0.29434794,-0.20841776,-0.09056172,-0.29120386,-0.20064214
682,49944,1.0,1.0,0.0,1.0,1.0,0.0,-0.00082702935,-0.00082702935,0.7895593,0.7541837,-0.035375595,0.54262525,0.6317943,0.089169025,0.55814666,0.6336666,0.07551992,0.62913674,0.67765063,0.04851389
683,49955,1.0,1.0,0.0,1.0,1.0,0.0,0.0014278553,0.0014278553,0.18161775,0.19187821,0.010260463,0.3249281,0.205729,-0.11919911,0.31986174,0.19177163,-0.12809011,0.32854,0.21446154,-0.11407846
684,49957,1.0,1.0,0.0,1.0,1.0,0.0,0.0013592988,0.0013592988,0.46028295,0.30776832,-0.15251464,0.48613152,-0.4576009,-0.9437324,0.45146847,-0.46591353,-0.917382,0.48909763,-0.4256668,-0.9147644
685,49969,1.0,1.0,0.0,1.0,1.0,0.0,-0.0005901903,-0.0005901903,0.70515347,0.6852813,-0.019872189,0.48514193,0.5441122,0.058970273,0.50964475,0.5548547,0.045209944,0.5653834,0.5908873,0.025503933
686,49979,1.0,1.0,0.0,1.0,1.0,0.0,-0.005097851,-0.005097851,0.20520796,-0.042886395,-0.24809435,-0.027568761,0.241009,0.26857775,-0.03326898,0.2500952,0.28336418,-0.005372988,0.2438654,0.24923839
687,50026,2.0,1.0,-1.0,1.0,1.0,0.0,0.005562246,0.005562246,-0.0916699,-0.093123145,-0.0014532432,0.3106429,0.115167096,-0.1954758,0.34040296,0.12839872,-0.21200424,0.33079478,0.11951939,-0.2112754
688,50114,15.0,27.0,12.0,2.0,1.0,-1.0,-0.00016189367,-0.00016189367,0.15703751,0.14087358,-0.01616393,0.12092615,0.13614964,0.015223496,0.12581894,0.11871931,-0.0070996284,0.13442214,0.1269696,-0.0074525326
689,50170,1.0,1.0,0.0,1.0,1.0,0.0,0.0006794706,0.0006794706,0.23175155,0.35528225,0.1235307,0.12436239,0.22375867,0.09939628,0.15240522,0.21863356,0.066228345,0.19478711,0.25636283,0.06157571
690,50500,33.0,25.0,-8.0,16.0,11.0,-5.0,0.0017050207,0.0017050207,0.4705569,0.38312927,-0.087427646,0.24283041,0.13581671,-0.1070137,0.23914364,0.1483378,-0.09080584,0.2793332,0.18016939,-0.099163815
691,50653,2.0,6.0,4.0,1.0,1.0,0.0,0.00026955456,0.00026955456,0.07884354,-0.009777991,-0.088621534,0.17343558,0.17299667,-0.0004389137,0.16811264,0.17179166,0.0036790222,0.16953312,0.16151832,-0.008014798
692,50734,1.0,1.0,0.0,1.0,1.0,0.0,-0.0012910143,-0.0012910143,0.6313744,0.58872813,-0.04264629,0.5141887,0.46422613,-0.04996258,0.53144103,0.4743392,-0.057101846,0.56127346,0.5089852,-0.052288234
693,50755,1.0,1.0,0.0,1.0,1.0,0.0,0.0052524433,0.0052524433,-0.0754149,-0.082491934,-0.007077031,-0.21907689,-0.055841725,0.16323516,-0.24816866,-0.06015858,0.18801008,-0.24385777,-0.070824146,0.17303362
694,50811,1.0,1.0,0.0,1.0,1.0,0.0,-0.004621178,-0.004621178,0.47404975,0.47571796,0.0016682148,0.013438719,0.0669986,0.05355988,0.018610537,0.07240279,0.053792253,0.10840653,0.1390166,0.03061007
695,50882,5.0,4.0,-1.0,2.0,1.0,-1.0,0.0038851127,0.0038851127,0.5398526,0.4161091,-0.123743504,0.42951694,0.59411263,0.1645957,0.47807896,0.63622814,0.15814918,0.50049245,0.64745307,0.14696062
696,51051,1.0,1.0,0.0,1.0,1.0,0.0,-0.0063200444,-0.0063200444,0.3517398,0.30460796,-0.047131836,0.041176192,0.0948946,0.05371841,0.032956664,0.101840265,0.0688836,0.07496167,0.13677344,0.061811768
697,51052,10.0,10.0,0.0,3.0,3.0,0.0,0.0021323562,0.0021323562,0.1971197,0.22092243,0.023802727,0.40170053,0.17968075,-0.22201978,0.41572154,0.1787754,-0.23694614,0.42044142,0.20456065,-0.21588077
698,51062,2.0,1.0,-1.0,1.0,1.0,0.0,0.0018288568,0.0018288568,0.0054729534,-0.078378886,-0.08385184,-0.23602256,-0.14613119,0.089891374,-0.25171572,-0.1713287,0.080387026,-0.24183677,-0.16757905,0.07425772
699,51077,2.0,3.0,1.0,2.0,1.0,-1.0,0.001419086,0.001419086,0.38156986,0.39253378,0.010963917,-0.024344964,0.105636366,0.12998132,-0.049377486,0.09699192,0.1463694,0.01886813,0.1520929,0.13322477
700,51148,1.0,1.0,0.0,1.0,1.0,0.0,-0.0037684217,-0.0037684217,0.41155842,0.4166274,0.0050689876,0.008103549,0.26590574,0.2578022,-0.019555077,0.23605293,0.25560802,0.03098437,0.27720883,0.24622446
701,51171,5.0,11.0,6.0,11.0,9.0,-2.0,-0.0024752915,-0.0024752915,0.4988338,0.54088175,0.042047948,0.021373775,0.20667478,0.185301,0.020211428,0.20602058,0.18580915,0.119427085,0.26249582,0.14306873
702,51185,1.0,1.0,0.0,1.0,1.0,0.0,-0.0003759861,-0.0003759861,0.25553817,0.22535048,-0.030187681,0.30865157,0.2306085,-0.07804307,0.31701028,0.2225324,-0.09447788,0.33568987,0.24964805,-0.08604182
703,51521,2.0,1.0,-1.0,1.0,2.0,1.0,0.0045855194,0.0045855194,0.46539503,0.50523585,0.039840817,0.2648691,0.083769366,-0.18109973,0.27568078,0.10033442,-0.17534636,0.31687155,0.16796297,-0.14890859
704,51745,3.0,3.0,0.0,18.0,11.0,-7.0,0.0022495613,0.0022495613,-0.18039924,0.092084795,0.27248403,-0.018698016,-0.12928142,-0.1105834,-0.00190382,-0.1281603,-0.12625648,-0.018049467,-0.11838619,-0.100336716
705,51788,1.0,1.0,0.0,1.0,1.0,0.0,-0.0032278895,-0.0032278895,0.7531151,0.8080064,0.05489129,0.83328193,0.83672655,0.003444612,0.8449133,0.8519052,0.006991923,0.85298723,0.86520535,0.012218118
706,51843,3.0,5.0,2.0,1.0,1.0,0.0,-0.00040030852,-0.00040030852,0.22133501,0.0956274,-0.12570761,-0.008705335,0.17943798,0.18814331,-0.022141414,0.16784632,0.18998773,0.0005057005,0.1743722,0.1738665
707,51907,3.0,5.0,2.0,2.0,2.0,0.0,-0.00016373768,-0.00016373768,0.42950174,0.33708706,-0.09241468,0.501239,0.25817478,-0.24306422,0.49301225,0.25449815,-0.2385141,0.51399285,0.27300605,-0.2409868
708,51928,5.0,11.0,6.0,1.0,2.0,1.0,-0.0030798353,-0.0030798353,0.16230065,0.25709212,0.09479147,-0.037343368,-0.11588456,-0.07854119,-0.02544529,-0.10677684,-0.08133155,-0.0067990674,-0.080095194,-0.07329613
709,51965,1.0,1.0,0.0,1.0,1.0,0.0,-0.0008906126,-0.0008906126,0.31898215,0.31039667,-0.008585483,0.22542967,0.23565266,0.010222986,0.23004574,0.25027975,0.020234019,0.2526672,0.27214018,0.019472986
710,51983,1.0,1.0,0.0,1.0,2.0,1.0,-0.0025827363,-0.0025827363,0.17218177,0.15960623,-0.012575537,0.2836207,0.39663795,0.11301726,0.2966414,0.40058622,0.10394481,0.3096113,0.4030719,0.09346062
711,51988,230.0,393.0,163.0,15.0,18.0,3.0,-0.0007487554,-0.0007487554,-0.09069762,-0.22975583,-0.13905822,-0.12824135,-0.25965643,-0.13141508,-0.083589,-0.22664957,-0.14306056,-0.08928403,-0.23764218,-0.14835815
712,52070,1.0,1.0,0.0,1.0,1.0,0.0,-0.004771251,-0.004771251,0.18664342,0.27557188,0.08892846,0.26358533,0.33275813,0.0691728,0.27538246,0.3496938,0.074311346,0.28522366,0.3621333,0.07690963
713,52216,21.0,20.0,-1.0,7.0,4.0,-3.0,0.003031604,0.003031604,0.702284,0.68446773,-0.017816246,0.47126204,0.5715212,0.100259185,0.47810617,0.57751924,0.09941307,0.53199446,0.61216325,0.08016878
714,52302,1.0,1.0,0.0,1.0,1.0,0.0,-0.0016799681,-0.0016799681,0.317274,0.45184895,0.13457495,0.14793262,-0.097410575,-0.2453432,0.15468645,-0.09200106,-0.2466875,0.20441656,-0.023277124,-0.22769368
715,52328,16.0,15.0,-1.0,3.0,4.0,1.0,0.0026584864,0.0026584864,0.38398325,0.42691717,0.04293391,0.31119236,0.39678535,0.085592985,0.30591357,0.38378823,0.07787466,0.3400954,0.41514963,0.07505423
716,52375,4.0,5.0,1.0,1.0,1.0,0.0,-0.00023712963,-0.00023712963,0.035808735,0.02669716,-0.009111574,-0.00290044,0.010413785,0.013314226,-0.06778005,-0.029851407,0.03792864,-0.05315804,-0.02273849,0.03041955
717,52394,1.0,1.0,0.0,1.0,2.0,1.0,-0.003179893,-0.003179893,-0.0016835347,0.05402923,0.055712763,0.12581779,0.12159543,-0.0042223632,0.113024816,0.11533505,0.0023102313,0.10677743,0.11428086,0.0075034276
718,52527,2.0,3.0,1.0,2.0,2.0,0.0,-0.0010107793,-0.0010107793,0.17940402,0.17834559,-0.0010584295,0.26430488,-0.05256066,-0.31686553,0.2814961,-0.049537398,-0.3310335,0.28968975,-0.012719239,-0.302409
719,52554,1.0,2.0,1.0,1.0,1.0,0.0,-0.0070320778,-0.0070320778,0.5314167,0.50569504,-0.02572167,0.3661852,0.35820818,-0.007977009,0.37820873,0.35504702,-0.02316171,0.40549114,0.37857464,-0.026916504
720,52596,2.0,2.0,0.0,1.0,1.0,0.0,-0.004770864,-0.004770864,0.37294397,0.31233597,-0.060608,0.14558414,0.16300054,0.017416403,0.16670153,0.17633085,0.009629324,0.1897488,0.19626631,0.0065175146
721,52598,1.0,1.0,0.0,1.0,1.0,0.0,0.00090744346,0.00090744346,-0.028740892,0.15211262,0.18085352,0.24154462,0.19747284,-0.04407178,0.25739884,0.19182314,-0.065575704,0.2357441,0.20002107,-0.03572303
722,52652,159.0,134.0,-25.0,4.0,14.0,10.0,0.0018521175,0.0018521175,0.5090912,0.54055285,0.031461656,0.20648208,0.26323938,0.0567573,0.20838414,0.2655692,0.05718507,0.25248232,0.3197133,0.06723097
723,52892,16.0,9.0,-7.0,5.0,2.0,-3.0,0.0042738877,0.0042738877,0.3773632,0.3767003,-0.00066289306,0.28472814,0.264346,-0.020382136,0.27734053,0.27318576,-0.0041547716,0.3086439,0.3081559,-0.00048801303
724,52931,5.0,4.0,-1.0,1.0,1.0,0.0,0.004599482,0.004599482,0.5511119,0.59541845,0.044306576,0.23602784,0.25504243,0.019014597,0.2545683,0.2800186,0.02545029,0.30983648,0.3384323,0.028595835
725,52990,126.0,208.0,82.0,85.0,58.0,-27.0,-0.00093350373,-0.00093350373,0.113663346,0.08775457,-0.025908776,0.07094368,-0.031728487,-0.102672175,0.063950926,-0.041814882,-0.105765805,0.072557256,-0.022414869,-0.094972126
726,53052,12.0,9.0,-3.0,8.0,22.0,14.0,-7.688254e-05,-7.688254e-05,0.2897842,0.29790023,0.008116037,0.06953237,0.16623761,0.096705236,0.07926059,0.17999998,0.10073939,0.12554209,0.21182863,0.086286545
727,53070,1.0,2.0,1.0,3.0,6.0,3.0,-0.009416908,-0.009416908,-0.100247264,-0.16472825,-0.06448099,-0.12063826,-0.17134246,-0.050704204,-0.12290171,-0.18285123,-0.059949517,-0.1307329,-0.19071367,-0.05998078
728,53152,1.0,1.0,0.0,1.0,1.0,0.0,0.00034945458,0.00034945458,0.075117275,0.061308075,-0.0138092,-0.029109722,0.10067728,0.129787,-0.0279989,0.10542423,0.13342313,-0.013781331,0.1050547,0.11883603
729,53155,2.0,17.0,15.0,3.0,7.0,4.0,-0.010330301,-0.010330301,-0.051825833,0.20093097,0.2527568,0.15384819,-0.12589315,-0.27974135,0.16373175,-0.15387814,-0.3176099,0.152384,-0.12917317,-0.28155717
730,53157,2.0,1.0,-1.0,1.0,1.0,0.0,0.003341779,0.003341779,0.05737646,-0.047474615,-0.104851075,-0.047432736,0.02834643,0.07577917,-0.039230514,0.03878497,0.078015484,-0.03272071,0.031562727,0.06428344
731,53270,31.0,57.0,26.0,16.0,9.0,-7.0,9.685755e-07,9.685755e-07,0.015986864,-0.5300246,-0.54601145,0.38008586,0.26930586,-0.11078,0.3886429,0.2900279,-0.09861502,0.38230664,0.20777737,-0.17452927
732,53370,3.0,13.0,10.0,1.0,2.0,1.0,-0.008804914,-0.008804914,0.55160904,0.5208715,-0.03073752,0.008156894,0.2087182,0.2005613,0.008838477,0.2049532,0.19611472,0.10515789,0.29591456,0.19075668
733,53489,63.0,35.0,-28.0,7.0,9.0,2.0,0.0043699443,0.0043699443,0.004929857,0.07321814,0.06828828,-0.038391538,0.0050543984,0.043445937,-0.03664697,0.01657582,0.05322279,-0.03398366,0.026589205,0.060572863
734,53511,9.0,8.0,-1.0,1.0,1.0,0.0,0.0046509095,0.0046509095,-0.27546242,-0.23327518,0.042187244,-0.07153497,-0.0919046,-0.020369634,-0.02359777,-0.05704272,-0.033444952,-0.08592766,-0.11358301,-0.027655356
735,53570,1.0,2.0,1.0,1.0,1.0,0.0,0.0010665953,0.0010665953,-0.6891367,-0.70492285,-0.015786171,-0.76463246,-0.7280367,0.03659576,-0.7943385,-0.7387186,0.055619895,-0.8106461,-0.76717156,0.043474555
736,53727,1.0,1.0,0.0,1.0,1.0,0.0,-0.007978994,-0.007978994,0.38991046,0.30868933,-0.08122113,0.2512339,0.15961249,-0.091621414,0.25505722,0.15264103,-0.10241619,0.29388747,0.18853164,-0.10535583
737,53728,1.0,1.0,0.0,1.0,1.0,0.0,0.007472746,0.007472746,0.115457706,0.14290054,0.027442835,0.0061637,0.024144705,0.017981006,-0.011703343,0.017286757,0.028990101,0.00440049,0.03411946,0.02971897
738,53773,2.0,1.0,-1.0,1.0,1.0,0.0,0.00055593625,0.00055593625,0.3699117,0.54526454,0.17535284,0.23969091,0.27300298,0.033312067,0.24444865,0.2720969,0.027648255,0.28013408,0.33606693,0.05593285
739,53858,1.0,1.0,0.0,1.0,1.0,0.0,-0.0019222386,-0.0019222386,0.6791568,0.60939926,-0.06975752,0.47173938,0.36380774,-0.10793164,0.5055925,0.37544048,-0.13015205,0.5569411,0.43983254,-0.11710855
740,53881,1.0,1.0,0.0,1.0,1.0,0.0,0.0051632077,0.0051632077,0.45808035,0.4297582,-0.02832216,0.13175441,0.2241181,0.092363685,0.13965635,0.23245198,0.092795625,0.19840208,0.28875995,0.09035787
741,53891,18.0,44.0,26.0,1.0,5.0,4.0,-0.0032182783,-0.0032182783,0.26642504,0.30275467,0.036329627,0.1251944,0.16801703,0.04282263,0.12879257,0.16978556,0.04099299,0.15481056,0.19818811,0.04337755
742,54078,2.0,2.0,0.0,1.0,1.0,0.0,8.6545944e-05,8.6545944e-05,0.25066262,0.31444767,0.06378505,0.28381494,0.1838223,-0.09999263,0.27986118,0.17554033,-0.104320854,0.2920964,0.20373292,-0.08836348
743,54147,46.0,15.0,-31.0,15.0,17.0,2.0,0.006406579,0.006406579,0.3458449,0.29967326,-0.046171635,-0.02871571,0.3613427,0.3900584,-0.011787104,0.397997,0.4097841,0.05610784,0.4001272,0.34401935
744,54257,12.0,17.0,5.0,2.0,2.0,0.0,-0.0015644319,-0.0015644319,0.3521627,0.3334778,-0.018684894,0.32308042,0.16862088,-0.15445954,0.29389852,0.16073422,-0.1331643,0.32297832,0.19338793,-0.12959039
745,54361,2.0,1.0,-1.0,2.0,1.0,-1.0,0.0059661493,0.0059661493,0.7666124,0.74066544,-0.025946975,0.00528666,0.018772885,0.013486225,0.037770394,0.048370607,0.010600213,0.14542077,0.1697935,0.024372727
746,54389,33.0,25.0,-8.0,20.0,19.0,-1.0,0.0031809583,0.0031809583,0.18170944,0.282432,0.10072255,0.25034648,0.23470315,-0.015643328,0.2364392,0.21615331,-0.02028589,0.24852619,0.25424966,0.0057234764
747,54643,39.0,113.0,74.0,2.0,1.0,-1.0,-0.0034622587,-0.0034622587,-0.042451378,0.10275712,0.1452085,0.0770743,0.22976539,0.1526911,0.06945445,0.2273127,0.15785825,0.06479894,0.2298746,0.16507566
748,54683,1.0,1.0,0.0,1.0,1.0,0.0,-0.00052306056,-0.00052306056,0.51989627,0.58751875,0.06762248,0.60583824,0.4157303,-0.19010794,0.6230729,0.42979735,-0.19327557,0.62644404,0.47249225,-0.1539518
749,54698,1.0,1.0,0.0,1.0,1.0,0.0,0.0023459643,0.0023459643,0.6299029,0.59618783,-0.03371507,0.44409832,0.41468352,-0.029414803,0.44145313,0.42865956,-0.012793571,0.49260843,0.46889874,-0.023709685
750,54743,1.0,1.0,0.0,1.0,1.0,0.0,0.0010151714,0.0010151714,-0.07904318,-0.03177296,0.04727022,-0.15596835,-0.07476739,0.081200965,-0.13935536,-0.08408224,0.055273123,-0.14196078,-0.08353153,0.058429256
751,54812,4.0,1.0,-3.0,18.0,5.0,-13.0,0.0068362504,0.0068362504,-0.023916379,-0.024253683,-0.00033730455,-0.06421935,-0.118652955,-0.054433607,-0.04488177,-0.12160736,-0.076725595,-0.049253616,-0.11861979,-0.06936617
752,54824,8.0,24.0,16.0,1.0,1.0,0.0,-0.0013432316,-0.0013432316,0.5429404,0.5767827,0.033842325,0.48355126,0.5086703,0.025119007,0.5005564,0.53254277,0.031986356,0.517856,0.55019575,0.03233975
753,54913,1.0,1.0,0.0,2.0,5.0,3.0,-0.0008842312,-0.0008842312,0.25049156,0.27067932,0.020187765,0.2646989,0.2915957,0.026896805,0.26514423,0.29375216,0.028607935,0.268714,0.2967722,0.028058201
754,54959,6.0,2.0,-4.0,1.0,1.0,0.0,0.0044731833,0.0044731833,0.04882623,0.10694439,0.05811816,-0.32021308,0.2392553,0.5594684,-0.3497672,0.24043812,0.5902053,-0.34124887,0.24979584,0.5910447
755,55005,2.0,3.0,1.0,1.0,3.0,2.0,-0.0058919378,-0.0058919378,0.62582624,0.60784245,-0.017983794,0.46978652,0.46900183,-0.00078469515,0.48697764,0.47425327,-0.01272437,0.5222607,0.51227814,-0.009982586
756,55107,2.0,2.0,0.0,1.0,1.0,0.0,-0.005111024,-0.005111024,0.41633725,0.42000288,0.003665626,0.023171447,0.12601005,0.1028386,0.021881813,0.10028936,0.07840755,0.123067565,0.17276207,0.0496945
757,55163,1.0,1.0,0.0,1.0,1.0,0.0,0.000993114,0.000993114,0.5376466,0.61856085,0.08091426,0.33458677,0.34572542,0.011138648,0.39163214,0.38417915,-0.0074529946,0.43243647,0.4361409,0.0037044287
758,55405,2.0,3.0,1.0,4.0,4.0,0.0,-0.0025231615,-0.0025231615,-0.012902376,-0.00048033337,0.012422043,-0.2143,-0.30113968,-0.086839676,-0.2022579,-0.29723352,-0.09497562,-0.19358446,-0.27738032,-0.08379586
759,55408,1.0,2.0,1.0,2.0,4.0,2.0,-0.0070292354,-0.0070292354,0.5223078,0.46402994,-0.058277875,-0.07634439,0.078194216,0.1545386,-0.09826281,0.060884017,0.15914683,-0.052475154,0.10167379,0.15414894
760,55526,1.0,1.0,0.0,1.0,1.0,0.0,-0.002254635,-0.002254635,0.42557245,0.3271816,-0.09839085,0.29309887,0.13655196,-0.1565469,0.29509175,0.13920014,-0.15589161,0.320863,0.16637659,-0.15448642
761,55649,1.0,1.0,0.0,1.0,1.0,0.0,2.0958483e-05,2.0958483e-05,0.30471465,0.19782573,-0.10688892,0.06434323,0.08151554,0.017172314,0.06758102,0.108512774,0.040931754,0.109774366,0.13933364,0.02955927
762,55669,15.0,28.0,13.0,5.0,11.0,6.0,-0.0014914796,-0.0014914796,0.02730661,0.039308526,0.012001915,-0.05062674,-0.013346787,0.037279952,-0.063193694,-0.020765431,0.042428263,-0.058453914,-0.0148782665,0.04357565
763,55678,1.0,3.0,2.0,1.0,1.0,0.0,-0.0046234317,-0.0046234317,0.31273034,0.20035288,-0.112377465,-0.3010154,-0.32212985,-0.021114439,-0.29604256,-0.3160487,-0.02000615,-0.24820425,-0.2705111,-0.022306845
764,55680,38.0,32.0,-6.0,49.0,43.0,-6.0,0.0003899224,0.0003899224,0.36187375,0.38170677,0.019833028,-0.12787749,0.091380306,0.2192578,-0.15772845,0.09014998,0.24787843,-0.11638816,0.11810041,0.23448858
765,55857,2.0,5.0,3.0,8.0,15.0,7.0,-0.0013380684,-0.0013380684,0.5068149,0.48440492,-0.022409976,0.4171157,0.3740533,-0.04306239,0.41314942,0.38711897,-0.026030451,0.44454843,0.41502777,-0.02952066
766,55933,1.0,1.0,0.0,4.0,4.0,0.0,-0.002866421,-0.002866421,0.11247174,0.1125633,9.1560185e-05,0.10164642,0.09704622,-0.0046002045,0.10584218,0.10211588,-0.0037263036,0.110426135,0.10912983,-0.0012963042
767,55968,1.0,1.0,0.0,1.0,1.0,0.0,-0.0012429841,-0.0012429841,0.6827293,0.6190609,-0.06366843,0.41481662,0.45094597,0.036129355,0.42977512,0.45595643,0.02618131,0.47719234,0.48964775,0.012455404
768,55969,52.0,49.0,-3.0,99.0,55.0,-44.0,0.0029898547,0.0029898547,0.53925884,0.41946742,-0.11979142,0.31319353,0.40575042,0.092556894,0.3207848,0.4008855,0.080100685,0.38143456,0.4289512,0.047516644
769,56042,2.0,5.0,3.0,8.0,2.0,-6.0,0.0018475726,0.0018475726,0.28427613,0.3410209,0.056744784,0.058719777,0.14574045,0.08702067,0.06245629,0.14646384,0.08400755,0.09007058,0.18501155,0.09494097
770,56066,1.0,1.0,0.0,3.0,4.0,1.0,0.0050465167,0.0050465167,0.21100746,0.28583637,0.07482891,0.006566569,-0.009105411,-0.01567198,-0.038022917,-0.06378427,-0.025761355,-0.005832379,-0.01659347,-0.01076109
771,56126,2.0,12.0,10.0,1.0,1.0,0.0,-0.003222011,-0.003222011,0.20135848,0.1301427,-0.07121578,0.10156686,0.07168279,-0.02988407,0.12421009,0.0894308,-0.034779288,0.13582066,0.10455838,-0.03126228
772,56154,1.0,1.0,0.0,1.0,1.0,0.0,-0.0014826544,-0.0014826544,0.07501136,0.09421794,0.019206583,0.037004992,0.053273693,0.0162687,0.05504712,0.06093773,0.005890608,0.061732415,0.07150409,0.009771679
773,56269,1.0,1.0,0.0,2.0,7.0,5.0,-0.0027515441,-0.0027515441,-0.46147162,-0.55899096,-0.09751934,-0.029173406,-0.31487733,-0.28570393,-0.0627331,-0.34211427,-0.27938116,-0.13646361,-0.39600867,-0.25954506
774,56290,9.0,3.0,-6.0,6.0,3.0,-3.0,0.0058044866,0.0058044866,0.14312722,0.18112177,0.03799455,-0.05386852,0.23910543,0.29297397,-0.052170277,0.23430622,0.2864765,-0.029198462,0.25289348,0.28209195
775,56314,1.0,1.0,0.0,1.0,1.0,0.0,-0.0012501404,-0.0012501404,0.41460553,0.35568202,-0.058923513,0.18245484,0.21870992,0.036255077,0.18987228,0.22728074,0.037408456,0.2287026,0.25483486,0.026132256
776,56418,3.0,4.0,1.0,8.0,14.0,6.0,0.0010864101,0.0010864101,0.046731275,0.26302183,0.21629055,0.10860868,0.084557995,-0.024050683,0.116926156,0.08962104,-0.027305119,0.11787825,0.10760938,-0.0102688745
777,56454,1.0,1.0,0.0,5.0,2.0,-3.0,0.006171562,0.006171562,0.101310566,-0.046273783,-0.14758435,0.08010918,0.056182276,-0.023926903,0.05993566,0.033027038,-0.026908621,0.07143064,0.022392869,-0.04903777
778,56471,142.0,28.0,-114.0,120.0,76.0,-44.0,0.008929839,0.008929839,0.5294425,0.56435114,0.034908652,0.28226852,0.36889443,0.086625904,0.2844511,0.36203167,0.07758057,0.31890598,0.39266604,0.07376006
779,56670,1.0,3.0,2.0,1.0,1.0,0.0,-0.002695907,-0.002695907,-0.079406716,-0.06938359,0.0100231245,-0.016002579,-0.14639924,-0.13039666,-0.019645127,-0.15837735,-0.13873222,-0.02521419,-0.16178337,-0.13656917
780,56681,1.0,1.0,0.0,1.0,1.0,0.0,0.0006554313,0.0006554313,0.11529269,0.076729,-0.03856369,0.14087927,0.09475849,-0.046120785,0.1658458,0.11349278,-0.052353017,0.16873571,0.11442611,-0.0543096
781,56695,3.0,6.0,3.0,1.0,1.0,0.0,0.0002795048,0.0002795048,0.17090467,0.15924641,-0.011658251,0.067852736,-0.10833747,-0.1761902,0.0602167,-0.09696113,-0.15717784,0.07940947,-0.07134407,-0.15075354
782,56723,1.0,1.0,0.0,1.0,1.0,0.0,-0.0009242445,-0.0009242445,0.32892552,0.34528,0.016354471,0.09979912,-0.1822833,-0.2820824,0.09615758,-0.19762626,-0.29378384,0.14259586,-0.14462455,-0.28722042
783,56751,52.0,23.0,-29.0,13.0,3.0,-10.0,0.0075114276,0.0075114276,0.35731322,0.4041619,0.046848685,0.14541245,0.23157836,0.08616592,0.1498324,0.23534961,0.08551721,0.18631294,0.27227026,0.08595732
784,56782,22.0,12.0,-10.0,6.0,2.0,-4.0,0.0046472847,0.0046472847,0.2929233,0.31005526,0.017131954,-0.314573,0.1584561,0.47302908,-0.33352858,0.151209,0.48473758,-0.30672544,0.18611942,0.49284488
785,56784,67.0,30.0,-37.0,6.0,4.0,-2.0,0.008011539,0.008011539,0.007731227,-0.007562981,-0.015294208,-0.014776155,0.065446384,0.08022254,-0.017665265,0.050641757,0.06830702,-0.015129989,0.0433525,0.05848249
786,56850,2.0,4.0,2.0,1.0,1.0,0.0,0.0019574724,0.0019574724,-0.04315354,-0.07153101,-0.028377473,0.02931952,0.053859428,0.024539908,0.023432156,0.05801311,0.034580953,0.018571826,0.050333746,0.031761922
787,56867,3.0,7.0,4.0,4.0,2.0,-2.0,-0.0010525249,-0.0010525249,-0.26724952,-0.17684649,0.090403035,0.20836225,0.17979671,-0.02856554,0.2267015,0.21894217,-0.0077593327,0.19191255,0.2004428,0.008530259
788,56911,1.0,1.0,0.0,1.0,1.0,0.0,-0.0038262457,-0.0038262457,-0.16029057,-0.14335753,0.016933039,-0.09360794,-0.2235914,-0.12998345,-0.1134921,-0.24148057,-0.12798847,-0.12497944,-0.23973566,-0.11475623
789,56948,55.0,136.0,81.0,3.0,6.0,3.0,-0.0031194948,-0.0031194948,0.3795016,0.4300268,0.05052519,0.055920005,0.0818418,0.025921792,0.061512876,0.07624642,0.014733542,0.11971489,0.12645338,0.0067384914
790,57046,39.0,19.0,-20.0,5.0,3.0,-2.0,0.0049534515,0.0049534515,0.18701936,0.40493685,0.21791749,0.34052753,0.33017412,-0.010353416,0.35727993,0.33713114,-0.020148784,0.36776552,0.3619056,-0.0058599114
791,57060,1.0,1.0,0.0,2.0,2.0,0.0,-0.0036093406,-0.0036093406,0.6059827,0.5883187,-0.017664015,0.23161925,0.48439583,0.25277656,0.22677629,0.484375,0.2575987,0.317897,0.52178186,0.20388487
792,57435,3.0,3.0,0.0,1.0,3.0,2.0,0.0025527775,0.0025527775,-0.12720875,-0.12719867,1.0088086e-05,0.09389157,-0.028672203,-0.12256377,0.1072869,-0.0032376489,-0.11052455,0.09364803,-0.021759577,-0.11540761
793,57443,1.0,3.0,2.0,1.0,1.0,0.0,-0.0032502338,-0.0032502338,0.7912352,0.75710094,-0.03413427,0.60930675,0.5370339,-0.07227284,0.6334534,0.55375534,-0.079698086,0.67351085,0.5945715,-0.07893938
794,57478,37.0,24.0,-13.0,26.0,19.0,-7.0,0.007654693,0.007654693,0.13464211,0.2231366,0.088494495,0.17720653,0.0052949917,-0.17191154,0.13521858,-0.014007923,-0.1492265,0.14817394,0.021283722,-0.12689023
795,57542,3.0,6.0,3.0,1.0,1.0,0.0,-0.0060653277,-0.0060653277,-0.2889452,-0.37098047,-0.08203527,-0.17431132,-0.16694601,0.007365316,-0.14919782,-0.16077006,-0.011572242,-0.21856937,-0.25769266,-0.039123297
796,57553,11.0,4.0,-7.0,10.0,2.0,-8.0,0.006011665,0.006011665,0.1390937,0.12611233,-0.01298137,-0.10460073,-0.11404994,-0.009449214,-0.12263288,-0.124955274,-0.0023223907,-0.0938287,-0.09800512,-0.004176423
797,57648,187.0,96.0,-91.0,39.0,77.0,38.0,0.007942485,0.007942485,-0.15837643,-0.14037912,0.01799731,0.3955631,0.16329044,-0.23227265,0.41170922,0.1514815,-0.26022774,0.3913214,0.12474787,-0.26657352
798,57650,17.0,6.0,-11.0,8.0,7.0,-1.0,0.0072047524,0.0072047524,0.58654207,0.5118891,-0.07465297,0.2487374,0.33338985,0.08465245,0.26579413,0.33298576,0.06719163,0.31506407,0.36962476,0.05456069
799,57681,1.0,1.0,0.0,1.0,1.0,0.0,-0.004055448,-0.004055448,0.078574315,0.121594205,0.04301989,-0.06279883,-0.13050224,-0.06770341,-0.08366073,-0.14500545,-0.06134472,-0.06787522,-0.12283757,-0.054962352
800,57822,11.0,6.0,-5.0,1.0,1.0,0.0,0.00089595467,0.00089595467,0.49958336,0.43926105,-0.060322315,0.27884087,0.32419807,0.045357198,0.28218594,0.3324468,0.05026087,0.33615938,0.36705318,0.030893803
801,57838,1.0,1.0,0.0,1.0,1.0,0.0,-0.00609418,-0.00609418,0.7012624,0.7736707,0.07240826,0.6143616,0.53198993,-0.08237165,0.6136356,0.5264735,-0.08716208,0.653816,0.60068494,-0.053131044
802,57906,3.0,1.0,-2.0,1.0,1.0,0.0,0.006742399,0.006742399,0.07896491,0.060524184,-0.018440727,-0.0964424,-0.082909055,0.013533346,-0.13000596,-0.114014216,0.01599174,-0.11867998,-0.1026301,0.016049877
803,58096,14.0,73.0,59.0,14.0,32.0,18.0,-0.0048274063,-0.0048274063,-0.15671383,-0.2783857,-0.12167187,-0.14301468,-0.028576871,0.11443781,-0.13411033,-0.009215872,0.12489446,-0.15179108,-0.06653078,0.0852603
804,58144,1.0,1.0,0.0,2.0,1.0,-1.0,0.007619515,0.007619515,0.47130555,0.5001845,0.028878927,0.25037515,0.12419544,-0.12617971,0.23557836,0.114670426,-0.12090793,0.27772322,0.16828479,-0.109438434
805,58164,1.0,1.0,0.0,1.0,1.0,0.0,-0.002549231,-0.002549231,0.10093445,0.16170232,0.060767867,0.016217949,-0.108390264,-0.12460821,0.021303073,-0.10344638,-0.12474945,0.032794196,-0.08225061,-0.1150448
806,58187,2.0,3.0,1.0,2.0,3.0,1.0,0.0012031943,0.0012031943,0.2853759,0.20969905,-0.07567684,-0.06082981,0.100948945,0.16177875,-0.07160544,0.09641456,0.16802,-0.050862074,0.112952664,0.16381474
807,58404,1.0,1.0,0.0,1.0,1.0,0.0,-0.0036145635,-0.0036145635,0.2879402,0.28701088,-0.0009293258,0.040412027,0.15492508,0.114513054,0.042829286,0.16707842,0.12424913,0.077192485,0.19051392,0.11332144
808,58668,10.0,5.0,-5.0,6.0,3.0,-3.0,0.004438814,0.004438814,-0.19632141,-0.21458489,-0.018263474,-0.31085452,-0.3050144,0.0058401227,-0.33161333,-0.3083677,0.023245633,-0.32973364,-0.30876914,0.020964503
809,58681,1.0,1.0,0.0,2.0,2.0,0.0,0.013188396,0.013188396,-0.07767329,0.057251547,0.13492484,0.39435318,0.2481771,-0.14617608,0.39712796,0.25522012,-0.14190784,0.38430846,0.2488158,-0.13549265
810,59023,1.0,2.0,1.0,1.0,1.0,0.0,0.0021097362,0.0021097362,0.2291644,0.23674348,0.0075790733,-0.10959389,-0.11202371,-0.0024298206,-0.11503874,-0.121220544,-0.0061818063,-0.079058036,-0.08471309,-0.0056550503
811,59039,1.0,2.0,1.0,1.0,9.0,8.0,-0.00044114143,-0.00044114143,0.50745,0.5655598,0.05810982,0.3257153,0.36406633,0.03835103,0.31395915,0.32413402,0.0101748705,0.3448471,0.37619653,0.03134942
812,59046,2.0,6.0,4.0,3.0,2.0,-1.0,-0.007394936,-0.007394936,0.5090798,0.5146818,0.005602002,0.48353267,0.45979798,-0.023734689,0.5136657,0.47913855,-0.034527123,0.52455235,0.49477482,-0.029777527
813,59079,8.0,3.0,-5.0,1.0,1.0,0.0,0.0068463534,0.0068463534,0.4808048,0.6304513,0.14964652,0.35060892,0.23306939,-0.117539525,0.37347957,0.24585027,-0.12762931,0.4101281,0.3045252,-0.10560289
814,59091,3.0,6.0,3.0,6.0,2.0,-4.0,0.0024353154,0.0024353154,0.5586782,0.5238764,-0.03480178,0.3531431,0.49363503,0.14049193,0.3869195,0.5220731,0.13515359,0.4429973,0.5500418,0.10704449
815,59194,4.0,4.0,0.0,18.0,15.0,-3.0,0.0011838526,0.0011838526,-0.017245479,0.13723251,0.15447798,-0.0140828155,-0.07207724,-0.05799442,-0.04850971,-0.124988265,-0.076478556,-0.047566168,-0.06948822,-0.021922052
816,59284,151.0,119.0,-32.0,61.0,43.0,-18.0,0.006376572,0.006376572,0.25722146,0.12790972,-0.12931174,0.028781986,-0.009550329,-0.038332313,0.024880663,-0.024189817,-0.049070477,0.04851742,-0.011873851,-0.06039127
817,59419,20.0,7.0,-13.0,7.0,6.0,-1.0,0.007502023,0.007502023,0.27527443,0.15365821,-0.121616215,0.036459092,-0.031550486,-0.06800958,0.04254777,-0.023924783,-0.06647255,0.06829456,-0.0075675487,-0.07586211
818,59420,18.0,9.0,-9.0,4.0,6.0,2.0,0.0037301295,0.0037301295,0.093455635,0.060936455,-0.03251918,0.22244652,-0.16097206,-0.38341856,0.21533667,-0.11311268,-0.32844934,0.22348963,-0.10194475,-0.3254344
819,59585,23.0,16.0,-7.0,6.0,9.0,3.0,0.0028627776,0.0028627776,-0.010291903,0.0529072,0.0631991,-0.08161478,0.051334478,0.13294926,-0.098316066,0.03884987,0.13716593,-0.09570478,0.0429528,0.13865757
820,59595,2.0,2.0,0.0,1.0,1.0,0.0,0.004833646,0.004833646,-0.061767213,-0.069042146,-0.007274933,0.09860405,0.07180465,-0.026799403,0.12095046,0.08133988,-0.03961058,0.10308489,0.06343089,-0.039654
821,59631,4.0,1.0,-3.0,16.0,18.0,2.0,0.0014269352,0.0014269352,0.37428954,0.4062046,0.03191507,0.17760225,0.26438272,0.08678047,0.18055035,0.24144807,0.060897723,0.21336558,0.30127525,0.08790967
822,59699,111.0,106.0,-5.0,107.0,52.0,-55.0,0.0055732,0.0055732,0.027800484,0.18091479,0.1531143,0.30059838,0.07635045,-0.22424793,0.2971194,0.07978705,-0.21733236,0.29348266,0.09390484,-0.19957782
823,59817,3.0,3.0,0.0,1.0,1.0,0.0,-0.0023387857,-0.0023387857,0.13254414,0.1970121,0.06446795,0.16469109,0.20250294,0.037811846,0.20165029,0.31129777,0.10964748,0.22378512,0.34590796,0.12212284
824,59994,15.0,52.0,37.0,1.0,3.0,2.0,-0.0028478093,-0.0028478093,0.01040954,0.021794027,0.011384487,0.041555207,0.030291902,-0.011263305,0.024884738,0.025509859,0.0006251205,0.02598985,0.027228216,0.0012383666
825,60094,36.0,62.0,26.0,305.0,284.0,-21.0,-0.0011276584,-0.0011276584,0.36372125,0.3726314,0.008910149,0.14622639,0.22408158,0.077855185,0.12629622,0.2041549,0.07785867,0.15282024,0.24352546,0.090705216
826,60119,11.0,29.0,18.0,3.0,19.0,16.0,-0.0050715543,-0.0050715543,0.80470604,0.8425907,0.037884653,0.5412035,0.56662846,0.025424957,0.5352813,0.5748806,0.0395993,0.60813886,0.66448486,0.056346
827,60186,1.0,1.0,0.0,1.0,1.0,0.0,-0.0030787364,-0.0030787364,0.21542145,0.19046314,-0.024958313,-0.025980804,0.18561319,0.21159399,-0.038727056,0.17273511,0.21146217,-0.015216457,0.19524881,0.21046527
828,60251,1.0,1.0,0.0,1.0,1.0,0.0,-0.0024401695,-0.0024401695,0.8203707,0.85837215,0.038001478,0.59445256,0.6713892,0.07693666,0.6186625,0.7045835,0.08592105,0.659832,0.74547267,0.08564067
829,60305,1.0,1.0,0.0,1.0,1.0,0.0,0.0015368573,0.0015368573,-0.19530404,-0.23302762,-0.037723586,-0.08806474,-0.31833196,-0.23026723,-0.13272911,-0.3349059,-0.20217678,-0.15717214,-0.34694478,-0.18977264
830,60456,38.0,39.0,1.0,39.0,44.0,5.0,0.0005817637,0.0005817637,0.21381482,0.09949624,-0.11431859,-0.20633084,-0.19880961,0.007521227,-0.24574229,-0.24301149,0.0027308017,-0.20695202,-0.21416143,-0.0072094053
831,60505,1.0,1.0,0.0,1.0,2.0,1.0,-0.004066266,-0.004066266,0.29544616,0.26623577,-0.029210389,0.44526795,0.39070207,-0.054565877,0.46079046,0.43377292,-0.027017534,0.4638234,0.43315682,-0.03066659
832,60519,1.0,1.0,0.0,2.0,2.0,0.0,0.005109951,0.005109951,0.79374206,0.78691745,-0.0068246126,0.61776435,0.64865077,0.030886412,0.61307514,0.6571949,0.044119775,0.6880017,0.70728976,0.019288063
833,60553,1.0,1.0,0.0,1.0,1.0,0.0,-0.004821647,-0.004821647,-0.0734482,0.04857119,0.122019395,0.21655472,0.329398,0.11284329,0.22699957,0.34666225,0.11966269,0.20384428,0.33569577,0.1318515
834,60725,31.0,33.0,2.0,15.0,20.0,5.0,0.0018672533,0.0018672533,0.4844672,0.48789603,0.0034288168,0.23051137,0.41280442,0.18229306,0.21971141,0.41026682,0.19055541,0.27252188,0.434175,0.16165313
835,60834,4.0,2.0,-2.0,7.0,1.0,-6.0,0.010356408,0.010356408,0.082315676,0.12868331,0.046367638,-0.092025355,-0.04366443,0.048360925,-0.08215736,-0.04950301,0.03265435,-0.06873756,-0.030279895,0.038457662
836,60845,24.0,24.0,0.0,3.0,2.0,-1.0,0.0035344511,0.0035344511,0.5406322,0.5710136,0.030381441,0.20619945,0.37557045,0.169371,0.21704829,0.37692225,0.15987396,0.2746705,0.42326173,0.14859122
837,60867,2.0,2.0,0.0,1.0,1.0,0.0,-0.003081113,-0.003081113,0.33294377,0.30371827,-0.029225498,0.10727645,0.1382206,0.030944146,0.08293725,0.11726201,0.034324765,0.13012521,0.15256205,0.022436842
838,60978,43.0,22.0,-21.0,2.0,2.0,0.0,0.003992457,0.003992457,0.21319331,-0.15489377,-0.36808708,0.03355953,-0.036388982,-0.06994851,0.031423613,-0.055313244,-0.08673686,0.053217664,-0.072933346,-0.12615101
839,61122,12.0,46.0,34.0,1.0,2.0,1.0,-0.004239369,-0.004239369,0.29281497,0.34175116,0.04893619,0.0064494857,1.2190192e-05,-0.0064372956,0.007904572,-0.010433409,-0.018337982,0.05056581,0.05350996,0.0029441528
840,61133,22.0,22.0,0.0,10.0,11.0,1.0,0.00154287,0.00154287,0.54110694,0.5316584,-0.009448528,0.6088591,0.53344584,-0.07541329,0.61563826,0.53620887,-0.07942939,0.625631,0.5694211,-0.056209862
841,61177,1.0,1.0,0.0,1.0,1.0,0.0,-0.0016647503,-0.0016647503,0.24796571,0.30362853,0.055662826,0.18891999,0.1059822,-0.08293779,0.18115789,0.08872821,-0.092429675,0.20429662,0.12157367,-0.08272295
842,61216,60.0,214.0,154.0,32.0,37.0,5.0,-0.0036954246,-0.0036954246,-0.1397545,-0.071129486,0.06862502,0.10827839,0.08012275,-0.02815564,0.09806479,0.06971555,-0.028349236,0.084134266,0.061004654,-0.023129612
843,61510,7.0,4.0,-3.0,1.0,1.0,0.0,0.005413793,0.005413793,0.10464423,-0.2081842,-0.31282842,0.24919625,0.16471064,-0.084485605,0.20102257,0.111020066,-0.0900025,0.20645891,0.08045483,-0.12600408
844,61513,1.0,5.0,4.0,2.0,2.0,0.0,-0.0030907094,-0.0030907094,-0.27252197,-0.032600105,0.23992187,-0.064127035,-0.011224702,0.052902333,-0.082136795,-0.03450441,0.047632385,-0.11140553,-0.035626687,0.07577884
845,61677,2.0,5.0,3.0,2.0,2.0,0.0,-0.0013191253,-0.0013191253,0.0847239,-0.074123345,-0.15884724,0.18078469,0.4008372,0.22005253,0.18552512,0.39436358,0.20883846,0.19355537,0.38706943,0.19351406
846,61738,276.0,316.0,40.0,35.0,17.0,-18.0,0.0037616733,0.0037616733,0.43076125,0.3845514,-0.046209842,0.14839031,0.1981553,0.04976499,0.118204795,0.18409908,0.06589428,0.1706299,0.22760059,0.056970686
847,61748,1.0,1.0,0.0,1.0,1.0,0.0,-0.0049808696,-0.0049808696,0.4409206,0.5142173,0.073296726,0.6121353,0.549071,-0.06306428,0.6051805,0.5372428,-0.06793767,0.6229131,0.55664706,-0.06626606
848,61752,4.0,4.0,0.0,2.0,1.0,-1.0,0.0037607402,0.0037607402,0.20766605,0.13226551,-0.075400546,0.26412502,0.27651635,0.012391329,0.2582832,0.27545178,0.017168581,0.26297563,0.26856008,0.0055844486
849,61797,1.0,1.0,0.0,1.0,1.0,0.0,-0.0032352656,-0.0032352656,0.1394457,0.094230354,-0.045215353,-0.10273217,-0.117963456,-0.015231289,-0.09555458,-0.115601964,-0.020047382,-0.08374695,-0.10424121,-0.02049426
850,61801,47.0,118.0,71.0,86.0,154.0,68.0,-0.0022387877,-0.0022387877,0.019101333,0.104930274,0.085828945,0.28461677,0.2429747,-0.04164207,0.30431426,0.2647665,-0.03954774,0.30068424,0.26772043,-0.032963812
851,61809,17.0,7.0,-10.0,2.0,1.0,-1.0,0.0069545433,0.0069545433,0.5304348,0.5413546,0.010919809,0.2736822,0.28437135,0.010689139,0.26516962,0.2782814,0.01311177,0.32131088,0.33561462,0.014303744
852,61873,1.0,1.0,0.0,1.0,1.0,0.0,-0.005119998,-0.005119998,-0.008089972,-0.12227716,-0.11418719,0.28458118,0.28641477,0.0018335879,0.2963852,0.3020228,0.005637616,0.27622697,0.2693629,-0.006864071
853,61972,1.0,1.0,0.0,2.0,1.0,-1.0,-0.001958862,-0.001958862,0.52367926,0.41529828,-0.10838097,0.30600172,0.47872302,0.1727213,0.3223657,0.50250465,0.18013895,0.36119348,0.5212834,0.16008991
854,62006,1.0,1.0,0.0,1.0,1.0,0.0,-0.0018368736,-0.0018368736,0.38414228,0.485416,0.101273715,0.25444886,0.3121777,0.057728827,0.3077318,0.34929663,0.041564822,0.3339362,0.3861104,0.05217418
855,62015,10.0,7.0,-3.0,4.0,5.0,1.0,0.005082328,0.005082328,0.33832142,0.36412907,0.025807649,0.20490941,0.10004584,-0.10486358,0.1950336,0.08985966,-0.10517394,0.23203574,0.14396448,-0.08807126
856,62209,1.0,1.0,0.0,1.0,2.0,1.0,-0.006626487,-0.006626487,0.5117562,0.5197746,0.008018434,0.29959536,0.4661748,0.16657946,0.29494613,0.4675666,0.17262048,0.338098,0.49901322,0.16091523
857,62228,1.0,2.0,1.0,1.0,1.0,0.0,0.0024277456,0.0024277456,0.71260387,0.7225418,0.009937942,0.46416718,0.6418467,0.17767954,0.52630067,0.66313195,0.13683128,0.59127325,0.68571305,0.094439805
858,62275,61.0,102.0,41.0,75.0,67.0,-8.0,-0.0018082652,-0.0018082652,0.4095432,0.3430979,-0.06644529,0.06730135,0.25760102,0.19029967,0.06552693,0.26193252,0.19640559,0.10061402,0.28980777,0.18919376
859,62302,1.0,1.0,0.0,1.0,1.0,0.0,0.0044875145,0.0044875145,0.3680962,0.553544,0.18544778,0.5181848,0.6756185,0.15743375,0.5314265,0.68099797,0.14957148,0.5329018,0.69671476,0.16381294
860,62365,5.0,33.0,28.0,12.0,53.0,41.0,-0.0069478974,-0.0069478974,0.7558878,0.7668407,0.01095289,0.5857353,0.59431916,0.008583844,0.5902423,0.6043091,0.014066756,0.63441527,0.65698314,0.022567868
861,62479,32.0,46.0,14.0,19.0,4.0,-15.0,0.0047629103,0.0047629103,-0.0023706488,0.03130778,0.033678427,0.12914774,0.08715209,-0.041995645,0.1202016,0.0978849,-0.022316702,0.11543712,0.097881205,-0.017555915
862,62544,10.0,6.0,-4.0,5.0,4.0,-1.0,0.0073946454,0.0073946454,0.32685164,0.35737866,0.030527025,-0.103958815,-0.05478039,0.049178425,-0.08074696,0.00838511,0.08913207,-0.025872597,0.07433529,0.10020789
863,62561,10.0,13.0,3.0,1.0,2.0,1.0,-0.00084817037,-0.00084817037,0.70885056,0.7112103,0.002359748,0.6318607,0.5712104,-0.06065029,0.6543429,0.5949317,-0.059411168,0.68016344,0.6343085,-0.045854926
864,62683,1.0,1.0,0.0,1.0,1.0,0.0,-0.0013969466,-0.0013969466,0.0390617,0.0028031657,-0.036258534,-0.3064029,-0.29782203,0.0085808635,-0.3212073,-0.3058576,0.015349716,-0.3112905,-0.29828912,0.013001382
865,62748,3.0,4.0,1.0,5.0,6.0,1.0,-0.0010435022,-0.0010435022,-0.10035493,-0.059419706,0.040935226,-0.046850067,0.17657733,0.2234274,-0.041653063,0.21783336,0.2594864,-0.056444857,0.15001963,0.20646448
866,62960,8.0,17.0,9.0,1.0,2.0,1.0,-0.0056316927,-0.0056316927,0.22166616,0.320084,0.09841785,0.041440044,0.097911514,0.05647147,0.016473584,0.09745167,0.08097809,0.05489393,0.14684178,0.09194785
867,63081,1.0,3.0,2.0,1.0,1.0,0.0,-0.0043256283,-0.0043256283,-0.41425502,-0.42741606,-0.013161033,0.008418179,-0.020339243,-0.028757423,-0.008335543,-0.026885787,-0.018550243,-0.06993028,-0.09952159,-0.029591314
868,63182,3.0,7.0,4.0,2.0,1.0,-1.0,1.180917e-06,1.180917e-06,0.11481464,0.0857369,-0.029077739,-0.038588386,0.13089253,0.16948092,-0.034582358,0.13301763,0.16759999,-0.017667672,0.13308665,0.15075432
869,63345,2.0,2.0,0.0,1.0,1.0,0.0,-0.0017961822,-0.0017961822,0.45390365,0.1320248,-0.32187885,0.29648927,0.6020952,0.30560592,0.33957422,0.60989904,0.27032483,0.37249526,0.61541975,0.24292448
870,63449,2.0,4.0,2.0,6.0,4.0,-2.0,0.0023520663,0.0023520663,0.29095325,-0.00014117404,-0.29109442,0.23058556,-0.039329823,-0.26991537,0.23129597,-0.059349246,-0.2906452,0.2618615,-0.0581434,-0.3200049
871,63746,4.0,2.0,-2.0,4.0,4.0,0.0,0.0074256994,0.0074256994,0.07083411,0.061502904,-0.009331204,0.11161068,-0.17097671,-0.2825874,0.1470253,-0.16719954,-0.31422484,0.15165184,-0.15370049,-0.30535233
872,63781,2.0,8.0,6.0,2.0,2.0,0.0,-0.0036016554,-0.0036016554,-0.00047302793,-0.08479332,-0.08432029,0.090697296,0.13941948,0.048722185,0.103158124,0.15650897,0.053350843,0.09800159,0.14018168,0.042180084
873,63825,15.0,34.0,19.0,2.0,1.0,-1.0,-0.0029436275,-0.0029436275,0.67726314,0.67423755,-0.0030255914,0.67104477,0.5838822,-0.087162554,0.686721,0.60119134,-0.085529685,0.69395953,0.62198985,-0.07196969
874,63922,37.0,52.0,15.0,9.0,3.0,-6.0,0.0011312962,0.0011312962,-0.162457,0.24000764,0.40246463,0.092169896,-0.16312936,-0.25529927,0.09713772,-0.1489893,-0.24612702,0.08370487,-0.12912557,-0.21283042
875,63931,1.0,1.0,0.0,1.0,1.0,0.0,-0.0029690564,-0.0029690564,-0.013423888,0.0038109939,0.017234882,-0.097613804,-0.0007934113,0.09682039,-0.06719581,0.017658858,0.08485467,-0.06660922,0.017625527,0.084234744
876,63944,4.0,15.0,11.0,13.0,12.0,-1.0,-0.0022515059,-0.0022515059,0.15154076,-0.046030387,-0.19757114,0.20312634,0.15589552,-0.047230825,0.21560481,0.11737805,-0.09822676,0.22447518,0.105572656,-0.11890252
877,64004,1.0,1.0,0.0,1.0,1.0,0.0,0.009427924,0.009427924,-0.14686424,-0.22725882,-0.08039458,0.0067470027,-0.09378353,-0.10053053,0.003003572,-0.0901534,-0.09315698,-0.017807929,-0.114717215,-0.096909285
878,64096,9.0,14.0,5.0,36.0,86.0,50.0,-0.004194295,-0.004194295,0.44263893,0.5000557,0.057416737,0.036363374,0.18905169,0.15268831,0.050915323,0.19148907,0.14057374,0.100408345,0.2461213,0.14571296
879,64295,2.0,4.0,2.0,1.0,1.0,0.0,-0.0016784966,-0.0016784966,0.24654667,0.13429525,-0.112251416,0.29088813,0.15190147,-0.13898666,0.25972193,0.14331235,-0.116409585,0.2979728,0.1530136,-0.1449592
880,64483,37.0,103.0,66.0,6.0,9.0,3.0,-0.0047355704,-0.0047355704,0.20023333,0.1707508,-0.029482529,0.015123786,-0.008426048,-0.023549834,-0.020113703,-0.054899365,-0.03478566,0.0011600986,-0.030745255,-0.031905353
881,64498,1.0,14.0,13.0,26.0,49.0,23.0,-0.006670147,-0.006670147,0.060489953,0.15458575,0.0940958,-0.07631725,-0.09807758,-0.02176033,-0.07653449,-0.08652228,-0.009987794,-0.06551195,-0.06380455,0.0017073974
882,64615,25.0,16.0,-9.0,3.0,3.0,0.0,0.0030355603,0.0030355603,0.19156379,0.20068936,0.009125575,0.23708425,0.28975648,0.052672222,0.24686296,0.29769826,0.050835297,0.2642888,0.30210975,0.037820935
883,64621,20.0,13.0,-7.0,5.0,3.0,-2.0,0.0021279082,0.0021279082,-0.21759352,-0.14667256,0.07092096,0.035785407,-0.009567763,-0.04535317,0.03233365,-0.017943276,-0.050276928,0.0031336474,-0.038317773,-0.04145142
884,64687,1.0,2.0,1.0,3.0,3.0,0.0,-0.0006266199,-0.0006266199,0.21884644,0.07966015,-0.1391863,0.06673859,-0.08453075,-0.15126935,0.029657107,-0.11243399,-0.1420911,0.05501024,-0.08557462,-0.14058486
885,64771,9.0,16.0,7.0,13.0,29.0,16.0,0.00058827177,0.00058827177,0.3592689,0.3110256,-0.048243314,0.29347962,0.25715354,-0.03632608,0.29746425,0.27773365,-0.019730598,0.31833217,0.29142377,-0.026908398
886,64867,2.0,2.0,0.0,9.0,8.0,-1.0,0.0013859794,0.0013859794,0.3821109,0.2838156,-0.0982953,0.089035526,0.07604778,-0.012987748,0.08543322,0.067424126,-0.018009096,0.13925253,0.102992214,-0.036260314
887,64880,35.0,38.0,3.0,12.0,6.0,-6.0,0.0049692504,0.0049692504,-0.12021526,-0.05895686,0.061258398,-0.078691,0.09098205,0.16967306,-0.059365433,0.07544191,0.13480735,-0.0726523,0.06555194,0.13820425
888,64893,393.0,536.0,143.0,12.0,34.0,22.0,9.749085e-06,9.749085e-06,0.13252084,0.22951443,0.096993595,0.13904288,0.0956636,-0.043379284,0.12876125,0.09261891,-0.036142334,0.1353023,0.11429182,-0.021010488
889,64979,75.0,61.0,-14.0,37.0,31.0,-6.0,0.0016453825,0.0016453825,0.54009324,0.57263404,0.0325408,0.14909713,0.26766235,0.11856522,0.15164763,0.28314978,0.13150215,0.21423376,0.34465405,0.1304203
890,65010,1.0,1.0,0.0,1.0,1.0,0.0,0.0032299124,0.0032299124,0.44977936,0.49281207,0.043032706,0.2577893,0.2894148,0.03162548,0.26468456,0.30283153,0.038146973,0.29943347,0.34368634,0.044252872
891,65069,1.0,1.0,0.0,1.0,1.0,0.0,-0.0006701201,-0.0006701201,0.05065821,-0.0399433,-0.09060151,0.16760448,0.086892456,-0.08071202,0.1477886,0.07126165,-0.07652695,0.1463432,0.06369378,-0.082649425
892,65148,1.0,2.0,1.0,1.0,1.0,0.0,0.00077376515,0.00077376515,0.70574826,0.68783027,-0.01791799,0.6803831,0.5024787,-0.17790437,0.688558,0.51428777,-0.17427021,0.7082326,0.5522487,-0.15598387
893,65187,72.0,48.0,-24.0,2.0,2.0,0.0,0.0049681067,0.0049681067,0.21771237,0.23609611,0.018383741,0.13479199,0.05208937,-0.082702614,0.14214475,0.05488873,-0.08725603,0.1617912,0.08566573,-0.07612547
894,65232,4.0,1.0,-3.0,3.0,3.0,0.0,0.0031260252,0.0031260252,0.3001277,0.10357094,-0.19655678,0.05664837,0.23958606,0.18293768,0.0717106,0.24943276,0.17772216,0.09053783,0.24531719,0.15477936
895,65253,94.0,204.0,110.0,292.0,179.0,-113.0,0.00030318834,0.00030318834,-0.046508655,0.19489111,0.24139977,-0.04182936,0.30406052,0.34588987,-0.03107806,0.32235172,0.3534298,-0.034302495,0.32954383,0.36384633
896,65267,5.0,4.0,-1.0,1.0,1.0,0.0,0.0021075755,0.0021075755,0.6361739,0.57442814,-0.061745763,0.39934286,0.27433735,-0.12500551,0.39961076,0.29224792,-0.10736284,0.44369522,0.3571622,-0.08653301
897,65376,1.0,2.0,1.0,3.0,2.0,-1.0,-0.0008695163,-0.0008695163,0.21244466,0.053308226,-0.15913644,0.041983534,-0.15309381,-0.19507734,-0.009276254,-0.1990803,-0.18980405,0.007524459,-0.18481717,-0.19234163
898,65414,1.0,1.0,0.0,1.0,1.0,0.0,-5.0611794e-05,-5.0611794e-05,0.38397127,0.485338,0.10136673,0.23736466,0.15017574,-0.08718893,0.24902904,0.16115092,-0.08787812,0.28974703,0.21911126,-0.070635766
899,65445,25.0,15.0,-10.0,52.0,31.0,-21.0,0.006944444,0.006944444,0.59139663,0.57205504,-0.019341588,0.54308397,0.49819696,-0.044887006,0.5467095,0.49632615,-0.05038333,0.566836,0.52988714,-0.03694886
900,65639,1.0,1.0,0.0,1.0,1.0,0.0,-0.004934933,-0.004934933,0.021473682,-0.023252245,-0.044725925,0.014265954,0.006021087,-0.0082448665,0.0142241325,0.00455801,-0.0096661225,0.016092619,-0.00041947814,-0.016512098
901,65654,18.0,9.0,-9.0,6.0,3.0,-3.0,0.0055173486,0.0055173486,0.113433026,0.10047815,-0.012954876,-0.024334373,0.0028633834,0.027197756,-0.017758625,0.009810598,0.027569223,0.0066750776,0.027178073,0.020502996
902,65686,41.0,87.0,46.0,17.0,37.0,20.0,-0.0052949265,-0.0052949265,0.18387161,0.2574868,0.07361518,0.019883467,0.08536524,0.065481775,0.03004856,0.072217956,0.042169396,0.057985455,0.10743787,0.049452417
903,65769,4.0,4.0,0.0,2.0,1.0,-1.0,0.0040072203,0.0040072203,0.12726313,0.15277737,0.025514245,0.20890115,0.27351296,0.06461181,0.21009222,0.28218168,0.07208946,0.21405737,0.2873752,0.07331784
904,65799,3.0,6.0,3.0,1.0,2.0,1.0,-0.003440056,-0.003440056,0.24879877,0.35328946,0.10449068,0.33582774,0.335162,-0.0006657243,0.35151964,0.35151383,-5.811453e-06,0.35866368,0.36987296,0.011209279
905,65821,4.0,3.0,-1.0,1.0,1.0,0.0,0.005664762,0.005664762,-0.06482867,0.061138123,0.12596679,0.009366538,-0.08780054,-0.097167075,-0.0050834287,-0.102293886,-0.09721046,-0.018045846,-0.09099315,-0.07294731
906,65872,2.0,2.0,0.0,1.0,1.0,0.0,0.005090814,0.005090814,0.28977558,0.3085621,0.01878652,0.20123103,0.08541393,-0.1158171,0.19958596,0.08658152,-0.11300444,0.23196976,0.12846985,-0.103499904
907,65920,7.0,3.0,-4.0,7.0,7.0,0.0,0.0038240515,0.0038240515,-0.06271778,-0.18473527,-0.12201749,0.18246758,0.030779256,-0.15168832,0.24248593,0.11509905,-0.12738687,0.23032862,0.08179251,-0.14853612
908,65943,29.0,19.0,-10.0,31.0,6.0,-25.0,0.0056342185,0.0056342185,0.38728046,0.28895894,-0.09832153,0.25977564,0.44685617,0.18708053,0.28262037,0.491431,0.20881063,0.32055104,0.50022143,0.1796704
909,66004,1.0,2.0,1.0,1.0,1.0,0.0,-0.0029797442,-0.0029797442,0.08753138,0.079017825,-0.008513555,0.16377388,0.17548154,0.011707664,0.16027403,0.15159924,-0.0086747855,0.16443537,0.15426137,-0.010174006
910,66214,8.0,8.0,0.0,2.0,1.0,-1.0,0.00255239,0.00255239,-0.10097624,-0.086462036,0.014514208,-0.07380029,-0.10986012,-0.036059834,-0.07978688,-0.10549994,-0.025713056,-0.083872385,-0.10767634,-0.023803957
911,66216,5.0,9.0,4.0,1.0,2.0,1.0,-0.0008592531,-0.0008592531,0.12353263,0.03696111,-0.08657152,0.27931663,0.0064316653,-0.27288496,0.30217943,-0.013819504,-0.31599894,0.31888312,-0.00764089,-0.32652402
912,66278,1.0,1.0,0.0,1.0,1.0,0.0,-0.00050745904,-0.00050745904,0.49622467,0.46098948,-0.035235196,0.47667757,0.5946558,0.117978245,0.4735939,0.56368095,0.090087056,0.50165987,0.57696307,0.0753032
913,66330,6.0,26.0,20.0,1.0,2.0,1.0,-0.008038312,-0.008038312,0.22905932,0.20699124,-0.022068083,-0.26492733,0.37041703,0.6353444,-0.23071268,0.3671523,0.597865,-0.111491054,0.3638277,0.47531876
914,66342,1.0,2.0,1.0,1.0,8.0,7.0,-0.0041823015,-0.0041823015,0.32975873,0.40680975,0.07705101,0.18077934,0.05270012,-0.12807922,0.18914132,0.07123326,-0.11790806,0.21746264,0.113343835,-0.10411881
915,66421,150.0,44.0,-106.0,32.0,14.0,-18.0,0.009035632,0.009035632,-0.09313438,-0.19792607,-0.10479169,0.013837934,-0.012127219,-0.025965152,0.017245565,-0.051408637,-0.0686542,0.00899186,-0.098349385,-0.107341245
916,66464,10.0,4.0,-6.0,3.0,3.0,0.0,0.0065225475,0.0065225475,0.1823076,0.15350442,-0.028803185,-0.11715087,0.095162354,0.21231323,-0.12770753,0.10300865,0.23071617,-0.10607133,0.11565019,0.22172153
917,66479,83.0,33.0,-50.0,14.0,4.0,-10.0,0.00575798,0.00575798,0.5686191,0.6350896,0.066470504,0.17289348,0.40108052,0.22818704,0.23774703,0.42994705,0.19220002,0.346109,0.4904883,0.14437929
918,66489,18.0,21.0,3.0,25.0,32.0,7.0,-0.0021425355,-0.0021425355,0.120072775,0.14704846,0.026975684,0.014877366,0.04735478,0.032477416,0.0123908315,0.0498223,0.03743147,0.027567,0.06524377,0.037676774
919,66580,5.0,5.0,0.0,1.0,1.0,0.0,-0.00098202,-0.00098202,0.017146578,0.056080177,0.038933598,-0.047988605,-0.0523972,-0.004408594,-0.054851644,-0.04286683,0.011984814,-0.050397158,-0.034296416,0.016100742
920,66643,2.0,5.0,3.0,2.0,2.0,0.0,-0.00215384,-0.00215384,0.42079708,0.4439152,0.023118109,0.4281693,0.08156082,-0.3466085,0.43605566,0.07885032,-0.35720533,0.44746938,0.12791511,-0.31955427
921,66773,1.0,1.0,0.0,1.0,1.0,0.0,-0.00022570044,-0.00022570044,0.1568098,0.11208415,-0.044725657,0.0088517,-0.0960052,-0.1048569,-0.023006583,-0.13297428,-0.1099677,-0.004803736,-0.11480076,-0.10999702
922,66836,1.0,1.0,0.0,1.0,1.0,0.0,-0.004028417,-0.004028417,0.5158301,0.53033006,0.014499962,0.5063794,0.57277954,0.06640011,0.52060574,0.5685219,0.047916174,0.53789043,0.57434154,0.0364511
923,66946,1.0,1.0,0.0,70.0,39.0,-31.0,0.004855782,0.004855782,0.19756138,0.20996954,0.012408152,0.47870287,0.12271818,-0.3559847,0.48870775,0.14707723,-0.34163052,0.49557918,0.1586546,-0.33692458
924,66976,3.0,21.0,18.0,1.0,1.0,0.0,-0.006364949,-0.006364949,0.15785086,0.18477201,0.026921153,0.18825656,0.045748863,-0.1425077,0.22746064,0.06569103,-0.1617696,0.23459296,0.08084616,-0.1537468
925,67045,1.0,1.0,0.0,1.0,1.0,0.0,0.0020569563,0.0020569563,0.3841357,0.4025792,0.018443495,0.26147708,0.24914452,-0.012332559,0.27604407,0.24625662,-0.029787451,0.31034788,0.28528363,-0.02506426
926,67113,2.0,2.0,0.0,1.0,2.0,1.0,-0.0006442033,-0.0006442033,0.6910455,0.6416197,-0.04942584,0.48575017,0.5632054,0.07745525,0.51068175,0.5839402,0.07325846,0.5545931,0.61232907,0.05773598
927,67168,5.0,14.0,9.0,1.0,1.0,0.0,-0.0035646558,-0.0035646558,0.4181488,0.2792838,-0.138865,0.0014218958,0.13876854,0.13734664,-0.001654625,0.103059694,0.10471432,0.038674362,0.13527694,0.09660258
928,67204,6.0,3.0,-3.0,1.0,1.0,0.0,0.0021817312,0.0021817312,0.27319145,0.15480392,-0.118387535,0.047435053,0.14557825,0.0981432,0.0342594,0.15617403,0.12191463,0.06269153,0.1618251,0.09913357
929,67237,1.0,3.0,2.0,2.0,4.0,2.0,-0.0076212026,-0.0076212026,0.07600377,0.19380303,0.11779926,0.04271658,0.12931994,0.08660336,0.05804773,0.1490076,0.09095988,0.065235466,0.16449195,0.099256486
930,67252,3.0,2.0,-1.0,10.0,11.0,1.0,0.006761875,0.006761875,0.28691062,0.34290186,0.055991232,-0.08484475,0.29457417,0.3794189,-0.1151966,0.29084957,0.40604615,-0.08499265,0.30753407,0.39252672
931,67295,23.0,1.0,-22.0,6.0,4.0,-2.0,0.010970969,0.010970969,-0.16900526,-0.2145858,-0.045580536,0.013210243,0.05583357,0.042623326,0.012311984,0.08253347,0.07022148,-0.007852058,0.05150084,0.059352897
932,67363,2.0,2.0,0.0,1.0,1.0,0.0,0.00066980347,0.00066980347,0.09884106,0.13967898,0.04083792,0.042202216,0.004497186,-0.03770503,0.045997716,-0.009911065,-0.05590878,0.05652618,0.01034379,-0.04618239
933,67742,6.0,3.0,-3.0,1.0,1.0,0.0,0.0045761503,0.0045761503,0.06785262,0.12693997,0.05908735,0.045592774,0.11252209,0.06692931,0.04352887,0.115228474,0.071699604,0.05178242,0.12907995,0.07729753
934,67802,2.0,2.0,0.0,4.0,3.0,-1.0,-0.0014293343,-0.0014293343,0.23729959,0.18323293,-0.054066658,0.14928462,0.17207585,0.022791237,0.17659107,0.19163974,0.015048668,0.19491294,0.204981,0.010068059
935,67829,23.0,49.0,26.0,1.0,1.0,0.0,-0.0020171516,-0.0020171516,0.22262257,0.11285454,-0.10976803,0.3356306,0.31283018,-0.022800416,0.3515274,0.30601633,-0.045511067,0.3568127,0.30682337,-0.049989313
936,68023,209.0,175.0,-34.0,37.0,79.0,42.0,0.000745086,0.000745086,0.8518007,0.833885,-0.017915666,0.5714004,0.6510582,0.07965779,0.581648,0.6400656,0.05841762,0.6344601,0.6899667,0.055506587
937,68168,29.0,16.0,-13.0,3.0,1.0,-2.0,0.00674019,0.00674019,0.07169674,0.2772433,0.20554654,-0.051809598,-0.010643882,0.041165717,-0.079083875,-0.028785413,0.05029846,-0.06606582,0.011799467,0.07786529
938,68278,4.0,5.0,1.0,1.0,1.0,0.0,0.0031989329,0.0031989329,0.3519979,0.3760998,0.024101883,0.10752464,0.3156368,0.20811218,0.09752689,0.33121583,0.23368894,0.13199063,0.3653905,0.23339988
939,68311,1.0,1.0,0.0,1.0,1.0,0.0,-0.0017759614,-0.0017759614,-0.07678303,-0.04188659,0.03489644,-0.08590751,-0.042788286,0.043119226,-0.10904207,-0.055566374,0.053475697,-0.1110578,-0.057146728,0.053911075
940,68339,14.0,9.0,-5.0,8.0,8.0,0.0,0.0014726184,0.0014726184,-0.053971063,-0.012867312,0.04110375,-0.28265187,-0.15945181,0.12320006,-0.28430927,-0.16735075,0.116958514,-0.27519476,-0.16298719,0.11220758
941,68418,1.0,1.0,0.0,1.0,1.0,0.0,-0.0022982694,-0.0022982694,0.17350246,0.11669744,-0.056805022,0.07241217,0.059305236,-0.013106935,0.073493436,0.05156844,-0.021924995,0.08802,0.06867876,-0.019341238
942,68471,1.0,1.0,0.0,1.0,1.0,0.0,0.00036624447,0.00036624447,0.31189898,0.34795454,0.036055565,-0.012278287,0.102579676,0.114857964,-0.024176368,0.07554123,0.099717595,0.033315424,0.13460045,0.101285025
943,68741,1.0,1.0,0.0,1.0,1.0,0.0,-0.0066592917,-0.0066592917,0.6626305,0.6408681,-0.021762371,0.49835625,0.49257484,-0.005781412,0.5024304,0.51184195,0.009411573,0.5441989,0.5556904,0.011491537
944,68814,1.0,1.0,0.0,1.0,1.0,0.0,-0.0031482093,-0.0031482093,0.3188186,0.41925484,0.10043624,0.052843705,0.12321152,0.07036781,0.05260051,0.13115178,0.07855127,0.09191287,0.1813325,0.089419626
945,68842,2.0,1.0,-1.0,1.0,1.0,0.0,0.0028756298,0.0028756298,0.78679836,0.780923,-0.005875349,0.6771032,0.6825588,0.0054555535,0.70508844,0.71028554,0.005197108,0.73972774,0.7388994,-0.00082832575
946,68858,12.0,10.0,-2.0,7.0,6.0,-1.0,0.0059648044,0.0059648044,0.35228497,0.30839565,-0.043889314,0.08308947,0.3012355,0.21814603,0.08203954,0.30188352,0.21984398,0.12714076,0.31496322,0.18782246
947,68897,1.0,1.0,0.0,1.0,1.0,0.0,-0.0035188943,-0.0035188943,-0.0018157216,-0.012221175,-0.010405454,0.007300637,0.10017088,0.09287024,0.0074268742,0.113745354,0.10631848,0.0069761313,0.10902509,0.10204896
948,69007,27.0,60.0,33.0,11.0,15.0,4.0,-0.0012361556,-0.0012361556,0.368405,0.27522415,-0.093180865,0.16376163,0.00048341104,-0.16327822,0.18990915,0.038996667,-0.15091248,0.22835867,0.07839626,-0.14996241
949,69025,21.0,51.0,30.0,12.0,13.0,1.0,0.000337746,0.000337746,0.20357981,0.24596359,0.042383775,0.29948664,0.16092812,-0.13855852,0.2739287,0.18913434,-0.08479436,0.28892905,0.20968355,-0.07924549
950,69030,373.0,629.0,256.0,265.0,515.0,250.0,-0.002490866,-0.002490866,-0.07624778,-0.19948773,-0.12323995,-0.192214,-0.16442052,0.027793482,-0.21582396,-0.1905816,0.025242358,-0.21366446,-0.2012143,0.012450159
951,69130,1.0,1.0,0.0,1.0,1.0,0.0,0.004272815,0.004272815,0.16260073,0.15616095,-0.006439775,0.32165346,0.13792083,-0.18373263,0.3280473,0.16396038,-0.16408692,0.31886083,0.1688771,-0.14998373
952,69214,1.0,1.0,0.0,1.0,1.0,0.0,-5.0358474e-05,-5.0358474e-05,0.69816315,0.6988363,0.00067317486,0.5151431,0.5273128,0.012169719,0.52518654,0.55830204,0.033115506,0.60859257,0.6097762,0.001183629
953,69240,10.0,11.0,1.0,1.0,1.0,0.0,0.00026805326,0.00026805326,0.4313469,0.52896994,0.09762305,0.6046985,0.59493685,-0.0097616315,0.6545636,0.64341533,-0.011148274,0.66004604,0.65002143,-0.010024607
954,69442,1.0,4.0,3.0,2.0,2.0,0.0,-0.012874629,-0.012874629,-0.06694741,-0.056550812,0.010396596,0.01655967,-0.021923108,-0.038482778,-0.0026665516,-0.03635922,-0.03369267,-0.012687385,-0.040359687,-0.027672302
955,69502,9.0,6.0,-3.0,1.0,1.0,0.0,0.0017131753,0.0017131753,0.15674143,-0.036914807,-0.19365624,0.3205709,0.09278272,-0.22778817,0.33641037,0.09448827,-0.24192211,0.34515327,0.08431795,-0.26083532
956,69614,8.0,5.0,-3.0,2.0,1.0,-1.0,0.0039000511,0.0039000511,0.43353707,0.41348612,-0.020050943,0.1711518,0.11057039,-0.06058141,0.16999741,0.103543326,-0.06645408,0.23366928,0.15597612,-0.077693164
957,69616,279.0,298.0,19.0,306.0,301.0,-5.0,0.00311297,0.00311297,-0.011228821,0.07690231,0.08813113,0.11470904,0.028846068,-0.08586297,0.10264977,0.002751415,-0.09989835,0.096758395,0.010180718,-0.086577676
958,69785,61.0,29.0,-32.0,77.0,75.0,-2.0,0.0047282316,0.0047282316,0.0064314203,-0.0797204,-0.08615182,-0.014725937,0.09037624,0.10510218,-0.017464614,0.072431244,0.08989586,-0.015877655,0.058614664,0.07449232
959,69813,1.0,1.0,0.0,1.0,1.0,0.0,-0.0032635927,-0.0032635927,0.50073004,0.49392635,-0.0068036914,0.20931782,0.30726296,0.09794514,0.22946708,0.3156944,0.08622731,0.3370717,0.36519188,0.02812019
960,69831,47.0,70.0,23.0,15.0,34.0,19.0,0.00017863326,0.00017863326,-0.32513008,-0.23262809,0.09250198,-0.010525102,0.1572445,0.16776961,-0.026260026,0.15450098,0.18076101,-0.055028286,0.13023697,0.18526526
961,69839,155.0,198.0,43.0,17.0,41.0,24.0,-0.0009718407,-0.0009718407,0.15185104,0.08005841,-0.07179263,-0.04294265,0.100210175,0.14315283,-0.0346544,0.09637942,0.13103382,-0.019571036,0.101368934,0.12093997
962,69854,3.0,14.0,11.0,1.0,1.0,0.0,-0.0026224293,-0.0026224293,-0.22635822,0.15976357,0.3861218,-0.30112523,0.26352784,0.56465304,-0.31737483,0.25510252,0.57247734,-0.3265799,0.26159093,0.5881708
963,69918,4.0,2.0,-2.0,8.0,5.0,-3.0,0.008770242,0.008770242,-0.050664056,0.32383558,0.37449965,-0.14361532,-0.14888592,-0.0052706003,-0.1417471,-0.13105683,0.010690272,-0.14183004,-0.093030885,0.048799157
964,70038,9.0,6.0,-3.0,22.0,8.0,-14.0,0.004613973,0.004613973,0.23506862,0.3464307,0.11136207,0.42348668,0.5374714,0.113984734,0.41421613,0.53241724,0.11820111,0.41389793,0.53366965,0.11977172
965,70075,1.0,1.0,0.0,1.0,1.0,0.0,0.0029879548,0.0029879548,0.3022941,0.3462371,0.043942988,0.19660535,0.23822023,0.041614875,0.21067706,0.23336825,0.02269119,0.23813072,0.27076298,0.03263226
966,70095,3.0,3.0,0.0,2.0,1.0,-1.0,-0.0015120059,-0.0015120059,0.53612053,0.4689828,-0.06713775,0.1438182,0.23873074,0.094912544,0.13211152,0.21561384,0.08350232,0.20194554,0.275032,0.07308647
967,70193,10.0,4.0,-6.0,37.0,46.0,9.0,0.0030211993,0.0030211993,0.5010387,0.5121195,0.0110808015,0.119771585,0.42244285,0.30267125,0.12166266,0.44169727,0.32003462,0.20915149,0.48615918,0.2770077
968,70232,8.0,5.0,-3.0,1.0,1.0,0.0,0.0023863316,0.0023863316,0.38041836,0.38194057,0.0015222132,0.03637935,0.081478864,0.045099515,-0.0010214286,0.019875132,0.02089656,0.038387336,0.06844513,0.030057795
969,70335,1.0,1.0,0.0,1.0,1.0,0.0,0.011094809,0.011094809,-0.050257944,-0.048516568,0.0017413758,-0.0027800319,0.15752883,0.16030887,-0.014794636,0.13696177,0.1517564,-0.019645633,0.12368095,0.14332658
970,70360,1.0,1.0,0.0,1.0,1.0,0.0,0.001639016,0.001639016,0.5816658,0.51985276,-0.061813056,0.52722436,0.41385424,-0.11337012,0.530027,0.40359873,-0.12642825,0.5545237,0.4438225,-0.1107012
971,70368,8.0,9.0,1.0,2.0,2.0,0.0,0.0017608851,0.0017608851,0.022367364,0.051032595,0.028665232,0.016309604,0.07859759,0.062287986,0.0009002957,0.030133069,0.029232772,0.0048718248,0.03651138,0.031639554
972,70427,1.0,2.0,1.0,2.0,1.0,-1.0,0.002176769,0.002176769,0.5181127,0.5550042,0.03689146,0.3266381,0.39263156,0.06599346,0.333048,0.39871427,0.06566629,0.38928482,0.4452303,0.055945486
973,70505,10.0,22.0,12.0,4.0,7.0,3.0,-0.0004156381,-0.0004156381,0.40437412,0.41045114,0.0060770214,0.19314045,0.20655592,0.013415471,0.18377608,0.19487117,0.011095092,0.21875164,0.23707211,0.018320471
974,70585,1.0,1.0,0.0,5.0,2.0,-3.0,0.002926696,0.002926696,0.1147821,0.26737916,0.15259707,0.15694284,0.34535182,0.18840897,0.14471476,0.3528079,0.20809315,0.14819522,0.35827598,0.21008076
975,70589,2.0,3.0,1.0,1.0,2.0,1.0,-0.002945777,-0.002945777,0.19498843,0.36632907,0.17134064,0.3730024,0.06657354,-0.30642888,0.38147897,0.057720505,-0.32375845,0.38104177,0.09540643,-0.28563535
976,70671,13.0,6.0,-7.0,1.0,1.0,0.0,0.001847744,0.001847744,-0.037195507,0.080571674,0.117767185,0.07359466,0.10981131,0.036216654,0.059106898,0.094120465,0.035013568,0.054828953,0.098199196,0.043370243
977,70758,1.0,5.0,4.0,3.0,1.0,-2.0,-0.00055817515,-0.00055817515,0.18377355,0.235883,0.05210945,0.32529807,0.13120219,-0.19409588,0.31354335,0.112804316,-0.20073903,0.32673484,0.12884122,-0.19789362
978,70764,1.0,1.0,0.0,1.0,1.0,0.0,0.0049275123,0.0049275123,0.71983206,0.72608405,0.006251991,0.4355114,0.5901955,0.15468407,0.47631195,0.6149378,0.13862583,0.55422825,0.66716826,0.11294001
979,70947,23.0,14.0,-9.0,2.0,1.0,-1.0,0.0036135614,0.0036135614,0.044764705,0.044610765,-0.00015394017,-0.023356965,-0.07160324,-0.048246272,0.01569859,-0.05545401,-0.0711526,0.019600375,-0.040487178,-0.060087554
980,71025,15.0,1.0,-14.0,17.0,7.0,-10.0,0.007201582,0.007201582,0.5064133,0.43497667,-0.071436614,0.28895533,0.44434792,0.15539259,0.30990687,0.46530828,0.15540141,0.36031356,0.47232535,0.11201179
981,71186,8.0,6.0,-2.0,3.0,4.0,1.0,0.0047774576,0.0047774576,0.3438705,0.5301879,0.18631741,0.29921794,0.3415356,0.04231766,0.2936835,0.32674867,0.03306517,0.33664063,0.3701277,0.03348708
982,71229,1.0,1.0,0.0,1.0,1.0,0.0,-0.00301072,-0.00301072,0.50236285,0.52164143,0.019278586,0.25918946,0.13083357,-0.12835589,0.27814326,0.12917048,-0.14897278,0.3336182,0.20891666,-0.12470153
983,71232,1.0,1.0,0.0,1.0,1.0,0.0,0.0059510693,0.0059510693,0.35851887,0.2556967,-0.102822155,-0.021110559,-0.06314972,-0.042039163,-0.0023516854,-0.03819182,-0.035840135,0.03427876,-0.006871786,-0.041150548
984,71241,1.0,1.0,0.0,3.0,4.0,1.0,-0.0024922602,-0.0024922602,0.22552669,0.23629878,0.010772094,0.1627971,0.14407915,-0.018717945,0.15570126,0.13873935,-0.016961917,0.17660522,0.1648601,-0.011745125
985,71410,2.0,11.0,9.0,4.0,3.0,-1.0,-0.0052746423,-0.0052746423,0.18921201,0.2155514,0.026339397,0.07244151,0.08564107,0.01319956,0.08387129,0.092726104,0.008854814,0.10217835,0.11138643,0.009208083
986,71450,1.0,1.0,0.0,1.0,1.0,0.0,-0.0030773208,-0.0030773208,0.16087703,0.16328715,0.0024101138,0.124181196,0.20404474,0.07986355,0.15152083,0.22472562,0.073204786,0.16086105,0.22628362,0.06542258
987,71753,1.0,1.0,0.0,1.0,1.0,0.0,7.254258e-05,7.254258e-05,0.19607407,0.20292498,0.006850913,0.18796979,0.082349576,-0.10562021,0.18397535,0.089357086,-0.09461827,0.2030786,0.11458742,-0.08849118
988,71894,6.0,10.0,4.0,4.0,5.0,1.0,0.0017431341,0.0017431341,0.17533258,0.3237624,0.14842981,0.29154852,0.2401574,-0.051391125,0.30550563,0.24349019,-0.062015444,0.32761016,0.2803889,-0.047221273
989,71928,16.0,31.0,15.0,1.0,1.0,0.0,6.22794e-05,6.22794e-05,0.3840928,0.058950104,-0.3251427,0.06848354,0.10555305,0.037069514,0.08631966,0.14128084,0.054961182,0.11344367,0.14714608,0.033702403
990,72015,1.0,1.0,0.0,1.0,1.0,0.0,-0.0018795058,-0.0018795058,0.5248789,0.6144522,0.089573264,0.5057496,0.50721097,0.0014613867,0.52564555,0.52397853,-0.0016670227,0.54528165,0.54940856,0.0041269064
991,72080,1.0,1.0,0.0,1.0,1.0,0.0,-0.005716324,-0.005716324,0.3549331,0.44708002,0.0921469,0.3050256,0.24906234,-0.055963263,0.32592916,0.24931237,-0.076616794,0.35061553,0.28661427,-0.06400126
992,72170,2.0,3.0,1.0,1.0,1.0,0.0,-0.0018965192,-0.0018965192,0.076576434,0.061541297,-0.0150351375,-0.032375388,0.005419792,0.03779518,-0.032584194,0.014005282,0.046589475,-0.023909938,0.023234537,0.047144473
993,72209,2.0,5.0,3.0,1.0,1.0,0.0,-0.0020326972,-0.0020326972,0.37057936,0.31905964,-0.05151972,0.09660689,-0.03352281,-0.1301297,0.069205865,-0.0365157,-0.10572156,0.15444945,0.022235246,-0.1322142
994,72257,20.0,45.0,25.0,2.0,2.0,0.0,-0.002828028,-0.002828028,0.4097504,0.33618662,-0.073563784,0.12734576,0.11327824,-0.014067516,0.14271426,0.14007576,-0.002638504,0.20922153,0.21885805,0.009636521
995,72312,1.0,1.0,0.0,1.0,2.0,1.0,0.0003142357,0.0003142357,-0.6064549,-0.7141971,-0.10774219,-0.07645115,-0.021298036,0.055153117,-0.06312609,-0.0036974084,0.059428677,-0.16821185,-0.14929038,0.018921465
996,72510,64.0,32.0,-32.0,12.0,8.0,-4.0,0.0033111647,0.0033111647,0.8522893,0.84707934,-0.0052099824,0.8414571,0.83106756,-0.010389566,0.85296154,0.8472223,-0.005739212,0.86981577,0.8652143,-0.0046014786
997,72605,1.0,1.0,0.0,1.0,1.0,0.0,0.0006508827,0.0006508827,0.82371414,0.83784485,0.014130712,0.34014395,0.53363156,0.19348761,0.37630975,0.56021243,0.18390268,0.49965885,0.6400861,0.14042726
998,72719,1.0,1.0,0.0,1.0,1.0,0.0,0.0005716346,0.0005716346,0.51664376,0.51114136,-0.005502403,0.5222909,0.3092585,-0.2130324,0.5252971,0.33587778,-0.18941933,0.541664,0.36570925,-0.17595476
999,72948,15.0,6.0,-9.0,25.0,10.0,-15.0,0.006532401,0.006532401,0.37931967,0.4286052,0.04928553,0.24979565,0.23849864,-0.011297002,0.2452665,0.22994573,-0.015320763,0.2760882,0.2653715,-0.0107167065
