eval_index,nsd_image_id,predclip_image_rank_neighbor0,predclip_image_rank_neighbor_low,predclip_image_rank_delta_low_minus_zero,predclip_brain_rank_neighbor0,predclip_brain_rank_neighbor_low,predclip_brain_rank_delta_low_minus_zero,predclip_image_score_delta_low_minus_zero,predclip_brain_score_delta_low_minus_zero,blurry_pixcorr_neighbor0,blurry_pixcorr_neighbor_low,blurry_pixcorr_delta_low_minus_zero,recons_pixcorr_neighbor0,recons_pixcorr_neighbor_low,recons_pixcorr_delta_low_minus_zero,enhanced_pixcorr_neighbor0,enhanced_pixcorr_neighbor_low,enhanced_pixcorr_delta_low_minus_zero,enhanced_evalmix_pixcorr_neighbor0,enhanced_evalmix_pixcorr_neighbor_low,enhanced_evalmix_pixcorr_delta_low_minus_zero
0,2950,2.0,3.0,1.0,2.0,2.0,0.0,-0.004392244,-0.004392244,0.1446065,0.105012976,-0.039593525,0.13187002,0.21849929,0.08662927,0.1354889,0.22640485,0.09091595,0.15107496,0.23348448,0.082409516
1,2990,2.0,7.0,5.0,1.0,1.0,0.0,-0.006188214,-0.006188214,0.14181268,0.15449359,0.012680903,0.17446136,0.07140417,-0.1030572,0.18332969,0.05368563,-0.12964405,0.19912918,0.07080422,-0.12832496
2,3049,4.0,1.0,-3.0,4.0,3.0,-1.0,0.0055615045,0.0055615045,0.07996536,0.12880656,0.0488412,0.042550024,0.13587159,0.09332156,0.0862142,0.1818653,0.095651105,0.095146246,0.19400287,0.09885662
3,3077,19.0,21.0,2.0,24.0,10.0,-14.0,0.00023381598,0.00023381598,0.1883783,0.16050713,-0.027871177,0.121887185,0.09234808,-0.029539108,0.11584043,0.08865986,-0.027180567,0.12871532,0.10380931,-0.02490601
4,3146,9.0,8.0,-1.0,33.0,30.0,-3.0,0.0003183484,0.0003183484,0.56602496,0.5523503,-0.013674676,0.24206913,0.29610136,0.054032236,0.28050607,0.3186635,0.038157433,0.3462237,0.36318076,0.016957045
5,3157,2.0,2.0,0.0,9.0,11.0,2.0,-0.002895303,-0.002895303,0.40396857,0.345512,-0.05845657,-0.07117506,-0.052267596,0.018907465,-0.051119942,-0.022522422,0.02859752,0.013459563,0.03299748,0.019537918
6,3164,92.0,98.0,6.0,26.0,56.0,30.0,-0.0041959602,-0.0041959602,0.35140768,0.39359075,0.04218307,0.13005346,0.20619911,0.07614565,0.12353454,0.21748416,0.09394962,0.15391567,0.25084457,0.096928895
7,3171,153.0,167.0,14.0,16.0,13.0,-3.0,0.0020218827,0.0020218827,0.5953363,0.53290445,-0.062431872,0.56907713,0.6249717,0.055894554,0.5554473,0.6306001,0.075152814,0.5933588,0.6525772,0.059218407
8,3181,1.0,1.0,0.0,1.0,1.0,0.0,-0.003964577,-0.003964577,0.010354819,0.10950766,0.09915284,-0.06748543,-0.10666124,-0.03917581,-0.07288644,-0.116501115,-0.043614678,-0.06346086,-0.08589308,-0.022432223
9,3386,43.0,48.0,5.0,43.0,56.0,13.0,-0.0019723047,-0.0019723047,0.21305084,0.0452486,-0.16780224,-0.038705684,-0.059892572,-0.021186888,-0.020501237,-0.025357578,-0.0048563406,-0.0036177053,-0.020340858,-0.016723152
10,3434,3.0,2.0,-1.0,1.0,2.0,1.0,-0.0039990656,-0.0039990656,0.48882076,0.45922238,-0.029598385,0.50072396,0.45884854,-0.041875422,0.54141283,0.49001878,-0.051394045,0.5803855,0.554061,-0.02632451
11,3449,1.0,1.0,0.0,1.0,1.0,0.0,-0.005136512,-0.005136512,0.0675402,0.25495347,0.18741328,0.15162477,0.2705283,0.11890352,0.202906,0.29816142,0.09525542,0.2026262,0.32319024,0.12056404
12,3489,7.0,8.0,1.0,14.0,14.0,0.0,-0.0015658997,-0.0015658997,-0.290268,-0.18396135,0.10630666,0.46055406,0.17379136,-0.2867627,0.47006923,0.19539168,-0.27467754,0.42532763,0.15848705,-0.26684058
13,3626,4.0,8.0,4.0,1.0,1.0,0.0,-0.0053563267,-0.0053563267,0.13162033,0.14923261,0.017612278,0.17592908,0.005683742,-0.17024535,0.1862966,0.0062151724,-0.18008143,0.1890277,0.028504204,-0.16052349
14,3682,2.0,3.0,1.0,1.0,1.0,0.0,-0.0029900335,-0.0029900335,0.90163046,0.9015799,-5.054474e-05,0.8334724,0.79016167,-0.0433107,0.8539527,0.8247768,-0.029175878,0.8760467,0.8629059,-0.013140798
15,3687,1.0,2.0,1.0,1.0,2.0,1.0,-0.010006394,-0.010006394,0.57009065,0.6206104,0.050519764,0.47215885,0.4805394,0.008380562,0.47400004,0.4912166,0.017216563,0.5120378,0.5292653,0.01722747
16,3729,2.0,5.0,3.0,1.0,1.0,0.0,-0.004180692,-0.004180692,-0.070755355,-0.25362068,-0.18286532,0.022284098,-0.0019835993,-0.024267698,0.005351707,-0.054370247,-0.059721954,-0.0051236837,-0.1210514,-0.11592772
17,3809,17.0,10.0,-7.0,27.0,23.0,-4.0,0.00405192,0.00405192,0.43936485,0.42919844,-0.010166407,0.3700217,0.2691193,-0.10090241,0.3476167,0.26041725,-0.08719945,0.38820332,0.2977834,-0.09041992
18,3842,11.0,17.0,6.0,15.0,11.0,-4.0,-0.0012606457,-0.0012606457,-0.03532568,0.032007784,0.06733346,0.020956002,-0.02848575,-0.049441755,0.014424359,-0.033601083,-0.048025444,0.009547333,-0.029315664,-0.038862996
19,3847,2.0,1.0,-1.0,4.0,4.0,0.0,-0.0047338903,-0.0047338903,0.566363,0.5618453,-0.0045176744,0.31359598,0.29017878,-0.023417205,0.29556417,0.28394634,-0.011617839,0.3535506,0.3477895,-0.0057611167
20,3856,6.0,1.0,-5.0,5.0,4.0,-1.0,0.00034966692,0.00034966692,0.31679204,0.26670226,-0.050089777,0.08923528,0.13911611,0.049880825,0.093347885,0.13794822,0.04460033,0.12949322,0.16694003,0.03744681
21,3913,1.0,1.0,0.0,1.0,2.0,1.0,-0.0031505004,-0.0031505004,0.17820749,0.1370792,-0.041128293,0.08739385,0.06712617,-0.02026768,0.08334638,0.06999439,-0.013351992,0.1122864,0.08639237,-0.025894023
22,3951,2.0,2.0,0.0,1.0,1.0,0.0,-0.0037202388,-0.0037202388,0.6643134,0.6242185,-0.040094852,0.49869776,0.48403853,-0.014659226,0.5172292,0.50702053,-0.010208666,0.55829775,0.53822887,-0.020068884
23,4051,58.0,32.0,-26.0,19.0,5.0,-14.0,0.0058903545,0.0058903545,0.18960649,0.048704196,-0.1409023,0.12604652,0.15097488,0.024928361,0.12993701,0.18519163,0.055254623,0.14889744,0.18466981,0.03577237
24,4058,2.0,1.0,-1.0,1.0,1.0,0.0,-0.004106667,-0.004106667,0.42670682,0.4017715,-0.024935335,0.37645727,0.20348775,-0.17296952,0.3712106,0.18591093,-0.18529968,0.3996064,0.22478485,-0.17482156
25,4129,4.0,2.0,-2.0,1.0,1.0,0.0,0.0009829402,0.0009829402,0.22759181,0.19446878,-0.03312303,-0.0077956202,0.1571631,0.16495872,-0.013777185,0.14509778,0.15887496,0.011995207,0.16129632,0.14930111
26,4156,2.0,2.0,0.0,1.0,1.0,0.0,0.002453424,0.002453424,0.32316983,0.263893,-0.05927682,-0.079858616,0.06062102,0.14047964,-0.06597177,0.09315748,0.15912925,-0.023701992,0.13342586,0.15712786
27,4249,1.0,1.0,0.0,1.0,1.0,0.0,-0.008905362,-0.008905362,0.47962007,0.3124096,-0.16721046,-0.15271208,-0.23631066,-0.083598584,-0.15748625,-0.21852048,-0.061034232,-0.0974777,-0.19019789,-0.09272019
28,4325,1.0,1.0,0.0,1.0,1.0,0.0,-0.0010913499,-0.0010913499,0.0030546642,-0.04793233,-0.050986994,0.14640944,0.017153788,-0.12925565,0.18676306,0.036936935,-0.14982612,0.1665551,0.02515625,-0.14139886
29,4423,19.0,53.0,34.0,8.0,9.0,1.0,-0.0057775527,-0.0057775527,-0.1737892,-0.15598847,0.017800733,-0.00852348,-0.13934511,-0.13082163,-0.012195103,-0.14036384,-0.12816873,-0.03549656,-0.16170305,-0.12620649
30,4436,7.0,8.0,1.0,1.0,1.0,0.0,-0.0044462495,-0.0044462495,0.2857235,0.31175426,0.02603075,0.019752359,-0.06378741,-0.08353977,0.030684743,-0.05729374,-0.08797848,0.057351664,-0.028085593,-0.08543725
31,4612,3.0,3.0,0.0,1.0,1.0,0.0,-0.0040055774,-0.0040055774,0.34782866,0.30537906,-0.042449594,0.22269455,0.07612229,-0.14657226,0.20988221,0.05853386,-0.15134835,0.24358834,0.0966704,-0.14691794
32,4667,1.0,2.0,1.0,4.0,4.0,0.0,-0.0040595233,-0.0040595233,0.27798927,0.31952703,0.04153776,0.104725204,0.10237271,-0.002352491,0.1204263,0.13318916,0.012762859,0.14656007,0.16633004,0.019769967
33,4690,4.0,6.0,2.0,1.0,1.0,0.0,-0.0044519342,-0.0044519342,0.37615716,0.29781583,-0.078341335,0.117174946,0.21822281,0.101047866,0.12150986,0.22594735,0.10443749,0.15588841,0.24933857,0.09345016
34,4768,30.0,68.0,38.0,1.0,2.0,1.0,-0.0038786028,-0.0038786028,0.45513013,0.48985392,0.03472379,0.19582336,0.1008558,-0.09496756,0.17550315,0.090463154,-0.085039996,0.22851963,0.14738956,-0.08113007
35,4786,9.0,9.0,0.0,31.0,40.0,9.0,-0.0031687524,-0.0031687524,0.6423219,0.6554521,0.013130188,0.3158117,0.4647953,0.1489836,0.33719736,0.48547122,0.14827386,0.41308448,0.5290273,0.115942806
36,4835,3.0,1.0,-2.0,7.0,5.0,-2.0,-0.000523638,-0.000523638,0.5643727,0.501441,-0.06293172,0.551132,0.3399706,-0.21116143,0.5616661,0.33912462,-0.22254145,0.58237845,0.37617406,-0.20620438
37,4869,2.0,2.0,0.0,1.0,3.0,2.0,-0.005330369,-0.005330369,0.6348398,0.6159311,-0.01890868,0.4479474,0.48707741,0.039130002,0.44134012,0.4773738,0.03603369,0.49099848,0.519437,0.028438538
38,4892,11.0,5.0,-6.0,1.0,1.0,0.0,0.0055030063,0.0055030063,0.44190753,0.3497378,-0.09216973,0.3747549,0.51439416,0.13963926,0.39461368,0.52592665,0.13131297,0.42045406,0.5380873,0.11763325
39,4930,1.0,1.0,0.0,1.0,1.0,0.0,-0.008820549,-0.008820549,0.22658828,0.53726745,0.31067917,0.661084,0.6545966,-0.0064873695,0.6681,0.6806893,0.012589276,0.6523537,0.679765,0.027411282
40,5034,2.0,1.0,-1.0,1.0,1.0,0.0,0.0042345226,0.0042345226,0.10929392,-0.015090036,-0.124383956,0.33888185,0.039819878,-0.29906198,0.308504,0.07770956,-0.23079443,0.30273435,0.0715026,-0.23123175
41,5106,8.0,13.0,5.0,5.0,5.0,0.0,-0.0004258491,-0.0004258491,-0.31009132,-0.28786713,0.022224188,0.07842314,0.44135973,0.3629366,0.050780557,0.42501467,0.3742341,0.0010999787,0.3696894,0.36858943
42,5204,17.0,22.0,5.0,21.0,32.0,11.0,-0.004369706,-0.004369706,0.6717136,0.6955504,0.023836792,0.37998796,0.5402354,0.16024745,0.38908902,0.54612434,0.15703532,0.4560331,0.5957361,0.13970298
43,5285,2.0,2.0,0.0,7.0,6.0,-1.0,-0.0058671385,-0.0058671385,0.08156467,0.0037769035,-0.07778777,-0.077555865,-0.07678318,0.0007726848,-0.08518078,-0.08223196,0.0029488206,-0.07323292,-0.07837815,-0.0051452294
44,5301,1.0,1.0,0.0,2.0,6.0,4.0,-0.006038243,-0.006038243,0.109090276,0.07491258,-0.0341777,-0.13809168,0.15501225,0.29310393,-0.1681826,0.16029215,0.32847476,-0.14818339,0.1644959,0.3126793
45,5338,2.0,3.0,1.0,1.0,1.0,0.0,-0.0002879575,-0.0002879575,0.68122256,0.6990574,0.017834842,0.65406615,0.41518223,-0.23888391,0.6731243,0.41301095,-0.26011336,0.7126393,0.5089274,-0.20371187
46,5427,1.0,1.0,0.0,1.0,1.0,0.0,-0.0024598949,-0.0024598949,0.24712183,0.1981003,-0.049021527,0.1240433,0.27242398,0.14838068,0.12917212,0.26677334,0.13760123,0.15863167,0.26896563,0.110333964
47,5459,1.0,2.0,1.0,1.0,2.0,1.0,-0.0048625506,-0.0048625506,0.041226495,-0.10305777,-0.14428426,0.02331719,0.0956744,0.072357215,-0.0016423839,0.07954027,0.08118265,0.003414891,0.06214938,0.058734488
48,5502,1.0,1.0,0.0,1.0,1.0,0.0,-0.00014159456,-0.00014159456,0.07298605,0.0848246,0.011838548,0.10064635,0.17275845,0.0721121,0.11476828,0.18786766,0.073099375,0.114536606,0.18173873,0.06720213
49,5542,1.0,1.0,0.0,1.0,1.0,0.0,0.0025873035,0.0025873035,0.49757758,0.5293234,0.03174582,0.4545208,0.38106588,-0.07345492,0.45344672,0.37163734,-0.08180937,0.47414795,0.40980372,-0.06434423
50,5574,1.0,2.0,1.0,6.0,4.0,-2.0,-0.00030731037,-0.00030731037,0.3800097,0.35987163,-0.020138085,0.17050952,0.23706523,0.06655571,0.17215559,0.22330965,0.051154062,0.21499948,0.25199857,0.03699909
51,5583,291.0,285.0,-6.0,149.0,103.0,-46.0,0.0020341408,0.0020341408,0.2603699,0.27569622,0.015326321,0.52254486,0.49499714,-0.027547717,0.51792896,0.49350974,-0.024419218,0.5272516,0.5024066,-0.024845004
52,5602,6.0,42.0,36.0,59.0,237.0,178.0,-0.012271918,-0.012271918,0.14184628,0.1526421,0.010795817,0.22400151,0.0650869,-0.15891461,0.2174218,0.062900014,-0.1545218,0.21810037,0.07523585,-0.14286453
53,5714,1.0,1.0,0.0,2.0,1.0,-1.0,0.0050691105,0.0050691105,0.33146086,0.43265575,0.10119489,0.20837243,0.07808227,-0.13029015,0.21472201,0.09420011,-0.120521896,0.23994532,0.14095612,-0.0989892
54,5878,1.0,1.0,0.0,5.0,3.0,-2.0,0.0062246323,0.0062246323,-0.33948433,-0.26074365,0.078740686,0.14460129,-0.13495392,-0.2795552,0.14704777,-0.1268728,-0.27392057,0.09266184,-0.14336295,-0.2360248
55,5890,10.0,10.0,0.0,1.0,2.0,1.0,-0.0019004438,-0.0019004438,0.21415016,0.27410936,0.059959203,0.4365318,0.41143683,-0.025094986,0.43594158,0.42210516,-0.013836414,0.42477468,0.4193617,-0.005412966
56,6132,3.0,4.0,1.0,3.0,2.0,-1.0,-0.0011177957,-0.0011177957,0.3089681,0.33172,0.022751898,0.3532454,0.1888044,-0.164441,0.37665376,0.20061654,-0.17603722,0.37977013,0.22948517,-0.15028496
57,6199,1.0,1.0,0.0,16.0,11.0,-5.0,-0.00046896562,-0.00046896562,0.6290337,0.57171667,-0.05731702,0.5846145,0.5787693,-0.005845189,0.60587263,0.5901614,-0.015711248,0.61798996,0.60358435,-0.014405608
58,6222,7.0,3.0,-4.0,1.0,1.0,0.0,-0.0007136725,-0.0007136725,0.24744855,0.31455657,0.06710802,0.12735766,0.21512574,0.08776808,0.123612575,0.21682036,0.093207784,0.14864829,0.2403892,0.091740906
59,6431,9.0,3.0,-6.0,1.0,1.0,0.0,0.0012433082,0.0012433082,-0.10668918,-0.15887925,-0.052190073,0.005314729,0.029829146,0.024514418,0.015385639,0.032951176,0.017565537,0.0016096171,0.009347358,0.007737741
60,6444,1.0,1.0,0.0,1.0,1.0,0.0,-0.0041772015,-0.0041772015,0.67640525,0.65340966,-0.022995591,0.37933382,0.27834144,-0.10099238,0.40785712,0.27736068,-0.13049644,0.47256547,0.34964657,-0.122918904
61,6489,1.0,1.0,0.0,1.0,1.0,0.0,-0.0019144602,-0.0019144602,0.19366924,0.2700814,0.076412156,0.26702216,0.007791768,-0.2592304,0.269934,-0.0013890656,-0.27132306,0.28547755,0.027244179,-0.25823337
62,6514,85.0,36.0,-49.0,7.0,5.0,-2.0,0.0058916416,0.0058916416,0.08509051,0.08234982,-0.0027406886,-0.10075237,-0.15266229,-0.051909924,-0.10514112,-0.16630411,-0.061162993,-0.092699125,-0.15386821,-0.061169088
63,6521,3.0,4.0,1.0,1.0,1.0,0.0,-0.008420914,-0.008420914,0.3783556,0.30667824,-0.07167736,0.09261739,0.030504255,-0.062113136,0.08313681,0.006927274,-0.07620954,0.12903303,0.047137436,-0.08189559
64,6524,4.0,3.0,-1.0,13.0,15.0,2.0,0.0018683374,0.0018683374,0.30349085,0.4608224,0.15733156,0.48720375,0.4478923,-0.03931144,0.4909411,0.46693024,-0.024010867,0.49542665,0.48280433,-0.012622327
65,6558,1.0,1.0,0.0,2.0,2.0,0.0,-0.005901061,-0.005901061,0.6395651,0.6142085,-0.02535659,0.35764995,0.34452823,-0.013121724,0.3447054,0.34040138,-0.0043040216,0.41599396,0.40453392,-0.011460036
66,6640,2.0,2.0,0.0,1.0,1.0,0.0,-0.0041326173,-0.0041326173,0.01049853,0.09290064,0.08240211,0.05044916,-0.054830287,-0.105279446,0.069750264,-0.05300356,-0.12275383,0.0668792,-0.0437292,-0.1106084
67,6713,1.0,1.0,0.0,1.0,1.0,0.0,0.0020578206,0.0020578206,0.68329805,0.640945,-0.042353034,0.49542886,0.27229482,-0.22313404,0.49151093,0.30768082,-0.18383011,0.5386161,0.37081566,-0.16780046
68,6801,15.0,50.0,35.0,4.0,4.0,0.0,-0.0065356195,-0.0065356195,0.47458926,0.5207894,0.046200126,0.44497588,0.50174576,0.056769878,0.4572284,0.51794404,0.060715646,0.47669703,0.5352249,0.058527887
69,7007,3.0,3.0,0.0,1.0,1.0,0.0,-2.3566186e-05,-2.3566186e-05,0.4710708,0.5424737,0.07140288,0.41172826,0.39852238,-0.013205886,0.43290496,0.41427425,-0.018630713,0.47615007,0.47144404,-0.004706025
70,7039,1.0,1.0,0.0,1.0,1.0,0.0,-0.0023123361,-0.0023123361,0.54208267,0.4793377,-0.062744975,-0.05534391,0.10094666,0.15629056,-0.08207369,0.09744063,0.17951432,-0.018032337,0.14812638,0.16615872
71,7120,1.0,5.0,4.0,1.0,4.0,3.0,-0.0037002005,-0.0037002005,0.28049874,0.30557817,0.02507943,0.16734007,-0.008836539,-0.17617661,0.15711264,-0.024938531,-0.18205118,0.19615366,0.039904844,-0.15624881
72,7207,5.0,4.0,-1.0,2.0,1.0,-1.0,-0.0021721236,-0.0021721236,0.045167975,0.049535345,0.00436737,-0.12701237,-0.018775683,0.108236685,-0.12488862,-0.015771234,0.10911739,-0.10453941,-0.0046543563,0.099885054
73,7336,5.0,3.0,-2.0,2.0,1.0,-1.0,-0.0013404675,-0.0013404675,0.24310863,0.20397322,-0.03913541,0.045921035,-0.033558503,-0.07947954,0.05224703,-0.044243798,-0.09649083,0.083893225,-0.006109792,-0.09000301
74,7366,1.0,1.0,0.0,1.0,1.0,0.0,-0.0005424917,-0.0005424917,0.67287284,0.69734293,0.02447009,-0.011513905,0.024324328,0.03583823,-0.027867528,0.0055396575,0.033407185,0.053572927,0.0797117,0.026138771
75,7409,5.0,4.0,-1.0,2.0,2.0,0.0,-0.0050879456,-0.0050879456,0.50077116,0.37849265,-0.12227851,0.11674568,0.27529305,0.15854737,0.13925971,0.2976295,0.1583698,0.21429755,0.33985656,0.12555902
76,7418,1.0,1.0,0.0,1.0,1.0,0.0,-0.0039905086,-0.0039905086,0.027336795,-0.18202001,-0.2093568,-0.15897152,-0.26117584,-0.10220432,-0.14909923,-0.24199365,-0.09289442,-0.13938755,-0.24587762,-0.106490076
77,7480,1.0,3.0,2.0,1.0,1.0,0.0,-0.005146634,-0.005146634,0.23223455,0.3337752,0.10154064,0.016111532,0.3013412,0.28522968,-0.0037716732,0.2819184,0.28569007,0.031223472,0.30473664,0.27351317
78,7654,1.0,1.0,0.0,2.0,2.0,0.0,-0.0034256838,-0.0034256838,0.31948116,0.3509264,0.031445235,0.09538783,0.3630617,0.26767385,0.0831592,0.36659345,0.28343424,0.11421302,0.38803825,0.27382523
79,7659,1.0,1.0,0.0,2.0,2.0,0.0,-0.003561817,-0.003561817,0.68237686,0.70646566,0.0240888,0.39540067,0.2521074,-0.14329326,0.37771854,0.23409197,-0.14362657,0.44672588,0.3263874,-0.12033847
80,7840,3.0,9.0,6.0,3.0,6.0,3.0,-0.008847281,-0.008847281,0.497893,0.48653403,-0.011358976,0.31404498,0.29254675,-0.021498233,0.31562254,0.28563097,-0.029991567,0.3789011,0.38261732,0.0037162304
81,7859,26.0,33.0,7.0,1.0,4.0,3.0,-0.004927162,-0.004927162,0.049624655,0.07022074,0.020596083,0.086893775,0.079933465,-0.00696031,0.09433416,0.09784154,0.0035073757,0.09324945,0.09982304,0.006573595
82,7944,1.0,1.0,0.0,1.0,1.0,0.0,0.00030982867,0.00030982867,-0.26554936,-0.19283958,0.072709784,0.058291517,0.04295572,-0.015335798,0.05243737,0.03577662,-0.01666075,0.019652665,0.00845025,-0.0112024145
83,7948,14.0,8.0,-6.0,5.0,4.0,-1.0,0.00025678053,0.00025678053,0.0806016,0.049803898,-0.030797705,-0.030908003,0.06888411,0.099792115,-0.024589948,0.061614342,0.08620429,-0.013462374,0.063762,0.077224374
84,7954,234.0,253.0,19.0,172.0,134.0,-38.0,-0.0019373586,-0.0019373586,0.571596,0.511946,-0.059650004,0.34701476,0.22696544,-0.12004931,0.34955123,0.24232183,-0.1072294,0.39181492,0.28515628,-0.10665864
85,8006,1.0,2.0,1.0,1.0,2.0,1.0,-0.0011762753,-0.0011762753,-0.2556205,-0.34863243,-0.093011916,0.053385183,0.080112986,0.026727803,0.052072547,0.10792826,0.055855714,0.017083481,0.061920945,0.044837464
86,8109,14.0,9.0,-5.0,71.0,34.0,-37.0,0.0053760875,0.0053760875,0.35399988,0.5557089,0.201709,0.07446432,0.009069184,-0.06539514,0.030562656,-0.037817772,-0.06838043,0.06887721,0.012254604,-0.05662261
87,8204,58.0,46.0,-12.0,6.0,6.0,0.0,0.00024414062,0.00024414062,-0.07723264,-0.060581464,0.016651172,0.020840839,0.36306363,0.3422228,0.020315053,0.39017844,0.3698634,0.004625634,0.36435047,0.35972482
88,8225,68.0,49.0,-19.0,53.0,66.0,13.0,0.0016397573,0.0016397573,0.4385826,0.4251897,-0.013392895,0.49355388,0.41165677,-0.08189711,0.4895821,0.40859455,-0.08098754,0.49944338,0.43483877,-0.06460461
89,8262,16.0,41.0,25.0,7.0,7.0,0.0,-0.0038799588,-0.0038799588,0.02835411,0.034350045,0.005995935,-0.016055755,0.13074848,0.14680424,-0.027854463,0.12241432,0.15026878,-0.024311835,0.12275291,0.14706475
90,8274,1.0,1.0,0.0,1.0,1.0,0.0,-0.001911357,-0.001911357,0.76373935,0.73570377,-0.028035581,0.70184594,0.6453594,-0.056486547,0.72787184,0.65605736,-0.07181448,0.755893,0.7148753,-0.04101771
91,8318,1.0,1.0,0.0,2.0,1.0,-1.0,-0.0047984943,-0.0047984943,0.5602682,0.5678306,0.007562399,0.16340038,0.29221267,0.12881228,0.15353209,0.28429067,0.13075858,0.23895532,0.33985713,0.10090181
92,8387,4.0,9.0,5.0,2.0,4.0,2.0,-0.0055041052,-0.0055041052,0.08646009,-0.012584199,-0.09904429,0.18747942,-0.021620551,-0.20909998,0.21500495,-0.01070534,-0.22571029,0.22258043,-0.0114514,-0.23403183
93,8394,3.0,7.0,4.0,59.0,58.0,-1.0,-0.002829522,-0.002829522,-0.041293062,-0.016496636,0.024796426,-0.061340947,0.01805677,0.079397716,-0.04479877,0.013688969,0.05848774,-0.04915265,0.011520724,0.060673375
94,8415,1.0,1.0,0.0,1.0,1.0,0.0,-0.007926468,-0.007926468,0.6208653,0.61814946,-0.002715826,-0.15185261,0.22630496,0.37815756,-0.15559486,0.22835465,0.38394952,-0.027117677,0.3206633,0.34778097
95,8435,1.0,1.0,0.0,1.0,1.0,0.0,-0.00045141205,-0.00045141205,0.07645771,-0.06953149,-0.14598921,-0.09848645,-0.11122609,-0.012739636,-0.100607835,-0.107300185,-0.00669235,-0.086336724,-0.10698773,-0.020651005
96,8465,6.0,10.0,4.0,5.0,4.0,-1.0,-0.0008190274,-0.0008190274,-0.28830257,-0.3073153,-0.01901272,-0.26045978,-0.10872739,0.15173239,-0.27097,-0.111274235,0.15969574,-0.28024188,-0.1324791,0.14776278
97,8509,10.0,19.0,9.0,1.0,2.0,1.0,-0.006633671,-0.006633671,0.5610242,0.466331,-0.094693184,0.23750542,0.1093605,-0.12814492,0.23753484,0.11624338,-0.12129146,0.28818336,0.17077145,-0.11741191
98,8631,1.0,1.0,0.0,1.0,1.0,0.0,-0.0034181364,-0.0034181364,0.58195245,0.57508427,-0.0068681836,0.46462098,0.3104003,-0.15422067,0.4733668,0.3313614,-0.14200538,0.5080864,0.39333177,-0.11475462
99,8646,6.0,6.0,0.0,1.0,1.0,0.0,-0.004659593,-0.004659593,0.23717391,0.22326095,-0.013912961,0.07644115,-0.0577134,-0.13415454,0.07086121,-0.062359937,-0.13322115,0.10158539,-0.024484234,-0.12606962
100,8807,4.0,12.0,8.0,19.0,24.0,5.0,-0.006576214,-0.006576214,-0.25426072,-0.23040356,0.023857161,-0.0807175,-0.21275386,-0.13203636,-0.11186188,-0.23945008,-0.12758821,-0.13637477,-0.25057182,-0.114197046
101,8843,91.0,62.0,-29.0,2.0,7.0,5.0,-0.0009338055,-0.0009338055,-0.06364122,-0.09494721,-0.03130599,-0.06733922,-0.035590887,0.031748332,-0.063921355,-0.02948042,0.034440935,-0.06714473,-0.038868662,0.028276067
102,8925,1.0,1.0,0.0,1.0,1.0,0.0,-0.0030944422,-0.0030944422,0.48146692,0.46722275,-0.014244169,0.22579549,0.3000399,0.074244395,0.231932,0.31593928,0.08400728,0.29360878,0.3592014,0.06559262
103,8933,3.0,3.0,0.0,2.0,1.0,-1.0,-0.001057107,-0.001057107,0.27250734,0.19261456,-0.079892784,-0.02197247,0.13096851,0.15294099,-0.07172854,0.11311254,0.18484108,-0.03320695,0.13800088,0.17120783
104,9027,34.0,51.0,17.0,26.0,8.0,-18.0,-0.0027244985,-0.0027244985,-0.08288993,-0.13245896,-0.049569026,-0.14709684,-0.36817232,-0.22107548,-0.1729293,-0.38347033,-0.21054102,-0.17799988,-0.3777867,-0.19978681
105,9048,4.0,10.0,6.0,1.0,1.0,0.0,-0.0077637173,-0.0077637173,0.3794196,0.23505902,-0.14436057,0.059911374,0.17221078,0.11229941,0.04648034,0.1672415,0.120761156,0.10025846,0.19513728,0.094878815
106,9147,1.0,1.0,0.0,1.0,1.0,0.0,0.0005650595,0.0005650595,-0.31201872,-0.3093322,0.0026865304,-0.0046182456,-0.11209879,-0.10748055,0.0097531695,-0.078039296,-0.08779246,-0.033818163,-0.11611522,-0.08229706
107,9230,1.0,1.0,0.0,1.0,1.0,0.0,-0.008397434,-0.008397434,0.7931618,0.795385,0.0022231936,0.6277582,0.55108345,-0.07667476,0.6340112,0.55244386,-0.08156735,0.71230596,0.6413202,-0.070985734
108,9434,1.0,3.0,2.0,2.0,2.0,0.0,-0.0058045834,-0.0058045834,0.285972,0.28691673,0.0009447336,0.28181413,0.41780153,0.1359874,0.32506216,0.42389032,0.09882817,0.35227206,0.46030238,0.10803032
109,9462,1.0,1.0,0.0,1.0,1.0,0.0,-0.0002756156,-0.0002756156,-0.16228347,-0.16948566,-0.007202193,-0.09788773,-0.06989788,0.02798985,-0.10214558,-0.086684756,0.015460826,-0.11467009,-0.099465534,0.015204556
110,9680,5.0,6.0,1.0,3.0,3.0,0.0,-0.0024443753,-0.0024443753,-0.08370996,-0.07262718,0.011082783,-0.20443092,-0.23100097,-0.026570052,-0.20790444,-0.23337106,-0.02546662,-0.1971641,-0.22284573,-0.02568163
111,9722,2.0,2.0,0.0,1.0,1.0,0.0,0.0016998127,0.0016998127,0.07990726,0.084262006,0.004354745,0.021119125,0.06849226,0.04737314,0.013454136,0.05063576,0.037181623,0.02962987,0.06346211,0.033832237
112,9804,6.0,10.0,4.0,1.0,1.0,0.0,-0.0059030987,-0.0059030987,-0.04143979,-0.007784979,0.033654813,-0.0756038,-0.18937814,-0.113774344,-0.07213674,-0.18709505,-0.11495831,-0.07254098,-0.1674953,-0.09495431
113,9847,10.0,15.0,5.0,2.0,1.0,-1.0,-0.00031879172,-0.00031879172,0.26274183,0.22419487,-0.038546965,-0.29292414,-0.1326163,0.16030784,-0.27849042,-0.12316406,0.15532637,-0.239165,-0.09482136,0.14434363
114,9865,10.0,6.0,-4.0,2.0,2.0,0.0,-0.0029430091,-0.0029430091,0.4053992,0.41089866,0.0054994524,0.15207551,0.26151994,0.109444425,0.13560171,0.25216332,0.11656161,0.19563562,0.30196753,0.106331915
115,9917,2.0,2.0,0.0,5.0,8.0,3.0,-0.0060679726,-0.0060679726,0.6217143,0.69209886,0.07038456,0.6583675,0.65594906,-0.0024184585,0.66314274,0.69747484,0.034332097,0.69049376,0.7401742,0.04968041
116,9978,187.0,176.0,-11.0,136.0,79.0,-57.0,0.0042150235,0.0042150235,0.24830198,0.2658723,0.017570317,0.18464251,0.053409245,-0.13123326,0.16897103,0.02762253,-0.1413485,0.18676028,0.056566875,-0.1301934
117,10006,2.0,2.0,0.0,1.0,1.0,0.0,0.000634823,0.000634823,0.57711935,0.57627255,-0.0008468032,0.4824184,0.3753019,-0.10711649,0.47790274,0.3694276,-0.10847515,0.50583243,0.42615736,-0.07967508
118,10046,1.0,2.0,1.0,1.0,1.0,0.0,-0.002620127,-0.002620127,0.2716032,0.17983119,-0.091772005,-0.0044922563,-0.3065782,-0.30208594,0.0042908727,-0.33777425,-0.34206513,0.037136924,-0.3113389,-0.3484758
119,10064,8.0,9.0,1.0,2.0,3.0,1.0,-0.006616913,-0.006616913,0.3262697,0.26362893,-0.06264076,-0.13112846,0.05311301,0.18424147,-0.14285879,0.047304958,0.19016375,-0.094776295,0.07995697,0.17473327
120,10105,40.0,50.0,10.0,15.0,11.0,-4.0,-0.00266709,-0.00266709,0.5676349,0.5960544,0.028419495,0.6142809,0.6392408,0.024959922,0.6140154,0.64361274,0.029597342,0.64300066,0.6516794,0.008678734
121,10107,6.0,2.0,-4.0,7.0,8.0,1.0,-0.00071439147,-0.00071439147,0.028295377,0.23545714,0.20716175,0.09966082,0.17000295,0.07034213,0.09987833,0.17894968,0.07907135,0.099814035,0.1940443,0.09423027
122,10244,3.0,2.0,-1.0,3.0,1.0,-2.0,0.004921768,0.004921768,0.15966938,0.0900535,-0.069615886,0.11298967,0.04706535,-0.06592432,0.102800384,0.05589089,-0.046909492,0.115646526,0.067532554,-0.048113972
123,10393,7.0,5.0,-2.0,7.0,6.0,-1.0,-0.0010580271,-0.0010580271,0.07596103,-0.049987555,-0.12594858,-0.078133084,-0.1669648,-0.088831715,-0.07600154,-0.17569448,-0.09969294,-0.055934064,-0.16763297,-0.1116989
124,10471,734.0,526.0,-208.0,382.0,188.0,-194.0,0.011595615,0.011595615,-0.033085324,0.019407457,0.052492782,0.0373651,0.07637057,0.039005466,0.048564866,0.07471981,0.026154943,0.044396672,0.07658422,0.032187548
125,10507,1.0,2.0,1.0,3.0,3.0,0.0,-0.004642967,-0.004642967,0.14357926,0.17030728,0.02672802,0.16012911,-0.03053205,-0.19066116,0.1609775,-0.02071192,-0.18168941,0.1704002,0.012295377,-0.15810482
126,10586,40.0,150.0,110.0,3.0,6.0,3.0,-0.009539204,-0.009539204,0.44545817,0.44849357,0.0030353963,0.47233257,0.15320309,-0.31912947,0.46919882,0.17930906,-0.28988975,0.5017961,0.25357,-0.24822614
127,10600,1.0,1.0,0.0,2.0,3.0,1.0,-0.008436445,-0.008436445,0.44889268,0.47214517,0.023252487,0.15233937,0.03330674,-0.11903263,0.17943816,0.06311828,-0.11631988,0.23710471,0.12849154,-0.10861318
128,10610,3.0,2.0,-1.0,1.0,2.0,1.0,-0.0024602227,-0.0024602227,0.21076506,0.17651905,-0.034246013,-0.1409555,-0.24860169,-0.1076462,-0.14034976,-0.2683294,-0.12797965,-0.10910246,-0.24507755,-0.1359751
129,10907,1.0,1.0,0.0,1.0,1.0,0.0,-0.0035741217,-0.0035741217,0.5395628,0.5544403,0.014877498,0.4344616,0.36485368,-0.06960791,0.44033006,0.3711749,-0.06915516,0.4767842,0.4254246,-0.051359594
130,11159,2.0,2.0,0.0,2.0,1.0,-1.0,0.0012412146,0.0012412146,-0.051658567,0.025245188,0.07690375,0.24795224,0.25826767,0.010315433,0.28101483,0.2771472,-0.0038676262,0.2584367,0.27018335,0.011746645
131,11333,1.0,1.0,0.0,1.0,1.0,0.0,-0.00165141,-0.00165141,-0.11614003,-0.15451902,-0.03837899,-0.03168353,-0.12832858,-0.09664504,-0.031025693,-0.13056375,-0.09953806,-0.03703765,-0.134882,-0.097844355
132,11487,1.0,1.0,0.0,2.0,2.0,0.0,-0.0026293695,-0.0026293695,0.08914837,0.12168902,0.03254065,-0.088978134,-0.12613967,-0.037161537,-0.08009421,-0.11267616,-0.032581948,-0.06910798,-0.09845941,-0.029351428
133,11521,20.0,53.0,33.0,14.0,72.0,58.0,-0.009091073,-0.009091073,-0.13509747,-0.21537149,-0.080274016,0.013016572,-0.11505186,-0.12806843,0.003158445,-0.09641149,-0.09956993,-0.018188758,-0.1236316,-0.10544284
134,11566,1.0,1.0,0.0,1.0,1.0,0.0,0.0057450086,0.0057450086,0.42046037,0.33903515,-0.08142522,0.72877604,0.65660244,-0.072173595,0.7394598,0.6714086,-0.06805122,0.7428352,0.6667402,-0.076095045
135,11617,1.0,1.0,0.0,1.0,1.0,0.0,-0.008178484,-0.008178484,0.010448863,0.11384091,0.10339204,0.25330272,0.23091482,-0.022387907,0.26811922,0.23757295,-0.030546263,0.25559133,0.24418826,-0.011403069
136,11635,26.0,79.0,53.0,41.0,41.0,0.0,-0.004595626,-0.004595626,0.41543096,0.4926163,0.07718533,0.42207715,0.37739804,-0.044679105,0.43178365,0.3976686,-0.034115046,0.4584887,0.4437929,-0.014695793
137,11689,2.0,2.0,0.0,4.0,4.0,0.0,0.00011030771,0.00011030771,0.28560278,0.28086582,-0.00473696,0.37990203,0.25045747,-0.12944457,0.40539035,0.2855383,-0.119852066,0.40864447,0.3050243,-0.10362017
138,11725,12.0,4.0,-8.0,1.0,1.0,0.0,0.009793237,0.009793237,0.21416688,0.19924384,-0.014923036,0.15256807,0.13068758,-0.021880493,0.13451906,0.12243535,-0.012083702,0.16249517,0.15728396,-0.0052112043
139,11796,8.0,19.0,11.0,7.0,5.0,-2.0,-0.002899561,-0.002899561,0.48501888,0.43745756,-0.047561318,0.07412165,0.22127816,0.1471565,0.088188216,0.22264673,0.13445851,0.15210737,0.2937422,0.14163484
140,11827,32.0,21.0,-11.0,24.0,15.0,-9.0,0.0012824945,0.0012824945,0.38332844,0.39638513,0.013056695,0.030042628,0.07696738,0.046924755,0.035814393,0.06325599,0.027441595,0.081700645,0.10803516,0.026334517
141,11837,1.0,1.0,0.0,1.0,1.0,0.0,-0.0015625246,-0.0015625246,0.37308335,0.39415118,0.021067828,0.36507842,0.3074007,-0.057677716,0.3523975,0.2830959,-0.069301605,0.37306324,0.3217124,-0.051350832
142,11844,1.0,1.0,0.0,1.0,1.0,0.0,-0.007913809,-0.007913809,0.29024872,0.25727046,-0.032978266,-0.051621675,0.10372582,0.1553475,-0.07461795,0.05386811,0.12848607,-0.011095116,0.13289341,0.14398853
143,11932,9.0,14.0,5.0,14.0,8.0,-6.0,-0.00059321895,-0.00059321895,0.05908204,0.084770456,0.025688417,0.026932694,0.038552754,0.01162006,0.018035682,0.038954373,0.020918692,0.021528836,0.044315558,0.022786722
144,11942,5.0,14.0,9.0,4.0,3.0,-1.0,-0.0027464181,-0.0027464181,-0.056288596,-0.07571565,-0.019427057,-0.11061916,0.06093685,0.17155601,-0.10852909,0.06196708,0.17049617,-0.10929242,0.04983082,0.15912324
145,11952,163.0,277.0,114.0,40.0,67.0,27.0,-0.007323064,-0.007323064,-0.30179703,-0.21630622,0.08549081,-0.3611294,-0.38626835,-0.025138944,-0.3783664,-0.3944526,-0.016086191,-0.38457626,-0.39263842,-0.008062154
146,12065,1.0,1.0,0.0,1.0,1.0,0.0,-0.006248057,-0.006248057,0.31601655,0.21421938,-0.10179718,0.31823543,-0.03193518,-0.3501706,0.31266457,-0.04529864,-0.3579632,0.33236983,-0.020037709,-0.35240754
147,12075,30.0,30.0,0.0,18.0,28.0,10.0,0.0021661613,0.0021661613,0.31064343,0.17595527,-0.13468817,0.4016269,0.43644208,0.034815162,0.4089959,0.44038638,0.03139049,0.42749196,0.4371666,0.0096746385
148,12214,1.0,1.0,0.0,1.0,1.0,0.0,-0.003985293,-0.003985293,0.23857522,0.44240874,0.20383352,0.29021466,0.22235297,-0.06786169,0.27798763,0.23984486,-0.03814277,0.29583922,0.27311122,-0.022727996
149,12308,1.0,1.0,0.0,1.0,2.0,1.0,-0.0041284896,-0.0041284896,0.18383256,0.22320034,0.03936778,0.17148294,0.030652018,-0.14083092,0.17240699,0.012999972,-0.15940702,0.19170965,0.039964173,-0.15174548
150,12487,19.0,23.0,4.0,14.0,13.0,-1.0,-0.0019780416,-0.0019780416,0.37125236,0.31863043,-0.05262193,0.19599548,0.3948722,0.19887671,0.20243317,0.39978004,0.19734687,0.23645666,0.4051647,0.16870803
151,12495,3.0,8.0,5.0,1.0,1.0,0.0,-0.005417064,-0.005417064,0.26644856,0.25837612,-0.008072436,0.059519872,0.14529712,0.08577725,0.023940137,0.12296498,0.09902484,0.08194948,0.1606042,0.078654714
152,12634,1.0,1.0,0.0,1.0,1.0,0.0,-0.0019216314,-0.0019216314,0.1746934,0.24263401,0.06794061,0.25942346,0.37593722,0.11651376,0.2836651,0.40046132,0.116796225,0.29307973,0.4134782,0.12039846
153,12685,48.0,60.0,12.0,57.0,54.0,-3.0,-0.0025904886,-0.0025904886,-0.12219176,-0.18908417,-0.066892415,-0.27862713,-0.3292418,-0.050614685,-0.29361445,-0.33786234,-0.044247895,-0.29174477,-0.33535913,-0.043614358
154,12796,3.0,1.0,-2.0,1.0,1.0,0.0,0.0062958933,0.0062958933,0.085925184,0.023996625,-0.06192856,0.045493037,0.13373671,0.08824368,0.045870014,0.13257563,0.08670562,0.056198772,0.13099104,0.074792266
155,12798,20.0,8.0,-12.0,4.0,5.0,1.0,0.0011469051,0.0011469051,0.024870329,0.07083666,0.045966335,0.231943,0.22389574,-0.008047253,0.22583699,0.21805473,-0.0077822655,0.2258808,0.22007206,-0.005808741
156,12922,1.0,1.0,0.0,1.0,1.0,0.0,-0.00093302876,-0.00093302876,0.65915215,0.61241645,-0.046735704,0.5359237,0.48977152,-0.046152204,0.56903774,0.5061842,-0.062853515,0.6060261,0.54332805,-0.062698066
157,12937,1.0,1.0,0.0,1.0,1.0,0.0,-0.003752321,-0.003752321,0.460518,0.33848095,-0.12203705,0.43744677,0.17485163,-0.26259515,0.43036136,0.16019815,-0.2701632,0.45111713,0.18710321,-0.26401392
158,13138,1.0,1.0,0.0,1.0,1.0,0.0,-0.0069952123,-0.0069952123,0.33084255,0.22889623,-0.101946324,-0.0018130188,-0.13482428,-0.13301125,0.013728863,-0.13706377,-0.15079263,0.05993559,-0.081027985,-0.14096357
159,13230,1.0,1.0,0.0,1.0,1.0,0.0,0.0003235191,0.0003235191,0.3578227,0.31737274,-0.040449947,0.27992454,0.27447802,-0.0054465234,0.28619978,0.27477223,-0.0114275515,0.31087092,0.29658994,-0.014280975
160,13312,1.0,1.0,0.0,1.0,1.0,0.0,-0.0005496219,-0.0005496219,0.3149078,0.2819649,-0.03294289,0.26523665,0.20006965,-0.065166995,0.25269324,0.18292972,-0.06976351,0.2727313,0.20337653,-0.06935477
161,13314,1.0,1.0,0.0,1.0,1.0,0.0,-0.008560114,-0.008560114,0.2642177,0.41033226,0.14611456,-0.23451696,-0.24755065,-0.013033688,-0.24081081,-0.25948912,-0.018678308,-0.18797159,-0.20748991,-0.019518316
162,13613,1.0,1.0,0.0,1.0,1.0,0.0,-0.0020638779,-0.0020638779,0.3615244,0.3885535,0.027029097,0.42485473,0.46630657,0.04145184,0.4305637,0.46049044,0.029926747,0.44801846,0.4872256,0.03920713
163,13653,1.0,1.0,0.0,9.0,7.0,-2.0,0.0006460361,0.0006460361,0.31440994,0.3050271,-0.009382844,0.11856443,-0.009361765,-0.12792619,0.13901174,0.018177409,-0.120834336,0.178585,0.05501585,-0.123569146
164,13662,83.0,120.0,37.0,5.0,6.0,1.0,-0.005309405,-0.005309405,-0.15277325,-0.08761725,0.065156,-0.26950297,-0.24992003,0.019582942,-0.27018487,-0.25029516,0.019889712,-0.27497375,-0.2507951,0.024178654
165,13720,4.0,3.0,-1.0,8.0,11.0,3.0,-0.004023712,-0.004023712,0.40158474,0.35917124,-0.042413503,0.21727762,0.05941341,-0.15786421,0.2573721,0.07427681,-0.1830953,0.28948858,0.11600291,-0.17348567
166,13846,1.0,1.0,0.0,1.0,1.0,0.0,-0.00413052,-0.00413052,0.76059246,0.74497753,-0.015614927,0.66007376,0.6994973,0.039423525,0.6679805,0.7024239,0.03444338,0.7069132,0.7344672,0.027554035
167,14110,1.0,1.0,0.0,3.0,1.0,-2.0,0.0010121651,0.0010121651,0.24659239,0.21571353,-0.030878857,0.1800034,0.17559242,-0.004410982,0.1876464,0.18470308,-0.002943322,0.2065141,0.1940774,-0.012436703
168,14121,1.0,3.0,2.0,1.0,2.0,1.0,-0.005626194,-0.005626194,0.25729313,0.27401507,0.016721934,0.16429095,0.05937886,-0.10491209,0.14807421,0.04806067,-0.10001354,0.20214789,0.09980566,-0.102342226
169,14165,27.0,4.0,-23.0,27.0,30.0,3.0,0.0052479804,0.0052479804,-0.34612295,-0.24292573,0.10319722,-0.24910687,-0.2752614,-0.026154533,-0.24468394,-0.27282083,-0.028136894,-0.2864863,-0.2850683,0.0014179945
170,14179,7.0,8.0,1.0,13.0,10.0,-3.0,0.0010993239,0.0010993239,0.15374409,0.0912355,-0.06250858,-0.15261269,-0.007755944,0.14485674,-0.17443153,-0.01924817,0.15518336,-0.15705863,-0.0101338,0.14692482
171,14443,8.0,2.0,-6.0,5.0,3.0,-2.0,0.001557637,0.001557637,0.14239965,0.08387776,-0.058521897,-0.23091054,-0.25667244,-0.025761902,-0.24574548,-0.2624387,-0.016693234,-0.20729646,-0.22644548,-0.01914902
172,14528,2.0,3.0,1.0,27.0,45.0,18.0,-0.007681966,-0.007681966,0.058845986,0.06634776,0.0075017773,-0.18076843,-0.026364408,0.15440401,-0.19384047,-0.03641761,0.15742287,-0.18232095,-0.02649083,0.15583012
173,14567,1.0,3.0,2.0,1.0,1.0,0.0,0.0018421151,0.0018421151,-0.062403567,0.018585052,0.080988616,0.11916587,0.15439504,0.035229176,0.14146477,0.17753991,0.036075145,0.13087885,0.1753242,0.04444535
174,14594,1.0,1.0,0.0,1.0,1.0,0.0,-0.0015439726,-0.0015439726,0.40571737,0.21006513,-0.19565225,0.11396192,0.07306335,-0.04089857,0.14630853,0.076817885,-0.06949064,0.2172944,0.104585506,-0.11270889
175,14610,1.0,1.0,0.0,5.0,6.0,1.0,-0.006499864,-0.006499864,0.42240107,0.44867682,0.026275754,0.5316885,0.4823086,-0.049379915,0.5400723,0.5063604,-0.03371191,0.5585116,0.531992,-0.026519597
176,14644,1.0,3.0,2.0,1.0,1.0,0.0,-0.008526042,-0.008526042,0.061764218,0.05804246,-0.0037217587,-0.09887554,0.037844863,0.1367204,-0.100747235,0.03391697,0.13466421,-0.08475675,0.041052684,0.12580943
177,14793,2.0,3.0,1.0,1.0,1.0,0.0,-0.002769146,-0.002769146,0.2399669,0.310372,0.070405096,0.25956193,-0.052699536,-0.31226146,0.25056228,-0.06736328,-0.31792557,0.26500455,-0.0141579835,-0.27916253
178,14808,1.0,2.0,1.0,1.0,1.0,0.0,-0.009072151,-0.009072151,0.1009799,0.00073669734,-0.1002432,0.089783095,0.05344056,-0.036342535,0.08969471,0.047446128,-0.04224858,0.10340783,0.045127787,-0.058280043
179,14820,118.0,108.0,-10.0,26.0,18.0,-8.0,0.004252456,0.004252456,0.65339184,0.7165915,0.06319964,0.4492697,0.53780544,0.088535726,0.4590092,0.5556319,0.096622676,0.5071454,0.5990803,0.09193492
180,14898,99.0,95.0,-4.0,50.0,55.0,5.0,-0.0005871635,-0.0005871635,-0.019697769,-0.043911275,-0.024213506,-0.021646261,0.120956995,0.14260325,0.014508529,0.14949434,0.1349858,0.012683534,0.14813107,0.13544753
181,14931,2.0,3.0,1.0,1.0,1.0,0.0,-0.004291583,-0.004291583,0.7876962,0.76439714,-0.023299038,0.5597651,0.5116836,-0.048081517,0.5606298,0.5230648,-0.037564993,0.62299764,0.57323205,-0.049765587
182,15003,1.0,1.0,0.0,2.0,2.0,0.0,-0.0056517534,-0.0056517534,0.27949297,0.2813323,0.0018393397,0.13557667,0.2621208,0.12654415,0.14078298,0.26985613,0.12907314,0.16383898,0.29293215,0.12909317
183,15025,1.0,1.0,0.0,2.0,2.0,0.0,-0.00038628653,-0.00038628653,0.562173,0.4998802,-0.062292814,0.39415818,0.34883404,-0.045324147,0.41206163,0.35665724,-0.055404395,0.46777943,0.3979946,-0.06978482
184,15128,3.0,3.0,0.0,1.0,1.0,0.0,-0.001736965,-0.001736965,0.3675593,0.37878102,0.011221707,0.14172745,0.2731569,0.13142946,0.14438644,0.28070334,0.1363169,0.19735987,0.31431186,0.11695199
185,15364,1.0,1.0,0.0,2.0,1.0,-1.0,-0.002264846,-0.002264846,0.6512999,0.27556732,-0.37573257,-0.28384343,-0.3369486,-0.053105175,-0.28015473,-0.32272452,-0.042569786,-0.21383114,-0.2983738,-0.08454265
186,15492,16.0,24.0,8.0,2.0,5.0,3.0,-0.0023487695,-0.0023487695,0.24069333,0.1639606,-0.076732725,-0.17492087,0.024452822,0.19937369,-0.19411868,0.052917406,0.24703608,-0.16385935,0.083577074,0.24743643
187,15506,1.0,1.0,0.0,2.0,2.0,0.0,-0.00901119,-0.00901119,0.13985392,0.021326363,-0.11852756,0.0144056985,0.12533374,0.11092804,0.036557827,0.122126564,0.08556874,0.050237656,0.12072177,0.07048412
188,15793,1.0,1.0,0.0,7.0,4.0,-3.0,0.0011069998,0.0011069998,0.45146468,0.511491,0.060026318,0.45187885,0.47733834,0.025459498,0.4687764,0.48987556,0.02109915,0.48033828,0.5036333,0.023295045
189,15819,1.0,2.0,1.0,1.0,4.0,3.0,-0.008762158,-0.008762158,0.082792,0.10596077,0.023168772,-0.010006145,0.027709045,0.03771519,-0.03262268,-0.0051375963,0.027485084,-0.01944891,0.00790079,0.0273497
190,15939,1.0,1.0,0.0,1.0,1.0,0.0,-0.006658513,-0.006658513,-0.1947038,-0.21913679,-0.024432987,-0.1989509,-0.41308203,-0.21413113,-0.23448248,-0.4414189,-0.2069364,-0.24974197,-0.4450876,-0.19534564
191,16063,1.0,1.0,0.0,1.0,1.0,0.0,-0.0043778904,-0.0043778904,-0.159783,-0.17876337,-0.018980369,0.06438582,0.5925667,0.5281809,0.09093378,0.61881024,0.52787644,0.05987166,0.5959092,0.5360375
192,16252,15.0,13.0,-2.0,14.0,11.0,-3.0,-0.0024260804,-0.0024260804,0.22995847,0.2260045,-0.0039539784,0.035273597,0.014166624,-0.021106973,0.040219218,0.019371046,-0.020848172,0.06523688,0.043823928,-0.021412954
193,16344,49.0,155.0,106.0,2.0,3.0,1.0,-0.006811766,-0.006811766,0.40579447,0.3710329,-0.034761578,0.37076953,0.14498606,-0.22578347,0.3973251,0.16303745,-0.23428765,0.40937725,0.1992073,-0.21016994
194,16421,12.0,11.0,-1.0,3.0,3.0,0.0,-0.002090767,-0.002090767,-0.15178233,-0.015008041,0.13677429,-0.21576424,-0.06397005,0.1517942,-0.15761685,-0.034497425,0.12311943,-0.17124271,-0.035751548,0.13549116
195,16466,1.0,1.0,0.0,1.0,1.0,0.0,-0.0049201287,-0.0049201287,0.15765604,0.14870577,-0.008950278,-0.08543577,-0.056223936,0.029211834,-0.086360686,-0.06138502,0.024975665,-0.07095414,-0.04515898,0.025795158
196,16616,1.0,1.0,0.0,1.0,1.0,0.0,-0.0040014535,-0.0040014535,0.5349744,0.47630006,-0.058674335,0.16338316,0.22868963,0.06530647,0.16374722,0.22626278,0.06251556,0.22254637,0.26654232,0.043995947
197,16635,4.0,15.0,11.0,1.0,2.0,1.0,-0.010496203,-0.010496203,-0.012571464,0.032050777,0.044622242,-0.11415373,-0.09538371,0.018770017,-0.12312176,-0.10530926,0.017812498,-0.11573179,-0.09507872,0.020653069
198,16655,6.0,3.0,-3.0,2.0,1.0,-1.0,0.0071115494,0.0071115494,-0.23909585,-0.15807204,0.08102381,0.0815169,-0.0011293645,-0.082646266,0.076859705,-0.013763888,-0.090623595,0.023653526,-0.044307567,-0.0679611
199,16702,2.0,3.0,1.0,2.0,2.0,0.0,-0.008527607,-0.008527607,0.52282006,0.5225472,-0.00027287006,0.34098107,0.42636234,0.08538127,0.35608202,0.42422223,0.06814021,0.3940334,0.45314708,0.05911368
200,16723,1.0,1.0,0.0,1.0,1.0,0.0,-0.0026569664,-0.0026569664,0.76676476,0.76104134,-0.005723417,0.6460707,0.717493,0.07142228,0.66211236,0.7212096,0.05909723,0.70331883,0.75282305,0.04950422
201,16823,3.0,3.0,0.0,1.0,1.0,0.0,0.0011247434,0.0011247434,0.047510896,0.03833312,-0.009177774,-0.03741749,-0.012049689,0.0253678,-0.037523538,-0.020413311,0.017110227,-0.027257252,-0.013954415,0.0133028375
202,16841,1.0,1.0,0.0,1.0,1.0,0.0,-0.0025526024,-0.0025526024,0.49187604,0.46237868,-0.029497355,0.41215476,0.45454517,0.042390406,0.41754994,0.45335478,0.035804838,0.4455849,0.46447906,0.018894166
203,16865,1.0,1.0,0.0,1.0,1.0,0.0,-0.0014176257,-0.0014176257,0.6449227,0.662359,0.017436326,0.5665529,0.4346982,-0.13185468,0.57238674,0.4265447,-0.14584205,0.60644996,0.4934834,-0.11296657
204,16868,5.0,6.0,1.0,1.0,1.0,0.0,-0.005386904,-0.005386904,-0.042457275,-0.10311087,-0.060653597,-0.015316541,-0.03643201,-0.021115467,0.025258254,-0.030022841,-0.055281095,0.016520116,-0.040547643,-0.05706776
205,16917,31.0,25.0,-6.0,1.0,2.0,1.0,-0.0017965492,-0.0017965492,-0.24076594,-0.2211363,0.019629642,-0.24167368,-0.3087131,-0.06703943,-0.2584989,-0.31948814,-0.06098923,-0.26837602,-0.32817686,-0.059800833
206,17048,6.0,8.0,2.0,1.0,1.0,0.0,-0.0014652014,-0.0014652014,0.42621055,0.40174702,-0.024463534,0.42516878,0.42628086,0.0011120737,0.42177877,0.4239537,0.0021749437,0.43551606,0.43159163,-0.0039244294
207,17230,53.0,18.0,-35.0,179.0,101.0,-78.0,0.005289292,0.005289292,0.45132712,0.4585539,0.007226795,-0.051502004,-0.19430217,-0.14280017,-0.033434242,-0.1761955,-0.14276126,0.033695593,-0.12473843,-0.15843403
208,17238,1.0,1.0,0.0,3.0,1.0,-2.0,0.0028797537,0.0028797537,0.010916456,-0.031047096,-0.04196355,-0.026083805,0.008216125,0.03429993,-0.041036982,0.013948928,0.05498591,-0.03983133,0.010870013,0.050701343
209,17369,4.0,2.0,-2.0,7.0,10.0,3.0,-0.00014521554,-0.00014521554,0.36828324,0.3841423,0.015859067,0.26676905,0.24281822,-0.02395083,0.2911636,0.2594871,-0.0316765,0.3358125,0.30470663,-0.031105876
210,17374,1.0,1.0,0.0,1.0,1.0,0.0,-0.0052771345,-0.0052771345,-0.2179569,-0.122577,0.095379904,-0.20775108,-0.4914025,-0.2836514,-0.19965063,-0.48841876,-0.2887681,-0.21236838,-0.47803864,-0.26567024
211,17450,14.0,9.0,-5.0,10.0,6.0,-4.0,-0.0018747225,-0.0018747225,0.6209602,0.65848255,0.037522376,0.5024946,0.5030987,0.0006041527,0.526864,0.51669395,-0.0101700425,0.5597047,0.5600906,0.00038588047
212,17463,6.0,8.0,2.0,2.0,2.0,0.0,-0.004816897,-0.004816897,0.7781662,0.82618016,0.048013985,0.66433054,0.6991209,0.034790337,0.7064039,0.72763896,0.021235049,0.7498414,0.7741542,0.024312794
213,17485,2.0,2.0,0.0,1.0,1.0,0.0,-0.0011157133,-0.0011157133,0.45916837,0.47999993,0.020831555,0.36327675,0.35974076,-0.003535986,0.37170005,0.36245418,-0.0092458725,0.4068718,0.4066997,-0.00017210841
214,17549,1.0,2.0,1.0,1.0,1.0,0.0,-0.00672945,-0.00672945,0.28042755,0.2612488,-0.019178748,0.18793452,0.04438706,-0.14354746,0.1795174,0.025733937,-0.15378347,0.20209368,0.061406586,-0.1406871
215,17595,1.0,2.0,1.0,2.0,2.0,0.0,-0.009297904,-0.009297904,0.37482697,0.29288873,-0.08193824,-0.04946698,0.02444,0.07390698,-0.060937267,-0.02084823,0.040089037,0.010475528,0.03381153,0.023336
216,17776,1.0,2.0,1.0,1.0,1.0,0.0,-0.010080066,-0.010080066,0.32983544,0.5085462,0.17871073,0.1976912,0.25082248,0.053131282,0.1921574,0.25645158,0.064294174,0.22685212,0.2960887,0.06923658
217,17794,2.0,3.0,1.0,1.0,1.0,0.0,-0.0054321475,-0.0054321475,-0.59113955,-0.4122968,0.17884275,-0.05721923,-0.11136201,-0.05414278,-0.05269781,-0.108846016,-0.056148205,-0.13577552,-0.15351361,-0.017738089
218,17934,5.0,9.0,4.0,1.0,1.0,0.0,-0.002811078,-0.002811078,0.48632964,0.45075312,-0.035576522,0.13400182,0.088466026,-0.045535795,0.12362478,0.079348415,-0.044276364,0.18667643,0.13548674,-0.05118969
219,17942,21.0,38.0,17.0,10.0,16.0,6.0,-0.008662699,-0.008662699,0.30066264,0.3749094,0.074246764,0.36243698,0.3564583,-0.0059786737,0.3691914,0.35623866,-0.012952745,0.38650113,0.38660407,0.00010293722
220,18268,1.0,1.0,0.0,1.0,1.0,0.0,-0.0042466745,-0.0042466745,0.115951076,0.21965422,0.10370314,-0.06142424,-0.0080840355,0.053340204,-0.0622599,-0.008553389,0.05370651,-0.054020945,0.005089301,0.059110247
221,18434,1.0,1.0,0.0,1.0,1.0,0.0,-0.002050344,-0.002050344,0.54012215,0.4998834,-0.040238738,0.61318576,0.52124876,-0.091937006,0.6246001,0.5289293,-0.09567082,0.6300106,0.5406477,-0.08936292
222,18483,9.0,7.0,-2.0,30.0,34.0,4.0,7.757917e-05,7.757917e-05,0.2878228,0.30254927,0.01472646,0.17357582,0.1893553,0.01577948,0.16358426,0.1747672,0.011182934,0.20122346,0.21250542,0.011281952
223,18505,1.0,1.0,0.0,1.0,1.0,0.0,-0.001345545,-0.001345545,0.506495,0.39901015,-0.10748485,0.15104306,0.14040819,-0.010634869,0.13435733,0.13951662,0.0051592886,0.21950446,0.19689009,-0.022614375
224,18535,1.0,1.0,0.0,1.0,1.0,0.0,-0.0018230602,-0.0018230602,0.20386226,0.14104354,-0.06281872,-0.08921601,-0.1068709,-0.017654888,-0.120434515,-0.1455348,-0.025100283,-0.07298379,-0.10262119,-0.029637404
225,18543,1.0,1.0,0.0,1.0,2.0,1.0,-0.0008241497,-0.0008241497,0.39150274,0.5036848,0.11218208,-0.006351442,0.22143827,0.22778971,-0.04224096,0.22225156,0.2644925,0.011530946,0.28403476,0.27250382
226,18690,2.0,2.0,0.0,1.0,1.0,0.0,-0.0030431487,-0.0030431487,-0.53375286,-0.3039294,0.22982347,0.48889455,0.618991,0.13009647,0.5335585,0.6675239,0.13396543,0.42683354,0.63475734,0.2079238
227,18796,1.0,1.0,0.0,1.0,1.0,0.0,-0.006358709,-0.006358709,0.22494517,0.16713285,-0.05781232,0.14048073,0.20362279,0.06314206,0.12761214,0.18112499,0.05351284,0.15819913,0.20189734,0.043698207
228,19074,3.0,4.0,1.0,2.0,1.0,-1.0,0.00096556917,0.00096556917,-0.0172405,0.10593691,0.12317741,-0.037779726,0.017091053,0.054870777,-0.054786325,0.025539657,0.08032598,-0.05459873,0.03641885,0.09101758
229,19181,14.0,22.0,8.0,109.0,244.0,135.0,-0.005537088,-0.005537088,0.21200034,0.24087155,0.028871208,-0.05538667,-0.010605699,0.04478097,-0.08456891,-0.026181009,0.0583879,-0.042073227,0.010788471,0.052861698
230,19199,1.0,1.0,0.0,1.0,1.0,0.0,-0.003507208,-0.003507208,0.6452758,0.63777727,-0.0074985027,0.4949081,0.5892104,0.0943023,0.50878567,0.60720694,0.098421276,0.5557115,0.63011295,0.07440144
231,19200,1.0,1.0,0.0,1.0,1.0,0.0,-0.00567038,-0.00567038,0.720958,0.71722037,-0.0037376285,0.57226783,0.43393752,-0.13833031,0.5805107,0.43094242,-0.14956826,0.6143261,0.49484962,-0.1194765
232,19292,1.0,1.0,0.0,1.0,1.0,0.0,-0.0047626533,-0.0047626533,0.34712914,0.26747134,-0.07965779,0.32885605,0.31678012,-0.012075931,0.343186,0.35533634,0.012150347,0.36248383,0.36541566,0.0029318333
233,19436,2.0,1.0,-1.0,1.0,1.0,0.0,-0.0014078431,-0.0014078431,0.48786882,0.5839302,0.09606138,0.16141428,0.28286874,0.12145446,0.15862598,0.2703374,0.11171143,0.20490837,0.32738945,0.12248108
234,19573,3.0,12.0,9.0,3.0,6.0,3.0,-0.006728595,-0.006728595,0.6950206,0.7459439,0.050923288,0.552955,0.610559,0.057604015,0.55949724,0.6110153,0.051518083,0.60383534,0.64814,0.04430467
235,19642,5.0,3.0,-2.0,7.0,8.0,1.0,0.00021626055,0.00021626055,0.36018145,0.37348673,0.013305277,0.075411506,0.061187536,-0.0142239705,0.10255384,0.083405145,-0.019148692,0.16308874,0.14998578,-0.013102964
236,19672,114.0,109.0,-5.0,14.0,4.0,-10.0,0.0029771514,0.0029771514,0.26442304,0.3110041,0.04658106,-0.20462045,-0.21444827,-0.009827822,-0.2079848,-0.22175933,-0.013774529,-0.19263797,-0.20297952,-0.010341555
237,19690,3.0,4.0,1.0,2.0,2.0,0.0,0.0011118315,0.0011118315,0.09280898,0.17988347,0.08707449,0.32077843,0.26970994,-0.051068485,0.3290386,0.26523593,-0.06380266,0.3367455,0.28045988,-0.05628562
238,19933,38.0,41.0,3.0,18.0,2.0,-16.0,0.00034008548,0.00034008548,0.18949799,0.13113639,-0.058361605,0.064841,0.05310562,-0.011735383,0.06219938,0.052903112,-0.009296268,0.07723272,0.06324644,-0.013986282
239,20054,1.0,4.0,3.0,2.0,3.0,1.0,-0.009733051,-0.009733051,0.07883718,-0.15335108,-0.23218825,0.07959807,-0.10420951,-0.18380758,0.12172111,-0.066579826,-0.18830094,0.122285426,-0.0777707,-0.20005614
240,20064,2.0,2.0,0.0,1.0,1.0,0.0,-0.0013629906,-0.0013629906,0.06345191,0.010727313,-0.052724596,-0.008925239,-0.08435546,-0.07543022,-0.01303828,-0.08201141,-0.06897313,-0.0028470163,-0.074191645,-0.07134463
241,20080,1.0,2.0,1.0,5.0,8.0,3.0,-0.004936751,-0.004936751,-0.029356215,-0.110992536,-0.081636325,0.44473156,-0.17444305,-0.6191746,0.46426454,-0.15905721,-0.6233218,0.44680917,-0.16263913,-0.6094483
242,20206,1.0,1.0,0.0,1.0,1.0,0.0,-0.008447997,-0.008447997,0.020848315,-0.09047074,-0.11131905,-0.04142866,-0.041686364,-0.0002577044,-0.060026128,-0.05599132,0.004034806,-0.04870376,-0.06291749,-0.014213733
243,20223,1.0,1.0,0.0,3.0,3.0,0.0,-0.001389727,-0.001389727,-0.20060155,0.01842203,0.21902359,0.7250548,0.69370663,-0.03134817,0.7429106,0.71672255,-0.026188076,0.7240413,0.707961,-0.01608026
244,20265,167.0,114.0,-53.0,17.0,7.0,-10.0,0.0037579574,0.0037579574,0.5472865,0.60568017,0.058393657,-0.078207105,0.35747084,0.43567795,-0.047550365,0.37312496,0.42067534,0.010982618,0.42951426,0.41853166
245,20307,1.0,7.0,6.0,1.0,1.0,0.0,-0.008391693,-0.008391693,0.51431555,0.59551686,0.081201315,0.7250339,0.48976597,-0.2352679,0.7456249,0.51543134,-0.23019356,0.7484269,0.5619207,-0.18650621
246,20442,1.0,2.0,1.0,1.0,1.0,0.0,-0.011707444,-0.011707444,-0.004924284,-0.015204589,-0.0102803055,0.11432481,0.12375678,0.009431973,0.117549874,0.13232593,0.0147760585,0.10595908,0.120226435,0.014267355
247,20633,34.0,17.0,-17.0,8.0,8.0,0.0,0.0031362586,0.0031362586,0.17158848,0.067414984,-0.1041735,-0.04629543,-0.11347947,-0.067184046,-0.048034303,-0.109094314,-0.06106001,-0.032577213,-0.09715849,-0.064581275
248,20650,20.0,21.0,1.0,1.0,1.0,0.0,0.000582302,0.000582302,0.13110249,-0.087265454,-0.21836793,-0.11200512,0.043987256,0.15599237,-0.11245461,0.03756888,0.15002349,-0.08811977,0.021794213,0.10991398
249,20702,1.0,1.0,0.0,2.0,2.0,0.0,-0.0023757443,-0.0023757443,-0.033391915,-0.06204021,-0.028648295,-0.07826967,-0.24912919,-0.17085952,-0.08426516,-0.264258,-0.17999284,-0.08089478,-0.24663822,-0.16574344
250,20738,1.0,1.0,0.0,1.0,1.0,0.0,0.0006266758,0.0006266758,0.580578,0.57426465,-0.0063133836,0.53404266,0.49690622,-0.037136436,0.5798961,0.5560057,-0.023890376,0.6008551,0.58764756,-0.013207555
251,20777,61.0,152.0,91.0,3.0,9.0,6.0,-0.0067293625,-0.0067293625,0.17874941,0.07869018,-0.10005923,0.25630018,-0.168719,-0.42501917,0.25887844,-0.21543983,-0.47431827,0.2634546,-0.1870556,-0.4505102
252,20820,11.0,7.0,-4.0,25.0,29.0,4.0,-0.00012979656,-0.00012979656,-0.01703373,-0.028043294,-0.011009565,-0.055525504,-0.100863986,-0.04533848,-0.038195018,-0.09228897,-0.054093953,-0.038946737,-0.09135242,-0.05240568
253,21108,2.0,1.0,-1.0,3.0,2.0,-1.0,0.005483173,0.005483173,0.52392733,0.48191848,-0.042008847,0.23938616,0.2459492,0.0065630376,0.24666317,0.25358793,0.0069247633,0.33836052,0.32517853,-0.013181984
254,21192,1.0,1.0,0.0,1.0,1.0,0.0,-0.008428063,-0.008428063,0.08394543,-0.095139414,-0.17908484,-0.015246263,0.16222706,0.17747332,0.0051756757,0.18446164,0.17928596,0.019372389,0.14473923,0.12536684
255,21194,10.0,10.0,0.0,9.0,16.0,7.0,-0.0050655697,-0.0050655697,0.34784335,0.3788321,0.030988753,0.094004616,0.15050443,0.05649981,0.03382969,0.0915441,0.05771441,0.1358638,0.16580455,0.029940754
256,21197,1.0,1.0,0.0,1.0,1.0,0.0,-0.002549164,-0.002549164,0.061638534,0.39297244,0.3313339,0.27665597,0.15144889,-0.12520708,0.2892123,0.15293992,-0.13627237,0.29088035,0.196356,-0.094524354
257,21218,9.0,7.0,-2.0,4.0,3.0,-1.0,0.00033104047,0.00033104047,0.01336195,0.049296062,0.035934113,-0.016679067,-0.023344418,-0.006665351,-0.030438865,-0.022713576,0.007725289,-0.029499715,-0.017176386,0.012323329
258,21253,1.0,1.0,0.0,1.0,1.0,0.0,-0.002320554,-0.002320554,0.78163385,0.74393135,-0.0377025,0.7041651,0.7328694,0.028704286,0.71097934,0.7384749,0.027495563,0.7451915,0.7569328,0.011741281
259,21279,14.0,9.0,-5.0,1.0,1.0,0.0,0.0056217834,0.0056217834,0.33757815,0.24311264,-0.09446551,0.52087253,0.40041694,-0.12045559,0.5380141,0.4302798,-0.10773432,0.5473162,0.4456972,-0.101619005
260,21318,2.0,4.0,2.0,1.0,1.0,0.0,-0.0039754175,-0.0039754175,-0.3973274,-0.36858156,0.02874583,-0.21834658,-0.18382153,0.03452505,-0.23938489,-0.20017,0.039214894,-0.28124228,-0.24248075,0.038761526
261,21508,15.0,19.0,4.0,3.0,3.0,0.0,-0.0064307824,-0.0064307824,0.7934563,0.76456535,-0.028890967,0.31972638,0.38936338,0.069637,0.3052827,0.38558686,0.080304146,0.40681595,0.46795106,0.061135113
262,21526,1.0,1.0,0.0,1.0,1.0,0.0,0.0020642318,0.0020642318,0.29349965,0.28364,-0.009859651,0.38184568,0.15802617,-0.22381951,0.38249457,0.16489589,-0.21759868,0.3826519,0.18898274,-0.19366916
263,21553,4.0,4.0,0.0,1.0,1.0,0.0,-0.0035619214,-0.0035619214,0.7382915,0.70304364,-0.035247862,0.6918293,0.61054176,-0.08128756,0.701272,0.61820585,-0.083066165,0.72507334,0.6501266,-0.07494676
264,21601,1.0,1.0,0.0,1.0,1.0,0.0,-0.009780422,-0.009780422,0.17215694,0.24010693,0.06794998,0.13844238,0.1935971,0.05515471,0.14011043,0.20719674,0.06708631,0.16001122,0.21906617,0.059054956
265,21703,5.0,3.0,-2.0,6.0,3.0,-3.0,0.0032351613,0.0032351613,0.24238093,0.33574033,0.093359396,0.1157426,0.13775373,0.022011124,0.12304606,0.14312232,0.020076253,0.15077919,0.18522926,0.03445007
266,21950,1.0,1.0,0.0,1.0,1.0,0.0,-0.0056317076,-0.0056317076,0.18285103,0.2398342,0.056983173,0.28152192,0.09166882,-0.1898531,0.29322234,0.10111801,-0.19210432,0.3082452,0.1368738,-0.17137142
267,21989,3.0,5.0,2.0,1.0,1.0,0.0,-0.0010384955,-0.0010384955,0.18526565,0.14507198,-0.040193662,0.056685712,0.022622745,-0.034062967,0.0416478,0.00680932,-0.03483848,0.059857342,0.02274411,-0.037113234
268,22138,4.0,3.0,-1.0,2.0,2.0,0.0,-0.0018189512,-0.0018189512,0.18728684,0.10865929,-0.07862755,-0.4624815,-0.22431448,0.23816702,-0.4835641,-0.24234557,0.24121854,-0.46728593,-0.22383152,0.24345441
269,22143,6.0,1.0,-5.0,2.0,1.0,-1.0,0.006305389,0.006305389,0.66955984,0.646804,-0.022755861,0.13572767,0.2288475,0.09311983,0.111559235,0.21462977,0.103070535,0.19810216,0.27798733,0.07988517
270,22155,12.0,8.0,-4.0,2.0,4.0,2.0,0.00029602647,0.00029602647,0.46205744,0.49205154,0.0299941,0.2749799,0.3035552,0.028575301,0.27804372,0.28733593,0.009292215,0.3074633,0.3282765,0.020813197
271,22263,5.0,4.0,-1.0,1.0,1.0,0.0,0.0039791986,0.0039791986,-0.10108871,-0.08564641,0.015442297,0.14347523,-0.02105917,-0.1645344,0.14291653,-0.004967682,-0.14788422,0.12856127,-0.0153863,-0.14394757
272,22387,1.0,1.0,0.0,1.0,1.0,0.0,-0.006156143,-0.006156143,0.18164127,0.13382107,-0.047820196,0.03634927,0.11382305,0.077473775,0.043622795,0.12634738,0.082724586,0.06159897,0.13288966,0.07129069
273,22495,4.0,6.0,2.0,1.0,1.0,0.0,-0.004599966,-0.004599966,0.35257757,0.3847482,0.032170624,0.27858067,0.2234865,-0.055094168,0.28371513,0.22778974,-0.055925384,0.31597674,0.27433902,-0.04163772
274,22505,5.0,3.0,-2.0,4.0,2.0,-2.0,0.0015329719,0.0015329719,-0.22842638,-0.0077805705,0.22064582,0.09089954,0.1531762,0.06227666,0.10101515,0.16050294,0.05948779,0.07037146,0.15285946,0.08248801
275,22515,4.0,8.0,4.0,2.0,1.0,-1.0,-0.00701192,-0.00701192,0.46520317,0.43877771,-0.026425451,-0.06269477,-0.023754232,0.03894054,-0.052689064,-0.018829618,0.033859447,0.0036435316,0.040477775,0.036834244
276,22523,1.0,1.0,0.0,1.0,1.0,0.0,-0.003179431,-0.003179431,-0.020685732,-0.019025426,0.001660306,0.16716284,0.22380042,0.056637585,0.18170595,0.23363751,0.05193156,0.17428699,0.22527108,0.050984085
277,22530,44.0,57.0,13.0,3.0,2.0,-1.0,-0.0001876168,-0.0001876168,0.59728503,0.56688404,-0.030400991,0.5444649,0.42565566,-0.11880922,0.54849964,0.440097,-0.10840264,0.57352465,0.48481113,-0.08871353
278,22585,2.0,1.0,-1.0,1.0,1.0,0.0,0.0035551712,0.0035551712,0.102462456,0.11528717,0.012824714,0.028035674,-0.018553387,-0.04658906,0.01527824,-0.052222293,-0.06750053,0.028564677,-0.036442187,-0.06500687
279,22587,2.0,4.0,2.0,1.0,1.0,0.0,-0.0013534725,-0.0013534725,-0.1590218,-0.13105784,0.027963951,0.002117302,0.086775616,0.08465832,0.021303056,0.081470236,0.06016718,-0.018183025,0.049866468,0.06804949
280,22772,4.0,2.0,-2.0,1.0,1.0,0.0,0.0017061941,0.0017061941,0.36388338,0.39759785,0.033714473,0.33910298,0.32776847,-0.011334509,0.3428212,0.32912984,-0.013691366,0.37349036,0.37851328,0.005022913
281,22782,18.0,14.0,-4.0,2.0,1.0,-1.0,0.002460979,0.002460979,-0.3482217,-0.3574492,-0.009227514,-0.25139883,-0.21841145,0.032987386,-0.2602518,-0.2179163,0.042335495,-0.27950227,-0.23993017,0.039572105
282,22794,7.0,2.0,-5.0,2.0,1.0,-1.0,0.0013070852,0.0013070852,0.1872051,0.13709775,-0.05010736,0.14867216,0.17238882,0.023716658,0.1662308,0.18452102,0.018290222,0.17969994,0.18262911,0.002929166
283,22809,2.0,5.0,3.0,1.0,2.0,1.0,-0.009168431,-0.009168431,-0.013160505,0.0020123103,0.015172816,0.03508161,0.03302831,-0.0020533018,0.02768597,0.02990178,0.0022158101,0.025096236,0.02940012,0.0043038838
284,22845,1.0,4.0,3.0,1.0,1.0,0.0,-0.003269963,-0.003269963,0.6127962,0.7122292,0.099433005,0.46078178,0.4691545,0.008372724,0.47554973,0.48085657,0.00530684,0.52499753,0.5396345,0.014636993
285,22873,5.0,16.0,11.0,9.0,5.0,-4.0,-0.00199664,-0.00199664,0.3549322,0.47301582,0.118083626,0.167687,0.16147333,-0.006213665,0.17083195,0.15422237,-0.01660958,0.21309185,0.21222207,-0.0008697808
286,22879,4.0,2.0,-2.0,1.0,1.0,0.0,-0.001840096,-0.001840096,0.12840286,0.21023345,0.08183059,0.08002491,0.18471268,0.104687765,0.08956766,0.19536926,0.1058016,0.09998335,0.20602071,0.10603736
287,22886,1.0,1.0,0.0,2.0,3.0,1.0,-0.005008608,-0.005008608,0.16901688,0.13832843,-0.03068845,0.09908514,-0.027126316,-0.12621145,0.0505849,-0.047217004,-0.09780191,0.08053973,-0.012809185,-0.09334892
288,22957,2.0,2.0,0.0,1.0,1.0,0.0,-0.0024846569,-0.0024846569,-0.11878021,-0.21081936,-0.09203915,-0.050601255,0.05386232,0.10446358,-0.047192495,0.053629853,0.100822344,-0.058252323,0.030274427,0.08852675
289,22967,1.0,1.0,0.0,1.0,1.0,0.0,-0.0047132373,-0.0047132373,0.3275757,0.14478932,-0.18278639,0.0018074282,0.22806187,0.22625445,0.013788617,0.24169172,0.22790311,0.060101554,0.24800651,0.18790495
290,22993,2.0,1.0,-1.0,4.0,4.0,0.0,0.0027789026,0.0027789026,0.24823979,0.42807424,0.17983446,0.38359618,0.63941044,0.25581425,0.38810942,0.65959865,0.27148923,0.39402422,0.65870863,0.2646844
291,23036,1.0,3.0,2.0,1.0,5.0,4.0,-0.011269674,-0.011269674,0.44987807,0.4963539,0.046475828,0.55736625,0.52115834,-0.036207914,0.5509551,0.5213275,-0.029627621,0.5744975,0.5489468,-0.025550723
292,23241,28.0,13.0,-15.0,8.0,5.0,-3.0,0.002951242,0.002951242,-0.09402016,-0.16521603,-0.07119587,-0.0666597,-0.10115868,-0.034498982,-0.07349703,-0.09430139,-0.02080436,-0.08240633,-0.10781965,-0.02541332
293,23492,212.0,277.0,65.0,6.0,9.0,3.0,-0.0022245534,-0.0022245534,0.4405913,0.43146676,-0.009124547,-0.2062109,-0.10181187,0.104399025,-0.22685815,-0.11084102,0.11601713,-0.18201002,-0.0641283,0.11788172
294,23715,16.0,23.0,7.0,1.0,1.0,0.0,-0.0026644915,-0.0026644915,0.089045994,0.27265286,0.18360686,0.1453729,0.17114043,0.025767535,0.1002462,0.11860213,0.018355928,0.11009469,0.15454935,0.044454657
295,23729,1.0,1.0,0.0,1.0,1.0,0.0,-0.0031539164,-0.0031539164,-0.009845252,0.07385979,0.08370504,0.3540523,0.32320485,-0.03084746,0.35941324,0.30783337,-0.051579863,0.3503855,0.3111219,-0.039263576
296,23871,68.0,28.0,-40.0,9.0,2.0,-7.0,0.007844267,0.007844267,0.23362535,0.14464423,-0.08898112,0.09647505,-0.23328923,-0.32976428,0.07920857,-0.25042146,-0.32963002,0.1093062,-0.22901471,-0.3383209
297,23876,2.0,3.0,1.0,1.0,1.0,0.0,-0.004007317,-0.004007317,0.076423794,0.12591402,0.04949023,-0.20094644,-0.15235335,0.04859309,-0.19650263,-0.15068267,0.045819953,-0.16716398,-0.124917105,0.04224688
298,23883,71.0,80.0,9.0,78.0,92.0,14.0,-0.0017929394,-0.0017929394,0.30443138,0.2739778,-0.030453593,0.12175808,-0.015795564,-0.13755365,0.09892458,-0.0058075353,-0.10473211,0.13509648,0.030846003,-0.104250476
299,23993,2.0,1.0,-1.0,1.0,1.0,0.0,0.0006017387,0.0006017387,0.008222919,0.1447761,0.13655318,0.15576874,-0.032625873,-0.1883946,0.17299783,-0.02249436,-0.1954922,0.16300006,-0.0055374783,-0.16853754
300,24202,1.0,1.0,0.0,2.0,1.0,-1.0,-0.008187979,-0.008187979,0.18575817,0.36289886,0.17714068,0.2906074,0.13508429,-0.1555231,0.29451233,0.14446782,-0.15004452,0.29886153,0.17958789,-0.11927365
301,24214,12.0,4.0,-8.0,25.0,18.0,-7.0,0.0046573654,0.0046573654,0.463192,0.5816287,0.118436694,0.25702873,0.38523918,0.12821046,0.3006632,0.4505116,0.1498484,0.38182595,0.51664484,0.13481888
302,24264,1.0,1.0,0.0,1.0,1.0,0.0,-0.0028648525,-0.0028648525,0.29461372,0.21665932,-0.0779544,0.25499323,0.21340257,-0.04159066,0.25077978,0.21755992,-0.03321986,0.26837602,0.22219452,-0.0461815
303,24317,7.0,17.0,10.0,2.0,3.0,1.0,-0.0051169656,-0.0051169656,0.342856,0.38532716,0.04247117,0.22662301,0.18673606,-0.03988695,0.23108001,0.20627806,-0.024801955,0.2656436,0.24266005,-0.022983551
304,24480,39.0,25.0,-14.0,4.0,7.0,3.0,0.00034818053,0.00034818053,0.05539053,-0.026450489,-0.08184102,0.018107438,-0.008085866,-0.026193306,0.018807322,-0.007228638,-0.02603596,0.023232961,-0.009391801,-0.032624763
305,24517,5.0,16.0,11.0,7.0,5.0,-2.0,-0.0024923459,-0.0024923459,-0.009952826,0.040696505,0.05064933,0.06362772,0.1016998,0.03807208,0.04322398,0.08554674,0.04232276,0.042103983,0.088313445,0.046209462
306,24530,3.0,4.0,1.0,5.0,5.0,0.0,-0.00066418946,-0.00066418946,-0.3237236,-0.40357602,-0.0798524,0.20109822,0.010732765,-0.19036545,0.18417436,0.018783478,-0.16539088,0.12392761,-0.031899102,-0.15582672
307,24560,1.0,1.0,0.0,1.0,1.0,0.0,-0.0018951781,-0.0018951781,0.43853733,0.5211184,0.08258107,0.4745817,0.4523775,-0.02220419,0.49278313,0.47866333,-0.014119804,0.5024663,0.49959275,-0.0028735697
308,24638,2.0,4.0,2.0,2.0,1.0,-1.0,-0.006217517,-0.006217517,0.055226095,0.137455,0.08222891,0.0605623,-0.09248609,-0.1530484,0.11178405,-0.07859837,-0.19038242,0.11771741,-0.054632217,-0.17234963
309,24640,22.0,27.0,5.0,22.0,18.0,-4.0,-0.0022182502,-0.0022182502,-0.024722327,0.06705838,0.09178071,-0.019267796,0.26946813,0.28873593,-0.009605916,0.28658262,0.29618853,-0.012593964,0.2941002,0.30669415
310,24649,9.0,12.0,3.0,4.0,1.0,-3.0,-0.0040354617,-0.0040354617,0.5646813,0.5360686,-0.028612673,0.3119763,0.30879074,-0.0031855702,0.31249166,0.32729012,0.014798462,0.37927976,0.4014872,0.022207439
311,24739,6.0,2.0,-4.0,2.0,1.0,-1.0,-2.5741756e-05,-2.5741756e-05,0.13424931,0.054307926,-0.07994139,0.027286915,0.10525997,0.07797305,0.05993776,0.1406599,0.08072214,0.08372859,0.14117359,0.057444997
312,24740,1.0,2.0,1.0,1.0,1.0,0.0,-0.0038570128,-0.0038570128,0.30013305,0.29020458,-0.009928465,0.08976866,0.19518206,0.10541339,0.10003952,0.24138366,0.14134413,0.15031482,0.2671844,0.116869584
313,24787,1.0,1.0,0.0,2.0,3.0,1.0,-0.002397146,-0.002397146,0.11176152,0.06673953,-0.04502199,0.09796127,0.053334,-0.044627268,0.11930616,0.068322614,-0.05098355,0.123150915,0.07094168,-0.052209236
314,24846,4.0,6.0,2.0,5.0,4.0,-1.0,-0.0051533654,-0.0051533654,0.5968444,0.38594612,-0.21089825,-0.14853035,-0.24898703,-0.100456685,-0.16269724,-0.25838628,-0.09568904,-0.109577686,-0.22638991,-0.11681223
315,25059,87.0,73.0,-14.0,42.0,26.0,-16.0,0.0009550229,0.0009550229,0.65029913,0.6287391,-0.021560013,0.5569854,0.5891421,0.032156706,0.5720252,0.6011989,0.029173732,0.6010025,0.61795324,0.016950727
316,25091,3.0,1.0,-2.0,16.0,23.0,7.0,-0.0038615912,-0.0038615912,-0.33093134,-0.2783963,0.052535027,-0.3920944,-0.20720278,0.18489163,-0.42987213,-0.20260903,0.2272631,-0.46118906,-0.2527431,0.20844597
317,25111,9.0,4.0,-5.0,10.0,8.0,-2.0,0.007522911,0.007522911,0.5884475,0.6248266,0.0363791,0.09779793,0.18233304,0.08453511,0.09261187,0.1913478,0.09873592,0.179415,0.31524953,0.13583453
318,25205,1.0,1.0,0.0,1.0,1.0,0.0,0.005540844,0.005540844,-0.23367156,-0.21451086,0.019160703,0.23402503,0.28717905,0.05315402,0.23641822,0.27863172,0.0422135,0.20075397,0.2483931,0.04763913
319,25250,1.0,1.0,0.0,1.0,1.0,0.0,-0.008416198,-0.008416198,0.22139356,0.11670464,-0.10468891,0.0053342683,0.11660549,0.111271225,0.02559786,0.1369879,0.11139004,0.045125186,0.14530422,0.10017903
320,25268,1.0,1.0,0.0,2.0,2.0,0.0,-0.0011848509,-0.0011848509,0.08577116,0.08170764,-0.004063517,0.07629099,0.20005327,0.12376229,0.12980554,0.2454781,0.11567256,0.13654637,0.24699631,0.11044994
321,25284,2.0,4.0,2.0,1.0,1.0,0.0,-0.010222051,-0.010222051,0.22618023,0.036200907,-0.18997931,0.43650517,0.27620173,-0.16030344,0.45460874,0.30048245,-0.15412629,0.46392715,0.29422346,-0.16970369
322,25287,1.0,1.0,0.0,5.0,12.0,7.0,-0.004597623,-0.004597623,0.035692897,-0.10652719,-0.14222008,0.07440773,-0.05122743,-0.12563516,0.091675736,-0.032270294,-0.123946026,0.090750284,-0.04355256,-0.13430284
323,25318,2.0,1.0,-1.0,1.0,1.0,0.0,-0.0025586337,-0.0025586337,0.011050578,0.18805914,0.17700855,0.2004247,0.26511732,0.06469262,0.20009477,0.27095097,0.0708562,0.20224781,0.28496876,0.08272095
324,25319,1.0,1.0,0.0,1.0,1.0,0.0,-0.0034170412,-0.0034170412,0.057415206,0.15027371,0.09285851,0.0019581832,0.09241133,0.09045315,0.0029189743,0.08796568,0.08504671,0.0072834687,0.09723276,0.08994929
325,25371,2.0,2.0,0.0,1.0,1.0,0.0,-0.00048784167,-0.00048784167,0.345965,0.39239386,0.04642886,0.24554662,0.36062667,0.11508004,0.24010803,0.37170208,0.13159405,0.26436046,0.39660493,0.13224447
326,25454,1.0,1.0,0.0,1.0,1.0,0.0,0.0023339987,0.0023339987,0.093859,0.09769167,0.003832668,0.07400937,0.08615904,0.012149677,0.08959829,0.10496934,0.015371047,0.102271706,0.112055,0.009783298
327,25570,1.0,1.0,0.0,1.0,1.0,0.0,-0.0068854988,-0.0068854988,0.12235669,0.09566372,-0.026692972,0.023027677,0.011005895,-0.012021782,0.010505493,0.0074702604,-0.0030352324,0.028709127,0.022948,-0.005761126
328,25578,2.0,9.0,7.0,2.0,3.0,1.0,-0.0063392073,-0.0063392073,-0.24209693,-0.24865897,-0.0065620393,0.051575772,0.23515812,0.18358234,0.065314084,0.25243062,0.18711653,0.02884146,0.22308154,0.19424008
329,25581,12.0,20.0,8.0,25.0,37.0,12.0,-0.003311623,-0.003311623,-0.22541331,-0.28147066,-0.05605735,-0.058066744,-0.074933626,-0.016866881,-0.074492685,-0.076316796,-0.0018241107,-0.10467111,-0.12005095,-0.015379839
330,25588,6.0,9.0,3.0,5.0,7.0,2.0,-0.0031869672,-0.0031869672,0.7166692,0.7146646,-0.0020046234,0.68040246,0.75680643,0.076403975,0.7131975,0.78343976,0.070242226,0.7433116,0.79775447,0.054442883
331,25602,311.0,260.0,-51.0,487.0,359.0,-128.0,0.005860866,0.005860866,0.40964425,0.35536018,-0.054284066,0.33166692,0.30349714,-0.028169781,0.33230305,0.29689845,-0.035404593,0.35419196,0.3276116,-0.026580364
332,25693,3.0,17.0,14.0,10.0,2.0,-8.0,-0.0032206886,-0.0032206886,-0.55454415,-0.58645475,-0.0319106,-0.23139502,-0.22884403,0.0025509894,-0.2250649,-0.24343206,-0.018367156,-0.27271116,-0.28905126,-0.016340107
333,25702,352.0,247.0,-105.0,156.0,182.0,26.0,0.0032953462,0.0032953462,0.5064497,0.53277403,0.026324332,0.16551045,-0.078196585,-0.24370703,0.16462342,-0.08204644,-0.24666986,0.22430311,-0.0077896835,-0.2320928
334,25711,1.0,1.0,0.0,1.0,1.0,0.0,-0.004138332,-0.004138332,0.39308482,0.33506882,-0.058016002,-0.15226026,0.062362082,0.21462235,-0.19274914,0.03710515,0.22985429,-0.12069292,0.079329975,0.2000229
335,25741,7.0,3.0,-4.0,3.0,2.0,-1.0,0.0044612363,0.0044612363,0.3551534,0.3019484,-0.053205013,0.19810843,0.2706055,0.07249707,0.19857289,0.25394177,0.055368885,0.22802429,0.2745482,0.046523914
336,25746,3.0,1.0,-2.0,1.0,1.0,0.0,-0.0014249086,-0.0014249086,0.62667143,0.5986717,-0.027999759,0.567884,0.39494032,-0.17294371,0.57721245,0.4135927,-0.16361976,0.596225,0.4552925,-0.14093253
337,25881,1.0,1.0,0.0,1.0,1.0,0.0,-0.002551984,-0.002551984,-0.34094083,-0.06323971,0.27770114,0.32736787,0.19936977,-0.1279981,0.32891232,0.16337726,-0.16553506,0.24666156,0.14544591,-0.101215646
338,25906,1.0,2.0,1.0,1.0,3.0,2.0,-0.0076280236,-0.0076280236,0.41329366,0.39055842,-0.022735238,0.3148139,0.45280465,0.13799074,0.33535945,0.46715817,0.13179871,0.38123342,0.50308245,0.12184903
339,25959,2.0,1.0,-1.0,3.0,1.0,-2.0,0.004487347,0.004487347,-0.07618622,-0.10998152,-0.033795305,0.13938615,0.26712632,0.12774017,0.12562291,0.26427302,0.1386501,0.11265289,0.24137358,0.1287207
340,26119,15.0,14.0,-1.0,8.0,4.0,-4.0,-0.0012179539,-0.0012179539,0.3199303,0.25043505,-0.06949523,0.2195515,0.21498364,-0.0045678616,0.23514491,0.21836023,-0.016784683,0.26279628,0.23514372,-0.027652562
341,26127,1.0,1.0,0.0,2.0,2.0,0.0,-0.0030880906,-0.0030880906,0.14413087,0.11454965,-0.029581219,-0.12700574,-0.097094074,0.029911667,-0.1336127,-0.100069605,0.033543102,-0.11273732,-0.08632421,0.026413113
342,26163,2.0,2.0,0.0,1.0,1.0,0.0,0.0023293048,0.0023293048,0.1251094,-0.07694517,-0.20205458,-0.036596164,-0.12157752,-0.08498136,-0.03463378,-0.13704932,-0.10241553,-0.021580983,-0.13952738,-0.1179464
343,26243,4.0,2.0,-2.0,1.0,1.0,0.0,0.005331233,0.005331233,0.31177485,0.28936872,-0.022406131,0.48859352,0.44175512,-0.046838403,0.4863434,0.44311973,-0.04322368,0.48932308,0.44655806,-0.04276502
344,26292,36.0,15.0,-21.0,11.0,8.0,-3.0,-0.00018014945,-0.00018014945,0.33841693,0.31615496,-0.022261977,0.14862545,0.17119038,0.022564933,0.15957056,0.18236567,0.022795111,0.20452216,0.2267268,0.022204638
345,26307,2.0,2.0,0.0,1.0,2.0,1.0,-0.004070755,-0.004070755,-0.31051546,-0.21110718,0.099408284,-0.2606378,-0.24491335,0.015724435,-0.2390331,-0.24255805,-0.0035249442,-0.2657931,-0.26116014,0.0046329796
346,26351,2.0,7.0,5.0,1.0,1.0,0.0,-0.0049237795,-0.0049237795,0.065929845,0.07070258,0.0047727376,-0.0034042858,-0.013364517,-0.009960231,-0.0065255975,-0.015635049,-0.009109451,0.005021178,-0.0027909847,-0.007812163
347,26372,11.0,12.0,1.0,10.0,10.0,0.0,-0.0004619956,-0.0004619956,0.38719398,0.293265,-0.09392896,0.14390838,0.17758048,0.033672094,0.1416678,0.17680322,0.03513542,0.19264095,0.21798733,0.025346383
348,26435,1.0,2.0,1.0,1.0,1.0,0.0,-0.0023434795,-0.0023434795,0.31396493,0.2601114,-0.05385354,0.33967847,0.36475313,0.02507466,0.33014154,0.3539202,0.023778647,0.34011003,0.35378337,0.013673335
349,26458,1.0,1.0,0.0,1.0,1.0,0.0,0.0034307502,0.0034307502,0.19884227,0.19593662,-0.002905652,0.12050242,0.03858919,-0.08191323,0.13539024,0.026330601,-0.10905963,0.15833327,0.057131756,-0.10120152
350,26598,1.0,1.0,0.0,1.0,1.0,0.0,-0.0051245727,-0.0051245727,0.65050066,0.6221297,-0.028370976,0.5316942,0.45819077,-0.073503405,0.5724346,0.48111707,-0.091317534,0.60702056,0.5258395,-0.08118105
351,26720,1.0,2.0,1.0,1.0,1.0,0.0,0.00010982901,0.00010982901,0.6286772,0.64584047,0.017163277,0.26048255,0.19202936,-0.06845319,0.26919857,0.19956015,-0.069638416,0.32561684,0.27372515,-0.051891685
352,26780,8.0,4.0,-4.0,3.0,4.0,1.0,-0.001918368,-0.001918368,0.19496913,0.30628818,0.11131905,0.0703935,0.18449372,0.11410022,0.09248687,0.190553,0.09806612,0.10770466,0.21233736,0.1046327
353,26895,1.0,1.0,0.0,1.0,1.0,0.0,-0.0029372536,-0.0029372536,0.33387437,0.49352536,0.15965098,0.21013463,0.28234053,0.0722059,0.21051404,0.2910829,0.08056885,0.22571734,0.3328704,0.10715306
354,26909,24.0,14.0,-10.0,130.0,48.0,-82.0,0.00435517,0.00435517,0.4227797,0.36388013,-0.05889958,0.084664345,0.1071153,0.022450954,0.084232695,0.100031815,0.01579912,0.115637705,0.13006227,0.014424562
355,26971,20.0,34.0,14.0,1.0,2.0,1.0,-0.003220383,-0.003220383,0.3096178,0.24802718,-0.061590612,0.07369021,-0.048213612,-0.12190382,0.08895634,-0.050431386,-0.13938773,0.123702824,-0.0054119234,-0.12911475
356,26990,1.0,1.0,0.0,3.0,3.0,0.0,-0.0016798414,-0.0016798414,0.08807064,-0.04085,-0.12892064,-0.22305608,0.07256854,0.2956246,-0.23401563,0.08376538,0.317781,-0.22336301,0.07583762,0.29920062
357,27242,4.0,3.0,-1.0,3.0,1.0,-2.0,-0.00176958,-0.00176958,0.09821242,0.14120877,0.042996347,-0.09514238,-0.10283424,-0.00769186,-0.080185235,-0.070072845,0.01011239,-0.068766214,-0.055859663,0.012906551
358,27275,1.0,1.0,0.0,1.0,1.0,0.0,0.0012506805,0.0012506805,0.029177064,0.06950585,0.040328786,0.02196432,0.06034018,0.038375862,0.039937954,0.050210077,0.010272123,0.042871185,0.060495026,0.017623842
359,27287,5.0,6.0,1.0,1.0,1.0,0.0,-0.0041436367,-0.0041436367,0.3862042,0.47461838,0.08841416,0.2644655,0.20174606,-0.06271945,0.25734997,0.1933227,-0.064027265,0.3040556,0.246864,-0.057191595
360,27326,1.0,1.0,0.0,1.0,2.0,1.0,-0.0032459982,-0.0032459982,-0.09173237,-0.034837108,0.05689526,-0.104238145,-0.103285834,0.00095231086,-0.11967948,-0.10574956,0.013929918,-0.13011034,-0.10516806,0.024942279
361,27435,1.0,1.0,0.0,1.0,1.0,0.0,-0.01085452,-0.01085452,0.29283205,0.42477444,0.13194239,0.68004024,0.7051198,0.025079548,0.68658745,0.72061694,0.034029484,0.67565155,0.7177402,0.042088628
362,27568,10.0,10.0,0.0,3.0,9.0,6.0,-0.001923997,-0.001923997,0.12545653,0.18233308,0.056876555,0.16295174,0.07904945,-0.083902285,0.17181173,0.07941136,-0.09240037,0.17415525,0.095098786,-0.079056464
363,27580,43.0,22.0,-21.0,64.0,49.0,-15.0,0.00033652782,0.00033652782,0.3268739,0.2110169,-0.115857005,0.12675302,0.29003042,0.1632774,0.16200575,0.33288068,0.17087492,0.20136423,0.34466127,0.14329703
364,27830,2.0,4.0,2.0,1.0,1.0,0.0,-0.0051058866,-0.0051058866,0.20933841,0.3620185,0.15268008,0.17333774,0.09346236,-0.07987538,0.16744566,0.078718856,-0.0887268,0.1884207,0.14379044,-0.04463026
365,27878,1.0,1.0,0.0,1.0,2.0,1.0,0.0023348182,0.0023348182,0.25869754,0.3745024,0.11580485,0.46945858,0.5012716,0.031813025,0.46523887,0.51319194,0.04795307,0.4834455,0.5508904,0.06744489
366,27972,11.0,27.0,16.0,7.0,16.0,9.0,-0.005850138,-0.005850138,0.27427778,0.35376686,0.07948908,0.13297132,0.13329998,0.00032866,0.13695624,0.13320936,-0.003746882,0.16834933,0.1806517,0.012302369
367,28024,1.0,1.0,0.0,2.0,2.0,0.0,-0.00573593,-0.00573593,0.3016775,0.26904953,-0.03262797,0.25052568,0.12438698,-0.1261387,0.28123456,0.14932321,-0.13191135,0.3020874,0.1865665,-0.115520895
368,28068,2.0,2.0,0.0,1.0,1.0,0.0,0.00022667646,0.00022667646,0.58680755,0.44689053,-0.13991702,0.17497833,0.03795895,-0.13701938,0.18361062,0.021462632,-0.16214798,0.26765782,0.087372854,-0.18028496
369,28096,15.0,14.0,-1.0,1.0,1.0,0.0,-0.0025834367,-0.0025834367,0.29386878,0.2195356,-0.074333176,0.17505533,0.22523549,0.050180167,0.17304185,0.21738039,0.04433854,0.20262,0.2288186,0.026198596
370,28159,2.0,1.0,-1.0,6.0,5.0,-1.0,-0.002478633,-0.002478633,0.54947096,0.5334086,-0.016062379,0.3393787,0.3278946,-0.011484116,0.33437747,0.32975286,-0.004624605,0.38253632,0.37748778,-0.005048543
371,28189,19.0,10.0,-9.0,11.0,13.0,2.0,0.0017412156,0.0017412156,0.22532417,0.16848105,-0.056843117,0.34950197,0.326538,-0.02296397,0.3493134,0.32660577,-0.022707641,0.36294731,0.3335923,-0.02935502
372,28286,63.0,36.0,-27.0,296.0,228.0,-68.0,0.0040449807,0.0040449807,0.2616061,0.29924467,0.037638575,-0.014626632,0.14441507,0.1590417,-0.01537998,0.14780906,0.16318904,0.02419914,0.18478666,0.16058752
373,28303,1.0,2.0,1.0,1.0,1.0,0.0,-0.003823612,-0.003823612,0.43205374,0.5379295,0.10587573,0.3672226,0.30573705,-0.06148556,0.36748743,0.2892984,-0.078189045,0.37990254,0.33364412,-0.04625842
374,28319,3.0,7.0,4.0,1.0,1.0,0.0,0.00031280518,0.00031280518,0.34612116,0.39082065,0.04469949,0.24864435,0.3331961,0.08455175,0.24787591,0.3513342,0.1034583,0.2602419,0.37019348,0.109951586
375,28325,1.0,1.0,0.0,1.0,1.0,0.0,0.00036386028,0.00036386028,0.3507437,0.39023829,0.039494574,0.070645526,0.075278886,0.0046333596,0.057674523,0.07663677,0.018962245,0.107811585,0.12972061,0.021909028
376,28341,269.0,121.0,-148.0,144.0,154.0,10.0,0.0019797068,0.0019797068,0.20058809,0.052372467,-0.14821562,0.15208673,0.056023456,-0.09606328,0.14645682,0.058407225,-0.0880496,0.16300125,0.061569914,-0.10143134
377,28349,9.0,85.0,76.0,8.0,27.0,19.0,-0.008432882,-0.008432882,0.4673404,0.42306808,-0.044272333,0.16255063,-0.09514187,-0.25769252,0.17046739,-0.09247721,-0.2629446,0.20847532,-0.040054534,-0.24852985
378,28418,1.0,1.0,0.0,1.0,1.0,0.0,-0.00058022887,-0.00058022887,0.092618965,0.022273608,-0.07034536,-0.007021868,-0.024025077,-0.017003208,0.016130792,-0.0257491,-0.041879892,0.024123669,-0.022703301,-0.04682697
379,28487,3.0,16.0,13.0,3.0,6.0,3.0,-0.010915047,-0.010915047,0.72435725,0.6839332,-0.04042405,0.3121528,0.3903392,0.07818639,0.33366448,0.41706157,0.08339709,0.40662965,0.4633175,0.05668786
380,28524,6.0,11.0,5.0,1.0,1.0,0.0,-0.004793849,-0.004793849,0.48147616,0.37642637,-0.10504979,0.33074263,0.33058417,-0.00015845895,0.33838552,0.34322187,0.0048363507,0.36871925,0.36330953,-0.0054097176
381,28595,10.0,4.0,-6.0,4.0,2.0,-2.0,0.005330067,0.005330067,0.16506922,0.14273022,-0.022339001,0.13680042,0.17624861,0.039448187,0.15411887,0.17484066,0.020721793,0.16319868,0.17864716,0.015448481
382,28689,18.0,19.0,1.0,1.0,1.0,0.0,-0.0023440048,-0.0023440048,0.08880748,0.066928044,-0.021879435,0.08500864,0.06764887,-0.01735977,0.070681326,0.06735273,-0.003328599,0.07724733,0.072179645,-0.0050676838
383,28745,3.0,1.0,-2.0,2.0,1.0,-1.0,0.0020192564,0.0020192564,0.42492872,0.3248234,-0.100105315,-0.009740655,-0.030605018,-0.020864364,-0.0073891087,-0.046695795,-0.039306685,0.03774903,-0.0004971303,-0.03824616
384,28751,1.0,1.0,0.0,1.0,1.0,0.0,0.0022322536,0.0022322536,0.093389496,0.17302662,0.079637125,0.0841849,0.025045278,-0.059139624,0.11071301,0.025018252,-0.08569476,0.11913869,0.0437492,-0.07538949
385,28755,1.0,1.0,0.0,2.0,1.0,-1.0,0.001343187,0.001343187,-0.4402293,-0.31831747,0.121911824,0.0060592033,-0.15173884,-0.15779804,0.069697104,-0.10926221,-0.17895931,-0.034128975,-0.159268,-0.12513903
386,28788,1.0,1.0,0.0,1.0,1.0,0.0,-0.002077546,-0.002077546,0.4253719,0.40739805,-0.01797384,0.16693813,0.26367936,0.09674123,0.17298906,0.2617008,0.08871175,0.23971081,0.31357303,0.073862225
387,28898,2.0,2.0,0.0,1.0,1.0,0.0,0.000732407,0.000732407,0.036146026,0.018365275,-0.017780751,0.01456002,-0.1424597,-0.15701972,0.04525759,-0.14316304,-0.18842062,0.048389442,-0.13858259,-0.18697202
388,28963,2.0,14.0,12.0,2.0,1.0,-1.0,-0.008440845,-0.008440845,0.3054405,0.08825621,-0.21718428,-0.023193277,-0.045701854,-0.022508577,0.002333938,-0.022897938,-0.025231875,0.038802903,-0.013960129,-0.05276303
389,29010,244.0,270.0,26.0,20.0,27.0,7.0,-0.0017281342,-0.0017281342,0.29992592,0.26633292,-0.033593,0.14118755,0.057001963,-0.084185585,0.126577,0.036704533,-0.08987247,0.1598895,0.08445868,-0.075430825
390,29021,1.0,1.0,0.0,1.0,1.0,0.0,0.0007460341,0.0007460341,-0.008097901,-0.043297414,-0.03519951,0.14830816,0.08700187,-0.06130629,0.12401863,0.055568986,-0.068449646,0.1103484,0.044021852,-0.06632655
391,29381,2.0,6.0,4.0,1.0,1.0,0.0,-0.0023878403,-0.0023878403,-0.020162186,0.046602324,0.06676451,-0.08629488,-0.018863225,0.06743166,-0.07820771,-0.044857204,0.033350505,-0.07233775,-0.032751422,0.039586324
392,29568,13.0,52.0,39.0,1.0,1.0,0.0,-0.00533399,-0.00533399,0.5355484,0.48048073,-0.05506766,0.093537375,0.094485365,0.0009479895,0.11112704,0.124594174,0.013467133,0.19597717,0.18436696,-0.01161021
393,29660,31.0,23.0,-8.0,29.0,27.0,-2.0,-0.0006094612,-0.0006094612,0.579265,0.5869646,0.007699609,0.33883473,0.46661958,0.12778485,0.3663211,0.46745932,0.101138234,0.43783644,0.5138699,0.07603344
394,29663,122.0,316.0,194.0,105.0,276.0,171.0,-0.008268525,-0.008268525,0.06385854,0.21146339,0.14760485,0.13087685,0.08303729,-0.047839567,0.12821329,0.08038773,-0.04782556,0.12811461,0.09536581,-0.032748803
395,29680,3.0,1.0,-2.0,1.0,1.0,0.0,-0.0006331429,-0.0006331429,0.43968192,0.5086055,0.06892356,0.33806652,0.3790672,0.041000694,0.36899573,0.40519434,0.036198616,0.388132,0.42997473,0.04184273
396,29711,1.0,1.0,0.0,1.0,1.0,0.0,-0.0109733455,-0.0109733455,0.5000554,0.5970162,0.09696084,0.26456523,0.2793539,0.014788657,0.26579604,0.28836468,0.022568643,0.30707,0.3391826,0.0321126
397,29837,46.0,133.0,87.0,8.0,24.0,16.0,-0.007425323,-0.007425323,0.2502714,0.11957362,-0.13069779,0.1584371,0.07096132,-0.087475784,0.16126817,0.056225743,-0.10504243,0.17680733,0.065715544,-0.111091785
398,29886,2.0,3.0,1.0,1.0,1.0,0.0,-0.003939539,-0.003939539,0.66173714,0.61548865,-0.046248496,0.65378344,0.5992504,-0.054533064,0.67693025,0.6165891,-0.06034112,0.70425516,0.64066136,-0.063593805
399,29919,1.0,2.0,1.0,1.0,1.0,0.0,-0.0075082034,-0.0075082034,0.23419672,0.23334374,-0.00085298717,0.26508912,0.3820271,0.116937965,0.272384,0.37737086,0.104986876,0.28663754,0.38162506,0.09498751
400,29980,2.0,5.0,3.0,7.0,9.0,2.0,-0.0059309117,-0.0059309117,0.49154383,0.54342043,0.051876605,0.38639808,0.49759454,0.11119646,0.38360614,0.49350455,0.10989842,0.417449,0.5201944,0.102745414
401,30081,25.0,3.0,-22.0,15.0,4.0,-11.0,0.0038067158,0.0038067158,0.1958042,0.09791966,-0.097884536,0.11750314,0.2911933,0.17369017,0.11472052,0.28480768,0.17008716,0.13306375,0.2883779,0.15531416
402,30373,4.0,24.0,20.0,4.0,21.0,17.0,-0.010674031,-0.010674031,0.25566608,0.2507203,-0.004945785,0.02395713,0.0044332556,-0.019523874,0.010316642,0.02346704,0.013150398,0.050333068,0.06312921,0.012796141
403,30395,1.0,1.0,0.0,1.0,1.0,0.0,-0.0035273358,-0.0035273358,0.4480897,0.4662539,0.018164217,0.10451348,0.2990119,0.1944984,0.11697973,0.31272238,0.19574265,0.18536054,0.37358257,0.18822204
404,30407,98.0,165.0,67.0,25.0,6.0,-19.0,-0.002727488,-0.002727488,0.37593177,0.45732945,0.08139768,-0.07336148,0.020608151,0.09396963,-0.06943439,0.008716876,0.07815126,-0.0072281365,0.09806381,0.10529195
405,30430,1.0,1.0,0.0,3.0,2.0,-1.0,-0.0025138073,-0.0025138073,0.009123207,-0.00337546,-0.012498667,-0.31035316,-0.07442094,0.23593223,-0.29122478,-0.048860773,0.242364,-0.28623223,-0.04639662,0.23983562
406,30563,1.0,1.0,0.0,1.0,1.0,0.0,-0.0041872226,-0.0041872226,0.24992608,0.2619307,0.012004629,0.0864974,-0.03480415,-0.121301554,0.08698115,-0.03695524,-0.123936385,0.11597374,-0.0034112993,-0.11938504
407,30601,3.0,3.0,0.0,1.0,1.0,0.0,-0.0015914962,-0.0015914962,0.60353714,0.61477786,0.011240721,0.53512156,0.55004674,0.014925182,0.5446534,0.5582896,0.013636172,0.57623404,0.5820292,0.005795181
408,30632,1.0,1.0,0.0,1.0,1.0,0.0,-0.003978595,-0.003978595,0.08432104,0.1480501,0.06372906,0.15277235,0.03678625,-0.1159861,0.12546572,0.014847753,-0.110617965,0.1323388,0.037417866,-0.09492094
409,30672,1.0,1.0,0.0,1.0,2.0,1.0,-0.0023198128,-0.0023198128,0.37659222,0.3500856,-0.026506633,0.18120375,0.20877177,0.027568012,0.17356737,0.21470468,0.041137308,0.2310094,0.23964304,0.008633643
410,30674,4.0,13.0,9.0,4.0,8.0,4.0,-0.007618746,-0.007618746,0.20528568,0.19637369,-0.008911997,0.0046440787,0.16359347,0.15894939,0.0076173823,0.1726555,0.16503811,0.02691723,0.18276013,0.1558429
411,30847,15.0,4.0,-11.0,28.0,19.0,-9.0,0.005801365,0.005801365,0.16100985,0.099401645,-0.061608203,-0.21281102,-0.22520086,-0.012389839,-0.22960183,-0.26611432,-0.036512494,-0.18602091,-0.23201272,-0.04599181
412,30856,2.0,9.0,7.0,3.0,4.0,1.0,-0.007391803,-0.007391803,0.44825152,0.45056018,0.0023086667,0.6536053,0.6345717,-0.01903361,0.69966745,0.6606826,-0.038984835,0.68799305,0.6769754,-0.011017621
413,30887,3.0,7.0,4.0,3.0,1.0,-2.0,0.0004539974,0.0004539974,0.67207104,0.62203705,-0.050033987,0.6174056,0.5927693,-0.024636269,0.6111705,0.5976463,-0.013524175,0.65032333,0.6332549,-0.017068446
414,30922,1.0,1.0,0.0,8.0,3.0,-5.0,-0.0016162284,-0.0016162284,0.33602744,0.35067335,0.014645904,0.2082412,0.2078898,-0.00035139918,0.21252303,0.21087046,-0.0016525686,0.2405586,0.23718339,-0.0033752024
415,30935,1.0,1.0,0.0,1.0,1.0,0.0,-0.0069118068,-0.0069118068,0.042202752,-0.14171073,-0.18391348,-0.21314293,-0.20752342,0.005619511,-0.20267737,-0.19837478,0.004302591,-0.19965792,-0.21307433,-0.0134164095
416,30954,5.0,4.0,-1.0,1.0,1.0,0.0,0.002776403,0.002776403,-0.16989064,-0.19996274,-0.030072093,-0.2127602,-0.23911488,-0.026354685,-0.22844842,-0.25407827,-0.025629848,-0.24754106,-0.27526793,-0.027726874
417,31028,2.0,2.0,0.0,24.0,20.0,-4.0,-0.00017148629,-0.00017148629,0.18473509,0.25088298,0.06614789,0.20822437,0.19508073,-0.013143644,0.2301588,0.2223746,-0.0077842027,0.24131271,0.24086702,-0.00044569373
418,31049,1.0,1.0,0.0,1.0,1.0,0.0,-0.0050729774,-0.0050729774,0.19352742,0.31984267,0.12631525,0.10020236,0.026022613,-0.074179746,0.09316578,0.023252297,-0.06991348,0.10705402,0.059407696,-0.04764632
419,31064,1.0,2.0,1.0,1.0,1.0,0.0,-0.0085511245,-0.0085511245,0.040038466,0.0723283,0.032289833,0.041622605,-0.312013,-0.3536356,0.049611025,-0.32841712,-0.37802815,0.05048857,-0.29627344,-0.346762
420,31123,1.0,1.0,0.0,1.0,1.0,0.0,0.0039620176,0.0039620176,-0.1232476,-0.07840281,0.04484479,-0.17317356,-0.15058903,0.022584528,-0.19120821,-0.16208234,0.02912587,-0.19591193,-0.16623738,0.029674545
421,31233,1.0,1.0,0.0,2.0,1.0,-1.0,-0.0015694238,-0.0015694238,0.12258133,0.13754496,0.014963627,0.035167105,0.12906109,0.09389398,0.043981712,0.14083955,0.09685783,0.058824442,0.146289,0.08746456
422,31349,10.0,13.0,3.0,1.0,1.0,0.0,-0.005455507,-0.005455507,0.14782323,0.12202675,-0.02579648,0.2115209,-0.27260727,-0.48412818,0.2156357,-0.2884959,-0.5041316,0.22447486,-0.27140847,-0.49588335
423,31446,13.0,28.0,15.0,3.0,6.0,3.0,-0.0050047617,-0.0050047617,0.38018507,0.33010104,-0.050084025,0.15645348,0.14355288,-0.012900591,0.1597452,0.1608063,0.0010610968,0.20241693,0.19814529,-0.0042716414
424,31659,22.0,13.0,-9.0,1.0,1.0,0.0,0.00075925887,0.00075925887,0.25718758,0.31337905,0.056191474,0.40306216,0.3547307,-0.04833147,0.40276822,0.37450734,-0.028260887,0.4113433,0.39557046,-0.01577285
425,31747,2.0,1.0,-1.0,1.0,1.0,0.0,0.0004159212,0.0004159212,0.3270985,0.2932217,-0.033876777,0.13175774,-0.0040485333,-0.13580626,0.12666552,0.004930601,-0.12173492,0.15238826,0.034670983,-0.11771728
426,31782,1.0,1.0,0.0,1.0,4.0,3.0,-0.0026475042,-0.0026475042,-0.055971287,-0.07902736,-0.023056075,-0.07867817,-0.008302227,0.07037594,-0.061268445,0.0077849324,0.069053374,-0.0671276,0.00010961539,0.06723721
427,31801,8.0,4.0,-4.0,1.0,1.0,0.0,0.0021741167,0.0021741167,-0.024665663,-0.0147706615,0.009895002,-0.16959308,-0.079446055,0.090147026,-0.16491534,-0.081897035,0.0830183,-0.16136445,-0.079291515,0.082072936
428,31837,2.0,1.0,-1.0,1.0,1.0,0.0,-0.0027367324,-0.0027367324,0.37629196,0.3772565,0.00096455216,0.2625524,0.35136142,0.08880901,0.24151771,0.36240548,0.12088777,0.27463314,0.38293117,0.10829803
429,31936,4.0,3.0,-1.0,1.0,2.0,1.0,-0.0016707592,-0.0016707592,0.21802203,0.30396253,0.085940495,0.15669937,0.09391005,-0.06278932,0.14211586,0.097586736,-0.044529125,0.15716451,0.13242333,-0.024741188
430,31964,1.0,1.0,0.0,1.0,1.0,0.0,-0.008011222,-0.008011222,0.6845931,0.70034206,0.015748978,0.5063445,0.58254963,0.076205134,0.5117211,0.5834847,0.071763635,0.56533396,0.61687386,0.051539898
431,32053,2.0,4.0,2.0,2.0,2.0,0.0,-0.0042173974,-0.0042173974,0.33059928,0.34512934,0.014530063,0.56010747,0.5755585,0.015451014,0.58302534,0.5955215,0.012496173,0.5883141,0.5996166,0.011302471
432,32232,4.0,7.0,3.0,1.0,1.0,0.0,-0.005597152,-0.005597152,-0.105480336,-0.127388,-0.021907665,0.016232075,0.113982365,0.09775029,0.045798834,0.18581346,0.14001462,0.028843068,0.16494551,0.13610244
433,32303,1.0,14.0,13.0,1.0,1.0,0.0,-0.003035348,-0.003035348,0.2150384,0.18580641,-0.029231995,0.14142025,0.20446932,0.06304908,0.14514427,0.2192903,0.07414603,0.16060244,0.22528096,0.06467852
434,32307,3.0,2.0,-1.0,2.0,3.0,1.0,-0.00078389794,-0.00078389794,0.342026,0.31888264,-0.023143351,0.08469436,-0.079825565,-0.16451994,0.08869113,-0.08308763,-0.17177877,0.12203684,-0.057264533,-0.17930137
435,32625,1.0,1.0,0.0,1.0,2.0,1.0,-0.0061315224,-0.0061315224,0.0943178,0.1108521,0.016534299,0.006184355,-0.086691104,-0.09287546,0.028942859,-0.069968484,-0.098911345,0.041323546,-0.04597534,-0.087298885
436,32643,37.0,41.0,4.0,3.0,2.0,-1.0,-0.00034890324,-0.00034890324,-0.19637984,-0.033710595,0.16266924,-0.19021569,0.14152744,0.33174312,-0.19647914,0.14007486,0.336554,-0.2168671,0.12748025,0.34434736
437,32716,1.0,1.0,0.0,1.0,1.0,0.0,-0.008905273,-0.008905273,0.31812412,0.22991723,-0.08820689,0.13665155,0.14926422,0.012612671,0.14247668,0.15428787,0.011811197,0.16942883,0.17270781,0.0032789856
438,32771,39.0,31.0,-8.0,7.0,8.0,1.0,0.0018624905,0.0018624905,0.07422265,0.028060136,-0.04616251,0.11044404,0.16218776,0.051743716,0.09311131,0.16551746,0.07240616,0.10248263,0.16695195,0.06446932
439,32772,33.0,42.0,9.0,46.0,38.0,-8.0,-0.0021498129,-0.0021498129,0.1763528,0.15721653,-0.019136265,0.09732861,0.23875399,0.14142537,0.088890925,0.22668809,0.13779716,0.108748,0.23249027,0.123742275
440,32857,4.0,4.0,0.0,1.0,1.0,0.0,0.001307942,0.001307942,0.046644125,0.010100873,-0.03654325,0.22287883,0.17459755,-0.048281282,0.23598284,0.17441826,-0.06156458,0.23307933,0.16596031,-0.06711902
441,32891,7.0,24.0,17.0,4.0,12.0,8.0,-0.008213505,-0.008213505,0.29435426,0.22374448,-0.07060978,0.25805032,0.26217908,0.004128754,0.27409962,0.27245632,-0.0016433,0.28313097,0.27175966,-0.0113713145
442,32910,10.0,6.0,-4.0,41.0,23.0,-18.0,0.0031455122,0.0031455122,0.26077446,0.19168168,-0.06909278,-0.014846468,-0.03734092,-0.022494452,0.0023695114,-0.034356337,-0.03672585,0.045396913,-0.009192582,-0.054589495
443,33131,2.0,2.0,0.0,2.0,3.0,1.0,0.00017891452,0.00017891452,0.09951517,0.111646906,0.012131736,0.04505932,0.038797304,-0.0062620156,0.06794157,0.044004425,-0.023937143,0.07785601,0.056177158,-0.021678854
444,33171,11.0,2.0,-9.0,8.0,5.0,-3.0,0.008198563,0.008198563,0.00026708297,-0.05122173,-0.051488813,0.38082305,0.24701706,-0.13380599,0.38497248,0.22936764,-0.15560484,0.38772997,0.21079312,-0.17693685
445,33189,3.0,1.0,-2.0,8.0,3.0,-5.0,7.7188015e-06,7.7188015e-06,0.08262195,0.1706807,0.088058755,0.1690979,0.18009664,0.010998741,0.1671043,0.19089852,0.023794219,0.16534083,0.19627258,0.030931756
446,33245,7.0,11.0,4.0,5.0,4.0,-1.0,-0.0040783435,-0.0040783435,0.37281662,0.17974438,-0.19307224,0.28465825,0.30502087,0.020362616,0.23312332,0.27411875,0.040995434,0.26718584,0.27657962,0.009393781
447,33289,4.0,5.0,1.0,8.0,5.0,-3.0,-0.0024997368,-0.0024997368,0.33025914,-0.003351763,-0.3336109,0.24774401,0.22379023,-0.02395378,0.25431153,0.23390876,-0.020402774,0.27179343,0.23035917,-0.04143426
448,33521,3.0,5.0,2.0,2.0,5.0,3.0,-0.0042756014,-0.0042756014,0.42606243,0.2590543,-0.16700813,0.24902342,0.20382947,-0.045193955,0.28299662,0.21392769,-0.06906894,0.31833863,0.23033518,-0.08800346
449,33543,5.0,1.0,-4.0,1.0,1.0,0.0,0.00069323555,0.00069323555,0.33570194,0.38307643,0.047374487,0.4331977,0.5197823,0.0865846,0.45097902,0.53268814,0.08170912,0.4599344,0.54162055,0.08168614
450,33752,12.0,7.0,-5.0,63.0,70.0,7.0,-0.0014706086,-0.0014706086,0.12732278,0.18739314,0.060070366,-0.018107807,0.058015045,0.07612285,-0.02465174,0.049922075,0.074573815,-0.0030676192,0.07139574,0.07446336
451,33813,3.0,5.0,2.0,1.0,1.0,0.0,-0.0060941316,-0.0060941316,0.38285986,0.4280306,0.045170754,0.05561032,-0.026519023,-0.082129344,0.06574226,-0.021694137,-0.0874364,0.12624502,0.077239454,-0.049005568
452,33906,5.0,3.0,-2.0,1.0,1.0,0.0,0.005860746,0.005860746,-0.117174566,-0.1786923,-0.06151773,0.041958924,0.08029108,0.038332153,0.07169079,0.115559265,0.043868475,0.057467807,0.090457335,0.032989528
453,34068,5.0,18.0,13.0,2.0,6.0,4.0,-0.005715981,-0.005715981,0.3668576,0.4228626,0.056005,0.35417843,0.42183465,0.06765622,0.37176853,0.4263968,0.054628253,0.38179,0.43726894,0.05547893
454,34080,1.0,1.0,0.0,1.0,1.0,0.0,-0.0059945323,-0.0059945323,0.51603246,0.35065213,-0.16538033,0.31689066,0.06154388,-0.25534678,0.32812434,0.0770792,-0.25104514,0.3544239,0.13416888,-0.22025503
455,34089,1.0,2.0,1.0,1.0,1.0,0.0,-0.0073042884,-0.0073042884,0.3505033,0.31626415,-0.034239143,-0.055698395,-0.0951941,-0.039495707,-0.05171705,-0.116718374,-0.065001324,0.012450947,-0.055169933,-0.06762088
456,34126,1.0,1.0,0.0,1.0,1.0,0.0,-0.0010893121,-0.0010893121,0.5379553,0.542137,0.0041817427,0.27723482,0.33286458,0.05562976,0.2897996,0.34879702,0.058997422,0.35786754,0.397958,0.04009047
457,34186,5.0,10.0,5.0,8.0,9.0,1.0,-0.00843882,-0.00843882,0.4872157,0.50617653,0.018960834,0.3887236,0.478848,0.0901244,0.3852082,0.4803857,0.0951775,0.42731282,0.51864827,0.091335446
458,34238,1.0,1.0,0.0,1.0,1.0,0.0,0.0033303685,0.0033303685,0.20093131,0.17864008,-0.022291228,-0.08294836,-0.08235825,0.00059010834,-0.09028127,-0.095959954,-0.0056786835,-0.06040929,-0.06040661,2.6784837e-06
459,34418,178.0,230.0,52.0,7.0,3.0,-4.0,-0.00053811073,-0.00053811073,0.16889323,0.14930238,-0.019590855,0.2262581,0.11039425,-0.11586385,0.2121725,0.09516092,-0.11701158,0.21855688,0.10689283,-0.11166405
460,34603,1.0,1.0,0.0,13.0,15.0,2.0,0.0022422075,0.0022422075,0.5283862,0.5607091,0.032322943,0.3569558,0.34011725,-0.01683855,0.35804176,0.3584909,0.0004491508,0.40390605,0.39148614,-0.012419909
461,34751,1.0,1.0,0.0,1.0,1.0,0.0,-0.0060727373,-0.0060727373,0.1512497,0.14955167,-0.001698032,-0.12470805,-0.1730499,-0.048341848,-0.120795436,-0.19096048,-0.070165046,-0.07995922,-0.1491141,-0.06915488
462,34829,18.0,34.0,16.0,2.0,2.0,0.0,-0.001247868,-0.001247868,0.22351424,0.11751529,-0.105998956,0.16496691,0.16286798,-0.0020989329,0.15551016,0.14092746,-0.014582694,0.17606884,0.14859286,-0.027475983
463,34845,1.0,1.0,0.0,1.0,1.0,0.0,-0.0036309361,-0.0036309361,0.17477451,0.15036781,-0.024406701,0.09075011,0.3693869,0.2786368,0.09491136,0.37767833,0.28276697,0.11479331,0.36007318,0.24527988
464,34850,1.0,2.0,1.0,7.0,2.0,-5.0,-0.0015439466,-0.0015439466,0.5381103,0.6568539,0.1187436,0.2815887,0.12597267,-0.15561603,0.2937397,0.13027759,-0.16346212,0.34635505,0.21052554,-0.13582951
465,34874,10.0,10.0,0.0,1.0,1.0,0.0,-0.0025938787,-0.0025938787,0.4063909,0.4071619,0.0007709861,0.36102384,0.3015873,-0.05943653,0.35452318,0.31134823,-0.043174952,0.3904716,0.3409465,-0.049525112
466,34975,13.0,36.0,23.0,8.0,12.0,4.0,-0.0070465337,-0.0070465337,0.33529043,0.38839567,0.053105235,0.15064803,0.18786737,0.037219346,0.16281803,0.2301185,0.06730047,0.2068168,0.2547135,0.047896698
467,35094,18.0,4.0,-14.0,44.0,9.0,-35.0,0.01344146,0.01344146,0.39120194,0.34824714,-0.042954803,0.13665605,0.12974949,-0.006906554,0.1566794,0.1305243,-0.026155114,0.24908863,0.17698419,-0.07210444
468,35129,2.0,11.0,9.0,5.0,20.0,15.0,-0.0076666474,-0.0076666474,0.21664742,0.1374883,-0.07915911,0.10067766,-0.00053216564,-0.10120983,0.09497533,-0.0038218426,-0.09879717,0.1121791,0.011501224,-0.10067788
469,35743,1.0,4.0,3.0,1.0,1.0,0.0,-0.0051247105,-0.0051247105,0.6836745,0.7293606,0.045686066,0.48569041,0.65358436,0.16789395,0.47080073,0.6626168,0.19181606,0.5257648,0.6833159,0.15755105
470,35752,1.0,1.0,0.0,4.0,4.0,0.0,0.00086892024,0.00086892024,0.5105324,0.55806607,0.04753369,0.16623637,0.1605343,-0.0057020634,0.16110674,0.18642077,0.025314033,0.23924057,0.2770131,0.03777252
471,35790,1.0,1.0,0.0,1.0,1.0,0.0,0.00042217597,0.00042217597,-0.08222052,-5.9145008e-05,0.082161374,0.038652733,-0.018895688,-0.05754842,0.02611111,-0.029888235,-0.055999346,0.0092397155,-0.028152501,-0.037392218
472,35798,1.0,1.0,0.0,1.0,1.0,0.0,0.0016989671,0.0016989671,0.40237027,0.35089007,-0.051480204,0.5706098,0.47365233,-0.096957475,0.5663243,0.46425083,-0.10207346,0.5892552,0.48995134,-0.09930387
473,35986,1.0,1.0,0.0,1.0,1.0,0.0,-0.006426055,-0.006426055,0.5003853,0.4921221,-0.008263171,0.5453545,0.42618257,-0.11917192,0.571248,0.44528508,-0.12596291,0.6101117,0.48503488,-0.12507683
474,36067,3.0,5.0,2.0,1.0,1.0,0.0,-0.0026899353,-0.0026899353,0.07220962,0.12508202,0.052872397,0.20199102,0.12048654,-0.08150448,0.22109157,0.14093065,-0.080160916,0.21900624,0.14692333,-0.07208291
475,36258,3.0,1.0,-2.0,1.0,1.0,0.0,0.003982231,0.003982231,0.27193645,0.09333371,-0.17860273,0.13363323,0.13154253,-0.0020906925,0.14237745,0.16973643,0.027358979,0.1851788,0.1730063,-0.012172505
476,36476,72.0,73.0,1.0,16.0,28.0,12.0,-0.0005504526,-0.0005504526,0.18403089,0.21952884,0.03549795,0.15759791,0.07251852,-0.085079394,0.17657252,0.07630566,-0.10026686,0.18969813,0.101032294,-0.088665836
477,36569,1.0,1.0,0.0,1.0,1.0,0.0,-0.00546081,-0.00546081,0.14941312,0.19787784,0.048464715,0.060582217,-0.04021259,-0.10079481,0.06968866,-0.050475504,-0.12016417,0.08924397,-0.018898439,-0.108142406
478,36576,33.0,44.0,11.0,44.0,26.0,-18.0,-0.0011737812,-0.0011737812,0.6534491,0.629504,-0.023945093,0.6567317,0.58793056,-0.068801165,0.67960805,0.6030249,-0.07658315,0.6980883,0.62091064,-0.077177644
479,36623,1.0,2.0,1.0,1.0,1.0,0.0,-0.0035252497,-0.0035252497,0.59361494,0.6389503,0.045335352,0.5607373,0.37106997,-0.18966734,0.5361359,0.32270658,-0.21342933,0.5619627,0.38614118,-0.17582154
480,36629,1.0,1.0,0.0,12.0,11.0,-1.0,-0.0006498471,-0.0006498471,-0.017041814,-0.022542715,-0.0055009015,-0.04163017,-0.008509098,0.03312107,-0.04251393,-0.0030250917,0.039488837,-0.043538585,-0.005927325,0.03761126
481,36682,1.0,1.0,0.0,1.0,1.0,0.0,-0.0009808727,-0.0009808727,0.48086372,0.48172975,0.0008660257,0.2686976,0.11606817,-0.15262942,0.27264854,0.10822179,-0.16442674,0.3097928,0.15609948,-0.1536933
482,36731,2.0,3.0,1.0,1.0,1.0,0.0,0.001765918,0.001765918,0.7132911,0.73125815,0.017967045,0.55710405,0.7286332,0.17152917,0.556275,0.72600555,0.16973054,0.6038742,0.74396396,0.14008975
483,36759,2.0,1.0,-1.0,1.0,1.0,0.0,0.0006899573,0.0006899573,0.108890325,-0.031426772,-0.1403171,0.7528609,0.47286633,-0.27999458,0.7577937,0.46864545,-0.28914827,0.7558485,0.47728726,-0.27856126
484,36910,1.0,2.0,1.0,1.0,1.0,0.0,-0.0030303933,-0.0030303933,0.6048471,0.60100996,-0.0038371086,0.4702538,0.50794345,0.037689656,0.4795952,0.5105031,0.0309079,0.5184443,0.5436134,0.025169075
485,36945,1.0,1.0,0.0,1.0,1.0,0.0,-0.004659727,-0.004659727,-0.21433511,-0.22301072,-0.008675605,-0.35082132,-0.26177186,0.08904946,-0.3577402,-0.24104883,0.116691366,-0.3615906,-0.25879183,0.10279876
486,36974,1.0,1.0,0.0,1.0,1.0,0.0,-0.0074982494,-0.0074982494,0.0843446,0.1852769,0.10093229,-0.13175175,-0.14726606,-0.015514314,-0.1378828,-0.15378001,-0.015897214,-0.124065414,-0.13625148,-0.012186065
487,36978,6.0,21.0,15.0,5.0,4.0,-1.0,-0.0053233504,-0.0053233504,0.27375042,0.29488719,0.02113676,0.10301103,0.0017544663,-0.101256564,0.08271029,-0.022751296,-0.10546158,0.10637556,0.006936699,-0.09943886
488,37059,3.0,3.0,0.0,4.0,5.0,1.0,-0.0013946146,-0.0013946146,0.16205136,0.17975345,0.017702088,-0.055924058,0.24780706,0.3037311,-0.043043792,0.26137117,0.30441496,-0.017749831,0.27342808,0.29117793
489,37221,6.0,7.0,1.0,1.0,1.0,0.0,-0.0037075207,-0.0037075207,0.25625736,0.3260986,0.069841236,0.01720973,0.0043883957,-0.0128213335,0.015221634,0.0043116026,-0.010910031,0.048092622,0.05080869,0.0027160682
490,37224,1.0,1.0,0.0,4.0,3.0,-1.0,0.00058266893,0.00058266893,0.5580569,0.5652194,0.0071625113,0.23715788,0.2852017,0.048043817,0.23856224,0.30097902,0.062416777,0.31493154,0.35838798,0.043456435
491,37436,2.0,6.0,4.0,5.0,17.0,12.0,-0.008108601,-0.008108601,0.68087393,0.6539461,-0.026927829,0.35845864,0.59965646,0.24119782,0.37578088,0.60923094,0.23345006,0.44606748,0.64014137,0.19407389
492,37494,8.0,2.0,-6.0,9.0,6.0,-3.0,0.005584333,0.005584333,0.5089541,0.5443822,0.035428107,0.35007653,0.1678814,-0.18219513,0.37660557,0.16050048,-0.21610509,0.42493412,0.22508708,-0.19984704
493,37608,1.0,1.0,0.0,1.0,2.0,1.0,-0.0075186193,-0.0075186193,0.43351406,0.40869638,-0.024817675,0.4809426,0.45637324,-0.024569362,0.48801377,0.46601197,-0.022001803,0.49555495,0.47181195,-0.023743004
494,37736,60.0,18.0,-42.0,8.0,9.0,1.0,0.002560107,0.002560107,0.5593563,0.5840667,0.024710417,0.36544305,0.46984977,0.104406714,0.3848465,0.49132428,0.10647777,0.42746472,0.5169819,0.089517176
495,37801,1.0,1.0,0.0,1.0,1.0,0.0,-0.0018676929,-0.0018676929,-0.08518369,-0.082090065,0.0030936226,-0.12034903,-0.18469793,-0.0643489,-0.12535489,-0.18501726,-0.059662372,-0.123007074,-0.17681839,-0.05381131
496,37927,2.0,4.0,2.0,2.0,2.0,0.0,-0.0014278851,-0.0014278851,0.45310348,0.61847544,0.16537195,-0.0724899,-0.50327736,-0.43078744,-0.12134272,-0.5365306,-0.4151879,-0.041222177,-0.4269618,-0.38573962
497,38022,2.0,3.0,1.0,1.0,4.0,3.0,-0.0042931177,-0.0042931177,0.38177234,0.3008963,-0.08087605,-0.019828683,0.1801086,0.19993728,-0.007727641,0.21236777,0.22009541,0.043510538,0.2351065,0.19159596
498,38025,30.0,4.0,-26.0,2.0,1.0,-1.0,0.008400518,0.008400518,0.06807394,0.080577366,0.012503423,-0.019323671,-0.011325872,0.0079978,-0.023511162,-0.015688628,0.007822534,-0.01183574,-0.0042980127,0.0075377272
499,38060,1.0,3.0,2.0,2.0,1.0,-1.0,-0.005270239,-0.005270239,0.55814517,0.49443465,-0.06371051,0.37622687,0.4836036,0.107376724,0.3670694,0.48741457,0.120345175,0.43578488,0.5221407,0.086355805
500,38246,1.0,1.0,0.0,1.0,1.0,0.0,0.0036512017,0.0036512017,0.18388812,0.09190887,-0.09197925,-0.094859645,-0.13908303,-0.044223383,-0.12299895,-0.18243997,-0.059441015,-0.09492067,-0.16250697,-0.067586295
501,38278,1.0,1.0,0.0,1.0,1.0,0.0,-0.0057681836,-0.0057681836,0.28041816,0.26715383,-0.013264328,0.21414948,0.34374747,0.12959799,0.21532518,0.34460467,0.1292795,0.23161678,0.340665,0.10904823
502,38297,13.0,9.0,-4.0,1.0,1.0,0.0,-0.00016937777,-0.00016937777,0.6245282,0.56259197,-0.06193626,0.43003842,0.37842965,-0.05160877,0.44528633,0.39215365,-0.053132683,0.49175125,0.4319504,-0.059800863
503,38310,1.0,1.0,0.0,2.0,2.0,0.0,0.0011948645,0.0011948645,-0.14954299,-0.1520399,-0.002496913,0.22350502,0.21526085,-0.008244172,0.24898411,0.24605002,-0.0029340982,0.21671136,0.21017894,-0.0065324157
504,38358,1.0,1.0,0.0,1.0,1.0,0.0,0.0015222393,0.0015222393,0.52639467,0.5124702,-0.0139244795,0.273003,0.26182103,-0.01118198,0.27649665,0.26118633,-0.015310317,0.33715072,0.315368,-0.021782726
505,38483,32.0,19.0,-13.0,9.0,5.0,-4.0,0.0042180475,0.0042180475,0.063900724,0.117315315,0.05341459,-0.027306555,0.16234258,0.18964913,-0.005139301,0.16834505,0.17348436,0.006413904,0.17719807,0.17078416
506,38486,1.0,1.0,0.0,1.0,2.0,1.0,-0.008101247,-0.008101247,0.09389656,0.05040789,-0.04348867,-0.033070277,-0.08329635,-0.050226074,-0.023250146,-0.088336326,-0.06508618,-0.0072471574,-0.07429494,-0.06704778
507,38494,1.0,1.0,0.0,1.0,1.0,0.0,-0.006830279,-0.006830279,0.46919817,0.427964,-0.041234165,0.23802483,0.16041407,-0.07761076,0.22876547,0.15275533,-0.07601014,0.28298151,0.22173053,-0.061250985
508,38641,15.0,29.0,14.0,3.0,3.0,0.0,-0.00873111,-0.00873111,0.5595849,0.5480172,-0.011567712,0.10242655,0.014054153,-0.088372394,0.14355232,0.06603887,-0.07751345,0.21655688,0.13335466,-0.08320221
509,38794,1.0,1.0,0.0,2.0,1.0,-1.0,-0.0032401085,-0.0032401085,0.18030417,0.4449238,0.26461962,-0.025325296,0.01624903,0.04157433,-0.025720106,0.034334783,0.06005489,-0.00094408507,0.08954775,0.09049184
510,38817,1.0,1.0,0.0,1.0,1.0,0.0,-0.010213815,-0.010213815,0.52506864,0.52263194,-0.0024366975,0.36314148,0.323852,-0.039289474,0.3803732,0.34395626,-0.036416948,0.41362327,0.38923448,-0.02438879
511,38829,7.0,6.0,-1.0,1.0,1.0,0.0,-0.0037341118,-0.0037341118,0.8132838,0.80903494,-0.0042488575,0.4927966,0.603108,0.11031139,0.52119565,0.63121414,0.11001849,0.6001684,0.6907718,0.09060341
512,38853,1.0,1.0,0.0,1.0,1.0,0.0,-0.0016045161,-0.0016045161,0.5126795,0.5158778,0.003198266,0.5190475,0.4855214,-0.033526093,0.5371996,0.503195,-0.03400463,0.55387104,0.521016,-0.032855034
513,38978,8.0,14.0,6.0,2.0,2.0,0.0,-0.0033009332,-0.0033009332,0.10292292,0.07610507,-0.026817843,0.32284406,0.17617208,-0.14667198,0.33635524,0.20055148,-0.13580376,0.33088502,0.20364001,-0.12724501
514,39047,1.0,1.0,0.0,1.0,1.0,0.0,0.00022289157,0.00022289157,0.59743214,0.5785686,-0.018863559,0.556492,0.61404175,0.057549775,0.54058415,0.61407256,0.073488414,0.5764983,0.62475127,0.04825294
515,39058,9.0,4.0,-5.0,7.0,2.0,-5.0,0.0048959814,0.0048959814,0.32065883,0.3514665,0.030807674,0.12838607,0.25334573,0.12495966,0.117578335,0.23090588,0.11332754,0.14603347,0.25891224,0.11287877
516,39095,1.0,1.0,0.0,1.0,1.0,0.0,0.0030709095,0.0030709095,-0.07819677,0.06311614,0.14131291,-0.009798998,0.23195228,0.24175128,-0.016657976,0.21467848,0.23133646,-0.02986995,0.2237661,0.25363606
517,39289,151.0,152.0,1.0,48.0,61.0,13.0,-0.0027951263,-0.0027951263,0.07330081,0.080074415,0.006773606,0.14307995,0.13681084,-0.006269112,0.15349191,0.14412622,-0.009365693,0.15313464,0.145412,-0.007722646
518,39298,1.0,1.0,0.0,1.0,1.0,0.0,-0.007164713,-0.007164713,0.75054836,0.7720937,0.02154535,0.6031902,0.49168095,-0.11150923,0.6426451,0.5145614,-0.1280837,0.6921333,0.588192,-0.10394132
519,39369,1.0,1.0,0.0,1.0,1.0,0.0,-0.0027007684,-0.0027007684,-0.044801872,-0.023657806,0.021144066,0.13241205,-0.01311648,-0.14552853,0.14137422,-0.003583763,-0.14495797,0.13053676,-0.0057578976,-0.13629466
520,39402,1.0,1.0,0.0,3.0,5.0,2.0,-0.0053741485,-0.0053741485,0.04272347,0.00012601432,-0.042597454,-0.05490237,-0.03361133,0.02129104,-0.07417718,-0.060139623,0.014037561,-0.063806616,-0.05654013,0.007266484
521,39509,1.0,3.0,2.0,1.0,1.0,0.0,-0.0027982593,-0.0027982593,0.5247919,0.47154564,-0.05324626,0.14156772,0.12446673,-0.01710099,0.1300807,0.08518223,-0.044898473,0.18501936,0.116571866,-0.06844749
522,39547,1.0,3.0,2.0,6.0,6.0,0.0,-0.003597632,-0.003597632,-0.29856595,-0.17665587,0.12191008,-0.38468418,-0.2538154,0.13086876,-0.42291743,-0.28932804,0.13358939,-0.4370877,-0.29745653,0.13963118
523,39553,1.0,3.0,2.0,2.0,2.0,0.0,-0.009519938,-0.009519938,0.17633478,0.4240882,0.24775343,0.120874725,0.2993528,0.17847806,0.15637733,0.34198704,0.18560971,0.17220412,0.38335177,0.21114765
524,39841,1.0,1.0,0.0,2.0,2.0,0.0,0.0017955974,0.0017955974,0.18603575,0.14722614,-0.038809612,0.06482187,0.09089148,0.026069611,0.034303073,0.048943814,0.014640741,0.051949054,0.06836512,0.016416065
525,39997,1.0,1.0,0.0,1.0,1.0,0.0,0.006229013,0.006229013,0.42429435,0.41197658,-0.012317777,0.41802678,0.41982466,0.0017978847,0.4166019,0.3940972,-0.022504687,0.43744978,0.41304526,-0.024404526
526,40153,1.0,2.0,1.0,1.0,1.0,0.0,-0.004444938,-0.004444938,0.32731107,0.29533392,-0.031977147,-0.023793831,-0.1127274,-0.08893357,0.002146299,-0.06913659,-0.071282886,0.043235272,-0.0402442,-0.08347947
527,40235,6.0,5.0,-1.0,4.0,6.0,2.0,-0.00264024,-0.00264024,0.20152345,0.20839709,0.0068736374,0.21081398,-0.24202435,-0.45283833,0.21375243,-0.25791484,-0.4716673,0.23410745,-0.22311069,-0.45721814
528,40423,1.0,1.0,0.0,1.0,1.0,0.0,-0.005453948,-0.005453948,0.20729809,0.21582985,0.008531764,0.025551183,0.21397913,0.18842794,0.045659404,0.23645099,0.19079158,0.07782134,0.24545015,0.16762882
529,40548,2.0,2.0,0.0,1.0,1.0,0.0,-0.0024969094,-0.0024969094,0.23964576,0.1081401,-0.13150567,0.18703808,0.2490085,0.061970428,0.1974807,0.24754629,0.050065592,0.21940947,0.2527921,0.033382624
530,40575,1.0,1.0,0.0,1.0,1.0,0.0,-0.0081662685,-0.0081662685,0.5554314,0.5093225,-0.0461089,0.34412113,0.3851927,0.041071564,0.3520248,0.39596465,0.04393986,0.42179868,0.46353155,0.041732877
531,40721,7.0,8.0,1.0,2.0,3.0,1.0,-0.0019485019,-0.0019485019,0.21704419,0.25109345,0.034049258,0.06631915,-0.32353643,-0.38985556,0.020800909,-0.3407945,-0.36159542,0.07257228,-0.2863501,-0.3589224
532,40770,1.0,1.0,0.0,1.0,1.0,0.0,0.0028995164,0.0028995164,0.7706742,0.6580921,-0.11258215,0.5945833,0.6310679,0.0364846,0.6159668,0.65492034,0.038953543,0.6621429,0.6811384,0.018995523
533,40840,4.0,12.0,8.0,1.0,1.0,0.0,-0.0006868541,-0.0006868541,0.31824625,0.31219238,-0.006053865,0.22319542,0.30626813,0.08307271,0.23423518,0.31255433,0.07831915,0.25367084,0.325202,0.07153115
534,40846,1.0,1.0,0.0,1.0,1.0,0.0,-0.009333521,-0.009333521,0.48662496,0.36286464,-0.12376031,0.45437536,0.17249149,-0.28188387,0.4712771,0.20237325,-0.26890385,0.4905609,0.23394686,-0.25661403
535,40909,1.0,1.0,0.0,1.0,1.0,0.0,-0.00040303916,-0.00040303916,0.1402607,0.06549051,-0.07477019,0.10202652,0.25447935,0.15245283,0.08198967,0.23644888,0.15445921,0.09289895,0.23326825,0.1403693
536,40920,1.0,1.0,0.0,2.0,2.0,0.0,-0.007111538,-0.007111538,0.13151741,0.10985091,-0.021666497,-0.16435626,-0.10478826,0.059568003,-0.18455112,-0.121639326,0.06291179,-0.15415472,-0.09439542,0.059759296
537,40924,1.0,1.0,0.0,1.0,1.0,0.0,-0.00408547,-0.00408547,0.45832735,0.46741986,0.00909251,0.39920068,0.47857162,0.079370946,0.41453862,0.48749352,0.07295489,0.42854276,0.49517092,0.06662816
538,40935,17.0,21.0,4.0,36.0,65.0,29.0,-0.0044489317,-0.0044489317,0.32898095,0.2847533,-0.04422766,0.29537892,0.35712063,0.06174171,0.31634882,0.37577802,0.0594292,0.33545804,0.38521522,0.049757183
539,40979,17.0,18.0,1.0,5.0,6.0,1.0,0.0016296208,0.0016296208,0.1325612,0.21386541,0.08130421,0.15562712,0.20189092,0.0462638,0.18239416,0.20948689,0.027092725,0.17992063,0.2140069,0.034086272
540,41056,1.0,1.0,0.0,3.0,3.0,0.0,-0.006601993,-0.006601993,0.13494201,0.22026835,0.085326344,0.2876367,0.29447913,0.0068424344,0.30060142,0.30726168,0.006660253,0.30411482,0.31491143,0.010796607
541,41097,1.0,1.0,0.0,1.0,1.0,0.0,0.0012335107,0.0012335107,0.0618377,0.14170742,0.07986972,0.10488522,0.041685592,-0.063199624,0.080960676,-0.0020897095,-0.083050385,0.09085237,0.022967221,-0.06788515
542,41116,19.0,4.0,-15.0,18.0,7.0,-11.0,0.005055357,0.005055357,0.2940643,0.3361127,0.042048395,-0.06756177,-0.07482627,-0.0072645023,-0.087386526,-0.10322219,-0.015835665,-0.060314383,-0.06724313,-0.0069287457
543,41137,1.0,1.0,0.0,1.0,1.0,0.0,2.1442771e-05,2.1442771e-05,0.51968503,0.56005156,0.04036653,0.4148667,0.34088013,-0.07398656,0.42973128,0.34696016,-0.08277112,0.46189845,0.39332995,-0.0685685
544,41162,3.0,1.0,-2.0,11.0,2.0,-9.0,0.006683845,0.006683845,0.39021957,0.39421538,0.003995806,0.47318268,0.4568636,-0.016319066,0.45699328,0.44575077,-0.011242509,0.4727815,0.46129772,-0.0114837885
545,41482,10.0,46.0,36.0,53.0,83.0,30.0,-0.007036211,-0.007036211,0.29727426,0.19798064,-0.09929362,0.21979402,0.23373821,0.013944194,0.24378069,0.2573353,0.013554618,0.26077774,0.26450524,0.0037274957
546,41566,40.0,57.0,17.0,25.0,38.0,13.0,-0.005186828,-0.005186828,0.5334618,0.53047,-0.0029917955,0.2976187,0.38482815,0.08720946,0.28804117,0.38784832,0.09980714,0.3302769,0.41902077,0.088743865
547,41574,1.0,1.0,0.0,1.0,1.0,0.0,-0.0033114217,-0.0033114217,0.5036124,0.5649383,0.061325908,0.3237489,0.26691577,-0.05683312,0.31091163,0.26713017,-0.04378146,0.35840487,0.33140153,-0.027003348
548,41623,5.0,5.0,0.0,2.0,5.0,3.0,-0.0006459784,-0.0006459784,-0.038787503,0.028818052,0.067605555,0.016410444,-0.03602657,-0.052437015,0.024390787,-0.03635499,-0.060745776,0.019828338,-0.033330556,-0.053158894
549,41653,2.0,1.0,-1.0,1.0,1.0,0.0,9.319931e-05,9.319931e-05,0.7990459,0.7034154,-0.09563053,0.6524755,0.33894148,-0.313534,0.67695665,0.3425784,-0.33437824,0.7189406,0.47158003,-0.24736059
550,41710,2.0,2.0,0.0,1.0,1.0,0.0,-0.005880978,-0.005880978,0.14417416,-0.037301958,-0.18147612,-0.1314638,0.103690155,0.23515394,-0.14370705,0.113132775,0.2568398,-0.13062939,0.10845363,0.23908302
551,41778,4.0,13.0,9.0,13.0,30.0,17.0,-0.007192189,-0.007192189,-0.15705301,-0.16947128,-0.01241827,-0.056960568,-0.11293917,-0.055978604,-0.05583964,-0.111614175,-0.055774536,-0.07166201,-0.12445472,-0.052792713
552,41814,1.0,1.0,0.0,1.0,1.0,0.0,-0.0018271357,-0.0018271357,0.30440247,0.34553078,0.041128308,0.1372511,0.030252418,-0.106998675,0.15088987,0.0524122,-0.09847768,0.18261287,0.08812373,-0.094489135
553,41927,7.0,20.0,13.0,2.0,1.0,-1.0,-0.004137747,-0.004137747,0.16499506,0.058066923,-0.10692814,0.13189636,0.11676665,-0.015129715,0.08693117,0.098983444,0.012052275,0.10397106,0.10169244,-0.0022786185
554,41934,1.0,1.0,0.0,1.0,1.0,0.0,-7.493049e-05,-7.493049e-05,0.6803434,0.671993,-0.008350372,0.33554706,0.39666086,0.061113805,0.3126462,0.38323414,0.07058793,0.4089191,0.46674326,0.057824165
555,42007,9.0,7.0,-2.0,1.0,1.0,0.0,-0.0013848022,-0.0013848022,0.000538807,-0.11220356,-0.112742364,0.08194139,0.30013072,0.21818933,0.06893774,0.29396397,0.22502622,0.064531334,0.26798725,0.20345592
556,42126,1.0,1.0,0.0,1.0,1.0,0.0,-0.0072769895,-0.0072769895,0.15509722,0.19418016,0.039082944,0.35999805,-0.0673196,-0.42731765,0.39288464,-0.036788564,-0.4296732,0.38750592,-0.0020146498,-0.38952056
557,42166,1.0,1.0,0.0,1.0,1.0,0.0,-0.0032048821,-0.0032048821,0.33434072,0.5068628,0.1725221,0.41131344,0.22282083,-0.18849261,0.4121609,0.23457284,-0.17758806,0.44143108,0.29879007,-0.14264101
558,42171,1.0,1.0,0.0,1.0,1.0,0.0,-0.00021740422,-0.00021740422,-0.3100274,-0.19209056,0.117936835,0.3131316,0.006379607,-0.306752,0.29630372,-0.016565219,-0.31286895,0.27402157,-0.041046377,-0.31506795
559,42214,1.0,1.0,0.0,1.0,1.0,0.0,0.0030838624,0.0030838624,0.5383091,0.5601952,0.02188611,0.5215603,0.3683514,-0.15320891,0.5262942,0.36725417,-0.15904,0.5542755,0.419187,-0.1350885
560,42224,1.0,3.0,2.0,1.0,1.0,0.0,-0.009358503,-0.009358503,0.35565576,0.30905813,-0.04659763,0.08559674,0.1621032,0.076506466,0.08062326,0.16030055,0.07967729,0.11884606,0.18967016,0.0708241
561,42238,1.0,2.0,1.0,3.0,2.0,-1.0,-0.008736312,-0.008736312,0.3595413,0.4430327,0.083491415,0.12523448,0.1165985,-0.008635983,0.101183444,0.10145784,0.00027439743,0.1382805,0.14382991,0.005549416
562,42299,3.0,1.0,-2.0,1.0,1.0,0.0,-0.0023051314,-0.0023051314,0.3524421,0.36769393,0.015251845,0.111213006,0.09538358,-0.015829429,0.16312383,0.09941743,-0.0637064,0.20864387,0.1400075,-0.06863637
563,42473,1.0,2.0,1.0,1.0,1.0,0.0,-0.0032216199,-0.0032216199,0.43597752,0.43239442,-0.0035831034,0.40148184,0.39346927,-0.008012563,0.40712357,0.38858432,-0.01853925,0.41894484,0.40648887,-0.01245597
564,42563,1.0,1.0,0.0,1.0,1.0,0.0,0.003188625,0.003188625,0.2750462,0.26189232,-0.013153881,0.23767377,0.5158358,0.27816206,0.2410025,0.53785187,0.29684937,0.25502107,0.54092467,0.2859036
565,42642,17.0,33.0,16.0,18.0,9.0,-9.0,0.0011347961,0.0011347961,0.28297907,0.29015607,0.0071769953,-0.008048805,0.06997487,0.07802367,-0.044686805,0.023418607,0.068105415,0.0011392975,0.06795348,0.066814184
566,42648,125.0,96.0,-29.0,16.0,12.0,-4.0,-0.00022493489,-0.00022493489,0.66918063,0.7237127,0.05453205,0.48996335,0.24798977,-0.24197358,0.50564295,0.24896438,-0.25667858,0.56343836,0.32669908,-0.23673928
567,42697,2.0,1.0,-1.0,1.0,1.0,0.0,0.0063725375,0.0063725375,0.09697828,0.17098366,0.07400538,0.12422819,0.13897553,0.014747344,0.13466758,0.15139449,0.016726911,0.14375132,0.16229954,0.01854822
568,42781,46.0,34.0,-12.0,9.0,19.0,10.0,0.0022049062,0.0022049062,0.33986238,0.31644955,-0.023412824,-0.029297754,0.015933938,0.045231692,-0.039770633,0.00092590903,0.040696543,6.0360344e-05,0.042539313,0.042478953
569,42851,1.0,2.0,1.0,1.0,1.0,0.0,-0.007919781,-0.007919781,0.11053899,0.092311196,-0.018227793,0.024250139,0.092800304,0.06855017,0.014031348,0.10001488,0.08598353,0.022739507,0.10440318,0.081663676
570,42912,4.0,3.0,-1.0,7.0,2.0,-5.0,0.002140917,0.002140917,0.14750835,0.09533055,-0.0521778,0.06838834,0.06621636,-0.0021719858,0.06703271,0.075175285,0.008142576,0.07867137,0.08100789,0.002336517
571,42946,11.0,4.0,-7.0,2.0,2.0,0.0,-0.00119894,-0.00119894,0.5903139,0.59598017,0.005666256,0.45180443,0.44791362,-0.0038908124,0.47339463,0.45406178,-0.019332856,0.5177196,0.48428905,-0.033430576
572,42980,1.0,1.0,0.0,1.0,1.0,0.0,-0.003738463,-0.003738463,0.4395813,0.34979358,-0.08978772,0.15101863,-0.113284774,-0.26430342,0.13796005,-0.110876314,-0.24883637,0.17934214,-0.06224853,-0.24159066
573,43107,6.0,6.0,0.0,5.0,7.0,2.0,-0.002519548,-0.002519548,0.18365191,0.09544417,-0.08820774,-0.01783297,-0.11826889,-0.10043592,-0.019852644,-0.122121714,-0.10226907,0.011239643,-0.10305298,-0.11429262
574,43156,1.0,1.0,0.0,1.0,1.0,0.0,-0.00068062916,-0.00068062916,0.24367882,0.10068599,-0.14299282,0.2020542,0.20170237,-0.00035183132,0.20685954,0.20982273,0.0029631853,0.22467764,0.21239749,-0.012280151
575,43157,1.0,1.0,0.0,1.0,1.0,0.0,0.0016387701,0.0016387701,0.73476464,0.78331447,0.04854983,0.5253757,0.3914356,-0.13394013,0.5251495,0.39192906,-0.13322046,0.5733267,0.5096163,-0.06371039
576,43159,1.0,1.0,0.0,6.0,5.0,-1.0,0.0043906234,0.0043906234,0.44915697,0.41008183,-0.039075136,0.065106,0.13912898,0.074022986,0.13091232,0.17520979,0.04429747,0.22179945,0.24284504,0.021045595
577,43164,1.0,1.0,0.0,2.0,2.0,0.0,-0.004377216,-0.004377216,-0.0072896685,-0.017734598,-0.01044493,-0.1335156,0.019906724,0.15342233,-0.15007308,0.012369502,0.16244258,-0.14331378,0.0094314795,0.15274526
578,43224,4.0,10.0,6.0,1.0,10.0,9.0,-0.007459946,-0.007459946,0.080023244,0.09486186,0.014838614,0.09537558,0.09815733,0.0027817488,0.09352634,0.0820631,-0.01146324,0.09686612,0.08951192,-0.0073542
579,43250,10.0,21.0,11.0,4.0,3.0,-1.0,-0.006925773,-0.006925773,0.12505569,0.08553,-0.039525688,0.047502685,-0.015674718,-0.06317741,0.07597405,-0.010921617,-0.08689567,0.0885599,5.1305728e-05,-0.0885086
580,43288,1.0,1.0,0.0,1.0,1.0,0.0,-0.0024550594,-0.0024550594,0.36800218,0.2792358,-0.088766366,0.031775836,-0.068131424,-0.099907264,0.033207092,-0.07603611,-0.1092432,0.054158095,-0.058738817,-0.11289691
581,43428,5.0,7.0,2.0,1.0,1.0,0.0,0.0028113984,0.0028113984,0.54356194,0.623711,0.080149055,0.3154669,0.30496618,-0.010500729,0.30465317,0.30258438,-0.0020687878,0.4132583,0.40305716,-0.010201156
582,43429,1.0,1.0,0.0,1.0,1.0,0.0,0.0020750687,0.0020750687,0.5999867,0.6226158,0.022629142,0.57265943,0.4168397,-0.15581974,0.5661684,0.4010794,-0.16508904,0.59178054,0.446405,-0.14537555
583,43445,2.0,1.0,-1.0,1.0,1.0,0.0,-0.002365496,-0.002365496,0.038812507,-0.033416104,-0.07222861,-0.04783933,-0.3449079,-0.2970686,-0.03388311,-0.33517295,-0.30128986,-0.026964407,-0.3177464,-0.290782
584,43465,10.0,23.0,13.0,11.0,8.0,-3.0,-0.00046192482,-0.00046192482,0.029108007,0.0051899543,-0.023918051,-0.008505001,-0.13260151,-0.12409651,-0.019193267,-0.1354676,-0.116274334,-0.01630196,-0.1263674,-0.110065445
585,43500,1.0,1.0,0.0,2.0,3.0,1.0,0.0014765002,0.0014765002,0.5568693,0.56321,0.0063406825,0.33718008,0.34837642,0.011196345,0.33035523,0.3559988,0.025643587,0.3766712,0.3951613,0.018490106
586,43619,1.0,1.0,0.0,1.0,2.0,1.0,0.0010996982,0.0010996982,0.6951572,0.6357889,-0.059368253,0.023851028,0.105297826,0.0814468,0.054376777,0.14397027,0.089593485,0.19809696,0.2993148,0.101217836
587,43675,1.0,2.0,1.0,1.0,1.0,0.0,-0.0050526746,-0.0050526746,0.08422561,0.087423675,0.0031980649,0.0044459077,0.16580048,0.16135457,0.017033711,0.18298897,0.16595526,0.029067196,0.18482615,0.15575895
588,43689,1.0,1.0,0.0,6.0,4.0,-2.0,0.0007381737,0.0007381737,0.34961885,0.36073324,0.011114389,0.31607872,-0.1472672,-0.46334592,0.32609016,-0.12832008,-0.45441025,0.35558948,-0.06540434,-0.4209938
589,43746,6.0,1.0,-5.0,2.0,2.0,0.0,0.003270667,0.003270667,0.3617528,0.42775825,0.06600544,0.157369,0.1466241,-0.0107448995,0.1537269,0.13717893,-0.016547978,0.21384251,0.20548515,-0.008357361
590,43818,1.0,1.0,0.0,1.0,1.0,0.0,7.0035458e-06,7.0035458e-06,0.5368919,0.5028462,-0.034045696,0.3543418,0.40338123,0.049039423,0.36273998,0.41225347,0.04951349,0.43107855,0.4410543,0.009975761
591,43820,1.0,1.0,0.0,1.0,1.0,0.0,-0.004132226,-0.004132226,0.431953,0.49682876,0.06487575,-0.19267069,0.2785412,0.4712119,-0.20894082,0.29865518,0.507596,-0.14325003,0.3752041,0.51845413
592,43852,24.0,12.0,-12.0,19.0,5.0,-14.0,0.004983442,0.004983442,0.8077989,0.8554417,0.047642767,0.589825,0.44145122,-0.14837375,0.59974164,0.45885757,-0.14088407,0.65866745,0.56231564,-0.0963518
593,43950,1.0,1.0,0.0,2.0,1.0,-1.0,-0.000536263,-0.000536263,0.6548438,0.6101393,-0.044704497,0.72055054,0.24849951,-0.47205102,0.7330639,0.26324826,-0.4698156,0.74223596,0.3529879,-0.38924807
594,43984,1.0,1.0,0.0,1.0,1.0,0.0,0.0015564561,0.0015564561,-0.0053306506,0.06211075,0.0674414,-0.21411619,-0.21932137,-0.005205184,-0.2405457,-0.24310158,-0.002555877,-0.23861976,-0.23543766,0.0031820983
595,44052,1.0,1.0,0.0,1.0,1.0,0.0,-0.0011322089,-0.0011322089,0.02244038,0.18880291,0.16636254,0.3476095,0.25831047,-0.08929902,0.3447457,0.26492628,-0.07981941,0.3392747,0.28359437,-0.055680335
596,44097,3.0,4.0,1.0,1.0,1.0,0.0,-0.0074278302,-0.0074278302,0.089753956,-0.0494534,-0.13920736,0.09660282,0.13090572,0.034302898,0.10266583,0.11926393,0.016598105,0.10877725,0.10732833,-0.0014489144
597,44107,7.0,5.0,-2.0,15.0,37.0,22.0,-0.0026069283,-0.0026069283,0.07294108,0.13722521,0.06428413,0.030013314,0.008105605,-0.02190771,-0.043368038,-0.04341624,-4.820153e-05,-0.030117748,-0.020023517,0.010094231
598,44138,3.0,2.0,-1.0,2.0,2.0,0.0,0.0007454902,0.0007454902,0.2930735,0.3914792,0.09840569,0.35247022,0.39618036,0.043710142,0.37513942,0.41068238,0.035542965,0.3846236,0.4235373,0.038913727
599,44144,20.0,43.0,23.0,1.0,8.0,7.0,-0.008434478,-0.008434478,0.17532416,0.16419826,-0.011125892,0.04544191,0.067588925,0.022147015,0.03429206,0.062692925,0.028400864,0.056683667,0.08174452,0.025060855
600,44184,50.0,137.0,87.0,4.0,5.0,1.0,-0.0066681337,-0.0066681337,-0.17450501,-0.43215373,-0.2576487,-0.3312651,-0.1472115,0.18405358,-0.32902315,-0.14420284,0.18482031,-0.34164098,-0.18606898,0.155572
601,44324,1.0,1.0,0.0,1.0,1.0,0.0,0.0006570183,0.0006570183,0.55856127,0.49523368,-0.06332758,0.32810748,0.39481828,0.0667108,0.33498862,0.40758234,0.07259372,0.37475815,0.43154648,0.056788325
602,44339,1.0,1.0,0.0,1.0,1.0,0.0,-0.0045858286,-0.0045858286,0.50543696,0.46411362,-0.041323334,0.43428132,0.44498816,0.010706842,0.46611962,0.47309798,0.006978363,0.4932161,0.48406085,-0.009155244
603,44369,23.0,25.0,2.0,2.0,3.0,1.0,-0.0015032534,-0.0015032534,0.42190793,0.45854348,0.036635548,0.35592356,0.07215311,-0.28377044,0.36514872,0.05187308,-0.31327564,0.40819865,0.11413847,-0.29406017
604,44412,1.0,1.0,0.0,2.0,2.0,0.0,0.000679858,0.000679858,0.26954174,0.20508568,-0.06445606,0.13514256,0.101134606,-0.03400796,0.124532096,0.086339094,-0.038193002,0.15817426,0.104561314,-0.053612947
605,44705,87.0,99.0,12.0,17.0,15.0,-2.0,-0.0018800385,-0.0018800385,0.0738045,-0.04779313,-0.12159763,0.0954083,0.06474136,-0.03066694,0.09272512,0.058347646,-0.034377474,0.0961771,0.050988283,-0.045188818
606,44720,1.0,1.0,0.0,1.0,1.0,0.0,-0.0060235225,-0.0060235225,0.03218214,0.041129753,0.008947615,0.050774127,0.2138161,0.16304198,0.050988298,0.2430077,0.1920194,0.053612348,0.2451824,0.19157004
607,44729,11.0,11.0,0.0,1.0,1.0,0.0,0.0029310882,0.0029310882,0.1602458,0.13148086,-0.028764948,0.13806966,0.09041416,-0.0476555,0.1325161,0.05424448,-0.07827162,0.15399882,0.07199702,-0.082001805
608,44736,8.0,14.0,6.0,1.0,1.0,0.0,-0.0048696324,-0.0048696324,-0.06512508,-0.11793816,-0.052813083,-0.13253392,-0.11088701,0.02164691,-0.1320404,-0.11170553,0.02033487,-0.12891369,-0.11788255,0.011031136
609,44844,1.0,1.0,0.0,1.0,1.0,0.0,-0.00449815,-0.00449815,0.023083022,0.060563035,0.03748001,0.16052222,0.015520045,-0.14500217,0.17095163,-0.0013817535,-0.17233339,0.17147979,0.006344374,-0.16513541
610,44971,292.0,333.0,41.0,363.0,301.0,-62.0,0.00085186865,0.00085186865,0.18865071,0.14978258,-0.03886813,0.13867928,0.0943059,-0.04437338,0.12481774,0.09118642,-0.033631317,0.13853884,0.10224867,-0.03629017
611,44980,1.0,1.0,0.0,1.0,1.0,0.0,-0.0019683503,-0.0019683503,0.362223,0.3001803,-0.062042713,0.18267591,-0.06448777,-0.24716368,0.18364373,-0.05735145,-0.24099518,0.22195454,-0.0051363367,-0.22709088
612,45129,2.0,6.0,4.0,1.0,1.0,0.0,-0.0027644895,-0.0027644895,0.115682855,0.23831631,0.12263346,0.26740345,0.05583395,-0.2115695,0.27220365,0.049495716,-0.22270794,0.27820426,0.084348336,-0.19385593
613,45213,5.0,21.0,16.0,1.0,1.0,0.0,-0.0065051615,-0.0065051615,0.09559212,0.16117643,0.06558431,0.11174035,0.053989075,-0.057751276,0.11335789,0.05680365,-0.056554236,0.12466026,0.073450536,-0.051209725
614,45356,1.0,1.0,0.0,1.0,1.0,0.0,-0.013823565,-0.013823565,0.5704522,0.53018343,-0.04026878,0.5319097,0.2635514,-0.2683583,0.5094886,0.25002202,-0.25946656,0.5439499,0.3213846,-0.2225653
615,45595,8.0,10.0,2.0,155.0,125.0,-30.0,-0.0025691297,-0.0025691297,0.23026387,0.26580477,0.035540894,-0.0057407687,0.028927978,0.034668747,-0.025766458,0.009495054,0.03526151,-0.0011575298,0.03530843,0.03646596
616,45632,3.0,3.0,0.0,4.0,3.0,-1.0,0.0028978847,0.0028978847,0.062830836,0.15168187,0.088851035,0.23630008,0.08711383,-0.14918625,0.24616466,0.06803622,-0.17812845,0.25002116,0.09086957,-0.15915158
617,45746,42.0,55.0,13.0,15.0,13.0,-2.0,-0.0020109974,-0.0020109974,0.2963738,0.28178823,-0.014585584,0.037262827,0.09486663,0.057603806,0.07916548,0.14395237,0.06478689,0.13043106,0.18692803,0.056496978
618,45750,57.0,103.0,46.0,5.0,7.0,2.0,-0.0020780005,-0.0020780005,0.4408327,0.2994487,-0.141384,0.43782163,0.48455948,0.04673785,0.4989459,0.51535773,0.01641184,0.5379804,0.5256357,-0.012344658
619,45837,11.0,46.0,35.0,2.0,3.0,1.0,-0.005591262,-0.005591262,-0.05526857,0.019189365,0.074457936,-0.26838347,-0.14536273,0.12302074,-0.27194488,-0.1548412,0.11710368,-0.26736745,-0.15172344,0.11564401
620,45843,17.0,15.0,-2.0,7.0,10.0,3.0,-0.0013220888,-0.0013220888,0.7418073,0.74599594,0.004188657,0.7424542,0.7347461,-0.0077080727,0.7591348,0.753489,-0.0056458116,0.7740834,0.7719922,-0.0020911694
621,45945,34.0,24.0,-10.0,27.0,27.0,0.0,0.0020467378,0.0020467378,-0.048233498,0.03617796,0.08441146,0.10451936,0.11247121,0.007951848,0.10752982,0.12107723,0.013547413,0.09796751,0.117652096,0.019684583
622,45981,5.0,11.0,6.0,8.0,12.0,4.0,-0.0039423257,-0.0039423257,0.039072778,0.040854525,0.0017817467,-0.09958055,-0.1755931,-0.076012544,-0.114898965,-0.19172049,-0.07682152,-0.10269777,-0.17336302,-0.07066525
623,45982,11.0,19.0,8.0,4.0,2.0,-2.0,-0.0043652914,-0.0043652914,0.28905115,0.2973996,0.008348465,0.1806457,0.20518515,0.02453944,0.16224772,0.19790563,0.035657912,0.1923815,0.23079029,0.038408786
624,45999,2.0,3.0,1.0,1.0,1.0,0.0,0.00096107274,0.00096107274,0.28876275,0.2553463,-0.03341645,0.0657212,0.09664781,0.030926608,0.05979659,0.08205847,0.022261877,0.09102908,0.10498749,0.013958409
625,46002,2.0,6.0,4.0,12.0,18.0,6.0,-0.0036811046,-0.0036811046,0.22471134,0.18211313,-0.042598218,-0.046075236,-0.08907048,-0.04299524,-0.05241079,-0.115027316,-0.06261653,-0.016699083,-0.082070924,-0.06537184
626,46036,2.0,3.0,1.0,1.0,1.0,0.0,-0.002385117,-0.002385117,-0.014447595,-0.09476468,-0.08031709,0.13234937,0.10474631,-0.02760306,0.117381126,0.08889042,-0.028490707,0.10656381,0.068965726,-0.03759808
627,46101,5.0,10.0,5.0,1.0,1.0,0.0,-0.00419084,-0.00419084,0.73429745,0.69294804,-0.04134941,0.64862245,0.27739087,-0.3712316,0.65349364,0.29218054,-0.3613131,0.6768037,0.41695577,-0.25984794
628,46136,36.0,41.0,5.0,53.0,129.0,76.0,-0.0037126523,-0.0037126523,0.1348173,0.1300964,-0.0047208965,-0.052187618,0.02460607,0.076793686,-0.017231766,0.036078274,0.05331004,0.008568857,0.059963506,0.05139465
629,46150,3.0,3.0,0.0,4.0,1.0,-3.0,0.0021696351,0.0021696351,0.35962424,0.38461795,0.024993718,0.3392966,0.18963565,-0.14966096,0.34667328,0.19530374,-0.15136954,0.35615993,0.2317305,-0.12442942
630,46160,1.0,1.0,0.0,1.0,1.0,0.0,-0.009856269,-0.009856269,0.40121475,0.46573433,0.064519584,0.38493887,0.42643648,0.041497618,0.4067305,0.44234958,0.03561908,0.42939484,0.4825202,0.05312535
631,46274,2.0,4.0,2.0,1.0,1.0,0.0,-0.0017607734,-0.0017607734,0.25370032,0.2171671,-0.03653322,0.16976117,0.2252306,0.05546944,0.17079823,0.23883912,0.06804089,0.19653358,0.24373871,0.047205135
632,46321,1.0,1.0,0.0,1.0,1.0,0.0,-0.008799847,-0.008799847,0.08339607,0.023960944,-0.059435125,0.17264634,0.1077183,-0.06492805,0.18973309,0.0901481,-0.09958499,0.18534085,0.08910606,-0.09623479
633,46372,13.0,36.0,23.0,1.0,2.0,1.0,-0.0066436157,-0.0066436157,-0.067673,-0.088222615,-0.020549618,0.16032512,0.055610932,-0.10471419,0.15258649,0.03697644,-0.11561005,0.14647825,0.026817016,-0.119661234
634,46380,1.0,3.0,2.0,1.0,1.0,0.0,-0.005228691,-0.005228691,0.52347696,0.540241,0.016764045,0.36664674,0.31728563,-0.04936111,0.39098325,0.34771386,-0.043269396,0.43456885,0.4065847,-0.027984142
635,46460,2.0,2.0,0.0,1.0,1.0,0.0,-0.003930509,-0.003930509,0.2563491,0.39329362,0.13694453,0.24026293,0.23775265,-0.0025102794,0.25533777,0.26856613,0.013228357,0.28303465,0.31333998,0.030305326
636,46462,1.0,1.0,0.0,1.0,1.0,0.0,-0.0034007207,-0.0034007207,-0.5744677,-0.51199967,0.062468052,-0.23308714,-0.5382746,-0.30518746,-0.21025194,-0.52573895,-0.31548703,-0.26346284,-0.5503721,-0.28690928
637,46480,1.0,1.0,0.0,1.0,1.0,0.0,-0.0057654344,-0.0057654344,0.26440692,0.4198271,0.15542018,0.45331496,0.365105,-0.08820996,0.4367094,0.35501498,-0.081694424,0.46077535,0.40157765,-0.059197694
638,46523,3.0,1.0,-2.0,1.0,1.0,0.0,0.007496178,0.007496178,0.3619211,0.30021346,-0.061707646,0.33056,0.47360483,0.14304483,0.34229997,0.48765945,0.14535949,0.3731834,0.49214318,0.118959785
639,46642,1.0,2.0,1.0,1.0,1.0,0.0,-0.0025164746,-0.0025164746,0.41252825,0.34332183,-0.06920642,0.23594496,0.25329092,0.017345965,0.21807797,0.24225248,0.024174511,0.2574591,0.26657176,0.009112656
640,46661,5.0,6.0,1.0,4.0,6.0,2.0,0.00079921633,0.00079921633,0.103976876,0.11169891,0.007722035,-0.022261383,-0.025185665,-0.002924282,-0.034682937,-0.023063293,0.011619644,-0.015082351,-0.0019353402,0.0131470105
641,46806,27.0,20.0,-7.0,1.0,1.0,0.0,-0.00012758002,-0.00012758002,-0.22942016,-0.17003366,0.05938649,-0.2843192,-0.22224542,0.062073767,-0.2770106,-0.22501476,0.05199583,-0.28873613,-0.23813438,0.05060175
642,46835,1.0,1.0,0.0,1.0,1.0,0.0,-0.0016463287,-0.0016463287,0.7522462,0.76686215,0.014615953,0.66927004,0.787169,0.11789894,0.7253431,0.81234694,0.08700383,0.75058895,0.8417815,0.09119254
643,46861,1.0,1.0,0.0,1.0,1.0,0.0,0.0018754713,0.0018754713,0.3446535,0.32795691,-0.016696572,0.32459277,0.45957446,0.13498169,0.3493763,0.49470165,0.14532536,0.42016366,0.49517852,0.07501486
644,47033,10.0,8.0,-2.0,2.0,2.0,0.0,-0.0031783003,-0.0031783003,0.56048244,0.38960987,-0.17087257,0.53934646,0.43206552,-0.10728094,0.54490733,0.41762862,-0.12727872,0.5649765,0.43388435,-0.13109216
645,47070,7.0,6.0,-1.0,3.0,2.0,-1.0,0.00014577433,0.00014577433,0.53467023,0.50064164,-0.03402859,0.41460264,0.3343388,-0.08026382,0.40377283,0.3061084,-0.097664446,0.4458267,0.3612851,-0.08454162
646,47099,1.0,1.0,0.0,1.0,1.0,0.0,0.0014212206,0.0014212206,0.23554063,0.18447407,-0.051066563,0.19547181,0.18997128,-0.0055005252,0.17577294,0.1819438,0.006170869,0.18547758,0.18610953,0.00063194335
647,47200,2.0,1.0,-1.0,4.0,2.0,-2.0,0.0036696717,0.0036696717,0.2516442,0.101198,-0.15044619,0.31594655,0.22393665,-0.0920099,0.28021878,0.21693414,-0.063284636,0.29340434,0.21820754,-0.0751968
648,47290,10.0,19.0,9.0,5.0,9.0,4.0,-0.006293308,-0.006293308,0.63969284,0.6266982,-0.012994647,0.25565818,0.3106033,0.05494511,0.3458158,0.3271226,-0.018693209,0.43235937,0.40116596,-0.031193405
649,47293,15.0,14.0,-1.0,3.0,2.0,-1.0,0.0012614653,0.0012614653,0.2886438,0.20632063,-0.08232318,0.3351084,0.2190192,-0.116089195,0.33637196,0.2179993,-0.118372664,0.3472147,0.22628814,-0.12092656
650,47321,11.0,7.0,-4.0,2.0,6.0,4.0,-0.00041490793,-0.00041490793,0.07802265,-0.013782189,-0.09180484,0.046018157,0.22094157,0.17492342,0.067554,0.23499556,0.16744156,0.0759127,0.21562497,0.13971227
651,47408,2.0,5.0,3.0,3.0,7.0,4.0,-0.0077506416,-0.0077506416,0.5875467,0.661333,0.07378632,0.4329599,0.422645,-0.010314912,0.4139409,0.41178015,-0.0021607578,0.45929417,0.47264004,0.013345867
652,47598,1.0,1.0,0.0,7.0,5.0,-2.0,0.002276834,0.002276834,0.16224274,0.09325887,-0.06898387,0.0742106,0.07168362,-0.0025269762,0.0864904,0.06855736,-0.01793304,0.106783114,0.07902022,-0.027762897
653,47600,5.0,9.0,4.0,3.0,7.0,4.0,-0.004029244,-0.004029244,0.13778974,0.25154197,0.11375223,0.23711096,0.3690488,0.13193785,0.23712674,0.37273625,0.13560951,0.23440096,0.38663036,0.1522294
654,47614,41.0,46.0,5.0,14.0,18.0,4.0,-0.0022492502,-0.0022492502,0.15558034,0.026194977,-0.12938537,0.13688713,-0.035137545,-0.17202468,0.13379978,-0.047405183,-0.18120496,0.15278523,-0.042071216,-0.19485644
655,47656,3.0,10.0,7.0,2.0,3.0,1.0,-0.0058006346,-0.0058006346,0.00082770037,0.029756716,0.028929016,0.23357108,0.07263151,-0.16093957,0.18111269,0.025312394,-0.1558003,0.16623275,0.027424157,-0.1388086
656,47687,1.0,1.0,0.0,1.0,1.0,0.0,-0.0011198819,-0.0011198819,0.18337154,0.100940436,-0.08243111,0.12713546,0.22824296,0.10110751,0.12783436,0.22726049,0.09942612,0.14190224,0.23089363,0.08899139
657,48157,38.0,35.0,-3.0,10.0,12.0,2.0,-0.0019236561,-0.0019236561,0.23114055,0.09014896,-0.1409916,0.020754516,-0.15691033,-0.17766485,0.023482354,-0.15021408,-0.17369643,0.05041886,-0.13273814,-0.183157
658,48260,2.0,2.0,0.0,2.0,1.0,-1.0,-0.00091874227,-0.00091874227,0.11653551,0.17358713,0.05705162,-0.031616643,0.04709514,0.07871178,-0.03718986,0.0446112,0.08180106,-0.024541443,0.05704428,0.08158572
659,48374,11.0,9.0,-2.0,8.0,4.0,-4.0,-0.0014138129,-0.0014138129,0.15093477,0.078544915,-0.072389856,0.11394046,-0.038486548,-0.15242702,0.15064782,-0.009465869,-0.16011369,0.16276044,0.0012451531,-0.16151528
660,48379,4.0,1.0,-3.0,3.0,5.0,2.0,0.001239989,0.001239989,0.34039664,0.3190625,-0.021334141,-0.011018789,0.16621451,0.1772333,-0.0019941193,0.1883199,0.19031402,0.03669969,0.21216194,0.17546225
661,48393,1.0,1.0,0.0,1.0,1.0,0.0,-0.0028842054,-0.0028842054,0.24570073,0.2632819,0.01758118,0.09584019,-0.06682186,-0.16266206,0.07777718,-0.08531442,-0.1630916,0.11685431,-0.029849704,-0.14670402
662,48422,1.0,2.0,1.0,2.0,3.0,1.0,-0.008311793,-0.008311793,0.3732723,0.4442493,0.070977,0.36612266,0.4760555,0.10993284,0.36879495,0.49488991,0.12609497,0.38665193,0.5064015,0.119749546
663,48508,4.0,3.0,-1.0,22.0,4.0,-18.0,0.0063767023,0.0063767023,0.20306265,0.14548413,-0.05757852,0.04426392,0.10913862,0.0648747,0.07181939,0.13915505,0.06733566,0.112414785,0.15429465,0.04187987
664,48530,9.0,3.0,-6.0,6.0,2.0,-4.0,0.0076593347,0.0076593347,0.48814687,0.48290908,-0.005237788,0.24957487,0.016981356,-0.2325935,0.2515555,0.03484823,-0.21670727,0.29815182,0.10162722,-0.19652459
665,48617,8.0,33.0,25.0,7.0,12.0,5.0,-0.010605499,-0.010605499,0.026615474,0.03903514,0.012419667,0.064874426,0.1063367,0.041462272,0.08182116,0.123650976,0.041829817,0.07392442,0.113698535,0.039774112
666,48618,2.0,2.0,0.0,1.0,1.0,0.0,-0.00092315674,-0.00092315674,0.22538523,0.1925052,-0.032880038,0.3111464,0.24266174,-0.068484664,0.3151942,0.25396737,-0.061226815,0.32387245,0.25269845,-0.071173996
667,48622,8.0,18.0,10.0,1.0,1.0,0.0,-0.0044503473,-0.0044503473,0.01800605,0.07284778,0.054841734,0.010829113,0.00046120756,-0.010367906,0.005120587,0.013614956,0.00849437,0.007207841,0.019775234,0.0125673935
668,48679,32.0,7.0,-25.0,23.0,15.0,-8.0,0.007435538,0.007435538,0.049221106,0.0035635352,-0.04565757,0.1479821,0.13310462,-0.014877483,0.15618014,0.1321303,-0.024049848,0.15871546,0.13302547,-0.02568999
669,48681,19.0,14.0,-5.0,2.0,6.0,4.0,-0.001795996,-0.001795996,0.32380694,0.33688173,0.0130747855,0.27822733,0.2635272,-0.014700115,0.28999758,0.28585246,-0.0041451156,0.3092463,0.30474028,-0.0045060217
670,48802,1.0,1.0,0.0,1.0,1.0,0.0,-0.0010043085,-0.0010043085,0.38731235,0.4032884,0.015976042,0.17516129,0.2616709,0.0865096,0.20996419,0.30121717,0.09125298,0.25214145,0.33495963,0.08281818
671,48832,5.0,2.0,-3.0,1.0,1.0,0.0,0.00019685924,0.00019685924,0.19959305,0.19367549,-0.005917564,0.37038812,0.51022375,0.13983563,0.37778723,0.5136758,0.13588858,0.39882648,0.5174319,0.118605435
672,48839,11.0,32.0,21.0,1.0,1.0,0.0,-0.0067641027,-0.0067641027,0.45267925,0.58916795,0.1364887,0.5994358,0.59290135,-0.006534457,0.6124752,0.5989598,-0.013515413,0.62488896,0.61360425,-0.011284709
673,49076,15.0,24.0,9.0,2.0,3.0,1.0,-0.0043089297,-0.0043089297,-0.006800087,0.041098364,0.04789845,-0.07503305,0.036230166,0.111263216,-0.08424384,0.02251333,0.10675717,-0.0823818,0.02733683,0.10971863
674,49152,1.0,1.0,0.0,8.0,8.0,0.0,-0.0018422455,-0.0018422455,0.003494819,0.018825896,0.015331077,0.16367131,-0.13886659,-0.30253792,0.16545913,-0.12844856,-0.2939077,0.16697587,-0.12760633,-0.2945822
675,49156,41.0,137.0,96.0,16.0,9.0,-7.0,-0.0045248326,-0.0045248326,0.46347138,0.41381496,-0.04965642,0.49682584,0.54425704,0.0474312,0.48600185,0.5434758,0.057473958,0.49439517,0.5397938,0.045398623
676,49234,22.0,7.0,-15.0,4.0,2.0,-2.0,0.0010714419,0.0010714419,0.0863033,0.23398025,0.14767694,0.13933758,0.008255075,-0.1310825,0.1297665,0.00061196944,-0.12915452,0.1376685,0.023433574,-0.11423493
677,49466,1.0,1.0,0.0,1.0,1.0,0.0,0.008054163,0.008054163,0.18762234,0.18224885,-0.005373493,0.1496611,0.14455655,-0.005104542,0.14490137,0.16045372,0.015552357,0.17553696,0.17622395,0.00068698823
678,49480,4.0,4.0,0.0,12.0,19.0,7.0,-0.004972916,-0.004972916,-0.2536249,-0.097515516,0.15610936,-0.032795157,-0.16566075,-0.1328656,-0.031948388,-0.1649992,-0.13305081,-0.0488727,-0.16779941,-0.11892671
679,49622,1.0,1.0,0.0,1.0,1.0,0.0,-0.009657472,-0.009657472,0.24382955,0.16608647,-0.07774308,0.13102606,0.08336266,-0.047663398,0.1384264,0.08441477,-0.05401162,0.15636362,0.0976438,-0.05871982
680,49731,1.0,1.0,0.0,5.0,4.0,-1.0,0.0029188544,0.0029188544,0.35356045,0.27721506,-0.076345384,0.018680425,0.15750468,0.13882425,0.024389002,0.15020964,0.12582064,0.066273026,0.17699274,0.11071972
681,49923,1.0,3.0,2.0,1.0,1.0,0.0,-0.0047292747,-0.0047292747,0.447884,0.4416558,-0.0062281787,0.4079174,0.009648368,-0.39826906,0.40313578,0.05341013,-0.34972563,0.4173387,0.13788201,-0.27945668
682,49944,1.0,1.0,0.0,1.0,1.0,0.0,-0.002091311,-0.002091311,0.6120451,0.59237087,-0.019674242,0.6713388,0.43293187,-0.23840693,0.67976886,0.43120557,-0.24856329,0.6916005,0.47038034,-0.22122017
683,49955,2.0,3.0,1.0,1.0,1.0,0.0,0.0022660084,0.0022660084,0.23744418,0.22025453,-0.017189652,-0.0032531677,0.072066545,0.075319715,-0.012573239,0.07039819,0.08297143,0.018000986,0.094077624,0.07607664
684,49957,2.0,2.0,0.0,1.0,2.0,1.0,0.0011996478,0.0011996478,-0.02311093,-0.007090501,0.016020428,-0.14136472,0.3213191,0.46268383,-0.16183369,0.2744981,0.4363318,-0.14813493,0.25118843,0.39932334
685,49969,2.0,5.0,3.0,2.0,2.0,0.0,-0.007900661,-0.007900661,0.517355,0.46255597,-0.05479905,0.35704377,0.5341859,0.17714211,0.3835518,0.56348294,0.17993113,0.45290297,0.5931467,0.14024371
686,49979,2.0,1.0,-1.0,2.0,3.0,1.0,0.0024279617,0.0024279617,-0.31926608,-0.18779793,0.13146815,0.08006814,0.2900526,0.20998445,0.06951346,0.2838757,0.21436223,0.022671837,0.2477718,0.22509997
687,50026,2.0,15.0,13.0,1.0,3.0,2.0,-0.006051559,-0.006051559,0.32062948,0.018352337,-0.30227715,0.2479742,0.43787026,0.18989606,0.25473338,0.44927865,0.19454527,0.2714211,0.43970573,0.16828462
688,50114,5.0,5.0,0.0,5.0,2.0,-3.0,0.0037521794,0.0037521794,-0.030647308,-0.016392054,0.014255254,0.056264475,0.074271046,0.01800657,0.0648891,0.055752054,-0.009137049,0.053015567,0.047552455,-0.005463112
689,50170,3.0,2.0,-1.0,1.0,1.0,0.0,0.008167546,0.008167546,0.5170814,0.47048876,-0.046592623,0.14873034,0.12787464,-0.020855695,0.12002948,0.09136308,-0.0286664,0.17639443,0.13995919,-0.036435246
690,50500,15.0,13.0,-2.0,6.0,10.0,4.0,-0.0023927204,-0.0023927204,0.15027158,0.20983452,0.059562936,0.17888176,0.20522375,0.02634199,0.18380782,0.2175976,0.033789784,0.19813402,0.23908967,0.040955648
691,50653,1.0,1.0,0.0,1.0,1.0,0.0,-0.0022017062,-0.0022017062,0.22838418,0.17533416,-0.053050026,0.030164301,-0.048983403,-0.079147704,0.029291335,-0.05727072,-0.08656205,0.056166887,-0.034823474,-0.090990365
692,50734,2.0,2.0,0.0,1.0,1.0,0.0,-0.0050945655,-0.0050945655,0.61611044,0.58103824,-0.035072207,0.4951045,0.5061187,0.011014223,0.49167496,0.5197646,0.028089643,0.54111254,0.56017506,0.01906252
693,50755,1.0,1.0,0.0,13.0,4.0,-9.0,0.006407816,0.006407816,0.14890969,0.04598263,-0.10292706,-0.06427015,-0.16673362,-0.10246347,-0.07944759,-0.18517609,-0.1057285,-0.05959228,-0.17527056,-0.11567828
694,50811,1.0,1.0,0.0,2.0,2.0,0.0,-0.009826485,-0.009826485,0.24439374,0.23061894,-0.013774797,-0.02225403,0.04586179,0.06811582,-0.031011766,0.025607985,0.05661975,0.009954851,0.070586786,0.060631935
695,50882,1.0,1.0,0.0,1.0,1.0,0.0,-0.0039151683,-0.0039151683,0.5297074,0.38843143,-0.14127594,0.3169302,0.3175235,0.00059330463,0.33890584,0.37268203,0.033776194,0.3957065,0.40830716,0.01260066
696,51051,3.0,11.0,8.0,2.0,2.0,0.0,-0.0070015676,-0.0070015676,0.08109943,0.16275494,0.08165551,0.0920879,-0.0539824,-0.1460703,0.08702847,-0.05416704,-0.1411955,0.08935504,-0.025059758,-0.114414796
697,51052,3.0,5.0,2.0,3.0,4.0,1.0,-0.0052732974,-0.0052732974,0.4507798,0.3842106,-0.06656921,0.23128161,0.26622728,0.034945667,0.24062653,0.2610097,0.020383164,0.2732257,0.2825487,0.009323001
698,51062,1.0,1.0,0.0,1.0,1.0,0.0,-0.005697243,-0.005697243,0.14402828,0.01907393,-0.12495434,0.005100222,0.044438146,0.039337926,0.0022346033,0.047582883,0.04534828,0.016250394,0.04725003,0.030999634
699,51077,1.0,1.0,0.0,1.0,1.0,0.0,-0.0023435056,-0.0023435056,0.19430889,0.1505722,-0.043736696,0.14216742,0.076393515,-0.065773904,0.1217857,0.06689504,-0.054890662,0.13929738,0.08046488,-0.058832504
700,51148,2.0,3.0,1.0,1.0,1.0,0.0,-0.009923976,-0.009923976,0.45246547,0.5621769,0.10971141,0.10318735,-0.05325554,-0.1564429,0.08175777,-0.11702643,-0.1987842,0.15010174,0.022273283,-0.12782845
701,51171,1.0,1.0,0.0,1.0,2.0,1.0,-0.0025245026,-0.0025245026,0.16012092,0.14329597,-0.016824946,0.013061654,0.18712892,0.17406726,-0.0044257124,0.1813288,0.18575452,0.018592307,0.19769426,0.17910194
702,51185,1.0,2.0,1.0,1.0,1.0,0.0,-0.0026664473,-0.0026664473,0.28448477,0.31561565,0.03113088,0.0019768625,0.03405286,0.032075997,-0.0010159725,0.03038985,0.03140582,0.038318686,0.07440473,0.036086045
703,51521,2.0,5.0,3.0,11.0,18.0,7.0,-0.0040945187,-0.0040945187,0.34908333,0.3876512,0.03856787,0.063944764,0.10169665,0.037751883,0.049140383,0.09922783,0.05008745,0.08831888,0.14324363,0.05492475
704,51745,4.0,4.0,0.0,2.0,2.0,0.0,-0.00016000494,-0.00016000494,0.0021714543,0.14279367,0.14062221,-0.13983908,-0.21567859,-0.075839505,-0.1420211,-0.21647842,-0.07445732,-0.13452314,-0.19510357,-0.060580432
705,51788,25.0,39.0,14.0,6.0,6.0,0.0,-0.0039031152,-0.0039031152,0.6056593,0.45737174,-0.14828756,0.6332036,-0.68470967,-1.3179133,0.62514424,-0.7070086,-1.3321528,0.64465445,-0.6635005,-1.308155
706,51843,1.0,1.0,0.0,1.0,1.0,0.0,0.0013844855,0.0013844855,0.23468472,0.15113549,-0.08354923,0.43885523,0.22116292,-0.21769232,0.43461168,0.21048437,-0.22412731,0.4518445,0.21891537,-0.23292914
707,51907,10.0,23.0,13.0,2.0,2.0,0.0,0.0020647943,0.0020647943,0.39667162,0.4871134,0.09044176,0.56139827,0.62976474,0.06836647,0.5625653,0.6283152,0.06574988,0.57343876,0.6406896,0.06725085
708,51928,6.0,6.0,0.0,3.0,4.0,1.0,-0.0029827598,-0.0029827598,0.18994261,0.23476316,0.044820547,-0.028335705,0.045884117,0.07421982,-0.033182077,0.053996608,0.087178685,-0.004799017,0.098372705,0.10317172
709,51965,1.0,1.0,0.0,1.0,1.0,0.0,-0.0057251267,-0.0057251267,0.26539218,0.04376592,-0.22162627,0.37090036,0.26722035,-0.103680015,0.382755,0.2810112,-0.10174382,0.38767695,0.27419773,-0.11347923
710,51983,32.0,27.0,-5.0,2.0,2.0,0.0,0.000429973,0.000429973,0.116116665,0.21485525,0.09873859,0.09064026,0.1327695,0.042129233,0.09944865,0.16199175,0.062543094,0.106841385,0.17992684,0.07308546
711,51988,140.0,70.0,-70.0,25.0,9.0,-16.0,0.005869071,0.005869071,-0.11742692,-0.20741923,-0.089992315,0.18405358,0.19638118,0.012327597,0.19008948,0.2049906,0.0149011165,0.15922989,0.1598772,0.00064730644
712,52070,1.0,2.0,1.0,7.0,5.0,-2.0,-0.001078628,-0.001078628,0.47048017,0.40577292,-0.06470725,0.48300427,0.55228466,0.069280386,0.48728263,0.55454266,0.06726003,0.5078632,0.55615026,0.048287034
713,52216,1.0,1.0,0.0,1.0,1.0,0.0,0.0046055764,0.0046055764,0.36850712,0.42557204,0.05706492,0.45806682,-0.19139759,-0.6494644,0.49586138,-0.18644808,-0.68230945,0.5232677,-0.10446187,-0.62772954
714,52302,1.0,1.0,0.0,1.0,1.0,0.0,0.0042118765,0.0042118765,0.35822225,0.20623235,-0.15198989,0.41268697,0.007886037,-0.40480095,0.4266246,-0.0046252636,-0.43124986,0.44490704,0.02765511,-0.41725194
715,52328,3.0,3.0,0.0,8.0,6.0,-2.0,-0.0021732002,-0.0021732002,0.2738309,0.24242678,-0.031404108,0.124570854,0.17607738,0.051506527,0.11268214,0.16913821,0.056456067,0.14083166,0.19297656,0.0521449
716,52375,3.0,1.0,-2.0,2.0,1.0,-1.0,0.005013194,0.005013194,0.20189315,0.32533863,0.12344548,-0.04012757,0.044134855,0.08426243,-0.076102905,0.02349873,0.099601634,-0.050658125,0.053763006,0.10442113
717,52394,1.0,1.0,0.0,1.0,1.0,0.0,-0.00071421266,-0.00071421266,0.10396999,0.26275614,0.15878615,0.25165227,-0.03822669,-0.28987896,0.24268936,-0.058594316,-0.30128366,0.23669043,-0.013507347,-0.25019777
718,52527,1.0,2.0,1.0,2.0,2.0,0.0,-0.00815317,-0.00815317,-0.07019497,-0.26557666,-0.1953817,-0.21850371,-0.14574553,0.07275818,-0.2151178,-0.12534045,0.08977735,-0.20863487,-0.15031718,0.05831769
719,52554,1.0,1.0,0.0,1.0,1.0,0.0,-0.0058741607,-0.0058741607,0.43109944,0.4032993,-0.027800143,0.2895734,0.2037435,-0.0858299,0.284642,0.19906473,-0.08557728,0.33209252,0.25347957,-0.07861295
720,52596,1.0,1.0,0.0,1.0,1.0,0.0,-0.001702074,-0.001702074,0.29402873,0.11828412,-0.17574461,0.13472572,0.25384343,0.11911771,0.16561699,0.28120387,0.11558688,0.19548295,0.27754498,0.08206202
721,52598,1.0,3.0,2.0,1.0,2.0,1.0,-0.009583712,-0.009583712,0.20413373,0.31092295,0.10678922,0.22466959,0.13508429,-0.089585304,0.24441127,0.15473889,-0.08967239,0.2529404,0.18017285,-0.07276754
722,52652,4.0,3.0,-1.0,17.0,22.0,5.0,-0.00264702,-0.00264702,0.58147186,0.43636122,-0.14511064,0.2121392,0.24476747,0.032628268,0.21953763,0.2582083,0.038670674,0.28091845,0.295773,0.01485455
723,52892,6.0,5.0,-1.0,1.0,2.0,1.0,-0.0007620193,-0.0007620193,0.38930696,0.3838217,-0.0054852664,0.2793342,0.18473235,-0.09460184,0.24985489,0.15081851,-0.09903638,0.29124826,0.20897123,-0.08227703
724,52931,7.0,10.0,3.0,1.0,1.0,0.0,0.0018664226,0.0018664226,0.48122406,0.45711055,-0.024113506,0.22442912,0.40491366,0.18048455,0.22831061,0.41825074,0.18994012,0.2917138,0.4466042,0.15489039
725,52990,25.0,61.0,36.0,5.0,12.0,7.0,-0.010707483,-0.010707483,0.056842886,0.06002934,0.0031864531,0.079418145,0.13217787,0.05275973,0.05738008,0.12109559,0.06371551,0.06011111,0.11707928,0.05696817
726,53052,18.0,18.0,0.0,97.0,44.0,-53.0,0.0018715868,0.0018715868,0.31297663,0.30142006,-0.011556566,0.1274031,0.092216775,-0.03518632,0.12189925,0.10301073,-0.018888518,0.1622983,0.14152579,-0.020772517
727,53070,10.0,12.0,2.0,11.0,18.0,7.0,-0.005417226,-0.005417226,0.0105361985,0.023121957,0.012585758,-0.1419698,-0.23669988,-0.09473008,-0.15442821,-0.25754157,-0.10311335,-0.14766052,-0.24513578,-0.09747526
728,53152,8.0,3.0,-5.0,4.0,3.0,-1.0,-0.00048839673,-0.00048839673,-0.03699387,-0.055609576,-0.018615708,0.11779357,0.11898335,0.0011897832,0.12375027,0.11830746,-0.005442813,0.11467439,0.10614932,-0.008525066
729,53155,1.0,1.0,0.0,1.0,1.0,0.0,-0.0050555132,-0.0050555132,-0.43594757,-0.36605552,0.06989205,0.04905219,-0.1698038,-0.21885599,0.054690026,-0.17847863,-0.23316866,0.008985277,-0.20380643,-0.21279171
730,53157,5.0,8.0,3.0,1.0,3.0,2.0,-0.008908737,-0.008908737,-0.062950775,-0.042379405,0.02057137,0.030298108,0.13870913,0.10841102,0.044071604,0.14914349,0.10507189,0.038480047,0.13928689,0.10080685
731,53270,1.0,1.0,0.0,2.0,2.0,0.0,0.0010241903,0.0010241903,0.4922885,0.625695,0.13340649,0.6106802,0.5653074,-0.045372844,0.6046827,0.5722325,-0.0324502,0.6100719,0.5883659,-0.021705985
732,53370,66.0,164.0,98.0,15.0,12.0,-3.0,-0.006934774,-0.006934774,0.18417077,0.12141939,-0.062751375,0.11925291,0.059446845,-0.059806067,0.11547459,0.056923512,-0.058551077,0.12883213,0.07510907,-0.05372306
733,53489,230.0,361.0,131.0,97.0,148.0,51.0,-0.0050644195,-0.0050644195,0.07207798,-0.06944959,-0.14152756,0.07913518,0.24164844,0.16251326,0.07762636,0.24828763,0.17066127,0.08358636,0.23427983,0.15069348
734,53511,11.0,13.0,2.0,2.0,2.0,0.0,-0.00018329546,-0.00018329546,-0.09112716,-0.09968756,-0.008560404,-0.10705402,-0.05403306,0.053020958,-0.088670895,-0.046996005,0.04167489,-0.10083158,-0.058809806,0.042021777
735,53570,2.0,2.0,0.0,1.0,1.0,0.0,-0.0020620078,-0.0020620078,-0.23010173,0.054556444,0.2846582,-0.33061478,-0.46199432,-0.13137954,-0.31949946,-0.45949945,-0.13999999,-0.32121766,-0.41848972,-0.09727207
736,53727,3.0,7.0,4.0,10.0,8.0,-2.0,-0.0038836636,-0.0038836636,0.3733832,0.24300958,-0.13037361,0.21105535,0.23432578,0.023270428,0.21433394,0.22992124,0.0155873,0.24371374,0.24007857,-0.003635168
737,53728,1.0,1.0,0.0,1.0,1.0,0.0,-0.0031728595,-0.0031728595,0.13563953,0.2061151,0.07047556,-0.0065375604,0.13213082,0.13866837,-0.018818581,0.14304279,0.16186137,0.00488524,0.16096783,0.15608259
738,53773,10.0,9.0,-1.0,24.0,14.0,-10.0,-0.000838425,-0.000838425,0.4843613,0.55830985,0.07394856,0.16695458,0.39479363,0.22783905,0.15756838,0.39116037,0.23359199,0.23185012,0.4342976,0.20244747
739,53858,1.0,1.0,0.0,1.0,1.0,0.0,-0.00088272616,-0.00088272616,0.6129833,0.49750173,-0.115481555,0.48086053,0.5210485,0.040187955,0.5097176,0.5296332,0.01991564,0.5618273,0.5806116,0.018784285
740,53881,1.0,1.0,0.0,2.0,1.0,-1.0,0.006301403,0.006301403,0.195103,0.12712845,-0.06797455,0.06292409,0.0922919,0.029367812,0.04446777,0.09093597,0.0464682,0.06578869,0.10861663,0.04282794
741,53891,99.0,90.0,-9.0,263.0,147.0,-116.0,0.004590093,0.004590093,0.18321,0.22986853,0.04665853,0.116372466,0.10355872,-0.012813747,0.10872387,0.11092871,0.0022048354,0.12391337,0.12481864,0.0009052679
742,54078,37.0,33.0,-4.0,6.0,5.0,-1.0,-0.00094566494,-0.00094566494,0.08085851,-0.009839952,-0.090698466,0.1451064,0.061392076,-0.08371433,0.14343189,0.06273009,-0.0807018,0.14687333,0.059477836,-0.08739549
743,54147,1.0,1.0,0.0,2.0,5.0,3.0,-0.0016508773,-0.0016508773,0.5295972,0.6143983,0.08480108,0.45451292,0.48967147,0.035158545,0.45957094,0.5083072,0.048736274,0.49045885,0.5433436,0.052884758
744,54257,17.0,16.0,-1.0,11.0,6.0,-5.0,0.0033818632,0.0033818632,0.29753157,0.18526804,-0.11226353,-0.02941168,-0.048965603,-0.019553924,-0.06233436,-0.08755898,-0.025224619,0.0074843373,-0.05178483,-0.059269167
745,54361,1.0,1.0,0.0,2.0,2.0,0.0,-0.006279722,-0.006279722,0.7516871,0.76282483,0.011137724,-0.18693538,0.10427008,0.29120547,-0.15097848,0.16024433,0.3112228,0.017084088,0.35159743,0.33451334
746,54389,16.0,21.0,5.0,12.0,13.0,1.0,0.0026936568,0.0026936568,-0.10379063,-0.11134835,-0.00755772,0.049199093,0.0299679,-0.019231193,0.006745363,0.0048894384,-0.0018559247,-0.014601322,-0.018139398,-0.0035380758
747,54643,4.0,7.0,3.0,2.0,1.0,-1.0,-0.006647855,-0.006647855,0.032410145,-0.026343152,-0.058753297,0.039315067,0.07149526,0.03218019,0.031272907,0.061438013,0.030165106,0.034338836,0.057263922,0.022925086
748,54683,3.0,3.0,0.0,1.0,1.0,0.0,0.003431715,0.003431715,0.23105504,0.16049838,-0.070556656,0.0721609,0.15745771,0.08529681,0.064137995,0.15839215,0.09425415,0.09421642,0.17357081,0.07935439
749,54698,1.0,1.0,0.0,1.0,1.0,0.0,0.0048456453,0.0048456453,0.3527344,0.43974498,0.08701059,0.27282038,0.27502114,0.0022007525,0.2729713,0.23807493,-0.034896374,0.30105034,0.2708619,-0.030188441
750,54743,1.0,1.0,0.0,1.0,1.0,0.0,-0.0034079477,-0.0034079477,0.161191,0.112175964,-0.049015038,0.1607016,0.1196209,-0.041080706,0.14777452,0.11707115,-0.030703366,0.15827969,0.12295032,-0.035329364
751,54812,5.0,1.0,-4.0,1.0,1.0,0.0,0.006179169,0.006179169,0.08357714,0.08458575,0.0010086074,0.039970584,0.0021547868,-0.037815798,0.050109968,0.030396516,-0.019713452,0.056254715,0.03788751,-0.018367205
752,54824,1.0,1.0,0.0,1.0,1.0,0.0,-0.0026903637,-0.0026903637,0.48851347,0.50056386,0.01205039,0.3864246,0.4081829,0.021758288,0.40577736,0.42742315,0.021645784,0.43682092,0.4583458,0.021524876
753,54913,1.0,3.0,2.0,1.0,1.0,0.0,-0.004044641,-0.004044641,0.42838448,0.4047623,-0.023622185,0.32209185,0.26766497,-0.05442688,0.3238501,0.27007192,-0.05377817,0.35314673,0.29739514,-0.055751592
754,54959,7.0,9.0,2.0,4.0,3.0,-1.0,0.0012883954,0.0012883954,-0.03234665,0.0064971424,0.038843792,-0.21867332,-0.34171578,-0.123042464,-0.22478524,-0.36355132,-0.13876608,-0.21806876,-0.33920452,-0.12113576
755,55005,7.0,10.0,3.0,1.0,1.0,0.0,-0.0072518587,-0.0072518587,0.49655437,0.43920293,-0.05735144,0.4959244,0.42243677,-0.07348764,0.5117739,0.44498992,-0.066783965,0.52298963,0.45797196,-0.06501767
756,55107,6.0,4.0,-2.0,7.0,14.0,7.0,-0.005405221,-0.005405221,0.0959747,0.0048005837,-0.09117412,-0.037627812,0.12387372,0.16150153,-0.034841426,0.1046624,0.13950384,-0.024199808,0.10165587,0.12585568
757,55163,3.0,5.0,2.0,3.0,2.0,-1.0,-0.0054448023,-0.0054448023,0.6500523,0.6346023,-0.015450001,0.49585256,0.50028497,0.00443241,0.524475,0.53933734,0.014862359,0.5721789,0.57588005,0.0037011504
758,55405,4.0,13.0,9.0,1.0,2.0,1.0,-0.0052833837,-0.0052833837,0.19225492,0.265582,0.07332708,0.16151823,0.22792003,0.066401795,0.16274455,0.23220365,0.069459096,0.18311714,0.25600162,0.072884485
759,55408,10.0,61.0,51.0,1.0,2.0,1.0,-0.011751508,-0.011751508,0.4519099,0.41194937,-0.039960533,-0.13707814,-0.17270358,-0.035625443,-0.15526073,-0.19272406,-0.037463337,-0.11306375,-0.14655583,-0.033492073
760,55526,1.0,2.0,1.0,1.0,2.0,1.0,-0.0060194805,-0.0060194805,0.3113869,0.23053682,-0.080850095,0.1828845,0.19618,0.0132955015,0.1866225,0.20254205,0.015919551,0.20759103,0.21255003,0.004959002
761,55649,1.0,1.0,0.0,1.0,1.0,0.0,-0.0026169568,-0.0026169568,0.24548231,0.05101856,-0.19446376,0.16668941,0.07308398,-0.09360543,0.15960957,0.08059236,-0.079017214,0.18481858,0.08290877,-0.10190981
762,55669,5.0,13.0,8.0,5.0,17.0,12.0,-0.008435395,-0.008435395,0.3100595,0.24271224,-0.06734724,0.057593923,0.03459839,-0.022995532,0.040195987,0.01882887,-0.021367116,0.081698276,0.04087886,-0.040819418
763,55678,3.0,1.0,-2.0,3.0,2.0,-1.0,0.00840291,0.00840291,-0.052595146,0.061012488,0.11360763,-0.20166679,-0.16195019,0.0397166,-0.24745712,-0.1858069,0.061650217,-0.23923355,-0.16842654,0.07080701
764,55680,2.0,2.0,0.0,1.0,1.0,0.0,-0.0035871118,-0.0035871118,0.5051487,0.52289313,0.017744422,0.3227753,0.21667258,-0.10610272,0.30805793,0.2084312,-0.099626735,0.3661616,0.26467046,-0.10149115
765,55857,1.0,1.0,0.0,1.0,1.0,0.0,-0.0029878616,-0.0029878616,0.38988975,0.24360724,-0.14628251,0.17643073,0.17705771,0.00062698126,0.19663002,0.17091398,-0.025716037,0.25149852,0.20164841,-0.049850106
766,55933,2.0,3.0,1.0,2.0,3.0,1.0,-0.0037421137,-0.0037421137,-0.17572427,-0.18253466,-0.006810397,-0.049965393,-0.30781183,-0.25784644,-0.046441134,-0.31662577,-0.27018464,-0.06453363,-0.32533965,-0.26080602
767,55968,2.0,3.0,1.0,1.0,1.0,0.0,-0.010121185,-0.010121185,0.63214225,0.63887805,0.0067358017,0.5842292,0.6618164,0.07758725,0.59812385,0.6736067,0.075482845,0.6412812,0.6939213,0.05264014
768,55969,8.0,3.0,-5.0,11.0,4.0,-7.0,-7.501803e-05,-7.501803e-05,0.27306402,0.27867353,0.0056095123,0.07692523,0.13180657,0.054881334,0.081001796,0.12227169,0.04126989,0.11123688,0.14157462,0.030337743
769,56042,1.0,1.0,0.0,1.0,1.0,0.0,0.003705766,0.003705766,0.3890456,0.36438617,-0.024659425,0.28817046,0.260398,-0.027772456,0.27047643,0.26365772,-0.0068187118,0.35719854,0.3209471,-0.036251426
770,56066,1.0,1.0,0.0,2.0,2.0,0.0,-0.0054815486,-0.0054815486,0.026625857,-0.019345626,-0.045971483,-0.101372965,-0.06686566,0.034507304,-0.12249491,-0.110304154,0.012190759,-0.10521598,-0.101627365,0.0035886168
771,56126,152.0,233.0,81.0,22.0,35.0,13.0,-0.0024911799,-0.0024911799,0.2248987,0.22931266,0.0044139624,0.17229143,0.008394293,-0.16389714,0.17180787,0.005706006,-0.16610186,0.1931111,0.029635817,-0.16347529
772,56154,1.0,1.0,0.0,1.0,1.0,0.0,1.1909753e-05,1.1909753e-05,-0.029335381,-0.017951917,0.011383465,0.00319461,0.07332582,0.07013121,-0.008370909,0.06861904,0.07698995,-0.0114332335,0.06520339,0.07663663
773,56269,1.0,1.0,0.0,2.0,1.0,-1.0,-0.003075406,-0.003075406,0.5090693,0.3216979,-0.18737143,0.5482667,0.34467766,-0.20358905,0.5663765,0.35525173,-0.21112478,0.6081541,0.38184738,-0.22630674
774,56290,2.0,4.0,2.0,1.0,1.0,0.0,-0.0042808354,-0.0042808354,0.27297416,0.14060754,-0.13236663,0.104697816,0.13962044,0.034922622,0.08835759,0.13281207,0.044454478,0.11731566,0.14082448,0.023508824
775,56314,95.0,138.0,43.0,99.0,172.0,73.0,-0.0030887872,-0.0030887872,0.015203388,-0.07047758,-0.08568097,-0.08974603,0.023791352,0.11353738,-0.09182063,0.017204896,0.10902552,-0.08818516,0.011324275,0.09950943
776,56418,1.0,2.0,1.0,1.0,2.0,1.0,0.00039837882,0.00039837882,0.34139502,0.28891453,-0.05248049,0.3326918,0.027936874,-0.3047549,0.32378712,0.01704474,-0.30674237,0.34075382,0.05174765,-0.28900617
777,56454,1.0,1.0,0.0,11.0,20.0,9.0,0.000112172216,0.000112172216,0.19497627,0.19704267,0.0020664036,0.041058745,0.106273025,0.06521428,0.044235837,0.09817119,0.053935353,0.069439664,0.114541754,0.04510209
778,56471,1.0,1.0,0.0,6.0,3.0,-3.0,0.00044040754,0.00044040754,0.43462756,0.34986737,-0.08476019,-0.124895446,-0.034378234,0.09051721,-0.13955589,-0.08203308,0.057522804,-0.052304257,-0.007983577,0.04432068
779,56670,4.0,2.0,-2.0,3.0,2.0,-1.0,-0.00165442,-0.00165442,-0.1324388,-0.15219663,-0.019757837,-0.06444719,-0.086874545,-0.022427358,-0.073078975,-0.09672222,-0.023643248,-0.082787246,-0.10718364,-0.024396397
780,56681,5.0,12.0,7.0,16.0,32.0,16.0,-0.006113695,-0.006113695,0.12013993,0.13141227,0.011272341,0.08404489,0.08476604,0.00072114915,0.098615654,0.10961975,0.011004098,0.10608713,0.11520122,0.009114087
781,56695,2.0,2.0,0.0,1.0,1.0,0.0,-9.49651e-05,-9.49651e-05,0.05195997,0.098599546,0.046639577,0.13723315,0.02967912,-0.10755403,0.13718094,0.030263562,-0.10691738,0.14066401,0.04513647,-0.095527545
782,56723,13.0,49.0,36.0,2.0,2.0,0.0,-0.011139302,-0.011139302,0.23534478,0.3966026,0.16125782,0.026583117,0.12958589,0.10300277,0.01789962,0.14375441,0.12585479,0.04423999,0.17728537,0.13304538
783,56751,28.0,41.0,13.0,6.0,10.0,4.0,-0.005399311,-0.005399311,0.16636087,0.08009657,-0.0862643,-0.024978427,-0.13058615,-0.10560772,-0.027197408,-0.12923177,-0.10203436,-0.009777571,-0.114480615,-0.10470305
784,56782,5.0,1.0,-4.0,7.0,9.0,2.0,0.002302844,0.002302844,0.24222946,0.2506954,0.008465946,0.056255445,0.07520253,0.018947087,0.04929163,0.08995544,0.040663812,0.078911796,0.11528105,0.036369257
785,56784,23.0,12.0,-11.0,1.0,2.0,1.0,0.0055974573,0.0055974573,0.024393907,0.003495432,-0.020898474,0.17672612,0.081075676,-0.09565044,0.17462648,0.08952471,-0.085101776,0.17378424,0.089119144,-0.0846651
786,56850,1.0,1.0,0.0,1.0,1.0,0.0,0.003178604,0.003178604,-0.06357017,-0.023652656,0.039917514,-0.035412244,0.030997135,0.06640938,-0.021248776,0.02807392,0.049322695,-0.030676939,0.024375463,0.0550524
787,56867,1.0,2.0,1.0,1.0,1.0,0.0,-0.0017607994,-0.0017607994,-0.33709273,-0.33432752,0.0027652085,0.20425846,0.097959995,-0.10629846,0.22509499,0.11755872,-0.10753627,0.18160753,0.07606493,-0.1055426
788,56911,7.0,2.0,-5.0,1.0,1.0,0.0,-0.0026574023,-0.0026574023,0.30441523,0.30649832,0.002083093,0.3233553,0.29139006,-0.031965226,0.3505905,0.29401332,-0.056577176,0.37126118,0.31475794,-0.056503236
789,56948,1.0,1.0,0.0,1.0,1.0,0.0,-0.004317105,-0.004317105,0.45235988,0.39888996,-0.053469926,0.14194842,0.13751768,-0.004430741,0.14114577,0.12912124,-0.012024522,0.18900776,0.16798463,-0.021023124
790,57046,1.0,1.0,0.0,1.0,1.0,0.0,-0.0023011044,-0.0023011044,0.126149,0.035501994,-0.090647005,0.40000287,0.31116438,-0.08883849,0.4474772,0.33078164,-0.11669555,0.44304565,0.32569423,-0.11735141
791,57060,2.0,2.0,0.0,2.0,9.0,7.0,-6.4801425e-05,-6.4801425e-05,0.6812293,0.56966126,-0.11156803,0.52871937,0.4836863,-0.045033067,0.530773,0.48915672,-0.04161626,0.57825935,0.5228449,-0.05541444
792,57435,4.0,2.0,-2.0,1.0,1.0,0.0,0.0034650415,0.0034650415,-0.023078037,-0.026077263,-0.0029992256,0.03283433,0.21762687,0.18479255,0.024958877,0.20474067,0.1797818,0.022009052,0.19798176,0.1759727
793,57443,1.0,1.0,0.0,1.0,1.0,0.0,-0.0025234707,-0.0025234707,0.76797795,0.7667321,-0.0012458563,0.8087216,0.7386285,-0.070093095,0.81849587,0.7502752,-0.068220675,0.8279518,0.7751269,-0.052824914
794,57478,1.0,1.0,0.0,1.0,1.0,0.0,-0.007330708,-0.007330708,-0.19095875,-0.18589345,0.005065307,0.16503522,0.15283304,-0.0122021735,0.13678269,0.13419978,-0.0025829077,0.11190839,0.106360346,-0.005548045
795,57542,19.0,15.0,-4.0,1.0,1.0,0.0,0.0039828606,0.0039828606,-0.0761284,-0.03802149,0.03810691,-0.2726242,-0.18131904,0.09130515,-0.27742285,-0.18703306,0.09038979,-0.2751141,-0.1931704,0.08194369
796,57553,18.0,18.0,0.0,12.0,18.0,6.0,-0.0032901205,-0.0032901205,0.0025156115,-0.057983413,-0.060499024,-0.24216542,-0.12821999,0.113945425,-0.24240907,-0.121040784,0.12136828,-0.2305918,-0.12146162,0.10913018
797,57648,55.0,79.0,24.0,1.0,1.0,0.0,-0.0029136315,-0.0029136315,0.24186258,0.28154704,0.03968446,0.3809012,0.21833095,-0.16257024,0.3786266,0.21726985,-0.16135676,0.38217813,0.23363303,-0.1485451
798,57650,3.0,2.0,-1.0,1.0,1.0,0.0,-0.0061828345,-0.0061828345,0.35234934,0.33834884,-0.014000505,0.34677646,0.36640045,0.019623995,0.3603775,0.38675246,0.026374966,0.37967244,0.4087608,0.029088348
799,57681,2.0,2.0,0.0,1.0,1.0,0.0,-0.00010109693,-0.00010109693,0.20119146,0.264752,0.063560545,0.17369139,0.18805793,0.014366537,0.17296514,0.18246676,0.009501621,0.19307348,0.21002696,0.016953483
800,57822,1.0,1.0,0.0,1.0,1.0,0.0,-0.007947642,-0.007947642,0.38511547,0.27494556,-0.11016992,-0.03915265,0.049415514,0.088568166,-0.04965783,0.052572638,0.10223047,0.0021218206,0.095063925,0.092942104
801,57838,1.0,1.0,0.0,1.0,1.0,0.0,0.00032508,0.00032508,0.76124024,0.7472755,-0.013964772,0.59014666,0.48306537,-0.107081294,0.6009123,0.48685768,-0.11405459,0.642039,0.54604626,-0.095992744
802,57906,3.0,6.0,3.0,1.0,1.0,0.0,0.0007859729,0.0007859729,0.19029449,0.19004907,-0.00024542212,0.13583805,0.09370044,-0.042137608,0.13320611,0.09262111,-0.040585004,0.1511396,0.11745095,-0.03368865
803,58096,2.0,1.0,-1.0,1.0,1.0,0.0,0.0034388788,0.0034388788,-0.0332426,0.03074902,0.06399162,0.11398663,-0.08228153,-0.19626817,0.12990895,-0.060538623,-0.19044757,0.115924776,-0.05230784,-0.16823262
804,58144,1.0,1.0,0.0,1.0,1.0,0.0,0.0027791709,0.0027791709,0.17827141,0.19710174,0.01883033,0.11138767,0.076533824,-0.034853846,0.0905294,0.06604281,-0.024486586,0.107599795,0.08631955,-0.021280244
805,58164,1.0,1.0,0.0,2.0,3.0,1.0,-0.0008489117,-0.0008489117,0.2521101,0.29804948,0.045939386,0.15778694,0.09577947,-0.062007464,0.18568149,0.11060047,-0.07508102,0.20876558,0.1411235,-0.06764208
806,58187,1.0,1.0,0.0,1.0,1.0,0.0,-2.745539e-05,-2.745539e-05,0.23253715,0.24535492,0.01281777,0.003940937,0.05179048,0.047849543,0.012689882,0.049671654,0.036981773,0.033044316,0.069572575,0.03652826
807,58404,3.0,2.0,-1.0,1.0,1.0,0.0,-0.000571657,-0.000571657,0.30266178,0.2736173,-0.02904448,0.18111719,0.15655164,-0.024565548,0.17659476,0.16088513,-0.015709639,0.19934475,0.18050091,-0.018843845
808,58668,2.0,3.0,1.0,1.0,1.0,0.0,-0.009062111,-0.009062111,0.046398453,0.07065937,0.024260916,-0.02394515,0.034755263,0.058700413,-0.02511792,0.04554693,0.07066485,-0.019722933,0.05102341,0.07074634
809,58681,1.0,1.0,0.0,1.0,2.0,1.0,-0.0073992833,-0.0073992833,0.10531461,0.30519286,0.19987825,0.24392872,0.21751827,-0.026410446,0.23689982,0.21518873,-0.021711096,0.2278002,0.24269618,0.014895976
810,59023,5.0,115.0,110.0,4.0,7.0,3.0,-0.01401652,-0.01401652,0.31761873,0.30241632,-0.015202403,-0.09233606,-0.08709878,0.0052372813,-0.12042878,-0.11165618,0.008772597,-0.0791675,-0.067846425,0.011321075
811,59039,3.0,5.0,2.0,5.0,2.0,-3.0,-0.0031968877,-0.0031968877,0.27451348,0.3268962,0.052382708,-0.024952583,-0.06493439,-0.039981805,-0.052754022,-0.09171624,-0.038962215,-0.007846573,-0.03593738,-0.028090807
812,59046,19.0,60.0,41.0,25.0,34.0,9.0,-0.007239856,-0.007239856,0.36710286,0.2515714,-0.115531474,0.20144314,0.08059325,-0.120849885,0.21318074,0.088841,-0.12433974,0.24568361,0.1162414,-0.12944221
813,59079,1.0,1.0,0.0,1.0,1.0,0.0,-0.0032906868,-0.0032906868,0.6986182,0.7231476,0.024529397,0.47653896,0.15396036,-0.3225786,0.5017915,0.17135304,-0.33043844,0.54497224,0.26822764,-0.2767446
814,59091,1.0,1.0,0.0,3.0,4.0,1.0,-0.0071225613,-0.0071225613,0.56629276,0.5632764,-0.0030163527,0.51093906,0.5420772,0.031138122,0.5211757,0.55080676,0.029631078,0.5391191,0.5623342,0.023215055
815,59194,1.0,1.0,0.0,1.0,1.0,0.0,0.0022335276,0.0022335276,0.41790015,0.3468938,-0.07100636,0.11080113,0.1012131,-0.009588033,0.08247966,0.07481362,-0.007666044,0.13308606,0.12298705,-0.010099009
816,59284,14.0,14.0,0.0,3.0,1.0,-2.0,-0.00027698092,-0.00027698092,0.088806264,0.28261566,0.19380939,0.13188589,0.03405125,-0.09783463,0.106632754,0.013737948,-0.09289481,0.11374919,0.038558483,-0.07519071
817,59419,10.0,18.0,8.0,2.0,3.0,1.0,-0.004712196,-0.004712196,-0.20599726,0.07316015,0.2791574,-0.001115634,-0.030630032,-0.029514398,0.015079626,-0.02556899,-0.040648617,-0.018692221,-0.01496792,0.0037243012
818,59420,1.0,1.0,0.0,5.0,1.0,-4.0,0.0014432967,0.0014432967,-0.15558669,-0.29594848,-0.14036179,-0.10317345,-0.16587096,-0.062697515,-0.090787895,-0.16228004,-0.07149214,-0.10217477,-0.18088976,-0.07871499
819,59585,2.0,9.0,7.0,1.0,1.0,0.0,-0.0059582554,-0.0059582554,0.112333804,0.109448545,-0.0028852597,0.06413639,-0.102515824,-0.16665222,0.056259345,-0.1114304,-0.16768974,0.06564927,-0.097846776,-0.16349605
820,59595,1.0,1.0,0.0,1.0,1.0,0.0,-0.0059632324,-0.0059632324,0.2254897,0.20744824,-0.018041462,-0.081670746,-0.0833397,-0.0016689524,-0.06143397,-0.06411539,-0.0026814193,-0.03404883,-0.023382192,0.010666637
821,59631,1.0,1.0,0.0,1.0,1.0,0.0,-0.00083548576,-0.00083548576,0.26012167,0.33011955,0.06999788,0.014960474,0.0813195,0.06635903,-0.009077031,0.060552828,0.06962986,0.026073286,0.09318773,0.06711444
822,59699,4.0,3.0,-1.0,6.0,8.0,2.0,-0.0008745305,-0.0008745305,0.31482357,0.28362456,-0.031199008,0.36743194,0.34514794,-0.022284001,0.365704,0.35289934,-0.012804657,0.36965767,0.36383957,-0.005818099
823,59817,17.0,4.0,-13.0,4.0,1.0,-3.0,0.0048228316,0.0048228316,0.17958744,0.31130615,0.13171871,-0.11664624,-0.053997505,0.06264873,-0.11565691,-0.044371765,0.07128514,-0.09151035,-0.010440158,0.08107019
824,59994,96.0,69.0,-27.0,10.0,4.0,-6.0,0.0017443243,0.0017443243,0.0068635447,0.049453527,0.04258998,-0.030946132,0.09697852,0.12792465,-0.017999878,0.09720064,0.11520052,-0.015746184,0.09945548,0.11520167
825,60094,2.0,2.0,0.0,1.0,1.0,0.0,-0.002382014,-0.002382014,0.39734197,0.43181884,0.034476876,0.12902783,0.3147596,0.18573178,0.121956006,0.32240182,0.20044582,0.15787777,0.35842717,0.2005494
826,60119,11.0,3.0,-8.0,5.0,4.0,-1.0,0.0021799505,0.0021799505,0.8198309,0.8488264,0.028995514,0.6435492,0.6995217,0.055972517,0.6363815,0.7152997,0.07891822,0.68167406,0.76266646,0.0809924
827,60186,1.0,1.0,0.0,3.0,7.0,4.0,-0.0056791157,-0.0056791157,0.31709743,0.1916429,-0.12545453,0.0029369732,0.22835,0.22541302,-0.01391508,0.22526301,0.23917809,0.03371855,0.23226707,0.19854853
828,60251,1.0,1.0,0.0,1.0,2.0,1.0,-0.00059841573,-0.00059841573,0.86401415,0.86032,-0.0036941767,0.66643304,0.6810126,0.0145795345,0.69239694,0.7016754,0.009278476,0.7482328,0.75792533,0.00969255
829,60305,1.0,1.0,0.0,1.0,1.0,0.0,0.00056488067,0.00056488067,0.11308134,0.097042054,-0.01603929,0.39143404,0.67560774,0.2841737,0.38890705,0.6739744,0.28506735,0.385914,0.67664325,0.29072925
830,60456,4.0,7.0,3.0,29.0,52.0,23.0,-0.004986435,-0.004986435,-0.18791358,-0.19895704,-0.011043459,-0.17963299,-0.20915793,-0.029524937,-0.20100583,-0.25046661,-0.049460784,-0.20944136,-0.25163034,-0.042188972
831,60505,2.0,5.0,3.0,1.0,2.0,1.0,-0.007164702,-0.007164702,0.05558884,-0.049823232,-0.10541207,0.2706836,0.14783219,-0.1228514,0.28749213,0.13873036,-0.14876176,0.26194274,0.119480476,-0.14246227
832,60519,10.0,24.0,14.0,1.0,1.0,0.0,-0.00080575794,-0.00080575794,0.41990986,0.43673962,0.016829759,0.26562983,0.21129094,-0.054338887,0.23913783,0.2032428,-0.035895035,0.27881977,0.2401844,-0.038635373
833,60553,15.0,36.0,21.0,25.0,83.0,58.0,-0.0086009465,-0.0086009465,0.039112505,-0.14013694,-0.17924945,-0.35305667,-0.353069,-1.23381615e-05,-0.3652282,-0.33271003,0.03251818,-0.35536605,-0.33343232,0.021933734
834,60725,6.0,8.0,2.0,5.0,2.0,-3.0,0.0009809285,0.0009809285,0.5071624,0.52709067,0.019928277,0.44536075,0.44989455,0.0045337975,0.45589155,0.44946614,-0.0064254105,0.4774817,0.47677496,-0.0007067323
835,60834,2.0,1.0,-1.0,1.0,3.0,2.0,-0.0013101101,-0.0013101101,0.059360396,0.08480272,0.02544232,0.15094097,0.083546326,-0.067394644,0.18581018,0.115263484,-0.070546694,0.18654138,0.12316151,-0.06337987
836,60845,4.0,3.0,-1.0,1.0,1.0,0.0,-0.0017483905,-0.0017483905,0.53777957,0.5783411,0.040561557,0.18074493,0.23751691,0.05677198,0.20771617,0.26479015,0.05707398,0.26030925,0.3205498,0.060240537
837,60867,4.0,9.0,5.0,1.0,1.0,0.0,-0.005360026,-0.005360026,0.08293059,0.026021075,-0.056909513,-0.027933992,0.062314656,0.090248644,-0.04433152,0.03970493,0.084036455,-0.030169973,0.041425973,0.071595944
838,60978,1.0,5.0,4.0,1.0,1.0,0.0,-0.0070797764,-0.0070797764,-0.16151299,-0.08636972,0.07514326,0.013155738,0.24549381,0.23233807,-0.034246515,0.21537437,0.24962088,-0.05076467,0.19875464,0.2495193
839,61122,3.0,4.0,1.0,1.0,1.0,0.0,-0.0018648356,-0.0018648356,0.16083005,0.20940882,0.04857877,0.038555034,0.13201283,0.093457796,0.021636093,0.11029135,0.088655256,0.040417418,0.12698549,0.08656807
840,61133,2.0,10.0,8.0,1.0,1.0,0.0,-0.0047031157,-0.0047031157,0.6818338,0.642569,-0.0392648,0.58330715,0.5316881,-0.051619053,0.5866297,0.52884966,-0.057780027,0.61631966,0.5691161,-0.04720354
841,61177,33.0,37.0,4.0,15.0,11.0,-4.0,-0.0031793136,-0.0031793136,0.064188175,0.16445178,0.1002636,0.056984127,0.11610139,0.059117265,0.0497717,0.10448914,0.05471744,0.05376852,0.11387347,0.060104948
842,61216,16.0,17.0,1.0,16.0,9.0,-7.0,-0.0013569873,-0.0013569873,-0.1516273,-0.1347929,0.016834408,-0.051418584,-0.07372576,-0.022307176,-0.05247393,-0.06428745,-0.011813518,-0.07073729,-0.08002007,-0.009282783
843,61510,1.0,1.0,0.0,2.0,1.0,-1.0,0.0025851503,0.0025851503,0.24531014,0.29249564,0.047185495,0.3247086,0.35247433,0.027765721,0.3136743,0.3295377,0.015863389,0.3288346,0.3556482,0.026813596
844,61513,1.0,1.0,0.0,1.0,2.0,1.0,0.0004961118,0.0004961118,-0.16786486,0.027644042,0.1955089,-0.024543526,-0.026797066,-0.0022535399,-0.04501725,-0.04291957,0.0020976812,-0.06051798,-0.038480815,0.022037167
845,61677,6.0,3.0,-3.0,2.0,4.0,2.0,-0.0013552494,-0.0013552494,0.39421713,0.4485256,0.054308474,0.2709179,0.3480146,0.0770967,0.28388673,0.3362714,0.052384675,0.31456548,0.37815484,0.063589364
846,61738,29.0,24.0,-5.0,47.0,44.0,-3.0,0.0009766854,0.0009766854,0.45893133,0.4404225,-0.018508822,-0.028081127,0.09770601,0.12578714,-0.06366746,0.073522866,0.13719033,-0.015920281,0.1204775,0.13639778
847,61748,1.0,1.0,0.0,1.0,1.0,0.0,-0.013027422,-0.013027422,0.60989386,0.6743332,0.06443936,-0.12769145,0.5200085,0.64769995,-0.16005254,0.52759117,0.6876437,-0.01920502,0.59661186,0.6158169
848,61752,1.0,1.0,0.0,1.0,1.0,0.0,-0.002544567,-0.002544567,0.29643226,0.23743157,-0.059000686,0.3613282,0.2462198,-0.115108415,0.36457345,0.25852218,-0.106051266,0.38152692,0.27303258,-0.10849434
849,61797,1.0,1.0,0.0,1.0,1.0,0.0,-0.0057706274,-0.0057706274,0.075478636,0.11851433,0.043035693,0.12885402,0.14063781,0.011783794,0.116693646,0.1386692,0.021975547,0.12296046,0.14494145,0.021980986
850,61801,8.0,10.0,2.0,1.0,1.0,0.0,-0.0019695014,-0.0019695014,0.31854036,0.29952374,-0.019016623,0.4053049,0.4477343,0.042429388,0.42137915,0.4757662,0.054387063,0.44338295,0.4915077,0.04812476
851,61809,21.0,22.0,1.0,10.0,2.0,-8.0,0.00048078783,0.00048078783,0.45227325,0.3399292,-0.11234406,0.3109426,0.280918,-0.030024588,0.30789986,0.2793732,-0.028526664,0.3468846,0.299218,-0.04766661
852,61873,1.0,1.0,0.0,4.0,2.0,-2.0,-0.0012582876,-0.0012582876,-0.07028486,-0.0062648607,0.06402,-0.05658285,0.17698833,0.23357119,-0.0860017,0.19996539,0.28596708,-0.09556306,0.17900991,0.27457297
853,61972,1.0,1.0,0.0,1.0,1.0,0.0,-0.0012555979,-0.0012555979,0.5670921,0.54098886,-0.026103258,0.53207403,0.43001112,-0.10206291,0.5489465,0.44241875,-0.106527746,0.57543164,0.47735906,-0.09807259
854,62006,13.0,12.0,-1.0,2.0,2.0,0.0,-0.0022853352,-0.0022853352,0.4407847,0.47947094,0.038686246,0.34915432,0.37082583,0.021671504,0.37040994,0.40378717,0.03337723,0.3901193,0.42491925,0.034799933
855,62015,6.0,18.0,12.0,6.0,11.0,5.0,-0.006542869,-0.006542869,0.12845147,0.17699075,0.04853928,0.08846434,0.096504666,0.008040324,0.059135098,0.077594586,0.018459488,0.07625205,0.108109795,0.031857744
856,62209,1.0,1.0,0.0,1.0,1.0,0.0,-0.0040771477,-0.0040771477,0.51337266,0.5099848,-0.0033878684,0.33275768,0.4617489,0.12899122,0.32713458,0.46470132,0.13756675,0.37292767,0.49379456,0.120866895
857,62228,1.0,4.0,3.0,2.0,2.0,0.0,-0.010406667,-0.010406667,0.7412214,0.67908466,-0.06213677,0.30130866,0.47214183,0.17083317,0.33792353,0.5170747,0.17915118,0.4199561,0.57027465,0.15031856
858,62275,14.0,20.0,6.0,2.0,1.0,-1.0,-0.006087957,-0.006087957,0.64326984,0.6583302,0.015060365,0.32670262,0.25156996,-0.07513267,0.3709355,0.28272828,-0.088207215,0.45880926,0.39896318,-0.059846073
859,62302,1.0,2.0,1.0,2.0,8.0,6.0,-0.006644115,-0.006644115,0.5307936,0.46604607,-0.06474754,0.092313856,-0.34448266,-0.43679652,0.12282495,-0.33453053,-0.4573555,0.19007236,-0.3052879,-0.49536026
860,62365,1.0,3.0,2.0,1.0,1.0,0.0,-0.0048334897,-0.0048334897,0.71574545,0.73040426,0.014658809,0.38387108,0.52663827,0.14276719,0.40247303,0.5508823,0.14840925,0.48952648,0.6091619,0.11963543
861,62479,2.0,2.0,0.0,1.0,1.0,0.0,-0.0037544407,-0.0037544407,0.055791512,0.06767819,0.011886679,-0.084264174,-0.109635726,-0.025371552,-0.07872783,-0.113094844,-0.034367017,-0.06934185,-0.09935961,-0.030017756
862,62544,1.0,1.0,0.0,2.0,2.0,0.0,0.0005828887,0.0005828887,0.41427138,0.34453914,-0.06973225,-0.35100907,-0.20755029,0.14345878,-0.33150688,-0.17477478,0.1567321,-0.28049985,-0.13068637,0.14981347
863,62561,27.0,43.0,16.0,2.0,2.0,0.0,-0.0023110546,-0.0023110546,0.7137892,0.7404071,0.026617885,0.49440047,0.5646121,0.07021162,0.5196091,0.57715064,0.05754155,0.5762382,0.61747974,0.041241527
864,62683,20.0,12.0,-8.0,7.0,3.0,-4.0,0.0006589368,0.0006589368,0.069834575,0.22038516,0.15055059,-0.3923168,-0.26279765,0.12951913,-0.39642823,-0.25471154,0.14171669,-0.38513288,-0.23776458,0.1473683
865,62748,1.0,1.0,0.0,1.0,2.0,1.0,0.0021982603,0.0021982603,0.22609898,0.22103202,-0.005066961,0.48533288,0.49872002,0.013387144,0.50494033,0.49687776,-0.008062571,0.5007613,0.48765406,-0.01310721
866,62960,1.0,1.0,0.0,2.0,8.0,6.0,-0.006605208,-0.006605208,0.37085932,0.34913388,-0.021725446,0.17269361,0.10826947,-0.06442414,0.15699263,0.101789065,-0.055203564,0.19566591,0.14710139,-0.048564523
867,63081,89.0,93.0,4.0,30.0,39.0,9.0,-0.0029477198,-0.0029477198,-0.2958658,-0.33950242,-0.04363662,-0.19637033,-0.052569833,0.1438005,-0.20513135,-0.05473123,0.15040012,-0.2222834,-0.08272425,0.13955915
868,63182,6.0,13.0,7.0,1.0,1.0,0.0,-0.004462838,-0.004462838,0.040627997,-0.04084616,-0.081474155,-0.035656575,0.022913408,0.058569983,-0.03239679,0.02528635,0.05768314,-0.02495737,0.020031163,0.044988535
869,63345,11.0,4.0,-7.0,2.0,1.0,-1.0,0.0036362857,0.0036362857,0.5464859,0.49174735,-0.05473855,0.061702814,-0.010364853,-0.07206766,0.08443667,0.00633816,-0.07809851,0.15812464,0.06351525,-0.09460939
870,63449,3.0,1.0,-2.0,3.0,3.0,0.0,0.0031023175,0.0031023175,0.20183122,0.15994754,-0.041883677,0.0749088,0.31167692,0.23676813,0.065352194,0.3390449,0.2736927,0.0853606,0.34777117,0.26241058
871,63746,1.0,1.0,0.0,1.0,1.0,0.0,-0.0037711412,-0.0037711412,-0.13573205,-0.089312635,0.04641942,0.08624053,0.0019583383,-0.08428219,0.111647926,0.044593927,-0.067054,0.08436723,0.02942928,-0.05493795
872,63781,1.0,1.0,0.0,1.0,1.0,0.0,-0.0060886405,-0.0060886405,0.019596897,0.07311564,0.053518742,0.029483082,-0.04372024,-0.073203325,0.056589413,-0.04732059,-0.10391,0.060473632,-0.035072234,-0.095545866
873,63825,6.0,8.0,2.0,8.0,5.0,-3.0,-0.0007430725,-0.0007430725,0.6960653,0.70594895,0.009883642,0.63925064,0.6012243,-0.038026333,0.6549325,0.6224727,-0.032459795,0.6728036,0.646989,-0.025814593
874,63922,13.0,29.0,16.0,41.0,80.0,39.0,-0.0069438163,-0.0069438163,0.06937965,0.063972205,-0.005407445,-0.22052824,-0.053281795,0.16724645,-0.21425726,-0.0330018,0.18125546,-0.18691646,-0.020412553,0.1665039
875,63931,1.0,1.0,0.0,1.0,1.0,0.0,-0.0033538751,-0.0033538751,0.12144682,0.09696014,-0.024486676,0.06783358,0.10338267,0.03554909,0.07932145,0.118315496,0.038994044,0.089893885,0.12343095,0.033537067
876,63944,1.0,1.0,0.0,1.0,1.0,0.0,-0.00606028,-0.00606028,0.09584795,0.106964104,0.0111161545,0.051184997,0.035802297,-0.0153827,0.042197097,0.027731683,-0.014465414,0.05250064,0.03713227,-0.0153683685
877,64004,122.0,110.0,-12.0,6.0,12.0,6.0,0.0028529353,0.0028529353,-0.068711035,-0.12037178,-0.051660746,0.094054945,0.112357415,0.01830247,0.082225196,0.1159184,0.0336932,0.06780739,0.09896218,0.031154789
878,64096,53.0,80.0,27.0,194.0,256.0,62.0,-0.0015752884,-0.0015752884,0.35276213,0.4398693,0.08710718,0.255008,0.1838718,-0.07113621,0.2684327,0.18617395,-0.08225876,0.29174805,0.22357893,-0.06816912
879,64295,2.0,7.0,5.0,1.0,1.0,0.0,-0.002473753,-0.002473753,0.033298705,-0.19114453,-0.22444323,0.048527617,0.20664082,0.15811321,0.047792304,0.17616409,0.12837179,0.050010223,0.15798937,0.10797915
880,64483,27.0,24.0,-3.0,13.0,22.0,9.0,0.00094241835,0.00094241835,0.20317864,0.18789335,-0.015285298,-0.2659885,-0.26402983,0.0019586682,-0.3049133,-0.3081277,-0.003214389,-0.28088272,-0.2820002,-0.0011174977
881,64498,243.0,323.0,80.0,181.0,145.0,-36.0,-0.0008960068,-0.0008960068,-0.12546614,-0.015734335,0.1097318,-0.042029783,-0.118870236,-0.07684045,-0.04805667,-0.109214336,-0.061157666,-0.060270708,-0.10711524,-0.04684453
882,64615,45.0,112.0,67.0,11.0,10.0,-1.0,-0.0019595902,-0.0019595902,0.41567063,0.38975528,-0.025915354,0.06068435,0.17418784,0.113503486,0.075720616,0.2066072,0.13088658,0.15115473,0.2647799,0.11362517
883,64621,5.0,16.0,11.0,2.0,3.0,1.0,-0.007692417,-0.007692417,-0.025006082,0.07717615,0.10218224,-0.015664639,-0.16578265,-0.15011801,-0.032269917,-0.19857542,-0.16630551,-0.033811945,-0.18774627,-0.15393433
884,64687,13.0,32.0,19.0,10.0,4.0,-6.0,-0.0009040423,-0.0009040423,0.4927611,0.39469814,-0.09806296,0.23066616,0.18946256,-0.041203603,0.19079708,0.15503268,-0.035764396,0.24299066,0.1818998,-0.061090857
885,64771,2.0,1.0,-1.0,9.0,9.0,0.0,0.0024757683,0.0024757683,0.5277127,0.5092199,-0.018492818,0.46523774,0.48042956,0.015191823,0.46564665,0.48776567,0.022119015,0.497234,0.51938444,0.022150457
886,64867,2.0,2.0,0.0,4.0,3.0,-1.0,-0.003067851,-0.003067851,0.47539136,0.47264063,-0.0027507246,0.05531938,0.058525957,0.0032065772,0.05918293,0.051284656,-0.007898275,0.12010132,0.10774873,-0.012352586
887,64880,17.0,6.0,-11.0,2.0,2.0,0.0,0.0051824227,0.0051824227,-0.26982838,-0.22164628,0.0481821,-0.047983784,0.09098172,0.1389655,-0.016585559,0.09749868,0.11408424,-0.039289612,0.06740622,0.10669583
888,64893,24.0,27.0,3.0,19.0,30.0,11.0,-0.0038758256,-0.0038758256,0.111834876,0.06828672,-0.04354816,-0.024345955,-0.09816443,-0.073818475,-0.033641353,-0.10884018,-0.07519883,-0.011392814,-0.08692222,-0.075529404
889,64979,1.0,1.0,0.0,1.0,2.0,1.0,-0.0081451945,-0.0081451945,0.5600659,0.5056493,-0.054416597,0.15920901,0.19098742,0.03177841,0.15923898,0.16391107,0.004672095,0.21746017,0.22029458,0.0028344095
890,65010,5.0,43.0,38.0,4.0,17.0,13.0,-0.014763823,-0.014763823,0.10342299,0.0042607887,-0.099162206,0.18092082,0.104459666,-0.07646116,0.19997251,0.10789483,-0.09207768,0.20225748,0.10412096,-0.09813652
891,65069,1.0,1.0,0.0,1.0,1.0,0.0,0.002250459,0.002250459,0.031437885,0.26080662,0.22936873,-0.042315066,0.06317964,0.10549471,-0.047131933,0.04472285,0.09185478,-0.041587602,0.08723754,0.12882514
892,65148,1.0,1.0,0.0,2.0,2.0,0.0,-0.0049206614,-0.0049206614,0.844983,0.8501577,0.0051746964,0.65428185,0.68822825,0.033946395,0.67438626,0.693353,0.018966734,0.730953,0.74845636,0.01750338
893,65187,8.0,27.0,19.0,1.0,1.0,0.0,-0.010394853,-0.010394853,0.25364757,0.24766603,-0.0059815347,-0.042025104,0.046115723,0.08814083,-0.033166192,0.05339219,0.08655839,0.013377746,0.09045049,0.07707274
894,65232,12.0,23.0,11.0,4.0,6.0,2.0,-0.005270267,-0.005270267,0.3902204,0.35430256,-0.03591785,0.16714245,0.27256185,0.1054194,0.20679054,0.28687197,0.08008143,0.2633993,0.30702448,0.043625176
895,65253,2.0,2.0,0.0,1.0,2.0,1.0,-0.0036317855,-0.0036317855,0.5744593,0.6168378,0.042378485,0.46901962,0.66002446,0.19100484,0.49351382,0.6978611,0.20434725,0.5315631,0.7221862,0.1906231
896,65267,2.0,2.0,0.0,1.0,2.0,1.0,-0.0035989694,-0.0035989694,0.33046687,0.30267248,-0.02779439,-0.1650384,0.11213545,0.27717385,-0.1687258,0.11692271,0.28564852,-0.10822643,0.14741047,0.2556369
897,65376,1.0,1.0,0.0,1.0,1.0,0.0,-0.0038623847,-0.0038623847,0.33164486,0.24623343,-0.08541143,0.008274647,-0.00022037208,-0.00849502,-0.022810293,-0.026192622,-0.003382329,0.016378213,0.0018968754,-0.014481338
898,65414,3.0,1.0,-2.0,1.0,1.0,0.0,0.0029400587,0.0029400587,0.13217597,0.10983194,-0.02234403,-0.2065516,-0.21684085,-0.010289252,-0.22528856,-0.2404449,-0.015156344,-0.19426687,-0.21026063,-0.015993759
899,65445,1.0,1.0,0.0,1.0,1.0,0.0,0.0020483397,0.0020483397,0.49076897,0.4878077,-0.002961278,0.38381687,0.4185144,0.034697533,0.39238894,0.41955867,0.027169734,0.43362647,0.44796485,0.014338374
900,65639,1.0,1.0,0.0,1.0,1.0,0.0,-0.0056628287,-0.0056628287,0.15307456,0.24974358,0.09666902,0.18836056,0.19549935,0.0071387887,0.2108538,0.19789651,-0.01295729,0.21765998,0.21924126,0.0015812814
901,65654,10.0,6.0,-4.0,10.0,13.0,3.0,-0.0008623339,-0.0008623339,0.10172914,0.103486285,0.0017571449,-0.008175669,0.015195688,0.023371357,0.006156613,0.014317739,0.008161126,0.024155663,0.031142203,0.00698654
902,65686,9.0,12.0,3.0,2.0,3.0,1.0,-0.0016762018,-0.0016762018,0.19150841,0.116586864,-0.07492155,0.11485935,0.21671651,0.10185716,0.113909975,0.23390703,0.119997054,0.13229023,0.23889962,0.10660939
903,65769,1.0,2.0,1.0,3.0,1.0,-2.0,0.0021552742,0.0021552742,0.08273559,0.059284575,-0.023451015,0.2836662,0.19074818,-0.09291801,0.2647669,0.18186067,-0.08290623,0.25205868,0.17792283,-0.074135855
904,65799,1.0,1.0,0.0,4.0,1.0,-3.0,-0.0017842427,-0.0017842427,0.4627541,0.47097513,0.00822103,0.2742134,0.35354716,0.07933375,0.2939001,0.37218887,0.078288764,0.33495995,0.40205437,0.067094415
905,65821,3.0,3.0,0.0,2.0,8.0,6.0,-0.0039219,-0.0039219,0.17145605,0.08510205,-0.086354,-0.07680877,-0.12630552,-0.049496748,-0.06987576,-0.13757096,-0.0676952,-0.0535068,-0.12894848,-0.07544168
906,65872,1.0,7.0,6.0,20.0,104.0,84.0,-0.010114154,-0.010114154,0.2179951,0.3314465,0.11345139,0.30461058,0.23989724,-0.064713344,0.30516243,0.24167536,-0.06348707,0.30807853,0.26042962,-0.047648907
907,65920,2.0,4.0,2.0,1.0,2.0,1.0,-0.0053808577,-0.0053808577,-0.10966122,0.044084627,0.15374584,-0.169336,-0.15070389,0.018632114,-0.14969552,-0.11021283,0.039482683,-0.16161183,-0.10526804,0.056343786
908,65943,14.0,17.0,3.0,1.0,2.0,1.0,-0.0011565574,-0.0011565574,0.40797895,0.37716234,-0.030816615,0.21356909,0.012178295,-0.20139079,0.2137232,0.006887498,-0.2068357,0.23779689,0.041001003,-0.19679588
909,66004,16.0,18.0,2.0,2.0,2.0,0.0,0.0004187636,0.0004187636,0.028849177,0.021993162,-0.006856015,0.025091307,-0.021213904,-0.04630521,0.0254115,-0.038006343,-0.063417844,0.027877832,-0.03173975,-0.05961758
910,66214,6.0,2.0,-4.0,23.0,20.0,-3.0,0.004224524,0.004224524,-0.0039959047,-0.0123230005,-0.008327096,-0.044257168,-0.01180547,0.032451697,-0.046261862,-0.033719197,0.012542665,-0.042551987,-0.032592397,0.00995959
911,66216,5.0,3.0,-2.0,5.0,1.0,-4.0,0.0057609007,0.0057609007,0.093604416,0.08290419,-0.010700226,0.41782993,0.31907037,-0.09875956,0.4268573,0.31138083,-0.11547646,0.42280903,0.30124283,-0.121566206
912,66278,1.0,1.0,0.0,1.0,1.0,0.0,-0.013134997,-0.013134997,0.23820275,0.3409307,0.10272795,0.36055613,0.3320412,-0.028514922,0.36580583,0.2817763,-0.084029526,0.35749453,0.3250617,-0.032432824
913,66330,64.0,10.0,-54.0,18.0,9.0,-9.0,0.007188026,0.007188026,0.29685748,0.25417176,-0.042685717,-0.12861148,0.09672816,0.22533964,-0.12249629,0.10383724,0.22633353,-0.04306293,0.13079716,0.17386009
914,66342,1.0,1.0,0.0,2.0,2.0,0.0,-0.001205869,-0.001205869,0.39507008,0.41429225,0.01922217,0.21063611,0.19538984,-0.015246272,0.23395088,0.20607007,-0.027880818,0.27346137,0.24213961,-0.031321764
915,66421,3.0,1.0,-2.0,1.0,1.0,0.0,0.0007234588,0.0007234588,-0.06767542,-0.10130873,-0.033633314,-0.104870655,-0.05019354,0.054677114,-0.10781644,-0.057400055,0.050416388,-0.110187374,-0.06297684,0.047210537
916,66464,4.0,4.0,0.0,7.0,13.0,6.0,-0.0029827654,-0.0029827654,-0.33736148,-0.47037193,-0.13301045,-0.1365478,-0.3294371,-0.1928893,-0.1313342,-0.34517077,-0.21383657,-0.16039191,-0.3730394,-0.21264748
917,66479,4.0,12.0,8.0,3.0,3.0,0.0,-0.004625786,-0.004625786,0.15226099,0.22794455,0.075683564,0.30341268,0.295382,-0.008030683,0.32177043,0.31378394,-0.007986486,0.31242016,0.3149354,0.0025152266
918,66489,19.0,17.0,-2.0,94.0,125.0,31.0,-0.0015641432,-0.0015641432,0.14379561,0.20064005,0.056844443,0.058092643,0.044240683,-0.013851959,0.06627819,0.045340195,-0.020937994,0.08152937,0.07061605,-0.01091332
919,66580,1.0,1.0,0.0,1.0,1.0,0.0,-0.010786839,-0.010786839,0.11450754,0.29500464,0.1804971,-0.06216501,0.083648324,0.14581333,-0.058217388,0.10059796,0.15881535,-0.04137419,0.13444526,0.17581946
920,66643,13.0,15.0,2.0,1.0,1.0,0.0,-0.006768681,-0.006768681,0.5637388,0.5574914,-0.0062474012,0.26187605,0.32963607,0.06776002,0.26113358,0.33659366,0.07546008,0.3235276,0.37663856,0.053110957
921,66773,1.0,1.0,0.0,1.0,1.0,0.0,0.00049567595,0.00049567595,-0.017291704,-0.021235878,-0.0039441735,0.12712255,0.10815756,-0.018964991,0.07530867,0.0840682,0.008759528,0.06583634,0.07250172,0.006665379
922,66836,1.0,1.0,0.0,1.0,1.0,0.0,-0.00708602,-0.00708602,0.56727767,0.56701183,-0.00026583672,0.44896463,0.5507774,0.10181275,0.45112547,0.5584837,0.10735825,0.49637523,0.5691761,0.072800845
923,66946,3.0,4.0,1.0,1.0,1.0,0.0,-0.0037303157,-0.0037303157,0.49695474,0.3564916,-0.14046314,0.12446515,0.43796256,0.31349742,0.16491736,0.47413146,0.30921412,0.21626882,0.49600944,0.27974063
924,66976,36.0,55.0,19.0,25.0,17.0,-8.0,-0.004149722,-0.004149722,-0.20172319,-0.2735691,-0.07184592,0.015104589,-0.12631783,-0.14142242,0.018018994,-0.12039935,-0.13841835,-0.010293952,-0.145228,-0.13493405
925,67045,8.0,13.0,5.0,17.0,17.0,0.0,-0.0041104574,-0.0041104574,0.21929196,0.26343957,0.04414761,0.050462563,0.08395466,0.0334921,0.06613519,0.082903,0.016767807,0.09321974,0.119891524,0.026671782
926,67113,4.0,7.0,3.0,2.0,2.0,0.0,-0.0051761083,-0.0051761083,0.6908533,0.68945223,-0.0014010668,0.49887112,0.43656114,-0.06230998,0.5169416,0.4579551,-0.058986515,0.55547684,0.52117044,-0.034306407
927,67168,4.0,9.0,5.0,5.0,4.0,-1.0,-0.0050093383,-0.0050093383,-0.055752475,-0.070321456,-0.014568981,-0.03178273,-0.044936944,-0.013154212,-0.04879266,-0.0750644,-0.026271738,-0.052122783,-0.078585945,-0.026463162
928,67204,1.0,2.0,1.0,2.0,3.0,1.0,-0.008228045,-0.008228045,0.21061322,0.3035074,0.09289417,0.20672671,0.22279547,0.016068757,0.20457043,0.21551655,0.010946125,0.21361111,0.23515844,0.021547332
929,67237,3.0,3.0,0.0,1.0,1.0,0.0,-0.0047809407,-0.0047809407,0.2506909,0.22913048,-0.02156043,0.13745008,0.24052945,0.10307936,0.14027648,0.24754243,0.10726595,0.16168423,0.25839555,0.09671132
930,67252,8.0,7.0,-1.0,1.0,1.0,0.0,-0.00031504408,-0.00031504408,0.34480098,0.36230546,0.017504483,0.30459827,0.32349405,0.018895775,0.30610567,0.31625277,0.010147095,0.32333606,0.33838525,0.015049189
931,67295,484.0,465.0,-19.0,622.0,594.0,-28.0,0.004211929,0.004211929,-0.10504658,-0.0655476,0.039498977,0.020911139,-0.05748823,-0.07839937,0.011844558,-0.07347678,-0.08532134,-0.0019209578,-0.07632042,-0.07439946
932,67363,2.0,1.0,-1.0,3.0,2.0,-1.0,0.001747869,0.001747869,0.17657292,0.15829766,-0.01827526,-0.03310953,0.025542548,0.05865208,-0.040271673,0.019813746,0.06008542,-0.010461692,0.03934559,0.04980728
933,67742,1.0,1.0,0.0,1.0,1.0,0.0,-0.0015689507,-0.0015689507,0.04666626,0.078842185,0.032175925,0.23176563,-0.100215115,-0.33198074,0.25036103,-0.0886388,-0.3389998,0.24861884,-0.068535306,-0.31715414
934,67802,1.0,1.0,0.0,1.0,1.0,0.0,0.0029235035,0.0029235035,0.41398126,0.34008715,-0.07389411,0.391222,0.287999,-0.103222996,0.4067309,0.30051383,-0.10621706,0.42646092,0.32725555,-0.099205375
935,67829,48.0,13.0,-35.0,13.0,11.0,-2.0,0.005742302,0.005742302,0.100974455,0.19621089,0.095236436,0.28031874,0.31784102,0.037522286,0.25718793,0.32211694,0.06492901,0.25471723,0.3368992,0.08218196
936,68023,2.0,5.0,3.0,1.0,1.0,0.0,-0.0046592653,-0.0046592653,0.76153344,0.70633566,-0.055197775,0.7423371,0.73700684,-0.0053302646,0.74735564,0.7385234,-0.008832216,0.77694744,0.7877956,0.010848165
937,68168,7.0,6.0,-1.0,1.0,2.0,1.0,0.0009053536,0.0009053536,0.06368177,-0.15126257,-0.21494433,-0.22215231,-0.1706171,0.051535204,-0.23280469,-0.18671691,0.04608777,-0.21879749,-0.19182439,0.026973099
938,68278,62.0,60.0,-2.0,7.0,12.0,5.0,-0.0018665474,-0.0018665474,0.61272967,0.5823402,-0.030389488,0.048732694,0.07157312,0.02284043,0.027684812,0.064380944,0.036696132,0.10878693,0.16121486,0.052427925
939,68311,1.0,4.0,3.0,1.0,1.0,0.0,-0.0067977197,-0.0067977197,0.11135714,0.05865506,-0.052702077,0.062674254,0.23553915,0.1728649,0.025701944,0.2191938,0.19349186,0.03764504,0.22097957,0.18333453
940,68339,1.0,1.0,0.0,1.0,1.0,0.0,-0.0067659467,-0.0067659467,0.250048,0.22189996,-0.028148055,0.21484365,0.44211844,0.22727479,0.24686636,0.46665704,0.21979068,0.2724679,0.47785792,0.20539
941,68418,1.0,1.0,0.0,1.0,1.0,0.0,0.00049514696,0.00049514696,0.27646577,0.1465784,-0.12988737,0.21754706,0.20889246,-0.008654594,0.21499246,0.20272261,-0.012269855,0.22602877,0.20527923,-0.02074954
942,68471,7.0,6.0,-1.0,4.0,3.0,-1.0,0.00025574863,0.00025574863,0.3541132,0.38590947,0.031796277,-0.0095562665,0.08816118,0.09771744,-0.010815227,0.095607586,0.10642281,0.025112351,0.14543685,0.1203245
943,68741,1.0,1.0,0.0,1.0,1.0,0.0,-0.0055684745,-0.0055684745,0.54351175,0.54334277,-0.00016897917,0.5467855,0.4983242,-0.04846129,0.54040027,0.51069534,-0.029704928,0.55137897,0.5337329,-0.017646074
944,68814,3.0,3.0,0.0,1.0,1.0,0.0,-0.0033528283,-0.0033528283,0.23054142,0.17897272,-0.051568702,0.25782555,0.3228011,0.06497556,0.24189441,0.32018393,0.07828952,0.25787753,0.3177351,0.059857577
945,68842,2.0,2.0,0.0,3.0,2.0,-1.0,-0.0012673661,-0.0012673661,0.69193,0.7421693,0.050239325,0.35384685,0.44502565,0.091178805,0.37406558,0.46040523,0.08633965,0.44451827,0.52115166,0.076633394
946,68858,11.0,2.0,-9.0,14.0,11.0,-3.0,0.006868284,0.006868284,0.116740406,0.02565029,-0.09109011,0.046615865,0.13197556,0.08535969,0.040278383,0.13609208,0.0958137,0.046807207,0.13380444,0.08699723
947,68897,3.0,4.0,1.0,4.0,1.0,-3.0,-0.0017706417,-0.0017706417,-0.25932682,-0.20520811,0.054118708,-0.14968066,-0.1720865,-0.022405848,-0.14686422,-0.16810256,-0.021238342,-0.16131824,-0.17966275,-0.018344507
948,69007,2.0,3.0,1.0,2.0,5.0,3.0,-0.001150202,-0.001150202,0.3362196,0.46361712,0.1273975,0.14663391,-0.05726802,-0.20390193,0.16113748,-0.022435138,-0.18357262,0.1893828,0.036855306,-0.1525275
949,69025,5.0,1.0,-4.0,4.0,5.0,1.0,0.0052933656,0.0052933656,0.30307677,0.29000115,-0.01307562,0.1311095,0.14713489,0.01602538,0.13153818,0.12047607,-0.011062115,0.16395663,0.15728791,-0.0066687167
950,69030,78.0,213.0,135.0,21.0,24.0,3.0,-0.004060353,-0.004060353,0.31331468,0.29961997,-0.013694704,0.09734006,-0.1370873,-0.23442736,0.066539556,-0.15259793,-0.21913749,0.103894345,-0.12789518,-0.23178953
951,69130,1.0,1.0,0.0,1.0,1.0,0.0,-0.0034824722,-0.0034824722,-0.25337344,-0.18624963,0.067123815,-0.103945784,-0.19379319,-0.08984741,-0.114568554,-0.17579931,-0.061230756,-0.14419463,-0.19213995,-0.04794532
952,69214,1.0,1.0,0.0,1.0,1.0,0.0,-0.010234501,-0.010234501,0.7550201,0.8109207,0.055900633,0.5339461,0.61960566,0.08565956,0.5510426,0.64889044,0.09784782,0.607196,0.6930427,0.08584672
953,69240,63.0,78.0,15.0,14.0,10.0,-4.0,-0.0035868734,-0.0035868734,0.6521237,0.64849865,-0.0036250353,0.45281312,0.43463677,-0.018176347,0.4786891,0.46612492,-0.012564182,0.5246729,0.52442575,-0.00024718046
954,69442,1.0,1.0,0.0,1.0,1.0,0.0,-0.00455755,-0.00455755,0.09163171,0.20773856,0.11610685,0.07140916,0.0569129,-0.014496259,0.06282358,0.042627633,-0.020195946,0.07144512,0.06523316,-0.006211959
955,69502,1.0,1.0,0.0,1.0,1.0,0.0,0.0047559887,0.0047559887,0.56819236,0.51062346,-0.057568908,0.49647436,0.36598572,-0.13048863,0.5011072,0.36693203,-0.13417518,0.530528,0.40426967,-0.12625834
956,69614,4.0,4.0,0.0,1.0,1.0,0.0,0.0012206472,0.0012206472,0.3934319,0.4028978,0.009465903,0.22246686,0.22770368,0.0052368194,0.21804792,0.21038677,-0.007661149,0.260036,0.2442126,-0.015823394
957,69616,18.0,27.0,9.0,1.0,2.0,1.0,-0.0027173236,-0.0027173236,0.43199614,0.45042163,0.018425494,0.16381842,0.11502407,-0.04879435,0.14920901,0.098232344,-0.050976664,0.18085912,0.13927667,-0.04158245
958,69785,4.0,3.0,-1.0,1.0,1.0,0.0,-0.00059364736,-0.00059364736,0.1877786,0.23904283,0.051264226,0.120986946,0.1890217,0.06803476,0.11511653,0.1729638,0.05784727,0.12667398,0.19037487,0.063700885
959,69813,1.0,2.0,1.0,1.0,1.0,0.0,-0.00580699,-0.00580699,-0.06097263,0.102108285,0.16308092,-0.21367942,-0.3436106,-0.1299312,-0.21003987,-0.36991012,-0.15987025,-0.20801014,-0.3469821,-0.13897195
960,69831,154.0,68.0,-86.0,44.0,5.0,-39.0,0.0057206294,0.0057206294,-0.11358634,-0.16148606,-0.047899723,0.16056052,0.0031856627,-0.15737486,0.15537792,-0.01857339,-0.17395131,0.1362814,-0.04578243,-0.18206383
961,69839,32.0,16.0,-16.0,27.0,22.0,-5.0,0.0030692164,0.0030692164,-0.13948496,-0.038386784,0.10109817,-0.08142592,0.058211613,0.13963753,-0.08502019,0.060623314,0.1456435,-0.09738016,0.054598313,0.15197848
962,69854,1.0,1.0,0.0,1.0,1.0,0.0,-0.00039166957,-0.00039166957,0.36389047,0.1596386,-0.20425187,0.301668,0.3233017,0.021633714,0.29511243,0.33217686,0.037064433,0.31046066,0.33694303,0.026482373
963,69918,2.0,6.0,4.0,5.0,7.0,2.0,-0.005337931,-0.005337931,-0.26807427,-0.18341832,0.084655955,-0.33884543,-0.3379926,0.00085282326,-0.33799642,-0.34403694,-0.0060405135,-0.3452269,-0.35009858,-0.0048716664
964,70038,3.0,2.0,-1.0,1.0,1.0,0.0,0.0020812303,0.0020812303,0.5199352,0.59269935,0.07276416,0.47123536,0.43627006,-0.034965307,0.46145448,0.4313278,-0.03012669,0.48942727,0.46112263,-0.028304636
965,70075,2.0,1.0,-1.0,1.0,1.0,0.0,-0.0008323416,-0.0008323416,0.25521863,0.18171346,-0.07350516,0.11615745,0.16983533,0.05367788,0.103234425,0.15576541,0.05253099,0.1500204,0.18831739,0.038296983
966,70095,20.0,55.0,35.0,14.0,40.0,26.0,-0.0074294806,-0.0074294806,0.16160032,0.10118334,-0.06041698,0.2910429,0.3179756,0.026932716,0.27846372,0.32215595,0.04369223,0.29437345,0.33252075,0.0381473
967,70193,4.0,5.0,1.0,2.0,2.0,0.0,-0.0066732317,-0.0066732317,0.25307125,0.3301047,0.07703346,0.3937944,0.044597242,-0.34919715,0.40074536,0.046723284,-0.3540221,0.40364608,0.100695334,-0.30295074
968,70232,4.0,6.0,2.0,8.0,7.0,-1.0,-0.0016304329,-0.0016304329,0.090445526,0.071659505,-0.01878602,0.021823607,-0.0923419,-0.11416551,-0.05317344,-0.1520299,-0.098856464,-0.039814126,-0.140822,-0.101007864
969,70335,1.0,1.0,0.0,2.0,1.0,-1.0,0.0038106814,0.0038106814,-0.17503804,-0.16748632,0.007551715,-0.21803996,-0.05932249,0.15871747,-0.24097502,-0.081998184,0.15897684,-0.24605028,-0.10314274,0.14290754
970,70360,25.0,42.0,17.0,3.0,5.0,2.0,-0.00651215,-0.00651215,0.47671893,0.39616024,-0.08055869,0.41914213,0.39805517,-0.021086961,0.4261049,0.41561067,-0.010494232,0.46479443,0.4497391,-0.015055329
971,70368,5.0,3.0,-2.0,1.0,1.0,0.0,0.0017521121,0.0017521121,-0.016834676,0.1284862,0.14532088,0.03356187,-0.023865065,-0.057426937,0.02630761,-0.033022292,-0.059329905,0.023646124,-0.020352582,-0.043998703
972,70427,5.0,3.0,-2.0,2.0,1.0,-1.0,0.0029065348,0.0029065348,0.57835513,0.53837,-0.03998512,0.53557646,0.38447487,-0.15110159,0.5349729,0.3829425,-0.15203041,0.5480869,0.41345432,-0.13463256
973,70505,6.0,10.0,4.0,5.0,4.0,-1.0,-0.0048853084,-0.0048853084,0.5388477,0.5971449,0.058297217,0.12981585,0.15183403,0.02201818,0.1357876,0.13093944,-0.0048481673,0.24281955,0.23951904,-0.003300503
974,70585,100.0,56.0,-44.0,32.0,25.0,-7.0,0.0011002645,0.0011002645,0.22219665,0.21325395,-0.008942708,0.043591253,0.11003053,0.06643928,0.019552216,0.10557244,0.086020224,0.054520886,0.13288341,0.078362525
975,70589,48.0,36.0,-12.0,10.0,6.0,-4.0,0.00041127577,0.00041127577,-0.07140203,-0.02602717,0.04537486,0.15957512,-0.08144776,-0.24102288,0.13595045,-0.097642526,-0.23359297,0.109991364,-0.09094092,-0.2009323
976,70671,1.0,1.0,0.0,1.0,1.0,0.0,-0.0032950826,-0.0032950826,0.3894925,0.32782212,-0.061670393,0.1475036,0.18364745,0.036143854,0.15085247,0.17668445,0.025831982,0.19044678,0.20835449,0.017907709
977,70758,37.0,21.0,-16.0,19.0,24.0,5.0,-0.0016554557,-0.0016554557,0.3058432,0.38652673,0.08068353,0.4114334,0.37870237,-0.032731026,0.4270773,0.37059024,-0.056487054,0.43526804,0.39225438,-0.043013662
978,70764,1.0,1.0,0.0,1.0,1.0,0.0,-0.0067695715,-0.0067695715,0.49379247,0.49781913,0.0040266514,0.6585107,0.67802876,0.019518077,0.6704461,0.6860265,0.015580416,0.6863884,0.7117159,0.025327504
979,70947,22.0,13.0,-9.0,5.0,3.0,-2.0,0.004435437,0.004435437,-0.088613406,-0.04883961,0.039773796,-0.11777678,-0.12420903,-0.00643225,-0.11284434,-0.1209385,-0.008094162,-0.11516533,-0.113906145,0.0012591854
980,71025,246.0,481.0,235.0,85.0,137.0,52.0,-0.0060115857,-0.0060115857,0.40317604,0.41201022,0.008834183,0.14884128,0.029233979,-0.1196073,0.15623656,0.049396727,-0.106839836,0.19244832,0.08970462,-0.1027437
981,71186,1.0,1.0,0.0,1.0,1.0,0.0,0.00081373006,0.00081373006,0.39934954,0.31778726,-0.08156228,0.27186412,0.11257336,-0.15929076,0.26202798,0.10739884,-0.15462914,0.2978535,0.1582164,-0.1396371
982,71229,2.0,2.0,0.0,1.0,1.0,0.0,-0.0015560389,-0.0015560389,0.64437747,0.6363425,-0.0080349445,0.47100446,0.43233076,-0.0386737,0.50487995,0.47496745,-0.029912502,0.5467388,0.5278217,-0.018917084
983,71232,1.0,1.0,0.0,1.0,1.0,0.0,-0.0009274706,-0.0009274706,-0.11289698,-0.07911852,0.03377846,-0.020565195,-0.26477775,-0.24421255,-0.008312328,-0.25225544,-0.24394311,-0.028108267,-0.2328283,-0.20472004
984,71241,1.0,1.0,0.0,1.0,1.0,0.0,-0.0023370422,-0.0023370422,0.16043027,0.27535352,0.11492325,0.04908093,0.10476656,0.055685632,0.02937105,0.09717166,0.06780061,0.04753327,0.124670886,0.07713762
985,71410,1.0,1.0,0.0,1.0,1.0,0.0,-0.0013933256,-0.0013933256,0.15457173,0.11332393,-0.0412478,0.080486625,0.07961301,-0.0008736178,0.08140515,0.09417085,0.012765706,0.097199954,0.1069877,0.009787746
986,71450,1.0,2.0,1.0,1.0,1.0,0.0,-0.0016660839,-0.0016660839,0.11760089,0.18039693,0.06279604,0.052256823,0.17302252,0.1207657,0.075638674,0.2026477,0.12700903,0.084747985,0.20929609,0.12454811
987,71753,2.0,2.0,0.0,3.0,3.0,0.0,-0.00015708432,-0.00015708432,0.35351926,0.34445196,-0.009067297,0.24671254,0.17461507,-0.072097465,0.25731182,0.17901525,-0.07829657,0.28767878,0.2183556,-0.06932318
988,71894,4.0,2.0,-2.0,1.0,1.0,0.0,-0.0006267652,-0.0006267652,0.47207817,0.53507084,0.06299266,0.4234214,0.46242177,0.039000362,0.43713656,0.4813009,0.04416433,0.48611608,0.52178144,0.035665363
989,71928,2.0,2.0,0.0,1.0,1.0,0.0,0.0014822856,0.0014822856,0.06874254,0.09682908,0.028086536,0.12722367,0.07030035,-0.056923322,0.13609764,0.06126788,-0.07482976,0.1398502,0.06801992,-0.07183028
990,72015,1.0,1.0,0.0,2.0,2.0,0.0,-0.004059341,-0.004059341,0.21462522,0.32623404,0.11160882,0.40179828,0.32974505,-0.072053224,0.41567272,0.3402556,-0.07541713,0.42066917,0.3558561,-0.06481308
991,72080,1.0,1.0,0.0,3.0,1.0,-2.0,0.00093507767,0.00093507767,0.4144947,0.4174986,0.0030038953,0.36348015,0.22424361,-0.13923654,0.3701258,0.2352783,-0.1348475,0.40401047,0.2723618,-0.13164869
992,72170,8.0,20.0,12.0,7.0,6.0,-1.0,-0.0039364994,-0.0039364994,0.17136629,0.21013471,0.038768426,0.07608572,0.12044678,0.044361062,0.02891946,0.112476595,0.08355714,0.052861996,0.13668506,0.08382306
993,72209,1.0,1.0,0.0,2.0,1.0,-1.0,0.0015013665,0.0015013665,0.23947734,0.28181508,0.042337745,0.06618482,0.018755551,-0.047429267,0.053011604,0.0063423296,-0.046669275,0.086578086,0.048571117,-0.03800697
994,72257,9.0,35.0,26.0,6.0,6.0,0.0,-0.004986264,-0.004986264,0.32571903,0.3646951,0.038976073,0.23388903,0.16511714,-0.068771884,0.2555628,0.17019418,-0.08536863,0.2908542,0.22877094,-0.062083244
995,72312,23.0,32.0,9.0,2.0,6.0,4.0,-0.0037801377,-0.0037801377,0.2149019,0.16519724,-0.049704656,0.5223956,0.066242486,-0.45615312,0.53464913,0.0667654,-0.46788374,0.52930284,0.08801327,-0.44128957
996,72510,1.0,2.0,1.0,7.0,14.0,7.0,-0.006960543,-0.006960543,0.8189451,0.8027122,-0.016232908,0.65645015,0.69699347,0.040543318,0.6737527,0.7028824,0.029129684,0.7240912,0.7372917,0.0132005215
997,72605,1.0,1.0,0.0,1.0,1.0,0.0,0.003114991,0.003114991,0.83693033,0.8283594,-0.0085709095,0.8137797,0.7780461,-0.03573364,0.80927366,0.7905653,-0.018708348,0.8389856,0.83214295,-0.006842673
998,72719,2.0,8.0,6.0,8.0,14.0,6.0,-0.005425539,-0.005425539,0.5964826,0.59608746,-0.0003951192,0.46419317,0.45225468,-0.0119384825,0.4856299,0.46192443,-0.023705453,0.51894647,0.5012363,-0.01771015
999,72948,1.0,1.0,0.0,1.0,2.0,1.0,-0.01003908,-0.01003908,0.25485414,0.11707232,-0.13778183,0.3242867,0.045585748,-0.27870095,0.3449852,0.04727978,-0.2977054,0.36023542,0.06266762,-0.29756778
