subject,model_name,eval_index,image_id,positive_similarity,hardest_impostor_similarity,hardest_impostor_index,margin,full_pool_rank,sampled_top1_success_rate,sampled_rank_mean,sampled_rank_median,delta_positive_similarity,delta_hardest_impostor_similarity,delta_margin,delta_full_pool_rank,delta_sampled_top1_success_rate,rank1_to_not1,not1_to_rank1,image_full_pool_rank_margin0,image_full_pool_rank,delta_image_full_pool_rank,eval_clip_nearest_neighbor_cosine,eval_clip_top1_top2_gap,eval_clip_density_top10,train_clip_diag_mahalanobis,train_clip_mean_cosine,train_clip_mean_abs_z,train_clip_max_abs_z,global_reliability_mean,early_reliability_mean,higher_reliability_mean,low_reliability_mean,global_reliability_x_train_mahalanobis,low_reliability_x_train_mahalanobis,low_reliability_x_eval_density_top10,heldout_or_newtest_labels_used_for_reliability,heldout_or_newtest_labels_used_for_train_clip_stats,heldout_or_newtest_labels_used_for_image_ambiguity
5,cycle44_subj05_margin_low_1sess_150ep,0,2950,0.0398935,0.04962663,195,-0.009733129,4.0,0.3333333333333333,1.6666666666666667,2.0,-0.001073435,0.0006537996,-0.0017272346,2.0,-0.6666666666666667,0,0,2.0,3.0,1.0,0.8600445,0.0029179454,0.8380644,1.7347265,0.84716666,0.8398965,12.817633,0.22135134041309357,0.27517229318618774,0.2003406286239624,0.7786486595869064,0.38398406,1.3507426,0.65255773,False,False,False
5,cycle44_subj05_margin_low_1sess_150ep,1,2990,0.048317324,0.052970406,876,-0.0046530813,5.0,0.1538461538461538,2.1538461538461537,2.0,0.0012958981,-0.000773862,0.00206976,3.0,-0.6153846153846154,0,0,1.0,1.0,0.0,0.8667626,0.032428622,0.8137466,1.7416131,0.84213316,0.8410009,12.808012,0.22135134041309357,0.27517229318618774,0.2003406286239624,0.7786486595869064,0.38550842,1.3561047,0.6336227,False,False,False
5,cycle44_subj05_margin_low_1sess_150ep,2,3049,0.056838177,0.05599349,11,0.0008446872,1.0,1.0,1.0,1.0,0.007482372,0.0039695464,0.0035128258,-3.0,0.8333333333333334,0,1,4.0,2.0,-2.0,0.9230525,0.001975596,0.91261613,1.7301838,0.7893798,0.8385553,12.740412,0.22135134041309357,0.27517229318618774,0.2003406286239624,0.7786486595869064,0.3829785,1.3472054,0.71060735,False,False,False
5,cycle44_subj05_margin_low_1sess_150ep,3,3077,0.03785205,0.04675746,493,-0.008905411,11.0,0.0,3.888888888888889,4.0,0.010150444,0.0049270876,0.005223356,-8.0,0.0,0,0,24.0,8.0,-16.0,0.75149965,0.007315457,0.7281082,1.751766,0.75114614,0.84520316,12.865123,0.22135134041309357,0.27517229318618774,0.2003406286239624,0.7786486595869064,0.38775575,1.3640102,0.5669405,False,False,False
5,cycle44_subj05_margin_low_1sess_150ep,4,3146,0.041870676,0.04222407,828,-0.0003533922,3.0,0.2666666666666666,1.8666666666666667,2.0,0.009503897,0.0019348934,0.007569004,-6.0,0.2666666666666666,0,0,33.0,14.0,-19.0,0.8346515,0.022261977,0.78000027,1.7448442,0.82276607,0.8422342,12.69526,0.22135134041309357,0.27517229318618774,0.2003406286239624,0.7786486595869064,0.3862236,1.3586206,0.6073462,False,False,False
5,cycle44_subj05_margin_low_1sess_150ep,5,3157,0.051637195,0.052497655,778,-0.0008604601,2.0,0.6666666666666666,1.3333333333333333,1.0,0.004468996,0.0016482286,0.0028207675,0.0,0.0,0,0,9.0,4.0,-5.0,0.85074663,0.0132082105,0.8146814,1.741211,0.8358666,0.84209484,12.793347,0.22135134041309357,0.27517229318618774,0.2003406286239624,0.7786486595869064,0.3854194,1.3557917,0.6343506,False,False,False
5,cycle44_subj05_margin_low_1sess_150ep,6,3164,0.02663929,0.04144814,906,-0.0148088485,89.0,0.0,28.125,29.5,-0.00027113594,-0.003564421,0.0032932851,-3.0,0.0,0,0,26.0,38.0,12.0,0.855918,0.017597616,0.8093052,1.7291677,0.85809726,0.8398073,12.686933,0.22135134041309357,0.27517229318618774,0.2003406286239624,0.7786486595869064,0.38275358,1.3464141,0.6301644,False,False,False
5,cycle44_subj05_margin_low_1sess_150ep,7,3171,0.026052544,0.04730846,162,-0.021255916,72.0,0.0,20.75,20.5,0.007655643,0.0026784427,0.0049772,-81.0,0.0,0,0,16.0,21.0,5.0,0.9167296,0.00671798,0.8285097,1.7366941,0.77590173,0.840794,12.834268,0.22135134041309357,0.27517229318618774,0.2003406286239624,0.7786486595869064,0.38441956,1.3522745,0.645118,False,False,False
5,cycle44_subj05_margin_low_1sess_150ep,8,3181,0.059288163,0.05413779,674,0.005150374,1.0,1.0,1.0,1.0,-0.0012658574,0.001811754,-0.0030776113,0.0,0.0,0,0,1.0,1.0,0.0,0.87425077,0.002441287,0.8399078,1.7316922,0.84858674,0.83975166,12.751902,0.22135134041309357,0.27517229318618774,0.2003406286239624,0.7786486595869064,0.38331237,1.3483799,0.6539931,False,False,False
5,cycle44_subj05_margin_low_1sess_150ep,9,3386,0.031914134,0.05170024,331,-0.019786105,50.0,0.0,14.4,15.0,0.0027075857,0.0081240535,-0.005416468,7.0,0.0,0,0,43.0,40.0,-3.0,0.9219809,0.003663063,0.90582275,1.7301892,0.7868567,0.8389845,12.713344,0.22135134041309357,0.27517229318618774,0.2003406286239624,0.7786486595869064,0.3829797,1.3472096,0.7053177,False,False,False
5,cycle44_subj05_margin_low_1sess_150ep,10,3434,0.04749465,0.053310316,175,-0.005815666,3.0,0.5,1.5,1.5,0.00059749186,0.00046138838,0.00013610348,0.0,-0.0833333333333333,0,0,1.0,2.0,1.0,0.7005389,0.002513945,0.67982674,1.7529621,0.6610235,0.84468216,12.763658,0.22135134041309357,0.27517229318618774,0.2003406286239624,0.7786486595869064,0.38802052,1.3649416,0.52934617,False,False,False
5,cycle44_subj05_margin_low_1sess_150ep,11,3449,0.061644487,0.04758534,426,0.014059149,1.0,1.0,1.0,1.0,0.002555564,0.0073904768,-0.0048349127,0.0,0.0,0,0,1.0,1.0,0.0,0.8862185,0.022007406,0.8535721,1.7354827,0.7682906,0.8402093,12.785585,0.22135134041309357,0.27517229318618774,0.2003406286239624,0.7786486595869064,0.38415143,1.3513314,0.66463274,False,False,False
5,cycle44_subj05_margin_low_1sess_150ep,12,3489,0.049069766,0.050977606,652,-0.0019078404,2.0,0.8,1.2,1.0,0.012016885,0.0039761364,0.008040749,-5.0,0.4,0,0,14.0,3.0,-11.0,0.90789455,0.0071070194,0.8194335,1.7410166,0.801435,0.8408442,12.74831,0.22135134041309357,0.27517229318618774,0.2003406286239624,0.7786486595869064,0.38537636,1.3556403,0.6380508,False,False,False
5,cycle44_subj05_margin_low_1sess_150ep,13,3626,0.040193874,0.050234452,316,-0.0100405775,7.0,0.0769230769230769,2.8461538461538463,3.0,-0.0027280971,0.0020721816,-0.0048002787,3.0,-0.2307692307692307,0,0,1.0,1.0,0.0,0.8793417,0.012308359,0.85397875,1.7269892,0.8710182,0.8375082,12.737242,0.22135134041309357,0.27517229318618774,0.2003406286239624,0.7786486595869064,0.38227135,1.3447179,0.6649494,False,False,False
5,cycle44_subj05_margin_low_1sess_150ep,14,3682,0.042816985,0.047958802,996,-0.005141817,5.0,0.1,2.4,2.0,0.0014754906,0.0036642402,-0.0021887496,3.0,-0.7000000000000001,0,0,1.0,1.0,0.0,0.79553634,0.0100464225,0.7702119,1.7439952,0.78216434,0.84263796,12.8221245,0.22135134041309357,0.27517229318618774,0.2003406286239624,0.7786486595869064,0.38603568,1.3579595,0.5997245,False,False,False
5,cycle44_subj05_margin_low_1sess_150ep,15,3687,0.045883402,0.05276433,828,-0.006880928,3.0,0.3333333333333333,1.8333333333333333,2.0,-0.003797762,0.0039729774,-0.0077707395,2.0,-0.6666666666666667,1,0,1.0,2.0,1.0,0.9212166,0.024588645,0.8785616,1.7257919,0.8651329,0.8378472,12.720629,0.22135134041309357,0.27517229318618774,0.2003406286239624,0.7786486595869064,0.38200635,1.3437856,0.68409085,False,False,False
5,cycle44_subj05_margin_low_1sess_150ep,16,3729,0.04423692,0.04441348,777,-0.00017656013,2.0,0.5,1.5,1.5,-0.0019530989,-0.0043831393,0.0024300404,0.0,0.0,0,0,1.0,1.0,0.0,0.8169265,0.0017119646,0.78903705,1.7338111,0.8296936,0.8408455,12.668764,0.22135134041309357,0.27517229318618774,0.2003406286239624,0.7786486595869064,0.38378143,1.3500297,0.6143826,False,False,False
5,cycle44_subj05_margin_low_1sess_150ep,17,3809,0.02703663,0.042955857,903,-0.015919227,25.0,0.0,7.375,7.5,0.001115378,0.0047089905,-0.0035936125,8.0,0.0,0,0,27.0,28.0,1.0,0.83170444,0.018264651,0.80408335,1.7362018,0.79751694,0.8406774,12.789429,0.22135134041309357,0.27517229318618774,0.2003406286239624,0.7786486595869064,0.38431057,1.3518912,0.62609845,False,False,False
5,cycle44_subj05_margin_low_1sess_150ep,18,3842,0.036319904,0.050715785,493,-0.014395881,15.0,0.0,5.625,5.5,0.0042039566,0.0058224425,-0.0016184859,4.0,0.0,0,0,15.0,13.0,-2.0,0.795233,0.018814683,0.7596326,1.7414591,0.809523,0.8421075,12.870129,0.22135134041309357,0.27517229318618774,0.2003406286239624,0.7786486595869064,0.38547432,1.3559848,0.59148693,False,False,False
5,cycle44_subj05_margin_low_1sess_150ep,19,3847,0.05197128,0.054004014,614,-0.0020327345,2.0,0.3333333333333333,1.6666666666666667,2.0,0.00041357055,-0.001151938,0.0015655085,0.0,0.0,0,0,4.0,4.0,0.0,0.87049764,0.038419247,0.8286292,1.7350093,0.8078527,0.83835095,12.79493,0.22135134041309357,0.27517229318618774,0.2003406286239624,0.7786486595869064,0.38404664,1.3509628,0.64521104,False,False,False
5,cycle44_subj05_margin_low_1sess_150ep,20,3856,0.036445875,0.04482573,967,-0.008379854,5.0,0.4285714285714285,1.7142857142857142,2.0,-0.0009255484,0.0012348108,-0.0021603592,-1.0,0.1428571428571428,0,0,5.0,3.0,-2.0,0.82623965,3.71933e-05,0.80941427,1.7337316,0.86063564,0.8410428,12.756526,0.22135134041309357,0.27517229318618774,0.2003406286239624,0.7786486595869064,0.38376382,1.3499678,0.6302493,False,False,False
5,cycle44_subj05_margin_low_1sess_150ep,21,3913,0.056560587,0.051766653,967,0.0047939345,1.0,1.0,1.0,1.0,0.0021851063,0.0004858151,0.0016992912,0.0,0.0,0,0,1.0,2.0,1.0,0.90943563,0.05046606,0.8355821,1.7372619,0.8436445,0.84009176,12.759223,0.22135134041309357,0.27517229318618774,0.2003406286239624,0.7786486595869064,0.38454524,1.3527167,0.6506249,False,False,False
5,cycle44_subj05_margin_low_1sess_150ep,22,3951,0.046636794,0.05056367,793,-0.003926877,2.0,0.7777777777777778,1.2222222222222223,1.0,-0.00091029704,-0.0005142577,-0.00039603934,0.0,0.0,0,0,1.0,1.0,0.0,0.84909666,0.02054882,0.80377877,1.7465085,0.7782947,0.8429712,12.801927,0.22135134041309357,0.27517229318618774,0.2003406286239624,0.7786486595869064,0.386592,1.3599166,0.6258613,False,False,False
5,cycle44_subj05_margin_low_1sess_150ep,23,4051,0.038251843,0.052027613,64,-0.01377577,27.0,0.0,8.25,8.0,0.007759653,0.0030168071,0.004742846,-31.0,0.0,0,0,19.0,9.0,-10.0,0.8421768,0.019399703,0.81285334,1.7325795,0.8351046,0.8395316,12.801092,0.22135134041309357,0.27517229318618774,0.2003406286239624,0.7786486595869064,0.3835088,1.3490707,0.6329272,False,False,False
5,cycle44_subj05_margin_low_1sess_150ep,24,4058,0.050680906,0.059251312,493,-0.008570407,2.0,0.4,1.6,2.0,-0.0002603829,0.00626852,-0.006528903,0.0,0.0,0,0,1.0,1.0,0.0,0.9074328,0.008249223,0.89555615,1.7362237,0.83254534,0.83961236,12.851359,0.22135134041309357,0.27517229318618774,0.2003406286239624,0.7786486595869064,0.38431543,1.3519083,0.6973236,False,False,False
5,cycle44_subj05_margin_low_1sess_150ep,25,4129,0.048849236,0.05245572,442,-0.0036064833,3.0,0.5,1.6666666666666667,1.5,0.003594622,0.002539944,0.0010546781,-1.0,0.0833333333333333,0,0,1.0,1.0,0.0,0.86037016,0.043838084,0.79305214,1.7419299,0.8389443,0.8409827,12.827748,0.22135134041309357,0.27517229318618774,0.2003406286239624,0.7786486595869064,0.3855785,1.3563514,0.617509,False,False,False
5,cycle44_subj05_margin_low_1sess_150ep,26,4156,0.057162825,0.05568628,680,0.0014765449,1.0,1.0,1.0,1.0,0.0056315027,0.0026635826,0.0029679202,-1.0,0.3,0,1,1.0,1.0,0.0,0.8379925,0.010843396,0.79873294,1.7334998,0.83219844,0.83875906,12.73596,0.22135134041309357,0.27517229318618774,0.2003406286239624,0.7786486595869064,0.3837125,1.3497872,0.6219323,False,False,False
5,cycle44_subj05_margin_low_1sess_150ep,27,4249,0.059569646,0.04621749,814,0.013352156,1.0,1.0,1.0,1.0,0.0015712865,-0.0012884401,0.0028597265,0.0,0.0,0,0,1.0,1.0,0.0,0.7487372,0.0345037,0.7004443,1.7549628,0.71208096,0.8465513,12.832561,0.22135134041309357,0.27517229318618774,0.2003406286239624,0.7786486595869064,0.38846338,1.3664994,0.5454,False,False,False
5,cycle44_subj05_margin_low_1sess_150ep,28,4325,0.06420587,0.05583315,590,0.00837272,1.0,1.0,1.0,1.0,0.0044994317,0.006202098,-0.0017026663,0.0,0.0,0,0,1.0,1.0,0.0,0.76950735,0.014103889,0.74615157,1.7449496,0.78807455,0.8415832,12.84532,0.22135134041309357,0.27517229318618774,0.2003406286239624,0.7786486595869064,0.38624692,1.3587027,0.58098996,False,False,False
5,cycle44_subj05_margin_low_1sess_150ep,29,4423,0.03713141,0.052066974,225,-0.014935564,41.0,0.0,12.4,13.5,-0.00079481676,0.0023745522,-0.003169369,22.0,0.0,0,0,8.0,7.0,-1.0,0.82801,0.0019279122,0.81087935,1.7313714,0.84429586,0.8394286,12.794822,0.22135134041309357,0.27517229318618774,0.2003406286239624,0.7786486595869064,0.3832414,1.3481301,0.63139015,False,False,False
5,cycle44_subj05_margin_low_1sess_150ep,30,4436,0.04193067,0.05112509,853,-0.009194419,6.0,0.1428571428571428,2.4285714285714284,2.0,-0.0014738366,4.227832e-05,-0.0015161149,-1.0,0.1428571428571428,0,0,1.0,1.0,0.0,0.80577576,0.027461708,0.7735225,1.7339499,0.7986408,0.84073436,12.683275,0.22135134041309357,0.27517229318618774,0.2003406286239624,0.7786486595869064,0.38381213,1.3501378,0.60230225,False,False,False
5,cycle44_subj05_margin_low_1sess_150ep,31,4612,0.047930907,0.046063256,29,0.0018676519,1.0,1.0,1.0,1.0,0.0037362725,-0.0025806352,0.0063169077,-2.0,0.5,0,1,1.0,1.0,0.0,0.9052657,0.00070238113,0.88311493,1.7302126,0.89335895,0.8388923,12.763896,0.22135134041309357,0.27517229318618774,0.2003406286239624,0.7786486595869064,0.38298488,1.3472277,0.68763626,False,False,False
5,cycle44_subj05_margin_low_1sess_150ep,32,4667,0.042326394,0.03977659,940,0.0025498047,1.0,1.0,1.0,1.0,0.002768658,0.0020851083,0.0006835498,0.0,0.0,0,0,4.0,2.0,-2.0,0.8823283,0.028023422,0.84782773,1.7254766,0.8640124,0.837414,12.711521,0.22135134041309357,0.27517229318618774,0.2003406286239624,0.7786486595869064,0.38193655,1.3435401,0.66015995,False,False,False
5,cycle44_subj05_margin_low_1sess_150ep,33,4690,0.032712083,0.047629215,172,-0.0149171315,17.0,0.0,6.2727272727272725,6.0,-0.005714737,0.0035276003,-0.009242337,13.0,-0.3636363636363636,0,0,1.0,1.0,0.0,0.90824664,0.009206831,0.88092697,1.7274606,0.85994035,0.8379217,12.782182,0.22135134041309357,0.27517229318618774,0.2003406286239624,0.7786486595869064,0.38237572,1.3450849,0.68593264,False,False,False
5,cycle44_subj05_margin_low_1sess_150ep,34,4768,0.032737523,0.043993507,914,-0.011255983,37.0,0.0,12.77777777777778,13.0,0.0033239461,0.0022667684,0.0010571778,7.0,0.0,0,0,1.0,1.0,0.0,0.8147097,0.031971335,0.7718123,1.7428682,0.8413905,0.84170544,12.823212,0.22135134041309357,0.27517229318618774,0.2003406286239624,0.7786486595869064,0.3857862,1.357082,0.6009706,False,False,False
5,cycle44_subj05_margin_low_1sess_150ep,35,4786,0.026142122,0.045078196,191,-0.018936073,12.0,0.1,3.2,3.0,-0.00054504536,0.0037334822,-0.0042785276,3.0,0.0,0,0,31.0,53.0,22.0,0.86265606,0.011805117,0.835008,1.7396959,0.86779404,0.840901,12.783253,0.22135134041309357,0.27517229318618774,0.2003406286239624,0.7786486595869064,0.38508403,1.3546119,0.6501779,False,False,False
5,cycle44_subj05_margin_low_1sess_150ep,36,4835,0.047403794,0.047528055,400,-0.00012426078,2.0,0.8333333333333334,1.1666666666666667,1.0,0.0040523186,-0.00028765574,0.0043399744,-1.0,0.4166666666666667,0,0,7.0,6.0,-1.0,0.7943084,0.0005789399,0.78586763,1.7494633,0.79829884,0.84396374,12.768231,0.22135134041309357,0.27517229318618774,0.2003406286239624,0.7786486595869064,0.38724604,1.3622173,0.6119148,False,False,False
5,cycle44_subj05_margin_low_1sess_150ep,37,4869,0.046979703,0.048078414,582,-0.001098711,2.0,0.6666666666666666,1.3333333333333333,1.0,-0.004213795,-0.0038702078,-0.00034358725,0.0,0.0,0,0,1.0,2.0,1.0,0.88950133,0.0032560825,0.8358016,1.7315083,0.8382306,0.8384605,12.737502,0.22135134041309357,0.27517229318618774,0.2003406286239624,0.7786486595869064,0.38327166,1.3482366,0.6507958,False,False,False
5,cycle44_subj05_margin_low_1sess_150ep,38,4892,0.04820853,0.051984802,876,-0.003776271,4.0,0.625,1.5,1.0,0.009525858,-0.0040960237,0.013621882,-7.0,0.5,0,0,1.0,1.0,0.0,0.9098897,0.03205681,0.8495243,1.7339909,0.820434,0.84020483,12.77205,0.22135134041309357,0.27517229318618774,0.2003406286239624,0.7786486595869064,0.38382122,1.3501698,0.66148096,False,False,False
5,cycle44_subj05_margin_low_1sess_150ep,39,4930,0.06935601,0.04466984,493,0.024686169,1.0,1.0,1.0,1.0,-0.0026690066,0.0030694418,-0.0057384484,0.0,0.0,0,0,1.0,1.0,0.0,0.7869944,0.01318717,0.7600672,1.7413653,0.7780926,0.84171116,12.8439455,0.22135134041309357,0.27517229318618774,0.2003406286239624,0.7786486595869064,0.38545355,1.3559119,0.59182537,False,False,False
5,cycle44_subj05_margin_low_1sess_150ep,40,5034,0.042682927,0.047129355,686,-0.0044464283,3.0,0.5,1.6,1.5,0.003484685,0.007250637,-0.0037659518,1.0,0.0999999999999999,0,0,1.0,2.0,1.0,0.8989371,0.07673484,0.80979013,1.7340925,0.7715006,0.83959806,12.844727,0.22135134041309357,0.27517229318618774,0.2003406286239624,0.7786486595869064,0.3838437,1.3502488,0.63054204,False,False,False
5,cycle44_subj05_margin_low_1sess_150ep,41,5106,0.042697307,0.048079874,674,-0.0053825676,9.0,0.0,3.5,3.5,0.007317364,0.0028658733,0.004451491,1.0,-0.1666666666666666,0,0,5.0,2.0,-3.0,0.9241823,8.571148e-05,0.9108041,1.7361077,0.8555974,0.8394962,12.792199,0.22135134041309357,0.27517229318618774,0.2003406286239624,0.7786486595869064,0.38428977,1.351818,0.7091964,False,False,False
5,cycle44_subj05_margin_low_1sess_150ep,42,5204,0.02901667,0.04468529,990,-0.01566862,64.0,0.0,18.857142857142858,19.0,-0.001972301,0.0015960522,-0.0035683531,47.0,0.0,0,0,21.0,17.0,-4.0,0.8311347,0.019951165,0.7909855,1.7468755,0.791788,0.84150475,12.837615,0.22135134041309357,0.27517229318618774,0.2003406286239624,0.7786486595869064,0.38667324,1.3602023,0.6158998,False,False,False
5,cycle44_subj05_margin_low_1sess_150ep,43,5285,0.04779055,0.0461637,761,0.0016268492,1.0,1.0,1.0,1.0,0.004334878,0.0005156398,0.0038192384,-1.0,0.1666666666666666,0,1,7.0,4.0,-3.0,0.8459353,0.04288268,0.79449433,1.7380946,0.8077709,0.84064204,12.842725,0.22135134041309357,0.27517229318618774,0.2003406286239624,0.7786486595869064,0.38472956,1.3533651,0.61863196,False,False,False
5,cycle44_subj05_margin_low_1sess_150ep,44,5301,0.035218436,0.026401242,864,0.008817194,1.0,1.0,1.0,1.0,-0.0017425269,-5.2653253e-05,-0.0016898736,0.0,0.0,0,0,2.0,2.0,0.0,0.79906356,0.018182278,0.7639228,1.7451146,0.78947854,0.84228617,12.809198,0.22135134041309357,0.27517229318618774,0.2003406286239624,0.7786486595869064,0.38628346,1.3588312,0.5948275,False,False,False
5,cycle44_subj05_margin_low_1sess_150ep,45,5338,0.04380224,0.04705155,239,-0.00324931,2.0,0.6666666666666666,1.3333333333333333,1.0,0.0046301372,-0.0018657409,0.006495878,0.0,0.0,0,0,1.0,1.0,0.0,0.82683676,0.011874735,0.79421484,1.7299861,0.7862663,0.8377979,12.8267,0.22135134041309357,0.27517229318618774,0.2003406286239624,0.7786486595869064,0.38293475,1.3470514,0.61841434,False,False,False
5,cycle44_subj05_margin_low_1sess_150ep,46,5427,0.062143367,0.05491695,830,0.007226415,1.0,1.0,1.0,1.0,-0.0005364679,0.0006115027,-0.0011479706,0.0,0.0,0,0,1.0,1.0,0.0,0.86502886,0.040822744,0.78518444,1.7402632,0.775901,0.84054255,12.768009,0.22135134041309357,0.27517229318618774,0.2003406286239624,0.7786486595869064,0.3852096,1.3550537,0.61138284,False,False,False
5,cycle44_subj05_margin_low_1sess_150ep,47,5459,0.037784453,0.03917006,885,-0.0013856068,3.0,0.5,1.75,1.5,5.767867e-05,0.0032659397,-0.003208261,2.0,-0.5,1,0,1.0,3.0,2.0,0.76735586,0.004559934,0.7484306,1.742468,0.78242725,0.84253,12.788429,0.22135134041309357,0.27517229318618774,0.2003406286239624,0.7786486595869064,0.38569763,1.3567704,0.5827645,False,False,False
5,cycle44_subj05_margin_low_1sess_150ep,48,5502,0.05968072,0.053548664,246,0.006132055,1.0,1.0,1.0,1.0,0.0048115887,0.0028700754,0.0019415133,0.0,0.0,0,0,1.0,1.0,0.0,0.8021163,0.0022329688,0.79308385,1.7509423,0.8014786,0.8438511,12.802963,0.22135134041309357,0.27517229318618774,0.2003406286239624,0.7786486595869064,0.38757345,1.363369,0.6175337,False,False,False
5,cycle44_subj05_margin_low_1sess_150ep,49,5542,0.051297028,0.049395133,162,0.0019018948,1.0,1.0,1.0,1.0,0.007609401,0.009639341,-0.0020299405,0.0,0.0,0,0,1.0,1.0,0.0,0.85876954,0.010525346,0.83373183,1.7358481,0.83273166,0.8406265,12.89545,0.22135134041309357,0.27517229318618774,0.2003406286239624,0.7786486595869064,0.38423228,1.3516158,0.64918417,False,False,False
5,cycle44_subj05_margin_low_1sess_150ep,50,5574,0.038181305,0.04075735,468,-0.0025760457,3.0,0.5,1.5,1.5,0.0015356317,0.004677467,-0.0031418353,2.0,-0.5,1,0,6.0,5.0,-1.0,0.8822309,0.04485041,0.7633821,1.7464086,0.79610795,0.8438543,12.852341,0.22135134041309357,0.27517229318618774,0.2003406286239624,0.7786486595869064,0.3865699,1.3598387,0.5944064,False,False,False
5,cycle44_subj05_margin_low_1sess_150ep,51,5583,0.026502911,0.053908102,118,-0.027405191,188.0,0.0,57.75,58.5,0.004374139,0.007344134,-0.0029699951,-103.0,0.0,0,0,149.0,163.0,14.0,0.8425773,0.016125798,0.81232023,1.743607,0.8400328,0.8418597,12.854646,0.22135134041309357,0.27517229318618774,0.2003406286239624,0.7786486595869064,0.38594976,1.3576573,0.6325121,False,False,False
5,cycle44_subj05_margin_low_1sess_150ep,52,5602,0.015521395,0.027228659,208,-0.011707264,7.0,0.0,3.0,3.0,-0.0033725528,0.004141329,-0.0075138817,1.0,0.0,0,0,59.0,94.0,35.0,0.7897591,0.0076131225,0.7691879,1.735148,0.80929255,0.83957136,12.76476,0.22135134041309357,0.27517229318618774,0.2003406286239624,0.7786486595869064,0.3840773,1.3510706,0.59892714,False,False,False
5,cycle44_subj05_margin_low_1sess_150ep,53,5714,0.048568435,0.039702907,222,0.008865528,1.0,1.0,1.0,1.0,0.005693376,-0.0003032945,0.0059966706,0.0,0.0,0,0,2.0,1.0,-1.0,0.90640265,0.13127667,0.72527826,1.7425208,0.7075209,0.8418135,12.771941,0.22135134041309357,0.27517229318618774,0.2003406286239624,0.7786486595869064,0.38570932,1.3568115,0.56473696,False,False,False
5,cycle44_subj05_margin_low_1sess_150ep,54,5878,0.0464982,0.038829602,43,0.0076685995,1.0,1.0,1.0,1.0,0.010391917,0.0033865012,0.007005416,0.0,0.0,0,0,5.0,2.0,-3.0,0.8480573,0.023302674,0.77912486,1.7340074,0.7876829,0.8393783,12.820666,0.22135134041309357,0.27517229318618774,0.2003406286239624,0.7786486595869064,0.38382486,1.3501825,0.60666454,False,False,False
5,cycle44_subj05_margin_low_1sess_150ep,55,5890,0.03399838,0.04174328,793,-0.007744897,7.0,0.0,3.2,3.0,0.0030100886,0.0044283345,-0.001418246,-3.0,0.0,0,0,1.0,1.0,0.0,0.7969846,0.011522114,0.768702,1.7508178,0.7473823,0.8444892,12.833519,0.22135134041309357,0.27517229318618774,0.2003406286239624,0.7786486595869064,0.38754585,1.363272,0.59854877,False,False,False
5,cycle44_subj05_margin_low_1sess_150ep,56,6132,0.041877944,0.039482877,447,0.0023950674,1.0,1.0,1.0,1.0,0.008989286,-0.00012863427,0.00911792,-2.0,0.5,0,1,3.0,1.0,-2.0,0.8392528,0.00056010485,0.80485487,1.7474849,0.8265025,0.8425655,12.809851,0.22135134041309357,0.27517229318618774,0.2003406286239624,0.7786486595869064,0.38680813,1.3606768,0.62669915,False,False,False
5,cycle44_subj05_margin_low_1sess_150ep,57,6199,0.040888224,0.041133277,246,-0.00024505332,2.0,0.6,1.4,1.0,0.002829995,0.0038621612,-0.0010321662,1.0,-0.4,1,0,16.0,11.0,-5.0,0.8311347,0.044897437,0.78500116,1.7506726,0.79876745,0.8435311,12.888124,0.22135134041309357,0.27517229318618774,0.2003406286239624,0.7786486595869064,0.38751373,1.363159,0.6112401,False,False,False
5,cycle44_subj05_margin_low_1sess_150ep,58,6222,0.03984003,0.05313448,827,-0.013294447,5.0,0.25,1.75,2.0,-0.0004823804,0.0011647269,-0.0016471073,-2.0,0.25,0,0,1.0,2.0,1.0,0.8783999,0.030965328,0.83688366,1.7354851,0.8711843,0.83898014,12.8281975,0.22135134041309357,0.27517229318618774,0.2003406286239624,0.7786486595869064,0.38415194,1.3513331,0.6516383,False,False,False
5,cycle44_subj05_margin_low_1sess_150ep,59,6431,0.040725216,0.041056313,162,-0.00033109635,2.0,0.4285714285714285,1.5714285714285714,2.0,0.00839581,-0.005520802,0.013916612,-7.0,0.4285714285714285,0,0,1.0,1.0,0.0,0.8887674,0.0073032975,0.86067593,1.7347959,0.8634678,0.83998245,12.73609,0.22135134041309357,0.27517229318618774,0.2003406286239624,0.7786486595869064,0.3839994,1.3507966,0.67016417,False,False,False
5,cycle44_subj05_margin_low_1sess_150ep,60,6444,0.057194456,0.053501807,828,0.0036926493,1.0,1.0,1.0,1.0,0.0020402223,0.007142987,-0.005102765,0.0,0.0,0,0,1.0,1.0,0.0,0.92310673,0.030708194,0.85355407,1.7355678,0.86160654,0.8391418,12.726685,0.22135134041309357,0.27517229318618774,0.2003406286239624,0.7786486595869064,0.38417026,1.3513975,0.66461873,False,False,False
5,cycle44_subj05_margin_low_1sess_150ep,61,6489,0.05234572,0.05080167,78,0.0015440509,1.0,1.0,1.0,1.0,0.0017445497,0.0013936982,0.00035085157,0.0,0.0,0,0,1.0,1.0,0.0,0.858274,0.0062081814,0.8348359,1.7318498,0.84203804,0.8391993,12.737139,0.22135134041309357,0.27517229318618774,0.2003406286239624,0.7786486595869064,0.38334727,1.3485025,0.65004385,False,False,False
5,cycle44_subj05_margin_low_1sess_150ep,62,6514,0.026653353,0.043557383,339,-0.01690403,49.0,0.0,16.0,16.0,0.0041744877,-0.0010623448,0.0052368324,-36.0,0.0,0,0,7.0,12.0,5.0,0.9093706,0.07063413,0.8311477,1.737025,0.8183882,0.84040064,12.799947,0.22135134041309357,0.27517229318618774,0.2003406286239624,0.7786486595869064,0.3844928,1.3525323,0.64717203,False,False,False
5,cycle44_subj05_margin_low_1sess_150ep,63,6521,0.053988747,0.055576794,715,-0.0015880466,2.0,0.7333333333333333,1.2666666666666666,1.0,-0.0016095117,-0.0033260062,0.0017164946,-1.0,0.2666666666666666,0,0,1.0,1.0,0.0,0.83907187,0.0013619065,0.81785095,1.733832,0.8456855,0.8399026,12.686547,0.22135134041309357,0.27517229318618774,0.2003406286239624,0.7786486595869064,0.38378605,1.350046,0.6368185,False,False,False
5,cycle44_subj05_margin_low_1sess_150ep,64,6524,0.047194187,0.04652602,252,0.00066816807,1.0,1.0,1.0,1.0,0.0083214715,0.0026649497,0.005656522,-3.0,0.5714285714285714,0,1,13.0,10.0,-3.0,0.83202296,0.0041944385,0.8163145,1.73478,0.8325015,0.83888304,12.827194,0.22135134041309357,0.27517229318618774,0.2003406286239624,0.7786486595869064,0.38399586,1.3507841,0.6356222,False,False,False
5,cycle44_subj05_margin_low_1sess_150ep,65,6558,0.044504073,0.033712868,520,0.010791205,1.0,1.0,1.0,1.0,-0.0015439019,0.0029713735,-0.0045152754,0.0,0.0,0,0,2.0,1.0,-1.0,0.84247005,0.0057920218,0.8224187,1.7353992,0.860679,0.8393916,12.785291,0.22135134041309357,0.27517229318618774,0.2003406286239624,0.7786486595869064,0.38413295,1.3512663,0.6403752,False,False,False
5,cycle44_subj05_margin_low_1sess_150ep,66,6640,0.0482157,0.052490156,862,-0.0042744577,2.0,1.0,1.0,1.0,-0.0005311258,0.003363043,-0.0038941689,0.0,0.0,0,0,1.0,1.0,0.0,0.9352473,0.001401186,0.92623556,1.7271132,0.8128659,0.8378019,12.770249,0.22135134041309357,0.27517229318618774,0.2003406286239624,0.7786486595869064,0.38229883,1.3448144,0.7212121,False,False,False
5,cycle44_subj05_margin_low_1sess_150ep,67,6713,0.047537915,0.04447259,827,0.0030653253,1.0,1.0,1.0,1.0,0.0069324374,0.0070950463,-0.00016260892,0.0,0.0,0,0,1.0,1.0,0.0,0.90377975,0.006751418,0.8631196,1.7362096,0.858756,0.83926,12.804807,0.22135134041309357,0.27517229318618774,0.2003406286239624,0.7786486595869064,0.38431233,1.3518974,0.6720669,False,False,False
5,cycle44_subj05_margin_low_1sess_150ep,68,6801,0.031110585,0.045159545,885,-0.01404896,20.0,0.0,7.166666666666667,8.0,0.0014070943,0.005830094,-0.004423,5.0,0.0,0,0,4.0,3.0,-1.0,0.8317455,0.030934036,0.79994345,1.7372661,0.8411299,0.84007084,12.74823,0.22135134041309357,0.27517229318618774,0.2003406286239624,0.7786486595869064,0.38454616,1.3527199,0.6228749,False,False,False
5,cycle44_subj05_margin_low_1sess_150ep,69,7007,0.04638893,0.044346366,12,0.0020425655,1.0,1.0,1.0,1.0,0.0014662556,-0.001376424,0.0028426796,-2.0,0.6,0,1,1.0,1.0,0.0,0.9361736,0.0015768409,0.9035085,1.7432799,0.7866392,0.8423978,12.7950735,0.22135134041309357,0.27517229318618774,0.2003406286239624,0.7786486595869064,0.38587734,1.3574026,0.7035157,False,False,False
5,cycle44_subj05_margin_low_1sess_150ep,70,7039,0.055703435,0.05055451,682,0.005148925,1.0,1.0,1.0,1.0,0.00085139275,0.006455634,-0.005604241,0.0,0.0,0,0,1.0,1.0,0.0,0.89714044,0.023985326,0.84699357,1.7361107,0.8255675,0.8413524,12.83196,0.22135134041309357,0.27517229318618774,0.2003406286239624,0.7786486595869064,0.38429043,1.3518202,0.65951043,False,False,False
5,cycle44_subj05_margin_low_1sess_150ep,71,7120,0.03943633,0.04218716,460,-0.0027508326,3.0,0.4444444444444444,1.6666666666666667,2.0,0.0016009137,0.006893646,-0.0052927323,2.0,-0.5555555555555556,1,0,1.0,2.0,1.0,0.8675149,0.01754117,0.8418042,1.7382672,0.8216775,0.84132195,12.81654,0.22135134041309357,0.27517229318618774,0.2003406286239624,0.7786486595869064,0.38476777,1.3534994,0.6554697,False,False,False
5,cycle44_subj05_margin_low_1sess_150ep,72,7207,0.04421343,0.049063705,207,-0.004850276,5.0,0.0,2.4285714285714284,2.0,0.0012150705,0.0029644556,-0.0017493851,0.0,0.0,0,0,2.0,2.0,0.0,0.8968909,0.0045027137,0.8829939,1.7356397,0.828422,0.8398143,12.835635,0.22135134041309357,0.27517229318618774,0.2003406286239624,0.7786486595869064,0.38418618,1.3514535,0.687542,False,False,False
5,cycle44_subj05_margin_low_1sess_150ep,73,7336,0.05033838,0.05148699,5,-0.0011486113,3.0,0.375,1.75,2.0,0.002759941,0.0011825413,0.0015773997,-2.0,0.25,0,0,2.0,1.0,-1.0,0.87391555,0.0416981,0.80045617,1.742497,0.7293377,0.8414233,12.698472,0.22135134041309357,0.27517229318618774,0.2003406286239624,0.7786486595869064,0.38570404,1.3567929,0.62327415,False,False,False
5,cycle44_subj05_margin_low_1sess_150ep,74,7366,0.04202522,0.045218453,590,-0.0031932332,2.0,0.4444444444444444,1.5555555555555556,2.0,0.0030201934,0.0099215545,-0.006901361,1.0,-0.5555555555555556,1,0,1.0,1.0,0.0,0.85720795,0.03500569,0.7912117,1.7384135,0.76151955,0.8398682,12.809488,0.22135134041309357,0.27517229318618774,0.2003406286239624,0.7786486595869064,0.38480014,1.3536134,0.61607593,False,False,False
5,cycle44_subj05_margin_low_1sess_150ep,75,7409,0.042833228,0.051225133,191,-0.008391906,6.0,0.1428571428571428,2.571428571428572,2.0,-0.00019807369,0.0012377277,-0.0014358014,1.0,-0.1428571428571428,0,0,2.0,1.0,-1.0,0.7555112,0.0007722974,0.74444264,1.7435762,0.78160536,0.84283423,12.790864,0.22135134041309357,0.27517229318618774,0.2003406286239624,0.7786486595869064,0.38594294,1.3576332,0.5796593,False,False,False
5,cycle44_subj05_margin_low_1sess_150ep,76,7418,0.047513347,0.03763827,934,0.009875078,1.0,1.0,1.0,1.0,0.001110319,0.0016858466,-0.00057552755,0.0,0.0,0,0,1.0,1.0,0.0,0.8513037,0.025208652,0.79753834,1.7321582,0.7759598,0.8397658,12.829172,0.22135134041309357,0.27517229318618774,0.2003406286239624,0.7786486595869064,0.38341555,1.3487427,0.6210022,False,False,False
5,cycle44_subj05_margin_low_1sess_150ep,77,7480,0.041057907,0.04517459,300,-0.004116684,2.0,0.6,1.4,1.0,-0.0010045841,0.0046202242,-0.0056248084,1.0,-0.4,1,0,1.0,1.0,0.0,0.8889054,0.007026851,0.85707486,1.7272493,0.8657093,0.83710796,12.774768,0.22135134041309357,0.27517229318618774,0.2003406286239624,0.7786486595869064,0.38232893,1.3449204,0.6673602,False,False,False
5,cycle44_subj05_margin_low_1sess_150ep,78,7654,0.058467124,0.04910372,417,0.009363405,1.0,1.0,1.0,1.0,0.0056647584,0.003937889,0.0017268695,0.0,0.0,0,0,2.0,2.0,0.0,0.8469672,0.007163942,0.8340576,1.730666,0.89612526,0.83846295,12.835685,0.22135134041309357,0.27517229318618774,0.2003406286239624,0.7786486595869064,0.38308525,1.3475808,0.64943784,False,False,False
5,cycle44_subj05_margin_low_1sess_150ep,79,7659,0.047162,0.047093004,695,6.89961e-05,1.0,1.0,1.0,1.0,0.00031792,0.0061466023,-0.0058286823,0.0,0.0,0,0,2.0,2.0,0.0,0.79253554,0.00032281876,0.786306,1.7280132,0.8064002,0.83760846,12.745274,0.22135134041309357,0.27517229318618774,0.2003406286239624,0.7786486595869064,0.38249803,1.3455151,0.61225617,False,False,False
5,cycle44_subj05_margin_low_1sess_150ep,80,7840,0.033756148,0.040020593,744,-0.0062644444,6.0,0.125,2.5,2.5,-0.0064013563,-0.0049891137,-0.0014122427,3.0,-0.375,0,0,3.0,9.0,6.0,0.81329507,0.003843248,0.77069706,1.7427404,0.82020414,0.8424552,12.7592745,0.22135134041309357,0.27517229318618774,0.2003406286239624,0.7786486595869064,0.38575792,1.3569825,0.60010225,False,False,False
5,cycle44_subj05_margin_low_1sess_150ep,81,7859,0.03540341,0.049947787,222,-0.014544375,22.0,0.0,7.125,7.0,0.0013986044,-0.0017526634,0.0031512678,-4.0,0.0,0,0,1.0,1.0,0.0,0.85576004,0.015523791,0.8321167,1.7399665,0.83061945,0.8412832,12.830508,0.22135134041309357,0.27517229318618774,0.2003406286239624,0.7786486595869064,0.3851439,1.3548226,0.64792657,False,False,False
5,cycle44_subj05_margin_low_1sess_150ep,82,7944,0.058749907,0.048373368,554,0.010376539,1.0,1.0,1.0,1.0,0.0043173805,0.0021734796,0.0021439008,0.0,0.0,0,0,1.0,1.0,0.0,0.92875385,2.5749207e-05,0.90962505,1.7343589,0.84863853,0.8386612,12.816686,0.22135134041309357,0.27517229318618774,0.2003406286239624,0.7786486595869064,0.38390267,1.3504562,0.70827836,False,False,False
5,cycle44_subj05_margin_low_1sess_150ep,83,7948,0.042580567,0.046427708,693,-0.0038471408,7.0,0.0,3.111111111111111,3.0,0.007453274,0.00021539629,0.0072378777,-7.0,0.0,0,0,5.0,3.0,-2.0,0.7946657,0.028257906,0.75050163,1.7400011,0.78696793,0.8418801,12.795064,0.22135134041309357,0.27517229318618774,0.2003406286239624,0.7786486595869064,0.38515157,1.3548496,0.5843771,False,False,False
5,cycle44_subj05_margin_low_1sess_150ep,84,7954,0.01587721,0.051176112,486,-0.035298903,165.0,0.0,49.5,50.0,0.004747021,0.0029065572,0.0018404648,-69.0,0.0,0,0,172.0,153.0,-19.0,0.78637487,0.012567639,0.7555679,1.7403735,0.78497565,0.8423005,12.784337,0.22135134041309357,0.27517229318618774,0.2003406286239624,0.7786486595869064,0.385234,1.3551395,0.5883219,False,False,False
5,cycle44_subj05_margin_low_1sess_150ep,85,8006,0.047384698,0.050385453,384,-0.0030007549,4.0,0.6,1.4,1.0,0.004146751,0.0075826086,-0.0034358576,3.0,-0.4,1,0,1.0,1.0,0.0,0.91052467,0.021327317,0.8876421,1.7376101,0.8095536,0.8406842,12.804212,0.22135134041309357,0.27517229318618774,0.2003406286239624,0.7786486595869064,0.38462234,1.3529878,0.69116133,False,False,False
5,cycle44_subj05_margin_low_1sess_150ep,86,8109,0.03579233,0.04360555,162,-0.007813223,12.0,0.0,3.5,3.5,0.009129411,0.006921772,0.0022076387,-2.0,0.0,0,0,71.0,25.0,-46.0,0.850145,0.04520166,0.78863513,1.7384999,0.7604018,0.8406178,12.844004,0.22135134041309357,0.27517229318618774,0.2003406286239624,0.7786486595869064,0.38481927,1.3536806,0.6140697,False,False,False
5,cycle44_subj05_margin_low_1sess_150ep,87,8204,0.029448327,0.049587183,540,-0.020138856,61.0,0.0,17.818181818181817,18.0,-0.0026891418,-0.0011383593,-0.0015507825,3.0,0.0,0,0,6.0,18.0,12.0,0.8017276,0.0023023486,0.7854816,1.732402,0.7705904,0.8387324,12.740878,0.22135134041309357,0.27517229318618774,0.2003406286239624,0.7786486595869064,0.3834695,1.3489325,0.61161417,False,False,False
5,cycle44_subj05_margin_low_1sess_150ep,88,8225,0.019799417,0.03979145,583,-0.019992033,63.0,0.0,19.8,19.0,0.0023585837,0.0016844645,0.0006741192,-5.0,0.0,0,0,53.0,70.0,17.0,0.85542166,0.0108187795,0.80667436,1.7317772,0.8180723,0.8395827,12.799571,0.22135134041309357,0.27517229318618774,0.2003406286239624,0.7786486595869064,0.3833312,1.348446,0.6281159,False,False,False
5,cycle44_subj05_margin_low_1sess_150ep,89,8262,0.027936503,0.044165503,818,-0.016229,62.0,0.0,22.5,23.0,-0.002981931,0.0035617948,-0.0065437257,46.0,0.0,0,0,7.0,14.0,7.0,0.8995211,0.012499988,0.8740629,1.7331532,0.8137263,0.839412,12.803207,0.22135134041309357,0.27517229318618774,0.2003406286239624,0.7786486595869064,0.3836358,1.3495175,0.6805879,False,False,False
5,cycle44_subj05_margin_low_1sess_150ep,90,8274,0.058481388,0.047737747,651,0.01074364,1.0,1.0,1.0,1.0,0.0017949343,0.0026523434,-0.0008574091,0.0,0.0,0,0,1.0,1.0,0.0,0.8721885,0.0190925,0.83308756,1.735145,0.79666317,0.8401356,12.717358,0.22135134041309357,0.27517229318618774,0.2003406286239624,0.7786486595869064,0.38407665,1.3510684,0.64868253,False,False,False
5,cycle44_subj05_margin_low_1sess_150ep,91,8318,0.04913747,0.043484632,793,0.0056528375,1.0,1.0,1.0,1.0,-6.591901e-05,0.00070357695,-0.00076949596,0.0,0.0,0,0,2.0,1.0,-1.0,0.8787649,0.009166181,0.85547435,1.7252307,0.85739285,0.83836174,12.749357,0.22135134041309357,0.27517229318618774,0.2003406286239624,0.7786486595869064,0.38188213,1.3433486,0.666114,False,False,False
5,cycle44_subj05_margin_low_1sess_150ep,92,8387,0.041683123,0.049002413,48,-0.00731929,6.0,0.0,2.25,2.0,0.0025964826,0.0026301667,-3.3684075e-05,2.0,-0.625,0,0,2.0,2.0,0.0,0.89552295,0.0031244159,0.8498744,1.7393415,0.8588204,0.84033626,12.798946,0.22135134041309357,0.27517229318618774,0.2003406286239624,0.7786486595869064,0.38500556,1.3543359,0.66175354,False,False,False
5,cycle44_subj05_margin_low_1sess_150ep,93,8394,0.036711812,0.0391073,604,-0.0023954883,4.0,0.4285714285714285,1.7142857142857142,2.0,0.006864341,0.004812956,0.0020513851,1.0,-0.2142857142857143,0,0,59.0,14.0,-45.0,0.8212325,0.0055672526,0.79992115,1.7404251,0.8187427,0.84075886,12.850867,0.22135134041309357,0.27517229318618774,0.2003406286239624,0.7786486595869064,0.38524544,1.3551797,0.6228576,False,False,False
5,cycle44_subj05_margin_low_1sess_150ep,94,8415,0.05341866,0.049581025,405,0.0038376339,1.0,1.0,1.0,1.0,0.004522942,0.0044421107,8.083135e-05,0.0,0.0,0,0,1.0,1.0,0.0,0.8108017,0.007861257,0.79341096,1.7497469,0.7800445,0.8436232,12.849442,0.22135134041309357,0.27517229318618774,0.2003406286239624,0.7786486595869064,0.38730884,1.3624381,0.6177884,False,False,False
5,cycle44_subj05_margin_low_1sess_150ep,95,8435,0.04085867,0.038898397,125,0.0019602738,1.0,1.0,1.0,1.0,0.00013934076,0.0015451312,-0.0014057904,0.0,0.0,0,0,1.0,1.0,0.0,0.8140413,0.014711797,0.78073055,1.7391841,0.82660586,0.84160846,12.799411,0.22135134041309357,0.27517229318618774,0.2003406286239624,0.7786486595869064,0.38497075,1.3542135,0.6079148,False,False,False
5,cycle44_subj05_margin_low_1sess_150ep,96,8465,0.04584348,0.056059938,384,-0.01021646,9.0,0.0833333333333333,2.833333333333333,3.0,0.004179165,0.0095800795,-0.0054009147,3.0,-0.1666666666666666,0,0,5.0,5.0,0.0,0.9701434,0.036385894,0.92612934,1.7362897,0.786273,0.84035957,12.808244,0.22135134041309357,0.27517229318618774,0.2003406286239624,0.7786486595869064,0.38433006,1.3519597,0.72112936,False,False,False
5,cycle44_subj05_margin_low_1sess_150ep,97,8509,0.033509266,0.052410793,699,-0.018901527,25.0,0.0,8.272727272727273,8.0,-0.0019228794,0.0015824176,-0.003505297,15.0,0.0,0,0,1.0,1.0,0.0,0.886253,0.029713392,0.83529645,1.7370039,0.85251784,0.8410095,12.817488,0.22135134041309357,0.27517229318618774,0.2003406286239624,0.7786486595869064,0.38448814,1.3525158,0.6504025,False,False,False
5,cycle44_subj05_margin_low_1sess_150ep,98,8631,0.054603033,0.046749715,403,0.007853318,1.0,1.0,1.0,1.0,-0.005802825,-0.0021008514,-0.0037019737,0.0,0.0,0,0,1.0,1.0,0.0,0.83501214,0.026272953,0.80347127,1.7384077,0.80684656,0.8416018,12.761616,0.22135134041309357,0.27517229318618774,0.2003406286239624,0.7786486595869064,0.38479888,1.3536088,0.62562186,False,False,False
5,cycle44_subj05_margin_low_1sess_150ep,99,8646,0.03485366,0.043713126,61,-0.008859467,20.0,0.0,7.533333333333333,7.0,-0.0028212443,-0.0003515482,-0.002469696,14.0,-0.0666666666666666,0,0,1.0,2.0,1.0,0.8892606,0.05815357,0.81079376,1.7318097,0.82296556,0.8389543,12.830164,0.22135134041309357,0.27517229318618774,0.2003406286239624,0.7786486595869064,0.3833384,1.3484714,0.63132346,False,False,False
5,cycle44_subj05_margin_low_1sess_150ep,100,8807,0.031063523,0.0358573,434,-0.004793778,9.0,0.0909090909090909,3.4545454545454546,4.0,-0.0019832514,-0.00015045702,-0.0018327944,5.0,-0.1818181818181818,0,0,19.0,42.0,23.0,0.8821814,0.00691998,0.8559591,1.7304031,0.87910175,0.8394906,12.74142,0.22135134041309357,0.27517229318618774,0.2003406286239624,0.7786486595869064,0.38302705,1.3473761,0.66649145,False,False,False
5,cycle44_subj05_margin_low_1sess_150ep,101,8843,0.0252833,0.04032524,208,-0.01504194,80.0,0.0,25.0,26.0,0.0023362432,-0.001438126,0.0037743691,-11.0,0.0,0,0,2.0,3.0,1.0,0.84786856,0.005687952,0.82598937,1.7415621,0.8624419,0.8421824,12.830659,0.22135134041309357,0.27517229318618774,0.2003406286239624,0.7786486595869064,0.38549712,1.356065,0.6431555,False,False,False
5,cycle44_subj05_margin_low_1sess_150ep,102,8925,0.048103444,0.047494035,417,0.00060940906,1.0,1.0,1.0,1.0,0.0034907684,0.0037359707,-0.00024520233,0.0,0.0,0,0,1.0,1.0,0.0,0.82859594,0.058722734,0.76654583,1.739767,0.82271314,0.8414185,12.845359,0.22135134041309357,0.27517229318618774,0.2003406286239624,0.7786486595869064,0.38509974,1.3546672,0.5968699,False,False,False
5,cycle44_subj05_margin_low_1sess_150ep,103,8933,0.049254745,0.050793473,227,-0.0015387274,2.0,0.6,1.4,1.0,0.008165821,-0.0011071339,0.009272955,-1.0,0.0,0,0,2.0,1.0,-1.0,0.87627274,0.01420331,0.8045104,1.7402165,0.82420474,0.8422727,12.734673,0.22135134041309357,0.27517229318618774,0.2003406286239624,0.7786486595869064,0.38519925,1.3550173,0.626431,False,False,False
5,cycle44_subj05_margin_low_1sess_150ep,104,9027,0.027269108,0.039873533,789,-0.012604425,20.0,0.0,7.666666666666667,8.0,0.007117642,0.002257958,0.004859684,-14.0,0.0,0,0,26.0,4.0,-22.0,0.90254253,0.009001315,0.8565319,1.7340431,0.8366771,0.839371,12.837628,0.22135134041309357,0.27517229318618774,0.2003406286239624,0.7786486595869064,0.38383278,1.3502104,0.6669375,False,False,False
5,cycle44_subj05_margin_low_1sess_150ep,105,9048,0.03511048,0.0481708,182,-0.01306032,9.0,0.1111111111111111,4.333333333333333,4.0,-0.00472524,0.0023764297,-0.00710167,5.0,-0.1111111111111111,0,0,1.0,1.0,0.0,0.91830534,0.004283488,0.89678067,1.7294705,0.8736735,0.83797073,12.813631,0.22135134041309357,0.27517229318618774,0.2003406286239624,0.7786486595869064,0.3828206,1.3466499,0.69827706,False,False,False
5,cycle44_subj05_margin_low_1sess_150ep,106,9147,0.05040985,0.04352561,375,0.0068842396,1.0,1.0,1.0,1.0,0.0041717067,0.004953202,-0.0007814951,0.0,0.0,0,0,1.0,1.0,0.0,0.8155591,0.014156759,0.7712918,1.744048,0.75418556,0.84088296,12.797281,0.22135134041309357,0.27517229318618774,0.2003406286239624,0.7786486595869064,0.38604736,1.3580006,0.6005653,False,False,False
5,cycle44_subj05_margin_low_1sess_150ep,107,9230,0.05030555,0.046116013,142,0.004189536,1.0,1.0,1.0,1.0,0.0014486238,9.232387e-05,0.0013563,0.0,0.0,0,0,1.0,1.0,0.0,0.8386316,0.0020720959,0.7988819,1.7327037,0.82758313,0.8392529,12.747883,0.22135134041309357,0.27517229318618774,0.2003406286239624,0.7786486595869064,0.38353628,1.3491675,0.6220483,False,False,False
5,cycle44_subj05_margin_low_1sess_150ep,108,9434,0.044915352,0.036512572,249,0.00840278,1.0,1.0,1.0,1.0,0.0046983026,0.0027773753,0.0019209273,0.0,0.0,0,0,2.0,2.0,0.0,0.85446465,0.002917409,0.843516,1.7361772,0.8252558,0.8409531,12.776346,0.22135134041309357,0.27517229318618774,0.2003406286239624,0.7786486595869064,0.38430515,1.3518721,0.6568026,False,False,False
5,cycle44_subj05_margin_low_1sess_150ep,109,9462,0.052812234,0.047925897,246,0.0048863366,1.0,1.0,1.0,1.0,0.00035744905,0.0034123324,-0.0030548833,0.0,0.0,0,0,1.0,1.0,0.0,0.8814738,0.055388868,0.80619097,1.7365533,0.85051227,0.8401835,12.8402605,0.22135134041309357,0.27517229318618774,0.2003406286239624,0.7786486595869064,0.38438842,1.352165,0.62773955,False,False,False
5,cycle44_subj05_margin_low_1sess_150ep,110,9680,0.03752586,0.053589214,793,-0.016063355,9.0,0.0,3.2857142857142856,3.0,0.00018956885,0.0058428384,-0.0056532696,4.0,-0.2857142857142857,0,0,3.0,3.0,0.0,0.8421806,0.0069223046,0.80426264,1.7402992,0.8359972,0.84174037,12.768484,0.22135134041309357,0.27517229318618774,0.2003406286239624,0.7786486595869064,0.38521758,1.3550817,0.62623805,False,False,False
5,cycle44_subj05_margin_low_1sess_150ep,111,9722,0.049711004,0.051905595,885,-0.0021945909,2.0,0.75,1.25,1.0,0.0039123185,0.0053962693,-0.0014839508,0.0,0.0,0,0,1.0,1.0,0.0,0.80404556,0.03423786,0.7688755,1.729169,0.821085,0.8386587,12.762234,0.22135134041309357,0.27517229318618774,0.2003406286239624,0.7786486595869064,0.38275388,1.3464152,0.5986839,False,False,False
5,cycle44_subj05_margin_low_1sess_150ep,112,9804,0.039414812,0.0494041,421,-0.009989288,6.0,0.25,2.75,3.0,0.0025431663,0.0022330247,0.0003101416,0.0,0.25,0,0,1.0,1.0,0.0,0.8840375,0.0045878887,0.8698807,1.724594,0.8479404,0.8373896,12.758113,0.22135134041309357,0.27517229318618774,0.2003406286239624,0.7786486595869064,0.3817412,1.3428528,0.67733145,False,False,False
5,cycle44_subj05_margin_low_1sess_150ep,113,9847,0.046095483,0.056410596,2,-0.010315113,10.0,0.0,2.833333333333333,2.5,0.0055653304,0.0043473803,0.0012179501,0.0,0.0,0,0,2.0,1.0,-1.0,0.90864444,0.00047045946,0.89949405,1.7277421,0.8044556,0.8376192,12.771289,0.22135134041309357,0.27517229318618774,0.2003406286239624,0.7786486595869064,0.38243803,1.3453041,0.70038986,False,False,False
5,cycle44_subj05_margin_low_1sess_150ep,114,9865,0.03344382,0.050867718,701,-0.017423898,22.0,0.0,9.0,9.0,-0.0075226948,0.0013875514,-0.008910246,12.0,-0.2,0,0,2.0,4.0,2.0,0.8630129,0.025302947,0.82369596,1.743908,0.8339801,0.84249216,12.711384,0.22135134041309357,0.27517229318618774,0.2003406286239624,0.7786486595869064,0.3860164,1.3578917,0.64136976,False,False,False
5,cycle44_subj05_margin_low_1sess_150ep,115,9917,0.036643066,0.035713088,367,0.00092997774,1.0,1.0,1.0,1.0,0.0032329038,-0.0010183826,0.0042512864,-1.0,0.0,0,1,5.0,3.0,-2.0,0.80221766,0.025403798,0.7563282,1.7406342,0.75958586,0.8420439,12.78153,0.22135134041309357,0.27517229318618774,0.2003406286239624,0.7786486595869064,0.38529173,1.3553425,0.588914,False,False,False
5,cycle44_subj05_margin_low_1sess_150ep,116,9978,0.019992847,0.041217644,227,-0.021224797,129.0,0.0,39.0,39.5,0.006524019,0.0023046136,0.0042194054,-58.0,0.0,0,0,136.0,71.0,-65.0,0.86254734,0.0075446963,0.8395256,1.7353089,0.8320574,0.8401184,12.810592,0.22135134041309357,0.27517229318618774,0.2003406286239624,0.7786486595869064,0.38411295,1.3511959,0.65369546,False,False,False
5,cycle44_subj05_margin_low_1sess_150ep,117,10006,0.04079888,0.04505876,931,-0.0042598806,3.0,0.4,1.6,2.0,0.0034594424,0.00638726,-0.0029278174,1.0,-0.2999999999999999,0,0,1.0,2.0,1.0,0.9374153,0.056153774,0.8411312,1.737901,0.8210143,0.8412992,12.7732935,0.22135134041309357,0.27517229318618774,0.2003406286239624,0.7786486595869064,0.3846867,1.3532143,0.65494573,False,False,False
5,cycle44_subj05_margin_low_1sess_150ep,118,10046,0.059497587,0.05368977,163,0.005807817,1.0,1.0,1.0,1.0,0.003690116,-0.0007057898,0.004395906,0.0,0.0,0,0,1.0,1.0,0.0,0.87166864,0.010076582,0.82080996,1.7340387,0.83036494,0.8398684,12.808289,0.22135134041309357,0.27517229318618774,0.2003406286239624,0.7786486595869064,0.3838318,1.350207,0.6391226,False,False,False
5,cycle44_subj05_margin_low_1sess_150ep,119,10064,0.0413732,0.060649924,778,-0.019276723,7.0,0.125,3.375,3.5,-0.0018760301,-0.0013472959,-0.0005287342,-1.0,0.125,0,0,2.0,2.0,0.0,0.83221745,0.009898663,0.80441016,1.7393068,0.7849877,0.8415493,12.641528,0.22135134041309357,0.27517229318618774,0.2003406286239624,0.7786486595869064,0.3849979,1.354309,0.6263529,False,False,False
5,cycle44_subj05_margin_low_1sess_150ep,120,10105,0.029919198,0.03824854,549,-0.008329341,20.0,0.0,7.076923076923077,7.0,0.0054760072,0.0020037182,0.003472289,-20.0,0.0,0,0,15.0,11.0,-4.0,0.7953255,0.008603752,0.757649,1.741825,0.77422637,0.8420978,12.711586,0.22135134041309357,0.27517229318618774,0.2003406286239624,0.7786486595869064,0.3855553,1.3562697,0.5899424,False,False,False
5,cycle44_subj05_margin_low_1sess_150ep,121,10107,0.033463553,0.037398,227,-0.0039344467,5.0,0.1,2.5,2.5,-0.0005893819,-0.0017647371,0.0011753552,-1.0,0.0,0,0,7.0,15.0,8.0,0.82771426,0.0013841987,0.8082508,1.7334932,0.8599931,0.8400349,12.829347,0.22135134041309357,0.27517229318618774,0.2003406286239624,0.7786486595869064,0.38371104,1.3497822,0.6293434,False,False,False
5,cycle44_subj05_margin_low_1sess_150ep,122,10244,0.03174269,0.041171134,70,-0.009428445,3.0,0.5,1.5,1.5,0.0038164891,-0.0015427619,0.005359251,0.0,0.0,0,0,3.0,3.0,0.0,0.8615861,5.2154064e-05,0.8374653,1.7320657,0.8632314,0.8389396,12.77395,0.22135134041309357,0.27517229318618774,0.2003406286239624,0.7786486595869064,0.38339505,1.3486706,0.65209126,False,False,False
5,cycle44_subj05_margin_low_1sess_150ep,123,10393,0.033104256,0.048886787,925,-0.015782531,11.0,0.1111111111111111,3.4444444444444446,3.0,0.00040626153,0.0057366937,-0.005330432,4.0,-0.2222222222222222,0,0,7.0,9.0,2.0,0.869096,0.0022451878,0.8574014,1.7284787,0.86865675,0.83768404,12.758981,0.22135134041309357,0.27517229318618774,0.2003406286239624,0.7786486595869064,0.38260108,1.3458776,0.66761446,False,False,False
5,cycle44_subj05_margin_low_1sess_150ep,124,10471,0.0003026029,0.046057492,680,-0.04575489,784.0,0.0,237.0,238.0,0.0033570086,0.008917756,-0.0055607483,50.0,0.0,0,0,382.0,382.0,0.0,0.83711034,0.00013500452,0.81836843,1.7403487,0.8011832,0.84118706,12.74266,0.22135134041309357,0.27517229318618774,0.2003406286239624,0.7786486595869064,0.3852285,1.3551202,0.6372215,False,False,False
5,cycle44_subj05_margin_low_1sess_150ep,125,10507,0.04830177,0.045845505,778,0.0024562664,1.0,1.0,1.0,1.0,0.0007209219,-0.0013238862,0.0020448081,0.0,0.0,0,0,3.0,4.0,1.0,0.86950547,0.050640047,0.77447736,1.7401192,0.715237,0.84102064,12.7448845,0.22135134041309357,0.27517229318618774,0.2003406286239624,0.7786486595869064,0.38517773,1.3549415,0.60304576,False,False,False
5,cycle44_subj05_margin_low_1sess_150ep,126,10586,0.028989982,0.04680808,886,-0.017818097,53.0,0.0,15.9,15.5,0.0034881234,0.005499948,-0.0020118244,13.0,0.0,0,0,3.0,2.0,-1.0,0.89223546,0.00355196,0.87580985,1.7353872,0.87811184,0.83866274,12.806802,0.22135134041309357,0.27517229318618774,0.2003406286239624,0.7786486595869064,0.3841303,1.351257,0.6819482,False,False,False
5,cycle44_subj05_margin_low_1sess_150ep,127,10600,0.0433219,0.036413427,338,0.0069084726,1.0,1.0,1.0,1.0,0.00064414367,0.0033266023,-0.0026824586,0.0,0.0,0,0,2.0,1.0,-1.0,0.90956056,0.035259783,0.85199136,1.7297078,0.8167288,0.83838236,12.774215,0.22135134041309357,0.27517229318618774,0.2003406286239624,0.7786486595869064,0.38287315,1.3468347,0.66340196,False,False,False
5,cycle44_subj05_margin_low_1sess_150ep,128,10610,0.0427417,0.049066775,163,-0.0063250735,4.0,0.125,2.5,3.0,-0.002163574,0.0034536608,-0.005617235,1.0,0.0,0,0,1.0,3.0,2.0,0.9067572,0.09100598,0.7949935,1.7450352,0.81014115,0.84267104,12.801863,0.22135134041309357,0.27517229318618774,0.2003406286239624,0.7786486595869064,0.38626587,1.3587693,0.61902064,False,False,False
5,cycle44_subj05_margin_low_1sess_150ep,129,10907,0.045776047,0.04314429,160,0.0026317574,1.0,1.0,1.0,1.0,0.0029988624,0.0009984821,0.0020003803,0.0,0.0,0,0,1.0,1.0,0.0,0.8693679,0.0017023683,0.8532674,1.7302915,0.8457816,0.8385421,12.798506,0.22135134041309357,0.27517229318618774,0.2003406286239624,0.7786486595869064,0.38300234,1.3472892,0.6643955,False,False,False
5,cycle44_subj05_margin_low_1sess_150ep,130,11159,0.052986674,0.052211575,493,0.0007750988,1.0,1.0,1.0,1.0,0.005396638,0.0032733865,0.0021232516,-1.0,0.1428571428571429,0,1,2.0,1.0,-1.0,0.8737609,0.005924344,0.83158225,1.7404283,0.7961536,0.84008694,12.840952,0.22135134041309357,0.27517229318618774,0.2003406286239624,0.7786486595869064,0.38524616,1.3551822,0.6475104,False,False,False
5,cycle44_subj05_margin_low_1sess_150ep,131,11333,0.044734433,0.03925317,516,0.0054812618,1.0,1.0,1.0,1.0,0.006441299,0.007688716,-0.0012474172,0.0,0.0,0,0,1.0,1.0,0.0,0.8609087,0.0046726465,0.8480026,1.7378767,0.83715594,0.84065783,12.853492,0.22135134041309357,0.27517229318618774,0.2003406286239624,0.7786486595869064,0.3846813,1.3531953,0.6602961,False,False,False
5,cycle44_subj05_margin_low_1sess_150ep,132,11487,0.043084912,0.041070975,341,0.0020139366,1.0,1.0,1.0,1.0,-0.0009744093,0.0019182563,-0.0028926656,0.0,0.0,0,0,2.0,2.0,0.0,0.845612,0.019281924,0.8221677,1.7273693,0.8710763,0.83845246,12.789861,0.22135134041309357,0.27517229318618774,0.2003406286239624,0.7786486595869064,0.3823555,1.3450139,0.6401798,False,False,False
5,cycle44_subj05_margin_low_1sess_150ep,133,11521,0.018858578,0.03986413,118,-0.021005552,51.0,0.0,15.0,15.0,-0.0046387315,0.00028543174,-0.004924163,31.0,0.0,0,0,14.0,52.0,38.0,0.85459095,0.004609227,0.82818204,1.7378381,0.7977787,0.8408178,12.804392,0.22135134041309357,0.27517229318618774,0.2003406286239624,0.7786486595869064,0.3846728,1.3531654,0.64486283,False,False,False
5,cycle44_subj05_margin_low_1sess_150ep,134,11566,0.055360615,0.04772465,301,0.007635966,1.0,1.0,1.0,1.0,0.00727522,0.0012181923,0.0060570277,0.0,0.0,0,0,1.0,1.0,0.0,0.93159336,0.0017353296,0.9177594,1.7323267,0.8184274,0.8396226,12.774354,0.22135134041309357,0.27517229318618774,0.2003406286239624,0.7786486595869064,0.38345283,1.348874,0.7146121,False,False,False
5,cycle44_subj05_margin_low_1sess_150ep,135,11617,0.049397018,0.037547138,700,0.01184988,1.0,1.0,1.0,1.0,0.0019884296,0.005859647,-0.0038712174,0.0,0.0,0,0,1.0,1.0,0.0,0.8152145,0.0054679513,0.7979005,1.7384671,0.8189751,0.84198314,12.727876,0.22135134041309357,0.27517229318618774,0.2003406286239624,0.7786486595869064,0.38481203,1.3536551,0.6212842,False,False,False
5,cycle44_subj05_margin_low_1sess_150ep,136,11635,0.030443015,0.050947916,142,-0.020504901,21.0,0.0,6.0,6.0,0.002437275,0.0037803687,-0.0013430938,-5.0,0.0,0,0,41.0,82.0,41.0,0.8537184,0.010578215,0.8325676,1.7365873,0.8382627,0.8396009,12.787983,0.22135134041309357,0.27517229318618774,0.2003406286239624,0.7786486595869064,0.38439593,1.3521913,0.64827764,False,False,False
5,cycle44_subj05_margin_low_1sess_150ep,137,11689,0.03317328,0.03780619,827,-0.004632909,2.0,0.7272727272727273,1.2727272727272727,1.0,0.0022825636,0.005568035,-0.0032854713,0.0,0.0,0,0,4.0,4.0,0.0,0.8022002,0.0152058005,0.77437127,1.7337629,0.8224564,0.83919966,12.710167,0.22135134041309357,0.27517229318618774,0.2003406286239624,0.7786486595869064,0.38377073,1.3499922,0.60296315,False,False,False
5,cycle44_subj05_margin_low_1sess_150ep,138,11725,0.043449093,0.049956042,504,-0.0065069497,6.0,0.0,2.9,3.0,0.009073675,0.004358534,0.004715141,-6.0,0.0,0,0,1.0,1.0,0.0,0.9215944,0.0038007498,0.90958726,1.7311091,0.8523421,0.83762956,12.805853,0.22135134041309357,0.27517229318618774,0.2003406286239624,0.7786486595869064,0.38318333,1.3479258,0.7082489,False,False,False
5,cycle44_subj05_margin_low_1sess_150ep,139,11796,0.042237297,0.04589913,712,-0.0036618337,6.0,0.1818181818181818,2.636363636363636,3.0,0.0017311946,-0.00246742,0.0041986145,-2.0,0.1818181818181818,0,0,7.0,6.0,-1.0,0.8172195,0.01791966,0.78367573,1.7356423,0.8333038,0.8393211,12.815017,0.22135134041309357,0.27517229318618774,0.2003406286239624,0.7786486595869064,0.38418674,1.3514556,0.6102081,False,False,False
5,cycle44_subj05_margin_low_1sess_150ep,140,11827,0.02455651,0.04431124,715,-0.01975473,43.0,0.0,13.2,13.0,-0.0006082151,0.0010108724,-0.0016190875,11.0,0.0,0,0,24.0,29.0,5.0,0.8502695,0.0058819056,0.81693995,1.7343719,0.84005225,0.8390494,12.736243,0.22135134041309357,0.27517229318618774,0.2003406286239624,0.7786486595869064,0.38390556,1.3504664,0.63610923,False,False,False
5,cycle44_subj05_margin_low_1sess_150ep,141,11837,0.0573961,0.046856064,227,0.010540035,1.0,1.0,1.0,1.0,0.0043861754,0.0021830276,0.0022031479,0.0,0.0,0,0,1.0,1.0,0.0,0.7862733,0.0054053664,0.7655533,1.7444688,0.8186554,0.84341913,12.821682,0.22135134041309357,0.27517229318618774,0.2003406286239624,0.7786486595869064,0.3861405,1.3583283,0.59609705,False,False,False
5,cycle44_subj05_margin_low_1sess_150ep,142,11844,0.061701674,0.04341161,793,0.018290065,1.0,1.0,1.0,1.0,0.0008757934,-0.00037344173,0.0012492351,0.0,0.0,0,0,1.0,1.0,0.0,0.8359087,0.006843567,0.79628277,1.7308865,0.77736783,0.83805245,12.74503,0.22135134041309357,0.27517229318618774,0.2003406286239624,0.7786486595869064,0.38313404,1.3477525,0.6200245,False,False,False
5,cycle44_subj05_margin_low_1sess_150ep,143,11932,0.03275621,0.04663586,522,-0.013879649,15.0,0.0,4.8,4.0,0.0006272197,-0.0008742064,0.0015014261,6.0,0.0,0,0,14.0,19.0,5.0,0.864308,0.0002488494,0.8290367,1.7336965,0.871123,0.83942765,12.768786,0.22135134041309357,0.27517229318618774,0.2003406286239624,0.7786486595869064,0.38375604,1.3499404,0.6455283,False,False,False
5,cycle44_subj05_margin_low_1sess_150ep,144,11942,0.023343846,0.041233864,36,-0.017890017,14.0,0.0,5.0,5.0,-0.0024391878,0.0020883083,-0.004527496,9.0,0.0,0,0,4.0,9.0,5.0,0.88803977,0.0049881935,0.87402344,1.7294332,0.8832932,0.8377203,12.734465,0.22135134041309357,0.27517229318618774,0.2003406286239624,0.7786486595869064,0.38281235,1.3466208,0.6805572,False,False,False
5,cycle44_subj05_margin_low_1sess_150ep,145,11952,0.020670267,0.044221777,547,-0.02355151,209.0,0.0,60.22222222222222,58.0,-0.0034403652,-0.0007924549,-0.0026479103,46.0,0.0,0,0,40.0,106.0,66.0,0.81406575,0.0004233718,0.7980031,1.7356006,0.8291687,0.84005064,12.818862,0.22135134041309357,0.27517229318618774,0.2003406286239624,0.7786486595869064,0.3841775,1.3514231,0.62136406,False,False,False
5,cycle44_subj05_margin_low_1sess_150ep,146,12065,0.047012113,0.042246815,65,0.004765298,1.0,1.0,1.0,1.0,9.7721815e-05,-0.00077538565,0.00087310746,0.0,0.0,0,0,1.0,1.0,0.0,0.83433396,0.013542652,0.807309,1.738009,0.84152144,0.83958215,12.826375,0.22135134041309357,0.27517229318618774,0.2003406286239624,0.7786486595869064,0.3847106,1.3532984,0.6286101,False,False,False
5,cycle44_subj05_margin_low_1sess_150ep,147,12075,0.03278552,0.04646874,159,-0.0136832185,25.0,0.0,7.6,7.0,0.0060960464,0.0051879846,0.00090806186,-5.0,0.0,0,0,18.0,10.0,-8.0,0.9241823,0.0008752346,0.901631,1.7358202,0.8532008,0.839529,12.803113,0.22135134041309357,0.27517229318618774,0.2003406286239624,0.7786486595869064,0.3842261,1.3515941,0.7020538,False,False,False
5,cycle44_subj05_margin_low_1sess_150ep,148,12214,0.048920292,0.046140436,426,0.0027798563,1.0,1.0,1.0,1.0,-0.0025194585,0.004876651,-0.0073961094,0.0,0.0,0,0,1.0,1.0,0.0,0.90640265,0.08615637,0.7423705,1.7384429,0.739036,0.84053624,12.791436,0.22135134041309357,0.27517229318618774,0.2003406286239624,0.7786486595869064,0.38480666,1.3536363,0.5780458,False,False,False
5,cycle44_subj05_margin_low_1sess_150ep,149,12308,0.049029198,0.0437401,159,0.0052890964,1.0,1.0,1.0,1.0,0.0021059588,0.0036577545,-0.0015517958,0.0,0.0,0,0,1.0,1.0,0.0,0.9093335,0.0026851892,0.89515525,1.7358978,0.79196465,0.8396925,12.796999,0.22135134041309357,0.27517229318618774,0.2003406286239624,0.7786486595869064,0.3842433,1.3516545,0.6970115,False,False,False
5,cycle44_subj05_margin_low_1sess_150ep,150,12487,0.024226662,0.044749938,175,-0.020523276,26.0,0.0,7.875,8.0,4.209578e-06,-0.00080033764,0.0008045472,7.0,0.0,0,0,14.0,18.0,4.0,0.80054986,0.05331248,0.7413218,1.7455373,0.7310332,0.8425532,12.738556,0.22135134041309357,0.27517229318618774,0.2003406286239624,0.7786486595869064,0.386377,1.3591603,0.57722926,False,False,False
5,cycle44_subj05_margin_low_1sess_150ep,151,12495,0.046074305,0.049552083,243,-0.0034777783,5.0,0.3333333333333333,2.0,2.0,0.0041732304,0.002968844,0.0012043864,2.0,-0.3333333333333333,0,0,1.0,2.0,1.0,0.9283539,0.002263546,0.92101705,1.7293181,0.8282737,0.83830285,12.794209,0.22135134041309357,0.27517229318618774,0.2003406286239624,0.7786486595869064,0.3827869,1.3465313,0.7171487,False,False,False
5,cycle44_subj05_margin_low_1sess_150ep,152,12634,0.053360734,0.049909867,630,0.0034508668,1.0,1.0,1.0,1.0,0.00306765,0.0025191419,0.000548508,0.0,0.0,0,0,1.0,1.0,0.0,0.84906954,0.0051553845,0.81616193,1.7332194,0.8533958,0.83965707,12.779463,0.22135134041309357,0.27517229318618774,0.2003406286239624,0.7786486595869064,0.38365042,1.349569,0.6355034,False,False,False
5,cycle44_subj05_margin_low_1sess_150ep,153,12685,0.027176395,0.043867245,712,-0.01669085,43.0,0.0,14.25,15.0,0.00095617585,-0.0038842186,0.0048403945,-5.0,0.0,0,0,57.0,54.0,-3.0,0.9208002,0.0064052343,0.8418954,1.7320815,0.798408,0.83915794,12.715507,0.22135134041309357,0.27517229318618774,0.2003406286239624,0.7786486595869064,0.38339856,1.348683,0.65554076,False,False,False
5,cycle44_subj05_margin_low_1sess_150ep,154,12796,0.053421378,0.054755032,11,-0.0013336539,2.0,0.7142857142857143,1.2857142857142858,1.0,0.005196102,-0.0003378056,0.0055339076,-1.0,0.0,0,0,1.0,1.0,0.0,0.92397964,0.001921773,0.88065225,1.7371935,0.7537112,0.84001994,12.732766,0.22135134041309357,0.27517229318618774,0.2003406286239624,0.7786486595869064,0.3845301,1.3526634,0.6857187,False,False,False
5,cycle44_subj05_margin_low_1sess_150ep,155,12798,0.03941363,0.042743206,468,-0.003329575,5.0,0.4285714285714285,2.0,2.0,0.0053681955,-0.000341326,0.0057095215,-15.0,0.4285714285714285,0,0,4.0,6.0,2.0,0.9249259,0.00026279688,0.9180492,1.7361709,0.8257512,0.8400702,12.799965,0.22135134041309357,0.27517229318618774,0.2003406286239624,0.7786486595869064,0.38430375,1.3518672,0.7148378,False,False,False
5,cycle44_subj05_margin_low_1sess_150ep,156,12922,0.04795978,0.045383204,653,0.0025765747,1.0,1.0,1.0,1.0,0.002513241,0.0022482648,0.00026497617,0.0,0.0,0,0,1.0,1.0,0.0,0.8194376,0.014022768,0.77760065,1.7365832,0.8156228,0.84114265,12.772804,0.22135134041309357,0.27517229318618774,0.2003406286239624,0.7786486595869064,0.38439503,1.3521882,0.6054777,False,False,False
5,cycle44_subj05_margin_low_1sess_150ep,157,12937,0.047560584,0.03600531,172,0.011555273,1.0,1.0,1.0,1.0,0.0018956326,0.0024452284,-0.0005495958,0.0,0.0,0,0,1.0,1.0,0.0,0.9093636,0.01012677,0.89251435,1.7343147,0.87212276,0.8400816,12.764958,0.22135134041309357,0.27517229318618774,0.2003406286239624,0.7786486595869064,0.3838929,1.3504218,0.6949551,False,False,False
5,cycle44_subj05_margin_low_1sess_150ep,158,13138,0.05591094,0.049843833,276,0.0060671084,1.0,1.0,1.0,1.0,0.0007780008,0.004869234,-0.004091233,0.0,0.0,0,0,1.0,1.0,0.0,0.7791005,0.00056117773,0.7655319,1.7340133,0.81172603,0.84141886,12.691459,0.22135134041309357,0.27517229318618774,0.2003406286239624,0.7786486595869064,0.38382617,1.3501872,0.5960804,False,False,False
5,cycle44_subj05_margin_low_1sess_150ep,159,13230,0.06794756,0.04783301,616,0.020114549,1.0,1.0,1.0,1.0,0.0051460564,0.0066341124,-0.001488056,0.0,0.0,0,0,1.0,1.0,0.0,0.77068466,0.0031767488,0.76140726,1.7334036,0.8007141,0.8394978,12.818532,0.22135134041309357,0.27517229318618774,0.2003406286239624,0.7786486595869064,0.3836912,1.3497124,0.59286875,False,False,False
5,cycle44_subj05_margin_low_1sess_150ep,160,13312,0.06615551,0.06506323,78,0.0010922775,1.0,1.0,1.0,1.0,0.0014198422,0.009043697,-0.007623855,0.0,0.0,0,0,1.0,1.0,0.0,0.8184496,0.003482461,0.8023645,1.7291925,0.84925413,0.83922565,12.772856,0.22135134041309357,0.27517229318618774,0.2003406286239624,0.7786486595869064,0.38275906,1.3464334,0.6247601,False,False,False
5,cycle44_subj05_margin_low_1sess_150ep,161,13314,0.064576805,0.044738952,794,0.019837853,1.0,1.0,1.0,1.0,-0.0018181354,-0.00032972172,-0.0014884137,0.0,0.0,0,0,1.0,1.0,0.0,0.8260821,0.022489846,0.7868179,1.7303064,0.80217105,0.83882743,12.7261715,0.22135134041309357,0.27517229318618774,0.2003406286239624,0.7786486595869064,0.38300565,1.3473008,0.61265475,False,False,False
5,cycle44_subj05_margin_low_1sess_150ep,162,13613,0.070861526,0.043200452,49,0.027661074,1.0,1.0,1.0,1.0,0.0047125965,0.0032303631,0.0014822334,0.0,0.0,0,0,1.0,1.0,0.0,0.9027947,0.0049254894,0.86140215,1.7341584,0.79948974,0.83961904,12.814181,0.22135134041309357,0.27517229318618774,0.2003406286239624,0.7786486595869064,0.3838583,1.3503002,0.67072964,False,False,False
5,cycle44_subj05_margin_low_1sess_150ep,163,13653,0.048939858,0.046881285,118,0.002058573,1.0,1.0,1.0,1.0,0.0039042346,0.0052579716,-0.001353737,0.0,0.0,0,0,9.0,12.0,3.0,0.90898293,0.05454856,0.8102166,1.7380974,0.83617413,0.84088486,12.8140545,0.22135134041309357,0.27517229318618774,0.2003406286239624,0.7786486595869064,0.3847302,1.3533672,0.6308741,False,False,False
5,cycle44_subj05_margin_low_1sess_150ep,164,13662,0.0338314,0.051002726,61,-0.017171327,51.0,0.0,15.88888888888889,14.0,0.0054445732,0.002848573,0.0025960002,-32.0,0.0,0,0,5.0,1.0,-4.0,0.8667527,0.00035375357,0.8484602,1.7327257,0.84279764,0.8385565,12.81768,0.22135134041309357,0.27517229318618774,0.2003406286239624,0.7786486595869064,0.38354117,1.3491846,0.6606524,False,False,False
5,cycle44_subj05_margin_low_1sess_150ep,165,13720,0.037993796,0.04386899,604,-0.0058751926,3.0,0.75,1.25,1.0,-0.00036434084,0.0047794655,-0.0051438063,-1.0,0.625,0,0,8.0,9.0,1.0,0.90279776,0.0021362305,0.842,1.75118,0.8069824,0.8437731,12.82678,0.22135134041309357,0.27517229318618774,0.2003406286239624,0.7786486595869064,0.38762605,1.363554,0.6556222,False,False,False
5,cycle44_subj05_margin_low_1sess_150ep,166,13846,0.04912896,0.039463177,361,0.0096657835,1.0,1.0,1.0,1.0,-0.00081881136,-0.0017728582,0.00095404685,0.0,0.0,0,0,1.0,2.0,1.0,0.7681292,0.0015482903,0.76011604,1.7483802,0.76824075,0.84396297,12.832952,0.22135134041309357,0.27517229318618774,0.2003406286239624,0.7786486595869064,0.38700628,1.3613739,0.59186333,False,False,False
5,cycle44_subj05_margin_low_1sess_150ep,167,14110,0.046525612,0.035728652,987,0.01079696,1.0,1.0,1.0,1.0,0.004898727,0.0050646216,-0.00016589463,0.0,0.0,0,0,3.0,2.0,-1.0,0.82757324,0.018738687,0.802419,1.7440155,0.8457998,0.8425073,12.868927,0.22135134041309357,0.27517229318618774,0.2003406286239624,0.7786486595869064,0.38604015,1.3579754,0.6248025,False,False,False
5,cycle44_subj05_margin_low_1sess_150ep,168,14121,0.040343907,0.044460658,493,-0.0041167513,2.0,0.6666666666666666,1.3333333333333333,1.0,0.00090546906,0.0071309283,-0.0062254593,1.0,-0.3333333333333333,1,0,1.0,2.0,1.0,0.79763156,0.008987367,0.7693784,1.7354192,0.79954714,0.8398398,12.807217,0.22135134041309357,0.27517229318618774,0.2003406286239624,0.7786486595869064,0.38413736,1.3512819,0.5990755,False,False,False
5,cycle44_subj05_margin_low_1sess_150ep,169,14165,0.03334008,0.039740924,191,-0.006400842,10.0,0.0,3.357142857142857,3.0,0.0063902047,0.0004691407,0.005921064,-17.0,0.0,0,0,27.0,12.0,-15.0,0.84786856,0.0028117895,0.80136794,1.746412,0.8153675,0.8433499,12.737547,0.22135134041309357,0.27517229318618774,0.2003406286239624,0.7786486595869064,0.38657063,1.3598415,0.6239841,False,False,False
5,cycle44_subj05_margin_low_1sess_150ep,170,14179,0.039966896,0.045075405,227,-0.005108509,4.0,0.8,1.2,1.0,0.008953968,0.004388202,0.004565766,-3.0,0.6000000000000001,0,0,13.0,7.0,-6.0,0.87498415,0.013352573,0.8140599,1.7414876,0.8133412,0.8418713,12.83756,0.22135134041309357,0.27517229318618774,0.2003406286239624,0.7786486595869064,0.3854806,1.356007,0.63386667,False,False,False
5,cycle44_subj05_margin_low_1sess_150ep,171,14443,0.049303755,0.047926027,167,0.0013777278,1.0,1.0,1.0,1.0,0.011149898,0.0032219626,0.007927936,-7.0,1.0,0,1,5.0,3.0,-2.0,0.8377825,0.000870347,0.81240046,1.7445414,0.8215015,0.84350234,12.793297,0.22135134041309357,0.27517229318618774,0.2003406286239624,0.7786486595869064,0.3861566,1.3583848,0.63257456,False,False,False
5,cycle44_subj05_margin_low_1sess_150ep,172,14528,0.03281549,0.045076694,208,-0.012261204,2.0,0.5833333333333334,1.4166666666666667,1.0,-0.0019303225,0.008980412,-0.0109107345,0.0,0.0,0,0,27.0,67.0,40.0,0.8167467,0.019056141,0.7911355,1.739881,0.8299732,0.84081614,12.839335,0.22135134041309357,0.27517229318618774,0.2003406286239624,0.7786486595869064,0.385125,1.3547561,0.6160166,False,False,False
5,cycle44_subj05_margin_low_1sess_150ep,173,14567,0.05516114,0.054369617,763,0.0007915236,1.0,1.0,1.0,1.0,0.0072678067,0.007818256,-0.0005504489,0.0,0.0,0,0,1.0,1.0,0.0,0.9110938,0.022196293,0.87530744,1.7301236,0.8105271,0.8394127,12.7480135,0.22135134041309357,0.27517229318618774,0.2003406286239624,0.7786486595869064,0.38296518,1.3471584,0.681557,False,False,False
5,cycle44_subj05_margin_low_1sess_150ep,174,14594,0.06350121,0.051854618,28,0.011646591,1.0,1.0,1.0,1.0,0.0031662658,0.0044279136,-0.0012616478,0.0,0.0,0,0,1.0,1.0,0.0,0.8684126,0.08064991,0.7743756,1.736575,0.82210475,0.8411173,12.80171,0.22135134041309357,0.27517229318618774,0.2003406286239624,0.7786486595869064,0.38439322,1.3521818,0.60296655,False,False,False
5,cycle44_subj05_margin_low_1sess_150ep,175,14610,0.04381857,0.03750004,215,0.006318532,1.0,1.0,1.0,1.0,0.00018858165,0.00017104298,1.7538667e-05,0.0,0.0,0,0,5.0,6.0,1.0,0.7953255,0.048138857,0.7250749,1.7444354,0.72078794,0.84317976,12.779287,0.22135134041309357,0.27517229318618774,0.2003406286239624,0.7786486595869064,0.38613313,1.3583024,0.5645786,False,False,False
5,cycle44_subj05_margin_low_1sess_150ep,176,14644,0.051656365,0.051548764,370,0.000107601285,1.0,1.0,1.0,1.0,0.001606401,0.0038941689,-0.0022877678,0.0,0.0,0,0,1.0,1.0,0.0,0.84645236,0.010934889,0.81450003,1.736028,0.8303805,0.840201,12.687779,0.22135134041309357,0.27517229318618774,0.2003406286239624,0.7786486595869064,0.38427213,1.3517559,0.6342094,False,False,False
5,cycle44_subj05_margin_low_1sess_150ep,177,14793,0.043938894,0.04790084,794,-0.003961947,3.0,0.3636363636363636,1.7272727272727273,2.0,0.0026333816,0.006564401,-0.0039310195,1.0,-0.1818181818181817,0,0,1.0,1.0,0.0,0.79192,0.0015974641,0.7825489,1.7261653,0.8434605,0.838709,12.705364,0.22135134041309357,0.27517229318618774,0.2003406286239624,0.7786486595869064,0.382089,1.3440763,0.60933065,False,False,False
5,cycle44_subj05_margin_low_1sess_150ep,178,14808,0.049367417,0.046726838,699,0.002640579,1.0,1.0,1.0,1.0,-0.0006114803,0.0006838888,-0.0012953691,0.0,0.0,0,0,1.0,1.0,0.0,0.7868261,0.010476172,0.7686965,1.7393472,0.8242488,0.8417848,12.794001,0.22135134041309357,0.27517229318618774,0.2003406286239624,0.7786486595869064,0.38500684,1.3543404,0.5985445,False,False,False
5,cycle44_subj05_margin_low_1sess_150ep,179,14820,0.023176251,0.04994673,492,-0.026770478,66.0,0.0,21.25,21.5,0.006156454,0.008721244,-0.0025647897,-52.0,0.0,0,0,26.0,15.0,-11.0,0.9371504,0.02042079,0.8377698,1.7360457,0.80152595,0.84023154,12.795424,0.22135134041309357,0.27517229318618774,0.2003406286239624,0.7786486595869064,0.38427603,1.3517697,0.6523284,False,False,False
5,cycle44_subj05_margin_low_1sess_150ep,180,14898,0.027910395,0.052296814,384,-0.024386419,103.0,0.0,31.0,31.0,0.0042541362,0.0045553893,-0.00030125305,4.0,0.0,0,0,50.0,57.0,7.0,0.78311396,0.01287055,0.74009806,1.7441777,0.7496628,0.8423161,12.755683,0.22135134041309357,0.27517229318618774,0.2003406286239624,0.7786486595869064,0.38607606,1.3581016,0.57627636,False,False,False
5,cycle44_subj05_margin_low_1sess_150ep,181,14931,0.043859124,0.05219667,814,-0.008337546,5.0,0.2727272727272727,2.0,2.0,-0.0006217882,0.0038483404,-0.0044701286,3.0,-0.4545454545454546,0,0,1.0,2.0,1.0,0.8536256,0.04852432,0.78447926,1.7475165,0.7793493,0.84463525,12.876516,0.22135134041309357,0.27517229318618774,0.2003406286239624,0.7786486595869064,0.38681513,1.3607014,0.61083376,False,False,False
5,cycle44_subj05_margin_low_1sess_150ep,182,15003,0.061527457,0.04420386,699,0.017323598,1.0,1.0,1.0,1.0,0.0025924556,-0.002257757,0.0048502125,0.0,0.0,0,0,2.0,1.0,-1.0,0.87788296,0.022737265,0.8424034,1.7310885,0.84528,0.8385436,12.6817665,0.22135134041309357,0.27517229318618774,0.2003406286239624,0.7786486595869064,0.38317877,1.3479098,0.6559363,False,False,False
5,cycle44_subj05_margin_low_1sess_150ep,183,15025,0.055769235,0.047312424,774,0.008456811,1.0,1.0,1.0,1.0,0.0045366883,0.003203623,0.0013330653,0.0,0.0,0,0,2.0,1.0,-1.0,0.91193926,0.007876337,0.8809578,1.7339606,0.77383757,0.83857816,12.756012,0.22135134041309357,0.27517229318618774,0.2003406286239624,0.7786486595869064,0.3838145,1.3501462,0.6859566,False,False,False
5,cycle44_subj05_margin_low_1sess_150ep,184,15128,0.05435177,0.060620777,699,-0.006269008,3.0,0.4444444444444444,1.5555555555555556,2.0,-0.00056862086,0.0008695647,-0.0014381856,0.0,0.0,0,0,1.0,1.0,0.0,0.8886641,0.028293967,0.80820084,1.7428168,0.84605175,0.84180605,12.768764,0.22135134041309357,0.27517229318618774,0.2003406286239624,0.7786486595869064,0.38577485,1.357042,0.6293045,False,False,False
5,cycle44_subj05_margin_low_1sess_150ep,185,15364,0.049302194,0.037711672,395,0.011590522,1.0,1.0,1.0,1.0,-0.0007540658,0.0038424395,-0.0045965053,0.0,0.0,0,0,2.0,1.0,-1.0,0.81181145,0.0017699599,0.79383665,1.751677,0.79360557,0.84411323,12.848643,0.22135134041309357,0.27517229318618774,0.2003406286239624,0.7786486595869064,0.38773605,1.363941,0.61811984,False,False,False
5,cycle44_subj05_margin_low_1sess_150ep,186,15492,0.030195797,0.049075626,714,-0.018879829,58.0,0.0,17.636363636363637,16.0,0.0004624147,0.0076775253,-0.0072151106,42.0,0.0,0,0,2.0,3.0,1.0,0.8089486,0.010854185,0.7726109,1.7431636,0.78693515,0.84230554,12.789713,0.22135134041309357,0.27517229318618774,0.2003406286239624,0.7786486595869064,0.3858516,1.357312,0.6015925,False,False,False
5,cycle44_subj05_margin_low_1sess_150ep,187,15506,0.06055705,0.04910072,250,0.011456329,1.0,1.0,1.0,1.0,0.0012064464,0.0030654632,-0.0018590167,0.0,0.0,0,0,2.0,1.0,-1.0,0.8902226,0.008223772,0.86046827,1.7342423,0.8399757,0.84002155,12.767332,0.22135134041309357,0.27517229318618774,0.2003406286239624,0.7786486595869064,0.38387686,1.3503655,0.67000246,False,False,False
5,cycle44_subj05_margin_low_1sess_150ep,188,15793,0.04308858,0.04225532,79,0.00083326176,1.0,1.0,1.0,1.0,0.0018162243,0.0024282895,-0.0006120652,0.0,0.0,0,0,7.0,7.0,0.0,0.8809715,0.005531013,0.8617269,1.7304076,0.81687355,0.8381678,12.717485,0.22135134041309357,0.27517229318618774,0.2003406286239624,0.7786486595869064,0.38302803,1.3473796,0.6709825,False,False,False
5,cycle44_subj05_margin_low_1sess_150ep,189,15819,0.047017593,0.04443286,306,0.002584733,1.0,1.0,1.0,1.0,-0.0036603995,0.0013588406,-0.00501924,0.0,0.0,0,0,1.0,2.0,1.0,0.90301836,0.023985445,0.8721622,1.7393491,0.83959514,0.8407221,12.752548,0.22135134041309357,0.27517229318618774,0.2003406286239624,0.7786486595869064,0.38500726,1.3543419,0.67910796,False,False,False
5,cycle44_subj05_margin_low_1sess_150ep,190,15939,0.0597499,0.05401133,417,0.0057385713,1.0,1.0,1.0,1.0,0.0040990673,0.0032800622,0.0008190051,0.0,0.0,0,0,1.0,1.0,0.0,0.8739535,0.0002706647,0.83658254,1.7280583,0.8706477,0.8381663,12.773377,0.22135134041309357,0.27517229318618774,0.2003406286239624,0.7786486595869064,0.38250804,1.3455503,0.6514039,False,False,False
5,cycle44_subj05_margin_low_1sess_150ep,191,16063,0.060378574,0.051789444,468,0.00858913,1.0,1.0,1.0,1.0,0.0003306754,0.007883389,-0.007552713,0.0,0.0,0,0,1.0,1.0,0.0,0.855405,0.008030236,0.8344525,1.73935,0.7963723,0.84105724,12.859562,0.22135134041309357,0.27517229318618774,0.2003406286239624,0.7786486595869064,0.38500744,1.3543426,0.64974535,False,False,False
5,cycle44_subj05_margin_low_1sess_150ep,192,16252,0.028320113,0.04273114,719,-0.014411027,12.0,0.1,4.2,4.0,0.0022510458,0.0023608953,-0.0001098495,-3.0,0.1,0,0,14.0,15.0,1.0,0.88186616,0.0010169744,0.851649,1.7338763,0.8374998,0.8407196,12.856041,0.22135134041309357,0.27517229318618774,0.2003406286239624,0.7786486595869064,0.38379586,1.3500805,0.66313535,False,False,False
5,cycle44_subj05_margin_low_1sess_150ep,193,16344,0.024741778,0.046465375,36,-0.021723596,82.0,0.0,24.545454545454547,24.0,0.0013533104,0.0038676858,-0.0025143754,33.0,0.0,0,0,2.0,1.0,-1.0,0.7569816,0.0012510419,0.74086154,1.7304255,0.7840998,0.8387488,12.698202,0.22135134041309357,0.27517229318618774,0.2003406286239624,0.7786486595869064,0.383032,1.3473935,0.57687086,False,False,False
5,cycle44_subj05_margin_low_1sess_150ep,194,16421,0.03562878,0.044795614,680,-0.009166833,20.0,0.0,6.5,6.5,-0.0027062334,-0.0012801103,-0.0014261231,8.0,0.0,0,0,3.0,7.0,4.0,0.87203306,0.0011865497,0.8443044,1.7325274,0.8508542,0.83957183,12.71205,0.22135134041309357,0.27517229318618774,0.2003406286239624,0.7786486595869064,0.38349727,1.3490301,0.65741646,False,False,False
5,cycle44_subj05_margin_low_1sess_150ep,195,16466,0.05571963,0.05024226,876,0.005477369,1.0,1.0,1.0,1.0,-0.0013919659,-6.138533e-05,-0.0013305806,0.0,0.0,0,0,1.0,1.0,0.0,0.88186616,0.0057277083,0.8537065,1.7358186,0.8479873,0.839634,12.825503,0.22135134041309357,0.27517229318618774,0.2003406286239624,0.7786486595869064,0.3842258,1.3515929,0.6647374,False,False,False
5,cycle44_subj05_margin_low_1sess_150ep,196,16616,0.04483122,0.040240917,846,0.0045903027,1.0,1.0,1.0,1.0,-0.0017181709,0.0034427755,-0.0051609464,0.0,0.0,0,0,1.0,1.0,0.0,0.8625625,0.00388968,0.84635067,1.7296449,0.8462846,0.8393069,12.788539,0.22135134041309357,0.27517229318618774,0.2003406286239624,0.7786486595869064,0.38285923,1.3467857,0.6590098,False,False,False
5,cycle44_subj05_margin_low_1sess_150ep,197,16635,0.043665312,0.053063076,697,-0.009397764,7.0,0.0,2.555555555555556,2.0,-0.002282787,2.5875866e-05,-0.002308663,3.0,-0.4444444444444444,0,0,1.0,1.0,0.0,0.84031844,0.0073724985,0.8177139,1.7494429,0.8166628,0.84406114,12.847968,0.22135134041309357,0.27517229318618774,0.2003406286239624,0.7786486595869064,0.38724154,1.3622015,0.63671184,False,False,False
5,cycle44_subj05_margin_low_1sess_150ep,198,16655,0.04814342,0.053349245,403,-0.005205825,2.0,0.6363636363636364,1.3636363636363635,1.0,0.007399358,0.0006785244,0.0067208335,-4.0,0.5454545454545454,0,0,2.0,2.0,0.0,0.93159336,0.006295204,0.9134388,1.7343558,0.7996017,0.8393947,12.78955,0.22135134041309357,0.27517229318618774,0.2003406286239624,0.7786486595869064,0.38390198,1.3504539,0.7112479,False,False,False
5,cycle44_subj05_margin_low_1sess_150ep,199,16702,0.045852713,0.051800262,828,-0.005947549,2.0,0.7,1.3,1.0,0.0010027513,0.006405521,-0.00540277,0.0,0.0,0,0,2.0,2.0,0.0,0.8426004,0.006476879,0.82502365,1.7344768,0.8367582,0.8387795,12.810319,0.22135134041309357,0.27517229318618774,0.2003406286239624,0.7786486595869064,0.38392878,1.350548,0.64240354,False,False,False
5,cycle44_subj05_margin_low_1sess_150ep,200,16723,0.04017708,0.029008018,175,0.011169063,1.0,1.0,1.0,1.0,-0.00068061054,-0.00042146258,-0.00025914796,0.0,0.0,0,0,1.0,1.0,0.0,0.7479286,0.002940178,0.71991915,1.7493678,0.74180675,0.8439921,12.849446,0.22135134041309357,0.27517229318618774,0.2003406286239624,0.7786486595869064,0.3872249,1.3621429,0.5605641,False,False,False
5,cycle44_subj05_margin_low_1sess_150ep,201,16823,0.042925812,0.04077836,528,0.002147451,1.0,1.0,1.0,1.0,0.0074753948,0.0015040152,0.0059713796,-2.0,0.1428571428571429,0,1,1.0,1.0,0.0,0.8609055,0.02685821,0.80274564,1.74108,0.7567695,0.84024197,12.675763,0.22135134041309357,0.27517229318618774,0.2003406286239624,0.7786486595869064,0.3853904,1.3556896,0.6250568,False,False,False
5,cycle44_subj05_margin_low_1sess_150ep,202,16841,0.04348435,0.034569196,514,0.008915152,1.0,1.0,1.0,1.0,-0.0007235445,-0.00067884475,-4.469976e-05,0.0,0.0,0,0,1.0,2.0,1.0,0.8037162,0.008096516,0.77283895,1.7322736,0.81321526,0.84033644,12.780466,0.22135134041309357,0.27517229318618774,0.2003406286239624,0.7786486595869064,0.3834411,1.3488325,0.60177004,False,False,False
5,cycle44_subj05_margin_low_1sess_150ep,203,16865,0.057969585,0.050708313,964,0.0072612725,1.0,1.0,1.0,1.0,0.005895581,0.0011894368,0.0047061443,0.0,0.0,0,0,1.0,1.0,0.0,0.88297296,0.013214111,0.8498906,1.7379068,0.80097103,0.84053576,12.792901,0.22135134041309357,0.27517229318618774,0.2003406286239624,0.7786486595869064,0.384688,1.3532188,0.6617662,False,False,False
5,cycle44_subj05_margin_low_1sess_150ep,204,16868,0.04730109,0.05800756,43,-0.010706469,5.0,0.2727272727272727,1.9090909090909087,2.0,0.0020140037,0.003411688,-0.0013976842,0.0,0.0,0,0,1.0,1.0,0.0,0.8083344,0.030690849,0.7692761,1.7396897,0.7989231,0.8411964,12.762919,0.22135134041309357,0.27517229318618774,0.2003406286239624,0.7786486595869064,0.38508266,1.3546071,0.5989958,False,False,False
5,cycle44_subj05_margin_low_1sess_150ep,205,16917,0.03411617,0.04306707,784,-0.0089509,14.0,0.0,4.5,5.0,0.0043265205,0.0034146123,0.0009119082,-17.0,0.0,0,0,1.0,1.0,0.0,0.8485218,0.033453166,0.79898167,1.7365797,0.8137064,0.8398855,12.788665,0.22135134041309357,0.27517229318618774,0.2003406286239624,0.7786486595869064,0.38439423,1.3521855,0.62212604,False,False,False
5,cycle44_subj05_margin_low_1sess_150ep,206,17048,0.038035743,0.043682504,202,-0.0056467615,6.0,0.0,2.6,2.0,0.0024483427,-0.0004050061,0.0028533489,0.0,-0.4,0,0,1.0,1.0,0.0,0.85782546,0.011303902,0.81917953,1.7443331,0.8361321,0.84273434,12.813487,0.22135134041309357,0.27517229318618774,0.2003406286239624,0.7786486595869064,0.38611048,1.3582227,0.6378531,False,False,False
5,cycle44_subj05_margin_low_1sess_150ep,207,17230,0.03070561,0.03942748,118,-0.008721871,18.0,0.0,7.0,7.5,0.010185316,0.0017956086,0.008389708,-35.0,0.0,0,0,179.0,70.0,-109.0,0.83110476,0.026980817,0.7918647,1.7467402,0.8155986,0.8430908,12.812458,0.22135134041309357,0.27517229318618774,0.2003406286239624,0.7786486595869064,0.3866433,1.3600969,0.6165844,False,False,False
5,cycle44_subj05_margin_low_1sess_150ep,208,17238,0.05560001,0.04108588,297,0.01451413,1.0,1.0,1.0,1.0,0.010356892,-0.0013638027,0.011720695,0.0,0.0,0,0,3.0,1.0,-2.0,0.8783945,0.067843854,0.7995298,1.7486546,0.7906699,0.84481704,12.815098,0.22135134041309357,0.27517229318618774,0.2003406286239624,0.7786486595869064,0.38706705,1.3615876,0.6225528,False,False,False
5,cycle44_subj05_margin_low_1sess_150ep,209,17369,0.038406733,0.043468088,443,-0.0050613545,3.0,0.5,1.7,1.5,0.0032230802,0.002272725,0.0009503551,-1.0,0.0999999999999999,0,0,7.0,8.0,1.0,0.79118824,0.0011759996,0.77682096,1.7466772,0.81485987,0.843642,12.7009735,0.22135134041309357,0.27517229318618774,0.2003406286239624,0.7786486595869064,0.38662934,1.3600478,0.6048706,False,False,False
5,cycle44_subj05_margin_low_1sess_150ep,210,17374,0.049756184,0.044051357,405,0.0057048276,1.0,1.0,1.0,1.0,0.0007373132,0.0034476258,-0.0027103126,0.0,0.0,0,0,1.0,1.0,0.0,0.84207433,0.0014901161,0.78438586,1.7351865,0.8176762,0.83833593,12.761642,0.22135134041309357,0.27517229318618774,0.2003406286239624,0.7786486595869064,0.38408583,1.3511007,0.610761,False,False,False
5,cycle44_subj05_margin_low_1sess_150ep,211,17450,0.03785809,0.046325643,642,-0.008467551,13.0,0.0,4.0,4.0,0.0015243739,-0.0021823086,0.0037066825,-1.0,0.0,0,0,10.0,9.0,-1.0,0.79453063,0.016886115,0.7398238,1.7445738,0.7619276,0.8432626,12.81375,0.22135134041309357,0.27517229318618774,0.2003406286239624,0.7786486595869064,0.38616374,1.3584101,0.57606286,False,False,False
5,cycle44_subj05_margin_low_1sess_150ep,212,17463,0.043945625,0.05976717,828,-0.015821546,7.0,0.0769230769230769,2.769230769230769,3.0,0.00084462017,0.0067729056,-0.0059282854,1.0,0.0,0,0,2.0,2.0,0.0,0.88872284,0.047994554,0.81676644,1.7404975,0.81883603,0.84136367,12.843164,0.22135134041309357,0.27517229318618774,0.2003406286239624,0.7786486595869064,0.38526145,1.355236,0.6359741,False,False,False
5,cycle44_subj05_margin_low_1sess_150ep,213,17485,0.04906398,0.05266489,470,-0.0036009103,3.0,0.3333333333333333,1.6666666666666667,2.0,0.007517364,0.007834345,-0.00031698123,1.0,-0.6666666666666667,0,0,1.0,1.0,0.0,0.90824664,0.0024351478,0.8906695,1.7282268,0.8663776,0.8375687,12.732552,0.22135134041309357,0.27517229318618774,0.2003406286239624,0.7786486595869064,0.38254532,1.3456815,0.69351864,False,False,False
5,cycle44_subj05_margin_low_1sess_150ep,214,17549,0.048057154,0.04538899,827,0.0026681647,1.0,1.0,1.0,1.0,-0.0011753105,0.0025710948,-0.0037464052,0.0,0.0,0,0,1.0,1.0,0.0,0.84921455,0.0017274618,0.83858716,1.7347039,0.86551094,0.83995026,12.819887,0.22135134041309357,0.27517229318618774,0.2003406286239624,0.7786486595869064,0.38397902,1.3507249,0.6529648,False,False,False
5,cycle44_subj05_margin_low_1sess_150ep,215,17595,0.043952752,0.038101893,246,0.005850859,1.0,1.0,1.0,1.0,0.0004544258,-0.002083335,0.0025377609,0.0,0.0,0,0,2.0,3.0,1.0,0.83096623,0.02265203,0.7364957,1.7498468,0.6952008,0.844874,12.833066,0.22135134041309357,0.27517229318618774,0.2003406286239624,0.7786486595869064,0.38733095,1.3625159,0.57347137,False,False,False
5,cycle44_subj05_margin_low_1sess_150ep,216,17776,0.055089355,0.05552759,48,-0.0004382357,2.0,0.625,1.375,1.0,-0.0046128854,0.004349198,-0.008962084,1.0,-0.375,1,0,1.0,1.0,0.0,0.8539642,0.056860387,0.78449285,1.7464416,0.8002986,0.84256655,12.810952,0.22135134041309357,0.27517229318618774,0.2003406286239624,0.7786486595869064,0.3865772,1.3598645,0.6108443,False,False,False
5,cycle44_subj05_margin_low_1sess_150ep,217,17794,0.04870481,0.053981017,243,-0.005276207,2.0,0.8,1.2,1.0,0.0044082217,0.009510212,-0.00510199,0.0,0.0,0,0,1.0,1.0,0.0,0.9306887,0.0035193563,0.91598713,1.728378,0.81849897,0.8380143,12.775071,0.22135134041309357,0.27517229318618774,0.2003406286239624,0.7786486595869064,0.3825788,1.3457993,0.71323216,False,False,False
5,cycle44_subj05_margin_low_1sess_150ep,218,17934,0.03650398,0.041765887,195,-0.0052619055,6.0,0.1,2.2,2.0,0.0013162084,-0.0027247071,0.0040409155,1.0,-0.1,0,0,1.0,1.0,0.0,0.8362301,0.0073786974,0.8178765,1.7426314,0.8360411,0.8416242,12.765076,0.22135134041309357,0.27517229318618774,0.2003406286239624,0.7786486595869064,0.3857338,1.3568977,0.6368385,False,False,False
5,cycle44_subj05_margin_low_1sess_150ep,219,17942,0.0342782,0.048485465,73,-0.014207266,20.0,0.0,7.888888888888889,8.0,0.0012969747,-6.264821e-05,0.0013596229,-1.0,0.0,0,0,10.0,9.0,-1.0,0.9103818,0.009010673,0.85260093,1.7370288,0.833216,0.84056383,12.757931,0.22135134041309357,0.27517229318618774,0.2003406286239624,0.7786486595869064,0.38449365,1.3525352,0.6638766,False,False,False
5,cycle44_subj05_margin_low_1sess_150ep,220,18268,0.05188896,0.042874098,577,0.0090148635,1.0,1.0,1.0,1.0,-0.00020180643,0.0060009845,-0.006202791,0.0,0.0,0,0,1.0,1.0,0.0,0.84582084,0.011328638,0.80902594,1.7301522,0.8479631,0.83854103,12.747354,0.22135134041309357,0.27517229318618774,0.2003406286239624,0.7786486595869064,0.38297153,1.3471807,0.629947,False,False,False
5,cycle44_subj05_margin_low_1sess_150ep,221,18434,0.054076575,0.047624018,208,0.0064525567,1.0,1.0,1.0,1.0,0.0020383783,-9.94727e-05,0.002137851,0.0,0.0,0,0,1.0,1.0,0.0,0.7979353,0.008307576,0.7623476,1.7415758,0.78608525,0.842191,12.828636,0.22135134041309357,0.27517229318618774,0.2003406286239624,0.7786486595869064,0.38550013,1.3560758,0.5936009,False,False,False
5,cycle44_subj05_margin_low_1sess_150ep,222,18483,0.039180513,0.046990406,403,-0.0078098923,5.0,0.1818181818181818,2.4545454545454546,2.0,0.005560782,-0.00027955696,0.0058403388,-4.0,0.0,0,0,30.0,32.0,2.0,0.91553324,0.0005543828,0.90444374,1.7381325,0.80422366,0.8409823,12.793999,0.22135134041309357,0.27517229318618774,0.2003406286239624,0.7786486595869064,0.38473797,1.3533945,0.7042439,False,False,False
5,cycle44_subj05_margin_low_1sess_150ep,223,18505,0.06807566,0.05318397,743,0.014891688,1.0,1.0,1.0,1.0,0.0022193491,0.0051222257,-0.0029028766,0.0,0.0,0,0,1.0,1.0,0.0,0.8451852,0.015829265,0.8160449,1.7324435,0.86492884,0.8397,12.770022,0.22135134041309357,0.27517229318618774,0.2003406286239624,0.7786486595869064,0.38347867,1.3489648,0.6354123,False,False,False
5,cycle44_subj05_margin_low_1sess_150ep,224,18535,0.05915413,0.048667397,921,0.010486733,1.0,1.0,1.0,1.0,0.004973788,0.0016357452,0.0033380426,0.0,0.0,0,0,1.0,1.0,0.0,0.9217925,0.035192072,0.8785518,1.7360556,0.8159266,0.84031296,12.818594,0.22135134041309357,0.27517229318618774,0.2003406286239624,0.7786486595869064,0.38427824,1.3517774,0.68408316,False,False,False
5,cycle44_subj05_margin_low_1sess_150ep,225,18543,0.057017993,0.04517062,182,0.011847373,1.0,1.0,1.0,1.0,0.00304408,0.00429184,-0.0012477599,0.0,0.0,0,0,1.0,1.0,0.0,0.8521479,0.050578177,0.79276127,1.7303363,0.83403486,0.8378875,12.785369,0.22135134041309357,0.27517229318618774,0.2003406286239624,0.7786486595869064,0.38301226,1.347324,0.6172825,False,False,False
5,cycle44_subj05_margin_low_1sess_150ep,226,18690,0.041275635,0.04095512,912,0.00032051653,1.0,1.0,1.0,1.0,-0.0011458546,-0.001711864,0.00056600943,-1.0,0.5714285714285714,0,1,1.0,1.0,0.0,0.8947877,0.061976373,0.78894174,1.7308184,0.80157447,0.8382464,12.783855,0.22135134041309357,0.27517229318618774,0.2003406286239624,0.7786486595869064,0.38311896,1.3476994,0.6143084,False,False,False
5,cycle44_subj05_margin_low_1sess_150ep,227,18796,0.062124316,0.0412348,706,0.020889517,1.0,1.0,1.0,1.0,0.0022006594,0.0027137361,-0.0005130768,0.0,0.0,0,0,1.0,1.0,0.0,0.78395945,0.0025387406,0.7604302,1.742564,0.8130056,0.84297115,12.785328,0.22135134041309357,0.27517229318618774,0.2003406286239624,0.7786486595869064,0.38571888,1.3568451,0.59210795,False,False,False
5,cycle44_subj05_margin_low_1sess_150ep,228,19074,0.043571543,0.048823427,777,-0.0052518845,4.0,0.2,2.1,2.0,0.001976449,0.004055582,-0.002079133,1.0,-0.2,0,0,2.0,1.0,-1.0,0.9178282,3.4570694e-05,0.9054135,1.7358682,0.81761146,0.839166,12.842565,0.22135134041309357,0.27517229318618774,0.2003406286239624,0.7786486595869064,0.38423675,1.3516315,0.704999,False,False,False
5,cycle44_subj05_margin_low_1sess_150ep,229,19181,0.012963682,0.03118178,5,-0.018218098,12.0,0.0,5.363636363636363,5.0,-0.0035933442,-0.0043827016,0.00078935735,-2.0,0.0,0,0,109.0,223.0,114.0,0.8340312,0.010926008,0.81175995,1.7442411,0.8256814,0.84151006,12.810154,0.22135134041309357,0.27517229318618774,0.2003406286239624,0.7786486595869064,0.3860901,1.3581511,0.6320758,False,False,False
5,cycle44_subj05_margin_low_1sess_150ep,230,19199,0.048979733,0.04701177,828,0.0019679628,1.0,1.0,1.0,1.0,0.00021668896,0.005253546,-0.005036857,0.0,0.0,0,0,1.0,1.0,0.0,0.834645,0.026948452,0.7816218,1.7498187,0.77291626,0.8433568,12.858285,0.22135134041309357,0.27517229318618774,0.2003406286239624,0.7786486595869064,0.38732472,1.362494,0.6086088,False,False,False
5,cycle44_subj05_margin_low_1sess_150ep,231,19200,0.049074095,0.04954807,784,-0.00047397614,2.0,0.6666666666666666,1.3333333333333333,1.0,-0.001328934,0.0041741356,-0.0055030696,1.0,-0.3333333333333333,1,0,1.0,1.0,0.0,0.8814738,0.05256772,0.8087242,1.7327034,0.81852007,0.83891517,12.73755,0.22135134041309357,0.27517229318618774,0.2003406286239624,0.7786486595869064,0.38353622,1.3491672,0.62971205,False,False,False
5,cycle44_subj05_margin_low_1sess_150ep,232,19292,0.045826994,0.044045385,139,0.0017816089,1.0,1.0,1.0,1.0,0.00018775836,0.00055602565,-0.0003682673,0.0,0.0,0,0,1.0,1.0,0.0,0.8932556,0.0048657656,0.865135,1.735532,0.8238412,0.8396101,12.732033,0.22135134041309357,0.27517229318618774,0.2003406286239624,0.7786486595869064,0.38416234,1.3513697,0.67363626,False,False,False
5,cycle44_subj05_margin_low_1sess_150ep,233,19436,0.05865949,0.051896628,876,0.006762862,1.0,1.0,1.0,1.0,0.0072434135,-0.0029826388,0.010226052,-1.0,0.3333333333333333,0,1,1.0,1.0,0.0,0.8348279,0.03170556,0.7895873,1.739448,0.8398341,0.8413087,12.776651,0.22135134041309357,0.27517229318618774,0.2003406286239624,0.7786486595869064,0.38502914,1.3544189,0.6148111,False,False,False
5,cycle44_subj05_margin_low_1sess_150ep,234,19573,0.033533555,0.037743963,814,-0.004210409,12.0,0.0,3.7777777777777777,3.0,-0.003422048,-0.0018360764,-0.0015859716,9.0,-0.8888888888888888,0,0,3.0,9.0,6.0,0.82859594,0.07481855,0.74197394,1.7413756,0.7646758,0.84158456,12.805872,0.22135134041309357,0.27517229318618774,0.2003406286239624,0.7786486595869064,0.38545582,1.3559197,0.57773703,False,False,False
5,cycle44_subj05_margin_low_1sess_150ep,235,19642,0.03923143,0.044908248,227,-0.005676817,5.0,0.3,2.4,2.5,0.0004015863,-0.00027317926,0.00067476556,0.0,0.0999999999999999,0,0,7.0,6.0,-1.0,0.7956179,0.006610155,0.78072757,1.7345293,0.8352258,0.8399872,12.76711,0.22135134041309357,0.27517229318618774,0.2003406286239624,0.7786486595869064,0.38394037,1.3505889,0.6079125,False,False,False
5,cycle44_subj05_margin_low_1sess_150ep,236,19672,0.027501931,0.047903292,551,-0.02040136,74.0,0.0,22.77777777777778,22.0,0.0063186698,0.004735846,0.0015828237,-40.0,0.0,0,0,14.0,4.0,-10.0,0.88298535,0.008153498,0.8479058,1.7323396,0.79502183,0.83821803,12.752024,0.22135134041309357,0.27517229318618774,0.2003406286239624,0.7786486595869064,0.3834557,1.348884,0.66022074,False,False,False
5,cycle44_subj05_margin_low_1sess_150ep,237,19690,0.051255543,0.060915098,652,-0.009659555,4.0,0.3,2.2,2.0,0.0018250085,0.0017179325,0.00010707602,1.0,0.0,0,0,2.0,2.0,0.0,0.91683245,0.009716272,0.879779,1.734118,0.84501255,0.8387585,12.79531,0.22135134041309357,0.27517229318618774,0.2003406286239624,0.7786486595869064,0.38384935,1.3502687,0.68503875,False,False,False
5,cycle44_subj05_margin_low_1sess_150ep,238,19933,0.027024446,0.05480086,171,-0.027776415,64.0,0.0,20.666666666666668,21.0,-0.00046343543,-0.000788223,0.00032478757,26.0,0.0,0,0,18.0,21.0,3.0,0.8109482,0.00016903877,0.77642614,1.7421178,0.8172151,0.84083104,12.812504,0.22135134041309357,0.27517229318618774,0.2003406286239624,0.7786486595869064,0.3856201,1.3564976,0.6045632,False,False,False
5,cycle44_subj05_margin_low_1sess_150ep,239,20054,0.051806394,0.045974135,456,0.0058322586,1.0,1.0,1.0,1.0,0.003831543,0.0025553629,0.0012761801,0.0,0.0,0,0,2.0,1.0,-1.0,0.79025537,0.0011832118,0.7766535,1.7377137,0.7703229,0.8416237,12.890153,0.22135134041309357,0.27517229318618774,0.2003406286239624,0.7786486595869064,0.38464525,1.3530685,0.60474026,False,False,False
5,cycle44_subj05_margin_low_1sess_150ep,240,20064,0.05303473,0.05910546,652,-0.0060707293,3.0,0.5384615384615384,1.6153846153846154,1.0,-0.0005033836,0.0006807633,-0.0011841469,1.0,-0.1538461538461538,0,0,1.0,1.0,0.0,0.899067,0.027033925,0.8557965,1.738529,0.85690576,0.8402181,12.771355,0.22135134041309357,0.27517229318618774,0.2003406286239624,0.7786486595869064,0.3848257,1.3537033,0.66636485,False,False,False
5,cycle44_subj05_margin_low_1sess_150ep,241,20080,0.045443833,0.045345902,778,9.793043e-05,1.0,1.0,1.0,1.0,0.004024219,0.004567966,-0.0005437471,0.0,0.0,0,0,5.0,1.0,-4.0,0.8308465,0.021166801,0.7852534,1.7412069,0.8163722,0.84191126,12.797759,0.22135134041309357,0.27517229318618774,0.2003406286239624,0.7786486595869064,0.38541847,1.3557885,0.61143655,False,False,False
5,cycle44_subj05_margin_low_1sess_150ep,242,20206,0.044847038,0.04257037,361,0.0022766665,1.0,1.0,1.0,1.0,-0.0031070523,0.0011241771,-0.0042312294,0.0,0.0,0,0,1.0,1.0,0.0,0.79354316,0.028934598,0.7474009,1.7384264,0.7906797,0.8418048,12.745789,0.22135134041309357,0.27517229318618774,0.2003406286239624,0.7786486595869064,0.38480303,1.3536234,0.5819627,False,False,False
5,cycle44_subj05_margin_low_1sess_150ep,243,20223,0.0474563,0.040508505,279,0.006947797,1.0,1.0,1.0,1.0,0.0012707338,0.0013834499,-0.00011271611,0.0,0.0,0,0,3.0,6.0,3.0,0.91767293,1.4781952e-05,0.8890482,1.7303982,0.7653647,0.83761954,12.727842,0.22135134041309357,0.27517229318618774,0.2003406286239624,0.7786486595869064,0.38302594,1.3473723,0.6922562,False,False,False
5,cycle44_subj05_margin_low_1sess_150ep,244,20265,0.028485948,0.042065855,142,-0.013579907,58.0,0.0,18.6,17.5,0.009899611,0.004119251,0.0057803597,-109.0,0.0,0,0,17.0,6.0,-11.0,0.8455064,0.019065022,0.80597466,1.7366205,0.8152082,0.84066397,12.766399,0.22135134041309357,0.27517229318618774,0.2003406286239624,0.7786486595869064,0.3844033,1.3522173,0.6275711,False,False,False
5,cycle44_subj05_margin_low_1sess_150ep,245,20307,0.04699717,0.047517907,590,-0.000520736,3.0,0.2,2.0,2.0,0.0026766993,0.0032038651,-0.00052716583,2.0,-0.8,1,0,1.0,1.0,0.0,0.7946657,0.02824843,0.75503385,1.7412884,0.811736,0.84194034,12.824833,0.22135134041309357,0.27517229318618774,0.2003406286239624,0.7786486595869064,0.38543653,1.3558519,0.5879061,False,False,False
5,cycle44_subj05_margin_low_1sess_150ep,246,20442,0.061835147,0.0530822,987,0.008752946,1.0,1.0,1.0,1.0,0.0013337769,0.00073394924,0.0005998276,0.0,0.0,0,0,1.0,1.0,0.0,0.81837696,0.038946092,0.76483196,1.7562402,0.7416095,0.8455991,12.816427,0.22135134041309357,0.27517229318618774,0.2003406286239624,0.7786486595869064,0.38874614,1.3674941,0.5955354,False,False,False
5,cycle44_subj05_margin_low_1sess_150ep,247,20633,0.025630968,0.044336855,715,-0.018705888,43.0,0.0,15.090909090909092,15.0,-0.0007792879,0.0010482483,-0.0018275362,9.0,0.0,0,0,8.0,11.0,3.0,0.8485218,0.0037223697,0.81521595,1.7430351,0.8227893,0.8415928,12.757258,0.22135134041309357,0.27517229318618774,0.2003406286239624,0.7786486595869064,0.38582316,1.357212,0.6347668,False,False,False
5,cycle44_subj05_margin_low_1sess_150ep,248,20650,0.030227052,0.04150831,64,-0.0112812575,13.0,0.0,4.142857142857143,4.0,0.0065154247,0.0062631182,0.00025230646,-7.0,0.0,0,0,1.0,1.0,0.0,0.91862965,0.050628066,0.85773003,1.72373,0.8224039,0.83736503,12.777885,0.22135134041309357,0.27517229318618774,0.2003406286239624,0.7786486595869064,0.38154992,1.34218,0.66787034,False,False,False
5,cycle44_subj05_margin_low_1sess_150ep,249,20702,0.043147024,0.042115714,827,0.0010313094,1.0,1.0,1.0,1.0,-0.0019521527,0.00060514733,-0.0025573,0.0,0.0,0,0,2.0,3.0,1.0,0.8746764,0.013971746,0.84796286,1.7294421,0.8111929,0.8384065,12.793452,0.22135134041309357,0.27517229318618774,0.2003406286239624,0.7786486595869064,0.38281432,1.3466278,0.66026515,False,False,False
5,cycle44_subj05_margin_low_1sess_150ep,250,20738,0.06839523,0.051601615,591,0.016793612,1.0,1.0,1.0,1.0,0.0032605976,0.0026238635,0.00063673407,0.0,0.0,0,0,1.0,1.0,0.0,0.90421575,0.08866829,0.8032802,1.7413387,0.81262213,0.8419638,12.780579,0.22135134041309357,0.27517229318618774,0.2003406286239624,0.7786486595869064,0.38544765,1.3558911,0.625473,False,False,False
5,cycle44_subj05_margin_low_1sess_150ep,251,20777,0.027003668,0.041265666,867,-0.014261998,45.0,0.0,14.846153846153848,15.0,0.0038012844,0.002492819,0.0013084654,-16.0,0.0,0,0,3.0,6.0,3.0,0.73462707,0.008403599,0.7145101,1.7381479,0.77958107,0.8418429,12.819421,0.22135134041309357,0.27517229318618774,0.2003406286239624,0.7786486595869064,0.38474137,1.3534065,0.5563523,False,False,False
5,cycle44_subj05_margin_low_1sess_150ep,252,20820,0.040136054,0.04637201,417,-0.006235957,6.0,0.0,2.8,2.5,0.005409248,0.004697334,0.00071191415,-5.0,0.0,0,0,25.0,20.0,-5.0,0.9225787,0.021187425,0.852829,1.7372652,0.808644,0.83875,12.797907,0.22135134041309357,0.27517229318618774,0.2003406286239624,0.7786486595869064,0.38454598,1.3527193,0.66405416,False,False,False
5,cycle44_subj05_margin_low_1sess_150ep,253,21108,0.04337963,0.043605674,794,-0.00022604316,2.0,0.8333333333333334,1.1666666666666667,1.0,0.0086284615,0.004525736,0.0041027255,0.0,0.0,0,0,3.0,2.0,-1.0,0.86561406,0.0067392588,0.8327428,1.7319615,0.8187198,0.8386828,12.770821,0.22135134041309357,0.27517229318618774,0.2003406286239624,0.7786486595869064,0.383372,1.3485895,0.6484141,False,False,False
5,cycle44_subj05_margin_low_1sess_150ep,254,21192,0.0641105,0.050170343,765,0.013940159,1.0,1.0,1.0,1.0,-0.0017319173,-0.0021618977,0.00042998046,0.0,0.0,0,0,1.0,1.0,0.0,0.79702556,0.008859694,0.7700451,1.738157,0.7958311,0.842046,12.651479,0.22135134041309357,0.27517229318618774,0.2003406286239624,0.7786486595869064,0.3847434,1.3534137,0.5995946,False,False,False
5,cycle44_subj05_margin_low_1sess_150ep,255,21194,0.03398018,0.050097164,142,-0.016116984,8.0,0.1428571428571428,3.142857142857143,4.0,9.17539e-06,0.0035088472,-0.0034996718,-2.0,0.1428571428571428,0,0,9.0,14.0,5.0,0.87315804,0.025300622,0.8320834,1.7341939,0.854451,0.83991784,12.794146,0.22135134041309357,0.27517229318618774,0.2003406286239624,0.7786486595869064,0.38386616,1.3503278,0.64790064,False,False,False
5,cycle44_subj05_margin_low_1sess_150ep,256,21197,0.05527284,0.05039449,471,0.0048783496,1.0,1.0,1.0,1.0,0.003789939,0.005646877,-0.001856938,0.0,0.0,0,0,1.0,1.0,0.0,0.85112536,0.0030680299,0.79565364,1.7349317,0.7986845,0.83921504,12.8094015,0.22135134041309357,0.27517229318618774,0.2003406286239624,0.7786486595869064,0.38402945,1.3509023,0.6195347,False,False,False
5,cycle44_subj05_margin_low_1sess_150ep,257,21218,0.035127483,0.04908578,163,-0.013958298,12.0,0.0,3.0,3.0,-0.0011480711,0.0010034516,-0.0021515228,3.0,0.0,0,0,4.0,3.0,-1.0,0.9067572,0.06326407,0.81071645,1.7405536,0.8382927,0.841594,12.803828,0.22135134041309357,0.27517229318618774,0.2003406286239624,0.7786486595869064,0.38527387,1.3552798,0.6312633,False,False,False
5,cycle44_subj05_margin_low_1sess_150ep,258,21253,0.04881223,0.039078988,377,0.009733241,1.0,1.0,1.0,1.0,0.004098892,-0.0040719397,0.008170832,0.0,0.0,0,0,1.0,1.0,0.0,0.9299698,0.02468139,0.8988412,1.7304881,0.84685045,0.8376595,12.781246,0.22135134041309357,0.27517229318618774,0.2003406286239624,0.7786486595869064,0.38304585,1.3474423,0.6998815,False,False,False
5,cycle44_subj05_margin_low_1sess_150ep,259,21279,0.034631547,0.05397268,524,-0.019341134,19.0,0.0,5.5,5.0,0.0011976957,-0.0002264753,0.001424171,5.0,0.0,0,0,1.0,1.0,0.0,0.92397964,0.027329385,0.8727875,1.7372766,0.795553,0.8397668,12.758122,0.22135134041309357,0.27517229318618774,0.2003406286239624,0.7786486595869064,0.3845485,1.3527281,0.6795948,False,False,False
5,cycle44_subj05_margin_low_1sess_150ep,260,21318,0.047752637,0.05036511,371,-0.0026124716,4.0,0.3,2.1,2.0,-0.00015635043,-0.00019637868,4.0028244e-05,2.0,-0.3,0,0,1.0,2.0,1.0,0.8009679,0.01693976,0.75797105,1.7476506,0.7902159,0.84412605,12.864876,0.22135134041309357,0.27517229318618774,0.2003406286239624,0.7786486595869064,0.3868448,1.3608059,0.59019315,False,False,False
5,cycle44_subj05_margin_low_1sess_150ep,261,21508,0.041799556,0.050354876,914,-0.008555319,11.0,0.0,4.0,4.0,0.0038564242,0.004539009,-0.00068258494,-4.0,0.0,0,0,3.0,1.0,-2.0,0.9103818,0.015666425,0.85734165,1.737715,0.82392937,0.84024596,12.803548,0.22135134041309357,0.27517229318618774,0.2003406286239624,0.7786486595869064,0.38464555,1.3530695,0.6675679,False,False,False
5,cycle44_subj05_margin_low_1sess_150ep,262,21526,0.050541967,0.044028297,249,0.00651367,1.0,1.0,1.0,1.0,0.004953619,0.001215741,0.003737878,0.0,0.0,0,0,1.0,1.0,0.0,0.87199724,0.034029722,0.8320405,1.7406504,0.80983347,0.8406468,12.819029,0.22135134041309357,0.27517229318618774,0.2003406286239624,0.7786486595869064,0.3852953,1.3553551,0.6478672,False,False,False
5,cycle44_subj05_margin_low_1sess_150ep,263,21553,0.04008884,0.061441675,814,-0.021352835,9.0,0.125,2.875,2.0,-0.0028665885,0.0039556213,-0.00682221,5.0,-0.125,0,0,1.0,2.0,1.0,0.84412336,0.013346434,0.7785564,1.7571998,0.7550569,0.84647334,12.805111,0.22135134041309357,0.27517229318618774,0.2003406286239624,0.7786486595869064,0.3889585,1.3682413,0.6062219,False,False,False
5,cycle44_subj05_margin_low_1sess_150ep,264,21601,0.03555861,0.024530562,89,0.0110280495,1.0,1.0,1.0,1.0,0.0006628148,0.0027607176,-0.0020979028,0.0,0.0,0,0,1.0,1.0,0.0,0.8521479,0.05998659,0.7823036,1.7288629,0.7933651,0.83806634,12.781414,0.22135134041309357,0.27517229318618774,0.2003406286239624,0.7786486595869064,0.3826861,1.3461767,0.6091396,False,False,False
5,cycle44_subj05_margin_low_1sess_150ep,265,21703,0.04084221,0.046062376,403,-0.0052201673,5.0,0.2222222222222222,2.2222222222222223,2.0,0.004721407,0.003252305,0.0014691018,0.0,0.0,0,0,6.0,2.0,-4.0,0.91652465,0.0010152459,0.90867406,1.7327963,0.8143782,0.8391428,12.791012,0.22135134041309357,0.27517229318618774,0.2003406286239624,0.7786486595869064,0.38355678,1.3492396,0.70753783,False,False,False
5,cycle44_subj05_margin_low_1sess_150ep,266,21950,0.053517163,0.049512237,162,0.0040049255,1.0,1.0,1.0,1.0,-0.005668305,0.0016666278,-0.0073349327,0.0,0.0,0,0,1.0,1.0,0.0,0.77380514,0.0019009113,0.76441854,1.7443779,0.8119484,0.84264183,12.79975,0.22135134041309357,0.27517229318618774,0.2003406286239624,0.7786486595869064,0.38612038,1.3582575,0.5952135,False,False,False
5,cycle44_subj05_margin_low_1sess_150ep,267,21989,0.037159443,0.0480916,844,-0.010932159,6.0,0.2,2.5,3.0,0.001079686,0.005947087,-0.004867401,3.0,-0.2,0,0,1.0,1.0,0.0,0.7692686,0.007397294,0.7548756,1.7386895,0.7915054,0.84070194,12.839559,0.22135134041309357,0.27517229318618774,0.2003406286239624,0.7786486595869064,0.38486126,1.3538283,0.58778286,False,False,False
5,cycle44_subj05_margin_low_1sess_150ep,268,22138,0.03889194,0.049541578,704,-0.010649636,8.0,0.125,2.75,2.5,-0.0036477596,-0.0013900064,-0.0022577532,4.0,-0.25,0,0,2.0,2.0,0.0,0.9217925,0.015508473,0.8766538,1.7416612,0.79213405,0.84175307,12.817582,0.22135134041309357,0.27517229318618774,0.2003406286239624,0.7786486595869064,0.38551903,1.3561422,0.6826053,False,False,False
5,cycle44_subj05_margin_low_1sess_150ep,269,22143,0.040540576,0.043468494,414,-0.002927918,3.0,0.6,1.6,1.0,0.0033515207,-0.002531968,0.005883489,-3.0,0.3999999999999999,0,0,2.0,2.0,0.0,0.81771785,0.00049835443,0.7959116,1.7315171,0.840726,0.8398412,12.7989235,0.22135134041309357,0.27517229318618774,0.2003406286239624,0.7786486595869064,0.38327363,1.3482435,0.61973554,False,False,False
5,cycle44_subj05_margin_low_1sess_150ep,270,22155,0.049243156,0.05510981,964,-0.005866654,6.0,0.0,2.5,2.5,0.005859025,0.004842747,0.0010162778,-6.0,0.0,0,0,2.0,6.0,4.0,0.8966327,0.024217188,0.84766376,1.7378463,0.8102319,0.8397481,12.790938,0.22135134041309357,0.27517229318618774,0.2003406286239624,0.7786486595869064,0.3846746,1.3531717,0.6600323,False,False,False
5,cycle44_subj05_margin_low_1sess_150ep,271,22263,0.049569335,0.06158371,777,-0.012014374,5.0,0.3333333333333333,2.111111111111111,2.0,0.005593013,0.0038812347,0.0017117783,0.0,0.0,0,0,1.0,1.0,0.0,0.8535032,0.009516418,0.8162209,1.7415437,0.7607515,0.8420907,12.729882,0.22135134041309357,0.27517229318618774,0.2003406286239624,0.7786486595869064,0.385493,1.3560506,0.6355493,False,False,False
5,cycle44_subj05_margin_low_1sess_150ep,272,22387,0.050201826,0.042431533,697,0.0077702925,1.0,1.0,1.0,1.0,-0.0012965389,-0.0014165007,0.0001199618,0.0,0.0,0,0,1.0,1.0,0.0,0.83124566,0.017882943,0.7887155,1.7432096,0.82118595,0.8428886,12.786154,0.22135134041309357,0.27517229318618774,0.2003406286239624,0.7786486595869064,0.38586178,1.3573478,0.6141323,False,False,False
5,cycle44_subj05_margin_low_1sess_150ep,273,22495,0.04842181,0.053605698,5,-0.0051838867,3.0,0.5714285714285714,1.5714285714285714,1.0,0.0011259764,0.0037060827,-0.0025801063,-1.0,0.0,0,0,1.0,1.0,0.0,0.9058934,0.004522264,0.8625418,1.7273217,0.8441036,0.8375688,12.727509,0.22135134041309357,0.27517229318618774,0.2003406286239624,0.7786486595869064,0.382345,1.3449768,0.67161703,False,False,False
5,cycle44_subj05_margin_low_1sess_150ep,274,22505,0.045783184,0.04879186,417,-0.0030086748,2.0,0.625,1.375,1.0,0.0041018613,0.004915938,-0.0008140765,-3.0,0.5,0,0,4.0,1.0,-3.0,0.8278978,0.019639373,0.7941984,1.7413286,0.8395988,0.8418329,12.79569,0.22135134041309357,0.27517229318618774,0.2003406286239624,0.7786486595869064,0.38544542,1.3558832,0.6184015,False,False,False
5,cycle44_subj05_margin_low_1sess_150ep,275,22515,0.044968426,0.05132246,142,-0.006354034,6.0,0.2857142857142857,2.4285714285714284,2.0,0.0022379346,0.001997389,0.00024054572,2.0,-0.5714285714285714,0,0,2.0,1.0,-1.0,0.8823283,0.009170234,0.8531147,1.727338,0.8642454,0.83721745,12.767444,0.22135134041309357,0.27517229318618774,0.2003406286239624,0.7786486595869064,0.38234857,1.3449894,0.66427666,False,False,False
5,cycle44_subj05_margin_low_1sess_150ep,276,22523,0.059983354,0.047170095,777,0.012813259,1.0,1.0,1.0,1.0,-0.0029263534,-0.00033472478,-0.0025916286,0.0,0.0,0,0,1.0,1.0,0.0,0.8404336,0.0028026104,0.8179935,1.7334695,0.8645686,0.8392042,12.74702,0.22135134041309357,0.27517229318618774,0.2003406286239624,0.7786486595869064,0.3837058,1.3497638,0.6369296,False,False,False
5,cycle44_subj05_margin_low_1sess_150ep,277,22530,0.03675305,0.05103089,743,-0.014277838,60.0,0.0,20.5,21.5,0.0019517094,0.0030867644,-0.001135055,16.0,0.0,0,0,3.0,3.0,0.0,0.75083995,0.0058187842,0.73877114,1.7479675,0.8119674,0.8431387,12.800075,0.22135134041309357,0.27517229318618774,0.2003406286239624,0.7786486595869064,0.38691494,1.3610525,0.5752432,False,False,False
5,cycle44_subj05_margin_low_1sess_150ep,278,22585,0.04944587,0.050295405,403,-0.0008495338,2.0,0.7142857142857143,1.2857142857142858,1.0,0.0028530285,-0.002316624,0.0051696524,0.0,0.0,0,0,1.0,1.0,0.0,0.899067,0.063804865,0.82190114,1.7364924,0.83852404,0.84025025,12.797879,0.22135134041309357,0.27517229318618774,0.2003406286239624,0.7786486595869064,0.38437492,1.3521175,0.6399722,False,False,False
5,cycle44_subj05_margin_low_1sess_150ep,279,22587,0.053092234,0.049350657,794,0.0037415773,1.0,1.0,1.0,1.0,0.0071552023,0.00040899962,0.0067462027,-1.0,0.4,0,1,1.0,1.0,0.0,0.8935412,0.008395433,0.86835814,1.733486,0.8134205,0.83906054,12.792325,0.22135134041309357,0.27517229318618774,0.2003406286239624,0.7786486595869064,0.38370946,1.3497766,0.6761459,False,False,False
5,cycle44_subj05_margin_low_1sess_150ep,280,22772,0.050520495,0.05300472,777,-0.0024842247,2.0,0.8888888888888888,1.1111111111111112,1.0,0.0033995397,0.0040239654,-0.0006244257,-2.0,0.5555555555555556,0,0,1.0,1.0,0.0,0.91703314,0.02686429,0.8760152,1.7346925,0.84694463,0.83874,12.784689,0.22135134041309357,0.27517229318618774,0.2003406286239624,0.7786486595869064,0.3839765,1.350716,0.68210804,False,False,False
5,cycle44_subj05_margin_low_1sess_150ep,281,22782,0.03060037,0.04461183,793,-0.014011459,15.0,0.0,5.75,6.5,0.0025685094,0.0034734383,-0.0009049289,-3.0,0.0,0,0,2.0,2.0,0.0,0.82313156,0.010002375,0.78511,1.7459321,0.80799484,0.8429979,12.753205,0.22135134041309357,0.27517229318618774,0.2003406286239624,0.7786486595869064,0.38646442,1.3594677,0.61132485,False,False,False
5,cycle44_subj05_margin_low_1sess_150ep,282,22794,0.04328752,0.04773144,951,-0.004443921,4.0,0.6363636363636364,1.7272727272727273,1.0,0.0071755573,0.0073516592,-0.00017610192,-3.0,0.0909090909090909,0,0,2.0,1.0,-1.0,0.87016094,0.041992664,0.79635394,1.7397691,0.8251705,0.8412591,12.800505,0.22135134041309357,0.27517229318618774,0.2003406286239624,0.7786486595869064,0.38510022,1.3546689,0.62007993,False,False,False
5,cycle44_subj05_margin_low_1sess_150ep,283,22809,0.036705174,0.04551104,745,-0.008805867,2.0,0.5,1.5,1.5,0.001443293,-0.0024430826,0.0038863756,0.0,0.0,0,0,1.0,1.0,0.0,0.7925033,0.013156474,0.7605144,1.7325745,0.79941064,0.8396507,12.736121,0.22135134041309357,0.27517229318618774,0.2003406286239624,0.7786486595869064,0.38350767,1.3490669,0.5921735,False,False,False
5,cycle44_subj05_margin_low_1sess_150ep,284,22845,0.049418103,0.044959046,523,0.004459057,1.0,1.0,1.0,1.0,0.0037105829,-0.0007468164,0.0044573992,0.0,0.0,0,0,1.0,1.0,0.0,0.9169746,0.001814425,0.9022557,1.738582,0.83373535,0.8405915,12.797907,0.22135134041309357,0.27517229318618774,0.2003406286239624,0.7786486595869064,0.38483745,1.3537446,0.7025402,False,False,False
5,cycle44_subj05_margin_low_1sess_150ep,285,22873,0.032284748,0.045362398,577,-0.01307765,17.0,0.0,6.285714285714286,6.0,-5.4486096e-05,0.007080689,-0.007135175,12.0,-0.1428571428571428,0,0,9.0,8.0,-1.0,0.83029974,0.0038482547,0.8127987,1.733668,0.86636096,0.8401258,12.842483,0.22135134041309357,0.27517229318618774,0.2003406286239624,0.7786486595869064,0.38374972,1.3499182,0.6328846,False,False,False
5,cycle44_subj05_margin_low_1sess_150ep,286,22879,0.04547326,0.05749898,48,-0.012025721,6.0,0.25,2.5,3.0,-0.00051822886,0.004315771,-0.004834,2.0,0.0,0,0,1.0,1.0,0.0,0.8532943,0.0114886165,0.7937617,1.7392504,0.804327,0.8412584,12.802559,0.22135134041309357,0.27517229318618774,0.2003406286239624,0.7786486595869064,0.38498542,1.3542651,0.6180615,False,False,False
5,cycle44_subj05_margin_low_1sess_150ep,287,22886,0.045055185,0.043570526,227,0.0014846586,1.0,1.0,1.0,1.0,-0.0004886016,0.0032666884,-0.00375529,0.0,0.0,0,0,2.0,3.0,1.0,0.843044,0.020034134,0.7979934,1.7335962,0.8479197,0.83968925,12.7801285,0.22135134041309357,0.27517229318618774,0.2003406286239624,0.7786486595869064,0.38373384,1.3498623,0.62135655,False,False,False
5,cycle44_subj05_margin_low_1sess_150ep,288,22957,0.05335418,0.056673344,356,-0.0033191629,2.0,0.6,1.4,1.0,0.0017311834,0.0022776015,-0.00054641813,0.0,0.0,0,0,1.0,1.0,0.0,0.8194705,0.0048110485,0.7993302,1.7446977,0.8096569,0.84189665,12.866815,0.22135134041309357,0.27517229318618774,0.2003406286239624,0.7786486595869064,0.38619116,1.3585066,0.62239736,False,False,False
5,cycle44_subj05_margin_low_1sess_150ep,289,22967,0.05938029,0.056825582,172,0.0025547072,1.0,1.0,1.0,1.0,0.001701057,0.0044687055,-0.0027676485,0.0,0.0,0,0,1.0,1.0,0.0,0.8637959,0.02981335,0.8081415,1.7355702,0.82819414,0.84085506,12.726564,0.22135134041309357,0.27517229318618774,0.2003406286239624,0.7786486595869064,0.3841708,1.3513994,0.62925833,False,False,False
5,cycle44_subj05_margin_low_1sess_150ep,290,22993,0.042903222,0.03708354,39,0.005819682,1.0,1.0,1.0,1.0,0.006172683,-0.00012723356,0.0062999167,-1.0,0.5,0,1,4.0,4.0,0.0,0.82212555,0.0050268173,0.797208,1.7432722,0.8250217,0.8414144,12.872803,0.22135134041309357,0.27517229318618774,0.2003406286239624,0.7786486595869064,0.38587564,1.3573966,0.62074494,False,False,False
5,cycle44_subj05_margin_low_1sess_150ep,291,23036,0.04625052,0.04419992,54,0.0020505972,1.0,1.0,1.0,1.0,0.0014453195,0.0042605773,-0.0028152578,0.0,0.0,0,0,1.0,1.0,0.0,0.9392493,0.005459845,0.91210574,1.7309791,0.8217411,0.8383176,12.748893,0.22135134041309357,0.27517229318618774,0.2003406286239624,0.7786486595869064,0.38315454,1.3478246,0.7102099,False,False,False
5,cycle44_subj05_margin_low_1sess_150ep,292,23241,0.035260435,0.04884677,21,-0.013586335,31.0,0.0,11.285714285714286,11.0,0.001239974,0.002508711,-0.001268737,3.0,0.0,0,0,8.0,4.0,-4.0,0.873898,0.008719385,0.8570212,1.7321277,0.86818606,0.84045994,12.746791,0.22135134041309357,0.27517229318618774,0.2003406286239624,0.7786486595869064,0.38340878,1.3487189,0.6673184,False,False,False
5,cycle44_subj05_margin_low_1sess_150ep,293,23492,0.025712704,0.04717097,827,-0.021458266,202.0,0.0,63.333333333333336,62.0,0.0037777666,0.0029126182,0.0008651484,-10.0,0.0,0,0,6.0,4.0,-2.0,0.83879656,0.0025664568,0.81747895,1.7361807,0.84527534,0.83899844,12.839455,0.22135134041309357,0.27517229318618774,0.2003406286239624,0.7786486595869064,0.38430592,1.3518748,0.6365289,False,False,False
5,cycle44_subj05_margin_low_1sess_150ep,294,23715,0.037599947,0.055281777,524,-0.01768183,23.0,0.0,7.666666666666667,7.5,-0.0011630021,0.0014755912,-0.0026385933,7.0,0.0,0,0,1.0,2.0,1.0,0.8056543,0.008826375,0.78030646,1.7335852,0.8192149,0.84041697,12.766379,0.22135134041309357,0.27517229318618774,0.2003406286239624,0.7786486595869064,0.38373142,1.3498539,0.6075846,False,False,False
5,cycle44_subj05_margin_low_1sess_150ep,295,23729,0.035977382,0.037753463,331,-0.0017760806,2.0,0.8,1.2,1.0,-0.00080293417,0.002626188,-0.0034291223,1.0,-0.1999999999999999,1,0,1.0,1.0,0.0,0.78069615,0.029344976,0.74535644,1.7422811,0.75402904,0.84250575,12.693689,0.22135134041309357,0.27517229318618774,0.2003406286239624,0.7786486595869064,0.38565624,1.3566248,0.5803708,False,False,False
5,cycle44_subj05_margin_low_1sess_150ep,296,23871,0.03448866,0.043709442,492,-0.009220783,13.0,0.1,3.7,3.0,0.012462698,0.0060426965,0.0064200014,-55.0,0.1,0,0,9.0,2.0,-7.0,0.88542557,0.017423987,0.85120374,1.7324849,0.8141164,0.838926,12.733662,0.22135134041309357,0.27517229318618774,0.2003406286239624,0.7786486595869064,0.38348785,1.3489971,0.6627887,False,False,False
5,cycle44_subj05_margin_low_1sess_150ep,297,23876,0.045751944,0.05182389,590,-0.0060719475,2.0,0.4444444444444444,1.5555555555555556,2.0,0.0026263557,0.004666239,-0.0020398833,0.0,0.0,0,0,1.0,1.0,0.0,0.82426655,0.004892111,0.795932,1.7423806,0.84362644,0.8412616,12.895687,0.22135134041309357,0.27517229318618774,0.2003406286239624,0.7786486595869064,0.3856783,1.3567023,0.6197514,False,False,False
5,cycle44_subj05_margin_low_1sess_150ep,298,23883,0.016415818,0.036631152,127,-0.020215334,55.0,0.0,16.818181818181817,17.0,0.0038100136,0.00087711215,0.0029329006,-16.0,0.0,0,0,78.0,54.0,-24.0,0.89162636,0.01128751,0.86543304,1.7287596,0.8303729,0.83728623,12.773427,0.22135134041309357,0.27517229318618774,0.2003406286239624,0.7786486595869064,0.38266328,1.3460964,0.6738683,False,False,False
5,cycle44_subj05_margin_low_1sess_150ep,299,23993,0.05124694,0.050405215,195,0.0008417256,1.0,1.0,1.0,1.0,0.0043631643,0.002635304,0.0017278604,-1.0,0.1538461538461538,0,1,1.0,1.0,0.0,0.8919416,0.0077567697,0.8534424,1.7358867,0.86522996,0.84029156,12.851534,0.22135134041309357,0.27517229318618774,0.2003406286239624,0.7786486595869064,0.38424084,1.3516458,0.66453177,False,False,False
5,cycle44_subj05_margin_low_1sess_150ep,300,24202,0.057244703,0.047860835,630,0.009383868,1.0,1.0,1.0,1.0,0.002780024,0.0024967343,0.0002832897,0.0,0.0,0,0,2.0,1.0,-1.0,0.8726555,0.023007333,0.836098,1.7311878,0.85784644,0.83874947,12.77007,0.22135134041309357,0.27517229318618774,0.2003406286239624,0.7786486595869064,0.38320073,1.347987,0.6510266,False,False,False
5,cycle44_subj05_margin_low_1sess_150ep,301,24214,0.040051676,0.052824147,191,-0.012772471,11.0,0.0,4.0,4.5,0.0058082156,0.005741667,6.6548586e-05,-1.0,0.0,0,0,25.0,15.0,-10.0,0.92330706,0.006839454,0.9007851,1.7331632,0.8375904,0.83846784,12.813287,0.22135134041309357,0.27517229318618774,0.2003406286239624,0.7786486595869064,0.383638,1.3495252,0.7013951,False,False,False
5,cycle44_subj05_margin_low_1sess_150ep,302,24264,0.06832083,0.060729794,493,0.007591039,1.0,1.0,1.0,1.0,0.005023062,0.0068247207,-0.0018016584,0.0,0.0,0,0,1.0,1.0,0.0,0.87540376,0.0007273555,0.8536789,1.7315634,0.8015039,0.8386466,12.8101225,0.22135134041309357,0.27517229318618774,0.2003406286239624,0.7786486595869064,0.38328388,1.3482796,0.66471595,False,False,False
5,cycle44_subj05_margin_low_1sess_150ep,303,24317,0.036256485,0.044601575,886,-0.00834509,15.0,0.25,5.5,6.0,-0.00011648983,-0.00090256706,0.00078607723,8.0,0.0,0,0,2.0,3.0,1.0,0.8752579,0.008521438,0.84817326,1.7258561,0.8492142,0.83819586,12.793409,0.22135134041309357,0.27517229318618774,0.2003406286239624,0.7786486595869064,0.38202056,1.3438356,0.660429,False,False,False
5,cycle44_subj05_margin_low_1sess_150ep,304,24480,0.03459593,0.052877225,36,-0.018281296,38.0,0.0,12.75,13.0,0.0028635114,0.0032886975,-0.000425186,-1.0,0.0,0,0,4.0,9.0,5.0,0.8567593,0.0009992719,0.82412183,1.7455547,0.83711517,0.8422203,12.849111,0.22135134041309357,0.27517229318618774,0.2003406286239624,0.7786486595869064,0.38638088,1.3591739,0.6417014,False,False,False
5,cycle44_subj05_margin_low_1sess_150ep,305,24517,0.03452153,0.042259295,23,-0.007737763,9.0,0.0,4.25,4.0,-0.0008080527,0.0026838556,-0.0034919083,4.0,-0.25,0,0,7.0,12.0,5.0,0.8820505,0.010069549,0.8566333,1.7328981,0.86698145,0.8395249,12.753913,0.22135134041309357,0.27517229318618774,0.2003406286239624,0.7786486595869064,0.3835793,1.3493189,0.6670164,False,False,False
5,cycle44_subj05_margin_low_1sess_150ep,306,24530,0.0474174,0.04910358,403,-0.0016861819,4.0,0.1538461538461538,1.8461538461538465,2.0,0.00078649074,-0.001224529,0.0020110197,1.0,-0.3076923076923077,0,0,5.0,6.0,1.0,0.8528394,0.023275673,0.8174998,1.7401822,0.8257785,0.8419673,12.768582,0.22135134041309357,0.27517229318618774,0.2003406286239624,0.7786486595869064,0.38519165,1.3549905,0.6365451,False,False,False
5,cycle44_subj05_margin_low_1sess_150ep,307,24560,0.04278378,0.03871681,93,0.0040669665,1.0,1.0,1.0,1.0,0.00310098,0.0036451966,-0.0005442165,0.0,0.0,0,0,1.0,1.0,0.0,0.8501445,0.0063219666,0.8076642,1.7326564,0.85093635,0.838509,12.792462,0.22135134041309357,0.27517229318618774,0.2003406286239624,0.7786486595869064,0.38352582,1.3491306,0.6288867,False,False,False
5,cycle44_subj05_margin_low_1sess_150ep,308,24638,0.049771972,0.04917455,740,0.0005974211,1.0,1.0,1.0,1.0,0.0036731772,-0.00066459924,0.0043377765,-1.0,0.6,0,1,2.0,1.0,-1.0,0.91413283,0.09706408,0.7962957,1.7417886,0.77570724,0.8405482,12.790442,0.22135134041309357,0.27517229318618774,0.2003406286239624,0.7786486595869064,0.38554725,1.3562413,0.6200346,False,False,False
5,cycle44_subj05_margin_low_1sess_150ep,309,24640,0.027471228,0.042011254,848,-0.014540026,20.0,0.0,5.0,5.0,0.0020082016,0.0024415478,-0.00043334626,-2.0,0.0,0,0,22.0,24.0,2.0,0.9122772,0.029534876,0.8734825,1.7346255,0.8611091,0.83831185,12.751423,0.22135134041309357,0.27517229318618774,0.2003406286239624,0.7786486595869064,0.38396168,1.3506638,0.680136,False,False,False
5,cycle44_subj05_margin_low_1sess_150ep,310,24649,0.037436236,0.051155366,590,-0.01371913,7.0,0.1666666666666666,2.833333333333333,2.5,0.00014808774,0.0048987865,-0.004750699,-2.0,0.1666666666666666,0,0,4.0,4.0,0.0,0.87391555,0.010902643,0.83215964,1.7385195,0.81801236,0.8405499,12.728744,0.22135134041309357,0.27517229318618774,0.2003406286239624,0.7786486595869064,0.38482362,1.353696,0.64796,False,False,False
5,cycle44_subj05_margin_low_1sess_150ep,311,24739,0.0445062,0.04763554,859,-0.0031293407,4.0,0.2727272727272727,1.818181818181818,2.0,0.00078431517,-0.0008180365,0.0016023517,-2.0,0.1818181818181818,0,0,2.0,1.0,-1.0,0.8966923,0.02300942,0.8489547,1.733132,0.8504762,0.84013116,12.752956,0.22135134041309357,0.27517229318618774,0.2003406286239624,0.7786486595869064,0.38363108,1.3495009,0.66103745,False,False,False
5,cycle44_subj05_margin_low_1sess_150ep,312,24740,0.05091587,0.053835206,590,-0.002919335,2.0,0.4166666666666667,1.5833333333333333,2.0,0.00089704245,0.0047458075,-0.003848765,1.0,-0.5833333333333333,1,0,1.0,1.0,0.0,0.8902226,0.015714109,0.8516261,1.742365,0.81885916,0.84239167,12.795352,0.22135134041309357,0.27517229318618774,0.2003406286239624,0.7786486595869064,0.38567483,1.3566902,0.6631175,False,False,False
5,cycle44_subj05_margin_low_1sess_150ep,313,24787,0.04822364,0.040887967,36,0.007335674,1.0,1.0,1.0,1.0,0.008756708,0.0037650727,0.0049916357,0.0,0.0,0,0,2.0,1.0,-1.0,0.8528213,0.001050055,0.82551354,1.7318667,0.851405,0.83916324,12.718671,0.22135134041309357,0.27517229318618774,0.2003406286239624,0.7786486595869064,0.38335103,1.3485157,0.642785,False,False,False
5,cycle44_subj05_margin_low_1sess_150ep,314,24846,0.036946148,0.05385624,39,-0.016910091,9.0,0.0,3.357142857142857,3.5,-0.0038336106,0.0003689155,-0.004202526,5.0,-0.3571428571428571,0,0,5.0,7.0,2.0,0.853239,0.006490648,0.83243656,1.7406332,0.7870446,0.84158844,12.754032,0.22135134041309357,0.27517229318618774,0.2003406286239624,0.7786486595869064,0.38529152,1.3553418,0.6481756,False,False,False
5,cycle44_subj05_margin_low_1sess_150ep,315,25059,0.025553847,0.045544144,246,-0.019990297,50.0,0.0,15.285714285714286,16.0,0.0065276287,7.3723495e-05,0.0064539053,-37.0,0.0,0,0,42.0,28.0,-14.0,0.83190566,0.014812887,0.80329007,1.7396024,0.83547413,0.84035677,12.769028,0.22135134041309357,0.27517229318618774,0.2003406286239624,0.7786486595869064,0.38506332,1.3545392,0.6254808,False,False,False
5,cycle44_subj05_margin_low_1sess_150ep,316,25091,0.040814728,0.045694765,361,-0.004880037,3.0,0.5,1.5,1.5,-0.00033629686,-0.00027608871,-6.020814e-05,0.0,0.0,0,0,16.0,34.0,18.0,0.81447566,0.005641103,0.8005101,1.7375735,0.83717453,0.8409327,12.737121,0.22135134041309357,0.27517229318618774,0.2003406286239624,0.7786486595869064,0.38461423,1.3529593,0.6233161,False,False,False
5,cycle44_subj05_margin_low_1sess_150ep,317,25111,0.044123128,0.056390546,680,-0.012267418,10.0,0.0,3.7,3.0,0.004830051,0.0040016025,0.0008284487,1.0,-0.1,0,0,10.0,8.0,-2.0,0.9832643,0.08043605,0.88243544,1.7357256,0.81277746,0.84021556,12.724037,0.22135134041309357,0.27517229318618774,0.2003406286239624,0.7786486595869064,0.3842052,1.3515204,0.6871072,False,False,False
5,cycle44_subj05_margin_low_1sess_150ep,318,25205,0.049905047,0.04710535,516,0.0027996972,1.0,1.0,1.0,1.0,0.0057906173,0.007032808,-0.0012421906,0.0,0.0,0,0,1.0,1.0,0.0,0.9284384,0.009166002,0.90255535,1.732488,0.82385254,0.8388198,12.777084,0.22135134041309357,0.27517229318618774,0.2003406286239624,0.7786486595869064,0.38348854,1.3489995,0.7027735,False,False,False
5,cycle44_subj05_margin_low_1sess_150ep,319,25250,0.060029086,0.047335494,985,0.012693591,1.0,1.0,1.0,1.0,-0.0025998242,-0.0013573244,-0.0012424998,0.0,0.0,0,0,1.0,1.0,0.0,0.8255009,0.01061976,0.79556143,1.7353997,0.81980145,0.83972687,12.743275,0.22135134041309357,0.27517229318618774,0.2003406286239624,0.7786486595869064,0.38413304,1.3512667,0.61946285,False,False,False
5,cycle44_subj05_margin_low_1sess_150ep,320,25268,0.049253482,0.0419366,468,0.0073168837,1.0,1.0,1.0,1.0,0.0029690005,0.0015200116,0.0014489889,0.0,0.0,0,0,2.0,1.0,-1.0,0.9357817,0.0075481534,0.9156462,1.7356836,0.8400913,0.8397753,12.79374,0.22135134041309357,0.27517229318618774,0.2003406286239624,0.7786486595869064,0.3841959,1.3514878,0.7129667,False,False,False
5,cycle44_subj05_margin_low_1sess_150ep,321,25284,0.053802434,0.04811352,556,0.005688913,1.0,1.0,1.0,1.0,0.0030500814,-0.005106669,0.00815675,-1.0,0.3076923076923077,0,1,1.0,1.0,0.0,0.8182118,0.020742714,0.7723455,1.7412874,0.8083343,0.8408733,12.80341,0.22135134041309357,0.27517229318618774,0.2003406286239624,0.7786486595869064,0.3854363,1.355851,0.6013858,False,False,False
5,cycle44_subj05_margin_low_1sess_150ep,322,25287,0.043657098,0.036932852,19,0.006724246,1.0,1.0,1.0,1.0,0.00022928417,-0.0013547502,0.0015840344,0.0,0.0,0,0,5.0,7.0,2.0,0.8160692,0.005451441,0.79324216,1.735894,0.8237466,0.8387086,12.836352,0.22135134041309357,0.27517229318618774,0.2003406286239624,0.7786486595869064,0.38424245,1.3516515,0.61765695,False,False,False
5,cycle44_subj05_margin_low_1sess_150ep,323,25318,0.0463468,0.04685248,455,-0.0005056821,2.0,0.5,1.5,1.5,0.002576694,0.0019196011,0.0006570928,0.0,0.0,0,0,1.0,1.0,0.0,0.91694576,0.016158223,0.8346856,1.7337927,0.83739877,0.8387113,12.807404,0.22135134041309357,0.27517229318618774,0.2003406286239624,0.7786486595869064,0.38377732,1.3500154,0.64992684,False,False,False
5,cycle44_subj05_margin_low_1sess_150ep,324,25319,0.04642447,0.04393121,417,0.0024932623,1.0,1.0,1.0,1.0,-0.0048793852,-0.0034321956,-0.0014471896,0.0,0.0,0,0,1.0,1.0,0.0,0.84697706,0.01214087,0.8271073,1.7310456,0.84093255,0.83999723,12.7224,0.22135134041309357,0.27517229318618774,0.2003406286239624,0.7786486595869064,0.38316926,1.3478763,0.644026,False,False,False
5,cycle44_subj05_margin_low_1sess_150ep,325,25371,0.048679963,0.04898157,941,-0.00030160695,2.0,0.7272727272727273,1.2727272727272727,1.0,0.004946016,0.0033501796,0.0015958361,0.0,0.0,0,0,1.0,1.0,0.0,0.87689567,0.012836516,0.84686375,1.7330241,0.88385403,0.8391764,12.746717,0.22135134041309357,0.27517229318618774,0.2003406286239624,0.7786486595869064,0.3836072,1.349417,0.65940934,False,False,False
5,cycle44_subj05_margin_low_1sess_150ep,326,25454,0.057247847,0.04397643,514,0.0132714175,1.0,1.0,1.0,1.0,0.008433338,0.0040535405,0.0043797977,0.0,0.0,0,0,1.0,1.0,0.0,0.9374153,0.044593632,0.86005193,1.7388577,0.8510389,0.84090954,12.761749,0.22135134041309357,0.27517229318618774,0.2003406286239624,0.7786486595869064,0.38489848,1.3539593,0.6696783,False,False,False
5,cycle44_subj05_margin_low_1sess_150ep,327,25570,0.05387659,0.05020459,125,0.003672,1.0,1.0,1.0,1.0,0.0030903183,0.0028972887,0.00019302964,0.0,0.0,0,0,1.0,1.0,0.0,0.86950547,0.064658225,0.7769608,1.7424452,0.7951307,0.8412721,12.790736,0.22135134041309357,0.27517229318618774,0.2003406286239624,0.7786486595869064,0.3856926,1.3567526,0.6049795,False,False,False
5,cycle44_subj05_margin_low_1sess_150ep,328,25578,0.04603961,0.052347638,2,-0.0063080266,3.0,0.5714285714285714,1.5714285714285714,1.0,0.00095772743,0.0017378032,-0.0007800758,1.0,0.0,0,0,2.0,2.0,0.0,0.9271693,0.0051884055,0.9102062,1.7272317,0.81956244,0.83865166,12.736425,0.22135134041309357,0.27517229318618774,0.2003406286239624,0.7786486595869064,0.38232505,1.3449067,0.7087309,False,False,False
5,cycle44_subj05_margin_low_1sess_150ep,329,25581,0.0260822,0.037104048,11,-0.011021847,26.0,0.0,9.181818181818182,10.0,-0.0012267716,0.0023820512,-0.0036088228,14.0,0.0,0,0,25.0,35.0,10.0,0.90084195,0.008943617,0.8641351,1.7324021,0.7745699,0.839115,12.787559,0.22135134041309357,0.27517229318618774,0.2003406286239624,0.7786486595869064,0.38346952,1.3489326,0.67285764,False,False,False
5,cycle44_subj05_margin_low_1sess_150ep,330,25588,0.03717262,0.044439238,590,-0.0072666183,13.0,0.0,4.9,4.0,0.001544755,-0.000640817,0.002185572,7.0,0.0,0,0,5.0,5.0,0.0,0.81125724,0.0013770461,0.7851322,1.7480762,0.8053535,0.8440763,12.787628,0.22135134041309357,0.27517229318618774,0.2003406286239624,0.7786486595869064,0.38693902,1.3611373,0.6113422,False,False,False
5,cycle44_subj05_margin_low_1sess_150ep,331,25602,0.014493652,0.040249716,591,-0.025756065,208.0,0.0,62.55555555555556,64.0,0.008697758,0.003682565,0.0050151944,-103.0,0.0,0,0,487.0,409.0,-78.0,0.7891785,0.014273047,0.7627401,1.7428995,0.8086596,0.84196895,12.836062,0.22135134041309357,0.27517229318618774,0.2003406286239624,0.7786486595869064,0.38579315,1.3571064,0.5939065,False,False,False
5,cycle44_subj05_margin_low_1sess_150ep,332,25693,0.03861631,0.051520374,522,-0.012904063,7.0,0.25,3.0,3.5,0.0006971657,0.0032581352,-0.0025609694,4.0,-0.125,0,0,10.0,12.0,2.0,0.78273535,0.0006761551,0.7473577,1.7428536,0.78916943,0.8422867,12.82679,0.22135134041309357,0.27517229318618774,0.2003406286239624,0.7786486595869064,0.385783,1.3570707,0.5819291,False,False,False
5,cycle44_subj05_margin_low_1sess_150ep,333,25702,0.011321176,0.037640918,456,-0.026319742,328.0,0.0,95.66666666666669,95.0,0.002900797,0.0020996481,0.00080114976,-24.0,0.0,0,0,156.0,148.0,-8.0,0.8239507,0.011910737,0.7983165,1.7522882,0.7625518,0.8453343,12.771361,0.22135134041309357,0.27517229318618774,0.2003406286239624,0.7786486595869064,0.38787135,1.364417,0.6216081,False,False,False
5,cycle44_subj05_margin_low_1sess_150ep,334,25711,0.047844592,0.042081825,159,0.005762767,1.0,1.0,1.0,1.0,0.0039816685,0.0049735717,-0.0009919032,0.0,0.0,0,0,1.0,1.0,0.0,0.81077915,0.02427572,0.7750138,1.7406405,0.8076409,0.8404459,12.801945,0.22135134041309357,0.27517229318618774,0.2003406286239624,0.7786486595869064,0.38529313,1.3553474,0.6034635,False,False,False
5,cycle44_subj05_margin_low_1sess_150ep,335,25741,0.04092915,0.04637317,306,-0.00544402,4.0,0.2,2.2,2.0,0.0050680228,-0.00062514096,0.0056931637,-3.0,0.2,0,0,3.0,1.0,-2.0,0.9311313,0.013044298,0.86582184,1.7316564,0.8479308,0.83924747,12.690886,0.22135134041309357,0.27517229318618774,0.2003406286239624,0.7786486595869064,0.38330448,1.348352,0.67417103,False,False,False
5,cycle44_subj05_margin_low_1sess_150ep,336,25746,0.051229086,0.049613297,108,0.0016157888,1.0,1.0,1.0,1.0,0.0048667192,0.0015411861,0.0033255331,-2.0,0.6,0,1,1.0,1.0,0.0,0.90419036,0.054491222,0.83945733,1.7301713,0.8438648,0.83883643,12.71457,0.22135134041309357,0.27517229318618774,0.2003406286239624,0.7786486595869064,0.38297573,1.3471956,0.65364236,False,False,False
5,cycle44_subj05_margin_low_1sess_150ep,337,25881,0.050483808,0.049700618,403,0.00078319013,1.0,1.0,1.0,1.0,-0.0016623065,-0.000603199,-0.0010591075,0.0,0.0,0,0,1.0,1.0,0.0,0.9176189,0.00119555,0.8998071,1.7336818,0.82659894,0.83940566,12.755202,0.22135134041309357,0.27517229318618774,0.2003406286239624,0.7786486595869064,0.3837528,1.349929,0.7006336,False,False,False
5,cycle44_subj05_margin_low_1sess_150ep,338,25906,0.04014063,0.04527461,793,-0.0051339827,2.0,0.6,1.4,1.0,0.00042020902,0.0074221753,-0.0070019662,1.0,-0.4,1,0,1.0,1.0,0.0,0.8697287,0.0063382387,0.8553627,1.7324083,0.88529795,0.8381951,12.802168,0.22135134041309357,0.27517229318618774,0.2003406286239624,0.7786486595869064,0.3834709,1.3489374,0.66602707,False,False,False
5,cycle44_subj05_margin_low_1sess_150ep,339,25959,0.045431573,0.05049689,163,-0.005065318,2.0,0.7272727272727273,1.2727272727272727,1.0,0.0052853487,0.0051269345,0.00015841424,0.0,0.0,0,0,3.0,2.0,-1.0,0.864379,0.00088632107,0.84430885,1.734492,0.84193057,0.8399244,12.823903,0.22135134041309357,0.27517229318618774,0.2003406286239624,0.7786486595869064,0.3839321,1.3505598,0.65742,False,False,False
5,cycle44_subj05_margin_low_1sess_150ep,340,26119,0.031436518,0.045416124,443,-0.013979606,14.0,0.0,4.8,5.0,0.0027326625,0.0020440854,0.00068857707,-1.0,0.0,0,0,8.0,5.0,-3.0,0.866582,0.017496228,0.83384514,1.7366178,0.85869825,0.84015363,12.701986,0.22135134041309357,0.27517229318618774,0.2003406286239624,0.7786486595869064,0.3844027,1.3522152,0.6492724,False,False,False
5,cycle44_subj05_margin_low_1sess_150ep,341,26127,0.050748624,0.04401403,208,0.0067345947,1.0,1.0,1.0,1.0,0.0040519126,0.0025939904,0.0014579222,0.0,0.0,0,0,2.0,2.0,0.0,0.89132696,0.00023084879,0.88303745,1.7266395,0.8523107,0.8384874,12.759966,0.22135134041309357,0.27517229318618774,0.2003406286239624,0.7786486595869064,0.38219398,1.3444456,0.68757594,False,False,False
5,cycle44_subj05_margin_low_1sess_150ep,342,26163,0.047516093,0.050791647,636,-0.0032755546,3.0,0.6,1.6,1.0,0.008459549,0.004146043,0.004313506,1.0,0.0,0,0,1.0,1.0,0.0,0.87483186,0.014817119,0.8463739,1.7363287,0.8095325,0.8397051,12.72936,0.22135134041309357,0.27517229318618774,0.2003406286239624,0.7786486595869064,0.38433868,1.3519901,0.65902793,False,False,False
5,cycle44_subj05_margin_low_1sess_150ep,343,26243,0.04722852,0.057005137,964,-0.009776618,5.0,0.25,2.375,2.0,0.004927192,0.0056953393,-0.0007681474,1.0,0.0,0,0,1.0,2.0,1.0,0.8758935,0.00048971176,0.8569377,1.7281585,0.83041984,0.83809716,12.757723,0.22135134041309357,0.27517229318618774,0.2003406286239624,0.7786486595869064,0.38253018,1.3456283,0.66725343,False,False,False
5,cycle44_subj05_margin_low_1sess_150ep,344,26292,0.027103808,0.044003107,341,-0.016899299,32.0,0.0,10.0,9.5,0.00068824366,0.0024072528,-0.0017190091,-4.0,0.0,0,0,11.0,14.0,3.0,0.8286185,0.005406797,0.8134314,1.7297873,0.8414587,0.8395885,12.766843,0.22135134041309357,0.27517229318618774,0.2003406286239624,0.7786486595869064,0.38289076,1.3468966,0.63337725,False,False,False
5,cycle44_subj05_margin_low_1sess_150ep,345,26307,0.041532937,0.045202017,501,-0.0036690794,2.0,0.9166666666666666,1.0833333333333333,1.0,0.0009944662,0.0026677512,-0.0016732849,0.0,0.0,0,0,1.0,3.0,2.0,0.8498942,0.009589255,0.82686484,1.7401135,0.7967858,0.8415323,12.737143,0.22135134041309357,0.27517229318618774,0.2003406286239624,0.7786486595869064,0.38517645,1.3549371,0.6438372,False,False,False
5,cycle44_subj05_margin_low_1sess_150ep,346,26351,0.04264673,0.04680328,674,-0.0041565523,2.0,0.5,1.5,1.5,0.0025160871,0.0022334978,0.00028258935,0.0,-0.3,0,0,1.0,1.0,0.0,0.8822309,0.08270806,0.75976026,1.7456659,0.80704343,0.8437249,12.878186,0.22135134041309357,0.27517229318618774,0.2003406286239624,0.7786486595869064,0.3864055,1.3592604,0.5915863,False,False,False
5,cycle44_subj05_margin_low_1sess_150ep,347,26372,0.035361096,0.05037565,468,-0.015014555,21.0,0.0,6.066666666666666,7.0,-0.0008773878,0.0052855425,-0.0061629303,10.0,0.0,0,0,10.0,16.0,6.0,0.81943554,0.010100722,0.78585327,1.7336413,0.8232826,0.83895594,12.7727585,0.22135134041309357,0.27517229318618774,0.2003406286239624,0.7786486595869064,0.38374382,1.3498975,0.6119036,False,False,False
5,cycle44_subj05_margin_low_1sess_150ep,348,26435,0.043443654,0.03739099,419,0.0060526654,1.0,1.0,1.0,1.0,0.0033214614,-0.0018197708,0.005141232,0.0,0.0,0,0,1.0,1.0,0.0,0.79302007,0.005941093,0.7620695,1.7400951,0.7484884,0.8412475,12.858751,0.22135134041309357,0.27517229318618774,0.2003406286239624,0.7786486595869064,0.3851724,1.3549228,0.59338444,False,False,False
5,cycle44_subj05_margin_low_1sess_150ep,349,26458,0.0496354,0.042223454,191,0.0074119456,1.0,1.0,1.0,1.0,0.0010393001,-2.3134053e-05,0.0010624342,0.0,0.0,0,0,1.0,1.0,0.0,0.83738047,0.03785765,0.7390801,1.7550054,0.776592,0.8463208,12.846726,0.22135134041309357,0.27517229318618774,0.2003406286239624,0.7786486595869064,0.3884728,1.3665326,0.57548374,False,False,False
5,cycle44_subj05_margin_low_1sess_150ep,350,26598,0.054171536,0.04083663,463,0.013334908,1.0,1.0,1.0,1.0,0.0030232705,0.006080635,-0.0030573644,0.0,0.0,0,0,1.0,1.0,0.0,0.8851689,0.014014304,0.86190194,1.7395345,0.7931811,0.8415912,12.8131695,0.22135134041309357,0.27517229318618774,0.2003406286239624,0.7786486595869064,0.3850483,1.3544862,0.6711188,False,False,False
5,cycle44_subj05_margin_low_1sess_150ep,351,26720,0.04749415,0.050962314,78,-0.0034681633,2.0,0.6363636363636364,1.3636363636363635,1.0,0.0037529543,0.0074481554,-0.0036952011,1.0,-0.3636363636363636,1,0,1.0,1.0,0.0,0.9547732,0.08438486,0.8664602,1.7315764,0.85125595,0.8392616,12.685307,0.22135134041309357,0.27517229318618774,0.2003406286239624,0.7786486595869064,0.38328677,1.3482897,0.6746681,False,False,False
5,cycle44_subj05_margin_low_1sess_150ep,352,26780,0.041977312,0.04414063,425,-0.002163317,3.0,0.7142857142857143,1.2857142857142858,1.0,0.0050023086,-0.0017424263,0.006744735,-5.0,0.7142857142857143,0,0,3.0,4.0,1.0,0.84350175,0.042141914,0.79756325,1.7449062,0.83985144,0.8432279,12.822888,0.22135134041309357,0.27517229318618774,0.2003406286239624,0.7786486595869064,0.38623732,1.3586689,0.62102157,False,False,False
5,cycle44_subj05_margin_low_1sess_150ep,353,26895,0.058061868,0.050159406,761,0.007902462,1.0,1.0,1.0,1.0,0.001008492,-0.00096962973,0.0019781217,0.0,0.0,0,0,1.0,1.0,0.0,0.7997074,0.0057135224,0.76529676,1.7371553,0.8116903,0.8405093,12.7668705,0.22135134041309357,0.27517229318618774,0.2003406286239624,0.7786486595869064,0.38452166,1.3526337,0.5958973,False,False,False
5,cycle44_subj05_margin_low_1sess_150ep,354,26909,0.024028212,0.044105683,697,-0.02007747,25.0,0.0,8.3,8.5,0.002645243,0.005195413,-0.0025501698,1.0,0.0,0,0,130.0,104.0,-26.0,0.88418484,0.0033356547,0.8600488,1.7328779,0.8557228,0.8395447,12.748132,0.22135134041309357,0.27517229318618774,0.2003406286239624,0.7786486595869064,0.38357484,1.349303,0.6696758,False,False,False
5,cycle44_subj05_margin_low_1sess_150ep,355,26971,0.030482393,0.043744653,456,-0.013262261,34.0,0.0,9.153846153846152,9.0,-0.0017567948,0.0007520355,-0.0025088303,14.0,0.0,0,0,1.0,2.0,1.0,0.8280382,0.008782208,0.8001707,1.7358296,0.7640778,0.84061015,12.786879,0.22135134041309357,0.27517229318618774,0.2003406286239624,0.7786486595869064,0.3842282,1.3516014,0.6230519,False,False,False
5,cycle44_subj05_margin_low_1sess_150ep,356,26990,0.052772775,0.04898259,153,0.0037901849,1.0,1.0,1.0,1.0,0.0026817545,0.0029094853,-0.00022773072,0.0,0.0,0,0,3.0,3.0,0.0,0.8731551,0.009281874,0.84242076,1.7329986,0.8448245,0.8391522,12.761861,0.22135134041309357,0.27517229318618774,0.2003406286239624,0.7786486595869064,0.38360158,1.3493971,0.65594983,False,False,False
5,cycle44_subj05_margin_low_1sess_150ep,357,27242,0.04604477,0.05067166,777,-0.004626889,4.0,0.1111111111111111,2.0,2.0,0.0014647841,0.0040721,-0.0026073158,0.0,0.0,0,0,3.0,2.0,-1.0,0.8441338,0.0061502457,0.8272483,1.733484,0.8068863,0.8410768,12.716773,0.22135134041309357,0.27517229318618774,0.2003406286239624,0.7786486595869064,0.383709,1.3497751,0.6441358,False,False,False
5,cycle44_subj05_margin_low_1sess_150ep,358,27275,0.048908953,0.04230834,125,0.006600611,1.0,1.0,1.0,1.0,0.00031657517,0.00061798096,-0.0003014058,0.0,0.0,0,0,1.0,1.0,0.0,0.90306985,0.00034749508,0.89568216,1.7369077,0.80510044,0.8411535,12.780947,0.22135134041309357,0.27517229318618774,0.2003406286239624,0.7786486595869064,0.38446686,1.352441,0.6974217,False,False,False
5,cycle44_subj05_margin_low_1sess_150ep,359,27287,0.035049472,0.040225323,437,-0.0051758513,4.0,0.3333333333333333,1.6666666666666667,2.0,0.0022323206,0.0016424842,0.0005898364,-1.0,0.1666666666666666,0,0,1.0,1.0,0.0,0.77527124,0.0077165365,0.76019573,1.7385763,0.808772,0.8407023,12.819201,0.22135134041309357,0.27517229318618774,0.2003406286239624,0.7786486595869064,0.3848362,1.3537401,0.5919254,False,False,False
5,cycle44_subj05_margin_low_1sess_150ep,360,27326,0.047079235,0.044014804,162,0.0030644313,1.0,1.0,1.0,1.0,0.0012379773,0.0061394908,-0.0049015135,0.0,0.0,0,0,1.0,2.0,1.0,0.86484355,0.022266269,0.82514524,1.737634,0.8511274,0.8409331,12.790318,0.22135134041309357,0.27517229318618774,0.2003406286239624,0.7786486595869064,0.3846276,1.3530064,0.64249825,False,False,False
5,cycle44_subj05_margin_low_1sess_150ep,361,27435,0.0640707,0.046252567,765,0.017818134,1.0,1.0,1.0,1.0,6.977469e-05,0.0020315312,-0.0019617565,0.0,0.0,0,0,1.0,1.0,0.0,0.8509957,0.042737305,0.779441,1.7363012,0.8120239,0.84023315,12.746577,0.22135134041309357,0.27517229318618774,0.2003406286239624,0.7786486595869064,0.3843326,1.3519686,0.6069107,False,False,False
5,cycle44_subj05_margin_low_1sess_150ep,362,27568,0.03446294,0.039615113,674,-0.0051521733,10.0,0.0625,3.75,3.5,0.0037284512,0.0032224618,0.0005059894,0.0,0.0625,0,0,3.0,3.0,0.0,0.83210224,0.016108334,0.7861705,1.738803,0.8095212,0.84031487,12.761535,0.22135134041309357,0.27517229318618774,0.2003406286239624,0.7786486595869064,0.38488638,1.3539166,0.6121506,False,False,False
5,cycle44_subj05_margin_low_1sess_150ep,363,27580,0.024912233,0.042782456,94,-0.017870223,54.0,0.0,16.444444444444443,17.0,-0.0006275736,0.000621371,-0.0012489446,11.0,0.0,0,0,64.0,105.0,41.0,0.87485033,0.006566465,0.8572508,1.7322782,0.84015304,0.8374266,12.775697,0.22135134041309357,0.27517229318618774,0.2003406286239624,0.7786486595869064,0.3834421,1.3488362,0.6674972,False,False,False
5,cycle44_subj05_margin_low_1sess_150ep,364,27830,0.046865646,0.048842948,227,-0.0019773021,2.0,0.625,1.375,1.0,-0.00052190945,0.0013362542,-0.0018581636,0.0,0.0,0,0,1.0,1.0,0.0,0.869591,0.043892264,0.8231022,1.7347475,0.8647815,0.8397761,12.786896,0.22135134041309357,0.27517229318618774,0.2003406286239624,0.7786486595869064,0.38398868,1.3507589,0.6409074,False,False,False
5,cycle44_subj05_margin_low_1sess_150ep,365,27878,0.053626027,0.043329168,317,0.010296859,1.0,1.0,1.0,1.0,0.004304949,0.0007953681,0.003509581,0.0,0.0,0,0,1.0,2.0,1.0,0.93312526,0.0012430549,0.9068886,1.7352564,0.8129692,0.84056216,12.700375,0.22135134041309357,0.27517229318618774,0.2003406286239624,0.7786486595869064,0.38410133,1.3511552,0.7061476,False,False,False
5,cycle44_subj05_margin_low_1sess_150ep,366,27972,0.02323581,0.04170189,162,-0.01846608,25.0,0.0,7.5,7.5,-0.004961351,0.0041093193,-0.00907067,14.0,0.0,0,0,7.0,20.0,13.0,0.89296675,0.09766388,0.7964278,1.7355319,0.8380082,0.8405728,12.79159,0.22135134041309357,0.27517229318618774,0.2003406286239624,0.7786486595869064,0.3841623,1.3513696,0.62013745,False,False,False
5,cycle44_subj05_margin_low_1sess_150ep,367,28024,0.047315255,0.048870765,175,-0.0015555099,2.0,0.6666666666666666,1.3333333333333333,1.0,0.0015208162,0.0039035864,-0.0023827702,1.0,-0.3333333333333333,1,0,2.0,1.0,-1.0,0.7997074,0.012985647,0.7727765,1.7411258,0.79441077,0.8410113,12.755423,0.22135134041309357,0.27517229318618774,0.2003406286239624,0.7786486595869064,0.38540053,1.3557253,0.6017214,False,False,False
5,cycle44_subj05_margin_low_1sess_150ep,368,28068,0.05778489,0.056577608,652,0.0012072809,1.0,1.0,1.0,1.0,0.0032246336,-0.001372993,0.0045976266,-1.0,0.4166666666666666,0,1,1.0,1.0,0.0,0.9071162,0.0020846725,0.88165694,1.7354819,0.85681003,0.8396758,12.796505,0.22135134041309357,0.27517229318618774,0.2003406286239624,0.7786486595869064,0.38415125,1.3513306,0.686501,False,False,False
5,cycle44_subj05_margin_low_1sess_150ep,369,28096,0.03323647,0.04765145,645,-0.014414981,16.0,0.0,5.6,5.5,-0.0014924072,-0.0003946349,-0.0010977723,1.0,0.0,0,0,1.0,1.0,0.0,0.87302476,0.0380826,0.8138746,1.7421298,0.83010954,0.8410069,12.832135,0.22135134041309357,0.27517229318618774,0.2003406286239624,0.7786486595869064,0.38562277,1.3565071,0.63372236,False,False,False
5,cycle44_subj05_margin_low_1sess_150ep,370,28159,0.048879873,0.04636956,889,0.002510313,1.0,1.0,1.0,1.0,0.0020118058,-0.0029358268,0.0049476326,-1.0,0.6153846153846154,0,1,6.0,4.0,-2.0,0.8388903,0.0063869357,0.81354064,1.7366352,0.84228945,0.8399281,12.792134,0.22135134041309357,0.27517229318618774,0.2003406286239624,0.7786486595869064,0.38440654,1.3522288,0.6334623,False,False,False
5,cycle44_subj05_margin_low_1sess_150ep,371,28189,0.03613755,0.049033493,706,-0.012895942,17.0,0.0,7.888888888888889,8.0,0.0017279685,-0.0012882352,0.0030162036,-2.0,0.0,0,0,11.0,14.0,3.0,0.8908155,0.0005868077,0.8720604,1.734084,0.84769326,0.83855253,12.747167,0.22135134041309357,0.27517229318618774,0.2003406286239624,0.7786486595869064,0.3838418,1.3502423,0.6790287,False,False,False
5,cycle44_subj05_margin_low_1sess_150ep,372,28286,0.014263192,0.03111242,778,-0.016849227,53.0,0.0,18.0,16.0,0.004533327,-0.0018295888,0.006362915,-10.0,0.0,0,0,296.0,199.0,-97.0,0.86698914,0.00572598,0.8541094,1.7271765,0.87731194,0.83896637,12.755507,0.22135134041309357,0.27517229318618774,0.2003406286239624,0.7786486595869064,0.38231283,1.3448638,0.66505116,False,False,False
5,cycle44_subj05_margin_low_1sess_150ep,373,28303,0.04654152,0.044227965,159,0.0023135543,1.0,1.0,1.0,1.0,0.0034718663,0.006162092,-0.0026902258,0.0,0.0,0,0,1.0,1.0,0.0,0.8272716,0.015834153,0.7993344,1.7341902,0.84047097,0.83918536,12.818847,0.22135134041309357,0.27517229318618774,0.2003406286239624,0.7786486595869064,0.38386533,1.3503249,0.6224007,False,False,False
5,cycle44_subj05_margin_low_1sess_150ep,374,28319,0.04868385,0.07287535,493,-0.024191502,2.0,0.8571428571428571,1.1428571428571428,1.0,0.009443846,0.009551391,-0.000107545406,-1.0,0.0,0,0,1.0,1.0,0.0,0.847937,0.0066742897,0.82758796,1.7343134,0.77236736,0.8398637,12.659238,0.22135134041309357,0.27517229318618774,0.2003406286239624,0.7786486595869064,0.3838926,1.3504208,0.6444003,False,False,False
5,cycle44_subj05_margin_low_1sess_150ep,375,28325,0.058694553,0.046541076,227,0.0121534765,1.0,1.0,1.0,1.0,0.005352158,0.0043890737,0.0009630844,0.0,0.0,0,0,1.0,1.0,0.0,0.83958745,0.011933625,0.79423577,1.7299281,0.8069902,0.8390235,12.77468,0.22135134041309357,0.27517229318618774,0.2003406286239624,0.7786486595869064,0.3829219,1.3470062,0.6184306,False,False,False
5,cycle44_subj05_margin_low_1sess_150ep,376,28341,0.019364445,0.043234512,405,-0.023870068,232.0,0.0,73.4,77.0,0.0018566847,0.00402008,-0.0021633953,-37.0,0.0,0,0,144.0,194.0,50.0,0.8721956,0.047380686,0.8183931,1.7287872,0.8388998,0.84023535,12.7343445,0.22135134041309357,0.27517229318618774,0.2003406286239624,0.7786486595869064,0.38266936,1.3461179,0.6372407,False,False,False
5,cycle44_subj05_margin_low_1sess_150ep,377,28349,0.040727045,0.054771513,524,-0.014044467,11.0,0.0,4.375,4.5,0.0035759695,0.00839027,-0.0048143007,2.0,0.0,0,0,8.0,6.0,-2.0,0.7917242,0.012560844,0.7734417,1.7372664,0.83394706,0.83974326,12.76843,0.22135134041309357,0.27517229318618774,0.2003406286239624,0.7786486595869064,0.38454625,1.3527201,0.6022393,False,False,False
5,cycle44_subj05_margin_low_1sess_150ep,378,28418,0.06040165,0.0544359,426,0.005965747,1.0,1.0,1.0,1.0,0.003887117,0.004880689,-0.0009935722,0.0,0.0,0,0,1.0,1.0,0.0,0.85900986,0.004105091,0.8487545,1.7325879,0.78785956,0.83907163,12.796269,0.22135134041309357,0.27517229318618774,0.2003406286239624,0.7786486595869064,0.38351065,1.3490773,0.6608816,False,False,False
5,cycle44_subj05_margin_low_1sess_150ep,379,28487,0.03512649,0.0410854,719,-0.005958911,4.0,0.5,1.75,1.5,-0.00027366355,0.00056936964,-0.0008430332,1.0,0.0,0,0,3.0,4.0,1.0,0.78349,0.013028681,0.75982416,1.7582036,0.7759763,0.8477357,12.863044,0.22135134041309357,0.27517229318618774,0.2003406286239624,0.7786486595869064,0.38918072,1.369023,0.59163606,False,False,False
5,cycle44_subj05_margin_low_1sess_150ep,380,28524,0.049163215,0.055436835,990,-0.00627362,2.0,0.4285714285714285,1.5714285714285714,2.0,0.008460533,0.009245317,-0.00078478456,-4.0,0.4285714285714285,0,0,1.0,1.0,0.0,0.77334946,0.0060487986,0.7489669,1.7473501,0.7950383,0.8430553,12.783629,0.22135134041309357,0.27517229318618774,0.2003406286239624,0.7786486595869064,0.3867783,1.3605719,0.58318204,False,False,False
5,cycle44_subj05_margin_low_1sess_150ep,381,28595,0.031478498,0.041314837,148,-0.009836338,10.0,0.1,3.2,3.0,0.0013771821,-0.0019004159,0.003277598,0.0,0.0,0,0,4.0,6.0,2.0,0.87751335,0.019213915,0.8127677,1.7340713,0.7459023,0.83973694,12.761627,0.22135134041309357,0.27517229318618774,0.2003406286239624,0.7786486595869064,0.383839,1.3502322,0.6328605,False,False,False
5,cycle44_subj05_margin_low_1sess_150ep,382,28689,0.034051515,0.05648507,356,-0.022433557,29.0,0.0,10.181818181818182,10.0,-1.24797225e-05,0.0051701292,-0.005182609,11.0,0.0,0,0,1.0,3.0,2.0,0.8475419,0.008663356,0.8239086,1.7379475,0.84985715,0.8409631,12.828493,0.22135134041309357,0.27517229318618774,0.2003406286239624,0.7786486595869064,0.384697,1.3532505,0.64153534,False,False,False
5,cycle44_subj05_margin_low_1sess_150ep,383,28745,0.040776264,0.046249997,188,-0.005473733,10.0,0.0,4.714285714285714,5.0,-0.0012461916,0.0026370846,-0.0038832761,7.0,-0.5,0,0,2.0,2.0,0.0,0.93312526,0.003915012,0.8970429,1.7390494,0.81676245,0.8406782,12.739881,0.22135134041309357,0.27517229318618774,0.2003406286239624,0.7786486595869064,0.38494092,1.3541086,0.69848126,False,False,False
5,cycle44_subj05_margin_low_1sess_150ep,384,28751,0.059171308,0.05015812,96,0.009013187,1.0,1.0,1.0,1.0,0.0056054518,0.0019851215,0.0036203302,0.0,0.0,0,0,1.0,1.0,0.0,0.9701434,0.03629726,0.92532647,1.7328211,0.7875604,0.8395389,12.784945,0.22135134041309357,0.27517229318618774,0.2003406286239624,0.7786486595869064,0.38356227,1.3492589,0.7205042,False,False,False
5,cycle44_subj05_margin_low_1sess_150ep,385,28755,0.053932417,0.04556939,493,0.008363027,1.0,1.0,1.0,1.0,0.005269807,0.0027671307,0.002502676,0.0,0.0,0,0,2.0,1.0,-1.0,0.8673246,0.067857504,0.7458724,1.7453253,0.775286,0.8425337,12.850119,0.22135134041309357,0.27517229318618774,0.2003406286239624,0.7786486595869064,0.3863301,1.3589952,0.5807725,False,False,False
5,cycle44_subj05_margin_low_1sess_150ep,386,28788,0.050288513,0.047064427,572,0.003224086,1.0,1.0,1.0,1.0,0.0050336383,0.005729925,-0.00069628656,0.0,0.0,0,0,1.0,1.0,0.0,0.88764644,0.007982492,0.8746565,1.7287039,0.8414883,0.8376607,12.708461,0.22135134041309357,0.27517229318618774,0.2003406286239624,0.7786486595869064,0.3826509,1.346053,0.6810501,False,False,False
5,cycle44_subj05_margin_low_1sess_150ep,387,28898,0.046806242,0.05034865,754,-0.0035424083,2.0,0.8,1.2,1.0,0.001590129,0.0022429675,-0.0006528385,0.0,0.0,0,0,1.0,1.0,0.0,0.90098906,0.020515382,0.8501195,1.7363147,0.80488884,0.8400106,12.769256,0.22135134041309357,0.27517229318618774,0.2003406286239624,0.7786486595869064,0.38433558,1.3519791,0.6619444,False,False,False
5,cycle44_subj05_margin_low_1sess_150ep,388,28963,0.040442117,0.047536485,794,-0.0070943683,4.0,0.7,1.4,1.0,0.00034552813,0.005933255,-0.005587727,2.0,-0.3,0,0,2.0,2.0,0.0,0.77537525,0.017979443,0.74986213,1.7382652,0.8013292,0.84199846,12.827696,0.22135134041309357,0.27517229318618774,0.2003406286239624,0.7786486595869064,0.38476732,1.3534979,0.5838792,False,False,False
5,cycle44_subj05_margin_low_1sess_150ep,389,29010,0.022256767,0.042462185,928,-0.020205418,198.0,0.0,61.77777777777778,62.0,0.0030486993,-0.0013892464,0.004437946,-46.0,0.0,0,0,20.0,20.0,0.0,0.88471377,0.004791796,0.86563456,1.7316213,0.8710488,0.8380643,12.810758,0.22135134041309357,0.27517229318618774,0.2003406286239624,0.7786486595869064,0.3832967,1.3483247,0.6740252,False,False,False
5,cycle44_subj05_margin_low_1sess_150ep,390,29021,0.048556093,0.040182654,646,0.008373439,1.0,1.0,1.0,1.0,0.0082716495,0.0030102953,0.005261354,0.0,0.0,0,0,1.0,1.0,0.0,0.91723555,0.011128485,0.87814224,1.7338799,0.75017864,0.83898956,12.734007,0.22135134041309357,0.27517229318618774,0.2003406286239624,0.7786486595869064,0.38379663,1.3500834,0.6837643,False,False,False
5,cycle44_subj05_margin_low_1sess_150ep,391,29381,0.04958859,0.053577416,375,-0.003988825,2.0,0.6,1.4,1.0,0.0035506971,0.007312268,-0.003761571,0.0,0.0,0,0,1.0,1.0,0.0,0.88199884,0.03638947,0.82602346,1.7396547,0.79374427,0.8408768,12.774191,0.22135134041309357,0.27517229318618774,0.2003406286239624,0.7786486595869064,0.38507488,1.3545798,0.6431821,False,False,False
5,cycle44_subj05_margin_low_1sess_150ep,392,29568,0.03593792,0.054954264,70,-0.019016344,39.0,0.0,13.8,14.0,-0.0007389076,0.00083643943,-0.001575347,26.0,0.0,0,0,1.0,1.0,0.0,0.7889562,0.006771624,0.755613,1.7461276,0.773816,0.8424502,12.808324,0.22135134041309357,0.27517229318618774,0.2003406286239624,0.7786486595869064,0.3865077,1.35962,0.5883571,False,False,False
5,cycle44_subj05_margin_low_1sess_150ep,393,29660,0.029639065,0.038358863,827,-0.008719798,11.0,0.2,3.3,3.5,0.0074499995,0.004062198,0.0033878013,-20.0,0.2,0,0,29.0,21.0,-8.0,0.879922,0.0016604066,0.8581154,1.7275062,0.8757522,0.8370622,12.752326,0.22135134041309357,0.27517229318618774,0.2003406286239624,0.7786486595869064,0.3823858,1.3451204,0.6681704,False,False,False
5,cycle44_subj05_margin_low_1sess_150ep,394,29663,0.018630652,0.04680272,43,-0.028172066,165.0,0.0,52.833333333333336,52.0,0.001209056,0.0013535246,-0.00014446862,43.0,0.0,0,0,105.0,152.0,47.0,0.8590458,0.010426044,0.82728004,1.7331185,0.8318245,0.8392143,12.801298,0.22135134041309357,0.27517229318618774,0.2003406286239624,0.7786486595869064,0.3836281,1.3494904,0.6441605,False,False,False
5,cycle44_subj05_margin_low_1sess_150ep,395,29680,0.047292806,0.0479999,534,-0.0007070936,2.0,0.7777777777777778,1.2222222222222223,1.0,0.0060922354,-0.00011463091,0.0062068664,-1.0,0.3333333333333333,0,0,1.0,1.0,0.0,0.85685337,0.00932759,0.8387998,1.7305007,0.86014265,0.8390655,12.675737,0.22135134041309357,0.27517229318618774,0.2003406286239624,0.7786486595869064,0.38304865,1.347452,0.65313035,False,False,False
5,cycle44_subj05_margin_low_1sess_150ep,396,29711,0.05972591,0.05294733,571,0.006778579,1.0,1.0,1.0,1.0,-0.00075787306,-0.002137918,0.001380045,0.0,0.0,0,0,1.0,1.0,0.0,0.905182,0.0023693442,0.87513125,1.7240766,0.87086874,0.8370501,12.742253,0.22135134041309357,0.27517229318618774,0.2003406286239624,0.7786486595869064,0.38162667,1.34245,0.6814198,False,False,False
5,cycle44_subj05_margin_low_1sess_150ep,397,29837,0.025179677,0.043767545,61,-0.018587869,68.0,0.0,25.125,24.0,0.0017239787,0.0010519773,0.0006720014,22.0,0.0,0,0,8.0,18.0,10.0,0.89845437,0.017516434,0.87446225,1.7299355,0.8646724,0.83873844,12.711526,0.22135134041309357,0.27517229318618774,0.2003406286239624,0.7786486595869064,0.38292354,1.347012,0.68089885,False,False,False
5,cycle44_subj05_margin_low_1sess_150ep,398,29886,0.048576165,0.05733937,36,-0.008763205,2.0,0.375,1.625,2.0,0.0069375,0.0071691945,-0.00023169443,0.0,0.0,0,0,1.0,1.0,0.0,0.82937187,0.0034691691,0.804828,1.7434654,0.8252899,0.84197354,12.847738,0.22135134041309357,0.27517229318618774,0.2003406286239624,0.7786486595869064,0.3859184,1.357547,0.6266782,False,False,False
5,cycle44_subj05_margin_low_1sess_150ep,399,29919,0.055282254,0.05126074,954,0.004021514,1.0,1.0,1.0,1.0,0.0029616132,0.0016619638,0.0012996495,0.0,0.0,0,0,1.0,1.0,0.0,0.8739535,0.03689462,0.8190818,1.7336121,0.85848314,0.8402842,12.778204,0.22135134041309357,0.27517229318618774,0.2003406286239624,0.7786486595869064,0.38373736,1.3498747,0.637777,False,False,False
5,cycle44_subj05_margin_low_1sess_150ep,400,29980,0.039085686,0.0502699,246,-0.011184216,7.0,0.375,2.125,2.0,-0.0026787557,0.0016322136,-0.0043109693,5.0,-0.5,0,0,7.0,7.0,0.0,0.8348596,0.0069645047,0.80155003,1.7524714,0.80671644,0.8441449,12.811854,0.22135134041309357,0.27517229318618774,0.2003406286239624,0.7786486595869064,0.38791192,1.3645595,0.6241259,False,False,False
5,cycle44_subj05_margin_low_1sess_150ep,401,30081,0.02698793,0.03434981,239,-0.0073618796,13.0,0.0,4.285714285714286,4.0,0.0062283874,0.00060965493,0.0056187324,-12.0,0.0,0,0,15.0,6.0,-9.0,0.8501445,0.03539598,0.7913097,1.7327788,0.8087192,0.83980113,12.71128,0.22135134041309357,0.27517229318618774,0.2003406286239624,0.7786486595869064,0.3835529,1.3492259,0.6161523,False,False,False
5,cycle44_subj05_margin_low_1sess_150ep,402,30373,0.01871311,0.03760144,457,-0.018888332,31.0,0.0,8.857142857142858,8.0,-0.00843969,0.0045876317,-0.013027322,27.0,-0.4285714285714285,0,0,4.0,17.0,13.0,0.8667527,0.0016071796,0.8550477,1.7288508,0.85438937,0.8376806,12.804407,0.22135134041309357,0.27517229318618774,0.2003406286239624,0.7786486595869064,0.38268346,1.3461674,0.66578174,False,False,False
5,cycle44_subj05_margin_low_1sess_150ep,403,30395,0.06533921,0.055826876,250,0.009512331,1.0,1.0,1.0,1.0,0.00090156496,0.0039223656,-0.0030208007,0.0,0.0,0,0,1.0,1.0,0.0,0.86030114,0.027624965,0.79820216,1.7368711,0.7925834,0.8401722,12.7739525,0.22135134041309357,0.27517229318618774,0.2003406286239624,0.7786486595869064,0.38445875,1.3524123,0.621519,False,False,False
5,cycle44_subj05_margin_low_1sess_150ep,404,30407,0.020947019,0.04513099,934,-0.024183972,168.0,0.0,53.0,55.0,-0.0009967834,0.0022470616,-0.003243845,70.0,0.0,0,0,25.0,27.0,2.0,0.80541486,0.00670892,0.7789278,1.7331446,0.80475736,0.8395615,12.824024,0.22135134041309357,0.27517229318618774,0.2003406286239624,0.7786486595869064,0.38363388,1.3495108,0.6065111,False,False,False
5,cycle44_subj05_margin_low_1sess_150ep,405,30430,0.04782712,0.032340072,94,0.015487049,1.0,1.0,1.0,1.0,0.003410995,-0.004389532,0.007800527,0.0,0.0,0,0,3.0,2.0,-1.0,0.8947877,0.038478553,0.80594045,1.7324721,0.83487934,0.8383741,12.758389,0.22135134041309357,0.27517229318618774,0.2003406286239624,0.7786486595869064,0.38348502,1.3489871,0.62754446,False,False,False
5,cycle44_subj05_margin_low_1sess_150ep,406,30563,0.04643857,0.03473039,804,0.011708181,1.0,1.0,1.0,1.0,-0.0050867945,0.0005518496,-0.005638644,0.0,0.0,0,0,1.0,1.0,0.0,0.7882276,0.015431941,0.75948083,1.7537428,0.8037672,0.84521455,12.773376,0.22135134041309357,0.27517229318618774,0.2003406286239624,0.7786486595869064,0.3881933,1.3655496,0.59136873,False,False,False
5,cycle44_subj05_margin_low_1sess_150ep,407,30601,0.047380004,0.058243122,48,-0.010863118,3.0,0.5384615384615384,1.6923076923076923,1.0,0.008604277,0.008935776,-0.00033149868,0.0,0.0,0,0,1.0,1.0,0.0,0.84382254,0.0084501505,0.82628185,1.731969,0.83796805,0.83930016,12.7101,0.22135134041309357,0.27517229318618774,0.2003406286239624,0.7786486595869064,0.38337365,1.3485954,0.64338326,False,False,False
5,cycle44_subj05_margin_low_1sess_150ep,408,30632,0.04610571,0.035407774,765,0.010697935,1.0,1.0,1.0,1.0,0.0015888996,-0.0019312538,0.0035201535,0.0,0.0,0,0,1.0,1.0,0.0,0.81683236,0.0040490627,0.7992617,1.7449845,0.82730836,0.8417612,12.796345,0.22135134041309357,0.27517229318618774,0.2003406286239624,0.7786486595869064,0.38625467,1.3587298,0.6223441,False,False,False
5,cycle44_subj05_margin_low_1sess_150ep,409,30672,0.044332195,0.03921062,250,0.005121574,1.0,1.0,1.0,1.0,-0.0011227578,0.0024999678,-0.0036227256,0.0,0.0,0,0,1.0,3.0,2.0,0.87484473,0.0026316643,0.8401555,1.7331924,0.82186437,0.8396715,12.777576,0.22135134041309357,0.27517229318618774,0.2003406286239624,0.7786486595869064,0.38364446,1.349548,0.65418595,False,False,False
5,cycle44_subj05_margin_low_1sess_150ep,410,30674,0.035074215,0.044444807,480,-0.0093705915,5.0,0.4444444444444444,1.7777777777777777,2.0,-0.0028011762,0.0015695319,-0.004370708,1.0,-0.1111111111111111,0,0,4.0,16.0,12.0,0.78302026,0.009317577,0.764163,1.7436148,0.8136259,0.84262264,12.833886,0.22135134041309357,0.27517229318618774,0.2003406286239624,0.7786486595869064,0.38595146,1.3576634,0.5950145,False,False,False
5,cycle44_subj05_margin_low_1sess_150ep,411,30847,0.034064025,0.040542953,815,-0.006478928,14.0,0.0,4.416666666666667,4.0,0.003913272,0.00553032,-0.0016170479,-1.0,0.0,0,0,28.0,19.0,-9.0,0.9305326,0.01699853,0.90161276,1.7355937,0.8248594,0.839548,12.81807,0.22135134041309357,0.27517229318618774,0.2003406286239624,0.7786486595869064,0.384176,1.3514177,0.7020396,False,False,False
5,cycle44_subj05_margin_low_1sess_150ep,412,30856,0.038888644,0.045309056,471,-0.006420411,8.0,0.2222222222222222,3.555555555555556,4.0,0.0003754571,0.004107233,-0.003731776,6.0,-0.2222222222222222,0,0,3.0,3.0,0.0,0.7653859,0.0028682947,0.74450487,1.7471746,0.7610662,0.84315103,12.823267,0.22135134041309357,0.27517229318618774,0.2003406286239624,0.7786486595869064,0.38673943,1.3604352,0.57970774,False,False,False
5,cycle44_subj05_margin_low_1sess_150ep,413,30887,0.050432682,0.04969921,777,0.0007334724,1.0,1.0,1.0,1.0,0.0077808388,0.0016717725,0.0061090663,-2.0,0.8,0,1,3.0,1.0,-2.0,0.93004394,0.008641541,0.89086187,1.7421762,0.7875805,0.84180844,12.807808,0.22135134041309357,0.27517229318618774,0.2003406286239624,0.7786486595869064,0.38563302,1.3565432,0.6936684,False,False,False
5,cycle44_subj05_margin_low_1sess_150ep,414,30922,0.04520403,0.04279112,70,0.0024129078,1.0,1.0,1.0,1.0,0.0025561973,0.0053879395,-0.0028317422,0.0,0.0,0,0,8.0,5.0,-3.0,0.8957814,0.0038397908,0.86304104,1.7358844,0.8499308,0.8416093,12.8141365,0.22135134041309357,0.27517229318618774,0.2003406286239624,0.7786486595869064,0.38424036,1.3516442,0.6720058,False,False,False
5,cycle44_subj05_margin_low_1sess_150ep,415,30935,0.053698987,0.041677516,847,0.012021471,1.0,1.0,1.0,1.0,-0.0013538897,-0.0026398823,0.0012859926,0.0,0.0,0,0,1.0,1.0,0.0,0.7782435,0.00060254335,0.76352465,1.7316068,0.79731053,0.8396845,12.674971,0.22135134041309357,0.27517229318618774,0.2003406286239624,0.7786486595869064,0.3832935,1.3483133,0.59451747,False,False,False
5,cycle44_subj05_margin_low_1sess_150ep,416,30954,0.04274358,0.044662844,188,-0.0019192658,4.0,0.2857142857142857,2.2857142857142856,2.0,0.0053991526,0.00058819354,0.004810959,-1.0,0.0,0,0,1.0,1.0,0.0,0.8528213,0.0148358345,0.8131935,1.7334574,0.8472959,0.8403331,12.770234,0.22135134041309357,0.27517229318618774,0.2003406286239624,0.7786486595869064,0.38370314,1.3497543,0.63319206,False,False,False
5,cycle44_subj05_margin_low_1sess_150ep,417,31028,0.041857325,0.055545457,227,-0.013688132,3.0,0.5555555555555556,1.6666666666666667,1.0,0.0011546388,0.0069517046,-0.005797066,1.0,-0.2222222222222222,0,0,24.0,27.0,3.0,0.8317455,0.008945763,0.8073347,1.7380216,0.84135723,0.8412889,12.762151,0.22135134041309357,0.27517229318618774,0.2003406286239624,0.7786486595869064,0.3847134,1.3533082,0.6286301,False,False,False
5,cycle44_subj05_margin_low_1sess_150ep,418,31049,0.0410278,0.041701462,538,-0.0006736629,2.0,0.7777777777777778,1.2222222222222223,1.0,-0.0023763552,0.0005230047,-0.00289936,1.0,-0.2222222222222222,1,0,1.0,1.0,0.0,0.87368554,0.0006607771,0.84968865,1.7325671,0.8788238,0.8387282,12.734244,0.22135134041309357,0.27517229318618774,0.2003406286239624,0.7786486595869064,0.38350603,1.349061,0.66160893,False,False,False
5,cycle44_subj05_margin_low_1sess_150ep,419,31064,0.050208885,0.04426256,590,0.005946327,1.0,1.0,1.0,1.0,0.0043018423,0.0070350356,-0.0027331933,0.0,0.0,0,0,1.0,1.0,0.0,0.85720795,0.0069666505,0.8184289,1.7352479,0.7905644,0.83952785,12.857071,0.22135134041309357,0.27517229318618774,0.2003406286239624,0.7786486595869064,0.38409942,1.3511485,0.63726854,False,False,False
5,cycle44_subj05_margin_low_1sess_150ep,420,31123,0.042697903,0.037290674,322,0.005407229,1.0,1.0,1.0,1.0,0.0063587204,0.0011783317,0.0051803887,0.0,0.0,0,0,1.0,1.0,0.0,0.907075,0.025758922,0.8677865,1.723232,0.8794787,0.8370359,12.735799,0.22135134041309357,0.27517229318618774,0.2003406286239624,0.7786486595869064,0.38143972,1.3417923,0.67570084,False,False,False
5,cycle44_subj05_margin_low_1sess_150ep,421,31233,0.05118785,0.044609338,410,0.0065785125,1.0,1.0,1.0,1.0,0.004062768,0.0016480982,0.0024146698,0.0,0.0,0,0,2.0,1.0,-1.0,0.89495116,0.0059472322,0.87793124,1.7262676,0.89185375,0.83772725,12.731793,0.22135134041309357,0.27517229318618774,0.2003406286239624,0.7786486595869064,0.38211164,1.3441559,0.6836,False,False,False
5,cycle44_subj05_margin_low_1sess_150ep,422,31349,0.03759866,0.046510734,178,-0.008912075,6.0,0.2857142857142857,2.2857142857142856,2.0,0.0025901683,0.0003503561,0.0022398122,-4.0,0.2857142857142857,0,0,1.0,1.0,0.0,0.85250825,0.005412698,0.82770044,1.7315125,0.8276651,0.8380575,12.764516,0.22135134041309357,0.27517229318618774,0.2003406286239624,0.7786486595869064,0.38327262,1.3482399,0.64448786,False,False,False
5,cycle44_subj05_margin_low_1sess_150ep,423,31446,0.028224308,0.04650673,715,-0.018282421,20.0,0.1,6.2,6.5,-0.00085055456,0.0020749792,-0.0029255338,7.0,-0.1,0,0,3.0,7.0,4.0,0.8746594,0.0020164251,0.8588376,1.7313136,0.8530624,0.83934414,12.7714405,0.22135134041309357,0.27517229318618774,0.2003406286239624,0.7786486595869064,0.38322857,1.348085,0.66873276,False,False,False
5,cycle44_subj05_margin_low_1sess_150ep,424,31659,0.03670492,0.048452802,163,-0.011747882,16.0,0.0,5.571428571428571,6.0,0.0027365126,0.0050130263,-0.0022765137,-6.0,0.0,0,0,1.0,1.0,0.0,0.90254253,0.00030106306,0.8805315,1.7330937,0.85705036,0.8389688,12.809705,0.22135134041309357,0.27517229318618774,0.2003406286239624,0.7786486595869064,0.38362262,1.3494711,0.68562466,False,False,False
5,cycle44_subj05_margin_low_1sess_150ep,425,31747,0.048683677,0.051851828,968,-0.0031681508,2.0,0.7272727272727273,1.2727272727272727,1.0,0.002826549,0.002488818,0.0003377311,0.0,0.0,0,0,1.0,1.0,0.0,0.81411844,0.0060019493,0.79576343,1.737995,0.8422651,0.8420281,12.834542,0.22135134041309357,0.27517229318618774,0.2003406286239624,0.7786486595869064,0.38470754,1.3532876,0.61962014,False,False,False
5,cycle44_subj05_margin_low_1sess_150ep,426,31782,0.061268963,0.04909977,493,0.0121691935,1.0,1.0,1.0,1.0,0.008577365,0.004745491,0.0038318746,0.0,0.0,0,0,1.0,1.0,0.0,0.89794344,0.007868707,0.87854576,1.7360203,0.8311623,0.83914226,12.821564,0.22135134041309357,0.27517229318618774,0.2003406286239624,0.7786486595869064,0.38427043,1.3517499,0.6840785,False,False,False
5,cycle44_subj05_margin_low_1sess_150ep,427,31801,0.041693978,0.047814865,163,-0.0061208867,5.0,0.2,2.4,3.0,0.0038532726,0.0014787391,0.0023745336,-3.0,0.0,0,0,1.0,1.0,0.0,0.8781148,0.006573975,0.85445386,1.7342412,0.7760677,0.8382685,12.780122,0.22135134041309357,0.27517229318618774,0.2003406286239624,0.7786486595869064,0.38387662,1.3503647,0.6653194,False,False,False
5,cycle44_subj05_margin_low_1sess_150ep,428,31837,0.051601008,0.05292362,19,-0.0013226122,2.0,0.8888888888888888,1.1111111111111112,1.0,-0.0024080537,-0.002587568,0.00017951429,0.0,0.0,0,0,1.0,1.0,0.0,0.9108022,0.00010573864,0.888106,1.7271678,0.8315035,0.837306,12.701264,0.22135134041309357,0.27517229318618774,0.2003406286239624,0.7786486595869064,0.38231093,1.344857,0.69152254,False,False,False
5,cycle44_subj05_margin_low_1sess_150ep,429,31936,0.04412242,0.05854447,182,-0.014422052,3.0,0.3636363636363636,1.818181818181818,2.0,0.0027586855,-0.0025512353,0.0053099208,-1.0,0.1818181818181818,0,0,1.0,2.0,1.0,0.91830534,0.0076088905,0.8994802,1.7277238,0.8607994,0.837489,12.788576,0.22135134041309357,0.27517229318618774,0.2003406286239624,0.7786486595869064,0.38243398,1.3452898,0.7003791,False,False,False
5,cycle44_subj05_margin_low_1sess_150ep,430,31964,0.05434921,0.045757156,15,0.008592054,1.0,1.0,1.0,1.0,0.0034690872,-0.00281547,0.0062845573,0.0,0.0,0,0,1.0,1.0,0.0,0.90410995,0.001691997,0.87122977,1.7273494,0.84344363,0.838519,12.750576,0.22135134041309357,0.27517229318618774,0.2003406286239624,0.7786486595869064,0.3823511,1.3449984,0.6783819,False,False,False
5,cycle44_subj05_margin_low_1sess_150ep,431,32053,0.040394556,0.055458803,523,-0.015064247,6.0,0.4285714285714285,2.0,2.0,-0.0035058446,-0.004243944,0.0007380992,4.0,-0.2857142857142857,0,0,2.0,1.0,-1.0,0.9304044,0.00076276064,0.92166394,1.730371,0.86319417,0.83787346,12.795785,0.22135134041309357,0.27517229318618774,0.2003406286239624,0.7786486595869064,0.38301995,1.3473511,0.7176524,False,False,False
5,cycle44_subj05_margin_low_1sess_150ep,432,32232,0.034202006,0.039059125,777,-0.004857119,6.0,0.3846153846153846,2.230769230769231,2.0,-0.003949821,-0.0031862184,-0.00076360255,2.0,0.0,0,0,1.0,3.0,2.0,0.8110396,0.010071754,0.7843826,1.7361306,0.825957,0.84155685,12.829882,0.22135134041309357,0.27517229318618774,0.2003406286239624,0.7786486595869064,0.38429484,1.3518357,0.6107585,False,False,False
5,cycle44_subj05_margin_low_1sess_150ep,433,32303,0.036491845,0.03856518,265,-0.0020733364,6.0,0.1,2.4,2.0,0.0003355518,0.0027426034,-0.0024070516,5.0,-0.9,1,0,1.0,1.0,0.0,0.8083344,0.03882706,0.7467493,1.7414606,0.79470646,0.84117925,12.822499,0.22135134041309357,0.27517229318618774,0.2003406286239624,0.7786486595869064,0.38547462,1.355986,0.58145535,False,False,False
5,cycle44_subj05_margin_low_1sess_150ep,434,32307,0.044083282,0.0484602,100,-0.004376918,3.0,0.2222222222222222,1.8888888888888888,2.0,0.0008494854,0.0017084219,-0.00085893646,0.0,0.0,0,0,2.0,2.0,0.0,0.8511648,0.0086193085,0.8325831,1.7261475,0.87554586,0.83830506,12.755639,0.22135134041309357,0.27517229318618774,0.2003406286239624,0.7786486595869064,0.38208508,1.3440624,0.64828974,False,False,False
5,cycle44_subj05_margin_low_1sess_150ep,435,32625,0.040080454,0.03442554,660,0.0056549124,1.0,1.0,1.0,1.0,-0.0016969368,0.0017295219,-0.0034264587,0.0,0.0,0,0,1.0,4.0,3.0,0.8792704,0.0010088086,0.85357934,1.7273186,0.8643974,0.8379098,12.738358,0.22135134041309357,0.27517229318618774,0.2003406286239624,0.7786486595869064,0.3823443,1.3449744,0.6646384,False,False,False
5,cycle44_subj05_margin_low_1sess_150ep,436,32643,0.036890652,0.050840944,522,-0.013950292,36.0,0.0,11.941176470588236,12.0,0.0020404086,0.0020373613,3.0472875e-06,-1.0,0.0,0,0,3.0,3.0,0.0,0.8810077,0.0064991713,0.84229594,1.7390391,0.8081775,0.8407145,12.700374,0.22135134041309357,0.27517229318618774,0.2003406286239624,0.7786486595869064,0.38493863,1.3541005,0.6558526,False,False,False
5,cycle44_subj05_margin_low_1sess_150ep,437,32716,0.058695305,0.05370136,805,0.0049939454,1.0,1.0,1.0,1.0,0.0020733029,0.004111495,-0.002038192,0.0,0.0,0,0,1.0,1.0,0.0,0.76544774,0.023538232,0.72056925,1.7424985,0.76795566,0.84287506,12.85045,0.22135134041309357,0.27517229318618774,0.2003406286239624,0.7786486595869064,0.38570437,1.3567941,0.5610703,False,False,False
5,cycle44_subj05_margin_low_1sess_150ep,438,32771,0.01989741,0.045522757,663,-0.025625346,101.0,0.0,31.5,31.5,-0.0040571857,0.004807472,-0.008864658,62.0,0.0,0,0,7.0,14.0,7.0,0.92453724,0.0068101883,0.9088209,1.7427118,0.81136876,0.8422933,12.800735,0.22135134041309357,0.27517229318618774,0.2003406286239624,0.7786486595869064,0.38575158,1.3569602,0.7076522,False,False,False
5,cycle44_subj05_margin_low_1sess_150ep,439,32772,0.020062495,0.042602085,699,-0.02253959,53.0,0.0,16.8,17.0,-0.00097583793,0.001153063,-0.002128901,20.0,0.0,0,0,46.0,67.0,21.0,0.87368554,0.0019851923,0.83746326,1.742887,0.8543523,0.8412688,12.849734,0.22135134041309357,0.27517229318618774,0.2003406286239624,0.7786486595869064,0.38579038,1.3570967,0.65208966,False,False,False
5,cycle44_subj05_margin_low_1sess_150ep,440,32857,0.04095833,0.042450715,162,-0.0014923848,3.0,0.5,1.6666666666666667,1.5,0.0025531165,0.0012487322,0.0013043843,-1.0,0.1666666666666666,0,0,1.0,2.0,1.0,0.8088395,0.00591892,0.7731781,1.7465587,0.80121624,0.8429423,12.77093,0.22135134041309357,0.27517229318618774,0.2003406286239624,0.7786486595869064,0.3866031,1.3599555,0.6020341,False,False,False
5,cycle44_subj05_margin_low_1sess_150ep,441,32891,0.029625015,0.03910372,478,-0.009478705,14.0,0.0,5.625,5.5,0.00034837052,0.0047963113,-0.0044479407,7.0,-0.125,0,0,4.0,4.0,0.0,0.78637797,0.0124318,0.7686971,1.7366688,0.8189304,0.84054816,12.687026,0.22135134041309357,0.27517229318618774,0.2003406286239624,0.7786486595869064,0.38441396,1.3522549,0.59854496,False,False,False
5,cycle44_subj05_margin_low_1sess_150ep,442,32910,0.040083934,0.045692828,928,-0.005608894,7.0,0.0,3.8333333333333335,3.5,0.0070083737,0.0036164634,0.0033919103,-3.0,0.0,0,0,41.0,22.0,-19.0,0.8626323,0.0003260374,0.8491505,1.7313193,0.85702306,0.8399211,12.722358,0.22135134041309357,0.27517229318618774,0.2003406286239624,0.7786486595869064,0.38322985,1.3480895,0.6611899,False,False,False
5,cycle44_subj05_margin_low_1sess_150ep,443,33131,0.04941845,0.05534993,434,-0.0059314817,2.0,0.7142857142857143,1.2857142857142858,1.0,0.003171157,0.0010886379,0.0020825192,0.0,0.0,0,0,2.0,1.0,-1.0,0.87689567,0.0125876665,0.846609,1.7316152,0.88109356,0.839105,12.762777,0.22135134041309357,0.27517229318618774,0.2003406286239624,0.7786486595869064,0.38329536,1.3483199,0.659211,False,False,False
5,cycle44_subj05_margin_low_1sess_150ep,444,33171,0.04096741,0.037663277,769,0.0033041313,1.0,1.0,1.0,1.0,0.011404304,0.003298629,0.008105675,-10.0,1.0,0,1,8.0,4.0,-4.0,0.9385358,0.01940918,0.90972364,1.7331434,0.84351885,0.83923244,12.803932,0.22135134041309357,0.27517229318618774,0.2003406286239624,0.7786486595869064,0.3836336,1.3495098,0.7083551,False,False,False
5,cycle44_subj05_margin_low_1sess_150ep,445,33189,0.044999313,0.05405418,577,-0.009054866,4.0,0.25,2.5,2.5,0.0018518455,0.0045519397,-0.0027000941,1.0,-0.125,0,0,8.0,6.0,-2.0,0.7763137,0.009546399,0.75989085,1.745654,0.8100437,0.8412397,12.830096,0.22135134041309357,0.27517229318618774,0.2003406286239624,0.7786486595869064,0.38640285,1.3592511,0.591688,False,False,False
5,cycle44_subj05_margin_low_1sess_150ep,446,33245,0.041112285,0.05818404,182,-0.017071754,9.0,0.0,3.75,4.0,0.0014678426,0.0014361441,3.1698495e-05,2.0,0.0,0,0,5.0,3.0,-2.0,0.8847456,0.009230018,0.8693398,1.7278513,0.83988637,0.8370809,12.737575,0.22135134041309357,0.27517229318618774,0.2003406286239624,0.7786486595869064,0.3824622,1.3453891,0.6769103,False,False,False
5,cycle44_subj05_margin_low_1sess_150ep,447,33289,0.04379481,0.04984034,712,-0.0060455278,6.0,0.1818181818181818,2.363636363636364,2.0,0.00062114,0.0010109581,-0.0003898181,2.0,-0.1818181818181818,0,0,8.0,7.0,-1.0,0.8532943,0.007569492,0.81804466,1.7398947,0.84077495,0.84140676,12.827108,0.22135134041309357,0.27517229318618774,0.2003406286239624,0.7786486595869064,0.38512802,1.3547667,0.6369694,False,False,False
5,cycle44_subj05_margin_low_1sess_150ep,448,33521,0.041338976,0.046230745,190,-0.004891768,4.0,0.7142857142857143,1.2857142857142858,1.0,0.0037826672,0.0020853654,0.0016973019,1.0,0.0,0,0,2.0,2.0,0.0,0.9030974,0.00032019615,0.89131916,1.7316788,0.88014215,0.83889014,12.745471,0.22135134041309357,0.27517229318618774,0.2003406286239624,0.7786486595869064,0.38330942,1.3483695,0.6940245,False,False,False
5,cycle44_subj05_margin_low_1sess_150ep,449,33543,0.04297472,0.047710948,793,-0.004736226,6.0,0.0,2.833333333333333,2.5,-0.00071590394,-0.0023580864,0.0016421825,1.0,0.0,0,0,1.0,1.0,0.0,0.8666783,0.017581642,0.82107675,1.745275,0.80208474,0.84337735,12.773496,0.22135134041309357,0.27517229318618774,0.2003406286239624,0.7786486595869064,0.38631895,1.3589561,0.6393303,False,False,False
5,cycle44_subj05_margin_low_1sess_150ep,450,33752,0.02364383,0.032439142,486,-0.008795312,16.0,0.0,5.8,6.0,0.0010428019,-0.00017795339,0.0012207553,4.0,0.0,0,0,63.0,68.0,5.0,0.8665559,0.033772826,0.8294395,1.7333162,0.8579552,0.84045845,12.742811,0.22135134041309357,0.27517229318618774,0.2003406286239624,0.7786486595869064,0.38367185,1.3496443,0.64584196,False,False,False
5,cycle44_subj05_margin_low_1sess_150ep,451,33813,0.039693117,0.048097372,414,-0.008404255,4.0,0.5,1.9,1.5,-0.0017802194,0.0018260442,-0.0036062635,1.0,-0.0999999999999999,0,0,1.0,1.0,0.0,0.8957814,0.044662178,0.83247787,1.7376106,0.81651425,0.84137195,12.806845,0.22135134041309357,0.27517229318618774,0.2003406286239624,0.7786486595869064,0.38462242,1.3529881,0.6482078,False,False,False
5,cycle44_subj05_margin_low_1sess_150ep,452,33906,0.037091084,0.05047651,964,-0.013385426,9.0,0.0,4.333333333333333,4.5,-0.00078262016,0.0088103,-0.009592921,4.0,-0.1666666666666666,0,0,1.0,3.0,2.0,0.9192141,0.006534338,0.8974239,1.7303085,0.8034873,0.8379392,12.743744,0.22135134041309357,0.27517229318618774,0.2003406286239624,0.7786486595869064,0.38300613,1.3473024,0.698778,False,False,False
5,cycle44_subj05_margin_low_1sess_150ep,453,34068,0.037186146,0.044420302,514,-0.007234156,5.0,0.5,1.8,1.5,0.004820153,0.0036752373,0.0011449158,0.0,0.0,0,0,2.0,2.0,0.0,0.81918114,0.0024597645,0.80993253,1.7414405,0.8081062,0.84122396,12.807061,0.22135134041309357,0.27517229318618774,0.2003406286239624,0.7786486595869064,0.38547018,1.3559704,0.6306529,False,False,False
5,cycle44_subj05_margin_low_1sess_150ep,454,34080,0.046307057,0.044387452,923,0.0019196048,1.0,1.0,1.0,1.0,0.00093822926,0.004435882,-0.0034976527,0.0,0.0,0,0,1.0,1.0,0.0,0.79791874,0.012642086,0.76220524,1.7379391,0.7782564,0.8406427,12.734189,0.22135134041309357,0.27517229318618774,0.2003406286239624,0.7786486595869064,0.38469514,1.353244,0.5934901,False,False,False
5,cycle44_subj05_margin_low_1sess_150ep,455,34089,0.04861153,0.050548516,551,-0.001936987,4.0,0.6,1.7,1.0,-0.0014812723,0.003939979,-0.005421251,3.0,-0.4,1,0,1.0,1.0,0.0,0.8143787,0.009439111,0.7975943,1.7365545,0.82027245,0.84036833,12.840785,0.22135134041309357,0.27517229318618774,0.2003406286239624,0.7786486595869064,0.38438866,1.3521658,0.62104577,False,False,False
5,cycle44_subj05_margin_low_1sess_150ep,456,34126,0.06059018,0.041643918,577,0.018946264,1.0,1.0,1.0,1.0,0.0013632253,0.00036728382,0.0009959415,0.0,0.0,0,0,1.0,1.0,0.0,0.92205787,0.004384935,0.8986062,1.7293767,0.7767134,0.8376178,12.740626,0.22135134041309357,0.27517229318618774,0.2003406286239624,0.7786486595869064,0.38279983,1.3465768,0.6996985,False,False,False
5,cycle44_subj05_margin_low_1sess_150ep,457,34186,0.03665757,0.048678033,19,-0.012020461,6.0,0.1818181818181818,2.4545454545454546,2.0,-0.00079444796,-0.0013027377,0.0005082898,1.0,-0.1818181818181818,0,0,8.0,11.0,3.0,0.9012356,0.0005530119,0.8774645,1.7315203,0.8483814,0.83936656,12.743082,0.22135134041309357,0.27517229318618774,0.2003406286239624,0.7786486595869064,0.38327435,1.348246,0.68323654,False,False,False
5,cycle44_subj05_margin_low_1sess_150ep,458,34238,0.052199863,0.042662993,714,0.00953687,1.0,1.0,1.0,1.0,0.0051724613,0.0015986674,0.003573794,0.0,0.0,0,0,1.0,1.0,0.0,0.9345968,0.0015084147,0.91047305,1.7401786,0.76340157,0.84208494,12.741142,0.22135134041309357,0.27517229318618774,0.2003406286239624,0.7786486595869064,0.38519087,1.3549877,0.70893866,False,False,False
5,cycle44_subj05_margin_low_1sess_150ep,459,34418,0.027756112,0.05289846,118,-0.025142347,147.0,0.0,47.75,49.0,0.0040669143,0.0058066584,-0.0017397441,-31.0,0.0,0,0,7.0,11.0,4.0,0.89072627,0.025999844,0.85994804,1.7331277,0.84248644,0.8381248,12.805425,0.22135134041309357,0.27517229318618774,0.2003406286239624,0.7786486595869064,0.38363016,1.3494976,0.6695974,False,False,False
5,cycle44_subj05_margin_low_1sess_150ep,460,34603,0.045724344,0.042699873,862,0.00302447,1.0,1.0,1.0,1.0,0.0047045834,0.0049098246,-0.00020524114,0.0,0.0,0,0,13.0,14.0,1.0,0.93663114,0.006831944,0.9198769,1.7339413,0.79100037,0.8392824,12.818612,0.22135134041309357,0.27517229318618774,0.2003406286239624,0.7786486595869064,0.38381022,1.3501312,0.7162609,False,False,False
5,cycle44_subj05_margin_low_1sess_150ep,461,34751,0.0624667,0.05182212,614,0.010644581,1.0,1.0,1.0,1.0,-0.00063279644,0.0004079193,-0.0010407157,0.0,0.0,0,0,1.0,1.0,0.0,0.8441338,0.016688585,0.81373084,1.733105,0.82357585,0.8398628,12.736519,0.22135134041309357,0.27517229318618774,0.2003406286239624,0.7786486595869064,0.3836251,1.3494799,0.6336104,False,False,False
5,cycle44_subj05_margin_low_1sess_150ep,462,34829,0.038020488,0.05057144,162,-0.012550954,25.0,0.0,7.5,6.0,0.0040810443,0.007357236,-0.0032761917,7.0,0.0,0,0,2.0,3.0,1.0,0.8702222,0.005843222,0.8212267,1.7340527,0.8131379,0.8397687,12.76577,0.22135134041309357,0.27517229318618774,0.2003406286239624,0.7786486595869064,0.38383487,1.3502178,0.6394471,False,False,False
5,cycle44_subj05_margin_low_1sess_150ep,463,34845,0.050367426,0.047154114,976,0.0032133125,1.0,1.0,1.0,1.0,0.0030967593,0.0027203634,0.00037639588,0.0,0.0,0,0,1.0,1.0,0.0,0.8157106,0.00042015314,0.8059131,1.7301986,0.83185184,0.83912915,12.795323,0.22135134041309357,0.27517229318618774,0.2003406286239624,0.7786486595869064,0.38298178,1.3472168,0.6275232,False,False,False
5,cycle44_subj05_margin_low_1sess_150ep,464,34850,0.039775867,0.04522203,208,-0.005446162,2.0,0.5555555555555556,1.4444444444444444,1.0,0.0050853416,0.010691408,-0.0056060664,1.0,-0.4444444444444444,1,0,7.0,2.0,-5.0,0.8539642,0.057431698,0.7809873,1.751901,0.80651957,0.8448493,12.866999,0.22135134041309357,0.27517229318618774,0.2003406286239624,0.7786486595869064,0.38778564,1.3641154,0.6081147,False,False,False
5,cycle44_subj05_margin_low_1sess_150ep,465,34874,0.03606479,0.043208063,652,-0.007143274,9.0,0.0,3.2857142857142856,3.0,0.0010667406,-0.0023090206,0.0033757612,-1.0,-0.1428571428571428,0,0,1.0,1.0,0.0,0.7682831,0.0068739653,0.7471708,1.744763,0.80334616,0.8434426,12.784491,0.22135134041309357,0.27517229318618774,0.2003406286239624,0.7786486595869064,0.38620564,1.3585575,0.58178353,False,False,False
5,cycle44_subj05_margin_low_1sess_150ep,466,34975,0.03949943,0.04899333,471,-0.009493899,8.0,0.125,3.125,3.0,0.007862467,0.0016308501,0.006231617,-5.0,0.125,0,0,8.0,9.0,1.0,0.8827647,0.0019332767,0.8695288,1.7295634,0.77496797,0.8379123,12.78198,0.22135134041309357,0.27517229318618774,0.2003406286239624,0.7786486595869064,0.38284117,1.3467222,0.67705745,False,False,False
5,cycle44_subj05_margin_low_1sess_150ep,467,35094,0.032706194,0.0434911,997,-0.010784905,20.0,0.0,6.666666666666667,6.0,0.007235907,0.006976161,0.00025974587,2.0,0.0,0,0,44.0,28.0,-16.0,0.8055972,0.03722906,0.76197565,1.7374609,0.80641234,0.83962345,12.714651,0.22135134041309357,0.27517229318618774,0.2003406286239624,0.7786486595869064,0.38458928,1.3528715,0.5933113,False,False,False
5,cycle44_subj05_margin_low_1sess_150ep,468,35129,0.046045333,0.04918174,523,-0.0031364076,2.0,0.6,1.4,1.0,0.0014135577,0.001139842,0.0002737157,0.0,0.0,0,0,5.0,14.0,9.0,0.88576716,0.01993531,0.84076977,1.7352132,0.83067775,0.83986896,12.780075,0.22135134041309357,0.27517229318618774,0.2003406286239624,0.7786486595869064,0.38409176,1.3511214,0.6546643,False,False,False
5,cycle44_subj05_margin_low_1sess_150ep,469,35743,0.046527144,0.048226587,343,-0.0016994439,4.0,0.3333333333333333,1.9166666666666667,2.0,-0.00040958077,0.0052004494,-0.00561003,3.0,-0.6666666666666667,1,0,1.0,1.0,0.0,0.92964166,0.0008878112,0.9046291,1.7341931,0.8735267,0.8387114,12.792014,0.22135134041309357,0.27517229318618774,0.2003406286239624,0.7786486595869064,0.38386595,1.3503271,0.70438826,False,False,False
5,cycle44_subj05_margin_low_1sess_150ep,470,35752,0.044135664,0.038357615,213,0.005778048,1.0,1.0,1.0,1.0,0.006266076,0.0022093728,0.0040567033,0.0,0.0,0,0,4.0,2.0,-2.0,0.87966394,0.0048136115,0.8511132,1.7321789,0.8377148,0.83848464,12.750107,0.22135134041309357,0.27517229318618774,0.2003406286239624,0.7786486595869064,0.38342014,1.3487588,0.6627182,False,False,False
5,cycle44_subj05_margin_low_1sess_150ep,471,35790,0.061138876,0.05381576,794,0.007323116,1.0,1.0,1.0,1.0,0.0053604655,0.006179787,-0.0008193217,0.0,0.0,0,0,1.0,1.0,0.0,0.93004864,0.0037483573,0.9074606,1.7330108,0.80780196,0.8394384,12.830694,0.22135134041309357,0.27517229318618774,0.2003406286239624,0.7786486595869064,0.38360426,1.3494065,0.706593,False,False,False
5,cycle44_subj05_margin_low_1sess_150ep,472,35798,0.053061966,0.047943678,680,0.005118288,1.0,1.0,1.0,1.0,0.005770333,0.003779348,0.0019909851,0.0,0.0,0,0,1.0,1.0,0.0,0.92529815,0.009757519,0.89383066,1.7379589,0.79512674,0.8401687,12.772854,0.22135134041309357,0.27517229318618774,0.2003406286239624,0.7786486595869064,0.38469952,1.3532594,0.6959801,False,False,False
5,cycle44_subj05_margin_low_1sess_150ep,473,35986,0.059044916,0.037063446,559,0.02198147,1.0,1.0,1.0,1.0,0.00054559484,0.00040235743,0.00014323741,0.0,0.0,0,0,1.0,1.0,0.0,0.852969,0.008841455,0.831861,1.7362885,0.83418417,0.8410353,12.798231,0.22135134041309357,0.27517229318618774,0.2003406286239624,0.7786486595869064,0.3843298,1.3519588,0.6477275,False,False,False
5,cycle44_subj05_margin_low_1sess_150ep,474,36067,0.039826166,0.04078824,316,-0.00096207485,2.0,0.7272727272727273,1.2727272727272727,1.0,0.0032183677,0.0017888919,0.0014294758,-1.0,0.1818181818181818,0,0,1.0,1.0,0.0,0.83472747,0.004122913,0.81027305,1.7417202,0.8536516,0.84156024,12.778913,0.22135134041309357,0.27517229318618774,0.2003406286239624,0.7786486595869064,0.3855321,1.3561882,0.630918,False,False,False
5,cycle44_subj05_margin_low_1sess_150ep,475,36258,0.04548298,0.051749818,674,-0.00626684,5.0,0.3,2.4,2.5,0.0010529906,0.0041762814,-0.0031232908,2.0,-0.1,0,0,1.0,1.0,0.0,0.92921025,0.0027763844,0.89196646,1.7399616,0.80145496,0.8410918,12.687309,0.22135134041309357,0.27517229318618774,0.2003406286239624,0.7786486595869064,0.38514283,1.3548188,0.6945285,False,False,False
5,cycle44_subj05_margin_low_1sess_150ep,476,36476,0.02562178,0.04669156,567,-0.02106978,84.0,0.0,24.25,24.0,0.0012944303,0.0027462393,-0.001451809,12.0,0.0,0,0,16.0,21.0,5.0,0.8253128,0.017750084,0.7837148,1.7452794,0.8232228,0.8414557,12.842076,0.22135134041309357,0.27517229318618774,0.2003406286239624,0.7786486595869064,0.38631994,1.3589596,0.6102385,False,False,False
5,cycle44_subj05_margin_low_1sess_150ep,477,36569,0.0555233,0.05374907,316,0.0017742291,1.0,1.0,1.0,1.0,0.0044766776,0.0028927177,0.0015839599,0.0,0.0,0,0,1.0,1.0,0.0,0.8755625,0.0059714913,0.84936875,1.7285799,0.88423085,0.8383674,12.7696495,0.22135134041309357,0.27517229318618774,0.2003406286239624,0.7786486595869064,0.38262346,1.3459564,0.66135985,False,False,False
5,cycle44_subj05_margin_low_1sess_150ep,478,36576,0.023092672,0.03405329,812,-0.010960616,23.0,0.0,9.0,9.5,0.0044069085,-0.00221584,0.0066227484,-10.0,0.0,0,0,44.0,29.0,-15.0,0.8020198,0.0084911585,0.7779523,1.7504895,0.79292804,0.84316635,12.835795,0.22135134041309357,0.27517229318618774,0.2003406286239624,0.7786486595869064,0.3874732,1.3630164,0.6057515,False,False,False
5,cycle44_subj05_margin_low_1sess_150ep,479,36623,0.0528984,0.053613704,426,-0.00071530417,2.0,0.4444444444444444,1.5555555555555556,2.0,0.0019642226,0.006824523,-0.0048603006,1.0,-0.5555555555555556,1,0,1.0,1.0,0.0,0.8702222,0.0410735,0.8161278,1.7330829,0.79132396,0.83794725,12.779163,0.22135134041309357,0.27517229318618774,0.2003406286239624,0.7786486595869064,0.38362023,1.3494627,0.6354768,False,False,False
5,cycle44_subj05_margin_low_1sess_150ep,480,36629,0.045371477,0.035549,191,0.009822477,1.0,1.0,1.0,1.0,0.0073142126,0.005304016,0.0020101964,0.0,0.0,0,0,12.0,3.0,-9.0,0.82506144,0.0012338758,0.7841233,1.7361124,0.794906,0.83995116,12.788694,0.22135134041309357,0.27517229318618774,0.2003406286239624,0.7786486595869064,0.38429078,1.3518215,0.61055654,False,False,False
5,cycle44_subj05_margin_low_1sess_150ep,481,36682,0.051797643,0.04926109,316,0.002536554,1.0,1.0,1.0,1.0,0.0037723184,0.0062094554,-0.002437137,0.0,0.0,0,0,1.0,1.0,0.0,0.83384025,0.009619176,0.77934694,1.7467219,0.80305654,0.8434068,12.845692,0.22135134041309357,0.27517229318618774,0.2003406286239624,0.7786486595869064,0.38663924,1.3600826,0.60683745,False,False,False
5,cycle44_subj05_margin_low_1sess_150ep,482,36731,0.047117475,0.045861736,541,0.0012557395,1.0,1.0,1.0,1.0,0.004801307,0.0012978055,0.0035035014,-1.0,0.1666666666666666,0,1,1.0,1.0,0.0,0.91440123,0.0017712116,0.8902117,1.7360281,0.7923211,0.83911383,12.812206,0.22135134041309357,0.27517229318618774,0.2003406286239624,0.7786486595869064,0.38427213,1.351756,0.69316214,False,False,False
5,cycle44_subj05_margin_low_1sess_150ep,483,36759,0.052121047,0.054242007,493,-0.0021209605,2.0,0.7272727272727273,1.2727272727272727,1.0,0.004608091,0.006444875,-0.0018367842,0.0,0.0,0,0,1.0,1.0,0.0,0.9059058,0.0045145154,0.8641264,1.7317678,0.80846184,0.8372365,12.756616,0.22135134041309357,0.27517229318618774,0.2003406286239624,0.7786486595869064,0.38332912,1.3484387,0.67285085,False,False,False
5,cycle44_subj05_margin_low_1sess_150ep,484,36910,0.058330446,0.051335182,250,0.0069952644,1.0,1.0,1.0,1.0,0.0057810694,0.0032191277,0.0025619417,0.0,0.0,0,0,1.0,1.0,0.0,0.8880155,0.018125772,0.81903714,1.7392583,0.8059441,0.8421101,12.822851,0.22135134041309357,0.27517229318618774,0.2003406286239624,0.7786486595869064,0.38498715,1.3542712,0.63774216,False,False,False
5,cycle44_subj05_margin_low_1sess_150ep,485,36945,0.05495265,0.042665783,674,0.012286868,1.0,1.0,1.0,1.0,0.0016492009,0.003522221,-0.0018730201,0.0,0.0,0,0,1.0,1.0,0.0,0.8844511,0.11206299,0.7601311,1.7479674,0.8053253,0.8439211,12.827166,0.22135134041309357,0.27517229318618774,0.2003406286239624,0.7786486595869064,0.3869149,1.3610525,0.5918751,False,False,False
5,cycle44_subj05_margin_low_1sess_150ep,486,36974,0.054228693,0.0387086,544,0.015520092,1.0,1.0,1.0,1.0,-5.5246055e-06,-0.0005482212,0.00054269657,0.0,0.0,0,0,1.0,1.0,0.0,0.85112536,0.02332455,0.81771696,1.7329515,0.86086357,0.83882195,12.78707,0.22135134041309357,0.27517229318618774,0.2003406286239624,0.7786486595869064,0.38359115,1.3493603,0.6367142,False,False,False
5,cycle44_subj05_margin_low_1sess_150ep,487,36978,0.038343325,0.0510708,322,-0.012727473,6.0,0.0,2.727272727272727,2.0,0.0006444268,0.0061495975,-0.0055051707,0.0,-0.0909090909090909,0,0,5.0,7.0,2.0,0.8147097,0.030939221,0.76762724,1.7361248,0.8306572,0.84121424,12.77976,0.22135134041309357,0.27517229318618774,0.2003406286239624,0.7786486595869064,0.38429356,1.3518312,0.5977119,False,False,False
5,cycle44_subj05_margin_low_1sess_150ep,488,37059,0.047903493,0.048800685,48,-0.00089719146,3.0,0.5,1.5,1.5,0.006323643,0.0036468022,0.0026768409,0.0,0.0,0,0,4.0,2.0,-2.0,0.85782546,0.00097209215,0.82446206,1.7469319,0.8288071,0.8437163,12.783258,0.22135134041309357,0.27517229318618774,0.2003406286239624,0.7786486595869064,0.38668573,1.3602462,0.6419663,False,False,False
5,cycle44_subj05_margin_low_1sess_150ep,489,37221,0.04127273,0.047127057,827,-0.005854327,6.0,0.25,2.375,2.0,0.001865454,0.001954075,-8.862093e-05,0.0,0.0,0,0,1.0,1.0,0.0,0.891997,0.0063834786,0.87690055,1.7235366,0.8659173,0.8368815,12.750809,0.22135134041309357,0.27517229318618774,0.2003406286239624,0.7786486595869064,0.38150713,1.3420295,0.68279743,False,False,False
5,cycle44_subj05_margin_low_1sess_150ep,490,37224,0.042332266,0.040317193,125,0.0020150729,1.0,1.0,1.0,1.0,0.004362479,0.003181465,0.0011810139,0.0,0.0,0,0,4.0,3.0,-1.0,0.8387271,0.006787896,0.79233265,1.7324666,0.8283361,0.8387194,12.7710495,0.22135134041309357,0.27517229318618774,0.2003406286239624,0.7786486595869064,0.3834838,1.3489828,0.6169488,False,False,False
5,cycle44_subj05_margin_low_1sess_150ep,491,37436,0.031854786,0.050251156,999,-0.01839637,20.0,0.0,6.375,6.5,-0.0070528425,0.0016363002,-0.008689143,18.0,-0.875,0,0,5.0,11.0,6.0,0.81577486,0.0049797893,0.8005244,1.7378368,0.8425505,0.8407124,12.822221,0.22135134041309357,0.27517229318618774,0.2003406286239624,0.7786486595869064,0.38467252,1.3531643,0.62332726,False,False,False
5,cycle44_subj05_margin_low_1sess_150ep,492,37494,0.040666435,0.039183136,955,0.0014832988,1.0,1.0,1.0,1.0,0.011784038,0.0016694628,0.010114575,-7.0,0.8,0,1,9.0,4.0,-5.0,0.9371504,0.02713877,0.8253765,1.7341266,0.79372066,0.84036154,12.813565,0.22135134041309357,0.27517229318618774,0.2003406286239624,0.7786486595869064,0.38385123,1.3502754,0.6426783,False,False,False
5,cycle44_subj05_margin_low_1sess_150ep,493,37608,0.07549044,0.05576468,64,0.019725759,1.0,1.0,1.0,1.0,0.0044084564,0.0040145144,0.000393942,0.0,0.0,0,0,1.0,1.0,0.0,0.8770448,0.017969728,0.8492017,1.7360873,0.8167615,0.8382788,12.774367,0.22135134041309357,0.27517229318618774,0.2003406286239624,0.7786486595869064,0.38428524,1.3518021,0.6612298,False,False,False
5,cycle44_subj05_margin_low_1sess_150ep,494,37736,0.03249882,0.05148275,48,-0.018983927,36.0,0.0,11.2,11.5,0.005654812,0.004117448,0.001537364,-24.0,0.0,0,0,8.0,7.0,-1.0,0.81135255,0.014248729,0.78889954,1.7497687,0.810123,0.8441587,12.722723,0.22135134041309357,0.27517229318618774,0.2003406286239624,0.7786486595869064,0.38731366,1.3624551,0.6142756,False,False,False
5,cycle44_subj05_margin_low_1sess_150ep,495,37801,0.049491942,0.04252185,90,0.0069700927,1.0,1.0,1.0,1.0,-0.0029063448,-0.00036419928,-0.0025421456,0.0,0.0,0,0,1.0,1.0,0.0,0.8390195,0.02833736,0.7814465,1.7377843,0.77951294,0.8412291,12.763801,0.22135134041309357,0.27517229318618774,0.2003406286239624,0.7786486595869064,0.38466087,1.3531234,0.6084723,False,False,False
5,cycle44_subj05_margin_low_1sess_150ep,496,37927,0.038301487,0.039395873,590,-0.001094386,3.0,0.3636363636363636,1.818181818181818,2.0,0.004403293,0.0033251084,0.0010781847,1.0,-0.1818181818181817,0,0,2.0,3.0,1.0,0.8373177,0.0015299916,0.8160493,1.73076,0.8030699,0.83908564,12.804797,0.22135134041309357,0.27517229318618774,0.2003406286239624,0.7786486595869064,0.38310605,1.347654,0.6354157,False,False,False
5,cycle44_subj05_margin_low_1sess_150ep,497,38022,0.04021271,0.047358897,250,-0.007146187,5.0,0.2,3.0,3.0,-0.0012048967,0.0025638044,-0.003768701,3.0,0.0,0,0,1.0,1.0,0.0,0.87221307,0.024403155,0.8266821,1.7362275,0.8200718,0.8402765,12.763373,0.22135134041309357,0.27517229318618774,0.2003406286239624,0.7786486595869064,0.3843163,1.3519113,0.64369494,False,False,False
5,cycle44_subj05_margin_low_1sess_150ep,498,38025,0.035379313,0.052952584,777,-0.017573271,21.0,0.0,6.9,6.5,0.0026634373,-0.0010490753,0.0037125126,-9.0,0.0,0,0,2.0,1.0,-1.0,0.8412849,0.0024895668,0.81967956,1.7384554,0.8177943,0.8409377,12.835353,0.22135134041309357,0.27517229318618774,0.2003406286239624,0.7786486595869064,0.38480943,1.353646,0.6382424,False,False,False
5,cycle44_subj05_margin_low_1sess_150ep,499,38060,0.05041022,0.052392025,250,-0.001981806,2.0,0.7272727272727273,1.2727272727272727,1.0,-0.0017301403,0.0050524846,-0.006782625,1.0,-0.2727272727272727,1,0,2.0,4.0,2.0,0.89992464,0.006115198,0.877392,1.7370117,0.83574784,0.84026057,12.738289,0.22135134041309357,0.27517229318618774,0.2003406286239624,0.7786486595869064,0.38448986,1.3525218,0.6831801,False,False,False
5,cycle44_subj05_margin_low_1sess_150ep,500,38246,0.052697144,0.052759636,680,-6.2491745e-05,2.0,0.8,1.2,1.0,0.0018769652,0.005966127,-0.0040891618,1.0,-0.1999999999999999,1,0,1.0,1.0,0.0,0.9139519,0.0056681633,0.8869812,1.7372375,0.8303833,0.83982086,12.713432,0.22135134041309357,0.27517229318618774,0.2003406286239624,0.7786486595869064,0.38453984,1.3526976,0.6906467,False,False,False
5,cycle44_subj05_margin_low_1sess_150ep,501,38278,0.04638988,0.039414708,731,0.006975174,1.0,1.0,1.0,1.0,-0.0035808086,-0.0003618598,-0.0032189488,0.0,0.0,0,0,1.0,2.0,1.0,0.9148117,0.0075820684,0.8931247,1.7338941,0.79414946,0.8387934,12.784008,0.22135134041309357,0.27517229318618774,0.2003406286239624,0.7786486595869064,0.3837998,1.3500943,0.69543034,False,False,False
5,cycle44_subj05_margin_low_1sess_150ep,502,38297,0.04014549,0.04986497,48,-0.00971948,11.0,0.0909090909090909,4.090909090909091,5.0,0.0048464984,0.0062634237,-0.0014169253,-2.0,0.0909090909090909,0,0,1.0,1.0,0.0,0.9006615,0.005182624,0.8473879,1.7425085,0.81506264,0.842224,12.701861,0.22135134041309357,0.27517229318618774,0.2003406286239624,0.7786486595869064,0.3857066,1.356802,0.65981746,False,False,False
5,cycle44_subj05_margin_low_1sess_150ep,503,38310,0.043832563,0.04477935,191,-0.00094678625,2.0,0.7777777777777778,1.2222222222222223,1.0,0.0021108724,0.004886795,-0.0027759224,1.0,-0.2222222222222222,1,0,2.0,1.0,-1.0,0.8844606,0.010101974,0.8556956,1.7361465,0.82587034,0.8407691,12.772026,0.22135134041309357,0.27517229318618774,0.2003406286239624,0.7786486595869064,0.38429835,1.3518481,0.66628623,False,False,False
5,cycle44_subj05_margin_low_1sess_150ep,504,38358,0.064603634,0.056202315,714,0.008401319,1.0,1.0,1.0,1.0,0.0022260286,0.0015862733,0.0006397553,0.0,0.0,0,0,1.0,1.0,0.0,0.90231514,0.0002362132,0.8882328,1.7433943,0.813081,0.8406974,12.866798,0.22135134041309357,0.27517229318618774,0.2003406286239624,0.7786486595869064,0.38590264,1.3574916,0.6916213,False,False,False
5,cycle44_subj05_margin_low_1sess_150ep,505,38483,0.029358307,0.040337544,227,-0.010979237,42.0,0.0,11.833333333333334,12.0,2.3869798e-05,-0.00062122196,0.00064509176,10.0,0.0,0,0,9.0,12.0,3.0,0.929858,0.003945768,0.9160323,1.738433,0.82229984,0.84054244,12.800668,0.22135134041309357,0.27517229318618774,0.2003406286239624,0.7786486595869064,0.3848045,1.3536285,0.7132673,False,False,False
5,cycle44_subj05_margin_low_1sess_150ep,506,38486,0.04157629,0.0374232,796,0.0041530877,1.0,1.0,1.0,1.0,-0.005078152,0.0021065809,-0.0071847327,0.0,0.0,0,0,1.0,1.0,0.0,0.8892606,0.07019848,0.8018235,1.7225608,0.809492,0.8369073,12.730871,0.22135134041309357,0.27517229318618774,0.2003406286239624,0.7786486595869064,0.38129112,1.3412696,0.6243388,False,False,False
5,cycle44_subj05_margin_low_1sess_150ep,507,38494,0.049707405,0.042829055,16,0.00687835,1.0,1.0,1.0,1.0,-0.0008360483,-0.002158288,0.0013222396,0.0,0.0,0,0,1.0,1.0,0.0,0.8549875,0.055479705,0.79323465,1.7368919,0.82650423,0.84183174,12.734874,0.22135134041309357,0.27517229318618774,0.2003406286239624,0.7786486595869064,0.38446334,1.3524286,0.6176511,False,False,False
5,cycle44_subj05_margin_low_1sess_150ep,508,38641,0.034592584,0.051835462,78,-0.017242879,22.0,0.0,7.333333333333333,7.0,-0.00071142614,0.0045007467,-0.005212173,7.0,0.0,0,0,3.0,3.0,0.0,0.9130554,0.008945465,0.8908389,1.7340597,0.8722098,0.8400987,12.765608,0.22135134041309357,0.27517229318618774,0.2003406286239624,0.7786486595869064,0.38383645,1.3502233,0.69365054,False,False,False
5,cycle44_subj05_margin_low_1sess_150ep,509,38794,0.05253007,0.049476977,818,0.0030530915,1.0,1.0,1.0,1.0,0.0062424317,0.0050917044,0.0011507273,0.0,0.0,0,0,2.0,1.0,-1.0,0.9306887,0.010923386,0.91204727,1.7316996,0.8144592,0.83969307,12.770776,0.22135134041309357,0.27517229318618774,0.2003406286239624,0.7786486595869064,0.383314,1.3483856,0.71016437,False,False,False
5,cycle44_subj05_margin_low_1sess_150ep,510,38817,0.04877407,0.03921688,250,0.009557191,1.0,1.0,1.0,1.0,-0.0025054999,0.0034811348,-0.0059866346,0.0,0.0,0,0,1.0,1.0,0.0,0.84412336,0.0033066869,0.7990509,1.7493722,0.7957071,0.84395665,12.708073,0.22135134041309357,0.27517229318618774,0.2003406286239624,0.7786486595869064,0.3872259,1.3621464,0.6221799,False,False,False
5,cycle44_subj05_margin_low_1sess_150ep,511,38829,0.042938925,0.05357408,828,-0.010635156,7.0,0.1111111111111111,3.111111111111111,3.0,-9.8742545e-05,0.0038203672,-0.0039191097,0.0,0.0,0,0,1.0,1.0,0.0,0.8536256,0.013389349,0.8211072,1.7387129,0.8456576,0.84120136,12.8487835,0.22135134041309357,0.27517229318618774,0.2003406286239624,0.7786486595869064,0.38486645,1.3538465,0.63935405,False,False,False
5,cycle44_subj05_margin_low_1sess_150ep,512,38853,0.05879267,0.050541542,403,0.008251127,1.0,1.0,1.0,1.0,0.0014644451,0.0040100478,-0.0025456026,0.0,0.0,0,0,1.0,1.0,0.0,0.8704736,0.009717107,0.8196095,1.7460753,0.7775505,0.8432628,12.83722,0.22135134041309357,0.27517229318618774,0.2003406286239624,0.7786486595869064,0.3864961,1.3595792,0.6381879,False,False,False
5,cycle44_subj05_margin_low_1sess_150ep,513,38978,0.03014561,0.043246802,447,-0.013101192,17.0,0.0,5.923076923076923,6.0,-0.0005052071,9.24021e-05,-0.0005976092,9.0,-0.0769230769230769,0,0,2.0,2.0,0.0,0.907075,0.01705426,0.86248624,1.7248778,0.8539399,0.8372066,12.786481,0.22135134041309357,0.27517229318618774,0.2003406286239624,0.7786486595869064,0.38180402,1.3430738,0.67157376,False,False,False
5,cycle44_subj05_margin_low_1sess_150ep,514,39047,0.060264364,0.047488302,885,0.012776062,1.0,1.0,1.0,1.0,0.00932562,0.007997144,0.0013284758,0.0,0.0,0,0,1.0,1.0,0.0,0.9098897,0.023192167,0.85390127,1.7328808,0.8212224,0.8396073,12.798427,0.22135134041309357,0.27517229318618774,0.2003406286239624,0.7786486595869064,0.3835755,1.3493054,0.6648891,False,False,False
5,cycle44_subj05_margin_low_1sess_150ep,515,39058,0.037265725,0.049456652,306,-0.012190927,27.0,0.0,10.0,11.0,0.0006544888,0.005576536,-0.0049220473,18.0,0.0,0,0,7.0,3.0,-4.0,0.9184766,0.00038957596,0.8628907,1.7350777,0.8355254,0.83988327,12.74222,0.22135134041309357,0.27517229318618774,0.2003406286239624,0.7786486595869064,0.38406178,1.3510159,0.6718887,False,False,False
5,cycle44_subj05_margin_low_1sess_150ep,516,39095,0.0627456,0.050881464,191,0.011864137,1.0,1.0,1.0,1.0,0.008264311,0.0024143606,0.00584995,0.0,0.0,0,0,1.0,1.0,0.0,0.8873198,0.04515326,0.82797575,1.729655,0.8163911,0.83837664,12.724775,0.22135134041309357,0.27517229318618774,0.2003406286239624,0.7786486595869064,0.38286147,1.3467937,0.6447022,False,False,False
5,cycle44_subj05_margin_low_1sess_150ep,517,39289,0.0192201,0.05232502,715,-0.03310492,181.0,0.0,55.5,55.5,-0.0008435752,0.0018208735,-0.0026644468,30.0,0.0,0,0,48.0,95.0,47.0,0.87170035,0.01562351,0.81818247,1.7434243,0.8388258,0.84184235,12.845294,0.22135134041309357,0.27517229318618774,0.2003406286239624,0.7786486595869064,0.38590932,1.357515,0.6370767,False,False,False
5,cycle44_subj05_margin_low_1sess_150ep,518,39298,0.052681237,0.04349714,999,0.009184096,1.0,1.0,1.0,1.0,-0.0052479357,0.0052607507,-0.010508686,0.0,0.0,0,0,1.0,1.0,0.0,0.8365595,0.0083912015,0.7947279,1.7343503,0.81749064,0.84045464,12.756442,0.22135134041309357,0.27517229318618774,0.2003406286239624,0.7786486595869064,0.38390076,1.3504496,0.6188139,False,False,False
5,cycle44_subj05_margin_low_1sess_150ep,519,39369,0.046414115,0.043021083,93,0.0033930317,1.0,1.0,1.0,1.0,-0.0014839955,0.0028958768,-0.004379872,0.0,0.0,0,0,1.0,1.0,0.0,0.80045307,0.016967475,0.77010125,1.7402059,0.80796313,0.84267294,12.751376,0.22135134041309357,0.27517229318618774,0.2003406286239624,0.7786486595869064,0.3851969,1.355009,0.59963834,False,False,False
5,cycle44_subj05_margin_low_1sess_150ep,520,39402,0.042001825,0.03817226,322,0.003829565,1.0,1.0,1.0,1.0,-0.0008352883,-0.0029407293,0.002105441,0.0,0.0,0,0,3.0,3.0,0.0,0.85607684,0.013204038,0.8305546,1.7349862,0.87312007,0.8403582,12.73164,0.22135134041309357,0.27517229318618774,0.2003406286239624,0.7786486595869064,0.38404152,1.3509446,0.6467102,False,False,False
5,cycle44_subj05_margin_low_1sess_150ep,521,39509,0.04764233,0.04846701,865,-0.0008246787,3.0,0.1111111111111111,2.111111111111111,2.0,0.0015947782,0.0026053824,-0.0010106042,2.0,-0.8888888888888888,1,0,1.0,1.0,0.0,0.9051112,0.02320528,0.87062377,1.7407635,0.78752315,0.8419846,12.7454815,0.22135134041309357,0.27517229318618774,0.2003406286239624,0.7786486595869064,0.38532034,1.3554432,0.67791003,False,False,False
5,cycle44_subj05_margin_low_1sess_150ep,522,39547,0.046779256,0.045093477,365,0.0016857795,1.0,1.0,1.0,1.0,0.0029177777,0.0034715384,-0.0005537607,0.0,0.0,0,0,6.0,6.0,0.0,0.82765806,0.0040665865,0.8097452,1.7451578,0.79039896,0.8433751,12.75426,0.22135134041309357,0.27517229318618774,0.2003406286239624,0.7786486595869064,0.38629302,1.3588648,0.630507,False,False,False
5,cycle44_subj05_margin_low_1sess_150ep,523,39553,0.05430665,0.053628925,621,0.00067772344,1.0,1.0,1.0,1.0,-0.0031992458,0.0076470934,-0.010846339,0.0,0.0,0,0,2.0,3.0,1.0,0.90260816,0.010385156,0.88009965,1.7352663,0.84622544,0.83993274,12.816258,0.22135134041309357,0.27517229318618774,0.2003406286239624,0.7786486595869064,0.38410354,1.3511628,0.6852884,False,False,False
5,cycle44_subj05_margin_low_1sess_150ep,524,39841,0.0564711,0.052512538,227,0.0039585605,1.0,1.0,1.0,1.0,0.0046644993,0.0029006638,0.0017638355,0.0,0.0,0,0,2.0,1.0,-1.0,0.83400923,0.002530098,0.8091787,1.7376047,0.8662739,0.8410397,12.838407,0.22135134041309357,0.27517229318618774,0.2003406286239624,0.7786486595869064,0.38462114,1.3529836,0.6300659,False,False,False
5,cycle44_subj05_margin_low_1sess_150ep,525,39997,0.051727604,0.048927713,375,0.002799891,1.0,1.0,1.0,1.0,0.0027726516,0.0044015422,-0.0016288906,0.0,0.0,0,0,1.0,1.0,0.0,0.89831686,0.0035508275,0.8698953,1.7382357,0.7886058,0.8407902,12.743222,0.22135134041309357,0.27517229318618774,0.2003406286239624,0.7786486595869064,0.3847608,1.353475,0.67734283,False,False,False
5,cycle44_subj05_margin_low_1sess_150ep,526,40153,0.055456102,0.055043243,426,0.00041285902,1.0,1.0,1.0,1.0,0.0010000728,0.00175298,-0.00075290725,0.0,0.0,0,0,1.0,1.0,0.0,0.90544933,0.001488328,0.8901141,1.7333105,0.7689869,0.8390757,12.802841,0.22135134041309357,0.27517229318618774,0.2003406286239624,0.7786486595869064,0.3836706,1.3496399,0.6930862,False,False,False
5,cycle44_subj05_margin_low_1sess_150ep,527,40235,0.033350956,0.03978769,765,-0.0064367354,8.0,0.0,4.25,4.0,-0.0024055466,-0.0045372434,0.0021316968,2.0,0.0,0,0,4.0,8.0,4.0,0.8028206,0.0106707215,0.7728931,1.7368563,0.8165181,0.84030807,12.676579,0.22135134041309357,0.27517229318618774,0.2003406286239624,0.7786486595869064,0.38445547,1.3524009,0.6018122,False,False,False
5,cycle44_subj05_margin_low_1sess_150ep,528,40423,0.050949663,0.039479643,463,0.01147002,1.0,1.0,1.0,1.0,0.004123479,-0.0005264059,0.004649885,0.0,0.0,0,0,1.0,1.0,0.0,0.9410582,0.039947867,0.86615914,1.7307402,0.8109897,0.8381758,12.750614,0.22135134041309357,0.27517229318618774,0.2003406286239624,0.7786486595869064,0.38310167,1.3476386,0.67443365,False,False,False
5,cycle44_subj05_margin_low_1sess_150ep,529,40548,0.05224698,0.051958755,743,0.0002882257,1.0,1.0,1.0,1.0,0.002159249,0.00085542724,0.0013038218,-1.0,0.125,0,1,1.0,1.0,0.0,0.82844853,0.0098160505,0.8128911,1.7273746,0.8376181,0.8379301,12.758664,0.22135134041309357,0.27517229318618774,0.2003406286239624,0.7786486595869064,0.38235667,1.3450179,0.6329566,False,False,False
5,cycle44_subj05_margin_low_1sess_150ep,530,40575,0.053182933,0.038379747,748,0.014803186,1.0,1.0,1.0,1.0,-0.0017161407,0.002584882,-0.0043010227,0.0,0.0,0,0,1.0,1.0,0.0,0.8746255,0.0015411973,0.85097206,1.7350106,0.81227815,0.83868283,12.798916,0.22135134041309357,0.27517229318618774,0.2003406286239624,0.7786486595869064,0.38404694,1.3509637,0.66260827,False,False,False
5,cycle44_subj05_margin_low_1sess_150ep,531,40721,0.04265197,0.049906656,614,-0.007254686,4.0,0.25,2.25,2.0,0.0060788505,0.0021278039,0.0039510466,-3.0,0.0,0,0,2.0,5.0,3.0,0.8441116,0.0077266097,0.8054824,1.739654,0.7974585,0.8412758,12.766298,0.22135134041309357,0.27517229318618774,0.2003406286239624,0.7786486595869064,0.38507473,1.3545792,0.6271878,False,False,False
5,cycle44_subj05_margin_low_1sess_150ep,532,40770,0.050856907,0.041903462,471,0.008953445,1.0,1.0,1.0,1.0,0.004049644,0.002105482,0.001944162,0.0,0.0,0,0,1.0,1.0,0.0,0.8953929,0.025503159,0.8253706,1.7400603,0.78007436,0.8413372,12.770223,0.22135134041309357,0.27517229318618774,0.2003406286239624,0.7786486595869064,0.38516468,1.3548957,0.64267373,False,False,False
5,cycle44_subj05_margin_low_1sess_150ep,533,40840,0.040887214,0.047632944,413,-0.0067457296,11.0,0.0,4.461538461538462,4.0,0.0009508692,0.004791215,-0.003840346,7.0,-0.3076923076923077,0,0,1.0,2.0,1.0,0.9392493,0.0105211735,0.9161624,1.73293,0.8193956,0.8383551,12.787641,0.22135134041309357,0.27517229318618774,0.2003406286239624,0.7786486595869064,0.38358638,1.3493437,0.7133686,False,False,False
5,cycle44_subj05_margin_low_1sess_150ep,534,40846,0.05706572,0.05119553,171,0.0058701932,1.0,1.0,1.0,1.0,0.001547724,0.006224919,-0.004677195,0.0,0.0,0,0,1.0,1.0,0.0,0.8049839,0.016452134,0.77796257,1.745241,0.811615,0.84303916,12.853761,0.22135134041309357,0.27517229318618774,0.2003406286239624,0.7786486595869064,0.38631144,1.3589296,0.6057595,False,False,False
5,cycle44_subj05_margin_low_1sess_150ep,535,40909,0.05286609,0.04197494,652,0.010891151,1.0,1.0,1.0,1.0,0.0041456595,0.0014922395,0.00265342,0.0,0.0,0,0,1.0,1.0,0.0,0.9318822,0.0054483414,0.90202874,1.7372867,0.80392706,0.8406073,12.739307,0.22135134041309357,0.27517229318618774,0.2003406286239624,0.7786486595869064,0.38455075,1.352736,0.7023635,False,False,False
5,cycle44_subj05_margin_low_1sess_150ep,536,40920,0.04172683,0.041376602,830,0.00035022944,1.0,1.0,1.0,1.0,-0.0028283112,-0.0013227686,-0.0015055425,0.0,0.0,0,0,2.0,2.0,0.0,0.8042453,0.005851686,0.7817338,1.7443944,0.81741,0.84284586,12.783557,0.22135134041309357,0.27517229318618774,0.2003406286239624,0.7786486595869064,0.38612404,1.3582704,0.608696,False,False,False
5,cycle44_subj05_margin_low_1sess_150ep,537,40924,0.045538705,0.046122946,57,-0.000584241,2.0,0.5714285714285714,1.4285714285714286,1.0,-0.0004351586,0.0008628331,-0.0012979917,1.0,-0.4285714285714286,1,0,1.0,1.0,0.0,0.8404583,0.016188204,0.7913574,1.7354041,0.8345732,0.8393172,12.757755,0.22135134041309357,0.27517229318618774,0.2003406286239624,0.7786486595869064,0.38413402,1.3512701,0.61618936,False,False,False
5,cycle44_subj05_margin_low_1sess_150ep,538,40935,0.03570601,0.04264651,814,-0.006940499,4.0,0.0909090909090909,2.5454545454545454,2.0,0.007317852,0.0042630173,0.003054835,-13.0,0.0909090909090909,0,0,36.0,12.0,-24.0,0.87521625,0.0060762763,0.8555188,1.7312671,0.8483443,0.8392568,12.730977,0.22135134041309357,0.27517229318618774,0.2003406286239624,0.7786486595869064,0.3832183,1.3480488,0.6661486,False,False,False
5,cycle44_subj05_margin_low_1sess_150ep,539,40979,0.034257405,0.05109003,426,-0.016832627,27.0,0.0,8.875,9.0,0.0032160617,0.0033289194,-0.00011285767,10.0,0.0,0,0,5.0,5.0,0.0,0.8919487,0.0015625358,0.8741749,1.7328198,0.79862237,0.83904654,12.742623,0.22135134041309357,0.27517229318618774,0.2003406286239624,0.7786486595869064,0.383562,1.3492578,0.68067515,False,False,False
5,cycle44_subj05_margin_low_1sess_150ep,540,41056,0.050640177,0.04801373,94,0.0026264451,1.0,1.0,1.0,1.0,0.0027540736,0.0019277371,0.00082633644,0.0,0.0,0,0,3.0,1.0,-2.0,0.8320666,0.020092428,0.8018414,1.7373835,0.82132417,0.8400746,12.790676,0.22135134041309357,0.27517229318618774,0.2003406286239624,0.7786486595869064,0.38457215,1.3528113,0.62435275,False,False,False
5,cycle44_subj05_margin_low_1sess_150ep,541,41097,0.055349138,0.04958497,70,0.0057641678,1.0,1.0,1.0,1.0,0.003974337,0.0035587624,0.00041557476,0.0,0.0,0,0,1.0,1.0,0.0,0.7487358,0.0027173162,0.7293345,1.7457002,0.78480935,0.8427192,12.802945,0.22135134041309357,0.27517229318618774,0.2003406286239624,0.7786486595869064,0.3864131,1.3592871,0.5678953,False,False,False
5,cycle44_subj05_margin_low_1sess_150ep,542,41116,0.034067236,0.051220242,743,-0.017153006,13.0,0.1428571428571428,4.0,4.0,0.0031985324,0.0051703826,-0.0019718502,-6.0,0.1428571428571428,0,0,18.0,11.0,-7.0,0.8607711,0.008184731,0.8356708,1.7319006,0.859769,0.8396605,12.783545,0.22135134041309357,0.27517229318618774,0.2003406286239624,0.7786486595869064,0.3833585,1.3485421,0.650694,False,False,False
5,cycle44_subj05_margin_low_1sess_150ep,543,41137,0.059126057,0.042747356,272,0.0163787,1.0,1.0,1.0,1.0,0.0020330474,8.664653e-05,0.0019464009,0.0,0.0,0,0,1.0,1.0,0.0,0.8313471,0.011855006,0.78888243,1.7418287,0.82438666,0.84155846,12.8217745,0.22135134041309357,0.27517229318618774,0.2003406286239624,0.7786486595869064,0.3855561,1.3562726,0.6142623,False,False,False
5,cycle44_subj05_margin_low_1sess_150ep,544,41162,0.034962133,0.038816955,241,-0.0038548224,5.0,0.125,2.0,2.0,0.0002966486,0.002206739,-0.0019100904,2.0,-0.5,0,0,11.0,9.0,-2.0,0.75720406,0.002465129,0.74368966,1.7437521,0.783104,0.84096086,12.812673,0.22135134041309357,0.27517229318618774,0.2003406286239624,0.7786486595869064,0.38598186,1.3577703,0.57907295,False,False,False
5,cycle44_subj05_margin_low_1sess_150ep,545,41482,0.027731562,0.046991397,648,-0.019259835,25.0,0.0,9.0,9.0,-0.00068042614,0.0069032684,-0.0075836945,15.0,-0.1,0,0,53.0,72.0,19.0,0.8839909,0.003950238,0.8625494,1.723593,0.8842129,0.8370956,12.772527,0.22135134041309357,0.27517229318618774,0.2003406286239624,0.7786486595869064,0.38151962,1.3420734,0.671623,False,False,False
5,cycle44_subj05_margin_low_1sess_150ep,546,41566,0.032925773,0.040752236,421,-0.007826462,17.0,0.0,5.5,5.0,0.0074980594,-4.497543e-05,0.007543035,-23.0,0.0,0,0,25.0,17.0,-8.0,0.8742163,0.0042295456,0.8582161,1.7253798,0.8755534,0.8379405,12.7151375,0.22135134041309357,0.27517229318618774,0.2003406286239624,0.7786486595869064,0.38191512,1.3434647,0.66824883,False,False,False
5,cycle44_subj05_margin_low_1sess_150ep,547,41574,0.051973775,0.04421536,341,0.0077584162,1.0,1.0,1.0,1.0,0.00042131916,0.004173152,-0.003751833,0.0,0.0,0,0,1.0,1.0,0.0,0.848375,0.00016778708,0.84160054,1.7235324,0.8736782,0.8370209,12.746309,0.22135134041309357,0.27517229318618774,0.2003406286239624,0.7786486595869064,0.3815062,1.3420262,0.65531117,False,False,False
5,cycle44_subj05_margin_low_1sess_150ep,548,41623,0.03441429,0.037190847,487,-0.0027765557,4.0,0.4444444444444444,1.6666666666666667,2.0,0.0035832357,0.00335221,0.00023102574,-1.0,0.1111111111111111,0,0,2.0,4.0,2.0,0.86868155,0.07282859,0.79401577,1.7541658,0.8018704,0.84507287,12.842002,0.22135134041309357,0.27517229318618774,0.2003406286239624,0.7786486595869064,0.38828695,1.3658788,0.6182593,False,False,False
5,cycle44_subj05_margin_low_1sess_150ep,549,41653,0.04479663,0.039633155,793,0.005163476,1.0,1.0,1.0,1.0,0.0049033314,-0.00055478513,0.0054581165,-1.0,0.4285714285714286,0,1,1.0,1.0,0.0,0.8227477,0.022197843,0.78449804,1.7392554,0.81554794,0.8406767,12.703778,0.22135134041309357,0.27517229318618774,0.2003406286239624,0.7786486595869064,0.38498652,1.3542689,0.61084837,False,False,False
5,cycle44_subj05_margin_low_1sess_150ep,550,41710,0.039381206,0.04620518,530,-0.0068239756,3.0,0.4166666666666667,1.5833333333333333,2.0,-0.003396012,0.001643803,-0.005039815,1.0,-0.2499999999999999,0,0,1.0,1.0,0.0,0.7588449,0.004556477,0.7470717,1.7560054,0.7812004,0.84641117,12.799792,0.22135134041309357,0.27517229318618774,0.2003406286239624,0.7786486595869064,0.38869414,1.3673112,0.5817064,False,False,False
5,cycle44_subj05_margin_low_1sess_150ep,551,41778,0.04131169,0.041763812,171,-0.00045212358,3.0,0.5,1.5,1.5,0.003700249,-0.00017265603,0.003872905,-1.0,0.125,0,0,13.0,18.0,5.0,0.88576716,0.0003515482,0.85041416,1.7323601,0.82916284,0.8390891,12.811511,0.22135134041309357,0.27517229318618774,0.2003406286239624,0.7786486595869064,0.38346022,1.3489,0.66217387,False,False,False
5,cycle44_subj05_margin_low_1sess_150ep,552,41814,0.051029224,0.044239957,590,0.006789267,1.0,1.0,1.0,1.0,0.000943467,0.0022968054,-0.0013533384,0.0,0.0,0,0,1.0,1.0,0.0,0.7513732,0.0026391745,0.7431365,1.7341344,0.789302,0.83888716,12.73301,0.22135134041309357,0.27517229318618774,0.2003406286239624,0.7786486595869064,0.383853,1.3502815,0.57864225,False,False,False
5,cycle44_subj05_margin_low_1sess_150ep,553,41927,0.040145624,0.047451116,70,-0.0073054917,6.0,0.0,3.0,3.0,0.00023677945,0.000571724,-0.00033494458,-1.0,0.0,0,0,2.0,1.0,-1.0,0.8193856,0.016867876,0.79147875,1.7348322,0.8251949,0.8403064,12.797168,0.22135134041309357,0.27517229318618774,0.2003406286239624,0.7786486595869064,0.38400742,1.3508247,0.6162839,False,False,False
5,cycle44_subj05_margin_low_1sess_150ep,554,41934,0.06267729,0.03923298,793,0.023444306,1.0,1.0,1.0,1.0,0.005432807,0.0036846772,0.0017481297,0.0,0.0,0,0,1.0,1.0,0.0,0.7801754,0.0007144809,0.7634927,1.729707,0.8282412,0.8383382,12.709392,0.22135134041309357,0.27517229318618774,0.2003406286239624,0.7786486595869064,0.38287297,1.3468341,0.59449255,False,False,False
5,cycle44_subj05_margin_low_1sess_150ep,555,42007,0.04048552,0.058319233,990,-0.017833713,7.0,0.2,2.4,2.5,0.00090724975,0.0034025796,-0.0024953298,-2.0,0.1,0,0,1.0,1.0,0.0,0.78527665,0.027580857,0.72112495,1.7460195,0.69730866,0.8423798,12.665944,0.22135134041309357,0.27517229318618774,0.2003406286239624,0.7786486595869064,0.38648376,1.3595358,0.561503,False,False,False
5,cycle44_subj05_margin_low_1sess_150ep,556,42126,0.057106864,0.0503179,765,0.0067889653,1.0,1.0,1.0,1.0,-0.0047645383,-0.0045654103,-0.00019912794,0.0,0.0,0,0,1.0,1.0,0.0,0.8520708,0.0074644685,0.83220804,1.7417848,0.8247528,0.8422706,12.7851,0.22135134041309357,0.27517229318618774,0.2003406286239624,0.7786486595869064,0.38554642,1.3562385,0.6479977,False,False,False
5,cycle44_subj05_margin_low_1sess_150ep,557,42166,0.058007155,0.057480283,964,0.00052687153,1.0,1.0,1.0,1.0,0.0036301874,0.0066594295,-0.0030292422,0.0,0.0,0,0,1.0,1.0,0.0,0.8276995,0.0038369894,0.7898549,1.7357947,0.75467265,0.8404315,12.760112,0.22135134041309357,0.27517229318618774,0.2003406286239624,0.7786486595869064,0.38422048,1.3515742,0.61501944,False,False,False
5,cycle44_subj05_margin_low_1sess_150ep,558,42171,0.05620173,0.03321199,934,0.022989739,1.0,1.0,1.0,1.0,0.0018638596,-0.0011875927,0.0030514523,0.0,0.0,0,0,1.0,1.0,0.0,0.8989371,0.04763341,0.8176406,1.7301787,0.7785517,0.8387573,12.814654,0.22135134041309357,0.27517229318618774,0.2003406286239624,0.7786486595869064,0.38297737,1.3472013,0.6366548,False,False,False
5,cycle44_subj05_margin_low_1sess_150ep,559,42214,0.053731605,0.041230462,756,0.012501143,1.0,1.0,1.0,1.0,0.0014564022,-0.0013611913,0.0028175935,0.0,0.0,0,0,1.0,1.0,0.0,0.8162125,0.01873362,0.7896866,1.7409084,0.8323032,0.8420652,12.7477665,0.22135134041309357,0.27517229318618774,0.2003406286239624,0.7786486595869064,0.3853524,1.355556,0.6148884,False,False,False
5,cycle44_subj05_margin_low_1sess_150ep,560,42224,0.044210155,0.049807545,141,-0.0055973902,3.0,0.5,1.75,1.5,-0.0030469783,0.0055322014,-0.00857918,2.0,-0.5,1,0,1.0,1.0,0.0,0.8548657,0.003457427,0.83845043,1.7388408,0.8699773,0.84142053,12.7418165,0.22135134041309357,0.27517229318618774,0.2003406286239624,0.7786486595869064,0.38489476,1.3539461,0.6528583,False,False,False
5,cycle44_subj05_margin_low_1sess_150ep,561,42238,0.03749211,0.044471383,195,-0.006979272,2.0,1.0,1.0,1.0,-0.004416935,0.0033622533,-0.0077791885,1.0,0.0,1,0,3.0,2.0,-1.0,0.88550997,0.03383887,0.83810264,1.7366486,0.86882484,0.84069943,12.727249,0.22135134041309357,0.27517229318618774,0.2003406286239624,0.7786486595869064,0.3844095,1.3522391,0.65258753,False,False,False
5,cycle44_subj05_margin_low_1sess_150ep,562,42299,0.05252454,0.05620129,187,-0.0036767498,3.0,0.4285714285714285,1.7142857142857142,2.0,-2.8438866e-05,-0.003509216,0.0034807771,0.0,0.0,0,0,1.0,1.0,0.0,0.9142236,0.009297013,0.8830999,1.7395846,0.80308133,0.8419555,12.796258,0.22135134041309357,0.27517229318618774,0.2003406286239624,0.7786486595869064,0.3850594,1.3545252,0.6876246,False,False,False
5,cycle44_subj05_margin_low_1sess_150ep,563,42473,0.04259263,0.048645355,680,-0.006052725,4.0,0.5,1.5,1.5,-0.0012754649,0.006342519,-0.007617984,3.0,-0.5,1,0,1.0,1.0,0.0,0.79401815,0.0019996762,0.76482,1.7369897,0.8023831,0.84110063,12.789349,0.22135134041309357,0.27517229318618774,0.2003406286239624,0.7786486595869064,0.384485,1.3525047,0.59552604,False,False,False
5,cycle44_subj05_margin_low_1sess_150ep,564,42563,0.051760677,0.04276806,57,0.008992616,1.0,1.0,1.0,1.0,0.008075569,0.0045933165,0.0034822524,0.0,0.0,0,0,1.0,1.0,0.0,0.834645,0.018509448,0.79984313,1.7458266,0.82021666,0.8431119,12.8526945,0.22135134041309357,0.27517229318618774,0.2003406286239624,0.7786486595869064,0.38644105,1.3593856,0.6227968,False,False,False
5,cycle44_subj05_margin_low_1sess_150ep,565,42642,0.029730996,0.04657841,413,-0.016847415,37.0,0.0,11.733333333333333,12.0,-0.0011611897,0.004600689,-0.0057618786,20.0,0.0,0,0,18.0,21.0,3.0,0.92591226,0.0009863377,0.9145514,1.7384194,0.8273104,0.8406602,12.800345,0.22135134041309357,0.27517229318618774,0.2003406286239624,0.7786486595869064,0.38480148,1.353618,0.7121142,False,False,False
5,cycle44_subj05_margin_low_1sess_150ep,566,42648,0.0273194,0.04811129,911,-0.02079189,80.0,0.0,25.625,25.5,0.004462067,0.00081465766,0.0036474094,-45.0,0.0,0,0,16.0,12.0,-4.0,0.8490854,0.0012754798,0.83662176,1.738749,0.80715895,0.84094906,12.798841,0.22135134041309357,0.27517229318618774,0.2003406286239624,0.7786486595869064,0.38487443,1.3538747,0.6514344,False,False,False
5,cycle44_subj05_margin_low_1sess_150ep,567,42697,0.04908451,0.051354263,706,-0.0022697523,2.0,0.5555555555555556,1.4444444444444444,1.0,0.003699191,0.0048875622,-0.0011883713,0.0,0.0,0,0,1.0,1.0,0.0,0.86030114,0.0018709302,0.82922554,1.7392939,0.8330168,0.8409902,12.848158,0.22135134041309357,0.27517229318618774,0.2003406286239624,0.7786486595869064,0.38499504,1.354299,0.64567536,False,False,False
5,cycle44_subj05_margin_low_1sess_150ep,568,42781,0.026192147,0.03825167,827,-0.012059521,16.0,0.0,5.5,5.5,0.0072081313,0.0038982779,0.0033098534,-30.0,0.0,0,0,9.0,5.0,-4.0,0.8728904,0.020133615,0.8440426,1.7366498,0.8270846,0.84037006,12.776628,0.22135134041309357,0.27517229318618774,0.2003406286239624,0.7786486595869064,0.38440976,1.3522401,0.6572127,False,False,False
5,cycle44_subj05_margin_low_1sess_150ep,569,42851,0.053955883,0.045127284,610,0.008828599,1.0,1.0,1.0,1.0,0.004058294,-6.3478947e-06,0.004064642,0.0,0.0,0,0,1.0,1.0,0.0,0.840715,0.021855116,0.8130146,1.7355112,0.8702696,0.840404,12.817091,0.22135134041309357,0.27517229318618774,0.2003406286239624,0.7786486595869064,0.38415772,1.3513535,0.63305277,False,False,False
5,cycle44_subj05_margin_low_1sess_150ep,570,42912,0.038631253,0.04608867,947,-0.0074574165,7.0,0.2222222222222222,3.111111111111111,3.0,0.0034248382,0.00068804994,0.0027367882,3.0,-0.2222222222222222,0,0,7.0,3.0,-4.0,0.88550997,0.054872036,0.81743973,1.7370875,0.84762394,0.84103864,12.781168,0.22135134041309357,0.27517229318618774,0.2003406286239624,0.7786486595869064,0.38450664,1.3525809,0.6364984,False,False,False
5,cycle44_subj05_margin_low_1sess_150ep,571,42946,0.044554338,0.054797653,341,-0.010243315,12.0,0.0,4.222222222222222,4.0,-0.0015651472,0.0008364953,-0.0024016425,1.0,0.0,0,0,2.0,2.0,0.0,0.92948455,0.024218857,0.893787,1.7269652,0.88780844,0.8386273,12.721998,0.22135134041309357,0.27517229318618774,0.2003406286239624,0.7786486595869064,0.38226604,1.3446991,0.6959461,False,False,False
5,cycle44_subj05_margin_low_1sess_150ep,572,42980,0.051514592,0.037892256,163,0.013622336,1.0,1.0,1.0,1.0,0.0027408972,0.0015896186,0.0011512786,0.0,0.0,0,0,1.0,1.0,0.0,0.85440296,0.023317635,0.8283054,1.7331696,0.8331356,0.8388943,12.7933855,0.22135134041309357,0.27517229318618774,0.2003406286239624,0.7786486595869064,0.3836394,1.3495302,0.6449589,False,False,False
5,cycle44_subj05_margin_low_1sess_150ep,573,43107,0.03177197,0.049551744,590,-0.017779775,8.0,0.0,3.4,4.0,-0.002574984,0.0008396022,-0.0034145862,2.0,0.0,0,0,5.0,16.0,11.0,0.9105147,0.0134657025,0.8813263,1.7371292,0.86683095,0.8403062,12.8587475,0.22135134041309357,0.27517229318618774,0.2003406286239624,0.7786486595869064,0.38451588,1.3526133,0.6862436,False,False,False
5,cycle44_subj05_margin_low_1sess_150ep,574,43156,0.04487174,0.04055455,163,0.0043171905,1.0,1.0,1.0,1.0,0.0036430769,0.0034857541,0.00015732273,0.0,0.0,0,0,1.0,1.0,0.0,0.87644804,0.016016603,0.8370163,1.7446747,0.7668853,0.8423842,12.825884,0.22135134041309357,0.27517229318618774,0.2003406286239624,0.7786486595869064,0.3861861,1.3584887,0.6517416,False,False,False
5,cycle44_subj05_margin_low_1sess_150ep,575,43157,0.05377565,0.042955674,694,0.010819975,1.0,1.0,1.0,1.0,0.0051554963,-0.0028177164,0.007973213,0.0,0.0,0,0,1.0,1.0,0.0,0.8953929,0.007377386,0.8366901,1.7382834,0.80292356,0.8413239,12.744304,0.22135134041309357,0.27517229318618774,0.2003406286239624,0.7786486595869064,0.38477135,1.353512,0.65148765,False,False,False
5,cycle44_subj05_margin_low_1sess_150ep,576,43159,0.04839784,0.038359907,591,0.010037933,1.0,1.0,1.0,1.0,0.008891378,0.003290534,0.0056008436,0.0,0.0,0,0,6.0,3.0,-3.0,0.8590458,0.039427042,0.80569947,1.7372439,0.8188524,0.84043634,12.758292,0.22135134041309357,0.27517229318618774,0.2003406286239624,0.7786486595869064,0.38454127,1.3527026,0.6273568,False,False,False
5,cycle44_subj05_margin_low_1sess_150ep,577,43164,0.053694475,0.043969125,394,0.009725351,1.0,1.0,1.0,1.0,0.008861814,0.005562946,0.0032988675,0.0,0.0,0,0,2.0,2.0,0.0,0.87627274,0.00087445974,0.82340926,1.7318313,0.82924366,0.8397792,12.800836,0.22135134041309357,0.27517229318618774,0.2003406286239624,0.7786486595869064,0.3833432,1.3484882,0.64114654,False,False,False
5,cycle44_subj05_margin_low_1sess_150ep,578,43224,0.03712788,0.044729378,159,-0.0076014996,5.0,0.3333333333333333,2.083333333333333,2.0,-0.0017909072,0.0040415525,-0.00583246,1.0,0.0,0,0,1.0,1.0,0.0,0.81622237,0.021271884,0.7856763,1.7438343,0.83128357,0.8413022,12.815052,0.22135134041309357,0.27517229318618774,0.2003406286239624,0.7786486595869064,0.38600004,1.3578342,0.6117658,False,False,False
5,cycle44_subj05_margin_low_1sess_150ep,579,43250,0.036452208,0.050504223,5,-0.014052015,14.0,0.0,5.818181818181818,6.0,-0.0014452375,0.0009679161,-0.0024131536,4.0,0.0,0,0,4.0,2.0,-2.0,0.8443876,0.018141568,0.80649185,1.7380611,0.8236591,0.8405149,12.763752,0.22135134041309357,0.27517229318618774,0.2003406286239624,0.7786486595869064,0.38472214,1.353339,0.6279738,False,False,False
5,cycle44_subj05_margin_low_1sess_150ep,580,43288,0.040827636,0.032741893,982,0.008085743,1.0,1.0,1.0,1.0,0.0064137913,0.0013558157,0.0050579756,0.0,0.0,0,0,1.0,1.0,0.0,0.72325796,0.006632149,0.7055789,1.7528636,0.75982547,0.8464811,12.886,0.22135134041309357,0.27517229318618774,0.2003406286239624,0.7786486595869064,0.38799873,1.364865,0.54939806,False,False,False
5,cycle44_subj05_margin_low_1sess_150ep,581,43428,0.041567035,0.04775701,674,-0.006189976,4.0,0.2,1.8,2.0,0.0036875755,0.0033989549,0.0002886206,-1.0,-0.2,0,0,1.0,1.0,0.0,0.91483665,0.00043541193,0.8972977,1.7363665,0.7893051,0.8398244,12.817103,0.22135134041309357,0.27517229318618774,0.2003406286239624,0.7786486595869064,0.38434705,1.3520194,0.6986796,False,False,False
5,cycle44_subj05_margin_low_1sess_150ep,582,43429,0.058814768,0.045680407,765,0.01313436,1.0,1.0,1.0,1.0,-0.0021659285,0.0020439997,-0.004209928,0.0,0.0,0,0,1.0,1.0,0.0,0.8387271,0.02047509,0.79474676,1.7437663,0.7743349,0.84194905,12.7150955,0.22135134041309357,0.27517229318618774,0.2003406286239624,0.7786486595869064,0.38598502,1.3577813,0.61882854,False,False,False
5,cycle44_subj05_margin_low_1sess_150ep,583,43445,0.05157828,0.04740603,847,0.0041722506,1.0,1.0,1.0,1.0,0.004619129,-0.0013424531,0.005961582,-1.0,0.125,0,1,1.0,1.0,0.0,0.8194376,0.024204612,0.7625276,1.7378265,0.796345,0.8414573,12.786204,0.22135134041309357,0.27517229318618774,0.2003406286239624,0.7786486595869064,0.38467023,1.3531563,0.5937411,False,False,False
5,cycle44_subj05_margin_low_1sess_150ep,584,43465,0.040672604,0.04794563,777,-0.007273026,9.0,0.0,2.8,3.0,0.0045676604,0.0013509989,0.0032166615,-1.0,0.0,0,0,11.0,8.0,-3.0,0.8620694,0.0347777,0.78924197,1.7371864,0.84477556,0.841595,12.755606,0.22135134041309357,0.27517229318618774,0.2003406286239624,0.7786486595869064,0.38452855,1.3526579,0.6145422,False,False,False
5,cycle44_subj05_margin_low_1sess_150ep,585,43500,0.04771557,0.04954935,714,-0.0018337779,2.0,0.8333333333333334,1.1666666666666667,1.0,0.0024444833,0.005581271,-0.0031367876,1.0,-0.1666666666666666,1,0,2.0,2.0,0.0,0.8868634,0.006046176,0.87521017,1.7347192,0.82613605,0.83996636,12.7425165,0.22135134041309357,0.27517229318618774,0.2003406286239624,0.7786486595869064,0.38398242,1.3507367,0.68148124,False,False,False
5,cycle44_subj05_margin_low_1sess_150ep,586,43619,0.049389638,0.044793997,695,0.004595641,1.0,1.0,1.0,1.0,0.0010645799,0.0008437522,0.00022082776,0.0,0.0,0,0,1.0,1.0,0.0,0.9832643,0.08225429,0.887778,1.7359865,0.8162829,0.8403676,12.71481,0.22135134041309357,0.27517229318618774,0.2003406286239624,0.7786486595869064,0.38426292,1.3517236,0.69126713,False,False,False
5,cycle44_subj05_margin_low_1sess_150ep,587,43675,0.045667835,0.043252423,652,0.0024154112,1.0,1.0,1.0,1.0,-0.00094521046,-0.0015683547,0.0006231442,0.0,0.0,0,0,1.0,1.0,0.0,0.8752316,0.026138425,0.8259241,1.740536,0.81009567,0.84117275,12.774136,0.22135134041309357,0.27517229318618774,0.2003406286239624,0.7786486595869064,0.38526997,1.355266,0.64310473,False,False,False
5,cycle44_subj05_margin_low_1sess_150ep,588,43689,0.04776702,0.046198413,163,0.001568608,1.0,1.0,1.0,1.0,0.0031058528,0.006328918,-0.0032230653,0.0,0.0,0,0,6.0,3.0,-3.0,0.90898293,0.037314296,0.80887747,1.7406169,0.82867557,0.84116113,12.782134,0.22135134041309357,0.27517229318618774,0.2003406286239624,0.7786486595869064,0.38528788,1.355329,0.6298314,False,False,False
5,cycle44_subj05_margin_low_1sess_150ep,589,43746,0.04968555,0.050938208,468,-0.0012526587,4.0,0.3333333333333333,2.0,2.0,0.005000949,0.0028062686,0.0021946803,-2.0,0.3333333333333333,0,0,2.0,1.0,-1.0,0.9030224,0.009605229,0.8737823,1.7350116,0.8232542,0.84044766,12.802515,0.22135134041309357,0.27517229318618774,0.2003406286239624,0.7786486595869064,0.38404715,1.3509644,0.68036944,False,False,False
5,cycle44_subj05_margin_low_1sess_150ep,590,43818,0.06516187,0.03862867,791,0.026533198,1.0,1.0,1.0,1.0,0.003989663,0.005437169,-0.0014475062,0.0,0.0,0,0,1.0,1.0,0.0,0.82609504,0.038262725,0.7763259,1.7351413,0.80294025,0.8398267,12.89596,0.22135134041309357,0.27517229318618774,0.2003406286239624,0.7786486595869064,0.38407585,1.3510654,0.6044851,False,False,False
5,cycle44_subj05_margin_low_1sess_150ep,591,43820,0.06377781,0.051141053,801,0.012636758,1.0,1.0,1.0,1.0,-0.002189368,-0.0019965805,-0.0001927875,0.0,0.0,0,0,1.0,2.0,1.0,0.87537247,0.028934538,0.82663554,1.7343242,0.8210976,0.8390947,12.77552,0.22135134041309357,0.27517229318618774,0.2003406286239624,0.7786486595869064,0.38389498,1.3504293,0.64365864,False,False,False
5,cycle44_subj05_margin_low_1sess_150ep,592,43852,0.028821506,0.037459034,551,-0.008637529,15.0,0.0,5.153846153846154,5.0,0.004730966,-0.0012850948,0.0060160607,-9.0,0.0,0,0,19.0,13.0,-6.0,0.7691979,0.0025954843,0.75019664,1.7462243,0.78449464,0.84377134,12.7675,0.22135134041309357,0.27517229318618774,0.2003406286239624,0.7786486595869064,0.3865291,1.3596952,0.58413965,False,False,False
5,cycle44_subj05_margin_low_1sess_150ep,593,43950,0.049984463,0.046697285,651,0.0032871775,1.0,1.0,1.0,1.0,0.004160106,0.0052155815,-0.0010554753,0.0,0.0,0,0,2.0,2.0,0.0,0.74502116,0.018336236,0.7079703,1.7440839,0.7522038,0.84315705,12.75229,0.22135134041309357,0.27517229318618774,0.2003406286239624,0.7786486595869064,0.3860553,1.3580287,0.5512602,False,False,False
5,cycle44_subj05_margin_low_1sess_150ep,594,43984,0.046995535,0.0398701,11,0.0071254373,1.0,1.0,1.0,1.0,0.005980268,0.00380601,0.0021742582,0.0,0.0,0,0,1.0,1.0,0.0,0.8688356,0.0049116015,0.82973796,1.7421025,0.7855036,0.841388,12.838691,0.22135134041309357,0.27517229318618774,0.2003406286239624,0.7786486595869064,0.38561672,1.3564858,0.64607435,False,False,False
5,cycle44_subj05_margin_low_1sess_150ep,595,44052,0.060148496,0.04273683,80,0.017411668,1.0,1.0,1.0,1.0,-0.0025874637,-0.0021436512,-0.00044381246,0.0,0.0,0,0,1.0,1.0,0.0,0.8114247,0.00039243698,0.78031284,1.7463114,0.7988753,0.84276307,12.817793,0.22135134041309357,0.27517229318618774,0.2003406286239624,0.7786486595869064,0.38654837,1.359763,0.60758954,False,False,False
5,cycle44_subj05_margin_low_1sess_150ep,596,44097,0.043462474,0.05423534,680,-0.010772865,5.0,0.25,2.375,2.0,-0.003060501,0.0053685457,-0.008429047,2.0,0.0,0,0,1.0,1.0,0.0,0.91683245,0.011800945,0.8915504,1.7377025,0.8652251,0.84027386,12.740724,0.22135134041309357,0.27517229318618774,0.2003406286239624,0.7786486595869064,0.38464278,1.3530598,0.69420457,False,False,False
5,cycle44_subj05_margin_low_1sess_150ep,597,44107,0.024339693,0.034103654,128,-0.009763962,5.0,0.125,2.5,2.5,0.00090442784,-0.0025830753,0.0034875032,-2.0,0.125,0,0,15.0,35.0,20.0,0.79088855,0.005904615,0.77158606,1.7266454,0.83941513,0.8386898,12.716381,0.22135134041309357,0.27517229318618774,0.2003406286239624,0.7786486595869064,0.38219526,1.3444501,0.60079443,False,False,False
5,cycle44_subj05_margin_low_1sess_150ep,598,44138,0.0495736,0.04770028,717,0.0018733218,1.0,1.0,1.0,1.0,0.0034560598,-0.0021523312,0.005608391,-2.0,0.3,0,1,2.0,1.0,-1.0,0.9184766,0.017662168,0.8689871,1.734625,0.85164624,0.8398373,12.738602,0.22135134041309357,0.27517229318618774,0.2003406286239624,0.7786486595869064,0.38396156,1.3506634,0.6766356,False,False,False
5,cycle44_subj05_margin_low_1sess_150ep,599,44144,0.030709762,0.045967016,5,-0.015257254,29.0,0.0,10.875,11.5,-0.0027660318,-0.0038456284,0.0010795966,9.0,0.0,0,0,1.0,8.0,7.0,0.8171518,0.011627555,0.7947159,1.7507954,0.8230735,0.8447429,12.765841,0.22135134041309357,0.27517229318618774,0.2003406286239624,0.7786486595869064,0.3875409,1.3632545,0.61880445,False,False,False
5,cycle44_subj05_margin_low_1sess_150ep,600,44184,0.022952793,0.038033176,375,-0.015080383,65.0,0.0,18.88888888888889,18.0,-0.0013926867,0.0019183047,-0.0033109915,15.0,0.0,0,0,4.0,11.0,7.0,0.8253128,0.016289234,0.7776146,1.7446016,0.8142445,0.8430328,12.817216,0.22135134041309357,0.27517229318618774,0.2003406286239624,0.7786486595869064,0.3861699,1.3584317,0.6054886,False,False,False
5,cycle44_subj05_margin_low_1sess_150ep,601,44324,0.05779977,0.04664639,141,0.011153381,1.0,1.0,1.0,1.0,0.010780644,0.008402616,0.002378028,0.0,0.0,0,0,1.0,1.0,0.0,0.79819036,0.005117297,0.77433574,1.7446395,0.773043,0.8431501,12.738258,0.22135134041309357,0.27517229318618774,0.2003406286239624,0.7786486595869064,0.38617828,1.3584613,0.6029355,False,False,False
5,cycle44_subj05_margin_low_1sess_150ep,602,44339,0.043146953,0.03821469,545,0.004932262,1.0,1.0,1.0,1.0,0.00017925352,-0.0017918982,0.0019711517,0.0,0.0,0,0,1.0,1.0,0.0,0.89561665,0.015455425,0.87348187,1.7397958,0.8141587,0.84111243,12.816671,0.22135134041309357,0.27517229318618774,0.2003406286239624,0.7786486595869064,0.38510615,1.3546897,0.6801355,False,False,False
5,cycle44_subj05_margin_low_1sess_150ep,603,44369,0.035066888,0.050642658,934,-0.01557577,13.0,0.0,4.625,5.0,0.004340371,0.0051177107,-0.00077733956,-10.0,0.0,0,0,2.0,4.0,2.0,0.7960922,0.0014958978,0.7850402,1.7430875,0.7604149,0.841824,12.825656,0.22135134041309357,0.27517229318618774,0.2003406286239624,0.7786486595869064,0.38583475,1.3572528,0.6112705,False,False,False
5,cycle44_subj05_margin_low_1sess_150ep,604,44412,0.044235647,0.043847978,160,0.0003876686,1.0,1.0,1.0,1.0,0.0032530539,0.003984995,-0.0007319413,0.0,0.0,0,0,2.0,2.0,0.0,0.79863495,0.02992493,0.75593674,1.7413055,0.81163794,0.8419675,12.820735,0.22135134041309357,0.27517229318618774,0.2003406286239624,0.7786486595869064,0.3854403,1.3558652,0.58860916,False,False,False
5,cycle44_subj05_margin_low_1sess_150ep,605,44705,0.029163918,0.056448553,48,-0.027284635,79.0,0.0,23.9,22.5,0.0033838581,0.0022205897,0.0011632685,-8.0,0.0,0,0,17.0,25.0,8.0,0.81899434,0.0021754503,0.79189837,1.7440038,0.8251712,0.8420675,12.753367,0.22135134041309357,0.27517229318618774,0.2003406286239624,0.7786486595869064,0.38603756,1.3579662,0.6166106,False,False,False
5,cycle44_subj05_margin_low_1sess_150ep,606,44720,0.051880464,0.04213349,162,0.0097469725,1.0,1.0,1.0,1.0,-0.00042925403,0.0024070144,-0.0028362684,0.0,0.0,0,0,1.0,1.0,0.0,0.80918384,0.005483687,0.7976368,1.7328401,0.8530012,0.8405247,12.774648,0.22135134041309357,0.27517229318618774,0.2003406286239624,0.7786486595869064,0.38356647,1.3492736,0.62107885,False,False,False
5,cycle44_subj05_margin_low_1sess_150ep,607,44729,0.040137533,0.06593486,591,-0.025797326,18.0,0.0,5.8,5.0,0.00094740465,0.0032102764,-0.0022628717,7.0,0.0,0,0,1.0,1.0,0.0,0.90442663,0.0057151318,0.8801872,1.7347921,0.8193711,0.83967596,12.766528,0.22135134041309357,0.27517229318618774,0.2003406286239624,0.7786486595869064,0.38399857,1.3507936,0.6853566,False,False,False
5,cycle44_subj05_margin_low_1sess_150ep,608,44736,0.038326465,0.04677297,876,-0.008446507,9.0,0.0,3.6,3.5,-0.0013846382,0.0009912923,-0.0023759305,1.0,-0.1,0,0,1.0,1.0,0.0,0.7820778,0.007801473,0.7595251,1.7306113,0.8106963,0.83859265,12.749941,0.22135134041309357,0.27517229318618774,0.2003406286239624,0.7786486595869064,0.38307315,1.3475382,0.59140325,False,False,False
5,cycle44_subj05_margin_low_1sess_150ep,609,44844,0.0589174,0.052835118,679,0.0060822815,1.0,1.0,1.0,1.0,0.005411878,0.008636121,-0.0032242425,0.0,0.0,0,0,1.0,1.0,0.0,0.8765601,0.017315865,0.83969975,1.7394576,0.84340036,0.84031826,12.858155,0.22135134041309357,0.27517229318618774,0.2003406286239624,0.7786486595869064,0.38503128,1.3544264,0.65383106,False,False,False
5,cycle44_subj05_margin_low_1sess_150ep,610,44971,0.01886171,0.049309045,590,-0.030447336,317.0,0.0,96.8181818181818,95.0,0.0047673797,-0.00022211298,0.004989492,25.0,0.0,0,0,363.0,260.0,-103.0,0.8035912,0.024574757,0.7636448,1.7454222,0.8035185,0.8430283,12.785971,0.22135134041309357,0.27517229318618774,0.2003406286239624,0.7786486595869064,0.38635156,1.3590707,0.59461105,False,False,False
5,cycle44_subj05_margin_low_1sess_150ep,611,44980,0.036998495,0.030589458,590,0.006409038,1.0,1.0,1.0,1.0,0.0009403005,0.0022758748,-0.0013355743,0.0,0.0,0,0,1.0,1.0,0.0,0.7966303,0.058859706,0.72551256,1.7375453,0.72614634,0.84156406,12.742205,0.22135134041309357,0.27517229318618774,0.2003406286239624,0.7786486595869064,0.38460797,1.3529373,0.5649194,False,False,False
5,cycle44_subj05_margin_low_1sess_150ep,612,45129,0.047013603,0.047298957,468,-0.0002853535,2.0,0.6923076923076923,1.3076923076923077,1.0,0.0065571815,0.0039589405,0.002598241,0.0,0.0769230769230768,0,0,1.0,1.0,0.0,0.83472747,0.0040895343,0.8197158,1.7397012,0.8634837,0.84173405,12.824807,0.22135134041309357,0.27517229318618774,0.2003406286239624,0.7786486595869064,0.3850852,1.354616,0.6382706,False,False,False
5,cycle44_subj05_margin_low_1sess_150ep,613,45213,0.038675584,0.0433452,443,-0.004669618,5.0,0.3333333333333333,2.333333333333333,3.0,0.0044900514,0.0014914237,0.0029986277,0.0,0.0,0,0,1.0,1.0,0.0,0.8348279,0.018663049,0.7961934,1.7386492,0.8521606,0.84136844,12.82274,0.22135134041309357,0.27517229318618774,0.2003406286239624,0.7786486595869064,0.38485235,1.353797,0.61995494,False,False,False
5,cycle44_subj05_margin_low_1sess_150ep,614,45356,0.07173572,0.04073261,341,0.031003106,1.0,1.0,1.0,1.0,-0.0008547604,-0.001133386,0.00027862564,0.0,0.0,0,0,1.0,1.0,0.0,0.8086113,0.01663959,0.76752096,1.7441255,0.77076167,0.84334975,12.833492,0.22135134041309357,0.27517229318618774,0.2003406286239624,0.7786486595869064,0.3860645,1.358061,0.5976292,False,False,False
5,cycle44_subj05_margin_low_1sess_150ep,615,45595,0.013312329,0.021577006,559,-0.008264678,13.0,0.0909090909090909,3.8181818181818175,3.0,-0.0038989503,-0.0073730107,0.0034740604,5.0,-0.0909090909090909,0,0,155.0,197.0,42.0,0.8565749,0.007375002,0.80753344,1.7443694,0.8519858,0.842143,12.808348,0.22135134041309357,0.27517229318618774,0.2003406286239624,0.7786486595869064,0.3861185,1.3582509,0.62878484,False,False,False
5,cycle44_subj05_margin_low_1sess_150ep,616,45632,0.050722197,0.05242328,159,-0.001701083,3.0,0.625,1.5,1.0,0.008499015,0.0035156198,0.0049833953,0.0,0.0,0,0,4.0,2.0,-2.0,0.91694576,0.009051204,0.82901776,1.7318326,0.80928975,0.83856964,12.753712,0.22135134041309357,0.27517229318618774,0.2003406286239624,0.7786486595869064,0.38334346,1.3484892,0.6455136,False,False,False
5,cycle44_subj05_margin_low_1sess_150ep,617,45746,0.028439268,0.04392662,208,-0.0154873505,45.0,0.0,15.4,15.0,0.0037859175,0.005162973,-0.0013770554,3.0,0.0,0,0,15.0,14.0,-1.0,0.90068257,0.006808698,0.8662966,1.729084,0.82861364,0.8380791,12.751699,0.22135134041309357,0.27517229318618774,0.2003406286239624,0.7786486595869064,0.38273507,1.346349,0.6745407,False,False,False
5,cycle44_subj05_margin_low_1sess_150ep,618,45750,0.023078056,0.04457787,43,-0.021499814,89.0,0.0,28.571428571428573,28.0,0.001532359,0.006077379,-0.00454502,32.0,0.0,0,0,5.0,6.0,1.0,0.89544106,0.013979256,0.87513715,1.7316349,0.81607586,0.8390715,12.730557,0.22135134041309357,0.27517229318618774,0.2003406286239624,0.7786486595869064,0.3832997,1.3483351,0.6814244,False,False,False
5,cycle44_subj05_margin_low_1sess_150ep,619,45837,0.028213084,0.04279478,584,-0.014581695,46.0,0.0,16.125,16.5,-0.005295351,-0.0015073493,-0.0037880018,35.0,0.0,0,0,2.0,4.0,2.0,0.8281604,0.012072802,0.7836192,1.7428406,0.7925594,0.84250104,12.792797,0.22135134041309357,0.27517229318618774,0.2003406286239624,0.7786486595869064,0.38578013,1.3570606,0.61016405,False,False,False
5,cycle44_subj05_margin_low_1sess_150ep,620,45843,0.029659722,0.041735318,873,-0.012075596,19.0,0.0,4.333333333333333,5.0,-0.000322802,-4.5422465e-05,-0.00027737953,2.0,0.0,0,0,7.0,9.0,2.0,0.88605195,0.034433305,0.8210055,1.744182,0.8153231,0.8421314,12.752409,0.22135134041309357,0.27517229318618774,0.2003406286239624,0.7786486595869064,0.38607702,1.358105,0.63927484,False,False,False
5,cycle44_subj05_margin_low_1sess_150ep,621,45945,0.03446252,0.04415547,524,-0.009692952,18.0,0.0,6.625,6.0,0.0064128414,0.0032425001,0.0031703413,-16.0,0.0,0,0,27.0,25.0,-2.0,0.89552295,0.0001989603,0.8392522,1.7382216,0.85550547,0.8404945,12.768703,0.22135134041309357,0.27517229318618774,0.2003406286239624,0.7786486595869064,0.3847577,1.353464,0.6534826,False,False,False
5,cycle44_subj05_margin_low_1sess_150ep,622,45981,0.037791353,0.04505504,191,-0.0072636865,6.0,0.0,2.4444444444444446,2.0,0.0030908845,0.001818303,0.0012725815,1.0,-0.1111111111111111,0,0,8.0,8.0,0.0,0.85408926,0.006497383,0.8333998,1.7226367,0.8705878,0.8364443,12.703047,0.22135134041309357,0.27517229318618774,0.2003406286239624,0.7786486595869064,0.38130793,1.3413287,0.6489256,False,False,False
5,cycle44_subj05_margin_low_1sess_150ep,623,45982,0.041962896,0.04851805,301,-0.006555155,5.0,0.3636363636363636,1.9090909090909087,2.0,0.007009443,0.002050005,0.004959438,-6.0,0.3636363636363636,0,0,4.0,1.0,-3.0,0.9370317,0.0065991282,0.9132899,1.7329832,0.86057055,0.8384813,12.7688,0.22135134041309357,0.27517229318618774,0.2003406286239624,0.7786486595869064,0.38359815,1.3493851,0.711132,False,False,False
5,cycle44_subj05_margin_low_1sess_150ep,624,45999,0.054072395,0.048448436,680,0.005623959,1.0,1.0,1.0,1.0,0.009030841,0.0020310022,0.006999839,-1.0,0.0,0,1,1.0,1.0,0.0,0.86163557,0.0033643246,0.83927757,1.7313061,0.806305,0.83888966,12.761895,0.22135134041309357,0.27517229318618774,0.2003406286239624,0.7786486595869064,0.38322693,1.3480792,0.65350235,False,False,False
5,cycle44_subj05_margin_low_1sess_150ep,625,46002,0.03892033,0.04722065,523,-0.008300319,3.0,0.4285714285714285,1.7142857142857142,2.0,0.0010411441,-0.0010855421,0.0021266863,1.0,-0.1428571428571428,0,0,12.0,13.0,1.0,0.853096,0.008984387,0.81792516,1.733535,0.81897503,0.83968157,12.797006,0.22135134041309357,0.27517229318618774,0.2003406286239624,0.7786486595869064,0.3837203,1.3498148,0.63687634,False,False,False
5,cycle44_subj05_margin_low_1sess_150ep,626,46036,0.057304926,0.058499943,2,-0.0011950172,2.0,0.625,1.375,1.0,0.00040087104,0.001373075,-0.0009722039,0.0,0.0,0,0,1.0,1.0,0.0,0.91799754,0.004161954,0.9067914,1.7258015,0.81709594,0.83847845,12.716092,0.22135134041309357,0.27517229318618774,0.2003406286239624,0.7786486595869064,0.38200846,1.343793,0.7060719,False,False,False
5,cycle44_subj05_margin_low_1sess_150ep,627,46101,0.043287583,0.052253034,801,-0.008965451,6.0,0.4285714285714285,1.7142857142857142,2.0,0.0004323274,0.0056670234,-0.005234696,1.0,-0.1428571428571428,0,0,1.0,1.0,0.0,0.7878727,0.0085904,0.7730777,1.735513,0.81740147,0.8394629,12.762796,0.22135134041309357,0.27517229318618774,0.2003406286239624,0.7786486595869064,0.38415813,1.3513548,0.60195595,False,False,False
5,cycle44_subj05_margin_low_1sess_150ep,628,46136,0.018504592,0.04134097,847,-0.022836378,41.0,0.0,14.142857142857142,14.0,-0.0031193215,-0.0005594678,-0.0025598537,5.0,0.0,0,0,53.0,163.0,110.0,0.8666783,0.038130462,0.8008685,1.7436154,0.76987994,0.8426823,12.7999525,0.22135134041309357,0.27517229318618774,0.2003406286239624,0.7786486595869064,0.3859516,1.3576639,0.6235952,False,False,False
5,cycle44_subj05_margin_low_1sess_150ep,629,46150,0.042623796,0.045992512,794,-0.0033687167,3.0,0.625,1.5,1.0,0.006789904,0.0041988865,0.0025910176,0.0,0.0,0,0,4.0,3.0,-1.0,0.9065796,0.0027998686,0.8739271,1.7305974,0.85542685,0.83867645,12.744846,0.22135134041309357,0.27517229318618774,0.2003406286239624,0.7786486595869064,0.38307005,1.3475274,0.6804822,False,False,False
5,cycle44_subj05_margin_low_1sess_150ep,630,46160,0.058491856,0.04538235,15,0.013109505,1.0,1.0,1.0,1.0,-0.0009053089,-0.0012727976,0.0003674887,0.0,0.0,0,0,1.0,1.0,0.0,0.85115033,0.0024244785,0.8348936,1.730787,0.83986676,0.8392284,12.757774,0.22135134041309357,0.27517229318618774,0.2003406286239624,0.7786486595869064,0.38311204,1.3476751,0.6500888,False,False,False
5,cycle44_subj05_margin_low_1sess_150ep,631,46274,0.046349928,0.05040662,4,-0.004056692,3.0,0.3333333333333333,1.7777777777777777,2.0,0.00013213605,0.0023184493,-0.0021863133,1.0,-0.3333333333333333,0,0,1.0,1.0,0.0,0.9299698,0.016986907,0.9055395,1.7367045,0.8557322,0.84017444,12.764907,0.22135134041309357,0.27517229318618774,0.2003406286239624,0.7786486595869064,0.38442186,1.3522826,0.70509714,False,False,False
5,cycle44_subj05_margin_low_1sess_150ep,632,46321,0.049927678,0.041736793,403,0.008190885,1.0,1.0,1.0,1.0,-0.00028933957,0.0017718598,-0.0020611994,0.0,0.0,0,0,1.0,1.0,0.0,0.8155591,0.04507166,0.7635343,1.7440652,0.7703298,0.84127146,12.726797,0.22135134041309357,0.27517229318618774,0.2003406286239624,0.7786486595869064,0.38605115,1.358014,0.594525,False,False,False
5,cycle44_subj05_margin_low_1sess_150ep,633,46372,0.039391097,0.05149967,914,-0.012108572,14.0,0.0,5.555555555555555,5.0,0.0009893887,0.0025665388,-0.0015771501,1.0,0.0,0,0,1.0,1.0,0.0,0.86868155,0.08734816,0.77637994,1.7441846,0.81932974,0.8413969,12.852546,0.22135134041309357,0.27517229318618774,0.2003406286239624,0.7786486595869064,0.3860776,1.3581071,0.60452724,False,False,False
5,cycle44_subj05_margin_low_1sess_150ep,634,46380,0.05330736,0.052875977,524,0.00043138117,1.0,1.0,1.0,1.0,0.0037395395,0.0052890703,-0.0015495308,0.0,0.0,0,0,1.0,1.0,0.0,0.8036191,0.023237884,0.76824176,1.7404562,0.7930848,0.8412025,12.7726555,0.22135134041309357,0.27517229318618774,0.2003406286239624,0.7786486595869064,0.38525233,1.355204,0.5981904,False,False,False
5,cycle44_subj05_margin_low_1sess_150ep,635,46460,0.056729153,0.055473477,954,0.0012556762,1.0,1.0,1.0,1.0,0.0038369484,-0.003875181,0.0077121295,-1.0,0.4444444444444444,0,1,1.0,1.0,0.0,0.92948455,0.008267939,0.90165293,1.719092,0.898855,0.8361162,12.676957,0.22135134041309357,0.27517229318618774,0.2003406286239624,0.7786486595869064,0.38052332,1.3385687,0.70207083,False,False,False
5,cycle44_subj05_margin_low_1sess_150ep,636,46462,0.05353461,0.04782998,471,0.00570463,1.0,1.0,1.0,1.0,0.000579115,0.0011691116,-0.0005899966,0.0,0.0,0,0,1.0,2.0,1.0,0.9352473,0.008947015,0.9175771,1.731894,0.81083107,0.8384335,12.818781,0.22135134041309357,0.27517229318618774,0.2003406286239624,0.7786486595869064,0.38335705,1.348537,0.7144702,False,False,False
5,cycle44_subj05_margin_low_1sess_150ep,637,46480,0.053252492,0.049916957,714,0.0033355355,1.0,1.0,1.0,1.0,-0.0016379431,0.0023403615,-0.0039783046,0.0,0.0,0,0,1.0,1.0,0.0,0.84153533,0.010496616,0.8182424,1.7381698,0.8183019,0.8416271,12.7598095,0.22135134041309357,0.27517229318618774,0.2003406286239624,0.7786486595869064,0.38474622,1.3534236,0.63712335,False,False,False
5,cycle44_subj05_margin_low_1sess_150ep,638,46523,0.046122763,0.053608935,674,-0.007486172,2.0,0.7,1.3,1.0,0.0012010261,0.0029386356,-0.0017376095,-1.0,0.1999999999999999,0,0,1.0,1.0,0.0,0.82439226,0.005006671,0.7915719,1.7377111,0.83958167,0.8404824,12.787115,0.22135134041309357,0.27517229318618774,0.2003406286239624,0.7786486595869064,0.3846447,1.3530664,0.61635643,False,False,False
5,cycle44_subj05_margin_low_1sess_150ep,639,46642,0.052073807,0.053547252,906,-0.0014734454,2.0,0.75,1.25,1.0,0.0010589547,0.0047852136,-0.0037262589,1.0,-0.25,1,0,1.0,1.0,0.0,0.8064001,0.00947082,0.7895068,1.7377096,0.8454446,0.83971906,12.808922,0.22135134041309357,0.27517229318618774,0.2003406286239624,0.7786486595869064,0.38464436,1.3530653,0.6147484,False,False,False
5,cycle44_subj05_margin_low_1sess_150ep,640,46661,0.039503057,0.043591004,61,-0.0040879473,4.0,0.3076923076923077,1.6923076923076923,2.0,0.005534105,0.0040895864,0.0014445186,-1.0,0.1538461538461538,0,0,4.0,4.0,0.0,0.87016094,0.013548076,0.79474217,1.740093,0.8213205,0.84144086,12.805064,0.22135134041309357,0.27517229318618774,0.2003406286239624,0.7786486595869064,0.38517192,1.3549211,0.61882496,False,False,False
5,cycle44_subj05_margin_low_1sess_150ep,641,46806,0.04202091,0.05535619,652,-0.01333528,22.0,0.0,7.285714285714286,7.0,0.0029401705,0.0009401776,0.0019999929,-5.0,0.0,0,0,1.0,1.0,0.0,0.91413283,0.07394242,0.80919635,1.7416189,0.79753095,0.84052306,12.763507,0.22135134041309357,0.27517229318618774,0.2003406286239624,0.7786486595869064,0.38550967,1.3561093,0.6300797,False,False,False
5,cycle44_subj05_margin_low_1sess_150ep,642,46835,0.046763353,0.041816972,518,0.004946381,1.0,1.0,1.0,1.0,0.005912978,0.0015138462,0.004399132,0.0,0.0,0,0,1.0,1.0,0.0,0.77895236,0.014204025,0.74377525,1.7411492,0.7352099,0.8414366,12.795113,0.22135134041309357,0.27517229318618774,0.2003406286239624,0.7786486595869064,0.38540572,1.3557435,0.5791396,False,False,False
5,cycle44_subj05_margin_low_1sess_150ep,643,46861,0.050952785,0.033732288,297,0.017220497,1.0,1.0,1.0,1.0,0.0014945269,0.00020575896,0.0012887679,0.0,0.0,0,0,1.0,1.0,0.0,0.8309735,0.002220273,0.8074892,1.7245578,0.80933124,0.83786875,12.7604,0.22135134041309357,0.27517229318618774,0.2003406286239624,0.7786486595869064,0.38173318,1.3428246,0.6287504,False,False,False
5,cycle44_subj05_margin_low_1sess_150ep,644,47033,0.033600565,0.05220811,745,-0.018607546,9.0,0.0,3.8461538461538463,4.0,0.0007386394,0.0011256561,-0.00038701668,-1.0,-0.0769230769230769,0,0,2.0,4.0,2.0,0.79728687,0.0019071102,0.7754426,1.7418746,0.7979912,0.8419641,12.813408,0.22135134041309357,0.27517229318618774,0.2003406286239624,0.7786486595869064,0.38556626,1.3563083,0.6037974,False,False,False
5,cycle44_subj05_margin_low_1sess_150ep,645,47070,0.0406434,0.053752936,778,-0.013109535,5.0,0.0,2.7777777777777777,3.0,0.0035775006,-0.0027384497,0.0063159503,-2.0,0.0,0,0,3.0,3.0,0.0,0.8720381,0.002714038,0.8519182,1.7315395,0.86000156,0.8387091,12.723725,0.22135134041309357,0.27517229318618774,0.2003406286239624,0.7786486595869064,0.38327858,1.3482609,0.663345,False,False,False
5,cycle44_subj05_margin_low_1sess_150ep,646,47099,0.04821326,0.03797521,947,0.010238048,1.0,1.0,1.0,1.0,0.006439034,-0.00058886036,0.0070278943,0.0,0.0,0,0,1.0,1.0,0.0,0.87929404,0.014443994,0.85402167,1.7346388,0.79461515,0.8390026,12.741915,0.22135134041309357,0.27517229318618774,0.2003406286239624,0.7786486595869064,0.38396463,1.3506742,0.66498286,False,False,False
5,cycle44_subj05_margin_low_1sess_150ep,647,47200,0.05394504,0.053090498,794,0.0008545406,1.0,1.0,1.0,1.0,0.0073901564,0.0035797618,0.0038103946,-1.0,0.25,0,1,4.0,1.0,-3.0,0.93663114,0.003779769,0.9233346,1.7316494,0.80137897,0.83897984,12.8129015,0.22135134041309357,0.27517229318618774,0.2003406286239624,0.7786486595869064,0.38330293,1.3483465,0.71895325,False,False,False
5,cycle44_subj05_margin_low_1sess_150ep,648,47290,0.043715164,0.049632497,172,-0.005917333,7.0,0.25,2.5,2.0,0.006135855,0.0066148117,-0.00047895685,-3.0,0.25,0,0,5.0,5.0,0.0,0.89091283,0.00370723,0.86973685,1.7271456,0.8804134,0.8383818,12.729553,0.22135134041309357,0.27517229318618774,0.2003406286239624,0.7786486595869064,0.38230598,1.3448396,0.67721945,False,False,False
5,cycle44_subj05_margin_low_1sess_150ep,649,47293,0.045470838,0.050684378,426,-0.00521354,9.0,0.0,4.111111111111111,4.0,0.009088814,0.0030088797,0.0060799345,-6.0,0.0,0,0,3.0,1.0,-2.0,0.9106388,0.023020148,0.88584757,1.7344111,0.80456644,0.8394689,12.821657,0.22135134041309357,0.27517229318618774,0.2003406286239624,0.7786486595869064,0.38391423,1.3504969,0.689764,False,False,False
5,cycle44_subj05_margin_low_1sess_150ep,650,47321,0.03317696,0.045789655,227,-0.012612697,11.0,0.0,4.142857142857143,4.0,-0.0001828298,0.0019280277,-0.0021108575,0.0,0.0,0,0,2.0,6.0,4.0,0.83544046,0.008168876,0.7935186,1.7360265,0.829827,0.84091526,12.781474,0.22135134041309357,0.27517229318618774,0.2003406286239624,0.7786486595869064,0.3842718,1.3517548,0.6178722,False,False,False
5,cycle44_subj05_margin_low_1sess_150ep,651,47408,0.043849617,0.04019969,876,0.0036499277,1.0,1.0,1.0,1.0,0.0023893677,-0.0026077926,0.0049971603,-1.0,0.3333333333333333,0,1,3.0,4.0,1.0,0.8805647,0.025186181,0.8446194,1.7331609,0.797591,0.83872133,12.725941,0.22135134041309357,0.27517229318618774,0.2003406286239624,0.7786486595869064,0.3836375,1.3495234,0.6576618,False,False,False
5,cycle44_subj05_margin_low_1sess_150ep,652,47598,0.053731527,0.050340325,306,0.0033912025,1.0,1.0,1.0,1.0,0.0018884763,0.008057013,-0.006168537,0.0,0.0,0,0,7.0,6.0,-1.0,0.82439226,0.0075598955,0.7968224,1.7347907,0.84266144,0.839206,12.766032,0.22135134041309357,0.27517229318618774,0.2003406286239624,0.7786486595869064,0.38399825,1.3507924,0.6204447,False,False,False
5,cycle44_subj05_margin_low_1sess_150ep,653,47600,0.04102998,0.0420041,316,-0.00097412243,3.0,0.4285714285714285,1.7142857142857142,2.0,0.0024681762,-0.004025381,0.0064935572,-2.0,0.1428571428571428,0,0,3.0,8.0,5.0,0.79349095,0.00015157461,0.77020437,1.7402225,0.81203794,0.8408195,12.820392,0.22135134041309357,0.27517229318618774,0.2003406286239624,0.7786486595869064,0.38520056,1.355022,0.59971863,False,False,False
5,cycle44_subj05_margin_low_1sess_150ep,654,47614,0.024667555,0.038725354,191,-0.014057798,58.0,0.0,19.0,19.0,0.00093716756,-0.0018394031,0.0027765706,17.0,0.0,0,0,14.0,16.0,2.0,0.7994167,0.0038141608,0.7873755,1.7363694,0.8518751,0.840608,12.752055,0.22135134041309357,0.27517229318618774,0.2003406286239624,0.7786486595869064,0.38434768,1.3520217,0.6130889,False,False,False
5,cycle44_subj05_margin_low_1sess_150ep,655,47656,0.0457822,0.053066082,403,-0.0072838813,7.0,0.2,2.8,3.0,-0.0015162602,-0.00089088455,-0.00062537566,4.0,-0.3999999999999999,0,0,2.0,4.0,2.0,0.8181618,0.0018745065,0.7814262,1.740389,0.79468685,0.8418343,12.788257,0.22135134041309357,0.27517229318618774,0.2003406286239624,0.7786486595869064,0.38523743,1.3551515,0.6084565,False,False,False
5,cycle44_subj05_margin_low_1sess_150ep,656,47687,0.04714562,0.04346833,300,0.00367729,1.0,1.0,1.0,1.0,0.004239287,0.0033099428,0.00092934445,0.0,0.0,0,0,1.0,1.0,0.0,0.8889054,0.022442997,0.849068,1.7345306,0.8697127,0.8389931,12.762006,0.22135134041309357,0.27517229318618774,0.2003406286239624,0.7786486595869064,0.38394067,1.3505899,0.66112566,False,False,False
5,cycle44_subj05_margin_low_1sess_150ep,657,48157,0.029634234,0.045456637,61,-0.015822403,32.0,0.0,11.333333333333334,12.5,0.002942821,0.000996273,0.001946548,-6.0,0.0,0,0,10.0,9.0,-1.0,0.9012356,0.00736171,0.8759386,1.7376777,0.8322978,0.84030974,12.743288,0.22135134041309357,0.27517229318618774,0.2003406286239624,0.7786486595869064,0.3846373,1.3530405,0.68204844,False,False,False
5,cycle44_subj05_margin_low_1sess_150ep,658,48260,0.045703664,0.049447246,630,-0.0037435815,2.0,0.8571428571428571,1.1428571428571428,1.0,0.0047015026,0.00034829974,0.004353203,0.0,0.0,0,0,2.0,4.0,2.0,0.80412394,0.0052263737,0.7850252,1.7510049,0.7879499,0.84490687,12.801291,0.22135134041309357,0.27517229318618774,0.2003406286239624,0.7786486595869064,0.38758728,1.3634176,0.6112588,False,False,False
5,cycle44_subj05_margin_low_1sess_150ep,659,48374,0.030718543,0.044214655,543,-0.013496112,10.0,0.0,3.6666666666666665,3.0,-0.0008615181,-0.00015828386,-0.0007032342,-1.0,0.0,0,0,8.0,18.0,10.0,0.7951558,0.012666345,0.75515467,1.7399175,0.7956771,0.8413737,12.796695,0.22135134041309357,0.27517229318618774,0.2003406286239624,0.7786486595869064,0.3851331,1.3547845,0.5880002,False,False,False
5,cycle44_subj05_margin_low_1sess_150ep,660,48379,0.03926584,0.044976566,827,-0.0057107247,5.0,0.1666666666666666,2.5,2.5,0.0018014722,0.0031371936,-0.0013357215,1.0,0.0,0,0,3.0,4.0,1.0,0.90714854,0.01821059,0.8762337,1.7265971,0.8847754,0.8379446,12.775904,0.22135134041309357,0.27517229318618774,0.2003406286239624,0.7786486595869064,0.38218457,1.3444126,0.6822782,False,False,False
5,cycle44_subj05_margin_low_1sess_150ep,661,48393,0.04941802,0.04100683,993,0.008411191,1.0,1.0,1.0,1.0,-0.0030816384,-0.0045533925,0.0014717542,0.0,0.0,0,0,1.0,1.0,0.0,0.8342903,0.004015863,0.8128114,1.7370415,0.84398746,0.8408401,12.781833,0.22135134041309357,0.27517229318618774,0.2003406286239624,0.7786486595869064,0.38449645,1.352545,0.6328945,False,False,False
5,cycle44_subj05_margin_low_1sess_150ep,662,48422,0.04028745,0.044177607,480,-0.0038901567,2.0,0.8461538461538461,1.1538461538461535,1.0,-0.0012205914,0.008097943,-0.009318534,1.0,-0.1538461538461538,1,0,2.0,3.0,1.0,0.80586576,0.021135509,0.7745929,1.741988,0.83089685,0.84204733,12.880291,0.22135134041309357,0.27517229318618774,0.2003406286239624,0.7786486595869064,0.38559136,1.3563966,0.6031357,False,False,False
5,cycle44_subj05_margin_low_1sess_150ep,663,48508,0.038430948,0.04726833,801,-0.008837383,3.0,0.5,1.7,1.5,0.0038751885,0.0014804043,0.0023947842,-1.0,0.0999999999999999,0,0,22.0,16.0,-6.0,0.9249704,0.008186042,0.89926064,1.7401732,0.79942566,0.842042,12.754131,0.22135134041309357,0.27517229318618774,0.2003406286239624,0.7786486595869064,0.38518968,1.3549836,0.7002081,False,False,False
5,cycle44_subj05_margin_low_1sess_150ep,664,48530,0.042568926,0.05319049,588,-0.010621563,4.0,0.3,2.1,2.0,0.0046835877,0.0030689314,0.0016146563,-5.0,0.1999999999999999,0,0,6.0,5.0,-1.0,0.90084195,0.006206751,0.87185097,1.7337946,0.79168034,0.83860403,12.852249,0.22135134041309357,0.27517229318618774,0.2003406286239624,0.7786486595869064,0.38377774,1.3500168,0.6788656,False,False,False
5,cycle44_subj05_margin_low_1sess_150ep,665,48617,0.03290656,0.049278904,590,-0.016372345,24.0,0.0,9.4,9.0,-0.00654744,0.004418198,-0.010965638,16.0,0.0,0,0,7.0,16.0,9.0,0.7753586,0.00789696,0.7489183,1.745732,0.7710926,0.84234655,12.761093,0.22135134041309357,0.27517229318618774,0.2003406286239624,0.7786486595869064,0.3864201,1.3593118,0.58314425,False,False,False
5,cycle44_subj05_margin_low_1sess_150ep,666,48618,0.041362703,0.046308182,814,-0.0049454793,4.0,0.5,1.5,1.5,0.0012687705,0.0035235435,-0.002254773,2.0,-0.5,0,0,1.0,1.0,0.0,0.8227477,0.010789096,0.79455084,1.732675,0.8210299,0.8397226,12.723641,0.22135134041309357,0.27517229318618774,0.2003406286239624,0.7786486595869064,0.38352993,1.349145,0.61867595,False,False,False
5,cycle44_subj05_margin_low_1sess_150ep,667,48622,0.04453107,0.051085576,414,-0.0065545067,3.0,0.5454545454545454,1.4545454545454546,1.0,0.0072830208,0.002454128,0.0048288926,-5.0,0.4545454545454545,0,0,1.0,1.0,0.0,0.8195887,0.0014741421,0.8065357,1.7293546,0.84463185,0.83832234,12.773371,0.22135134041309357,0.27517229318618774,0.2003406286239624,0.7786486595869064,0.38279498,1.3465596,0.62800795,False,False,False
5,cycle44_subj05_margin_low_1sess_150ep,668,48679,0.034883015,0.052183244,162,-0.01730023,9.0,0.0,3.75,4.0,0.008474305,0.0060220324,0.002452273,-23.0,0.0,0,0,23.0,18.0,-5.0,0.9056729,0.008508921,0.8642937,1.736305,0.8039968,0.8401069,12.811278,0.22135134041309357,0.27517229318618774,0.2003406286239624,0.7786486595869064,0.38433343,1.3519716,0.67298114,False,False,False
5,cycle44_subj05_margin_low_1sess_150ep,669,48681,0.033051435,0.0455765,857,-0.012525067,8.0,0.1666666666666666,3.0,3.0,0.0052510444,0.0027515441,0.0024995003,-11.0,0.1666666666666666,0,0,2.0,4.0,2.0,0.9547732,0.09680301,0.8537394,1.728955,0.84917456,0.83873856,12.638543,0.22135134041309357,0.27517229318618774,0.2003406286239624,0.7786486595869064,0.38270652,1.3462485,0.66476303,False,False,False
5,cycle44_subj05_margin_low_1sess_150ep,670,48802,0.055931833,0.04555013,6,0.010381702,1.0,1.0,1.0,1.0,0.00476427,0.0042623915,0.00050187856,0.0,0.0,0,0,1.0,1.0,0.0,0.7862733,0.02247566,0.7432941,1.7531167,0.77444535,0.84524494,12.838632,0.22135134041309357,0.27517229318618774,0.2003406286239624,0.7786486595869064,0.38805473,1.365062,0.578765,False,False,False
5,cycle44_subj05_margin_low_1sess_150ep,671,48832,0.044658348,0.04895273,463,-0.0042943805,6.0,0.0,3.4444444444444446,4.0,0.0007992722,0.00016728416,0.00063198805,1.0,0.0,0,0,1.0,1.0,0.0,0.8166721,0.006925702,0.79025525,1.7474891,0.79056126,0.8417903,12.798883,0.22135134041309357,0.27517229318618774,0.2003406286239624,0.7786486595869064,0.38680905,1.3606801,0.6153312,False,False,False
5,cycle44_subj05_margin_low_1sess_150ep,672,48839,0.03980706,0.055219404,187,-0.0154123455,29.0,0.0,10.5,10.5,-0.004494708,-0.0031326786,-0.0013620295,18.0,0.0,0,0,1.0,1.0,0.0,0.85850626,0.028503358,0.82130325,1.7313044,0.8174041,0.8397506,12.777642,0.22135134041309357,0.27517229318618774,0.2003406286239624,0.7786486595869064,0.38322654,1.3480779,0.6395067,False,False,False
5,cycle44_subj05_margin_low_1sess_150ep,673,49076,0.036152612,0.04250564,660,-0.006353028,8.0,0.0,2.875,3.0,0.0045999214,2.9057264e-06,0.0045970157,-7.0,0.0,0,0,2.0,2.0,0.0,0.9122772,0.029225647,0.8745306,1.7344608,0.8658946,0.83874714,12.776637,0.22135134041309357,0.27517229318618774,0.2003406286239624,0.7786486595869064,0.38392523,1.3505356,0.68095213,False,False,False
5,cycle44_subj05_margin_low_1sess_150ep,674,49152,0.047643594,0.04485176,905,0.0027918331,1.0,1.0,1.0,1.0,0.0040415265,0.002118308,0.0019232184,0.0,0.0,0,0,8.0,7.0,-1.0,0.77706605,0.003040254,0.76869553,1.7357388,0.8481689,0.8398972,12.796818,0.22135134041309357,0.27517229318618774,0.2003406286239624,0.7786486595869064,0.3842081,1.3515307,0.59854376,False,False,False
5,cycle44_subj05_margin_low_1sess_150ep,675,49156,0.027213108,0.0419871,523,-0.014773991,47.0,0.0,15.1,15.0,0.002796933,0.0014959536,0.0013009794,6.0,0.0,0,0,16.0,15.0,-1.0,0.80523306,0.0038089752,0.7893089,1.734464,0.81107193,0.8407248,12.812221,0.22135134041309357,0.27517229318618774,0.2003406286239624,0.7786486595869064,0.38392594,1.3505381,0.61459434,False,False,False
5,cycle44_subj05_margin_low_1sess_150ep,676,49234,0.038848408,0.05133731,32,-0.012488902,20.0,0.0,7.5,7.5,0.0034486353,0.0018713847,0.0015772507,-2.0,0.0,0,0,4.0,2.0,-2.0,0.9231437,0.026661992,0.88703126,1.7310535,0.8724502,0.8401957,12.719906,0.22135134041309357,0.27517229318618774,0.2003406286239624,0.7786486595869064,0.383171,1.3478825,0.6906857,False,False,False
5,cycle44_subj05_margin_low_1sess_150ep,677,49466,0.04712572,0.04146785,358,0.0056578703,1.0,1.0,1.0,1.0,0.0017604046,-0.0011383407,0.0028987452,0.0,0.0,0,0,1.0,1.0,0.0,0.94970644,0.013532817,0.9108857,1.7415167,0.7863212,0.8423707,12.754517,0.22135134041309357,0.27517229318618774,0.2003406286239624,0.7786486595869064,0.38548705,1.3560296,0.7092599,False,False,False
5,cycle44_subj05_margin_low_1sess_150ep,678,49480,0.030925628,0.04060266,743,-0.009677034,4.0,0.3846153846153846,1.7692307692307692,2.0,-0.004960917,-0.0036672652,-0.0012936518,0.0,0.0,0,0,12.0,22.0,10.0,0.85226923,0.004032135,0.82491493,1.7283183,0.8688236,0.83907,12.7407675,0.22135134041309357,0.27517229318618774,0.2003406286239624,0.7786486595869064,0.3825656,1.3457528,0.6423189,False,False,False
5,cycle44_subj05_margin_low_1sess_150ep,679,49622,0.050262295,0.036166836,606,0.014095459,1.0,1.0,1.0,1.0,-0.0044103153,0.00093171,-0.0053420253,0.0,0.0,0,0,1.0,2.0,1.0,0.81407356,0.004326999,0.79617596,1.7356815,0.8447536,0.8411131,12.744633,0.22135134041309357,0.27517229318618774,0.2003406286239624,0.7786486595869064,0.38419545,1.3514861,0.61994135,False,False,False
5,cycle44_subj05_margin_low_1sess_150ep,680,49731,0.0551764,0.044512685,225,0.010663714,1.0,1.0,1.0,1.0,0.0070319027,0.0070801713,-4.8268586e-05,0.0,0.0,0,0,5.0,4.0,-1.0,0.87484473,0.0026562214,0.827452,1.7370954,0.7876587,0.8404332,12.751847,0.22135134041309357,0.27517229318618774,0.2003406286239624,0.7786486595869064,0.38450837,1.352587,0.6442944,False,False,False
5,cycle44_subj05_margin_low_1sess_150ep,681,49923,0.051003728,0.052124087,731,-0.0011203587,2.0,1.0,1.0,1.0,0.00063219294,0.004548855,-0.003916662,1.0,0.0,1,0,1.0,1.0,0.0,0.8696158,0.0129701495,0.83766806,1.739147,0.76355606,0.84045124,12.7406845,0.22135134041309357,0.27517229318618774,0.2003406286239624,0.7786486595869064,0.3849625,1.3541845,0.6522491,False,False,False
5,cycle44_subj05_margin_low_1sess_150ep,682,49944,0.05477156,0.049585853,166,0.0051857084,1.0,1.0,1.0,1.0,0.007137943,0.0050268136,0.0021111295,0.0,0.0,0,0,1.0,1.0,0.0,0.9208002,0.016831994,0.83620834,1.7311624,0.7956023,0.8381189,12.788205,0.22135134041309357,0.27517229318618774,0.2003406286239624,0.7786486595869064,0.38319513,1.3479674,0.6511125,False,False,False
5,cycle44_subj05_margin_low_1sess_150ep,683,49955,0.037159916,0.039474294,492,-0.0023143776,2.0,0.5,1.5,1.5,0.0047750846,0.00517432,-0.00039923564,0.0,-0.5,0,0,1.0,1.0,0.0,0.8778329,0.0080987215,0.8390258,1.7371542,0.8012198,0.8405905,12.809065,0.22135134041309357,0.27517229318618774,0.2003406286239624,0.7786486595869064,0.38452142,1.3526329,0.6533063,False,False,False
5,cycle44_subj05_margin_low_1sess_150ep,684,49957,0.043919295,0.04903911,686,-0.0051198155,2.0,0.625,1.375,1.0,0.0004606843,0.005285289,-0.004824605,0.0,-0.375,0,0,1.0,2.0,1.0,0.86254734,0.012402356,0.82151634,1.7367537,0.7755856,0.8407902,12.826086,0.22135134041309357,0.27517229318618774,0.2003406286239624,0.7786486595869064,0.38443276,1.3523209,0.6396726,False,False,False
5,cycle44_subj05_margin_low_1sess_150ep,685,49969,0.03633017,0.04067077,735,-0.0043406,4.0,0.3846153846153846,1.7692307692307692,2.0,-1.6197562e-05,0.0005792454,-0.00059544295,2.0,-0.3846153846153846,0,0,2.0,3.0,1.0,0.7954675,0.053592265,0.7238901,1.7493191,0.7422225,0.8442476,12.803442,0.22135134041309357,0.27517229318618774,0.2003406286239624,0.7786486595869064,0.38721412,1.362105,0.5636561,False,False,False
5,cycle44_subj05_margin_low_1sess_150ep,686,49979,0.051706955,0.045106035,493,0.00660092,1.0,1.0,1.0,1.0,0.00894241,0.0016289838,0.0073134266,-1.0,0.5714285714285714,0,1,2.0,2.0,0.0,0.8924734,0.0011219978,0.81430596,1.7324977,0.7826974,0.83989483,12.735029,0.22135134041309357,0.27517229318618774,0.2003406286239624,0.7786486595869064,0.38349068,1.349007,0.63405824,False,False,False
5,cycle44_subj05_margin_low_1sess_150ep,687,50026,0.03739667,0.044881836,445,-0.007485166,7.0,0.0,3.2857142857142856,4.0,-0.0034423657,-0.0011501759,-0.0022921897,5.0,-0.7142857142857143,0,0,1.0,5.0,4.0,0.85102266,0.0051412582,0.8196476,1.7363654,0.83659804,0.8402957,12.798154,0.22135134041309357,0.27517229318618774,0.2003406286239624,0.7786486595869064,0.3843468,1.3520186,0.6382175,False,False,False
5,cycle44_subj05_margin_low_1sess_150ep,688,50114,0.043348882,0.043854833,590,-0.0005059503,3.0,0.4,1.9,2.0,0.006856002,0.0036458224,0.0032101795,-2.0,0.2,0,0,5.0,2.0,-3.0,0.9276424,0.0029792786,0.91485614,1.7352064,0.82763267,0.84015375,12.79362,0.22135134041309357,0.27517229318618774,0.2003406286239624,0.7786486595869064,0.38409024,1.3511162,0.7123515,False,False,False
5,cycle44_subj05_margin_low_1sess_150ep,689,50170,0.049059745,0.052034114,647,-0.0029743686,2.0,0.6666666666666666,1.3333333333333333,1.0,0.0077388026,0.0029825456,0.004756257,-1.0,0.2499999999999999,0,0,1.0,1.0,0.0,0.8329968,0.004650533,0.80240726,1.7422311,0.7770213,0.84196603,12.815147,0.22135134041309357,0.27517229318618774,0.2003406286239624,0.7786486595869064,0.3856452,1.356586,0.62479335,False,False,False
5,cycle44_subj05_margin_low_1sess_150ep,690,50500,0.039197925,0.048752766,827,-0.009554841,12.0,0.0,4.555555555555555,4.0,0.0047132634,0.008745514,-0.0040322505,-3.0,0.0,0,0,6.0,2.0,-4.0,0.89250416,0.00063210726,0.87239254,1.7384092,0.8489127,0.8409987,12.7933,0.22135134041309357,0.27517229318618774,0.2003406286239624,0.7786486595869064,0.3847992,1.35361,0.6792873,False,False,False
5,cycle44_subj05_margin_low_1sess_150ep,691,50653,0.046164457,0.04247108,207,0.0036933757,1.0,1.0,1.0,1.0,0.00012917072,0.0025250204,-0.0023958497,0.0,0.0,0,0,1.0,1.0,0.0,0.8721956,0.02755344,0.83070767,1.7338517,0.8536998,0.83933103,12.839854,0.22135134041309357,0.27517229318618774,0.2003406286239624,0.7786486595869064,0.3837904,1.3500613,0.6468294,False,False,False
5,cycle44_subj05_margin_low_1sess_150ep,692,50734,0.046917014,0.058842216,828,-0.011925202,4.0,0.3333333333333333,1.8888888888888888,2.0,0.0012200847,0.003623832,-0.0024037473,2.0,-0.5555555555555556,0,0,1.0,1.0,0.0,0.85224664,0.0005968809,0.82205313,1.7381556,0.8204061,0.84080464,12.808,0.22135134041309357,0.27517229318618774,0.2003406286239624,0.7786486595869064,0.38474306,1.3534125,0.6400906,False,False,False
5,cycle44_subj05_margin_low_1sess_150ep,693,50755,0.03943227,0.042552598,688,-0.0031203292,2.0,0.875,1.125,1.0,-0.00041875988,0.006490998,-0.006909758,1.0,-0.125,1,0,13.0,16.0,3.0,0.93378943,0.0073915124,0.90981483,1.7323292,0.8343405,0.83776534,12.747649,0.22135134041309357,0.27517229318618774,0.2003406286239624,0.7786486595869064,0.3834534,1.3488759,0.7084261,False,False,False
5,cycle44_subj05_margin_low_1sess_150ep,694,50811,0.053590216,0.043942913,93,0.009647302,1.0,1.0,1.0,1.0,0.00083190575,0.0023237765,-0.0014918707,0.0,0.0,0,0,2.0,2.0,0.0,0.77465,0.016915262,0.7489233,1.7380315,0.79254276,0.84119856,12.79666,0.22135134041309357,0.27517229318618774,0.2003406286239624,0.7786486595869064,0.38471562,1.353316,0.5831481,False,False,False
5,cycle44_subj05_margin_low_1sess_150ep,695,50882,0.055791058,0.054177858,188,0.0016131997,1.0,1.0,1.0,1.0,0.001112029,0.0032345578,-0.0021225289,0.0,0.0,0,0,1.0,1.0,0.0,0.9280912,0.014912367,0.8952449,1.7367535,0.81929666,0.84140915,12.7102375,0.22135134041309357,0.27517229318618774,0.2003406286239624,0.7786486595869064,0.3844327,1.3523208,0.69708127,False,False,False
5,cycle44_subj05_margin_low_1sess_150ep,696,51051,0.042517353,0.059861887,925,-0.017344534,4.0,0.25,2.0,2.0,0.0005988516,0.007308565,-0.0067097135,1.0,-0.375,0,0,2.0,2.0,0.0,0.88462406,0.008818805,0.8615885,1.732153,0.8260139,0.8388108,12.7523575,0.22135134041309357,0.27517229318618774,0.2003406286239624,0.7786486595869064,0.3834144,1.3487387,0.6708747,False,False,False
5,cycle44_subj05_margin_low_1sess_150ep,697,51052,0.04362238,0.04638998,208,-0.0027676001,2.0,0.5,1.5,1.5,0.0053934865,0.0030371808,0.0023563057,-1.0,0.25,0,0,3.0,3.0,0.0,0.80151385,0.013682187,0.7801305,1.7515988,0.822443,0.8448381,12.830268,0.22135134041309357,0.27517229318618774,0.2003406286239624,0.7786486595869064,0.38771874,1.3638802,0.60744756,False,False,False
5,cycle44_subj05_margin_low_1sess_150ep,698,51062,0.05681099,0.041000653,139,0.015810337,1.0,1.0,1.0,1.0,0.0019012019,-0.0014881827,0.0033893846,0.0,0.0,0,0,1.0,1.0,0.0,0.86957616,0.005663812,0.8538132,1.7300663,0.87728816,0.8395636,12.772005,0.22135134041309357,0.27517229318618774,0.2003406286239624,0.7786486595869064,0.38295248,1.3471138,0.6648205,False,False,False
5,cycle44_subj05_margin_low_1sess_150ep,699,51077,0.06640478,0.04222554,750,0.024179243,1.0,1.0,1.0,1.0,-0.0013203621,-0.0002790168,-0.0010413453,0.0,0.0,0,0,1.0,1.0,0.0,0.8558565,0.018277884,0.8063669,1.7303783,0.8429135,0.838535,12.823719,0.22135134041309357,0.27517229318618774,0.2003406286239624,0.7786486595869064,0.38302156,1.3473568,0.6278765,False,False,False
5,cycle44_subj05_margin_low_1sess_150ep,700,51148,0.049656052,0.04724646,614,0.0024095923,1.0,1.0,1.0,1.0,0.0011236705,-0.0035350174,0.004658688,-1.0,0.4285714285714286,0,1,1.0,1.0,0.0,0.78613734,0.0030246377,0.7780767,1.7317643,0.8409587,0.840673,12.702837,0.22135134041309357,0.27517229318618774,0.2003406286239624,0.7786486595869064,0.38332835,1.348436,0.6058484,False,False,False
5,cycle44_subj05_margin_low_1sess_150ep,701,51171,0.052375056,0.04490012,778,0.0074749365,1.0,1.0,1.0,1.0,0.0058084354,0.0008339621,0.0049744733,0.0,0.0,0,0,1.0,1.0,0.0,0.7910861,0.009388149,0.75359756,1.7378446,0.7921193,0.84006375,12.78001,0.22135134041309357,0.27517229318618774,0.2003406286239624,0.7786486595869064,0.38467422,1.3531704,0.58678776,False,False,False
5,cycle44_subj05_margin_low_1sess_150ep,702,51185,0.04685493,0.047735512,827,-0.0008805804,2.0,1.0,1.0,1.0,0.0030419603,0.004197318,-0.0011553578,1.0,0.0,1,0,1.0,1.0,0.0,0.83478767,0.0032038689,0.8132405,1.7329184,0.821106,0.83910334,12.75916,0.22135134041309357,0.27517229318618774,0.2003406286239624,0.7786486595869064,0.3835838,1.3493346,0.63322866,False,False,False
5,cycle44_subj05_margin_low_1sess_150ep,703,51521,0.03428505,0.043526813,414,-0.0092417635,9.0,0.1,3.6,3.5,-0.004658427,-0.00040296093,-0.004255466,7.0,-0.5,0,0,11.0,19.0,8.0,0.9311313,0.033085227,0.8767396,1.7309818,0.8733601,0.8393085,12.694552,0.22135134041309357,0.27517229318618774,0.2003406286239624,0.7786486595869064,0.38315514,1.3478267,0.68267214,False,False,False
5,cycle44_subj05_margin_low_1sess_150ep,704,51745,0.04814539,0.056148607,493,-0.008003216,6.0,0.2222222222222222,2.6666666666666665,3.0,0.0012850054,0.0012032762,8.1729144e-05,2.0,0.0,0,0,2.0,2.0,0.0,0.7869503,0.0037038326,0.77114093,1.7409897,0.80214113,0.8413422,12.784837,0.22135134041309357,0.27517229318618774,0.2003406286239624,0.7786486595869064,0.3853704,1.3556193,0.6004479,False,False,False
5,cycle44_subj05_margin_low_1sess_150ep,705,51788,0.027572297,0.04847534,239,-0.020903043,36.0,0.0,11.76923076923077,11.0,-0.002360858,0.0016843267,-0.0040451847,11.0,0.0,0,0,6.0,10.0,4.0,0.8701499,0.0066515207,0.8352338,1.7371355,0.73906523,0.8412887,12.760782,0.22135134041309357,0.27517229318618774,0.2003406286239624,0.7786486595869064,0.38451728,1.3526183,0.65035367,False,False,False
5,cycle44_subj05_margin_low_1sess_150ep,706,51843,0.06135975,0.053200755,365,0.008158993,1.0,1.0,1.0,1.0,0.004126914,0.0051604696,-0.0010335557,0.0,0.0,0,0,1.0,1.0,0.0,0.7907572,0.008389652,0.77423906,1.7319616,0.81984395,0.8396743,12.745399,0.22135134041309357,0.27517229318618774,0.2003406286239624,0.7786486595869064,0.383372,1.3485897,0.6028602,False,False,False
5,cycle44_subj05_margin_low_1sess_150ep,707,51907,0.038815994,0.044774823,493,-0.005958829,10.0,0.0,4.375,4.5,0.0067146607,0.0047907606,0.0019239001,0.0,0.0,0,0,2.0,2.0,0.0,0.8489756,0.04869336,0.7961672,1.7353548,0.8043027,0.83924264,12.850289,0.22135134041309357,0.27517229318618774,0.2003406286239624,0.7786486595869064,0.38412312,1.3512317,0.61993456,False,False,False
5,cycle44_subj05_margin_low_1sess_150ep,708,51928,0.036217928,0.052218013,227,-0.016000085,7.0,0.2222222222222222,2.4444444444444446,2.0,0.0023444034,0.004512973,-0.0021685697,1.0,0.0,0,0,3.0,1.0,-2.0,0.8482371,0.016156852,0.808215,1.7287904,0.82441044,0.8400291,12.722675,0.22135134041309357,0.27517229318618774,0.2003406286239624,0.7786486595869064,0.38267007,1.3461204,0.62931556,False,False,False
5,cycle44_subj05_margin_low_1sess_150ep,709,51965,0.056623876,0.050975125,493,0.005648751,1.0,1.0,1.0,1.0,0.001180619,0.002779901,-0.001599282,0.0,0.0,0,0,1.0,1.0,0.0,0.84216654,0.039263487,0.786443,1.7398455,0.7897804,0.84067786,12.735201,0.22135134041309357,0.27517229318618774,0.2003406286239624,0.7786486595869064,0.38511714,1.3547285,0.6123628,False,False,False
5,cycle44_subj05_margin_low_1sess_150ep,710,51983,0.039263085,0.05988792,460,-0.020624835,24.0,0.0,7.272727272727272,7.0,0.006990973,0.004302837,0.002688136,-8.0,0.0,0,0,2.0,2.0,0.0,0.90227664,0.0076414347,0.86891556,1.7325304,0.7732805,0.8387349,12.76074,0.22135134041309357,0.27517229318618774,0.2003406286239624,0.7786486595869064,0.38349792,1.3490325,0.67657995,False,False,False
5,cycle44_subj05_margin_low_1sess_150ep,711,51988,0.024867317,0.042305324,763,-0.017438008,24.0,0.0,8.444444444444445,8.0,0.012675854,0.0038041137,0.00887174,-116.0,0.0,0,0,25.0,17.0,-8.0,0.8496965,0.04075533,0.7938598,1.7253718,0.76622075,0.8375267,12.78369,0.22135134041309357,0.27517229318618774,0.2003406286239624,0.7786486595869064,0.38191336,1.3434585,0.61813784,False,False,False
5,cycle44_subj05_margin_low_1sess_150ep,712,52070,0.048162177,0.047564615,231,0.00059756264,1.0,1.0,1.0,1.0,0.004258413,0.0039123,0.000346113,0.0,0.0,0,0,7.0,4.0,-3.0,0.8844511,0.13096923,0.7556887,1.7500305,0.78894055,0.8442618,12.82398,0.22135134041309357,0.27517229318618774,0.2003406286239624,0.7786486595869064,0.3873716,1.362659,0.58841604,False,False,False
5,cycle44_subj05_margin_low_1sess_150ep,713,52216,0.05677311,0.048290566,375,0.008482546,1.0,1.0,1.0,1.0,0.0044380054,-0.00085603446,0.00529404,0.0,0.0,0,0,1.0,1.0,0.0,0.9065796,0.03019011,0.862322,1.7348225,0.85652053,0.8391533,12.757172,0.22135134041309357,0.27517229318618774,0.2003406286239624,0.7786486595869064,0.38400528,1.3508172,0.67144585,False,False,False
5,cycle44_subj05_margin_low_1sess_150ep,714,52302,0.06179632,0.056965534,468,0.004830785,1.0,1.0,1.0,1.0,0.006132547,0.006732907,-0.00060036033,0.0,0.0,0,0,1.0,1.0,0.0,0.87537247,0.013780415,0.8331653,1.735073,0.8376787,0.83945984,12.784638,0.22135134041309357,0.27517229318618774,0.2003406286239624,0.7786486595869064,0.38406074,1.3510122,0.64874303,False,False,False
5,cycle44_subj05_margin_low_1sess_150ep,715,52328,0.05114664,0.05402825,778,-0.002881609,2.0,0.75,1.25,1.0,0.0045463666,0.0019709952,0.0025753714,-1.0,0.25,0,0,8.0,4.0,-4.0,0.85074663,0.0042942762,0.82461673,1.7349203,0.8305894,0.84044796,12.719798,0.22135134041309357,0.27517229318618774,0.2003406286239624,0.7786486595869064,0.3840269,1.3508934,0.64208674,False,False,False
5,cycle44_subj05_margin_low_1sess_150ep,716,52375,0.041958727,0.039895166,794,0.0020635612,1.0,1.0,1.0,1.0,0.004013974,0.0009928346,0.0030211397,-2.0,0.5,0,1,2.0,1.0,-1.0,0.8082278,0.002193272,0.7916984,1.7335141,0.83764106,0.8400434,12.774101,0.22135134041309357,0.27517229318618774,0.2003406286239624,0.7786486595869064,0.38371566,1.3497984,0.6164549,False,False,False
5,cycle44_subj05_margin_low_1sess_150ep,717,52394,0.057984058,0.049826615,655,0.008157443,1.0,1.0,1.0,1.0,0.0013898462,-0.0022348762,0.0036247224,0.0,0.0,0,0,1.0,1.0,0.0,0.8668613,0.01321429,0.83117425,1.7396204,0.83070296,0.8411569,12.693432,0.22135134041309357,0.27517229318618774,0.2003406286239624,0.7786486595869064,0.3850673,1.3545531,0.6471927,False,False,False
5,cycle44_subj05_margin_low_1sess_150ep,718,52527,0.05149745,0.048863128,417,0.0026343204,1.0,1.0,1.0,1.0,0.0023595355,0.0014753975,0.00088413805,0.0,0.0,0,0,2.0,1.0,-1.0,0.8639126,0.012916863,0.81051826,1.7360574,0.8338146,0.84048843,12.768321,0.22135134041309357,0.27517229318618774,0.2003406286239624,0.7786486595869064,0.38427863,1.3517787,0.631109,False,False,False
5,cycle44_subj05_margin_low_1sess_150ep,719,52554,0.049818803,0.045312632,272,0.0045061707,1.0,1.0,1.0,1.0,-0.0015142187,-0.001072187,-0.00044203177,0.0,0.0,0,0,1.0,1.0,0.0,0.8143042,0.015498877,0.7884996,1.7500559,0.79168314,0.8432872,12.84716,0.22135134041309357,0.27517229318618774,0.2003406286239624,0.7786486595869064,0.38737723,1.3626788,0.61396414,False,False,False
5,cycle44_subj05_margin_low_1sess_150ep,720,52596,0.05761206,0.05067266,493,0.0069394,1.0,1.0,1.0,1.0,0.0019274242,0.0057525113,-0.003825087,0.0,0.0,0,0,1.0,1.0,0.0,0.92310673,0.07225579,0.8407542,1.7462258,0.838104,0.84256524,12.748319,0.22135134041309357,0.27517229318618774,0.2003406286239624,0.7786486595869064,0.38652942,1.3596964,0.6546522,False,False,False
5,cycle44_subj05_margin_low_1sess_150ep,721,52598,0.044909704,0.047667332,934,-0.0027576275,2.0,0.6666666666666666,1.3333333333333333,1.0,-0.001224421,0.0067815073,-0.008005928,1.0,-0.3333333333333333,1,0,1.0,1.0,0.0,0.8087521,0.0050519705,0.7902142,1.7295417,0.8475897,0.8380034,12.74205,0.22135134041309357,0.27517229318618774,0.2003406286239624,0.7786486595869064,0.38283637,1.3467053,0.6152992,False,False,False
5,cycle44_subj05_margin_low_1sess_150ep,722,52652,0.035202563,0.044229887,928,-0.009027325,7.0,0.0,2.888888888888889,2.0,0.0020979308,0.0015786104,0.00051932037,3.0,-0.3333333333333333,0,0,17.0,15.0,-2.0,0.87805104,0.0010186434,0.8686104,1.730778,0.8635272,0.8382836,12.76362,0.22135134041309357,0.27517229318618774,0.2003406286239624,0.7786486595869064,0.38311002,1.3476679,0.6763423,False,False,False
5,cycle44_subj05_margin_low_1sess_150ep,723,52892,0.036402944,0.043073103,651,-0.0066701584,6.0,0.125,2.375,2.0,0.0035322942,0.0065403692,-0.003008075,0.0,-0.125,0,0,1.0,1.0,0.0,0.8153382,0.04553926,0.76890147,1.735375,0.77340096,0.84067595,12.7626095,0.22135134041309357,0.27517229318618774,0.2003406286239624,0.7786486595869064,0.3841276,1.3512474,0.5987041,False,False,False
5,cycle44_subj05_margin_low_1sess_150ep,724,52931,0.03477746,0.051901802,699,-0.017124344,7.0,0.0,3.0,3.0,0.0031354837,0.0010530017,0.002082482,0.0,0.0,0,0,1.0,1.0,0.0,0.8433909,0.019666255,0.7914918,1.7405516,0.7311379,0.84167325,12.730057,0.22135134041309357,0.27517229318618774,0.2003406286239624,0.7786486595869064,0.38527343,1.3552781,0.616294,False,False,False
5,cycle44_subj05_margin_low_1sess_150ep,725,52990,0.03158713,0.04534006,48,-0.01375293,30.0,0.0,8.857142857142858,10.0,0.00076027773,0.0011523031,-0.00039202534,5.0,0.0,0,0,5.0,5.0,0.0,0.8567593,0.019818187,0.8237007,1.7428361,0.80175805,0.8424647,12.8262615,0.22135134041309357,0.27517229318618774,0.2003406286239624,0.7786486595869064,0.3857791,1.357057,0.64137346,False,False,False
5,cycle44_subj05_margin_low_1sess_150ep,726,53052,0.0151941525,0.032525834,701,-0.017331682,10.0,0.25,2.6666666666666665,2.5,0.0024495367,-5.2277e-05,0.0025018118,-8.0,0.25,0,0,97.0,109.0,12.0,0.7674899,0.018224776,0.74138415,1.7366195,0.8012837,0.8398717,12.795391,0.22135134041309357,0.27517229318618774,0.2003406286239624,0.7786486595869064,0.38440305,1.3522165,0.5772778,False,False,False
5,cycle44_subj05_margin_low_1sess_150ep,727,53070,0.035381123,0.046515014,48,-0.011133891,12.0,0.0,3.857142857142857,5.0,0.0019599907,0.004200399,-0.0022404082,2.0,-0.1428571428571428,0,0,11.0,7.0,-4.0,0.84350175,0.01049757,0.80536765,1.7424258,0.8347026,0.84290135,12.786529,0.22135134041309357,0.27517229318618774,0.2003406286239624,0.7786486595869064,0.38568828,1.3567375,0.62709844,False,False,False
5,cycle44_subj05_margin_low_1sess_150ep,728,53152,0.047210675,0.042378686,19,0.0048319884,1.0,1.0,1.0,1.0,0.011615727,-0.00015133992,0.011767067,-7.0,0.9090909090909092,0,1,4.0,3.0,-1.0,0.8699347,0.043441296,0.8193544,1.7296325,0.8269141,0.8378029,12.795583,0.22135134041309357,0.27517229318618774,0.2003406286239624,0.7786486595869064,0.38285646,1.346776,0.6379892,False,False,False
5,cycle44_subj05_margin_low_1sess_150ep,729,53155,0.057568885,0.04622792,216,0.011340965,1.0,1.0,1.0,1.0,0.0017486624,-0.0008902885,0.002638951,0.0,0.0,0,0,1.0,1.0,0.0,0.83028245,6.93202e-05,0.8027426,1.7305279,0.8562402,0.83932614,12.757472,0.22135134041309357,0.27517229318618774,0.2003406286239624,0.7786486595869064,0.38305467,1.3474733,0.6250545,False,False,False
5,cycle44_subj05_margin_low_1sess_150ep,730,53157,0.04316627,0.052830663,227,-0.009664394,5.0,0.2222222222222222,2.555555555555556,2.0,0.0013790987,0.0034424104,-0.0020633116,0.0,0.0,0,0,1.0,1.0,0.0,0.8370589,0.008374214,0.81578845,1.73933,0.85066855,0.84254706,12.810832,0.22135134041309357,0.27517229318618774,0.2003406286239624,0.7786486595869064,0.38500303,1.3543271,0.6352126,False,False,False
5,cycle44_subj05_margin_low_1sess_150ep,731,53270,0.052239884,0.04825179,64,0.0039880946,1.0,1.0,1.0,1.0,0.004509315,0.0045740306,-6.471574e-05,0.0,0.0,0,0,2.0,3.0,1.0,0.9225787,0.01667291,0.87399226,1.7367756,0.77809584,0.83874154,12.780984,0.22135134041309357,0.27517229318618774,0.2003406286239624,0.7786486595869064,0.38443762,1.3523381,0.68053293,False,False,False
5,cycle44_subj05_margin_low_1sess_150ep,732,53370,0.021971796,0.04201686,583,-0.020045064,29.0,0.0,10.285714285714286,10.0,0.0034491494,-0.00038135797,0.0038305074,-37.0,0.0,0,0,15.0,13.0,-2.0,0.83647966,0.04247105,0.7842485,1.7432098,0.77226096,0.84294343,12.843734,0.22135134041309357,0.27517229318618774,0.2003406286239624,0.7786486595869064,0.38586184,1.3573481,0.61065406,False,False,False
5,cycle44_subj05_margin_low_1sess_150ep,733,53489,0.012516716,0.038077567,715,-0.025560852,358.0,0.0,106.08333333333331,106.5,-0.0010312367,0.0011157878,-0.0021470264,128.0,0.0,0,0,97.0,161.0,64.0,0.83047384,0.022395194,0.7919389,1.7352251,0.8349297,0.84022546,12.656664,0.22135134041309357,0.27517229318618774,0.2003406286239624,0.7786486595869064,0.3840944,1.3511307,0.6166422,False,False,False
5,cycle44_subj05_margin_low_1sess_150ep,734,53511,0.032960445,0.039490998,934,-0.006530553,16.0,0.0,5.5,5.5,-0.00083898753,-0.0017550401,0.0009160526,5.0,0.0,0,0,2.0,2.0,0.0,0.9093706,0.05477965,0.8340193,1.7366587,0.7808728,0.8399036,12.853751,0.22135134041309357,0.27517229318618774,0.2003406286239624,0.7786486595869064,0.38441172,1.352247,0.64940804,False,False,False
5,cycle44_subj05_margin_low_1sess_150ep,735,53570,0.051734757,0.058163423,493,-0.0064286664,2.0,0.5,1.5,1.5,0.003826417,0.009324331,-0.005497914,0.0,0.0,0,0,1.0,1.0,0.0,0.8636639,0.0055040717,0.8495375,1.7359734,0.7809179,0.84001976,12.745208,0.22135134041309357,0.27517229318618774,0.2003406286239624,0.7786486595869064,0.38426003,1.3517133,0.6614912,False,False,False
5,cycle44_subj05_margin_low_1sess_150ep,736,53727,0.03407812,0.043900084,246,-0.009821963,9.0,0.1666666666666666,2.6666666666666665,3.0,-0.002914939,0.0006553978,-0.0035703368,6.0,-0.5,0,0,10.0,16.0,6.0,0.85224664,0.009625018,0.8198201,1.7469035,0.81469786,0.842048,12.883892,0.22135134041309357,0.27517229318618774,0.2003406286239624,0.7786486595869064,0.38667944,1.3602241,0.63835186,False,False,False
5,cycle44_subj05_margin_low_1sess_150ep,737,53728,0.04664143,0.030344678,178,0.016296754,1.0,1.0,1.0,1.0,0.00064726174,0.0037246086,-0.0030773468,0.0,0.0,0,0,1.0,1.0,0.0,0.82837933,0.0054990053,0.7839619,1.7387178,0.81154966,0.8424387,12.727597,0.22135134041309357,0.27517229318618774,0.2003406286239624,0.7786486595869064,0.38486752,1.3538504,0.6104309,False,False,False
5,cycle44_subj05_margin_low_1sess_150ep,738,53773,0.03660999,0.052764542,827,-0.016154554,11.0,0.0625,4.1875,4.0,0.0035367683,0.007067822,-0.0035310537,1.0,-0.0625,0,0,24.0,9.0,-15.0,0.9030974,0.018106401,0.8756884,1.7306535,0.87441295,0.8390017,12.763031,0.22135134041309357,0.27517229318618774,0.2003406286239624,0.7786486595869064,0.38308248,1.347571,0.6818536,False,False,False
5,cycle44_subj05_margin_low_1sess_150ep,739,53858,0.04478592,0.04563308,540,-0.0008471608,2.0,0.4,1.6,2.0,-0.0013950542,0.0015448853,-0.0029399395,1.0,-0.6,1,0,1.0,1.0,0.0,0.86927617,0.0023430586,0.8587251,1.7345668,0.8267954,0.83890444,12.774692,0.22135134041309357,0.27517229318618774,0.2003406286239624,0.7786486595869064,0.38394868,1.3506181,0.66864514,False,False,False
5,cycle44_subj05_margin_low_1sess_150ep,740,53881,0.04843724,0.044794716,308,0.0036425255,1.0,1.0,1.0,1.0,0.0047773607,0.0017842352,0.0029931255,0.0,0.0,0,0,2.0,2.0,0.0,0.7573958,0.023485601,0.7214192,1.7487812,0.7768067,0.844591,12.834289,0.22135134041309357,0.27517229318618774,0.2003406286239624,0.7786486595869064,0.38709506,1.3616861,0.5617321,False,False,False
5,cycle44_subj05_margin_low_1sess_150ep,741,53891,0.020040192,0.036180623,48,-0.016140431,64.0,0.0,18.0,17.0,0.01050072,0.0058416873,0.0046590324,-35.0,0.0,0,0,263.0,64.0,-199.0,0.8418658,0.01323247,0.80912304,1.7404177,0.85445535,0.8417831,12.839573,0.22135134041309357,0.27517229318618774,0.2003406286239624,0.7786486595869064,0.3852438,1.355174,0.6300226,False,False,False
5,cycle44_subj05_margin_low_1sess_150ep,742,54078,0.03544756,0.04446864,728,-0.009021081,6.0,0.0,2.6666666666666665,3.0,0.012870129,0.0063408874,0.006529242,-31.0,0.0,0,0,6.0,1.0,-5.0,0.87255853,0.0018666983,0.858064,1.7302285,0.8346581,0.8388433,12.733558,0.22135134041309357,0.27517229318618774,0.2003406286239624,0.7786486595869064,0.3829884,1.3472402,0.6681304,False,False,False
5,cycle44_subj05_margin_low_1sess_150ep,743,54147,0.05263536,0.037447244,316,0.015188117,1.0,1.0,1.0,1.0,0.0010240898,0.001496587,-0.0004724972,0.0,0.0,0,0,2.0,3.0,1.0,0.7827799,0.019543588,0.7565249,1.7352004,0.82361245,0.83985937,12.732549,0.22135134041309357,0.27517229318618774,0.2003406286239624,0.7786486595869064,0.38408893,1.3511115,0.5890671,False,False,False
5,cycle44_subj05_margin_low_1sess_150ep,744,54257,0.032556124,0.046834033,777,-0.014277909,23.0,0.0,7.3,7.0,0.0016515497,0.0003815256,0.0012700241,6.0,0.0,0,0,11.0,13.0,2.0,0.8043213,0.006222725,0.7784896,1.7336361,0.8111403,0.83996385,12.766586,0.22135134041309357,0.27517229318618774,0.2003406286239624,0.7786486595869064,0.3837427,1.3498935,0.6061699,False,False,False
5,cycle44_subj05_margin_low_1sess_150ep,745,54361,0.048296586,0.03827619,682,0.010020394,1.0,1.0,1.0,1.0,-0.00041858107,0.0020853318,-0.002503913,0.0,0.0,0,0,2.0,3.0,1.0,0.7906547,0.010370195,0.76823986,1.7461457,0.77404153,0.843153,12.766728,0.22135134041309357,0.27517229318618774,0.2003406286239624,0.7786486595869064,0.38651168,1.359634,0.59818894,False,False,False
5,cycle44_subj05_margin_low_1sess_150ep,746,54389,0.03851951,0.05129523,514,-0.012775719,25.0,0.0,8.625,8.0,0.0028906427,0.0038204305,-0.00092978776,9.0,0.0,0,0,12.0,7.0,-5.0,0.9169746,0.0122618675,0.8981571,1.7378873,0.8437941,0.8404947,12.838687,0.22135134041309357,0.27517229318618774,0.2003406286239624,0.7786486595869064,0.38468367,1.3532037,0.69934887,False,False,False
5,cycle44_subj05_margin_low_1sess_150ep,747,54643,0.037640557,0.0467194,246,-0.009078842,7.0,0.0,2.75,2.5,-0.002069123,-0.00023946911,-0.001829654,3.0,-0.5,0,0,2.0,2.0,0.0,0.79405177,0.0065680146,0.77670974,1.7464134,0.80980635,0.8424351,12.842748,0.22135134041309357,0.27517229318618774,0.2003406286239624,0.7786486595869064,0.38657093,1.3598424,0.604784,False,False,False
5,cycle44_subj05_margin_low_1sess_150ep,748,54683,0.05067015,0.051624216,843,-0.0009540655,2.0,0.875,1.125,1.0,0.00871598,0.0022359043,0.0064800754,-1.0,0.125,0,0,1.0,1.0,0.0,0.8515557,0.0015247464,0.82376945,1.7398324,0.7889983,0.8411748,12.737949,0.22135134041309357,0.27517229318618774,0.2003406286239624,0.7786486595869064,0.38511422,1.3547182,0.641427,False,False,False
5,cycle44_subj05_margin_low_1sess_150ep,749,54698,0.05402564,0.04623866,2,0.007786978,1.0,1.0,1.0,1.0,0.0052925125,-0.00066747144,0.005959984,0.0,0.0,0,0,1.0,1.0,0.0,0.91765815,0.02327466,0.87760985,1.7326753,0.71641326,0.8390717,12.717836,0.22135134041309357,0.27517229318618774,0.2003406286239624,0.7786486595869064,0.38353,1.3491453,0.6833497,False,False,False
5,cycle44_subj05_margin_low_1sess_150ep,750,54743,0.05462161,0.052203324,715,0.002418287,1.0,1.0,1.0,1.0,-0.0038846843,0.0037421547,-0.007626839,0.0,0.0,0,0,1.0,1.0,0.0,0.8524551,0.0073571205,0.81256247,1.7367586,0.85172194,0.83971477,12.721839,0.22135134041309357,0.27517229318618774,0.2003406286239624,0.7786486595869064,0.38443384,1.3523247,0.6327007,False,False,False
5,cycle44_subj05_margin_low_1sess_150ep,751,54812,0.043255344,0.039686278,955,0.0035690665,1.0,1.0,1.0,1.0,0.0072904825,0.0014504343,0.005840048,-4.0,0.9090909090909092,0,1,1.0,1.0,0.0,0.8887674,0.036694944,0.8424243,1.734262,0.8449375,0.84037554,12.765775,0.22135134041309357,0.27517229318618774,0.2003406286239624,0.7786486595869064,0.3838812,1.3503808,0.6559526,False,False,False
5,cycle44_subj05_margin_low_1sess_150ep,752,54824,0.04955464,0.044706486,19,0.0048481524,1.0,1.0,1.0,1.0,0.0028529242,0.0019201748,0.00093274936,0.0,0.0,0,0,1.0,1.0,0.0,0.86833,0.0018584728,0.8551227,1.7318928,0.81532586,0.83903736,12.778016,0.22135134041309357,0.27517229318618774,0.2003406286239624,0.7786486595869064,0.3833568,1.348536,0.66584015,False,False,False
5,cycle44_subj05_margin_low_1sess_150ep,753,54913,0.0411258,0.041141137,903,-1.533702e-05,2.0,0.9090909090909092,1.0909090909090908,1.0,0.0015022233,0.0025649555,-0.0010627322,1.0,-0.0909090909090909,1,0,1.0,2.0,1.0,0.822521,0.014206767,0.7464775,1.7502238,0.75599384,0.8430401,12.834001,0.22135134041309357,0.27517229318618774,0.2003406286239624,0.7786486595869064,0.38741437,1.3628094,0.5812437,False,False,False
5,cycle44_subj05_margin_low_1sess_150ep,754,54959,0.04194154,0.050260726,86,-0.008319188,10.0,0.0,3.875,4.0,0.0039358176,0.0054141805,-0.0014783628,3.0,0.0,0,0,4.0,4.0,0.0,0.90098906,0.01328814,0.8589864,1.7364833,0.81414276,0.8397125,12.759739,0.22135134041309357,0.27517229318618774,0.2003406286239624,0.7786486595869064,0.38437292,1.3521105,0.66884863,False,False,False
5,cycle44_subj05_margin_low_1sess_150ep,755,55005,0.037078857,0.045749735,812,-0.008670878,10.0,0.0,3.555555555555556,3.0,-0.0027340576,-0.0006666891,-0.0020673685,3.0,0.0,0,0,1.0,1.0,0.0,0.8361235,0.03482449,0.76582605,1.7495704,0.757143,0.8441677,12.826592,0.22135134041309357,0.27517229318618774,0.2003406286239624,0.7786486595869064,0.38726974,1.3623006,0.5963094,False,False,False
5,cycle44_subj05_margin_low_1sess_150ep,756,55107,0.039459158,0.044845678,765,-0.00538652,4.0,0.3333333333333333,1.6666666666666667,2.0,0.0013362318,-0.0021414123,0.0034776442,-2.0,0.1666666666666666,0,0,7.0,6.0,-1.0,0.843044,0.019967854,0.78247297,1.7312565,0.82550156,0.8392582,12.742749,0.22135134041309357,0.27517229318618774,0.2003406286239624,0.7786486595869064,0.38321593,1.3480406,0.6092715,False,False,False
5,cycle44_subj05_margin_low_1sess_150ep,757,55163,0.047157772,0.056245744,19,-0.009087972,3.0,0.6363636363636364,1.5454545454545454,1.0,0.0023935586,0.0019541383,0.00043942034,0.0,0.0,0,0,3.0,1.0,-2.0,0.87883335,0.00833571,0.8545542,1.728906,0.78777665,0.8375466,12.743271,0.22135134041309357,0.27517229318618774,0.2003406286239624,0.7786486595869064,0.38269567,1.3462104,0.66539747,False,False,False
5,cycle44_subj05_margin_low_1sess_150ep,758,55405,0.03356768,0.04407007,583,-0.010502391,6.0,0.2222222222222222,2.7777777777777777,3.0,-0.00061501935,0.003479056,-0.0040940754,2.0,-0.2222222222222222,0,0,1.0,1.0,0.0,0.9084143,0.017062902,0.7751844,1.7428586,0.7288481,0.84177804,12.7246,0.22135134041309357,0.27517229318618774,0.2003406286239624,0.7786486595869064,0.3857841,1.3570746,0.6035963,False,False,False
5,cycle44_subj05_margin_low_1sess_150ep,759,55408,0.038103208,0.052141104,48,-0.014037896,17.0,0.0,6.666666666666667,7.0,-0.0011180565,0.0014293157,-0.0025473721,7.0,0.0,0,0,1.0,1.0,0.0,0.84207433,0.024579942,0.80127794,1.7360892,0.8352348,0.8398917,12.727875,0.22135134041309357,0.27517229318618774,0.2003406286239624,0.7786486595869064,0.3842857,1.3518035,0.623914,False,False,False
5,cycle44_subj05_margin_low_1sess_150ep,760,55526,0.04814307,0.04592486,107,0.0022182092,1.0,1.0,1.0,1.0,0.0019048192,0.0027576126,-0.00085279346,0.0,0.0,0,0,1.0,1.0,0.0,0.74160093,0.014922857,0.7154723,1.7517936,0.7660513,0.8446843,12.819047,0.22135134041309357,0.27517229318618774,0.2003406286239624,0.7786486595869064,0.38776186,1.3640318,0.55710155,False,False,False
5,cycle44_subj05_margin_low_1sess_150ep,761,55649,0.05434987,0.049622595,43,0.004727274,1.0,1.0,1.0,1.0,-0.0036075562,-0.0013072491,-0.0023003072,0.0,0.0,0,0,1.0,1.0,0.0,0.8459353,0.0042586923,0.81233585,1.7330545,0.8419748,0.8390733,12.787917,0.22135134041309357,0.27517229318618774,0.2003406286239624,0.7786486595869064,0.38361394,1.3494406,0.63252425,False,False,False
5,cycle44_subj05_margin_low_1sess_150ep,762,55669,0.03149619,0.04029039,300,-0.0087942,5.0,0.6,1.7,1.0,-0.0021169558,0.00024334341,-0.0023602992,0.0,0.1999999999999999,0,0,5.0,11.0,6.0,0.866582,0.0073810816,0.84192866,1.7339728,0.86360276,0.83981997,12.737169,0.22135134041309357,0.27517229318618774,0.2003406286239624,0.7786486595869064,0.3838172,1.3501556,0.65556663,False,False,False
5,cycle44_subj05_margin_low_1sess_150ep,763,55678,0.055411614,0.05442515,375,0.0009864643,1.0,1.0,1.0,1.0,0.010879021,0.0034478642,0.007431157,-2.0,0.5,0,1,3.0,2.0,-1.0,0.9084143,0.015940905,0.8060161,1.7335206,0.76720923,0.838982,12.775662,0.22135134041309357,0.27517229318618774,0.2003406286239624,0.7786486595869064,0.38371712,1.3498036,0.62760335,False,False,False
5,cycle44_subj05_margin_low_1sess_150ep,764,55680,0.050620805,0.050133754,403,0.0004870519,1.0,1.0,1.0,1.0,0.001120396,-0.0023987368,0.0035191327,-1.0,0.2857142857142857,0,1,1.0,1.0,0.0,0.9008144,0.013484776,0.8445803,1.7325832,0.8307906,0.8399777,12.679854,0.22135134041309357,0.27517229318618774,0.2003406286239624,0.7786486595869064,0.3835096,1.3490735,0.65763134,False,False,False
5,cycle44_subj05_margin_low_1sess_150ep,765,55857,0.060316086,0.043627933,461,0.016688153,1.0,1.0,1.0,1.0,0.0013880953,-0.0013345629,0.0027226582,0.0,0.0,0,0,1.0,1.0,0.0,0.8886641,0.042293787,0.79093313,1.7384576,0.82266015,0.84107995,12.768509,0.22135134041309357,0.27517229318618774,0.2003406286239624,0.7786486595869064,0.3848099,1.3536477,0.61585903,False,False,False
5,cycle44_subj05_margin_low_1sess_150ep,766,55933,0.04710995,0.04309183,493,0.0040181205,1.0,1.0,1.0,1.0,0.0070444383,0.002748914,0.004295524,-1.0,0.25,0,1,2.0,1.0,-1.0,0.7935101,0.005493641,0.7508226,1.749303,0.8007672,0.8446692,12.7899275,0.22135134041309357,0.27517229318618774,0.2003406286239624,0.7786486595869064,0.38721055,1.3620925,0.58462703,False,False,False
5,cycle44_subj05_margin_low_1sess_150ep,767,55968,0.04825811,0.05783504,814,-0.009576928,3.0,0.4545454545454545,1.818181818181818,2.0,-0.0022911578,0.0011708923,-0.00346205,1.0,-0.0909090909090908,0,0,1.0,1.0,0.0,0.79914856,0.0005136132,0.75458705,1.7337034,0.81876683,0.83885574,12.774017,0.22135134041309357,0.27517229318618774,0.2003406286239624,0.7786486595869064,0.38375756,1.3499458,0.5875582,False,False,False
5,cycle44_subj05_margin_low_1sess_150ep,768,55969,0.037359424,0.045005348,446,-0.0076459236,3.0,0.4,1.7,2.0,0.0074689947,0.00057010725,0.0068988875,-5.0,0.2,0,0,11.0,2.0,-9.0,0.8819025,0.008391559,0.8666313,1.7341081,0.8645751,0.8390094,12.78969,0.22135134041309357,0.27517229318618774,0.2003406286239624,0.7786486595869064,0.38384715,1.350261,0.67480135,False,False,False
5,cycle44_subj05_margin_low_1sess_150ep,769,56042,0.05690118,0.041618746,624,0.0152824335,1.0,1.0,1.0,1.0,0.010613866,0.0072276965,0.0033861697,0.0,0.0,0,0,1.0,1.0,0.0,0.9214024,0.013452947,0.8887663,1.7417543,0.80151653,0.8414212,12.825476,0.22135134041309357,0.27517229318618774,0.2003406286239624,0.7786486595869064,0.38553965,1.3562146,0.6920367,False,False,False
5,cycle44_subj05_margin_low_1sess_150ep,770,56066,0.051836826,0.04490835,203,0.0069284774,1.0,1.0,1.0,1.0,0.0033595078,0.004693128,-0.0013336204,0.0,0.0,0,0,2.0,1.0,-1.0,0.8684126,0.066210985,0.79751164,1.7386391,0.83663094,0.84107333,12.79878,0.22135134041309357,0.27517229318618774,0.2003406286239624,0.7786486595869064,0.38485008,1.3537891,0.6209814,False,False,False
5,cycle44_subj05_margin_low_1sess_150ep,771,56126,0.019480469,0.05075224,86,-0.03127177,152.0,0.0,46.5,47.0,0.0029377565,0.003033787,-9.602867e-05,0.0,0.0,0,0,22.0,10.0,-12.0,0.8357397,0.00043576956,0.8186976,1.74206,0.799046,0.8404491,12.79832,0.22135134041309357,0.27517229318618774,0.2003406286239624,0.7786486595869064,0.3856073,1.3564527,0.63747776,False,False,False
5,cycle44_subj05_margin_low_1sess_150ep,772,56154,0.055891942,0.04730597,871,0.008585971,1.0,1.0,1.0,1.0,0.007298179,0.0011329241,0.006165255,0.0,0.0,0,0,1.0,1.0,0.0,0.8783945,0.047047377,0.8059742,1.7436563,0.8074815,0.84270287,12.77901,0.22135134041309357,0.27517229318618774,0.2003406286239624,0.7786486595869064,0.38596067,1.3576957,0.62757075,False,False,False
5,cycle44_subj05_margin_low_1sess_150ep,773,56269,0.046504427,0.040702228,256,0.0058021992,1.0,1.0,1.0,1.0,0.0024553426,0.004426658,-0.0019713156,0.0,0.0,0,0,2.0,1.0,-1.0,0.90141886,0.0055400133,0.8870796,1.7332025,0.8447815,0.8393821,12.828053,0.22135134041309357,0.27517229318618774,0.2003406286239624,0.7786486595869064,0.3836467,1.3495559,0.69072336,False,False,False
5,cycle44_subj05_margin_low_1sess_150ep,774,56290,0.048546433,0.053533416,183,-0.004986983,3.0,0.375,1.875,2.0,-0.0023272224,-0.00028037652,-0.0020468459,1.0,-0.125,0,0,1.0,1.0,0.0,0.8089486,0.011175036,0.74992305,1.7384968,0.7639519,0.84199816,12.824215,0.22135134041309357,0.27517229318618774,0.2003406286239624,0.7786486595869064,0.38481858,1.3536782,0.5839266,False,False,False
5,cycle44_subj05_margin_low_1sess_150ep,775,56314,0.022584086,0.04938099,403,-0.026796905,112.0,0.0,36.71428571428572,36.0,-0.00077592954,0.0019021593,-0.0026780888,17.0,0.0,0,0,99.0,121.0,22.0,0.87017083,0.010547578,0.8547899,1.7376491,0.8173505,0.84115064,12.738073,0.22135134041309357,0.27517229318618774,0.2003406286239624,0.7786486595869064,0.38463095,1.3530182,0.66558105,False,False,False
5,cycle44_subj05_margin_low_1sess_150ep,776,56418,0.040191002,0.03953381,468,0.00065719336,1.0,1.0,1.0,1.0,0.0032982305,0.005682938,-0.0023847073,0.0,0.0,0,0,1.0,1.0,0.0,0.89282167,0.011560142,0.86335564,1.7368642,0.8381683,0.8402913,12.8175125,0.22135134041309357,0.27517229318618774,0.2003406286239624,0.7786486595869064,0.38445723,1.352407,0.67225075,False,False,False
5,cycle44_subj05_margin_low_1sess_150ep,777,56454,0.052166518,0.047519874,159,0.004646644,1.0,1.0,1.0,1.0,0.0046148375,0.0032572225,0.001357615,0.0,0.0,0,0,11.0,6.0,-5.0,0.84005314,0.007376969,0.8107975,1.7394159,0.8179262,0.8407974,12.7936125,0.22135134041309357,0.27517229318618774,0.2003406286239624,0.7786486595869064,0.38502204,1.3543938,0.63132644,False,False,False
5,cycle44_subj05_margin_low_1sess_150ep,778,56471,0.048732255,0.04698977,5,0.0017424859,1.0,1.0,1.0,1.0,-0.0011061281,-0.0010269545,-7.9173595e-05,0.0,0.0,0,0,6.0,6.0,0.0,0.85759336,0.024342895,0.80518275,1.7382321,0.82612836,0.84149134,12.682521,0.22135134041309357,0.27517229318618774,0.2003406286239624,0.7786486595869064,0.38476002,1.3534721,0.6269545,False,False,False
5,cycle44_subj05_margin_low_1sess_150ep,779,56670,0.034687225,0.05020728,827,-0.015520055,8.0,0.0,3.230769230769231,3.0,-3.489107e-05,0.0057823732,-0.0058172643,4.0,-0.3846153846153846,0,0,3.0,3.0,0.0,0.8558565,0.017722547,0.7996242,1.7332156,0.82746065,0.83893394,12.783582,0.22135134041309357,0.27517229318618774,0.2003406286239624,0.7786486595869064,0.3836496,1.349566,0.6226263,False,False,False
5,cycle44_subj05_margin_low_1sess_150ep,780,56681,0.0255696,0.036966328,142,-0.011396728,14.0,0.0,5.125,5.0,-0.0038871616,0.0028274842,-0.006714646,9.0,-0.375,0,0,16.0,27.0,11.0,0.85759336,0.018712938,0.82291204,1.7416902,0.85315263,0.8416541,12.740522,0.22135134041309357,0.27517229318618774,0.2003406286239624,0.7786486595869064,0.38552547,1.3561647,0.64075935,False,False,False
5,cycle44_subj05_margin_low_1sess_150ep,781,56695,0.045685038,0.043516636,777,0.002168402,1.0,1.0,1.0,1.0,-0.0005807094,-0.004801087,0.0042203777,-1.0,0.25,0,1,1.0,1.0,0.0,0.80974,0.007344842,0.7867647,1.7356853,0.8279934,0.8413763,12.799196,0.22135134041309357,0.27517229318618774,0.2003406286239624,0.7786486595869064,0.38419628,1.3514891,0.61261326,False,False,False
5,cycle44_subj05_margin_low_1sess_150ep,782,56723,0.033916403,0.046247225,306,-0.012330823,25.0,0.0,9.0,9.0,-0.0049202032,-0.006886918,0.0019667149,12.0,0.0,0,0,2.0,2.0,0.0,0.8584413,0.0006517768,0.8398205,1.7393057,0.8157446,0.84096026,12.827632,0.22135134041309357,0.27517229318618774,0.2003406286239624,0.7786486595869064,0.38499767,1.3543081,0.6539251,False,False,False
5,cycle44_subj05_margin_low_1sess_150ep,783,56751,0.034716055,0.046935737,172,-0.012219682,21.0,0.0,8.090909090909092,7.0,0.00096544623,-0.0053360015,0.0063014477,-7.0,0.0,0,0,6.0,8.0,2.0,0.9093636,0.012952745,0.87680805,1.739509,0.84271747,0.84047157,12.787268,0.22135134041309357,0.27517229318618774,0.2003406286239624,0.7786486595869064,0.38504264,1.3544663,0.6827254,False,False,False
5,cycle44_subj05_margin_low_1sess_150ep,784,56782,0.04404417,0.04736866,327,-0.00332449,2.0,0.8461538461538461,1.1538461538461535,1.0,0.0072068907,0.0025213696,0.004685521,-3.0,0.6153846153846154,0,0,7.0,5.0,-2.0,0.82426655,0.0012117624,0.8063731,1.7367972,0.84757274,0.84071344,12.824537,0.22135134041309357,0.27517229318618774,0.2003406286239624,0.7786486595869064,0.3844424,1.3523549,0.62788135,False,False,False
5,cycle44_subj05_margin_low_1sess_150ep,785,56784,0.039321784,0.051844437,743,-0.012522653,17.0,0.0,7.0,8.0,0.0051308237,0.00077391043,0.0043569133,-6.0,0.0,0,0,1.0,1.0,0.0,0.8745185,0.009674966,0.8345059,1.7327206,0.84263766,0.8398851,12.756715,0.22135134041309357,0.27517229318618774,0.2003406286239624,0.7786486595869064,0.38354003,1.3491806,0.64978695,False,False,False
5,cycle44_subj05_margin_low_1sess_150ep,786,56850,0.040437736,0.042129997,588,-0.0016922615,2.0,0.4,1.6,2.0,0.0014742352,0.00503568,-0.0035614446,1.0,-0.6,1,0,1.0,2.0,1.0,0.895286,0.0034701228,0.8681197,1.7231828,0.8715335,0.8369074,12.742944,0.22135134041309357,0.27517229318618774,0.2003406286239624,0.7786486595869064,0.3814288,1.341754,0.67596024,False,False,False
5,cycle44_subj05_margin_low_1sess_150ep,787,56867,0.05228043,0.05097841,426,0.0013020188,1.0,1.0,1.0,1.0,0.0056124814,0.0075025335,-0.0018900521,0.0,0.0,0,0,1.0,1.0,0.0,0.9283539,0.0015940666,0.91963756,1.729958,0.82778883,0.8382216,12.798284,0.22135134041309357,0.27517229318618774,0.2003406286239624,0.7786486595869064,0.38292852,1.3470296,0.7160746,False,False,False
5,cycle44_subj05_margin_low_1sess_150ep,788,56911,0.04620142,0.042379357,78,0.0038220622,1.0,1.0,1.0,1.0,0.006778449,-0.000795342,0.007573791,-6.0,1.0,0,1,1.0,1.0,0.0,0.77845055,0.003204167,0.77048945,1.7445787,0.80613726,0.8426726,12.867132,0.22135134041309357,0.27517229318618774,0.2003406286239624,0.7786486595869064,0.38616484,1.3584139,0.5999406,False,False,False
5,cycle44_subj05_margin_low_1sess_150ep,789,56948,0.051921204,0.049494542,606,0.0024266616,1.0,1.0,1.0,1.0,0.0012477599,0.0040779375,-0.0028301775,0.0,0.0,0,0,1.0,1.0,0.0,0.86423886,0.023144245,0.8261083,1.7318575,0.84453714,0.838683,12.751795,0.22135134041309357,0.27517229318618774,0.2003406286239624,0.7786486595869064,0.383349,1.3485086,0.64324814,False,False,False
5,cycle44_subj05_margin_low_1sess_150ep,790,57046,0.041668106,0.043880157,925,-0.0022120513,2.0,0.6666666666666666,1.3333333333333333,1.0,0.0034896135,0.009214107,-0.0057244934,1.0,-0.3333333333333333,1,0,1.0,1.0,0.0,0.8990398,0.0068538785,0.8784755,1.7267424,0.8421316,0.8374144,12.74535,0.22135134041309357,0.27517229318618774,0.2003406286239624,0.7786486595869064,0.38221675,1.3445257,0.6840238,False,False,False
5,cycle44_subj05_margin_low_1sess_150ep,791,57060,0.039867803,0.047420062,36,-0.0075522587,2.0,0.8,1.2,1.0,0.00013997778,0.0040860623,-0.0039460845,0.0,0.0,0,0,2.0,8.0,6.0,0.8346515,0.0035467744,0.7908863,1.7448406,0.80248106,0.8426371,12.730709,0.22135134041309357,0.27517229318618774,0.2003406286239624,0.7786486595869064,0.3862228,1.3586178,0.61582255,False,False,False
5,cycle44_subj05_margin_low_1sess_150ep,792,57435,0.041616436,0.042801104,440,-0.0011846684,3.0,0.0,2.25,2.0,0.006761737,0.004714787,0.0020469502,-1.0,-0.25,0,0,1.0,1.0,0.0,0.85896677,0.0013448,0.8383981,1.7324817,0.8261273,0.8388924,12.760714,0.22135134041309357,0.27517229318618774,0.2003406286239624,0.7786486595869064,0.38348716,1.3489946,0.65281755,False,False,False
5,cycle44_subj05_margin_low_1sess_150ep,793,57443,0.06594165,0.051930178,221,0.014011469,1.0,1.0,1.0,1.0,0.002824068,0.0045240074,-0.0016999394,0.0,0.0,0,0,1.0,1.0,0.0,0.7513756,0.003735721,0.72103894,1.7381728,0.73556155,0.84207314,12.611605,0.22135134041309357,0.27517229318618774,0.2003406286239624,0.7786486595869064,0.38474688,1.353426,0.561436,False,False,False
5,cycle44_subj05_margin_low_1sess_150ep,794,57478,0.055989332,0.041177377,471,0.014811955,1.0,1.0,1.0,1.0,0.0010499693,0.00066246465,0.0003875047,0.0,0.0,0,0,1.0,1.0,0.0,0.9324088,0.0023601651,0.9132246,1.7302549,0.8188028,0.8379285,12.827642,0.22135134041309357,0.27517229318618774,0.2003406286239624,0.7786486595869064,0.38299423,1.3472607,0.7110811,False,False,False
5,cycle44_subj05_margin_low_1sess_150ep,795,57542,0.04170946,0.056599613,763,-0.014890153,8.0,0.0,2.4285714285714284,2.0,0.006316535,0.00822394,-0.0019074045,-11.0,0.0,0,0,1.0,1.0,0.0,0.87545717,0.0033777952,0.8074969,1.7389947,0.78775203,0.8405266,12.760671,0.22135134041309357,0.27517229318618774,0.2003406286239624,0.7786486595869064,0.38492882,1.3540659,0.6287564,False,False,False
5,cycle44_subj05_margin_low_1sess_150ep,796,57553,0.035594553,0.04724924,78,-0.011654686,15.0,0.0,5.444444444444445,5.0,0.0045342427,0.006578658,-0.002044415,-3.0,0.0,0,0,12.0,12.0,0.0,0.830336,0.0019720197,0.81417686,1.7275615,0.8463511,0.83722675,12.714176,0.22135134041309357,0.27517229318618774,0.2003406286239624,0.7786486595869064,0.38239804,1.3451635,0.63395774,False,False,False
5,cycle44_subj05_margin_low_1sess_150ep,797,57648,0.025542898,0.053101398,163,-0.0275585,91.0,0.0,29.625,30.0,-0.0022825468,0.003495723,-0.00577827,36.0,0.0,0,0,1.0,3.0,2.0,0.88464475,0.023635328,0.8468696,1.7310526,0.838126,0.8380247,12.776643,0.22135134041309357,0.27517229318618774,0.2003406286239624,0.7786486595869064,0.3831708,1.3478818,0.6594139,False,False,False
5,cycle44_subj05_margin_low_1sess_150ep,798,57650,0.045499172,0.051610883,172,-0.0061117113,3.0,0.625,1.5,1.0,0.0008550249,0.0024479963,-0.0015929714,0.0,0.0,0,0,1.0,1.0,0.0,0.91402185,0.013141096,0.8904902,1.7264788,0.8819756,0.837796,12.712339,0.22135134041309357,0.27517229318618774,0.2003406286239624,0.7786486595869064,0.3821584,1.3443204,0.693379,False,False,False
5,cycle44_subj05_margin_low_1sess_150ep,799,57681,0.05253689,0.05094222,954,0.0015946701,1.0,1.0,1.0,1.0,0.00935711,-0.0012786537,0.010635763,-1.0,0.625,0,1,1.0,1.0,0.0,0.8413629,0.0046848655,0.81910276,1.7314656,0.8591179,0.8391114,12.714976,0.22135134041309357,0.27517229318618774,0.2003406286239624,0.7786486595869064,0.38326222,1.3482034,0.6377933,False,False,False
5,cycle44_subj05_margin_low_1sess_150ep,800,57822,0.051871866,0.041079126,370,0.01079274,1.0,1.0,1.0,1.0,-0.0021144897,0.0022312813,-0.004345771,0.0,0.0,0,0,1.0,1.0,0.0,0.8232845,0.016362011,0.77085334,1.7408955,0.80154943,0.8410685,12.764676,0.22135134041309357,0.27517229318618774,0.2003406286239624,0.7786486595869064,0.38534954,1.355546,0.60022396,False,False,False
5,cycle44_subj05_margin_low_1sess_150ep,801,57838,0.059158146,0.042740148,161,0.016417999,1.0,1.0,1.0,1.0,-0.0022786446,-0.0009181462,-0.0013604984,0.0,0.0,0,0,1.0,1.0,0.0,0.84643793,0.028675258,0.8101696,1.7330229,0.818213,0.8395387,12.731676,0.22135134041309357,0.27517229318618774,0.2003406286239624,0.7786486595869064,0.38360694,1.349416,0.63083744,False,False,False
5,cycle44_subj05_margin_low_1sess_150ep,802,57906,0.040874653,0.051856026,680,-0.0109813735,6.0,0.1,3.0,3.0,0.0002069138,0.0056224614,-0.0054155476,3.0,-0.3,0,0,1.0,1.0,0.0,0.9407382,0.022003293,0.9096054,1.7429357,0.83138514,0.8414808,12.817483,0.22135134041309357,0.27517229318618774,0.2003406286239624,0.7786486595869064,0.38580114,1.3571346,0.70826304,False,False,False
5,cycle44_subj05_margin_low_1sess_150ep,803,58096,0.054487087,0.04898642,637,0.005500667,1.0,1.0,1.0,1.0,0.006796494,0.0010619722,0.005734522,-1.0,0.2222222222222222,0,1,1.0,1.0,0.0,0.90421575,0.092680514,0.8043814,1.7407677,0.7906497,0.8415976,12.76723,0.22135134041309357,0.27517229318618774,0.2003406286239624,0.7786486595869064,0.38532126,1.3554465,0.6263305,False,False,False
5,cycle44_subj05_margin_low_1sess_150ep,804,58144,0.04076441,0.027462564,800,0.013301846,1.0,1.0,1.0,1.0,0.0068892837,-0.0030285213,0.009917805,0.0,0.0,0,0,1.0,1.0,0.0,0.84479946,0.021694243,0.8009466,1.7384374,0.837425,0.8404471,12.736403,0.22135134041309357,0.27517229318618774,0.2003406286239624,0.7786486595869064,0.38480544,1.353632,0.623656,False,False,False
5,cycle44_subj05_margin_low_1sess_150ep,805,58164,0.051832505,0.044728786,534,0.007103719,1.0,1.0,1.0,1.0,0.003708329,-9.889901e-05,0.003807228,0.0,0.0,0,0,2.0,2.0,0.0,0.7947449,0.0013139844,0.7811577,1.7479628,0.8194882,0.84367377,12.800629,0.22135134041309357,0.27517229318618774,0.2003406286239624,0.7786486595869064,0.38691393,1.3610489,0.6082474,False,False,False
5,cycle44_subj05_margin_low_1sess_150ep,806,58187,0.05235824,0.051811203,524,0.0005470365,1.0,1.0,1.0,1.0,0.00021224096,0.00430106,-0.004088819,0.0,0.0,0,0,1.0,1.0,0.0,0.8742903,0.026948929,0.82232934,1.7352061,0.8747518,0.83909905,12.746702,0.22135134041309357,0.27517229318618774,0.2003406286239624,0.7786486595869064,0.38409021,1.351116,0.64030564,False,False,False
5,cycle44_subj05_margin_low_1sess_150ep,807,58404,0.04229086,0.04152063,954,0.00077022985,1.0,1.0,1.0,1.0,0.0016443096,0.00030549616,0.0013388135,-2.0,0.4,0,1,1.0,1.0,0.0,0.9027772,0.004322827,0.88948125,1.7333107,0.8726059,0.8403803,12.753527,0.22135134041309357,0.27517229318618774,0.2003406286239624,0.7786486595869064,0.38367066,1.3496401,0.6925934,False,False,False
5,cycle44_subj05_margin_low_1sess_150ep,808,58668,0.039705243,0.044124395,48,-0.0044191517,3.0,0.3571428571428571,1.6428571428571428,2.0,-0.0047735684,-0.003353458,-0.0014201105,1.0,-0.2857142857142857,0,0,1.0,1.0,0.0,0.83294594,0.0145689845,0.7996087,1.7464751,0.7903387,0.8430137,12.884843,0.22135134041309357,0.27517229318618774,0.2003406286239624,0.7786486595869064,0.3865846,1.3598906,0.62261426,False,False,False
5,cycle44_subj05_margin_low_1sess_150ep,809,58681,0.04731123,0.03981924,147,0.007491991,1.0,1.0,1.0,1.0,-0.0045084246,-0.0036485866,-0.000859838,0.0,0.0,0,0,1.0,1.0,0.0,0.7966303,0.027922273,0.75941956,1.731135,0.81223845,0.83948207,12.817156,0.22135134041309357,0.27517229318618774,0.2003406286239624,0.7786486595869064,0.38318905,1.3479459,0.59132105,False,False,False
5,cycle44_subj05_margin_low_1sess_150ep,810,59023,0.03763847,0.0456493,680,-0.008010831,17.0,0.0,6.0,6.0,-0.00048180297,0.0042458735,-0.0047276765,12.0,-0.1111111111111111,0,0,4.0,4.0,0.0,0.7761635,0.0052779913,0.7606505,1.7472681,0.79621136,0.8430971,12.778586,0.22135134041309357,0.27517229318618774,0.2003406286239624,0.7786486595869064,0.38676015,1.360508,0.5922795,False,False,False
5,cycle44_subj05_margin_low_1sess_150ep,811,59039,0.042227253,0.049432218,523,-0.0072049648,3.0,0.7,1.4,1.0,0.0021816045,-0.00040211529,0.0025837198,0.0,0.0,0,0,5.0,1.0,-4.0,0.94039524,0.009962678,0.9128812,1.7354115,0.8550636,0.8397176,12.776302,0.22135134041309357,0.27517229318618774,0.2003406286239624,0.7786486595869064,0.38413566,1.3512759,0.71081376,False,False,False
5,cycle44_subj05_margin_low_1sess_150ep,812,59046,0.027852641,0.041451488,805,-0.013598846,50.0,0.0,14.181818181818182,14.0,-0.0025401507,-0.0030695759,0.0005294252,31.0,0.0,0,0,25.0,29.0,4.0,0.8426004,0.0098333955,0.8130411,1.7439835,0.81363726,0.84099185,12.8475895,0.22135134041309357,0.27517229318618774,0.2003406286239624,0.7786486595869064,0.3860331,1.3579504,0.6330734,False,False,False
5,cycle44_subj05_margin_low_1sess_150ep,813,59079,0.045755047,0.046152174,522,-0.00039712712,2.0,0.6666666666666666,1.3333333333333333,1.0,0.0006695278,0.0055780597,-0.004908532,1.0,-0.3333333333333333,1,0,1.0,1.0,0.0,0.79637444,0.02177018,0.77213115,1.7411792,0.82288677,0.84211826,12.843891,0.22135134041309357,0.27517229318618774,0.2003406286239624,0.7786486595869064,0.38541237,1.3557669,0.6012189,False,False,False
5,cycle44_subj05_margin_low_1sess_150ep,814,59091,0.050125357,0.048116963,246,0.0020083934,1.0,1.0,1.0,1.0,-0.005271204,0.0010349713,-0.006306175,0.0,0.0,0,0,3.0,5.0,2.0,0.78650343,0.020095646,0.746022,1.7402982,0.76748323,0.84064955,12.756069,0.22135134041309357,0.27517229318618774,0.2003406286239624,0.7786486595869064,0.38521734,1.3550808,0.58088905,False,False,False
5,cycle44_subj05_margin_low_1sess_150ep,815,59194,0.04967857,0.04492132,149,0.0047572516,1.0,1.0,1.0,1.0,0.0022106022,0.0010852851,0.0011253171,0.0,0.0,0,0,1.0,1.0,0.0,0.91703314,0.01442498,0.8842784,1.7313718,0.88488936,0.83815044,12.79294,0.22135134041309357,0.27517229318618774,0.2003406286239624,0.7786486595869064,0.38324147,1.3481303,0.6885422,False,False,False
5,cycle44_subj05_margin_low_1sess_150ep,816,59284,0.036199693,0.05451654,21,-0.018316846,3.0,0.2142857142857142,1.7857142857142858,2.0,0.008625412,0.005590655,0.0030347575,-11.0,0.1428571428571428,0,0,3.0,1.0,-2.0,0.81839794,0.020910561,0.7702304,1.7443436,0.8090917,0.8422804,12.792329,0.22135134041309357,0.27517229318618774,0.2003406286239624,0.7786486595869064,0.3861128,1.3582308,0.5997389,False,False,False
5,cycle44_subj05_margin_low_1sess_150ep,817,59419,0.038224626,0.04847736,191,-0.010252733,9.0,0.0,3.142857142857143,3.0,0.0035631694,-0.0011752583,0.0047384277,-1.0,0.0,0,0,2.0,1.0,-1.0,0.88542557,0.006277323,0.8676297,1.7285625,0.8290273,0.8375473,12.807362,0.22135134041309357,0.27517229318618774,0.2003406286239624,0.7786486595869064,0.38261962,1.3459429,0.6755787,False,False,False
5,cycle44_subj05_margin_low_1sess_150ep,818,59420,0.044230558,0.03908205,487,0.0051485077,1.0,1.0,1.0,1.0,0.003966354,0.003336519,0.00062983483,0.0,0.0,0,0,5.0,3.0,-2.0,0.9041203,0.0048362017,0.8740717,1.7341008,0.8184918,0.8394476,12.820051,0.22135134041309357,0.27517229318618774,0.2003406286239624,0.7786486595869064,0.38384554,1.3502553,0.6805948,False,False,False
5,cycle44_subj05_margin_low_1sess_150ep,819,59585,0.04066559,0.046220575,322,-0.0055549853,9.0,0.125,3.0,3.0,-0.001382079,0.0040084496,-0.0053905286,7.0,-0.25,0,0,1.0,1.0,0.0,0.8748341,0.01497072,0.8432137,1.7381167,0.8493685,0.8409876,12.683546,0.22135134041309357,0.27517229318618774,0.2003406286239624,0.7786486595869064,0.38473448,1.3533823,0.6565672,False,False,False
5,cycle44_subj05_margin_low_1sess_150ep,820,59595,0.043911573,0.041700497,522,0.0022110753,1.0,1.0,1.0,1.0,-0.0036374629,0.00010635704,-0.00374382,0.0,0.0,0,0,1.0,1.0,0.0,0.8114172,0.0026592612,0.7972022,1.7339584,0.8369702,0.8400491,12.787584,0.22135134041309357,0.27517229318618774,0.2003406286239624,0.7786486595869064,0.383814,1.3501444,0.6207405,False,False,False
5,cycle44_subj05_margin_low_1sess_150ep,821,59631,0.05152888,0.04746783,90,0.004061047,1.0,1.0,1.0,1.0,0.004180532,0.0011844411,0.0029960908,0.0,0.0,0,0,1.0,1.0,0.0,0.91054547,0.006165743,0.8931664,1.741656,0.83588827,0.84205943,12.841053,0.22135134041309357,0.27517229318618774,0.2003406286239624,0.7786486595869064,0.38551787,1.3561381,0.6954628,False,False,False
5,cycle44_subj05_margin_low_1sess_150ep,822,59699,0.03494276,0.04455301,21,-0.009610251,6.0,0.0769230769230769,2.6153846153846154,2.0,0.0020776019,0.005103413,-0.0030258112,2.0,-0.2307692307692307,0,0,6.0,9.0,3.0,0.90943563,0.018709362,0.8607459,1.7347318,0.86032987,0.83895564,12.764478,0.22135134041309357,0.27517229318618774,0.2003406286239624,0.7786486595869064,0.38398522,1.3507466,0.67021865,False,False,False
5,cycle44_subj05_margin_low_1sess_150ep,823,59817,0.03472385,0.043683514,468,-0.008959662,16.0,0.0,5.5,5.5,0.0010182299,-0.0011617094,0.0021799393,-1.0,0.0,0,0,4.0,3.0,-1.0,0.8584302,0.0049269795,0.82209074,1.7370765,0.8032943,0.8401963,12.822351,0.22135134041309357,0.27517229318618774,0.2003406286239624,0.7786486595869064,0.38450423,1.3525723,0.64011985,False,False,False
5,cycle44_subj05_margin_low_1sess_150ep,824,59994,0.0328977,0.05125423,414,-0.018356532,50.0,0.0,16.1,16.0,0.007272303,0.0024561062,0.004816197,-46.0,0.0,0,0,10.0,4.0,-6.0,0.82455045,0.011081159,0.8058897,1.7386692,0.8569336,0.8420028,12.807724,0.22135134041309357,0.27517229318618774,0.2003406286239624,0.7786486595869064,0.38485676,1.3538125,0.62750494,False,False,False
5,cycle44_subj05_margin_low_1sess_150ep,825,60094,0.044058803,0.044206295,167,-0.0001474917,2.0,0.7,1.3,1.0,0.003758721,0.0020179898,0.0017407313,0.0,0.0,0,0,1.0,1.0,0.0,0.8315838,0.0025186539,0.8044077,1.7334794,0.8162331,0.8394991,12.74837,0.22135134041309357,0.27517229318618774,0.2003406286239624,0.7786486595869064,0.38370797,1.3497714,0.626351,False,False,False
5,cycle44_subj05_margin_low_1sess_150ep,826,60119,0.036602084,0.042259134,828,-0.0056570508,8.0,0.0,3.727272727272727,4.0,0.006397471,0.0048431978,0.0015542731,-3.0,0.0,0,0,5.0,4.0,-1.0,0.8457248,0.0039191246,0.7916386,1.7454861,0.810248,0.842068,12.82449,0.22135134041309357,0.27517229318618774,0.2003406286239624,0.7786486595869064,0.3863657,1.3591205,0.61640835,False,False,False
5,cycle44_subj05_margin_low_1sess_150ep,827,60186,0.05152239,0.041181754,127,0.010340635,1.0,1.0,1.0,1.0,0.002020523,-0.0022399016,0.0042604245,0.0,0.0,0,0,3.0,5.0,2.0,0.8549769,0.027376056,0.8183549,1.7302202,0.85804266,0.8376184,12.804125,0.22135134041309357,0.27517229318618774,0.2003406286239624,0.7786486595869064,0.38298655,1.3472337,0.63721097,False,False,False
5,cycle44_subj05_margin_low_1sess_150ep,828,60251,0.061532803,0.03788022,951,0.023652583,1.0,1.0,1.0,1.0,0.0046670362,0.0020589195,0.0026081167,0.0,0.0,0,0,1.0,1.0,0.0,0.8153811,0.014729738,0.78597546,1.7449932,0.82003,0.842232,12.771664,0.22135134041309357,0.27517229318618774,0.2003406286239624,0.7786486595869064,0.38625658,1.3587366,0.61199874,False,False,False
5,cycle44_subj05_margin_low_1sess_150ep,829,60305,0.047884353,0.04066706,339,0.0072172917,1.0,1.0,1.0,1.0,0.0010987893,-0.00022007152,0.0013188608,0.0,0.0,0,0,1.0,1.0,0.0,0.8596146,0.0046671033,0.8365442,1.7283019,0.797066,0.83816123,12.70876,0.22135134041309357,0.27517229318618774,0.2003406286239624,0.7786486595869064,0.38256195,1.34574,0.65137404,False,False,False
5,cycle44_subj05_margin_low_1sess_150ep,830,60456,0.028817274,0.037349813,125,-0.008532539,7.0,0.0,2.875,2.5,-0.0034244768,0.000106241554,-0.0035307184,3.0,-0.125,0,0,29.0,50.0,21.0,0.9058934,0.036569297,0.85750616,1.7339287,0.8551066,0.8394196,12.786455,0.22135134041309357,0.27517229318618774,0.2003406286239624,0.7786486595869064,0.38380745,1.3501213,0.66769606,False,False,False
5,cycle44_subj05_margin_low_1sess_150ep,831,60505,0.038818378,0.04367471,486,-0.004856333,3.0,0.5,1.7,1.5,0.0011703782,0.0021555647,-0.0009851865,1.0,-0.1999999999999999,0,0,1.0,1.0,0.0,0.8278008,0.01668942,0.7818988,1.7338487,0.8203479,0.83905566,12.783178,0.22135134041309357,0.27517229318618774,0.2003406286239624,0.7786486595869064,0.38378972,1.350059,0.60882443,False,False,False
5,cycle44_subj05_margin_low_1sess_150ep,832,60519,0.041259024,0.04870196,504,-0.0074429363,7.0,0.0833333333333333,3.0,3.0,0.005289931,0.0012092441,0.0040806867,-3.0,0.0833333333333333,0,0,1.0,1.0,0.0,0.9039488,0.017382085,0.86285365,1.7439469,0.78221595,0.8416249,12.7509985,0.22135134041309357,0.27517229318618774,0.2003406286239624,0.7786486595869064,0.38602498,1.357922,0.67185986,False,False,False
5,cycle44_subj05_margin_low_1sess_150ep,833,60553,0.020117948,0.03736024,405,-0.017242292,22.0,0.0,8.0,8.0,-0.0011611413,0.0027646422,-0.0039257836,7.0,0.0,0,0,25.0,34.0,9.0,0.8563092,0.0087172985,0.8177608,1.7318273,0.8407863,0.8384416,12.743187,0.22135134041309357,0.27517229318618774,0.2003406286239624,0.7786486595869064,0.3833423,1.348485,0.6367484,False,False,False
5,cycle44_subj05_margin_low_1sess_150ep,834,60725,0.037510466,0.04114618,118,-0.0036357157,4.0,0.1818181818181818,1.9090909090909087,2.0,0.0069022346,0.0042114705,0.0026907641,-2.0,0.1818181818181818,0,0,5.0,6.0,1.0,0.8206178,0.022844255,0.77633995,1.7354451,0.8191715,0.8411401,12.812514,0.22135134041309357,0.27517229318618774,0.2003406286239624,0.7786486595869064,0.3841431,1.351302,0.60449606,False,False,False
5,cycle44_subj05_margin_low_1sess_150ep,835,60834,0.039943945,0.042118058,383,-0.002174113,3.0,0.3,1.8,2.0,-0.0002361685,-0.002152823,0.0019166544,1.0,-0.2,0,0,1.0,3.0,2.0,0.9152279,0.003071785,0.8898903,1.7364475,0.8228782,0.8407387,12.691699,0.22135134041309357,0.27517229318618774,0.2003406286239624,0.7786486595869064,0.38436496,1.3520825,0.6929119,False,False,False
5,cycle44_subj05_margin_low_1sess_150ep,836,60845,0.044682365,0.045598887,480,-0.000916522,2.0,0.6363636363636364,1.3636363636363635,1.0,0.003308624,0.0032500215,5.860254e-05,-2.0,0.4545454545454545,0,0,1.0,1.0,0.0,0.90299,0.0067599416,0.87326443,1.7269616,0.8775653,0.83734906,12.777547,0.22135134041309357,0.27517229318618774,0.2003406286239624,0.7786486595869064,0.38226527,1.3446964,0.6799662,False,False,False
5,cycle44_subj05_margin_low_1sess_150ep,837,60867,0.037809566,0.04179152,859,-0.0039819553,3.0,0.4,1.6,2.0,-0.0021503717,-0.0024022162,0.00025184453,-1.0,0.2,0,0,1.0,3.0,2.0,0.8639126,0.05572164,0.7967802,1.7331938,0.8073653,0.83945376,12.697478,0.22135134041309357,0.27517229318618774,0.2003406286239624,0.7786486595869064,0.38364476,1.349549,0.6204119,False,False,False
5,cycle44_subj05_margin_low_1sess_150ep,838,60978,0.037796486,0.04160038,765,-0.003803894,3.0,0.2857142857142857,1.8571428571428568,2.0,-0.0028112195,0.001911182,-0.0047224015,2.0,-0.7142857142857143,1,0,1.0,1.0,0.0,0.8549875,0.010789514,0.82825196,1.7309619,0.8704261,0.8397208,12.676816,0.22135134041309357,0.27517229318618774,0.2003406286239624,0.7786486595869064,0.38315073,1.3478112,0.6449173,False,False,False
5,cycle44_subj05_margin_low_1sess_150ep,839,61122,0.044033483,0.05417689,403,-0.010143407,6.0,0.0,3.1666666666666665,3.0,-0.0017666109,0.0049402043,-0.006706815,3.0,-0.3333333333333333,0,0,1.0,1.0,0.0,0.8718095,0.03885454,0.82191133,1.7366494,0.8370414,0.8405112,12.7512245,0.22135134041309357,0.27517229318618774,0.2003406286239624,0.7786486595869064,0.38440967,1.3522397,0.6399802,False,False,False
5,cycle44_subj05_margin_low_1sess_150ep,840,61133,0.04606315,0.048718065,680,-0.0026549138,4.0,0.0,2.333333333333333,2.0,0.002230838,0.0022496283,-1.8790364e-05,2.0,-0.3333333333333333,0,0,1.0,1.0,0.0,0.86583185,0.0012235641,0.8454261,1.7361017,0.80559933,0.83987534,12.765737,0.22135134041309357,0.27517229318618774,0.2003406286239624,0.7786486595869064,0.38428846,1.3518133,0.6582899,False,False,False
5,cycle44_subj05_margin_low_1sess_150ep,841,61177,0.026109966,0.037803367,729,-0.011693401,52.0,0.0,16.625,17.0,-0.002518965,-0.0013894625,-0.0011295024,19.0,0.0,0,0,15.0,45.0,30.0,0.78160316,0.01098448,0.7574419,1.7490438,0.80619866,0.8436313,12.788383,0.22135134041309357,0.27517229318618774,0.2003406286239624,0.7786486595869064,0.3871532,1.3618907,0.5897811,False,False,False
5,cycle44_subj05_margin_low_1sess_150ep,842,61216,0.034225233,0.04205558,828,-0.007830348,15.0,0.0,5.545454545454546,5.0,0.005169181,0.0038807355,0.0012884457,-1.0,0.0,0,0,16.0,7.0,-9.0,0.8883569,0.012999177,0.86455405,1.7272111,0.88677675,0.8383075,12.769192,0.22135134041309357,0.27517229318618774,0.2003406286239624,0.7786486595869064,0.3823205,1.3448906,0.67318386,False,False,False
5,cycle44_subj05_margin_low_1sess_150ep,843,61510,0.058538042,0.04557843,754,0.012959611,1.0,1.0,1.0,1.0,0.007551968,0.0047401376,0.0028118305,0.0,0.0,0,0,2.0,1.0,-1.0,0.9182464,0.001552105,0.9118738,1.7310042,0.840531,0.83879024,12.783481,0.22135134041309357,0.27517229318618774,0.2003406286239624,0.7786486595869064,0.3831601,1.3478441,0.71002936,False,False,False
5,cycle44_subj05_margin_low_1sess_150ep,844,61513,0.048715923,0.04055572,316,0.008160204,1.0,1.0,1.0,1.0,0.0056409203,0.001692839,0.0039480813,0.0,0.0,0,0,1.0,1.0,0.0,0.90224147,0.016751587,0.86797553,1.7267169,0.8669621,0.8374399,12.747587,0.22135134041309357,0.27517229318618774,0.2003406286239624,0.7786486595869064,0.3822111,1.3445058,0.675848,False,False,False
5,cycle44_subj05_margin_low_1sess_150ep,845,61677,0.041692127,0.049781166,162,-0.0080890395,3.0,0.4,1.7333333333333334,2.0,0.0041185617,0.001163315,0.0029552467,-3.0,0.2,0,0,2.0,2.0,0.0,0.8230761,6.6280365e-05,0.7981222,1.7280481,0.8549223,0.8389264,12.813582,0.22135134041309357,0.27517229318618774,0.2003406286239624,0.7786486595869064,0.38250577,1.3455423,0.6214568,False,False,False
5,cycle44_subj05_margin_low_1sess_150ep,846,61738,0.030219004,0.0445031,805,-0.014284097,13.0,0.0909090909090909,3.4545454545454546,4.0,0.006861413,0.0071867704,-0.00032535754,-16.0,0.0909090909090909,0,0,47.0,28.0,-19.0,0.85358167,0.011777461,0.83015853,1.7350583,0.85881233,0.8385099,12.821092,0.22135134041309357,0.27517229318618774,0.2003406286239624,0.7786486595869064,0.3840575,1.3510009,0.6464018,False,False,False
5,cycle44_subj05_margin_low_1sess_150ep,847,61748,0.05885538,0.050691877,118,0.008163504,1.0,1.0,1.0,1.0,-0.0032723807,0.0066500604,-0.009922441,0.0,0.0,0,0,1.0,1.0,0.0,0.89296675,0.09474558,0.793398,1.7297809,0.8239048,0.83967245,12.760645,0.22135134041309357,0.27517229318618774,0.2003406286239624,0.7786486595869064,0.38288933,1.3468916,0.6177783,False,False,False
5,cycle44_subj05_margin_low_1sess_150ep,848,61752,0.06494212,0.042946555,862,0.021995567,1.0,1.0,1.0,1.0,0.0018091649,0.0023288243,-0.00051965937,0.0,0.0,0,0,1.0,1.0,0.0,0.8726555,0.021900177,0.82609177,1.737908,0.8300484,0.8416282,12.776367,0.22135134041309357,0.27517229318618774,0.2003406286239624,0.7786486595869064,0.38468826,1.3532197,0.64323527,False,False,False
5,cycle44_subj05_margin_low_1sess_150ep,849,61797,0.053095043,0.044959385,250,0.008135658,1.0,1.0,1.0,1.0,0.0008502975,0.002665326,-0.0018150285,0.0,0.0,0,0,1.0,1.0,0.0,0.8169265,0.0028529167,0.79894066,1.7370008,0.84432787,0.8405485,12.7449665,0.22135134041309357,0.27517229318618774,0.2003406286239624,0.7786486595869064,0.38448745,1.3525134,0.6220941,False,False,False
5,cycle44_subj05_margin_low_1sess_150ep,850,61801,0.041504033,0.050211824,651,-0.008707792,11.0,0.0,3.625,3.5,0.003773719,0.007876065,-0.0041023456,3.0,0.0,0,0,1.0,1.0,0.0,0.9051112,0.016865134,0.8762802,1.7364646,0.82503843,0.8402776,12.76117,0.22135134041309357,0.27517229318618774,0.2003406286239624,0.7786486595869064,0.38436878,1.3520958,0.6823144,False,False,False
5,cycle44_subj05_margin_low_1sess_150ep,851,61809,0.033488657,0.053000778,125,-0.01951212,11.0,0.0,5.0,5.0,0.0038878452,0.0010602213,0.0028276239,-10.0,0.0,0,0,10.0,4.0,-6.0,0.8551819,0.0021275282,0.83859473,1.741319,0.8474368,0.84178007,12.783726,0.22135134041309357,0.27517229318618774,0.2003406286239624,0.7786486595869064,0.38544327,1.3558757,0.6529707,False,False,False
5,cycle44_subj05_margin_low_1sess_150ep,852,61873,0.043555703,0.03592293,208,0.0076327734,1.0,1.0,1.0,1.0,0.0016835779,0.00040762872,0.0012759492,0.0,0.0,0,0,4.0,3.0,-1.0,0.8320666,0.01885736,0.7872733,1.7410913,0.79281014,0.84097236,12.843475,0.22135134041309357,0.27517229318618774,0.2003406286239624,0.7786486595869064,0.38539287,1.3556983,0.6130093,False,False,False
5,cycle44_subj05_margin_low_1sess_150ep,853,61972,0.062481757,0.04791902,655,0.014562737,1.0,1.0,1.0,1.0,0.0045861453,-0.00048608705,0.0050722323,0.0,0.0,0,0,1.0,1.0,0.0,0.88950133,0.0419513,0.79597014,1.7340192,0.7753115,0.83894783,12.731316,0.22135134041309357,0.27517229318618774,0.2003406286239624,0.7786486595869064,0.38382748,1.3501917,0.6197811,False,False,False
5,cycle44_subj05_margin_low_1sess_150ep,854,62006,0.033832386,0.044551574,167,-0.010719188,15.0,0.0,6.25,6.0,0.0025655665,0.0035605282,-0.0009949617,2.0,0.0,0,0,2.0,1.0,-1.0,0.79422045,0.015268087,0.765481,1.7418925,0.7986956,0.84249246,12.776269,0.22135134041309357,0.27517229318618774,0.2003406286239624,0.7786486595869064,0.38557023,1.3563223,0.5960408,False,False,False
5,cycle44_subj05_margin_low_1sess_150ep,855,62015,0.033769716,0.039680243,127,-0.005910527,7.0,0.1,2.6,3.0,0.0018191524,0.0013377815,0.00048137084,1.0,0.0,0,0,6.0,9.0,3.0,0.8852748,0.008708954,0.8555317,1.731291,0.8468071,0.83930117,12.819288,0.22135134041309357,0.27517229318618774,0.2003406286239624,0.7786486595869064,0.3832236,1.3480675,0.6661586,False,False,False
5,cycle44_subj05_margin_low_1sess_150ep,856,62209,0.06643198,0.04452316,78,0.021908816,1.0,1.0,1.0,1.0,0.006626893,0.0056793764,0.0009475164,0.0,0.0,0,0,1.0,1.0,0.0,0.82760084,0.035733044,0.78529215,1.7436637,0.8406169,0.8420602,12.799039,0.22135134041309357,0.27517229318618774,0.2003406286239624,0.7786486595869064,0.38596228,1.3577014,0.6114667,False,False,False
5,cycle44_subj05_margin_low_1sess_150ep,857,62228,0.04058083,0.04429822,856,-0.003717389,2.0,0.6666666666666666,1.3333333333333333,1.0,-0.00029843673,0.0079372,-0.008235637,1.0,-0.3333333333333333,1,0,2.0,2.0,0.0,0.82427007,0.012311459,0.7880672,1.7346706,0.8138119,0.83900195,12.783693,0.22135134041309357,0.27517229318618774,0.2003406286239624,0.7786486595869064,0.38397166,1.350699,0.6136275,False,False,False
5,cycle44_subj05_margin_low_1sess_150ep,858,62275,0.03202052,0.05241916,5,-0.02039864,21.0,0.0,8.0,7.0,-0.0037548766,0.0019692667,-0.0057241432,7.0,0.0,0,0,2.0,5.0,3.0,0.89471537,0.022072375,0.85467815,1.7351915,0.8301672,0.83946484,12.778142,0.22135134041309357,0.27517229318618774,0.2003406286239624,0.7786486595869064,0.38408697,1.3511045,0.665494,False,False,False
5,cycle44_subj05_margin_low_1sess_150ep,859,62302,0.048460867,0.045643073,159,0.0028177947,1.0,1.0,1.0,1.0,0.0008397065,0.005515013,-0.0046753064,0.0,0.0,0,0,2.0,2.0,0.0,0.84412754,0.009115398,0.8222761,1.733357,0.84370065,0.84010565,12.772731,0.22135134041309357,0.27517229318618774,0.2003406286239624,0.7786486595869064,0.38368088,1.3496761,0.6402642,False,False,False
5,cycle44_subj05_margin_low_1sess_150ep,860,62365,0.044678602,0.047592275,60,-0.0029136725,3.0,0.3333333333333333,1.6666666666666667,2.0,0.00076511875,0.0058649853,-0.0050998665,2.0,-0.6666666666666667,1,0,1.0,1.0,0.0,0.85164976,0.009028137,0.8146485,1.7434856,0.81625366,0.84265554,12.815706,0.22135134041309357,0.27517229318618774,0.2003406286239624,0.7786486595869064,0.38592288,1.3575628,0.63432497,False,False,False
5,cycle44_subj05_margin_low_1sess_150ep,861,62479,0.04504572,0.050545964,132,-0.005500246,3.0,0.4166666666666667,1.5833333333333333,2.0,0.002183143,0.003502462,-0.001319319,1.0,-0.2499999999999999,0,0,1.0,1.0,0.0,0.8667626,0.00962311,0.8312127,1.7337819,0.86132467,0.83885866,12.844837,0.22135134041309357,0.27517229318618774,0.2003406286239624,0.7786486595869064,0.38377497,1.350007,0.64722264,False,False,False
5,cycle44_subj05_margin_low_1sess_150ep,862,62544,0.0504261,0.049484532,384,0.0009415671,1.0,1.0,1.0,1.0,0.0028999895,0.005822826,-0.0029228367,0.0,0.0,0,0,2.0,2.0,0.0,0.91928154,0.0066429377,0.9087962,1.7328041,0.80393314,0.83911383,12.817007,0.22135134041309357,0.27517229318618774,0.2003406286239624,0.7786486595869064,0.3835585,1.3492455,0.70763296,False,False,False
5,cycle44_subj05_margin_low_1sess_150ep,863,62561,0.032349914,0.041136537,127,-0.008786622,38.0,0.0,14.0,13.5,0.00089344755,0.00024139881,0.00065204874,11.0,0.0,0,0,2.0,2.0,0.0,0.9130554,0.013818562,0.88868415,1.7343866,0.8491347,0.8403076,12.752628,0.22135134041309357,0.27517229318618774,0.2003406286239624,0.7786486595869064,0.38390878,1.3504778,0.69197273,False,False,False
5,cycle44_subj05_margin_low_1sess_150ep,864,62683,0.039499495,0.052517608,712,-0.013018113,11.0,0.0,4.285714285714286,4.0,0.005439922,-0.00033193827,0.0057718605,-9.0,0.0,0,0,7.0,3.0,-4.0,0.9080019,0.006050706,0.8506009,1.7354413,0.81228966,0.83955234,12.783083,0.22135134041309357,0.27517229318618774,0.2003406286239624,0.7786486595869064,0.38414225,1.351299,0.66231924,False,False,False
5,cycle44_subj05_margin_low_1sess_150ep,865,62748,0.05858002,0.04576719,2,0.012812827,1.0,1.0,1.0,1.0,0.006905757,0.0064159892,0.00048976764,0.0,0.0,0,0,1.0,1.0,0.0,0.90814155,0.016777396,0.8761422,1.7307295,0.7895076,0.83889425,12.731978,0.22135134041309357,0.27517229318618774,0.2003406286239624,0.7786486595869064,0.3830993,1.3476301,0.682207,False,False,False
5,cycle44_subj05_margin_low_1sess_150ep,866,62960,0.039587308,0.03958714,370,1.6763806e-07,1.0,1.0,1.0,1.0,-0.0025335886,0.0035726614,-0.00610625,0.0,0.0,0,0,2.0,3.0,1.0,0.88624525,0.021216393,0.8420397,1.7287586,0.8593467,0.8381048,12.720386,0.22135134041309357,0.27517229318618774,0.2003406286239624,0.7786486595869064,0.38266304,1.3460956,0.6556531,False,False,False
5,cycle44_subj05_margin_low_1sess_150ep,867,63081,0.029644748,0.045901023,543,-0.016256275,60.0,0.0,19.08333333333333,18.5,0.0031350814,0.0020121634,0.001122918,-29.0,0.0,0,0,30.0,37.0,7.0,0.81195915,0.0059636235,0.7763296,1.7426332,0.785913,0.8415267,12.79016,0.22135134041309357,0.27517229318618774,0.2003406286239624,0.7786486595869064,0.3857342,1.356899,0.604488,False,False,False
5,cycle44_subj05_margin_low_1sess_150ep,868,63182,0.040684864,0.04867228,356,-0.007987417,6.0,0.125,2.5,2.5,0.004301455,0.005411677,-0.0011102222,0.0,-0.125,0,0,1.0,1.0,0.0,0.8979267,0.0068341494,0.88476866,1.7342578,0.8552226,0.83973956,12.7589655,0.22135134041309357,0.27517229318618774,0.2003406286239624,0.7786486595869064,0.3838803,1.3503776,0.68892395,False,False,False
5,cycle44_subj05_margin_low_1sess_150ep,869,63345,0.044178996,0.058935847,460,-0.014756851,11.0,0.0,4.0,4.0,0.005504355,0.006001577,-0.00049722195,0.0,0.0,0,0,2.0,1.0,-1.0,0.8834118,0.017416477,0.8534665,1.7369981,0.8264385,0.83967865,12.807823,0.22135134041309357,0.27517229318618774,0.2003406286239624,0.7786486595869064,0.38448685,1.3525113,0.66455054,False,False,False
5,cycle44_subj05_margin_low_1sess_150ep,870,63449,0.041205574,0.05060977,674,-0.009404197,3.0,0.3333333333333333,1.6666666666666667,2.0,0.0023781285,0.0031463243,-0.00076819584,0.0,0.0,0,0,3.0,4.0,1.0,0.9126798,0.0065727234,0.8969591,1.730748,0.78139895,0.8379735,12.739331,0.22135134041309357,0.27517229318618774,0.2003406286239624,0.7786486595869064,0.3831034,1.3476447,0.69841605,False,False,False
5,cycle44_subj05_margin_low_1sess_150ep,871,63746,0.04847358,0.044416245,208,0.0040573366,1.0,1.0,1.0,1.0,0.0015496649,0.0043936633,-0.0028439984,0.0,0.0,0,0,1.0,1.0,0.0,0.7703288,0.0023771524,0.7505192,1.7355554,0.7829172,0.83969486,12.774512,0.22135134041309357,0.27517229318618774,0.2003406286239624,0.7786486595869064,0.38416752,1.351388,0.5843908,False,False,False
5,cycle44_subj05_margin_low_1sess_150ep,872,63781,0.048921507,0.049210325,551,-0.00028881803,2.0,0.6666666666666666,1.3333333333333333,1.0,-0.0016034804,0.006337691,-0.0079411715,1.0,-0.3333333333333333,1,0,1.0,1.0,0.0,0.80188173,0.031205416,0.765775,1.7402745,0.8198162,0.8411459,12.844555,0.22135134041309357,0.27517229318618774,0.2003406286239624,0.7786486595869064,0.3852121,1.3550625,0.5962697,False,False,False
5,cycle44_subj05_margin_low_1sess_150ep,873,63825,0.03608642,0.051644836,36,-0.015558414,10.0,0.0,4.0,4.0,3.5867095e-05,0.0052938424,-0.0052579753,4.0,-0.125,0,0,8.0,10.0,2.0,0.85183054,0.011848092,0.8152623,1.7401644,0.8137248,0.8410311,12.795408,0.22135134041309357,0.27517229318618774,0.2003406286239624,0.7786486595869064,0.38518772,1.3549767,0.63480294,False,False,False
5,cycle44_subj05_margin_low_1sess_150ep,874,63922,0.023732321,0.044871286,629,-0.021138964,34.0,0.0,10.333333333333334,10.0,-0.0037951525,0.005527001,-0.009322153,21.0,0.0,0,0,41.0,73.0,32.0,0.81647235,0.014902651,0.79544604,1.7315751,0.8463793,0.83969104,12.797585,0.22135134041309357,0.27517229318618774,0.2003406286239624,0.7786486595869064,0.38328648,1.3482887,0.619373,False,False,False
5,cycle44_subj05_margin_low_1sess_150ep,875,63931,0.058893986,0.048358735,777,0.010535251,1.0,1.0,1.0,1.0,0.0059660263,0.0027330816,0.0032329448,0.0,0.0,0,0,1.0,1.0,0.0,0.8075627,0.05752921,0.74859715,1.7430872,0.77414584,0.8416805,12.7664,0.22135134041309357,0.27517229318618774,0.2003406286239624,0.7786486595869064,0.3858347,1.3572525,0.58289415,False,False,False
5,cycle44_subj05_margin_low_1sess_150ep,876,63944,0.061720155,0.043702647,947,0.018017508,1.0,1.0,1.0,1.0,-0.000608366,-0.0040087923,0.0034004264,0.0,0.0,0,0,1.0,1.0,0.0,0.81540453,0.0064867735,0.79243624,1.7289643,0.8394343,0.83798873,12.701434,0.22135134041309357,0.27517229318618774,0.2003406286239624,0.7786486595869064,0.38270858,1.3462558,0.6170294,False,False,False
5,cycle44_subj05_margin_low_1sess_150ep,877,64004,0.029368537,0.042783543,64,-0.013415007,56.0,0.0,19.0,18.5,0.0068725385,0.0014633089,0.0054092295,-66.0,0.0,0,0,6.0,6.0,0.0,0.8978692,0.0010638833,0.8729744,1.7314025,0.8021835,0.83880484,12.85289,0.22135134041309357,0.27517229318618774,0.2003406286239624,0.7786486595869064,0.38324827,1.3481543,0.67974037,False,False,False
5,cycle44_subj05_margin_low_1sess_150ep,878,64096,0.021836633,0.040176913,354,-0.01834028,46.0,0.0,14.9,14.5,0.0063142497,0.0072493963,-0.0009351466,-7.0,0.0,0,0,194.0,107.0,-87.0,0.84734136,0.030869007,0.80593556,1.7384096,0.85851467,0.84019315,12.761868,0.22135134041309357,0.27517229318618774,0.2003406286239624,0.7786486595869064,0.3847993,1.3536104,0.62754065,False,False,False
5,cycle44_subj05_margin_low_1sess_150ep,879,64295,0.04899182,0.050999034,509,-0.0020072125,2.0,0.6666666666666666,1.3333333333333333,1.0,0.005737614,0.0045178607,0.0012197532,0.0,0.0,0,0,1.0,1.0,0.0,0.8821342,0.005286753,0.87022364,1.7347882,0.8047338,0.83998513,12.783429,0.22135134041309357,0.27517229318618774,0.2003406286239624,0.7786486595869064,0.38399768,1.3507905,0.6775985,False,False,False
5,cycle44_subj05_margin_low_1sess_150ep,880,64483,0.03191544,0.046468373,306,-0.014552932,35.0,0.0,11.818181818181818,11.0,0.002071241,0.00046558306,0.0016056579,8.0,0.0,0,0,13.0,21.0,8.0,0.9249704,0.013168693,0.890073,1.7404542,0.79206544,0.8426722,12.766864,0.22135134041309357,0.27517229318618774,0.2003406286239624,0.7786486595869064,0.38525188,1.3552023,0.69305414,False,False,False
5,cycle44_subj05_margin_low_1sess_150ep,881,64498,0.018068824,0.04594131,43,-0.027872484,255.0,0.0,77.33333333333333,77.0,0.0024049021,0.00384048,-0.0014355779,12.0,0.0,0,0,181.0,190.0,9.0,0.914395,0.01042676,0.82353276,1.7301807,0.78859067,0.8387363,12.8163395,0.22135134041309357,0.27517229318618774,0.2003406286239624,0.7786486595869064,0.3829778,1.3472029,0.6412427,False,False,False
5,cycle44_subj05_margin_low_1sess_150ep,882,64615,0.027981238,0.04600436,118,-0.01802312,82.0,0.0,23.88888888888889,23.0,-0.0012552105,0.004635114,-0.0058903247,37.0,0.0,0,0,11.0,52.0,41.0,0.8753983,0.041756034,0.8107702,1.7404778,0.81245816,0.8423445,12.783504,0.22135134041309357,0.27517229318618774,0.2003406286239624,0.7786486595869064,0.3852571,1.3552207,0.63130516,False,False,False
5,cycle44_subj05_margin_low_1sess_150ep,883,64621,0.03741646,0.04275997,208,-0.005343508,3.0,0.4285714285714285,1.7142857142857142,2.0,0.001672402,0.0033426434,-0.0016702414,-2.0,0.0,0,0,2.0,2.0,0.0,0.8978778,0.021032155,0.8719498,1.7338908,0.8801842,0.83957255,12.787877,0.22135134041309357,0.27517229318618774,0.2003406286239624,0.7786486595869064,0.38379905,1.3500917,0.67894256,False,False,False
5,cycle44_subj05_margin_low_1sess_150ep,884,64687,0.033207852,0.04502051,636,-0.011812657,25.0,0.0,7.2,6.0,0.0052478295,0.006265048,-0.0010172185,12.0,0.0,0,0,10.0,3.0,-7.0,0.8877009,0.0114200115,0.85325986,1.7293257,0.84416384,0.83847404,12.790064,0.22135134041309357,0.27517229318618774,0.2003406286239624,0.7786486595869064,0.38278854,1.3465371,0.66438967,False,False,False
5,cycle44_subj05_margin_low_1sess_150ep,885,64771,0.046077274,0.04314227,687,0.0029350035,1.0,1.0,1.0,1.0,0.010126259,0.005284872,0.0048413873,-1.0,0.1428571428571429,0,1,9.0,5.0,-4.0,0.88669753,0.010416627,0.8395912,1.7305794,0.8373515,0.8387488,12.816004,0.22135134041309357,0.27517229318618774,0.2003406286239624,0.7786486595869064,0.38306606,1.3475133,0.6537466,False,False,False
5,cycle44_subj05_margin_low_1sess_150ep,886,64867,0.04337157,0.042606514,842,0.0007650554,1.0,1.0,1.0,1.0,0.003301002,0.0017568357,0.0015441664,-1.0,0.4545454545454546,0,1,4.0,6.0,2.0,0.8388971,0.014406562,0.8044324,1.7333726,0.81725025,0.84060884,12.733418,0.22135134041309357,0.27517229318618774,0.2003406286239624,0.7786486595869064,0.38368434,1.3496883,0.6263702,False,False,False
5,cycle44_subj05_margin_low_1sess_150ep,887,64880,0.03401625,0.048834525,743,-0.0148182735,11.0,0.0769230769230769,3.923076923076923,4.0,0.0037814677,-0.0002844669,0.0040659346,-6.0,0.0769230769230769,0,0,2.0,2.0,0.0,0.8123603,0.01452589,0.7856344,1.7393727,0.8044534,0.8424436,12.870525,0.22135134041309357,0.27517229318618774,0.2003406286239624,0.7786486595869064,0.38501248,1.3543602,0.6117332,False,False,False
5,cycle44_subj05_margin_low_1sess_150ep,888,64893,0.02665749,0.041898433,400,-0.015240943,34.0,0.0,10.0,10.5,0.0009360444,-0.003819514,0.0047555584,10.0,0.0,0,0,19.0,21.0,2.0,0.891997,0.0019762516,0.87840796,1.7249358,0.8787092,0.8367638,12.743699,0.22135134041309357,0.27517229318618774,0.2003406286239624,0.7786486595869064,0.38181683,1.3431189,0.68397117,False,False,False
5,cycle44_subj05_margin_low_1sess_150ep,889,64979,0.050172124,0.04795922,906,0.0022129044,1.0,1.0,1.0,1.0,-0.0019242391,0.0044758283,-0.0064000674,0.0,0.0,0,0,1.0,1.0,0.0,0.8980461,0.030031323,0.8447119,1.7326611,0.8578581,0.83998924,12.7572565,0.22135134041309357,0.27517229318618774,0.2003406286239624,0.7786486595869064,0.38352686,1.3491343,0.6577338,False,False,False
5,cycle44_subj05_margin_low_1sess_150ep,890,65010,0.03917193,0.04583893,48,-0.0066669993,6.0,0.125,2.25,2.0,0.0011949278,0.00086411834,0.0003308095,1.0,0.0,0,0,4.0,4.0,0.0,0.74771744,0.0036543012,0.735977,1.7561303,0.7746991,0.8466002,12.829448,0.22135134041309357,0.27517229318618774,0.2003406286239624,0.7786486595869064,0.3887218,1.3674085,0.5730675,False,False,False
5,cycle44_subj05_margin_low_1sess_150ep,891,65069,0.057191316,0.050327834,163,0.0068634823,1.0,1.0,1.0,1.0,0.009153977,0.004303567,0.00485041,0.0,0.0,0,0,1.0,1.0,0.0,0.87100554,0.005794108,0.8331953,1.7396572,0.8333491,0.8409038,12.778491,0.22135134041309357,0.27517229318618774,0.2003406286239624,0.7786486595869064,0.38507545,1.3545817,0.64876646,False,False,False
5,cycle44_subj05_margin_low_1sess_150ep,892,65148,0.05499094,0.058260016,814,-0.0032690763,2.0,0.75,1.25,1.0,-0.0009851418,0.005312871,-0.006298013,1.0,-0.25,1,0,2.0,1.0,-1.0,0.8408167,0.010039747,0.77729005,1.7526648,0.7554464,0.8455121,12.71652,0.22135134041309357,0.27517229318618774,0.2003406286239624,0.7786486595869064,0.3879547,1.3647101,0.6052359,False,False,False
5,cycle44_subj05_margin_low_1sess_150ep,893,65187,0.03913346,0.052266013,468,-0.013132554,11.0,0.0,4.615384615384615,5.0,-0.003343694,0.006337747,-0.009681441,3.0,0.0,0,0,1.0,1.0,0.0,0.88987887,0.016335607,0.8550948,1.7349875,0.85772175,0.83898443,12.838313,0.22135134041309357,0.27517229318618774,0.2003406286239624,0.7786486595869064,0.38404182,1.3509457,0.66581845,False,False,False
5,cycle44_subj05_margin_low_1sess_150ep,894,65232,0.033179767,0.055914074,827,-0.022734307,12.0,0.0,4.166666666666667,4.0,0.0008010529,0.0051872954,-0.0043862425,0.0,0.0,0,0,4.0,9.0,5.0,0.89812374,0.00063073635,0.8845426,1.7378004,0.8526119,0.8415253,12.776656,0.22135134041309357,0.27517229318618774,0.2003406286239624,0.7786486595869064,0.38466445,1.353136,0.6887479,False,False,False
5,cycle44_subj05_margin_low_1sess_150ep,895,65253,0.044398174,0.047770653,493,-0.0033724792,4.0,0.4,1.8,2.0,0.0018522218,0.0011842065,0.00066801533,2.0,-0.1999999999999999,0,0,1.0,1.0,0.0,0.7917,0.0020250678,0.7758144,1.7386838,0.81146055,0.8412857,12.750506,0.22135134041309357,0.27517229318618774,0.2003406286239624,0.7786486595869064,0.38486,1.3538239,0.6040869,False,False,False
5,cycle44_subj05_margin_low_1sess_150ep,896,65267,0.045024753,0.046100076,119,-0.0010753237,2.0,0.7692307692307693,1.2307692307692308,1.0,0.0040870532,-0.003282413,0.007369466,0.0,0.0,0,0,1.0,1.0,0.0,0.8255009,0.0020703077,0.80036724,1.7361661,0.8312417,0.8403899,12.809358,0.22135134041309357,0.27517229318618774,0.2003406286239624,0.7786486595869064,0.3843027,1.3518635,0.6232049,False,False,False
5,cycle44_subj05_margin_low_1sess_150ep,897,65376,0.06591651,0.053190917,270,0.012725592,1.0,1.0,1.0,1.0,0.00500777,0.0113370605,-0.0063292906,0.0,0.0,0,0,1.0,1.0,0.0,0.89714044,0.011864126,0.8432082,1.741864,0.8288581,0.84232783,12.792067,0.22135134041309357,0.27517229318618774,0.2003406286239624,0.7786486595869064,0.3855639,1.3563001,0.6565629,False,False,False
5,cycle44_subj05_margin_low_1sess_150ep,898,65414,0.043050185,0.050147664,98,-0.007097479,3.0,0.3076923076923077,1.9230769230769231,2.0,0.0018043555,0.002695229,-0.0008908734,0.0,0.0,0,0,1.0,1.0,0.0,0.8966923,0.022441506,0.8449496,1.7374401,0.8466402,0.8414888,12.813024,0.22135134041309357,0.27517229318618774,0.2003406286239624,0.7786486595869064,0.3845847,1.3528554,0.6579189,False,False,False
5,cycle44_subj05_margin_low_1sess_150ep,899,65445,0.043396126,0.03956409,375,0.0038320348,1.0,1.0,1.0,1.0,0.0041470192,0.0009122044,0.0032348149,0.0,0.0,0,0,1.0,2.0,1.0,0.9275384,0.024410427,0.8818394,1.7416267,0.7925971,0.8415247,12.778816,0.22135134041309357,0.27517229318618774,0.2003406286239624,0.7786486595869064,0.38551143,1.3561153,0.68664306,False,False,False
5,cycle44_subj05_margin_low_1sess_150ep,900,65639,0.053578686,0.041457176,814,0.01212151,1.0,1.0,1.0,1.0,0.0044190325,-0.0015039816,0.005923014,0.0,0.0,0,0,1.0,2.0,1.0,0.7746012,0.0067489147,0.7331462,1.7427031,0.7521668,0.84210396,12.796197,0.22135134041309357,0.27517229318618774,0.2003406286239624,0.7786486595869064,0.38574967,1.3569535,0.5708633,False,False,False
5,cycle44_subj05_margin_low_1sess_150ep,901,65654,0.03202743,0.039329614,367,-0.0073021837,4.0,0.3,1.7,2.0,0.0057068057,0.0028890446,0.0028177612,-6.0,0.3,0,0,10.0,6.0,-4.0,0.80220616,0.01307261,0.77387047,1.7329599,0.804717,0.838448,12.729375,0.22135134041309357,0.27517229318618774,0.2003406286239624,0.7786486595869064,0.383593,1.3493669,0.6025732,False,False,False
5,cycle44_subj05_margin_low_1sess_150ep,902,65686,0.03237865,0.04107753,827,-0.008698877,9.0,0.1111111111111111,3.111111111111111,3.0,0.0043746065,0.0035495237,0.0008250829,0.0,-0.1111111111111111,0,0,2.0,2.0,0.0,0.90956056,0.030110955,0.8609406,1.7283221,0.82637596,0.8379522,12.800748,0.22135134041309357,0.27517229318618774,0.2003406286239624,0.7786486595869064,0.38256642,1.3457557,0.6703702,False,False,False
5,cycle44_subj05_margin_low_1sess_150ep,903,65769,0.053681195,0.05545252,426,-0.0017713234,2.0,0.4,1.6,2.0,0.0058208182,0.012313295,-0.006492477,1.0,-0.6,1,0,3.0,1.0,-2.0,0.9284384,0.017938793,0.89383495,1.7316035,0.80387044,0.83881193,12.76259,0.22135134041309357,0.27517229318618774,0.2003406286239624,0.7786486595869064,0.38329276,1.3483108,0.6959834,False,False,False
5,cycle44_subj05_margin_low_1sess_150ep,904,65799,0.041064277,0.039877973,485,0.0011863038,1.0,1.0,1.0,1.0,0.0039136074,0.0051054023,-0.0011917949,0.0,0.0,0,0,4.0,3.0,-1.0,0.8765659,2.336502e-05,0.86563444,1.7321928,0.87427306,0.83816487,12.804348,0.22135134041309357,0.27517229318618774,0.2003406286239624,0.7786486595869064,0.38342318,1.3487695,0.6740251,False,False,False
5,cycle44_subj05_margin_low_1sess_150ep,905,65821,0.045756157,0.053327825,384,-0.0075716674,5.0,0.2857142857142857,2.0,2.0,-0.0016045272,0.0009874515,-0.0025919788,2.0,-0.1428571428571428,0,0,2.0,9.0,7.0,0.9337575,0.0048306584,0.91585696,1.7358136,0.7909467,0.83996814,12.780776,0.22135134041309357,0.27517229318618774,0.2003406286239624,0.7786486595869064,0.38422468,1.351589,0.71313083,False,False,False
5,cycle44_subj05_margin_low_1sess_150ep,906,65872,0.03229373,0.03922877,630,-0.0069350414,7.0,0.125,2.875,3.0,-0.005326234,0.0018893033,-0.007215537,6.0,-0.875,1,0,20.0,51.0,31.0,0.8620545,0.0005463958,0.82591724,1.734242,0.856225,0.83841443,12.740389,0.22135134041309357,0.27517229318618774,0.2003406286239624,0.7786486595869064,0.38387677,1.3503652,0.64309937,False,False,False
5,cycle44_subj05_margin_low_1sess_150ep,907,65920,0.04566479,0.04436761,504,0.0012971796,1.0,1.0,1.0,1.0,0.0013044104,-0.0023871064,0.0036915168,-1.0,0.125,0,1,1.0,1.0,0.0,0.84355855,0.001881957,0.8223338,1.7390525,0.8174789,0.8409984,12.822961,0.22135134041309357,0.27517229318618774,0.2003406286239624,0.7786486595869064,0.3849416,1.354111,0.64030915,False,False,False
5,cycle44_subj05_margin_low_1sess_150ep,908,65943,0.035326015,0.049626138,356,-0.014300123,17.0,0.0,5.833333333333333,5.0,0.0026726015,0.008441463,-0.0057688616,3.0,0.0,0,0,1.0,1.0,0.0,0.88872284,0.067477584,0.81720513,1.7408803,0.8521655,0.84116375,12.789038,0.22135134041309357,0.27517229318618774,0.2003406286239624,0.7786486595869064,0.38534617,1.3555341,0.6363157,False,False,False
5,cycle44_subj05_margin_low_1sess_150ep,909,66004,0.03672916,0.044412337,384,-0.0076831765,13.0,0.0,4.0,4.0,0.004678216,0.0011974238,0.003480792,-3.0,0.0,0,0,2.0,1.0,-1.0,0.94970644,0.0008472204,0.9196523,1.7394385,0.7878434,0.8419634,12.73854,0.22135134041309357,0.27517229318618774,0.2003406286239624,0.7786486595869064,0.38502705,1.3544115,0.71608603,False,False,False
5,cycle44_subj05_margin_low_1sess_150ep,910,66214,0.037655387,0.042456064,188,-0.0048006773,6.0,0.1111111111111111,2.888888888888889,3.0,0.0042240694,0.005842317,-0.0016182475,0.0,0.1111111111111111,0,0,23.0,13.0,-10.0,0.9488592,0.02867049,0.9066704,1.7444419,0.78806835,0.8432744,12.76877,0.22135134041309357,0.27517229318618774,0.2003406286239624,0.7786486595869064,0.38613454,1.3583074,0.7059777,False,False,False
5,cycle44_subj05_margin_low_1sess_150ep,911,66216,0.0470728,0.060076747,680,-0.013003945,6.0,0.25,2.5,2.0,0.0027048625,0.0035716668,-0.0008668043,1.0,-0.125,0,0,5.0,2.0,-3.0,0.93308836,0.010876298,0.91303843,1.7398181,0.769765,0.8417219,12.772855,0.22135134041309357,0.27517229318618774,0.2003406286239624,0.7786486595869064,0.38511106,1.354707,0.7109362,False,False,False
5,cycle44_subj05_margin_low_1sess_150ep,912,66278,0.06572683,0.046771195,809,0.018955637,1.0,1.0,1.0,1.0,-0.0026769266,-0.0015180781,-0.0011588484,0.0,0.0,0,0,1.0,1.0,0.0,0.8673246,0.04707831,0.7532957,1.7371507,0.7408848,0.84098274,12.773407,0.22135134041309357,0.27517229318618774,0.2003406286239624,0.7786486595869064,0.38452062,1.35263,0.58655274,False,False,False
5,cycle44_subj05_margin_low_1sess_150ep,913,66330,0.029716002,0.040876273,865,-0.011160271,13.0,0.0,4.666666666666667,4.5,0.008392278,0.002962757,0.005429521,-51.0,0.0,0,0,18.0,6.0,-12.0,0.8873198,0.053843558,0.8205697,1.7321023,0.78924096,0.8392015,12.748868,0.22135134041309357,0.27517229318618774,0.2003406286239624,0.7786486595869064,0.38340315,1.3486991,0.6389355,False,False,False
5,cycle44_subj05_margin_low_1sess_150ep,914,66342,0.05056865,0.0417628,109,0.008805852,1.0,1.0,1.0,1.0,0.0047901385,0.0017543733,0.0030357651,0.0,0.0,0,0,2.0,2.0,0.0,0.8673359,0.016730309,0.8114333,1.7314875,0.8348147,0.83921844,12.733067,0.22135134041309357,0.27517229318618774,0.2003406286239624,0.7786486595869064,0.38326707,1.3482205,0.63182145,False,False,False
5,cycle44_subj05_margin_low_1sess_150ep,915,66421,0.047174998,0.052291907,445,-0.0051169097,6.0,0.4285714285714285,2.142857142857143,2.0,-0.0019443892,0.0005055815,-0.0024499707,3.0,0.1428571428571428,0,0,1.0,1.0,0.0,0.842852,0.004932761,0.8241102,1.7365805,0.85969746,0.84004027,12.804185,0.22135134041309357,0.27517229318618774,0.2003406286239624,0.7786486595869064,0.3843944,1.3521861,0.64169234,False,False,False
5,cycle44_subj05_margin_low_1sess_150ep,916,66464,0.034390967,0.043598026,934,-0.009207059,9.0,0.0,3.9,4.0,-0.0034928098,-0.000813555,-0.0026792549,5.0,-0.3,0,0,7.0,25.0,18.0,0.91862965,0.0339849,0.8567146,1.7263192,0.8399594,0.8373913,12.804221,0.22135134041309357,0.27517229318618774,0.2003406286239624,0.7786486595869064,0.38212305,1.3441962,0.6670797,False,False,False
5,cycle44_subj05_margin_low_1sess_150ep,917,66479,0.04273199,0.045446422,876,-0.0027144328,5.0,0.2727272727272727,2.0,2.0,0.0035053343,-0.0004958473,0.0040011816,1.0,0.0909090909090908,0,0,3.0,3.0,0.0,0.80100316,0.022213876,0.75982887,1.7361287,0.7882041,0.8409051,12.789486,0.22135134041309357,0.27517229318618774,0.2003406286239624,0.7786486595869064,0.38429442,1.3518343,0.59163976,False,False,False
5,cycle44_subj05_margin_low_1sess_150ep,918,66489,0.020946154,0.028018998,534,-0.0070728436,24.0,0.0,7.916666666666667,8.0,-0.00060465746,-0.0045516808,0.0039470233,5.0,0.0,0,0,94.0,152.0,58.0,0.8746449,0.006147504,0.85818756,1.7324728,0.88502365,0.8394308,12.782916,0.22135134041309357,0.27517229318618774,0.2003406286239624,0.7786486595869064,0.38348517,1.3489876,0.6682266,False,False,False
5,cycle44_subj05_margin_low_1sess_150ep,919,66580,0.04952859,0.04243007,604,0.007098522,1.0,1.0,1.0,1.0,-0.0033657514,0.0019884855,-0.005354237,0.0,0.0,0,0,1.0,1.0,0.0,0.7831906,0.01076138,0.7668973,1.7326049,0.8228812,0.8403083,12.760832,0.22135134041309357,0.27517229318618774,0.2003406286239624,0.7786486595869064,0.3835144,1.3490905,0.5971436,False,False,False
5,cycle44_subj05_margin_low_1sess_150ep,920,66643,0.044007618,0.056624543,142,-0.012616925,15.0,0.0,4.5,4.5,0.0021455064,0.0021746345,-2.9128045e-05,2.0,0.0,0,0,1.0,1.0,0.0,0.90241796,0.007953525,0.8771003,1.7336833,0.8168401,0.8396479,12.740616,0.22135134041309357,0.27517229318618774,0.2003406286239624,0.7786486595869064,0.38375312,1.3499303,0.682953,False,False,False
5,cycle44_subj05_margin_low_1sess_150ep,921,66773,0.06300283,0.053616557,64,0.009386275,1.0,1.0,1.0,1.0,0.006897293,0.009224936,-0.0023276433,0.0,0.0,0,0,1.0,1.0,0.0,0.80262697,0.01471746,0.7789247,1.732629,0.82204205,0.84061027,12.80438,0.22135134041309357,0.27517229318618774,0.2003406286239624,0.7786486595869064,0.38351974,1.3491092,0.6065087,False,False,False
5,cycle44_subj05_margin_low_1sess_150ep,922,66836,0.056880318,0.05247895,590,0.004401367,1.0,1.0,1.0,1.0,0.00069786236,0.005988866,-0.0052910037,0.0,0.0,0,0,1.0,1.0,0.0,0.7954675,0.021628082,0.76206046,1.7454791,0.7912575,0.84258807,12.795568,0.22135134041309357,0.27517229318618774,0.2003406286239624,0.7786486595869064,0.38636413,1.359115,0.59337735,False,False,False
5,cycle44_subj05_margin_low_1sess_150ep,923,66946,0.04654143,0.04977433,182,-0.0032329,3.0,0.8888888888888888,1.1111111111111112,1.0,0.0037446246,0.0035715736,0.00017305091,0.0,0.0,0,0,1.0,1.0,0.0,0.8404583,0.00949204,0.7790831,1.7418085,0.8040564,0.8412672,12.814924,0.22135134041309357,0.27517229318618774,0.2003406286239624,0.7786486595869064,0.38555166,1.356257,0.606632,False,False,False
5,cycle44_subj05_margin_low_1sess_150ep,924,66976,0.028823065,0.048266783,554,-0.019443719,67.0,0.0,19.33333333333333,18.5,-0.00076818094,0.004614163,-0.005382344,31.0,0.0,0,0,25.0,21.0,-4.0,0.8330042,0.037756145,0.78311986,1.7433022,0.8159088,0.8425578,12.753438,0.22135134041309357,0.27517229318618774,0.2003406286239624,0.7786486595869064,0.3858823,1.35742,0.60977525,False,False,False
5,cycle44_subj05_margin_low_1sess_150ep,925,67045,0.040635284,0.038407207,78,0.0022280775,1.0,1.0,1.0,1.0,0.010172587,0.0007902384,0.0093823485,-7.0,0.875,0,1,17.0,12.0,-5.0,0.90397805,0.0069450736,0.8857899,1.7339299,0.8491869,0.8389585,12.798919,0.22135134041309357,0.27517229318618774,0.2003406286239624,0.7786486595869064,0.3838077,1.3501222,0.6897191,False,False,False
5,cycle44_subj05_margin_low_1sess_150ep,926,67113,0.04188699,0.05087627,828,-0.008989282,4.0,0.3333333333333333,1.7777777777777777,2.0,0.00040107965,0.0020498075,-0.0016487278,0.0,0.1111111111111111,0,0,2.0,2.0,0.0,0.81238955,0.0069540143,0.793102,1.7490807,0.81223845,0.84370935,12.7958975,0.22135134041309357,0.27517229318618774,0.2003406286239624,0.7786486595869064,0.38716134,1.3619193,0.61754787,False,False,False
5,cycle44_subj05_margin_low_1sess_150ep,927,67168,0.04362493,0.05205467,523,-0.00842974,6.0,0.3333333333333333,2.111111111111111,2.0,-0.0014888197,-0.001044929,-0.0004438907,2.0,-0.2222222222222222,0,0,5.0,6.0,1.0,0.84861976,0.017581046,0.8155382,1.7346737,0.8008085,0.8403935,12.796469,0.22135134041309357,0.27517229318618774,0.2003406286239624,0.7786486595869064,0.38397235,1.3507015,0.63501775,False,False,False
5,cycle44_subj05_margin_low_1sess_150ep,928,67204,0.045373116,0.042239465,442,0.0031336509,1.0,1.0,1.0,1.0,-0.0020789728,0.0006207377,-0.0026997104,0.0,0.0,0,0,2.0,5.0,3.0,0.87627506,0.043703675,0.8291961,1.7387086,0.84801686,0.8407654,12.792698,0.22135134041309357,0.27517229318618774,0.2003406286239624,0.7786486595869064,0.3848655,1.3538432,0.6456524,False,False,False
5,cycle44_subj05_margin_low_1sess_150ep,929,67237,0.043314062,0.04694275,520,-0.0036286898,4.0,0.375,1.75,2.0,-0.0016891249,-0.00024760142,-0.0014415234,1.0,0.0,0,0,1.0,1.0,0.0,0.85893375,0.0030157566,0.82489264,1.7344072,0.8468006,0.8402831,12.77348,0.22135134041309357,0.27517229318618774,0.2003406286239624,0.7786486595869064,0.38391337,1.3504939,0.64230156,False,False,False
5,cycle44_subj05_margin_low_1sess_150ep,930,67252,0.03261723,0.043848407,601,-0.011231177,15.0,0.0,5.0,5.5,-0.00047824532,0.0057165995,-0.006194845,7.0,-0.25,0,0,1.0,1.0,0.0,0.8742903,0.03884983,0.8173278,1.739612,0.8631257,0.84073734,12.789435,0.22135134041309357,0.27517229318618774,0.2003406286239624,0.7786486595869064,0.38506544,1.3545465,0.6364112,False,False,False
5,cycle44_subj05_margin_low_1sess_150ep,931,67295,0.012079691,0.050320342,21,-0.038240653,277.0,0.0,87.11111111111111,87.0,0.010988792,0.0073651336,0.003623657,-207.0,0.0,0,0,622.0,477.0,-145.0,0.90419036,0.055152178,0.8160437,1.7376251,0.8341097,0.84034944,12.764679,0.22135134041309357,0.27517229318618774,0.2003406286239624,0.7786486595869064,0.38462564,1.3529994,0.6354113,False,False,False
5,cycle44_subj05_margin_low_1sess_150ep,932,67363,0.033514176,0.037590776,246,-0.0040766,2.0,0.8,1.2,1.0,0.002184894,0.0017630756,0.00042181835,0.0,0.0,0,0,3.0,2.0,-1.0,0.789613,0.000960052,0.77725244,1.7366471,0.7978342,0.840312,12.755951,0.22135134041309357,0.27517229318618774,0.2003406286239624,0.7786486595869064,0.38440916,1.3522379,0.60520655,False,False,False
5,cycle44_subj05_margin_low_1sess_150ep,933,67742,0.04551498,0.043435317,801,0.002079662,1.0,1.0,1.0,1.0,-0.0015646368,-0.0022441968,0.00067956,0.0,0.0,0,0,1.0,1.0,0.0,0.83836395,0.0020138025,0.8090849,1.739805,0.83144546,0.84105766,12.778355,0.22135134041309357,0.27517229318618774,0.2003406286239624,0.7786486595869064,0.38510817,1.3546969,0.6299929,False,False,False
5,cycle44_subj05_margin_low_1sess_150ep,934,67802,0.05538687,0.049806036,731,0.005580835,1.0,1.0,1.0,1.0,0.0052847043,0.001892902,0.0033918023,0.0,0.0,0,0,1.0,1.0,0.0,0.9376887,0.018474579,0.8988037,1.7299689,0.77456415,0.8376759,12.739857,0.22135134041309357,0.27517229318618774,0.2003406286239624,0.7786486595869064,0.38293093,1.347038,0.69985235,False,False,False
5,cycle44_subj05_margin_low_1sess_150ep,935,67829,0.03282053,0.05127076,891,-0.01845023,27.0,0.0,9.11111111111111,9.0,0.005621489,0.0065430105,-0.00092152134,-21.0,0.0,0,0,13.0,13.0,0.0,0.89665025,0.014945984,0.8685285,1.7385069,0.81165206,0.84071296,12.797922,0.22135134041309357,0.27517229318618774,0.2003406286239624,0.7786486595869064,0.38482085,1.3536861,0.67627853,False,False,False
5,cycle44_subj05_margin_low_1sess_150ep,936,68023,0.04787215,0.04932087,735,-0.0014487207,2.0,0.7692307692307693,1.2307692307692308,1.0,0.0030327253,0.002462685,0.0005700402,0.0,0.2307692307692308,0,0,1.0,1.0,0.0,0.73584306,0.011625767,0.7162013,1.7471464,0.7486186,0.8434461,12.765504,0.22135134041309357,0.27517229318618774,0.2003406286239624,0.7786486595869064,0.3867332,1.3604132,0.5576692,False,False,False
5,cycle44_subj05_margin_low_1sess_150ep,937,68168,0.03837877,0.056852665,468,-0.018473893,7.0,0.25,2.25,2.0,0.0025598593,0.008994553,-0.006434694,0.0,0.0,0,0,1.0,1.0,0.0,0.8101847,0.009991527,0.79111946,1.7418665,0.8264822,0.84266526,12.8544,0.22135134041309357,0.27517229318618774,0.2003406286239624,0.7786486595869064,0.38556448,1.356302,0.6160041,False,False,False
5,cycle44_subj05_margin_low_1sess_150ep,938,68278,0.0290944,0.04893667,322,-0.019842269,50.0,0.0,17.76923076923077,17.0,-0.00029829517,-0.000748191,0.00044989586,-12.0,0.0,0,0,7.0,14.0,7.0,0.79098755,0.007200539,0.7734222,1.7415853,0.8290787,0.8420651,12.801862,0.22135134041309357,0.27517229318618774,0.2003406286239624,0.7786486595869064,0.38550222,1.356083,0.6022242,False,False,False
5,cycle44_subj05_margin_low_1sess_150ep,939,68311,0.044303663,0.03957811,772,0.004725553,1.0,1.0,1.0,1.0,0.004336711,0.0012644678,0.0030722432,0.0,0.0,0,0,1.0,1.0,0.0,0.7596612,0.00062322617,0.7534712,1.7488757,0.8089479,0.8455639,12.844852,0.22135134041309357,0.27517229318618774,0.2003406286239624,0.7786486595869064,0.387116,1.3617598,0.58668935,False,False,False
5,cycle44_subj05_margin_low_1sess_150ep,940,68339,0.050863635,0.03995927,480,0.010904364,1.0,1.0,1.0,1.0,0.00054714456,0.00014089793,0.00040624663,0.0,0.0,0,0,1.0,1.0,0.0,0.823995,0.007887006,0.80270404,1.7394096,0.83163744,0.8406874,12.805234,0.22135134041309357,0.27517229318618774,0.2003406286239624,0.7786486595869064,0.38502064,1.354389,0.62502444,False,False,False
5,cycle44_subj05_margin_low_1sess_150ep,941,68418,0.05037409,0.053232234,445,-0.0028581433,2.0,0.5454545454545454,1.4545454545454546,1.0,0.00015537813,0.006509263,-0.006353885,1.0,-0.4545454545454546,1,0,1.0,1.0,0.0,0.83813393,0.0005553365,0.8190676,1.7284572,0.86582386,0.8379654,12.711357,0.22135134041309357,0.27517229318618774,0.2003406286239624,0.7786486595869064,0.3825963,1.345861,0.6377659,False,False,False
5,cycle44_subj05_margin_low_1sess_150ep,942,68471,0.035596788,0.047014493,680,-0.011417706,17.0,0.0,5.444444444444445,5.0,-0.0026614554,0.0028378442,-0.0054992996,10.0,-0.1111111111111111,0,0,4.0,6.0,2.0,0.9246254,8.815527e-05,0.907424,1.7430568,0.8011975,0.84201914,12.785683,0.22135134041309357,0.27517229318618774,0.2003406286239624,0.7786486595869064,0.38582796,1.3572289,0.7065645,False,False,False
5,cycle44_subj05_margin_low_1sess_150ep,943,68741,0.057885118,0.047570083,491,0.010315035,1.0,1.0,1.0,1.0,0.0012952685,0.0004660152,0.00082925335,0.0,0.0,0,0,1.0,1.0,0.0,0.8080837,0.009689629,0.7744709,1.7466271,0.78953445,0.8435402,12.806979,0.22135134041309357,0.27517229318618774,0.2003406286239624,0.7786486595869064,0.38661826,1.3600088,0.60304075,False,False,False
5,cycle44_subj05_margin_low_1sess_150ep,944,68814,0.045648467,0.04902603,582,-0.0033775643,3.0,0.7272727272727273,1.3636363636363635,1.0,0.0035233274,0.0025183298,0.0010049976,0.0,0.0,0,0,1.0,1.0,0.0,0.88732964,0.012073934,0.8344102,1.7316874,0.8168538,0.83908,12.698603,0.22135134041309357,0.27517229318618774,0.2003406286239624,0.7786486595869064,0.38331133,1.3483762,0.6497124,False,False,False
5,cycle44_subj05_margin_low_1sess_150ep,945,68842,0.047733124,0.04677464,976,0.00095848367,1.0,1.0,1.0,1.0,0.004611127,0.00052059814,0.004090529,-1.0,0.0,0,1,3.0,3.0,0.0,0.88963825,0.0035862923,0.8380847,1.7424655,0.8119154,0.8419145,12.798335,0.22135134041309357,0.27517229318618774,0.2003406286239624,0.7786486595869064,0.38569707,1.3567685,0.6525735,False,False,False
5,cycle44_subj05_margin_low_1sess_150ep,946,68858,0.039030924,0.05059877,843,-0.011567846,9.0,0.0909090909090909,3.1818181818181817,3.0,0.0043711737,0.0041916147,0.00017955899,-2.0,0.0909090909090909,0,0,14.0,7.0,-7.0,0.89189833,0.011074126,0.84456414,1.7384121,0.8072297,0.8404179,12.866944,0.22135134041309357,0.27517229318618774,0.2003406286239624,0.7786486595869064,0.38479987,1.3536123,0.65761876,False,False,False
5,cycle44_subj05_margin_low_1sess_150ep,947,68897,0.04773232,0.0492412,522,-0.0015088804,2.0,0.5,1.5,1.5,0.003339827,0.0031431243,0.00019670278,-1.0,0.2,0,0,4.0,3.0,-1.0,0.8480976,0.016237497,0.806596,1.7371235,0.8468573,0.84118336,12.837072,0.22135134041309357,0.27517229318618774,0.2003406286239624,0.7786486595869064,0.3845146,1.3526089,0.6280549,False,False,False
5,cycle44_subj05_margin_low_1sess_150ep,948,69007,0.042974528,0.044406336,714,-0.0014318079,2.0,0.8461538461538461,1.1538461538461535,1.0,0.008394357,0.0057243705,0.0026699863,0.0,0.0,0,0,2.0,1.0,-1.0,0.90237796,0.00066673756,0.8904651,1.7284425,0.80450255,0.8382729,12.772528,0.22135134041309357,0.27517229318618774,0.2003406286239624,0.7786486595869064,0.38259307,1.3458495,0.69335943,False,False,False
5,cycle44_subj05_margin_low_1sess_150ep,949,69025,0.042276036,0.046226185,222,-0.003950149,5.0,0.3,2.0,2.0,0.0015285723,0.0010278448,0.00050072744,0.0,0.0,0,0,4.0,6.0,2.0,0.8055972,0.010605991,0.7805093,1.7441913,0.79072124,0.8424193,12.781998,0.22135134041309357,0.27517229318618774,0.2003406286239624,0.7786486595869064,0.38607907,1.3581122,0.60774255,False,False,False
5,cycle44_subj05_margin_low_1sess_150ep,950,69030,0.017382503,0.04432353,493,-0.026941027,162.0,0.0,48.25,48.5,-0.00012009218,0.008348573,-0.008468665,84.0,0.0,0,0,21.0,19.0,-2.0,0.8397583,0.0006583333,0.81207645,1.7416059,0.79397655,0.8414946,12.762767,0.22135134041309357,0.27517229318618774,0.2003406286239624,0.7786486595869064,0.3855068,1.3560991,0.63232225,False,False,False
5,cycle44_subj05_margin_low_1sess_150ep,951,69130,0.055146836,0.04069068,141,0.014456157,1.0,1.0,1.0,1.0,0.00090542436,0.0060255267,-0.0051201023,0.0,0.0,0,0,1.0,1.0,0.0,0.84776765,0.0021200776,0.841239,1.7262002,0.88014907,0.8384725,12.705396,0.22135134041309357,0.27517229318618774,0.2003406286239624,0.7786486595869064,0.38209674,1.3441036,0.6550296,False,False,False
5,cycle44_subj05_margin_low_1sess_150ep,952,69214,0.054666966,0.049458884,39,0.0052080825,1.0,1.0,1.0,1.0,-0.00027239695,0.0013065375,-0.0015789345,0.0,0.0,0,0,1.0,1.0,0.0,0.8112572,0.0496642,0.74947846,1.7368233,0.7840316,0.8404704,12.786336,0.22135134041309357,0.27517229318618774,0.2003406286239624,0.7786486595869064,0.38444817,1.3523751,0.58358043,False,False,False
5,cycle44_subj05_margin_low_1sess_150ep,953,69240,0.022377826,0.044400882,78,-0.022023056,64.0,0.0,20.2,20.0,0.0019574333,0.0054998435,-0.0035424102,1.0,0.0,0,0,14.0,18.0,4.0,0.8856135,0.0146752,0.86276025,1.7252027,0.8589185,0.8361849,12.795062,0.22135134041309357,0.27517229318618774,0.2003406286239624,0.7786486595869064,0.38187593,1.3433268,0.67178714,False,False,False
5,cycle44_subj05_margin_low_1sess_150ep,954,69442,0.060752068,0.05274515,856,0.008006919,1.0,1.0,1.0,1.0,-0.0023527406,-0.0013183542,-0.0010343865,0.0,0.0,0,0,1.0,1.0,0.0,0.85026413,0.02857107,0.8080025,1.7367791,0.832532,0.8401338,12.769781,0.22135134041309357,0.27517229318618774,0.2003406286239624,0.7786486595869064,0.38443837,1.3523407,0.62915003,False,False,False
5,cycle44_subj05_margin_low_1sess_150ep,955,69502,0.06256361,0.039837323,634,0.02272629,1.0,1.0,1.0,1.0,0.004084833,0.0029681958,0.0011166371,0.0,0.0,0,0,1.0,1.0,0.0,0.8995211,0.015945435,0.86913794,1.7355441,0.836777,0.84028596,12.817887,0.22135134041309357,0.27517229318618774,0.2003406286239624,0.7786486595869064,0.38416502,1.3513792,0.6767531,False,False,False
5,cycle44_subj05_margin_low_1sess_150ep,956,69614,0.046503264,0.055815686,163,-0.009312421,7.0,0.0833333333333333,3.0,3.0,0.00036617368,0.003799703,-0.0034335293,3.0,-0.1666666666666666,0,0,1.0,2.0,1.0,0.88247603,0.016205609,0.83066577,1.7326983,0.8021419,0.8386405,12.829397,0.22135134041309357,0.27517229318618774,0.2003406286239624,0.7786486595869064,0.3835351,1.3491633,0.6467968,False,False,False
5,cycle44_subj05_margin_low_1sess_150ep,957,69616,0.03360167,0.04675787,551,-0.013156198,25.0,0.0,9.23076923076923,8.0,0.0021475703,0.003981713,-0.001834143,7.0,0.0,0,0,1.0,1.0,0.0,0.8854156,0.0044079423,0.8546047,1.7329732,0.82827544,0.83972615,12.756921,0.22135134041309357,0.27517229318618774,0.2003406286239624,0.7786486595869064,0.38359594,1.3493773,0.6654368,False,False,False
5,cycle44_subj05_margin_low_1sess_150ep,958,69785,0.045960397,0.055600382,523,-0.009639986,3.0,0.3,1.8,2.0,0.0022950917,-5.2653253e-05,0.002347745,-1.0,0.0999999999999999,0,0,1.0,1.0,0.0,0.9104659,0.010165036,0.8887021,1.730544,0.8624569,0.83876806,12.843487,0.22135134041309357,0.27517229318618774,0.2003406286239624,0.7786486595869064,0.38305822,1.3474858,0.6919867,False,False,False
5,cycle44_subj05_margin_low_1sess_150ep,959,69813,0.051073782,0.04557886,714,0.0054949224,1.0,1.0,1.0,1.0,0.00018521398,0.004783351,-0.004598137,0.0,0.0,0,0,1.0,1.0,0.0,0.8633125,0.03832835,0.8177495,1.7426553,0.8030139,0.84173244,12.794003,0.22135134041309357,0.27517229318618774,0.2003406286239624,0.7786486595869064,0.3857391,1.3569162,0.63673955,False,False,False
5,cycle44_subj05_margin_low_1sess_150ep,960,69831,0.01917109,0.051088523,955,-0.03191743,88.0,0.0,28.23076923076923,29.0,0.0035667624,-1.0497868e-05,0.0035772622,-66.0,0.0,0,0,44.0,42.0,-2.0,0.9056729,0.002878189,0.87354994,1.7309254,0.80156577,0.8399667,12.804343,0.22135134041309357,0.27517229318618774,0.2003406286239624,0.7786486595869064,0.38314268,1.3477829,0.6801885,False,False,False
5,cycle44_subj05_margin_low_1sess_150ep,961,69839,0.023187384,0.04041167,272,-0.017224286,24.0,0.0,7.333333333333333,7.0,0.0030434616,0.004316952,-0.0012734905,-8.0,0.0,0,0,27.0,23.0,-4.0,0.8290026,0.012933433,0.8009659,1.7410107,0.8372317,0.84172666,12.767623,0.22135134041309357,0.27517229318618774,0.2003406286239624,0.7786486595869064,0.38537505,1.3556356,0.62367105,False,False,False
5,cycle44_subj05_margin_low_1sess_150ep,962,69854,0.053539164,0.04365729,968,0.009881873,1.0,1.0,1.0,1.0,0.0020306297,0.003783986,-0.0017533563,0.0,0.0,0,0,1.0,1.0,0.0,0.8206178,0.013872623,0.7960505,1.737314,0.82697105,0.84137505,12.793056,0.22135134041309357,0.27517229318618774,0.2003406286239624,0.7786486595869064,0.38455677,1.3527572,0.61984366,False,False,False
5,cycle44_subj05_margin_low_1sess_150ep,963,69918,0.035493825,0.051116288,827,-0.015622463,10.0,0.2,4.1,4.5,-0.0062748156,0.0077368915,-0.014011707,8.0,-0.6000000000000001,0,0,5.0,5.0,0.0,0.80710244,0.027253151,0.7676405,1.7386239,0.8042284,0.84156066,12.803569,0.22135134041309357,0.27517229318618774,0.2003406286239624,0.7786486595869064,0.38484672,1.3537772,0.59772223,False,False,False
5,cycle44_subj05_margin_low_1sess_150ep,964,70038,0.061891254,0.059635594,64,0.0022556596,1.0,1.0,1.0,1.0,0.009261444,0.005532615,0.0037288293,-2.0,0.3333333333333333,0,1,1.0,1.0,0.0,0.9040629,0.008341789,0.87391937,1.7356766,0.78240645,0.83995587,12.744062,0.22135134041309357,0.27517229318618774,0.2003406286239624,0.7786486595869064,0.38419434,1.3514823,0.6804761,False,False,False
5,cycle44_subj05_margin_low_1sess_150ep,965,70075,0.046606917,0.05240746,79,-0.0058005415,4.0,0.5,1.75,1.5,-0.0035491511,6.559491e-05,-0.003614746,2.0,0.0,0,0,1.0,1.0,0.0,0.8198431,0.013014972,0.79590213,1.7342066,0.8478191,0.8400336,12.752115,0.22135134041309357,0.27517229318618774,0.2003406286239624,0.7786486595869064,0.38386893,1.3503376,0.61972815,False,False,False
5,cycle44_subj05_margin_low_1sess_150ep,966,70095,0.027820334,0.05112577,118,-0.023305435,31.0,0.0,9.0,8.0,-0.0019608065,0.0062506013,-0.008211408,11.0,0.0,0,0,14.0,27.0,13.0,0.8835757,0.013573885,0.8427302,1.7368406,0.81390524,0.84031075,12.818904,0.22135134041309357,0.27517229318618774,0.2003406286239624,0.7786486595869064,0.384452,1.3523886,0.65619075,False,False,False
5,cycle44_subj05_margin_low_1sess_150ep,967,70193,0.04751832,0.057051707,743,-0.009533387,4.0,0.4166666666666667,1.9166666666666667,2.0,-0.0002499856,0.00014870241,-0.00039868802,0.0,0.0,0,0,2.0,2.0,0.0,0.8076949,0.006866038,0.7874748,1.7425723,0.8367962,0.84245163,12.782313,0.22135134041309357,0.27517229318618774,0.2003406286239624,0.7786486595869064,0.38572073,1.3568516,0.6131662,False,False,False
5,cycle44_subj05_margin_low_1sess_150ep,968,70232,0.036733437,0.04953148,680,-0.012798041,6.0,0.5,1.8333333333333333,1.5,-3.7007034e-05,0.0067602023,-0.0067972094,2.0,-0.1666666666666666,0,0,8.0,14.0,6.0,0.8434931,0.0070948005,0.83205557,1.736283,0.87081826,0.83980155,12.760109,0.22135134041309357,0.27517229318618774,0.2003406286239624,0.7786486595869064,0.38432854,1.3519545,0.64787894,False,False,False
5,cycle44_subj05_margin_low_1sess_150ep,969,70335,0.038108863,0.032619774,997,0.0054890886,1.0,1.0,1.0,1.0,0.000868313,0.0034317411,-0.0025634281,0.0,0.0,0,0,2.0,2.0,0.0,0.94039524,0.0018594265,0.9250461,1.7350527,0.85012317,0.83928937,12.80062,0.22135134041309357,0.27517229318618774,0.2003406286239624,0.7786486595869064,0.38405624,1.3509965,0.7202859,False,False,False
5,cycle44_subj05_margin_low_1sess_150ep,970,70360,0.033958282,0.060461856,19,-0.026503574,23.0,0.0,7.0,6.0,0.0020390935,-0.00085539743,0.002894491,-2.0,0.0,0,0,3.0,4.0,1.0,0.9108022,0.016529977,0.88914454,1.7289729,0.82665855,0.83759266,12.72287,0.22135134041309357,0.27517229318618774,0.2003406286239624,0.7786486595869064,0.38271046,1.3462625,0.6923312,False,False,False
5,cycle44_subj05_margin_low_1sess_150ep,971,70368,0.04254636,0.048312973,331,-0.0057666115,3.0,0.3333333333333333,1.7333333333333334,2.0,0.005764831,0.0061636902,-0.00039885938,-2.0,-0.1333333333333333,0,0,1.0,1.0,0.0,0.7723881,0.011311293,0.7406222,1.7488558,0.7939466,0.8444048,12.765464,0.22135134041309357,0.27517229318618774,0.2003406286239624,0.7786486595869064,0.38711157,1.3617443,0.57668453,False,False,False
5,cycle44_subj05_margin_low_1sess_150ep,972,70427,0.03951642,0.044244003,493,-0.0047275834,3.0,0.5555555555555556,1.5555555555555556,1.0,0.007363118,0.008634992,-0.0012718737,-2.0,0.5555555555555556,0,0,2.0,1.0,-1.0,0.8587731,0.0014165044,0.8166188,1.7377859,0.81558746,0.84048665,12.756734,0.22135134041309357,0.27517229318618774,0.2003406286239624,0.7786486595869064,0.38466126,1.3531247,0.63585913,False,False,False
5,cycle44_subj05_margin_low_1sess_150ep,973,70505,0.03981631,0.0487575,276,-0.008941192,5.0,0.1111111111111111,2.6666666666666665,2.0,0.0037116744,0.0003264472,0.0033852272,-1.0,0.0,0,0,5.0,3.0,-2.0,0.80441976,0.0042933226,0.7738962,1.746009,0.80971664,0.84399265,12.779337,0.22135134041309357,0.27517229318618774,0.2003406286239624,0.7786486595869064,0.38648143,1.3595276,0.60259324,False,False,False
5,cycle44_subj05_margin_low_1sess_150ep,974,70585,0.030896142,0.04431653,430,-0.013420388,43.0,0.0,13.11111111111111,12.0,0.006306287,0.002311442,0.003994845,-57.0,0.0,0,0,32.0,27.0,-5.0,0.9231437,0.02794826,0.8873476,1.7273126,0.8791032,0.8380236,12.743711,0.22135134041309357,0.27517229318618774,0.2003406286239624,0.7786486595869064,0.38234296,1.3449696,0.69093204,False,False,False
5,cycle44_subj05_margin_low_1sess_150ep,975,70589,0.032626987,0.049602997,403,-0.01697601,55.0,0.0,16.333333333333332,15.0,0.00010397658,-0.0032646805,0.003368657,7.0,0.0,0,0,10.0,10.0,0.0,0.9407382,0.017656446,0.9124125,1.7379311,0.81973046,0.8406371,12.837219,0.22135134041309357,0.27517229318618774,0.2003406286239624,0.7786486595869064,0.38469338,1.3532377,0.7104488,False,False,False
5,cycle44_subj05_margin_low_1sess_150ep,976,70671,0.056889977,0.049909912,48,0.0069800653,1.0,1.0,1.0,1.0,0.0041387826,0.0034174696,0.00072131306,0.0,0.0,0,0,1.0,1.0,0.0,0.79405177,0.037569284,0.7504848,1.743212,0.7930612,0.8424766,12.835737,0.22135134041309357,0.27517229318618774,0.2003406286239624,0.7786486595869064,0.38586232,1.3573498,0.584364,False,False,False
5,cycle44_subj05_margin_low_1sess_150ep,977,70758,0.03034936,0.04824347,928,-0.01789411,32.0,0.0,10.666666666666666,12.0,0.0019441228,-0.000999894,0.0029440168,-5.0,0.0,0,0,19.0,17.0,-2.0,0.8637959,0.017713249,0.83328533,1.7330022,0.86119556,0.8396205,12.720065,0.22135134041309357,0.27517229318618774,0.2003406286239624,0.7786486595869064,0.38360235,1.3493998,0.6488365,False,False,False
5,cycle44_subj05_margin_low_1sess_150ep,978,70764,0.053440675,0.044982415,419,0.00845826,1.0,1.0,1.0,1.0,0.0033935234,0.0026564226,0.00073710084,0.0,0.0,0,0,1.0,1.0,0.0,0.8209428,0.014385641,0.784366,1.7428569,0.8054204,0.8422706,12.83105,0.22135134041309357,0.27517229318618774,0.2003406286239624,0.7786486595869064,0.3857837,1.3570732,0.61074555,False,False,False
5,cycle44_subj05_margin_low_1sess_150ep,979,70947,0.034195986,0.04134157,100,-0.0071455836,17.0,0.0,5.25,5.0,0.008662868,0.003246054,0.0054168142,-5.0,0.0,0,0,5.0,3.0,-2.0,0.905452,0.004341662,0.87898576,1.7306178,0.83426154,0.83776337,12.7685795,0.22135134041309357,0.27517229318618774,0.2003406286239624,0.7786486595869064,0.38307455,1.3475432,0.6844211,False,False,False
5,cycle44_subj05_margin_low_1sess_150ep,980,71025,0.02121269,0.04595243,118,-0.024739742,269.0,0.0,85.46153846153847,84.0,0.0028925166,0.0054132603,-0.0025207438,23.0,0.0,0,0,85.0,93.0,8.0,0.84927493,0.020022333,0.81810904,1.7373534,0.8371534,0.8399743,12.833278,0.22135134041309357,0.27517229318618774,0.2003406286239624,0.7786486595869064,0.3845655,1.352788,0.6370195,False,False,False
5,cycle44_subj05_margin_low_1sess_150ep,981,71186,0.04934126,0.045923434,46,0.0034178272,1.0,1.0,1.0,1.0,0.0048431717,0.005524125,-0.00068095326,0.0,0.0,0,0,1.0,1.0,0.0,0.8783999,0.025944829,0.80957574,1.7383288,0.84764713,0.8394778,12.846907,0.22135134041309357,0.27517229318618774,0.2003406286239624,0.7786486595869064,0.38478142,1.3535475,0.6303751,False,False,False
5,cycle44_subj05_margin_low_1sess_150ep,982,71229,0.052842334,0.055216238,175,-0.002373904,3.0,0.5714285714285714,1.4285714285714286,1.0,0.0037282333,0.005194869,-0.0014666356,1.0,-0.2857142857142857,0,0,1.0,1.0,0.0,0.72559565,0.010475934,0.6976653,1.7410531,0.7338113,0.84244543,12.72225,0.22135134041309357,0.27517229318618774,0.2003406286239624,0.7786486595869064,0.38538444,1.3556687,0.54323614,False,False,False
5,cycle44_subj05_margin_low_1sess_150ep,983,71232,0.053072244,0.046920277,493,0.0061519668,1.0,1.0,1.0,1.0,0.003454443,0.008916073,-0.0054616295,0.0,0.0,0,0,1.0,1.0,0.0,0.9410582,0.054921567,0.86273366,1.7374532,0.81370413,0.83949727,12.752035,0.22135134041309357,0.27517229318618774,0.2003406286239624,0.7786486595869064,0.3845876,1.3528657,0.6717664,False,False,False
5,cycle44_subj05_margin_low_1sess_150ep,984,71241,0.042855754,0.038246103,660,0.004609652,1.0,1.0,1.0,1.0,0.0006484464,0.0042461045,-0.0035976581,0.0,0.0,0,0,1.0,1.0,0.0,0.8213307,0.0005838871,0.8051094,1.7395341,0.8413159,0.84054065,12.822663,0.22135134041309357,0.27517229318618774,0.2003406286239624,0.7786486595869064,0.3850482,1.354486,0.62689734,False,False,False
5,cycle44_subj05_margin_low_1sess_150ep,985,71410,0.05386511,0.044286195,250,0.009578913,1.0,1.0,1.0,1.0,0.0015544817,0.0029671825,-0.0014127009,0.0,0.0,0,0,1.0,1.0,0.0,0.78358203,0.00047904253,0.7622992,1.7412702,0.8137433,0.8427248,12.868728,0.22135134041309357,0.27517229318618774,0.2003406286239624,0.7786486595869064,0.38543248,1.3558377,0.59356326,False,False,False
5,cycle44_subj05_margin_low_1sess_150ep,986,71450,0.06084651,0.058506094,21,0.0023404174,1.0,1.0,1.0,1.0,0.007086877,0.006482359,0.00060451776,0.0,0.0,0,0,1.0,1.0,0.0,0.87100554,0.012135327,0.83450603,1.7420455,0.8149858,0.8413087,12.750852,0.22135134041309357,0.27517229318618774,0.2003406286239624,0.7786486595869064,0.3856041,1.3564414,0.649787,False,False,False
5,cycle44_subj05_margin_low_1sess_150ep,987,71753,0.04426093,0.044404075,246,-0.00014314428,2.0,0.5454545454545454,1.4545454545454546,1.0,0.00060810894,-0.0011680052,0.0017761141,0.0,-0.1818181818181818,0,0,3.0,4.0,1.0,0.90279776,0.0073188543,0.82185555,1.7392236,0.8223093,0.8412972,12.696527,0.22135134041309357,0.27517229318618774,0.2003406286239624,0.7786486595869064,0.3849795,1.3542441,0.63993675,False,False,False
5,cycle44_subj05_margin_low_1sess_150ep,988,71894,0.049254354,0.05387327,499,-0.0046189167,2.0,0.875,1.125,1.0,-0.000110503286,-0.0030469,0.0029363967,-2.0,0.125,0,0,1.0,1.0,0.0,0.89497334,0.008109927,0.864192,1.7325032,0.8386941,0.83921504,12.787594,0.22135134041309357,0.27517229318618774,0.2003406286239624,0.7786486595869064,0.3834919,1.3490113,0.672902,False,False,False
5,cycle44_subj05_margin_low_1sess_150ep,989,71928,0.04192043,0.044301454,384,-0.002381023,7.0,0.0,3.0,3.0,-0.0014490373,-5.351752e-05,-0.0013955198,5.0,-0.7272727272727273,0,0,1.0,1.0,0.0,0.87270105,0.00055128336,0.84173167,1.7314584,0.77231026,0.8390579,12.792909,0.22135134041309357,0.27517229318618774,0.2003406286239624,0.7786486595869064,0.38326064,1.3481978,0.65541327,False,False,False
5,cycle44_subj05_margin_low_1sess_150ep,990,72015,0.050444804,0.04586306,322,0.0045817457,1.0,1.0,1.0,1.0,0.0035689138,0.0050011687,-0.0014322549,0.0,0.0,0,0,2.0,3.0,1.0,0.85661286,0.082372725,0.75573355,1.7497232,0.7834947,0.84420246,12.781251,0.22135134041309357,0.27517229318618774,0.2003406286239624,0.7786486595869064,0.38730356,1.3624196,0.5884509,False,False,False
5,cycle44_subj05_margin_low_1sess_150ep,991,72080,0.049041685,0.04208149,523,0.0069601946,1.0,1.0,1.0,1.0,0.0016699694,0.0019894578,-0.00031948835,0.0,0.0,0,0,3.0,3.0,0.0,0.895324,0.010112882,0.840762,1.7387301,0.845363,0.84016556,12.7620125,0.22135134041309357,0.27517229318618774,0.2003406286239624,0.7786486595869064,0.38487023,1.3538599,0.65465826,False,False,False
5,cycle44_subj05_margin_low_1sess_150ep,992,72170,0.035247274,0.04685617,499,-0.011608895,13.0,0.0,4.666666666666667,5.0,-0.00043376908,-0.00073356926,0.0002998002,5.0,-0.1111111111111111,0,0,7.0,10.0,3.0,0.83264637,0.029593766,0.7758132,1.7324771,0.82558626,0.8391038,12.828633,0.22135134041309357,0.27517229318618774,0.2003406286239624,0.7786486595869064,0.38348612,1.3489909,0.6040859,False,False,False
5,cycle44_subj05_margin_low_1sess_150ep,993,72209,0.047228076,0.043850124,223,0.0033779517,1.0,1.0,1.0,1.0,0.00044740364,0.0006533377,-0.00020593405,0.0,0.0,0,0,2.0,2.0,0.0,0.78609884,0.013545394,0.76103914,1.7365654,0.8111513,0.8412335,12.763594,0.22135134041309357,0.27517229318618774,0.2003406286239624,0.7786486595869064,0.38439107,1.3521743,0.5925821,False,False,False
5,cycle44_subj05_margin_low_1sess_150ep,994,72257,0.037613597,0.053774994,403,-0.016161397,22.0,0.0,7.636363636363637,7.0,-0.0027023628,-0.0008405745,-0.0018617883,13.0,-0.0909090909090909,0,0,6.0,12.0,6.0,0.85850626,0.009231329,0.82129395,1.7384942,0.78814846,0.84079736,12.766257,0.22135134041309357,0.27517229318618774,0.2003406286239624,0.7786486595869064,0.38481802,1.3536762,0.6394994,False,False,False
5,cycle44_subj05_margin_low_1sess_150ep,995,72312,0.036642835,0.049591176,501,-0.012948342,18.0,0.0,6.111111111111111,6.0,0.006908145,0.0023162737,0.004591871,-5.0,0.0,0,0,2.0,3.0,1.0,0.9376887,0.030459106,0.892485,1.7305057,0.7662628,0.83791447,12.742204,0.22135134041309357,0.27517229318618774,0.2003406286239624,0.7786486595869064,0.38304976,1.347456,0.6949323,False,False,False
5,cycle44_subj05_margin_low_1sess_150ep,996,72510,0.038007095,0.04161477,828,-0.0036076754,2.0,0.625,1.375,1.0,0.00026232004,0.0048491433,-0.0045868233,1.0,-0.375,1,0,7.0,9.0,2.0,0.8407283,0.0061816573,0.81444323,1.7351143,0.8318355,0.8405357,12.849323,0.22135134041309357,0.27517229318618774,0.2003406286239624,0.7786486595869064,0.3840699,1.3510445,0.63416517,False,False,False
5,cycle44_subj05_margin_low_1sess_150ep,997,72605,0.06128052,0.05317102,793,0.008109499,1.0,1.0,1.0,1.0,-5.0783157e-05,0.00092610717,-0.0009768903,0.0,0.0,0,0,1.0,1.0,0.0,0.9305326,0.0004886389,0.9034065,1.7394061,0.79583627,0.8409458,12.804429,0.22135134041309357,0.27517229318618774,0.2003406286239624,0.7786486595869064,0.38501987,1.3543862,0.70343626,False,False,False
5,cycle44_subj05_margin_low_1sess_150ep,998,72719,0.03479945,0.049705587,728,-0.014906138,4.0,0.4285714285714285,1.7857142857142858,2.0,-0.00013038516,0.008697506,-0.008827891,2.0,-0.2142857142857143,0,0,8.0,12.0,4.0,0.7957035,0.0060236454,0.78644955,1.7345651,0.8627132,0.8391613,12.844636,0.22135134041309357,0.27517229318618774,0.2003406286239624,0.7786486595869064,0.38394833,1.3506168,0.6123679,False,False,False
5,cycle44_subj05_margin_low_1sess_150ep,999,72948,0.05137614,0.05068498,828,0.00069116056,1.0,1.0,1.0,1.0,0.00015384331,0.0068825334,-0.00672869,0.0,0.0,0,0,1.0,1.0,0.0,0.87604856,0.011492908,0.85559,1.7334764,0.86992764,0.83982074,12.8136835,0.22135134041309357,0.27517229318618774,0.2003406286239624,0.7786486595869064,0.3837073,1.3497691,0.66620404,False,False,False
