subject,eval_index,image_id,margin0_brainret_rank,margin_low_brainret_rank,margin0_winning_impostor_index,margin_low_winning_impostor_index,rank_transition_class,positive_similarity,hardest_impostor_similarity,positive_minus_hardest_margin,delta_positive_similarity,delta_hardest_impostor_similarity,delta_margin,delta_full_pool_rank,image_full_pool_rank_margin0,image_full_pool_rank,delta_image_full_pool_rank,cycle47_stress_image_preserved_or_improved_brain_worse,cycle47_rank1_to_not1,cycle47_not1_to_rank1,teacher_winner_in_target_top1,teacher_winner_in_target_top5,teacher_winner_in_target_top10,teacher_winner_in_target_top50,brain_eval_winner_in_target_top1,brain_eval_winner_in_target_top5,brain_eval_winner_in_target_top10,brain_eval_winner_in_target_top50,teacher_dir_cosine,brain_eval_dir_cosine,enhanced_dir_cosine
7,0,2950,22.0,78.0,24,875,not1_kept,0.027308373,0.04260366,-0.015295288,-0.007312374,-0.001331076,-0.005981298,56.0,27.0,54.0,27.0,False,0,0,False,False,False,False,False,False,False,False,0.013187626,-0.16669439,
7,1,2990,125.0,128.0,921,921,not1_kept,0.024801264,0.043427456,-0.018626193,-0.002411304,-0.00049934164,-0.0019119624,3.0,98.0,98.0,0.0,True,0,0,False,False,False,False,False,False,False,True,0.003095433,-0.098702654,
7,2,3049,4.0,2.0,11,11,not1_kept,0.052057117,0.05430025,-0.0022431314,0.004012786,0.0011923313,0.0028204545,-2.0,20.0,17.0,-3.0,False,0,0,False,False,False,True,False,False,False,True,-0.0057503865,-0.120046146,
7,3,3077,1.0,1.0,11,11,rank1_kept,0.056821413,0.05015771,0.0066637024,-0.00077529997,-0.0015641414,0.0007888414,0.0,1.0,1.0,0.0,False,0,0,False,False,False,True,False,False,False,False,-0.0015900282,-0.026854666,
7,4,3146,1.0,1.0,272,697,rank1_kept,0.053314634,0.04607327,0.0072413646,0.0021059923,-0.0019112974,0.0040172897,0.0,6.0,2.0,-4.0,False,0,0,False,False,False,False,False,False,False,True,-0.006163525,-0.09747914,
7,5,3157,4.0,4.0,778,778,not1_kept,0.050834697,0.055637985,-0.0048032887,-0.0045878515,-0.004803188,0.00021533668,0.0,1.0,2.0,1.0,False,0,0,True,True,True,True,False,False,False,False,-0.0003840176,-0.15429768,
7,6,3164,2.0,5.0,655,655,not1_kept,0.044615127,0.057661556,-0.013046429,-0.012100443,-9.005517e-05,-0.012010388,3.0,1.0,1.0,0.0,True,0,0,False,False,False,False,False,False,False,True,0.021682655,-0.10078849,
7,7,3171,6.0,11.0,522,567,not1_kept,0.045919277,0.05707575,-0.011156473,-0.0028879829,0.000191506,-0.0030794889,5.0,4.0,4.0,0.0,True,0,0,False,False,False,False,False,False,False,False,0.009399608,-0.13403283,
7,8,3181,2.0,1.0,859,859,not1_to_rank1,0.05183128,0.04703415,0.004797127,0.00085034594,-0.0041249506,0.0049752966,-1.0,4.0,1.0,-3.0,False,0,1,False,True,True,True,False,True,True,True,-0.010871145,-0.11584991,
7,9,3386,2.0,3.0,57,11,not1_kept,0.05650473,0.05978185,-0.0032771192,-0.0010965466,-0.0013383627,0.00024181604,1.0,1.0,1.0,0.0,True,0,0,False,False,True,True,False,False,False,False,0.009174859,0.004827235,
7,10,3434,7.0,5.0,982,215,not1_kept,0.045883,0.05198262,-0.006099619,-0.0031452626,-0.0014074259,-0.0017378367,-2.0,1.0,1.0,0.0,False,0,0,False,True,True,True,False,True,True,True,0.008092484,-0.0423548,
7,11,3449,1.0,1.0,647,647,rank1_kept,0.06273952,0.059506655,0.0032328665,0.0026058592,0.003734503,-0.0011286438,0.0,2.0,2.0,0.0,False,0,0,False,False,True,True,False,True,True,True,0.0023507997,-0.047483772,
7,12,3489,1.0,1.0,271,694,rank1_kept,0.059839316,0.054201204,0.0056381114,-0.0026130117,0.0017748512,-0.004387863,0.0,1.0,1.0,0.0,False,0,0,False,False,False,False,False,True,True,True,0.012162141,-0.0607694,
7,13,3626,1.0,1.0,316,461,rank1_kept,0.053643405,0.049547806,0.004095599,-0.010853365,-0.0019809417,-0.008872423,0.0,1.0,1.0,0.0,False,0,0,False,False,False,False,True,True,True,True,0.019930726,-0.006731218,
7,14,3682,2.0,1.0,685,999,not1_to_rank1,0.04534476,0.04162779,0.003716968,-0.0017723627,-0.0070166737,0.005244311,-1.0,1.0,1.0,0.0,False,0,1,False,False,False,False,False,False,False,False,0.0029216986,-0.07924225,
7,15,3687,11.0,5.0,282,282,not1_kept,0.046542566,0.054761283,-0.008218717,0.0012999661,0.0030313283,-0.0017313622,-6.0,2.0,2.0,0.0,False,0,0,False,False,False,False,False,False,False,False,0.0032186867,-0.11041415,
7,16,3729,69.0,64.0,106,106,not1_kept,0.037907187,0.05256216,-0.014654972,-0.0016639642,-0.0012880489,-0.00037591532,-5.0,3.0,2.0,-1.0,False,0,0,False,False,False,False,False,False,False,False,0.0007265705,-0.074885264,
7,17,3809,5.0,12.0,770,770,not1_kept,0.042293273,0.046620514,-0.0043272413,-0.004567437,-0.0080380775,0.0034706406,7.0,3.0,10.0,7.0,False,0,0,False,False,False,False,False,False,False,False,-0.006807402,-0.16287334,
7,18,3842,3.0,1.0,149,149,not1_to_rank1,0.05535491,0.051242642,0.0041122697,0.002559401,-0.002062142,0.004621543,-2.0,1.0,1.0,0.0,False,0,1,False,False,False,False,False,False,False,True,-0.008644032,0.0124848895,
7,19,3847,22.0,20.0,428,428,not1_kept,0.03233899,0.046961248,-0.014622256,-0.0024871342,-0.004314527,0.0018273927,-2.0,16.0,11.0,-5.0,False,0,0,False,True,True,True,False,False,True,True,-0.0035463471,-0.055822153,
7,20,3856,116.0,118.0,949,949,not1_kept,0.028801417,0.053908877,-0.02510746,-0.002432946,0.00060270354,-0.0030356497,2.0,62.0,65.0,3.0,False,0,0,False,False,False,False,False,False,False,False,0.005433635,-0.066575795,
7,21,3913,1.0,1.0,822,967,rank1_kept,0.054890618,0.05235361,0.0025370084,-0.0015622787,-0.0034437105,0.0018814318,0.0,1.0,1.0,0.0,False,0,0,False,False,False,True,False,False,False,False,0.0012708092,-0.06410466,
7,22,3951,1.0,1.0,791,745,rank1_kept,0.052677136,0.04873301,0.003944125,-0.0052021965,-0.0041252673,-0.0010769293,0.0,2.0,2.0,0.0,False,0,0,False,True,True,True,False,True,True,True,0.009034445,-0.0020562755,
7,23,4051,4.0,5.0,484,484,not1_kept,0.0465349,0.055412553,-0.008877654,-0.0014989935,0.0042914934,-0.005790487,1.0,18.0,13.0,-5.0,True,0,0,False,False,False,True,False,False,False,True,0.009757291,-0.124541804,
7,24,4058,1.0,1.0,270,356,rank1_kept,0.05608799,0.04674806,0.009339929,-0.0011897236,0.00023653358,-0.0014262572,0.0,1.0,1.0,0.0,False,0,0,False,False,False,False,False,False,False,False,0.011373681,-0.13452841,
7,25,4129,313.0,117.0,481,274,not1_kept,0.03329549,0.05447394,-0.02117845,0.0026073456,-0.0028820522,0.005489398,-196.0,20.0,9.0,-11.0,False,0,0,False,False,False,False,False,False,False,False,-0.0056338245,-0.114956856,
7,26,4156,25.0,99.0,717,717,not1_kept,0.03651635,0.0536412,-0.01712485,-0.010478117,-0.010372728,-0.00010538846,74.0,2.0,17.0,15.0,False,0,0,False,True,True,True,False,False,True,True,0.00020555308,-0.16511625,
7,27,4249,1.0,1.0,685,115,rank1_kept,0.061441142,0.04591573,0.015525412,0.0024608746,-0.0017114654,0.00417234,0.0,1.0,1.0,0.0,False,0,0,False,False,False,True,False,False,True,True,-0.007817412,-0.014017823,
7,28,4325,1.0,1.0,180,810,rank1_kept,0.059904784,0.051019788,0.008884996,0.00065622106,0.00040091202,0.00025530905,0.0,2.0,1.0,-1.0,False,0,0,False,False,False,True,False,False,False,True,0.005554635,-0.14003025,
7,29,4423,4.0,8.0,380,967,not1_kept,0.043724272,0.05904397,-0.015319698,-0.0052305236,-0.0015930608,-0.0036374629,4.0,1.0,2.0,1.0,False,0,0,False,False,False,False,False,False,False,True,0.014276279,-0.08736217,
7,30,4436,1.0,1.0,490,490,rank1_kept,0.05173747,0.045720402,0.0060170665,-0.0034975037,-0.0029798225,-0.00051768124,0.0,1.0,1.0,0.0,False,0,0,False,False,False,True,False,False,False,True,0.0009548731,-0.07887628,
7,31,4612,1.0,1.0,760,132,rank1_kept,0.05064403,0.04326181,0.007382218,-0.00082636625,-0.0025996864,0.0017733201,0.0,1.0,1.0,0.0,False,0,0,False,False,False,True,False,False,False,False,0.0012272876,-0.12761883,
7,32,4667,26.0,18.0,146,920,not1_kept,0.02986288,0.042939994,-0.013077114,0.0016894825,-0.0014095865,0.003099069,-8.0,113.0,133.0,20.0,False,0,0,False,False,False,True,False,False,False,False,0.008005163,-0.09005415,
7,33,4690,4.0,4.0,298,208,not1_kept,0.043418974,0.047975678,-0.0045567043,-0.0010699816,-0.0006371252,-0.00043285638,0.0,1.0,1.0,0.0,False,0,0,False,False,False,False,False,False,False,False,0.006281724,-0.09491869,
7,34,4768,18.0,14.0,914,598,not1_kept,0.043422226,0.05100913,-0.007586904,0.0011387914,0.002869375,-0.0017305836,-4.0,8.0,7.0,-1.0,False,0,0,False,False,False,True,True,True,True,True,0.0039068437,-0.045612708,
7,35,4786,1.0,1.0,671,282,rank1_kept,0.04981566,0.044517454,0.0052982047,-0.0057558827,0.0041872896,-0.009943172,0.0,1.0,1.0,0.0,False,0,0,False,False,False,False,False,False,False,True,0.018831965,-0.07183633,
7,36,4835,6.0,5.0,923,892,not1_kept,0.046956025,0.052770954,-0.0058149286,0.0009697303,-0.0018900707,0.002859801,-1.0,2.0,1.0,-1.0,False,0,0,False,False,False,True,False,False,False,True,0.0074218605,-0.05705147,
7,37,4869,2.0,4.0,490,490,not1_kept,0.049034756,0.055209704,-0.006174948,-0.007118117,-0.0010089241,-0.006109193,2.0,1.0,1.0,0.0,True,0,0,False,False,False,True,False,False,False,True,0.011283339,-0.11338337,
7,38,4892,17.0,3.0,380,746,not1_kept,0.051988255,0.05322395,-0.0012356937,0.0043045543,-0.0021849498,0.006489504,-14.0,1.0,1.0,0.0,False,0,0,False,False,False,False,False,False,False,False,-0.004938243,-0.20521027,
7,39,4930,1.0,1.0,17,17,rank1_kept,0.06927918,0.049364273,0.019914906,-0.0024095476,-0.0018790588,-0.0005304888,0.0,1.0,1.0,0.0,False,0,0,False,False,False,True,False,False,False,True,0.0010522974,-0.075022295,
7,40,5034,1.0,1.0,28,327,rank1_kept,0.058969676,0.048411906,0.010557771,-0.00023617968,-0.0048074424,0.0045712627,0.0,1.0,1.0,0.0,False,0,0,False,False,False,False,False,False,False,False,-0.0054204226,-0.20461012,
7,41,5106,6.0,13.0,28,28,not1_kept,0.040264234,0.05185537,-0.011591136,-0.0054724514,0.00037944317,-0.0058518946,7.0,6.0,10.0,4.0,False,0,0,False,False,False,False,False,False,False,False,0.0111170225,-0.04172174,
7,42,5204,73.0,85.0,923,923,not1_kept,0.03842241,0.05929154,-0.020869132,-0.0013947561,-0.0029125065,0.0015177503,12.0,3.0,2.0,-1.0,True,0,0,False,False,False,False,False,False,False,True,-0.0029699286,-0.088323765,
7,43,5285,1.0,2.0,761,761,rank1_to_not1,0.051499054,0.05238883,-0.0008897744,-0.003990505,-0.0030678026,-0.00092270225,1.0,1.0,1.0,0.0,True,1,0,True,True,True,True,False,False,False,True,0.0017820159,-0.0550005,
7,44,5301,1.0,1.0,208,208,rank1_kept,0.05961157,0.04778011,0.011831459,-0.001804255,0.00035792962,-0.0021621846,0.0,1.0,1.0,0.0,False,0,0,False,False,False,False,False,False,False,False,0.0038059682,-0.114597164,
7,45,5338,13.0,5.0,239,239,not1_kept,0.03435624,0.0471512,-0.01279496,-0.0012717769,-0.0012254529,-4.6323985e-05,-8.0,1.0,2.0,1.0,False,0,0,True,True,True,True,False,True,True,True,9.448378e-05,-0.1531449,
7,46,5427,120.0,50.0,638,655,not1_kept,0.033551615,0.047556806,-0.014005192,0.004067419,-0.0053199045,0.009387324,-70.0,20.0,8.0,-12.0,False,0,0,False,False,False,True,False,False,False,True,0.00013093691,-0.104311004,
7,47,5459,1.0,1.0,380,380,rank1_kept,0.047960423,0.0433095,0.0046509244,0.00012571365,-0.0024941787,0.0026198924,0.0,6.0,4.0,-2.0,False,0,0,False,False,False,False,False,False,False,True,-0.0050432966,-0.07511334,
7,48,5502,384.0,345.0,93,93,not1_kept,0.026617114,0.056712843,-0.03009573,0.0022087917,0.00063522905,0.0015735626,-39.0,111.0,61.0,-50.0,False,0,0,False,False,False,False,False,True,True,True,-0.0028285114,-0.1268828,
7,49,5542,1.0,1.0,244,769,rank1_kept,0.057401244,0.046820063,0.01058118,-0.0014226548,0.0012729503,-0.0026956052,0.0,2.0,1.0,-1.0,False,0,0,False,False,False,False,False,False,False,False,0.010094997,-0.05779148,
7,50,5574,2.0,2.0,178,178,not1_kept,0.05826927,0.05844709,-0.00017781928,-0.000776954,-0.0058736987,0.0050967447,0.0,3.0,4.0,1.0,False,0,0,False,False,False,False,False,False,False,True,-0.009573847,-0.10200352,
7,51,5583,1.0,1.0,897,567,rank1_kept,0.060201798,0.0540064,0.006195396,-0.0023534931,-0.0055560246,0.0032025315,0.0,1.0,1.0,0.0,False,0,0,False,False,False,False,False,False,True,True,0.009497057,-0.07201816,
7,52,5602,2.0,2.0,922,922,not1_kept,0.04530842,0.05365016,-0.008341741,-0.0027958155,-0.004283961,0.0014881454,0.0,1.0,1.0,0.0,False,0,0,False,True,True,True,False,False,False,True,-0.0027472794,-0.019362137,
7,53,5714,1.0,1.0,153,659,rank1_kept,0.055068552,0.049263243,0.00580531,-0.006342996,-0.0054472573,-0.0008957386,0.0,1.0,1.0,0.0,False,0,0,False,False,False,False,False,False,True,True,0.0033815852,-0.15065065,
7,54,5878,1.0,1.0,39,39,rank1_kept,0.06774217,0.057940423,0.009801745,-0.0009136796,-0.002286125,0.0013724454,0.0,1.0,1.0,0.0,False,0,0,False,True,True,True,False,False,False,False,-0.0026054892,-0.087632805,
7,55,5890,496.0,378.0,208,208,not1_kept,0.024249038,0.05552319,-0.031274155,-0.0045409054,-0.000984937,-0.0035559703,-118.0,48.0,105.0,57.0,False,0,0,False,False,True,True,False,False,False,False,0.006480281,-0.17423198,
7,56,6132,6.0,4.0,167,167,not1_kept,0.047421362,0.05216346,-0.004742097,0.0010514893,-0.002927713,0.0039792024,-2.0,1.0,1.0,0.0,False,0,0,False,False,False,True,False,False,False,True,-0.007849775,0.011409165,
7,57,6199,1.0,2.0,828,828,rank1_to_not1,0.050119236,0.051168624,-0.0010493882,-0.0073417686,-0.0017538071,-0.0055879615,1.0,2.0,4.0,2.0,False,1,0,False,True,True,True,False,False,False,True,0.012029154,-0.07260145,
7,58,6222,2.0,2.0,520,520,not1_kept,0.048563253,0.05412406,-0.005560808,-0.0035478808,-0.0047892816,0.0012414008,0.0,2.0,2.0,0.0,False,0,0,False,True,True,True,False,True,True,True,-0.0023962338,-0.12090963,
7,59,6431,1.0,1.0,751,751,rank1_kept,0.06571165,0.04429706,0.021414585,0.0024108738,7.080659e-05,0.0023400672,0.0,1.0,1.0,0.0,False,0,0,False,True,True,True,False,True,True,True,-0.00488895,-0.02020853,
7,60,6444,3.0,6.0,263,263,not1_kept,0.038477656,0.047944352,-0.0094666965,-0.004104335,-0.0023934916,-0.0017108433,3.0,1.0,1.0,0.0,True,0,0,False,False,False,False,False,False,True,True,0.0030355672,-0.057563767,
7,61,6489,7.0,5.0,421,172,not1_kept,0.041480526,0.04806272,-0.006582193,-0.0018581748,-0.00095255673,-0.0009056181,-2.0,2.0,2.0,0.0,False,0,0,False,False,False,False,False,False,False,False,0.0020219763,-0.10313386,
7,62,6514,28.0,19.0,28,28,not1_kept,0.03888233,0.055920847,-0.017038517,0.0015873164,0.0010585301,0.00052878633,-9.0,1.0,1.0,0.0,False,0,0,False,False,False,False,False,False,False,True,-0.0010272852,0.014058473,
7,63,6521,1.0,1.0,778,778,rank1_kept,0.06332363,0.057282645,0.0060409866,-0.002226904,-0.0027859062,0.00055900216,0.0,1.0,1.0,0.0,False,0,0,False,True,True,True,False,False,False,False,-0.001085199,-0.11260979,
7,64,6524,25.0,33.0,493,578,not1_kept,0.035522044,0.047217537,-0.011695493,-0.0010473505,-0.0027418137,0.0016944632,8.0,21.0,9.0,-12.0,True,0,0,False,False,False,True,False,False,False,False,0.008644114,-0.11846468,
7,65,6558,2.0,3.0,146,146,not1_kept,0.04112641,0.045347087,-0.0042206757,-0.004841991,-0.0042087026,-0.0006332882,1.0,2.0,5.0,3.0,False,0,0,False,False,True,True,False,False,False,False,0.0011304058,-0.12469277,
7,66,6640,23.0,37.0,818,818,not1_kept,0.041252296,0.05529351,-0.014041215,-0.0039901435,-0.0028082319,-0.0011819117,14.0,1.0,1.0,0.0,True,0,0,False,False,True,True,False,True,True,True,0.0024216985,-0.06677263,
7,67,6713,1.0,1.0,302,302,rank1_kept,0.057628356,0.04959391,0.008034445,-0.0039879903,0.0002422221,-0.0042302124,0.0,1.0,1.0,0.0,False,0,0,False,False,False,True,True,True,True,True,0.007992176,-0.08639822,
7,68,6801,12.0,22.0,984,984,not1_kept,0.042578653,0.05128673,-0.008708078,-0.0027631111,-0.0046138987,0.0018507876,10.0,1.0,1.0,0.0,True,0,0,False,False,False,False,False,False,True,True,-0.0033437086,-0.09502397,
7,69,7007,25.0,13.0,484,484,not1_kept,0.047668647,0.05825712,-0.010588475,0.002429586,-0.001455985,0.003885571,-12.0,1.0,1.0,0.0,False,0,0,False,False,False,True,False,False,False,True,-0.00794638,-0.06624121,
7,70,7039,1.0,1.0,793,793,rank1_kept,0.06227067,0.051006634,0.011264037,-0.0007893294,-0.002615925,0.0018265955,0.0,1.0,1.0,0.0,False,0,0,False,False,False,False,False,False,False,True,-0.003464345,-0.09169161,
7,71,7120,2.0,2.0,681,681,not1_kept,0.0527757,0.057395127,-0.004619427,-0.0065016374,-0.0026112273,-0.00389041,0.0,1.0,1.0,0.0,False,0,0,False,False,False,False,False,False,False,True,0.008004184,0.0013562652,
7,72,7207,1.0,1.0,777,777,rank1_kept,0.06930829,0.058239616,0.011068672,0.00094661117,-0.0037940294,0.0047406405,0.0,1.0,1.0,0.0,False,0,0,False,False,False,False,False,False,False,True,-0.008120133,-0.1812119,
7,73,7336,3.0,4.0,717,717,not1_kept,0.04924256,0.0530308,-0.0037882403,-0.0053246953,-0.0032182746,-0.0021064207,1.0,2.0,2.0,0.0,True,0,0,False,False,False,True,False,False,False,False,0.0035350218,-0.07983292,
7,74,7366,2.0,3.0,705,200,not1_kept,0.036976334,0.04317328,-0.006196946,-0.0039581396,-0.00039405003,-0.0035640895,1.0,1.0,1.0,0.0,True,0,0,False,False,False,True,False,True,True,True,0.013396706,-0.09164705,
7,75,7409,1.0,1.0,468,468,rank1_kept,0.05285295,0.04360842,0.009244531,-0.007527508,-0.0094417,0.001914192,0.0,1.0,1.0,0.0,False,0,0,False,False,False,False,False,False,False,True,-0.0031772642,-0.083835885,
7,76,7418,1.0,1.0,852,852,rank1_kept,0.0534583,0.037866425,0.015591875,-0.0036178753,-0.0064898133,0.002871938,0.0,1.0,1.0,0.0,False,0,0,False,False,True,True,False,False,False,False,-0.005199494,-0.15093604,
7,77,7480,3.0,6.0,300,300,not1_kept,0.04914766,0.05411461,-0.004966948,-0.0031107813,-0.003500037,0.00038925558,3.0,2.0,1.0,-1.0,True,0,0,False,False,False,True,False,False,False,False,-0.0007270153,-0.14806865,
7,78,7654,4.0,3.0,178,788,not1_kept,0.048463482,0.049221255,-0.0007577725,-0.002050668,-0.008389674,0.006339006,-1.0,1.0,1.0,0.0,False,0,0,False,False,False,False,False,False,False,False,-0.001647061,-0.13810876,
7,79,7659,1.0,1.0,388,388,rank1_kept,0.047644142,0.037520103,0.010124039,-0.007332526,-0.008335281,0.001002755,0.0,1.0,2.0,1.0,False,0,0,False,False,False,False,True,True,True,True,-0.0018957139,-0.10516862,
7,80,7840,5.0,2.0,346,346,not1_kept,0.04513804,0.047817245,-0.0026792064,0.000914827,-0.0010959096,0.0020107366,-3.0,1.0,1.0,0.0,False,0,0,False,False,False,False,False,False,False,False,-0.0035970267,-0.15679024,
7,81,7859,1.0,1.0,509,480,rank1_kept,0.049337503,0.042959753,0.006377749,0.000589855,-0.003163308,0.003753163,0.0,1.0,1.0,0.0,False,0,0,False,False,False,False,False,False,False,False,0.0015325963,-0.08733956,
7,82,7944,1.0,1.0,704,704,rank1_kept,0.06091952,0.0495223,0.01139722,-0.0030820929,-0.0020451993,-0.0010368936,0.0,2.0,1.0,-1.0,False,0,0,False,False,False,True,False,False,False,True,0.0019385685,-0.1075522,
7,83,7948,1.0,1.0,827,827,rank1_kept,0.063077815,0.04630601,0.016771805,0.0054412596,-0.000114664435,0.005555924,0.0,1.0,1.0,0.0,False,0,0,False,False,False,False,False,False,False,True,-0.010121832,-0.11300745,
7,84,7954,39.0,27.0,590,590,not1_kept,0.03201692,0.044852335,-0.012835413,-0.0012258478,-0.0049440265,0.0037181787,-12.0,35.0,30.0,-5.0,False,0,0,False,False,False,True,False,False,False,False,-0.0066135256,-0.07790786,
7,85,8006,1.0,1.0,217,217,rank1_kept,0.06317802,0.061390486,0.0017875321,-0.00038561225,0.0017924085,-0.0021780208,0.0,1.0,1.0,0.0,False,0,0,False,True,True,True,False,False,False,True,0.0045741554,-0.12123168,
7,86,8109,3.0,1.0,758,721,not1_to_rank1,0.05500158,0.051242646,0.0037589334,0.004134029,-0.0028715692,0.0070055984,-2.0,1.0,1.0,0.0,False,0,1,False,False,False,True,True,True,True,True,-0.0037235955,-0.050852355,
7,87,8204,1.0,1.0,12,875,rank1_kept,0.0475005,0.04283143,0.0046690702,7.009879e-05,-0.002174642,0.0022447407,0.0,1.0,2.0,1.0,False,0,0,False,True,True,True,False,False,False,False,0.0010851988,-0.1087127,
7,88,8225,1.0,1.0,178,178,rank1_kept,0.06779287,0.048546523,0.019246347,-0.00016658008,-0.003076814,0.002910234,0.0,1.0,1.0,0.0,False,0,0,False,False,False,False,False,False,False,True,-0.005371277,-0.1477481,
7,89,8262,455.0,321.0,24,302,not1_kept,0.017640138,0.044722967,-0.027082829,0.00053456053,-0.0036737546,0.0042083133,-134.0,147.0,87.0,-60.0,False,0,0,False,False,False,False,False,False,False,False,-0.0044859876,-0.122674935,
7,90,8274,3.0,2.0,380,250,not1_kept,0.048889853,0.054005176,-0.005115323,0.001173228,0.0039796494,-0.0028064214,-1.0,1.0,1.0,0.0,False,0,0,False,False,True,True,False,True,True,True,0.0068814633,-0.0027349526,
7,91,8318,19.0,23.0,547,208,not1_kept,0.037757605,0.04846103,-0.010703426,-0.0047746785,-0.0063529164,0.0015782379,4.0,1.0,5.0,4.0,False,0,0,False,False,False,False,False,False,False,False,0.005084156,-0.06838661,
7,92,8387,6.0,2.0,67,282,not1_kept,0.043986373,0.04480687,-0.0008204989,0.00049354136,-0.0008335449,0.0013270862,-4.0,14.0,4.0,-10.0,False,0,0,False,False,False,False,False,False,False,False,0.011870712,-0.11343823,
7,93,8394,1.0,1.0,827,788,rank1_kept,0.05397958,0.04301659,0.010962989,-0.005047396,-0.0025870092,-0.0024603866,0.0,1.0,2.0,1.0,False,0,0,False,False,False,False,False,False,False,False,0.012681348,-0.06277988,
7,94,8415,2.0,1.0,540,208,not1_to_rank1,0.05122559,0.048546795,0.0026787966,-0.00048813596,-0.004154034,0.003665898,-1.0,2.0,2.0,0.0,False,0,1,False,False,False,True,False,False,True,True,0.008247382,-0.030388234,
7,95,8435,3.0,5.0,717,655,not1_kept,0.043550532,0.05544664,-0.011896107,-0.0036059506,-0.0010991842,-0.0025067665,2.0,1.0,1.0,0.0,True,0,0,False,False,False,False,False,False,False,True,0.0072989347,-0.10819821,
7,96,8465,7.0,5.0,384,787,not1_kept,0.054599524,0.059176944,-0.0045774207,-0.0010524839,0.0004346259,-0.0014871098,-2.0,2.0,2.0,0.0,False,0,0,False,False,True,True,False,False,True,True,0.0038318336,-0.12189961,
7,97,8509,5.0,5.0,274,737,not1_kept,0.043951087,0.048481014,-0.004529927,0.0018501133,0.002496779,-0.0006466657,0.0,10.0,5.0,-5.0,False,0,0,False,False,False,False,False,False,False,True,0.0058280267,-0.067513615,
7,98,8631,6.0,3.0,875,875,not1_kept,0.05129653,0.056964245,-0.0056677163,-0.003234215,-0.007853437,0.004619222,-3.0,1.0,2.0,1.0,False,0,0,False,False,False,False,False,False,False,False,-0.008730573,-0.13137972,
7,99,8646,25.0,7.0,825,825,not1_kept,0.040583737,0.047523975,-0.006940238,0.0020606555,-0.0022779368,0.0043385923,-18.0,3.0,3.0,0.0,False,0,0,False,False,False,False,False,False,False,False,-0.007465784,-0.13029987,
7,100,8807,1.0,1.0,13,967,rank1_kept,0.06631862,0.051048506,0.015270118,0.003343165,0.0008468181,0.0024963468,0.0,1.0,1.0,0.0,False,0,0,False,False,False,True,False,False,False,False,0.00019015465,-0.062407464,
7,101,8843,4.0,5.0,93,93,not1_kept,0.042775072,0.04829502,-0.005519949,-0.00069601834,0.0011166818,-0.0018127002,1.0,6.0,4.0,-2.0,True,0,0,False,False,False,False,False,False,False,False,0.0030554833,-0.090800196,
7,102,8925,32.0,21.0,567,85,not1_kept,0.042373482,0.055803075,-0.013429593,0.0010003038,-0.0026160777,0.0036163814,-11.0,9.0,4.0,-5.0,False,0,0,False,False,False,False,False,False,True,True,-0.005612576,-0.07981135,
7,103,8933,1.0,3.0,23,588,rank1_to_not1,0.048508897,0.04984782,-0.0013389215,0.0004673563,0.0018996932,-0.0014323369,2.0,4.0,3.0,-1.0,True,1,0,False,False,False,True,True,True,True,True,0.0062681995,-0.051606655,
7,104,9027,2.0,1.0,984,984,not1_to_rank1,0.045516748,0.041712802,0.003803946,-0.0015299208,-0.008311354,0.006781433,-1.0,1.0,1.0,0.0,False,0,1,False,False,False,False,False,False,False,False,-0.011976659,-0.15617749,
7,105,9048,1.0,1.0,752,480,rank1_kept,0.051861845,0.036503598,0.015358247,-0.013245732,-0.004150428,-0.009095304,0.0,1.0,1.0,0.0,False,0,0,False,False,False,False,False,False,False,False,0.030056676,-0.06237346,
7,106,9147,1.0,1.0,541,541,rank1_kept,0.059991844,0.05800006,0.0019917823,-0.0045124963,-0.0035671927,-0.0009453036,0.0,1.0,1.0,0.0,False,0,0,False,False,False,False,False,True,True,True,0.0019250112,-0.027745822,
7,107,9230,1.0,1.0,755,2,rank1_kept,0.06268967,0.044515166,0.018174503,-0.0015498474,-0.0024589375,0.00090909004,0.0,1.0,1.0,0.0,False,0,0,False,False,False,False,False,False,False,False,0.0039443024,-0.122734316,
7,108,9434,1.0,2.0,831,249,rank1_to_not1,0.05264712,0.0527181,-7.0977956e-05,-0.0032033958,-0.002771236,-0.00043215975,1.0,1.0,1.0,0.0,True,1,0,False,False,False,False,True,True,True,True,0.008110523,0.020424243,
7,109,9462,114.0,88.0,923,923,not1_kept,0.029563142,0.04887929,-0.01931615,-0.00035214424,-0.0049480423,0.004595898,-26.0,113.0,84.0,-29.0,False,0,0,False,False,False,False,False,False,False,True,-0.008980511,-0.17890948,
7,110,9680,17.0,30.0,766,172,not1_kept,0.038586617,0.05179494,-0.013208322,-0.008198973,-0.0067126118,-0.001486361,13.0,1.0,2.0,1.0,False,0,0,False,False,False,False,False,False,False,False,0.017749961,-0.059700288,
7,111,9722,1.0,1.0,159,39,rank1_kept,0.05183617,0.046104584,0.0057315864,-0.00040653348,-0.002353739,0.0019472055,0.0,4.0,1.0,-3.0,False,0,0,False,False,False,False,False,False,False,False,-0.00037580554,-0.11457086,
7,112,9804,12.0,21.0,673,196,not1_kept,0.033443313,0.042943463,-0.00950015,-0.0056884326,-0.008056276,0.002367843,9.0,7.0,7.0,0.0,True,0,0,False,False,False,False,False,False,False,True,0.0078025116,-0.045824006,
7,113,9847,1.0,1.0,318,318,rank1_kept,0.057656858,0.055424273,0.002232585,-0.00077034533,-0.0014015883,0.000631243,0.0,1.0,1.0,0.0,False,0,0,False,False,False,True,False,False,False,False,-0.001318106,0.025445998,
7,114,9865,34.0,35.0,327,327,not1_kept,0.034663413,0.056767415,-0.022104003,0.0014346465,0.0021202601,-0.0006856136,1.0,3.0,1.0,-2.0,True,0,0,False,False,False,True,False,True,True,True,0.0012153996,0.06459734,
7,115,9917,1.0,1.0,753,753,rank1_kept,0.059040017,0.055148315,0.0038917027,-0.0021229126,-0.0042336993,0.0021107867,0.0,1.0,1.0,0.0,False,0,0,False,True,True,True,True,True,True,True,-0.0044145444,0.017563459,
7,116,9978,376.0,314.0,155,567,not1_kept,0.024968008,0.04936659,-0.024398582,-0.0012895372,-0.0073309764,0.0060414393,-62.0,60.0,111.0,51.0,False,0,0,False,False,False,False,False,False,False,False,-0.0032762655,-0.15371904,
7,117,10006,8.0,14.0,567,567,not1_kept,0.042161025,0.056382995,-0.01422197,-0.003892973,0.0035694875,-0.0074624605,6.0,2.0,1.0,-1.0,True,0,0,False,False,False,False,False,False,False,False,0.012238986,-0.13527128,
7,118,10046,1.0,1.0,845,23,rank1_kept,0.06842989,0.055384994,0.013044894,-0.001579538,0.0014780238,-0.0030575618,0.0,1.0,1.0,0.0,False,0,0,False,False,True,True,False,False,False,True,0.0060275705,-0.011326198,
7,119,10064,1.0,1.0,717,717,rank1_kept,0.06034033,0.053277854,0.007062476,2.0347536e-05,-0.00019168481,0.00021203235,0.0,1.0,1.0,0.0,False,0,0,False,False,True,True,False,False,False,True,-0.00039449672,-0.07339851,
7,120,10105,6.0,10.0,115,115,not1_kept,0.045287084,0.052887306,-0.007600222,-0.0059664138,-0.004719522,-0.0012468919,4.0,5.0,6.0,1.0,False,0,0,False,True,True,True,False,False,False,True,0.0025578067,-0.076323956,
7,121,10107,36.0,16.0,954,250,not1_kept,0.04345768,0.05199116,-0.0085334815,0.0040130503,0.0005908683,0.003422182,-20.0,4.0,1.0,-3.0,False,0,0,False,False,False,False,False,False,False,False,-0.0044018193,-0.14732656,
7,122,10244,1.0,1.0,571,571,rank1_kept,0.05556146,0.04623219,0.009329271,0.001781676,-0.00397598,0.005757656,0.0,1.0,1.0,0.0,False,0,0,False,False,False,False,False,False,False,False,-0.009694346,-0.12090399,
7,123,10393,21.0,20.0,272,272,not1_kept,0.035433818,0.044582777,-0.009148959,-0.0015494153,-0.0043811686,0.0028317533,-1.0,20.0,12.0,-8.0,False,0,0,False,False,False,False,False,False,False,False,-0.004980036,-0.11786534,
7,124,10471,1.0,1.0,469,17,rank1_kept,0.051372275,0.04392452,0.007447753,-0.0013294257,0.00095609576,-0.0022855215,0.0,1.0,1.0,0.0,False,0,0,False,False,False,False,False,False,False,False,0.01069622,-0.08761962,
7,125,10507,1.0,1.0,327,327,rank1_kept,0.054707427,0.042735863,0.011971563,-0.0044489168,-0.0019756667,-0.00247325,0.0,1.0,1.0,0.0,False,0,0,True,True,True,True,False,False,False,True,0.0048930976,-0.051906,
7,126,10586,124.0,219.0,393,827,not1_kept,0.022280635,0.045030896,-0.02275026,-0.00655742,-0.0014369227,-0.005120497,95.0,25.0,16.0,-9.0,True,0,0,False,False,False,False,False,False,True,True,0.011158364,-0.161605,
7,127,10600,76.0,53.0,825,825,not1_kept,0.027940575,0.046904128,-0.018963553,-0.00020013377,-0.007652078,0.007451944,-23.0,42.0,20.0,-22.0,False,0,0,False,False,False,False,False,False,False,False,-0.01236226,-0.18870291,
7,128,10610,4.0,5.0,136,891,not1_kept,0.04167498,0.046291973,-0.0046169944,-0.002026271,-0.0043073706,0.0022810996,1.0,1.0,1.0,0.0,True,0,0,False,False,False,True,False,False,False,True,0.007168305,-0.058230937,
7,129,10907,1.0,1.0,828,79,rank1_kept,0.039486974,0.03558254,0.0039044358,-0.0068427846,-0.0047168583,-0.0021259263,0.0,1.0,1.0,0.0,False,0,0,False,False,False,False,False,False,False,True,0.0050965156,-0.08221536,
7,130,11159,2.0,2.0,191,191,not1_kept,0.03629352,0.039407756,-0.0031142347,-0.00930725,-0.010130227,0.00082297623,0.0,1.0,1.0,0.0,False,0,0,True,True,True,True,False,False,False,True,-0.0016432831,-0.16463012,
7,131,11333,12.0,2.0,318,318,not1_kept,0.048961543,0.04961776,-0.00065621734,0.004750788,-0.0033676699,0.008118458,-10.0,1.0,1.0,0.0,False,0,0,False,False,False,True,False,False,False,False,-0.01580632,-0.040981635,
7,132,11487,1.0,1.0,729,770,rank1_kept,0.050869536,0.045353446,0.0055160895,-0.0005832054,-0.0030993186,0.0025161132,0.0,4.0,4.0,0.0,False,0,0,False,False,False,False,False,False,False,False,-0.0009821008,-0.10503416,
7,133,11521,15.0,1.0,710,788,not1_to_rank1,0.046127282,0.045562588,0.0005646944,0.0063531026,9.6298754e-05,0.006256804,-14.0,2.0,1.0,-1.0,False,0,1,False,False,False,False,False,False,False,False,-0.00919921,-0.045580715,
7,134,11566,1.0,3.0,567,567,rank1_to_not1,0.0448774,0.046919946,-0.0020425469,-0.0047603287,0.0006340556,-0.0053943843,2.0,7.0,5.0,-2.0,True,1,0,False,False,False,False,False,False,True,True,0.009755938,-0.11462794,
7,135,11617,6.0,12.0,321,700,not1_kept,0.043403044,0.05389633,-0.010493286,-0.0054152347,-0.0059172064,0.0005019717,6.0,3.0,2.0,-1.0,True,0,0,False,False,True,True,False,True,True,True,0.011328448,-0.18957385,
7,136,11635,1.0,1.0,118,682,rank1_kept,0.05507957,0.053317875,0.0017616935,-0.0038878247,0.00069102645,-0.004578851,0.0,1.0,2.0,1.0,False,0,0,False,False,False,False,False,False,True,True,0.014550983,-0.051663294,
7,137,11689,1.0,1.0,230,230,rank1_kept,0.055454616,0.049595494,0.0058591217,-0.0020680018,0.0017702691,-0.003838271,0.0,1.0,2.0,1.0,False,0,0,False,False,False,True,False,True,True,True,0.0073961024,-0.056299936,
7,138,11725,5.0,3.0,505,505,not1_kept,0.043173995,0.045100115,-0.0019261204,0.004304655,-0.0006149933,0.004919648,-2.0,3.0,2.0,-1.0,False,0,0,False,False,False,True,False,False,False,False,-0.0088182315,-0.07586001,
7,139,11796,1.0,1.0,272,543,rank1_kept,0.062334254,0.04159209,0.020742163,-0.0039085,0.00047848,-0.00438698,0.0,1.0,1.0,0.0,False,0,0,False,False,False,False,False,False,False,False,0.008438778,-0.08338778,
7,140,11827,341.0,382.0,601,601,not1_kept,0.021672633,0.05062139,-0.028948758,-0.0041635334,-0.0053086095,0.001145076,41.0,43.0,85.0,42.0,False,0,0,False,False,False,False,False,False,False,False,-0.0020962402,-0.030703982,
7,141,11837,1.0,1.0,767,692,rank1_kept,0.057441596,0.04832166,0.009119935,-0.0018240251,-0.003044486,0.001220461,0.0,1.0,1.0,0.0,False,0,0,False,False,False,False,False,False,False,True,-0.0018776925,-0.113726944,
7,142,11844,1.0,1.0,430,430,rank1_kept,0.05547584,0.038736768,0.01673907,-0.004851654,-0.005447913,0.0005962588,0.0,1.0,1.0,0.0,False,0,0,False,False,False,False,False,False,False,True,-0.0011416865,-0.11690828,
7,143,11932,2.0,8.0,380,380,not1_kept,0.05118746,0.056477085,-0.0052896254,-0.0081703365,-0.0072034597,-0.00096687675,6.0,2.0,2.0,0.0,True,0,0,False,False,False,True,False,False,False,False,0.0018437391,-0.12488748,
7,144,11942,2.0,1.0,389,389,not1_to_rank1,0.041167498,0.040155657,0.001011841,-0.0076890774,-0.009009447,0.0013203695,-1.0,1.0,1.0,0.0,False,0,1,False,False,False,True,False,False,False,True,-0.0021471647,-0.15299232,
7,145,11952,2.0,1.0,39,881,not1_to_rank1,0.042525224,0.03777592,0.0047493055,-0.0010679513,-0.008113515,0.0070455633,-1.0,2.0,2.0,0.0,False,0,1,False,False,True,True,False,False,False,False,-0.006249592,-0.025673239,
7,146,12065,7.0,16.0,486,343,not1_kept,0.031645894,0.04084885,-0.009202957,-0.0073074996,-0.0030951798,-0.00421232,9.0,40.0,52.0,12.0,False,0,0,False,False,False,False,False,False,False,False,0.008808905,-0.18910551,
7,147,12075,2.0,2.0,681,681,not1_kept,0.05672696,0.061906666,-0.005179707,0.00028071553,-0.002608575,0.0028892905,0.0,1.0,1.0,0.0,False,0,0,False,False,False,False,True,True,True,True,-0.005784814,0.03968537,
7,148,12214,1.0,1.0,2,2,rank1_kept,0.05769426,0.05004223,0.0076520294,-0.0017964654,6.86869e-05,-0.0018651523,0.0,1.0,1.0,0.0,False,0,0,False,False,False,True,False,False,False,False,0.0037731528,-0.11687702,
7,149,12308,1.0,1.0,587,358,rank1_kept,0.06660785,0.04853757,0.018070277,-0.0035707727,-0.0036523268,8.1554055e-05,0.0,1.0,1.0,0.0,False,0,0,False,False,False,True,False,True,True,True,0.0045039603,-0.09094411,
7,150,12487,2.0,1.0,753,753,not1_to_rank1,0.054909468,0.054886956,2.251193e-05,-0.002301976,-0.0023301132,2.8137118e-05,-1.0,1.0,1.0,0.0,False,0,1,False,False,False,True,True,True,True,True,-5.688402e-05,0.0019588792,
7,151,12495,37.0,105.0,57,990,not1_kept,0.02648807,0.05186283,-0.025374759,-0.009035755,-0.0038496926,-0.0051860623,68.0,48.0,69.0,21.0,False,0,0,False,False,False,False,False,False,False,False,0.027178379,-0.08659996,
7,152,12634,4.0,3.0,28,28,not1_kept,0.049122497,0.05100644,-0.0018839426,0.0012610443,-0.0012302361,0.0024912804,-1.0,1.0,1.0,0.0,False,0,0,False,False,False,False,False,False,False,False,-0.004738315,-0.09537305,
7,153,12685,1.0,1.0,356,356,rank1_kept,0.058255732,0.047184695,0.0110710375,-0.008162402,-0.0032652244,-0.004897177,0.0,1.0,1.0,0.0,False,0,0,False,True,True,True,False,False,False,False,0.009141735,-0.12124139,
7,154,12796,1.0,1.0,576,689,rank1_kept,0.04944945,0.044367645,0.0050818063,-0.0033242814,-0.0031560734,-0.00016820803,0.0,1.0,1.0,0.0,False,0,0,False,False,False,True,False,False,False,False,0.006897987,-0.10797423,
7,155,12798,1.0,1.0,537,923,rank1_kept,0.05605057,0.049740754,0.0063098148,-0.0042340606,0.00092822686,-0.0051622875,0.0,1.0,1.0,0.0,False,0,0,False,False,False,False,False,False,False,False,0.014790374,0.022124114,
7,156,12922,1.0,1.0,380,601,rank1_kept,0.060139768,0.04959619,0.010543577,0.00025748834,0.0027353615,-0.0024778731,0.0,1.0,1.0,0.0,False,0,0,False,False,False,False,False,False,False,False,0.012376677,-0.034884296,
7,157,12937,4.0,12.0,172,172,not1_kept,0.03524744,0.05017246,-0.014925018,-0.00668519,0.0016755983,-0.008360788,8.0,1.0,9.0,8.0,False,0,0,False,False,False,False,False,False,False,False,0.013797359,-0.17463252,
7,158,13138,1.0,1.0,967,967,rank1_kept,0.061644286,0.051488094,0.010156192,-0.0046088174,0.0003485009,-0.0049573183,0.0,1.0,1.0,0.0,False,0,0,False,False,False,True,False,False,False,False,0.009809946,-0.079492114,
7,159,13230,2.0,5.0,616,541,not1_kept,0.053457886,0.057665493,-0.0042076074,-0.00690262,-0.006798614,-0.00010400638,3.0,1.0,1.0,0.0,True,0,0,False,False,False,False,False,False,False,True,0.010793945,-0.022096558,
7,160,13312,1.0,1.0,178,178,rank1_kept,0.05363355,0.0439991,0.00963445,-0.0008339025,-0.002643153,0.0018092506,0.0,1.0,1.0,0.0,False,0,0,False,False,False,False,False,False,False,False,-0.0032575354,-0.10184424,
7,161,13314,1.0,1.0,990,990,rank1_kept,0.058391076,0.050592538,0.0077985376,0.0010649934,-0.0008932911,0.0019582845,0.0,1.0,1.0,0.0,False,0,0,False,False,False,False,False,False,True,True,-0.0038753957,-0.09494915,
7,162,13613,2.0,1.0,769,23,not1_to_rank1,0.059014138,0.05066114,0.008352999,0.0018932335,-0.0065114237,0.008404657,-1.0,1.0,2.0,1.0,False,0,1,False,False,False,False,False,False,False,False,-0.0069859214,-0.05904834,
7,163,13653,1.0,1.0,118,118,rank1_kept,0.05530555,0.050175034,0.005130518,-0.0021746084,-0.0015587732,-0.0006158352,0.0,1.0,1.0,0.0,False,0,0,False,True,True,True,False,False,False,False,0.0011900271,-0.10961849,
7,164,13662,19.0,33.0,788,827,not1_kept,0.03704633,0.053049512,-0.016003184,-0.0051785,-0.0035423525,-0.0016361475,14.0,3.0,5.0,2.0,False,0,0,False,False,False,False,False,False,False,False,0.007999923,-0.10345079,
7,165,13720,16.0,28.0,57,282,not1_kept,0.029550467,0.041284334,-0.011733867,-0.005801078,-0.0028004386,-0.0030006394,12.0,31.0,46.0,15.0,False,0,0,False,False,False,False,False,False,False,True,0.020167751,-0.12371563,
7,166,13846,19.0,15.0,377,377,not1_kept,0.035614196,0.051232506,-0.015618309,-0.002055861,-0.0014151819,-0.00064067915,-4.0,6.0,6.0,0.0,False,0,0,False,False,False,False,False,True,True,True,0.0012311956,-0.07468933,
7,167,14110,5.0,8.0,208,208,not1_kept,0.03908264,0.04821479,-0.009132151,-0.005417835,-0.0043057688,-0.0011120662,3.0,10.0,11.0,1.0,False,0,0,False,True,True,True,False,False,False,False,0.0021484592,-0.087023355,
7,168,14121,1.0,2.0,200,200,rank1_to_not1,0.038767762,0.039693803,-0.0009260401,-0.0017291233,0.003298536,-0.0050276592,1.0,1.0,1.0,0.0,True,1,0,False,False,False,False,False,False,True,True,0.009425569,-0.12138453,
7,169,14165,1.0,1.0,50,208,rank1_kept,0.055137325,0.054209437,0.00092788786,-0.007504683,-0.0035729483,-0.0039317347,0.0,1.0,1.0,0.0,False,0,0,False,False,True,True,False,False,False,False,0.025704442,-0.023047533,
7,170,14179,166.0,180.0,118,118,not1_kept,0.018731136,0.043288063,-0.024556927,-0.0052729193,-0.0051917993,-8.112006e-05,14.0,143.0,234.0,91.0,False,0,0,False,False,False,False,False,False,False,False,0.00014500221,-0.1027476,
7,171,14443,1.0,1.0,57,954,rank1_kept,0.052513678,0.043687716,0.0088259615,-0.00052957237,-0.007600963,0.0070713907,0.0,1.0,1.0,0.0,False,0,0,False,False,False,False,False,True,True,True,-0.008483405,-0.032037612,
7,172,14528,1.0,1.0,208,208,rank1_kept,0.042546313,0.040730752,0.0018155612,-0.0011965781,-0.00069435313,-0.000502225,0.0,34.0,52.0,18.0,False,0,0,False,False,False,True,False,False,False,True,0.0009219721,-0.18875805,
7,173,14567,1.0,1.0,959,689,rank1_kept,0.0587707,0.04443773,0.0143329725,-0.00016271323,-0.0046644434,0.00450173,0.0,1.0,1.0,0.0,False,0,0,False,False,False,False,False,False,False,False,0.004347954,-0.058749687,
7,174,14594,2.0,2.0,590,590,not1_kept,0.056837216,0.060767643,-0.003930427,-0.004340425,-0.0044297203,8.929521e-05,0.0,1.0,1.0,0.0,False,0,0,False,False,False,True,False,False,True,True,-0.00016406654,-0.025071003,
7,175,14610,2.0,1.0,900,215,not1_to_rank1,0.042905312,0.04224334,0.0006619729,-0.0032559447,-0.004588548,0.0013326034,-1.0,5.0,5.0,0.0,False,0,1,False,False,True,True,False,False,False,True,0.012596993,-0.11427179,
7,176,14644,1.0,2.0,655,655,rank1_to_not1,0.055842478,0.058048837,-0.002206359,-0.000725884,0.0019550733,-0.0026809573,1.0,2.0,2.0,0.0,True,1,0,False,False,False,False,True,True,True,True,0.0052714096,-0.094665684,
7,177,14793,35.0,44.0,388,388,not1_kept,0.026984701,0.044923335,-0.017938634,-0.0050203744,-0.008371256,0.0033508819,9.0,3.0,3.0,0.0,True,0,0,False,False,False,False,True,True,True,True,-0.006449989,-0.098350525,
7,178,14808,1.0,1.0,50,737,rank1_kept,0.06641745,0.051204212,0.015213236,-0.001191467,-0.0010713115,-0.00012015551,0.0,1.0,1.0,0.0,False,0,0,False,True,True,True,False,False,False,True,0.0023580461,-0.061226863,
7,179,14820,344.0,317.0,28,28,not1_kept,0.0110572865,0.057740044,-0.046682756,-0.0013899114,-0.0026570782,0.0012671687,-27.0,296.0,275.0,-21.0,False,0,0,False,False,False,False,False,False,False,True,-0.002085235,-0.11238431,
7,180,14898,1.0,1.0,770,50,rank1_kept,0.057437398,0.05096703,0.0064703673,0.0025931336,-0.0032023974,0.005795531,0.0,6.0,3.0,-3.0,False,0,0,False,False,False,True,False,False,False,False,-0.0034694877,-0.11195013,
7,181,14931,9.0,7.0,454,892,not1_kept,0.04390974,0.055532236,-0.011622496,-0.003495872,-0.0009114146,-0.0025844574,-2.0,2.0,2.0,0.0,False,0,0,False,False,False,False,False,False,False,True,0.008792525,-0.16280378,
7,182,15003,1.0,1.0,178,178,rank1_kept,0.057694506,0.043770045,0.013924461,-0.0051310174,0.0013103038,-0.006441321,0.0,1.0,1.0,0.0,False,0,0,False,False,False,False,False,False,False,True,0.011728819,-0.07966633,
7,183,15025,1.0,1.0,774,774,rank1_kept,0.060823463,0.05726577,0.0035576932,0.0024049766,0.004622016,-0.0022170395,0.0,1.0,1.0,0.0,False,0,0,False,False,False,False,False,True,True,True,0.004113254,-0.07362477,
7,184,15128,55.0,20.0,567,567,not1_kept,0.03970753,0.05253171,-0.0128241815,0.0018930249,9.410083e-06,0.0018836148,-35.0,1.0,1.0,0.0,False,0,0,False,False,True,True,False,False,False,False,-0.0034500165,-0.16067663,
7,185,15364,1.0,1.0,395,395,rank1_kept,0.047732025,0.04422928,0.0035027452,-0.0038979352,-0.004546255,0.0006483197,0.0,1.0,1.0,0.0,False,0,0,True,True,True,True,True,True,True,True,-0.0013145583,-0.21931386,
7,186,15492,1.0,1.0,380,380,rank1_kept,0.05345381,0.04887355,0.0045802593,-0.00067731366,-0.000947088,0.00026977435,0.0,1.0,1.0,0.0,False,0,0,False,False,False,False,False,False,False,False,-0.0005327073,-0.03835757,
7,187,15506,2.0,1.0,567,875,not1_to_rank1,0.056193583,0.05315015,0.0030434318,0.0033407249,-0.00023825467,0.0035789795,-1.0,1.0,1.0,0.0,False,0,1,False,False,False,False,False,False,False,False,-0.00085931784,-0.08601298,
7,188,15793,1.0,1.0,178,461,rank1_kept,0.057440117,0.04619431,0.011245806,-0.0052775964,-0.0047541074,-0.00052348897,0.0,1.0,1.0,0.0,False,0,0,False,False,False,False,False,False,True,True,0.017346552,-0.06103368,
7,189,15819,1.0,1.0,773,567,rank1_kept,0.059585247,0.048463892,0.011121355,0.0010625757,-0.001509767,0.0025723428,0.0,1.0,2.0,1.0,False,0,0,False,False,False,False,False,False,False,True,0.0026811007,-0.004027426,
7,190,15939,1.0,1.0,827,827,rank1_kept,0.059615552,0.05645209,0.0031634606,-0.0009979792,0.00033800676,-0.001335986,0.0,1.0,1.0,0.0,False,0,0,False,True,True,True,True,True,True,True,0.0026454523,-0.15062428,
7,191,16063,2.0,2.0,567,567,not1_kept,0.04548274,0.050306592,-0.0048238523,0.0011322834,0.0017352365,-0.00060295314,0.0,3.0,1.0,-2.0,False,0,0,False,False,False,False,False,False,False,True,0.0010941939,-0.07328343,
7,192,16252,1.0,3.0,914,414,rank1_to_not1,0.045450404,0.049191,-0.0037405975,-0.002967734,0.00080676377,-0.0037744977,2.0,1.0,1.0,0.0,True,1,0,False,False,True,True,False,False,False,True,0.007345498,-0.108116284,
7,193,16344,15.0,33.0,145,145,not1_kept,0.02833879,0.046354204,-0.018015414,-0.007583834,-0.004199043,-0.0033847913,18.0,1.0,1.0,0.0,True,0,0,False,False,False,False,False,True,True,True,0.005995104,-0.13460192,
7,194,16421,7.0,6.0,921,921,not1_kept,0.043958467,0.051766064,-0.0078075975,-0.001333762,0.0019162856,-0.0032500476,-1.0,1.0,1.0,0.0,False,0,0,False,False,False,False,False,False,False,True,0.006025753,-0.012967733,
7,195,16466,1.0,1.0,227,591,rank1_kept,0.057753954,0.049068462,0.008685492,0.001784306,-0.00087306276,0.0026573688,0.0,1.0,1.0,0.0,False,0,0,False,False,False,False,False,False,False,True,-0.0014543537,-0.0733513,
7,196,16616,1.0,1.0,545,545,rank1_kept,0.06076846,0.0485268,0.012241658,0.00048311427,-0.00067803636,0.0011611506,0.0,1.0,1.0,0.0,False,0,0,False,False,False,True,False,False,False,False,-0.0021425316,-0.10691137,
7,197,16635,5.0,13.0,353,737,not1_kept,0.041258745,0.045973778,-0.004715033,-0.0035912283,-0.0013223998,-0.0022688285,8.0,4.0,2.0,-2.0,True,0,0,False,False,False,False,False,False,False,False,0.009378605,-0.2117248,
7,198,16655,44.0,68.0,832,832,not1_kept,0.034121558,0.049316354,-0.015194796,-0.003848683,-0.006369278,0.0025205947,24.0,25.0,18.0,-7.0,True,0,0,False,False,False,False,False,False,False,True,-0.004855171,-0.0054792874,
7,199,16702,1.0,1.0,206,206,rank1_kept,0.042723637,0.04211281,0.0006108284,-0.0045823976,-0.00052233785,-0.00406006,0.0,1.0,1.0,0.0,False,0,0,False,False,False,False,False,True,True,True,0.007224436,-0.042453,
7,200,16723,1.0,1.0,812,453,rank1_kept,0.050224606,0.031296194,0.018928412,-0.0014854632,-0.005854577,0.0043691136,0.0,1.0,2.0,1.0,False,0,0,False,False,False,True,False,False,True,True,-0.0053426097,0.012203334,
7,201,16823,1.0,1.0,739,341,rank1_kept,0.06251096,0.037453037,0.025057923,-0.005484022,-0.0028646104,-0.0026194118,0.0,1.0,1.0,0.0,False,0,0,False,False,False,False,False,False,False,True,0.009386861,-0.14556059,
7,202,16841,52.0,37.0,380,380,not1_kept,0.038681395,0.046753403,-0.008072007,0.00092858076,-0.004294418,0.0052229986,-15.0,8.0,3.0,-5.0,False,0,0,False,False,False,False,False,False,False,False,-0.009223195,-0.0907715,
7,203,16865,1.0,1.0,270,770,rank1_kept,0.052273933,0.051609103,0.0006648302,-0.0028707646,-0.00078207254,-0.002088692,0.0,1.0,1.0,0.0,False,0,0,False,False,False,True,False,False,False,True,0.008446693,-0.07146233,
7,204,16868,1.0,1.0,761,761,rank1_kept,0.05918155,0.047814574,0.011366975,-0.0010338016,-0.0003988035,-0.0006349981,0.0,1.0,2.0,1.0,False,0,0,False,False,True,True,False,True,True,True,0.001186427,-0.16404948,
7,205,16917,1.0,1.0,764,764,rank1_kept,0.057095986,0.05058808,0.006507907,-0.0004640743,-0.0031017028,0.0026376285,0.0,1.0,1.0,0.0,False,0,0,False,False,False,True,False,False,False,True,-0.0050973166,-0.06938032,
7,206,17048,10.0,18.0,828,828,not1_kept,0.04133462,0.050844293,-0.0095096715,-0.003828492,-0.00098731,-0.002841182,8.0,1.0,2.0,1.0,False,0,0,False,False,False,False,False,True,True,True,0.0049904124,-0.032421142,
7,207,17230,47.0,53.0,766,766,not1_kept,0.03331801,0.053004432,-0.019686423,-0.0041888505,-0.0053414144,0.0011525638,6.0,3.0,4.0,1.0,False,0,0,False,False,False,True,False,False,False,True,-0.002159139,-0.16977046,
7,208,17238,1.0,1.0,923,141,rank1_kept,0.060214076,0.050167624,0.010046452,6.6652894e-05,-0.0033142045,0.0033808574,0.0,2.0,1.0,-1.0,False,0,0,False,False,False,False,False,False,True,True,0.004129733,-0.01613891,
7,209,17369,7.0,26.0,516,93,not1_kept,0.044858716,0.053007737,-0.00814902,-0.0008719787,0.0024181493,-0.003290128,19.0,4.0,3.0,-1.0,True,0,0,False,False,False,False,False,False,False,False,0.0060502626,-0.083682075,
7,210,17374,2.0,2.0,540,540,not1_kept,0.050381854,0.051131736,-0.0007498823,-0.0019477233,-0.0019954108,4.768744e-05,0.0,1.0,1.0,0.0,False,0,0,False,False,False,True,False,False,False,False,-8.7469874e-05,-0.10466697,
7,211,17450,9.0,10.0,115,115,not1_kept,0.042801667,0.053978454,-0.011176787,-0.0048311874,-0.0038687102,-0.0009624772,1.0,1.0,1.0,0.0,True,0,0,False,False,False,True,False,False,False,True,0.0017293548,-0.09905209,
7,212,17463,9.0,7.0,923,282,not1_kept,0.041830517,0.048443902,-0.006613385,-0.0019995794,-0.001984179,-1.540035e-05,-2.0,4.0,7.0,3.0,False,0,0,False,False,False,True,False,False,False,False,0.008588095,-0.08355547,
7,213,17485,23.0,19.0,208,208,not1_kept,0.03258977,0.048421368,-0.015831597,-0.0024575032,-0.00069322437,-0.0017642789,-4.0,2.0,2.0,0.0,False,0,0,False,False,False,False,False,False,False,False,0.0029120257,-0.13210705,
7,214,17549,2.0,1.0,886,886,not1_to_rank1,0.054621626,0.050320707,0.0043009184,0.0037502311,-0.001503963,0.005254194,-1.0,1.0,1.0,0.0,False,0,1,False,False,False,True,False,False,False,False,-0.009559911,-0.18324067,
7,215,17595,1.0,1.0,204,204,rank1_kept,0.062102497,0.050830908,0.0112715885,-0.0038058609,-0.0017680898,-0.002037771,0.0,1.0,1.0,0.0,False,0,0,False,False,False,False,False,False,False,True,0.004055371,-0.06315113,
7,216,17776,12.0,11.0,39,963,not1_kept,0.040078465,0.045661688,-0.005583223,-0.0013940372,-0.001959689,0.0005656518,-1.0,4.0,1.0,-3.0,False,0,0,False,False,False,False,False,False,False,False,0.0058433404,-0.1013853,
7,217,17794,1.0,1.0,85,85,rank1_kept,0.060786106,0.053410392,0.0073757134,-0.0014233105,-0.0023796707,0.00095636025,0.0,1.0,2.0,1.0,False,0,0,True,True,True,True,False,True,True,True,-0.0020714044,-0.11452134,
7,218,17934,111.0,112.0,266,967,not1_kept,0.03317369,0.05987256,-0.026698869,-0.0013785847,-0.00032080337,-0.0010577813,1.0,1.0,1.0,0.0,True,0,0,False,False,False,True,False,False,False,False,0.006342208,-0.077273995,
7,219,17942,13.0,11.0,830,830,not1_kept,0.049247164,0.055710558,-0.0064633936,-0.00035766885,-0.0050370917,0.004679423,-2.0,1.0,1.0,0.0,False,0,0,False,True,True,True,False,False,True,True,-0.008920913,-0.07791549,
7,220,18268,16.0,11.0,522,967,not1_kept,0.03542391,0.045541056,-0.010117147,-0.001334548,-0.0033320636,0.0019975156,-5.0,1.0,2.0,1.0,False,0,0,False,False,True,True,False,True,True,True,0.00034737302,-0.095457315,
7,221,18434,1.0,1.0,852,70,rank1_kept,0.06578409,0.055169873,0.010614216,-0.00299415,-0.0017784499,-0.0012157001,0.0,1.0,1.0,0.0,False,0,0,False,False,False,False,True,True,True,True,0.0046101855,-0.09353651,
7,222,18483,1.0,2.0,403,403,rank1_to_not1,0.053876806,0.053995714,-0.00011890754,-0.0026067048,-5.5409968e-05,-0.0025512949,1.0,1.0,1.0,0.0,True,1,0,False,False,False,False,False,True,True,True,0.004806415,-0.09922314,
7,223,18505,15.0,7.0,849,499,not1_kept,0.03459549,0.04066275,-0.006067261,0.0007113144,-0.0048787966,0.005590111,-8.0,11.0,9.0,-2.0,False,0,0,False,False,False,False,False,False,False,True,0.004828001,-0.10110197,
7,224,18535,1.0,1.0,802,802,rank1_kept,0.052414242,0.04955142,0.0028628223,-0.0003442131,-0.0012279786,0.0008837655,0.0,3.0,2.0,-1.0,False,0,0,False,False,False,False,False,True,True,True,-0.0017994358,-0.05261916,
7,225,18543,1.0,1.0,380,380,rank1_kept,0.050448854,0.05041057,3.828481e-05,-0.006956745,-0.0038315393,-0.0031252056,0.0,1.0,3.0,2.0,False,0,0,False,False,False,False,False,False,False,True,0.0065750093,-0.080812834,
7,226,18690,1.0,1.0,912,912,rank1_kept,0.06306177,0.04335691,0.019704856,-0.0027991757,-7.5202435e-05,-0.0027239732,0.0,1.0,1.0,0.0,False,0,0,False,False,False,True,False,False,True,True,0.005868799,0.01736566,
7,227,18796,4.0,4.0,541,541,not1_kept,0.045423213,0.05020703,-0.0047838166,-0.0048723593,-0.0066812374,0.001808878,0.0,6.0,3.0,-3.0,False,0,0,False,False,False,False,False,False,False,False,-0.003264851,-0.09455314,
7,228,19074,6.0,8.0,403,967,not1_kept,0.04783019,0.053132813,-0.005302623,-0.0018857457,-0.0067848563,0.0048991106,2.0,2.0,2.0,0.0,True,0,0,False,False,False,False,False,False,False,False,0.010413205,-0.069874115,
7,229,19181,26.0,22.0,370,517,not1_kept,0.026617194,0.040575895,-0.013958702,-0.00092581287,-0.0033143274,0.0023885146,-4.0,8.0,4.0,-4.0,False,0,0,False,False,False,True,True,True,True,True,0.00037780474,-0.1492029,
7,230,19199,1.0,1.0,57,137,rank1_kept,0.0705257,0.057203606,0.013322093,0.0041999146,0.0030825213,0.0011173934,0.0,1.0,1.0,0.0,False,0,0,False,False,False,False,False,True,True,True,0.0009226409,-0.032396827,
7,231,19200,1.0,1.0,380,380,rank1_kept,0.059334386,0.051980697,0.0073536895,-0.005341079,-0.004746102,-0.0005949773,0.0,1.0,1.0,0.0,False,0,0,False,False,False,False,False,False,True,True,0.0012183497,-0.035249595,
7,232,19292,20.0,23.0,673,442,not1_kept,0.031685136,0.040345788,-0.008660652,-0.003945768,-0.0038604438,-8.532405e-05,3.0,15.0,11.0,-4.0,True,0,0,False,False,False,False,False,False,False,False,0.015574464,0.0047050295,
7,233,19436,2.0,2.0,143,143,not1_kept,0.053806275,0.059058525,-0.0052522495,-0.0073747225,-0.008387819,0.0010130964,0.0,1.0,1.0,0.0,False,0,0,False,False,False,True,False,True,True,True,-0.0019128256,-0.106590405,
7,234,19573,341.0,403.0,710,200,not1_kept,0.015781747,0.040560577,-0.02477883,-0.0031943861,-0.014545798,0.011351412,62.0,179.0,172.0,-7.0,True,0,0,False,False,False,False,False,False,False,False,0.0017744523,-0.12187887,
7,235,19642,55.0,54.0,274,274,not1_kept,0.037987303,0.052471593,-0.01448429,-0.001651261,0.0002783239,-0.0019295849,-1.0,1.0,3.0,2.0,False,0,0,False,False,False,False,False,False,False,False,0.0033220407,-0.15288793,
7,236,19672,249.0,371.0,831,886,not1_kept,0.017939514,0.04466495,-0.026725436,-0.0053213965,-0.0017872714,-0.0035341252,122.0,22.0,25.0,3.0,False,0,0,False,False,False,False,False,False,False,False,0.00839947,-0.11930167,
7,237,19690,61.0,53.0,505,180,not1_kept,0.03577958,0.050608516,-0.014828935,0.0006051287,-0.00019432232,0.000799451,-8.0,47.0,42.0,-5.0,False,0,0,False,False,False,False,False,False,False,True,-0.0012026107,-0.019133504,
7,238,19933,4.0,5.0,963,963,not1_kept,0.03812679,0.0562637,-0.018136911,-0.0037872829,0.003278248,-0.007065531,1.0,2.0,1.0,-1.0,True,0,0,False,False,False,False,False,False,False,True,0.012394538,-0.09154334,
7,239,20054,1.0,1.0,749,749,rank1_kept,0.06657182,0.044005055,0.022566762,0.001108177,-0.0042497814,0.0053579584,0.0,1.0,1.0,0.0,False,0,0,False,False,False,False,False,False,False,True,-0.010281199,-0.014723296,
7,240,20064,6.0,7.0,849,849,not1_kept,0.0410429,0.046279214,-0.0052363127,-0.0071504787,-0.0058500245,-0.0013004541,1.0,1.0,5.0,4.0,False,0,0,False,False,False,False,False,False,False,True,0.002533933,-0.09690963,
7,241,20080,9.0,7.0,831,282,not1_kept,0.041050795,0.055328388,-0.014277592,-0.00070099905,-0.0033700392,0.00266904,-2.0,6.0,4.0,-2.0,False,0,0,False,False,False,False,False,False,False,True,0.013130593,-0.0013229498,
7,242,20206,10.0,9.0,107,107,not1_kept,0.032249168,0.042893227,-0.01064406,-0.0029766075,-0.0026870817,-0.00028952584,-1.0,8.0,10.0,2.0,False,0,0,False,False,False,True,True,True,True,True,0.00056277984,-0.113606825,
7,243,20223,1.0,1.0,685,11,rank1_kept,0.05372043,0.046093255,0.0076271743,-0.003158342,-0.0019571856,-0.0012011565,0.0,1.0,1.0,0.0,False,0,0,False,False,False,False,False,False,False,True,0.008776791,-0.014965627,
7,244,20265,1.0,1.0,186,186,rank1_kept,0.05238435,0.049493864,0.0028904863,-0.005879622,0.00023535267,-0.0061149746,0.0,1.0,1.0,0.0,False,0,0,False,False,False,False,False,False,False,False,0.011146389,-0.06359085,
7,245,20307,4.0,7.0,4,4,not1_kept,0.046900496,0.05846455,-0.011564054,-0.0013358817,-0.0008591898,-0.00047669187,3.0,1.0,1.0,0.0,True,0,0,False,False,False,False,False,False,False,False,0.00086268625,-0.17347483,
7,246,20442,1.0,1.0,537,231,rank1_kept,0.05504744,0.043850675,0.011196766,-0.005164396,-0.0043624043,-0.0008019917,0.0,1.0,1.0,0.0,False,0,0,False,False,False,False,False,False,False,True,0.0041860673,-0.11506161,
7,247,20633,2.0,2.0,717,717,not1_kept,0.055334006,0.059054736,-0.0037207305,-0.00043678284,-0.002725903,0.00228912,0.0,1.0,1.0,0.0,False,0,0,False,False,False,True,True,True,True,True,-0.004379891,-0.049080838,
7,248,20650,70.0,45.0,921,921,not1_kept,0.03548241,0.054856442,-0.019374032,7.995218e-05,-0.0051361173,0.0052160695,-25.0,2.0,3.0,1.0,False,0,0,False,False,False,True,False,False,False,True,-0.009878056,-0.16801538,
7,249,20702,1.0,1.0,85,626,rank1_kept,0.0579781,0.047854602,0.010123499,0.0001700148,0.0029486567,-0.0027786419,0.0,1.0,1.0,0.0,False,0,0,False,False,False,True,False,False,True,True,0.009427137,-0.09180288,
7,250,20738,1.0,1.0,591,591,rank1_kept,0.075198814,0.062622674,0.01257614,-0.0032144338,-0.00042513758,-0.0027892962,0.0,1.0,1.0,0.0,False,0,0,False,True,True,True,True,True,True,True,0.005757523,-0.15511833,
7,251,20777,5.0,5.0,178,833,not1_kept,0.043489296,0.04723821,-0.0037489124,-0.0016836785,-0.0019167215,0.00023304299,0.0,1.0,1.0,0.0,False,0,0,False,True,True,True,False,False,False,False,0.0018922957,-0.08171567,
7,252,20820,7.0,9.0,516,12,not1_kept,0.047427356,0.052666884,-0.0052395277,-0.00093410537,0.001132682,-0.0020667873,2.0,2.0,1.0,-1.0,True,0,0,False,False,False,False,False,False,False,False,0.009746288,-0.013762602,
7,253,21108,2.0,1.0,721,721,not1_to_rank1,0.051060177,0.045076303,0.005983874,0.0018289573,-0.0045172796,0.006346237,-1.0,1.0,1.0,0.0,False,0,1,False,False,False,True,True,True,True,True,-0.0134576,-0.029108418,
7,254,21192,1.0,1.0,321,321,rank1_kept,0.05761594,0.052268922,0.005347017,-0.006980259,-0.008838788,0.0018585287,0.0,1.0,1.0,0.0,False,0,0,False,False,False,True,True,True,True,True,-0.0038194517,-0.055938385,
7,255,21194,2.0,3.0,788,788,not1_kept,0.038173437,0.045922123,-0.007748686,-0.007503018,-0.0019024722,-0.0056005456,1.0,1.0,1.0,0.0,True,0,0,False,False,False,False,False,False,False,False,0.009576654,-0.12508704,
7,256,21197,92.0,237.0,828,828,not1_kept,0.02430163,0.058629174,-0.034327544,-0.00817623,-0.0018081442,-0.0063680857,145.0,120.0,104.0,-16.0,True,0,0,False,False,False,False,False,False,False,True,0.011220607,-0.07427654,
7,257,21218,24.0,28.0,162,162,not1_kept,0.037306633,0.053766765,-0.016460132,-0.0008781031,0.0049419627,-0.0058200657,4.0,11.0,8.0,-3.0,True,0,0,False,False,False,False,False,False,False,True,0.010458023,0.011667377,
7,258,21253,1.0,1.0,201,173,rank1_kept,0.04843184,0.041492026,0.0069398135,-0.0025345758,-0.0033549927,0.00082041696,0.0,1.0,1.0,0.0,False,0,0,False,False,False,False,True,True,True,True,0.00070637785,-0.10450756,
7,259,21279,1.0,1.0,392,882,rank1_kept,0.051850542,0.044154692,0.00769585,-0.00039254501,-0.0034677126,0.0030751675,0.0,1.0,1.0,0.0,False,0,0,False,False,False,False,False,False,False,False,0.0046598683,-0.06958067,
7,260,21318,67.0,37.0,178,178,not1_kept,0.039429557,0.05608968,-0.016660124,0.0016341805,-0.0014614388,0.0030956194,-30.0,76.0,62.0,-14.0,False,0,0,False,False,False,False,False,True,True,True,-0.005729151,-0.101984695,
7,261,21508,12.0,10.0,830,914,not1_kept,0.045136455,0.050598506,-0.0054620504,0.0034872256,0.0006986782,0.0027885474,-2.0,4.0,2.0,-2.0,False,0,0,False,False,False,False,False,False,False,True,-0.0026651477,-0.046664126,
7,262,21526,108.0,27.0,11,11,not1_kept,0.034572214,0.051211428,-0.016639214,0.0069307797,0.003742423,0.0031883568,-81.0,39.0,12.0,-27.0,False,0,0,False,False,False,False,False,False,False,False,-0.0060349647,-0.07149936,
7,263,21553,1.0,1.0,441,361,rank1_kept,0.050560873,0.040227998,0.010332875,-0.005135361,-0.004468493,-0.00066686794,0.0,1.0,2.0,1.0,False,0,0,False,False,False,False,False,False,False,True,0.0023230375,-0.015117212,
7,264,21601,1.0,1.0,52,52,rank1_kept,0.042643458,0.034975465,0.0076679923,-0.008258197,-0.0075919703,-0.0006662272,0.0,1.0,1.0,0.0,False,0,0,False,False,False,False,False,False,False,True,0.0011972903,-0.19899818,
7,265,21703,2.0,2.0,982,982,not1_kept,0.047006562,0.047247972,-0.00024140999,0.0015617721,0.0014542118,0.00010756031,0.0,7.0,6.0,-1.0,False,0,0,False,False,False,False,False,False,False,True,-0.00020047306,-0.06384944,
7,266,21950,1.0,1.0,141,141,rank1_kept,0.057276353,0.053593922,0.0036824308,-0.0067909285,-0.0012027621,-0.0055881664,0.0,1.0,1.0,0.0,False,0,0,False,False,False,False,False,False,False,False,0.010645064,0.0060995705,
7,267,21989,6.0,24.0,777,567,not1_kept,0.034577094,0.049090892,-0.014513798,-0.0066702925,0.0014669932,-0.008137286,18.0,1.0,5.0,4.0,False,0,0,False,False,False,False,False,False,False,True,0.018300274,-0.11156253,
7,268,22138,6.0,4.0,704,543,not1_kept,0.053432472,0.057282012,-0.00384954,0.0014874563,-0.001567889,0.0030553453,-2.0,1.0,1.0,0.0,False,0,0,False,False,False,False,False,False,False,True,-0.00065732445,-0.11292426,
7,269,22143,2.0,2.0,655,655,not1_kept,0.053831056,0.057793844,-0.0039627887,0.0016837083,0.0016959235,-1.2215227e-05,0.0,1.0,1.0,0.0,False,0,0,False,False,False,False,False,False,True,True,2.1179323e-05,-0.014705796,
7,270,22155,274.0,219.0,831,302,not1_kept,0.016719103,0.03876266,-0.022043556,-0.00067326985,-0.00563607,0.0049628,-55.0,564.0,453.0,-111.0,False,0,0,False,False,False,True,False,False,False,False,-0.004121744,-0.09604953,
7,271,22263,2.0,1.0,616,616,not1_to_rank1,0.07018854,0.069511,0.0006775409,0.0025042817,-0.0009305477,0.0034348294,-1.0,1.0,1.0,0.0,False,0,1,False,True,True,True,False,False,False,True,-0.007219831,-0.06346744,
7,272,22387,1.0,1.0,766,923,rank1_kept,0.06566802,0.050773166,0.014894851,0.0018107072,-0.005009737,0.006820444,0.0,1.0,1.0,0.0,False,0,0,False,False,False,False,False,False,False,False,-0.009544827,-0.11872302,
7,273,22495,1.0,1.0,830,176,rank1_kept,0.050566446,0.049547743,0.001018703,-0.0010092333,-0.0013994686,0.00039023533,0.0,1.0,2.0,1.0,False,0,0,False,False,False,True,False,False,False,False,0.0065990714,-0.09090939,
7,274,22505,2.0,3.0,567,567,not1_kept,0.054960348,0.060411114,-0.0054507665,5.2899122e-05,-0.0019558854,0.0020087846,1.0,4.0,4.0,0.0,True,0,0,False,False,False,True,False,False,False,True,-0.00373953,-0.14563921,
7,275,22515,13.0,8.0,580,807,not1_kept,0.043441113,0.048503663,-0.0050625503,-0.0011580028,-0.004071925,0.002913922,-5.0,1.0,1.0,0.0,False,0,0,False,False,False,False,False,False,False,True,0.011119624,-0.06546395,
7,276,22523,1.0,1.0,23,443,rank1_kept,0.06652183,0.048078425,0.018443406,-0.00023494661,-0.0043956935,0.004160747,0.0,1.0,1.0,0.0,False,0,0,False,True,True,True,False,True,True,True,0.016867965,-0.15598738,
7,277,22530,23.0,6.0,549,967,not1_kept,0.047766663,0.05179875,-0.0040320866,0.0066554993,-0.0026885942,0.0093440935,-17.0,3.0,1.0,-2.0,False,0,0,False,False,False,False,False,False,False,False,-0.003281106,-0.14528401,
7,278,22585,6.0,4.0,954,153,not1_kept,0.046565883,0.05087207,-0.004306186,0.0021011606,-0.0027186759,0.0048198365,-2.0,2.0,2.0,0.0,False,0,0,False,False,False,False,False,False,False,False,-0.0060809334,-0.07472686,
7,279,22587,1.0,1.0,794,794,rank1_kept,0.06476679,0.049774725,0.014992062,0.00079412013,-0.0009647459,0.001758866,0.0,1.0,1.0,0.0,False,0,0,False,False,True,True,False,False,False,False,-0.0037410136,-0.12016291,
7,280,22772,5.0,9.0,710,178,not1_kept,0.045184612,0.05312534,-0.007940728,-0.0038964413,2.8830022e-05,-0.0039252713,4.0,1.0,1.0,0.0,True,0,0,False,False,False,False,False,False,False,False,0.008483272,-0.047764163,
7,281,22782,1.0,1.0,36,313,rank1_kept,0.05152861,0.043204397,0.008324213,-0.0026889518,-0.0036887415,0.0009997897,0.0,1.0,1.0,0.0,False,0,0,False,False,False,False,False,False,False,True,0.00468526,-0.028103337,
7,282,22794,1.0,1.0,828,828,rank1_kept,0.055449583,0.052799538,0.0026500449,-0.0018872023,-0.0021513626,0.00026416034,0.0,2.0,3.0,1.0,False,0,0,False,False,False,False,False,True,True,True,-0.0005108733,-0.04673151,
7,283,22809,4.0,5.0,791,22,not1_kept,0.04482315,0.054482844,-0.009659693,-0.002710998,-0.005605206,0.0028942078,1.0,1.0,1.0,0.0,True,0,0,True,True,True,True,True,True,True,True,-0.0016631974,-0.06200983,
7,284,22845,57.0,23.0,942,155,not1_kept,0.035280555,0.04236051,-0.007079955,0.0022238046,-0.004459042,0.0066828467,-34.0,74.0,30.0,-44.0,False,0,0,False,False,False,True,False,False,False,False,-0.009961837,-0.2093251,
7,285,22873,17.0,23.0,848,88,not1_kept,0.039553232,0.05022579,-0.010672558,-0.0036410764,-0.0031132512,-0.0005278252,6.0,1.0,1.0,0.0,True,0,0,False,False,False,False,False,False,True,True,0.014381736,-0.07349109,
7,286,22879,1.0,1.0,963,963,rank1_kept,0.05891345,0.047145583,0.011767868,-0.00013557449,0.00097386166,-0.0011094362,0.0,1.0,1.0,0.0,False,0,0,False,False,False,False,False,True,True,True,0.0019231774,-0.09560941,
7,287,22886,3.0,4.0,638,967,not1_kept,0.04845629,0.056346446,-0.007890157,-0.0025413856,0.0037797727,-0.0063211583,1.0,2.0,1.0,-1.0,True,0,0,False,False,False,False,False,False,False,False,0.013692449,-0.10547109,
7,288,22957,1.0,1.0,767,767,rank1_kept,0.052524835,0.04917125,0.0033535846,-0.0023338944,-0.0032068714,0.0008729771,0.0,1.0,1.0,0.0,False,0,0,False,False,False,False,False,False,False,True,-0.0016189367,-0.08008324,
7,289,22967,1.0,1.0,208,545,rank1_kept,0.06754136,0.043976415,0.023564946,-0.005011402,-0.002160497,-0.002850905,0.0,1.0,1.0,0.0,False,0,0,False,False,False,False,False,False,False,True,0.010109099,-0.07845996,
7,290,22993,15.0,11.0,318,302,not1_kept,0.043316867,0.049841616,-0.006524749,0.0010879077,-0.0016235597,0.0027114674,-4.0,1.0,1.0,0.0,False,0,0,True,True,True,True,False,False,False,True,-0.0049454058,-0.079567194,
7,291,23036,1.0,1.0,403,403,rank1_kept,0.049455978,0.04005088,0.009405099,-0.0046351478,-0.004485637,-0.0001495108,0.0,1.0,1.0,0.0,False,0,0,False,False,False,False,True,True,True,True,0.0002785524,-0.12092797,
7,292,23241,104.0,84.0,50,567,not1_kept,0.028341118,0.048471246,-0.020130128,0.0034088325,0.0012752637,0.0021335687,-20.0,47.0,15.0,-32.0,False,0,0,False,False,False,False,False,True,True,True,-0.0014608502,-0.08697604,
7,293,23492,144.0,162.0,947,947,not1_kept,0.027154854,0.056372076,-0.029217223,9.615719e-05,-0.0030111,0.0031072553,18.0,5.0,2.0,-3.0,True,0,0,False,False,False,False,False,False,False,True,-0.005436854,-0.07142628,
7,294,23715,1.0,1.0,947,377,rank1_kept,0.061003227,0.051820155,0.009183072,0.003782183,-0.0013833642,0.005165547,0.0,1.0,1.0,0.0,False,0,0,False,True,True,True,False,False,False,False,0.006819254,-0.085212074,
7,295,23729,1.0,1.0,833,833,rank1_kept,0.049674965,0.045434773,0.0042401925,-0.009094365,-0.006226424,-0.0028679408,0.0,1.0,2.0,1.0,False,0,0,False,False,False,False,False,False,True,True,0.0050536604,-0.1044861,
7,296,23871,34.0,12.0,178,149,not1_kept,0.036401164,0.043176774,-0.00677561,0.0015957989,-0.0029298142,0.004525613,-22.0,9.0,2.0,-7.0,False,0,0,False,False,False,False,False,False,False,False,-0.0049383747,-0.08227543,
7,297,23876,9.0,6.0,871,871,not1_kept,0.042244904,0.052023716,-0.0097788125,-0.0011381209,-0.002039045,0.0009009242,-3.0,8.0,9.0,1.0,False,0,0,False,False,False,False,True,True,True,True,-0.001423465,-0.13785343,
7,298,23883,1.0,1.0,93,554,rank1_kept,0.035404574,0.03354237,0.0018622056,-0.005714085,-0.0027588122,-0.0029552728,0.0,27.0,29.0,2.0,False,0,0,False,False,False,False,False,False,False,False,0.014982447,-0.11995511,
7,299,23993,1.0,1.0,132,132,rank1_kept,0.05361589,0.04958053,0.004035361,0.00086848065,-0.0023454838,0.0032139644,0.0,1.0,1.0,0.0,False,0,0,False,False,False,False,False,False,False,True,-0.005615277,-0.12106426,
7,300,24202,1.0,1.0,532,828,rank1_kept,0.05757217,0.051780913,0.005791258,0.00020450354,-0.004743714,0.0049482174,0.0,2.0,1.0,-1.0,False,0,0,False,False,False,False,False,True,True,True,-0.00790304,-0.11142817,
7,301,24214,2.0,2.0,567,567,not1_kept,0.051732812,0.05898984,-0.0072570294,-0.007013984,-0.00040120631,-0.0066127777,0.0,2.0,1.0,-1.0,False,0,0,False,False,False,False,False,False,False,False,0.013371471,-0.1134866,
7,302,24264,1.0,1.0,39,39,rank1_kept,0.06500137,0.058156505,0.0068448633,-0.00416252,0.0047219396,-0.00888446,0.0,1.0,1.0,0.0,False,0,0,False,False,False,True,False,False,False,True,0.016731005,-0.03403756,
7,303,24317,1.0,1.0,401,372,rank1_kept,0.043467134,0.037338916,0.006128218,-0.0054252706,-0.008714989,0.0032897182,0.0,1.0,1.0,0.0,False,0,0,False,False,False,True,False,False,False,False,0.011913628,-0.061177686,
7,304,24480,21.0,14.0,827,828,not1_kept,0.040710688,0.053465303,-0.012754615,3.122911e-05,0.0029987283,-0.0029674992,-7.0,8.0,7.0,-1.0,False,0,0,False,False,False,True,False,False,False,True,0.0053457906,-0.14458826,
7,305,24517,7.0,5.0,967,967,not1_kept,0.049494337,0.05936629,-0.009871952,0.001726903,0.008202445,-0.0064755417,-2.0,1.0,1.0,0.0,False,0,0,False,False,False,False,False,True,True,True,0.011290828,-0.078102775,
7,306,24530,519.0,622.0,875,875,not1_kept,0.014591915,0.05055885,-0.035966936,-0.0055137286,-0.0013886876,-0.00412504,103.0,347.0,486.0,139.0,False,0,0,False,False,False,False,False,False,False,False,0.0074743247,-0.15526782,
7,307,24560,2.0,1.0,685,685,not1_to_rank1,0.050947722,0.04600862,0.0049391016,-0.0030091405,-0.009160262,0.006151121,-1.0,1.0,1.0,0.0,False,0,1,False,False,False,False,False,False,False,True,-0.011018667,-0.15897235,
7,308,24638,3.0,3.0,484,484,not1_kept,0.0513909,0.053923592,-0.0025326908,-0.0029635988,-0.0072945803,0.0043309815,0.0,5.0,9.0,4.0,False,0,0,False,False,False,False,False,False,False,True,-0.008726257,-0.19567625,
7,309,24640,9.0,68.0,825,172,not1_kept,0.024620209,0.038836807,-0.014216598,-0.012269355,-0.0051954202,-0.007073935,59.0,8.0,16.0,8.0,False,0,0,False,False,False,True,False,False,False,False,0.018941626,-0.09151906,
7,310,24649,9.0,9.0,208,799,not1_kept,0.042475354,0.047378726,-0.0049033724,-0.00060715154,0.000111375004,-0.00071852654,0.0,12.0,8.0,-4.0,False,0,0,False,False,False,False,False,False,False,False,0.004283447,-0.105396055,
7,311,24739,34.0,12.0,399,399,not1_kept,0.039729137,0.045851264,-0.006122127,0.0010365583,-0.0038035326,0.004840091,-22.0,5.0,1.0,-4.0,False,0,0,False,False,True,True,False,True,True,True,-0.009098272,-0.10955156,
7,312,24740,3.0,1.0,250,717,not1_to_rank1,0.05572436,0.054343212,0.0013811477,0.0020038038,-0.0027464032,0.004750207,-2.0,2.0,1.0,-1.0,False,0,1,False,False,False,False,False,False,False,True,0.0051744278,-0.031206656,
7,313,24787,3.0,1.0,388,85,not1_to_rank1,0.05142448,0.04505176,0.00637272,0.0028468147,-0.0052221045,0.008068919,-2.0,2.0,1.0,-1.0,False,0,1,False,False,False,False,False,False,False,True,-0.006989861,-0.09196072,
7,314,24846,1.0,1.0,17,17,rank1_kept,0.05210691,0.050696068,0.001410842,-0.0040094554,0.003622599,-0.0076320544,0.0,1.0,1.0,0.0,False,0,0,False,True,True,True,True,True,True,True,0.014876548,-0.10446901,
7,315,25059,4.0,1.0,590,4,not1_to_rank1,0.050879065,0.05058957,0.00028949603,0.0008258261,-0.0050887465,0.0059145726,-3.0,1.0,1.0,0.0,False,0,1,False,False,False,True,False,False,False,False,-0.005770955,-0.11242414,
7,316,25091,1.0,2.0,947,947,rank1_to_not1,0.047580477,0.05031156,-0.0027310848,-0.004529383,-0.0016756952,-0.0028536879,1.0,5.0,7.0,2.0,False,1,0,False,False,True,True,False,False,False,False,0.0054791085,-0.10565194,
7,317,25111,4.0,3.0,499,499,not1_kept,0.05630847,0.059232984,-0.002924513,0.001726646,0.001029171,0.0006974749,-1.0,1.0,1.0,0.0,False,0,0,False,False,True,True,True,True,True,True,-0.0013884642,-0.070493415,
7,318,25205,12.0,29.0,710,787,not1_kept,0.039703198,0.05058657,-0.010883372,-0.0064883195,-0.005445827,-0.0010424927,17.0,12.0,19.0,7.0,False,0,0,False,False,False,True,False,False,False,True,0.011824985,-0.16252026,
7,319,25250,1.0,1.0,985,985,rank1_kept,0.06176804,0.05283424,0.008933801,-0.0020307302,0.0031301826,-0.005160913,0.0,1.0,1.0,0.0,False,0,0,False,False,False,False,False,False,False,True,0.009256758,-0.029215338,
7,320,25268,1.0,1.0,301,567,rank1_kept,0.0578651,0.04733126,0.010533843,-6.0983002e-05,-0.002034232,0.001973249,0.0,1.0,1.0,0.0,False,0,0,False,False,False,False,False,False,False,False,-0.0013201436,-0.15695342,
7,321,25284,1.0,1.0,849,849,rank1_kept,0.062435646,0.05281767,0.009617977,-0.007610347,-0.0041569173,-0.0034534298,0.0,1.0,1.0,0.0,False,0,0,False,False,True,True,False,False,False,False,0.00713145,-0.085078016,
7,322,25287,1.0,1.0,696,540,rank1_kept,0.043028872,0.037931576,0.005097296,-0.0067637824,-0.0031649843,-0.003598798,0.0,3.0,4.0,1.0,False,0,0,False,False,False,True,False,False,False,True,0.007675531,-0.05391724,
7,323,25318,2.0,3.0,516,567,not1_kept,0.05791233,0.06308886,-0.0051765256,-0.0022066683,-0.0008080527,-0.0013986155,1.0,1.0,1.0,0.0,True,0,0,False,False,True,True,False,False,False,False,0.013038564,-0.04514658,
7,324,25319,14.0,6.0,859,630,not1_kept,0.043377854,0.050075956,-0.0066981018,0.00042963028,-0.00036407635,0.0007937066,-8.0,1.0,1.0,0.0,False,0,0,True,True,True,True,False,False,False,False,-5.4515258e-05,-0.048690416,
7,325,25371,3.0,2.0,947,947,not1_kept,0.048759058,0.052354444,-0.0035953857,-0.0031223074,-0.0053229667,0.0022006594,-1.0,1.0,1.0,0.0,False,0,0,False,False,False,True,False,False,False,False,-0.0040042736,-0.093218915,
7,326,25454,41.0,61.0,567,567,not1_kept,0.035827097,0.054559954,-0.018732857,-0.0037429146,0.00019656867,-0.0039394833,20.0,3.0,7.0,4.0,False,0,0,False,False,False,False,False,False,False,False,0.0072746556,-0.16399293,
7,327,25570,1.0,1.0,567,567,rank1_kept,0.060189344,0.05098764,0.009201705,-0.0005158782,-0.0041144826,0.0035986044,0.0,1.0,2.0,1.0,False,0,0,False,False,False,True,False,False,False,False,-0.006623044,-0.17882459,
7,328,25578,1.0,1.0,12,647,rank1_kept,0.05676105,0.048278987,0.008482061,0.00038471073,-0.0017910786,0.0021757893,0.0,1.0,1.0,0.0,False,0,0,False,False,False,True,False,True,True,True,-0.002217367,-0.076073565,
7,329,25581,2.0,2.0,758,180,not1_kept,0.053156972,0.05554333,-0.0023863576,-0.0063495263,-0.004784476,-0.0015650503,0.0,1.0,1.0,0.0,False,0,0,False,False,False,False,False,False,False,False,0.0070107756,-0.083047055,
7,330,25588,7.0,5.0,282,282,not1_kept,0.045571268,0.05645385,-0.0108825825,0.0026526079,0.005512327,-0.002859719,-2.0,2.0,1.0,-1.0,False,0,0,False,False,False,True,False,False,False,True,0.0052824104,-0.053648796,
7,331,25602,423.0,406.0,12,12,not1_kept,0.0155062815,0.04539494,-0.029888656,-0.0014668731,-0.0031499974,0.0016831271,-17.0,292.0,330.0,38.0,False,0,0,False,False,False,False,False,False,False,False,-0.0032135905,-0.11000893,
7,332,25693,11.0,7.0,947,316,not1_kept,0.04210129,0.04944234,-0.0073410496,0.00053703785,-0.005298175,0.0058352128,-4.0,32.0,25.0,-7.0,False,0,0,False,False,False,False,False,False,False,False,-0.004137403,-0.16936009,
7,333,25702,8.0,8.0,466,466,not1_kept,0.036576506,0.044867255,-0.008290749,-0.0031920932,-0.0038050003,0.0006129071,0.0,1.0,1.0,0.0,False,0,0,False,False,False,False,False,False,False,True,-0.0011037531,0.009422401,
7,334,25711,9.0,9.0,54,204,not1_kept,0.046947096,0.05869883,-0.011751734,-0.0022472441,0.0027295426,-0.0049767867,0.0,2.0,1.0,-1.0,False,0,0,False,False,False,True,False,False,False,False,0.012222086,-0.06346336,
7,335,25741,2.0,4.0,717,717,not1_kept,0.037821118,0.044473108,-0.00665199,-0.004611153,-0.0022389777,-0.0023721755,2.0,14.0,21.0,7.0,False,0,0,False,True,True,True,False,False,False,True,0.0040190537,-0.13077739,
7,336,25746,18.0,14.0,49,162,not1_kept,0.047087237,0.0591681,-0.012080863,-0.00044641644,-0.0015154257,0.0010690093,-4.0,1.0,1.0,0.0,False,0,0,False,False,False,True,False,False,False,True,0.011656169,-0.038965322,
7,337,25881,2.0,3.0,787,787,not1_kept,0.049373757,0.05313278,-0.0037590228,-0.0039943196,-0.003568083,-0.00042623654,1.0,3.0,3.0,0.0,True,0,0,False,False,False,False,False,False,False,True,0.0008139862,-0.14162897,
7,338,25906,1.0,1.0,696,696,rank1_kept,0.047241617,0.044320393,0.0029212236,-0.00047422573,-0.0018143877,0.001340162,0.0,1.0,1.0,0.0,False,0,0,False,False,False,False,False,False,False,True,-0.0024372793,-0.15391535,
7,339,25959,1.0,1.0,634,634,rank1_kept,0.05103931,0.04310202,0.00793729,-0.0022918582,-0.005900521,0.0036086626,0.0,1.0,1.0,0.0,False,0,0,False,False,False,False,False,False,False,True,-0.006917494,-0.12918353,
7,340,26119,3.0,2.0,100,100,not1_kept,0.048947718,0.053995118,-0.0050473996,0.0007471442,0.0007608533,-1.3709068e-05,-1.0,2.0,1.0,-1.0,False,0,0,False,True,True,True,False,False,False,True,2.3572124e-05,-0.07136983,
7,341,26127,2.0,3.0,571,571,not1_kept,0.052761517,0.056037825,-0.0032763071,0.00053041056,0.003497377,-0.0029669665,1.0,1.0,1.0,0.0,True,0,0,False,False,False,True,False,False,False,False,0.0052834647,-0.119685285,
7,342,26163,3.0,3.0,850,850,not1_kept,0.046071623,0.047998894,-0.0019272715,-0.0010120831,-0.00027366728,-0.00073841587,0.0,2.0,2.0,0.0,False,0,0,False,False,False,False,False,False,False,False,0.0013713441,-0.12612121,
7,343,26243,49.0,27.0,844,844,not1_kept,0.042489316,0.055735584,-0.013246268,0.0026569702,-0.0019831322,0.0046401024,-22.0,24.0,11.0,-13.0,False,0,0,False,False,False,True,False,False,False,True,-0.009297748,-0.091559134,
7,344,26292,94.0,101.0,571,396,not1_kept,0.025701784,0.048216246,-0.022514462,-0.004419107,-0.003170766,-0.001248341,7.0,28.0,45.0,17.0,False,0,0,False,True,True,True,False,False,False,False,0.0047113923,-0.12521775,
7,345,26307,1.0,1.0,840,840,rank1_kept,0.05410339,0.043979317,0.010124072,0.0010776892,-0.0010671578,0.002144847,0.0,1.0,1.0,0.0,False,0,0,False,False,False,False,False,False,False,False,-0.004067589,-0.10764909,
7,346,26351,2.0,2.0,50,50,not1_kept,0.048985485,0.05113437,-0.0021488853,-0.0029914714,-0.0034251772,0.00043370575,0.0,4.0,5.0,1.0,False,0,0,True,True,True,True,False,False,False,False,-0.0009280053,-0.112045884,
7,347,26372,1.0,9.0,75,872,rank1_to_not1,0.037176255,0.042637024,-0.005460769,-0.010644171,-0.0044888034,-0.006155368,8.0,1.0,1.0,0.0,True,1,0,False,False,False,True,False,False,False,False,0.017001577,-0.11896476,
7,348,26435,1.0,1.0,659,659,rank1_kept,0.054281894,0.046513733,0.0077681616,7.6256692e-06,0.00029575825,-0.00028813258,0.0,1.0,1.0,0.0,False,0,0,False,False,False,False,False,False,False,True,0.000529971,-0.10854873,
7,349,26458,11.0,5.0,541,541,not1_kept,0.053794667,0.055896886,-0.0021022186,0.0018545911,-0.0042571537,0.006111745,-6.0,1.0,1.0,0.0,False,0,0,False,False,False,True,False,False,False,False,-0.011470288,-0.0072306492,
7,350,26598,1.0,2.0,108,899,rank1_to_not1,0.040234692,0.040692266,-0.00045757368,-0.005532544,-0.0032262579,-0.0023062862,1.0,1.0,2.0,1.0,False,1,0,False,False,False,True,False,False,False,False,0.013062708,-0.15573493,
7,351,26720,17.0,20.0,984,32,not1_kept,0.03456934,0.04704357,-0.012474228,-0.0038815476,-0.004687559,0.00080601126,3.0,13.0,25.0,12.0,False,0,0,False,False,False,False,False,False,True,True,0.007606623,-0.13142233,
7,352,26780,44.0,101.0,208,208,not1_kept,0.025191413,0.055222437,-0.030031024,-0.0061937217,0.00576495,-0.011958672,57.0,86.0,82.0,-4.0,True,0,0,False,False,False,False,False,False,False,False,0.020073704,-0.11621763,
7,353,26895,1.0,1.0,120,982,rank1_kept,0.06283934,0.05070283,0.012136508,0.0005652532,-0.003957201,0.004522454,0.0,1.0,1.0,0.0,False,0,0,False,False,False,True,False,False,False,True,-0.008986275,-0.103416756,
7,354,26909,23.0,10.0,93,208,not1_kept,0.036159616,0.042793375,-0.0066337585,0.0006635338,-0.00038725883,0.0010507926,-13.0,12.0,9.0,-3.0,False,0,0,False,False,False,True,False,False,False,False,0.0067244596,-0.028741881,
7,355,26971,191.0,117.0,689,689,not1_kept,0.02896066,0.055372357,-0.026411697,6.1929226e-05,-0.00078258663,0.00084451586,-74.0,6.0,15.0,9.0,False,0,0,False,False,False,False,False,False,False,True,-0.0015319131,-0.21688837,
7,356,26990,1.0,3.0,225,118,rank1_to_not1,0.0489574,0.051981386,-0.0030239858,-0.0069115385,-0.0038694367,-0.0030421019,2.0,1.0,2.0,1.0,False,1,0,False,False,False,True,False,False,False,False,0.006848041,-0.08683702,
7,357,27242,3.0,3.0,553,553,not1_kept,0.04271331,0.04681835,-0.004105039,-0.003285423,-0.005741697,0.0024562739,0.0,2.0,4.0,2.0,False,0,0,True,True,True,True,False,False,False,False,-0.004711208,-0.09532019,
7,358,27275,1.0,1.0,149,607,rank1_kept,0.049915295,0.04377578,0.006139517,-0.0032023042,-0.00349484,0.00029253587,0.0,2.0,2.0,0.0,False,0,0,False,False,False,True,False,False,False,False,0.006600458,-0.17186257,
7,359,27287,5.0,7.0,301,346,not1_kept,0.047529977,0.054871187,-0.00734121,-0.004799735,-0.001513686,-0.0032860488,2.0,2.0,2.0,0.0,True,0,0,False,False,False,False,False,True,True,True,0.005713739,-0.22109559,
7,360,27326,10.0,4.0,941,828,not1_kept,0.04847434,0.051468253,-0.0029939115,0.0021131486,-0.0011384934,0.003251642,-6.0,3.0,2.0,-1.0,False,0,0,False,False,False,True,True,True,True,True,-0.00041876995,0.00024904276,
7,361,27435,1.0,1.0,549,951,rank1_kept,0.049711432,0.04038521,0.009326223,-0.0030739754,-0.00540974,0.0023357645,0.0,1.0,1.0,0.0,False,0,0,False,False,False,False,False,False,False,False,0.00710007,-0.10223535,
7,362,27568,16.0,15.0,178,178,not1_kept,0.036816273,0.04659429,-0.009778015,-0.002581805,-0.0052297004,0.0026478954,-1.0,6.0,5.0,-1.0,False,0,0,False,False,False,False,False,False,False,False,-0.004701432,-0.1483145,
7,363,27580,5.0,1.0,617,442,not1_to_rank1,0.042815074,0.04097564,0.0018394329,-0.0033699311,-0.0096131265,0.0062431954,-4.0,5.0,10.0,5.0,False,0,1,False,False,False,False,False,False,False,True,0.008067505,-0.08842424,
7,364,27830,87.0,99.0,967,967,not1_kept,0.025518507,0.05693848,-0.031419974,-0.004461713,0.0029201582,-0.0073818713,12.0,52.0,77.0,25.0,False,0,0,False,False,False,False,False,False,False,True,0.013382362,-0.0643581,
7,365,27878,7.0,4.0,567,567,not1_kept,0.055820215,0.07185477,-0.016034555,0.0047939904,0.0025440603,0.00224993,-3.0,5.0,1.0,-4.0,False,0,0,False,False,False,False,False,True,True,True,-0.0040096417,-0.10455793,
7,366,27972,14.0,20.0,659,668,not1_kept,0.03528258,0.048282966,-0.013000388,-0.0039700456,-0.0024678446,-0.001502201,6.0,1.0,2.0,1.0,False,0,0,False,False,False,False,False,False,False,True,0.015216078,-0.09018698,
7,367,28024,2.0,2.0,115,115,not1_kept,0.05021202,0.055664532,-0.0054525137,-0.0059206225,-0.0027580485,-0.003162574,0.0,2.0,3.0,1.0,False,0,0,False,True,True,True,False,False,False,True,0.006664822,-0.09400913,
7,368,28068,2.0,1.0,770,770,not1_to_rank1,0.061846893,0.0589409,0.0029059947,0.0027797855,-0.0015352853,0.004315071,-1.0,1.0,1.0,0.0,False,0,1,False,False,False,True,False,False,False,False,-0.008117898,-0.082094125,
7,369,28096,15.0,9.0,830,655,not1_kept,0.044880804,0.055966135,-0.011085331,0.004559312,0.004707478,-0.00014816597,-6.0,1.0,1.0,0.0,False,0,0,False,False,False,False,False,False,True,True,0.0014001713,-0.061402854,
7,370,28159,1.0,1.0,176,176,rank1_kept,0.055474397,0.052998733,0.002475664,-0.0042782873,-0.0007518418,-0.0035264455,0.0,1.0,1.0,0.0,False,0,0,False,True,True,True,False,True,True,True,0.0065251654,-0.11106715,
7,371,28189,10.0,34.0,12,990,not1_kept,0.03130846,0.04309223,-0.0117837675,-0.006100122,-0.005417995,-0.00068212673,24.0,63.0,63.0,0.0,True,0,0,False,False,False,False,False,False,False,True,0.018020142,-0.120068245,
7,372,28286,2.0,1.0,208,208,not1_to_rank1,0.058190312,0.05122074,0.006969571,0.0030074455,-0.0039945394,0.007001985,-1.0,1.0,1.0,0.0,False,0,1,False,False,False,False,False,False,False,False,-0.01224934,-0.09029851,
7,373,28303,2.0,3.0,567,567,not1_kept,0.054799277,0.07079384,-0.01599456,-0.0011130385,0.0029803216,-0.00409336,1.0,1.0,1.0,0.0,True,0,0,False,False,False,False,False,False,False,True,0.0071664494,-0.11827115,
7,374,28319,1.0,1.0,831,40,rank1_kept,0.044721726,0.036850803,0.007870924,-0.005317934,-0.00034176186,-0.004976172,0.0,2.0,1.0,-1.0,False,0,0,False,False,False,True,False,False,False,False,0.021944718,0.0027866855,
7,375,28325,12.0,11.0,390,390,not1_kept,0.045694135,0.057861425,-0.01216729,-0.0015340447,0.0010907017,-0.0026247464,-1.0,2.0,4.0,2.0,False,0,0,False,False,False,False,True,True,True,True,0.004844048,-0.05916955,
7,376,28341,2.0,1.0,153,153,not1_to_rank1,0.050339673,0.047890928,0.002448745,9.71891e-05,-0.009206422,0.009303611,-1.0,1.0,1.0,0.0,False,0,1,False,False,False,False,False,False,False,False,-0.017391082,-0.120806746,
7,377,28349,1.0,1.0,321,173,rank1_kept,0.069420785,0.04265211,0.026768673,-0.0030739754,-0.006419856,0.0033458807,0.0,1.0,1.0,0.0,False,0,0,False,False,False,False,False,False,False,False,0.0022216623,-0.097306564,
7,378,28418,69.0,92.0,827,204,not1_kept,0.032625705,0.05341888,-0.020793173,-0.0037770234,0.0019988231,-0.0057758465,23.0,54.0,79.0,25.0,False,0,0,False,False,False,False,False,False,False,False,0.017614665,-0.075895,
7,379,28487,18.0,14.0,57,208,not1_kept,0.04142889,0.052501105,-0.011072215,-0.0016142614,-0.004442863,0.0028286017,-4.0,2.0,1.0,-1.0,False,0,0,False,False,False,True,False,False,False,False,0.008620619,-0.043660514,
7,380,28524,1.0,1.0,282,990,rank1_kept,0.06198443,0.045220733,0.016763698,-0.0071941353,-0.0002769865,-0.006917149,0.0,1.0,1.0,0.0,False,0,0,False,True,True,True,False,False,True,True,0.014679067,-0.040818203,
7,381,28595,1.0,1.0,153,55,rank1_kept,0.053134814,0.0398277,0.013307113,-0.0032606833,-0.0037859045,0.0005252212,0.0,1.0,1.0,0.0,False,0,0,False,False,False,False,False,False,False,False,0.0054046847,-0.0876537,
7,382,28689,1.0,1.0,590,372,rank1_kept,0.047635842,0.04132905,0.0063067935,-0.0024410859,-0.0023955107,-4.55752e-05,0.0,2.0,1.0,-1.0,False,0,0,False,False,False,False,False,False,False,True,0.011227054,-0.047773518,
7,383,28745,12.0,13.0,274,274,not1_kept,0.03664694,0.06410906,-0.027462117,-0.0022555888,0.0034258887,-0.0056814775,1.0,3.0,3.0,0.0,True,0,0,False,False,False,False,False,False,False,False,0.009934498,-0.109743945,
7,384,28751,1.0,1.0,2,2,rank1_kept,0.067627326,0.05406763,0.013559695,0.002433002,0.0034917295,-0.0010587275,0.0,1.0,1.0,0.0,False,0,0,False,True,True,True,False,False,True,True,0.00218463,-0.1995178,
7,385,28755,1.0,1.0,178,327,rank1_kept,0.06370855,0.050334364,0.013374187,0.0006230548,-0.0005134009,0.0011364557,0.0,1.0,1.0,0.0,False,0,0,False,False,False,True,False,False,False,True,-0.00054315734,-0.14631756,
7,386,28788,2.0,4.0,572,572,not1_kept,0.04076179,0.048461307,-0.0076995157,-0.009215567,-0.002264589,-0.006950978,2.0,1.0,2.0,1.0,False,0,0,False,True,True,True,True,True,True,True,0.012372325,-0.072220564,
7,387,28898,1.0,1.0,265,265,rank1_kept,0.04571065,0.04325614,0.002454508,0.0018927008,0.0027773306,-0.0008846298,0.0,1.0,1.0,0.0,False,0,0,False,False,False,True,True,True,True,True,0.0015916155,-0.1194659,
7,388,28963,1.0,1.0,178,178,rank1_kept,0.055603296,0.054343987,0.0012593083,-0.005199421,-0.002342891,-0.0028565302,0.0,1.0,1.0,0.0,False,0,0,False,False,False,True,False,False,False,True,0.005614347,-0.049326297,
7,389,29010,3.0,4.0,923,545,not1_kept,0.044090644,0.04870045,-0.0046098083,-0.0037908964,-0.0047375932,0.00094669685,1.0,3.0,1.0,-2.0,True,0,0,False,False,False,False,False,False,False,False,0.0052934694,-0.07170698,
7,390,29021,17.0,8.0,173,173,not1_kept,0.046257157,0.05749253,-0.011235375,0.0016919076,-0.001083009,0.0027749166,-9.0,3.0,3.0,0.0,False,0,0,False,False,False,False,False,False,False,True,-0.005387659,-0.14065343,
7,391,29381,1.0,1.0,484,484,rank1_kept,0.0565851,0.053382583,0.0032025166,5.622208e-05,-0.0007518567,0.0008080788,0.0,1.0,1.0,0.0,False,0,0,False,False,False,True,False,False,False,False,-0.0015534101,-0.09959459,
7,392,29568,1.0,1.0,82,327,rank1_kept,0.057483867,0.05411901,0.0033648573,0.0012763664,0.00089902803,0.00037733838,0.0,1.0,1.0,0.0,False,0,0,False,False,False,False,False,False,False,False,0.0021032975,-0.087092936,
7,393,29660,1.0,2.0,363,886,rank1_to_not1,0.045557268,0.04607113,-0.0005138628,-0.0038513243,0.0024089888,-0.006260313,1.0,5.0,2.0,-3.0,True,1,0,False,False,False,True,False,False,False,True,0.013079365,-0.13675343,
7,394,29663,6.0,18.0,516,875,not1_kept,0.03460535,0.046324223,-0.011718873,-0.008986257,-0.003613647,-0.00537261,12.0,5.0,4.0,-1.0,True,0,0,False,False,False,False,False,False,False,False,0.013299669,-0.13440084,
7,395,29680,1.0,1.0,545,545,rank1_kept,0.049098995,0.039978977,0.009120017,-0.006502494,-0.0043022484,-0.0022002459,0.0,1.0,1.0,0.0,False,0,0,False,False,False,False,False,False,True,True,0.003984418,-0.03833311,
7,396,29711,1.0,1.0,696,644,rank1_kept,0.059095632,0.049024735,0.010070898,-0.0013805777,-0.0005392954,-0.0008412823,0.0,1.0,1.0,0.0,False,0,0,False,False,False,False,False,False,False,True,0.0037636762,-0.045889273,
7,397,29837,10.0,5.0,146,146,not1_kept,0.03713466,0.043083344,-0.005948685,-0.0046386234,-0.010669284,0.00603066,-5.0,7.0,11.0,4.0,False,0,0,False,False,False,False,False,False,False,False,-0.009995544,-0.16660367,
7,398,29886,2.0,6.0,759,759,not1_kept,0.041744582,0.04725301,-0.0055084266,-0.005227849,-0.0063928775,0.0011650287,4.0,1.0,1.0,0.0,True,0,0,False,False,False,True,False,False,False,True,-0.0021529982,-0.029516824,
7,399,29919,1.0,1.0,250,630,rank1_kept,0.07033637,0.052924387,0.017411985,-0.00065129995,-0.0065004863,0.0058491863,0.0,1.0,1.0,0.0,False,0,0,False,False,True,True,False,False,False,True,0.0008267757,-0.08229403,
7,400,29980,115.0,81.0,923,923,not1_kept,0.03425198,0.05141706,-0.01716508,-0.0011982098,-0.0015769936,0.0003787838,-34.0,3.0,2.0,-1.0,False,0,0,False,False,False,False,False,False,False,True,-0.0007186623,-0.11707805,
7,401,30081,1.0,1.0,380,380,rank1_kept,0.04559423,0.045564987,2.9243529e-05,-0.009724639,-0.009444483,-0.00028015673,0.0,1.0,1.0,0.0,False,0,0,False,False,False,False,False,True,True,True,0.0005439041,-0.022059452,
7,402,30373,18.0,10.0,617,489,not1_kept,0.02639419,0.034289893,-0.0078957025,0.0032484513,-0.0040324666,0.007280918,-8.0,44.0,6.0,-38.0,False,0,0,False,False,False,False,False,False,False,False,-0.0049752006,-0.030509952,
7,403,30395,1.0,1.0,250,250,rank1_kept,0.06105781,0.05574827,0.005309541,-0.004781354,-0.002713807,-0.0020675473,0.0,1.0,1.0,0.0,False,0,0,False,True,True,True,False,False,True,True,0.0041785566,-0.10346005,
7,404,30407,46.0,26.0,159,111,not1_kept,0.03910299,0.049740568,-0.010637578,0.0009655468,-0.0035593323,0.004524879,-20.0,2.0,1.0,-1.0,False,0,0,False,False,False,False,False,True,True,True,-0.006942496,-0.09940079,
7,405,30430,1.0,1.0,540,864,rank1_kept,0.06021037,0.05433175,0.00587862,0.0007088408,8.743256e-06,0.00070009753,0.0,1.0,1.0,0.0,False,0,0,False,False,True,True,False,True,True,True,0.0045308447,-0.07601751,
7,406,30563,2.0,1.0,139,139,not1_to_rank1,0.04838302,0.047826774,0.00055624545,-0.0027631596,-0.0035167523,0.0007535927,-1.0,1.0,1.0,0.0,False,0,1,False,False,False,False,False,False,False,False,-0.0014325532,-0.012745751,
7,407,30601,1.0,1.0,307,307,rank1_kept,0.050886646,0.047329362,0.0035572834,-0.0032437965,-0.002467811,-0.0007759854,0.0,1.0,1.0,0.0,False,0,0,True,True,True,True,False,True,True,True,0.001468208,-0.049708508,
7,408,30632,9.0,3.0,677,98,not1_kept,0.04850845,0.051102355,-0.0025939047,0.0034166612,-0.00096641853,0.0043830797,-6.0,4.0,1.0,-3.0,False,0,0,False,False,True,True,False,False,False,False,-0.002123719,0.017410472,
7,409,30672,1.0,1.0,317,250,rank1_kept,0.05360976,0.05214106,0.0014686994,-0.0009284392,-0.00092010945,-8.329749e-06,0.0,1.0,1.0,0.0,False,0,0,False,False,False,True,False,True,True,True,0.0024038313,-0.05248498,
7,410,30674,1.0,1.0,286,286,rank1_kept,0.05937727,0.049200736,0.010176536,0.0018084534,-0.003036268,0.0048447214,0.0,1.0,1.0,0.0,False,0,0,False,False,False,False,False,False,False,True,-0.008564064,-0.15700412,
7,411,30847,153.0,185.0,777,567,not1_kept,0.029292233,0.06393648,-0.034644246,-0.0039863326,-0.00057994574,-0.0034063868,32.0,29.0,21.0,-8.0,True,0,0,False,False,False,False,False,False,False,False,0.007939246,-0.14181115,
7,412,30856,5.0,4.0,107,107,not1_kept,0.034681622,0.03776512,-0.0030834973,-0.0029663183,-0.004263606,0.0012972876,-1.0,3.0,3.0,0.0,False,0,0,False,False,True,True,False,True,True,True,-0.0024611081,-0.18106355,
7,413,30887,1.0,1.0,591,591,rank1_kept,0.052021973,0.046017744,0.006004229,-0.0062737614,0.00028853863,-0.0065623,0.0,1.0,1.0,0.0,False,0,0,False,False,False,False,False,False,False,True,0.012073672,-0.070983194,
7,414,30922,1.0,1.0,327,327,rank1_kept,0.05703918,0.049126707,0.007912472,0.002047807,-0.000407923,0.00245573,0.0,1.0,1.0,0.0,False,0,0,False,False,True,True,False,False,False,False,-0.00410165,-0.10106616,
7,415,30935,3.0,1.0,847,847,not1_to_rank1,0.049542695,0.047850557,0.0016921386,0.003885448,-0.0023768842,0.006262332,-2.0,1.0,1.0,0.0,False,0,1,False,True,True,True,False,False,False,False,-0.011077883,-0.17422147,
7,416,30954,4.0,8.0,967,967,not1_kept,0.040796902,0.050650567,-0.009853665,-0.0055388696,-0.00033682957,-0.00520204,4.0,1.0,2.0,1.0,False,0,0,False,False,True,True,False,False,False,False,0.009508923,-0.03949981,
7,417,31028,1.0,1.0,718,718,rank1_kept,0.050778057,0.04544931,0.0053287484,-0.001199495,-0.002828382,0.0016288869,0.0,1.0,1.0,0.0,False,0,0,False,False,False,True,False,False,False,False,-0.0029949558,-0.14682603,
7,418,31049,120.0,53.0,250,146,not1_kept,0.03694251,0.04842056,-0.011478048,0.00029741228,-0.005549617,0.0058470294,-67.0,9.0,6.0,-3.0,False,0,0,False,True,True,True,False,False,False,False,-0.008839121,-0.14722884,
7,419,31064,3.0,5.0,178,590,not1_kept,0.04190458,0.043799706,-0.001895126,-0.0035448596,-0.008850973,0.0053061135,2.0,1.0,1.0,0.0,True,0,0,False,False,True,True,False,True,True,True,-0.0007878338,-0.06927647,
7,420,31123,2.0,2.0,984,984,not1_kept,0.050562065,0.05878375,-0.008221686,-0.003080044,-0.0074970387,0.0044169948,0.0,1.0,1.0,0.0,False,0,0,False,False,True,True,False,False,True,True,-0.007980746,-0.21748003,
7,421,31233,1.0,2.0,282,434,rank1_to_not1,0.051921602,0.05275862,-0.00083701685,-0.0044261627,0.0024335645,-0.006859727,1.0,1.0,1.0,0.0,True,1,0,False,False,False,True,False,True,True,True,0.019348312,-0.010532338,
7,422,31349,3.0,4.0,940,940,not1_kept,0.040074337,0.047125194,-0.007050857,-0.0023275614,-0.0013431124,-0.0009844489,1.0,24.0,17.0,-7.0,True,0,0,False,False,True,True,False,False,False,True,0.0018424217,-0.12761474,
7,423,31446,27.0,31.0,310,310,not1_kept,0.03722109,0.049472615,-0.012251526,-0.0017738119,0.0008047521,-0.002578564,4.0,2.0,1.0,-1.0,True,0,0,False,False,True,True,False,False,False,False,0.004597764,-0.11564474,
7,424,31659,46.0,39.0,827,567,not1_kept,0.03955374,0.053766165,-0.014212426,0.0009143017,0.00049170107,0.00042260066,-7.0,1.0,1.0,0.0,False,0,0,False,False,False,False,False,False,False,False,0.00040126964,-0.14922254,
7,425,31747,32.0,7.0,23,132,not1_kept,0.035544824,0.04358975,-0.008044925,0.0016954914,0.0011823326,0.00051315874,-25.0,5.0,8.0,3.0,False,0,0,False,False,False,False,False,False,False,True,-0.00021453889,-0.05655486,
7,426,31782,7.0,16.0,178,178,not1_kept,0.026741257,0.03638207,-0.009640815,-0.008315576,-0.0058197714,-0.0024958048,9.0,127.0,253.0,126.0,False,0,0,False,False,False,False,False,False,False,False,0.0046480796,-0.1871567,
7,427,31801,2.0,2.0,882,882,not1_kept,0.05231725,0.055001386,-0.002684135,-0.00087716803,-0.00022120401,-0.000655964,0.0,1.0,1.0,0.0,False,0,0,False,False,False,False,False,False,False,False,0.0012669592,-0.09747074,
7,428,31837,1.0,1.0,208,572,rank1_kept,0.055268656,0.04273055,0.012538105,-0.00073492527,-0.0053225495,0.004587624,0.0,1.0,1.0,0.0,False,0,0,False,False,False,True,False,False,True,True,0.0036307354,-0.12647249,
7,429,31936,1.0,1.0,139,660,rank1_kept,0.047131334,0.04152383,0.0056075044,8.711964e-05,-6.3188374e-05,0.00015030801,0.0,1.0,1.0,0.0,False,0,0,False,False,False,False,False,False,False,False,0.0018258725,-0.064430304,
7,430,31964,1.0,1.0,920,15,rank1_kept,0.0644222,0.056334194,0.008088004,-0.0044929534,-0.0013738982,-0.0031190552,0.0,1.0,1.0,0.0,False,0,0,False,False,True,True,False,True,True,True,0.007769536,-0.13308106,
7,431,32053,50.0,28.0,567,567,not1_kept,0.040940393,0.05893881,-0.017998416,0.00045354664,-0.00029818714,0.0007517338,-22.0,2.0,3.0,1.0,False,0,0,False,False,False,False,False,False,False,False,-0.0013979152,-0.14567281,
7,432,32232,141.0,63.0,308,308,not1_kept,0.026874522,0.04949913,-0.02262461,0.0022494048,0.0017527752,0.0004966296,-78.0,49.0,44.0,-5.0,False,0,0,False,False,False,True,False,False,False,True,-0.0009340019,-0.04779216,
7,433,32303,1.0,1.0,226,226,rank1_kept,0.05345022,0.04540354,0.008046679,0.0016964898,-0.0046080053,0.006304495,0.0,1.0,1.0,0.0,False,0,0,False,False,True,True,False,False,False,True,-0.012370261,-0.09910023,
7,434,32307,1.0,1.0,282,282,rank1_kept,0.052924,0.051066283,0.0018577166,-0.0046217553,-0.0019228719,-0.0026988834,0.0,1.0,1.0,0.0,False,0,0,False,False,False,True,False,False,False,False,0.0050913165,-0.04126413,
7,435,32625,24.0,11.0,93,93,not1_kept,0.029351626,0.04684786,-0.017496236,0.0021420438,-0.0010265894,0.0031686332,-13.0,38.0,11.0,-27.0,False,0,0,False,False,False,True,False,True,True,True,-0.0053193015,-0.1296722,
7,436,32643,21.0,29.0,567,567,not1_kept,0.04182747,0.06182689,-0.019999418,0.0002672039,0.005223185,-0.004955981,8.0,1.0,1.0,0.0,True,0,0,False,False,False,False,False,True,True,True,0.008836747,-0.10424746,
7,437,32716,1.0,1.0,39,54,rank1_kept,0.06211118,0.044750407,0.017360773,0.0013028271,-0.0040717125,0.0053745396,0.0,1.0,1.0,0.0,False,0,0,False,False,False,False,False,False,False,True,-0.008486686,-0.097978845,
7,438,32771,1.0,1.0,777,777,rank1_kept,0.05538622,0.052790854,0.002595365,1.9673258e-05,-0.0016458891,0.0016655624,0.0,1.0,1.0,0.0,False,0,0,False,False,False,False,False,False,False,True,-0.0030242992,-0.08291581,
7,439,32772,64.0,37.0,370,370,not1_kept,0.03220475,0.04448248,-0.01227773,0.0015641674,-0.0021649413,0.0037291087,-27.0,3.0,1.0,-2.0,False,0,0,False,False,False,False,False,False,False,False,-0.0065599084,-0.09079824,
7,440,32857,3.0,5.0,327,327,not1_kept,0.044641957,0.052461233,-0.007819276,-0.0008881241,0.000880938,-0.0017690621,2.0,1.0,1.0,0.0,True,0,0,False,False,False,False,False,False,False,False,0.0031115452,-0.099070005,
7,441,32891,4.0,4.0,388,685,not1_kept,0.037703834,0.041453436,-0.0037496015,-0.0045060404,-0.006921191,0.0024151504,0.0,7.0,6.0,-1.0,False,0,0,False,False,False,True,False,False,False,False,0.00114336,-0.14712065,
7,442,32910,1.0,1.0,363,363,rank1_kept,0.043846685,0.0385685,0.005278185,-0.0029337555,-0.0036002062,0.0006664507,0.0,1.0,5.0,4.0,False,0,0,False,False,False,False,False,False,False,True,-0.0011881553,-0.097214386,
7,443,33131,6.0,1.0,947,947,not1_to_rank1,0.053650483,0.053265464,0.00038501993,0.003700737,-0.0035127588,0.0072134957,-5.0,1.0,1.0,0.0,False,0,1,False,False,False,False,False,False,False,False,-0.012419616,-0.10461935,
7,444,33171,2.0,2.0,864,864,not1_kept,0.040365912,0.04458776,-0.004221849,0.00014380738,-0.0010424703,0.0011862777,0.0,28.0,16.0,-12.0,False,0,0,False,False,False,False,False,False,False,False,-0.0021498376,-0.13227525,
7,445,33189,25.0,11.0,522,484,not1_kept,0.04059234,0.050907772,-0.010315433,0.0005348511,-0.0010051131,0.0015399642,-14.0,8.0,12.0,4.0,False,0,0,False,False,False,False,False,False,False,True,-0.002343263,-0.19970642,
7,446,33245,32.0,17.0,770,93,not1_kept,0.03540527,0.044906553,-0.009501282,-0.0026495233,-0.0037596524,0.0011101291,-15.0,13.0,10.0,-3.0,False,0,0,False,False,False,False,False,False,False,False,-0.0010340457,-0.07255767,
7,447,33289,150.0,35.0,923,923,not1_kept,0.033753633,0.046884436,-0.013130803,0.005799694,0.0009665787,0.0048331153,-115.0,47.0,15.0,-32.0,False,0,0,False,False,False,False,False,False,False,False,-0.008636245,-0.107532926,
7,448,33521,8.0,9.0,93,543,not1_kept,0.042012937,0.04608751,-0.0040745735,-0.004261274,-0.003905598,-0.00035567582,1.0,1.0,1.0,0.0,True,0,0,False,False,False,False,False,False,False,False,0.006843931,-0.074050575,
7,449,33543,1.0,1.0,543,543,rank1_kept,0.06485057,0.057164095,0.0076864734,0.00084330887,0.00082238764,2.092123e-05,0.0,1.0,1.0,0.0,False,0,0,False,False,True,True,True,True,True,True,-4.231854e-05,-0.046585754,
7,450,33752,5.0,4.0,545,545,not1_kept,0.044606365,0.0574736,-0.012867235,-0.001962673,-0.0025731623,0.0006104894,-1.0,4.0,3.0,-1.0,False,0,0,False,False,True,True,False,False,False,True,-0.0010497238,-0.08634559,
7,451,33813,40.0,153.0,208,698,not1_kept,0.0266358,0.047771752,-0.021135952,-0.0064780377,0.0005104579,-0.0069884956,113.0,12.0,35.0,23.0,False,0,0,False,False,False,False,False,False,False,False,0.01609383,-0.058961015,
7,452,33906,28.0,20.0,710,770,not1_kept,0.029566552,0.04189466,-0.012328107,8.6750835e-05,-0.0023107864,0.0023975372,-8.0,32.0,23.0,-9.0,False,0,0,False,False,False,False,False,False,False,False,0.003306405,-0.13279548,
7,453,34068,100.0,106.0,380,380,not1_kept,0.02815641,0.048006687,-0.019850276,-0.003368955,-0.0057886057,0.0024196506,6.0,14.0,9.0,-5.0,True,0,0,False,False,False,False,False,False,False,False,-0.00432026,-0.04614874,
7,454,34080,8.0,44.0,481,567,not1_kept,0.03905581,0.05082844,-0.011772629,-0.007697787,-0.0028650984,-0.0048326887,36.0,16.0,34.0,18.0,False,0,0,False,False,False,False,False,False,False,False,0.012439596,-0.12302455,
7,455,34089,3.0,4.0,516,516,not1_kept,0.04936374,0.053723447,-0.0043597072,-0.0031297207,-0.0006250106,-0.00250471,1.0,1.0,1.0,0.0,True,0,0,False,False,False,True,False,False,False,False,0.004166372,-0.08189164,
7,456,34126,2.0,2.0,577,577,not1_kept,0.05489018,0.05564578,-0.00075560063,-0.0023544282,-0.004750751,0.0023963228,0.0,1.0,1.0,0.0,False,0,0,False,False,False,False,False,False,True,True,-0.0046943743,-0.08169499,
7,457,34186,6.0,17.0,446,546,not1_kept,0.025418203,0.037959527,-0.012541324,-0.009060655,-0.00036679208,-0.008693863,11.0,5.0,12.0,7.0,False,0,0,False,False,False,True,False,False,False,True,0.017545668,-0.124062486,
7,458,34238,6.0,4.0,740,740,not1_kept,0.042963818,0.045449298,-0.0024854802,-0.0027379617,-0.005175259,0.0024372973,-2.0,1.0,1.0,0.0,False,0,0,False,False,False,False,False,False,True,True,-0.0045323814,-0.14710215,
7,459,34418,624.0,626.0,118,321,not1_kept,0.012948801,0.05296269,-0.04001389,-0.0006477954,-0.0070705414,0.006422747,2.0,250.0,241.0,-9.0,True,0,0,False,False,False,False,False,False,False,False,-0.0013732355,-0.071067005,
7,460,34603,2.0,2.0,710,710,not1_kept,0.0581693,0.05868874,-0.0005194396,-0.0017812289,-0.0041031353,0.0023219064,0.0,1.0,1.0,0.0,False,0,0,False,False,False,True,False,False,True,True,-0.0047126906,-0.0054725716,
7,461,34751,1.0,1.0,79,79,rank1_kept,0.067795694,0.050853837,0.016941857,0.0040353835,-0.00064246356,0.004677847,0.0,1.0,1.0,0.0,False,0,0,False,False,False,False,False,False,True,True,-0.0091518015,-0.053404823,
7,462,34829,6.0,11.0,295,931,not1_kept,0.042070143,0.0531057,-0.011035558,-0.0074863844,-0.0045650303,-0.002921354,5.0,1.0,1.0,0.0,True,0,0,False,False,False,False,True,True,True,True,0.011935069,-0.031274624,
7,463,34845,9.0,7.0,149,12,not1_kept,0.047135722,0.05676325,-0.0096275285,-0.0017890856,0.0005972609,-0.0023863465,-2.0,1.0,1.0,0.0,False,0,0,False,False,False,False,False,False,False,True,0.0073380745,-0.090959564,
7,464,34850,1.0,2.0,372,372,rank1_to_not1,0.044672523,0.053617455,-0.008944932,-0.005188953,0.005080562,-0.010269515,1.0,1.0,1.0,0.0,True,1,0,False,False,False,False,False,False,True,True,0.017814651,-0.06905879,
7,465,34874,1.0,2.0,967,967,rank1_to_not1,0.05633807,0.05658885,-0.0002507791,-0.004102327,0.005487982,-0.009590309,1.0,1.0,1.0,0.0,True,1,0,False,False,True,True,False,False,False,False,0.017253542,-0.14526781,
7,466,34975,69.0,70.0,302,302,not1_kept,0.025507309,0.043990687,-0.018483378,-0.0045675486,-0.006880101,0.0023125522,1.0,17.0,21.0,4.0,False,0,0,False,False,False,False,False,False,False,False,-0.004210401,-0.11744466,
7,467,35094,3.0,3.0,178,178,not1_kept,0.052110318,0.05522975,-0.0031194314,-0.0015429668,-0.0022874437,0.0007444769,0.0,1.0,2.0,1.0,False,0,0,False,False,False,False,False,False,False,False,-0.0012948165,-0.1820031,
7,468,35129,2.0,18.0,704,872,not1_kept,0.044139776,0.05230155,-0.008161772,-0.01015858,-0.00210654,-0.00805204,16.0,4.0,2.0,-2.0,True,0,0,False,False,False,False,False,False,False,True,0.018017083,-0.16221517,
7,469,35743,3.0,4.0,567,567,not1_kept,0.048663698,0.053425997,-0.0047622994,-0.003441289,-0.0015817173,-0.0018595718,1.0,2.0,1.0,-1.0,True,0,0,False,False,False,False,False,False,False,True,0.0032946316,-0.13322999,
7,470,35752,5.0,6.0,567,827,not1_kept,0.03919262,0.04546144,-0.006268818,-0.0039361157,-0.0018136129,-0.0021225028,1.0,2.0,1.0,-1.0,True,0,0,False,False,False,False,False,True,True,True,0.0059634135,-0.11590323,
7,471,35790,21.0,12.0,217,567,not1_kept,0.046340052,0.05452548,-0.008185428,0.00087216496,-0.0020957477,0.0029679127,-9.0,1.0,3.0,2.0,False,0,0,False,False,False,False,False,False,False,False,0.003601613,-0.056058586,
7,472,35798,2.0,6.0,337,250,not1_kept,0.040285114,0.043269344,-0.0029842295,-0.004449036,-0.0030844659,-0.0013645701,4.0,9.0,13.0,4.0,False,0,0,False,False,False,False,False,True,True,True,0.008124944,-0.08488845,
7,473,35986,1.0,1.0,710,327,rank1_kept,0.052272644,0.047106445,0.005166199,0.0007031113,0.0004416965,0.0002614148,0.0,1.0,1.0,0.0,False,0,0,False,False,False,True,False,False,False,False,0.0072557544,-0.14936501,
7,474,36067,1.0,1.0,947,947,rank1_kept,0.044703975,0.041950762,0.002753213,-0.0045393184,-0.0010194518,-0.0035198666,0.0,1.0,1.0,0.0,False,0,0,False,False,False,True,False,False,False,False,0.0062837475,-0.115993924,
7,475,36258,2.0,1.0,677,677,not1_to_rank1,0.055313233,0.05041141,0.0049018227,-0.0027698018,-0.008563813,0.005794011,-1.0,1.0,1.0,0.0,False,0,1,False,False,True,True,False,False,False,True,-0.010890929,-0.12449382,
7,476,36476,41.0,12.0,567,567,not1_kept,0.047472715,0.057032138,-0.009559423,0.0022941418,-0.001730036,0.004024178,-29.0,1.0,1.0,0.0,False,0,0,False,False,True,True,False,False,False,False,-0.0076082926,-0.121517286,
7,477,36569,32.0,22.0,567,567,not1_kept,0.045621622,0.06270462,-0.017083,0.0003566444,-0.00069238245,0.0010490268,-10.0,2.0,1.0,-1.0,False,0,0,False,False,False,False,False,False,False,True,-0.0018838407,-0.14336716,
7,478,36576,6.0,5.0,441,441,not1_kept,0.034274153,0.041346382,-0.007072229,-0.00428693,-0.006716687,0.0024297573,-1.0,1.0,2.0,1.0,False,0,0,False,True,True,True,False,False,False,False,-0.004699368,-0.09706866,
7,479,36623,1.0,2.0,384,2,rank1_to_not1,0.055283874,0.05604298,-0.00075910613,-0.0036960654,-0.00053510815,-0.0031609572,1.0,1.0,1.0,0.0,True,1,0,False,False,False,True,False,False,False,False,0.007744598,-0.16810992,
7,480,36629,1.0,1.0,662,662,rank1_kept,0.06392649,0.04820406,0.015722428,0.0023472495,-0.0058534034,0.008200653,0.0,1.0,1.0,0.0,False,0,0,False,False,False,False,False,False,False,False,-0.014555169,-0.07276705,
7,481,36682,1.0,2.0,721,567,rank1_to_not1,0.049502462,0.052810684,-0.0033082217,-0.0062678754,0.00023890659,-0.006506782,1.0,3.0,2.0,-1.0,True,1,0,False,False,False,False,False,False,False,False,0.019434944,-0.026463687,
7,482,36731,1.0,1.0,631,631,rank1_kept,0.06015412,0.04470083,0.01545329,5.0790608e-05,-0.005224578,0.0052753687,0.0,1.0,1.0,0.0,False,0,0,False,False,True,True,False,False,False,False,-0.010732634,-0.14652231,
7,483,36759,4.0,6.0,49,916,not1_kept,0.04515978,0.054283917,-0.009124137,-0.0025962777,0.0057896413,-0.008385919,2.0,2.0,2.0,0.0,True,0,0,False,False,False,False,False,False,False,False,0.016288524,-0.10934107,
7,484,36910,1.0,1.0,231,231,rank1_kept,0.067858145,0.04810123,0.019756913,0.0011629462,-0.0027024932,0.0038654394,0.0,1.0,1.0,0.0,False,0,0,False,False,False,False,False,False,False,True,-0.007539229,-0.1443056,
7,485,36945,12.0,12.0,178,985,not1_kept,0.036236335,0.041849863,-0.005613528,0.00089395046,-0.0045718066,0.005465757,0.0,10.0,5.0,-5.0,False,0,0,False,False,False,True,False,True,True,True,-0.0056206975,-0.05991239,
7,486,36974,1.0,4.0,208,208,rank1_to_not1,0.043047804,0.048124958,-0.0050771534,-0.004844822,0.0038196184,-0.00866444,3.0,2.0,1.0,-1.0,True,1,0,False,False,False,False,False,False,False,False,0.01572955,-0.06810798,
7,487,36978,1.0,1.0,139,139,rank1_kept,0.0561402,0.048859183,0.0072810166,6.4596534e-05,-0.0070829615,0.007147558,0.0,1.0,1.0,0.0,False,0,0,False,False,False,False,False,False,False,False,-0.01162091,-0.09865601,
7,488,37059,7.0,7.0,401,554,not1_kept,0.02925522,0.037507143,-0.008251922,-0.0044331644,0.00090039894,-0.0053335633,0.0,42.0,44.0,2.0,False,0,0,False,False,False,False,False,False,False,False,0.010006931,-0.08639049,
7,489,37221,4.0,6.0,93,894,not1_kept,0.03770131,0.04382338,-0.0061220713,-0.001811929,-0.005168408,0.003356479,2.0,14.0,9.0,-5.0,True,0,0,False,False,False,False,False,True,True,True,-0.0044954475,-0.14328985,
7,490,37224,1.0,1.0,764,536,rank1_kept,0.06543237,0.049320094,0.016112275,-0.0031221583,-0.0047506876,0.0016285293,0.0,1.0,1.0,0.0,False,0,0,False,False,False,True,False,False,False,False,0.0010685285,-0.07136656,
7,491,37436,20.0,26.0,831,554,not1_kept,0.024486672,0.03527523,-0.010788556,-0.0031236205,-0.003155619,3.199838e-05,6.0,39.0,35.0,-4.0,True,0,0,False,False,False,False,False,False,False,True,0.0047586975,-0.18028575,
7,492,37494,1.0,1.0,522,967,rank1_kept,0.054375257,0.042355962,0.012019295,-0.0045166574,-0.0043329075,-0.00018374994,0.0,1.0,1.0,0.0,False,0,0,False,False,False,False,False,False,False,True,0.009606359,-0.08658088,
7,493,37608,1.0,1.0,504,516,rank1_kept,0.06378667,0.052020177,0.011766493,-0.0011287034,0.0013159178,-0.0024446212,0.0,1.0,1.0,0.0,False,0,0,False,False,False,False,False,False,False,False,0.004883539,-0.03238961,
7,494,37736,4.0,10.0,57,208,not1_kept,0.04446704,0.05830838,-0.013841342,-0.0056682676,0.001616206,-0.0072844736,6.0,1.0,1.0,0.0,True,0,0,False,False,False,True,False,False,False,True,0.017531876,0.0005794947,
7,495,37801,1.0,1.0,173,689,rank1_kept,0.051544953,0.045513216,0.0060317367,-0.0024935193,-0.0032981746,0.00080465525,0.0,1.0,1.0,0.0,False,0,0,False,False,False,False,False,False,False,False,0.0011232586,-0.18747307,
7,496,37927,17.0,9.0,380,380,not1_kept,0.031877868,0.036851004,-0.004973136,-0.0006874129,-0.0050305277,0.004343115,-8.0,8.0,8.0,0.0,False,0,0,False,False,False,False,False,False,False,False,-0.008418677,-0.09502233,
7,497,38022,1.0,1.0,300,300,rank1_kept,0.055541355,0.053574517,0.0019668378,0.0017636344,0.004346397,-0.0025827624,0.0,1.0,1.0,0.0,False,0,0,False,False,False,False,False,True,True,True,0.0046042707,-0.10507668,
7,498,38025,120.0,99.0,777,777,not1_kept,0.034777846,0.050749402,-0.015971556,0.001328323,-0.0045647733,0.0058930963,-21.0,12.0,6.0,-6.0,False,0,0,False,False,False,False,False,False,False,False,-0.01050981,-0.16625226,
7,499,38060,1.0,1.0,875,875,rank1_kept,0.068354644,0.06128528,0.007069364,0.004723005,0.00013925135,0.0045837536,0.0,1.0,1.0,0.0,False,0,0,False,False,False,False,False,False,False,True,-0.00818498,-0.18986319,
7,500,38246,2.0,2.0,567,567,not1_kept,0.061489396,0.06506143,-0.0035720319,0.0034665726,0.0029829778,0.00048359483,0.0,1.0,1.0,0.0,False,0,0,False,False,False,False,False,True,True,True,-0.00089414226,-0.119363725,
7,501,38278,7.0,17.0,314,314,not1_kept,0.036105342,0.047011573,-0.010906231,-0.0059738904,-0.0023560263,-0.003617864,10.0,2.0,3.0,1.0,False,0,0,False,False,False,False,False,False,False,True,0.006448376,-0.036091704,
7,502,38297,1.0,2.0,886,886,rank1_to_not1,0.040702857,0.041014392,-0.00031153485,-0.0036143325,-0.00091732666,-0.0026970059,1.0,1.0,1.0,0.0,True,1,0,False,False,False,False,False,True,True,True,0.004443311,-0.24015374,
7,503,38310,6.0,5.0,616,484,not1_kept,0.04877308,0.053081002,-0.004307922,-0.0015275665,-0.0060815513,0.004553985,-1.0,2.0,1.0,-1.0,False,0,0,False,False,False,False,False,False,False,True,-0.0006300211,-0.09064006,
7,504,38358,11.0,8.0,11,11,not1_kept,0.042132337,0.04728017,-0.0051478334,-0.00021465868,-0.0014164038,0.0012017451,-3.0,51.0,30.0,-21.0,False,0,0,False,False,False,False,False,False,False,True,-0.0022542756,-0.11867947,
7,505,38483,1.0,3.0,710,852,rank1_to_not1,0.04612485,0.049666345,-0.0035414957,-0.0054795556,-0.0005971305,-0.004882425,2.0,6.0,11.0,5.0,False,1,0,False,False,False,False,False,False,False,False,0.012324568,-0.10078256,
7,506,38486,3.0,3.0,208,208,not1_kept,0.0440657,0.048782505,-0.004716806,0.00072556734,-0.0006661825,0.0013917498,0.0,1.0,1.0,0.0,False,0,0,False,False,False,False,False,False,False,False,-0.0024429425,-0.1318677,
7,507,38494,1.0,1.0,321,756,rank1_kept,0.060964715,0.05108047,0.009884246,-0.003527712,-0.0027537793,-0.0007739328,0.0,1.0,1.0,0.0,False,0,0,False,False,True,True,True,True,True,True,0.0022234782,-0.08892448,
7,508,38641,1.0,1.0,146,630,rank1_kept,0.046191543,0.038738973,0.00745257,-0.003765788,-0.0030384548,-0.0007273331,0.0,1.0,1.0,0.0,False,0,0,False,False,False,True,False,False,False,False,0.016246507,-0.09179385,
7,509,38794,1.0,1.0,85,85,rank1_kept,0.05438426,0.05079707,0.00358719,-0.0021384358,-0.004196912,0.0020584762,0.0,1.0,1.0,0.0,False,0,0,False,True,True,True,True,True,True,True,-0.0043564555,-0.09668142,
7,510,38817,1.0,1.0,767,828,rank1_kept,0.057584133,0.0479667,0.009617433,-0.002789989,-0.0043530986,0.0015631095,0.0,1.0,1.0,0.0,False,0,0,False,False,True,True,False,True,True,True,5.0619943e-05,-0.031813756,
7,511,38829,11.0,15.0,828,828,not1_kept,0.04121084,0.050908595,-0.009697754,-0.00609912,-0.0031546317,-0.002944488,4.0,3.0,3.0,0.0,True,0,0,False,False,False,True,False,True,True,True,0.0055326475,-0.030789088,
7,512,38853,1.0,3.0,137,137,rank1_to_not1,0.043457538,0.049329598,-0.0058720596,-0.007463731,-0.00020360202,-0.007260129,2.0,2.0,1.0,-1.0,True,1,0,False,False,False,False,False,False,False,True,0.014155694,-0.035403684,
7,513,38978,1.0,1.0,289,372,rank1_kept,0.050224215,0.043882295,0.0063419193,-0.0015855692,-0.00068631023,-0.000899259,0.0,1.0,1.0,0.0,False,0,0,False,False,False,True,False,False,True,True,0.0063078026,-0.10401288,
7,514,39047,7.0,4.0,567,567,not1_kept,0.04974284,0.056848247,-0.0071054064,0.0022551864,0.0013618357,0.0008933507,-3.0,4.0,2.0,-2.0,False,0,0,False,False,False,False,False,False,False,False,-0.0016517014,-0.10513174,
7,515,39058,11.0,12.0,327,490,not1_kept,0.042423494,0.054820567,-0.012397073,-0.0019487664,-0.0020220391,7.3272735e-05,1.0,3.0,4.0,1.0,False,0,0,False,False,False,True,False,False,False,False,0.0039901696,-0.06700242,
7,516,39095,1.0,2.0,879,327,rank1_to_not1,0.04955466,0.04992516,-0.00037049875,-0.0045025684,-0.0016426817,-0.0028598867,1.0,11.0,20.0,9.0,False,1,0,False,False,False,False,False,False,False,False,0.013794726,-0.11277225,
7,517,39289,1.0,1.0,310,310,rank1_kept,0.060774975,0.04529677,0.015478205,0.00213914,-0.004803136,0.006942276,0.0,1.0,1.0,0.0,False,0,0,False,False,False,True,False,True,True,True,-0.013383762,-0.056124926,
7,518,39298,1.0,1.0,666,666,rank1_kept,0.056121897,0.04309489,0.013027009,-0.0017833374,-0.0029634684,0.001180131,0.0,1.0,1.0,0.0,False,0,0,False,False,False,True,False,False,False,True,-0.0021828995,-0.041857403,
7,519,39369,2.0,2.0,146,146,not1_kept,0.047601946,0.047894258,-0.00029231235,0.00036053732,-0.010037363,0.0103979,0.0,1.0,1.0,0.0,False,0,0,False,False,False,False,False,False,False,False,-0.018839581,-0.13568051,
7,520,39402,1.0,1.0,480,480,rank1_kept,0.0669908,0.054760285,0.0122305155,-0.0015669316,0.0005441271,-0.0021110587,0.0,1.0,1.0,0.0,False,0,0,False,False,False,False,False,True,True,True,0.0039039203,-0.049828023,
7,521,39509,24.0,22.0,134,134,not1_kept,0.0447475,0.059703987,-0.0149564855,0.0015833601,-0.0033135228,0.004896883,-2.0,2.0,2.0,0.0,False,0,0,False,True,True,True,False,False,False,False,-0.008787287,-0.13402209,
7,522,39547,1.0,1.0,189,189,rank1_kept,0.055003546,0.054139,0.00086454675,-0.0024889782,-0.0018318295,-0.00065714866,0.0,1.0,1.0,0.0,False,0,0,False,False,False,True,False,False,False,True,0.0012339684,-0.18049502,
7,523,39553,2.0,4.0,567,567,not1_kept,0.051132116,0.06966561,-0.018533494,-0.000676509,0.003718838,-0.004395347,2.0,2.0,1.0,-1.0,True,0,0,False,False,False,True,False,True,True,True,0.007828919,-0.09584603,
7,524,39841,1.0,1.0,947,947,rank1_kept,0.062649384,0.05480925,0.007840134,0.001750622,-0.004024856,0.0057754777,0.0,1.0,1.0,0.0,False,0,0,False,False,False,False,False,False,False,True,-0.009957098,-0.0824944,
7,525,39997,1.0,1.0,576,250,rank1_kept,0.057104558,0.0538398,0.0032647587,0.0016603433,-0.0010514148,0.002711758,0.0,1.0,1.0,0.0,False,0,0,False,False,False,False,False,False,False,False,0.0015951626,-0.024311762,
7,526,40153,2.0,3.0,11,11,not1_kept,0.051387325,0.053911332,-0.002524007,0.0019599237,0.0024739802,-0.00051405653,1.0,3.0,1.0,-2.0,True,0,0,False,False,False,True,False,False,False,True,0.0010294907,-0.1281986,
7,527,40235,19.0,10.0,158,158,not1_kept,0.034669805,0.046446472,-0.011776667,1.7743558e-05,-0.0006954707,0.0007132143,-9.0,23.0,45.0,22.0,False,0,0,False,False,False,True,False,True,True,True,-0.0013659302,-0.09694994,
7,528,40423,1.0,1.0,943,36,rank1_kept,0.056796286,0.04126192,0.015534367,0.00047156587,-0.00015954301,0.0006311089,0.0,1.0,1.0,0.0,False,0,0,False,False,False,False,False,False,False,False,-0.00052612775,-0.03591669,
7,529,40548,16.0,11.0,967,967,not1_kept,0.03795115,0.06163198,-0.023680832,0.0023613572,0.0051008128,-0.0027394556,-5.0,1.0,1.0,0.0,False,0,0,False,False,False,False,False,False,False,True,0.0052073672,-0.020737616,
7,530,40575,1.0,1.0,689,689,rank1_kept,0.05964971,0.048186973,0.011462737,0.0029254109,0.0054362603,-0.0025108494,0.0,1.0,1.0,0.0,False,0,0,False,False,False,True,False,False,False,True,0.005245281,-0.07986094,
7,531,40721,50.0,109.0,499,499,not1_kept,0.031156972,0.053138793,-0.02198182,-0.004002221,0.0021673478,-0.0061695687,59.0,11.0,13.0,2.0,False,0,0,False,False,False,False,False,False,False,True,0.010868685,-0.08992569,
7,532,40770,1.0,1.0,180,180,rank1_kept,0.058685567,0.050243393,0.008442175,2.8889626e-05,-0.004042167,0.004071057,0.0,1.0,1.0,0.0,False,0,0,False,False,False,False,False,False,False,True,-0.008260375,-0.0510967,
7,533,40840,1.0,1.0,388,388,rank1_kept,0.058723435,0.052140333,0.006583102,-0.0011614002,-0.0043361187,0.0031747185,0.0,1.0,1.0,0.0,False,0,0,False,False,False,False,False,False,False,False,-0.0061566476,-0.11913192,
7,534,40846,21.0,20.0,437,567,not1_kept,0.033938613,0.047440134,-0.013501521,-0.005943056,-0.003741216,-0.0022018403,-1.0,3.0,3.0,0.0,False,0,0,False,False,False,True,False,False,False,False,0.0052615334,-0.12026357,
7,535,40909,1.0,1.0,499,641,rank1_kept,0.05467473,0.05333945,0.0013352782,-0.0006168559,0.0031454787,-0.0037623346,0.0,1.0,1.0,0.0,False,0,0,False,False,False,False,False,False,False,False,0.010617334,-0.04871629,
7,536,40920,18.0,15.0,717,655,not1_kept,0.040975623,0.054151114,-0.013175491,0.0003578551,-0.00017035007,0.0005282052,-3.0,15.0,19.0,4.0,False,0,0,False,False,False,False,False,True,True,True,0.0028542108,-0.078780316,
7,537,40924,1.0,1.0,923,260,rank1_kept,0.069005735,0.05288489,0.016120844,-0.0067240223,-0.0014668703,-0.005257152,0.0,1.0,1.0,0.0,False,0,0,False,False,False,False,False,False,False,False,0.017073393,0.082575284,
7,538,40935,3.0,11.0,788,788,not1_kept,0.03864165,0.04884269,-0.010201041,-0.0077191778,-0.0023879893,-0.0053311884,8.0,5.0,7.0,2.0,False,0,0,False,False,False,True,False,False,False,False,0.009404806,-0.09394202,
7,539,40979,2.0,4.0,710,200,not1_kept,0.032266036,0.036732078,-0.004466042,-0.007415343,-0.008935396,0.0015200526,2.0,12.0,33.0,21.0,False,0,0,False,False,False,False,False,False,False,False,0.019574985,-0.1243083,
7,540,41056,1.0,1.0,867,867,rank1_kept,0.057826184,0.048917595,0.008908588,-0.00054498017,0.00030824915,-0.0008532293,0.0,1.0,1.0,0.0,False,0,0,False,True,True,True,False,True,True,True,0.0016058087,-0.1277352,
7,541,41097,2.0,3.0,50,50,not1_kept,0.058150195,0.060210746,-0.0020605512,-0.006702982,-0.0050230883,-0.0016798936,1.0,1.0,3.0,2.0,False,0,0,False,True,True,True,False,False,False,False,0.003390822,-0.07249581,
7,542,41116,1.0,1.0,708,708,rank1_kept,0.045868617,0.043079842,0.0027887747,-0.0045418516,-0.0046054386,6.358698e-05,0.0,1.0,1.0,0.0,False,0,0,False,True,True,True,False,False,False,True,-0.00010632801,-0.131175,
7,543,41137,1.0,1.0,449,449,rank1_kept,0.06718764,0.051429104,0.015758533,-0.0010060072,-0.002071809,0.0010658018,0.0,1.0,1.0,0.0,False,0,0,True,True,True,True,False,True,True,True,-0.002288599,-0.0854954,
7,544,41162,1.0,2.0,75,75,rank1_to_not1,0.04497947,0.04683687,-0.0018573999,-0.008535262,-0.006069787,-0.0024654754,1.0,1.0,1.0,0.0,True,1,0,True,True,True,True,False,False,False,True,0.00490918,-0.046424,
7,545,41482,1.0,1.0,828,828,rank1_kept,0.060206015,0.044993255,0.015212759,-0.0041236915,-0.005835898,0.0017122068,0.0,1.0,1.0,0.0,False,0,0,False,False,False,True,False,True,True,True,-0.003255548,-0.06954208,
7,546,41566,6.0,7.0,886,886,not1_kept,0.041880645,0.051852312,-0.009971667,-0.004556872,-0.0010760799,-0.003480792,1.0,1.0,1.0,0.0,True,0,0,False,True,True,True,False,False,False,True,0.0066649597,-0.20850521,
7,547,41574,2.0,2.0,208,208,not1_kept,0.054422207,0.057087015,-0.0026648082,-0.0022422858,-0.00096426904,-0.0012780167,0.0,1.0,1.0,0.0,False,0,0,False,False,False,False,False,False,False,False,0.002418789,-0.06281185,
7,548,41623,52.0,69.0,322,580,not1_kept,0.032930326,0.04995414,-0.017023813,-0.003963489,-0.0033784173,-0.00058507174,17.0,5.0,5.0,0.0,True,0,0,False,False,False,False,False,False,False,False,0.008123104,-0.11114663,
7,549,41653,1.0,1.0,923,923,rank1_kept,0.05160894,0.041393917,0.010215022,-0.0052750707,-0.0060899816,0.000814911,0.0,1.0,1.0,0.0,False,0,0,False,False,True,True,False,False,False,False,-0.0015963952,-0.14080186,
7,550,41710,4.0,7.0,313,208,not1_kept,0.042258535,0.047425948,-0.0051674135,-0.003923781,-0.0045878068,0.00066402555,3.0,2.0,3.0,1.0,False,0,0,False,False,False,False,False,False,False,False,0.004613403,-0.07955438,
7,551,41778,6.0,3.0,75,75,not1_kept,0.04216569,0.048080754,-0.0059150644,-0.0010410994,-0.006570637,0.005529538,-3.0,1.0,1.0,0.0,False,0,0,False,False,False,False,True,True,True,True,-0.009721917,-0.0663264,
7,552,41814,2.0,2.0,153,153,not1_kept,0.048483737,0.05155374,-0.0030700043,-0.0037243292,-0.0066912286,0.0029668994,0.0,1.0,1.0,0.0,False,0,0,False,False,False,False,False,False,False,False,-0.005665239,-0.106388405,
7,553,41927,1.0,1.0,149,162,rank1_kept,0.06034325,0.051422898,0.008920353,-0.0015299246,-0.009066887,0.0075369626,0.0,1.0,1.0,0.0,False,0,0,False,False,False,False,False,False,False,False,0.009024433,-0.15084672,
7,554,41934,1.0,1.0,545,545,rank1_kept,0.056337334,0.050491896,0.0058454387,0.000104390085,-0.0004963018,0.0006006919,0.0,1.0,1.0,0.0,False,0,0,False,False,False,False,True,True,True,True,-0.0010964962,-0.11982703,
7,555,42007,11.0,22.0,990,990,not1_kept,0.025976349,0.039587706,-0.013611358,-0.0063615516,0.00028287992,-0.0066444315,11.0,14.0,35.0,21.0,False,0,0,False,False,False,False,False,True,True,True,0.012657178,-0.10119431,
7,556,42126,5.0,7.0,655,655,not1_kept,0.03767637,0.0464722,-0.008795828,-0.0028744303,0.00027256086,-0.0031469911,2.0,12.0,16.0,4.0,False,0,0,False,False,False,False,False,False,False,True,0.0059092334,-0.10541944,
7,557,42166,19.0,30.0,28,28,not1_kept,0.039432514,0.053360358,-0.013927843,-0.0030088536,0.001368653,-0.0043775067,11.0,2.0,2.0,0.0,True,0,0,False,False,False,False,False,False,False,False,0.007822474,-0.058925357,
7,558,42171,1.0,1.0,881,40,rank1_kept,0.056405194,0.04010298,0.016302213,-0.0019783862,-0.0011081472,-0.000870239,0.0,1.0,1.0,0.0,False,0,0,True,True,True,True,False,False,False,False,0.014573408,-0.08374606,
7,559,42214,1.0,1.0,567,567,rank1_kept,0.065747,0.057087258,0.008659743,-0.0030491948,-0.0019045025,-0.0011446923,0.0,1.0,1.0,0.0,False,0,0,False,False,False,True,False,False,False,False,0.0022394788,-0.1603235,
7,560,42224,1.0,1.0,370,715,rank1_kept,0.054772846,0.045485634,0.009287212,0.0015227348,-0.0013824031,0.0029051378,0.0,1.0,1.0,0.0,False,0,0,False,False,False,False,False,False,False,True,-0.0031779883,-0.06782453,
7,561,42238,48.0,112.0,967,967,not1_kept,0.03609797,0.06229373,-0.02619576,-0.004104417,0.0076820254,-0.011786442,64.0,3.0,6.0,3.0,False,0,0,False,False,False,True,True,True,True,True,0.021083102,-0.07803188,
7,562,42299,9.0,5.0,770,770,not1_kept,0.047091898,0.05369229,-0.006600391,0.0012953915,-0.0011586323,0.0024540238,-4.0,6.0,4.0,-2.0,False,0,0,False,False,False,False,False,False,False,False,-0.0044372124,-0.11474417,
7,563,42473,84.0,15.0,30,655,not1_kept,0.038490467,0.049259298,-0.010768831,0.0063759014,-0.0010315105,0.007407412,-69.0,9.0,4.0,-5.0,False,0,0,False,False,False,False,False,False,False,False,-0.010579713,-0.03514044,
7,564,42563,3.0,2.0,828,828,not1_kept,0.055219237,0.055709764,-0.0004905276,0.0025593005,0.0009000264,0.0016592741,-1.0,1.0,1.0,0.0,False,0,0,False,False,False,True,False,False,False,True,-0.0031286352,-0.031120207,
7,565,42642,162.0,220.0,522,522,not1_kept,0.022409955,0.049299344,-0.02688939,-0.005000891,-0.001822859,-0.003178032,58.0,133.0,125.0,-8.0,True,0,0,False,False,False,False,False,False,False,False,0.0058352593,-0.10530438,
7,566,42648,55.0,49.0,567,567,not1_kept,0.038616233,0.052765004,-0.014148772,0.0005588904,-0.0012443103,0.0018032007,-6.0,22.0,16.0,-6.0,False,0,0,False,False,False,False,False,False,False,False,-0.0034346334,-0.16471569,
7,567,42697,1.0,1.0,468,468,rank1_kept,0.07609306,0.04964852,0.026444543,0.0035698488,-0.008203901,0.01177375,0.0,1.0,1.0,0.0,False,0,0,False,False,False,False,False,True,True,True,-0.021796798,-0.073117346,
7,568,42781,5.0,5.0,984,984,not1_kept,0.04223585,0.050203633,-0.007967781,-0.002273921,-0.004896473,0.0026225522,0.0,1.0,1.0,0.0,False,0,0,False,False,False,False,False,False,False,True,-0.004306455,-0.06874065,
7,569,42851,1.0,1.0,83,172,rank1_kept,0.050080415,0.037714597,0.012365818,-0.0026436,-0.0005936846,-0.0020499155,0.0,1.0,1.0,0.0,False,0,0,False,False,False,False,False,False,False,False,0.00584258,-0.078796245,
7,570,42912,52.0,33.0,541,541,not1_kept,0.039376263,0.059590213,-0.02021395,0.0012176111,-0.002648376,0.003865987,-19.0,4.0,4.0,0.0,False,0,0,False,False,False,False,False,False,False,True,-0.007282677,-0.08337338,
7,571,42946,5.0,17.0,828,396,not1_kept,0.03611078,0.046452396,-0.0103416145,-0.0063384883,-0.003737662,-0.0026008263,12.0,26.0,92.0,66.0,False,0,0,True,True,True,True,False,True,True,True,0.010412344,-0.113481134,
7,572,42980,1.0,1.0,386,386,rank1_kept,0.05277971,0.040814728,0.011964984,-0.00040417537,-0.005263321,0.0048591457,0.0,1.0,1.0,0.0,False,0,0,False,True,True,True,True,True,True,True,-0.008608246,-0.05981849,
7,573,43107,22.0,29.0,590,327,not1_kept,0.043722842,0.05675572,-0.01303288,-0.0023224093,-0.001575917,-0.0007464923,7.0,1.0,1.0,0.0,True,0,0,False,False,False,False,False,False,False,False,0.005733047,-0.10342549,
7,574,43156,12.0,6.0,384,28,not1_kept,0.04798611,0.05332952,-0.005343411,0.0051158965,-0.0002607517,0.005376648,-6.0,1.0,1.0,0.0,False,0,0,False,False,False,False,False,False,False,False,-0.005746383,-0.071979016,
7,575,43157,1.0,1.0,481,481,rank1_kept,0.052567907,0.044134885,0.008433022,-0.0015842356,-0.0008759275,-0.0007083081,0.0,1.0,1.0,0.0,False,0,0,False,False,False,False,False,False,False,False,0.0013886696,-0.14360686,
7,576,43159,1.0,1.0,368,368,rank1_kept,0.050292477,0.04897105,0.0013214275,-0.0048623346,-0.0022854544,-0.0025768802,0.0,3.0,5.0,2.0,False,0,0,False,False,False,True,False,False,False,False,0.0051335865,-0.08870571,
7,577,43164,1.0,1.0,356,356,rank1_kept,0.06918505,0.050591543,0.018593505,-0.003712751,-0.002302967,-0.001409784,0.0,1.0,1.0,0.0,False,0,0,False,False,False,False,False,False,False,False,0.002597425,-0.1361288,
7,578,43224,2.0,7.0,616,567,not1_kept,0.046916172,0.05063755,-0.0037213787,-0.0069219843,-0.0046845637,-0.0022374205,5.0,1.0,5.0,4.0,False,0,0,False,False,False,False,False,False,False,True,0.0190443,-0.092450604,
7,579,43250,12.0,19.0,310,737,not1_kept,0.036616422,0.05167107,-0.015054647,-0.0019261688,0.00020050257,-0.0021266714,7.0,4.0,4.0,0.0,True,0,0,False,False,False,False,False,False,True,True,0.008890674,-0.12685145,
7,580,43288,1.0,1.0,374,59,rank1_kept,0.059125207,0.047813013,0.011312194,-0.001085367,-0.0053374097,0.0042520426,0.0,1.0,1.0,0.0,False,0,0,False,False,False,False,False,False,False,False,0.00935109,-0.018470379,
7,581,43428,1.0,1.0,505,505,rank1_kept,0.06403041,0.05061528,0.013415128,-0.0028872713,-0.001399938,-0.0014873333,0.0,1.0,1.0,0.0,False,0,0,False,False,False,True,False,False,False,True,0.00309416,-0.075843036,
7,582,43429,12.0,4.0,499,30,not1_kept,0.04545248,0.04839311,-0.0029406324,0.003688436,0.00061568245,0.0030727535,-8.0,9.0,3.0,-6.0,False,0,0,False,False,False,False,False,False,False,True,-0.0046499437,-0.05617579,
7,583,43445,1.0,1.0,118,118,rank1_kept,0.070999764,0.048241336,0.022758428,-0.0019815266,-0.003362015,0.0013804883,0.0,1.0,1.0,0.0,False,0,0,False,False,False,True,True,True,True,True,-0.0026086965,-0.035692237,
7,584,43465,2.0,2.0,967,967,not1_kept,0.05464738,0.06447553,-0.00982815,0.004244454,0.00067836046,0.0035660937,0.0,1.0,1.0,0.0,False,0,0,False,False,False,False,False,False,False,False,-0.006691059,-0.09781871,
7,585,43500,3.0,10.0,567,567,not1_kept,0.04488233,0.051904578,-0.0070222467,-0.005649358,-0.0065421127,0.00089275464,7.0,1.0,1.0,0.0,True,0,0,False,False,False,False,False,False,False,True,-0.001685898,-0.16227761,
7,586,43619,6.0,3.0,500,499,not1_kept,0.05336023,0.06134105,-0.00798082,0.0023670308,0.003990587,-0.001623556,-3.0,1.0,1.0,0.0,False,0,0,False,False,True,True,False,False,False,True,0.003330939,-0.102771856,
7,587,43675,1.0,1.0,677,967,rank1_kept,0.053724043,0.051734965,0.0019890778,-0.0014038384,-0.0032015927,0.0017977543,0.0,1.0,1.0,0.0,False,0,0,False,False,False,False,False,False,False,False,0.009478696,-0.13404584,
7,588,43689,1.0,1.0,118,118,rank1_kept,0.061947186,0.054904085,0.007043101,-0.00013438612,-0.005812291,0.005677905,0.0,1.0,1.0,0.0,False,0,0,False,True,True,True,False,False,False,True,-0.011111063,-0.13231389,
7,589,43746,10.0,9.0,516,149,not1_kept,0.052601464,0.063463956,-0.010862492,0.0032279268,0.0042704344,-0.0010425076,-1.0,12.0,5.0,-7.0,False,0,0,True,True,True,True,False,False,False,True,0.0069839293,-0.033279587,
7,590,43818,1.0,1.0,28,28,rank1_kept,0.055728182,0.04631658,0.009411603,-0.0130762905,-0.00172434,-0.0113519505,0.0,1.0,3.0,2.0,False,0,0,False,False,False,True,False,False,False,True,0.020537216,-0.11088427,
7,591,43820,2.0,2.0,250,250,not1_kept,0.059556834,0.06071429,-0.0011574551,0.0034948066,0.0006358512,0.0028589554,0.0,3.0,2.0,-1.0,False,0,0,False,True,True,True,True,True,True,True,-0.005564217,0.019424194,
7,592,43852,20.0,12.0,286,286,not1_kept,0.03717985,0.045673095,-0.008493245,0.00028480962,-0.0017082468,0.0019930564,-8.0,1.0,1.0,0.0,False,0,0,False,False,False,False,False,False,False,True,-0.003400894,-0.050675698,
7,593,43950,1.0,1.0,380,651,rank1_kept,0.055671327,0.04626269,0.009408638,-0.0013849586,0.0016927049,-0.0030776635,0.0,1.0,1.0,0.0,False,0,0,False,False,False,True,False,False,False,False,0.014041495,-0.0764211,
7,594,43984,1.0,1.0,776,776,rank1_kept,0.04842363,0.0439452,0.0044784285,-0.006250128,-0.008628052,0.0023779236,0.0,1.0,2.0,1.0,False,0,0,True,True,True,True,False,False,False,False,-0.0048954985,-0.18998717,
7,595,44052,1.0,1.0,543,543,rank1_kept,0.049836926,0.040850878,0.008986048,0.0024110824,-0.0014378056,0.003848888,0.0,1.0,2.0,1.0,False,0,0,False,False,False,False,False,False,False,False,-0.0067190095,-0.13860033,
7,596,44097,2.0,1.0,82,82,not1_to_rank1,0.06299527,0.060606822,0.0023884475,0.00243574,-0.0035200417,0.005955782,-1.0,1.0,1.0,0.0,False,0,1,False,False,False,True,False,False,False,False,-0.011253701,-0.011921123,
7,597,44107,26.0,25.0,700,88,not1_kept,0.035122402,0.05385168,-0.018729277,-0.0036576688,0.0033179931,-0.006975662,-1.0,2.0,3.0,1.0,False,0,0,False,False,True,True,True,True,True,True,0.013405038,-0.09988937,
7,598,44138,2.0,2.0,717,717,not1_kept,0.05871271,0.065735005,-0.007022295,0.0013430417,5.930662e-05,0.001283735,0.0,1.0,1.0,0.0,False,0,0,False,True,True,True,True,True,True,True,-0.0024342835,-0.05119025,
7,599,44144,20.0,13.0,764,536,not1_kept,0.040530697,0.04754166,-0.007010963,0.00045977905,-0.0037492365,0.0042090155,-7.0,4.0,2.0,-2.0,False,0,0,False,False,True,True,False,False,False,False,-0.0039110966,-0.14179674,
7,600,44184,3.0,2.0,590,809,not1_kept,0.04340715,0.046769224,-0.0033620745,0.0023405775,0.0025705323,-0.00022995472,-1.0,1.0,1.0,0.0,False,0,0,False,False,False,False,False,False,True,True,0.0018540621,-0.09995735,
7,601,44324,1.0,1.0,876,250,rank1_kept,0.055869434,0.04716503,0.008704405,0.0039262585,-0.0012577176,0.005183976,0.0,4.0,2.0,-2.0,False,0,0,False,False,True,True,False,True,True,True,-0.005217985,-0.13716169,
7,602,44339,26.0,14.0,186,377,not1_kept,0.036109485,0.047294967,-0.011185482,0.0008056313,-0.000100679696,0.000906311,-12.0,8.0,10.0,2.0,False,0,0,False,False,False,False,False,False,False,False,0.00425801,-0.1696922,
7,603,44369,5.0,4.0,710,934,not1_kept,0.045274984,0.051032055,-0.005757071,-0.0019116104,-0.0031685643,0.0012569539,-1.0,1.0,1.0,0.0,False,0,0,True,True,True,True,True,True,True,True,0.0016490737,-0.22904521,
7,604,44412,46.0,36.0,827,692,not1_kept,0.04111516,0.053680252,-0.012565091,-0.0024276152,-0.0043957382,0.001968123,-10.0,3.0,4.0,1.0,False,0,0,False,False,False,False,False,False,False,True,0.004816967,-0.02808674,
7,605,44705,19.0,18.0,230,230,not1_kept,0.037763305,0.051965866,-0.014202561,-0.00084221363,-0.0009049736,6.2759966e-05,-1.0,8.0,5.0,-3.0,False,0,0,False,False,False,True,False,True,True,True,-0.0001156379,-0.18570198,
7,606,44720,1.0,1.0,178,18,rank1_kept,0.05548537,0.04721627,0.008269101,-0.0026827715,-0.0036360025,0.000953231,0.0,1.0,1.0,0.0,False,0,0,False,False,False,False,False,False,False,True,0.005103136,-0.19857283,
7,607,44729,9.0,11.0,308,308,not1_kept,0.040102217,0.057130303,-0.017028086,-0.0028353855,-0.0008614361,-0.0019739494,2.0,10.0,9.0,-1.0,True,0,0,False,False,False,False,False,True,True,True,0.0037011073,-0.03225134,
7,608,44736,1.0,1.0,535,875,rank1_kept,0.05336644,0.049691826,0.0036746152,-0.0037577413,-0.00056465715,-0.0031930842,0.0,1.0,1.0,0.0,False,0,0,False,False,False,False,False,False,False,True,0.013624495,-0.08653247,
7,609,44844,33.0,21.0,541,567,not1_kept,0.038046636,0.046008725,-0.007962089,-0.0020660646,-0.005612299,0.0035462342,-12.0,1.0,2.0,1.0,False,0,0,False,False,False,True,False,False,False,False,0.004008177,-0.12058025,
7,610,44971,3.0,1.0,569,414,not1_to_rank1,0.04526027,0.043354925,0.0019053444,0.0036004558,-0.005340729,0.008941185,-2.0,6.0,2.0,-4.0,False,0,1,False,False,False,False,False,False,False,False,-0.0005365957,-0.16949081,
7,611,44980,1.0,1.0,180,180,rank1_kept,0.056678377,0.035103902,0.021574475,-0.002604153,-0.0032188818,0.0006147288,0.0,1.0,1.0,0.0,False,0,0,False,False,False,False,False,False,False,False,-0.0012086737,-0.0879293,
7,612,45129,99.0,94.0,921,967,not1_kept,0.031337608,0.044496343,-0.013158735,-0.0016589724,-0.0013874248,-0.0002715476,-5.0,31.0,32.0,1.0,False,0,0,False,False,False,False,False,False,False,True,0.013569164,-0.0710607,
7,613,45213,2.0,2.0,967,967,not1_kept,0.04906612,0.0555535,-0.0064873807,-0.0026823357,0.0018022954,-0.004484631,0.0,1.0,1.0,0.0,False,0,0,False,False,False,True,False,False,False,False,0.007853559,-0.11580282,
7,614,45356,2.0,2.0,321,321,not1_kept,0.053027995,0.054112367,-0.0010843724,-0.002016522,-0.008755341,0.006738819,0.0,1.0,1.0,0.0,False,0,0,False,False,False,True,False,True,True,True,-0.013597495,-0.1527142,
7,615,45595,22.0,30.0,806,867,not1_kept,0.019007182,0.031249972,-0.01224279,-0.0053954143,-0.008318258,0.0029228441,8.0,41.0,81.0,40.0,False,0,0,False,False,False,False,False,False,False,False,0.009138921,-0.08444266,
7,616,45632,1.0,1.0,777,271,rank1_kept,0.06853444,0.05671422,0.011820219,-0.0032002404,0.003534712,-0.0067349523,0.0,1.0,2.0,1.0,False,0,0,False,True,True,True,True,True,True,True,0.014182233,-0.03379616,
7,617,45746,2.0,5.0,172,172,not1_kept,0.034508504,0.042462807,-0.007954303,-0.011484429,-0.0044203177,-0.0070641115,3.0,4.0,4.0,0.0,True,0,0,False,False,False,False,False,False,False,False,0.012437425,-0.09079604,
7,618,45750,150.0,146.0,590,590,not1_kept,0.02889405,0.045828972,-0.016934922,-0.0019608382,-0.0036636554,0.0017028172,-4.0,3.0,5.0,2.0,False,0,0,False,False,False,False,False,False,False,False,-0.0031595398,-0.07306326,
7,619,45837,1.0,1.0,773,452,rank1_kept,0.04689783,0.040347412,0.0065504164,-0.0024508499,-0.004518144,0.002067294,0.0,1.0,1.0,0.0,False,0,0,False,False,True,True,False,False,False,True,0.008059637,-0.09296175,
7,620,45843,2.0,5.0,692,545,not1_kept,0.037731435,0.044469222,-0.0067377873,-0.004480239,-0.002402857,-0.002077382,3.0,2.0,2.0,0.0,True,0,0,False,False,False,False,False,True,True,True,0.012269733,-0.08519816,
7,621,45945,3.0,5.0,270,270,not1_kept,0.045118462,0.052339293,-0.007220831,-0.0019324236,-0.0042761937,0.0023437701,2.0,3.0,3.0,0.0,True,0,0,False,True,True,True,False,False,False,False,-0.0043168124,-0.1406423,
7,622,45981,3.0,3.0,153,153,not1_kept,0.041606203,0.051228385,-0.009622183,-0.0046626553,0.00013000146,-0.0047926567,0.0,1.0,1.0,0.0,False,0,0,False,False,False,False,False,False,True,True,0.008175949,0.011500288,
7,623,45982,75.0,72.0,567,567,not1_kept,0.033560365,0.062465373,-0.028905008,-0.00049716234,-0.00055646524,5.9302896e-05,-3.0,1.0,2.0,1.0,False,0,0,False,False,False,False,False,False,True,True,-0.00010683478,-0.1282688,
7,624,45999,3.0,6.0,802,802,not1_kept,0.048590545,0.054536916,-0.0059463717,-0.0056543797,-0.0018337108,-0.003820669,3.0,1.0,1.0,0.0,True,0,0,False,False,False,False,False,True,True,True,0.006890659,-0.12303806,
7,625,46002,58.0,20.0,567,567,not1_kept,0.030168,0.05767548,-0.02750748,0.006652154,0.0017307661,0.004921388,-38.0,151.0,44.0,-107.0,False,0,0,False,False,False,False,False,False,True,True,-0.008486852,-0.14081264,
7,626,46036,4.0,3.0,85,2,not1_kept,0.050629295,0.054915078,-0.0042857826,0.0047419257,0.003292691,0.0014492348,-1.0,7.0,3.0,-4.0,False,0,0,False,False,False,True,False,False,False,False,0.004478717,-0.08344536,
7,627,46101,4.0,1.0,831,875,not1_to_rank1,0.049673777,0.048853464,0.00082031265,0.0018129796,-0.0055563897,0.0073693693,-3.0,3.0,2.0,-1.0,False,0,1,False,False,False,False,False,False,False,False,0.00038939063,-0.12117308,
7,628,46136,31.0,29.0,449,449,not1_kept,0.041250385,0.052912015,-0.01166163,-0.001764372,-0.0012953803,-0.0004689917,-2.0,2.0,2.0,0.0,False,0,0,False,False,True,True,False,False,False,False,0.0008699119,-0.09903643,
7,629,46150,1.0,11.0,227,593,rank1_to_not1,0.03743165,0.042575758,-0.005144108,-0.011268888,-0.004621107,-0.0066477805,10.0,1.0,1.0,0.0,True,1,0,False,False,False,False,False,False,False,False,0.02423284,-0.07253755,
7,630,46160,1.0,1.0,137,176,rank1_kept,0.060776904,0.043298427,0.017478477,-0.0008581318,-0.0022388548,0.001380723,0.0,1.0,1.0,0.0,False,0,0,False,False,False,False,False,False,False,False,0.008815581,-0.07471146,
7,631,46274,428.0,488.0,178,178,not1_kept,0.015189091,0.04672511,-0.03153602,-0.0013502967,-0.002296321,0.00094602257,60.0,268.0,197.0,-71.0,True,0,0,False,False,False,False,False,False,False,False,-0.0016730848,-0.1551788,
7,632,46321,1.0,1.0,403,810,rank1_kept,0.06331647,0.047319304,0.015997168,-0.00087958574,0.00027946383,-0.0011590496,0.0,1.0,1.0,0.0,False,0,0,False,False,False,True,False,False,False,True,0.004129512,-0.11053005,
7,633,46372,152.0,197.0,180,178,not1_kept,0.02092806,0.0419693,-0.021041239,-0.004441444,-0.00337708,-0.0010643639,45.0,87.0,137.0,50.0,False,0,0,False,False,False,False,False,False,False,True,0.009289392,-0.16110964,
7,634,46380,1.0,1.0,270,875,rank1_kept,0.05546619,0.054806627,0.00065956265,-0.0016415827,-0.00079614297,-0.00084543973,0.0,1.0,1.0,0.0,False,0,0,False,False,False,False,False,False,False,True,0.0068800533,-0.037729863,
7,635,46460,1.0,1.0,389,856,rank1_kept,0.061639957,0.044196762,0.017443195,0.006072242,-0.0015305094,0.0076027513,0.0,1.0,1.0,0.0,False,0,0,False,False,False,False,False,False,True,True,-0.008887393,-0.01241418,
7,636,46462,1.0,1.0,171,322,rank1_kept,0.050377227,0.04640986,0.003967367,-0.004168913,2.9854476e-05,-0.0041987672,0.0,1.0,1.0,0.0,False,0,0,False,False,False,False,False,False,False,False,0.013415027,-0.07381199,
7,637,46480,40.0,49.0,710,644,not1_kept,0.024974387,0.042891953,-0.017917566,-0.004571205,-0.0062582605,0.0016870555,9.0,162.0,169.0,7.0,False,0,0,False,False,False,False,False,False,False,False,0.0051241345,-0.16243367,
7,638,46523,7.0,2.0,368,368,not1_kept,0.04808147,0.052959576,-0.0048781075,-0.0032330193,-0.0057695247,0.0025365055,-5.0,3.0,2.0,-1.0,False,0,0,False,False,False,False,False,False,False,False,-0.004935083,-0.013673267,
7,639,46642,5.0,15.0,914,598,not1_kept,0.034793444,0.043508828,-0.008715384,-0.008920159,-0.0037949234,-0.0051252358,10.0,1.0,5.0,4.0,False,0,0,False,False,False,True,False,False,False,True,0.015480058,-0.03432277,
7,640,46661,4.0,2.0,282,282,not1_kept,0.047415182,0.06561584,-0.018200658,-0.0011339933,8.6687505e-05,-0.0012206808,-2.0,3.0,4.0,1.0,False,0,0,False,True,True,True,False,True,True,True,0.0022128827,-0.1026809,
7,641,46806,1.0,1.0,875,875,rank1_kept,0.060464714,0.05680125,0.0036634654,-0.00068791956,0.0023066364,-0.002994556,0.0,1.0,1.0,0.0,False,0,0,False,False,False,False,False,False,False,True,0.0052144076,-0.06921051,
7,642,46835,1.0,1.0,224,302,rank1_kept,0.043193854,0.03346786,0.009725995,-0.005218532,-0.009905707,0.004687175,0.0,2.0,4.0,2.0,False,0,0,False,False,False,False,False,False,False,True,-0.0014662083,-0.106016055,
7,643,46861,1.0,1.0,139,139,rank1_kept,0.05251032,0.045805447,0.0067048743,0.0013345294,-0.0012966245,0.002631154,0.0,3.0,1.0,-2.0,False,0,0,False,False,False,False,False,False,False,False,-0.0048122285,-0.079965405,
7,644,47033,1.0,1.0,178,178,rank1_kept,0.05897566,0.04475468,0.014220979,-0.0025996082,-0.0045323893,0.0019327812,0.0,1.0,1.0,0.0,False,0,0,False,False,False,False,False,False,False,True,-0.003666318,-0.07340172,
7,645,47070,1.0,1.0,146,146,rank1_kept,0.053272888,0.04741936,0.0058535263,-0.0025504231,-0.004110813,0.00156039,0.0,1.0,1.0,0.0,False,0,0,False,False,False,True,False,False,False,False,-0.0028066586,-0.076958746,
7,646,47099,2.0,2.0,173,173,not1_kept,0.042525575,0.044647757,-0.0021221824,-0.0027420223,-0.0022941567,-0.00044786558,0.0,2.0,2.0,0.0,False,0,0,False,False,False,False,False,False,False,False,0.00085945195,-0.09356374,
7,647,47200,1.0,1.0,173,173,rank1_kept,0.057484824,0.055880897,0.0016039275,-0.0009562224,-2.0951033e-05,-0.0009352714,0.0,1.0,2.0,1.0,False,0,0,False,False,False,True,False,False,False,True,0.0019696858,-0.14979443,
7,648,47290,1.0,2.0,57,886,rank1_to_not1,0.036688697,0.036898978,-0.00021028146,-0.0050284415,0.00073831156,-0.005766753,1.0,13.0,16.0,3.0,False,1,0,False,False,False,True,False,False,False,True,0.014613707,-0.14007616,
7,649,47293,2.0,2.0,2,2,not1_kept,0.05770291,0.06475242,-0.007049512,-0.0045586936,0.0014247298,-0.0059834234,0.0,1.0,1.0,0.0,False,0,0,False,True,True,True,False,False,False,True,0.013223946,-0.09684116,
7,650,47321,9.0,4.0,967,584,not1_kept,0.038097996,0.04655787,-0.0084598735,0.0027137212,-0.0012512654,0.0039649867,-5.0,1.0,1.0,0.0,False,0,0,False,False,False,False,False,False,False,False,-0.0042473283,-0.11326462,
7,651,47408,11.0,4.0,380,380,not1_kept,0.04469489,0.047895316,-0.0032004267,0.0048584566,-0.0029293932,0.0077878498,-7.0,3.0,3.0,0.0,False,0,0,False,False,False,False,False,False,False,True,-0.014890582,-0.059744988,
7,652,47598,7.0,7.0,312,810,not1_kept,0.0454814,0.051722046,-0.0062406473,-0.0034814738,-0.0037521757,0.00027070194,0.0,2.0,4.0,2.0,False,0,0,False,False,False,False,True,True,True,True,0.011278645,-0.072022304,
7,653,47600,7.0,6.0,947,947,not1_kept,0.0514074,0.059880987,-0.008473586,-0.00046823546,-0.0047653094,0.004297074,-1.0,1.0,1.0,0.0,False,0,0,False,False,False,True,False,False,False,False,-0.008760224,-0.13924867,
7,654,47614,145.0,117.0,172,772,not1_kept,0.026808878,0.055726513,-0.028917635,-0.0011733994,0.0026291758,-0.0038025752,-28.0,19.0,13.0,-6.0,False,0,0,False,False,False,False,False,False,False,True,0.009755076,-0.062269974,
7,655,47656,1.0,1.0,853,30,rank1_kept,0.05998519,0.049288306,0.010696884,-0.0019379891,-0.006846588,0.004908599,0.0,1.0,3.0,2.0,False,0,0,False,False,False,False,False,False,False,True,-0.002548625,-0.05955364,
7,656,47687,1.0,2.0,951,443,rank1_to_not1,0.042933427,0.04546947,-0.0025360435,-0.01051357,-0.00071113557,-0.009802435,1.0,1.0,2.0,1.0,False,1,0,False,False,False,True,False,False,False,True,0.018485956,-0.15285721,
7,657,48157,3.0,3.0,984,984,not1_kept,0.049064953,0.050273497,-0.0012085438,-0.0037364662,-0.0078227,0.0040862337,0.0,1.0,1.0,0.0,False,0,0,False,False,False,False,False,False,True,True,-0.006766067,-0.13773945,
7,658,48260,2.0,1.0,923,982,not1_to_rank1,0.05295147,0.04374848,0.009202991,0.002423808,-0.006925326,0.009349134,-1.0,1.0,1.0,0.0,False,0,1,False,False,False,False,False,False,False,True,-0.011799566,-0.046701528,
7,659,48374,1.0,1.0,770,327,rank1_kept,0.05409646,0.04530871,0.008787751,0.0005437024,-0.0026403517,0.003184054,0.0,2.0,1.0,-1.0,False,0,0,False,False,False,False,False,False,False,True,0.0017832546,-0.121197194,
7,660,48379,4.0,7.0,779,779,not1_kept,0.045429096,0.054068785,-0.00863969,-0.0019148365,0.0014599152,-0.0033747517,3.0,1.0,2.0,1.0,False,0,0,False,False,False,False,False,False,True,True,0.0053507704,-0.16749138,
7,661,48393,15.0,13.0,149,149,not1_kept,0.038348146,0.04591404,-0.007565893,-0.0013669394,-0.0039195307,0.0025525913,-2.0,10.0,7.0,-3.0,False,0,0,False,False,False,False,False,False,False,True,-0.0046682567,-0.15900469,
7,662,48422,1.0,2.0,57,137,rank1_to_not1,0.04359096,0.045772504,-0.002181545,-0.0030484125,0.00015860796,-0.0032070205,1.0,6.0,4.0,-2.0,True,1,0,False,False,False,True,False,False,False,True,0.012485209,-0.101187006,
7,663,48508,10.0,14.0,567,567,not1_kept,0.043597747,0.054273862,-0.010676116,0.0012145899,0.0023942366,-0.0011796467,4.0,6.0,2.0,-4.0,True,0,0,False,False,False,False,False,False,False,False,0.0020298075,-0.19701946,
7,664,48530,2.0,2.0,749,106,not1_kept,0.0460797,0.04628469,-0.00020499155,-0.0013276413,-0.0024634376,0.0011357963,0.0,1.0,1.0,0.0,False,0,0,False,False,False,False,False,False,False,True,0.0049617942,-0.03769565,
7,665,48617,1.0,2.0,480,480,rank1_to_not1,0.043857656,0.04519104,-0.001333382,-0.008155741,-0.0050340667,-0.003121674,1.0,1.0,3.0,2.0,False,1,0,False,False,False,False,False,False,False,True,0.005848059,-0.18547839,
7,666,48618,47.0,19.0,710,363,not1_kept,0.03244189,0.042465884,-0.0100239925,0.002315648,-0.0016814135,0.0039970614,-28.0,56.0,23.0,-33.0,False,0,0,False,False,False,False,False,False,False,False,-0.0035536273,-0.0637417,
7,667,48622,1.0,1.0,327,327,rank1_kept,0.053975523,0.04965694,0.0043185838,0.0027362183,0.0021274947,0.0006087236,0.0,1.0,1.0,0.0,False,0,0,False,True,True,True,False,False,False,False,-0.0010332547,-0.11432181,
7,668,48679,11.0,7.0,541,173,not1_kept,0.043609396,0.049844757,-0.006235361,-0.0007552169,-0.00035721064,-0.0003980063,-4.0,7.0,9.0,2.0,False,0,0,False,False,False,True,False,False,False,True,0.0047701756,-0.0839935,
7,669,48681,2.0,2.0,393,393,not1_kept,0.036929198,0.038521163,-0.0015919656,-0.004656635,-0.006412197,0.0017555617,0.0,2.0,6.0,4.0,False,0,0,False,False,False,True,False,False,False,True,-0.0029059162,-0.09007597,
7,670,48802,1.0,1.0,537,537,rank1_kept,0.055780314,0.048021138,0.007759176,-0.0046164803,-0.0024177954,-0.002198685,0.0,1.0,1.0,0.0,False,0,0,False,False,False,False,False,False,False,False,0.004063354,-0.13751571,
7,671,48832,6.0,18.0,302,302,not1_kept,0.042532418,0.05048195,-0.007949531,-0.0052656084,0.00021131709,-0.0054769255,12.0,1.0,1.0,0.0,True,0,0,False,False,False,False,False,False,False,True,0.009075207,-0.12213423,
7,672,48839,1.0,1.0,770,516,rank1_kept,0.061715737,0.05333199,0.008383747,-0.001685977,-0.0037504137,0.0020644367,0.0,1.0,1.0,0.0,False,0,0,False,True,True,True,False,False,False,False,-0.0026458022,-0.08570358,
7,673,49076,1.0,2.0,567,567,rank1_to_not1,0.048138678,0.049489368,-0.0013506897,-0.004190434,0.0014305003,-0.005620934,1.0,3.0,2.0,-1.0,True,1,0,False,False,False,False,False,False,False,False,0.009461233,-0.017142233,
7,674,49152,1.0,1.0,30,30,rank1_kept,0.056721576,0.05141262,0.005308956,0.0037260354,-0.0008833222,0.0046093576,0.0,2.0,1.0,-1.0,False,0,0,False,False,False,False,False,True,True,True,-0.009090545,-0.03217397,
7,675,49156,130.0,187.0,200,200,not1_kept,0.019730372,0.047775198,-0.028044825,-0.004838569,0.0072842874,-0.012122856,57.0,32.0,28.0,-4.0,True,0,0,False,False,False,False,False,False,False,False,0.022117462,-0.04923625,
7,676,49234,2.0,4.0,779,363,not1_kept,0.043534733,0.046587802,-0.003053069,-0.00097029284,0.0013100356,-0.0022803284,2.0,3.0,1.0,-2.0,True,0,0,False,False,False,False,False,False,False,True,0.009464717,0.031117879,
7,677,49466,1.0,1.0,505,505,rank1_kept,0.062399417,0.058801956,0.0035974607,-0.005432494,-0.0018778667,-0.0035546273,0.0,1.0,1.0,0.0,False,0,0,False,True,True,True,False,False,False,False,0.007469964,0.007798101,
7,678,49480,4.0,3.0,967,967,not1_kept,0.046594862,0.05799673,-0.011401869,-0.000465516,0.008088503,-0.008554019,-1.0,3.0,1.0,-2.0,False,0,0,False,False,True,True,False,False,False,True,0.01615716,-0.109524086,
7,679,49622,3.0,6.0,208,208,not1_kept,0.03993759,0.05121723,-0.011279639,-0.004917972,-0.003119439,-0.0017985329,3.0,2.0,4.0,2.0,False,0,0,False,False,False,False,False,False,False,False,0.0034332732,-0.07509842,
7,680,49731,228.0,155.0,118,659,not1_kept,0.032571655,0.0499921,-0.017420445,0.0015049521,-0.005799044,0.007303996,-73.0,64.0,54.0,-10.0,False,0,0,False,False,False,False,False,False,False,False,-0.004853683,-0.05772634,
7,681,49923,3.0,16.0,831,2,not1_kept,0.038959038,0.043784067,-0.0048250295,-0.004707396,-0.0072506852,0.0025432892,13.0,30.0,27.0,-3.0,True,0,0,False,False,False,True,False,False,False,False,0.011413817,-0.18946868,
7,682,49944,1.0,1.0,141,990,rank1_kept,0.0627798,0.05258022,0.01019958,-0.004616365,-0.0041965097,-0.00041985512,0.0,1.0,1.0,0.0,False,0,0,False,False,False,False,False,False,False,True,0.0065108947,-0.014217602,
7,683,49955,1.0,1.0,773,274,rank1_kept,0.04229996,0.028897123,0.013402836,-0.009293277,-0.00824072,-0.0010525566,0.0,1.0,1.0,0.0,False,0,0,False,False,False,False,False,False,False,False,0.0034916701,-0.088426836,
7,684,49957,1.0,1.0,686,11,rank1_kept,0.05602124,0.050979044,0.0050421953,-0.003491018,-0.0038443618,0.00035334378,0.0,1.0,1.0,0.0,False,0,0,False,False,False,True,False,False,False,True,0.00091321004,-0.15178087,
7,685,49969,1.0,1.0,922,922,rank1_kept,0.05867554,0.055261344,0.003414195,-0.003504578,0.0042294115,-0.0077339895,0.0,1.0,1.0,0.0,False,0,0,True,True,True,True,False,True,True,True,0.015579633,-0.005068709,
7,686,49979,1.0,2.0,118,23,rank1_to_not1,0.05225098,0.053682115,-0.0014311336,-0.0062718764,0.0010954626,-0.007367339,1.0,1.0,1.0,0.0,True,1,0,False,False,False,False,False,False,False,False,0.019026294,-0.08221485,
7,687,50026,2.0,1.0,876,876,not1_to_rank1,0.058794536,0.052476134,0.0063184015,0.006275557,-0.0006118715,0.0068874285,-1.0,1.0,1.0,0.0,False,0,1,False,False,False,False,False,False,False,True,-0.012269766,-0.14490359,
7,688,50114,15.0,8.0,567,567,not1_kept,0.048362423,0.070374236,-0.022011813,0.0002523847,0.0028213486,-0.002568964,-7.0,2.0,1.0,-1.0,False,0,0,False,False,False,False,False,True,True,True,0.0047455304,-0.044530086,
7,689,50170,1.0,1.0,844,990,rank1_kept,0.06864756,0.04011038,0.028537184,-0.00051306933,-0.0033051819,0.0027921125,0.0,1.0,1.0,0.0,False,0,0,False,False,False,False,False,False,False,True,0.0066992766,-0.07180006,
7,690,50500,33.0,26.0,543,990,not1_kept,0.037768062,0.050001856,-0.012233794,-0.0019018501,0.001425676,-0.0033275262,-7.0,16.0,5.0,-11.0,False,0,0,False,False,False,False,False,True,True,True,0.0065021655,-0.15249817,
7,691,50653,2.0,1.0,178,178,not1_to_rank1,0.046006743,0.042473275,0.0035334677,-0.00033589825,-0.0061843283,0.00584843,-1.0,1.0,1.0,0.0,False,0,1,False,False,False,False,False,False,False,False,-0.010535026,-0.16776302,
7,692,50734,1.0,1.0,828,828,rank1_kept,0.059238262,0.050620914,0.008617349,-0.00080167875,-0.001845371,0.0010436922,0.0,1.0,1.0,0.0,False,0,0,False,False,True,True,True,True,True,True,-0.0019950515,-0.04958784,
7,693,50755,1.0,1.0,954,228,rank1_kept,0.062299807,0.05346842,0.0088313855,-0.0021539368,-0.0037560426,0.0016021058,0.0,1.0,1.0,0.0,False,0,0,False,False,True,True,False,True,True,True,0.004432493,-0.057503387,
7,694,50811,1.0,1.0,12,630,rank1_kept,0.060186986,0.04704006,0.013146926,-0.0007431172,-0.004035827,0.0032927096,0.0,1.0,1.0,0.0,False,0,0,False,False,False,False,False,False,False,True,0.000978552,-0.0076695336,
7,695,50882,5.0,4.0,777,28,not1_kept,0.049065873,0.05370495,-0.004639078,0.0001321286,-0.00017865375,0.00031078234,-1.0,2.0,2.0,0.0,False,0,0,False,False,False,False,False,False,False,True,0.0042082276,0.0045119384,
7,696,51051,1.0,1.0,567,567,rank1_kept,0.058807977,0.050123774,0.008684203,-0.0010599941,0.0012133829,-0.002273377,0.0,1.0,1.0,0.0,False,0,0,False,False,False,False,False,False,False,False,0.0041263816,-0.052816957,
7,697,51052,10.0,8.0,923,772,not1_kept,0.045669034,0.053926874,-0.00825784,0.0003300123,0.0009236671,-0.0005936548,-2.0,3.0,3.0,0.0,False,0,0,False,False,False,False,False,False,False,False,0.012646887,-0.0010570269,
7,698,51062,2.0,2.0,954,954,not1_kept,0.061095066,0.06470871,-0.0036136433,-0.0030774325,-0.0059844553,0.0029070228,0.0,1.0,1.0,0.0,False,0,0,False,False,False,False,True,True,True,True,-0.0051989118,-0.07530586,
7,699,51077,2.0,2.0,543,543,not1_kept,0.04875571,0.051232886,-0.0024771765,0.0013140477,0.0016738698,-0.00035982206,0.0,2.0,1.0,-1.0,False,0,0,False,False,False,False,False,False,False,False,0.0007226702,-0.10319227,
7,700,51148,1.0,1.0,135,774,rank1_kept,0.071675204,0.055377714,0.01629749,-0.0024468377,-0.0018168911,-0.0006299466,0.0,1.0,1.0,0.0,False,0,0,False,False,False,False,False,False,False,False,0.007321609,-0.050776206,
7,701,51171,5.0,4.0,778,414,not1_kept,0.042692654,0.046630993,-0.0039383397,-0.002214972,-0.003414303,0.0011993311,-1.0,11.0,10.0,-1.0,False,0,0,False,False,False,False,False,False,False,True,0.008480575,-0.021314172,
7,702,51185,1.0,1.0,886,886,rank1_kept,0.04210443,0.040396128,0.0017083026,-0.009622764,-0.00214988,-0.007472884,0.0,1.0,2.0,1.0,False,0,0,False,False,False,False,False,False,False,True,0.0136929,-0.19110069,
7,703,51521,2.0,2.0,370,370,not1_kept,0.049423933,0.049862113,-0.00043817982,-4.3381006e-05,-1.9762665e-05,-2.361834e-05,0.0,1.0,2.0,1.0,False,0,0,False,False,True,True,False,False,False,True,3.9893494e-05,-0.08043723,
7,704,51745,3.0,3.0,493,493,not1_kept,0.045907874,0.0473473,-0.0014394261,-0.0013936199,-0.008097563,0.006703943,0.0,18.0,19.0,1.0,False,0,0,False,False,False,True,False,True,True,True,-0.012748032,-0.094985135,
7,705,51788,1.0,1.0,201,761,rank1_kept,0.054818098,0.045987107,0.008830991,-0.0021110587,-0.0035680272,0.0014569685,0.0,1.0,1.0,0.0,False,0,0,False,False,False,False,False,False,False,False,-0.0006472453,-0.046582744,
7,706,51843,3.0,2.0,947,567,not1_kept,0.0563331,0.05674436,-0.00041126087,0.001982361,-0.0012058541,0.0031882152,-1.0,1.0,1.0,0.0,False,0,0,False,False,False,True,False,False,False,True,-0.0051455437,-0.14267017,
7,707,51907,3.0,14.0,204,204,not1_kept,0.043988165,0.06008155,-0.016093384,-0.008099936,0.0034148134,-0.011514749,11.0,2.0,2.0,0.0,True,0,0,False,False,False,False,False,False,False,False,0.021114165,-0.059555035,
7,708,51928,5.0,5.0,947,178,not1_kept,0.044003442,0.048860174,-0.0048567317,-0.0037373863,-0.0035599023,-0.000177484,0.0,1.0,1.0,0.0,False,0,0,False,False,False,False,False,False,False,True,0.0011381364,-0.097930245,
7,709,51965,1.0,1.0,479,616,rank1_kept,0.06471019,0.05089667,0.013813522,-0.0064948276,-0.0028762482,-0.0036185794,0.0,1.0,1.0,0.0,False,0,0,False,True,True,True,False,False,False,False,0.0075123315,-0.08010027,
7,710,51983,1.0,1.0,217,787,rank1_kept,0.057388954,0.05508666,0.0023022927,-0.0072173104,-0.002113551,-0.0051037595,0.0,1.0,2.0,1.0,False,0,0,False,False,True,True,False,False,False,True,0.010106408,-0.17601515,
7,711,51988,230.0,273.0,921,7,not1_kept,0.019012887,0.048870098,-0.02985721,-0.0037425924,-0.0006282963,-0.0031142961,43.0,15.0,27.0,12.0,False,0,0,False,False,True,True,False,False,False,False,0.0061635687,-0.07004049,
7,712,52070,1.0,1.0,260,260,rank1_kept,0.0659575,0.0480776,0.017879903,-0.0003252104,-0.0032770187,0.0029518083,0.0,1.0,1.0,0.0,False,0,0,False,False,False,False,False,False,False,True,-0.005847625,-0.12578914,
7,713,52216,21.0,13.0,82,82,not1_kept,0.034380455,0.043847356,-0.009466901,0.0022088848,-0.005460821,0.007669706,-8.0,7.0,3.0,-4.0,False,0,0,False,False,False,True,False,False,False,False,-0.014485501,-0.12840144,
7,714,52302,1.0,1.0,468,567,rank1_kept,0.05918013,0.05126392,0.007916208,-0.004997935,-0.0030823834,-0.0019155517,0.0,1.0,1.0,0.0,False,0,0,False,False,False,False,True,True,True,True,0.0087786745,-0.06526231,
7,715,52328,16.0,15.0,176,176,not1_kept,0.044875495,0.06328194,-0.018406443,-0.0023169145,-0.00026270002,-0.0020542145,-1.0,3.0,6.0,3.0,False,0,0,False,True,True,True,False,False,False,True,0.0038537872,-0.08893536,
7,716,52375,4.0,3.0,567,567,not1_kept,0.05044739,0.05478531,-0.0043379217,-0.0018951334,-0.0014189109,-0.00047622249,-1.0,1.0,1.0,0.0,False,0,0,False,False,False,False,False,False,True,True,0.00087119394,-0.110451035,
7,717,52394,1.0,1.0,655,655,rank1_kept,0.067308895,0.06118633,0.0061225668,-0.004357435,-0.00068315864,-0.0036742762,0.0,1.0,1.0,0.0,False,0,0,False,True,True,True,False,True,True,True,0.0071213488,-0.038923074,
7,718,52527,2.0,2.0,308,308,not1_kept,0.050495077,0.053531893,-0.0030368157,-0.002425421,-0.007668756,0.005243335,0.0,2.0,2.0,0.0,False,0,0,False,False,False,True,False,False,False,True,-0.011077944,-0.102207944,
7,719,52554,1.0,2.0,359,359,rank1_to_not1,0.049108867,0.04940437,-0.00029550493,-0.0062610283,-0.0038546436,-0.0024063848,1.0,1.0,1.0,0.0,True,1,0,False,False,False,False,False,True,True,True,0.004672843,-0.04237341,
7,720,52596,2.0,2.0,382,382,not1_kept,0.046473514,0.047364864,-0.0008913502,-0.0054615773,-0.0057068765,0.0002452992,0.0,1.0,1.0,0.0,False,0,0,False,False,True,True,True,True,True,True,-0.00043903769,-0.04767257,
7,721,52598,1.0,1.0,71,934,rank1_kept,0.06135124,0.047158424,0.014192816,-0.0027979389,-0.004391391,0.001593452,0.0,1.0,1.0,0.0,False,0,0,False,False,False,True,False,False,False,True,-0.0023476037,-0.14329599,
7,722,52652,159.0,109.0,827,827,not1_kept,0.028161038,0.057362825,-0.029201787,-0.0012299046,-0.0013158508,8.594617e-05,-50.0,4.0,2.0,-2.0,False,0,0,False,False,False,False,False,False,False,True,-0.0001396279,-0.16102475,
7,723,52892,16.0,3.0,748,748,not1_kept,0.0428917,0.047159795,-0.004268095,0.0058573037,0.000323914,0.0055333897,-13.0,5.0,1.0,-4.0,False,0,0,False,False,False,False,False,True,True,True,-0.010214775,-0.14115795,
7,724,52931,5.0,6.0,327,737,not1_kept,0.051494576,0.055973515,-0.004478939,0.0005777292,0.0007216446,-0.00014391541,1.0,1.0,1.0,0.0,True,0,0,False,False,False,False,False,False,True,True,0.007346135,-0.06888648,
7,725,52990,126.0,135.0,831,282,not1_kept,0.028896168,0.05108437,-0.022188202,-0.0023061875,0.0026499182,-0.0049561057,9.0,85.0,64.0,-21.0,True,0,0,False,False,False,False,False,False,False,True,0.016476972,-0.0758538,
7,726,53052,12.0,8.0,327,914,not1_kept,0.034470312,0.043361567,-0.008891255,0.00017925352,-0.00029630214,0.00047555566,-4.0,8.0,16.0,8.0,False,0,0,False,False,False,False,False,False,True,True,0.006863745,-0.101203315,
7,727,53070,1.0,1.0,987,987,rank1_kept,0.04351172,0.043298375,0.00021334365,-0.008057922,-0.0028090067,-0.0052489154,0.0,3.0,3.0,0.0,False,0,0,False,False,False,False,False,True,True,True,0.009545206,-0.10616657,
7,728,53152,1.0,1.0,696,696,rank1_kept,0.055839464,0.04170021,0.014139254,-0.0009813942,-0.006884955,0.0059035607,0.0,1.0,1.0,0.0,False,0,0,False,False,False,False,False,False,False,False,-0.010456426,-0.22955042,
7,729,53155,2.0,5.0,567,567,not1_kept,0.042828795,0.05922977,-0.016400974,-0.008531202,-0.0025363453,-0.0059948564,3.0,3.0,6.0,3.0,False,0,0,False,False,False,False,False,False,False,False,0.011041552,-0.13273093,
7,730,53157,2.0,2.0,437,437,not1_kept,0.05392411,0.053971488,-4.7378242e-05,-0.0021955632,-0.002998773,0.00080320984,0.0,1.0,1.0,0.0,False,0,0,False,False,False,False,False,False,True,True,-0.0014380084,-0.12091423,
7,731,53270,31.0,33.0,516,2,not1_kept,0.040664665,0.054469444,-0.013804778,0.0020978004,0.0032932162,-0.0011954159,2.0,16.0,6.0,-10.0,True,0,0,False,False,False,False,False,False,False,False,0.006712851,-0.10541539,
7,732,53370,3.0,1.0,721,833,not1_to_rank1,0.04282788,0.04004227,0.0027856082,0.0019003153,-0.0036562756,0.005556591,-2.0,1.0,1.0,0.0,False,0,1,False,False,False,False,False,False,False,True,-0.008380224,-0.11389764,
7,733,53489,63.0,20.0,778,778,not1_kept,0.03867455,0.047819354,-0.009144805,0.0035861023,-0.0033530146,0.006939117,-43.0,7.0,1.0,-6.0,False,0,0,False,False,False,True,False,False,False,False,-0.012800829,-0.07840818,
7,734,53511,9.0,7.0,243,794,not1_kept,0.044300184,0.051252563,-0.006952379,-0.0017533638,-0.0007790476,-0.00097431615,-2.0,1.0,1.0,0.0,False,0,0,False,False,False,True,False,False,False,True,0.0036333925,-0.100966625,
7,735,53570,1.0,1.0,644,903,rank1_kept,0.040377967,0.036762096,0.003615871,-0.003076788,-0.0024842098,-0.0005925782,0.0,1.0,1.0,0.0,False,0,0,False,False,False,False,False,False,False,False,0.011830389,-0.05838006,
7,736,53727,1.0,1.0,828,828,rank1_kept,0.05565482,0.055319835,0.00033498555,-0.008987252,-0.0014804751,-0.0075067766,0.0,1.0,1.0,0.0,False,0,0,False,False,True,True,False,False,False,True,0.015811438,-0.07854797,
7,737,53728,1.0,1.0,335,178,rank1_kept,0.070945255,0.056505647,0.014439609,0.00021695346,0.0014279336,-0.0012109801,0.0,1.0,1.0,0.0,False,0,0,True,True,True,True,False,False,True,True,0.0033451964,-0.05767589,
7,738,53773,2.0,2.0,827,827,not1_kept,0.04886983,0.04987673,-0.0010069013,-0.0047680214,-0.004892241,0.0001242198,0.0,1.0,1.0,0.0,False,0,0,False,False,False,True,False,False,False,False,-0.00022756748,-0.1866829,
7,739,53858,1.0,1.0,232,886,rank1_kept,0.044576302,0.037071295,0.007505007,-0.0036642738,-0.008388534,0.0047242604,0.0,1.0,1.0,0.0,False,0,0,False,False,False,False,False,True,True,True,0.009895991,-0.18867108,
7,740,53881,1.0,1.0,541,541,rank1_kept,0.062212117,0.056713443,0.0054986738,0.00013893098,-0.0018725507,0.0020114817,0.0,1.0,1.0,0.0,False,0,0,False,True,True,True,False,False,False,True,-0.004066983,-0.023282995,
7,741,53891,18.0,37.0,827,827,not1_kept,0.037790485,0.050830778,-0.013040293,-0.0036369525,-0.0017083772,-0.0019285753,19.0,1.0,2.0,1.0,False,0,0,False,False,False,False,False,False,False,True,0.0033774134,-0.15456325,
7,742,54078,2.0,2.0,984,984,not1_kept,0.053671114,0.055596516,-0.0019254014,-0.00034345314,-0.0016062334,0.0012627803,0.0,1.0,1.0,0.0,False,0,0,False,False,False,False,False,False,False,True,-0.0021791093,-0.15212952,
7,743,54147,46.0,24.0,173,173,not1_kept,0.038410347,0.05378017,-0.015369821,4.408881e-05,-0.0042719543,0.004316043,-22.0,15.0,15.0,0.0,False,0,0,False,False,False,False,False,False,False,False,-0.0076639084,-0.20821616,
7,744,54257,12.0,12.0,327,327,not1_kept,0.036340516,0.05031702,-0.013976503,-0.0032135658,-0.0011476763,-0.0020658895,0.0,2.0,1.0,-1.0,False,0,0,False,False,False,True,False,False,True,True,0.0038422314,-0.10260609,
7,745,54361,2.0,1.0,22,22,not1_to_rank1,0.050079513,0.047556072,0.0025234409,9.923801e-05,-0.0062414967,0.0063407347,-1.0,2.0,2.0,0.0,False,0,1,True,True,True,True,True,True,True,True,-0.012159162,-0.15749623,
7,746,54389,33.0,17.0,770,770,not1_kept,0.046626955,0.058639124,-0.012012169,0.0018256977,-0.0034233332,0.005249031,-16.0,20.0,14.0,-6.0,False,0,0,False,False,False,False,False,False,False,True,-0.0103141805,-0.077810444,
7,747,54643,39.0,92.0,353,353,not1_kept,0.0314091,0.05010098,-0.018691879,-0.007893767,-0.0028849468,-0.0050088204,53.0,2.0,2.0,0.0,True,0,0,False,False,False,False,False,False,False,False,0.008606582,-0.20363675,
7,748,54683,1.0,1.0,760,760,rank1_kept,0.049564198,0.0421221,0.007442098,-0.005193744,-0.0023607053,-0.0028330386,0.0,1.0,2.0,1.0,False,0,0,False,False,False,False,False,False,False,True,0.005388469,-0.078535356,
7,749,54698,1.0,1.0,381,381,rank1_kept,0.064131,0.046379603,0.017751396,-0.0025409088,-0.0053562075,0.0028152987,0.0,1.0,1.0,0.0,False,0,0,False,False,False,True,True,True,True,True,-0.0062986016,-0.036139026,
7,750,54743,1.0,1.0,951,951,rank1_kept,0.05337338,0.04444092,0.00893246,-0.0019544773,-0.0069789626,0.0050244853,0.0,1.0,1.0,0.0,False,0,0,False,False,False,True,False,False,False,False,-0.008829349,-0.064290345,
7,751,54812,4.0,3.0,791,791,not1_kept,0.03953038,0.04000288,-0.0004724972,0.00072334707,-0.0048606694,0.0055840164,-1.0,18.0,11.0,-7.0,False,0,0,False,False,False,False,False,False,False,True,-0.010014567,-0.033961162,
7,752,54824,8.0,28.0,696,696,not1_kept,0.032634724,0.04534798,-0.012713257,-0.008422468,-0.0036006533,-0.0048218146,20.0,1.0,1.0,0.0,True,0,0,False,False,False,True,False,False,False,False,0.009008572,-0.15081882,
7,753,54913,1.0,1.0,900,115,rank1_kept,0.052228916,0.048205703,0.004023213,-0.0062772594,-0.004738819,-0.0015384406,0.0,2.0,5.0,3.0,False,0,0,True,True,True,True,False,True,True,True,0.0071997102,-0.019221956,
7,754,54959,6.0,2.0,7,200,not1_kept,0.050234392,0.053943407,-0.0037090145,0.002361536,0.0015252046,0.0008363314,-4.0,1.0,1.0,0.0,False,0,0,False,False,False,False,False,False,False,False,0.0018293487,-0.06583696,
7,755,55005,2.0,4.0,812,812,not1_kept,0.044536874,0.050360393,-0.005823519,-0.008340113,-0.005260382,-0.003079731,2.0,1.0,1.0,0.0,True,0,0,False,True,True,True,False,False,False,False,0.0061568306,-0.0718042,
7,756,55107,2.0,1.0,321,321,not1_to_rank1,0.06619886,0.060568508,0.0056303553,0.0003085956,-0.009252321,0.009560917,-1.0,1.0,1.0,0.0,False,0,1,False,False,False,True,False,False,True,True,-0.020050861,-0.16527383,
7,757,55163,1.0,1.0,696,696,rank1_kept,0.05108761,0.044469837,0.0066177733,-0.0042563193,-0.0056538656,0.0013975464,0.0,1.0,1.0,0.0,False,0,0,False,False,True,True,False,False,False,False,-0.0027200626,-0.18570384,
7,758,55405,2.0,9.0,721,721,not1_kept,0.044658113,0.051720917,-0.007062804,-0.008167915,-0.0026646182,-0.005503297,7.0,4.0,4.0,0.0,True,0,0,False,False,False,True,True,True,True,True,0.0104325125,-0.06558179,
7,759,55408,1.0,2.0,382,991,rank1_to_not1,0.03834715,0.04030246,-0.001955308,-0.011606824,-0.0010909885,-0.010515835,1.0,2.0,4.0,2.0,False,1,0,False,False,False,True,False,False,False,False,0.02184676,0.012552656,
7,760,55526,1.0,1.0,353,353,rank1_kept,0.056587346,0.049629424,0.006957922,-0.0037820823,0.001313787,-0.0050958693,0.0,1.0,1.0,0.0,False,0,0,False,False,False,True,False,False,False,False,0.0102676265,-0.011689063,
7,761,55649,1.0,1.0,43,204,rank1_kept,0.055092078,0.05035404,0.0047380365,-0.0039931647,-0.0026105493,-0.0013826154,0.0,1.0,1.0,0.0,False,0,0,False,True,True,True,True,True,True,True,0.004927281,-0.0028934267,
7,762,55669,15.0,35.0,527,527,not1_kept,0.037510693,0.05388642,-0.016375728,-0.0013289414,0.0069527254,-0.008281667,20.0,5.0,1.0,-4.0,True,0,0,False,False,False,False,False,False,False,False,0.014125772,-0.05822259,
7,763,55678,1.0,2.0,173,173,rank1_to_not1,0.0501462,0.050588053,-0.00044185296,-0.0074430443,-0.0048091263,-0.002633918,1.0,1.0,1.0,0.0,True,1,0,False,False,False,True,False,False,False,True,0.005301211,-0.1801072,
7,764,55680,38.0,31.0,632,632,not1_kept,0.034284472,0.04983144,-0.015546966,-0.001321476,-0.0024447925,0.0011233166,-7.0,49.0,36.0,-13.0,False,0,0,False,False,False,True,False,False,False,True,-0.0022187054,0.007377087,
7,765,55857,2.0,2.0,591,967,not1_kept,0.0385686,0.040205054,-0.001636453,-0.0046446025,-0.0052341335,0.0005895309,0.0,8.0,21.0,13.0,False,0,0,False,False,False,True,False,False,False,True,0.012274093,-0.10324793,
7,766,55933,1.0,1.0,82,82,rank1_kept,0.04987413,0.044481963,0.0053921677,-0.0043081045,-0.0047257803,0.00041767582,0.0,4.0,2.0,-2.0,False,0,0,False,False,False,False,False,True,True,True,-0.0006936655,-0.038274974,
7,767,55968,1.0,1.0,380,380,rank1_kept,0.05109776,0.050944585,0.00015317649,-0.004290335,-0.0030942447,-0.0011960901,0.0,1.0,1.0,0.0,False,0,0,False,False,False,True,False,False,False,False,0.00225355,-0.06083347,
7,768,55969,52.0,56.0,788,788,not1_kept,0.020574128,0.036846146,-0.016272018,-0.004796345,-0.0033032484,-0.0014930964,4.0,99.0,115.0,16.0,False,0,0,False,False,False,False,False,False,False,False,0.002567187,-0.2381661,
7,769,56042,2.0,3.0,467,467,not1_kept,0.048530832,0.051162,-0.0026311688,-0.0021298751,-0.0010505356,-0.0010793395,1.0,8.0,7.0,-1.0,True,0,0,False,False,False,False,False,False,False,False,0.0020484182,-0.07038282,
7,770,56066,1.0,1.0,516,875,rank1_kept,0.05773187,0.048110355,0.009621516,-0.002320528,-0.0043909512,0.0020704232,0.0,3.0,3.0,0.0,False,0,0,False,False,False,False,True,True,True,True,0.003245194,-0.08434749,
7,771,56126,2.0,2.0,942,467,not1_kept,0.0411645,0.043797262,-0.0026327632,-0.0024481453,-0.00033566356,-0.0021124817,0.0,1.0,1.0,0.0,False,0,0,False,False,False,False,False,False,False,True,0.0066851056,-0.047636304,
7,772,56154,1.0,1.0,208,208,rank1_kept,0.06417806,0.059780516,0.0043975413,0.0008694902,-0.0018567704,0.0027262606,0.0,1.0,1.0,0.0,False,0,0,True,True,True,True,False,False,False,True,-0.0053273076,-0.062641874,
7,773,56269,1.0,1.0,947,875,rank1_kept,0.05209375,0.050006926,0.0020868257,-0.0029834323,-0.0048299097,0.0018464774,0.0,2.0,1.0,-1.0,False,0,0,False,False,False,False,False,False,False,True,0.004583717,-0.11189057,
7,774,56290,9.0,3.0,649,30,not1_kept,0.04734452,0.047901865,-0.0005573444,0.0040680394,-0.0019532107,0.00602125,-6.0,6.0,4.0,-2.0,False,0,0,False,False,False,False,False,False,False,False,-0.009549617,-0.08411087,
7,775,56314,1.0,2.0,276,276,rank1_to_not1,0.054126695,0.05469282,-0.0005661249,-0.0029595383,0.0017179325,-0.004677471,1.0,1.0,1.0,0.0,True,1,0,False,False,False,False,False,True,True,True,0.007755357,-0.07902548,
7,776,56418,3.0,2.0,567,567,not1_kept,0.047791798,0.052064076,-0.0042722784,0.00021184236,0.00035822392,-0.00014638156,-1.0,8.0,9.0,1.0,False,0,0,False,False,False,True,False,False,False,False,0.00026758685,-0.07597038,
7,777,56454,1.0,1.0,82,178,rank1_kept,0.059073243,0.04523824,0.013835002,0.0018185563,-0.0011738539,0.0029924102,0.0,5.0,2.0,-3.0,False,0,0,False,False,False,False,False,False,False,False,-0.0045635155,-0.07609297,
7,778,56471,142.0,65.0,590,590,not1_kept,0.028491847,0.05317941,-0.024687562,0.0029241536,-0.0038196892,0.0067438446,-77.0,120.0,92.0,-28.0,False,0,0,False,False,False,False,False,False,True,True,-0.012445033,-0.064378396,
7,779,56670,1.0,1.0,894,894,rank1_kept,0.056857236,0.049895506,0.0069617294,0.0026359558,-0.0013386905,0.0039746463,0.0,1.0,1.0,0.0,False,0,0,False,False,False,False,False,False,True,True,-0.007047954,-0.04621368,
7,780,56681,1.0,1.0,750,750,rank1_kept,0.047979023,0.045387033,0.00259199,-0.008095622,-0.0064456314,-0.0016499907,0.0,1.0,1.0,0.0,False,0,0,False,False,False,False,False,False,False,False,0.0030424038,-0.11753143,
7,781,56695,3.0,2.0,274,274,not1_kept,0.047627367,0.050865002,-0.003237635,-0.0009562969,-0.0021122769,0.0011559799,-1.0,1.0,1.0,0.0,False,0,0,False,False,False,False,False,False,False,False,-0.0021637338,-0.078687474,
7,782,56723,1.0,1.0,827,827,rank1_kept,0.056278758,0.050030824,0.006247934,-0.00074246153,0.0001905188,-0.0009329803,0.0,1.0,1.0,0.0,False,0,0,False,False,False,False,False,True,True,True,0.0016234379,-0.15668286,
7,783,56751,52.0,22.0,868,327,not1_kept,0.030862147,0.04334581,-0.012483662,0.0001663845,-0.004215438,0.0043818224,-30.0,13.0,15.0,2.0,False,0,0,False,False,False,False,False,False,False,False,-0.0011914523,-0.13357905,
7,784,56782,22.0,8.0,827,827,not1_kept,0.041154,0.049363002,-0.008209001,0.0013644435,-0.007572945,0.008937389,-14.0,6.0,3.0,-3.0,False,0,0,False,False,False,False,False,False,False,False,-0.016442139,-0.1319875,
7,785,56784,67.0,73.0,967,967,not1_kept,0.031531706,0.057033394,-0.025501687,-0.003033284,-0.0006188601,-0.002414424,6.0,6.0,9.0,3.0,False,0,0,False,False,False,False,False,False,True,True,0.004323934,-0.0699176,
7,786,56850,2.0,3.0,178,178,not1_kept,0.038679384,0.043452065,-0.0047726817,-0.0041773655,-0.006805718,0.0026283525,1.0,1.0,2.0,1.0,False,0,0,False,False,False,False,False,False,False,False,-0.004804134,-0.17506555,
7,787,56867,3.0,7.0,85,217,not1_kept,0.0561923,0.059210885,-0.003018584,-0.00037208945,-0.0021144673,0.0017423779,4.0,4.0,2.0,-2.0,True,0,0,False,True,True,True,False,True,True,True,-0.0011208463,-0.122829065,
7,788,56911,1.0,1.0,990,990,rank1_kept,0.06175679,0.05447413,0.0072826594,-0.002899371,-0.00012628734,-0.0027730837,0.0,1.0,1.0,0.0,False,0,0,False,False,False,False,False,True,True,True,0.005428901,-0.05010938,
7,789,56948,55.0,58.0,274,274,not1_kept,0.034014706,0.05455383,-0.020539124,-0.003907215,-0.0015004724,-0.0024067424,3.0,3.0,5.0,2.0,False,0,0,False,False,False,False,False,False,False,False,0.0040863184,-0.054095782,
7,790,57046,39.0,52.0,4,545,not1_kept,0.02924726,0.048578743,-0.019331483,-0.0048396047,-0.00032277405,-0.0045168307,13.0,5.0,8.0,3.0,False,0,0,False,False,False,False,False,False,False,True,0.014296075,-0.1199375,
7,791,57060,1.0,2.0,169,208,rank1_to_not1,0.04942105,0.05017207,-0.0007510185,-0.0048057996,0.0023527257,-0.0071585253,1.0,2.0,2.0,0.0,True,1,0,False,False,False,True,False,False,False,False,0.017579226,-0.07602331,
7,792,57435,3.0,4.0,884,567,not1_kept,0.044345524,0.046212804,-0.0018672794,-0.0025136694,-0.0017652325,-0.0007484369,1.0,1.0,2.0,1.0,False,0,0,False,False,False,False,False,False,False,True,0.006785385,-0.09372733,
7,793,57443,1.0,1.0,178,172,rank1_kept,0.055839296,0.04956703,0.0062722676,-0.00025366992,-0.0028532222,0.0025995523,0.0,1.0,1.0,0.0,False,0,0,False,False,False,False,False,False,False,False,-0.0005445881,-0.13364877,
7,794,57478,37.0,29.0,384,384,not1_kept,0.036158532,0.055676088,-0.019517556,0.001122538,-3.2559037e-05,0.001155097,-8.0,26.0,20.0,-6.0,False,0,0,False,True,True,True,False,True,True,True,-0.0022318973,0.023560941,
7,795,57542,3.0,4.0,173,647,not1_kept,0.05069805,0.05345663,-0.0027585812,-0.0054992586,-0.0037271641,-0.0017720945,1.0,1.0,1.0,0.0,True,0,0,False,False,False,True,True,True,True,True,0.0036599832,-0.06179275,
7,796,57553,11.0,4.0,984,984,not1_kept,0.0408503,0.04565257,-0.004802268,0.0004220903,-0.0046271794,0.0050492696,-7.0,10.0,2.0,-8.0,False,0,0,False,False,False,False,False,False,False,True,-0.008581299,-0.08660613,
7,797,57648,187.0,232.0,749,239,not1_kept,0.024708666,0.04642633,-0.021717664,-0.0031996258,-0.0024240538,-0.0007755719,45.0,39.0,67.0,28.0,False,0,0,False,False,False,False,False,True,True,True,0.0070063565,-0.06955191,
7,798,57650,17.0,20.0,480,480,not1_kept,0.023266291,0.04009689,-0.016830599,-0.0066033676,0.0002732426,-0.00687661,3.0,8.0,18.0,10.0,False,0,0,False,False,False,False,False,False,False,True,0.01122833,-0.15163118,
7,799,57681,1.0,1.0,370,601,rank1_kept,0.054133948,0.05052298,0.0036109686,-0.0030777678,-0.0020004325,-0.0010773353,0.0,1.0,1.0,0.0,False,0,0,False,False,False,False,False,False,True,True,0.0031104083,-0.018734671,
7,800,57822,11.0,12.0,50,50,not1_kept,0.043240488,0.050535917,-0.0072954297,-0.0040233806,-0.00702985,0.0030064695,1.0,1.0,1.0,0.0,True,0,0,False,False,False,False,False,False,False,False,-0.0049854303,-0.12065689,
7,801,57838,1.0,1.0,250,591,rank1_kept,0.06373628,0.049658213,0.0140780695,-0.00054611266,0.00044055283,-0.0009866655,0.0,1.0,1.0,0.0,False,0,0,True,True,True,True,False,False,False,True,0.0021423157,-0.14737445,
7,802,57906,3.0,2.0,567,567,not1_kept,0.062194474,0.063687235,-0.0014927611,0.0029771738,0.00075641274,0.002220761,-1.0,1.0,1.0,0.0,False,0,0,False,False,False,False,False,False,True,True,-0.0039279778,-0.18543425,
7,803,58096,14.0,12.0,274,274,not1_kept,0.03567621,0.05206881,-0.0163926,0.0006125681,0.0035445914,-0.0029320233,-2.0,14.0,10.0,-4.0,False,0,0,False,False,False,False,False,False,False,True,0.0053917505,-0.1258841,
7,804,58144,1.0,1.0,717,712,rank1_kept,0.042715058,0.035429783,0.0072852746,0.0031679198,-0.0005210042,0.003688924,0.0,2.0,2.0,0.0,False,0,0,False,False,False,False,False,False,False,True,0.002750145,-0.06929499,
7,805,58164,1.0,1.0,67,67,rank1_kept,0.05863344,0.0477748,0.01085864,-0.005930692,-0.008270334,0.0023396425,0.0,1.0,1.0,0.0,False,0,0,False,True,True,True,False,False,False,False,-0.004657151,-0.10708619,
7,806,58187,2.0,7.0,967,967,not1_kept,0.041302722,0.054023247,-0.012720525,-0.006641049,0.00072396174,-0.0073650107,5.0,2.0,4.0,2.0,False,0,0,False,False,False,False,False,True,True,True,0.012899172,-0.11452956,
7,807,58404,1.0,1.0,984,984,rank1_kept,0.057341155,0.046172757,0.011168398,-0.002455283,-0.0037677847,0.0013125017,0.0,1.0,1.0,0.0,False,0,0,False,False,False,False,False,True,True,True,-0.0021589603,-0.08503649,
7,808,58668,10.0,15.0,169,682,not1_kept,0.039515533,0.053928595,-0.0144130625,-0.0038851611,1.7117709e-05,-0.0039022788,5.0,6.0,7.0,1.0,False,0,0,False,False,False,False,False,False,False,False,0.015126668,-0.049994923,
7,809,58681,1.0,1.0,178,912,rank1_kept,0.055461425,0.045406483,0.010054942,0.0061057843,-0.0020112395,0.008117024,0.0,2.0,1.0,-1.0,False,0,0,True,True,True,True,False,False,False,True,-0.011197046,0.016668692,
7,810,59023,1.0,1.0,770,567,rank1_kept,0.055060185,0.048222717,0.0068374686,0.0007817894,-0.0046576634,0.005439453,0.0,1.0,1.0,0.0,False,0,0,False,False,False,False,False,False,False,True,0.004093379,-0.12306858,
7,811,59039,1.0,1.0,770,173,rank1_kept,0.04669691,0.044680953,0.0020159557,-0.0041576736,-0.0037233494,-0.00043432415,0.0,1.0,2.0,1.0,False,0,0,False,False,False,False,True,True,True,True,0.010840803,-0.11459251,
7,812,59046,2.0,2.0,231,231,not1_kept,0.048810437,0.050685875,-0.0018754378,-0.0023845881,-0.005809441,0.003424853,0.0,3.0,2.0,-1.0,False,0,0,False,True,True,True,False,False,False,False,-0.006036431,-0.1286841,
7,813,59079,8.0,5.0,947,947,not1_kept,0.043127567,0.05163968,-0.008512113,-0.0002410002,-0.0019112937,0.0016702935,-3.0,1.0,1.0,0.0,False,0,0,False,False,False,True,False,False,False,False,-0.0030377102,0.00058621727,
7,814,59091,3.0,4.0,11,990,not1_kept,0.0416263,0.046462383,-0.0048360825,-0.0010973029,-0.00020160526,-0.0008956976,1.0,6.0,8.0,2.0,False,0,0,False,False,False,True,False,False,False,False,0.008494641,-0.07940208,
7,815,59194,4.0,7.0,12,12,not1_kept,0.04366312,0.048792243,-0.0051291212,-0.00542121,-0.005235169,-0.000186041,3.0,18.0,21.0,3.0,False,0,0,False,False,False,False,False,False,False,True,0.00035413378,-0.16013353,
7,816,59284,151.0,101.0,155,967,not1_kept,0.02324693,0.04540792,-0.02216099,0.0025291145,-0.0016385838,0.0041676983,-50.0,61.0,27.0,-34.0,False,0,0,False,False,True,True,False,False,False,False,-0.0020485441,-0.08877795,
7,817,59419,20.0,22.0,516,516,not1_kept,0.03771005,0.050484765,-0.012774717,-0.00064745545,-0.0027531274,0.002105672,2.0,7.0,5.0,-2.0,True,0,0,False,False,False,False,False,False,False,True,-0.0038959426,-0.11145701,
7,818,59420,18.0,26.0,710,710,not1_kept,0.040425356,0.053366356,-0.012940999,-0.005481869,-0.0053187273,-0.00016314164,8.0,4.0,6.0,2.0,False,0,0,False,False,False,True,False,False,True,True,0.00032228886,-0.014174546,
7,819,59585,23.0,5.0,799,480,not1_kept,0.038552083,0.046838783,-0.0082867,0.002386637,0.0002957955,0.0020908415,-18.0,6.0,4.0,-2.0,False,0,0,False,False,False,False,False,False,False,True,-0.000335461,-0.07529224,
7,820,59595,2.0,2.0,967,967,not1_kept,0.054890774,0.05507389,-0.00018311664,0.0043247826,-0.0004621297,0.0047869124,0.0,1.0,1.0,0.0,False,0,0,False,False,False,True,False,False,False,False,-0.009292522,-0.08010517,
7,821,59631,4.0,6.0,39,39,not1_kept,0.041059256,0.0448833,-0.003824044,-0.0032287128,-0.0062346794,0.0030059665,2.0,16.0,27.0,11.0,False,0,0,False,False,False,False,False,False,False,False,-0.0055415407,-0.18743429,
7,822,59699,111.0,118.0,380,377,not1_kept,0.02313045,0.042392686,-0.019262236,-0.001581924,-0.0021288432,0.0005469192,7.0,107.0,118.0,11.0,False,0,0,False,False,False,False,False,False,False,False,0.006020586,-0.0747867,
7,823,59817,3.0,1.0,616,567,not1_to_rank1,0.054377172,0.050620873,0.0037562996,-0.003862474,-0.010597367,0.0067348927,-2.0,1.0,1.0,0.0,False,0,1,True,True,True,True,False,False,False,False,-0.008454587,-0.18961123,
7,824,59994,15.0,12.0,516,567,not1_kept,0.045789357,0.057980668,-0.0121913105,0.0017608516,-0.004093848,0.0058546998,-3.0,1.0,1.0,0.0,False,0,0,False,False,False,False,False,False,False,False,-0.0016389062,-0.108068,
7,825,60094,36.0,152.0,984,788,not1_kept,0.013555829,0.033359036,-0.019803207,-0.0110261,-0.009424962,-0.0016011391,116.0,305.0,498.0,193.0,False,0,0,False,False,False,False,False,False,False,False,0.023032717,-0.12410237,
7,826,60119,11.0,28.0,380,380,not1_kept,0.036365252,0.051708136,-0.015342884,-0.005614307,-0.0028379597,-0.002776347,17.0,3.0,9.0,6.0,False,0,0,False,False,False,False,False,False,False,False,0.0052100113,-0.10976105,
7,827,60186,1.0,1.0,673,499,rank1_kept,0.064780176,0.04624527,0.018534906,-0.001985453,-0.0014808849,-0.0005045682,0.0,1.0,1.0,0.0,False,0,0,False,False,False,False,False,False,False,True,0.008041233,-0.0697817,
7,828,60251,1.0,1.0,282,282,rank1_kept,0.056878004,0.055333488,0.0015445165,-0.0039504133,0.00094464794,-0.0048950613,0.0,1.0,3.0,2.0,False,0,0,False,False,False,False,False,False,True,True,0.008826508,-0.121176116,
7,829,60305,1.0,1.0,343,343,rank1_kept,0.05742399,0.04855976,0.008864231,-0.002410166,-0.0014506876,-0.0009594783,0.0,1.0,1.0,0.0,False,0,0,True,True,True,True,False,False,False,True,0.0020391122,-0.02767571,
7,830,60456,38.0,121.0,590,11,not1_kept,0.02875376,0.048808586,-0.020054827,-0.008949334,-0.005014751,-0.0039345827,83.0,39.0,78.0,39.0,False,0,0,False,False,False,False,False,False,False,False,0.015444743,-0.087606125,
7,831,60505,1.0,1.0,469,881,rank1_kept,0.049609292,0.04729954,0.0023097508,-0.011470426,-0.0037273578,-0.007743068,0.0,1.0,2.0,1.0,False,0,0,False,False,False,False,False,False,False,True,0.015265189,-0.10140492,
7,832,60519,1.0,2.0,24,200,rank1_to_not1,0.04856371,0.050210904,-0.001647193,0.0004628785,0.0069725886,-0.00650971,1.0,2.0,2.0,0.0,True,1,0,False,False,False,False,False,False,False,False,0.01994532,-0.025941415,
7,833,60553,1.0,1.0,728,728,rank1_kept,0.059012935,0.039490744,0.01952219,-0.0045651123,-0.0037305802,-0.0008345321,0.0,1.0,1.0,0.0,False,0,0,False,False,False,False,False,True,True,True,0.0015648656,-0.06327279,
7,834,60725,31.0,46.0,200,200,not1_kept,0.03658225,0.04612919,-0.009546939,-0.0035148598,-0.004182592,0.0006677322,15.0,15.0,31.0,16.0,False,0,0,False,False,False,False,False,False,False,False,-0.0012074811,-0.102625735,
7,835,60834,4.0,5.0,178,178,not1_kept,0.04600036,0.051975444,-0.0059750825,-0.0011912324,-0.0046373494,0.003446117,1.0,7.0,7.0,0.0,True,0,0,False,False,False,False,False,False,False,False,-0.005984308,-0.19048916,
7,836,60845,24.0,15.0,571,396,not1_kept,0.03724981,0.051290028,-0.014040217,4.767999e-05,0.0011633374,-0.0011156574,-9.0,3.0,2.0,-1.0,False,0,0,False,False,False,True,False,False,False,True,0.0026998355,-0.19584222,
7,837,60867,2.0,1.0,718,718,not1_to_rank1,0.053171813,0.052333105,0.00083870813,-0.0007358752,-0.0039565675,0.0032206923,-1.0,1.0,1.0,0.0,False,0,1,True,True,True,True,False,False,False,False,-0.006184603,-0.15816833,
7,838,60978,43.0,23.0,180,461,not1_kept,0.041621745,0.05195038,-0.010328636,0.0010647625,-0.0043005757,0.005365338,-20.0,2.0,2.0,0.0,False,0,0,False,False,False,False,False,False,True,True,0.0067260247,-0.03609287,
7,839,61122,12.0,17.0,777,777,not1_kept,0.035452113,0.055424817,-0.019972704,-0.0049710274,-0.0022095814,-0.002761446,5.0,1.0,2.0,1.0,False,0,0,False,False,False,True,False,False,False,True,0.005292543,-0.08731457,
7,840,61133,22.0,15.0,802,802,not1_kept,0.038693674,0.04884332,-0.010149647,0.0015254468,0.0010290034,0.00049644336,-7.0,10.0,9.0,-1.0,False,0,0,False,False,False,False,False,False,False,True,-0.00095239526,-0.0050546057,
7,841,61177,1.0,1.0,93,93,rank1_kept,0.05031737,0.042465232,0.007852137,-0.0046107657,-0.0060061514,0.0013953857,0.0,1.0,1.0,0.0,False,0,0,False,False,False,False,False,False,False,True,-0.0022978107,-0.11456522,
7,842,61216,60.0,117.0,696,396,not1_kept,0.02740679,0.042848226,-0.015441436,-0.0069391355,-0.0025364086,-0.004402727,57.0,32.0,66.0,34.0,False,0,0,False,False,False,True,False,False,False,False,0.014581039,-0.1756521,
7,843,61510,7.0,3.0,567,567,not1_kept,0.050648864,0.05709587,-0.006447006,0.0007130839,-0.0014677271,0.002180811,-4.0,1.0,1.0,0.0,False,0,0,False,False,False,False,False,False,False,False,-0.004314162,-0.10225423,
7,844,61513,1.0,4.0,710,11,rank1_to_not1,0.045800123,0.049640827,-0.0038407035,-0.004824199,0.0005585849,-0.0053827837,3.0,2.0,2.0,0.0,True,1,0,False,False,False,True,False,False,False,True,0.011015137,-0.10096875,
7,845,61677,2.0,3.0,118,162,not1_kept,0.048989605,0.05511564,-0.006126035,-0.0028784648,0.0023693629,-0.0052478276,1.0,2.0,2.0,0.0,True,0,0,False,True,True,True,False,False,False,True,0.0144285085,-0.05097361,
7,846,61738,276.0,326.0,788,788,not1_kept,0.027573695,0.05297214,-0.025398446,0.0010508467,0.00033253804,0.0007183086,50.0,35.0,26.0,-9.0,True,0,0,False,False,False,False,False,False,False,False,-0.0011782994,-0.12104519,
7,847,61748,1.0,1.0,118,449,rank1_kept,0.058507867,0.047912847,0.01059502,0.0021448918,0.0027001575,-0.0005552657,0.0,1.0,1.0,0.0,False,0,0,False,False,False,False,False,False,False,False,0.0028926237,-0.14900716,
7,848,61752,4.0,2.0,178,178,not1_kept,0.050853536,0.05448386,-0.0036303252,0.00071749464,-0.0035556518,0.0042731464,-2.0,2.0,1.0,-1.0,False,0,0,False,False,False,False,False,False,False,False,-0.008164582,-0.108327836,
7,849,61797,1.0,2.0,967,967,rank1_to_not1,0.059153702,0.06119407,-0.0020403676,-0.0080997385,0.0011061095,-0.009205848,1.0,1.0,1.0,0.0,True,1,0,False,False,True,True,False,False,False,False,0.01901488,-0.097483166,
7,850,61801,47.0,80.0,773,907,not1_kept,0.032403953,0.052006558,-0.019602604,-0.0012879856,-0.00056673214,-0.00072125345,33.0,86.0,93.0,7.0,False,0,0,False,False,False,False,False,False,False,True,0.0073200944,-0.12645589,
7,851,61809,17.0,8.0,543,703,not1_kept,0.04479479,0.049513754,-0.004718963,0.004261978,-0.0027962662,0.007058244,-9.0,2.0,1.0,-1.0,False,0,0,False,False,False,False,False,False,False,True,-0.0051509906,-0.11779344,
7,852,61873,1.0,1.0,659,659,rank1_kept,0.06458376,0.04936501,0.015218753,-0.0004099235,0.0011454262,-0.0015553497,0.0,1.0,1.0,0.0,False,0,0,False,False,True,True,False,False,False,True,0.003237561,-0.03453628,
7,853,61972,1.0,3.0,990,990,rank1_to_not1,0.047961798,0.050562244,-0.0026004463,-0.004264131,-0.000243254,-0.004020877,2.0,2.0,1.0,-1.0,True,1,0,False,False,False,False,False,False,True,True,0.007879085,-0.118503146,
7,854,62006,1.0,1.0,926,954,rank1_kept,0.07059404,0.04371854,0.026875503,-0.00226672,-0.003282439,0.001015719,0.0,1.0,1.0,0.0,False,0,0,False,False,False,True,False,True,True,True,-0.00012970297,-0.06554813,
7,855,62015,10.0,9.0,886,886,not1_kept,0.02819359,0.045038175,-0.016844586,-0.0036481917,0.0006282516,-0.0042764433,-1.0,4.0,13.0,9.0,False,0,0,False,False,False,False,False,False,False,True,0.007007492,-0.25434887,
7,856,62209,1.0,1.0,922,196,rank1_kept,0.05307969,0.038792204,0.014287487,-0.0053300187,-0.004687641,-0.0006423779,0.0,1.0,2.0,1.0,False,0,0,False,False,False,False,False,False,False,True,0.0085800355,-0.16661625,
7,857,62228,1.0,1.0,549,549,rank1_kept,0.051574297,0.047525086,0.0040492117,-0.0002457723,-0.0031663068,0.0029205345,0.0,1.0,1.0,0.0,False,0,0,False,True,True,True,False,False,False,True,-0.0053541195,-0.09002622,
7,858,62275,61.0,73.0,717,778,not1_kept,0.014741857,0.03627569,-0.021533832,-0.007834947,-0.0040207095,-0.0038142372,12.0,75.0,171.0,96.0,False,0,0,False,False,False,False,False,False,False,False,0.009932902,-0.1818244,
7,859,62302,1.0,1.0,180,180,rank1_kept,0.0644487,0.061501622,0.0029470772,-0.0043479204,-0.0010242388,-0.0033236817,0.0,1.0,1.0,0.0,False,0,0,False,False,False,False,False,False,False,False,0.007249215,-0.0061637326,
7,860,62365,5.0,22.0,828,828,not1_kept,0.029309072,0.042964056,-0.0136549845,-0.008094259,-0.0069746897,-0.001119569,17.0,12.0,18.0,6.0,False,0,0,False,False,True,True,False,False,False,False,0.002092178,-0.10550088,
7,861,62479,32.0,49.0,132,132,not1_kept,0.03291795,0.057531584,-0.024613634,-0.0014662705,0.0036010258,-0.0050672963,17.0,19.0,8.0,-11.0,True,0,0,False,False,False,False,False,True,True,True,0.008305537,-0.022639144,
7,862,62544,10.0,8.0,180,180,not1_kept,0.053204387,0.06344492,-0.010240532,0.0025219359,0.00096736476,0.0015545711,-2.0,5.0,2.0,-3.0,False,0,0,False,False,False,False,False,True,True,True,-0.0030062704,0.031598974,
7,863,62561,10.0,8.0,788,788,not1_kept,0.040328637,0.04929701,-0.008968372,-0.0050038137,-0.004833296,-0.00017051771,-2.0,1.0,2.0,1.0,False,0,0,False,False,False,False,False,False,False,True,0.00030125014,-0.121042326,
7,864,62683,1.0,1.0,923,208,rank1_kept,0.061596893,0.05693513,0.004661761,-0.0022087246,-0.0005446486,-0.001664076,0.0,1.0,1.0,0.0,False,0,0,False,False,False,True,False,True,True,True,0.0058038225,-0.04272962,
7,865,62748,3.0,2.0,748,2,not1_kept,0.054132577,0.055600233,-0.0014676563,0.006481979,0.0052070767,0.0012749024,-1.0,5.0,1.0,-4.0,False,0,0,True,True,True,True,False,False,False,False,0.00046794233,-0.06813741,
7,866,62960,8.0,11.0,830,176,not1_kept,0.039886918,0.049752932,-0.009866014,-0.0058266036,-0.005564809,-0.00026179478,3.0,1.0,2.0,1.0,False,0,0,False,False,False,True,False,False,True,True,0.01301291,0.019564604,
7,867,63081,1.0,4.0,94,94,rank1_to_not1,0.051489003,0.054026373,-0.0025373697,-0.0024722703,0.0012678206,-0.0037400909,3.0,1.0,1.0,0.0,True,1,0,False,True,True,True,True,True,True,True,0.0070643383,0.008167723,
7,868,63182,3.0,13.0,93,93,not1_kept,0.03837448,0.044199623,-0.0058251433,-0.008250274,-0.0059744306,-0.0022758432,10.0,2.0,2.0,0.0,True,0,0,False,False,False,False,False,False,False,True,0.0037872412,-0.0985054,
7,869,63345,2.0,1.0,770,770,not1_to_rank1,0.049867336,0.04746605,0.0024012849,-0.001085978,-0.004789438,0.00370346,-1.0,1.0,1.0,0.0,False,0,1,False,False,False,False,False,False,False,False,-0.007014498,-0.12058554,
7,870,63449,2.0,2.0,707,707,not1_kept,0.047587894,0.04980322,-0.0022153258,-0.000737533,-0.0072686076,0.0065310746,0.0,6.0,5.0,-1.0,False,0,0,False,False,False,False,False,False,False,True,-0.012670142,0.009175043,
7,871,63746,4.0,4.0,327,297,not1_kept,0.050769806,0.053187776,-0.0024179704,0.0046778806,0.0019648038,0.0027130768,0.0,4.0,2.0,-2.0,False,0,0,False,False,False,False,False,False,False,True,0.002878227,-0.118700296,
7,872,63781,2.0,1.0,770,770,not1_to_rank1,0.047331836,0.041647136,0.0056847,-0.0014795661,-0.007718675,0.0062391087,-1.0,2.0,2.0,0.0,False,0,1,False,False,True,True,False,False,False,True,-0.011240481,-0.12763399,
7,873,63825,15.0,31.0,828,828,not1_kept,0.036875434,0.050154008,-0.013278574,-0.0039798208,-0.00019934028,-0.0037804805,16.0,2.0,1.0,-1.0,True,0,0,False,False,False,True,False,False,True,True,0.0066578547,-0.03297622,
7,874,63922,37.0,30.0,729,963,not1_kept,0.036922388,0.049314342,-0.012391955,-3.2551587e-05,-0.00021613389,0.0001835823,-7.0,9.0,5.0,-4.0,False,0,0,False,False,False,False,False,False,False,False,0.0035373485,-0.13073191,
7,875,63931,1.0,1.0,777,777,rank1_kept,0.06589872,0.04600513,0.019893587,-0.0035375953,-0.0031329133,-0.000404682,0.0,1.0,1.0,0.0,False,0,0,False,False,False,True,False,False,False,False,0.00078122015,-0.10407243,
7,876,63944,4.0,7.0,875,875,not1_kept,0.04610231,0.054207753,-0.008105442,-0.0011031404,0.00048790872,-0.0015910491,3.0,13.0,11.0,-2.0,True,0,0,False,True,True,True,False,False,False,True,0.0031568953,-0.104693905,
7,877,64004,1.0,1.0,149,461,rank1_kept,0.0553702,0.04673743,0.008632772,0.0011251867,0.00013811514,0.0009870715,0.0,1.0,1.0,0.0,False,0,0,False,False,False,False,False,True,True,True,0.0044662384,-0.14148358,
7,878,64096,9.0,20.0,648,648,not1_kept,0.026367547,0.03167201,-0.0053044613,-0.008614564,-0.0097363405,0.0011217762,11.0,36.0,106.0,70.0,False,0,0,False,False,False,False,False,False,False,True,-0.0016977862,-0.1256829,
7,879,64295,2.0,1.0,710,710,not1_to_rank1,0.05272818,0.051057063,0.0016711168,-0.0018527694,-0.0053755417,0.0035227723,-1.0,1.0,1.0,0.0,False,0,1,False,False,False,False,False,False,True,True,-0.006588893,0.04655035,
7,880,64483,37.0,73.0,567,567,not1_kept,0.03912597,0.06106121,-0.02193524,-0.0047097094,0.0008286163,-0.0055383258,36.0,6.0,11.0,5.0,False,0,0,False,False,False,False,False,False,False,True,0.009946948,-0.17033654,
7,881,64498,1.0,3.0,153,288,rank1_to_not1,0.040031154,0.042649746,-0.0026185922,-0.0037859678,-0.00024364889,-0.003542319,2.0,26.0,14.0,-12.0,True,1,0,False,False,False,False,False,False,False,False,0.007946912,-0.019300142,
7,882,64615,25.0,15.0,136,524,not1_kept,0.048378497,0.056755345,-0.008376848,0.0019828007,-0.0021296926,0.0041124932,-10.0,3.0,2.0,-1.0,False,0,0,False,False,True,True,False,False,True,True,-0.0006988507,-0.07929797,
7,883,64621,20.0,8.0,984,172,not1_kept,0.03194182,0.04450791,-0.01256609,-0.0021118894,-0.0020503663,-6.152317e-05,-12.0,5.0,3.0,-2.0,False,0,0,False,False,False,False,False,False,False,False,0.0030883711,-0.06615772,
7,884,64687,1.0,4.0,3,204,rank1_to_not1,0.043550454,0.047510244,-0.00395979,-0.0036067665,0.0050457343,-0.008652501,3.0,3.0,3.0,0.0,True,1,0,False,False,False,False,False,False,False,False,0.017073676,-0.109374635,
7,885,64771,9.0,14.0,522,316,not1_kept,0.03633057,0.042147655,-0.0058170855,-0.002464477,-0.0028352141,0.00037073717,5.0,13.0,28.0,15.0,False,0,0,False,False,False,False,False,False,False,False,0.0019853935,-0.13210511,
7,886,64867,2.0,1.0,904,372,not1_to_rank1,0.047762983,0.043255243,0.004507739,0.002353523,-0.0028176531,0.005171176,-1.0,9.0,7.0,-2.0,False,0,1,False,False,False,True,False,False,False,True,-0.0021653385,-0.08671857,
7,887,64880,35.0,55.0,169,169,not1_kept,0.026667157,0.05204223,-0.025375074,-0.0046209414,-0.0015202425,-0.0031006988,20.0,12.0,29.0,17.0,False,0,0,False,False,False,False,False,False,False,True,0.0054235044,-0.013013442,
7,888,64893,393.0,258.0,396,396,not1_kept,0.026597062,0.055037178,-0.028440116,0.0026690923,-0.0005707778,0.003239872,-135.0,12.0,10.0,-2.0,False,0,0,False,False,False,False,False,True,True,True,-0.0054911133,-0.06021459,
7,889,64979,75.0,89.0,490,655,not1_kept,0.03409186,0.053354084,-0.019262224,-0.0049455985,0.0006406456,-0.005586244,14.0,37.0,62.0,25.0,False,0,0,False,False,False,True,False,False,False,True,0.011981332,-0.074057706,
7,890,65010,1.0,1.0,286,286,rank1_kept,0.0627357,0.050084483,0.012651216,0.0023567826,-0.0064445995,0.008801382,0.0,1.0,1.0,0.0,False,0,0,False,False,False,False,False,False,False,False,-0.015693288,-0.09655298,
7,891,65069,1.0,1.0,163,163,rank1_kept,0.065213464,0.054582674,0.01063079,-0.00026717037,0.0032287166,-0.003495887,0.0,1.0,1.0,0.0,False,0,0,False,False,False,True,False,False,True,True,0.0066139437,0.02125745,
7,892,65148,1.0,2.0,923,990,rank1_to_not1,0.05428613,0.055767056,-0.0014809258,-0.00022530928,0.0022435784,-0.0024688877,1.0,1.0,2.0,1.0,False,1,0,False,False,False,True,True,True,True,True,0.0052448465,0.0034200852,
7,893,65187,72.0,58.0,886,886,not1_kept,0.034647055,0.050254796,-0.015607741,-0.0016254894,-0.0016718507,4.6361238e-05,-14.0,2.0,2.0,0.0,False,0,0,False,False,False,False,False,False,False,False,-8.714665e-05,-0.17909883,
7,894,65232,4.0,6.0,204,204,not1_kept,0.042350974,0.046788484,-0.00443751,-0.0070328936,-0.003892623,-0.0031402707,2.0,3.0,6.0,3.0,False,0,0,False,False,False,False,False,False,False,False,0.005685253,-0.06481133,
7,895,65253,94.0,101.0,178,737,not1_kept,0.023645472,0.042404067,-0.018758595,-0.0014967043,0.00080443174,-0.002301136,7.0,292.0,184.0,-108.0,True,0,0,False,False,False,False,False,False,False,True,0.014192292,-0.04132585,
7,896,65267,5.0,4.0,178,178,not1_kept,0.04021743,0.04266004,-0.0024426095,0.00040421635,-0.00024142861,0.00064564496,-1.0,1.0,1.0,0.0,False,0,0,False,False,False,False,False,False,False,False,-0.0012057296,-0.075726524,
7,897,65376,1.0,1.0,621,153,rank1_kept,0.049818095,0.049226783,0.0005913116,-0.0047717877,-0.002659604,-0.0021121837,0.0,3.0,2.0,-1.0,False,0,0,False,True,True,True,False,False,False,False,0.0064358423,-0.040801965,
7,898,65414,1.0,1.0,106,475,rank1_kept,0.051542845,0.04324862,0.008294225,-0.0024954453,-0.002997566,0.0005021207,0.0,1.0,1.0,0.0,False,0,0,False,False,False,False,False,True,True,True,0.008357168,-0.09681876,
7,899,65445,25.0,21.0,141,682,not1_kept,0.036914382,0.053877845,-0.016963463,0.0015660301,0.004116185,-0.002550155,-4.0,52.0,53.0,1.0,False,0,0,False,False,False,False,False,False,True,True,0.0069324435,0.014306269,
7,900,65639,1.0,1.0,753,753,rank1_kept,0.06034834,0.056831762,0.0035165772,-0.0063890144,-0.0010052249,-0.0053837895,0.0,1.0,1.0,0.0,False,0,0,False,False,False,True,False,True,True,True,0.009923887,0.012086093,
7,901,65654,18.0,16.0,760,760,not1_kept,0.035912596,0.04967826,-0.013765663,-0.001916822,-0.0022863373,0.00036951527,-2.0,6.0,4.0,-2.0,False,0,0,False,False,False,False,False,False,False,True,-0.0006838987,-0.084152095,
7,902,65686,41.0,79.0,984,894,not1_kept,0.020659078,0.041178513,-0.020519435,-0.010259569,-0.006772831,-0.0034867376,38.0,17.0,90.0,73.0,False,0,0,False,False,False,False,True,True,True,True,0.01246639,-0.14142981,
7,903,65769,4.0,1.0,770,770,not1_to_rank1,0.05311977,0.0512169,0.0019028708,0.0057911277,-0.0007366501,0.0065277778,-3.0,2.0,1.0,-1.0,False,0,1,False,False,False,False,False,False,False,False,-0.011906915,-0.075797886,
7,904,65799,3.0,1.0,984,827,not1_to_rank1,0.048268702,0.048091233,0.0001774691,-0.002268441,-0.0046564303,0.0023879893,-2.0,1.0,1.0,0.0,False,0,1,False,False,False,False,False,False,True,True,0.001636104,-0.11785016,
7,905,65821,4.0,3.0,11,11,not1_kept,0.054001316,0.06740374,-0.013402425,-0.0025180914,-0.0011487082,-0.0013693832,-1.0,1.0,1.0,0.0,False,0,0,False,False,False,True,False,True,True,True,0.002838468,-0.114465326,
7,906,65872,2.0,3.0,764,176,not1_kept,0.04715503,0.050152212,-0.0029971823,-0.00031767786,-0.0019420348,0.001624357,1.0,1.0,1.0,0.0,True,0,0,False,False,False,True,False,False,False,True,0.006423081,-0.04011589,
7,907,65920,7.0,5.0,770,567,not1_kept,0.04775218,0.056626618,-0.008874439,-0.00026145205,0.0024713539,-0.002732806,-2.0,7.0,6.0,-1.0,False,0,0,False,False,False,False,False,False,False,False,0.0055569913,-0.15036571,
7,908,65943,29.0,23.0,475,987,not1_kept,0.03672594,0.050137933,-0.013411995,0.001075305,-0.00027760118,0.0013529062,-6.0,31.0,6.0,-25.0,False,0,0,False,False,False,False,False,False,False,True,-0.0013017398,-0.08375631,
7,909,66004,1.0,2.0,576,576,rank1_to_not1,0.053290147,0.05397877,-0.00068862364,-0.0047224276,-0.003154073,-0.0015683547,1.0,1.0,1.0,0.0,True,1,0,False,False,False,False,False,False,False,True,0.003115905,-0.11910008,
7,910,66214,8.0,23.0,601,601,not1_kept,0.0392104,0.050440326,-0.011229925,-0.004580427,-5.2724034e-05,-0.004527703,15.0,2.0,2.0,0.0,True,0,0,False,False,False,False,False,False,False,False,0.008909219,-0.035075195,
7,911,66216,5.0,9.0,541,541,not1_kept,0.04393425,0.05794799,-0.014013741,-0.005168248,-0.005970668,0.0008024201,4.0,1.0,3.0,2.0,False,0,0,False,False,False,False,False,False,False,False,-0.0014144671,-0.10982508,
7,912,66278,1.0,1.0,809,809,rank1_kept,0.06637337,0.054634217,0.011739153,-0.0051940978,-0.003906872,-0.0012872256,0.0,1.0,1.0,0.0,False,0,0,False,True,True,True,True,True,True,True,0.0028187819,-0.15134117,
7,913,66330,6.0,2.0,40,531,not1_kept,0.038542807,0.040441632,-0.0018988252,-0.0020465218,-0.0026548766,0.0006083548,-4.0,1.0,1.0,0.0,False,0,0,False,False,False,True,False,False,False,False,0.00097376114,-0.10129874,
7,914,66342,1.0,1.0,370,799,rank1_kept,0.048166923,0.047197867,0.00096905604,-0.0019526929,-0.0021011531,0.00014846027,0.0,1.0,3.0,2.0,False,0,0,False,False,False,True,False,False,False,True,0.0030553075,-0.0017881067,
7,915,66421,150.0,78.0,947,947,not1_kept,0.03719263,0.05683127,-0.019638639,0.0044082813,-0.001422856,0.0058311373,-72.0,32.0,19.0,-13.0,False,0,0,False,False,False,False,False,False,False,False,-0.011171351,-0.108027525,
7,916,66464,10.0,3.0,567,567,not1_kept,0.04828038,0.05430708,-0.0060267,0.0010206029,-0.00038206577,0.0014026687,-7.0,3.0,4.0,1.0,False,0,0,False,False,False,False,False,False,False,False,-0.0027499385,-0.12852812,
7,917,66479,83.0,71.0,760,760,not1_kept,0.034453314,0.04982747,-0.015374158,0.0009027496,-0.00019043684,0.0010931864,-12.0,14.0,5.0,-9.0,False,0,0,False,False,False,False,False,False,False,True,-0.0020585028,-0.14518434,
7,918,66489,18.0,21.0,372,372,not1_kept,0.028776921,0.044954866,-0.016177945,-0.0042681918,0.00044425204,-0.004712444,3.0,25.0,18.0,-7.0,True,0,0,False,False,False,True,False,False,True,True,0.0073980717,-0.19175479,
7,919,66580,5.0,2.0,308,700,not1_kept,0.048312683,0.049202334,-0.0008896515,-0.0023666844,-0.0030946285,0.0007279441,-3.0,1.0,1.0,0.0,False,0,0,False,True,True,True,False,True,True,True,0.0086337,-0.07635945,
7,920,66643,2.0,2.0,186,282,not1_kept,0.042846695,0.043172684,-0.00032598898,-0.004588641,-0.004324805,-0.00026383623,0.0,2.0,3.0,1.0,False,0,0,False,False,False,False,False,False,False,True,0.009057827,-0.014522541,
7,921,66773,1.0,1.0,82,567,rank1_kept,0.06409332,0.056218795,0.007874526,-0.00051142275,-0.002034478,0.0015230551,0.0,1.0,1.0,0.0,False,0,0,False,False,False,False,False,False,False,True,0.0103350915,-0.09527616,
7,922,66836,1.0,1.0,388,632,rank1_kept,0.05252044,0.044330087,0.0081903525,-0.0061572716,-0.0012725182,-0.0048847534,0.0,1.0,3.0,2.0,False,0,0,False,True,True,True,False,False,False,True,0.011327281,-0.095759675,
7,923,66946,1.0,2.0,139,178,rank1_to_not1,0.043561965,0.04424253,-0.00068056583,-0.0029500127,6.783381e-05,-0.0030178465,1.0,70.0,61.0,-9.0,True,1,0,False,False,False,False,False,False,False,False,0.0069043664,-0.10041458,
7,924,66976,3.0,3.0,469,274,not1_kept,0.04557991,0.04882258,-0.0032426715,-0.00456487,-0.0069744624,0.0024095923,0.0,1.0,1.0,0.0,False,0,0,False,False,False,False,False,False,False,True,0.007373739,-0.069382295,
7,925,67045,1.0,1.0,696,696,rank1_kept,0.04757542,0.039528098,0.008047324,-0.0067408495,-0.0055293553,-0.0012114942,0.0,1.0,1.0,0.0,False,0,0,False,False,True,True,False,False,True,True,0.0021779179,-0.11158516,
7,926,67113,2.0,12.0,57,57,not1_kept,0.040231574,0.04812341,-0.0078918375,-0.010676645,-0.0036578923,-0.0070187524,10.0,1.0,1.0,0.0,True,0,0,False,False,False,False,False,False,False,True,0.012844357,-0.009686973,
7,927,67168,5.0,4.0,50,50,not1_kept,0.05492942,0.058705788,-0.0037763678,0.0014177933,-0.0036324672,0.0050502606,-1.0,1.0,1.0,0.0,False,0,0,False,False,False,False,False,False,False,False,-0.009480203,-0.06786495,
7,928,67204,6.0,2.0,571,196,not1_kept,0.048497144,0.050707243,-0.0022100993,0.0025111176,0.00048406422,0.0020270534,-4.0,1.0,1.0,0.0,False,0,0,False,False,False,True,False,True,True,True,-0.0024940178,-0.105024144,
7,929,67237,1.0,2.0,717,274,rank1_to_not1,0.046024933,0.04722847,-0.001203537,-0.006568659,0.00033065304,-0.006899312,1.0,2.0,2.0,0.0,True,1,0,False,False,False,False,False,False,False,True,0.018574465,-0.079383194,
7,930,67252,3.0,3.0,274,967,not1_kept,0.04111009,0.05020688,-0.00909679,0.002966065,0.0023043938,0.00066167116,0.0,10.0,4.0,-6.0,False,0,0,False,False,False,True,False,False,False,False,-0.00058572553,-0.09449374,
7,931,67295,23.0,16.0,522,891,not1_kept,0.036243312,0.0441461,-0.007902786,-0.0054071695,-0.0057634786,0.00035630912,-7.0,6.0,29.0,23.0,False,0,0,False,False,False,True,False,False,False,False,0.014237287,-0.07220681,
7,932,67363,2.0,6.0,812,141,not1_kept,0.04516343,0.050514694,-0.005351264,-0.004971478,-0.002019547,-0.0029519312,4.0,1.0,1.0,0.0,True,0,0,False,False,False,False,False,False,False,False,0.018206825,0.03655215,
7,933,67742,6.0,1.0,947,23,not1_to_rank1,0.050529163,0.05041023,0.00011893362,0.0011887029,-0.0046022646,0.0057909675,-5.0,1.0,1.0,0.0,False,0,1,False,False,False,False,False,False,False,False,-0.005185718,-0.07672531,
7,934,67802,2.0,2.0,710,710,not1_kept,0.053891733,0.05635172,-0.002459988,0.0023931935,-0.0037322715,0.006125465,0.0,4.0,2.0,-2.0,False,0,0,False,False,False,True,False,True,True,True,-0.012755813,0.056706708,
7,935,67829,23.0,26.0,18,12,not1_kept,0.04044401,0.05344843,-0.013004422,-0.0014246106,0.003536623,-0.0049612336,3.0,1.0,1.0,0.0,True,0,0,False,False,False,False,False,False,False,True,0.0092814425,-0.10319846,
7,936,68023,209.0,314.0,178,644,not1_kept,0.021327352,0.0441324,-0.022805048,-0.005382778,-0.001491949,-0.0038908292,105.0,37.0,56.0,19.0,False,0,0,False,False,False,False,False,False,False,False,0.009241381,-0.1739202,
7,937,68168,29.0,15.0,769,567,not1_kept,0.040337596,0.053581994,-0.013244398,0.0012982152,-0.0021657944,0.0034640096,-14.0,3.0,1.0,-2.0,False,0,0,False,False,False,True,False,False,False,False,0.0011245206,-0.13305701,
7,938,68278,4.0,2.0,327,327,not1_kept,0.04959918,0.051507622,-0.0019084401,0.0022313036,-0.0005448349,0.0027761385,-2.0,1.0,1.0,0.0,False,0,0,False,False,True,True,False,False,False,True,-0.0048416983,-0.1598122,
7,939,68311,1.0,1.0,659,153,rank1_kept,0.049556877,0.042496085,0.0070607923,-0.006690379,-0.006074492,-0.00061588734,0.0,1.0,1.0,0.0,False,0,0,False,False,False,False,False,False,False,False,0.0067884107,-0.006919684,
7,940,68339,14.0,14.0,57,57,not1_kept,0.040544253,0.04964083,-0.009096578,-0.0022320487,-0.003395915,0.0011638664,0.0,8.0,12.0,4.0,False,0,0,False,False,False,False,True,True,True,True,-0.0023094197,-0.040567394,
7,941,68418,1.0,1.0,380,380,rank1_kept,0.05362589,0.052477524,0.0011483654,-0.0060373954,-0.0065968744,0.000559479,0.0,1.0,1.0,0.0,False,0,0,False,False,False,False,False,False,False,False,-0.00108452,-0.096148774,
7,942,68471,1.0,4.0,881,567,rank1_to_not1,0.054949716,0.05803375,-0.0030840337,-0.0045230538,-0.0009676777,-0.003555376,3.0,1.0,1.0,0.0,True,1,0,False,False,False,True,False,False,False,False,0.017551944,-0.06907561,
7,943,68741,1.0,1.0,755,755,rank1_kept,0.059148654,0.043408334,0.01574032,0.0012022033,-0.0040778257,0.005280029,0.0,1.0,1.0,0.0,False,0,0,False,False,False,False,False,False,False,True,-0.010594963,-0.042463444,
7,944,68814,1.0,1.0,655,655,rank1_kept,0.057503287,0.05286084,0.0046424456,-0.0076328926,-0.0005035624,-0.00712933,0.0,1.0,1.0,0.0,False,0,0,False,True,True,True,False,False,False,True,0.013564162,-0.070020296,
7,945,68842,2.0,1.0,828,828,not1_to_rank1,0.054799788,0.053394243,0.0014055446,-0.0015225336,-0.0038812794,0.0023587458,-1.0,1.0,1.0,0.0,False,0,1,False,False,False,True,False,True,True,True,-0.004304969,-0.1281676,
7,946,68858,12.0,9.0,884,2,not1_kept,0.044209875,0.052376572,-0.008166697,0.002005428,0.0027474165,-0.0007419884,-3.0,7.0,6.0,-1.0,False,0,0,False,False,False,True,False,False,False,False,0.004197068,-0.028347177,
7,947,68897,1.0,1.0,567,567,rank1_kept,0.06835733,0.053970806,0.014386527,-0.0029092059,0.0014389902,-0.004348196,0.0,1.0,1.0,0.0,False,0,0,False,False,False,False,False,False,False,False,0.00825825,-0.15293278,
7,948,69007,27.0,80.0,827,567,not1_kept,0.026469138,0.048860777,-0.02239164,-0.0076154023,0.0035361946,-0.011151597,53.0,11.0,45.0,34.0,False,0,0,False,False,False,False,False,False,False,False,0.025676508,-0.047803506,
7,949,69025,21.0,4.0,601,28,not1_kept,0.04810422,0.052614424,-0.0045102052,0.0039575174,-0.0012402311,0.0051977485,-17.0,12.0,3.0,-9.0,False,0,0,False,False,False,True,False,False,False,False,0.005172073,0.0036533573,
7,950,69030,373.0,476.0,314,865,not1_kept,0.009407444,0.03870824,-0.029300796,-0.0034423517,-0.0044732094,0.0010308567,103.0,265.0,312.0,47.0,False,0,0,False,False,False,False,False,False,False,False,0.01134468,-0.12109171,
7,951,69130,1.0,1.0,178,178,rank1_kept,0.059136372,0.048193116,0.010943256,-0.0007795617,-0.0009959824,0.00021642074,0.0,1.0,1.0,0.0,False,0,0,False,False,False,False,False,False,True,True,-0.00042013184,-0.07768473,
7,952,69214,1.0,1.0,39,186,rank1_kept,0.04810692,0.037479833,0.010627087,-0.0044451132,-0.00452118,7.60667e-05,0.0,1.0,2.0,1.0,False,0,0,False,False,False,True,False,False,False,False,0.0064573977,-0.12511092,
7,953,69240,10.0,11.0,93,984,not1_kept,0.04243349,0.050296824,-0.007863335,-0.0034384318,-0.0055799186,0.0021414869,1.0,1.0,1.0,0.0,True,0,0,False,False,False,False,False,False,False,True,-0.0019009882,-0.051075798,
7,954,69442,1.0,1.0,856,856,rank1_kept,0.05606827,0.05448316,0.001585111,-0.006503336,-0.002928514,-0.003574822,0.0,2.0,2.0,0.0,False,0,0,False,False,False,True,True,True,True,True,0.006955889,-0.010128921,
7,955,69502,9.0,11.0,815,484,not1_kept,0.042076364,0.052633345,-0.010556981,-0.0065406896,-0.0041965395,-0.00234415,2.0,1.0,1.0,0.0,True,0,0,False,False,False,False,False,False,False,True,0.013112169,-0.06675506,
7,956,69614,8.0,3.0,567,567,not1_kept,0.04944081,0.056300867,-0.0068600588,0.0034842528,0.00244404,0.0010402128,-5.0,2.0,1.0,-1.0,False,0,0,False,False,False,False,False,False,False,False,-0.0020257682,-0.09872039,
7,957,69616,279.0,188.0,710,710,not1_kept,0.01832356,0.04156771,-0.02324415,0.0022984147,-0.010711901,0.013010316,-91.0,306.0,184.0,-122.0,False,0,0,False,False,False,False,False,False,False,True,-0.023027018,-0.13506955,
7,958,69785,61.0,27.0,516,567,not1_kept,0.0354132,0.0511095,-0.015696302,0.0023050047,-8.421391e-05,0.0023892187,-34.0,77.0,51.0,-26.0,False,0,0,False,False,False,False,False,False,False,False,-0.00330278,-0.08922746,
7,959,69813,1.0,1.0,173,173,rank1_kept,0.048175287,0.041921828,0.0062534586,-0.0076943375,-0.0030062534,-0.004688084,0.0,1.0,1.0,0.0,False,0,0,False,False,False,False,True,True,True,True,0.009869271,-0.12416798,
7,960,69831,47.0,37.0,28,28,not1_kept,0.029367344,0.039084554,-0.009717209,-0.001455415,-0.0062824935,0.0048270784,-10.0,15.0,19.0,4.0,False,0,0,False,False,False,False,False,False,False,False,-0.00908359,-0.061633896,
7,961,69839,155.0,135.0,146,807,not1_kept,0.027468666,0.04775512,-0.020286452,0.001897933,-0.00021671131,0.0021146443,-20.0,17.0,20.0,3.0,False,0,0,False,False,False,True,False,False,False,True,0.006592122,-0.0094694635,
7,962,69854,3.0,4.0,523,523,not1_kept,0.04275694,0.045394134,-0.0026371926,-0.0045131072,-0.005934838,0.001421731,1.0,1.0,1.0,0.0,True,0,0,False,False,False,False,False,False,False,False,-0.0023798835,-0.20008045,
7,963,69918,4.0,2.0,567,567,not1_kept,0.052391183,0.06002848,-0.007637296,0.0077257417,0.0029621348,0.004763607,-2.0,8.0,3.0,-5.0,False,0,0,False,False,False,False,False,False,False,True,-0.0077658393,-0.13646418,
7,964,70038,9.0,10.0,493,493,not1_kept,0.034919035,0.048618704,-0.013699669,-0.0010023341,-0.0022735149,0.0012711808,1.0,22.0,11.0,-11.0,True,0,0,False,False,True,True,False,False,False,True,-0.002595346,-0.041586436,
7,965,70075,1.0,1.0,178,777,rank1_kept,0.050356,0.044498138,0.0058578625,0.00032014027,-0.0036178306,0.003937971,0.0,1.0,1.0,0.0,False,0,0,False,False,False,False,False,False,False,True,-0.005324919,-0.18992569,
7,966,70095,3.0,2.0,833,833,not1_kept,0.04970171,0.050435055,-0.00073334575,-0.00077593327,-0.0032459386,0.0024700053,-1.0,2.0,1.0,-1.0,False,0,0,False,False,False,False,False,False,False,True,-0.004642585,-0.043421496,
7,967,70193,10.0,1.0,921,916,not1_to_rank1,0.047005672,0.044402696,0.0026029758,0.0010552928,-0.0059798956,0.0070351884,-9.0,37.0,43.0,6.0,False,0,1,False,False,False,False,False,False,False,False,-0.0021384917,-0.16075166,
7,968,70232,8.0,5.0,227,132,not1_kept,0.047806807,0.054080226,-0.0062734187,-0.0010237172,-0.0065080374,0.00548432,-3.0,1.0,1.0,0.0,False,0,0,False,False,False,True,False,False,False,False,-0.0039798385,-0.09263826,
7,969,70335,1.0,1.0,559,559,rank1_kept,0.053444102,0.049887214,0.0035568886,0.0035056248,0.0009466335,0.0025589913,0.0,1.0,1.0,0.0,False,0,0,False,False,False,False,False,False,True,True,-0.0051692436,-0.0027472798,
7,970,70360,1.0,2.0,696,696,rank1_to_not1,0.04137075,0.041554537,-0.0001837872,-0.0015634783,0.00017708912,-0.0017405674,1.0,1.0,1.0,0.0,True,1,0,False,False,False,True,False,False,False,True,0.0030361754,-0.19430351,
7,971,70368,8.0,5.0,479,479,not1_kept,0.043135226,0.046097763,-0.002962537,0.00042441115,-0.0033099018,0.003734313,-3.0,2.0,1.0,-1.0,False,0,0,False,True,True,True,False,False,True,True,-0.007036603,-0.009484497,
7,972,70427,1.0,3.0,947,899,rank1_to_not1,0.046146467,0.04731384,-0.0011673719,-0.0010784119,0.0025335737,-0.0036119856,2.0,2.0,1.0,-1.0,True,1,0,False,False,False,False,False,False,False,False,0.0110142715,-0.10601196,
7,973,70505,10.0,15.0,967,967,not1_kept,0.035027698,0.05162692,-0.016599223,-0.0044700205,-0.00042752177,-0.004042499,5.0,4.0,9.0,5.0,False,0,0,False,False,True,True,False,False,False,True,0.007583767,-0.17509058,
7,974,70585,1.0,1.0,208,208,rank1_kept,0.047127586,0.045969166,0.00115842,-0.001015164,-0.0003862679,-0.00062889606,0.0,5.0,2.0,-3.0,False,0,0,False,False,False,False,False,False,False,False,0.0011854263,-0.03545239,
7,975,70589,2.0,4.0,821,265,not1_kept,0.04737777,0.0524715,-0.005093731,-0.0057693496,-0.0017177314,-0.0040516183,2.0,1.0,2.0,1.0,False,0,0,False,False,False,False,False,False,True,True,0.011474232,-0.041118942,
7,976,70671,13.0,6.0,54,692,not1_kept,0.043816756,0.050403032,-0.006586276,0.0006422289,0.0004577227,0.00018450618,-7.0,1.0,1.0,0.0,False,0,0,False,False,False,False,False,False,False,True,0.004148596,-0.07836104,
7,977,70758,1.0,3.0,93,886,rank1_to_not1,0.03668219,0.037369035,-0.0006868467,-0.0049840286,-0.0035348162,-0.0014492124,2.0,3.0,3.0,0.0,True,1,0,False,False,False,True,False,False,False,True,0.012864052,-0.18697658,
7,978,70764,1.0,1.0,611,611,rank1_kept,0.040225245,0.038903713,0.0013215318,-0.0025636032,-0.0033641234,0.0008005202,0.0,1.0,1.0,0.0,False,0,0,False,False,False,False,False,False,False,True,-0.0014993967,-0.09900227,
7,979,70947,23.0,36.0,983,983,not1_kept,0.035873156,0.044529274,-0.008656118,-0.0015680157,-0.002248574,0.0006805584,13.0,2.0,2.0,0.0,True,0,0,True,True,True,True,False,True,True,True,-0.001292791,-0.08754064,
7,980,71025,15.0,8.0,565,282,not1_kept,0.04493434,0.051680386,-0.0067460462,0.0014170446,0.0024597012,-0.0010426566,-7.0,17.0,5.0,-12.0,False,0,0,False,False,False,False,False,False,False,False,0.015240789,-0.041099515,
7,981,71186,8.0,2.0,178,178,not1_kept,0.045947976,0.0526743,-0.0067263246,0.0026918538,0.0007597245,0.0019321293,-6.0,3.0,2.0,-1.0,False,0,0,False,False,False,False,False,False,False,True,-0.003508511,-0.10047607,
7,982,71229,1.0,1.0,900,900,rank1_kept,0.06477593,0.05154276,0.01323317,-0.003220901,-0.0048837774,0.0016628765,0.0,1.0,1.0,0.0,False,0,0,False,True,True,True,False,False,False,True,-0.0035500969,-0.05882185,
7,983,71232,1.0,1.0,493,922,rank1_kept,0.05503248,0.045776572,0.009255908,0.0015235096,-0.0015927553,0.003116265,0.0,1.0,1.0,0.0,False,0,0,False,False,False,False,False,False,False,False,0.009375836,-0.07034685,
7,984,71241,1.0,1.0,389,282,rank1_kept,0.055351257,0.046507075,0.008844182,-0.0024858825,0.0032815821,-0.0057674646,0.0,3.0,3.0,0.0,False,0,0,False,False,False,False,False,False,False,False,0.014154096,-0.015924018,
7,985,71410,2.0,2.0,274,274,not1_kept,0.04629054,0.05095578,-0.0046652406,0.0011779927,0.0013755448,-0.00019755214,0.0,4.0,3.0,-1.0,False,0,0,False,False,False,False,False,True,True,True,0.00033868465,-0.110812955,
7,986,71450,1.0,1.0,156,156,rank1_kept,0.063387975,0.053821594,0.009566382,-0.0045645162,0.0034638755,-0.008028392,0.0,1.0,1.0,0.0,False,0,0,False,False,False,False,True,True,True,True,0.014546812,-0.042221427,
7,987,71753,1.0,1.0,718,81,rank1_kept,0.05942257,0.0465139,0.012908671,0.0032328628,0.0024430268,0.00078983605,0.0,1.0,1.0,0.0,False,0,0,False,False,False,True,False,False,False,False,0.00422549,-0.17032751,
7,988,71894,6.0,9.0,954,601,not1_kept,0.043897033,0.051157948,-0.007260915,-0.0011411421,-0.0024727434,0.0013316013,3.0,4.0,2.0,-2.0,True,0,0,False,False,False,False,False,False,False,False,0.01441378,-0.043920614,
7,989,71928,16.0,13.0,770,368,not1_kept,0.045877684,0.05255993,-0.006682247,-0.00031868368,-0.0017682202,0.0014495365,-3.0,1.0,1.0,0.0,False,0,0,False,False,False,False,False,True,True,True,0.0050661275,-0.08488122,
7,990,72015,1.0,1.0,788,788,rank1_kept,0.06080937,0.053526197,0.0072831735,-0.0019261874,-0.0005019158,-0.0014242716,0.0,1.0,1.0,0.0,False,0,0,False,False,False,False,False,False,False,True,0.0028274206,-0.13206817,
7,991,72080,1.0,1.0,779,779,rank1_kept,0.053545438,0.045397744,0.008147694,-0.0017546751,0.0071526133,-0.008907288,0.0,1.0,1.0,0.0,False,0,0,False,False,False,False,False,False,False,True,0.015354741,-0.06490174,
7,992,72170,2.0,1.0,681,2,not1_to_rank1,0.04984116,0.048239294,0.0016018674,-0.0027500503,-0.00804292,0.00529287,-1.0,1.0,1.0,0.0,False,0,1,False,False,False,False,False,False,False,False,0.0017590455,-0.17849913,
7,993,72209,2.0,6.0,327,327,not1_kept,0.03547095,0.044493355,-0.0090224035,-0.00842002,-0.004130829,-0.004289191,4.0,1.0,1.0,0.0,True,0,0,False,False,False,False,False,False,False,False,0.008690035,-0.090454504,
7,994,72257,20.0,15.0,923,250,not1_kept,0.04777015,0.054072797,-0.0063026473,0.001455456,-0.0027684867,0.0042239428,-5.0,2.0,2.0,0.0,False,0,0,False,False,False,True,False,False,False,False,-0.0024938183,-0.1491845,
7,995,72312,1.0,1.0,314,314,rank1_kept,0.04395732,0.03932891,0.0046284087,-0.006332893,-0.001595635,-0.004737258,0.0,1.0,1.0,0.0,False,0,0,False,False,False,False,True,True,True,True,0.00945361,-0.03748576,
7,996,72510,64.0,59.0,692,692,not1_kept,0.030300308,0.047591634,-0.017291326,-0.0021894649,-0.0037977211,0.0016082563,-5.0,12.0,9.0,-3.0,False,0,0,False,False,True,True,False,False,False,True,-0.0032396105,-0.105254926,
7,997,72605,1.0,1.0,543,268,rank1_kept,0.069769055,0.05034794,0.019421116,-0.004097566,0.00092050433,-0.0050180703,0.0,1.0,1.0,0.0,False,0,0,False,True,True,True,False,True,True,True,0.012003785,-0.03572375,
7,998,72719,1.0,1.0,422,886,rank1_kept,0.04610583,0.043405667,0.002700165,-0.0026833564,-0.0016857423,-0.0009976141,0.0,1.0,1.0,0.0,False,0,0,False,False,False,False,False,False,False,True,0.0111933965,-0.1604537,
7,999,72948,15.0,6.0,828,282,not1_kept,0.03940475,0.044184286,-0.0047795363,0.004354447,0.0044006743,-4.6227127e-05,-9.0,25.0,10.0,-15.0,False,0,0,False,False,False,False,False,False,True,True,0.0021155258,-0.080261886,
