subject,eval_index,image_id,margin0_brainret_rank,margin_low_brainret_rank,margin0_winning_impostor_index,margin_low_winning_impostor_index,rank_transition_class,positive_similarity,hardest_impostor_similarity,positive_minus_hardest_margin,delta_positive_similarity,delta_hardest_impostor_similarity,delta_margin,delta_full_pool_rank,image_full_pool_rank_margin0,image_full_pool_rank,delta_image_full_pool_rank,cycle47_stress_image_preserved_or_improved_brain_worse,cycle47_rank1_to_not1,cycle47_not1_to_rank1,teacher_winner_in_target_top1,teacher_winner_in_target_top5,teacher_winner_in_target_top10,teacher_winner_in_target_top50,brain_eval_winner_in_target_top1,brain_eval_winner_in_target_top5,brain_eval_winner_in_target_top10,brain_eval_winner_in_target_top50,teacher_dir_cosine,brain_eval_dir_cosine,enhanced_dir_cosine
5,0,2950,2.0,4.0,195,195,not1_kept,0.0398935,0.04962663,-0.009733129,-0.001073435,0.0006537996,-0.0017272346,2.0,2.0,3.0,1.0,False,0,0,True,True,True,True,True,True,True,True,0.003367734,-0.026856298,
5,1,2990,2.0,5.0,876,876,not1_kept,0.048317324,0.052970406,-0.0046530813,0.0012958981,-0.000773862,0.00206976,3.0,1.0,1.0,0.0,True,0,0,False,False,False,False,False,False,False,True,-0.0041247252,-0.011053807,
5,2,3049,4.0,1.0,11,11,not1_to_rank1,0.056838177,0.05599349,0.0008446872,0.007482372,0.0039695464,0.0035128258,-3.0,4.0,2.0,-2.0,False,0,1,False,False,False,True,False,False,False,True,-0.0077712405,-0.048127696,
5,3,3077,19.0,11.0,872,493,not1_kept,0.03785205,0.04675746,-0.008905411,0.010150444,0.0049270876,0.005223356,-8.0,24.0,8.0,-16.0,False,0,0,False,False,False,False,False,False,False,False,0.0012835361,-0.007300796,
5,4,3146,9.0,3.0,36,828,not1_kept,0.041870676,0.04222407,-0.0003533922,0.009503897,0.0019348934,0.007569004,-6.0,33.0,14.0,-19.0,False,0,0,False,False,True,True,False,False,False,False,-0.0027364695,-0.03426554,
5,5,3157,2.0,2.0,778,778,not1_kept,0.051637195,0.052497655,-0.0008604601,0.004468996,0.0016482286,0.0028207675,0.0,9.0,4.0,-5.0,False,0,0,True,True,True,True,False,False,False,True,-0.0050079455,-0.0004868944,
5,6,3164,92.0,89.0,906,906,not1_kept,0.02663929,0.04144814,-0.0148088485,-0.00027113594,-0.003564421,0.0032932851,-3.0,26.0,38.0,12.0,False,0,0,False,False,False,False,False,False,False,True,-0.006566946,-0.13790366,
5,7,3171,153.0,72.0,162,162,not1_kept,0.026052544,0.04730846,-0.021255916,0.007655643,0.0026784427,0.0049772,-81.0,16.0,21.0,5.0,False,0,0,False,False,False,True,False,True,True,True,-0.010125415,-0.13603911,
5,8,3181,1.0,1.0,674,674,rank1_kept,0.059288163,0.05413779,0.005150374,-0.0012658574,0.001811754,-0.0030776113,0.0,1.0,1.0,0.0,False,0,0,False,False,True,True,False,False,False,True,0.006286774,-0.024138685,
5,9,3386,43.0,50.0,331,331,not1_kept,0.031914134,0.05170024,-0.019786105,0.0027075857,0.0081240535,-0.005416468,7.0,43.0,40.0,-3.0,True,0,0,False,False,False,False,False,False,False,False,0.010967566,-0.10766413,
5,10,3434,3.0,3.0,175,175,not1_kept,0.04749465,0.053310316,-0.005815666,0.00059749186,0.00046138838,0.00013610348,0.0,1.0,2.0,1.0,False,0,0,True,True,True,True,True,True,True,True,-0.0003276639,-0.109740496,
5,11,3449,1.0,1.0,647,426,rank1_kept,0.061644487,0.04758534,0.014059149,0.002555564,0.0073904768,-0.0048349127,0.0,1.0,1.0,0.0,False,0,0,False,False,True,True,False,False,True,True,0.016179914,-0.029142844,
5,12,3489,7.0,2.0,652,652,not1_kept,0.049069766,0.050977606,-0.0019078404,0.012016885,0.0039761364,0.008040749,-5.0,14.0,3.0,-11.0,False,0,0,False,False,False,False,False,False,False,False,-0.016472535,-0.09799069,
5,13,3626,4.0,7.0,316,316,not1_kept,0.040193874,0.050234452,-0.0100405775,-0.0027280971,0.0020721816,-0.0048002787,3.0,1.0,1.0,0.0,True,0,0,False,False,False,True,False,False,False,False,0.009649942,-0.16258039,
5,14,3682,2.0,5.0,996,996,not1_kept,0.042816985,0.047958802,-0.005141817,0.0014754906,0.0036642402,-0.0021887496,3.0,1.0,1.0,0.0,True,0,0,False,True,True,True,False,True,True,True,0.00461656,0.076404594,
5,15,3687,1.0,3.0,828,828,rank1_to_not1,0.045883402,0.05276433,-0.006880928,-0.003797762,0.0039729774,-0.0077707395,2.0,1.0,2.0,1.0,False,1,0,False,False,False,False,False,True,True,True,0.014566418,-0.0117666405,
5,16,3729,2.0,2.0,777,777,not1_kept,0.04423692,0.04441348,-0.00017656013,-0.0019530989,-0.0043831393,0.0024300404,0.0,1.0,1.0,0.0,False,0,0,False,False,False,False,False,False,False,False,-0.004798947,-0.11197586,
5,17,3809,17.0,25.0,903,903,not1_kept,0.02703663,0.042955857,-0.015919227,0.001115378,0.0047089905,-0.0035936125,8.0,27.0,28.0,1.0,False,0,0,False,False,False,False,False,False,False,True,0.0070917285,-0.10238785,
5,18,3842,11.0,15.0,493,493,not1_kept,0.036319904,0.050715785,-0.014395881,0.0042039566,0.0058224425,-0.0016184859,4.0,15.0,13.0,-2.0,True,0,0,False,False,False,False,False,False,True,True,0.0031041356,-0.109522074,
5,19,3847,2.0,2.0,614,614,not1_kept,0.05197128,0.054004014,-0.0020327345,0.00041357055,-0.001151938,0.0015655085,0.0,4.0,4.0,0.0,False,0,0,False,False,False,False,False,True,True,True,-0.0031460244,-0.08283845,
5,20,3856,6.0,5.0,967,967,not1_kept,0.036445875,0.04482573,-0.008379854,-0.0009255484,0.0012348108,-0.0021603592,-1.0,5.0,3.0,-2.0,False,0,0,False,False,False,False,False,False,False,False,0.004089532,-0.14169331,
5,21,3913,1.0,1.0,967,967,rank1_kept,0.056560587,0.051766653,0.0047939345,0.0021851063,0.0004858151,0.0016992912,0.0,1.0,2.0,1.0,False,0,0,False,False,False,True,False,False,False,True,-0.0032961457,-0.1250528,
5,22,3951,2.0,2.0,793,793,not1_kept,0.046636794,0.05056367,-0.003926877,-0.00091029704,-0.0005142577,-0.00039603934,0.0,1.0,1.0,0.0,False,0,0,False,False,True,True,False,False,True,True,0.00081851415,-0.079622984,
5,23,4051,58.0,27.0,225,64,not1_kept,0.038251843,0.052027613,-0.01377577,0.007759653,0.0030168071,0.004742846,-31.0,19.0,9.0,-10.0,False,0,0,False,False,False,False,False,False,False,False,0.0022120196,-0.12912561,
5,24,4058,2.0,2.0,493,493,not1_kept,0.050680906,0.059251312,-0.008570407,-0.0002603829,0.00626852,-0.006528903,0.0,1.0,1.0,0.0,False,0,0,False,False,False,False,False,False,False,True,0.013599847,-0.026886467,
5,25,4129,4.0,3.0,442,442,not1_kept,0.048849236,0.05245572,-0.0036064833,0.003594622,0.002539944,0.0010546781,-1.0,1.0,1.0,0.0,False,0,0,False,False,False,False,False,False,False,True,-0.0020306422,-0.06641607,
5,26,4156,2.0,1.0,680,680,not1_to_rank1,0.057162825,0.05568628,0.0014765449,0.0056315027,0.0026635826,0.0029679202,-1.0,1.0,1.0,0.0,False,0,1,False,False,False,True,False,False,False,False,-0.0062046535,-0.07141249,
5,27,4249,1.0,1.0,814,814,rank1_kept,0.059569646,0.04621749,0.013352156,0.0015712865,-0.0012884401,0.0028597265,0.0,1.0,1.0,0.0,False,0,0,False,False,False,True,False,False,False,False,-0.0065154606,-0.058519922,
5,28,4325,1.0,1.0,590,590,rank1_kept,0.06420587,0.05583315,0.00837272,0.0044994317,0.006202098,-0.0017026663,0.0,1.0,1.0,0.0,False,0,0,False,True,True,True,False,False,False,False,0.0037033744,-0.08225614,
5,29,4423,19.0,41.0,316,225,not1_kept,0.03713141,0.052066974,-0.014935564,-0.00079481676,0.0023745522,-0.003169369,22.0,8.0,7.0,-1.0,True,0,0,False,False,False,False,False,False,False,False,0.00828436,-0.11910826,
5,30,4436,7.0,6.0,853,853,not1_kept,0.04193067,0.05112509,-0.009194419,-0.0014738366,4.227832e-05,-0.0015161149,-1.0,1.0,1.0,0.0,False,0,0,False,False,False,True,False,True,True,True,0.0030479303,-0.15649872,
5,31,4612,3.0,1.0,29,29,not1_to_rank1,0.047930907,0.046063256,0.0018676519,0.0037362725,-0.0025806352,0.0063169077,-2.0,1.0,1.0,0.0,False,0,1,False,False,False,True,False,False,True,True,-0.012439281,-0.11921781,
5,32,4667,1.0,1.0,738,940,rank1_kept,0.042326394,0.03977659,0.0025498047,0.002768658,0.0020851083,0.0006835498,0.0,4.0,2.0,-2.0,False,0,0,False,False,False,True,False,False,False,False,0.0009225486,-0.14080149,
5,33,4690,4.0,17.0,172,172,not1_kept,0.032712083,0.047629215,-0.0149171315,-0.005714737,0.0035276003,-0.009242337,13.0,1.0,1.0,0.0,True,0,0,False,False,False,False,False,False,False,False,0.01592993,-0.060665336,
5,34,4768,30.0,37.0,954,914,not1_kept,0.032737523,0.043993507,-0.011255983,0.0033239461,0.0022667684,0.0010571778,7.0,1.0,1.0,0.0,True,0,0,False,False,False,False,False,False,False,True,-0.00085839076,-0.09561639,
5,35,4786,9.0,12.0,191,191,not1_kept,0.026142122,0.045078196,-0.018936073,-0.00054504536,0.0037334822,-0.0042785276,3.0,31.0,53.0,22.0,False,0,0,False,False,False,False,False,False,True,True,0.007847076,-0.017521672,
5,36,4835,3.0,2.0,400,400,not1_kept,0.047403794,0.047528055,-0.00012426078,0.0040523186,-0.00028765574,0.0043399744,-1.0,7.0,6.0,-1.0,False,0,0,False,False,False,False,False,False,False,False,-0.008107978,-0.051209483,
5,37,4869,2.0,2.0,582,582,not1_kept,0.046979703,0.048078414,-0.001098711,-0.004213795,-0.0038702078,-0.00034358725,0.0,1.0,2.0,1.0,False,0,0,False,False,False,True,False,False,True,True,0.00069073646,-0.09964707,
5,38,4892,11.0,4.0,876,876,not1_kept,0.04820853,0.051984802,-0.003776271,0.009525858,-0.0040960237,0.013621882,-7.0,1.0,1.0,0.0,False,0,0,False,False,False,False,False,False,False,True,-0.02710075,-0.18179001,
5,39,4930,1.0,1.0,493,493,rank1_kept,0.06935601,0.04466984,0.024686169,-0.0026690066,0.0030694418,-0.0057384484,0.0,1.0,1.0,0.0,False,0,0,False,False,False,False,False,False,False,False,0.011644201,-0.0022270484,
5,40,5034,2.0,3.0,590,686,not1_kept,0.042682927,0.047129355,-0.0044464283,0.003484685,0.007250637,-0.0037659518,1.0,1.0,2.0,1.0,False,0,0,False,False,False,False,False,False,False,True,0.009893781,-0.002919536,
5,41,5106,8.0,9.0,674,674,not1_kept,0.042697307,0.048079874,-0.0053825676,0.007317364,0.0028658733,0.004451491,1.0,5.0,2.0,-3.0,True,0,0,False,False,False,False,False,False,False,False,-0.00861527,-0.1157639,
5,42,5204,17.0,64.0,999,990,not1_kept,0.02901667,0.04468529,-0.01566862,-0.001972301,0.0015960522,-0.0035683531,47.0,21.0,17.0,-4.0,True,0,0,False,False,False,False,False,False,False,False,0.024878863,-0.088099405,
5,43,5285,2.0,1.0,761,761,not1_to_rank1,0.04779055,0.0461637,0.0016268492,0.004334878,0.0005156398,0.0038192384,-1.0,7.0,4.0,-3.0,False,0,1,True,True,True,True,True,True,True,True,-0.009139777,-0.05325904,
5,44,5301,1.0,1.0,269,864,rank1_kept,0.035218436,0.026401242,0.008817194,-0.0017425269,-5.2653253e-05,-0.0016898736,0.0,2.0,2.0,0.0,False,0,0,False,False,False,False,False,False,False,True,0.011012467,-0.05293211,
5,45,5338,2.0,2.0,239,239,not1_kept,0.04380224,0.04705155,-0.00324931,0.0046301372,-0.0018657409,0.006495878,0.0,1.0,1.0,0.0,False,0,0,True,True,True,True,True,True,True,True,-0.014004657,-0.12632339,
5,46,5427,1.0,1.0,830,830,rank1_kept,0.062143367,0.05491695,0.007226415,-0.0005364679,0.0006115027,-0.0011479706,0.0,1.0,1.0,0.0,False,0,0,False,False,True,True,False,False,False,True,0.002208147,-0.14808372,
5,47,5459,1.0,3.0,211,885,rank1_to_not1,0.037784453,0.03917006,-0.0013856068,5.767867e-05,0.0032659397,-0.003208261,2.0,1.0,3.0,2.0,False,1,0,False,False,False,True,False,False,False,False,0.017488537,-0.10970801,
5,48,5502,1.0,1.0,246,246,rank1_kept,0.05968072,0.053548664,0.006132055,0.0048115887,0.0028700754,0.0019415133,0.0,1.0,1.0,0.0,False,0,0,False,False,False,True,False,True,True,True,-0.0038823148,-0.13089477,
5,49,5542,1.0,1.0,162,162,rank1_kept,0.051297028,0.049395133,0.0019018948,0.007609401,0.009639341,-0.0020299405,0.0,1.0,1.0,0.0,False,0,0,False,False,True,True,False,False,True,True,0.0042495374,-0.101392835,
5,50,5574,1.0,3.0,82,468,rank1_to_not1,0.038181305,0.04075735,-0.0025760457,0.0015356317,0.004677467,-0.0031418353,2.0,6.0,5.0,-1.0,True,1,0,False,False,False,False,False,False,False,False,0.015773578,-0.16574925,
5,51,5583,291.0,188.0,225,118,not1_kept,0.026502911,0.053908102,-0.027405191,0.004374139,0.007344134,-0.0029699951,-103.0,149.0,163.0,14.0,False,0,0,False,False,False,False,False,False,False,False,0.0071306126,0.026768195,
5,52,5602,6.0,7.0,208,208,not1_kept,0.015521395,0.027228659,-0.011707264,-0.0033725528,0.004141329,-0.0075138817,1.0,59.0,94.0,35.0,False,0,0,False,False,False,False,False,False,False,False,0.014875948,-0.0013459746,
5,53,5714,1.0,1.0,632,222,rank1_kept,0.048568435,0.039702907,0.008865528,0.005693376,-0.0003032945,0.0059966706,0.0,2.0,1.0,-1.0,False,0,0,False,False,False,True,False,False,False,False,0.0007734981,-0.07608907,
5,54,5878,1.0,1.0,665,43,rank1_kept,0.0464982,0.038829602,0.0076685995,0.010391917,0.0033865012,0.007005416,0.0,5.0,2.0,-3.0,False,0,0,False,False,False,True,False,False,False,False,-0.011488639,-0.18836534,
5,55,5890,10.0,7.0,793,793,not1_kept,0.03399838,0.04174328,-0.007744897,0.0030100886,0.0044283345,-0.001418246,-3.0,1.0,1.0,0.0,False,0,0,False,False,False,False,False,False,False,False,0.002813718,-0.07871089,
5,56,6132,3.0,1.0,447,447,not1_to_rank1,0.041877944,0.039482877,0.0023950674,0.008989286,-0.00012863427,0.00911792,-2.0,3.0,1.0,-2.0,False,0,1,False,False,False,False,False,False,False,False,-0.017849118,-0.11387259,
5,57,6199,1.0,2.0,165,246,rank1_to_not1,0.040888224,0.041133277,-0.00024505332,0.002829995,0.0038621612,-0.0010321662,1.0,16.0,11.0,-5.0,True,1,0,False,False,False,True,False,True,True,True,0.0027714274,-0.07926059,
5,58,6222,7.0,5.0,827,827,not1_kept,0.03984003,0.05313448,-0.013294447,-0.0004823804,0.0011647269,-0.0016471073,-2.0,1.0,2.0,1.0,False,0,0,False,False,False,False,False,False,False,False,0.0031372958,-0.11489094,
5,59,6431,9.0,2.0,637,162,not1_kept,0.040725216,0.041056313,-0.00033109635,0.00839581,-0.005520802,0.013916612,-7.0,1.0,1.0,0.0,False,0,0,False,False,False,False,False,False,False,True,-0.008922514,-0.09069921,
5,60,6444,1.0,1.0,828,828,rank1_kept,0.057194456,0.053501807,0.0036926493,0.0020402223,0.007142987,-0.005102765,0.0,1.0,1.0,0.0,False,0,0,False,False,False,False,False,False,False,True,0.009160353,-0.069596216,
5,61,6489,1.0,1.0,827,78,rank1_kept,0.05234572,0.05080167,0.0015440509,0.0017445497,0.0013936982,0.00035085157,0.0,1.0,1.0,0.0,False,0,0,False,False,False,False,False,False,False,True,0.0036651003,-0.11859703,
5,62,6514,85.0,49.0,664,339,not1_kept,0.026653353,0.043557383,-0.01690403,0.0041744877,-0.0010623448,0.0052368324,-36.0,7.0,12.0,5.0,False,0,0,False,False,False,False,True,True,True,True,-0.004432006,-0.0714905,
5,63,6521,3.0,2.0,715,715,not1_kept,0.053988747,0.055576794,-0.0015880466,-0.0016095117,-0.0033260062,0.0017164946,-1.0,1.0,1.0,0.0,False,0,0,True,True,True,True,False,False,False,True,-0.0032199672,-0.12145467,
5,64,6524,4.0,1.0,252,252,not1_to_rank1,0.047194187,0.04652602,0.00066816807,0.0083214715,0.0026649497,0.005656522,-3.0,13.0,10.0,-3.0,False,0,1,True,True,True,True,False,False,False,True,-0.012159102,-0.08669207,
5,65,6558,1.0,1.0,520,520,rank1_kept,0.044504073,0.033712868,0.010791205,-0.0015439019,0.0029713735,-0.0045152754,0.0,2.0,1.0,-1.0,False,0,0,False,False,False,False,False,True,True,True,0.008235996,-0.099740654,
5,66,6640,2.0,2.0,862,862,not1_kept,0.0482157,0.052490156,-0.0042744577,-0.0005311258,0.003363043,-0.0038941689,0.0,1.0,1.0,0.0,False,0,0,False,False,True,True,False,False,False,True,0.008487591,-0.07858128,
5,67,6713,1.0,1.0,256,827,rank1_kept,0.047537915,0.04447259,0.0030653253,0.0069324374,0.0070950463,-0.00016260892,0.0,1.0,1.0,0.0,False,0,0,False,False,False,False,False,False,False,False,0.0043375525,-0.049907528,
5,68,6801,15.0,20.0,299,885,not1_kept,0.031110585,0.045159545,-0.01404896,0.0014070943,0.005830094,-0.004423,5.0,4.0,3.0,-1.0,True,0,0,False,False,False,False,False,False,False,False,0.016276548,-0.072548345,
5,69,7007,3.0,1.0,706,12,not1_to_rank1,0.04638893,0.044346366,0.0020425655,0.0014662556,-0.001376424,0.0028426796,-2.0,1.0,1.0,0.0,False,0,1,False,False,False,False,False,False,False,True,0.007445264,-0.11857894,
5,70,7039,1.0,1.0,174,682,rank1_kept,0.055703435,0.05055451,0.005148925,0.00085139275,0.006455634,-0.005604241,0.0,1.0,1.0,0.0,False,0,0,False,True,True,True,False,False,True,True,0.01653232,-0.05321964,
5,71,7120,1.0,3.0,460,460,rank1_to_not1,0.03943633,0.04218716,-0.0027508326,0.0016009137,0.006893646,-0.0052927323,2.0,1.0,2.0,1.0,False,1,0,False,False,False,True,False,True,True,True,0.01151537,0.016292926,
5,72,7207,5.0,5.0,142,207,not1_kept,0.04421343,0.049063705,-0.004850276,0.0012150705,0.0029644556,-0.0017493851,0.0,2.0,2.0,0.0,False,0,0,False,False,False,False,False,False,False,False,0.004314907,-0.1432848,
5,73,7336,5.0,3.0,5,5,not1_kept,0.05033838,0.05148699,-0.0011486113,0.002759941,0.0011825413,0.0015773997,-2.0,2.0,1.0,-1.0,False,0,0,False,False,True,True,False,False,False,True,-0.002747637,-0.1651005,
5,74,7366,1.0,2.0,496,590,rank1_to_not1,0.04202522,0.045218453,-0.0031932332,0.0030201934,0.0099215545,-0.006901361,1.0,1.0,1.0,0.0,True,1,0,False,False,True,True,False,False,False,False,0.017027333,-0.09497397,
5,75,7409,5.0,6.0,191,191,not1_kept,0.042833228,0.051225133,-0.008391906,-0.00019807369,0.0012377277,-0.0014358014,1.0,2.0,1.0,-1.0,True,0,0,False,False,False,True,False,True,True,True,0.002896334,-0.082339324,
5,76,7418,1.0,1.0,466,934,rank1_kept,0.047513347,0.03763827,0.009875078,0.001110319,0.0016858466,-0.00057552755,0.0,1.0,1.0,0.0,False,0,0,False,False,False,False,False,False,True,True,0.0060074874,-0.117183626,
5,77,7480,1.0,2.0,223,300,rank1_to_not1,0.041057907,0.04517459,-0.004116684,-0.0010045841,0.0046202242,-0.0056248084,1.0,1.0,1.0,0.0,True,1,0,False,False,False,True,False,False,False,False,0.0125887925,0.009459174,
5,78,7654,1.0,1.0,417,417,rank1_kept,0.058467124,0.04910372,0.009363405,0.0056647584,0.003937889,0.0017268695,0.0,2.0,2.0,0.0,False,0,0,False,False,False,False,False,False,False,False,-0.0032978696,-0.20264187,
5,79,7659,1.0,1.0,695,695,rank1_kept,0.047162,0.047093004,6.89961e-05,0.00031792,0.0061466023,-0.0058286823,0.0,2.0,2.0,0.0,False,0,0,False,False,False,True,False,False,True,True,0.01155979,-0.13146684,
5,80,7840,3.0,6.0,712,744,not1_kept,0.033756148,0.040020593,-0.0062644444,-0.0064013563,-0.0049891137,-0.0014122427,3.0,3.0,9.0,6.0,False,0,0,False,False,False,True,False,True,True,True,0.0060790577,-0.103258386,
5,81,7859,26.0,22.0,57,222,not1_kept,0.03540341,0.049947787,-0.014544375,0.0013986044,-0.0017526634,0.0031512678,-4.0,1.0,1.0,0.0,False,0,0,False,False,False,False,False,False,False,False,0.0064405724,-0.14970289,
5,82,7944,1.0,1.0,554,554,rank1_kept,0.058749907,0.048373368,0.010376539,0.0043173805,0.0021734796,0.0021439008,0.0,1.0,1.0,0.0,False,0,0,False,False,False,False,False,False,False,True,-0.004214342,-0.055632632,
5,83,7948,14.0,7.0,693,693,not1_kept,0.042580567,0.046427708,-0.0038471408,0.007453274,0.00021539629,0.0072378777,-7.0,5.0,3.0,-2.0,False,0,0,False,False,False,False,False,False,False,False,-0.014072813,-0.20162176,
5,84,7954,234.0,165.0,486,486,not1_kept,0.01587721,0.051176112,-0.035298903,0.004747021,0.0029065572,0.0018404648,-69.0,172.0,153.0,-19.0,False,0,0,False,False,False,True,False,False,False,True,-0.0035943857,-0.04721817,
5,85,8006,1.0,4.0,243,384,rank1_to_not1,0.047384698,0.050385453,-0.0030007549,0.004146751,0.0075826086,-0.0034358576,3.0,1.0,1.0,0.0,True,1,0,False,False,False,True,False,False,False,True,0.01760518,0.035163745,
5,86,8109,14.0,12.0,162,162,not1_kept,0.03579233,0.04360555,-0.007813223,0.009129411,0.006921772,0.0022076387,-2.0,71.0,25.0,-46.0,False,0,0,False,False,True,True,True,True,True,True,-0.004365074,-0.0654449,
5,87,8204,58.0,61.0,540,540,not1_kept,0.029448327,0.049587183,-0.020138856,-0.0026891418,-0.0011383593,-0.0015507825,3.0,6.0,18.0,12.0,False,0,0,False,False,False,False,False,False,False,False,0.0032434275,-0.102616794,
5,88,8225,68.0,63.0,128,583,not1_kept,0.019799417,0.03979145,-0.019992033,0.0023585837,0.0016844645,0.0006741192,-5.0,53.0,70.0,17.0,False,0,0,False,False,False,True,False,False,False,True,0.0067414828,-0.06820905,
5,89,8262,16.0,62.0,818,818,not1_kept,0.027936503,0.044165503,-0.016229,-0.002981931,0.0035617948,-0.0065437257,46.0,7.0,14.0,7.0,False,0,0,False,False,False,True,False,True,True,True,0.013493914,-0.107549734,
5,90,8274,1.0,1.0,651,651,rank1_kept,0.058481388,0.047737747,0.01074364,0.0017949343,0.0026523434,-0.0008574091,0.0,1.0,1.0,0.0,False,0,0,False,False,False,False,False,False,False,True,0.001823616,-0.13802029,
5,91,8318,1.0,1.0,297,793,rank1_kept,0.04913747,0.043484632,0.0056528375,-6.591901e-05,0.00070357695,-0.00076949596,0.0,2.0,1.0,-1.0,False,0,0,False,False,False,False,False,False,False,True,0.013975026,-0.04041557,
5,92,8387,4.0,6.0,991,48,not1_kept,0.041683123,0.049002413,-0.00731929,0.0025964826,0.0026301667,-3.3684075e-05,2.0,2.0,2.0,0.0,True,0,0,False,False,False,True,False,False,False,False,0.0031065005,-0.14558887,
5,93,8394,3.0,4.0,604,604,not1_kept,0.036711812,0.0391073,-0.0023954883,0.006864341,0.004812956,0.0020513851,1.0,59.0,14.0,-45.0,True,0,0,False,False,False,False,False,False,False,False,-0.0038285917,-0.10248986,
5,94,8415,1.0,1.0,405,405,rank1_kept,0.05341866,0.049581025,0.0038376339,0.004522942,0.0044421107,8.083135e-05,0.0,1.0,1.0,0.0,False,0,0,False,False,False,True,False,False,True,True,-0.00015013939,-0.063437894,
5,95,8435,1.0,1.0,699,125,rank1_kept,0.04085867,0.038898397,0.0019602738,0.00013934076,0.0015451312,-0.0014057904,0.0,1.0,1.0,0.0,False,0,0,False,False,False,False,False,False,False,False,0.0038900117,-0.1172968,
5,96,8465,6.0,9.0,384,384,not1_kept,0.04584348,0.056059938,-0.01021646,0.004179165,0.0095800795,-0.0054009147,3.0,5.0,5.0,0.0,True,0,0,True,True,True,True,True,True,True,True,0.012704092,-0.058922343,
5,97,8509,10.0,25.0,699,699,not1_kept,0.033509266,0.052410793,-0.018901527,-0.0019228794,0.0015824176,-0.003505297,15.0,1.0,1.0,0.0,True,0,0,False,False,False,False,False,False,False,True,0.0064406516,-0.06773435,
5,98,8631,1.0,1.0,403,403,rank1_kept,0.054603033,0.046749715,0.007853318,-0.005802825,-0.0021008514,-0.0037019737,0.0,1.0,1.0,0.0,False,0,0,False,False,False,True,False,False,False,False,0.00804621,-0.14527112,
5,99,8646,6.0,20.0,61,61,not1_kept,0.03485366,0.043713126,-0.008859467,-0.0028212443,-0.0003515482,-0.002469696,14.0,1.0,2.0,1.0,False,0,0,False,False,False,False,False,False,False,True,0.004242899,-0.11766636,
5,100,8807,4.0,9.0,941,434,not1_kept,0.031063523,0.0358573,-0.004793778,-0.0019832514,-0.00015045702,-0.0018327944,5.0,19.0,42.0,23.0,False,0,0,False,False,False,True,False,False,True,True,0.00344664,-0.19360283,
5,101,8843,91.0,80.0,57,208,not1_kept,0.0252833,0.04032524,-0.01504194,0.0023362432,-0.001438126,0.0037743691,-11.0,2.0,3.0,1.0,False,0,0,False,True,True,True,False,False,False,True,0.016013667,-0.057202667,
5,102,8925,1.0,1.0,874,417,rank1_kept,0.048103444,0.047494035,0.00060940906,0.0034907684,0.0037359707,-0.00024520233,0.0,1.0,1.0,0.0,False,0,0,False,False,False,False,False,False,False,False,0.0013914793,-0.0941093,
5,103,8933,3.0,2.0,227,227,not1_kept,0.049254745,0.050793473,-0.0015387274,0.008165821,-0.0011071339,0.009272955,-1.0,2.0,1.0,-1.0,False,0,0,False,False,False,True,False,True,True,True,-0.019085433,-0.19861583,
5,104,9027,34.0,20.0,789,789,not1_kept,0.027269108,0.039873533,-0.012604425,0.007117642,0.002257958,0.004859684,-14.0,26.0,4.0,-22.0,False,0,0,False,False,False,False,False,False,False,False,-0.009902376,-0.063448824,
5,105,9048,4.0,9.0,457,182,not1_kept,0.03511048,0.0481708,-0.01306032,-0.00472524,0.0023764297,-0.00710167,5.0,1.0,1.0,0.0,True,0,0,False,False,False,True,False,False,False,False,0.01318921,-0.14121965,
5,106,9147,1.0,1.0,590,375,rank1_kept,0.05040985,0.04352561,0.0068842396,0.0041717067,0.004953202,-0.0007814951,0.0,1.0,1.0,0.0,False,0,0,False,False,False,False,False,False,False,True,0.008686797,-0.034746017,
5,107,9230,1.0,1.0,361,142,rank1_kept,0.05030555,0.046116013,0.004189536,0.0014486238,9.232387e-05,0.0013563,0.0,1.0,1.0,0.0,False,0,0,False,False,False,False,False,False,False,True,0.013731909,-0.050002117,
5,108,9434,1.0,1.0,66,249,rank1_kept,0.044915352,0.036512572,0.00840278,0.0046983026,0.0027773753,0.0019209273,0.0,2.0,2.0,0.0,False,0,0,False,False,False,False,False,True,True,True,0.0028824015,-0.032344777,
5,109,9462,1.0,1.0,57,246,rank1_kept,0.052812234,0.047925897,0.0048863366,0.00035744905,0.0034123324,-0.0030548833,0.0,1.0,1.0,0.0,False,0,0,False,False,False,False,False,True,True,True,0.011196644,-0.06410117,
5,110,9680,5.0,9.0,793,793,not1_kept,0.03752586,0.053589214,-0.016063355,0.00018956885,0.0058428384,-0.0056532696,4.0,3.0,3.0,0.0,True,0,0,False,False,False,True,False,False,False,True,0.011551487,-0.074553974,
5,111,9722,2.0,2.0,885,885,not1_kept,0.049711004,0.051905595,-0.0021945909,0.0039123185,0.0053962693,-0.0014839508,0.0,1.0,1.0,0.0,False,0,0,False,False,False,True,False,False,False,False,0.003014105,-0.071060136,
5,112,9804,6.0,6.0,928,421,not1_kept,0.039414812,0.0494041,-0.009989288,0.0025431663,0.0022330247,0.0003101416,0.0,1.0,1.0,0.0,False,0,0,False,False,False,False,False,False,False,True,0.0057476372,-0.1329348,
5,113,9847,10.0,10.0,384,2,not1_kept,0.046095483,0.056410596,-0.010315113,0.0055653304,0.0043473803,0.0012179501,0.0,2.0,1.0,-1.0,False,0,0,False,True,True,True,False,False,False,False,-0.0014202454,-0.10594206,
5,114,9865,10.0,22.0,889,701,not1_kept,0.03344382,0.050867718,-0.017423898,-0.0075226948,0.0013875514,-0.008910246,12.0,2.0,4.0,2.0,False,0,0,False,False,False,False,False,False,False,True,0.021284621,-0.10901865,
5,115,9917,2.0,1.0,367,367,not1_to_rank1,0.036643066,0.035713088,0.00092997774,0.0032329038,-0.0010183826,0.0042512864,-1.0,5.0,3.0,-2.0,False,0,1,False,True,True,True,False,False,True,True,-0.009082937,-0.101693906,
5,116,9978,187.0,129.0,522,227,not1_kept,0.019992847,0.041217644,-0.021224797,0.006524019,0.0023046136,0.0042194054,-58.0,136.0,71.0,-65.0,False,0,0,False,False,False,False,False,False,True,True,-0.0066546197,-0.09193849,
5,117,10006,2.0,3.0,931,931,not1_kept,0.04079888,0.04505876,-0.0042598806,0.0034594424,0.00638726,-0.0029278174,1.0,1.0,2.0,1.0,False,0,0,False,False,False,True,False,False,False,False,0.005917318,-0.17553124,
5,118,10046,1.0,1.0,163,163,rank1_kept,0.059497587,0.05368977,0.005807817,0.003690116,-0.0007057898,0.004395906,0.0,1.0,1.0,0.0,False,0,0,True,True,True,True,False,True,True,True,-0.009331119,-0.023831656,
5,119,10064,8.0,7.0,778,778,not1_kept,0.0413732,0.060649924,-0.019276723,-0.0018760301,-0.0013472959,-0.0005287342,-1.0,2.0,2.0,0.0,False,0,0,False,False,True,True,False,False,True,True,0.0009854876,0.0021289636,
5,120,10105,40.0,20.0,996,549,not1_kept,0.029919198,0.03824854,-0.008329341,0.0054760072,0.0020037182,0.003472289,-20.0,15.0,11.0,-4.0,False,0,0,False,False,True,True,False,False,False,True,-0.0019880675,-0.040498592,
5,121,10107,6.0,5.0,523,227,not1_kept,0.033463553,0.037398,-0.0039344467,-0.0005893819,-0.0017647371,0.0011753552,-1.0,7.0,15.0,8.0,False,0,0,False,False,False,False,False,False,False,False,0.015822735,-0.10490806,
5,122,10244,3.0,3.0,70,70,not1_kept,0.03174269,0.041171134,-0.009428445,0.0038164891,-0.0015427619,0.005359251,0.0,3.0,3.0,0.0,False,0,0,False,False,False,False,False,False,False,True,-0.009483167,-0.13867448,
5,123,10393,7.0,11.0,925,925,not1_kept,0.033104256,0.048886787,-0.015782531,0.00040626153,0.0057366937,-0.005330432,4.0,7.0,9.0,2.0,False,0,0,False,False,False,False,False,False,True,True,0.009354144,-0.112330824,
5,124,10471,734.0,784.0,680,680,not1_kept,0.0003026029,0.046057492,-0.04575489,0.0033570086,0.008917756,-0.0055607483,50.0,382.0,382.0,0.0,True,0,0,False,False,False,False,False,False,False,False,0.01143291,-0.045262918,
5,125,10507,1.0,1.0,778,778,rank1_kept,0.04830177,0.045845505,0.0024562664,0.0007209219,-0.0013238862,0.0020448081,0.0,3.0,4.0,1.0,False,0,0,False,False,False,False,False,False,False,False,-0.0036919797,-0.016441144,
5,126,10586,40.0,53.0,457,886,not1_kept,0.028989982,0.04680808,-0.017818097,0.0034881234,0.005499948,-0.0020118244,13.0,3.0,2.0,-1.0,True,0,0,False,False,False,False,False,False,False,True,0.010071099,-0.029073525,
5,127,10600,1.0,1.0,928,338,rank1_kept,0.0433219,0.036413427,0.0069084726,0.00064414367,0.0033266023,-0.0026824586,0.0,2.0,1.0,-1.0,False,0,0,False,False,False,True,False,True,True,True,0.010304786,-0.060226653,
5,128,10610,3.0,4.0,588,163,not1_kept,0.0427417,0.049066775,-0.0063250735,-0.002163574,0.0034536608,-0.005617235,1.0,1.0,3.0,2.0,False,0,0,False,False,False,False,False,False,False,True,0.014889991,-0.06696661,
5,129,10907,1.0,1.0,999,160,rank1_kept,0.045776047,0.04314429,0.0026317574,0.0029988624,0.0009984821,0.0020003803,0.0,1.0,1.0,0.0,False,0,0,False,False,False,False,False,True,True,True,-0.0011951502,-0.10098274,
5,130,11159,2.0,1.0,191,493,not1_to_rank1,0.052986674,0.052211575,0.0007750988,0.005396638,0.0032733865,0.0021232516,-1.0,2.0,1.0,-1.0,False,0,1,False,False,True,True,False,False,False,True,0.008417658,0.007707509,
5,131,11333,1.0,1.0,318,516,rank1_kept,0.044734433,0.03925317,0.0054812618,0.006441299,0.007688716,-0.0012474172,0.0,1.0,1.0,0.0,False,0,0,False,False,False,False,False,False,True,True,0.0030625574,0.034529313,
5,132,11487,1.0,1.0,216,341,rank1_kept,0.043084912,0.041070975,0.0020139366,-0.0009744093,0.0019182563,-0.0028926656,0.0,2.0,2.0,0.0,False,0,0,False,False,False,False,False,False,False,False,0.014665235,-0.07611347,
5,133,11521,20.0,51.0,721,118,not1_kept,0.018858578,0.03986413,-0.021005552,-0.0046387315,0.00028543174,-0.004924163,31.0,14.0,52.0,38.0,False,0,0,False,False,False,False,False,False,False,True,0.026030246,0.013021305,
5,134,11566,1.0,1.0,586,301,rank1_kept,0.055360615,0.04772465,0.007635966,0.00727522,0.0012181923,0.0060570277,0.0,1.0,1.0,0.0,False,0,0,False,False,False,True,False,False,False,True,-0.0022387835,-0.030780446,
5,135,11617,1.0,1.0,700,700,rank1_kept,0.049397018,0.037547138,0.01184988,0.0019884296,0.005859647,-0.0038712174,0.0,1.0,1.0,0.0,False,0,0,False,False,True,True,False,False,True,True,0.008133759,0.009044274,
5,136,11635,26.0,21.0,142,142,not1_kept,0.030443015,0.050947916,-0.020504901,0.002437275,0.0037803687,-0.0013430938,-5.0,41.0,82.0,41.0,False,0,0,False,False,False,False,False,False,False,False,0.0025947168,-0.14694484,
5,137,11689,2.0,2.0,665,827,not1_kept,0.03317328,0.03780619,-0.004632909,0.0022825636,0.005568035,-0.0032854713,0.0,4.0,4.0,0.0,False,0,0,False,False,False,True,False,False,False,False,0.0133810975,-0.02085428,
5,138,11725,12.0,6.0,504,504,not1_kept,0.043449093,0.049956042,-0.0065069497,0.009073675,0.004358534,0.004715141,-6.0,1.0,1.0,0.0,False,0,0,False,True,True,True,False,False,True,True,-0.009946223,-0.007382005,
5,139,11796,8.0,6.0,499,712,not1_kept,0.042237297,0.04589913,-0.0036618337,0.0017311946,-0.00246742,0.0041986145,-2.0,7.0,6.0,-1.0,False,0,0,False,False,False,False,False,True,True,True,-0.008165295,-0.11707318,
5,140,11827,32.0,43.0,715,715,not1_kept,0.02455651,0.04431124,-0.01975473,-0.0006082151,0.0010108724,-0.0016190875,11.0,24.0,29.0,5.0,False,0,0,False,False,False,True,False,True,True,True,0.0030522973,-0.09224239,
5,141,11837,1.0,1.0,227,227,rank1_kept,0.0573961,0.046856064,0.010540035,0.0043861754,0.0021830276,0.0022031479,0.0,1.0,1.0,0.0,False,0,0,True,True,True,True,False,False,False,True,-0.004482311,-0.115010634,
5,142,11844,1.0,1.0,361,793,rank1_kept,0.061701674,0.04341161,0.018290065,0.0008757934,-0.00037344173,0.0012492351,0.0,1.0,1.0,0.0,False,0,0,False,False,False,False,False,False,False,True,-0.0010304218,-0.103190735,
5,143,11932,9.0,15.0,876,522,not1_kept,0.03275621,0.04663586,-0.013879649,0.0006272197,-0.0008742064,0.0015014261,6.0,14.0,19.0,5.0,False,0,0,False,False,False,False,False,False,False,True,0.0077695334,-0.041837778,
5,144,11942,5.0,14.0,36,36,not1_kept,0.023343846,0.041233864,-0.017890017,-0.0024391878,0.0020883083,-0.004527496,9.0,4.0,9.0,5.0,False,0,0,False,False,False,False,False,False,False,True,0.008313333,-0.1154254,
5,145,11952,163.0,209.0,396,547,not1_kept,0.020670267,0.044221777,-0.02355151,-0.0034403652,-0.0007924549,-0.0026479103,46.0,40.0,106.0,66.0,False,0,0,False,False,False,False,False,True,True,True,0.00555925,0.0029091935,
5,146,12065,1.0,1.0,65,65,rank1_kept,0.047012113,0.042246815,0.004765298,9.7721815e-05,-0.00077538565,0.00087310746,0.0,1.0,1.0,0.0,False,0,0,False,False,False,True,False,False,False,True,-0.0016712628,-0.032408033,
5,147,12075,30.0,25.0,314,159,not1_kept,0.03278552,0.04646874,-0.0136832185,0.0060960464,0.0051879846,0.00090806186,-5.0,18.0,10.0,-8.0,False,0,0,False,False,False,False,False,False,False,False,0.0076314295,-0.025735345,
5,148,12214,1.0,1.0,426,426,rank1_kept,0.048920292,0.046140436,0.0027798563,-0.0025194585,0.004876651,-0.0073961094,0.0,1.0,1.0,0.0,False,0,0,False,False,False,True,False,False,False,True,0.015726887,-0.04382351,
5,149,12308,1.0,1.0,777,159,rank1_kept,0.049029198,0.0437401,0.0052890964,0.0021059588,0.0036577545,-0.0015517958,0.0,1.0,1.0,0.0,False,0,0,False,False,False,False,False,False,False,True,0.0070313127,-0.10289558,
5,150,12487,19.0,26.0,175,175,not1_kept,0.024226662,0.044749938,-0.020523276,4.209578e-06,-0.00080033764,0.0008045472,7.0,14.0,18.0,4.0,False,0,0,False,True,True,True,False,False,True,True,-0.0018247264,-0.09175448,
5,151,12495,3.0,5.0,243,243,not1_kept,0.046074305,0.049552083,-0.0034777783,0.0041732304,0.002968844,0.0012043864,2.0,1.0,2.0,1.0,False,0,0,False,False,False,True,False,False,False,True,-0.0024157926,-0.00910959,
5,152,12634,1.0,1.0,630,630,rank1_kept,0.053360734,0.049909867,0.0034508668,0.00306765,0.0025191419,0.000548508,0.0,1.0,1.0,0.0,False,0,0,False,False,False,False,False,False,False,False,-0.0010449274,-0.131129,
5,153,12685,48.0,43.0,712,712,not1_kept,0.027176395,0.043867245,-0.01669085,0.00095617585,-0.0038842186,0.0048403945,-5.0,57.0,54.0,-3.0,False,0,0,False,False,False,False,False,False,False,False,-0.00958004,-0.19876467,
5,154,12796,3.0,2.0,11,11,not1_kept,0.053421378,0.054755032,-0.0013336539,0.005196102,-0.0003378056,0.0055339076,-1.0,1.0,1.0,0.0,False,0,0,False,False,False,True,False,False,False,True,-0.011780668,-0.1561414,
5,155,12798,20.0,5.0,480,468,not1_kept,0.03941363,0.042743206,-0.003329575,0.0053681955,-0.000341326,0.0057095215,-15.0,4.0,6.0,2.0,False,0,0,False,False,False,False,False,False,False,False,-0.0004162246,-0.20358011,
5,156,12922,1.0,1.0,403,653,rank1_kept,0.04795978,0.045383204,0.0025765747,0.002513241,0.0022482648,0.00026497617,0.0,1.0,1.0,0.0,False,0,0,False,False,False,False,False,False,False,False,0.00886808,-0.18566197,
5,157,12937,1.0,1.0,676,172,rank1_kept,0.047560584,0.03600531,0.011555273,0.0018956326,0.0024452284,-0.0005495958,0.0,1.0,1.0,0.0,False,0,0,False,False,False,False,False,False,False,False,0.01153161,-0.1135191,
5,158,13138,1.0,1.0,276,276,rank1_kept,0.05591094,0.049843833,0.0060671084,0.0007780008,0.004869234,-0.004091233,0.0,1.0,1.0,0.0,False,0,0,False,False,False,True,False,False,False,True,0.007950688,-0.05375758,
5,159,13230,1.0,1.0,616,616,rank1_kept,0.06794756,0.04783301,0.020114549,0.0051460564,0.0066341124,-0.001488056,0.0,1.0,1.0,0.0,False,0,0,False,False,False,True,False,False,True,True,0.0030381293,-0.039579596,
5,160,13312,1.0,1.0,78,78,rank1_kept,0.06615551,0.06506323,0.0010922775,0.0014198422,0.009043697,-0.007623855,0.0,1.0,1.0,0.0,False,0,0,False,False,True,True,False,False,True,True,0.014047132,-0.04944491,
5,161,13314,1.0,1.0,794,794,rank1_kept,0.064576805,0.044738952,0.019837853,-0.0018181354,-0.00032972172,-0.0014884137,0.0,1.0,1.0,0.0,False,0,0,False,False,False,True,False,False,False,True,0.0031000841,-0.10289496,
5,162,13613,1.0,1.0,845,49,rank1_kept,0.070861526,0.043200452,0.027661074,0.0047125965,0.0032303631,0.0014822334,0.0,1.0,1.0,0.0,False,0,0,False,False,True,True,False,False,False,True,0.003017721,-0.035162095,
5,163,13653,1.0,1.0,588,118,rank1_kept,0.048939858,0.046881285,0.002058573,0.0039042346,0.0052579716,-0.001353737,0.0,9.0,12.0,3.0,False,0,0,False,True,True,True,False,True,True,True,0.0037468178,-0.115392044,
5,164,13662,83.0,51.0,61,61,not1_kept,0.0338314,0.051002726,-0.017171327,0.0054445732,0.002848573,0.0025960002,-32.0,5.0,1.0,-4.0,False,0,0,False,False,False,False,True,True,True,True,-0.0045203865,-0.08358362,
5,165,13720,4.0,3.0,288,604,not1_kept,0.037993796,0.04386899,-0.0058751926,-0.00036434084,0.0047794655,-0.0051438063,-1.0,8.0,9.0,1.0,False,0,0,False,False,False,False,False,False,False,False,0.010738529,-0.120210886,
5,166,13846,1.0,1.0,361,361,rank1_kept,0.04912896,0.039463177,0.0096657835,-0.00081881136,-0.0017728582,0.00095404685,0.0,1.0,2.0,1.0,False,0,0,False,False,False,True,False,False,False,False,-0.001967227,-0.14176169,
5,167,14110,1.0,1.0,918,987,rank1_kept,0.046525612,0.035728652,0.01079696,0.004898727,0.0050646216,-0.00016589463,0.0,3.0,2.0,-1.0,False,0,0,False,False,True,True,False,False,False,True,0.0061171046,-0.049112998,
5,168,14121,1.0,2.0,493,493,rank1_to_not1,0.040343907,0.044460658,-0.0041167513,0.00090546906,0.0071309283,-0.0062254593,1.0,1.0,2.0,1.0,False,1,0,False,False,False,False,False,False,False,False,0.012423156,-0.071876414,
5,169,14165,27.0,10.0,216,191,not1_kept,0.03334008,0.039740924,-0.006400842,0.0063902047,0.0004691407,0.005921064,-17.0,27.0,12.0,-15.0,False,0,0,False,False,False,False,False,False,False,True,-0.009095223,-0.15658486,
5,170,14179,7.0,4.0,227,227,not1_kept,0.039966896,0.045075405,-0.005108509,0.008953968,0.004388202,0.004565766,-3.0,13.0,7.0,-6.0,False,0,0,False,False,False,False,False,False,False,True,-0.009035066,-0.120177045,
5,171,14443,8.0,1.0,455,167,not1_to_rank1,0.049303755,0.047926027,0.0013777278,0.011149898,0.0032219626,0.007927936,-7.0,5.0,3.0,-2.0,False,0,1,False,False,False,False,False,False,False,False,-0.012778102,-0.059037447,
5,172,14528,2.0,2.0,208,208,not1_kept,0.03281549,0.045076694,-0.012261204,-0.0019303225,0.008980412,-0.0109107345,0.0,27.0,67.0,40.0,False,0,0,False,False,False,True,True,True,True,True,0.022570744,-0.096053414,
5,173,14567,1.0,1.0,763,763,rank1_kept,0.05516114,0.054369617,0.0007915236,0.0072678067,0.007818256,-0.0005504489,0.0,1.0,1.0,0.0,False,0,0,False,False,False,True,False,False,True,True,0.0011834493,-0.049977534,
5,174,14594,1.0,1.0,28,28,rank1_kept,0.06350121,0.051854618,0.011646591,0.0031662658,0.0044279136,-0.0012616478,0.0,1.0,1.0,0.0,False,0,0,False,True,True,True,False,True,True,True,0.002867296,-0.020950582,
5,175,14610,1.0,1.0,367,215,rank1_kept,0.04381857,0.03750004,0.006318532,0.00018858165,0.00017104298,1.7538667e-05,0.0,5.0,6.0,1.0,False,0,0,False,False,True,True,False,False,False,True,0.002305629,-0.022084882,
5,176,14644,1.0,1.0,370,370,rank1_kept,0.051656365,0.051548764,0.000107601285,0.001606401,0.0038941689,-0.0022877678,0.0,1.0,1.0,0.0,False,0,0,False,False,True,True,False,True,True,True,0.004275926,-0.04174941,
5,177,14793,2.0,3.0,794,794,not1_kept,0.043938894,0.04790084,-0.003961947,0.0026333816,0.006564401,-0.0039310195,1.0,1.0,1.0,0.0,True,0,0,False,False,False,False,False,False,False,True,0.0076647,0.0034263376,
5,178,14808,1.0,1.0,699,699,rank1_kept,0.049367417,0.046726838,0.002640579,-0.0006114803,0.0006838888,-0.0012953691,0.0,1.0,1.0,0.0,False,0,0,False,False,False,True,False,False,False,True,0.0025175211,-0.019847304,
5,179,14820,118.0,66.0,530,492,not1_kept,0.023176251,0.04994673,-0.026770478,0.006156454,0.008721244,-0.0025647897,-52.0,26.0,15.0,-11.0,False,0,0,False,True,True,True,False,True,True,True,0.0068762493,-0.11108717,
5,180,14898,99.0,103.0,794,384,not1_kept,0.027910395,0.052296814,-0.024386419,0.0042541362,0.0045553893,-0.00030125305,4.0,50.0,57.0,7.0,False,0,0,False,False,False,False,False,False,False,True,0.004375461,-0.09111002,
5,181,14931,2.0,5.0,814,814,not1_kept,0.043859124,0.05219667,-0.008337546,-0.0006217882,0.0038483404,-0.0044701286,3.0,1.0,2.0,1.0,False,0,0,False,False,False,False,False,False,False,True,0.009216901,-0.04291132,
5,182,15003,1.0,1.0,699,699,rank1_kept,0.061527457,0.04420386,0.017323598,0.0025924556,-0.002257757,0.0048502125,0.0,2.0,1.0,-1.0,False,0,0,False,False,False,True,False,False,False,True,-0.009670413,-0.0944964,
5,183,15025,1.0,1.0,774,774,rank1_kept,0.055769235,0.047312424,0.008456811,0.0045366883,0.003203623,0.0013330653,0.0,2.0,1.0,-1.0,False,0,0,False,False,False,False,True,True,True,True,-0.00294152,-0.08454451,
5,184,15128,3.0,3.0,699,699,not1_kept,0.05435177,0.060620777,-0.006269008,-0.00056862086,0.0008695647,-0.0014381856,0.0,1.0,1.0,0.0,False,0,0,False,False,False,True,False,False,False,False,0.0029209668,-0.11090446,
5,185,15364,1.0,1.0,395,395,rank1_kept,0.049302194,0.037711672,0.011590522,-0.0007540658,0.0038424395,-0.0045965053,0.0,2.0,1.0,-1.0,False,0,0,True,True,True,True,False,True,True,True,0.01037414,-0.05231823,
5,186,15492,16.0,58.0,714,714,not1_kept,0.030195797,0.049075626,-0.018879829,0.0004624147,0.0076775253,-0.0072151106,42.0,2.0,3.0,1.0,False,0,0,False,False,False,False,False,False,False,False,0.013268575,-0.07163129,
5,187,15506,1.0,1.0,890,250,rank1_kept,0.06055705,0.04910072,0.011456329,0.0012064464,0.0030654632,-0.0018590167,0.0,2.0,1.0,-1.0,False,0,0,False,False,False,True,False,False,False,True,0.01066316,-0.09635438,
5,188,15793,1.0,1.0,79,79,rank1_kept,0.04308858,0.04225532,0.00083326176,0.0018162243,0.0024282895,-0.0006120652,0.0,7.0,7.0,0.0,False,0,0,False,False,False,False,False,True,True,True,0.001325061,-0.007682794,
5,189,15819,1.0,1.0,306,306,rank1_kept,0.047017593,0.04443286,0.002584733,-0.0036603995,0.0013588406,-0.00501924,0.0,1.0,2.0,1.0,False,0,0,False,False,False,False,False,False,False,False,0.010270732,-0.19680443,
5,190,15939,1.0,1.0,417,417,rank1_kept,0.0597499,0.05401133,0.0057385713,0.0040990673,0.0032800622,0.0008190051,0.0,1.0,1.0,0.0,False,0,0,False,False,True,True,False,False,False,False,-0.0016302095,-0.12442716,
5,191,16063,1.0,1.0,468,468,rank1_kept,0.060378574,0.051789444,0.00858913,0.0003306754,0.007883389,-0.007552713,0.0,1.0,1.0,0.0,False,0,0,False,False,False,False,False,False,False,False,0.015037457,-0.07413542,
5,192,16252,15.0,12.0,719,719,not1_kept,0.028320113,0.04273114,-0.014411027,0.0022510458,0.0023608953,-0.0001098495,-3.0,14.0,15.0,1.0,False,0,0,False,False,False,False,False,False,False,True,0.0002039061,-0.04935329,
5,193,16344,49.0,82.0,812,36,not1_kept,0.024741778,0.046465375,-0.021723596,0.0013533104,0.0038676858,-0.0025143754,33.0,2.0,1.0,-1.0,True,0,0,False,False,False,True,False,False,False,True,0.016616791,-0.017666258,
5,194,16421,12.0,20.0,765,680,not1_kept,0.03562878,0.044795614,-0.009166833,-0.0027062334,-0.0012801103,-0.0014261231,8.0,3.0,7.0,4.0,False,0,0,False,False,False,False,False,False,False,False,0.0066093574,-0.16750877,
5,195,16466,1.0,1.0,276,876,rank1_kept,0.05571963,0.05024226,0.005477369,-0.0013919659,-6.138533e-05,-0.0013305806,0.0,1.0,1.0,0.0,False,0,0,False,False,False,False,False,False,True,True,0.0049233004,-0.09818156,
5,196,16616,1.0,1.0,93,846,rank1_kept,0.04483122,0.040240917,0.0045903027,-0.0017181709,0.0034427755,-0.0051609464,0.0,1.0,1.0,0.0,False,0,0,False,False,False,False,False,False,False,False,0.01599316,-0.07158918,
5,197,16635,4.0,7.0,400,697,not1_kept,0.043665312,0.053063076,-0.009397764,-0.002282787,2.5875866e-05,-0.002308663,3.0,1.0,1.0,0.0,True,0,0,False,False,False,True,False,False,True,True,0.01801665,-0.061768044,
5,198,16655,6.0,2.0,403,403,not1_kept,0.04814342,0.053349245,-0.005205825,0.007399358,0.0006785244,0.0067208335,-4.0,2.0,2.0,0.0,False,0,0,False,False,False,False,False,False,False,True,-0.013494925,-0.07879085,
5,199,16702,2.0,2.0,828,828,not1_kept,0.045852713,0.051800262,-0.005947549,0.0010027513,0.006405521,-0.00540277,0.0,2.0,2.0,0.0,False,0,0,False,False,True,True,False,False,False,True,0.010223392,-0.070962414,
5,200,16723,1.0,1.0,705,175,rank1_kept,0.04017708,0.029008018,0.011169063,-0.00068061054,-0.00042146258,-0.00025914796,0.0,1.0,1.0,0.0,False,0,0,False,False,False,False,False,False,False,True,0.011679925,-0.12463392,
5,201,16823,3.0,1.0,495,528,not1_to_rank1,0.042925812,0.04077836,0.002147451,0.0074753948,0.0015040152,0.0059713796,-2.0,1.0,1.0,0.0,False,0,1,False,True,True,True,False,True,True,True,-0.0048184423,-0.0596583,
5,202,16841,1.0,1.0,625,514,rank1_kept,0.04348435,0.034569196,0.008915152,-0.0007235445,-0.00067884475,-4.469976e-05,0.0,1.0,2.0,1.0,False,0,0,False,False,False,False,False,False,False,True,0.011065945,-0.01156824,
5,203,16865,1.0,1.0,526,964,rank1_kept,0.057969585,0.050708313,0.0072612725,0.005895581,0.0011894368,0.0047061443,0.0,1.0,1.0,0.0,False,0,0,True,True,True,True,False,False,False,False,0.016271643,-0.011537142,
5,204,16868,5.0,5.0,43,43,not1_kept,0.04730109,0.05800756,-0.010706469,0.0020140037,0.003411688,-0.0013976842,0.0,1.0,1.0,0.0,False,0,0,True,True,True,True,False,True,True,True,0.003013345,-0.24435239,
5,205,16917,31.0,14.0,784,784,not1_kept,0.03411617,0.04306707,-0.0089509,0.0043265205,0.0034146123,0.0009119082,-17.0,1.0,1.0,0.0,False,0,0,False,False,False,False,False,False,False,False,-0.0016255497,-0.20775115,
5,206,17048,6.0,6.0,999,202,not1_kept,0.038035743,0.043682504,-0.0056467615,0.0024483427,-0.0004050061,0.0028533489,0.0,1.0,1.0,0.0,False,0,0,False,False,False,False,False,False,False,True,-0.0030033132,-0.22416411,
5,207,17230,53.0,18.0,216,118,not1_kept,0.03070561,0.03942748,-0.008721871,0.010185316,0.0017956086,0.008389708,-35.0,179.0,70.0,-109.0,False,0,0,False,False,False,False,False,False,False,False,0.006129987,-0.00955564,
5,208,17238,1.0,1.0,297,297,rank1_kept,0.05560001,0.04108588,0.01451413,0.010356892,-0.0013638027,0.011720695,0.0,3.0,1.0,-2.0,False,0,0,False,False,False,False,False,False,False,True,-0.02125386,-0.12541884,
5,209,17369,4.0,3.0,29,443,not1_kept,0.038406733,0.043468088,-0.0050613545,0.0032230802,0.002272725,0.0009503551,-1.0,7.0,8.0,1.0,False,0,0,True,True,True,True,False,False,True,True,0.00055293087,-0.05653105,
5,210,17374,1.0,1.0,405,405,rank1_kept,0.049756184,0.044051357,0.0057048276,0.0007373132,0.0034476258,-0.0027103126,0.0,1.0,1.0,0.0,False,0,0,False,True,True,True,False,False,False,True,0.0059401537,-0.12088153,
5,211,17450,14.0,13.0,518,642,not1_kept,0.03785809,0.046325643,-0.008467551,0.0015243739,-0.0021823086,0.0037066825,-1.0,10.0,9.0,-1.0,False,0,0,False,False,False,True,True,True,True,True,0.010395213,-0.08571303,
5,212,17463,6.0,7.0,828,828,not1_kept,0.043945625,0.05976717,-0.015821546,0.00084462017,0.0067729056,-0.0059282854,1.0,2.0,2.0,0.0,True,0,0,False,False,True,True,False,False,True,True,0.011601481,-0.041018914,
5,213,17485,2.0,3.0,470,470,not1_kept,0.04906398,0.05266489,-0.0036009103,0.007517364,0.007834345,-0.00031698123,1.0,1.0,1.0,0.0,True,0,0,False,True,True,True,False,True,True,True,0.0005841569,-0.16820209,
5,214,17549,1.0,1.0,827,827,rank1_kept,0.048057154,0.04538899,0.0026681647,-0.0011753105,0.0025710948,-0.0037464052,0.0,1.0,1.0,0.0,False,0,0,False,False,False,False,False,False,False,True,0.0066601923,-0.14910498,
5,215,17595,1.0,1.0,814,246,rank1_kept,0.043952752,0.038101893,0.005850859,0.0004544258,-0.002083335,0.0025377609,0.0,2.0,3.0,1.0,False,0,0,False,False,False,False,False,False,False,False,-0.004822112,-0.1489291,
5,216,17776,1.0,2.0,991,48,rank1_to_not1,0.055089355,0.05552759,-0.0004382357,-0.0046128854,0.004349198,-0.008962084,1.0,1.0,1.0,0.0,True,1,0,False,False,False,True,False,False,False,False,0.017667325,-0.07255109,
5,217,17794,2.0,2.0,243,243,not1_kept,0.04870481,0.053981017,-0.005276207,0.0044082217,0.009510212,-0.00510199,0.0,1.0,1.0,0.0,False,0,0,False,False,False,False,False,False,False,True,0.01075671,0.08877473,
5,218,17934,5.0,6.0,276,195,not1_kept,0.03650398,0.041765887,-0.0052619055,0.0013162084,-0.0027247071,0.0040409155,1.0,1.0,1.0,0.0,True,0,0,False,False,False,False,False,False,True,True,0.0038861425,-0.05489515,
5,219,17942,21.0,20.0,73,73,not1_kept,0.0342782,0.048485465,-0.014207266,0.0012969747,-6.264821e-05,0.0013596229,-1.0,10.0,9.0,-1.0,False,0,0,False,False,False,True,False,True,True,True,-0.002416326,-0.120934404,
5,220,18268,1.0,1.0,577,577,rank1_kept,0.05188896,0.042874098,0.0090148635,-0.00020180643,0.0060009845,-0.006202791,0.0,1.0,1.0,0.0,False,0,0,False,False,False,False,False,False,False,False,0.011957873,-0.14392711,
5,221,18434,1.0,1.0,793,208,rank1_kept,0.054076575,0.047624018,0.0064525567,0.0020383783,-9.94727e-05,0.002137851,0.0,1.0,1.0,0.0,False,0,0,False,False,False,False,False,False,False,False,-0.00017656642,-0.107359916,
5,222,18483,9.0,5.0,403,403,not1_kept,0.039180513,0.046990406,-0.0078098923,0.005560782,-0.00027955696,0.0058403388,-4.0,30.0,32.0,2.0,False,0,0,False,False,False,False,False,False,True,True,-0.0112904385,-0.1296539,
5,223,18505,1.0,1.0,743,743,rank1_kept,0.06807566,0.05318397,0.014891688,0.0022193491,0.0051222257,-0.0029028766,0.0,1.0,1.0,0.0,False,0,0,False,False,False,False,False,True,True,True,0.005912709,0.037720982,
5,224,18535,1.0,1.0,523,921,rank1_kept,0.05915413,0.048667397,0.010486733,0.004973788,0.0016357452,0.0033380426,0.0,1.0,1.0,0.0,False,0,0,False,False,False,False,False,False,False,True,0.0035731127,-0.014748232,
5,225,18543,1.0,1.0,182,182,rank1_kept,0.057017993,0.04517062,0.011847373,0.00304408,0.00429184,-0.0012477599,0.0,1.0,1.0,0.0,False,0,0,False,False,False,False,True,True,True,True,0.002324799,-0.035854198,
5,226,18690,2.0,1.0,912,912,not1_to_rank1,0.041275635,0.04095512,0.00032051653,-0.0011458546,-0.001711864,0.00056600943,-1.0,1.0,1.0,0.0,False,0,1,False,False,False,True,False,True,True,True,-0.0012524319,-0.033098906,
5,227,18796,1.0,1.0,706,706,rank1_kept,0.062124316,0.0412348,0.020889517,0.0022006594,0.0027137361,-0.0005130768,0.0,1.0,1.0,0.0,False,0,0,False,False,False,True,False,False,False,True,0.0010403726,-0.08458628,
5,228,19074,3.0,4.0,777,777,not1_kept,0.043571543,0.048823427,-0.0052518845,0.001976449,0.004055582,-0.002079133,1.0,2.0,1.0,-1.0,True,0,0,False,False,False,False,False,False,False,False,0.004208295,-0.039145894,
5,229,19181,14.0,12.0,5,5,not1_kept,0.012963682,0.03118178,-0.018218098,-0.0035933442,-0.0043827016,0.00078935735,-2.0,109.0,223.0,114.0,False,0,0,False,True,True,True,False,True,True,True,-0.0013310439,-0.12988552,
5,230,19199,1.0,1.0,828,828,rank1_kept,0.048979733,0.04701177,0.0019679628,0.00021668896,0.005253546,-0.005036857,0.0,1.0,1.0,0.0,False,0,0,False,False,False,True,False,False,False,False,0.010443032,-0.039929666,
5,231,19200,1.0,2.0,699,784,rank1_to_not1,0.049074095,0.04954807,-0.00047397614,-0.001328934,0.0041741356,-0.0055030696,1.0,1.0,1.0,0.0,True,1,0,False,False,False,False,False,False,False,True,0.017702917,-0.07784938,
5,232,19292,1.0,1.0,139,139,rank1_kept,0.045826994,0.044045385,0.0017816089,0.00018775836,0.00055602565,-0.0003682673,0.0,1.0,1.0,0.0,False,0,0,False,False,False,True,False,False,False,True,0.0007075514,-0.08090669,
5,233,19436,2.0,1.0,876,876,not1_to_rank1,0.05865949,0.051896628,0.006762862,0.0072434135,-0.0029826388,0.010226052,-1.0,1.0,1.0,0.0,False,0,1,False,False,False,True,False,False,True,True,-0.02019366,-0.095054254,
5,234,19573,3.0,12.0,665,814,not1_kept,0.033533555,0.037743963,-0.004210409,-0.003422048,-0.0018360764,-0.0015859716,9.0,3.0,9.0,6.0,False,0,0,False,False,False,True,False,False,True,True,0.008965362,-0.028224789,
5,235,19642,5.0,5.0,652,227,not1_kept,0.03923143,0.044908248,-0.005676817,0.0004015863,-0.00027317926,0.00067476556,0.0,7.0,6.0,-1.0,False,0,0,False,False,False,False,False,False,False,True,0.007956569,-0.07097265,
5,236,19672,114.0,74.0,523,551,not1_kept,0.027501931,0.047903292,-0.02040136,0.0063186698,0.004735846,0.0015828237,-40.0,14.0,4.0,-10.0,False,0,0,False,False,False,True,False,False,False,False,0.004356828,-0.13056746,
5,237,19690,3.0,4.0,652,652,not1_kept,0.051255543,0.060915098,-0.009659555,0.0018250085,0.0017179325,0.00010707602,1.0,2.0,2.0,0.0,True,0,0,False,False,False,False,False,False,False,False,-0.00022420578,-0.08640787,
5,238,19933,38.0,64.0,523,171,not1_kept,0.027024446,0.05480086,-0.027776415,-0.00046343543,-0.000788223,0.00032478757,26.0,18.0,21.0,3.0,False,0,0,False,False,False,False,False,False,True,True,0.022382785,-0.059602298,
5,239,20054,1.0,1.0,865,456,rank1_kept,0.051806394,0.045974135,0.0058322586,0.003831543,0.0025553629,0.0012761801,0.0,2.0,1.0,-1.0,False,0,0,False,False,False,False,False,False,False,False,-0.0019080983,-0.062041897,
5,240,20064,2.0,3.0,652,652,not1_kept,0.05303473,0.05910546,-0.0060707293,-0.0005033836,0.0006807633,-0.0011841469,1.0,1.0,1.0,0.0,True,0,0,False,False,False,True,False,False,False,True,0.0024886895,-0.12567563,
5,241,20080,1.0,1.0,778,778,rank1_kept,0.045443833,0.045345902,9.793043e-05,0.004024219,0.004567966,-0.0005437471,0.0,5.0,1.0,-4.0,False,0,0,False,False,False,False,False,False,False,False,0.0010096579,-0.03455682,
5,242,20206,1.0,1.0,361,361,rank1_kept,0.044847038,0.04257037,0.0022766665,-0.0031070523,0.0011241771,-0.0042312294,0.0,1.0,1.0,0.0,False,0,0,False,False,False,True,False,False,False,True,0.0087187225,-0.0995743,
5,243,20223,1.0,1.0,279,279,rank1_kept,0.0474563,0.040508505,0.006947797,0.0012707338,0.0013834499,-0.00011271611,0.0,3.0,6.0,3.0,False,0,0,False,False,False,True,True,True,True,True,0.00025531952,-0.16039194,
5,244,20265,167.0,58.0,999,142,not1_kept,0.028485948,0.042065855,-0.013579907,0.009899611,0.004119251,0.0057803597,-109.0,17.0,6.0,-11.0,False,0,0,False,False,False,False,False,False,False,False,-0.010727412,-0.1328307,
5,245,20307,1.0,3.0,590,590,rank1_to_not1,0.04699717,0.047517907,-0.000520736,0.0026766993,0.0032038651,-0.00052716583,2.0,1.0,1.0,0.0,True,1,0,False,False,False,True,False,False,False,False,0.0010688021,-0.09996921,
5,246,20442,1.0,1.0,512,987,rank1_kept,0.061835147,0.0530822,0.008752946,0.0013337769,0.00073394924,0.0005998276,0.0,1.0,1.0,0.0,False,0,0,False,False,False,True,False,False,False,True,0.0003203192,-0.106043234,
5,247,20633,34.0,43.0,715,715,not1_kept,0.025630968,0.044336855,-0.018705888,-0.0007792879,0.0010482483,-0.0018275362,9.0,8.0,11.0,3.0,False,0,0,False,False,False,False,False,False,True,True,0.0030384082,-0.2108395,
5,248,20650,20.0,13.0,162,64,not1_kept,0.030227052,0.04150831,-0.0112812575,0.0065154247,0.0062631182,0.00025230646,-7.0,1.0,1.0,0.0,False,0,0,False,False,False,False,False,False,False,False,0.006481083,-0.09421373,
5,249,20702,1.0,1.0,256,827,rank1_kept,0.043147024,0.042115714,0.0010313094,-0.0019521527,0.00060514733,-0.0025573,0.0,2.0,3.0,1.0,False,0,0,False,False,False,False,False,False,False,False,0.011175813,-0.1012638,
5,250,20738,1.0,1.0,403,591,rank1_kept,0.06839523,0.051601615,0.016793612,0.0032605976,0.0026238635,0.00063673407,0.0,1.0,1.0,0.0,False,0,0,False,True,True,True,False,True,True,True,-0.0010505376,-0.036382202,
5,251,20777,61.0,45.0,643,867,not1_kept,0.027003668,0.041265666,-0.014261998,0.0038012844,0.002492819,0.0013084654,-16.0,3.0,6.0,3.0,False,0,0,False,False,False,False,False,False,False,False,0.0033243997,-0.15581381,
5,252,20820,11.0,6.0,417,417,not1_kept,0.040136054,0.04637201,-0.006235957,0.005409248,0.004697334,0.00071191415,-5.0,25.0,20.0,-5.0,False,0,0,False,False,False,False,False,False,False,True,-0.0013470813,-0.086810164,
5,253,21108,2.0,2.0,794,794,not1_kept,0.04337963,0.043605674,-0.00022604316,0.0086284615,0.004525736,0.0041027255,0.0,3.0,2.0,-1.0,False,0,0,False,False,True,True,False,False,False,False,-0.009256726,-0.09035063,
5,254,21192,1.0,1.0,158,765,rank1_kept,0.0641105,0.050170343,0.013940159,-0.0017319173,-0.0021618977,0.00042998046,0.0,1.0,1.0,0.0,False,0,0,False,False,False,False,False,False,False,True,0.0062822504,-0.07021787,
5,255,21194,10.0,8.0,182,142,not1_kept,0.03398018,0.050097164,-0.016116984,9.17539e-06,0.0035088472,-0.0034996718,-2.0,9.0,14.0,5.0,False,0,0,False,False,True,True,False,False,False,True,0.0076690027,-0.034138817,
5,256,21197,1.0,1.0,471,471,rank1_kept,0.05527284,0.05039449,0.0048783496,0.003789939,0.005646877,-0.001856938,0.0,1.0,1.0,0.0,False,0,0,False,False,False,False,True,True,True,True,0.0037583024,-0.072409354,
5,257,21218,9.0,12.0,947,163,not1_kept,0.035127483,0.04908578,-0.013958298,-0.0011480711,0.0010034516,-0.0021515228,3.0,4.0,3.0,-1.0,True,0,0,False,False,False,False,True,True,True,True,0.008176154,-0.03380861,
5,258,21253,1.0,1.0,377,377,rank1_kept,0.04881223,0.039078988,0.009733241,0.004098892,-0.0040719397,0.008170832,0.0,1.0,1.0,0.0,False,0,0,False,False,False,False,False,False,False,False,-0.017150622,-0.06900802,
5,259,21279,14.0,19.0,652,524,not1_kept,0.034631547,0.05397268,-0.019341134,0.0011976957,-0.0002264753,0.001424171,5.0,1.0,1.0,0.0,True,0,0,False,False,False,False,False,True,True,True,0.013046123,-0.043083783,
5,260,21318,2.0,4.0,499,371,not1_kept,0.047752637,0.05036511,-0.0026124716,-0.00015635043,-0.00019637868,4.0028244e-05,2.0,1.0,2.0,1.0,False,0,0,False,False,False,True,False,False,False,False,0.0068112994,-0.018660098,
5,261,21508,15.0,11.0,889,914,not1_kept,0.041799556,0.050354876,-0.008555319,0.0038564242,0.004539009,-0.00068258494,-4.0,3.0,1.0,-2.0,False,0,0,False,False,False,False,False,False,False,True,0.0040098894,-0.0015502037,
5,262,21526,1.0,1.0,314,249,rank1_kept,0.050541967,0.044028297,0.00651367,0.004953619,0.001215741,0.003737878,0.0,1.0,1.0,0.0,False,0,0,False,False,False,False,False,False,False,False,-0.0016725824,-0.053776775,
5,263,21553,4.0,9.0,814,814,not1_kept,0.04008884,0.061441675,-0.021352835,-0.0028665885,0.0039556213,-0.00682221,5.0,1.0,2.0,1.0,False,0,0,False,False,False,False,False,False,False,False,0.013868975,-0.004079242,
5,264,21601,1.0,1.0,89,89,rank1_kept,0.03555861,0.024530562,0.0110280495,0.0006628148,0.0027607176,-0.0020979028,0.0,1.0,1.0,0.0,False,0,0,False,False,False,True,False,False,False,True,0.00429062,-0.1129223,
5,265,21703,5.0,5.0,523,403,not1_kept,0.04084221,0.046062376,-0.0052201673,0.004721407,0.003252305,0.0014691018,0.0,6.0,2.0,-4.0,False,0,0,False,False,False,False,False,False,False,True,-0.00091907347,-0.059206434,
5,266,21950,1.0,1.0,162,162,rank1_kept,0.053517163,0.049512237,0.0040049255,-0.005668305,0.0016666278,-0.0073349327,0.0,1.0,1.0,0.0,False,0,0,False,False,False,False,False,True,True,True,0.013560277,-0.122929186,
5,267,21989,3.0,6.0,844,844,not1_kept,0.037159443,0.0480916,-0.010932159,0.001079686,0.005947087,-0.004867401,3.0,1.0,1.0,0.0,True,0,0,False,False,False,True,False,True,True,True,0.009724379,-0.074396394,
5,268,22138,4.0,8.0,704,704,not1_kept,0.03889194,0.049541578,-0.010649636,-0.0036477596,-0.0013900064,-0.0022577532,4.0,2.0,2.0,0.0,True,0,0,False,False,False,True,False,True,True,True,0.0047144843,-0.0832442,
5,269,22143,6.0,3.0,414,414,not1_kept,0.040540576,0.043468494,-0.002927918,0.0033515207,-0.002531968,0.005883489,-3.0,2.0,2.0,0.0,False,0,0,False,False,False,False,False,True,True,True,-0.010580927,-0.09160249,
5,270,22155,12.0,6.0,426,964,not1_kept,0.049243156,0.05510981,-0.005866654,0.005859025,0.004842747,0.0010162778,-6.0,2.0,6.0,4.0,False,0,0,False,True,True,True,False,False,True,True,0.009545788,0.08071329,
5,271,22263,5.0,5.0,777,777,not1_kept,0.049569335,0.06158371,-0.012014374,0.005593013,0.0038812347,0.0017117783,0.0,1.0,1.0,0.0,False,0,0,False,True,True,True,False,False,False,True,-0.0037049025,0.011753198,
5,272,22387,1.0,1.0,719,697,rank1_kept,0.050201826,0.042431533,0.0077702925,-0.0012965389,-0.0014165007,0.0001199618,0.0,1.0,1.0,0.0,False,0,0,False,True,True,True,False,False,True,True,0.0031593586,-0.070012085,
5,273,22495,4.0,3.0,889,5,not1_kept,0.04842181,0.053605698,-0.0051838867,0.0011259764,0.0037060827,-0.0025801063,-1.0,1.0,1.0,0.0,False,0,0,False,False,True,True,False,False,True,True,0.0073635327,-0.1053569,
5,274,22505,5.0,2.0,637,417,not1_kept,0.045783184,0.04879186,-0.0030086748,0.0041018613,0.004915938,-0.0008140765,-3.0,4.0,1.0,-3.0,False,0,0,False,False,False,True,False,False,False,True,0.002209053,-0.018939033,
5,275,22515,4.0,6.0,142,142,not1_kept,0.044968426,0.05132246,-0.006354034,0.0022379346,0.001997389,0.00024054572,2.0,2.0,1.0,-1.0,True,0,0,False,False,True,True,False,False,False,False,-0.00043444475,-0.08939901,
5,276,22523,1.0,1.0,777,777,rank1_kept,0.059983354,0.047170095,0.012813259,-0.0029263534,-0.00033472478,-0.0025916286,0.0,1.0,1.0,0.0,False,0,0,False,False,False,False,False,False,False,True,0.004810364,-0.16050932,
5,277,22530,44.0,60.0,276,743,not1_kept,0.03675305,0.05103089,-0.014277838,0.0019517094,0.0030867644,-0.001135055,16.0,3.0,3.0,0.0,True,0,0,False,False,False,False,False,False,False,False,0.0052836034,0.015573893,
5,278,22585,2.0,2.0,403,403,not1_kept,0.04944587,0.050295405,-0.0008495338,0.0028530285,-0.002316624,0.0051696524,0.0,1.0,1.0,0.0,False,0,0,False,False,False,False,False,False,False,False,-0.009792792,-0.1774286,
5,279,22587,2.0,1.0,794,794,not1_to_rank1,0.053092234,0.049350657,0.0037415773,0.0071552023,0.00040899962,0.0067462027,-1.0,1.0,1.0,0.0,False,0,1,False,False,True,True,False,False,False,False,-0.014880902,-0.1117023,
5,280,22772,4.0,2.0,523,777,not1_kept,0.050520495,0.05300472,-0.0024842247,0.0033995397,0.0040239654,-0.0006244257,-2.0,1.0,1.0,0.0,False,0,0,False,False,False,True,False,False,False,False,0.0043573813,0.016345866,
5,281,22782,18.0,15.0,766,793,not1_kept,0.03060037,0.04461183,-0.014011459,0.0025685094,0.0034734383,-0.0009049289,-3.0,2.0,2.0,0.0,False,0,0,False,False,False,False,False,True,True,True,0.004394384,-0.010795693,
5,282,22794,7.0,4.0,951,951,not1_kept,0.04328752,0.04773144,-0.004443921,0.0071755573,0.0073516592,-0.00017610192,-3.0,2.0,1.0,-1.0,False,0,0,False,False,False,False,False,False,False,False,0.00034113205,-0.049648594,
5,283,22809,2.0,2.0,745,745,not1_kept,0.036705174,0.04551104,-0.008805867,0.001443293,-0.0024430826,0.0038863756,0.0,1.0,1.0,0.0,False,0,0,False,True,True,True,False,True,True,True,-0.008179204,-0.021013206,
5,284,22845,1.0,1.0,523,523,rank1_kept,0.049418103,0.044959046,0.004459057,0.0037105829,-0.0007468164,0.0044573992,0.0,1.0,1.0,0.0,False,0,0,False,False,False,True,False,False,False,True,-0.008778848,-0.062355246,
5,285,22873,5.0,17.0,577,577,not1_kept,0.032284748,0.045362398,-0.01307765,-5.4486096e-05,0.007080689,-0.007135175,12.0,9.0,8.0,-1.0,True,0,0,False,False,False,False,False,False,False,True,0.014168816,-0.08014024,
5,286,22879,4.0,6.0,48,48,not1_kept,0.04547326,0.05749898,-0.012025721,-0.00051822886,0.004315771,-0.004834,2.0,1.0,1.0,0.0,True,0,0,False,False,False,False,False,False,False,True,0.0087995315,-0.105376355,
5,287,22886,1.0,1.0,919,227,rank1_kept,0.045055185,0.043570526,0.0014846586,-0.0004886016,0.0032666884,-0.00375529,0.0,2.0,3.0,1.0,False,0,0,False,False,False,False,False,False,False,False,0.010809928,-0.08585442,
5,288,22957,2.0,2.0,356,356,not1_kept,0.05335418,0.056673344,-0.0033191629,0.0017311834,0.0022776015,-0.00054641813,0.0,1.0,1.0,0.0,False,0,0,False,False,False,False,False,False,False,False,0.0010990711,-0.098851226,
5,289,22967,1.0,1.0,172,172,rank1_kept,0.05938029,0.056825582,0.0025547072,0.001701057,0.0044687055,-0.0027676485,0.0,1.0,1.0,0.0,False,0,0,False,False,False,False,False,False,False,False,0.0051881815,-0.11424218,
5,290,22993,2.0,1.0,39,39,not1_to_rank1,0.042903222,0.03708354,0.005819682,0.006172683,-0.00012723356,0.0062999167,-1.0,4.0,4.0,0.0,False,0,1,False,False,False,False,False,False,True,True,-0.011975931,-0.09394797,
5,291,23036,1.0,1.0,54,54,rank1_kept,0.04625052,0.04419992,0.0020505972,0.0014453195,0.0042605773,-0.0028152578,0.0,1.0,1.0,0.0,False,0,0,False,False,False,False,False,False,False,False,0.0056370716,-0.11675441,
5,292,23241,28.0,31.0,777,21,not1_kept,0.035260435,0.04884677,-0.013586335,0.001239974,0.002508711,-0.001268737,3.0,8.0,4.0,-4.0,True,0,0,False,False,False,False,False,False,False,True,0.0083637815,-0.05502586,
5,293,23492,212.0,202.0,561,827,not1_kept,0.025712704,0.04717097,-0.021458266,0.0037777666,0.0029126182,0.0008651484,-10.0,6.0,4.0,-2.0,False,0,0,False,False,False,False,False,False,False,False,0.014327801,-0.064694375,
5,294,23715,16.0,23.0,524,524,not1_kept,0.037599947,0.055281777,-0.01768183,-0.0011630021,0.0014755912,-0.0026385933,7.0,1.0,2.0,1.0,False,0,0,False,False,False,True,False,False,True,True,0.0051852404,-0.07544213,
5,295,23729,1.0,2.0,400,331,rank1_to_not1,0.035977382,0.037753463,-0.0017760806,-0.00080293417,0.002626188,-0.0034291223,1.0,1.0,1.0,0.0,True,1,0,False,False,False,True,False,False,False,False,0.016148115,-0.09518206,
5,296,23871,68.0,13.0,522,492,not1_kept,0.03448866,0.043709442,-0.009220783,0.012462698,0.0060426965,0.0064200014,-55.0,9.0,2.0,-7.0,False,0,0,False,False,False,True,False,False,False,True,-0.0072735893,-0.10002338,
5,297,23876,2.0,2.0,590,590,not1_kept,0.045751944,0.05182389,-0.0060719475,0.0026263557,0.004666239,-0.0020398833,0.0,1.0,1.0,0.0,False,0,0,False,False,False,False,False,False,True,True,0.0039465805,-0.079765216,
5,298,23883,71.0,55.0,127,127,not1_kept,0.016415818,0.036631152,-0.020215334,0.0038100136,0.00087711215,0.0029329006,-16.0,78.0,54.0,-24.0,False,0,0,False,False,False,False,False,False,False,True,-0.004986124,-0.04885086,
5,299,23993,2.0,1.0,195,195,not1_to_rank1,0.05124694,0.050405215,0.0008417256,0.0043631643,0.002635304,0.0017278604,-1.0,1.0,1.0,0.0,False,0,1,False,True,True,True,False,True,True,True,-0.0032729744,-0.03557827,
5,300,24202,1.0,1.0,630,630,rank1_kept,0.057244703,0.047860835,0.009383868,0.002780024,0.0024967343,0.0002832897,0.0,2.0,1.0,-1.0,False,0,0,True,True,True,True,False,False,False,False,-0.0005713476,-0.0084249135,
5,301,24214,12.0,11.0,191,191,not1_kept,0.040051676,0.052824147,-0.012772471,0.0058082156,0.005741667,6.6548586e-05,-1.0,25.0,15.0,-10.0,False,0,0,False,False,False,False,False,False,False,True,-0.000135026,-0.03738518,
5,302,24264,1.0,1.0,493,493,rank1_kept,0.06832083,0.060729794,0.007591039,0.005023062,0.0068247207,-0.0018016584,0.0,1.0,1.0,0.0,False,0,0,False,False,False,True,False,True,True,True,0.0038200975,0.078330874,
5,303,24317,7.0,15.0,999,886,not1_kept,0.036256485,0.044601575,-0.00834509,-0.00011648983,-0.00090256706,0.00078607723,8.0,2.0,3.0,1.0,False,0,0,False,False,False,False,False,False,False,False,0.00608527,-0.13224788,
5,304,24480,39.0,38.0,36,36,not1_kept,0.03459593,0.052877225,-0.018281296,0.0028635114,0.0032886975,-0.000425186,-1.0,4.0,9.0,5.0,False,0,0,False,False,False,True,False,False,False,True,0.00085319934,-0.13502258,
5,305,24517,5.0,9.0,225,23,not1_kept,0.03452153,0.042259295,-0.007737763,-0.0008080527,0.0026838556,-0.0034919083,4.0,7.0,12.0,5.0,False,0,0,False,False,False,False,False,False,True,True,0.009093738,-0.08519742,
5,306,24530,3.0,4.0,652,403,not1_kept,0.0474174,0.04910358,-0.0016861819,0.00078649074,-0.001224529,0.0020110197,1.0,5.0,6.0,1.0,False,0,0,False,False,False,False,False,False,False,True,-0.0012385794,-0.1176516,
5,307,24560,1.0,1.0,272,93,rank1_kept,0.04278378,0.03871681,0.0040669665,0.00310098,0.0036451966,-0.0005442165,0.0,1.0,1.0,0.0,False,0,0,False,False,False,False,False,False,False,True,0.0029589327,-0.006629849,
5,308,24638,2.0,1.0,556,740,not1_to_rank1,0.049771972,0.04917455,0.0005974211,0.0036731772,-0.00066459924,0.0043377765,-1.0,2.0,1.0,-1.0,False,0,1,False,False,False,False,False,False,True,True,0.00025053945,-0.054877587,
5,309,24640,22.0,20.0,848,848,not1_kept,0.027471228,0.042011254,-0.014540026,0.0020082016,0.0024415478,-0.00043334626,-2.0,22.0,24.0,2.0,False,0,0,False,False,False,False,False,False,False,False,0.00076288625,-0.16390748,
5,310,24649,9.0,7.0,5,590,not1_kept,0.037436236,0.051155366,-0.01371913,0.00014808774,0.0048987865,-0.004750699,-2.0,4.0,4.0,0.0,False,0,0,False,False,False,False,False,False,False,False,0.019386366,-0.09701459,
5,311,24739,6.0,4.0,161,859,not1_kept,0.0445062,0.04763554,-0.0031293407,0.00078431517,-0.0008180365,0.0016023517,-2.0,2.0,1.0,-1.0,False,0,0,False,False,True,True,False,False,False,False,-0.00040184776,-0.14531367,
5,312,24740,1.0,2.0,590,590,rank1_to_not1,0.05091587,0.053835206,-0.002919335,0.00089704245,0.0047458075,-0.003848765,1.0,1.0,1.0,0.0,True,1,0,False,False,False,False,False,False,False,False,0.0077677164,-0.0986639,
5,313,24787,1.0,1.0,36,36,rank1_kept,0.04822364,0.040887967,0.007335674,0.008756708,0.0037650727,0.0049916357,0.0,2.0,1.0,-1.0,False,0,0,False,False,False,False,False,False,False,False,-0.009592295,-0.15905955,
5,314,24846,4.0,9.0,39,39,not1_kept,0.036946148,0.05385624,-0.016910091,-0.0038336106,0.0003689155,-0.004202526,5.0,5.0,7.0,2.0,False,0,0,False,False,False,False,True,True,True,True,0.0086677885,-0.08322046,
5,315,25059,87.0,50.0,246,246,not1_kept,0.025553847,0.045544144,-0.019990297,0.0065276287,7.3723495e-05,0.0064539053,-37.0,42.0,28.0,-14.0,False,0,0,False,False,False,False,False,False,False,True,-0.0136585375,-0.05358227,
5,316,25091,3.0,3.0,361,361,not1_kept,0.040814728,0.045694765,-0.004880037,-0.00033629686,-0.00027608871,-6.020814e-05,0.0,16.0,34.0,18.0,False,0,0,False,False,False,False,False,True,True,True,0.000118308235,-0.09077608,
5,317,25111,9.0,10.0,680,680,not1_kept,0.044123128,0.056390546,-0.012267418,0.004830051,0.0040016025,0.0008284487,1.0,10.0,8.0,-2.0,True,0,0,False,False,False,True,False,False,False,True,-0.0017826217,-0.014197631,
5,318,25205,1.0,1.0,903,516,rank1_kept,0.049905047,0.04710535,0.0027996972,0.0057906173,0.007032808,-0.0012421906,0.0,1.0,1.0,0.0,False,0,0,False,False,False,False,False,True,True,True,0.0034740362,0.03764636,
5,319,25250,1.0,1.0,985,985,rank1_kept,0.060029086,0.047335494,0.012693591,-0.0025998242,-0.0013573244,-0.0012424998,0.0,1.0,1.0,0.0,False,0,0,False,False,False,False,False,False,False,True,0.0023374748,-0.12827735,
5,320,25268,1.0,1.0,504,468,rank1_kept,0.049253482,0.0419366,0.0073168837,0.0029690005,0.0015200116,0.0014489889,0.0,2.0,1.0,-1.0,False,0,0,False,False,False,False,False,False,False,False,-7.881923e-05,-0.1411475,
5,321,25284,2.0,1.0,556,556,not1_to_rank1,0.053802434,0.04811352,0.005688913,0.0030500814,-0.005106669,0.00815675,-1.0,1.0,1.0,0.0,False,0,1,False,False,False,False,False,True,True,True,-0.015781654,-0.047457777,
5,322,25287,1.0,1.0,19,19,rank1_kept,0.043657098,0.036932852,0.006724246,0.00022928417,-0.0013547502,0.0015840344,0.0,5.0,7.0,2.0,False,0,0,False,False,False,False,False,False,False,False,-0.0028472005,-0.12700896,
5,323,25318,2.0,2.0,455,455,not1_kept,0.0463468,0.04685248,-0.0005056821,0.002576694,0.0019196011,0.0006570928,0.0,1.0,1.0,0.0,False,0,0,False,False,False,True,False,False,False,False,-0.0013628483,-0.056789964,
5,324,25319,1.0,1.0,417,417,rank1_kept,0.04642447,0.04393121,0.0024932623,-0.0048793852,-0.0034321956,-0.0014471896,0.0,1.0,1.0,0.0,False,0,0,False,False,False,True,False,False,False,False,0.0028247496,-0.17754532,
5,325,25371,2.0,2.0,941,941,not1_kept,0.048679963,0.04898157,-0.00030160695,0.004946016,0.0033501796,0.0015958361,0.0,1.0,1.0,0.0,False,0,0,False,False,True,True,False,False,False,True,-0.002980093,-0.09453759,
5,326,25454,1.0,1.0,754,514,rank1_kept,0.057247847,0.04397643,0.0132714175,0.008433338,0.0040535405,0.0043797977,0.0,1.0,1.0,0.0,False,0,0,False,False,False,True,True,True,True,True,0.007914774,-0.0398242,
5,327,25570,1.0,1.0,125,125,rank1_kept,0.05387659,0.05020459,0.003672,0.0030903183,0.0028972887,0.00019302964,0.0,1.0,1.0,0.0,False,0,0,True,True,True,True,False,False,True,True,-0.00038133073,-0.014987459,
5,328,25578,2.0,3.0,2,2,not1_kept,0.04603961,0.052347638,-0.0063080266,0.00095772743,0.0017378032,-0.0007800758,1.0,2.0,2.0,0.0,True,0,0,False,True,True,True,False,False,False,False,0.0017605475,-0.0706486,
5,329,25581,12.0,26.0,243,11,not1_kept,0.0260822,0.037104048,-0.011021847,-0.0012267716,0.0023820512,-0.0036088228,14.0,25.0,35.0,10.0,False,0,0,False,False,False,False,False,False,False,True,0.011548623,-0.052000836,
5,330,25588,6.0,13.0,590,590,not1_kept,0.03717262,0.044439238,-0.0072666183,0.001544755,-0.000640817,0.002185572,7.0,5.0,5.0,0.0,True,0,0,False,False,False,False,False,False,False,True,-0.0040625306,-0.16112024,
5,331,25602,311.0,208.0,591,591,not1_kept,0.014493652,0.040249716,-0.025756065,0.008697758,0.003682565,0.0050151944,-103.0,487.0,409.0,-78.0,False,0,0,False,False,False,False,False,False,False,False,-0.009467629,-0.09316347,
5,332,25693,3.0,7.0,522,522,not1_kept,0.03861631,0.051520374,-0.012904063,0.0006971657,0.0032581352,-0.0025609694,4.0,10.0,12.0,2.0,False,0,0,False,False,False,False,False,False,False,True,0.0050786873,-0.04051257,
5,333,25702,352.0,328.0,456,456,not1_kept,0.011321176,0.037640918,-0.026319742,0.002900797,0.0020996481,0.00080114976,-24.0,156.0,148.0,-8.0,False,0,0,False,False,False,False,False,False,False,False,-0.0015963311,-0.107729495,
5,334,25711,1.0,1.0,562,159,rank1_kept,0.047844592,0.042081825,0.005762767,0.0039816685,0.0049735717,-0.0009919032,0.0,1.0,1.0,0.0,False,0,0,False,False,False,True,False,False,False,False,0.009506497,-0.050670486,
5,335,25741,7.0,4.0,703,306,not1_kept,0.04092915,0.04637317,-0.00544402,0.0050680228,-0.00062514096,0.0056931637,-3.0,3.0,1.0,-2.0,False,0,0,False,False,False,False,False,False,False,True,-0.0031366772,-0.048429772,
5,336,25746,3.0,1.0,108,108,not1_to_rank1,0.051229086,0.049613297,0.0016157888,0.0048667192,0.0015411861,0.0033255331,-2.0,1.0,1.0,0.0,False,0,1,False,False,False,False,False,True,True,True,-0.0065728165,-0.041274965,
5,337,25881,1.0,1.0,403,403,rank1_kept,0.050483808,0.049700618,0.00078319013,-0.0016623065,-0.000603199,-0.0010591075,0.0,1.0,1.0,0.0,False,0,0,False,False,False,False,False,False,False,False,0.002153135,-0.14809453,
5,338,25906,1.0,2.0,793,793,rank1_to_not1,0.04014063,0.04527461,-0.0051339827,0.00042020902,0.0074221753,-0.0070019662,1.0,1.0,1.0,0.0,True,1,0,False,False,False,False,False,False,False,False,0.011776629,-0.06473537,
5,339,25959,2.0,2.0,163,163,not1_kept,0.045431573,0.05049689,-0.005065318,0.0052853487,0.0051269345,0.00015841424,0.0,3.0,2.0,-1.0,False,0,0,False,False,False,True,False,False,False,True,-0.00032431065,0.015893651,
5,340,26119,15.0,14.0,276,443,not1_kept,0.031436518,0.045416124,-0.013979606,0.0027326625,0.0020440854,0.00068857707,-1.0,8.0,5.0,-3.0,False,0,0,False,False,True,True,False,True,True,True,0.0013213991,-0.053703435,
5,341,26127,1.0,1.0,70,208,rank1_kept,0.050748624,0.04401403,0.0067345947,0.0040519126,0.0025939904,0.0014579222,0.0,2.0,2.0,0.0,False,0,0,False,False,False,False,False,False,False,True,0.0024510617,-0.11928938,
5,342,26163,2.0,3.0,636,636,not1_kept,0.047516093,0.050791647,-0.0032755546,0.008459549,0.004146043,0.004313506,1.0,1.0,1.0,0.0,True,0,0,False,False,False,False,True,True,True,True,-0.008555141,-0.073555574,
5,343,26243,4.0,5.0,964,964,not1_kept,0.04722852,0.057005137,-0.009776618,0.004927192,0.0056953393,-0.0007681474,1.0,1.0,2.0,1.0,False,0,0,False,False,False,True,False,False,False,True,0.0016635006,-0.040077344,
5,344,26292,36.0,32.0,341,341,not1_kept,0.027103808,0.044003107,-0.016899299,0.00068824366,0.0024072528,-0.0017190091,-4.0,11.0,14.0,3.0,False,0,0,False,False,False,True,False,False,False,True,0.0029873024,-0.15316075,
5,345,26307,2.0,2.0,501,501,not1_kept,0.041532937,0.045202017,-0.0036690794,0.0009944662,0.0026677512,-0.0016732849,0.0,1.0,3.0,2.0,False,0,0,False,False,False,False,False,False,False,False,0.0031858592,-0.07593236,
5,346,26351,2.0,2.0,541,674,not1_kept,0.04264673,0.04680328,-0.0041565523,0.0025160871,0.0022334978,0.00028258935,0.0,1.0,1.0,0.0,False,0,0,False,False,True,True,False,False,True,True,0.008813791,-0.028975105,
5,347,26372,11.0,21.0,252,468,not1_kept,0.035361096,0.05037565,-0.015014555,-0.0008773878,0.0052855425,-0.0061629303,10.0,10.0,16.0,6.0,False,0,0,False,False,False,True,False,False,False,False,0.016188966,-0.15942203,
5,348,26435,1.0,1.0,419,419,rank1_kept,0.043443654,0.03739099,0.0060526654,0.0033214614,-0.0018197708,0.005141232,0.0,1.0,1.0,0.0,False,0,0,False,False,True,True,False,False,True,True,-0.01062395,-0.13447459,
5,349,26458,1.0,1.0,191,191,rank1_kept,0.0496354,0.042223454,0.0074119456,0.0010393001,-2.3134053e-05,0.0010624342,0.0,1.0,1.0,0.0,False,0,0,False,False,False,False,False,False,False,False,-0.0019934657,-0.124840975,
5,350,26598,1.0,1.0,625,463,rank1_kept,0.054171536,0.04083663,0.013334908,0.0030232705,0.006080635,-0.0030573644,0.0,1.0,1.0,0.0,False,0,0,False,False,False,True,False,False,False,False,0.006412385,0.025730167,
5,351,26720,1.0,2.0,78,78,rank1_to_not1,0.04749415,0.050962314,-0.0034681633,0.0037529543,0.0074481554,-0.0036952011,1.0,1.0,1.0,0.0,True,1,0,False,False,False,False,False,False,False,False,0.0068389773,-0.11831596,
5,352,26780,8.0,3.0,720,425,not1_kept,0.041977312,0.04414063,-0.002163317,0.0050023086,-0.0017424263,0.006744735,-5.0,3.0,4.0,1.0,False,0,0,False,True,True,True,False,False,False,True,-0.008279973,-0.06814713,
5,353,26895,1.0,1.0,761,761,rank1_kept,0.058061868,0.050159406,0.007902462,0.001008492,-0.00096962973,0.0019781217,0.0,1.0,1.0,0.0,False,0,0,False,False,False,False,False,False,False,False,-0.004243619,-0.16974999,
5,354,26909,24.0,25.0,197,697,not1_kept,0.024028212,0.044105683,-0.02007747,0.002645243,0.005195413,-0.0025501698,1.0,130.0,104.0,-26.0,True,0,0,False,False,False,False,False,True,True,True,0.006529318,-0.031105064,
5,355,26971,20.0,34.0,456,456,not1_kept,0.030482393,0.043744653,-0.013262261,-0.0017567948,0.0007520355,-0.0025088303,14.0,1.0,2.0,1.0,False,0,0,False,False,False,False,False,False,False,True,0.005056119,-0.15757674,
5,356,26990,1.0,1.0,153,153,rank1_kept,0.052772775,0.04898259,0.0037901849,0.0026817545,0.0029094853,-0.00022773072,0.0,3.0,3.0,0.0,False,0,0,False,True,True,True,False,False,False,False,0.0004709178,0.022149546,
5,357,27242,4.0,4.0,777,777,not1_kept,0.04604477,0.05067166,-0.004626889,0.0014647841,0.0040721,-0.0026073158,0.0,3.0,2.0,-1.0,False,0,0,False,False,False,False,False,False,False,False,0.0052240063,-0.065747835,
5,358,27275,1.0,1.0,125,125,rank1_kept,0.048908953,0.04230834,0.006600611,0.00031657517,0.00061798096,-0.0003014058,0.0,1.0,1.0,0.0,False,0,0,False,False,False,False,False,False,False,True,0.0005799108,-0.03544439,
5,359,27287,5.0,4.0,437,437,not1_kept,0.035049472,0.040225323,-0.0051758513,0.0022323206,0.0016424842,0.0005898364,-1.0,1.0,1.0,0.0,False,0,0,False,False,False,False,False,False,True,True,-0.0011868526,-0.035870545,
5,360,27326,1.0,1.0,968,162,rank1_kept,0.047079235,0.044014804,0.0030644313,0.0012379773,0.0061394908,-0.0049015135,0.0,1.0,2.0,1.0,False,0,0,False,False,False,False,False,False,False,True,0.013525474,-0.11456259,
5,361,27435,1.0,1.0,630,765,rank1_kept,0.0640707,0.046252567,0.017818134,6.977469e-05,0.0020315312,-0.0019617565,0.0,1.0,1.0,0.0,False,0,0,False,False,False,False,False,False,False,False,0.005058687,-0.09595904,
5,362,27568,10.0,10.0,691,674,not1_kept,0.03446294,0.039615113,-0.0051521733,0.0037284512,0.0032224618,0.0005059894,0.0,3.0,3.0,0.0,False,0,0,False,False,False,False,False,False,False,False,0.0071235034,0.02881622,
5,363,27580,43.0,54.0,110,94,not1_kept,0.024912233,0.042782456,-0.017870223,-0.0006275736,0.000621371,-0.0012489446,11.0,64.0,105.0,41.0,False,0,0,False,False,False,False,False,False,False,True,0.009618886,-0.05850928,
5,364,27830,2.0,2.0,227,227,not1_kept,0.046865646,0.048842948,-0.0019773021,-0.00052190945,0.0013362542,-0.0018581636,0.0,1.0,1.0,0.0,False,0,0,False,False,False,True,False,False,False,False,0.0036879308,-0.089082904,
5,365,27878,1.0,1.0,98,317,rank1_kept,0.053626027,0.043329168,0.010296859,0.004304949,0.0007953681,0.003509581,0.0,1.0,2.0,1.0,False,0,0,False,True,True,True,True,True,True,True,-0.0024384877,-0.16502172,
5,366,27972,11.0,25.0,162,162,not1_kept,0.02323581,0.04170189,-0.01846608,-0.004961351,0.0041093193,-0.00907067,14.0,7.0,20.0,13.0,False,0,0,False,False,False,False,False,False,False,True,0.017209942,-0.10840005,
5,367,28024,1.0,2.0,175,175,rank1_to_not1,0.047315255,0.048870765,-0.0015555099,0.0015208162,0.0039035864,-0.0023827702,1.0,2.0,1.0,-1.0,True,1,0,False,True,True,True,False,False,True,True,0.0053288243,-0.14255522,
5,368,28068,2.0,1.0,652,652,not1_to_rank1,0.05778489,0.056577608,0.0012072809,0.0032246336,-0.001372993,0.0045976266,-1.0,1.0,1.0,0.0,False,0,1,False,False,False,True,False,True,True,True,-0.009277971,-0.18003455,
5,369,28096,15.0,16.0,715,645,not1_kept,0.03323647,0.04765145,-0.014414981,-0.0014924072,-0.0003946349,-0.0010977723,1.0,1.0,1.0,0.0,True,0,0,False,False,False,True,True,True,True,True,0.008889736,-0.059332956,
5,370,28159,2.0,1.0,889,889,not1_to_rank1,0.048879873,0.04636956,0.002510313,0.0020118058,-0.0029358268,0.0049476326,-1.0,6.0,4.0,-2.0,False,0,1,False,False,True,True,False,True,True,True,-0.008239825,-0.053218454,
5,371,28189,19.0,17.0,706,706,not1_kept,0.03613755,0.049033493,-0.012895942,0.0017279685,-0.0012882352,0.0030162036,-2.0,11.0,14.0,3.0,False,0,0,False,False,False,False,False,False,False,True,-0.006071662,-0.09899853,
5,372,28286,63.0,53.0,778,778,not1_kept,0.014263192,0.03111242,-0.016849227,0.004533327,-0.0018295888,0.006362915,-10.0,296.0,199.0,-97.0,False,0,0,False,False,False,False,False,False,False,False,-0.010548477,-0.18116666,
5,373,28303,1.0,1.0,159,159,rank1_kept,0.04654152,0.044227965,0.0023135543,0.0034718663,0.006162092,-0.0026902258,0.0,1.0,1.0,0.0,False,0,0,False,False,False,False,False,False,False,False,0.0058276253,-0.044295087,
5,374,28319,3.0,2.0,493,493,not1_kept,0.04868385,0.07287535,-0.024191502,0.009443846,0.009551391,-0.000107545406,-1.0,1.0,1.0,0.0,False,0,0,True,True,True,True,False,True,True,True,0.00024489884,0.0007723641,
5,375,28325,1.0,1.0,227,227,rank1_kept,0.058694553,0.046541076,0.0121534765,0.005352158,0.0043890737,0.0009630844,0.0,1.0,1.0,0.0,False,0,0,False,False,False,False,False,False,True,True,-0.0019890917,-0.045367196,
5,376,28341,269.0,232.0,871,405,not1_kept,0.019364445,0.043234512,-0.023870068,0.0018566847,0.00402008,-0.0021633953,-37.0,144.0,194.0,50.0,False,0,0,False,False,False,False,False,False,True,True,0.008574693,-0.0049164724,
5,377,28349,9.0,11.0,947,524,not1_kept,0.040727045,0.054771513,-0.014044467,0.0035759695,0.00839027,-0.0048143007,2.0,8.0,6.0,-2.0,True,0,0,False,False,False,False,False,False,False,False,0.011534014,-0.058259107,
5,378,28418,1.0,1.0,843,426,rank1_kept,0.06040165,0.0544359,0.005965747,0.003887117,0.004880689,-0.0009935722,0.0,1.0,1.0,0.0,False,0,0,False,False,False,True,False,False,False,False,0.014981847,-0.043085255,
5,379,28487,3.0,4.0,719,719,not1_kept,0.03512649,0.0410854,-0.005958911,-0.00027366355,0.00056936964,-0.0008430332,1.0,3.0,4.0,1.0,False,0,0,False,False,False,False,False,True,True,True,0.0016072483,-0.028067835,
5,380,28524,6.0,2.0,990,990,not1_kept,0.049163215,0.055436835,-0.00627362,0.008460533,0.009245317,-0.00078478456,-4.0,1.0,1.0,0.0,False,0,0,False,True,True,True,False,False,True,True,0.001485214,-0.03897352,
5,381,28595,10.0,10.0,148,148,not1_kept,0.031478498,0.041314837,-0.009836338,0.0013771821,-0.0019004159,0.003277598,0.0,4.0,6.0,2.0,False,0,0,False,False,False,True,False,False,False,True,-0.0069767013,-0.040681392,
5,382,28689,18.0,29.0,356,356,not1_kept,0.034051515,0.05648507,-0.022433557,-1.24797225e-05,0.0051701292,-0.005182609,11.0,1.0,3.0,2.0,False,0,0,False,False,False,False,False,False,False,False,0.010094371,-0.12625933,
5,383,28745,3.0,10.0,188,188,not1_kept,0.040776264,0.046249997,-0.005473733,-0.0012461916,0.0026370846,-0.0038832761,7.0,2.0,2.0,0.0,True,0,0,False,False,False,False,False,False,False,False,0.0073518716,-0.15784031,
5,384,28751,1.0,1.0,96,96,rank1_kept,0.059171308,0.05015812,0.009013187,0.0056054518,0.0019851215,0.0036203302,0.0,1.0,1.0,0.0,False,0,0,True,True,True,True,True,True,True,True,-0.008593541,-0.069714636,
5,385,28755,1.0,1.0,531,493,rank1_kept,0.053932417,0.04556939,0.008363027,0.005269807,0.0027671307,0.002502676,0.0,2.0,1.0,-1.0,False,0,0,False,False,False,False,False,False,False,True,0.0057750335,-0.059862893,
5,386,28788,1.0,1.0,19,572,rank1_kept,0.050288513,0.047064427,0.003224086,0.0050336383,0.005729925,-0.00069628656,0.0,1.0,1.0,0.0,False,0,0,False,True,True,True,True,True,True,True,0.005687785,-0.07842739,
5,387,28898,2.0,2.0,754,754,not1_kept,0.046806242,0.05034865,-0.0035424083,0.001590129,0.0022429675,-0.0006528385,0.0,1.0,1.0,0.0,False,0,0,True,True,True,True,True,True,True,True,0.0015689437,-0.09753428,
5,388,28963,2.0,4.0,794,794,not1_kept,0.040442117,0.047536485,-0.0070943683,0.00034552813,0.005933255,-0.005587727,2.0,2.0,2.0,0.0,True,0,0,False,False,False,False,False,False,False,True,0.011367231,-0.09019545,
5,389,29010,244.0,198.0,928,928,not1_kept,0.022256767,0.042462185,-0.020205418,0.0030486993,-0.0013892464,0.004437946,-46.0,20.0,20.0,0.0,False,0,0,False,False,False,False,True,True,True,True,-0.0075864852,-0.13881417,
5,390,29021,1.0,1.0,161,646,rank1_kept,0.048556093,0.040182654,0.008373439,0.0082716495,0.0030102953,0.005261354,0.0,1.0,1.0,0.0,False,0,0,True,True,True,True,False,True,True,True,-0.00474937,-0.10108961,
5,391,29381,2.0,2.0,375,375,not1_kept,0.04958859,0.053577416,-0.003988825,0.0035506971,0.007312268,-0.003761571,0.0,1.0,1.0,0.0,False,0,0,False,False,False,True,False,True,True,True,0.008021267,-0.036989674,
5,392,29568,13.0,39.0,70,70,not1_kept,0.03593792,0.054954264,-0.019016344,-0.0007389076,0.00083643943,-0.001575347,26.0,1.0,1.0,0.0,True,0,0,False,False,False,False,False,False,True,True,0.0032459213,-0.008810206,
5,393,29660,31.0,11.0,827,827,not1_kept,0.029639065,0.038358863,-0.008719798,0.0074499995,0.004062198,0.0033878013,-20.0,29.0,21.0,-8.0,False,0,0,False,False,False,False,False,False,False,True,-0.0063389996,-0.08279514,
5,394,29663,122.0,165.0,43,43,not1_kept,0.018630652,0.04680272,-0.028172066,0.001209056,0.0013535246,-0.00014446862,43.0,105.0,152.0,47.0,False,0,0,False,False,False,True,False,False,False,True,0.00031408598,-0.17682317,
5,395,29680,3.0,2.0,534,534,not1_kept,0.047292806,0.0479999,-0.0007070936,0.0060922354,-0.00011463091,0.0062068664,-1.0,1.0,1.0,0.0,False,0,0,False,False,False,True,False,False,False,True,-0.011762519,-0.09221238,
5,396,29711,1.0,1.0,300,571,rank1_kept,0.05972591,0.05294733,0.006778579,-0.00075787306,-0.002137918,0.001380045,0.0,1.0,1.0,0.0,False,0,0,True,True,True,True,False,False,False,True,-0.0006067019,-0.102399856,
5,397,29837,46.0,68.0,292,61,not1_kept,0.025179677,0.043767545,-0.018587869,0.0017239787,0.0010519773,0.0006720014,22.0,8.0,18.0,10.0,False,0,0,False,False,False,False,False,False,True,True,0.020001102,-0.017017115,
5,398,29886,2.0,2.0,36,36,not1_kept,0.048576165,0.05733937,-0.008763205,0.0069375,0.0071691945,-0.00023169443,0.0,1.0,1.0,0.0,False,0,0,False,False,True,True,False,False,True,True,0.00047033268,-0.016399749,
5,399,29919,1.0,1.0,954,954,rank1_kept,0.055282254,0.05126074,0.004021514,0.0029616132,0.0016619638,0.0012996495,0.0,1.0,1.0,0.0,False,0,0,True,True,True,True,False,False,False,False,-0.002537975,-0.075319245,
5,400,29980,2.0,7.0,246,246,not1_kept,0.039085686,0.0502699,-0.011184216,-0.0026787557,0.0016322136,-0.0043109693,5.0,7.0,7.0,0.0,True,0,0,False,False,False,True,False,False,True,True,0.008764294,-0.03940349,
5,401,30081,25.0,13.0,857,239,not1_kept,0.02698793,0.03434981,-0.0073618796,0.0062283874,0.00060965493,0.0056187324,-12.0,15.0,6.0,-9.0,False,0,0,False,False,False,False,False,False,False,True,-0.00083160744,-0.09995234,
5,402,30373,4.0,31.0,890,457,not1_kept,0.01871311,0.03760144,-0.018888332,-0.00843969,0.0045876317,-0.013027322,27.0,4.0,17.0,13.0,False,0,0,False,False,False,True,False,False,True,True,0.027033325,-0.13291842,
5,403,30395,1.0,1.0,250,250,rank1_kept,0.06533921,0.055826876,0.009512331,0.00090156496,0.0039223656,-0.0030208007,0.0,1.0,1.0,0.0,False,0,0,False,True,True,True,False,False,False,False,0.006147879,-0.15112793,
5,404,30407,98.0,168.0,721,934,not1_kept,0.020947019,0.04513099,-0.024183972,-0.0009967834,0.0022470616,-0.003243845,70.0,25.0,27.0,2.0,False,0,0,False,False,False,False,False,False,False,True,0.028057322,-0.03891315,
5,405,30430,1.0,1.0,80,94,rank1_kept,0.04782712,0.032340072,0.015487049,0.003410995,-0.004389532,0.007800527,0.0,3.0,2.0,-1.0,False,0,0,False,False,False,True,False,True,True,True,-0.007129686,-0.14437234,
5,406,30563,1.0,1.0,582,804,rank1_kept,0.04643857,0.03473039,0.011708181,-0.0050867945,0.0005518496,-0.005638644,0.0,1.0,1.0,0.0,False,0,0,False,False,False,True,False,True,True,True,0.015731692,-0.0392508,
5,407,30601,3.0,3.0,48,48,not1_kept,0.047380004,0.058243122,-0.010863118,0.008604277,0.008935776,-0.00033149868,0.0,1.0,1.0,0.0,False,0,0,False,False,False,True,False,False,False,True,0.00062837615,-0.094783746,
5,408,30632,1.0,1.0,712,765,rank1_kept,0.04610571,0.035407774,0.010697935,0.0015888996,-0.0019312538,0.0035201535,0.0,1.0,1.0,0.0,False,0,0,False,False,False,False,False,False,False,False,-0.0021944945,-0.044946693,
5,409,30672,1.0,1.0,250,250,rank1_kept,0.044332195,0.03921062,0.005121574,-0.0011227578,0.0024999678,-0.0036227256,0.0,1.0,3.0,2.0,False,0,0,False,False,False,True,False,False,False,True,0.0077898786,-0.1840881,
5,410,30674,4.0,5.0,480,480,not1_kept,0.035074215,0.044444807,-0.0093705915,-0.0028011762,0.0015695319,-0.004370708,1.0,4.0,16.0,12.0,False,0,0,False,False,False,False,False,False,False,True,0.008827196,-0.15079701,
5,411,30847,15.0,14.0,125,815,not1_kept,0.034064025,0.040542953,-0.006478928,0.003913272,0.00553032,-0.0016170479,-1.0,28.0,19.0,-9.0,False,0,0,False,False,False,True,False,False,False,False,0.0067080194,-0.077641,
5,412,30856,2.0,8.0,471,471,not1_kept,0.038888644,0.045309056,-0.006420411,0.0003754571,0.004107233,-0.003731776,6.0,3.0,3.0,0.0,True,0,0,False,False,False,False,False,False,False,True,0.007568448,-0.06030659,
5,413,30887,3.0,1.0,777,777,not1_to_rank1,0.050432682,0.04969921,0.0007334724,0.0077808388,0.0016717725,0.0061090663,-2.0,3.0,1.0,-2.0,False,0,1,False,False,False,False,False,False,True,True,-0.012093291,-0.035493456,
5,414,30922,1.0,1.0,70,70,rank1_kept,0.04520403,0.04279112,0.0024129078,0.0025561973,0.0053879395,-0.0028317422,0.0,8.0,5.0,-3.0,False,0,0,False,False,False,False,False,False,False,False,0.005098984,-0.003722555,
5,415,30935,1.0,1.0,357,847,rank1_kept,0.053698987,0.041677516,0.012021471,-0.0013538897,-0.0026398823,0.0012859926,0.0,1.0,1.0,0.0,False,0,0,False,True,True,True,False,True,True,True,-0.0017851405,-0.13985011,
5,416,30954,5.0,4.0,188,188,not1_kept,0.04274358,0.044662844,-0.0019192658,0.0053991526,0.00058819354,0.004810959,-1.0,1.0,1.0,0.0,False,0,0,False,False,False,False,False,False,False,False,-0.009971742,-0.16195731,
5,417,31028,2.0,3.0,227,227,not1_kept,0.041857325,0.055545457,-0.013688132,0.0011546388,0.0069517046,-0.005797066,1.0,24.0,27.0,3.0,False,0,0,False,False,False,True,False,False,False,True,0.011452278,-0.07222303,
5,418,31049,1.0,2.0,778,538,rank1_to_not1,0.0410278,0.041701462,-0.0006736629,-0.0023763552,0.0005230047,-0.00289936,1.0,1.0,1.0,0.0,True,1,0,False,False,False,False,False,False,True,True,0.012600914,-0.12357348,
5,419,31064,1.0,1.0,590,590,rank1_kept,0.050208885,0.04426256,0.005946327,0.0043018423,0.0070350356,-0.0027331933,0.0,1.0,1.0,0.0,False,0,0,False,False,True,True,False,False,False,False,0.0057539954,-0.11301764,
5,420,31123,1.0,1.0,984,322,rank1_kept,0.042697903,0.037290674,0.005407229,0.0063587204,0.0011783317,0.0051803887,0.0,1.0,1.0,0.0,False,0,0,False,False,False,True,False,False,True,True,-0.0036211913,-0.07482047,
5,421,31233,1.0,1.0,61,410,rank1_kept,0.05118785,0.044609338,0.0065785125,0.004062768,0.0016480982,0.0024146698,0.0,2.0,1.0,-1.0,False,0,0,False,False,False,False,False,False,False,True,0.0016217937,-0.18016459,
5,422,31349,10.0,6.0,698,178,not1_kept,0.03759866,0.046510734,-0.008912075,0.0025901683,0.0003503561,0.0022398122,-4.0,1.0,1.0,0.0,False,0,0,False,False,False,False,False,False,False,False,0.0073114675,-0.0845045,
5,423,31446,13.0,20.0,715,715,not1_kept,0.028224308,0.04650673,-0.018282421,-0.00085055456,0.0020749792,-0.0029255338,7.0,3.0,7.0,4.0,False,0,0,False,False,False,True,False,False,True,True,0.005044828,-0.064345814,
5,424,31659,22.0,16.0,163,163,not1_kept,0.03670492,0.048452802,-0.011747882,0.0027365126,0.0050130263,-0.0022765137,-6.0,1.0,1.0,0.0,False,0,0,False,False,False,False,False,False,False,True,0.0046189846,-0.03405993,
5,425,31747,2.0,2.0,968,968,not1_kept,0.048683677,0.051851828,-0.0031681508,0.002826549,0.002488818,0.0003377311,0.0,1.0,1.0,0.0,False,0,0,True,True,True,True,False,False,False,True,-0.00066553627,-0.10231092,
5,426,31782,1.0,1.0,493,493,rank1_kept,0.061268963,0.04909977,0.0121691935,0.008577365,0.004745491,0.0038318746,0.0,1.0,1.0,0.0,False,0,0,False,False,False,False,False,False,False,True,-0.007729314,-0.022371853,
5,427,31801,8.0,5.0,163,163,not1_kept,0.041693978,0.047814865,-0.0061208867,0.0038532726,0.0014787391,0.0023745336,-3.0,1.0,1.0,0.0,False,0,0,False,False,False,False,False,False,False,False,-0.0045601847,-0.070019566,
5,428,31837,2.0,2.0,19,19,not1_kept,0.051601008,0.05292362,-0.0013226122,-0.0024080537,-0.002587568,0.00017951429,0.0,1.0,1.0,0.0,False,0,0,False,False,True,True,False,False,False,True,-0.00035208836,-0.12247242,
5,429,31936,4.0,3.0,182,182,not1_kept,0.04412242,0.05854447,-0.014422052,0.0027586855,-0.0025512353,0.0053099208,-1.0,1.0,2.0,1.0,False,0,0,False,False,True,True,False,False,False,True,-0.009928635,-0.109967664,
5,430,31964,1.0,1.0,15,15,rank1_kept,0.05434921,0.045757156,0.008592054,0.0034690872,-0.00281547,0.0062845573,0.0,1.0,1.0,0.0,False,0,0,False,False,True,True,False,True,True,True,-0.013007095,-0.018241879,
5,431,32053,2.0,6.0,523,523,not1_kept,0.040394556,0.055458803,-0.015064247,-0.0035058446,-0.004243944,0.0007380992,4.0,2.0,1.0,-1.0,True,0,0,False,False,False,True,False,False,False,True,-0.0015184693,-0.13378903,
5,432,32232,4.0,6.0,311,777,not1_kept,0.034202006,0.039059125,-0.004857119,-0.003949821,-0.0031862184,-0.00076360255,2.0,1.0,3.0,2.0,False,0,0,False,False,False,False,False,False,False,False,0.002066351,-0.103965476,
5,433,32303,1.0,6.0,265,265,rank1_to_not1,0.036491845,0.03856518,-0.0020733364,0.0003355518,0.0027426034,-0.0024070516,5.0,1.0,1.0,0.0,True,1,0,False,False,False,False,False,False,False,False,0.0051040472,-0.08155274,
5,434,32307,3.0,3.0,100,100,not1_kept,0.044083282,0.0484602,-0.004376918,0.0008494854,0.0017084219,-0.00085893646,0.0,2.0,2.0,0.0,False,0,0,False,True,True,True,False,False,True,True,0.0016815115,-0.059937194,
5,435,32625,1.0,1.0,855,660,rank1_kept,0.040080454,0.03442554,0.0056549124,-0.0016969368,0.0017295219,-0.0034264587,0.0,1.0,4.0,3.0,False,0,0,False,False,False,True,False,False,False,True,0.008091152,-0.10266688,
5,436,32643,37.0,36.0,522,522,not1_kept,0.036890652,0.050840944,-0.013950292,0.0020404086,0.0020373613,3.0472875e-06,-1.0,3.0,3.0,0.0,False,0,0,False,False,False,False,False,True,True,True,-5.905982e-06,-0.15631202,
5,437,32716,1.0,1.0,805,805,rank1_kept,0.058695305,0.05370136,0.0049939454,0.0020733029,0.004111495,-0.002038192,0.0,1.0,1.0,0.0,False,0,0,False,False,False,False,False,False,True,True,0.003907204,-0.0941253,
5,438,32771,39.0,101.0,910,663,not1_kept,0.01989741,0.045522757,-0.025625346,-0.0040571857,0.004807472,-0.008864658,62.0,7.0,14.0,7.0,False,0,0,False,False,False,True,False,False,False,False,0.018708937,-0.14645994,
5,439,32772,33.0,53.0,699,699,not1_kept,0.020062495,0.042602085,-0.02253959,-0.00097583793,0.001153063,-0.002128901,20.0,46.0,67.0,21.0,False,0,0,False,False,False,False,False,False,False,True,0.0037167198,-0.0580355,
5,440,32857,4.0,3.0,246,162,not1_kept,0.04095833,0.042450715,-0.0014923848,0.0025531165,0.0012487322,0.0013043843,-1.0,1.0,2.0,1.0,False,0,0,False,False,False,False,False,False,False,True,0.0005065182,-0.0872704,
5,441,32891,7.0,14.0,478,478,not1_kept,0.029625015,0.03910372,-0.009478705,0.00034837052,0.0047963113,-0.0044479407,7.0,4.0,4.0,0.0,True,0,0,True,True,True,True,False,False,True,True,0.009541257,-0.029476425,
5,442,32910,10.0,7.0,127,928,not1_kept,0.040083934,0.045692828,-0.005608894,0.0070083737,0.0036164634,0.0033919103,-3.0,41.0,22.0,-19.0,False,0,0,False,False,False,True,False,False,True,True,-0.0047039767,-0.0035848466,
5,443,33131,2.0,2.0,434,434,not1_kept,0.04941845,0.05534993,-0.0059314817,0.003171157,0.0010886379,0.0020825192,0.0,2.0,1.0,-1.0,False,0,0,False,True,True,True,False,True,True,True,-0.00395979,-0.08483145,
5,444,33171,11.0,1.0,319,769,not1_to_rank1,0.04096741,0.037663277,0.0033041313,0.011404304,0.003298629,0.008105675,-10.0,8.0,4.0,-4.0,False,0,1,False,True,True,True,False,True,True,True,-0.0015330543,-0.13356017,
5,445,33189,3.0,4.0,577,577,not1_kept,0.044999313,0.05405418,-0.009054866,0.0018518455,0.0045519397,-0.0027000941,1.0,8.0,6.0,-2.0,True,0,0,False,False,False,False,False,False,False,False,0.0051698764,-0.0374294,
5,446,33245,7.0,9.0,182,182,not1_kept,0.041112285,0.05818404,-0.017071754,0.0014678426,0.0014361441,3.1698495e-05,2.0,5.0,3.0,-2.0,True,0,0,False,False,False,False,False,False,False,False,-6.2891515e-05,-0.08160965,
5,447,33289,4.0,6.0,712,712,not1_kept,0.04379481,0.04984034,-0.0060455278,0.00062114,0.0010109581,-0.0003898181,2.0,8.0,7.0,-1.0,True,0,0,False,False,False,True,False,False,False,True,0.0007933121,-0.0836561,
5,448,33521,3.0,4.0,736,190,not1_kept,0.041338976,0.046230745,-0.004891768,0.0037826672,0.0020853654,0.0016973019,1.0,2.0,2.0,0.0,True,0,0,False,False,False,False,False,False,False,False,0.009876995,-0.0049690586,
5,449,33543,5.0,6.0,793,793,not1_kept,0.04297472,0.047710948,-0.004736226,-0.00071590394,-0.0023580864,0.0016421825,1.0,1.0,1.0,0.0,True,0,0,False,False,False,True,False,False,False,True,-0.003274754,-0.11854237,
5,450,33752,12.0,16.0,486,486,not1_kept,0.02364383,0.032439142,-0.008795312,0.0010428019,-0.00017795339,0.0012207553,4.0,63.0,68.0,5.0,False,0,0,False,False,False,False,False,False,False,False,-0.0021834015,-0.13514636,
5,451,33813,3.0,4.0,414,414,not1_kept,0.039693117,0.048097372,-0.008404255,-0.0017802194,0.0018260442,-0.0036062635,1.0,1.0,1.0,0.0,True,0,0,True,True,True,True,False,False,False,False,0.006932608,-0.102902554,
5,452,33906,5.0,9.0,652,964,not1_kept,0.037091084,0.05047651,-0.013385426,-0.00078262016,0.0088103,-0.009592921,4.0,1.0,3.0,2.0,False,0,0,True,True,True,True,False,False,True,True,0.025068786,-0.0026351134,
5,453,34068,5.0,5.0,514,514,not1_kept,0.037186146,0.044420302,-0.007234156,0.004820153,0.0036752373,0.0011449158,0.0,2.0,2.0,0.0,False,0,0,False,False,False,False,False,True,True,True,-0.0022090112,-0.035534583,
5,454,34080,1.0,1.0,166,923,rank1_kept,0.046307057,0.044387452,0.0019196048,0.00093822926,0.004435882,-0.0034976527,0.0,1.0,1.0,0.0,False,0,0,False,True,True,True,False,False,False,False,0.008414029,-0.06812609,
5,455,34089,1.0,4.0,872,551,rank1_to_not1,0.04861153,0.050548516,-0.001936987,-0.0014812723,0.003939979,-0.005421251,3.0,1.0,1.0,0.0,True,1,0,False,True,True,True,False,True,True,True,0.019052576,-0.009781381,
5,456,34126,1.0,1.0,577,577,rank1_kept,0.06059018,0.041643918,0.018946264,0.0013632253,0.00036728382,0.0009959415,0.0,1.0,1.0,0.0,False,0,0,False,False,False,False,False,False,False,False,-0.0021556634,-0.07215782,
5,457,34186,5.0,6.0,19,19,not1_kept,0.03665757,0.048678033,-0.012020461,-0.00079444796,-0.0013027377,0.0005082898,1.0,8.0,11.0,3.0,False,0,0,False,False,False,True,False,True,True,True,-0.00092398433,-0.07714847,
5,458,34238,1.0,1.0,714,714,rank1_kept,0.052199863,0.042662993,0.00953687,0.0051724613,0.0015986674,0.003573794,0.0,1.0,1.0,0.0,False,0,0,False,False,False,False,False,False,False,True,-0.007089789,-0.0027815492,
5,459,34418,178.0,147.0,593,118,not1_kept,0.027756112,0.05289846,-0.025142347,0.0040669143,0.0058066584,-0.0017397441,-31.0,7.0,11.0,4.0,False,0,0,False,False,False,False,False,False,False,True,0.007792401,-0.0124286385,
5,460,34603,1.0,1.0,862,862,rank1_kept,0.045724344,0.042699873,0.00302447,0.0047045834,0.0049098246,-0.00020524114,0.0,13.0,14.0,1.0,False,0,0,False,False,True,True,False,False,False,False,0.00043624995,-0.10258063,
5,461,34751,1.0,1.0,765,614,rank1_kept,0.0624667,0.05182212,0.010644581,-0.00063279644,0.0004079193,-0.0010407157,0.0,1.0,1.0,0.0,False,0,0,False,False,False,True,False,True,True,True,0.011310665,-0.0044539403,
5,462,34829,18.0,25.0,163,162,not1_kept,0.038020488,0.05057144,-0.012550954,0.0040810443,0.007357236,-0.0032761917,7.0,2.0,3.0,1.0,False,0,0,False,False,False,False,False,True,True,True,0.008402854,0.034292296,
5,463,34845,1.0,1.0,976,976,rank1_kept,0.050367426,0.047154114,0.0032133125,0.0030967593,0.0027203634,0.00037639588,0.0,1.0,1.0,0.0,False,0,0,False,False,False,False,True,True,True,True,-0.0007378509,-0.06477394,
5,464,34850,1.0,2.0,48,208,rank1_to_not1,0.039775867,0.04522203,-0.005446162,0.0050853416,0.010691408,-0.0056060664,1.0,7.0,2.0,-5.0,True,1,0,False,False,True,True,False,False,False,True,0.02074816,0.019523373,
5,465,34874,10.0,9.0,652,652,not1_kept,0.03606479,0.043208063,-0.007143274,0.0010667406,-0.0023090206,0.0033757612,-1.0,1.0,1.0,0.0,False,0,0,False,False,False,False,False,False,False,False,-0.006514634,-0.14305317,
5,466,34975,13.0,8.0,471,471,not1_kept,0.03949943,0.04899333,-0.009493899,0.007862467,0.0016308501,0.006231617,-5.0,8.0,9.0,1.0,False,0,0,False,True,True,True,False,False,False,True,-0.014867731,-0.09261419,
5,467,35094,18.0,20.0,590,997,not1_kept,0.032706194,0.0434911,-0.010784905,0.007235907,0.006976161,0.00025974587,2.0,44.0,28.0,-16.0,True,0,0,False,False,False,False,False,False,False,False,0.0057993275,-0.079688884,
5,468,35129,2.0,2.0,523,523,not1_kept,0.046045333,0.04918174,-0.0031364076,0.0014135577,0.001139842,0.0002737157,0.0,5.0,14.0,9.0,False,0,0,False,False,False,False,False,False,False,False,-0.00056872994,-0.031496797,
5,469,35743,1.0,4.0,486,343,rank1_to_not1,0.046527144,0.048226587,-0.0016994439,-0.00040958077,0.0052004494,-0.00561003,3.0,1.0,1.0,0.0,True,1,0,False,False,False,False,False,False,False,False,0.017865393,0.019976957,
5,470,35752,1.0,1.0,172,213,rank1_kept,0.044135664,0.038357615,0.005778048,0.006266076,0.0022093728,0.0040567033,0.0,4.0,2.0,-2.0,False,0,0,False,True,True,True,False,True,True,True,0.007194589,0.013213128,
5,471,35790,1.0,1.0,794,794,rank1_kept,0.061138876,0.05381576,0.007323116,0.0053604655,0.006179787,-0.0008193217,0.0,1.0,1.0,0.0,False,0,0,True,True,True,True,False,False,False,True,0.0019012713,-0.06308499,
5,472,35798,1.0,1.0,680,680,rank1_kept,0.053061966,0.047943678,0.005118288,0.005770333,0.003779348,0.0019909851,0.0,1.0,1.0,0.0,False,0,0,False,False,False,True,False,True,True,True,-0.003672324,-0.054130293,
5,473,35986,1.0,1.0,12,559,rank1_kept,0.059044916,0.037063446,0.02198147,0.00054559484,0.00040235743,0.00014323741,0.0,1.0,1.0,0.0,False,0,0,False,False,False,True,False,False,False,True,0.013378447,-0.048124738,
5,474,36067,3.0,2.0,941,316,not1_kept,0.039826166,0.04078824,-0.00096207485,0.0032183677,0.0017888919,0.0014294758,-1.0,1.0,1.0,0.0,False,0,0,False,False,False,False,False,False,False,False,-0.0008381768,-0.17002685,
5,475,36258,3.0,5.0,674,674,not1_kept,0.04548298,0.051749818,-0.00626684,0.0010529906,0.0041762814,-0.0031232908,2.0,1.0,1.0,0.0,True,0,0,False,False,False,False,False,False,False,False,0.006092494,-0.06733152,
5,476,36476,72.0,84.0,567,567,not1_kept,0.02562178,0.04669156,-0.02106978,0.0012944303,0.0027462393,-0.001451809,12.0,16.0,21.0,5.0,False,0,0,False,False,True,True,False,False,True,True,0.0027769809,-0.20305905,
5,477,36569,1.0,1.0,316,316,rank1_kept,0.0555233,0.05374907,0.0017742291,0.0044766776,0.0028927177,0.0015839599,0.0,1.0,1.0,0.0,False,0,0,False,False,False,True,False,False,False,False,-0.0030422662,-0.11699244,
5,478,36576,33.0,23.0,812,812,not1_kept,0.023092672,0.03405329,-0.010960616,0.0044069085,-0.00221584,0.0066227484,-10.0,44.0,29.0,-15.0,False,0,0,False,False,False,True,False,False,False,False,-0.012519139,-0.14249246,
5,479,36623,1.0,2.0,426,426,rank1_to_not1,0.0528984,0.053613704,-0.00071530417,0.0019642226,0.006824523,-0.0048603006,1.0,1.0,1.0,0.0,True,1,0,False,False,False,True,False,False,True,True,0.010460979,0.0029923867,
5,480,36629,1.0,1.0,191,191,rank1_kept,0.045371477,0.035549,0.009822477,0.0073142126,0.005304016,0.0020101964,0.0,12.0,3.0,-9.0,False,0,0,False,False,False,False,False,False,False,True,-0.003767133,-0.11416528,
5,481,36682,1.0,1.0,541,316,rank1_kept,0.051797643,0.04926109,0.002536554,0.0037723184,0.0062094554,-0.002437137,0.0,1.0,1.0,0.0,False,0,0,False,False,False,True,False,False,False,False,0.004541824,-0.15648954,
5,482,36731,2.0,1.0,541,541,not1_to_rank1,0.047117475,0.045861736,0.0012557395,0.004801307,0.0012978055,0.0035035014,-1.0,1.0,1.0,0.0,False,0,1,False,False,False,False,True,True,True,True,-0.0075065317,-0.15373532,
5,483,36759,2.0,2.0,636,493,not1_kept,0.052121047,0.054242007,-0.0021209605,0.004608091,0.006444875,-0.0018367842,0.0,1.0,1.0,0.0,False,0,0,False,False,False,True,False,False,False,True,0.0077229287,0.044051945,
5,484,36910,1.0,1.0,250,250,rank1_kept,0.058330446,0.051335182,0.0069952644,0.0057810694,0.0032191277,0.0025619417,0.0,1.0,1.0,0.0,False,0,0,False,False,False,True,False,True,True,True,-0.0054079704,-0.10646888,
5,485,36945,1.0,1.0,674,674,rank1_kept,0.05495265,0.042665783,0.012286868,0.0016492009,0.003522221,-0.0018730201,0.0,1.0,1.0,0.0,False,0,0,False,False,False,False,False,False,False,False,0.0036811358,-0.03650035,
5,486,36974,1.0,1.0,544,544,rank1_kept,0.054228693,0.0387086,0.015520092,-5.5246055e-06,-0.0005482212,0.00054269657,0.0,1.0,1.0,0.0,False,0,0,False,False,True,True,False,False,False,True,-0.0010457501,-0.08553025,
5,487,36978,6.0,6.0,322,322,not1_kept,0.038343325,0.0510708,-0.012727473,0.0006444268,0.0061495975,-0.0055051707,0.0,5.0,7.0,2.0,False,0,0,False,False,False,True,False,False,False,True,0.009722804,-0.024082098,
5,488,37059,3.0,3.0,216,48,not1_kept,0.047903493,0.048800685,-0.00089719146,0.006323643,0.0036468022,0.0026768409,0.0,4.0,2.0,-2.0,False,0,0,False,True,True,True,False,False,False,False,-0.001859775,-0.057752836,
5,489,37221,6.0,6.0,414,827,not1_kept,0.04127273,0.047127057,-0.005854327,0.001865454,0.001954075,-8.862093e-05,0.0,1.0,1.0,0.0,False,0,0,False,False,False,False,False,False,False,False,0.0018802661,-0.15469824,
5,490,37224,1.0,1.0,125,125,rank1_kept,0.042332266,0.040317193,0.0020150729,0.004362479,0.003181465,0.0011810139,0.0,4.0,3.0,-1.0,False,0,0,False,False,False,False,True,True,True,True,-0.002234129,-0.092240065,
5,491,37436,2.0,20.0,999,999,not1_kept,0.031854786,0.050251156,-0.01839637,-0.0070528425,0.0016363002,-0.008689143,18.0,5.0,11.0,6.0,False,0,0,False,False,False,False,False,False,False,True,0.015954636,0.07658323,
5,492,37494,8.0,1.0,316,955,not1_to_rank1,0.040666435,0.039183136,0.0014832988,0.011784038,0.0016694628,0.010114575,-7.0,9.0,4.0,-5.0,False,0,1,False,False,False,False,False,False,False,True,-0.008674842,-0.12043563,
5,493,37608,1.0,1.0,64,64,rank1_kept,0.07549044,0.05576468,0.019725759,0.0044084564,0.0040145144,0.000393942,0.0,1.0,1.0,0.0,False,0,0,False,True,True,True,False,False,True,True,-0.0008715025,-0.14650247,
5,494,37736,60.0,36.0,48,48,not1_kept,0.03249882,0.05148275,-0.018983927,0.005654812,0.004117448,0.001537364,-24.0,8.0,7.0,-1.0,False,0,0,False,False,False,False,False,False,True,True,-0.0027194624,-0.13902208,
5,495,37801,1.0,1.0,625,90,rank1_kept,0.049491942,0.04252185,0.0069700927,-0.0029063448,-0.00036419928,-0.0025421456,0.0,1.0,1.0,0.0,False,0,0,False,False,False,True,False,False,False,True,0.008790181,-0.0503854,
5,496,37927,2.0,3.0,590,590,not1_kept,0.038301487,0.039395873,-0.001094386,0.004403293,0.0033251084,0.0010781847,1.0,2.0,3.0,1.0,False,0,0,False,False,False,True,False,False,False,False,-0.0022303977,-0.105458684,
5,497,38022,2.0,5.0,250,250,not1_kept,0.04021271,0.047358897,-0.007146187,-0.0012048967,0.0025638044,-0.003768701,3.0,1.0,1.0,0.0,True,0,0,False,False,False,True,False,True,True,True,0.007419299,-0.16856316,
5,498,38025,30.0,21.0,777,777,not1_kept,0.035379313,0.052952584,-0.017573271,0.0026634373,-0.0010490753,0.0037125126,-9.0,2.0,1.0,-1.0,False,0,0,False,False,False,False,False,False,True,True,-0.007583645,-0.09685148,
5,499,38060,1.0,2.0,250,250,rank1_to_not1,0.05041022,0.052392025,-0.001981806,-0.0017301403,0.0050524846,-0.006782625,1.0,2.0,4.0,2.0,False,1,0,False,False,False,False,False,True,True,True,0.013489691,-0.08814487,
5,500,38246,1.0,2.0,680,680,rank1_to_not1,0.052697144,0.052759636,-6.2491745e-05,0.0018769652,0.005966127,-0.0040891618,1.0,1.0,1.0,0.0,True,1,0,False,False,False,True,False,False,False,False,0.0080662845,-0.04702709,
5,501,38278,1.0,1.0,903,731,rank1_kept,0.04638988,0.039414708,0.006975174,-0.0035808086,-0.0003618598,-0.0032189488,0.0,1.0,2.0,1.0,False,0,0,False,False,False,True,False,False,False,False,0.019540815,-0.06810211,
5,502,38297,13.0,11.0,403,48,not1_kept,0.04014549,0.04986497,-0.00971948,0.0048464984,0.0062634237,-0.0014169253,-2.0,1.0,1.0,0.0,False,0,0,False,False,True,True,False,False,False,True,0.0046076486,-0.01932723,
5,503,38310,1.0,2.0,652,191,rank1_to_not1,0.043832563,0.04477935,-0.00094678625,0.0021108724,0.004886795,-0.0027759224,1.0,2.0,1.0,-1.0,True,1,0,False,False,False,False,False,False,False,False,0.008432915,-0.1273353,
5,504,38358,1.0,1.0,714,714,rank1_kept,0.064603634,0.056202315,0.008401319,0.0022260286,0.0015862733,0.0006397553,0.0,1.0,1.0,0.0,False,0,0,False,False,False,True,False,True,True,True,-0.0013737713,-0.14988142,
5,505,38483,32.0,42.0,227,227,not1_kept,0.029358307,0.040337544,-0.010979237,2.3869798e-05,-0.00062122196,0.00064509176,10.0,9.0,12.0,3.0,False,0,0,False,False,False,False,False,False,False,False,-0.0012651363,-0.115158774,
5,506,38486,1.0,1.0,977,796,rank1_kept,0.04157629,0.0374232,0.0041530877,-0.005078152,0.0021065809,-0.0071847327,0.0,1.0,1.0,0.0,False,0,0,False,False,False,True,False,False,False,True,0.01630414,-0.11846023,
5,507,38494,1.0,1.0,16,16,rank1_kept,0.049707405,0.042829055,0.00687835,-0.0008360483,-0.002158288,0.0013222396,0.0,1.0,1.0,0.0,False,0,0,True,True,True,True,True,True,True,True,-0.0029807552,-0.101462014,
5,508,38641,15.0,22.0,78,78,not1_kept,0.034592584,0.051835462,-0.017242879,-0.00071142614,0.0045007467,-0.005212173,7.0,3.0,3.0,0.0,True,0,0,False,False,False,True,False,True,True,True,0.009101745,-0.018856572,
5,509,38794,1.0,1.0,818,818,rank1_kept,0.05253007,0.049476977,0.0030530915,0.0062424317,0.0050917044,0.0011507273,0.0,2.0,1.0,-1.0,False,0,0,False,False,False,True,False,False,False,False,-0.0024446251,-0.058130413,
5,510,38817,1.0,1.0,403,250,rank1_kept,0.04877407,0.03921688,0.009557191,-0.0025054999,0.0034811348,-0.0059866346,0.0,1.0,1.0,0.0,False,0,0,False,False,False,False,False,False,False,False,0.012876754,-0.103029594,
5,511,38829,7.0,7.0,828,828,not1_kept,0.042938925,0.05357408,-0.010635156,-9.8742545e-05,0.0038203672,-0.0039191097,0.0,1.0,1.0,0.0,False,0,0,False,False,False,True,False,False,False,True,0.0074907695,-0.01559953,
5,512,38853,1.0,1.0,403,403,rank1_kept,0.05879267,0.050541542,0.008251127,0.0014644451,0.0040100478,-0.0025456026,0.0,1.0,1.0,0.0,False,0,0,False,False,False,False,False,False,False,False,0.004905624,-0.15253644,
5,513,38978,8.0,17.0,447,447,not1_kept,0.03014561,0.043246802,-0.013101192,-0.0005052071,9.24021e-05,-0.0005976092,9.0,2.0,2.0,0.0,True,0,0,False,False,False,False,False,False,False,False,0.0009946323,-0.123790905,
5,514,39047,1.0,1.0,983,885,rank1_kept,0.060264364,0.047488302,0.012776062,0.00932562,0.007997144,0.0013284758,0.0,1.0,1.0,0.0,False,0,0,True,True,True,True,False,False,False,True,0.0013064087,-0.098726645,
5,515,39058,9.0,27.0,889,306,not1_kept,0.037265725,0.049456652,-0.012190927,0.0006544888,0.005576536,-0.0049220473,18.0,7.0,3.0,-4.0,True,0,0,False,False,False,False,False,False,False,False,0.014362372,-0.0972102,
5,516,39095,1.0,1.0,191,191,rank1_kept,0.0627456,0.050881464,0.011864137,0.008264311,0.0024143606,0.00584995,0.0,1.0,1.0,0.0,False,0,0,False,False,False,False,False,False,False,False,-0.011566979,-0.1473738,
5,517,39289,151.0,181.0,715,715,not1_kept,0.0192201,0.05232502,-0.03310492,-0.0008435752,0.0018208735,-0.0026644468,30.0,48.0,95.0,47.0,False,0,0,False,False,False,False,False,True,True,True,0.004546906,-0.18168671,
5,518,39298,1.0,1.0,999,999,rank1_kept,0.052681237,0.04349714,0.009184096,-0.0052479357,0.0052607507,-0.010508686,0.0,1.0,1.0,0.0,False,0,0,False,False,False,False,False,False,False,False,0.021012105,0.01640843,
5,519,39369,1.0,1.0,93,93,rank1_kept,0.046414115,0.043021083,0.0033930317,-0.0014839955,0.0028958768,-0.004379872,0.0,1.0,1.0,0.0,False,0,0,False,False,False,True,False,False,False,True,0.008973837,-0.080759645,
5,520,39402,1.0,1.0,65,322,rank1_kept,0.042001825,0.03817226,0.003829565,-0.0008352883,-0.0029407293,0.002105441,0.0,3.0,3.0,0.0,False,0,0,False,False,False,False,False,False,False,False,0.008242084,-0.051583048,
5,521,39509,1.0,3.0,927,865,rank1_to_not1,0.04764233,0.04846701,-0.0008246787,0.0015947782,0.0026053824,-0.0010106042,2.0,1.0,1.0,0.0,True,1,0,False,False,False,False,False,False,False,False,0.019420713,-0.071581565,
5,522,39547,1.0,1.0,911,365,rank1_kept,0.046779256,0.045093477,0.0016857795,0.0029177777,0.0034715384,-0.0005537607,0.0,6.0,6.0,0.0,False,0,0,False,False,False,True,False,False,False,True,0.007720637,-0.14362483,
5,523,39553,1.0,1.0,954,621,rank1_kept,0.05430665,0.053628925,0.00067772344,-0.0031992458,0.0076470934,-0.010846339,0.0,2.0,3.0,1.0,False,0,0,False,False,False,False,False,False,False,False,0.02250742,-0.062146056,
5,524,39841,1.0,1.0,227,227,rank1_kept,0.0564711,0.052512538,0.0039585605,0.0046644993,0.0029006638,0.0017638355,0.0,2.0,1.0,-1.0,False,0,0,False,False,False,True,False,False,False,False,-0.0034955097,-0.12159023,
5,525,39997,1.0,1.0,801,375,rank1_kept,0.051727604,0.048927713,0.002799891,0.0027726516,0.0044015422,-0.0016288906,0.0,1.0,1.0,0.0,False,0,0,False,False,False,True,False,False,True,True,0.0044706855,0.0522974,
5,526,40153,1.0,1.0,11,426,rank1_kept,0.055456102,0.055043243,0.00041285902,0.0010000728,0.00175298,-0.00075290725,0.0,1.0,1.0,0.0,False,0,0,False,False,False,True,False,False,False,True,0.011453455,-0.06306979,
5,527,40235,6.0,8.0,765,765,not1_kept,0.033350956,0.03978769,-0.0064367354,-0.0024055466,-0.0045372434,0.0021316968,2.0,4.0,8.0,4.0,False,0,0,False,False,False,False,False,False,False,True,-0.0042860955,-0.19278137,
5,528,40423,1.0,1.0,455,463,rank1_kept,0.050949663,0.039479643,0.01147002,0.004123479,-0.0005264059,0.004649885,0.0,1.0,1.0,0.0,False,0,0,False,False,False,False,False,False,False,False,0.015871918,0.008319929,
5,529,40548,2.0,1.0,743,743,not1_to_rank1,0.05224698,0.051958755,0.0002882257,0.002159249,0.00085542724,0.0013038218,-1.0,1.0,1.0,0.0,False,0,1,False,False,False,True,False,False,False,False,-0.0026341993,-0.17865561,
5,530,40575,1.0,1.0,794,748,rank1_kept,0.053182933,0.038379747,0.014803186,-0.0017161407,0.002584882,-0.0043010227,0.0,1.0,1.0,0.0,False,0,0,False,False,False,False,False,False,False,False,0.0108036585,-0.16948804,
5,531,40721,7.0,4.0,614,614,not1_kept,0.04265197,0.049906656,-0.007254686,0.0060788505,0.0021278039,0.0039510466,-3.0,2.0,5.0,3.0,False,0,0,False,False,False,False,False,False,False,False,-0.008662783,-0.05086939,
5,532,40770,1.0,1.0,161,471,rank1_kept,0.050856907,0.041903462,0.008953445,0.004049644,0.002105482,0.001944162,0.0,1.0,1.0,0.0,False,0,0,False,False,False,False,False,True,True,True,0.0041540526,-0.041504405,
5,533,40840,4.0,11.0,413,413,not1_kept,0.040887214,0.047632944,-0.0067457296,0.0009508692,0.004791215,-0.003840346,7.0,1.0,2.0,1.0,False,0,0,False,False,False,True,False,False,False,True,0.008390798,-0.016935641,
5,534,40846,1.0,1.0,171,171,rank1_kept,0.05706572,0.05119553,0.0058701932,0.001547724,0.006224919,-0.004677195,0.0,1.0,1.0,0.0,False,0,0,False,False,False,False,True,True,True,True,0.009340297,-0.050491042,
5,535,40909,1.0,1.0,699,652,rank1_kept,0.05286609,0.04197494,0.010891151,0.0041456595,0.0014922395,0.00265342,0.0,1.0,1.0,0.0,False,0,0,False,False,False,True,False,False,False,True,0.00016462523,-0.051777758,
5,536,40920,1.0,1.0,830,830,rank1_kept,0.04172683,0.041376602,0.00035022944,-0.0028283112,-0.0013227686,-0.0015055425,0.0,2.0,2.0,0.0,False,0,0,False,False,True,True,False,True,True,True,0.0028088782,-0.056828413,
5,537,40924,1.0,2.0,231,57,rank1_to_not1,0.045538705,0.046122946,-0.000584241,-0.0004351586,0.0008628331,-0.0012979917,1.0,1.0,1.0,0.0,True,1,0,False,False,False,True,False,False,False,False,0.0039527267,-0.08547102,
5,538,40935,17.0,4.0,814,814,not1_kept,0.03570601,0.04264651,-0.006940499,0.007317852,0.0042630173,0.003054835,-13.0,36.0,12.0,-24.0,False,0,0,False,False,False,False,False,False,False,False,-0.0060415603,-0.08985937,
5,539,40979,17.0,27.0,256,426,not1_kept,0.034257405,0.05109003,-0.016832627,0.0032160617,0.0033289194,-0.00011285767,10.0,5.0,5.0,0.0,True,0,0,False,False,False,True,False,False,False,True,0.015285507,-0.022145456,
5,540,41056,1.0,1.0,94,94,rank1_kept,0.050640177,0.04801373,0.0026264451,0.0027540736,0.0019277371,0.00082633644,0.0,3.0,1.0,-2.0,False,0,0,False,True,True,True,True,True,True,True,-0.0017628621,-0.06264507,
5,541,41097,1.0,1.0,70,70,rank1_kept,0.055349138,0.04958497,0.0057641678,0.003974337,0.0035587624,0.00041557476,0.0,1.0,1.0,0.0,False,0,0,False,False,False,False,False,False,False,False,-0.000859838,-0.035618618,
5,542,41116,19.0,13.0,743,743,not1_kept,0.034067236,0.051220242,-0.017153006,0.0031985324,0.0051703826,-0.0019718502,-6.0,18.0,11.0,-7.0,False,0,0,False,False,False,False,True,True,True,True,0.003988469,-0.08418909,
5,543,41137,1.0,1.0,272,272,rank1_kept,0.059126057,0.042747356,0.0163787,0.0020330474,8.664653e-05,0.0019464009,0.0,1.0,1.0,0.0,False,0,0,False,False,False,True,False,False,False,True,-0.004163068,-0.10517406,
5,544,41162,3.0,5.0,75,241,not1_kept,0.034962133,0.038816955,-0.0038548224,0.0002966486,0.002206739,-0.0019100904,2.0,11.0,9.0,-2.0,True,0,0,False,False,True,True,False,False,False,False,0.0045099636,-0.080283515,
5,545,41482,10.0,25.0,648,648,not1_kept,0.027731562,0.046991397,-0.019259835,-0.00068042614,0.0069032684,-0.0075836945,15.0,53.0,72.0,19.0,False,0,0,True,True,True,True,False,True,True,True,0.013444786,-0.1087991,
5,546,41566,40.0,17.0,928,421,not1_kept,0.032925773,0.040752236,-0.007826462,0.0074980594,-4.497543e-05,0.007543035,-23.0,25.0,17.0,-8.0,False,0,0,False,False,False,True,True,True,True,True,-0.0055647213,-0.07831272,
5,547,41574,1.0,1.0,488,341,rank1_kept,0.051973775,0.04421536,0.0077584162,0.00042131916,0.004173152,-0.003751833,0.0,1.0,1.0,0.0,False,0,0,False,False,True,True,False,False,False,True,0.011572578,-0.065058686,
5,548,41623,5.0,4.0,487,487,not1_kept,0.03441429,0.037190847,-0.0027765557,0.0035832357,0.00335221,0.00023102574,-1.0,2.0,4.0,2.0,False,0,0,False,False,False,False,False,False,False,True,-0.00044003385,-0.04730716,
5,549,41653,2.0,1.0,590,793,not1_to_rank1,0.04479663,0.039633155,0.005163476,0.0049033314,-0.00055478513,0.0054581165,-1.0,1.0,1.0,0.0,False,0,1,False,False,False,False,False,False,False,False,-0.00525702,-0.13034979,
5,550,41710,2.0,3.0,530,530,not1_kept,0.039381206,0.04620518,-0.0068239756,-0.003396012,0.001643803,-0.005039815,1.0,1.0,1.0,0.0,True,0,0,False,False,False,False,False,False,False,True,0.009443862,-0.10964577,
5,551,41778,4.0,3.0,455,171,not1_kept,0.04131169,0.041763812,-0.00045212358,0.003700249,-0.00017265603,0.003872905,-1.0,13.0,18.0,5.0,False,0,0,False,True,True,True,False,False,False,False,0.015565425,-0.035773173,
5,552,41814,1.0,1.0,590,590,rank1_kept,0.051029224,0.044239957,0.006789267,0.000943467,0.0022968054,-0.0013533384,0.0,1.0,1.0,0.0,False,0,0,True,True,True,True,False,False,False,False,0.0029581708,-0.11371628,
5,553,41927,7.0,6.0,777,70,not1_kept,0.040145624,0.047451116,-0.0073054917,0.00023677945,0.000571724,-0.00033494458,-1.0,2.0,1.0,-1.0,False,0,0,False,False,False,False,False,False,True,True,0.0045309886,0.011084426,
5,554,41934,1.0,1.0,545,793,rank1_kept,0.06267729,0.03923298,0.023444306,0.005432807,0.0036846772,0.0017481297,0.0,1.0,1.0,0.0,False,0,0,False,False,False,False,False,False,False,True,0.008525553,0.0086474735,
5,555,42007,9.0,7.0,990,990,not1_kept,0.04048552,0.058319233,-0.017833713,0.00090724975,0.0034025796,-0.0024953298,-2.0,1.0,1.0,0.0,False,0,0,False,False,False,False,True,True,True,True,0.0051655215,0.0011725973,
5,556,42126,1.0,1.0,765,765,rank1_kept,0.057106864,0.0503179,0.0067889653,-0.0047645383,-0.0045654103,-0.00019912794,0.0,1.0,1.0,0.0,False,0,0,False,False,False,True,False,True,True,True,0.0003794965,-0.15984334,
5,557,42166,1.0,1.0,12,964,rank1_kept,0.058007155,0.057480283,0.00052687153,0.0036301874,0.0066594295,-0.0030292422,0.0,1.0,1.0,0.0,False,0,0,False,False,False,True,False,False,False,True,0.007867146,-0.012336735,
5,558,42171,1.0,1.0,905,934,rank1_kept,0.05620173,0.03321199,0.022989739,0.0018638596,-0.0011875927,0.0030514523,0.0,1.0,1.0,0.0,False,0,0,False,False,False,False,False,False,False,False,0.008073628,-0.14809915,
5,559,42214,1.0,1.0,756,756,rank1_kept,0.053731605,0.041230462,0.012501143,0.0014564022,-0.0013611913,0.0028175935,0.0,1.0,1.0,0.0,False,0,0,False,False,False,False,False,False,False,False,-0.0055858996,-0.16402854,
5,560,42224,1.0,3.0,750,141,rank1_to_not1,0.044210155,0.049807545,-0.0055973902,-0.0030469783,0.0055322014,-0.00857918,2.0,1.0,1.0,0.0,True,1,0,False,False,False,False,False,False,False,True,0.021103665,-0.025603164,
5,561,42238,1.0,2.0,276,195,rank1_to_not1,0.03749211,0.044471383,-0.006979272,-0.004416935,0.0033622533,-0.0077791885,1.0,3.0,2.0,-1.0,True,1,0,False,False,False,True,False,False,True,True,0.017375002,0.009462168,
5,562,42299,3.0,3.0,187,187,not1_kept,0.05252454,0.05620129,-0.0036767498,-2.8438866e-05,-0.003509216,0.0034807771,0.0,1.0,1.0,0.0,False,0,0,False,False,False,False,False,True,True,True,-0.0074405214,-0.050189376,
5,563,42473,1.0,4.0,680,680,rank1_to_not1,0.04259263,0.048645355,-0.006052725,-0.0012754649,0.006342519,-0.007617984,3.0,1.0,1.0,0.0,True,1,0,False,False,False,True,False,False,False,False,0.0154805025,-0.07184127,
5,564,42563,1.0,1.0,610,57,rank1_kept,0.051760677,0.04276806,0.008992616,0.008075569,0.0045933165,0.0034822524,0.0,1.0,1.0,0.0,False,0,0,False,False,True,True,False,False,True,True,-0.0046111518,-0.037263367,
5,565,42642,17.0,37.0,522,413,not1_kept,0.029730996,0.04657841,-0.016847415,-0.0011611897,0.004600689,-0.0057618786,20.0,18.0,21.0,3.0,False,0,0,False,False,False,False,False,False,False,True,0.01569312,-0.10243105,
5,566,42648,125.0,80.0,911,911,not1_kept,0.0273194,0.04811129,-0.02079189,0.004462067,0.00081465766,0.0036474094,-45.0,16.0,12.0,-4.0,False,0,0,False,False,False,False,False,False,False,True,-0.007658684,-0.110530846,
5,567,42697,2.0,2.0,706,706,not1_kept,0.04908451,0.051354263,-0.0022697523,0.003699191,0.0048875622,-0.0011883713,0.0,1.0,1.0,0.0,False,0,0,False,False,False,False,False,True,True,True,0.0023757482,-0.055287547,
5,568,42781,46.0,16.0,827,827,not1_kept,0.026192147,0.03825167,-0.012059521,0.0072081313,0.0038982779,0.0033098534,-30.0,9.0,5.0,-4.0,False,0,0,False,False,False,False,False,False,False,False,-0.006172472,-0.12190714,
5,569,42851,1.0,1.0,610,610,rank1_kept,0.053955883,0.045127284,0.008828599,0.004058294,-6.3478947e-06,0.004064642,0.0,1.0,1.0,0.0,False,0,0,False,False,False,False,False,False,False,True,-0.0077438606,-0.1520096,
5,570,42912,4.0,7.0,417,947,not1_kept,0.038631253,0.04608867,-0.0074574165,0.0034248382,0.00068804994,0.0027367882,3.0,7.0,3.0,-4.0,True,0,0,False,False,False,True,False,False,False,True,0.008187408,-0.04272043,
5,571,42946,11.0,12.0,93,341,not1_kept,0.044554338,0.054797653,-0.010243315,-0.0015651472,0.0008364953,-0.0024016425,1.0,2.0,2.0,0.0,True,0,0,False,False,False,False,False,False,False,True,0.0047651925,-0.041746635,
5,572,42980,1.0,1.0,547,163,rank1_kept,0.051514592,0.037892256,0.013622336,0.0027408972,0.0015896186,0.0011512786,0.0,1.0,1.0,0.0,False,0,0,False,False,False,False,False,False,False,False,0.0026887488,-0.13666132,
5,573,43107,6.0,8.0,590,590,not1_kept,0.03177197,0.049551744,-0.017779775,-0.002574984,0.0008396022,-0.0034145862,2.0,5.0,16.0,11.0,False,0,0,False,False,False,True,False,False,False,False,0.0069790184,-0.06386616,
5,574,43156,1.0,1.0,66,163,rank1_kept,0.04487174,0.04055455,0.0043171905,0.0036430769,0.0034857541,0.00015732273,0.0,1.0,1.0,0.0,False,0,0,False,False,False,False,False,False,False,False,0.0007147549,-0.039065607,
5,575,43157,1.0,1.0,694,694,rank1_kept,0.05377565,0.042955674,0.010819975,0.0051554963,-0.0028177164,0.007973213,0.0,1.0,1.0,0.0,False,0,0,False,False,False,True,False,False,False,False,-0.018441098,-0.08345724,
5,576,43159,1.0,1.0,591,591,rank1_kept,0.04839784,0.038359907,0.010037933,0.008891378,0.003290534,0.0056008436,0.0,6.0,3.0,-3.0,False,0,0,True,True,True,True,False,True,True,True,-0.012063712,-0.054687124,
5,577,43164,1.0,1.0,522,394,rank1_kept,0.053694475,0.043969125,0.009725351,0.008861814,0.005562946,0.0032988675,0.0,2.0,2.0,0.0,False,0,0,False,False,False,True,False,False,False,False,-0.00545273,-0.1349025,
5,578,43224,4.0,5.0,159,159,not1_kept,0.03712788,0.044729378,-0.0076014996,-0.0017909072,0.0040415525,-0.00583246,1.0,1.0,1.0,0.0,True,0,0,False,False,False,False,False,False,False,True,0.012011783,-0.055071216,
5,579,43250,10.0,14.0,703,5,not1_kept,0.036452208,0.050504223,-0.014052015,-0.0014452375,0.0009679161,-0.0024131536,4.0,4.0,2.0,-2.0,True,0,0,False,False,False,True,False,True,True,True,0.009897421,-0.087127514,
5,580,43288,1.0,1.0,982,982,rank1_kept,0.040827636,0.032741893,0.008085743,0.0064137913,0.0013558157,0.0050579756,0.0,1.0,1.0,0.0,False,0,0,False,False,False,False,False,True,True,True,-0.010628507,-0.03377865,
5,581,43428,5.0,4.0,674,674,not1_kept,0.041567035,0.04775701,-0.006189976,0.0036875755,0.0033989549,0.0002886206,-1.0,1.0,1.0,0.0,False,0,0,False,False,False,False,False,False,True,True,-0.00060519826,-0.08531566,
5,582,43429,1.0,1.0,515,765,rank1_kept,0.058814768,0.045680407,0.01313436,-0.0021659285,0.0020439997,-0.004209928,0.0,1.0,1.0,0.0,False,0,0,False,False,False,False,False,False,False,True,0.013145909,-0.12190031,
5,583,43445,2.0,1.0,847,847,not1_to_rank1,0.05157828,0.04740603,0.0041722506,0.004619129,-0.0013424531,0.005961582,-1.0,1.0,1.0,0.0,False,0,1,True,True,True,True,True,True,True,True,-0.013184689,-0.05059532,
5,584,43465,10.0,9.0,777,777,not1_kept,0.040672604,0.04794563,-0.007273026,0.0045676604,0.0013509989,0.0032166615,-1.0,11.0,8.0,-3.0,False,0,0,False,False,False,False,False,False,False,True,-0.0059762406,-0.08500298,
5,585,43500,1.0,2.0,714,714,rank1_to_not1,0.04771557,0.04954935,-0.0018337779,0.0024444833,0.005581271,-0.0031367876,1.0,2.0,2.0,0.0,True,1,0,False,False,False,True,False,True,True,True,0.00663321,-0.04279281,
5,586,43619,1.0,1.0,695,695,rank1_kept,0.049389638,0.044793997,0.004595641,0.0010645799,0.0008437522,0.00022082776,0.0,1.0,1.0,0.0,False,0,0,False,False,False,True,False,False,False,True,-0.00047496345,-0.08832666,
5,587,43675,1.0,1.0,652,652,rank1_kept,0.045667835,0.043252423,0.0024154112,-0.00094521046,-0.0015683547,0.0006231442,0.0,1.0,1.0,0.0,False,0,0,False,False,False,True,False,False,True,True,-0.0013671783,-0.031808518,
5,588,43689,1.0,1.0,163,163,rank1_kept,0.04776702,0.046198413,0.001568608,0.0031058528,0.006328918,-0.0032230653,0.0,6.0,3.0,-3.0,False,0,0,True,True,True,True,True,True,True,True,0.0070697656,0.0139256995,
5,589,43746,6.0,4.0,590,468,not1_kept,0.04968555,0.050938208,-0.0012526587,0.005000949,0.0028062686,0.0021946803,-2.0,2.0,1.0,-1.0,False,0,0,False,False,False,False,False,False,False,True,0.0027096567,-0.06848558,
5,590,43818,1.0,1.0,491,791,rank1_kept,0.06516187,0.03862867,0.026533198,0.003989663,0.005437169,-0.0014475062,0.0,1.0,1.0,0.0,False,0,0,False,False,False,False,False,False,False,True,0.004154436,-0.07162451,
5,591,43820,1.0,1.0,801,801,rank1_kept,0.06377781,0.051141053,0.012636758,-0.002189368,-0.0019965805,-0.0001927875,0.0,1.0,2.0,1.0,False,0,0,False,True,True,True,False,False,False,True,0.0004229612,-0.16145001,
5,592,43852,24.0,15.0,455,551,not1_kept,0.028821506,0.037459034,-0.008637529,0.004730966,-0.0012850948,0.0060160607,-9.0,19.0,13.0,-6.0,False,0,0,False,False,False,False,False,False,False,False,0.0038162356,-0.05728565,
5,593,43950,1.0,1.0,651,651,rank1_kept,0.049984463,0.046697285,0.0032871775,0.004160106,0.0052155815,-0.0010554753,0.0,2.0,2.0,0.0,False,0,0,False,False,False,True,False,False,False,False,0.0022821368,-0.15509154,
5,594,43984,1.0,1.0,460,11,rank1_kept,0.046995535,0.0398701,0.0071254373,0.005980268,0.00380601,0.0021742582,0.0,1.0,1.0,0.0,False,0,0,False,False,False,False,False,False,False,True,-0.0024374814,-0.07932994,
5,595,44052,1.0,1.0,80,80,rank1_kept,0.060148496,0.04273683,0.017411668,-0.0025874637,-0.0021436512,-0.00044381246,0.0,1.0,1.0,0.0,False,0,0,False,False,True,True,False,False,False,True,0.00090722006,-0.019597096,
5,596,44097,3.0,5.0,680,680,not1_kept,0.043462474,0.05423534,-0.010772865,-0.003060501,0.0053685457,-0.008429047,2.0,1.0,1.0,0.0,True,0,0,False,False,False,False,False,False,False,False,0.017552013,-0.064033024,
5,597,44107,7.0,5.0,128,128,not1_kept,0.024339693,0.034103654,-0.009763962,0.00090442784,-0.0025830753,0.0034875032,-2.0,15.0,35.0,20.0,False,0,0,False,False,False,False,False,False,False,False,-0.0063265506,-0.118122056,
5,598,44138,3.0,1.0,717,717,not1_to_rank1,0.0495736,0.04770028,0.0018733218,0.0034560598,-0.0021523312,0.005608391,-2.0,2.0,1.0,-1.0,False,0,1,False,True,True,True,True,True,True,True,-0.010820324,-0.14536369,
5,599,44144,20.0,29.0,703,5,not1_kept,0.030709762,0.045967016,-0.015257254,-0.0027660318,-0.0038456284,0.0010795966,9.0,1.0,8.0,7.0,False,0,0,False,False,False,True,False,False,False,False,0.0072640455,-0.13769138,
5,600,44184,50.0,65.0,375,375,not1_kept,0.022952793,0.038033176,-0.015080383,-0.0013926867,0.0019183047,-0.0033109915,15.0,4.0,11.0,7.0,False,0,0,False,False,False,False,False,False,False,False,0.00709289,-0.12779832,
5,601,44324,1.0,1.0,141,141,rank1_kept,0.05779977,0.04664639,0.011153381,0.010780644,0.008402616,0.002378028,0.0,1.0,1.0,0.0,False,0,0,False,False,False,False,False,False,False,False,-0.0044075637,-0.08040952,
5,602,44339,1.0,1.0,545,545,rank1_kept,0.043146953,0.03821469,0.004932262,0.00017925352,-0.0017918982,0.0019711517,0.0,1.0,1.0,0.0,False,0,0,False,False,False,False,False,False,False,False,-0.0037443861,-0.04257817,
5,603,44369,23.0,13.0,934,934,not1_kept,0.035066888,0.050642658,-0.01557577,0.004340371,0.0051177107,-0.00077733956,-10.0,2.0,4.0,2.0,False,0,0,True,True,True,True,False,True,True,True,0.0016978618,-0.10425466,
5,604,44412,1.0,1.0,160,160,rank1_kept,0.044235647,0.043847978,0.0003876686,0.0032530539,0.003984995,-0.0007319413,0.0,2.0,2.0,0.0,False,0,0,False,False,False,False,False,False,False,True,0.0013906999,-0.022598285,
5,605,44705,87.0,79.0,48,48,not1_kept,0.029163918,0.056448553,-0.027284635,0.0033838581,0.0022205897,0.0011632685,-8.0,17.0,25.0,8.0,False,0,0,False,False,False,True,False,False,True,True,-0.00222707,-0.09131384,
5,606,44720,1.0,1.0,789,162,rank1_kept,0.051880464,0.04213349,0.0097469725,-0.00042925403,0.0024070144,-0.0028362684,0.0,1.0,1.0,0.0,False,0,0,False,False,False,False,False,False,False,True,0.019243842,-0.043754753,
5,607,44729,11.0,18.0,591,591,not1_kept,0.040137533,0.06593486,-0.025797326,0.00094740465,0.0032102764,-0.0022628717,7.0,1.0,1.0,0.0,True,0,0,False,False,False,False,False,True,True,True,0.004318593,-0.026059277,
5,608,44736,8.0,9.0,876,876,not1_kept,0.038326465,0.04677297,-0.008446507,-0.0013846382,0.0009912923,-0.0023759305,1.0,1.0,1.0,0.0,True,0,0,False,False,False,False,False,True,True,True,0.0050926995,-0.076303504,
5,609,44844,1.0,1.0,679,679,rank1_kept,0.0589174,0.052835118,0.0060822815,0.005411878,0.008636121,-0.0032242425,0.0,1.0,1.0,0.0,False,0,0,False,False,False,False,False,False,False,False,0.0063104443,-0.04674312,
5,610,44971,292.0,317.0,590,590,not1_kept,0.01886171,0.049309045,-0.030447336,0.0047673797,-0.00022211298,0.004989492,25.0,363.0,260.0,-103.0,True,0,0,False,False,False,False,False,False,False,True,-0.009773951,-0.0737267,
5,611,44980,1.0,1.0,361,590,rank1_kept,0.036998495,0.030589458,0.006409038,0.0009403005,0.0022758748,-0.0013355743,0.0,1.0,1.0,0.0,False,0,0,False,True,True,True,False,False,False,True,0.014016236,-0.14684035,
5,612,45129,2.0,2.0,160,468,not1_kept,0.047013603,0.047298957,-0.0002853535,0.0065571815,0.0039589405,0.002598241,0.0,1.0,1.0,0.0,False,0,0,False,False,False,False,False,False,False,False,0.0038758344,-0.18248656,
5,613,45213,5.0,5.0,443,443,not1_kept,0.038675584,0.0433452,-0.004669618,0.0044900514,0.0014914237,0.0029986277,0.0,1.0,1.0,0.0,False,0,0,False,False,False,False,False,False,False,True,-0.005941256,-0.11962762,
5,614,45356,1.0,1.0,341,341,rank1_kept,0.07173572,0.04073261,0.031003106,-0.0008547604,-0.001133386,0.00027862564,0.0,1.0,1.0,0.0,False,0,0,False,False,False,False,False,False,False,True,-0.0005589105,-0.098303966,
5,615,45595,8.0,13.0,559,559,not1_kept,0.013312329,0.021577006,-0.008264678,-0.0038989503,-0.0073730107,0.0034740604,5.0,155.0,197.0,42.0,False,0,0,False,False,False,False,False,False,False,False,-0.006421482,-0.18938033,
5,616,45632,3.0,3.0,159,159,not1_kept,0.050722197,0.05242328,-0.001701083,0.008499015,0.0035156198,0.0049833953,0.0,4.0,2.0,-2.0,False,0,0,False,False,False,False,False,False,False,True,-0.010425291,-0.11335681,
5,617,45746,42.0,45.0,341,208,not1_kept,0.028439268,0.04392662,-0.0154873505,0.0037859175,0.005162973,-0.0013770554,3.0,15.0,14.0,-1.0,True,0,0,False,False,False,False,False,False,False,False,0.0050208066,-0.06900287,
5,618,45750,57.0,89.0,501,43,not1_kept,0.023078056,0.04457787,-0.021499814,0.001532359,0.006077379,-0.00454502,32.0,5.0,6.0,1.0,False,0,0,False,False,False,False,False,False,False,False,0.015395732,-0.18408778,
5,619,45837,11.0,46.0,663,584,not1_kept,0.028213084,0.04279478,-0.014581695,-0.005295351,-0.0015073493,-0.0037880018,35.0,2.0,4.0,2.0,False,0,0,False,False,False,False,False,False,False,True,0.023877209,-0.057892866,
5,620,45843,17.0,19.0,873,873,not1_kept,0.029659722,0.041735318,-0.012075596,-0.000322802,-4.5422465e-05,-0.00027737953,2.0,7.0,9.0,2.0,False,0,0,False,True,True,True,False,True,True,True,0.0005862615,-0.04547754,
5,621,45945,34.0,18.0,588,524,not1_kept,0.03446252,0.04415547,-0.009692952,0.0064128414,0.0032425001,0.0031703413,-16.0,27.0,25.0,-2.0,False,0,0,False,False,False,True,True,True,True,True,-0.0050126323,0.014046487,
5,622,45981,5.0,6.0,978,191,not1_kept,0.037791353,0.04505504,-0.0072636865,0.0030908845,0.001818303,0.0012725815,1.0,8.0,8.0,0.0,True,0,0,False,False,False,False,False,False,False,False,0.0064795986,-0.19851658,
5,623,45982,11.0,5.0,523,301,not1_kept,0.041962896,0.04851805,-0.006555155,0.007009443,0.002050005,0.004959438,-6.0,4.0,1.0,-3.0,False,0,0,False,False,True,True,False,False,False,False,-0.009047614,-0.04909059,
5,624,45999,2.0,1.0,761,680,not1_to_rank1,0.054072395,0.048448436,0.005623959,0.009030841,0.0020310022,0.006999839,-1.0,1.0,1.0,0.0,False,0,1,False,False,True,True,False,False,False,False,-0.006041691,-0.09918453,
5,625,46002,2.0,3.0,523,523,not1_kept,0.03892033,0.04722065,-0.008300319,0.0010411441,-0.0010855421,0.0021266863,1.0,12.0,13.0,1.0,False,0,0,False,False,False,True,False,False,False,True,-0.004168426,-0.089741334,
5,626,46036,2.0,2.0,2,2,not1_kept,0.057304926,0.058499943,-0.0011950172,0.00040087104,0.001373075,-0.0009722039,0.0,1.0,1.0,0.0,False,0,0,False,False,False,True,False,False,False,False,0.0021251468,-0.09506062,
5,627,46101,5.0,6.0,801,801,not1_kept,0.043287583,0.052253034,-0.008965451,0.0004323274,0.0056670234,-0.005234696,1.0,1.0,1.0,0.0,True,0,0,False,False,False,False,True,True,True,True,0.010840191,-0.13325208,
5,628,46136,36.0,41.0,847,847,not1_kept,0.018504592,0.04134097,-0.022836378,-0.0031193215,-0.0005594678,-0.0025598537,5.0,53.0,163.0,110.0,False,0,0,False,False,False,False,False,True,True,True,0.005025178,-0.03374617,
5,629,46150,3.0,3.0,794,794,not1_kept,0.042623796,0.045992512,-0.0033687167,0.006789904,0.0041988865,0.0025910176,0.0,4.0,3.0,-1.0,False,0,0,False,False,False,False,False,False,True,True,-0.0052918587,-0.09249705,
5,630,46160,1.0,1.0,15,15,rank1_kept,0.058491856,0.04538235,0.013109505,-0.0009053089,-0.0012727976,0.0003674887,0.0,1.0,1.0,0.0,False,0,0,False,False,True,True,True,True,True,True,-0.0007157667,-0.13567656,
5,631,46274,2.0,3.0,36,4,not1_kept,0.046349928,0.05040662,-0.004056692,0.00013213605,0.0023184493,-0.0021863133,1.0,1.0,1.0,0.0,True,0,0,False,False,False,False,False,False,False,True,0.01224721,-0.08548496,
5,632,46321,1.0,1.0,403,403,rank1_kept,0.049927678,0.041736793,0.008190885,-0.00028933957,0.0017718598,-0.0020611994,0.0,1.0,1.0,0.0,False,0,0,False,False,False,False,False,False,False,True,0.0045231334,-0.10115276,
5,633,46372,13.0,14.0,914,914,not1_kept,0.039391097,0.05149967,-0.012108572,0.0009893887,0.0025665388,-0.0015771501,1.0,1.0,1.0,0.0,True,0,0,False,False,False,False,False,False,False,True,0.0029562314,-0.07512053,
5,634,46380,1.0,1.0,524,524,rank1_kept,0.05330736,0.052875977,0.00043138117,0.0037395395,0.0052890703,-0.0015495308,0.0,1.0,1.0,0.0,False,0,0,False,False,False,True,False,True,True,True,0.0031504727,-0.06554356,
5,635,46460,2.0,1.0,954,954,not1_to_rank1,0.056729153,0.055473477,0.0012556762,0.0038369484,-0.003875181,0.0077121295,-1.0,1.0,1.0,0.0,False,0,1,False,False,False,True,True,True,True,True,-0.015116624,-0.20291111,
5,636,46462,1.0,1.0,471,471,rank1_kept,0.05353461,0.04782998,0.00570463,0.000579115,0.0011691116,-0.0005899966,0.0,1.0,2.0,1.0,False,0,0,False,True,True,True,False,False,False,True,0.0013291147,-0.11305996,
5,637,46480,1.0,1.0,585,714,rank1_kept,0.053252492,0.049916957,0.0033355355,-0.0016379431,0.0023403615,-0.0039783046,0.0,1.0,1.0,0.0,False,0,0,True,True,True,True,False,False,False,True,0.016078724,-0.025356434,
5,638,46523,3.0,2.0,674,674,not1_kept,0.046122763,0.053608935,-0.007486172,0.0012010261,0.0029386356,-0.0017376095,-1.0,1.0,1.0,0.0,False,0,0,False,False,False,True,False,True,True,True,0.0035626178,-0.027053272,
5,639,46642,1.0,2.0,906,906,rank1_to_not1,0.052073807,0.053547252,-0.0014734454,0.0010589547,0.0047852136,-0.0037262589,1.0,1.0,1.0,0.0,True,1,0,False,False,False,True,False,False,False,False,0.0064208847,-0.075009115,
5,640,46661,5.0,4.0,61,61,not1_kept,0.039503057,0.043591004,-0.0040879473,0.005534105,0.0040895864,0.0014445186,-1.0,4.0,4.0,0.0,False,0,0,False,False,False,False,False,False,False,False,-0.0026760492,0.008892437,
5,641,46806,27.0,22.0,652,652,not1_kept,0.04202091,0.05535619,-0.01333528,0.0029401705,0.0009401776,0.0019999929,-5.0,1.0,1.0,0.0,False,0,0,False,False,False,False,False,False,False,False,-0.004199795,-0.1123341,
5,642,46835,1.0,1.0,518,518,rank1_kept,0.046763353,0.041816972,0.004946381,0.005912978,0.0015138462,0.004399132,0.0,1.0,1.0,0.0,False,0,0,False,True,True,True,False,False,True,True,-0.009535264,-0.07454972,
5,643,46861,1.0,1.0,341,297,rank1_kept,0.050952785,0.033732288,0.017220497,0.0014945269,0.00020575896,0.0012887679,0.0,1.0,1.0,0.0,False,0,0,False,False,False,False,False,False,False,False,0.00092298817,-0.09067489,
5,644,47033,10.0,9.0,745,745,not1_kept,0.033600565,0.05220811,-0.018607546,0.0007386394,0.0011256561,-0.00038701668,-1.0,2.0,4.0,2.0,False,0,0,False,True,True,True,False,False,True,True,0.000864738,-0.013398043,
5,645,47070,7.0,5.0,778,778,not1_kept,0.0406434,0.053752936,-0.013109535,0.0035775006,-0.0027384497,0.0063159503,-2.0,3.0,3.0,0.0,False,0,0,False,False,False,True,False,False,False,True,-0.011067798,-0.08448817,
5,646,47099,1.0,1.0,947,947,rank1_kept,0.04821326,0.03797521,0.010238048,0.006439034,-0.00058886036,0.0070278943,0.0,1.0,1.0,0.0,False,0,0,False,False,False,False,False,False,False,True,-0.014005388,-0.07155441,
5,647,47200,2.0,1.0,794,794,not1_to_rank1,0.05394504,0.053090498,0.0008545406,0.0073901564,0.0035797618,0.0038103946,-1.0,4.0,1.0,-3.0,False,0,1,False,False,False,True,False,False,False,True,-0.0087358765,-0.101123355,
5,648,47290,10.0,7.0,91,172,not1_kept,0.043715164,0.049632497,-0.005917333,0.006135855,0.0066148117,-0.00047895685,-3.0,5.0,5.0,0.0,False,0,0,False,False,False,False,False,False,False,False,0.0037610848,-0.010364599,
5,649,47293,15.0,9.0,626,426,not1_kept,0.045470838,0.050684378,-0.00521354,0.009088814,0.0030088797,0.0060799345,-6.0,3.0,1.0,-2.0,False,0,0,True,True,True,True,False,False,False,True,0.00074002275,-0.060770217,
5,650,47321,11.0,11.0,227,227,not1_kept,0.03317696,0.045789655,-0.012612697,-0.0001828298,0.0019280277,-0.0021108575,0.0,2.0,6.0,4.0,False,0,0,False,False,False,False,False,False,False,True,0.0040256088,-0.055225726,
5,651,47408,2.0,1.0,876,876,not1_to_rank1,0.043849617,0.04019969,0.0036499277,0.0023893677,-0.0026077926,0.0049971603,-1.0,3.0,4.0,1.0,False,0,1,False,False,False,False,False,False,False,False,-0.010371503,-0.14210612,
5,652,47598,1.0,1.0,306,306,rank1_kept,0.053731527,0.050340325,0.0033912025,0.0018884763,0.008057013,-0.006168537,0.0,7.0,6.0,-1.0,False,0,0,False,True,True,True,False,False,False,True,0.01293567,-0.09531565,
5,653,47600,5.0,3.0,316,316,not1_kept,0.04102998,0.0420041,-0.00097412243,0.0024681762,-0.004025381,0.0064935572,-2.0,3.0,8.0,5.0,False,0,0,False,False,False,True,False,False,False,False,-0.014216719,-0.09769507,
5,654,47614,41.0,58.0,191,191,not1_kept,0.024667555,0.038725354,-0.014057798,0.00093716756,-0.0018394031,0.0027765706,17.0,14.0,16.0,2.0,False,0,0,False,False,False,False,False,False,False,False,-0.004700561,-0.32867402,
5,655,47656,3.0,7.0,403,403,not1_kept,0.0457822,0.053066082,-0.0072838813,-0.0015162602,-0.00089088455,-0.00062537566,4.0,2.0,4.0,2.0,False,0,0,False,False,False,False,False,False,False,False,0.0011546516,-0.27009553,
5,656,47687,1.0,1.0,604,300,rank1_kept,0.04714562,0.04346833,0.00367729,0.004239287,0.0033099428,0.00092934445,0.0,1.0,1.0,0.0,False,0,0,False,False,False,False,False,False,False,True,-0.00044732902,-0.0006458156,
5,657,48157,38.0,32.0,61,61,not1_kept,0.029634234,0.045456637,-0.015822403,0.002942821,0.000996273,0.001946548,-6.0,10.0,9.0,-1.0,False,0,0,False,False,False,False,True,True,True,True,-0.0032972442,-0.11907133,
5,658,48260,2.0,2.0,630,630,not1_kept,0.045703664,0.049447246,-0.0037435815,0.0047015026,0.00034829974,0.004353203,0.0,2.0,4.0,2.0,False,0,0,False,False,False,False,False,False,False,False,-0.008537374,-0.08208274,
5,659,48374,11.0,10.0,543,543,not1_kept,0.030718543,0.044214655,-0.013496112,-0.0008615181,-0.00015828386,-0.0007032342,-1.0,8.0,18.0,10.0,False,0,0,False,True,True,True,False,True,True,True,0.001519122,-0.12480384,
5,660,48379,4.0,5.0,48,827,not1_kept,0.03926584,0.044976566,-0.0057107247,0.0018014722,0.0031371936,-0.0013357215,1.0,3.0,4.0,1.0,False,0,0,False,False,False,False,False,False,False,True,0.010768811,-0.041304037,
5,661,48393,1.0,1.0,993,993,rank1_kept,0.04941802,0.04100683,0.008411191,-0.0030816384,-0.0045533925,0.0014717542,0.0,1.0,1.0,0.0,False,0,0,False,False,True,True,False,False,True,True,-0.002675259,-0.20648588,
5,662,48422,1.0,2.0,480,480,rank1_to_not1,0.04028745,0.044177607,-0.0038901567,-0.0012205914,0.008097943,-0.009318534,1.0,2.0,3.0,1.0,False,1,0,False,False,False,False,False,True,True,True,0.016209282,-0.22324196,
5,663,48508,4.0,3.0,801,801,not1_kept,0.038430948,0.04726833,-0.008837383,0.0038751885,0.0014804043,0.0023947842,-1.0,22.0,16.0,-6.0,False,0,0,False,False,False,True,False,False,True,True,-0.004654302,-0.09571383,
5,664,48530,9.0,4.0,588,588,not1_kept,0.042568926,0.05319049,-0.010621563,0.0046835877,0.0030689314,0.0016146563,-5.0,6.0,5.0,-1.0,False,0,0,False,False,False,False,False,True,True,True,-0.0033545503,0.014105853,
5,665,48617,8.0,24.0,996,590,not1_kept,0.03290656,0.049278904,-0.016372345,-0.00654744,0.004418198,-0.010965638,16.0,7.0,16.0,9.0,False,0,0,False,False,False,False,False,False,False,False,0.023309968,-0.104907304,
5,666,48618,2.0,4.0,814,814,not1_kept,0.041362703,0.046308182,-0.0049454793,0.0012687705,0.0035235435,-0.002254773,2.0,1.0,1.0,0.0,True,0,0,False,False,False,False,False,False,False,True,0.0045185946,0.010486463,
5,667,48622,8.0,3.0,414,414,not1_kept,0.04453107,0.051085576,-0.0065545067,0.0072830208,0.002454128,0.0048288926,-5.0,1.0,1.0,0.0,False,0,0,False,False,False,False,False,False,True,True,-0.009004192,-0.064427964,
5,668,48679,32.0,9.0,162,162,not1_kept,0.034883015,0.052183244,-0.01730023,0.008474305,0.0060220324,0.002452273,-23.0,23.0,18.0,-5.0,False,0,0,True,True,True,True,False,True,True,True,-0.0051718648,-0.045265064,
5,669,48681,19.0,8.0,857,857,not1_kept,0.033051435,0.0455765,-0.012525067,0.0052510444,0.0027515441,0.0024995003,-11.0,2.0,4.0,2.0,False,0,0,False,False,False,False,False,False,False,True,-0.00449472,-0.16506177,
5,670,48802,1.0,1.0,6,6,rank1_kept,0.055931833,0.04555013,0.010381702,0.00476427,0.0042623915,0.00050187856,0.0,1.0,1.0,0.0,False,0,0,False,False,False,False,False,False,False,True,-0.0009862588,-0.045187227,
5,671,48832,5.0,6.0,983,463,not1_kept,0.044658348,0.04895273,-0.0042943805,0.0007992722,0.00016728416,0.00063198805,1.0,1.0,1.0,0.0,True,0,0,False,False,False,False,False,False,False,False,0.0019400213,-0.14261238,
5,672,48839,11.0,29.0,187,187,not1_kept,0.03980706,0.055219404,-0.0154123455,-0.004494708,-0.0031326786,-0.0013620295,18.0,1.0,1.0,0.0,True,0,0,False,False,False,True,False,False,False,True,0.0029260968,-0.094003916,
5,673,49076,15.0,8.0,679,660,not1_kept,0.036152612,0.04250564,-0.006353028,0.0045999214,2.9057264e-06,0.0045970157,-7.0,2.0,2.0,0.0,False,0,0,False,False,False,False,False,False,False,False,-0.0006007511,-0.1504237,
5,674,49152,1.0,1.0,905,905,rank1_kept,0.047643594,0.04485176,0.0027918331,0.0040415265,0.002118308,0.0019232184,0.0,8.0,7.0,-1.0,False,0,0,False,False,False,False,False,False,False,False,-0.003985667,-0.107794404,
5,675,49156,41.0,47.0,495,523,not1_kept,0.027213108,0.0419871,-0.014773991,0.002796933,0.0014959536,0.0013009794,6.0,16.0,15.0,-1.0,True,0,0,False,False,False,False,False,False,False,False,0.003682542,-0.0023510545,
5,676,49234,22.0,20.0,32,32,not1_kept,0.038848408,0.05133731,-0.012488902,0.0034486353,0.0018713847,0.0015772507,-2.0,4.0,2.0,-2.0,False,0,0,False,False,False,False,False,True,True,True,-0.0030915756,-0.10350589,
5,677,49466,1.0,1.0,867,358,rank1_kept,0.04712572,0.04146785,0.0056578703,0.0017604046,-0.0011383407,0.0028987452,0.0,1.0,1.0,0.0,False,0,0,False,True,True,True,False,False,False,False,-0.0030707964,-0.08357201,
5,678,49480,4.0,4.0,743,743,not1_kept,0.030925628,0.04060266,-0.009677034,-0.004960917,-0.0036672652,-0.0012936518,0.0,12.0,22.0,10.0,False,0,0,False,False,False,False,False,False,False,False,0.0024745686,-0.13317189,
5,679,49622,1.0,1.0,789,606,rank1_kept,0.050262295,0.036166836,0.014095459,-0.0044103153,0.00093171,-0.0053420253,0.0,1.0,2.0,1.0,False,0,0,False,False,False,True,False,False,False,False,0.012020052,-0.023748035,
5,680,49731,1.0,1.0,714,225,rank1_kept,0.0551764,0.044512685,0.010663714,0.0070319027,0.0070801713,-4.8268586e-05,0.0,5.0,4.0,-1.0,False,0,0,False,False,False,False,False,False,False,False,0.0047033783,-0.072237976,
5,681,49923,1.0,2.0,731,731,rank1_to_not1,0.051003728,0.052124087,-0.0011203587,0.00063219294,0.004548855,-0.003916662,1.0,1.0,1.0,0.0,True,1,0,True,True,True,True,False,False,True,True,0.008722568,-0.022070084,
5,682,49944,1.0,1.0,166,166,rank1_kept,0.05477156,0.049585853,0.0051857084,0.007137943,0.0050268136,0.0021111295,0.0,1.0,1.0,0.0,False,0,0,False,False,False,True,False,False,False,False,-0.00438575,-0.11446375,
5,683,49955,2.0,2.0,151,492,not1_kept,0.037159916,0.039474294,-0.0023143776,0.0047750846,0.00517432,-0.00039923564,0.0,1.0,1.0,0.0,False,0,0,False,False,False,True,False,False,False,False,0.019476274,-0.08627324,
5,684,49957,2.0,2.0,375,686,not1_kept,0.043919295,0.04903911,-0.0051198155,0.0004606843,0.005285289,-0.004824605,0.0,1.0,2.0,1.0,False,0,0,False,False,False,False,False,True,True,True,0.013571264,0.017481323,
5,685,49969,2.0,4.0,735,735,not1_kept,0.03633017,0.04067077,-0.0043406,-1.6197562e-05,0.0005792454,-0.00059544295,2.0,2.0,3.0,1.0,False,0,0,False,False,False,True,False,False,False,False,0.0012757101,-0.10570647,
5,686,49979,2.0,1.0,847,493,not1_to_rank1,0.051706955,0.045106035,0.00660092,0.00894241,0.0016289838,0.0073134266,-1.0,2.0,2.0,0.0,False,0,1,False,False,False,False,False,False,False,True,-0.007158475,-0.030235365,
5,687,50026,2.0,7.0,445,445,not1_kept,0.03739667,0.044881836,-0.007485166,-0.0034423657,-0.0011501759,-0.0022921897,5.0,1.0,5.0,4.0,False,0,0,False,False,False,False,False,False,False,True,0.0043792613,-0.08149128,
5,688,50114,5.0,3.0,590,590,not1_kept,0.043348882,0.043854833,-0.0005059503,0.006856002,0.0036458224,0.0032101795,-2.0,5.0,2.0,-3.0,False,0,0,False,False,False,False,False,False,False,False,-0.0058409725,-0.05525987,
5,689,50170,3.0,2.0,647,647,not1_kept,0.049059745,0.052034114,-0.0029743686,0.0077388026,0.0029825456,0.004756257,-1.0,1.0,1.0,0.0,False,0,0,False,False,False,True,False,True,True,True,-0.010418771,-0.07324329,
5,690,50500,15.0,12.0,827,827,not1_kept,0.039197925,0.048752766,-0.009554841,0.0047132634,0.008745514,-0.0040322505,-3.0,6.0,2.0,-4.0,False,0,0,False,False,False,False,False,False,False,False,0.00777046,-0.022015596,
5,691,50653,1.0,1.0,361,207,rank1_kept,0.046164457,0.04247108,0.0036933757,0.00012917072,0.0025250204,-0.0023958497,0.0,1.0,1.0,0.0,False,0,0,False,False,False,True,False,False,False,False,0.019557666,-0.066264085,
5,692,50734,2.0,4.0,828,828,not1_kept,0.046917014,0.058842216,-0.011925202,0.0012200847,0.003623832,-0.0024037473,2.0,1.0,1.0,0.0,True,0,0,False,False,True,True,False,True,True,True,0.004660769,0.011494685,
5,693,50755,1.0,2.0,695,688,rank1_to_not1,0.03943227,0.042552598,-0.0031203292,-0.00041875988,0.006490998,-0.006909758,1.0,13.0,16.0,3.0,False,1,0,False,False,False,True,False,True,True,True,0.020579716,-0.10375079,
5,694,50811,1.0,1.0,93,93,rank1_kept,0.053590216,0.043942913,0.009647302,0.00083190575,0.0023237765,-0.0014918707,0.0,2.0,2.0,0.0,False,0,0,False,False,False,False,False,True,True,True,0.0029408783,-0.020233681,
5,695,50882,1.0,1.0,188,188,rank1_kept,0.055791058,0.054177858,0.0016131997,0.001112029,0.0032345578,-0.0021225289,0.0,1.0,1.0,0.0,False,0,0,False,False,False,True,False,False,False,False,0.00450797,-0.11383455,
5,696,51051,3.0,4.0,925,925,not1_kept,0.042517353,0.059861887,-0.017344534,0.0005988516,0.007308565,-0.0067097135,1.0,2.0,2.0,0.0,True,0,0,False,False,False,True,False,False,True,True,0.0127908485,-0.0848381,
5,697,51052,3.0,2.0,197,208,not1_kept,0.04362238,0.04638998,-0.0027676001,0.0053934865,0.0030371808,0.0023563057,-1.0,3.0,3.0,0.0,False,0,0,False,False,False,True,False,False,False,True,0.00851484,-0.03796085,
5,698,51062,1.0,1.0,954,139,rank1_kept,0.05681099,0.041000653,0.015810337,0.0019012019,-0.0014881827,0.0033893846,0.0,1.0,1.0,0.0,False,0,0,False,False,False,False,False,False,False,False,-0.0029626805,-0.13811696,
5,699,51077,1.0,1.0,750,750,rank1_kept,0.06640478,0.04222554,0.024179243,-0.0013203621,-0.0002790168,-0.0010413453,0.0,1.0,1.0,0.0,False,0,0,False,False,False,False,False,True,True,True,0.0019202402,-0.057450067,
5,700,51148,2.0,1.0,316,614,not1_to_rank1,0.049656052,0.04724646,0.0024095923,0.0011236705,-0.0035350174,0.004658688,-1.0,1.0,1.0,0.0,False,0,1,False,False,False,True,False,False,False,True,0.00059917936,-0.079508804,
5,701,51171,1.0,1.0,778,778,rank1_kept,0.052375056,0.04490012,0.0074749365,0.0058084354,0.0008339621,0.0049744733,0.0,1.0,1.0,0.0,False,0,0,False,False,False,False,False,False,False,False,-0.009333947,-0.016698495,
5,702,51185,1.0,2.0,827,827,rank1_to_not1,0.04685493,0.047735512,-0.0008805804,0.0030419603,0.004197318,-0.0011553578,1.0,1.0,1.0,0.0,True,1,0,False,False,False,True,False,False,False,True,0.0022449347,-0.06686585,
5,703,51521,2.0,9.0,414,414,not1_kept,0.03428505,0.043526813,-0.0092417635,-0.004658427,-0.00040296093,-0.004255466,7.0,11.0,19.0,8.0,False,0,0,False,False,False,True,False,True,True,True,0.007529734,-0.12818652,
5,704,51745,4.0,6.0,777,493,not1_kept,0.04814539,0.056148607,-0.008003216,0.0012850054,0.0012032762,8.1729144e-05,2.0,2.0,2.0,0.0,True,0,0,False,False,False,True,False,False,True,True,0.012691242,0.026673153,
5,705,51788,25.0,36.0,239,239,not1_kept,0.027572297,0.04847534,-0.020903043,-0.002360858,0.0016843267,-0.0040451847,11.0,6.0,10.0,4.0,False,0,0,False,False,False,False,True,True,True,True,0.008527817,-0.13670714,
5,706,51843,1.0,1.0,250,365,rank1_kept,0.06135975,0.053200755,0.008158993,0.004126914,0.0051604696,-0.0010335557,0.0,1.0,1.0,0.0,False,0,0,False,False,False,True,False,False,False,False,0.010694125,-0.08817205,
5,707,51907,10.0,10.0,523,493,not1_kept,0.038815994,0.044774823,-0.005958829,0.0067146607,0.0047907606,0.0019239001,0.0,2.0,2.0,0.0,False,0,0,False,False,False,False,False,False,False,False,0.014257658,0.04135642,
5,708,51928,6.0,7.0,227,227,not1_kept,0.036217928,0.052218013,-0.016000085,0.0023444034,0.004512973,-0.0021685697,1.0,3.0,1.0,-2.0,True,0,0,False,False,False,False,False,False,False,False,0.0043545556,-0.04076954,
5,709,51965,1.0,1.0,493,493,rank1_kept,0.056623876,0.050975125,0.005648751,0.001180619,0.002779901,-0.001599282,0.0,1.0,1.0,0.0,False,0,0,False,False,False,True,False,False,False,True,0.0034544843,0.016993742,
5,710,51983,32.0,24.0,460,460,not1_kept,0.039263085,0.05988792,-0.020624835,0.006990973,0.004302837,0.002688136,-8.0,2.0,2.0,0.0,False,0,0,False,False,False,True,False,False,False,True,-0.005725936,-0.04427216,
5,711,51988,140.0,24.0,763,763,not1_kept,0.024867317,0.042305324,-0.017438008,0.012675854,0.0038041137,0.00887174,-116.0,25.0,17.0,-8.0,False,0,0,False,False,False,True,False,True,True,True,-0.018260721,-0.12689954,
5,712,52070,1.0,1.0,231,231,rank1_kept,0.048162177,0.047564615,0.00059756264,0.004258413,0.0039123,0.000346113,0.0,7.0,4.0,-3.0,False,0,0,False,False,False,False,False,True,True,True,-0.0006993552,0.019745888,
5,713,52216,1.0,1.0,375,375,rank1_kept,0.05677311,0.048290566,0.008482546,0.0044380054,-0.00085603446,0.00529404,0.0,1.0,1.0,0.0,False,0,0,False,False,False,False,True,True,True,True,-0.011523966,-0.12079973,
5,714,52302,1.0,1.0,468,468,rank1_kept,0.06179632,0.056965534,0.004830785,0.006132547,0.006732907,-0.00060036033,0.0,1.0,1.0,0.0,False,0,0,False,False,False,True,False,False,False,False,0.0012725956,-0.10546567,
5,715,52328,3.0,2.0,778,778,not1_kept,0.05114664,0.05402825,-0.002881609,0.0045463666,0.0019709952,0.0025753714,-1.0,8.0,4.0,-4.0,False,0,0,False,True,True,True,False,False,True,True,-0.0047456613,-0.003530383,
5,716,52375,3.0,1.0,652,794,not1_to_rank1,0.041958727,0.039895166,0.0020635612,0.004013974,0.0009928346,0.0030211397,-2.0,2.0,1.0,-1.0,False,0,1,False,False,False,False,False,False,False,False,-0.0038535474,-0.13525341,
5,717,52394,1.0,1.0,655,655,rank1_kept,0.057984058,0.049826615,0.008157443,0.0013898462,-0.0022348762,0.0036247224,0.0,1.0,1.0,0.0,False,0,0,False,True,True,True,False,False,False,True,-0.0068309596,-0.038265605,
5,718,52527,1.0,1.0,417,417,rank1_kept,0.05149745,0.048863128,0.0026343204,0.0023595355,0.0014753975,0.00088413805,0.0,2.0,1.0,-1.0,False,0,0,False,False,False,False,False,False,False,False,-0.0018153816,-0.0015126416,
5,719,52554,1.0,1.0,272,272,rank1_kept,0.049818803,0.045312632,0.0045061707,-0.0015142187,-0.001072187,-0.00044203177,0.0,1.0,1.0,0.0,False,0,0,False,False,False,True,False,False,False,True,0.0008776701,-0.11577409,
5,720,52596,1.0,1.0,347,493,rank1_kept,0.05761206,0.05067266,0.0069394,0.0019274242,0.0057525113,-0.003825087,0.0,1.0,1.0,0.0,False,0,0,False,False,False,False,False,False,False,False,0.018868824,-0.021334447,
5,721,52598,1.0,2.0,934,934,rank1_to_not1,0.044909704,0.047667332,-0.0027576275,-0.001224421,0.0067815073,-0.008005928,1.0,1.0,1.0,0.0,True,1,0,False,False,False,True,False,False,False,True,0.01573778,-0.12355026,
5,722,52652,4.0,7.0,145,928,not1_kept,0.035202563,0.044229887,-0.009027325,0.0020979308,0.0015786104,0.00051932037,3.0,17.0,15.0,-2.0,True,0,0,False,False,False,False,False,False,True,True,0.00038462217,-0.07799232,
5,723,52892,6.0,6.0,927,651,not1_kept,0.036402944,0.043073103,-0.0066701584,0.0035322942,0.0065403692,-0.003008075,0.0,1.0,1.0,0.0,False,0,0,True,True,True,True,False,False,True,True,0.006751189,-0.12516007,
5,724,52931,7.0,7.0,699,699,not1_kept,0.03477746,0.051901802,-0.017124344,0.0031354837,0.0010530017,0.002082482,0.0,1.0,1.0,0.0,False,0,0,False,False,False,False,False,False,False,True,-0.0036677513,-0.12653339,
5,725,52990,25.0,30.0,48,48,not1_kept,0.03158713,0.04534006,-0.01375293,0.00076027773,0.0011523031,-0.00039202534,5.0,5.0,5.0,0.0,True,0,0,False,False,False,False,False,False,False,False,0.00072297186,-0.17519765,
5,726,53052,18.0,10.0,800,701,not1_kept,0.0151941525,0.032525834,-0.017331682,0.0024495367,-5.2277e-05,0.0025018118,-8.0,97.0,109.0,12.0,False,0,0,False,False,False,True,False,True,True,True,0.0036406415,-0.1249876,
5,727,53070,10.0,12.0,48,48,not1_kept,0.035381123,0.046515014,-0.011133891,0.0019599907,0.004200399,-0.0022404082,2.0,11.0,7.0,-4.0,True,0,0,False,False,False,False,False,False,False,False,0.0041297087,-0.119926445,
5,728,53152,8.0,1.0,19,19,not1_to_rank1,0.047210675,0.042378686,0.0048319884,0.011615727,-0.00015133992,0.011767067,-7.0,4.0,3.0,-1.0,False,0,1,False,False,False,True,False,False,False,False,-0.022164445,-0.14086673,
5,729,53155,1.0,1.0,216,216,rank1_kept,0.057568885,0.04622792,0.011340965,0.0017486624,-0.0008902885,0.002638951,0.0,1.0,1.0,0.0,False,0,0,False,False,False,False,False,True,True,True,-0.0049582133,-0.003656701,
5,730,53157,5.0,5.0,227,227,not1_kept,0.04316627,0.052830663,-0.009664394,0.0013790987,0.0034424104,-0.0020633116,0.0,1.0,1.0,0.0,False,0,0,False,False,False,False,False,False,False,True,0.0039695753,-0.14655629,
5,731,53270,1.0,1.0,111,64,rank1_kept,0.052239884,0.04825179,0.0039880946,0.004509315,0.0045740306,-6.471574e-05,0.0,2.0,3.0,1.0,False,0,0,False,False,False,True,False,True,True,True,0.0074487077,-0.020293202,
5,732,53370,66.0,29.0,847,583,not1_kept,0.021971796,0.04201686,-0.020045064,0.0034491494,-0.00038135797,0.0038305074,-37.0,15.0,13.0,-2.0,False,0,0,False,False,False,True,False,True,True,True,0.010278049,-0.14751586,
5,733,53489,230.0,358.0,176,715,not1_kept,0.012516716,0.038077567,-0.025560852,-0.0010312367,0.0011157878,-0.0021470264,128.0,97.0,161.0,64.0,False,0,0,False,False,False,True,False,False,True,True,0.0053001745,-0.075684726,
5,734,53511,11.0,16.0,128,934,not1_kept,0.032960445,0.039490998,-0.006530553,-0.00083898753,-0.0017550401,0.0009160526,5.0,2.0,2.0,0.0,True,0,0,False,False,False,False,False,False,True,True,0.01976191,-0.059472248,
5,735,53570,2.0,2.0,493,493,not1_kept,0.051734757,0.058163423,-0.0064286664,0.003826417,0.009324331,-0.005497914,0.0,1.0,1.0,0.0,False,0,0,False,False,False,True,False,False,False,False,0.0130031835,0.056298018,
5,736,53727,3.0,9.0,246,246,not1_kept,0.03407812,0.043900084,-0.009821963,-0.002914939,0.0006553978,-0.0035703368,6.0,10.0,16.0,6.0,False,0,0,False,False,False,False,False,False,False,True,0.007740511,-0.11633083,
5,737,53728,1.0,1.0,699,178,rank1_kept,0.04664143,0.030344678,0.016296754,0.00064726174,0.0037246086,-0.0030773468,0.0,1.0,1.0,0.0,False,0,0,True,True,True,True,False,True,True,True,0.008663693,-0.04398782,
5,738,53773,10.0,11.0,827,827,not1_kept,0.03660999,0.052764542,-0.016154554,0.0035367683,0.007067822,-0.0035310537,1.0,24.0,9.0,-15.0,True,0,0,False,False,False,True,False,False,False,True,0.006523771,-0.045378555,
5,739,53858,1.0,2.0,322,540,rank1_to_not1,0.04478592,0.04563308,-0.0008471608,-0.0013950542,0.0015448853,-0.0029399395,1.0,1.0,1.0,0.0,True,1,0,False,False,False,False,False,False,False,False,0.007317017,-0.13469048,
5,740,53881,1.0,1.0,308,308,rank1_kept,0.04843724,0.044794716,0.0036425255,0.0047773607,0.0017842352,0.0029931255,0.0,2.0,2.0,0.0,False,0,0,False,False,False,False,False,True,True,True,-0.0058959057,0.02385161,
5,741,53891,99.0,64.0,48,48,not1_kept,0.020040192,0.036180623,-0.016140431,0.01050072,0.0058416873,0.0046590324,-35.0,263.0,64.0,-199.0,False,0,0,False,False,False,True,False,False,False,False,-0.008795046,-0.07523882,
5,742,54078,37.0,6.0,19,728,not1_kept,0.03544756,0.04446864,-0.009021081,0.012870129,0.0063408874,0.006529242,-31.0,6.0,1.0,-5.0,False,0,0,False,False,False,False,False,True,True,True,-0.008684747,-0.097235754,
5,743,54147,1.0,1.0,316,316,rank1_kept,0.05263536,0.037447244,0.015188117,0.0010240898,0.001496587,-0.0004724972,0.0,2.0,3.0,1.0,False,0,0,False,False,False,False,False,False,False,False,0.0010017443,0.023034696,
5,744,54257,17.0,23.0,777,777,not1_kept,0.032556124,0.046834033,-0.014277909,0.0016515497,0.0003815256,0.0012700241,6.0,11.0,13.0,2.0,False,0,0,False,False,False,False,False,False,False,False,-0.00254752,-0.07144016,
5,745,54361,1.0,1.0,682,682,rank1_kept,0.048296586,0.03827619,0.010020394,-0.00041858107,0.0020853318,-0.002503913,0.0,2.0,3.0,1.0,False,0,0,False,False,False,False,False,False,True,True,0.004928329,-0.11194047,
5,746,54389,16.0,25.0,499,514,not1_kept,0.03851951,0.05129523,-0.012775719,0.0028906427,0.0038204305,-0.00092978776,9.0,12.0,7.0,-5.0,True,0,0,False,False,False,False,False,False,False,True,0.010533112,-0.09565622,
5,747,54643,4.0,7.0,246,246,not1_kept,0.037640557,0.0467194,-0.009078842,-0.002069123,-0.00023946911,-0.001829654,3.0,2.0,2.0,0.0,True,0,0,False,False,False,True,False,False,False,True,0.0038473252,-0.06532611,
5,748,54683,3.0,2.0,903,843,not1_kept,0.05067015,0.051624216,-0.0009540655,0.00871598,0.0022359043,0.0064800754,-1.0,1.0,1.0,0.0,False,0,0,False,False,False,True,False,True,True,True,-0.014176151,-0.10503828,
5,749,54698,1.0,1.0,384,2,rank1_kept,0.05402564,0.04623866,0.007786978,0.0052925125,-0.00066747144,0.005959984,0.0,1.0,1.0,0.0,False,0,0,False,False,False,True,False,False,True,True,-0.0076159835,-0.07158969,
5,750,54743,1.0,1.0,765,715,rank1_kept,0.05462161,0.052203324,0.002418287,-0.0038846843,0.0037421547,-0.007626839,0.0,1.0,1.0,0.0,False,0,0,False,False,False,False,False,False,False,True,0.015007836,-0.13712138,
5,751,54812,5.0,1.0,712,955,not1_to_rank1,0.043255344,0.039686278,0.0035690665,0.0072904825,0.0014504343,0.005840048,-4.0,1.0,1.0,0.0,False,0,1,False,False,False,False,False,False,False,True,-0.0077035152,-0.21724549,
5,752,54824,1.0,1.0,457,19,rank1_kept,0.04955464,0.044706486,0.0048481524,0.0028529242,0.0019201748,0.00093274936,0.0,1.0,1.0,0.0,False,0,0,False,False,False,True,False,False,False,False,0.00078100944,-0.003762601,
5,753,54913,1.0,2.0,843,903,rank1_to_not1,0.0411258,0.041141137,-1.533702e-05,0.0015022233,0.0025649555,-0.0010627322,1.0,1.0,2.0,1.0,False,1,0,False,False,False,False,False,False,False,True,0.0022091486,-0.093293354,
5,754,54959,7.0,10.0,86,86,not1_kept,0.04194154,0.050260726,-0.008319188,0.0039358176,0.0054141805,-0.0014783628,3.0,4.0,4.0,0.0,True,0,0,False,False,False,False,False,False,False,False,0.0029373192,-0.0902598,
5,755,55005,7.0,10.0,812,812,not1_kept,0.037078857,0.045749735,-0.008670878,-0.0027340576,-0.0006666891,-0.0020673685,3.0,1.0,1.0,0.0,True,0,0,False,True,True,True,False,False,False,False,0.0041334345,-0.04319847,
5,756,55107,6.0,4.0,142,765,not1_kept,0.039459158,0.044845678,-0.00538652,0.0013362318,-0.0021414123,0.0034776442,-2.0,7.0,6.0,-1.0,False,0,0,False,False,False,True,False,False,False,False,-0.0052016727,-0.15790386,
5,757,55163,3.0,3.0,19,19,not1_kept,0.047157772,0.056245744,-0.009087972,0.0023935586,0.0019541383,0.00043942034,0.0,3.0,1.0,-2.0,False,0,0,False,True,True,True,True,True,True,True,-0.0008949649,-0.11645547,
5,758,55405,4.0,6.0,583,583,not1_kept,0.03356768,0.04407007,-0.010502391,-0.00061501935,0.003479056,-0.0040940754,2.0,1.0,1.0,0.0,True,0,0,False,False,False,True,False,False,True,True,0.00769412,-0.13348563,
5,759,55408,10.0,17.0,48,48,not1_kept,0.038103208,0.052141104,-0.014037896,-0.0011180565,0.0014293157,-0.0025473721,7.0,1.0,1.0,0.0,True,0,0,False,False,False,True,False,False,False,False,0.004742576,-0.054980833,
5,760,55526,1.0,1.0,761,107,rank1_kept,0.04814307,0.04592486,0.0022182092,0.0019048192,0.0027576126,-0.00085279346,0.0,1.0,1.0,0.0,False,0,0,False,False,False,False,False,False,False,True,0.00808528,-0.08602412,
5,761,55649,1.0,1.0,43,43,rank1_kept,0.05434987,0.049622595,0.004727274,-0.0036075562,-0.0013072491,-0.0023003072,0.0,1.0,1.0,0.0,False,0,0,True,True,True,True,True,True,True,True,0.005408815,-0.14603055,
5,762,55669,5.0,5.0,300,300,not1_kept,0.03149619,0.04029039,-0.0087942,-0.0021169558,0.00024334341,-0.0023602992,0.0,5.0,11.0,6.0,False,0,0,False,False,False,True,False,False,False,True,0.0045781992,-0.13197646,
5,763,55678,3.0,1.0,375,375,not1_to_rank1,0.055411614,0.05442515,0.0009864643,0.010879021,0.0034478642,0.007431157,-2.0,3.0,2.0,-1.0,False,0,1,False,False,False,True,False,False,False,True,-0.016074274,-0.12834157,
5,764,55680,2.0,1.0,403,403,not1_to_rank1,0.050620805,0.050133754,0.0004870519,0.001120396,-0.0023987368,0.0035191327,-1.0,1.0,1.0,0.0,False,0,1,False,False,False,False,False,False,False,True,-0.0067582484,-0.16157523,
5,765,55857,1.0,1.0,461,461,rank1_kept,0.060316086,0.043627933,0.016688153,0.0013880953,-0.0013345629,0.0027226582,0.0,1.0,1.0,0.0,False,0,0,False,False,False,True,False,False,False,True,-0.005532095,-0.067884274,
5,766,55933,2.0,1.0,82,493,not1_to_rank1,0.04710995,0.04309183,0.0040181205,0.0070444383,0.002748914,0.004295524,-1.0,2.0,1.0,-1.0,False,0,1,False,False,False,False,False,False,False,False,0.005955045,-0.017550755,
5,767,55968,2.0,3.0,814,814,not1_kept,0.04825811,0.05783504,-0.009576928,-0.0022911578,0.0011708923,-0.00346205,1.0,1.0,1.0,0.0,True,0,0,True,True,True,True,False,False,False,True,0.006949799,-0.004732699,
5,768,55969,8.0,3.0,446,446,not1_kept,0.037359424,0.045005348,-0.0076459236,0.0074689947,0.00057010725,0.0068988875,-5.0,11.0,2.0,-9.0,False,0,0,False,False,False,True,False,False,False,True,-0.012429345,-0.008688312,
5,769,56042,1.0,1.0,504,624,rank1_kept,0.05690118,0.041618746,0.0152824335,0.010613866,0.0072276965,0.0033861697,0.0,1.0,1.0,0.0,False,0,0,False,False,False,False,False,False,False,False,-0.005643204,-0.06826567,
5,770,56066,1.0,1.0,486,203,rank1_kept,0.051836826,0.04490835,0.0069284774,0.0033595078,0.004693128,-0.0013336204,0.0,2.0,1.0,-1.0,False,0,0,False,False,False,False,False,False,False,False,0.017654022,-0.048418224,
5,771,56126,152.0,152.0,86,86,not1_kept,0.019480469,0.05075224,-0.03127177,0.0029377565,0.003033787,-9.602867e-05,0.0,22.0,10.0,-12.0,False,0,0,False,False,False,False,False,False,False,True,0.0001850946,-0.022688221,
5,772,56154,1.0,1.0,871,871,rank1_kept,0.055891942,0.04730597,0.008585971,0.007298179,0.0011329241,0.006165255,0.0,1.0,1.0,0.0,False,0,0,False,False,False,True,False,True,True,True,-0.012376041,-0.056782946,
5,773,56269,1.0,1.0,256,256,rank1_kept,0.046504427,0.040702228,0.0058021992,0.0024553426,0.004426658,-0.0019713156,0.0,2.0,1.0,-1.0,False,0,0,False,False,False,False,False,False,False,False,0.0039369967,-0.071673416,
5,774,56290,2.0,3.0,183,183,not1_kept,0.048546433,0.053533416,-0.004986983,-0.0023272224,-0.00028037652,-0.0020468459,1.0,1.0,1.0,0.0,True,0,0,False,False,False,True,True,True,True,True,0.0044971216,-0.02009812,
5,775,56314,95.0,112.0,403,403,not1_kept,0.022584086,0.04938099,-0.026796905,-0.00077592954,0.0019021593,-0.0026780888,17.0,99.0,121.0,22.0,False,0,0,False,False,False,False,False,False,False,False,0.004984847,-0.17041847,
5,776,56418,1.0,1.0,86,468,rank1_kept,0.040191002,0.03953381,0.00065719336,0.0032982305,0.005682938,-0.0023847073,0.0,1.0,1.0,0.0,False,0,0,False,False,False,False,False,False,False,False,0.011374956,-0.1589576,
5,777,56454,1.0,1.0,159,159,rank1_kept,0.052166518,0.047519874,0.004646644,0.0046148375,0.0032572225,0.001357615,0.0,11.0,6.0,-5.0,False,0,0,False,False,False,False,False,False,False,True,-0.0026423978,-0.15290764,
5,778,56471,1.0,1.0,5,5,rank1_kept,0.048732255,0.04698977,0.0017424859,-0.0011061281,-0.0010269545,-7.9173595e-05,0.0,6.0,6.0,0.0,False,0,0,True,True,True,True,False,False,False,True,0.00015877606,-0.13758424,
5,779,56670,4.0,8.0,827,827,not1_kept,0.034687225,0.05020728,-0.015520055,-3.489107e-05,0.0057823732,-0.0058172643,4.0,3.0,3.0,0.0,True,0,0,False,False,False,True,False,False,False,True,0.01159812,-0.069299266,
5,780,56681,5.0,14.0,750,142,not1_kept,0.0255696,0.036966328,-0.011396728,-0.0038871616,0.0028274842,-0.006714646,9.0,16.0,27.0,11.0,False,0,0,False,False,False,False,False,False,False,False,0.022911126,-0.04209533,
5,781,56695,2.0,1.0,777,777,not1_to_rank1,0.045685038,0.043516636,0.002168402,-0.0005807094,-0.004801087,0.0042203777,-1.0,1.0,1.0,0.0,False,0,1,False,False,False,False,False,False,False,False,-0.007933368,-0.15945928,
5,782,56723,13.0,25.0,306,306,not1_kept,0.033916403,0.046247225,-0.012330823,-0.0049202032,-0.006886918,0.0019667149,12.0,2.0,2.0,0.0,True,0,0,False,False,False,False,False,False,False,False,-0.0036148303,-0.18435413,
5,783,56751,28.0,21.0,699,172,not1_kept,0.034716055,0.046935737,-0.012219682,0.00096544623,-0.0053360015,0.0063014477,-7.0,6.0,8.0,2.0,False,0,0,False,False,False,False,False,False,False,False,0.008708266,-0.041851558,
5,784,56782,5.0,2.0,327,327,not1_kept,0.04404417,0.04736866,-0.00332449,0.0072068907,0.0025213696,0.004685521,-3.0,7.0,5.0,-2.0,False,0,0,False,False,False,True,False,False,False,True,-0.009259895,-0.085753605,
5,785,56784,23.0,17.0,743,743,not1_kept,0.039321784,0.051844437,-0.012522653,0.0051308237,0.00077391043,0.0043569133,-6.0,1.0,1.0,0.0,False,0,0,False,False,False,False,False,False,False,False,-0.008625404,-0.19222872,
5,786,56850,1.0,2.0,588,588,rank1_to_not1,0.040437736,0.042129997,-0.0016922615,0.0014742352,0.00503568,-0.0035614446,1.0,1.0,2.0,1.0,False,1,0,False,False,False,False,True,True,True,True,0.0073120883,-0.007666384,
5,787,56867,1.0,1.0,217,426,rank1_kept,0.05228043,0.05097841,0.0013020188,0.0056124814,0.0075025335,-0.0018900521,0.0,1.0,1.0,0.0,False,0,0,False,False,True,True,False,True,True,True,0.008013125,-0.051629715,
5,788,56911,7.0,1.0,827,78,not1_to_rank1,0.04620142,0.042379357,0.0038220622,0.006778449,-0.000795342,0.007573791,-6.0,1.0,1.0,0.0,False,0,1,False,False,False,True,False,False,False,True,-0.0076484755,-0.042560652,
5,789,56948,1.0,1.0,606,606,rank1_kept,0.051921204,0.049494542,0.0024266616,0.0012477599,0.0040779375,-0.0028301775,0.0,1.0,1.0,0.0,False,0,0,False,False,True,True,False,False,False,True,0.0052777333,-0.06890924,
5,790,57046,1.0,2.0,925,925,rank1_to_not1,0.041668106,0.043880157,-0.0022120513,0.0034896135,0.009214107,-0.0057244934,1.0,1.0,1.0,0.0,True,1,0,True,True,True,True,False,True,True,True,0.010238205,-0.07056218,
5,791,57060,2.0,2.0,36,36,not1_kept,0.039867803,0.047420062,-0.0075522587,0.00013997778,0.0040860623,-0.0039460845,0.0,2.0,8.0,6.0,False,0,0,False,False,False,True,False,False,False,True,0.00748564,-0.10810621,
5,792,57435,4.0,3.0,440,440,not1_kept,0.041616436,0.042801104,-0.0011846684,0.006761737,0.004714787,0.0020469502,-1.0,1.0,1.0,0.0,False,0,0,False,False,False,False,True,True,True,True,-0.0043192925,-0.055427305,
5,793,57443,1.0,1.0,221,221,rank1_kept,0.06594165,0.051930178,0.014011469,0.002824068,0.0045240074,-0.0016999394,0.0,1.0,1.0,0.0,False,0,0,False,True,True,True,False,True,True,True,0.0034780288,-0.0032600479,
5,794,57478,1.0,1.0,471,471,rank1_kept,0.055989332,0.041177377,0.014811955,0.0010499693,0.00066246465,0.0003875047,0.0,1.0,1.0,0.0,False,0,0,True,True,True,True,False,False,False,True,-0.0009200679,-0.15817972,
5,795,57542,19.0,8.0,763,763,not1_kept,0.04170946,0.056599613,-0.014890153,0.006316535,0.00822394,-0.0019074045,-11.0,1.0,1.0,0.0,False,0,0,True,True,True,True,True,True,True,True,0.004478067,-0.07071519,
5,796,57553,18.0,15.0,48,78,not1_kept,0.035594553,0.04724924,-0.011654686,0.0045342427,0.006578658,-0.002044415,-3.0,12.0,12.0,0.0,False,0,0,False,False,False,False,False,False,False,True,0.0036252914,0.010821092,
5,797,57648,55.0,91.0,163,163,not1_kept,0.025542898,0.053101398,-0.0275585,-0.0022825468,0.003495723,-0.00577827,36.0,1.0,3.0,2.0,False,0,0,False,False,False,True,False,False,False,False,0.011646155,-0.03186714,
5,798,57650,3.0,3.0,172,172,not1_kept,0.045499172,0.051610883,-0.0061117113,0.0008550249,0.0024479963,-0.0015929714,0.0,1.0,1.0,0.0,False,0,0,False,False,False,False,False,False,False,False,0.0027955375,-0.09355511,
5,799,57681,2.0,1.0,954,954,not1_to_rank1,0.05253689,0.05094222,0.0015946701,0.00935711,-0.0012786537,0.010635763,-1.0,1.0,1.0,0.0,False,0,1,False,False,False,False,False,False,False,False,-0.018794017,-0.11019621,
5,800,57822,1.0,1.0,536,370,rank1_kept,0.051871866,0.041079126,0.01079274,-0.0021144897,0.0022312813,-0.004345771,0.0,1.0,1.0,0.0,False,0,0,False,False,True,True,False,False,True,True,0.008369888,-0.14204858,
5,801,57838,1.0,1.0,161,161,rank1_kept,0.059158146,0.042740148,0.016417999,-0.0022786446,-0.0009181462,-0.0013604984,0.0,1.0,1.0,0.0,False,0,0,False,False,False,False,False,False,False,True,0.0027564545,-0.0944227,
5,802,57906,3.0,6.0,188,680,not1_kept,0.040874653,0.051856026,-0.0109813735,0.0002069138,0.0056224614,-0.0054155476,3.0,1.0,1.0,0.0,True,0,0,False,False,False,False,False,False,False,False,0.017215174,-0.09218422,
5,803,58096,2.0,1.0,637,637,not1_to_rank1,0.054487087,0.04898642,0.005500667,0.006796494,0.0010619722,0.005734522,-1.0,1.0,1.0,0.0,False,0,1,False,True,True,True,True,True,True,True,-0.011722239,-0.009285444,
5,804,58144,1.0,1.0,406,800,rank1_kept,0.04076441,0.027462564,0.013301846,0.0068892837,-0.0030285213,0.009917805,0.0,1.0,1.0,0.0,False,0,0,False,False,False,False,False,True,True,True,-0.011201394,-0.067695886,
5,805,58164,1.0,1.0,534,534,rank1_kept,0.051832505,0.044728786,0.007103719,0.003708329,-9.889901e-05,0.003807228,0.0,2.0,2.0,0.0,False,0,0,False,False,False,False,False,True,True,True,-0.007766874,0.007471417,
5,806,58187,1.0,1.0,445,524,rank1_kept,0.05235824,0.051811203,0.0005470365,0.00021224096,0.00430106,-0.004088819,0.0,1.0,1.0,0.0,False,0,0,False,False,False,True,True,True,True,True,0.014370123,0.013269413,
5,807,58404,3.0,1.0,560,954,not1_to_rank1,0.04229086,0.04152063,0.00077022985,0.0016443096,0.00030549616,0.0013388135,-2.0,1.0,1.0,0.0,False,0,1,False,False,False,True,False,False,False,True,-0.0005592933,-0.11949935,
5,808,58668,2.0,3.0,165,48,not1_kept,0.039705243,0.044124395,-0.0044191517,-0.0047735684,-0.003353458,-0.0014201105,1.0,1.0,1.0,0.0,True,0,0,False,False,False,True,False,False,True,True,0.015599515,-0.065138265,
5,809,58681,1.0,1.0,912,147,rank1_kept,0.04731123,0.03981924,0.007491991,-0.0045084246,-0.0036485866,-0.000859838,0.0,1.0,1.0,0.0,False,0,0,False,False,False,True,False,False,True,True,0.007615827,-0.075735204,
5,810,59023,5.0,17.0,383,680,not1_kept,0.03763847,0.0456493,-0.008010831,-0.00048180297,0.0042458735,-0.0047276765,12.0,4.0,4.0,0.0,True,0,0,False,False,False,False,False,False,True,True,0.015134992,0.04795698,
5,811,59039,3.0,3.0,523,523,not1_kept,0.042227253,0.049432218,-0.0072049648,0.0021816045,-0.00040211529,0.0025837198,0.0,5.0,1.0,-4.0,False,0,0,False,False,False,False,False,False,False,False,-0.005384308,-0.04179157,
5,812,59046,19.0,50.0,400,805,not1_kept,0.027852641,0.041451488,-0.013598846,-0.0025401507,-0.0030695759,0.0005294252,31.0,25.0,29.0,4.0,False,0,0,False,False,False,False,False,False,False,False,0.013520553,-0.060622744,
5,813,59079,1.0,2.0,522,522,rank1_to_not1,0.045755047,0.046152174,-0.00039712712,0.0006695278,0.0055780597,-0.004908532,1.0,1.0,1.0,0.0,True,1,0,False,False,False,False,False,False,False,False,0.009726828,-0.05635435,
5,814,59091,1.0,1.0,246,246,rank1_kept,0.050125357,0.048116963,0.0020083934,-0.005271204,0.0010349713,-0.006306175,0.0,3.0,5.0,2.0,False,0,0,False,False,False,True,False,False,False,False,0.0133128,-0.11436004,
5,815,59194,1.0,1.0,589,149,rank1_kept,0.04967857,0.04492132,0.0047572516,0.0022106022,0.0010852851,0.0011253171,0.0,1.0,1.0,0.0,False,0,0,False,False,False,True,False,False,False,True,0.0059888978,-0.05540001,
5,816,59284,14.0,3.0,21,21,not1_kept,0.036199693,0.05451654,-0.018316846,0.008625412,0.005590655,0.0030347575,-11.0,3.0,1.0,-2.0,False,0,0,False,False,True,True,False,False,False,True,-0.0059833913,-0.06129565,
5,817,59419,10.0,9.0,191,191,not1_kept,0.038224626,0.04847736,-0.010252733,0.0035631694,-0.0011752583,0.0047384277,-1.0,2.0,1.0,-1.0,False,0,0,False,False,False,True,False,True,True,True,-0.009286587,-0.17789485,
5,818,59420,1.0,1.0,66,487,rank1_kept,0.044230558,0.03908205,0.0051485077,0.003966354,0.003336519,0.00062983483,0.0,5.0,3.0,-2.0,False,0,0,False,False,False,False,False,False,False,False,0.0052328655,-0.020287346,
5,819,59585,2.0,9.0,699,322,not1_kept,0.04066559,0.046220575,-0.0055549853,-0.001382079,0.0040084496,-0.0053905286,7.0,1.0,1.0,0.0,True,0,0,False,False,False,False,False,False,False,False,0.015784059,-0.02627368,
5,820,59595,1.0,1.0,522,522,rank1_kept,0.043911573,0.041700497,0.0022110753,-0.0036374629,0.00010635704,-0.00374382,0.0,1.0,1.0,0.0,False,0,0,False,False,False,False,False,False,False,True,0.007314125,-0.13947608,
5,821,59631,1.0,1.0,586,90,rank1_kept,0.05152888,0.04746783,0.004061047,0.004180532,0.0011844411,0.0029960908,0.0,1.0,1.0,0.0,False,0,0,False,False,False,False,False,False,False,True,-0.0036457358,-0.15834391,
5,822,59699,4.0,6.0,21,21,not1_kept,0.03494276,0.04455301,-0.009610251,0.0020776019,0.005103413,-0.0030258112,2.0,6.0,9.0,3.0,False,0,0,True,True,True,True,False,True,True,True,0.0065529128,-0.046191167,
5,823,59817,17.0,16.0,204,468,not1_kept,0.03472385,0.043683514,-0.008959662,0.0010182299,-0.0011617094,0.0021799393,-1.0,4.0,3.0,-1.0,False,0,0,False,False,False,False,False,False,False,True,0.0009271776,-0.11138957,
5,824,59994,96.0,50.0,414,414,not1_kept,0.0328977,0.05125423,-0.018356532,0.007272303,0.0024561062,0.004816197,-46.0,10.0,4.0,-6.0,False,0,0,False,False,False,False,True,True,True,True,-0.008591312,-0.0867865,
5,825,60094,2.0,2.0,167,167,not1_kept,0.044058803,0.044206295,-0.0001474917,0.003758721,0.0020179898,0.0017407313,0.0,1.0,1.0,0.0,False,0,0,False,False,False,False,False,False,False,True,-0.003289957,-0.065421216,
5,826,60119,11.0,8.0,590,828,not1_kept,0.036602084,0.042259134,-0.0056570508,0.006397471,0.0048431978,0.0015542731,-3.0,5.0,4.0,-1.0,False,0,0,False,True,True,True,False,False,False,False,-0.0021065879,-0.09000332,
5,827,60186,1.0,1.0,127,127,rank1_kept,0.05152239,0.041181754,0.010340635,0.002020523,-0.0022399016,0.0042604245,0.0,3.0,5.0,2.0,False,0,0,False,False,False,False,False,False,False,True,-0.008045698,-0.11422613,
5,828,60251,1.0,1.0,736,951,rank1_kept,0.061532803,0.03788022,0.023652583,0.0046670362,0.0020589195,0.0026081167,0.0,1.0,1.0,0.0,False,0,0,False,False,False,False,False,False,False,False,0.003773949,-0.10292391,
5,829,60305,1.0,1.0,375,339,rank1_kept,0.047884353,0.04066706,0.0072172917,0.0010987893,-0.00022007152,0.0013188608,0.0,1.0,1.0,0.0,False,0,0,False,False,False,True,True,True,True,True,0.010466793,-0.07821007,
5,830,60456,4.0,7.0,125,125,not1_kept,0.028817274,0.037349813,-0.008532539,-0.0034244768,0.000106241554,-0.0035307184,3.0,29.0,50.0,21.0,False,0,0,False,False,False,False,False,False,False,True,0.0059475605,-0.10638555,
5,831,60505,2.0,3.0,486,486,not1_kept,0.038818378,0.04367471,-0.004856333,0.0011703782,0.0021555647,-0.0009851865,1.0,1.0,1.0,0.0,True,0,0,False,True,True,True,False,False,False,True,0.0020486047,-0.059607815,
5,832,60519,10.0,7.0,523,504,not1_kept,0.041259024,0.04870196,-0.0074429363,0.005289931,0.0012092441,0.0040806867,-3.0,1.0,1.0,0.0,False,0,0,False,False,False,True,False,False,True,True,-0.0011623546,-0.0011570281,
5,833,60553,15.0,22.0,405,405,not1_kept,0.020117948,0.03736024,-0.017242292,-0.0011611413,0.0027646422,-0.0039257836,7.0,25.0,34.0,9.0,False,0,0,False,True,True,True,False,True,True,True,0.008359136,0.03130467,
5,834,60725,6.0,4.0,791,118,not1_kept,0.037510466,0.04114618,-0.0036357157,0.0069022346,0.0042114705,0.0026907641,-2.0,5.0,6.0,1.0,False,0,0,False,False,False,True,False,False,False,False,0.0069347103,0.00562879,
5,835,60834,2.0,3.0,383,383,not1_kept,0.039943945,0.042118058,-0.002174113,-0.0002361685,-0.002152823,0.0019166544,1.0,1.0,3.0,2.0,False,0,0,False,False,False,True,False,False,False,True,-0.0038321624,-0.15013413,
5,836,60845,4.0,2.0,928,480,not1_kept,0.044682365,0.045598887,-0.000916522,0.003308624,0.0032500215,5.860254e-05,-2.0,1.0,1.0,0.0,False,0,0,False,False,False,False,False,False,False,False,0.0012499017,-0.19076434,
5,837,60867,4.0,3.0,859,859,not1_kept,0.037809566,0.04179152,-0.0039819553,-0.0021503717,-0.0024022162,0.00025184453,-1.0,1.0,3.0,2.0,False,0,0,False,False,False,False,False,False,False,True,-0.00051770895,-0.14778802,
5,838,60978,1.0,3.0,765,765,rank1_to_not1,0.037796486,0.04160038,-0.003803894,-0.0028112195,0.001911182,-0.0047224015,2.0,1.0,1.0,0.0,True,1,0,False,False,False,False,False,True,True,True,0.009329274,-0.2286738,
5,839,61122,3.0,6.0,225,403,not1_kept,0.044033483,0.05417689,-0.010143407,-0.0017666109,0.0049402043,-0.006706815,3.0,1.0,1.0,0.0,True,0,0,False,False,False,False,False,False,False,False,0.015551053,-0.12282639,
5,840,61133,2.0,4.0,590,680,not1_kept,0.04606315,0.048718065,-0.0026549138,0.002230838,0.0022496283,-1.8790364e-05,2.0,1.0,1.0,0.0,True,0,0,False,False,True,True,False,False,False,True,0.014014074,-0.05380269,
5,841,61177,33.0,52.0,554,729,not1_kept,0.026109966,0.037803367,-0.011693401,-0.002518965,-0.0013894625,-0.0011295024,19.0,15.0,45.0,30.0,False,0,0,False,False,False,False,False,False,False,True,0.0024553314,-0.14608209,
5,842,61216,16.0,15.0,999,828,not1_kept,0.034225233,0.04205558,-0.007830348,0.005169181,0.0038807355,0.0012884457,-1.0,16.0,7.0,-9.0,False,0,0,False,False,False,False,False,False,False,False,0.00039460725,-0.04165252,
5,843,61510,1.0,1.0,794,754,rank1_kept,0.058538042,0.04557843,0.012959611,0.007551968,0.0047401376,0.0028118305,0.0,2.0,1.0,-1.0,False,0,0,False,False,False,False,False,False,True,True,-0.005605218,-0.08013371,
5,844,61513,1.0,1.0,567,316,rank1_kept,0.048715923,0.04055572,0.008160204,0.0056409203,0.001692839,0.0039480813,0.0,1.0,1.0,0.0,False,0,0,False,False,False,False,False,False,False,False,0.00091181067,-0.14688013,
5,845,61677,6.0,3.0,162,162,not1_kept,0.041692127,0.049781166,-0.0080890395,0.0041185617,0.001163315,0.0029552467,-3.0,2.0,2.0,0.0,False,0,0,False,True,True,True,False,False,False,True,-0.006169202,-0.12129827,
5,846,61738,29.0,13.0,354,805,not1_kept,0.030219004,0.0445031,-0.014284097,0.006861413,0.0071867704,-0.00032535754,-16.0,47.0,28.0,-19.0,False,0,0,False,False,False,False,False,False,False,True,0.0029345509,-0.08571625,
5,847,61748,1.0,1.0,118,118,rank1_kept,0.05885538,0.050691877,0.008163504,-0.0032723807,0.0066500604,-0.009922441,0.0,1.0,1.0,0.0,False,0,0,False,False,False,True,False,False,False,True,0.02035722,-0.0066107884,
5,848,61752,1.0,1.0,91,862,rank1_kept,0.06494212,0.042946555,0.021995567,0.0018091649,0.0023288243,-0.00051965937,0.0,1.0,1.0,0.0,False,0,0,False,False,False,False,False,False,False,True,0.0072460845,-0.09974376,
5,849,61797,1.0,1.0,591,250,rank1_kept,0.053095043,0.044959385,0.008135658,0.0008502975,0.002665326,-0.0018150285,0.0,1.0,1.0,0.0,False,0,0,False,False,False,False,False,False,False,True,0.012019996,-0.08491846,
5,850,61801,8.0,11.0,761,651,not1_kept,0.041504033,0.050211824,-0.008707792,0.003773719,0.007876065,-0.0041023456,3.0,1.0,1.0,0.0,True,0,0,False,False,False,False,False,False,False,False,0.010522859,-0.1357746,
5,851,61809,21.0,11.0,125,125,not1_kept,0.033488657,0.053000778,-0.01951212,0.0038878452,0.0010602213,0.0028276239,-10.0,10.0,4.0,-6.0,False,0,0,False,False,False,False,False,False,False,True,-0.0047473055,-0.088536225,
5,852,61873,1.0,1.0,867,208,rank1_kept,0.043555703,0.03592293,0.0076327734,0.0016835779,0.00040762872,0.0012759492,0.0,4.0,3.0,-1.0,False,0,0,False,False,True,True,False,False,True,True,0.002915183,-0.10320605,
5,853,61972,1.0,1.0,37,655,rank1_kept,0.062481757,0.04791902,0.014562737,0.0045861453,-0.00048608705,0.0050722323,0.0,1.0,1.0,0.0,False,0,0,False,False,True,True,False,False,True,True,-0.0015402369,-0.021832777,
5,854,62006,13.0,15.0,57,167,not1_kept,0.033832386,0.044551574,-0.010719188,0.0025655665,0.0035605282,-0.0009949617,2.0,2.0,1.0,-1.0,True,0,0,False,False,False,True,False,False,False,True,0.004074911,-0.026675954,
5,855,62015,6.0,7.0,127,127,not1_kept,0.033769716,0.039680243,-0.005910527,0.0018191524,0.0013377815,0.00048137084,1.0,6.0,9.0,3.0,False,0,0,False,False,True,True,False,False,False,True,-0.0009514765,-0.07315495,
5,856,62209,1.0,1.0,635,78,rank1_kept,0.06643198,0.04452316,0.021908816,0.006626893,0.0056793764,0.0009475164,0.0,1.0,1.0,0.0,False,0,0,False,False,False,False,False,False,False,False,0.006123713,0.027944915,
5,857,62228,1.0,2.0,107,856,rank1_to_not1,0.04058083,0.04429822,-0.003717389,-0.00029843673,0.0079372,-0.008235637,1.0,2.0,2.0,0.0,True,1,0,False,False,False,False,False,False,False,True,0.020313509,-0.0053993883,
5,858,62275,14.0,21.0,5,5,not1_kept,0.03202052,0.05241916,-0.02039864,-0.0037548766,0.0019692667,-0.0057241432,7.0,2.0,5.0,3.0,False,0,0,False,False,True,True,False,True,True,True,0.00990821,-0.1376352,
5,859,62302,1.0,1.0,403,159,rank1_kept,0.048460867,0.045643073,0.0028177947,0.0008397065,0.005515013,-0.0046753064,0.0,2.0,2.0,0.0,False,0,0,False,False,True,True,False,False,False,False,0.011327215,-0.043449372,
5,860,62365,1.0,3.0,60,60,rank1_to_not1,0.044678602,0.047592275,-0.0029136725,0.00076511875,0.0058649853,-0.0050998665,2.0,1.0,1.0,0.0,True,1,0,False,False,False,True,False,True,True,True,0.009981654,-0.037393235,
5,861,62479,2.0,3.0,132,132,not1_kept,0.04504572,0.050545964,-0.005500246,0.002183143,0.003502462,-0.001319319,1.0,1.0,1.0,0.0,True,0,0,False,False,False,False,False,False,True,True,0.0024221698,-0.023496682,
5,862,62544,1.0,1.0,384,384,rank1_kept,0.0504261,0.049484532,0.0009415671,0.0028999895,0.005822826,-0.0029228367,0.0,2.0,2.0,0.0,False,0,0,False,True,True,True,False,False,True,True,0.0068465853,-0.055738084,
5,863,62561,27.0,38.0,361,127,not1_kept,0.032349914,0.041136537,-0.008786622,0.00089344755,0.00024139881,0.00065204874,11.0,2.0,2.0,0.0,True,0,0,False,False,False,False,False,False,False,False,0.002248005,-0.10836497,
5,864,62683,20.0,11.0,712,712,not1_kept,0.039499495,0.052517608,-0.013018113,0.005439922,-0.00033193827,0.0057718605,-9.0,7.0,3.0,-4.0,False,0,0,False,False,False,True,False,True,True,True,-0.012139427,-0.09858511,
5,865,62748,1.0,1.0,2,2,rank1_kept,0.05858002,0.04576719,0.012812827,0.006905757,0.0064159892,0.00048976764,0.0,1.0,1.0,0.0,False,0,0,True,True,True,True,False,False,False,False,-0.0010606811,-0.1268529,
5,866,62960,1.0,1.0,889,370,rank1_kept,0.039587308,0.03958714,1.6763806e-07,-0.0025335886,0.0035726614,-0.00610625,0.0,2.0,3.0,1.0,False,0,0,False,False,False,True,False,False,True,True,0.011849656,-0.05336567,
5,867,63081,89.0,60.0,543,543,not1_kept,0.029644748,0.045901023,-0.016256275,0.0031350814,0.0020121634,0.001122918,-29.0,30.0,37.0,7.0,False,0,0,False,False,False,True,False,False,True,True,-0.002246642,-0.08277831,
5,868,63182,6.0,6.0,356,356,not1_kept,0.040684864,0.04867228,-0.007987417,0.004301455,0.005411677,-0.0011102222,0.0,1.0,1.0,0.0,False,0,0,False,False,False,False,False,False,False,False,0.0019355208,-0.17602311,
5,869,63345,11.0,11.0,460,460,not1_kept,0.044178996,0.058935847,-0.014756851,0.005504355,0.006001577,-0.00049722195,0.0,2.0,1.0,-1.0,False,0,0,False,False,False,False,False,False,False,True,0.0010265219,0.0040128957,
5,870,63449,3.0,3.0,674,674,not1_kept,0.041205574,0.05060977,-0.009404197,0.0023781285,0.0031463243,-0.00076819584,0.0,3.0,4.0,1.0,False,0,0,False,False,False,False,False,False,False,True,0.0015678649,-0.035446033,
5,871,63746,1.0,1.0,70,208,rank1_kept,0.04847358,0.044416245,0.0040573366,0.0015496649,0.0043936633,-0.0028439984,0.0,1.0,1.0,0.0,False,0,0,False,True,True,True,True,True,True,True,0.017609,-0.010982793,
5,872,63781,1.0,2.0,455,551,rank1_to_not1,0.048921507,0.049210325,-0.00028881803,-0.0016034804,0.006337691,-0.0079411715,1.0,1.0,1.0,0.0,True,1,0,False,False,False,False,False,False,False,False,0.01653687,-0.098370075,
5,873,63825,6.0,10.0,36,36,not1_kept,0.03608642,0.051644836,-0.015558414,3.5867095e-05,0.0052938424,-0.0052579753,4.0,8.0,10.0,2.0,False,0,0,False,True,True,True,False,False,True,True,0.010905689,-0.08474168,
5,874,63922,13.0,34.0,963,629,not1_kept,0.023732321,0.044871286,-0.021138964,-0.0037951525,0.005527001,-0.009322153,21.0,41.0,73.0,32.0,False,0,0,False,False,False,False,False,False,False,True,0.021550257,-0.06370561,
5,875,63931,1.0,1.0,777,777,rank1_kept,0.058893986,0.048358735,0.010535251,0.0059660263,0.0027330816,0.0032329448,0.0,1.0,1.0,0.0,False,0,0,False,False,False,True,False,False,False,False,-0.0069930023,-0.06876247,
5,876,63944,1.0,1.0,652,947,rank1_kept,0.061720155,0.043702647,0.018017508,-0.000608366,-0.0040087923,0.0034004264,0.0,1.0,1.0,0.0,False,0,0,False,False,False,True,False,True,True,True,0.0019413643,-0.04498835,
5,877,64004,122.0,56.0,93,64,not1_kept,0.029368537,0.042783543,-0.013415007,0.0068725385,0.0014633089,0.0054092295,-66.0,6.0,6.0,0.0,False,0,0,False,False,False,False,False,False,False,False,-0.0010756449,-0.08847239,
5,878,64096,53.0,46.0,354,354,not1_kept,0.021836633,0.040176913,-0.01834028,0.0063142497,0.0072493963,-0.0009351466,-7.0,194.0,107.0,-87.0,False,0,0,False,False,False,False,False,False,True,True,0.001560631,-0.012821259,
5,879,64295,2.0,2.0,509,509,not1_kept,0.04899182,0.050999034,-0.0020072125,0.005737614,0.0045178607,0.0012197532,0.0,1.0,1.0,0.0,False,0,0,False,False,False,True,False,False,False,True,-0.0024095587,-0.13132587,
5,880,64483,27.0,35.0,523,306,not1_kept,0.03191544,0.046468373,-0.014552932,0.002071241,0.00046558306,0.0016056579,8.0,13.0,21.0,8.0,False,0,0,False,False,False,False,False,False,False,False,0.0025591967,-0.116149515,
5,881,64498,243.0,255.0,43,43,not1_kept,0.018068824,0.04594131,-0.027872484,0.0024049021,0.00384048,-0.0014355779,12.0,181.0,190.0,9.0,False,0,0,False,False,False,False,False,False,False,False,0.0028958363,-0.23941487,
5,882,64615,45.0,82.0,801,118,not1_kept,0.027981238,0.04600436,-0.01802312,-0.0012552105,0.004635114,-0.0058903247,37.0,11.0,52.0,41.0,False,0,0,False,False,False,True,False,False,False,False,0.022570813,-0.022448756,
5,883,64621,5.0,3.0,48,208,not1_kept,0.03741646,0.04275997,-0.005343508,0.001672402,0.0033426434,-0.0016702414,-2.0,2.0,2.0,0.0,False,0,0,False,False,False,False,False,False,False,False,0.007943265,-0.023081496,
5,884,64687,13.0,25.0,636,636,not1_kept,0.033207852,0.04502051,-0.011812657,0.0052478295,0.006265048,-0.0010172185,12.0,10.0,3.0,-7.0,True,0,0,False,False,False,False,False,False,False,True,0.0020076798,-0.10041708,
5,885,64771,2.0,1.0,687,687,not1_to_rank1,0.046077274,0.04314227,0.0029350035,0.010126259,0.005284872,0.0048413873,-1.0,9.0,5.0,-4.0,False,0,1,False,False,True,True,False,False,False,False,-0.010036964,-6.8818685e-05,
5,886,64867,2.0,1.0,999,842,not1_to_rank1,0.04337157,0.042606514,0.0007650554,0.003301002,0.0017568357,0.0015441664,-1.0,4.0,6.0,2.0,False,0,1,False,True,True,True,False,False,False,True,-0.0006764587,-0.10187527,
5,887,64880,17.0,11.0,777,743,not1_kept,0.03401625,0.048834525,-0.0148182735,0.0037814677,-0.0002844669,0.0040659346,-6.0,2.0,2.0,0.0,False,0,0,False,False,False,False,False,False,False,True,-0.008467028,-0.09605162,
5,888,64893,24.0,34.0,400,400,not1_kept,0.02665749,0.041898433,-0.015240943,0.0009360444,-0.003819514,0.0047555584,10.0,19.0,21.0,2.0,False,0,0,False,False,False,False,False,False,False,True,-0.0085188,-0.16322938,
5,889,64979,1.0,1.0,906,906,rank1_kept,0.050172124,0.04795922,0.0022129044,-0.0019242391,0.0044758283,-0.0064000674,0.0,1.0,1.0,0.0,False,0,0,False,False,False,False,False,False,False,False,0.010828563,-0.024104286,
5,890,65010,5.0,6.0,48,48,not1_kept,0.03917193,0.04583893,-0.0066669993,0.0011949278,0.00086411834,0.0003308095,1.0,4.0,4.0,0.0,True,0,0,False,False,True,True,False,False,False,True,-0.00063906756,-0.0942302,
5,891,65069,1.0,1.0,163,163,rank1_kept,0.057191316,0.050327834,0.0068634823,0.009153977,0.004303567,0.00485041,0.0,1.0,1.0,0.0,False,0,0,False,False,False,True,False,False,True,True,-0.009900996,-0.0890823,
5,892,65148,1.0,2.0,814,814,rank1_to_not1,0.05499094,0.058260016,-0.0032690763,-0.0009851418,0.005312871,-0.006298013,1.0,2.0,1.0,-1.0,True,1,0,False,False,False,False,False,False,False,False,0.012633231,-0.085833445,
5,893,65187,8.0,11.0,468,468,not1_kept,0.03913346,0.052266013,-0.013132554,-0.003343694,0.006337747,-0.009681441,3.0,1.0,1.0,0.0,True,0,0,False,False,False,True,False,False,False,False,0.019418597,-0.11263676,
5,894,65232,12.0,12.0,827,827,not1_kept,0.033179767,0.055914074,-0.022734307,0.0008010529,0.0051872954,-0.0043862425,0.0,4.0,9.0,5.0,False,0,0,False,False,False,False,False,False,False,False,0.00810071,-0.07835011,
5,895,65253,2.0,4.0,486,493,not1_kept,0.044398174,0.047770653,-0.0033724792,0.0018522218,0.0011842065,0.00066801533,2.0,1.0,1.0,0.0,True,0,0,False,False,False,True,False,False,False,False,0.01716086,-0.004054279,
5,896,65267,2.0,2.0,119,119,not1_kept,0.045024753,0.046100076,-0.0010753237,0.0040870532,-0.003282413,0.007369466,0.0,1.0,1.0,0.0,False,0,0,False,False,False,True,False,False,False,True,-0.014887561,-0.057590906,
5,897,65376,1.0,1.0,270,270,rank1_kept,0.06591651,0.053190917,0.012725592,0.00500777,0.0113370605,-0.0063292906,0.0,1.0,1.0,0.0,False,0,0,False,False,False,False,False,False,False,True,0.0124552855,-0.13435483,
5,898,65414,3.0,3.0,98,98,not1_kept,0.043050185,0.050147664,-0.007097479,0.0018043555,0.002695229,-0.0008908734,0.0,1.0,1.0,0.0,False,0,0,False,True,True,True,False,False,False,True,0.0018469818,-0.086822905,
5,899,65445,1.0,1.0,590,375,rank1_kept,0.043396126,0.03956409,0.0038320348,0.0041470192,0.0009122044,0.0032348149,0.0,1.0,2.0,1.0,False,0,0,False,False,False,False,False,True,True,True,0.0019380478,-0.11433994,
5,900,65639,1.0,1.0,814,814,rank1_kept,0.053578686,0.041457176,0.01212151,0.0044190325,-0.0015039816,0.005923014,0.0,1.0,2.0,1.0,False,0,0,False,False,False,True,False,False,False,False,-0.0125405695,-0.050921865,
5,901,65654,10.0,4.0,367,367,not1_kept,0.03202743,0.039329614,-0.0073021837,0.0057068057,0.0028890446,0.0028177612,-6.0,10.0,6.0,-4.0,False,0,0,False,True,True,True,False,True,True,True,-0.0060714474,-0.07387912,
5,902,65686,9.0,9.0,127,827,not1_kept,0.03237865,0.04107753,-0.008698877,0.0043746065,0.0035495237,0.0008250829,0.0,2.0,2.0,0.0,False,0,0,False,False,False,False,False,True,True,True,0.0010323038,-0.12462334,
5,903,65769,1.0,2.0,426,426,rank1_to_not1,0.053681195,0.05545252,-0.0017713234,0.0058208182,0.012313295,-0.006492477,1.0,3.0,1.0,-2.0,True,1,0,False,False,True,True,False,False,False,True,0.014343838,0.026978178,
5,904,65799,1.0,1.0,485,485,rank1_kept,0.041064277,0.039877973,0.0011863038,0.0039136074,0.0051054023,-0.0011917949,0.0,4.0,3.0,-1.0,False,0,0,False,False,False,False,False,False,False,True,0.0021162974,-0.07651577,
5,905,65821,3.0,5.0,460,384,not1_kept,0.045756157,0.053327825,-0.0075716674,-0.0016045272,0.0009874515,-0.0025919788,2.0,2.0,9.0,7.0,False,0,0,False,True,True,True,False,False,True,True,0.009710735,-0.06002815,
5,906,65872,1.0,7.0,630,630,rank1_to_not1,0.03229373,0.03922877,-0.0069350414,-0.005326234,0.0018893033,-0.007215537,6.0,20.0,51.0,31.0,False,1,0,False,False,False,False,False,False,False,False,0.014012389,-0.052812953,
5,907,65920,2.0,1.0,770,504,not1_to_rank1,0.04566479,0.04436761,0.0012971796,0.0013044104,-0.0023871064,0.0036915168,-1.0,1.0,1.0,0.0,False,0,1,False,False,False,False,False,False,True,True,0.009354726,0.03177719,
5,908,65943,14.0,17.0,130,356,not1_kept,0.035326015,0.049626138,-0.014300123,0.0026726015,0.008441463,-0.0057688616,3.0,1.0,1.0,0.0,True,0,0,False,False,False,False,False,False,False,False,0.014122121,-0.09457364,
5,909,66004,16.0,13.0,910,384,not1_kept,0.03672916,0.044412337,-0.0076831765,0.004678216,0.0011974238,0.003480792,-3.0,2.0,1.0,-1.0,False,0,0,False,False,False,False,False,False,False,True,0.0077254404,-0.05357039,
5,910,66214,6.0,6.0,188,188,not1_kept,0.037655387,0.042456064,-0.0048006773,0.0042240694,0.005842317,-0.0016182475,0.0,23.0,13.0,-10.0,False,0,0,False,False,False,False,False,False,False,False,0.0032435518,-0.14718327,
5,911,66216,5.0,6.0,680,680,not1_kept,0.0470728,0.060076747,-0.013003945,0.0027048625,0.0035716668,-0.0008668043,1.0,5.0,2.0,-3.0,True,0,0,False,False,False,False,False,False,True,True,0.001734908,-0.09165581,
5,912,66278,1.0,1.0,809,809,rank1_kept,0.06572683,0.046771195,0.018955637,-0.0026769266,-0.0015180781,-0.0011588484,0.0,1.0,1.0,0.0,False,0,0,False,True,True,True,False,True,True,True,0.0024535297,-0.10981024,
5,913,66330,64.0,13.0,714,865,not1_kept,0.029716002,0.040876273,-0.011160271,0.008392278,0.002962757,0.005429521,-51.0,18.0,6.0,-12.0,False,0,0,False,False,False,False,False,False,False,False,-0.0075142877,-0.12748286,
5,914,66342,1.0,1.0,703,109,rank1_kept,0.05056865,0.0417628,0.008805852,0.0047901385,0.0017543733,0.0030357651,0.0,2.0,2.0,0.0,False,0,0,False,False,False,False,False,False,False,True,0.0007186794,-0.082153454,
5,915,66421,3.0,6.0,445,445,not1_kept,0.047174998,0.052291907,-0.0051169097,-0.0019443892,0.0005055815,-0.0024499707,3.0,1.0,1.0,0.0,True,0,0,False,False,False,False,False,False,False,True,0.0045642024,-0.018624246,
5,916,66464,4.0,9.0,460,934,not1_kept,0.034390967,0.043598026,-0.009207059,-0.0034928098,-0.000813555,-0.0026792549,5.0,7.0,25.0,18.0,False,0,0,False,False,False,False,False,False,False,True,0.017697848,-0.16886644,
5,917,66479,4.0,5.0,876,876,not1_kept,0.04273199,0.045446422,-0.0027144328,0.0035053343,-0.0004958473,0.0040011816,1.0,3.0,3.0,0.0,True,0,0,False,False,False,False,False,False,False,False,-0.008473641,-0.06768775,
5,918,66489,19.0,24.0,216,534,not1_kept,0.020946154,0.028018998,-0.0070728436,-0.00060465746,-0.0045516808,0.0039470233,5.0,94.0,152.0,58.0,False,0,0,False,False,False,False,False,False,False,True,-0.0046280385,-0.12701151,
5,919,66580,1.0,1.0,849,604,rank1_kept,0.04952859,0.04243007,0.007098522,-0.0033657514,0.0019884855,-0.005354237,0.0,1.0,1.0,0.0,False,0,0,False,False,False,False,False,False,False,False,0.013461281,-0.089302085,
5,920,66643,13.0,15.0,142,142,not1_kept,0.044007618,0.056624543,-0.012616925,0.0021455064,0.0021746345,-2.9128045e-05,2.0,1.0,1.0,0.0,True,0,0,False,False,False,True,False,True,True,True,5.9942715e-05,-0.02978929,
5,921,66773,1.0,1.0,468,64,rank1_kept,0.06300283,0.053616557,0.009386275,0.006897293,0.009224936,-0.0023276433,0.0,1.0,1.0,0.0,False,0,0,False,False,True,True,False,False,False,True,0.010374086,-0.035992417,
5,922,66836,1.0,1.0,361,590,rank1_kept,0.056880318,0.05247895,0.004401367,0.00069786236,0.005988866,-0.0052910037,0.0,1.0,1.0,0.0,False,0,0,False,False,False,False,False,False,True,True,0.0119153615,-0.0715138,
5,923,66946,3.0,3.0,630,182,not1_kept,0.04654143,0.04977433,-0.0032329,0.0037446246,0.0035715736,0.00017305091,0.0,1.0,1.0,0.0,False,0,0,False,False,False,False,False,False,False,False,-0.00015271292,-0.07220396,
5,924,66976,36.0,67.0,554,554,not1_kept,0.028823065,0.048266783,-0.019443719,-0.00076818094,0.004614163,-0.005382344,31.0,25.0,21.0,-4.0,True,0,0,False,False,False,False,False,False,False,False,0.00989607,-0.14491484,
5,925,67045,8.0,1.0,457,78,not1_to_rank1,0.040635284,0.038407207,0.0022280775,0.010172587,0.0007902384,0.0093823485,-7.0,17.0,12.0,-5.0,False,0,1,False,False,False,True,False,False,False,True,0.0004213494,-0.0571224,
5,926,67113,4.0,4.0,57,828,not1_kept,0.04188699,0.05087627,-0.008989282,0.00040107965,0.0020498075,-0.0016487278,0.0,2.0,2.0,0.0,False,0,0,False,False,False,True,False,False,False,False,0.0033360538,-0.07164788,
5,927,67168,4.0,6.0,523,523,not1_kept,0.04362493,0.05205467,-0.00842974,-0.0014888197,-0.001044929,-0.0004438907,2.0,5.0,6.0,1.0,False,0,0,False,False,False,False,False,True,True,True,0.00086254755,-0.07235328,
5,928,67204,1.0,1.0,699,442,rank1_kept,0.045373116,0.042239465,0.0031336509,-0.0020789728,0.0006207377,-0.0026997104,0.0,2.0,5.0,3.0,False,0,0,False,False,False,True,False,True,True,True,0.006235381,-0.1081761,
5,929,67237,3.0,4.0,65,520,not1_kept,0.043314062,0.04694275,-0.0036286898,-0.0016891249,-0.00024760142,-0.0014415234,1.0,1.0,1.0,0.0,True,0,0,False,False,True,True,True,True,True,True,0.004398635,-0.04627513,
5,930,67252,8.0,15.0,967,601,not1_kept,0.03261723,0.043848407,-0.011231177,-0.00047824532,0.0057165995,-0.006194845,7.0,1.0,1.0,0.0,True,0,0,False,False,False,False,False,False,False,False,0.01744248,-0.10416788,
5,931,67295,484.0,277.0,21,21,not1_kept,0.012079691,0.050320342,-0.038240653,0.010988792,0.0073651336,0.003623657,-207.0,622.0,477.0,-145.0,False,0,0,False,False,False,False,False,False,False,True,-0.006559141,-0.047446568,
5,932,67363,2.0,2.0,246,246,not1_kept,0.033514176,0.037590776,-0.0040766,0.002184894,0.0017630756,0.00042181835,0.0,3.0,2.0,-1.0,False,0,0,False,False,False,False,False,False,False,True,-0.0008529541,-0.10727298,
5,933,67742,1.0,1.0,801,801,rank1_kept,0.04551498,0.043435317,0.002079662,-0.0015646368,-0.0022441968,0.00067956,0.0,1.0,1.0,0.0,False,0,0,False,False,False,False,True,True,True,True,-0.0013405683,-0.11971386,
5,934,67802,1.0,1.0,731,731,rank1_kept,0.05538687,0.049806036,0.005580835,0.0052847043,0.001892902,0.0033918023,0.0,1.0,1.0,0.0,False,0,0,False,True,True,True,False,False,True,True,-0.0078079593,-0.045605116,
5,935,67829,48.0,27.0,163,891,not1_kept,0.03282053,0.05127076,-0.01845023,0.005621489,0.0065430105,-0.00092152134,-21.0,13.0,13.0,0.0,False,0,0,False,False,False,True,False,False,False,True,0.004729997,-0.028504549,
5,936,68023,2.0,2.0,199,735,not1_kept,0.04787215,0.04932087,-0.0014487207,0.0030327253,0.002462685,0.0005700402,0.0,1.0,1.0,0.0,False,0,0,False,False,False,False,False,False,True,True,0.005296992,-0.052435927,
5,937,68168,7.0,7.0,468,468,not1_kept,0.03837877,0.056852665,-0.018473893,0.0025598593,0.008994553,-0.006434694,0.0,1.0,1.0,0.0,False,0,0,False,False,False,False,False,False,False,True,0.012771833,-0.09796462,
5,938,68278,62.0,50.0,543,322,not1_kept,0.0290944,0.04893667,-0.019842269,-0.00029829517,-0.000748191,0.00044989586,-12.0,7.0,14.0,7.0,False,0,0,False,False,False,False,False,False,False,False,0.0014720968,-0.06649106,
5,939,68311,1.0,1.0,153,772,rank1_kept,0.044303663,0.03957811,0.004725553,0.004336711,0.0012644678,0.0030722432,0.0,1.0,1.0,0.0,False,0,0,False,False,False,False,False,True,True,True,0.0003968412,-0.0450186,
5,940,68339,1.0,1.0,480,480,rank1_kept,0.050863635,0.03995927,0.010904364,0.00054714456,0.00014089793,0.00040624663,0.0,1.0,1.0,0.0,False,0,0,False,False,False,False,False,False,False,False,-0.00076918025,-0.19525497,
5,941,68418,1.0,2.0,445,445,rank1_to_not1,0.05037409,0.053232234,-0.0028581433,0.00015537813,0.006509263,-0.006353885,1.0,1.0,1.0,0.0,True,1,0,False,False,False,False,False,False,False,True,0.013361598,-0.06089866,
5,942,68471,7.0,17.0,680,680,not1_kept,0.035596788,0.047014493,-0.011417706,-0.0026614554,0.0028378442,-0.0054992996,10.0,4.0,6.0,2.0,False,0,0,False,False,False,False,False,False,False,False,0.010870264,-0.0731928,
5,943,68741,1.0,1.0,491,491,rank1_kept,0.057885118,0.047570083,0.010315035,0.0012952685,0.0004660152,0.00082925335,0.0,1.0,1.0,0.0,False,0,0,False,False,True,True,False,False,False,True,-0.0017688355,-0.047235344,
5,944,68814,3.0,3.0,582,582,not1_kept,0.045648467,0.04902603,-0.0033775643,0.0035233274,0.0025183298,0.0010049976,0.0,1.0,1.0,0.0,False,0,0,False,False,True,True,False,False,True,True,-0.0020515854,-0.04692984,
5,945,68842,2.0,1.0,976,976,not1_to_rank1,0.047733124,0.04677464,0.00095848367,0.004611127,0.00052059814,0.004090529,-1.0,3.0,3.0,0.0,False,0,1,False,False,False,True,False,False,True,True,-0.008074559,-0.03508206,
5,946,68858,11.0,9.0,843,843,not1_kept,0.039030924,0.05059877,-0.011567846,0.0043711737,0.0041916147,0.00017955899,-2.0,14.0,7.0,-7.0,False,0,0,False,False,False,True,False,False,False,False,-0.00037627082,-0.110013425,
5,947,68897,3.0,2.0,522,522,not1_kept,0.04773232,0.0492412,-0.0015088804,0.003339827,0.0031431243,0.00019670278,-1.0,4.0,3.0,-1.0,False,0,0,False,True,True,True,False,False,False,True,-0.00037474214,-0.08126626,
5,948,69007,2.0,2.0,714,714,not1_kept,0.042974528,0.044406336,-0.0014318079,0.008394357,0.0057243705,0.0026699863,0.0,2.0,1.0,-1.0,False,0,0,False,False,False,False,False,False,True,True,-0.0052146646,-0.03196236,
5,949,69025,5.0,5.0,222,222,not1_kept,0.042276036,0.046226185,-0.003950149,0.0015285723,0.0010278448,0.00050072744,0.0,4.0,6.0,2.0,False,0,0,False,True,True,True,False,False,False,False,-0.0010695513,-0.14019169,
5,950,69030,78.0,162.0,787,493,not1_kept,0.017382503,0.04432353,-0.026941027,-0.00012009218,0.008348573,-0.008468665,84.0,21.0,19.0,-2.0,True,0,0,False,False,False,False,False,False,False,True,0.019084694,-0.028129648,
5,951,69130,1.0,1.0,141,141,rank1_kept,0.055146836,0.04069068,0.014456157,0.00090542436,0.0060255267,-0.0051201023,0.0,1.0,1.0,0.0,False,0,0,False,False,False,False,False,False,False,True,0.010765943,0.022711474,
5,952,69214,1.0,1.0,39,39,rank1_kept,0.054666966,0.049458884,0.0052080825,-0.00027239695,0.0013065375,-0.0015789345,0.0,1.0,1.0,0.0,False,0,0,False,False,False,False,False,True,True,True,0.0032185435,-0.06970796,
5,953,69240,63.0,64.0,828,78,not1_kept,0.022377826,0.044400882,-0.022023056,0.0019574333,0.0054998435,-0.0035424102,1.0,14.0,18.0,4.0,False,0,0,False,False,False,False,False,False,False,True,0.008587181,-0.08538015,
5,954,69442,1.0,1.0,385,856,rank1_kept,0.060752068,0.05274515,0.008006919,-0.0023527406,-0.0013183542,-0.0010343865,0.0,1.0,1.0,0.0,False,0,0,False,False,False,True,False,False,False,True,0.012802626,-0.03778219,
5,955,69502,1.0,1.0,384,634,rank1_kept,0.06256361,0.039837323,0.02272629,0.004084833,0.0029681958,0.0011166371,0.0,1.0,1.0,0.0,False,0,0,False,False,False,False,False,True,True,True,-0.0011851897,-0.029505827,
5,956,69614,4.0,7.0,163,163,not1_kept,0.046503264,0.055815686,-0.009312421,0.00036617368,0.003799703,-0.0034335293,3.0,1.0,2.0,1.0,False,0,0,False,False,False,False,False,False,False,True,0.007028846,-0.029813863,
5,957,69616,18.0,25.0,625,551,not1_kept,0.03360167,0.04675787,-0.013156198,0.0021475703,0.003981713,-0.001834143,7.0,1.0,1.0,0.0,True,0,0,False,False,True,True,False,False,True,True,0.007974577,-0.014430682,
5,958,69785,4.0,3.0,523,523,not1_kept,0.045960397,0.055600382,-0.009639986,0.0022950917,-5.2653253e-05,0.002347745,-1.0,1.0,1.0,0.0,False,0,0,False,False,False,True,False,False,False,True,-0.004711937,-0.095134094,
5,959,69813,1.0,1.0,714,714,rank1_kept,0.051073782,0.04557886,0.0054949224,0.00018521398,0.004783351,-0.004598137,0.0,1.0,1.0,0.0,False,0,0,False,False,False,False,False,False,False,True,0.009372595,-0.10136655,
5,960,69831,154.0,88.0,524,955,not1_kept,0.01917109,0.051088523,-0.03191743,0.0035667624,-1.0497868e-05,0.0035772622,-66.0,44.0,42.0,-2.0,False,0,0,False,False,False,False,False,False,False,True,-0.00086121156,-0.13949777,
5,961,69839,32.0,24.0,272,272,not1_kept,0.023187384,0.04041167,-0.017224286,0.0030434616,0.004316952,-0.0012734905,-8.0,27.0,23.0,-4.0,False,0,0,False,False,False,False,False,True,True,True,0.0022546353,-0.13142562,
5,962,69854,1.0,1.0,968,968,rank1_kept,0.053539164,0.04365729,0.009881873,0.0020306297,0.003783986,-0.0017533563,0.0,1.0,1.0,0.0,False,0,0,False,False,False,True,False,False,True,True,0.0033508476,-0.09553549,
5,963,69918,2.0,10.0,827,827,not1_kept,0.035493825,0.051116288,-0.015622463,-0.0062748156,0.0077368915,-0.014011707,8.0,5.0,5.0,0.0,True,0,0,False,False,False,True,False,False,False,True,0.029586772,0.005392439,
5,964,70038,3.0,1.0,493,64,not1_to_rank1,0.061891254,0.059635594,0.0022556596,0.009261444,0.005532615,0.0037288293,-2.0,1.0,1.0,0.0,False,0,1,False,False,False,True,True,True,True,True,-0.0074038114,-0.13724516,
5,965,70075,2.0,4.0,79,79,not1_kept,0.046606917,0.05240746,-0.0058005415,-0.0035491511,6.559491e-05,-0.003614746,2.0,1.0,1.0,0.0,True,0,0,False,False,False,False,True,True,True,True,0.0070399554,-0.10389258,
5,966,70095,20.0,31.0,118,118,not1_kept,0.027820334,0.05112577,-0.023305435,-0.0019608065,0.0062506013,-0.008211408,11.0,14.0,27.0,13.0,False,0,0,False,False,False,False,False,False,False,True,0.016725885,0.004354866,
5,967,70193,4.0,4.0,743,743,not1_kept,0.04751832,0.057051707,-0.009533387,-0.0002499856,0.00014870241,-0.00039868802,0.0,2.0,2.0,0.0,False,0,0,False,False,False,True,False,False,False,True,0.00079838035,-0.15687925,
5,968,70232,4.0,6.0,876,680,not1_kept,0.036733437,0.04953148,-0.012798041,-3.7007034e-05,0.0067602023,-0.0067972094,2.0,8.0,14.0,6.0,False,0,0,False,False,False,False,False,False,True,True,0.017798318,-0.1171509,
5,969,70335,1.0,1.0,163,997,rank1_kept,0.038108863,0.032619774,0.0054890886,0.000868313,0.0034317411,-0.0025634281,0.0,2.0,2.0,0.0,False,0,0,False,True,True,True,False,False,False,True,0.006414389,-0.16575666,
5,970,70360,25.0,23.0,19,19,not1_kept,0.033958282,0.060461856,-0.026503574,0.0020390935,-0.00085539743,0.002894491,-2.0,3.0,4.0,1.0,False,0,0,False,False,False,True,True,True,True,True,-0.005225691,-0.16747175,
5,971,70368,5.0,3.0,331,331,not1_kept,0.04254636,0.048312973,-0.0057666115,0.005764831,0.0061636902,-0.00039885938,-2.0,1.0,1.0,0.0,False,0,0,False,True,True,True,False,False,False,False,0.000843358,-0.10512086,
5,972,70427,5.0,3.0,493,493,not1_kept,0.03951642,0.044244003,-0.0047275834,0.007363118,0.008634992,-0.0012718737,-2.0,2.0,1.0,-1.0,False,0,0,False,False,False,False,False,False,False,False,0.002471266,-0.015014289,
5,973,70505,6.0,5.0,276,276,not1_kept,0.03981631,0.0487575,-0.008941192,0.0037116744,0.0003264472,0.0033852272,-1.0,5.0,3.0,-2.0,False,0,0,False,False,False,False,False,False,False,True,-0.006774453,-0.05857991,
5,974,70585,100.0,43.0,430,430,not1_kept,0.030896142,0.04431653,-0.013420388,0.006306287,0.002311442,0.003994845,-57.0,32.0,27.0,-5.0,False,0,0,False,False,False,True,False,False,False,True,-0.00791143,-0.08219533,
5,975,70589,48.0,55.0,403,403,not1_kept,0.032626987,0.049602997,-0.01697601,0.00010397658,-0.0032646805,0.003368657,7.0,10.0,10.0,0.0,True,0,0,False,False,False,False,False,False,False,False,-0.006839527,-0.13044497,
5,976,70671,1.0,1.0,48,48,rank1_kept,0.056889977,0.049909912,0.0069800653,0.0041387826,0.0034174696,0.00072131306,0.0,1.0,1.0,0.0,False,0,0,False,False,True,True,False,False,False,True,-0.0014884765,-0.063407816,
5,977,70758,37.0,32.0,928,928,not1_kept,0.03034936,0.04824347,-0.01789411,0.0019441228,-0.000999894,0.0029440168,-5.0,19.0,17.0,-2.0,False,0,0,False,False,False,True,False,False,True,True,-0.0054395967,-0.071953416,
5,978,70764,1.0,1.0,419,419,rank1_kept,0.053440675,0.044982415,0.00845826,0.0033935234,0.0026564226,0.00073710084,0.0,1.0,1.0,0.0,False,0,0,False,True,True,True,True,True,True,True,-0.0016110528,-0.083820865,
5,979,70947,22.0,17.0,316,100,not1_kept,0.034195986,0.04134157,-0.0071455836,0.008662868,0.003246054,0.0054168142,-5.0,5.0,3.0,-2.0,False,0,0,False,False,False,False,False,False,False,False,-0.007818473,-0.06894379,
5,980,71025,246.0,269.0,523,118,not1_kept,0.02121269,0.04595243,-0.024739742,0.0028925166,0.0054132603,-0.0025207438,23.0,85.0,93.0,8.0,False,0,0,False,False,False,True,False,False,False,False,0.0074089738,-0.021030562,
5,981,71186,1.0,1.0,582,46,rank1_kept,0.04934126,0.045923434,0.0034178272,0.0048431717,0.005524125,-0.00068095326,0.0,1.0,1.0,0.0,False,0,0,False,False,False,False,False,False,False,True,0.005177373,-0.055498116,
5,982,71229,2.0,3.0,175,175,not1_kept,0.052842334,0.055216238,-0.002373904,0.0037282333,0.005194869,-0.0014666356,1.0,1.0,1.0,0.0,True,0,0,False,False,True,True,False,False,True,True,0.003345633,-0.07099421,
5,983,71232,1.0,1.0,979,493,rank1_kept,0.053072244,0.046920277,0.0061519668,0.003454443,0.008916073,-0.0054616295,0.0,1.0,1.0,0.0,False,0,0,False,False,False,True,False,False,False,False,0.014534611,-0.0372941,
5,984,71241,1.0,1.0,814,660,rank1_kept,0.042855754,0.038246103,0.004609652,0.0006484464,0.0042461045,-0.0035976581,0.0,1.0,1.0,0.0,False,0,0,False,False,False,True,False,False,False,False,0.009541424,-0.085983016,
5,985,71410,1.0,1.0,37,250,rank1_kept,0.05386511,0.044286195,0.009578913,0.0015544817,0.0029671825,-0.0014127009,0.0,1.0,1.0,0.0,False,0,0,False,False,False,False,False,False,False,True,0.007028315,-0.108863726,
5,986,71450,1.0,1.0,21,21,rank1_kept,0.06084651,0.058506094,0.0023404174,0.007086877,0.006482359,0.00060451776,0.0,1.0,1.0,0.0,False,0,0,False,False,True,True,False,True,True,True,-0.0012990234,-0.0584422,
5,987,71753,2.0,2.0,512,246,not1_kept,0.04426093,0.044404075,-0.00014314428,0.00060810894,-0.0011680052,0.0017761141,0.0,3.0,4.0,1.0,False,0,0,False,False,True,True,True,True,True,True,0.0009196052,-0.0704684,
5,988,71894,4.0,2.0,499,499,not1_kept,0.049254354,0.05387327,-0.0046189167,-0.000110503286,-0.0030469,0.0029363967,-2.0,1.0,1.0,0.0,False,0,0,False,False,True,True,False,False,False,False,-0.006010598,-0.13260472,
5,989,71928,2.0,7.0,384,384,not1_kept,0.04192043,0.044301454,-0.002381023,-0.0014490373,-5.351752e-05,-0.0013955198,5.0,1.0,1.0,0.0,True,0,0,False,False,False,True,False,False,False,True,0.002932374,-0.089239515,
5,990,72015,1.0,1.0,951,322,rank1_kept,0.050444804,0.04586306,0.0045817457,0.0035689138,0.0050011687,-0.0014322549,0.0,2.0,3.0,1.0,False,0,0,False,False,False,False,False,False,False,False,0.008017982,-0.029501114,
5,991,72080,1.0,1.0,523,523,rank1_kept,0.049041685,0.04208149,0.0069601946,0.0016699694,0.0019894578,-0.00031948835,0.0,3.0,3.0,0.0,False,0,0,False,False,False,False,False,False,False,True,0.0005589349,0.005588199,
5,992,72170,8.0,13.0,499,499,not1_kept,0.035247274,0.04685617,-0.011608895,-0.00043376908,-0.00073356926,0.0002998002,5.0,7.0,10.0,3.0,False,0,0,False,False,False,False,False,False,False,False,-0.0006387695,-0.07744687,
5,993,72209,1.0,1.0,276,223,rank1_kept,0.047228076,0.043850124,0.0033779517,0.00044740364,0.0006533377,-0.00020593405,0.0,2.0,2.0,0.0,False,0,0,False,True,True,True,False,False,True,True,0.005672168,-0.10827884,
5,994,72257,9.0,22.0,403,403,not1_kept,0.037613597,0.053774994,-0.016161397,-0.0027023628,-0.0008405745,-0.0018617883,13.0,6.0,12.0,6.0,False,0,0,False,False,False,False,False,False,False,False,0.0041369847,-0.12217451,
5,995,72312,23.0,18.0,501,501,not1_kept,0.036642835,0.049591176,-0.012948342,0.006908145,0.0023162737,0.004591871,-5.0,2.0,3.0,1.0,False,0,0,False,False,True,True,False,False,True,True,-0.009707101,-0.07796528,
5,996,72510,1.0,2.0,999,828,rank1_to_not1,0.038007095,0.04161477,-0.0036076754,0.00026232004,0.0048491433,-0.0045868233,1.0,7.0,9.0,2.0,False,1,0,False,False,False,True,False,False,False,False,0.012860691,-0.046337333,
5,997,72605,1.0,1.0,793,793,rank1_kept,0.06128052,0.05317102,0.008109499,-5.0783157e-05,0.00092610717,-0.0009768903,0.0,1.0,1.0,0.0,False,0,0,False,False,False,False,False,False,False,True,0.0019922648,-0.18399358,
5,998,72719,2.0,4.0,728,728,not1_kept,0.03479945,0.049705587,-0.014906138,-0.00013038516,0.008697506,-0.008827891,2.0,8.0,12.0,4.0,False,0,0,False,False,False,False,False,False,False,True,0.019091025,-0.08983043,
5,999,72948,1.0,1.0,828,828,rank1_kept,0.05137614,0.05068498,0.00069116056,0.00015384331,0.0068825334,-0.00672869,0.0,1.0,1.0,0.0,False,0,0,False,False,False,False,False,False,False,True,0.011155928,-0.11879063,
